  0
SECTION
  2
HEADER
  9
$ACADVER
  1
AC1024
  9
$ACADMAINTVER
 70
6
  9
$DWGCODEPAGE
  3
ANSI_1252
  9
$LASTSAVEDBY
  1
ezdxf
  9
$INSBASE
 10
0.0
 20
0.0
 30
0.0
  9
$EXTMIN
 10
1e+20
 20
1e+20
 30
1e+20
  9
$EXTMAX
 10
-1e+20
 20
-1e+20
 30
-1e+20
  9
$LIMMIN
 10
0.0
 20
0.0
  9
$LIMMAX
 10
420.0
 20
297.0
  9
$ORTHOMODE
 70
0
  9
$REGENMODE
 70
1
  9
$FILLMODE
 70
1
  9
$QTEXTMODE
 70
0
  9
$MIRRTEXT
 70
1
  9
$LTSCALE
 40
1.0
  9
$ATTMODE
 70
1
  9
$TEXTSIZE
 40
2.5
  9
$TRACEWID
 40
1.0
  9
$TEXTSTYLE
  7
OpenSans
  9
$CLAYER
  8
0
  9
$CELTYPE
  6
ByLayer
  9
$CECOLOR
 62
256
  9
$CELTSCALE
 40
1.0
  9
$DISPSILH
 70
0
  9
$DIMSCALE
 40
1.0
  9
$DIMASZ
 40
0.175
  9
$DIMEXO
 40
0.125
  9
$DIMDLI
 40
3.75
  9
$DIMRND
 40
0.0
  9
$DIMDLE
 40
0.0
  9
$DIMEXE
 40
0.375
  9
$DIMTP
 40
0.0
  9
$DIMTM
 40
0.0
  9
$DIMTXT
 40
0.25
  9
$DIMCEN
 40
2.5
  9
$DIMTSZ
 40
0.0
  9
$DIMTOL
 70
0
  9
$DIMLIM
 70
0
  9
$DIMTIH
 70
0
  9
$DIMTOH
 70
0
  9
$DIMSE1
 70
0
  9
$DIMSE2
 70
0
  9
$DIMTAD
 70
1
  9
$DIMZIN
 70
12
  9
$DIMBLK
  1
ARCHTICK
  9
$DIMASO
 70
1
  9
$DIMSHO
 70
1
  9
$DIMPOST
  1

  9
$DIMAPOST
  1

  9
$DIMALT
 70
0
  9
$DIMALTD
 70
3
  9
$DIMALTF
 40
0.03937007874
  9
$DIMLFAC
 40
100.0
  9
$DIMTOFL
 70
1
  9
$DIMTVP
 40
0.0
  9
$DIMTIX
 70
0
  9
$DIMSOXD
 70
0
  9
$DIMSAH
 70
0
  9
$DIMBLK1
  1

  9
$DIMBLK2
  1

  9
$DIMSTYLE
  2
EZDXF
  9
$DIMCLRD
 70
0
  9
$DIMCLRE
 70
0
  9
$DIMCLRT
 70
0
  9
$DIMTFAC
 40
0.5
  9
$DIMGAP
 40
0.1
  9
$DIMJUST
 70
0
  9
$DIMSD1
 70
0
  9
$DIMSD2
 70
0
  9
$DIMTOLJ
 70
0
  9
$DIMTZIN
 70
8
  9
$DIMALTZ
 70
0
  9
$DIMALTTZ
 70
0
  9
$DIMUPT
 70
1
  9
$DIMDEC
 70
2
  9
$DIMTDEC
 70
2
  9
$DIMALTU
 70
2
  9
$DIMALTTD
 70
3
  9
$DIMTXSTY
  7
OpenSansCondensed-Light
  9
$DIMAUNIT
 70
0
  9
$DIMADEC
 70
2
  9
$DIMALTRND
 40
0.0
  9
$DIMAZIN
 70
3
  9
$DIMDSEP
 70
46
  9
$DIMATFIT
 70
3
  9
$DIMFRAC
 70
0
  9
$DIMLDRBLK
  1

  9
$DIMLUNIT
 70
2
  9
$DIMLWD
 70
-2
  9
$DIMLWE
 70
-2
  9
$DIMTMOVE
 70
2
  9
$DIMFXL
 40
1.0
  9
$DIMFXLON
 70
0
  9
$DIMJOGANG
 40
0.785398163397
  9
$DIMTFILL
 70
0
  9
$DIMTFILLCLR
 70
0
  9
$DIMARCSYM
 70
0
  9
$DIMLTYPE
  6

  9
$DIMLTEX1
  6

  9
$DIMLTEX2
  6

  9
$DIMTXTDIRECTION
 70
0
  9
$LUNITS
 70
2
  9
$LUPREC
 70
4
  9
$SKETCHINC
 40
1.0
  9
$FILLETRAD
 40
10.0
  9
$AUNITS
 70
0
  9
$AUPREC
 70
2
  9
$MENU
  1
.
  9
$ELEVATION
 40
0.0
  9
$PELEVATION
 40
0.0
  9
$THICKNESS
 40
0.0
  9
$LIMCHECK
 70
0
  9
$CHAMFERA
 40
0.0
  9
$CHAMFERB
 40
0.0
  9
$CHAMFERC
 40
0.0
  9
$CHAMFERD
 40
0.0
  9
$SKPOLY
 70
0
  9
$TDCREATE
 40
2461303.6867939816
  9
$TDUCREATE
 40
2458532.153996898
  9
$TDUPDATE
 40
2461303.6867939816
  9
$TDUUPDATE
 40
2458532.1544311
  9
$TDINDWG
 40
0.0
  9
$TDUSRTIMER
 40
0.0
  9
$USRTIMER
 70
1
  9
$ANGBASE
 50
0.0
  9
$ANGDIR
 70
0
  9
$PDMODE
 70
0
  9
$PDSIZE
 40
0.0
  9
$PLINEWID
 40
0.0
  9
$SPLFRAME
 70
0
  9
$SPLINETYPE
 70
6
  9
$SPLINESEGS
 70
8
  9
$HANDSEED
  5
5A0
  9
$SURFTAB1
 70
6
  9
$SURFTAB2
 70
6
  9
$SURFTYPE
 70
6
  9
$SURFU
 70
6
  9
$SURFV
 70
6
  9
$UCSBASE
  2

  9
$UCSNAME
  2

  9
$UCSORG
 10
0.0
 20
0.0
 30
0.0
  9
$UCSXDIR
 10
1.0
 20
0.0
 30
0.0
  9
$UCSYDIR
 10
0.0
 20
1.0
 30
0.0
  9
$UCSORTHOREF
  2

  9
$UCSORTHOVIEW
 70
0
  9
$UCSORGTOP
 10
0.0
 20
0.0
 30
0.0
  9
$UCSORGBOTTOM
 10
0.0
 20
0.0
 30
0.0
  9
$UCSORGLEFT
 10
0.0
 20
0.0
 30
0.0
  9
$UCSORGRIGHT
 10
0.0
 20
0.0
 30
0.0
  9
$UCSORGFRONT
 10
0.0
 20
0.0
 30
0.0
  9
$UCSORGBACK
 10
0.0
 20
0.0
 30
0.0
  9
$PUCSBASE
  2

  9
$PUCSNAME
  2

  9
$PUCSORG
 10
0.0
 20
0.0
 30
0.0
  9
$PUCSXDIR
 10
1.0
 20
0.0
 30
0.0
  9
$PUCSYDIR
 10
0.0
 20
1.0
 30
0.0
  9
$PUCSORTHOREF
  2

  9
$PUCSORTHOVIEW
 70
0
  9
$PUCSORGTOP
 10
0.0
 20
0.0
 30
0.0
  9
$PUCSORGBOTTOM
 10
0.0
 20
0.0
 30
0.0
  9
$PUCSORGLEFT
 10
0.0
 20
0.0
 30
0.0
  9
$PUCSORGRIGHT
 10
0.0
 20
0.0
 30
0.0
  9
$PUCSORGFRONT
 10
0.0
 20
0.0
 30
0.0
  9
$PUCSORGBACK
 10
0.0
 20
0.0
 30
0.0
  9
$USERI1
 70
0
  9
$USERI2
 70
0
  9
$USERI3
 70
0
  9
$USERI4
 70
0
  9
$USERI5
 70
0
  9
$USERR1
 40
0.0
  9
$USERR2
 40
0.0
  9
$USERR3
 40
0.0
  9
$USERR4
 40
0.0
  9
$USERR5
 40
0.0
  9
$WORLDVIEW
 70
1
  9
$SHADEDGE
 70
3
  9
$SHADEDIF
 70
70
  9
$TILEMODE
 70
1
  9
$MAXACTVP
 70
64
  9
$PINSBASE
 10
0.0
 20
0.0
 30
0.0
  9
$PLIMCHECK
 70
0
  9
$PEXTMIN
 10
1e+20
 20
1e+20
 30
1e+20
  9
$PEXTMAX
 10
-1e+20
 20
-1e+20
 30
-1e+20
  9
$PLIMMIN
 10
0.0
 20
0.0
  9
$PLIMMAX
 10
420.0
 20
297.0
  9
$UNITMODE
 70
0
  9
$VISRETAIN
 70
1
  9
$PLINEGEN
 70
0
  9
$PSLTSCALE
 70
1
  9
$TREEDEPTH
 70
3020
  9
$CMLSTYLE
  2
Standard
  9
$CMLJUST
 70
0
  9
$CMLSCALE
 40
20.0
  9
$PROXYGRAPHICS
 70
1
  9
$MEASUREMENT
 70
1
  9
$CELWEIGHT
370
-1
  9
$ENDCAPS
280
0
  9
$JOINSTYLE
280
0
  9
$LWDISPLAY
290
0
  9
$INSUNITS
 70
1
  9
$HYPERLINKBASE
  1

  9
$STYLESHEET
  1

  9
$XEDIT
290
1
  9
$CEPSNTYPE
380
0
  9
$PSTYLEMODE
290
1
  9
$FINGERPRINTGUID
  2
{A58C30E3-8EB3-4C7B-BA93-C2F4885BE400}
  9
$VERSIONGUID
  2
{F0C94E8D-2C71-4E96-BA0C-6B978E904FFD}
  9
$EXTNAMES
290
1
  9
$PSVPSCALE
 40
0.0
  9
$OLESTARTUP
290
0
  9
$SORTENTS
280
127
  9
$INDEXCTL
280
0
  9
$HIDETEXT
280
1
  9
$XCLIPFRAME
280
1
  9
$HALOGAP
280
0
  9
$OBSCOLOR
 70
257
  9
$OBSLTYPE
280
0
  9
$INTERSECTIONDISPLAY
280
0
  9
$INTERSECTIONCOLOR
 70
257
  9
$DIMASSOC
280
2
  9
$PROJECTNAME
  1

  9
$CAMERADISPLAY
290
0
  9
$LENSLENGTH
 40
50.0
  9
$CAMERAHEIGHT
 40
0.0
  9
$STEPSPERSEC
 40
24.0
  9
$STEPSIZE
 40
100.0
  9
$3DDWFPREC
 40
2.0
  9
$PSOLWIDTH
 40
0.005
  9
$PSOLHEIGHT
 40
0.08
  9
$LOFTANG1
 40
1.570796326795
  9
$LOFTANG2
 40
1.570796326795
  9
$LOFTMAG1
 40
0.0
  9
$LOFTMAG2
 40
0.0
  9
$LOFTPARAM
 70
7
  9
$LOFTNORMALS
280
1
  9
$LATITUDE
 40
37.795
  9
$LONGITUDE
 40
-122.394
  9
$NORTHDIRECTION
 40
0.0
  9
$TIMEZONE
 70
-8000
  9
$LIGHTGLYPHDISPLAY
280
1
  9
$TILEMODELIGHTSYNCH
280
1
  9
$CMATERIAL
347
20
  9
$SOLIDHIST
280
0
  9
$SHOWHIST
280
1
  9
$DWFFRAME
280
2
  9
$DGNFRAME
280
2
  9
$REALWORLDSCALE
290
1
  9
$INTERFERECOLOR
 62
256
  9
$CSHADOW
280
0
  9
$SHADOWPLANELOCATION
 40
0.0
  0
ENDSEC
  0
SECTION
  2
CLASSES
  0
CLASS
  1
ACDBDICTIONARYWDFLT
  2
AcDbDictionaryWithDefault
  3
ObjectDBX Classes
 90
0
 91
0
280
0
281
0
  0
CLASS
  1
SUN
  2
AcDbSun
  3
SCENEOE
 90
1153
 91
0
280
0
281
0
  0
CLASS
  1
VISUALSTYLE
  2
AcDbVisualStyle
  3
ObjectDBX Classes
 90
4095
 91
0
280
0
281
0
  0
CLASS
  1
MATERIAL
  2
AcDbMaterial
  3
ObjectDBX Classes
 90
1153
 91
0
280
0
281
0
  0
CLASS
  1
SCALE
  2
AcDbScale
  3
ObjectDBX Classes
 90
1153
 91
0
280
0
281
0
  0
CLASS
  1
TABLESTYLE
  2
AcDbTableStyle
  3
ObjectDBX Classes
 90
4095
 91
0
280
0
281
0
  0
CLASS
  1
MLEADERSTYLE
  2
AcDbMLeaderStyle
  3
ACDB_MLEADERSTYLE_CLASS
 90
4095
 91
0
280
0
281
0
  0
CLASS
  1
DICTIONARYVAR
  2
AcDbDictionaryVar
  3
ObjectDBX Classes
 90
0
 91
0
280
0
281
0
  0
CLASS
  1
CELLSTYLEMAP
  2
AcDbCellStyleMap
  3
ObjectDBX Classes
 90
1152
 91
0
280
0
281
0
  0
CLASS
  1
MENTALRAYRENDERSETTINGS
  2
AcDbMentalRayRenderSettings
  3
SCENEOE
 90
1024
 91
0
280
0
281
0
  0
CLASS
  1
ACDBDETAILVIEWSTYLE
  2
AcDbDetailViewStyle
  3
ObjectDBX Classes
 90
1025
 91
0
280
0
281
0
  0
CLASS
  1
ACDBSECTIONVIEWSTYLE
  2
AcDbSectionViewStyle
  3
ObjectDBX Classes
 90
1025
 91
0
280
0
281
0
  0
CLASS
  1
RASTERVARIABLES
  2
AcDbRasterVariables
  3
ISM
 90
0
 91
0
280
0
281
0
  0
CLASS
  1
ACDBPLACEHOLDER
  2
AcDbPlaceHolder
  3
ObjectDBX Classes
 90
0
 91
0
280
0
281
0
  0
CLASS
  1
LAYOUT
  2
AcDbLayout
  3
ObjectDBX Classes
 90
0
 91
0
280
0
281
0
  0
ENDSEC
  0
SECTION
  2
TABLES
  0
TABLE
  2
VPORT
  5
8
330
0
100
AcDbSymbolTable
 70
1
  0
VPORT
  5
23
330
8
100
AcDbSymbolTableRecord
100
AcDbViewportTableRecord
  2
*Active
 70
0
 10
0.0
 20
0.0
 11
1.0
 21
1.0
 12
0.0
 22
0.0
 13
0.0
 23
0.0
 14
0.5
 24
0.5
 15
0.5
 25
0.5
 16
0.0
 26
0.0
 36
1.0
 17
0.0
 27
0.0
 37
0.0
 40
1000.0
 41
1.34
 42
50.0
 43
0.0
 44
0.0
 50
0.0
 51
0.0
 71
0
 72
1000
 73
1
 74
3
 75
0
 76
0
 77
0
 78
0
281
0
 65
0
146
0.0
  0
ENDTAB
  0
TABLE
  2
LTYPE
  5
2
330
0
100
AcDbSymbolTable
 70
21
  0
LTYPE
  5
24
330
2
100
AcDbSymbolTableRecord
100
AcDbLinetypeTableRecord
  2
ByBlock
 70
0
  3

 72
65
 73
0
 40
0.0
  0
LTYPE
  5
25
330
2
100
AcDbSymbolTableRecord
100
AcDbLinetypeTableRecord
  2
ByLayer
 70
0
  3

 72
65
 73
0
 40
0.0
  0
LTYPE
  5
26
330
2
100
AcDbSymbolTableRecord
100
AcDbLinetypeTableRecord
  2
Continuous
 70
0
  3

 72
65
 73
0
 40
0.0
  0
LTYPE
  5
2F
330
2
100
AcDbSymbolTableRecord
100
AcDbLinetypeTableRecord
  2
CENTER
 70
0
  3
Center ____ _ ____ _ ____ _ ____ _ ____ _ ____
 72
65
 73
4
 40
5.08
 49
3.175
 74
0
 49
-0.635
 74
0
 49
0.635
 74
0
 49
-0.635
 74
0
  0
LTYPE
  5
30
330
2
100
AcDbSymbolTableRecord
100
AcDbLinetypeTableRecord
  2
CENTERX2
 70
0
  3
Center (2x) ________  __  ________  __  ________
 72
65
 73
4
 40
8.89
 49
6.35
 74
0
 49
-0.635
 74
0
 49
1.27
 74
0
 49
-0.635
 74
0
  0
LTYPE
  5
31
330
2
100
AcDbSymbolTableRecord
100
AcDbLinetypeTableRecord
  2
CENTER2
 70
0
  3
Center (.5x) ____ _ ____ _ ____ _ ____ _ ____
 72
65
 73
4
 40
2.54
 49
1.587
 74
0
 49
-0.318
 74
0
 49
0.318
 74
0
 49
-0.318
 74
0
  0
LTYPE
  5
32
330
2
100
AcDbSymbolTableRecord
100
AcDbLinetypeTableRecord
  2
DASHED
 70
0
  3
Dashed __ __ __ __ __ __ __ __ __ __ __ __ __ _
 72
65
 73
2
 40
1.524
 49
1.27
 74
0
 49
-0.254
 74
0
  0
LTYPE
  5
33
330
2
100
AcDbSymbolTableRecord
100
AcDbLinetypeTableRecord
  2
DASHEDX2
 70
0
  3
Dashed (2x) ____  ____  ____  ____  ____  ____
 72
65
 73
2
 40
3.048
 49
2.54
 74
0
 49
-0.508
 74
0
  0
LTYPE
  5
34
330
2
100
AcDbSymbolTableRecord
100
AcDbLinetypeTableRecord
  2
DASHED2
 70
0
  3
Dashed (.5x) _ _ _ _ _ _ _ _ _ _ _ _ _ _
 72
65
 73
2
 40
0.762
 49
0.635
 74
0
 49
-0.127
 74
0
  0
LTYPE
  5
35
330
2
100
AcDbSymbolTableRecord
100
AcDbLinetypeTableRecord
  2
PHANTOM
 70
0
  3
Phantom ______  __  __  ______  __  __  ______
 72
65
 73
6
 40
6.35
 49
3.175
 74
0
 49
-0.635
 74
0
 49
0.635
 74
0
 49
-0.635
 74
0
 49
0.635
 74
0
 49
-0.635
 74
0
  0
LTYPE
  5
36
330
2
100
AcDbSymbolTableRecord
100
AcDbLinetypeTableRecord
  2
PHANTOMX2
 70
0
  3
Phantom (2x)____________    ____    ____    ____________
 72
65
 73
6
 40
10.795
 49
6.35
 74
0
 49
-0.635
 74
0
 49
1.27
 74
0
 49
-0.635
 74
0
 49
1.27
 74
0
 49
-0.635
 74
0
  0
LTYPE
  5
37
330
2
100
AcDbSymbolTableRecord
100
AcDbLinetypeTableRecord
  2
PHANTOM2
 70
0
  3
Phantom (.5x) ___ _ _ ___ _ _ ___ _ _ ___ _ _ ___
 72
65
 73
6
 40
3.175
 49
1.587
 74
0
 49
-0.318
 74
0
 49
0.318
 74
0
 49
-0.318
 74
0
 49
0.318
 74
0
 49
-0.318
 74
0
  0
LTYPE
  5
38
330
2
100
AcDbSymbolTableRecord
100
AcDbLinetypeTableRecord
  2
DASHDOT
 70
0
  3
Dash dot __ . __ . __ . __ . __ . __ . __ . __
 72
65
 73
4
 40
3.556
 49
2.54
 74
0
 49
-0.508
 74
0
 49
0.0
 74
0
 49
-0.508
 74
0
  0
LTYPE
  5
39
330
2
100
AcDbSymbolTableRecord
100
AcDbLinetypeTableRecord
  2
DASHDOTX2
 70
0
  3
Dash dot (2x) ____  .  ____  .  ____  .  ____
 72
65
 73
4
 40
6.096
 49
5.08
 74
0
 49
-0.508
 74
0
 49
0.0
 74
0
 49
-0.508
 74
0
  0
LTYPE
  5
3A
330
2
100
AcDbSymbolTableRecord
100
AcDbLinetypeTableRecord
  2
DASHDOT2
 70
0
  3
Dash dot (.5x) _ . _ . _ . _ . _ . _ . _ . _
 72
65
 73
4
 40
1.778
 49
1.27
 74
0
 49
-0.254
 74
0
 49
0.0
 74
0
 49
-0.254
 74
0
  0
LTYPE
  5
3B
330
2
100
AcDbSymbolTableRecord
100
AcDbLinetypeTableRecord
  2
DOT
 70
0
  3
Dot .  .  .  .  .  .  .  .  .  .  .  .  .  .  .  .
 72
65
 73
2
 40
0.508
 49
0.0
 74
0
 49
-0.508
 74
0
  0
LTYPE
  5
3C
330
2
100
AcDbSymbolTableRecord
100
AcDbLinetypeTableRecord
  2
DOTX2
 70
0
  3
Dot (2x) .    .    .    .    .    .    .    . 
 72
65
 73
2
 40
1.016
 49
0.0
 74
0
 49
-1.016
 74
0
  0
LTYPE
  5
3D
330
2
100
AcDbSymbolTableRecord
100
AcDbLinetypeTableRecord
  2
DOT2
 70
0
  3
Dot (.5) . . . . . . . . . . . . . . . . . . . 
 72
65
 73
2
 40
0.254
 49
0.0
 74
0
 49
-0.254
 74
0
  0
LTYPE
  5
3E
330
2
100
AcDbSymbolTableRecord
100
AcDbLinetypeTableRecord
  2
DIVIDE
 70
0
  3
Divide __ . . __ . . __ . . __ . . __ . . __
 72
65
 73
6
 40
4.064
 49
2.54
 74
0
 49
-0.508
 74
0
 49
0.0
 74
0
 49
-0.508
 74
0
 49
0.0
 74
0
 49
-0.508
 74
0
  0
LTYPE
  5
3F
330
2
100
AcDbSymbolTableRecord
100
AcDbLinetypeTableRecord
  2
DIVIDEX2
 70
0
  3
Divide (2x) ____  . .  ____  . .  ____  . .  ____
 72
65
 73
6
 40
6.604
 49
5.08
 74
0
 49
-0.508
 74
0
 49
0.0
 74
0
 49
-0.508
 74
0
 49
0.0
 74
0
 49
-0.508
 74
0
  0
LTYPE
  5
40
330
2
100
AcDbSymbolTableRecord
100
AcDbLinetypeTableRecord
  2
DIVIDE2
 70
0
  3
Divide(.5x) _ . _ . _ . _ . _ . _ . _ . _
 72
65
 73
6
 40
2.032
 49
1.27
 74
0
 49
-0.254
 74
0
 49
0.0
 74
0
 49
-0.254
 74
0
 49
0.0
 74
0
 49
-0.254
 74
0
  0
ENDTAB
  0
TABLE
  2
LAYER
  5
1
330
0
100
AcDbSymbolTable
 70
4
  0
LAYER
  5
27
330
1
100
AcDbSymbolTableRecord
100
AcDbLayerTableRecord
  2
0
 70
0
 62
7
  6
Continuous
370
-3
390
13
347
21
  0
LAYER
  5
28
330
1
100
AcDbSymbolTableRecord
100
AcDbLayerTableRecord
  2
Defpoints
 70
0
 62
7
  6
Continuous
290
0
370
-3
390
13
347
21
  0
LAYER
  5
8A
330
1
100
AcDbSymbolTableRecord
100
AcDbLayerTableRecord
  2
PROFILE
 70
0
 62
1
  6
Continuous
370
-3
390
13
347
21
  0
LAYER
  5
8B
330
1
100
AcDbSymbolTableRecord
100
AcDbLayerTableRecord
  2
SLOTS
 70
0
 62
3
  6
Continuous
370
-3
390
13
347
21
  0
ENDTAB
  0
TABLE
  2
STYLE
  5
5
330
0
100
AcDbSymbolTable
 70
26
  0
STYLE
  5
29
330
5
100
AcDbSymbolTableRecord
100
AcDbTextStyleTableRecord
  2
Standard
 70
0
 40
0.0
 41
1.0
 50
0.0
 71
0
 42
2.5
  3
txt
  4

  0
STYLE
  5
41
330
5
100
AcDbSymbolTableRecord
100
AcDbTextStyleTableRecord
  2
OpenSans-Light
 70
0
 40
0.0
 41
1.0
 50
0.0
 71
0
 42
2.5
  3
OpenSans-Light.ttf
  4

  0
STYLE
  5
42
330
5
100
AcDbSymbolTableRecord
100
AcDbTextStyleTableRecord
  2
OpenSans-Light-Italic
 70
0
 40
0.0
 41
1.0
 50
0.0
 71
0
 42
2.5
  3
OpenSans-LightItalic.ttf
  4

  0
STYLE
  5
43
330
5
100
AcDbSymbolTableRecord
100
AcDbTextStyleTableRecord
  2
OpenSans
 70
0
 40
0.0
 41
1.0
 50
0.0
 71
0
 42
2.5
  3
OpenSans-Regular.ttf
  4

  0
STYLE
  5
44
330
5
100
AcDbSymbolTableRecord
100
AcDbTextStyleTableRecord
  2
OpenSans-Italic
 70
0
 40
0.0
 41
1.0
 50
0.0
 71
0
 42
2.5
  3
OpenSans-Italic.ttf
  4

  0
STYLE
  5
45
330
5
100
AcDbSymbolTableRecord
100
AcDbTextStyleTableRecord
  2
OpenSans-SemiBold
 70
0
 40
0.0
 41
1.0
 50
0.0
 71
0
 42
2.5
  3
OpenSans-SemiBold.ttf
  4

  0
STYLE
  5
46
330
5
100
AcDbSymbolTableRecord
100
AcDbTextStyleTableRecord
  2
OpenSans-SemiBoldItalic
 70
0
 40
0.0
 41
1.0
 50
0.0
 71
0
 42
2.5
  3
OpenSans-SemiBoldItalic.ttf
  4

  0
STYLE
  5
47
330
5
100
AcDbSymbolTableRecord
100
AcDbTextStyleTableRecord
  2
OpenSans-Bold
 70
0
 40
0.0
 41
1.0
 50
0.0
 71
0
 42
2.5
  3
OpenSans-Bold.ttf
  4

  0
STYLE
  5
48
330
5
100
AcDbSymbolTableRecord
100
AcDbTextStyleTableRecord
  2
OpenSans-BoldItalic
 70
0
 40
0.0
 41
1.0
 50
0.0
 71
0
 42
2.5
  3
OpenSans-BoldItalic.ttf
  4

  0
STYLE
  5
49
330
5
100
AcDbSymbolTableRecord
100
AcDbTextStyleTableRecord
  2
OpenSans-ExtraBold
 70
0
 40
0.0
 41
1.0
 50
0.0
 71
0
 42
2.5
  3
OpenSans-ExtraBold.ttf
  4

  0
STYLE
  5
4A
330
5
100
AcDbSymbolTableRecord
100
AcDbTextStyleTableRecord
  2
OpenSans-ExtraBoldItalic
 70
0
 40
0.0
 41
1.0
 50
0.0
 71
0
 42
2.5
  3
OpenSans-ExtraBoldItalic.ttf
  4

  0
STYLE
  5
4B
330
5
100
AcDbSymbolTableRecord
100
AcDbTextStyleTableRecord
  2
OpenSansCondensed-Bold
 70
0
 40
0.0
 41
1.0
 50
0.0
 71
0
 42
2.5
  3
OpenSansCondensed-Bold.ttf
  4

  0
STYLE
  5
4C
330
5
100
AcDbSymbolTableRecord
100
AcDbTextStyleTableRecord
  2
OpenSansCondensed-Light
 70
0
 40
0.0
 41
1.0
 50
0.0
 71
0
 42
2.5
  3
OpenSansCondensed-Light.ttf
  4

  0
STYLE
  5
4D
330
5
100
AcDbSymbolTableRecord
100
AcDbTextStyleTableRecord
  2
OpenSansCondensed-Italic
 70
0
 40
0.0
 41
1.0
 50
0.0
 71
0
 42
2.5
  3
OpenSansCondensed-LightItalic.ttf
  4

  0
STYLE
  5
4E
330
5
100
AcDbSymbolTableRecord
100
AcDbTextStyleTableRecord
  2
LiberationSans
 70
0
 40
0.0
 41
1.0
 50
0.0
 71
0
 42
2.5
  3
LiberationSans-Regular.ttf
  4

  0
STYLE
  5
4F
330
5
100
AcDbSymbolTableRecord
100
AcDbTextStyleTableRecord
  2
LiberationSans-Bold
 70
0
 40
0.0
 41
1.0
 50
0.0
 71
0
 42
2.5
  3
LiberationSans-Bold.ttf
  4

  0
STYLE
  5
50
330
5
100
AcDbSymbolTableRecord
100
AcDbTextStyleTableRecord
  2
LiberationSans-BoldItalic
 70
0
 40
0.0
 41
1.0
 50
0.0
 71
0
 42
2.5
  3
LiberationSans-BoldItalic.ttf
  4

  0
STYLE
  5
51
330
5
100
AcDbSymbolTableRecord
100
AcDbTextStyleTableRecord
  2
LiberationSans-Italic
 70
0
 40
0.0
 41
1.0
 50
0.0
 71
0
 42
2.5
  3
LiberationSans-Italic.ttf
  4

  0
STYLE
  5
52
330
5
100
AcDbSymbolTableRecord
100
AcDbTextStyleTableRecord
  2
LiberationSerif
 70
0
 40
0.0
 41
1.0
 50
0.0
 71
0
 42
2.5
  3
LiberationSerif-Regular.ttf
  4

  0
STYLE
  5
53
330
5
100
AcDbSymbolTableRecord
100
AcDbTextStyleTableRecord
  2
LiberationSerif-Bold
 70
0
 40
0.0
 41
1.0
 50
0.0
 71
0
 42
2.5
  3
LiberationSerif-Bold.ttf
  4

  0
STYLE
  5
54
330
5
100
AcDbSymbolTableRecord
100
AcDbTextStyleTableRecord
  2
LiberationSerif-BoldItalic
 70
0
 40
0.0
 41
1.0
 50
0.0
 71
0
 42
2.5
  3
LiberationSerif-BoldItalic.ttf
  4

  0
STYLE
  5
55
330
5
100
AcDbSymbolTableRecord
100
AcDbTextStyleTableRecord
  2
LiberationSerif-Italic
 70
0
 40
0.0
 41
1.0
 50
0.0
 71
0
 42
2.5
  3
LiberationSerif-Italic.ttf
  4

  0
STYLE
  5
56
330
5
100
AcDbSymbolTableRecord
100
AcDbTextStyleTableRecord
  2
LiberationMono
 70
0
 40
0.0
 41
1.0
 50
0.0
 71
0
 42
2.5
  3
LiberationMono-Regular.ttf
  4

  0
STYLE
  5
57
330
5
100
AcDbSymbolTableRecord
100
AcDbTextStyleTableRecord
  2
LiberationMono-Bold
 70
0
 40
0.0
 41
1.0
 50
0.0
 71
0
 42
2.5
  3
LiberationMono-Bold.ttf
  4

  0
STYLE
  5
58
330
5
100
AcDbSymbolTableRecord
100
AcDbTextStyleTableRecord
  2
LiberationMono-BoldItalic
 70
0
 40
0.0
 41
1.0
 50
0.0
 71
0
 42
2.5
  3
LiberationMono-BoldItalic.ttf
  4

  0
STYLE
  5
59
330
5
100
AcDbSymbolTableRecord
100
AcDbTextStyleTableRecord
  2
LiberationMono-Italic
 70
0
 40
0.0
 41
1.0
 50
0.0
 71
0
 42
2.5
  3
LiberationMono-Italic.ttf
  4

  0
ENDTAB
  0
TABLE
  2
VIEW
  5
7
330
0
100
AcDbSymbolTable
 70
0
  0
ENDTAB
  0
TABLE
  2
UCS
  5
6
330
0
100
AcDbSymbolTable
 70
0
  0
ENDTAB
  0
TABLE
  2
APPID
  5
3
330
0
100
AcDbSymbolTable
 70
3
  0
APPID
  5
2A
330
3
100
AcDbSymbolTableRecord
100
AcDbRegAppTableRecord
  2
ACAD
 70
0
  0
APPID
  5
59D
330
3
100
AcDbSymbolTableRecord
100
AcDbRegAppTableRecord
  2
HATCHBACKGROUNDCOLOR
 70
0
  0
APPID
  5
59E
330
3
100
AcDbSymbolTableRecord
100
AcDbRegAppTableRecord
  2
EZDXF
 70
0
  0
ENDTAB
  0
TABLE
  2
DIMSTYLE
  5
4
330
0
100
AcDbSymbolTable
 70
12
100
AcDbDimStyleTable
  0
DIMSTYLE
105
2B
330
4
100
AcDbSymbolTableRecord
100
AcDbDimStyleTableRecord
  2
Standard
 70
0
 40
1.0
 41
2.5
 42
0.625
 43
3.75
 44
1.25
 45
0.0
 46
0.0
 47
0.0
 48
0.0
 49
2.5
140
2.5
141
2.5
142
0.0
143
0.03937007874
144
1.0
145
0.0
146
1.0
147
0.625
148
0.0
 69
0
 70
0
 71
0
 72
0
 73
0
 74
0
 75
0
 76
0
 77
1
 78
8
 79
3
170
0
171
3
172
1
173
0
174
0
175
0
176
0
177
0
178
0
179
2
271
2
272
2
273
2
274
3
275
0
276
0
277
2
278
44
279
0
280
0
281
0
282
0
283
0
284
8
285
0
286
0
288
0
289
3
290
0
371
-2
372
-2
  0
DIMSTYLE
105
73
330
4
100
AcDbSymbolTableRecord
100
AcDbDimStyleTableRecord
  2
EZDXF
 70
0
 40
1.0
 41
0.175
 42
0.125
 43
3.75
 44
0.375
 45
0.0
 46
0.0
 47
0.0
 48
0.0
 49
2.5
140
0.25
141
2.5
142
0.0
143
0.03937007874
144
100.0
145
0.0
146
0.5
147
0.1
148
0.0
 69
0
 70
0
 71
0
 72
0
 73
0
 74
0
 75
0
 76
0
 77
1
 78
12
 79
3
170
0
171
3
172
1
173
0
174
0
175
0
176
0
177
0
178
0
179
2
271
2
272
2
273
2
274
3
275
0
276
0
277
2
278
46
279
2
280
0
281
0
282
0
283
0
284
8
285
0
286
0
288
1
289
3
290
0
340
4C
342
74
371
-2
372
-2
  0
DIMSTYLE
105
7C
330
4
100
AcDbSymbolTableRecord
100
AcDbDimStyleTableRecord
  2
EZ_M_100_H25_CM
 70
0
 40
1.0
 41
0.25
 42
0.125
 43
3.75
 44
0.375
 45
0.0
 46
0.0
 47
0.0
 48
0.0
 49
2.5
140
0.25
141
2.5
142
0.125
143
0.03937007874
144
100.0
145
0.0
146
0.5
147
0.1
148
0.0
 69
0
 70
0
 71
0
 72
0
 73
0
 74
0
 75
0
 76
0
 77
1
 78
12
 79
3
170
0
171
3
172
1
173
0
174
0
175
0
176
0
177
0
178
0
179
2
271
2
272
2
273
2
274
3
275
0
276
0
277
2
278
46
279
2
280
0
281
0
282
0
283
0
284
8
285
0
286
0
288
1
289
3
290
0
340
4C
371
-2
372
-2
  0
DIMSTYLE
105
7D
330
4
100
AcDbSymbolTableRecord
100
AcDbDimStyleTableRecord
  2
EZ_M_50_H25_CM
 70
0
 40
1.0
 41
0.125
 42
0.0625
 43
3.75
 44
0.1875
 45
0.0
 46
0.0
 47
0.0
 48
0.0
 49
2.5
140
0.125
141
2.5
142
0.0625
143
0.03937007874
144
100.0
145
0.0
146
0.5
147
0.05
148
0.0
 69
0
 70
0
 71
0
 72
0
 73
0
 74
0
 75
0
 76
0
 77
1
 78
12
 79
3
170
0
171
3
172
1
173
0
174
0
175
0
176
0
177
0
178
0
179
2
271
2
272
2
273
2
274
3
275
0
276
0
277
2
278
46
279
2
280
0
281
0
282
0
283
0
284
8
285
0
286
0
288
1
289
3
290
0
340
4C
371
-2
372
-2
  0
DIMSTYLE
105
7E
330
4
100
AcDbSymbolTableRecord
100
AcDbDimStyleTableRecord
  2
EZ_M_25_H25_CM
 70
0
 40
1.0
 41
0.0625
 42
0.03125
 43
3.75
 44
0.09375
 45
0.0
 46
0.0
 47
0.0
 48
0.0
 49
2.5
140
0.0625
141
2.5
142
0.03125
143
0.03937007874
144
100.0
145
0.0
146
0.5
147
0.025
148
0.0
 69
0
 70
0
 71
0
 72
0
 73
0
 74
0
 75
0
 76
0
 77
1
 78
12
 79
3
170
0
171
3
172
1
173
0
174
0
175
0
176
0
177
0
178
0
179
2
271
2
272
2
273
2
274
3
275
0
276
0
277
2
278
46
279
2
280
0
281
0
282
0
283
0
284
8
285
0
286
0
288
1
289
3
290
0
340
4C
371
-2
372
-2
  0
DIMSTYLE
105
7F
330
4
100
AcDbSymbolTableRecord
100
AcDbDimStyleTableRecord
  2
EZ_M_20_H25_CM
 70
0
 40
1.0
 41
0.05
 42
0.025
 43
3.75
 44
0.07500000000000001
 45
0.0
 46
0.0
 47
0.0
 48
0.0
 49
2.5
140
0.05
141
2.5
142
0.025
143
0.03937007874
144
100.0
145
0.0
146
0.5
147
0.020000000000000004
148
0.0
 69
0
 70
0
 71
0
 72
0
 73
0
 74
0
 75
0
 76
0
 77
1
 78
12
 79
3
170
0
171
3
172
1
173
0
174
0
175
0
176
0
177
0
178
0
179
2
271
2
272
2
273
2
274
3
275
0
276
0
277
2
278
46
279
2
280
0
281
0
282
0
283
0
284
8
285
0
286
0
288
1
289
3
290
0
340
4C
371
-2
372
-2
  0
DIMSTYLE
105
80
330
4
100
AcDbSymbolTableRecord
100
AcDbDimStyleTableRecord
  2
EZ_M_10_H25_CM
 70
0
 40
1.0
 41
0.025
 42
0.0125
 43
3.75
 44
0.037500000000000006
 45
0.0
 46
0.0
 47
0.0
 48
0.0
 49
2.5
140
0.025
141
2.5
142
0.0125
143
0.03937007874
144
100.0
145
0.0
146
0.5
147
0.010000000000000002
148
0.0
 69
0
 70
0
 71
0
 72
0
 73
0
 74
0
 75
0
 76
0
 77
1
 78
12
 79
3
170
0
171
3
172
1
173
0
174
0
175
0
176
0
177
0
178
0
179
2
271
2
272
2
273
2
274
3
275
0
276
0
277
2
278
46
279
2
280
0
281
0
282
0
283
0
284
8
285
0
286
0
288
1
289
3
290
0
340
4C
371
-2
372
-2
  0
DIMSTYLE
105
81
330
4
100
AcDbSymbolTableRecord
100
AcDbDimStyleTableRecord
  2
EZ_M_5_H25_CM
 70
0
 40
1.0
 41
0.0125
 42
0.00625
 43
3.75
 44
0.018750000000000003
 45
0.0
 46
0.0
 47
0.0
 48
0.0
 49
2.5
140
0.0125
141
2.5
142
0.00625
143
0.03937007874
144
100.0
145
0.0
146
0.5
147
0.005000000000000001
148
0.0
 69
0
 70
0
 71
0
 72
0
 73
0
 74
0
 75
0
 76
0
 77
1
 78
12
 79
3
170
0
171
3
172
1
173
0
174
0
175
0
176
0
177
0
178
0
179
2
271
2
272
2
273
2
274
3
275
0
276
0
277
2
278
46
279
2
280
0
281
0
282
0
283
0
284
8
285
0
286
0
288
1
289
3
290
0
340
4C
371
-2
372
-2
  0
DIMSTYLE
105
82
330
4
100
AcDbSymbolTableRecord
100
AcDbDimStyleTableRecord
  2
EZ_M_1_H25_CM
 70
0
 40
1.0
 41
0.0025
 42
0.00125
 43
3.75
 44
0.00375
 45
0.0
 46
0.0
 47
0.0
 48
0.0
 49
2.5
140
0.0025
141
2.5
142
0.00125
143
0.03937007874
144
100.0
145
0.0
146
0.5
147
0.001
148
0.0
 69
0
 70
0
 71
0
 72
0
 73
0
 74
0
 75
0
 76
0
 77
1
 78
12
 79
3
170
0
171
3
172
1
173
0
174
0
175
0
176
0
177
0
178
0
179
2
271
2
272
2
273
2
274
3
275
0
276
0
277
2
278
46
279
2
280
0
281
0
282
0
283
0
284
8
285
0
286
0
288
1
289
3
290
0
340
4C
371
-2
372
-2
  0
DIMSTYLE
105
83
330
4
100
AcDbSymbolTableRecord
100
AcDbDimStyleTableRecord
  2
EZ_RADIUS
 70
0
 40
1.0
 41
0.25
 42
0.125
 43
3.75
 44
0.375
 45
0.0
 46
0.0
 47
0.0
 48
0.0
 49
2.5
140
0.25
141
0.0
142
0.0
143
0.03937007874
144
100.0
145
0.0
146
0.5
147
0.1
148
0.0
 69
0
 70
0
 71
0
 72
0
 73
0
 74
0
 75
0
 76
0
 77
1
 78
12
 79
3
170
0
171
3
172
0
173
0
174
0
175
0
176
0
177
0
178
0
179
2
271
2
272
2
273
2
274
3
275
0
276
0
277
2
278
46
279
1
280
0
281
0
282
0
283
0
284
8
285
0
286
0
288
1
289
3
290
0
340
4C
342
84
371
-2
372
-2
  0
DIMSTYLE
105
88
330
4
100
AcDbSymbolTableRecord
100
AcDbDimStyleTableRecord
  2
EZ_RADIUS_INSIDE
 70
0
 40
1.0
 41
0.25
 42
0.125
 43
3.75
 44
0.375
 45
0.0
 46
0.0
 47
0.0
 48
0.0
 49
2.5
140
0.25
141
0.0
142
0.0
143
0.03937007874
144
100.0
145
0.0
146
0.5
147
0.1
148
0.0
 69
0
 70
0
 71
0
 72
0
 73
0
 74
0
 75
0
 76
0
 77
0
 78
12
 79
3
170
0
171
3
172
0
173
0
174
1
175
0
176
0
177
0
178
0
179
2
271
2
272
2
273
2
274
3
275
0
276
0
277
2
278
46
279
0
280
0
281
0
282
0
283
0
284
8
285
0
286
0
288
1
289
0
290
0
340
4C
342
84
371
-2
372
-2
  0
DIMSTYLE
105
89
330
4
100
AcDbSymbolTableRecord
100
AcDbDimStyleTableRecord
  2
EZ_CURVED
 70
0
 40
1.0
 41
0.25
 42
0.125
 43
3.75
 44
0.375
 45
0.0
 46
0.0
 47
0.0
 48
0.0
 49
2.5
140
0.25
141
2.5
142
0.0
143
0.03937007874
144
100.0
145
0.0
146
0.5
147
0.1
148
0.0
 69
0
 70
0
 71
0
 72
0
 73
0
 74
0
 75
0
 76
0
 77
1
 78
12
 79
2
 90
2
170
0
171
3
172
1
173
0
174
0
175
0
176
0
177
0
178
0
179
2
271
2
272
2
273
2
274
3
275
0
276
0
277
2
278
46
279
2
280
0
281
0
282
0
283
0
284
8
285
0
286
0
288
1
289
3
290
0
340
4C
371
-2
372
-2
  0
ENDTAB
  0
TABLE
  2
BLOCK_RECORD
  5
9
330
0
100
AcDbSymbolTable
 70
5
  0
BLOCK_RECORD
  5
17
330
9
100
AcDbSymbolTableRecord
100
AcDbBlockTableRecord
  2
*Model_Space
340
1A
 70
0
280
1
281
0
  0
BLOCK_RECORD
  5
1B
330
9
100
AcDbSymbolTableRecord
100
AcDbBlockTableRecord
  2
*Paper_Space
340
1E
 70
0
280
1
281
0
  0
BLOCK_RECORD
  5
74
330
9
100
AcDbSymbolTableRecord
100
AcDbBlockTableRecord
  2
_ARCHTICK
340
0
 70
0
280
1
281
0
  0
BLOCK_RECORD
  5
78
330
9
100
AcDbSymbolTableRecord
100
AcDbBlockTableRecord
  2
_CLOSEDFILLED
340
0
 70
0
280
1
281
0
  0
BLOCK_RECORD
  5
84
330
9
100
AcDbSymbolTableRecord
100
AcDbBlockTableRecord
  2
_CLOSEDBLANK
340
0
 70
0
280
1
281
0
  0
ENDTAB
  0
ENDSEC
  0
SECTION
  2
BLOCKS
  0
BLOCK
  5
18
330
17
100
AcDbEntity
  8
0
100
AcDbBlockBegin
  2
*Model_Space
 70
0
 10
0.0
 20
0.0
 30
0.0
  3
*Model_Space
  1

  0
ENDBLK
  5
19
330
17
100
AcDbEntity
  8
0
100
AcDbBlockEnd
  0
BLOCK
  5
1C
330
1B
100
AcDbEntity
  8
0
100
AcDbBlockBegin
  2
*Paper_Space
 70
0
 10
0.0
 20
0.0
 30
0.0
  3
*Paper_Space
  1

  0
ENDBLK
  5
1D
330
1B
100
AcDbEntity
  8
0
100
AcDbBlockEnd
  0
BLOCK
  5
75
330
74
100
AcDbEntity
  8
0
100
AcDbBlockBegin
  2
_ARCHTICK
 70
0
 10
0.0
 20
0.0
 30
0.0
  3
_ARCHTICK
  1

  0
LWPOLYLINE
  5
77
330
74
100
AcDbEntity
  8
0
  6
BYBLOCK
 62
0
100
AcDbPolyline
 90
2
 70
0
 43
0.15
 10
-0.5
 20
-0.5
 10
0.5
 20
0.5
  0
ENDBLK
  5
76
330
74
100
AcDbEntity
  8
0
100
AcDbBlockEnd
  0
BLOCK
  5
79
330
78
100
AcDbEntity
  8
0
100
AcDbBlockBegin
  2
_CLOSEDFILLED
 70
0
 10
0.0
 20
0.0
 30
0.0
  3
_CLOSEDFILLED
  1

  0
SOLID
  5
7B
330
78
100
AcDbEntity
  8
0
  6
BYBLOCK
 62
0
100
AcDbTrace
 10
-1.0
 20
0.16439898372402537
 30
0.0
 11
0.0
 21
0.0
 31
0.0
 12
-1.0
 22
-0.16439898372402537
 32
0.0
 13
-1.0
 23
-0.16439898372402537
 33
0.0
  0
ENDBLK
  5
7A
330
78
100
AcDbEntity
  8
0
100
AcDbBlockEnd
  0
BLOCK
  5
85
330
84
100
AcDbEntity
  8
0
100
AcDbBlockBegin
  2
_CLOSEDBLANK
 70
0
 10
0.0
 20
0.0
 30
0.0
  3
_CLOSEDBLANK
  1

  0
LWPOLYLINE
  5
87
330
84
100
AcDbEntity
  8
0
  6
BYBLOCK
 62
0
100
AcDbPolyline
 90
3
 70
1
 10
-1.0
 20
0.16439898372402537
 10
0.0
 20
0.0
 10
-1.0
 20
-0.16439898372402537
  0
ENDBLK
  5
86
330
84
100
AcDbEntity
  8
0
100
AcDbBlockEnd
  0
ENDSEC
  0
SECTION
  2
ENTITIES
  0
LWPOLYLINE
  5
8C
330
17
100
AcDbEntity
  8
PROFILE
100
AcDbPolyline
 90
4
 70
1
 10
0.0
 20
0.0
 10
36.0
 20
0.0
 10
36.0
 20
31.0
 10
0.0
 20
31.0
  0
LINE
  5
8D
330
17
100
AcDbEntity
  8
SLOTS
100
AcDbLine
 10
1.182300541399186
 20
10.870509640572468
 30
0.0
 11
1.2780618376119177
 21
10.821117009118693
 31
0.0
  0
LINE
  5
8E
330
17
100
AcDbEntity
  8
SLOTS
100
AcDbLine
 10
1.1634607548135456
 20
10.59893106937128
 30
0.0
 11
1.067699458600814
 21
10.648323700825056
 31
0.0
  0
ARC
  5
8F
330
17
100
AcDbEntity
  8
SLOTS
100
AcDbCircle
 10
1.2207612962127317
 20
10.710024039244987
 30
0.0
 40
0.125
100
AcDbArc
 50
-117.28418975145789
 51
62.71581024854211
  0
ARC
  5
90
330
17
100
AcDbEntity
  8
SLOTS
100
AcDbCircle
 10
1.125
 20
10.759416670698762
 30
0.0
 40
0.125
100
AcDbArc
 50
62.71581024854211
 51
242.7158102485421
  0
LINE
  5
91
330
17
100
AcDbEntity
  8
SLOTS
100
AcDbLine
 10
1.7401299440238593
 20
8.561372579683251
 30
0.0
 11
1.1707636930418723
 21
8.686201450716664
 31
0.0
  0
LINE
  5
92
330
17
100
AcDbEntity
  8
SLOTS
100
AcDbLine
 10
1.2243025155830352
 20
8.930401357516208
 30
0.0
 11
1.7936687665650222
 21
8.805572486482795
 31
0.0
  0
ARC
  5
93
330
17
100
AcDbEntity
  8
SLOTS
100
AcDbCircle
 10
1.1975331043124537
 20
8.808301404116436
 30
0.0
 40
0.125
100
AcDbArc
 50
77.63402523591847
 51
257.63402523591844
  0
ARC
  5
94
330
17
100
AcDbEntity
  8
SLOTS
100
AcDbCircle
 10
1.7668993552944408
 20
8.683472533083023
 30
0.0
 40
0.125
100
AcDbArc
 50
257.63402523591844
 51
437.63402523591844
  0
LINE
  5
95
330
17
100
AcDbEntity
  8
SLOTS
100
AcDbLine
 10
3.1902170440061646
 20
7.475639340100875
 30
0.0
 11
1.0982305887294184
 21
7.934290176849629
 31
0.0
  0
LINE
  5
96
330
17
100
AcDbEntity
  8
SLOTS
100
AcDbLine
 10
1.1517694112705816
 20
8.178490083649173
 30
0.0
 11
3.2437558665473274
 21
7.719839246900419
 31
0.0
  0
ARC
  5
97
330
17
100
AcDbEntity
  8
SLOTS
100
AcDbCircle
 10
1.125
 20
8.056390130249401
 30
0.0
 40
0.125
100
AcDbArc
 50
77.63402523591841
 51
257.63402523591844
  0
ARC
  5
98
330
17
100
AcDbEntity
  8
SLOTS
100
AcDbCircle
 10
3.216986455276746
 20
7.597739293500647
 30
0.0
 40
0.125
100
AcDbArc
 50
257.63402523591844
 51
437.63402523591844
  0
LINE
  5
99
330
17
100
AcDbEntity
  8
SLOTS
100
AcDbLine
 10
4.640304143988464
 20
6.389906100518503
 30
0.0
 11
1.0982305887294184
 21
7.16647661599552
 31
0.0
  0
LINE
  5
9A
330
17
100
AcDbEntity
  8
SLOTS
100
AcDbLine
 10
1.1517694112705816
 20
7.410676522795064
 30
0.0
 11
4.693842966529628
 21
6.634106007318047
 31
0.0
  0
ARC
  5
9B
330
17
100
AcDbEntity
  8
SLOTS
100
AcDbCircle
 10
1.125
 20
7.288576569395292
 30
0.0
 40
0.125
100
AcDbArc
 50
77.63402523591839
 51
257.6340252359184
  0
ARC
  5
9C
330
17
100
AcDbEntity
  8
SLOTS
100
AcDbCircle
 10
4.667073555259046
 20
6.512006053918275
 30
0.0
 40
0.125
100
AcDbArc
 50
257.6340252359184
 51
437.6340252359184
  0
LINE
  5
9D
330
17
100
AcDbEntity
  8
SLOTS
100
AcDbLine
 10
4.82389113725266
 20
5.581842600251816
 30
0.0
 11
1.0982305887294184
 21
6.398663055141406
 31
0.0
  0
LINE
  5
9E
330
17
100
AcDbEntity
  8
SLOTS
100
AcDbLine
 10
1.1517694112705816
 20
6.64286296194095
 30
0.0
 11
4.877429959793823
 21
5.82604250705136
 31
0.0
  0
ARC
  5
9F
330
17
100
AcDbEntity
  8
SLOTS
100
AcDbCircle
 10
1.125
 20
6.520763008541178
 30
0.0
 40
0.125
100
AcDbArc
 50
77.63402523591839
 51
257.6340252359184
  0
ARC
  5
A0
330
17
100
AcDbEntity
  8
SLOTS
100
AcDbCircle
 10
4.8506605485232415
 20
5.703942553651588
 30
0.0
 40
0.125
100
AcDbArc
 50
257.6340252359184
 51
437.6340252359184
  0
LINE
  5
A1
330
17
100
AcDbEntity
  8
SLOTS
100
AcDbLine
 10
4.8398164052951875
 20
4.81053755526561
 30
0.0
 11
1.0982305887294184
 21
5.630849494287294
 31
0.0
  0
LINE
  5
A2
330
17
100
AcDbEntity
  8
SLOTS
100
AcDbLine
 10
1.1517694112705816
 20
5.875049401086838
 30
0.0
 11
4.893355227836351
 21
5.054737462065154
 31
0.0
  0
ARC
  5
A3
330
17
100
AcDbEntity
  8
SLOTS
100
AcDbCircle
 10
1.125
 20
5.752949447687066
 30
0.0
 40
0.125
100
AcDbArc
 50
77.63402523591839
 51
257.6340252359184
  0
ARC
  5
A4
330
17
100
AcDbEntity
  8
SLOTS
100
AcDbCircle
 10
4.866585816565769
 20
4.932637508665382
 30
0.0
 40
0.125
100
AcDbArc
 50
257.6340252359184
 51
437.6340252359184
  0
LINE
  5
A5
330
17
100
AcDbEntity
  8
SLOTS
100
AcDbLine
 10
4.8557416733377154
 20
4.039232510279405
 30
0.0
 11
1.0982305887294184
 21
4.863035933433182
 31
0.0
  0
LINE
  5
A6
330
17
100
AcDbEntity
  8
SLOTS
100
AcDbLine
 10
1.1517694112705816
 20
5.107235840232726
 30
0.0
 11
4.909280495878879
 21
4.283432417078949
 31
0.0
  0
ARC
  5
A7
330
17
100
AcDbEntity
  8
SLOTS
100
AcDbCircle
 10
1.125
 20
4.985135886832954
 30
0.0
 40
0.125
100
AcDbArc
 50
77.63402523591839
 51
257.6340252359184
  0
ARC
  5
A8
330
17
100
AcDbEntity
  8
SLOTS
100
AcDbCircle
 10
4.882511084608297
 20
4.161332463679177
 30
0.0
 40
0.125
100
AcDbArc
 50
257.6340252359184
 51
437.6340252359184
  0
LINE
  5
A9
330
17
100
AcDbEntity
  8
SLOTS
100
AcDbLine
 10
4.871666941380243
 20
3.267927465293199
 30
0.0
 11
1.0982305887294184
 21
4.0952223725790695
 31
0.0
  0
LINE
  5
AA
330
17
100
AcDbEntity
  8
SLOTS
100
AcDbLine
 10
1.1517694112705816
 20
4.3394222793786135
 30
0.0
 11
4.925205763921407
 21
3.512127372092743
 31
0.0
  0
ARC
  5
AB
330
17
100
AcDbEntity
  8
SLOTS
100
AcDbCircle
 10
1.125
 20
4.2173223259788415
 30
0.0
 40
0.125
100
AcDbArc
 50
77.63402523591839
 51
257.6340252359184
  0
ARC
  5
AC
330
17
100
AcDbEntity
  8
SLOTS
100
AcDbCircle
 10
4.898436352650825
 20
3.390027418692971
 30
0.0
 40
0.125
100
AcDbArc
 50
257.6340252359184
 51
437.6340252359184
  0
LINE
  5
AD
330
17
100
AcDbEntity
  8
SLOTS
100
AcDbLine
 10
4.887592209422771
 20
2.4966224203069936
 30
0.0
 11
1.0982305887294184
 21
3.3274088117249576
 31
0.0
  0
LINE
  5
AE
330
17
100
AcDbEntity
  8
SLOTS
100
AcDbLine
 10
1.1517694112705816
 20
3.5716087185245016
 30
0.0
 11
4.941131031963935
 21
2.7408223271065375
 31
0.0
  0
ARC
  5
AF
330
17
100
AcDbEntity
  8
SLOTS
100
AcDbCircle
 10
1.125
 20
3.4495087651247296
 30
0.0
 40
0.125
100
AcDbArc
 50
77.63402523591839
 51
257.6340252359184
  0
ARC
  5
B0
330
17
100
AcDbEntity
  8
SLOTS
100
AcDbCircle
 10
4.914361620693353
 20
2.6187223737067655
 30
0.0
 40
0.125
100
AcDbArc
 50
257.6340252359184
 51
437.6340252359184
  0
LINE
  5
B1
330
17
100
AcDbEntity
  8
SLOTS
100
AcDbLine
 10
4.6763150181598725
 20
1.7751296471971
 30
0.0
 11
1.0982305887294184
 21
2.5595952508708453
 31
0.0
  0
LINE
  5
B2
330
17
100
AcDbEntity
  8
SLOTS
100
AcDbLine
 10
1.1517694112705816
 20
2.8037951576703892
 30
0.0
 11
4.729853840701036
 21
2.0193295539966436
 31
0.0
  0
ARC
  5
B3
330
17
100
AcDbEntity
  8
SLOTS
100
AcDbCircle
 10
1.125
 20
2.6816952042706172
 30
0.0
 40
0.125
100
AcDbArc
 50
77.63402523591839
 51
257.6340252359184
  0
ARC
  5
B4
330
17
100
AcDbEntity
  8
SLOTS
100
AcDbCircle
 10
4.703084429430454
 20
1.8972296005968718
 30
0.0
 40
0.125
100
AcDbArc
 50
257.6340252359184
 51
437.6340252359184
  0
LINE
  5
B5
330
17
100
AcDbEntity
  8
SLOTS
100
AcDbLine
 10
4.0878466673551195
 20
1.1363329357666403
 30
0.0
 11
1.450780148977115
 21
1.7144880964587284
 31
0.0
  0
LINE
  5
B6
330
17
100
AcDbEntity
  8
SLOTS
100
AcDbLine
 10
1.5043189715182783
 20
1.9586880032582719
 30
0.0
 11
4.141385489896283
 21
1.3805328425661838
 31
0.0
  0
ARC
  5
B7
330
17
100
AcDbEntity
  8
SLOTS
100
AcDbCircle
 10
1.4775495602476967
 20
1.8365880498585
 30
0.0
 40
0.125
100
AcDbArc
 50
77.63402523591839
 51
257.6340252359184
  0
ARC
  5
B8
330
17
100
AcDbEntity
  8
SLOTS
100
AcDbCircle
 10
4.114616078625701
 20
1.258432889166412
 30
0.0
 40
0.125
100
AcDbArc
 50
257.6340252359184
 51
437.6340252359184
  0
LINE
  5
B9
330
17
100
AcDbEntity
  8
SLOTS
100
AcDbLine
 10
1.6904381215160609
 20
16.891762814793573
 30
0.0
 11
1.1311560302801806
 21
16.864185691950393
 31
0.0
  0
LINE
  5
BA
330
17
100
AcDbEntity
  8
SLOTS
100
AcDbLine
 10
1.1188439697198194
 20
17.11388233422809
 30
0.0
 11
1.6781260609556996
 21
17.14145945707127
 31
0.0
  0
ARC
  5
BB
330
17
100
AcDbEntity
  8
SLOTS
100
AcDbCircle
 10
1.125
 20
16.989034013089242
 30
0.0
 40
0.125
100
AcDbArc
 50
-267.17714169758244
 51
-87.17714169758241
  0
ARC
  5
BC
330
17
100
AcDbEntity
  8
SLOTS
100
AcDbCircle
 10
1.6842820912358802
 20
17.016611135932422
 30
0.0
 40
0.125
100
AcDbArc
 50
-87.17714169758241
 51
92.82285830241759
  0
LINE
  5
BD
330
17
100
AcDbEntity
  8
SLOTS
100
AcDbLine
 10
1.3168326656131017
 20
24.372921783769367
 30
0.0
 11
1.1902351777506668
 21
24.295468701100656
 31
0.0
  0
LINE
  5
BE
330
17
100
AcDbEntity
  8
SLOTS
100
AcDbLine
 10
1.0597648222493332
 20
24.508723211804078
 30
0.0
 11
1.1863623101117682
 21
24.58617629447279
 31
0.0
  0
ARC
  5
BF
330
17
100
AcDbEntity
  8
SLOTS
100
AcDbCircle
 10
1.125
 20
24.402095956452367
 30
0.0
 40
0.125
100
AcDbArc
 50
-238.54146161403716
 51
-58.54146161403716
  0
ARC
  5
C0
330
17
100
AcDbEntity
  8
SLOTS
100
AcDbCircle
 10
1.251597487862435
 20
24.47954903912108
 30
0.0
 40
0.125
100
AcDbArc
 50
-58.54146161403716
 51
121.45853838596284
  0
LINE
  5
C1
330
17
100
AcDbEntity
  8
SLOTS
100
AcDbLine
 10
1.2862523546042501
 20
23.47498146158328
 30
0.0
 11
1.1902351777506668
 21
23.416237591842847
 31
0.0
  0
LINE
  5
C2
330
17
100
AcDbEntity
  8
SLOTS
100
AcDbLine
 10
1.0597648222493332
 20
23.62949210254627
 30
0.0
 11
1.1557819991029166
 21
23.6882359722867
 31
0.0
  0
ARC
  5
C3
330
17
100
AcDbEntity
  8
SLOTS
100
AcDbCircle
 10
1.125
 20
23.52286484719456
 30
0.0
 40
0.125
100
AcDbArc
 50
-238.5414616140372
 51
-58.54146161403719
  0
ARC
  5
C4
330
17
100
AcDbEntity
  8
SLOTS
100
AcDbCircle
 10
1.2210171768535834
 20
23.58160871693499
 30
0.0
 40
0.125
100
AcDbArc
 50
-58.54146161403719
 51
121.45853838596281
  0
LINE
  5
C5
330
17
100
AcDbEntity
  8
SLOTS
100
AcDbLine
 10
1.2556720435953983
 20
22.577041139397195
 30
0.0
 11
1.1902351777506666
 21
22.537006482585042
 31
0.0
  0
LINE
  5
C6
330
17
100
AcDbEntity
  8
SLOTS
100
AcDbLine
 10
1.0597648222493334
 20
22.750260993288464
 30
0.0
 11
1.1252016880940652
 21
22.790295650100617
 31
0.0
  0
ARC
  5
C7
330
17
100
AcDbEntity
  8
SLOTS
100
AcDbCircle
 10
1.125
 20
22.643633737936753
 30
0.0
 40
0.125
100
AcDbArc
 50
-238.5414616140373
 51
-58.5414616140373
  0
ARC
  5
C8
330
17
100
AcDbEntity
  8
SLOTS
100
AcDbCircle
 10
1.1904368658447317
 20
22.683668394748906
 30
0.0
 40
0.125
100
AcDbArc
 50
-58.5414616140373
 51
121.4585383859627
  0
LINE
  5
C9
330
17
100
AcDbEntity
  8
SLOTS
100
AcDbLine
 10
1.2250917325865462
 20
21.679100817211108
 30
0.0
 11
1.1902351777506663
 21
21.657775373327233
 31
0.0
  0
LINE
  5
CA
330
17
100
AcDbEntity
  8
SLOTS
100
AcDbLine
 10
1.0597648222493337
 20
21.871029884030655
 30
0.0
 11
1.0946213770852136
 21
21.89235532791453
 31
0.0
  0
ARC
  5
CB
330
17
100
AcDbEntity
  8
SLOTS
100
AcDbCircle
 10
1.125
 20
21.764402628678944
 30
0.0
 40
0.125
100
AcDbArc
 50
-238.5414616140374
 51
-58.54146161403739
  0
ARC
  5
CC
330
17
100
AcDbEntity
  8
SLOTS
100
AcDbCircle
 10
1.15985655483588
 20
21.78572807256282
 30
0.0
 40
0.125
100
AcDbArc
 50
-58.54146161403739
 51
121.45853838596261
  0
LINE
  5
CD
330
17
100
AcDbEntity
  8
SLOTS
100
AcDbLine
 10
1.1945114215776902
 20
20.78116049502502
 30
0.0
 11
1.190235177750662
 21
20.778544264069424
 31
0.0
  0
LINE
  5
CE
330
17
100
AcDbEntity
  8
SLOTS
100
AcDbLine
 10
1.059764822249338
 20
20.991798774772853
 30
0.0
 11
1.0640410660763664
 21
20.99441500572845
 31
0.0
  0
ARC
  5
CF
330
17
100
AcDbEntity
  8
SLOTS
100
AcDbCircle
 10
1.125
 20
20.88517151942114
 30
0.0
 40
0.125
100
AcDbArc
 50
-238.54146161403978
 51
-58.541461614039775
  0
ARC
  5
D0
330
17
100
AcDbEntity
  8
SLOTS
100
AcDbCircle
 10
1.1292762438270283
 20
20.887787750376734
 30
0.0
 40
0.125
100
AcDbArc
 50
-58.541461614039775
 51
121.45853838596022
  0
LINE
  5
D1
330
17
100
AcDbEntity
  8
SLOTS
100
AcDbLine
 10
11.24193312630542
 20
23.945629689932947
 30
0.0
 11
13.476961512701623
 21
29.080382795474865
 31
0.0
  0
LINE
  5
D2
330
17
100
AcDbEntity
  8
SLOTS
100
AcDbLine
 10
13.706187756234543
 20
28.980606399088817
 30
0.0
 11
11.471159369838341
 21
23.8458532935469
 31
0.0
  0
ARC
  5
D3
330
17
100
AcDbEntity
  8
SLOTS
100
AcDbCircle
 10
13.591574634468083
 20
29.03049459728184
 30
0.0
 40
0.125
100
AcDbArc
 50
-23.522276212244435
 51
156.47772378775556
  0
ARC
  5
D4
330
17
100
AcDbEntity
  8
SLOTS
100
AcDbCircle
 10
11.356546248071881
 20
23.895741491739923
 30
0.0
 40
0.125
100
AcDbArc
 50
156.47772378775556
 51
336.47772378775556
  0
LINE
  5
D5
330
17
100
AcDbEntity
  8
SLOTS
100
AcDbLine
 10
10.548618456261366
 20
24.2320108746069
 30
0.0
 11
12.959631462521246
 21
29.77107095847301
 31
0.0
  0
LINE
  5
D6
330
17
100
AcDbEntity
  8
SLOTS
100
AcDbLine
 10
13.188857706054167
 20
29.671294562086963
 30
0.0
 11
10.777844699794286
 21
24.13223447822085
 31
0.0
  0
ARC
  5
D7
330
17
100
AcDbEntity
  8
SLOTS
100
AcDbCircle
 10
13.074244584287706
 20
29.721182760279987
 30
0.0
 40
0.125
100
AcDbArc
 50
-23.522276212244407
 51
156.4777237877556
  0
ARC
  5
D8
330
17
100
AcDbEntity
  8
SLOTS
100
AcDbCircle
 10
10.663231578027826
 20
24.182122676413876
 30
0.0
 40
0.125
100
AcDbArc
 50
156.4777237877556
 51
336.4777237877556
  0
LINE
  5
D9
330
17
100
AcDbEntity
  8
SLOTS
100
AcDbLine
 10
9.855303786217311
 20
24.518392059280856
 30
0.0
 11
11.75398091335833
 21
28.880411948759125
 31
0.0
  0
LINE
  5
DA
330
17
100
AcDbEntity
  8
SLOTS
100
AcDbLine
 10
11.98320715689125
 20
28.780635552373077
 30
0.0
 11
10.084530029750232
 21
24.41861566289481
 31
0.0
  0
ARC
  5
DB
330
17
100
AcDbEntity
  8
SLOTS
100
AcDbCircle
 10
11.86859403512479
 20
28.8305237505661
 30
0.0
 40
0.125
100
AcDbArc
 50
-23.52227621224442
 51
156.47772378775556
  0
ARC
  5
DC
330
17
100
AcDbEntity
  8
SLOTS
100
AcDbCircle
 10
9.969916907983771
 20
24.468503861087832
 30
0.0
 40
0.125
100
AcDbArc
 50
156.47772378775556
 51
336.47772378775556
  0
LINE
  5
DD
330
17
100
AcDbEntity
  8
SLOTS
100
AcDbLine
 10
9.161989116173258
 20
24.80477324395481
 30
0.0
 11
9.839646930940223
 21
26.36162397124244
 31
0.0
  0
LINE
  5
DE
330
17
100
AcDbEntity
  8
SLOTS
100
AcDbLine
 10
10.068873174473143
 20
26.261847574856393
 30
0.0
 11
9.391215359706178
 21
24.70499684756876
 31
0.0
  0
ARC
  5
DF
330
17
100
AcDbEntity
  8
SLOTS
100
AcDbCircle
 10
9.954260052706683
 20
26.311735773049417
 30
0.0
 40
0.125
100
AcDbArc
 50
-23.522276212244392
 51
156.47772378775562
  0
ARC
  5
E0
330
17
100
AcDbEntity
  8
SLOTS
100
AcDbCircle
 10
9.276602237939718
 20
24.754885045761785
 30
0.0
 40
0.125
100
AcDbArc
 50
156.47772378775562
 51
336.4777237877556
  0
LINE
  5
E1
330
17
100
AcDbEntity
  8
SLOTS
100
AcDbLine
 10
8.913603261440482
 20
23.97257153259796
 30
0.0
 11
8.506569268595742
 21
23.942058580332894
 31
0.0
  0
LINE
  5
E2
330
17
100
AcDbEntity
  8
SLOTS
100
AcDbLine
 10
8.487880672041468
 20
24.191359074433553
 30
0.0
 11
8.894914664886208
 21
24.22187202669862
 31
0.0
  0
ARC
  5
E3
330
17
100
AcDbEntity
  8
SLOTS
100
AcDbCircle
 10
8.497224970318605
 20
24.066708827383223
 30
0.0
 40
0.125
100
AcDbArc
 50
-265.71288994495
 51
-85.71288994495004
  0
ARC
  5
E4
330
17
100
AcDbEntity
  8
SLOTS
100
AcDbCircle
 10
8.904258963163345
 20
24.09722177964829
 30
0.0
 40
0.125
100
AcDbArc
 50
-85.71288994495004
 51
94.28711005504996
  0
LINE
  5
E5
330
17
100
AcDbEntity
  8
SLOTS
100
AcDbLine
 10
10.454721730804112
 20
23.33599574378446
 30
0.0
 11
8.272741969696192
 21
23.172425512638128
 31
0.0
  0
LINE
  5
E6
330
17
100
AcDbEntity
  8
SLOTS
100
AcDbLine
 10
8.254053373141918
 20
23.421726006738787
 30
0.0
 11
10.436033134249838
 21
23.585296237885117
 31
0.0
  0
ARC
  5
E7
330
17
100
AcDbEntity
  8
SLOTS
100
AcDbCircle
 10
8.263397671419055
 20
23.297075759688457
 30
0.0
 40
0.125
100
AcDbArc
 50
-265.71288994495
 51
-85.71288994495
  0
ARC
  5
E8
330
17
100
AcDbEntity
  8
SLOTS
100
AcDbCircle
 10
10.445377432526975
 20
23.460645990834788
 30
0.0
 40
0.125
100
AcDbArc
 50
-85.71288994495
 51
94.28711005505
  0
LINE
  5
E9
330
17
100
AcDbEntity
  8
SLOTS
100
AcDbLine
 10
11.47429893558223
 20
22.660323063825967
 30
0.0
 11
8.237415569554695
 21
22.417672893640155
 31
0.0
  0
LINE
  5
EA
330
17
100
AcDbEntity
  8
SLOTS
100
AcDbLine
 10
8.218726973000422
 20
22.666973387740814
 30
0.0
 11
11.455610339027956
 21
22.909623557926626
 31
0.0
  0
ARC
  5
EB
330
17
100
AcDbEntity
  8
SLOTS
100
AcDbCircle
 10
8.228071271277559
 20
22.542323140690485
 30
0.0
 40
0.125
100
AcDbArc
 50
-265.71288994495
 51
-85.71288994495004
  0
ARC
  5
EC
330
17
100
AcDbEntity
  8
SLOTS
100
AcDbCircle
 10
11.464954637305093
 20
22.784973310876296
 30
0.0
 40
0.125
100
AcDbArc
 50
-85.71288994495004
 51
94.28711005504996
  0
LINE
  5
ED
330
17
100
AcDbEntity
  8
SLOTS
100
AcDbLine
 10
10.13767185906929
 20
21.80801956180932
 30
0.0
 11
8.202089169413197
 21
21.662920274642183
 31
0.0
  0
LINE
  5
EE
330
17
100
AcDbEntity
  8
SLOTS
100
AcDbLine
 10
8.183400572858924
 20
21.91222076874284
 30
0.0
 11
10.118983262515016
 21
22.05732005590998
 31
0.0
  0
ARC
  5
EF
330
17
100
AcDbEntity
  8
SLOTS
100
AcDbCircle
 10
8.19274487113606
 20
21.787570521692512
 30
0.0
 40
0.125
100
AcDbArc
 50
-265.71288994495
 51
-85.71288994495004
  0
ARC
  5
F0
330
17
100
AcDbEntity
  8
SLOTS
100
AcDbCircle
 10
10.128327560792153
 20
21.93266980885965
 30
0.0
 40
0.125
100
AcDbArc
 50
-85.71288994495004
 51
94.28711005504996
  0
LINE
  5
F1
330
17
100
AcDbEntity
  8
SLOTS
100
AcDbLine
 10
8.801044782556351
 20
20.955716059792675
 30
0.0
 11
8.1667627692717
 21
20.90816765564421
 31
0.0
  0
LINE
  5
F2
330
17
100
AcDbEntity
  8
SLOTS
100
AcDbLine
 10
8.148074172717427
 20
21.15746814974487
 30
0.0
 11
8.782356186002078
 21
21.205016553893334
 31
0.0
  0
ARC
  5
F3
330
17
100
AcDbEntity
  8
SLOTS
100
AcDbCircle
 10
8.157418470994564
 20
21.03281790269454
 30
0.0
 40
0.125
100
AcDbArc
 50
-265.71288994495
 51
-85.71288994495
  0
ARC
  5
F4
330
17
100
AcDbEntity
  8
SLOTS
100
AcDbCircle
 10
8.791700484279215
 20
21.080366306843004
 30
0.0
 40
0.125
100
AcDbArc
 50
-85.71288994495
 51
94.28711005505
  0
LINE
  5
F5
330
17
100
AcDbEntity
  8
SLOTS
100
AcDbLine
 10
15.185455217318072
 20
28.067973451159254
 30
0.0
 11
14.159083343082282
 21
26.976611142841378
 31
0.0
  0
LINE
  5
F6
330
17
100
AcDbEntity
  8
SLOTS
100
AcDbLine
 10
13.976967344778688
 20
27.147882165381347
 30
0.0
 11
15.003339219014478
 21
28.239244473699223
 31
0.0
  0
ARC
  5
F7
330
17
100
AcDbEntity
  8
SLOTS
100
AcDbCircle
 10
14.068025343930485
 20
27.062246654111362
 30
0.0
 40
0.125
100
AcDbArc
 50
-223.24222072195133
 51
-43.24222072195133
  0
ARC
  5
F8
330
17
100
AcDbEntity
  8
SLOTS
100
AcDbCircle
 10
15.094397218166275
 20
28.15360896242924
 30
0.0
 40
0.125
100
AcDbArc
 50
-43.24222072195133
 51
136.75777927804867
  0
LINE
  5
F9
330
17
100
AcDbEntity
  8
SLOTS
100
AcDbLine
 10
16.025393933534843
 20
27.866341431508726
 30
0.0
 11
13.500657473191968
 21
25.1817372637399
 31
0.0
  0
LINE
  5
FA
330
17
100
AcDbEntity
  8
SLOTS
100
AcDbLine
 10
13.318541474888374
 20
25.35300828627987
 30
0.0
 11
15.84327793523125
 21
28.037612454048695
 31
0.0
  0
ARC
  5
FB
330
17
100
AcDbEntity
  8
SLOTS
100
AcDbCircle
 10
13.40959947404017
 20
25.267372775009886
 30
0.0
 40
0.125
100
AcDbArc
 50
-223.24222072195133
 51
-43.24222072195133
  0
ARC
  5
FC
330
17
100
AcDbEntity
  8
SLOTS
100
AcDbCircle
 10
15.934335934383046
 20
27.95197694277871
 30
0.0
 40
0.125
100
AcDbArc
 50
-43.24222072195133
 51
136.75777927804867
  0
LINE
  5
FD
330
17
100
AcDbEntity
  8
SLOTS
100
AcDbLine
 10
16.865332649751615
 20
27.664709411858198
 30
0.0
 11
12.842231603301654
 21
23.386863384638424
 31
0.0
  0
LINE
  5
FE
330
17
100
AcDbEntity
  8
SLOTS
100
AcDbLine
 10
12.66011560499806
 20
23.558134407178393
 30
0.0
 11
16.68321665144802
 21
27.835980434398166
 31
0.0
  0
ARC
  5
FF
330
17
100
AcDbEntity
  8
SLOTS
100
AcDbCircle
 10
12.751173604149857
 20
23.47249889590841
 30
0.0
 40
0.125
100
AcDbArc
 50
-223.24222072195133
 51
-43.24222072195133
  0
ARC
  5
100
330
17
100
AcDbEntity
  8
SLOTS
100
AcDbCircle
 10
16.774274650599818
 20
27.750344923128182
 30
0.0
 40
0.125
100
AcDbArc
 50
-43.24222072195133
 51
136.75777927804867
  0
LINE
  5
101
330
17
100
AcDbEntity
  8
SLOTS
100
AcDbLine
 10
17.65801849634931
 20
27.412832444780097
 30
0.0
 11
13.07630423143043
 21
22.541001501499515
 31
0.0
  0
LINE
  5
102
330
17
100
AcDbEntity
  8
SLOTS
100
AcDbLine
 10
12.894188233126837
 20
22.712272524039484
 30
0.0
 11
17.475902498045716
 21
27.584103467320066
 31
0.0
  0
ARC
  5
103
330
17
100
AcDbEntity
  8
SLOTS
100
AcDbCircle
 10
12.985246232278634
 20
22.6266370127695
 30
0.0
 40
0.125
100
AcDbArc
 50
-223.24222072195133
 51
-43.24222072195133
  0
ARC
  5
104
330
17
100
AcDbEntity
  8
SLOTS
100
AcDbCircle
 10
17.566960497197513
 20
27.49846795605008
 30
0.0
 40
0.125
100
AcDbArc
 50
-43.24222072195133
 51
136.75777927804867
  0
LINE
  5
105
330
17
100
AcDbEntity
  8
SLOTS
100
AcDbLine
 10
18.21671704315601
 20
26.912151972825065
 30
0.0
 11
13.550981962585741
 21
21.950979969429866
 31
0.0
  0
LINE
  5
106
330
17
100
AcDbEntity
  8
SLOTS
100
AcDbLine
 10
13.368865964282147
 20
22.122250991969835
 30
0.0
 11
18.034601044852415
 21
27.083422995365034
 31
0.0
  0
ARC
  5
107
330
17
100
AcDbEntity
  8
SLOTS
100
AcDbCircle
 10
13.459923963433944
 20
22.03661548069985
 30
0.0
 40
0.125
100
AcDbArc
 50
-223.2422207219513
 51
-43.2422207219513
  0
ARC
  5
108
330
17
100
AcDbEntity
  8
SLOTS
100
AcDbCircle
 10
18.125659044004212
 20
26.99778748409505
 30
0.0
 40
0.125
100
AcDbArc
 50
-43.2422207219513
 51
136.7577792780487
  0
LINE
  5
109
330
17
100
AcDbEntity
  8
SLOTS
100
AcDbLine
 10
18.775415589962705
 20
26.411471500870032
 30
0.0
 11
14.297544274761613
 21
21.65005890025002
 31
0.0
  0
LINE
  5
10A
330
17
100
AcDbEntity
  8
SLOTS
100
AcDbLine
 10
14.115428276458019
 20
21.82132992278999
 30
0.0
 11
18.59329959165911
 21
26.58274252341
 31
0.0
  0
ARC
  5
10B
330
17
100
AcDbEntity
  8
SLOTS
100
AcDbCircle
 10
14.206486275609816
 20
21.735694411520004
 30
0.0
 40
0.125
100
AcDbArc
 50
-223.2422207219513
 51
-43.2422207219513
  0
ARC
  5
10C
330
17
100
AcDbEntity
  8
SLOTS
100
AcDbCircle
 10
18.684357590810908
 20
26.497107012140017
 30
0.0
 40
0.125
100
AcDbArc
 50
-43.2422207219513
 51
136.7577792780487
  0
LINE
  5
10D
330
17
100
AcDbEntity
  8
SLOTS
100
AcDbLine
 10
19.334114136769404
 20
25.910791028915
 30
0.0
 11
15.058199346256954
 21
21.36412295169511
 31
0.0
  0
LINE
  5
10E
330
17
100
AcDbEntity
  8
SLOTS
100
AcDbLine
 10
14.87608334795336
 20
21.535393974235078
 30
0.0
 11
19.15199813846581
 21
26.08206205145497
 31
0.0
  0
ARC
  5
10F
330
17
100
AcDbEntity
  8
SLOTS
100
AcDbCircle
 10
14.967141347105157
 20
21.449758462965093
 30
0.0
 40
0.125
100
AcDbArc
 50
-223.2422207219513
 51
-43.2422207219513
  0
ARC
  5
110
330
17
100
AcDbEntity
  8
SLOTS
100
AcDbCircle
 10
19.243056137617607
 20
25.996426540184984
 30
0.0
 40
0.125
100
AcDbArc
 50
-43.2422207219513
 51
136.7577792780487
  0
LINE
  5
111
330
17
100
AcDbEntity
  8
SLOTS
100
AcDbLine
 10
18.523050827296686
 20
23.953614623234238
 30
0.0
 11
15.818854417752295
 21
21.078187003140197
 31
0.0
  0
LINE
  5
112
330
17
100
AcDbEntity
  8
SLOTS
100
AcDbLine
 10
15.636738419448701
 20
21.249458025680166
 30
0.0
 11
18.340934828993092
 21
24.124885645774206
 31
0.0
  0
ARC
  5
113
330
17
100
AcDbEntity
  8
SLOTS
100
AcDbCircle
 10
15.727796418600498
 20
21.16382251441018
 30
0.0
 40
0.125
100
AcDbArc
 50
-223.24222072195133
 51
-43.24222072195133
  0
ARC
  5
114
330
17
100
AcDbEntity
  8
SLOTS
100
AcDbCircle
 10
18.43199282814489
 20
24.039250134504222
 30
0.0
 40
0.125
100
AcDbArc
 50
-43.24222072195133
 51
136.75777927804867
  0
LINE
  5
115
330
17
100
AcDbEntity
  8
SLOTS
100
AcDbLine
 10
17.416333071584678
 20
21.68206276844796
 30
0.0
 11
16.579509489247634
 21
20.792251054585286
 31
0.0
  0
LINE
  5
116
330
17
100
AcDbEntity
  8
SLOTS
100
AcDbLine
 10
16.39739349094404
 20
20.963522077125255
 30
0.0
 11
17.234217073281084
 21
21.85333379098793
 31
0.0
  0
ARC
  5
117
330
17
100
AcDbEntity
  8
SLOTS
100
AcDbCircle
 10
16.488451490095837
 20
20.87788656585527
 30
0.0
 40
0.125
100
AcDbArc
 50
-223.24222072195118
 51
-43.242220721951185
  0
ARC
  5
118
330
17
100
AcDbEntity
  8
SLOTS
100
AcDbCircle
 10
17.32527507243288
 20
21.767698279717944
 30
0.0
 40
0.125
100
AcDbArc
 50
-43.242220721951185
 51
136.75777927804882
  0
LINE
  5
119
330
17
100
AcDbEntity
  8
SLOTS
100
AcDbLine
 10
14.661423133730516
 20
29.908345242965787
 30
0.0
 11
14.903724863705355
 21
29.03295309995513
 31
0.0
  0
LINE
  5
11A
330
17
100
AcDbEntity
  8
SLOTS
100
AcDbLine
 10
14.66278425051154
 20
28.966262614023556
 30
0.0
 11
14.420482520536702
 21
29.841654757034213
 31
0.0
  0
ARC
  5
11B
330
17
100
AcDbEntity
  8
SLOTS
100
AcDbCircle
 10
14.783254557108448
 20
28.999607856989343
 30
0.0
 40
0.125
100
AcDbArc
 50
-164.5283258928171
 51
15.471674107182906
  0
ARC
  5
11C
330
17
100
AcDbEntity
  8
SLOTS
100
AcDbCircle
 10
14.540952827133609
 20
29.875
 30
0.0
 40
0.125
100
AcDbArc
 50
15.471674107182906
 51
195.4716741071829
  0
LINE
  5
11D
330
17
100
AcDbEntity
  8
SLOTS
100
AcDbLine
 10
15.439623195208629
 20
29.908345242965787
 30
0.0
 11
15.737313140112706
 21
28.832845539148707
 31
0.0
  0
LINE
  5
11E
330
17
100
AcDbEntity
  8
SLOTS
100
AcDbLine
 10
15.496372526918892
 20
28.766155053217133
 30
0.0
 11
15.198682582014815
 21
29.841654757034213
 31
0.0
  0
ARC
  5
11F
330
17
100
AcDbEntity
  8
SLOTS
100
AcDbCircle
 10
15.616842833515799
 20
28.79950029618292
 30
0.0
 40
0.125
100
AcDbArc
 50
-164.52832589281715
 51
15.47167410718285
  0
ARC
  5
120
330
17
100
AcDbEntity
  8
SLOTS
100
AcDbCircle
 10
15.319152888611722
 20
29.875
 30
0.0
 40
0.125
100
AcDbArc
 50
15.47167410718285
 51
195.47167410718285
  0
LINE
  5
121
330
17
100
AcDbEntity
  8
SLOTS
100
AcDbLine
 10
16.217823256686742
 20
29.908345242965787
 30
0.0
 11
16.57090141652006
 21
28.632737978342288
 31
0.0
  0
LINE
  5
122
330
17
100
AcDbEntity
  8
SLOTS
100
AcDbLine
 10
16.329960803326244
 20
28.566047492410714
 30
0.0
 11
15.976882643492928
 21
29.841654757034213
 31
0.0
  0
ARC
  5
123
330
17
100
AcDbEntity
  8
SLOTS
100
AcDbCircle
 10
16.45043110992315
 20
28.5993927353765
 30
0.0
 40
0.125
100
AcDbArc
 50
-164.5283258928171
 51
15.471674107182906
  0
ARC
  5
124
330
17
100
AcDbEntity
  8
SLOTS
100
AcDbCircle
 10
16.097352950089835
 20
29.875
 30
0.0
 40
0.125
100
AcDbArc
 50
15.471674107182906
 51
195.4716741071829
  0
LINE
  5
125
330
17
100
AcDbEntity
  8
SLOTS
100
AcDbLine
 10
16.996023318164855
 20
29.908345242965787
 30
0.0
 11
17.40448969292741
 21
28.432630417535865
 31
0.0
  0
LINE
  5
126
330
17
100
AcDbEntity
  8
SLOTS
100
AcDbLine
 10
17.163549079733595
 20
28.36593993160429
 30
0.0
 11
16.75508270497104
 21
29.841654757034213
 31
0.0
  0
ARC
  5
127
330
17
100
AcDbEntity
  8
SLOTS
100
AcDbCircle
 10
17.284019386330502
 20
28.39928517457008
 30
0.0
 40
0.125
100
AcDbArc
 50
-164.52832589281715
 51
15.47167410718285
  0
ARC
  5
128
330
17
100
AcDbEntity
  8
SLOTS
100
AcDbCircle
 10
16.87555301156795
 20
29.875
 30
0.0
 40
0.125
100
AcDbArc
 50
15.47167410718285
 51
195.47167410718285
  0
LINE
  5
129
330
17
100
AcDbEntity
  8
SLOTS
100
AcDbLine
 10
17.774223379642965
 20
29.908345242965787
 30
0.0
 11
17.983921262065266
 21
29.150744879577882
 31
0.0
  0
LINE
  5
12A
330
17
100
AcDbEntity
  8
SLOTS
100
AcDbLine
 10
17.742980648871452
 20
29.08405439364631
 30
0.0
 11
17.53328276644915
 21
29.841654757034213
 31
0.0
  0
ARC
  5
12B
330
17
100
AcDbEntity
  8
SLOTS
100
AcDbCircle
 10
17.86345095546836
 20
29.117399636612095
 30
0.0
 40
0.125
100
AcDbArc
 50
-164.52832589281718
 51
15.471674107182807
  0
ARC
  5
12C
330
17
100
AcDbEntity
  8
SLOTS
100
AcDbCircle
 10
17.653753073046058
 20
29.875
 30
0.0
 40
0.125
100
AcDbArc
 50
15.471674107182807
 51
195.47167410718282
  0
LINE
  5
12D
330
17
100
AcDbEntity
  8
SLOTS
100
AcDbLine
 10
8.419015268970238
 20
26.716908125208406
 30
0.0
 11
9.956228099212879
 21
27.749266583380056
 31
0.0
  0
LINE
  5
12E
330
17
100
AcDbEntity
  8
SLOTS
100
AcDbLine
 10
10.095608034404563
 20
27.541725662918665
 30
0.0
 11
8.558395204161922
 21
26.509367204747015
 31
0.0
  0
ARC
  5
12F
330
17
100
AcDbEntity
  8
SLOTS
100
AcDbCircle
 10
10.025918066808721
 20
27.64549612314936
 30
0.0
 40
0.125
100
AcDbArc
 50
-56.115555757481275
 51
123.88444424251873
  0
ARC
  5
130
330
17
100
AcDbEntity
  8
SLOTS
100
AcDbCircle
 10
8.48870523656608
 20
26.61313766497771
 30
0.0
 40
0.125
100
AcDbArc
 50
123.88444424251873
 51
303.8844442425187
  0
LINE
  5
131
330
17
100
AcDbEntity
  8
SLOTS
100
AcDbLine
 10
8.125504591961642
 20
27.423229078852554
 30
0.0
 11
11.358701653406646
 21
29.594573389576016
 31
0.0
  0
LINE
  5
132
330
17
100
AcDbEntity
  8
SLOTS
100
AcDbLine
 10
11.49808158859833
 20
29.387032469114626
 30
0.0
 11
8.264884527153326
 21
27.215688158391163
 31
0.0
  0
ARC
  5
133
330
17
100
AcDbEntity
  8
SLOTS
100
AcDbCircle
 10
11.428391621002488
 20
29.49080292934532
 30
0.0
 40
0.125
100
AcDbArc
 50
-56.11555575748132
 51
123.88444424251868
  0
ARC
  5
134
330
17
100
AcDbEntity
  8
SLOTS
100
AcDbCircle
 10
8.195194559557484
 20
27.31945861862186
 30
0.0
 40
0.125
100
AcDbArc
 50
123.88444424251868
 51
303.88444424251867
  0
LINE
  5
135
330
17
100
AcDbEntity
  8
SLOTS
100
AcDbLine
 10
8.805026240111767
 20
28.783017224019865
 30
0.0
 11
10.585538814942462
 21
29.978770460230695
 31
0.0
  0
LINE
  5
136
330
17
100
AcDbEntity
  8
SLOTS
100
AcDbLine
 10
10.724918750134146
 20
29.771229539769305
 30
0.0
 11
8.94440617530345
 21
28.575476303558474
 31
0.0
  0
ARC
  5
137
330
17
100
AcDbEntity
  8
SLOTS
100
AcDbCircle
 10
10.655228782538304
 20
29.875
 30
0.0
 40
0.125
100
AcDbArc
 50
-56.11555575748133
 51
123.88444424251867
  0
ARC
  5
138
330
17
100
AcDbEntity
  8
SLOTS
100
AcDbCircle
 10
8.874716207707609
 20
28.67924676378917
 30
0.0
 40
0.125
100
AcDbArc
 50
123.88444424251867
 51
303.88444424251867
  0
LINE
  5
139
330
17
100
AcDbEntity
  8
SLOTS
100
AcDbLine
 10
7.824996122899689
 20
24.600645329470428
 30
0.0
 11
6.876410072181968
 21
27.320874534179165
 31
0.0
  0
LINE
  5
13A
330
17
100
AcDbEntity
  8
SLOTS
100
AcDbLine
 10
7.112469052153446
 20
27.40319195624051
 30
0.0
 11
8.061055102871167
 21
24.68296275153177
 31
0.0
  0
ARC
  5
13B
330
17
100
AcDbEntity
  8
SLOTS
100
AcDbCircle
 10
6.994439562167707
 20
27.362033245209837
 30
0.0
 40
0.125
100
AcDbArc
 50
19.224454544829143
 51
199.22445454482914
  0
ARC
  5
13C
330
17
100
AcDbEntity
  8
SLOTS
100
AcDbCircle
 10
7.943025612885428
 20
24.6418040405011
 30
0.0
 40
0.125
100
AcDbArc
 50
199.22445454482914
 51
379.22445454482914
  0
LINE
  5
13D
330
17
100
AcDbEntity
  8
SLOTS
100
AcDbLine
 10
7.065623501554966
 20
24.500505245139873
 30
0.0
 11
6.093428179698874
 21
27.288437984814035
 31
0.0
  0
LINE
  5
13E
330
17
100
AcDbEntity
  8
SLOTS
100
AcDbLine
 10
6.329487159670352
 20
27.37075540687538
 30
0.0
 11
7.301682481526444
 21
24.582822667201217
 31
0.0
  0
ARC
  5
13F
330
17
100
AcDbEntity
  8
SLOTS
100
AcDbCircle
 10
6.211457669684613
 20
27.329596695844707
 30
0.0
 40
0.125
100
AcDbArc
 50
19.224454544829157
 51
199.22445454482914
  0
ARC
  5
140
330
17
100
AcDbEntity
  8
SLOTS
100
AcDbCircle
 10
7.183652991540705
 20
24.541663956170545
 30
0.0
 40
0.125
100
AcDbArc
 50
199.22445454482914
 51
379.22445454482914
  0
LINE
  5
141
330
17
100
AcDbEntity
  8
SLOTS
100
AcDbLine
 10
6.293418921520401
 20
24.43716294921798
 30
0.0
 11
5.310446287215779
 21
27.256001435448905
 31
0.0
  0
LINE
  5
142
330
17
100
AcDbEntity
  8
SLOTS
100
AcDbLine
 10
5.546505267187257
 20
27.33831885751025
 30
0.0
 11
6.529477901491879
 21
24.519480371279325
 31
0.0
  0
ARC
  5
143
330
17
100
AcDbEntity
  8
SLOTS
100
AcDbCircle
 10
5.428475777201518
 20
27.297160146479577
 30
0.0
 40
0.125
100
AcDbArc
 50
19.22445454482917
 51
199.22445454482917
  0
ARC
  5
144
330
17
100
AcDbEntity
  8
SLOTS
100
AcDbCircle
 10
6.41144841150614
 20
24.478321660248653
 30
0.0
 40
0.125
100
AcDbArc
 50
199.22445454482917
 51
379.2244545448292
  0
LINE
  5
145
330
17
100
AcDbEntity
  8
SLOTS
100
AcDbLine
 10
5.521214341485837
 20
24.37382065329609
 30
0.0
 11
4.6636064234153976
 21
26.833154841438056
 31
0.0
  0
LINE
  5
146
330
17
100
AcDbEntity
  8
SLOTS
100
AcDbLine
 10
4.899665403386876
 20
26.9154722634994
 30
0.0
 11
5.757273321457315
 21
24.456138075357433
 31
0.0
  0
ARC
  5
147
330
17
100
AcDbEntity
  8
SLOTS
100
AcDbCircle
 10
4.781635913401137
 20
26.874313552468728
 30
0.0
 40
0.125
100
AcDbArc
 50
19.224454544829186
 51
199.2244545448292
  0
ARC
  5
148
330
17
100
AcDbEntity
  8
SLOTS
100
AcDbCircle
 10
5.639243831471576
 20
24.41497936432676
 30
0.0
 40
0.125
100
AcDbArc
 50
199.2244545448292
 51
379.2244545448292
  0
LINE
  5
149
330
17
100
AcDbEntity
  8
SLOTS
100
AcDbLine
 10
4.740234242175111
 20
24.335643627096896
 30
0.0
 11
4.057752581920562
 21
26.292773971252657
 31
0.0
  0
LINE
  5
14A
330
17
100
AcDbEntity
  8
SLOTS
100
AcDbLine
 10
4.29381156189204
 20
26.375091393314
 30
0.0
 11
4.976293222146589
 21
24.41796104915824
 31
0.0
  0
ARC
  5
14B
330
17
100
AcDbEntity
  8
SLOTS
100
AcDbCircle
 10
4.175782071906301
 20
26.33393268228333
 30
0.0
 40
0.125
100
AcDbArc
 50
19.22445454482917
 51
199.22445454482917
  0
ARC
  5
14C
330
17
100
AcDbEntity
  8
SLOTS
100
AcDbCircle
 10
4.85826373216085
 20
24.37680233812757
 30
0.0
 40
0.125
100
AcDbArc
 50
199.22445454482917
 51
379.2244545448292
  0
LINE
  5
14D
330
17
100
AcDbEntity
  8
SLOTS
100
AcDbLine
 10
3.7399796365687115
 20
24.926272933672962
 30
0.0
 11
3.451898740425725
 21
25.752393101067252
 31
0.0
  0
LINE
  5
14E
330
17
100
AcDbEntity
  8
SLOTS
100
AcDbLine
 10
3.687957720397203
 20
25.834710523128596
 30
0.0
 11
3.9760386165401895
 21
25.008590355734306
 31
0.0
  0
ARC
  5
14F
330
17
100
AcDbEntity
  8
SLOTS
100
AcDbCircle
 10
3.569928230411464
 20
25.793551812097924
 30
0.0
 40
0.125
100
AcDbArc
 50
19.224454544829243
 51
199.22445454482926
  0
ARC
  5
150
330
17
100
AcDbEntity
  8
SLOTS
100
AcDbCircle
 10
3.8580091265544505
 20
24.967431644703634
 30
0.0
 40
0.125
100
AcDbArc
 50
199.22445454482926
 51
379.22445454482926
  0
LINE
  5
151
330
17
100
AcDbEntity
  8
SLOTS
100
AcDbLine
 10
21.09688521625013
 20
26.47982606650305
 30
0.0
 11
24.507949951103782
 21
28.6647668110254
 31
0.0
  0
LINE
  5
152
330
17
100
AcDbEntity
  8
SLOTS
100
AcDbLine
 10
24.642794770217577
 20
28.454251075845896
 30
0.0
 11
21.231730035363924
 21
26.269310331323545
 31
0.0
  0
ARC
  5
153
330
17
100
AcDbEntity
  8
SLOTS
100
AcDbCircle
 10
24.57537236066068
 20
28.55950894343565
 30
0.0
 40
0.125
100
AcDbArc
 50
-57.35860650293781
 51
122.64139349706218
  0
ARC
  5
154
330
17
100
AcDbEntity
  8
SLOTS
100
AcDbCircle
 10
21.164307625807027
 20
26.3745681989133
 30
0.0
 40
0.125
100
AcDbArc
 50
122.64139349706218
 51
302.6413934970622
  0
LINE
  5
155
330
17
100
AcDbEntity
  8
SLOTS
100
AcDbLine
 10
19.806161276192213
 20
26.54372895606889
 30
0.0
 11
24.56887397322014
 21
29.594461157032736
 31
0.0
  0
LINE
  5
156
330
17
100
AcDbEntity
  8
SLOTS
100
AcDbLine
 10
24.703718792333934
 20
29.38394542185323
 30
0.0
 11
19.941006095306008
 21
26.333213220889384
 31
0.0
  0
ARC
  5
157
330
17
100
AcDbEntity
  8
SLOTS
100
AcDbCircle
 10
24.636296382777036
 20
29.489203289442983
 30
0.0
 40
0.125
100
AcDbArc
 50
-57.35860650293782
 51
122.64139349706218
  0
ARC
  5
158
330
17
100
AcDbEntity
  8
SLOTS
100
AcDbCircle
 10
19.87358368574911
 20
26.438471088479137
 30
0.0
 40
0.125
100
AcDbArc
 50
122.64139349706218
 51
302.64139349706215
  0
LINE
  5
159
330
17
100
AcDbEntity
  8
SLOTS
100
AcDbLine
 10
19.22656230429791
 20
27.06313944756082
 30
0.0
 11
23.780681126466696
 21
29.980257867589753
 31
0.0
  0
LINE
  5
15A
330
17
100
AcDbEntity
  8
SLOTS
100
AcDbLine
 10
23.91552594558049
 20
29.769742132410247
 30
0.0
 11
19.361407123411706
 21
26.852623712381313
 31
0.0
  0
ARC
  5
15B
330
17
100
AcDbEntity
  8
SLOTS
100
AcDbCircle
 10
23.848103536023594
 20
29.875
 30
0.0
 40
0.125
100
AcDbArc
 50
-57.35860650293784
 51
122.64139349706215
  0
ARC
  5
15C
330
17
100
AcDbEntity
  8
SLOTS
100
AcDbCircle
 10
19.293984713854808
 20
26.957881579971065
 30
0.0
 40
0.125
100
AcDbArc
 50
122.64139349706215
 51
302.64139349706215
  0
LINE
  5
15D
330
17
100
AcDbEntity
  8
SLOTS
100
AcDbLine
 10
18.646963332403608
 20
27.582549939052743
 30
0.0
 11
22.390193889120404
 21
29.980257867589753
 31
0.0
  0
LINE
  5
15E
330
17
100
AcDbEntity
  8
SLOTS
100
AcDbLine
 10
22.5250387082342
 20
29.769742132410247
 30
0.0
 11
18.781808151517403
 21
27.372034203873238
 31
0.0
  0
ARC
  5
15F
330
17
100
AcDbEntity
  8
SLOTS
100
AcDbCircle
 10
22.4576162986773
 20
29.875
 30
0.0
 40
0.125
100
AcDbArc
 50
-57.35860650293785
 51
122.64139349706215
  0
ARC
  5
160
330
17
100
AcDbEntity
  8
SLOTS
100
AcDbCircle
 10
18.714385741960506
 20
27.47729207146299
 30
0.0
 40
0.125
100
AcDbArc
 50
122.64139349706215
 51
302.64139349706215
  0
LINE
  5
161
330
17
100
AcDbEntity
  8
SLOTS
100
AcDbLine
 10
18.067364360509305
 20
28.10196043054467
 30
0.0
 11
20.999706651774105
 21
29.980257867589753
 31
0.0
  0
LINE
  5
162
330
17
100
AcDbEntity
  8
SLOTS
100
AcDbLine
 10
21.1345514708879
 20
29.769742132410247
 30
0.0
 11
18.2022091796231
 21
27.891444695365163
 31
0.0
  0
ARC
  5
163
330
17
100
AcDbEntity
  8
SLOTS
100
AcDbCircle
 10
21.067129061331002
 20
29.875
 30
0.0
 40
0.125
100
AcDbArc
 50
-57.3586065029378
 51
122.6413934970622
  0
ARC
  5
164
330
17
100
AcDbEntity
  8
SLOTS
100
AcDbCircle
 10
18.134786770066203
 20
27.996702562954916
 30
0.0
 40
0.125
100
AcDbArc
 50
122.6413934970622
 51
302.6413934970622
  0
LINE
  5
165
330
17
100
AcDbEntity
  8
SLOTS
100
AcDbLine
 10
18.759768367660957
 20
29.436146176130553
 30
0.0
 11
19.609219414427805
 21
29.980257867589753
 31
0.0
  0
LINE
  5
166
330
17
100
AcDbEntity
  8
SLOTS
100
AcDbLine
 10
19.7440642335416
 20
29.769742132410247
 30
0.0
 11
18.89461318677475
 21
29.225630440951047
 31
0.0
  0
ARC
  5
167
330
17
100
AcDbEntity
  8
SLOTS
100
AcDbCircle
 10
19.676641823984703
 20
29.875
 30
0.0
 40
0.125
100
AcDbArc
 50
-57.35860650293779
 51
122.64139349706221
  0
ARC
  5
168
330
17
100
AcDbEntity
  8
SLOTS
100
AcDbCircle
 10
18.827190777217854
 20
29.3308883085408
 30
0.0
 40
0.125
100
AcDbArc
 50
122.64139349706221
 51
302.6413934970622
  0
LINE
  5
169
330
17
100
AcDbEntity
  8
SLOTS
100
AcDbLine
 10
5.630765753808841
 20
28.476783500945324
 30
0.0
 11
5.777710421078061
 21
28.10320807453251
 31
0.0
  0
LINE
  5
16A
330
17
100
AcDbEntity
  8
SLOTS
100
AcDbLine
 10
5.545061331992016
 20
28.01169631929072
 30
0.0
 11
5.398116664722796
 21
28.385271745703534
 31
0.0
  0
ARC
  5
16B
330
17
100
AcDbEntity
  8
SLOTS
100
AcDbCircle
 10
5.661385876535038
 20
28.057452196911616
 30
0.0
 40
0.125
100
AcDbArc
 50
-158.52796762781617
 51
21.47203237218382
  0
ARC
  5
16C
330
17
100
AcDbEntity
  8
SLOTS
100
AcDbCircle
 10
5.514441209265819
 20
28.43102762332443
 30
0.0
 40
0.125
100
AcDbArc
 50
21.47203237218382
 51
201.47203237218383
  0
LINE
  5
16D
330
17
100
AcDbEntity
  8
SLOTS
100
AcDbLine
 10
5.868718773557335
 20
29.920755877620895
 30
0.0
 11
6.570722972311781
 21
28.136060163466116
 31
0.0
  0
LINE
  5
16E
330
17
100
AcDbEntity
  8
SLOTS
100
AcDbLine
 10
6.338073883225736
 20
28.044548408224326
 30
0.0
 11
5.636069684471289
 21
29.829244122379105
 31
0.0
  0
ARC
  5
16F
330
17
100
AcDbEntity
  8
SLOTS
100
AcDbCircle
 10
6.4543984277687585
 20
28.09030428584522
 30
0.0
 40
0.125
100
AcDbArc
 50
-158.5279676278161
 51
21.47203237218389
  0
ARC
  5
170
330
17
100
AcDbEntity
  8
SLOTS
100
AcDbCircle
 10
5.752394229014312
 20
29.875
 30
0.0
 40
0.125
100
AcDbArc
 50
21.47203237218389
 51
201.4720323721839
  0
LINE
  5
171
330
17
100
AcDbEntity
  8
SLOTS
100
AcDbLine
 10
6.674653586096629
 20
29.920755877620895
 30
0.0
 11
7.3637355235455
 21
28.168912252399725
 31
0.0
  0
LINE
  5
172
330
17
100
AcDbEntity
  8
SLOTS
100
AcDbLine
 10
7.131086434459455
 20
28.077400497157935
 30
0.0
 11
6.442004497010584
 21
29.829244122379105
 31
0.0
  0
ARC
  5
173
330
17
100
AcDbEntity
  8
SLOTS
100
AcDbCircle
 10
7.247410979002478
 20
28.12315637477883
 30
0.0
 40
0.125
100
AcDbArc
 50
-158.5279676278161
 51
21.47203237218389
  0
ARC
  5
174
330
17
100
AcDbEntity
  8
SLOTS
100
AcDbCircle
 10
6.558329041553606
 20
29.875
 30
0.0
 40
0.125
100
AcDbArc
 50
21.47203237218389
 51
201.4720323721839
  0
LINE
  5
175
330
17
100
AcDbEntity
  8
SLOTS
100
AcDbLine
 10
7.4805883986359225
 20
29.920755877620895
 30
0.0
 11
7.968796711981678
 21
28.679590531332593
 31
0.0
  0
LINE
  5
176
330
17
100
AcDbEntity
  8
SLOTS
100
AcDbLine
 10
7.736147622895633
 20
28.588078776090804
 30
0.0
 11
7.247939309549877
 21
29.829244122379105
 31
0.0
  0
ARC
  5
177
330
17
100
AcDbEntity
  8
SLOTS
100
AcDbCircle
 10
7.8524721674386555
 20
28.6338346537117
 30
0.0
 40
0.125
100
AcDbArc
 50
-158.5279676278161
 51
21.47203237218389
  0
ARC
  5
178
330
17
100
AcDbEntity
  8
SLOTS
100
AcDbCircle
 10
7.3642638540929
 20
29.875
 30
0.0
 40
0.125
100
AcDbArc
 50
21.47203237218389
 51
201.4720323721839
  0
LINE
  5
179
330
17
100
AcDbEntity
  8
SLOTS
100
AcDbLine
 10
8.286523211175219
 20
29.920755877620895
 30
0.0
 11
8.51949951500849
 21
29.32846339320471
 31
0.0
  0
LINE
  5
17A
330
17
100
AcDbEntity
  8
SLOTS
100
AcDbLine
 10
8.286850425922445
 20
29.23695163796292
 30
0.0
 11
8.053874122089173
 21
29.829244122379105
 31
0.0
  0
ARC
  5
17B
330
17
100
AcDbEntity
  8
SLOTS
100
AcDbCircle
 10
8.403174970465468
 20
29.282707515583816
 30
0.0
 40
0.125
100
AcDbArc
 50
-158.52796762781617
 51
21.472032372183833
  0
ARC
  5
17C
330
17
100
AcDbEntity
  8
SLOTS
100
AcDbCircle
 10
8.170198666632196
 20
29.875
 30
0.0
 40
0.125
100
AcDbArc
 50
21.472032372183833
 51
201.47203237218383
  0
LINE
  5
17D
330
17
100
AcDbEntity
  8
SLOTS
100
AcDbLine
 10
25.400912856370415
 20
1.1497246218929364
 30
0.0
 11
25.375593835245642
 21
1.0815059080792713
 31
0.0
  0
LINE
  5
17E
330
17
100
AcDbEntity
  8
SLOTS
100
AcDbLine
 10
25.14121581607156
 20
1.1684940919207287
 30
0.0
 11
25.166534837196334
 21
1.236712805734394
 31
0.0
  0
ARC
  5
17F
330
17
100
AcDbEntity
  8
SLOTS
100
AcDbCircle
 10
25.2584048256586
 20
1.125
 30
0.0
 40
0.125
100
AcDbArc
 50
-200.3621462851529
 51
-20.36214628515289
  0
ARC
  5
180
330
17
100
AcDbEntity
  8
SLOTS
100
AcDbCircle
 10
25.283723846783374
 20
1.1932187138136652
 30
0.0
 40
0.125
100
AcDbArc
 50
-20.36214628515289
 51
159.6378537148471
  0
LINE
  5
181
330
17
100
AcDbEntity
  8
SLOTS
100
AcDbLine
 10
23.005940729674975
 20
1.2456971855658878
 30
0.0
 11
23.301270815880546
 21
1.3252557518517347
 31
0.0
  0
LINE
  5
182
330
17
100
AcDbEntity
  8
SLOTS
100
AcDbLine
 10
23.36629971396359
 20
1.083861380719959
 30
0.0
 11
23.070969627758018
 21
1.0043028144341122
 31
0.0
  0
ARC
  5
183
330
17
100
AcDbEntity
  8
SLOTS
100
AcDbCircle
 10
23.333785264922067
 20
1.204558566285847
 30
0.0
 40
0.125
100
AcDbArc
 50
-74.92307890685542
 51
105.07692109314458
  0
ARC
  5
184
330
17
100
AcDbEntity
  8
SLOTS
100
AcDbCircle
 10
23.038455178716497
 20
1.125
 30
0.0
 40
0.125
100
AcDbArc
 50
105.07692109314458
 51
285.07692109314456
  0
LINE
  5
185
330
17
100
AcDbEntity
  8
SLOTS
100
AcDbLine
 10
20.15919793615371
 20
1.2555543044387059
 30
0.0
 11
25.31563413212039
 21
2.64463956888413
 31
0.0
  0
LINE
  5
186
330
17
100
AcDbEntity
  8
SLOTS
100
AcDbLine
 10
25.380663030203433
 20
2.4032451977523546
 30
0.0
 11
20.224226834236752
 21
1.0141599333069302
 31
0.0
  0
ARC
  5
187
330
17
100
AcDbEntity
  8
SLOTS
100
AcDbCircle
 10
25.34814858116191
 20
2.5239423833182424
 30
0.0
 40
0.125
100
AcDbArc
 50
-74.92307890685544
 51
105.07692109314456
  0
ARC
  5
188
330
17
100
AcDbEntity
  8
SLOTS
100
AcDbCircle
 10
20.19171238519523
 20
1.134857118872818
 30
0.0
 40
0.125
100
AcDbArc
 50
105.07692109314456
 51
285.07692109314456
  0
LINE
  5
189
330
17
100
AcDbEntity
  8
SLOTS
100
AcDbLine
 10
20.35621033774296
 20
2.085364454712233
 30
0.0
 11
25.412364826584216
 21
3.44743496781247
 31
0.0
  0
LINE
  5
18A
330
17
100
AcDbEntity
  8
SLOTS
100
AcDbLine
 10
25.47739372466726
 20
3.2060405966806944
 30
0.0
 11
20.421239235826004
 21
1.8439700835804573
 31
0.0
  0
ARC
  5
18B
330
17
100
AcDbEntity
  8
SLOTS
100
AcDbCircle
 10
25.444879275625738
 20
3.3267377822465822
 30
0.0
 40
0.125
100
AcDbArc
 50
-74.92307890685544
 51
105.07692109314456
  0
ARC
  5
18C
330
17
100
AcDbEntity
  8
SLOTS
100
AcDbCircle
 10
20.388724786784483
 20
1.9646672691463452
 30
0.0
 40
0.125
100
AcDbArc
 50
105.07692109314456
 51
285.07692109314456
  0
LINE
  5
18D
330
17
100
AcDbEntity
  8
SLOTS
100
AcDbLine
 10
20.716381524000685
 20
2.9591277258883477
 30
0.0
 11
24.94142269816305
 21
4.097305764684749
 31
0.0
  0
LINE
  5
18E
330
17
100
AcDbEntity
  8
SLOTS
100
AcDbLine
 10
25.00645159624609
 20
3.855911393552973
 30
0.0
 11
20.781410422083727
 21
2.717733354756572
 31
0.0
  0
ARC
  5
18F
330
17
100
AcDbEntity
  8
SLOTS
100
AcDbCircle
 10
24.97393714720457
 20
3.976608579118861
 30
0.0
 40
0.125
100
AcDbArc
 50
-74.92307890685544
 51
105.07692109314456
  0
ARC
  5
190
330
17
100
AcDbEntity
  8
SLOTS
100
AcDbCircle
 10
20.748895973042206
 20
2.83843054032246
 30
0.0
 40
0.125
100
AcDbArc
 50
105.07692109314456
 51
285.07692109314456
  0
LINE
  5
191
330
17
100
AcDbEntity
  8
SLOTS
100
AcDbLine
 10
21.076552710258408
 20
3.832890997064462
 30
0.0
 11
24.47048056974188
 21
4.747176561557027
 31
0.0
  0
LINE
  5
192
330
17
100
AcDbEntity
  8
SLOTS
100
AcDbLine
 10
24.535509467824923
 20
4.5057821904252515
 30
0.0
 11
21.14158160834145
 21
3.5914966259326864
 31
0.0
  0
ARC
  5
193
330
17
100
AcDbEntity
  8
SLOTS
100
AcDbCircle
 10
24.502995018783402
 20
4.626479375991139
 30
0.0
 40
0.125
100
AcDbArc
 50
-74.92307890685544
 51
105.07692109314456
  0
ARC
  5
194
330
17
100
AcDbEntity
  8
SLOTS
100
AcDbCircle
 10
21.10906715929993
 20
3.712193811498574
 30
0.0
 40
0.125
100
AcDbArc
 50
105.07692109314456
 51
285.07692109314456
  0
LINE
  5
195
330
17
100
AcDbEntity
  8
SLOTS
100
AcDbLine
 10
21.436723896516128
 20
4.706654268240576
 30
0.0
 11
23.999538441320713
 21
5.3970473584293055
 31
0.0
  0
LINE
  5
196
330
17
100
AcDbEntity
  8
SLOTS
100
AcDbLine
 10
24.064567339403755
 20
5.15565298729753
 30
0.0
 11
21.50175279459917
 21
4.4652598971088
 31
0.0
  0
ARC
  5
197
330
17
100
AcDbEntity
  8
SLOTS
100
AcDbCircle
 10
24.032052890362234
 20
5.276350172863418
 30
0.0
 40
0.125
100
AcDbArc
 50
-74.92307890685544
 51
105.07692109314456
  0
ARC
  5
198
330
17
100
AcDbEntity
  8
SLOTS
100
AcDbCircle
 10
21.46923834555765
 20
4.585957082674688
 30
0.0
 40
0.125
100
AcDbArc
 50
105.07692109314456
 51
285.07692109314456
  0
LINE
  5
199
330
17
100
AcDbEntity
  8
SLOTS
100
AcDbLine
 10
21.79689508277385
 20
5.580417539416691
 30
0.0
 11
23.528596312899545
 21
6.046918155301585
 31
0.0
  0
LINE
  5
19A
330
17
100
AcDbEntity
  8
SLOTS
100
AcDbLine
 10
23.593625210982587
 20
5.805523784169809
 30
0.0
 11
21.861923980856893
 21
5.339023168284915
 31
0.0
  0
ARC
  5
19B
330
17
100
AcDbEntity
  8
SLOTS
100
AcDbCircle
 10
23.561110761941066
 20
5.926220969735697
 30
0.0
 40
0.125
100
AcDbArc
 50
-74.92307890685542
 51
105.07692109314458
  0
ARC
  5
19C
330
17
100
AcDbEntity
  8
SLOTS
100
AcDbCircle
 10
21.829409531815372
 20
5.459720353850803
 30
0.0
 40
0.125
100
AcDbArc
 50
105.07692109314458
 51
285.07692109314456
  0
LINE
  5
19D
330
17
100
AcDbEntity
  8
SLOTS
100
AcDbLine
 10
22.157066269031574
 20
6.454180810592804
 30
0.0
 11
23.057654184478377
 21
6.696788952173861
 31
0.0
  0
LINE
  5
19E
330
17
100
AcDbEntity
  8
SLOTS
100
AcDbLine
 10
23.12268308256142
 20
6.455394581042086
 30
0.0
 11
22.222095167114617
 21
6.212786439461028
 31
0.0
  0
ARC
  5
19F
330
17
100
AcDbEntity
  8
SLOTS
100
AcDbCircle
 10
23.090168633519898
 20
6.5760917666079735
 30
0.0
 40
0.125
100
AcDbArc
 50
-74.92307890685544
 51
105.07692109314456
  0
ARC
  5
1A0
330
17
100
AcDbEntity
  8
SLOTS
100
AcDbCircle
 10
22.189580718073096
 20
6.333483625026916
 30
0.0
 40
0.125
100
AcDbArc
 50
105.07692109314456
 51
285.07692109314456
  0
LINE
  5
1A1
330
17
100
AcDbEntity
  8
SLOTS
100
AcDbLine
 10
22.517237455289298
 20
7.327944081768917
 30
0.0
 11
22.58671205605721
 21
7.34665974904614
 31
0.0
  0
LINE
  5
1A2
330
17
100
AcDbEntity
  8
SLOTS
100
AcDbLine
 10
22.65174095414025
 20
7.105265377914364
 30
0.0
 11
22.58226635337234
 21
7.086549710637142
 31
0.0
  0
ARC
  5
1A3
330
17
100
AcDbEntity
  8
SLOTS
100
AcDbCircle
 10
22.61922650509873
 20
7.225962563480252
 30
0.0
 40
0.125
100
AcDbArc
 50
-74.92307890685498
 51
105.07692109314502
  0
ARC
  5
1A4
330
17
100
AcDbEntity
  8
SLOTS
100
AcDbCircle
 10
22.54975190433082
 20
7.20724689620303
 30
0.0
 40
0.125
100
AcDbArc
 50
105.07692109314502
 51
285.076921093145
  0
LINE
  5
1A5
330
17
100
AcDbEntity
  8
SLOTS
100
AcDbLine
 10
26.07303130010193
 20
1.6304025747834459
 30
0.0
 11
28.752694435525918
 21
1.3293391595295583
 31
0.0
  0
LINE
  5
1A6
330
17
100
AcDbEntity
  8
SLOTS
100
AcDbLine
 10
28.72478224370736
 20
1.080902226792326
 30
0.0
 11
26.045119108283373
 21
1.3819656420462136
 31
0.0
  0
ARC
  5
1A7
330
17
100
AcDbEntity
  8
SLOTS
100
AcDbCircle
 10
28.73873833961664
 20
1.2051206931609422
 30
0.0
 40
0.125
100
AcDbArc
 50
-96.41036851243983
 51
83.58963148756017
  0
ARC
  5
1A8
330
17
100
AcDbEntity
  8
SLOTS
100
AcDbCircle
 10
26.059075204192652
 20
1.5061841084148297
 30
0.0
 40
0.125
100
AcDbArc
 50
83.58963148756017
 51
263.58963148756015
  0
LINE
  5
1A9
330
17
100
AcDbEntity
  8
SLOTS
100
AcDbLine
 10
26.065137136791517
 20
2.3860081980388093
 30
0.0
 11
28.81681700543263
 21
2.076853615141066
 31
0.0
  0
LINE
  5
1AA
330
17
100
AcDbEntity
  8
SLOTS
100
AcDbLine
 10
28.78890481361407
 20
1.8284166824038337
 30
0.0
 11
26.03722494497296
 21
2.137571265301577
 31
0.0
  0
ARC
  5
1AB
330
17
100
AcDbEntity
  8
SLOTS
100
AcDbCircle
 10
28.80286090952335
 20
1.9526351487724498
 30
0.0
 40
0.125
100
AcDbArc
 50
-96.41036851243983
 51
83.58963148756017
  0
ARC
  5
1AC
330
17
100
AcDbEntity
  8
SLOTS
100
AcDbCircle
 10
26.051181040882238
 20
2.261789731670193
 30
0.0
 40
0.125
100
AcDbArc
 50
83.58963148756017
 51
263.58963148756015
  0
LINE
  5
1AD
330
17
100
AcDbEntity
  8
SLOTS
100
AcDbLine
 10
26.837258392949206
 20
3.0539781393939536
 30
0.0
 11
28.88093957533934
 21
2.824368070752574
 31
0.0
  0
LINE
  5
1AE
330
17
100
AcDbEntity
  8
SLOTS
100
AcDbLine
 10
28.853027383520782
 20
2.5759311380153416
 30
0.0
 11
26.809346201130648
 21
2.8055412066567214
 31
0.0
  0
ARC
  5
1AF
330
17
100
AcDbEntity
  8
SLOTS
100
AcDbCircle
 10
28.86698347943006
 20
2.7001496043839577
 30
0.0
 40
0.125
100
AcDbArc
 50
-96.41036851243982
 51
83.58963148756018
  0
ARC
  5
1B0
330
17
100
AcDbEntity
  8
SLOTS
100
AcDbCircle
 10
26.823302297039927
 20
2.9297596730253375
 30
0.0
 40
0.125
100
AcDbArc
 50
83.58963148756018
 51
263.58963148756015
  0
LINE
  5
1B1
330
17
100
AcDbEntity
  8
SLOTS
100
AcDbLine
 10
29.543022732587247
 20
1.6077428402584943
 30
0.0
 11
31.145665380499008
 21
1.2469479547918747
 31
0.0
  0
LINE
  5
1B2
330
17
100
AcDbEntity
  8
SLOTS
100
AcDbLine
 10
31.090758320039395
 20
1.0030520452081253
 30
0.0
 11
29.488115672127634
 21
1.363846930674745
 31
0.0
  0
ARC
  5
1B3
330
17
100
AcDbEntity
  8
SLOTS
100
AcDbCircle
 10
31.1182118502692
 20
1.125
 30
0.0
 40
0.125
100
AcDbArc
 50
-102.68719879479599
 51
77.31280120520401
  0
ARC
  5
1B4
330
17
100
AcDbEntity
  8
SLOTS
100
AcDbCircle
 10
29.51556920235744
 20
1.4857948854666196
 30
0.0
 40
0.125
100
AcDbArc
 50
77.31280120520401
 51
257.31280120520404
  0
LINE
  5
1B5
330
17
100
AcDbEntity
  8
SLOTS
100
AcDbLine
 10
29.607719290388914
 20
2.361948609855835
 30
0.0
 11
32.37819884453291
 21
1.7382444704911189
 31
0.0
  0
LINE
  5
1B6
330
17
100
AcDbEntity
  8
SLOTS
100
AcDbLine
 10
32.3232917840733
 20
1.4943485609073694
 30
0.0
 11
29.5528122299293
 21
2.118052700272086
 31
0.0
  0
ARC
  5
1B7
330
17
100
AcDbEntity
  8
SLOTS
100
AcDbCircle
 10
32.350745314303104
 20
1.6162965156992442
 30
0.0
 40
0.125
100
AcDbArc
 50
-102.68719879479599
 51
77.31280120520401
  0
ARC
  5
1B8
330
17
100
AcDbEntity
  8
SLOTS
100
AcDbCircle
 10
29.580265760159108
 20
2.2400006550639606
 30
0.0
 40
0.125
100
AcDbArc
 50
77.31280120520401
 51
257.312801205204
  0
LINE
  5
1B9
330
17
100
AcDbEntity
  8
SLOTS
100
AcDbLine
 10
29.672415848190585
 20
3.116154379453176
 30
0.0
 11
31.835961975557325
 21
2.629086112399291
 31
0.0
  0
LINE
  5
1BA
330
17
100
AcDbEntity
  8
SLOTS
100
AcDbLine
 10
31.781054915097712
 20
2.385190202815542
 30
0.0
 11
29.617508787730973
 21
2.872258469869427
 31
0.0
  0
ARC
  5
1BB
330
17
100
AcDbEntity
  8
SLOTS
100
AcDbCircle
 10
31.80850844532752
 20
2.5071381576074163
 30
0.0
 40
0.125
100
AcDbArc
 50
-102.68719879479598
 51
77.31280120520402
  0
ARC
  5
1BC
330
17
100
AcDbEntity
  8
SLOTS
100
AcDbCircle
 10
29.64496231796078
 20
2.9942064246613014
 30
0.0
 40
0.125
100
AcDbArc
 50
77.31280120520402
 51
257.31280120520404
  0
LINE
  5
1BD
330
17
100
AcDbEntity
  8
SLOTS
100
AcDbLine
 10
33.43629021142049
 20
1.7811856351847541
 30
0.0
 11
33.1976792746897
 21
1.4351429105521316
 31
0.0
  0
LINE
  5
1BE
330
17
100
AcDbEntity
  8
SLOTS
100
AcDbLine
 10
32.99186517724575
 20
1.5770603418047096
 30
0.0
 11
33.23047611397654
 21
1.923103066437332
 31
0.0
  0
ARC
  5
1BF
330
17
100
AcDbEntity
  8
SLOTS
100
AcDbCircle
 10
33.09477222596772
 20
1.5061016261784206
 30
0.0
 40
0.125
100
AcDbArc
 50
-214.58788792781667
 51
-34.58788792781668
  0
ARC
  5
1C0
330
17
100
AcDbEntity
  8
SLOTS
100
AcDbCircle
 10
33.33338316269852
 20
1.8521443508110431
 30
0.0
 40
0.125
100
AcDbArc
 50
-34.58788792781668
 51
145.41211207218333
  0
LINE
  5
1C1
330
17
100
AcDbEntity
  8
SLOTS
100
AcDbLine
 10
34.587941595059675
 20
2.130163837909073
 30
0.0
 11
33.84591007045872
 21
1.05404128437371
 31
0.0
  0
LINE
  5
1C2
330
17
100
AcDbEntity
  8
SLOTS
100
AcDbLine
 10
33.64009597301477
 20
1.19595871562629
 30
0.0
 11
34.38212749761573
 21
2.2720812691616534
 31
0.0
  0
ARC
  5
1C3
330
17
100
AcDbEntity
  8
SLOTS
100
AcDbCircle
 10
33.74300302173675
 20
1.125
 30
0.0
 40
0.125
100
AcDbArc
 50
-214.5878879278173
 51
-34.58788792781729
  0
ARC
  5
1C4
330
17
100
AcDbEntity
  8
SLOTS
100
AcDbCircle
 10
34.4850345463377
 20
2.201122553535363
 30
0.0
 40
0.125
100
AcDbArc
 50
-34.58788792781729
 51
145.4121120721827
  0
LINE
  5
1C5
330
17
100
AcDbEntity
  8
SLOTS
100
AcDbLine
 10
34.977907048721974
 20
1.3745159152144315
 30
0.0
 11
34.756926382405275
 21
1.0540412843737093
 31
0.0
  0
LINE
  5
1C6
330
17
100
AcDbEntity
  8
SLOTS
100
AcDbLine
 10
34.55111228496133
 20
1.1959587156262907
 30
0.0
 11
34.772092951278026
 21
1.516433346467013
 31
0.0
  0
ARC
  5
1C7
330
17
100
AcDbEntity
  8
SLOTS
100
AcDbCircle
 10
34.6540193336833
 20
1.125
 30
0.0
 40
0.125
100
AcDbArc
 50
-214.58788792781763
 51
-34.58788792781762
  0
ARC
  5
1C8
330
17
100
AcDbEntity
  8
SLOTS
100
AcDbCircle
 10
34.875
 20
1.4454746308407223
 30
0.0
 40
0.125
100
AcDbArc
 50
-34.58788792781762
 51
145.41211207218237
  0
LINE
  5
1C9
330
17
100
AcDbEntity
  8
SLOTS
100
AcDbLine
 10
34.95799497525662
 20
6.926002774183601
 30
0.0
 11
34.71393845036426
 21
6.709299646904391
 31
0.0
  0
LINE
  5
1CA
330
17
100
AcDbEntity
  8
SLOTS
100
AcDbLine
 10
34.547948499851024
 20
6.896241713675392
 30
0.0
 11
34.79200502474338
 21
7.1129448409546026
 31
0.0
  0
ARC
  5
1CB
330
17
100
AcDbEntity
  8
SLOTS
100
AcDbCircle
 10
34.63094347510764
 20
6.802770680289892
 30
0.0
 40
0.125
100
AcDbArc
 50
-228.39742635171407
 51
-48.397426351714074
  0
ARC
  5
1CC
330
17
100
AcDbEntity
  8
SLOTS
100
AcDbCircle
 10
34.875
 20
7.019473807569102
 30
0.0
 40
0.125
100
AcDbArc
 50
-48.397426351714074
 51
131.60257364828593
  0
LINE
  5
1CD
330
17
100
AcDbEntity
  8
SLOTS
100
AcDbLine
 10
34.95799497525662
 20
5.923018249412724
 30
0.0
 11
33.70582496590229
 21
4.811189106422194
 31
0.0
  0
LINE
  5
1CE
330
17
100
AcDbEntity
  8
SLOTS
100
AcDbLine
 10
33.53983501538905
 20
4.998131173193197
 30
0.0
 11
34.79200502474338
 21
6.109960316183727
 31
0.0
  0
ARC
  5
1CF
330
17
100
AcDbEntity
  8
SLOTS
100
AcDbCircle
 10
33.62282999064567
 20
4.904660139807696
 30
0.0
 40
0.125
100
AcDbArc
 50
-228.39742635171453
 51
-48.39742635171453
  0
ARC
  5
1D0
330
17
100
AcDbEntity
  8
SLOTS
100
AcDbCircle
 10
34.875
 20
6.016489282798226
 30
0.0
 40
0.125
100
AcDbArc
 50
-48.39742635171453
 51
131.60257364828547
  0
LINE
  5
1D1
330
17
100
AcDbEntity
  8
SLOTS
100
AcDbLine
 10
34.95799497525662
 20
4.920033724641839
 30
0.0
 11
32.69771148144031
 21
2.9130785659399843
 31
0.0
  0
LINE
  5
1D2
330
17
100
AcDbEntity
  8
SLOTS
100
AcDbLine
 10
32.53172153092707
 20
3.1000206327109865
 30
0.0
 11
34.79200502474338
 21
5.106975791412842
 31
0.0
  0
ARC
  5
1D3
330
17
100
AcDbEntity
  8
SLOTS
100
AcDbCircle
 10
32.61471650618369
 20
3.0065495993254854
 30
0.0
 40
0.125
100
AcDbArc
 50
-228.39742635171459
 51
-48.397426351714586
  0
ARC
  5
1D4
330
17
100
AcDbEntity
  8
SLOTS
100
AcDbCircle
 10
34.875
 20
5.013504758027341
 30
0.0
 40
0.125
100
AcDbArc
 50
-48.397426351714586
 51
131.60257364828541
  0
LINE
  5
1D5
330
17
100
AcDbEntity
  8
SLOTS
100
AcDbLine
 10
34.95799497525662
 20
3.9170491998709562
 30
0.0
 11
33.40635445615015
 21
2.539313640242683
 31
0.0
  0
LINE
  5
1D6
330
17
100
AcDbEntity
  8
SLOTS
100
AcDbLine
 10
33.24036450563691
 20
2.726255707013685
 30
0.0
 11
34.79200502474338
 21
4.103991266641959
 31
0.0
  0
ARC
  5
1D7
330
17
100
AcDbEntity
  8
SLOTS
100
AcDbCircle
 10
33.32335948089353
 20
2.632784673628184
 30
0.0
 40
0.125
100
AcDbArc
 50
-228.39742635171453
 51
-48.39742635171453
  0
ARC
  5
1D8
330
17
100
AcDbEntity
  8
SLOTS
100
AcDbCircle
 10
34.875
 20
4.010520233256457
 30
0.0
 40
0.125
100
AcDbArc
 50
-48.39742635171453
 51
131.60257364828547
  0
LINE
  5
1D9
330
17
100
AcDbEntity
  8
SLOTS
100
AcDbLine
 10
34.7297713483166
 20
9.010978263192024
 30
0.0
 11
34.77052662608536
 21
9.073017227862138
 31
0.0
  0
LINE
  5
1DA
330
17
100
AcDbEntity
  8
SLOTS
100
AcDbLine
 10
34.97947337391464
 20
8.9357537710662
 30
0.0
 11
34.93871809614588
 21
8.873714806396086
 31
0.0
  0
ARC
  5
1DB
330
17
100
AcDbEntity
  8
SLOTS
100
AcDbCircle
 10
34.875
 20
9.004385499464169
 30
0.0
 40
0.125
100
AcDbArc
 50
-33.30212574953902
 51
146.69787425046098
  0
ARC
  5
1DC
330
17
100
AcDbEntity
  8
SLOTS
100
AcDbCircle
 10
34.83424472223124
 20
8.942346534794055
 30
0.0
 40
0.125
100
AcDbArc
 50
146.69787425046098
 51
326.697874250461
  0
LINE
  5
1DD
330
17
100
AcDbEntity
  8
SLOTS
100
AcDbLine
 10
33.91037531510871
 20
9.129654158854672
 30
0.0
 11
34.77052662608537
 21
10.439003517124345
 31
0.0
  0
LINE
  5
1DE
330
17
100
AcDbEntity
  8
SLOTS
100
AcDbLine
 10
34.97947337391463
 20
10.301740060328395
 30
0.0
 11
34.11932206293797
 21
8.992390702058723
 31
0.0
  0
ARC
  5
1DF
330
17
100
AcDbEntity
  8
SLOTS
100
AcDbCircle
 10
34.875
 20
10.37037178872637
 30
0.0
 40
0.125
100
AcDbArc
 50
-33.30212574954159
 51
146.69787425045843
  0
ARC
  5
1E0
330
17
100
AcDbEntity
  8
SLOTS
100
AcDbCircle
 10
34.01484868902334
 20
9.061022430456697
 30
0.0
 40
0.125
100
AcDbArc
 50
146.69787425045843
 51
326.6978742504584
  0
LINE
  5
1E1
330
17
100
AcDbEntity
  8
SLOTS
100
AcDbLine
 10
33.090979281900815
 20
9.248330054517314
 30
0.0
 11
34.77052662608537
 21
11.804989806386548
 31
0.0
  0
LINE
  5
1E2
330
17
100
AcDbEntity
  8
SLOTS
100
AcDbLine
 10
34.97947337391463
 20
11.667726349590598
 30
0.0
 11
33.299926029730074
 21
9.111066597721365
 31
0.0
  0
ARC
  5
1E3
330
17
100
AcDbEntity
  8
SLOTS
100
AcDbCircle
 10
34.875
 20
11.736358077988573
 30
0.0
 40
0.125
100
AcDbArc
 50
-33.302125749541524
 51
146.69787425045848
  0
ARC
  5
1E4
330
17
100
AcDbEntity
  8
SLOTS
100
AcDbCircle
 10
33.195452655815444
 20
9.17969832611934
 30
0.0
 40
0.125
100
AcDbArc
 50
146.69787425045848
 51
326.6978742504585
  0
LINE
  5
1E5
330
17
100
AcDbEntity
  8
SLOTS
100
AcDbLine
 10
32.27158324869293
 20
9.367005950179955
 30
0.0
 11
34.77052662608537
 21
13.170976095648737
 31
0.0
  0
LINE
  5
1E6
330
17
100
AcDbEntity
  8
SLOTS
100
AcDbLine
 10
34.97947337391463
 20
13.033712638852787
 30
0.0
 11
32.480529996522186
 21
9.229742493384006
 31
0.0
  0
ARC
  5
1E7
330
17
100
AcDbEntity
  8
SLOTS
100
AcDbCircle
 10
34.875
 20
13.102344367250762
 30
0.0
 40
0.125
100
AcDbArc
 50
-33.3021257495415
 51
146.69787425045848
  0
ARC
  5
1E8
330
17
100
AcDbEntity
  8
SLOTS
100
AcDbCircle
 10
32.37605662260756
 20
9.29837422178198
 30
0.0
 40
0.125
100
AcDbArc
 50
146.69787425045848
 51
326.6978742504585
  0
LINE
  5
1E9
330
17
100
AcDbEntity
  8
SLOTS
100
AcDbLine
 10
31.452187215485026
 20
9.485681845842596
 30
0.0
 11
34.77052662608537
 21
14.536962384910936
 31
0.0
  0
LINE
  5
1EA
330
17
100
AcDbEntity
  8
SLOTS
100
AcDbLine
 10
34.97947337391463
 20
14.399698928114987
 30
0.0
 11
31.661133963314292
 21
9.348418389046646
 31
0.0
  0
ARC
  5
1EB
330
17
100
AcDbEntity
  8
SLOTS
100
AcDbCircle
 10
34.875
 20
14.468330656512961
 30
0.0
 40
0.125
100
AcDbArc
 50
-33.30212574954153
 51
146.69787425045848
  0
ARC
  5
1EC
330
17
100
AcDbEntity
  8
SLOTS
100
AcDbCircle
 10
31.55666058939966
 20
9.41705011744462
 30
0.0
 40
0.125
100
AcDbArc
 50
146.69787425045848
 51
326.6978742504585
  0
LINE
  5
1ED
330
17
100
AcDbEntity
  8
SLOTS
100
AcDbLine
 10
30.63279118227713
 20
9.604357741505238
 30
0.0
 11
34.208962107951635
 21
15.048117515908038
 31
0.0
  0
LINE
  5
1EE
330
17
100
AcDbEntity
  8
SLOTS
100
AcDbLine
 10
34.417908855780894
 20
14.910854059112088
 30
0.0
 11
30.841737930106397
 21
9.467094284709288
 31
0.0
  0
ARC
  5
1EF
330
17
100
AcDbEntity
  8
SLOTS
100
AcDbCircle
 10
34.313435481866264
 20
14.979485787510063
 30
0.0
 40
0.125
100
AcDbArc
 50
-33.3021257495415
 51
146.69787425045848
  0
ARC
  5
1F0
330
17
100
AcDbEntity
  8
SLOTS
100
AcDbCircle
 10
30.737264556191764
 20
9.535726013107263
 30
0.0
 40
0.125
100
AcDbArc
 50
146.69787425045848
 51
326.6978742504585
  0
LINE
  5
1F1
330
17
100
AcDbEntity
  8
SLOTS
100
AcDbLine
 10
29.813395149069233
 20
9.72303363716788
 30
0.0
 11
33.493795991788836
 21
15.325455467018275
 31
0.0
  0
LINE
  5
1F2
330
17
100
AcDbEntity
  8
SLOTS
100
AcDbLine
 10
33.702742739618095
 20
15.188192010222325
 30
0.0
 11
30.0223418968985
 21
9.58577018037193
 31
0.0
  0
ARC
  5
1F3
330
17
100
AcDbEntity
  8
SLOTS
100
AcDbCircle
 10
33.598269365703466
 20
15.2568237386203
 30
0.0
 40
0.125
100
AcDbArc
 50
-33.30212574954152
 51
146.69787425045848
  0
ARC
  5
1F4
330
17
100
AcDbEntity
  8
SLOTS
100
AcDbCircle
 10
29.917868522983866
 20
9.654401908769906
 30
0.0
 40
0.125
100
AcDbArc
 50
146.69787425045848
 51
326.6978742504585
  0
LINE
  5
1F5
330
17
100
AcDbEntity
  8
SLOTS
100
AcDbLine
 10
29.221829352304095
 20
10.188519878956754
 30
0.0
 11
32.53704916654412
 21
15.235051670403232
 31
0.0
  0
LINE
  5
1F6
330
17
100
AcDbEntity
  8
SLOTS
100
AcDbLine
 10
32.74599591437338
 20
15.097788213607283
 30
0.0
 11
29.43077610013336
 21
10.051256422160805
 31
0.0
  0
ARC
  5
1F7
330
17
100
AcDbEntity
  8
SLOTS
100
AcDbCircle
 10
32.64152254045875
 20
15.166419942005257
 30
0.0
 40
0.125
100
AcDbArc
 50
-33.30212574954153
 51
146.69787425045848
  0
ARC
  5
1F8
330
17
100
AcDbEntity
  8
SLOTS
100
AcDbCircle
 10
29.326302726218728
 20
10.11988815055878
 30
0.0
 40
0.125
100
AcDbArc
 50
146.69787425045848
 51
326.6978742504585
  0
LINE
  5
1F9
330
17
100
AcDbEntity
  8
SLOTS
100
AcDbLine
 10
28.635681645307407
 20
10.662253707270047
 30
0.0
 11
31.216485126153415
 21
14.590833874902385
 31
0.0
  0
LINE
  5
1FA
330
17
100
AcDbEntity
  8
SLOTS
100
AcDbLine
 10
31.42543187398268
 20
14.453570418106436
 30
0.0
 11
28.844628393136674
 21
10.524990250474097
 31
0.0
  0
ARC
  5
1FB
330
17
100
AcDbEntity
  8
SLOTS
100
AcDbCircle
 10
31.32095850006805
 20
14.52220214650441
 30
0.0
 40
0.125
100
AcDbArc
 50
-33.30212574954151
 51
146.69787425045848
  0
ARC
  5
1FC
330
17
100
AcDbEntity
  8
SLOTS
100
AcDbCircle
 10
28.74015501922204
 20
10.593621978872072
 30
0.0
 40
0.125
100
AcDbArc
 50
146.69787425045848
 51
326.6978742504585
  0
LINE
  5
1FD
330
17
100
AcDbEntity
  8
SLOTS
100
AcDbLine
 10
31.684025588651963
 20
3.463250461223431
 30
0.0
 11
31.943213226917706
 21
3.487752117401656
 31
0.0
  0
LINE
  5
1FE
330
17
100
AcDbEntity
  8
SLOTS
100
AcDbLine
 10
31.966741457707357
 20
3.238861735193124
 30
0.0
 11
31.707553819441614
 21
3.214360079014899
 31
0.0
  0
ARC
  5
1FF
330
17
100
AcDbEntity
  8
SLOTS
100
AcDbCircle
 10
31.95497734231253
 20
3.36330692629739
 30
0.0
 40
0.125
100
AcDbArc
 50
-84.59973469814227
 51
95.40026530185773
  0
ARC
  5
200
330
17
100
AcDbEntity
  8
SLOTS
100
AcDbCircle
 10
31.69578970404679
 20
3.338805270119165
 30
0.0
 40
0.125
100
AcDbArc
 50
95.40026530185773
 51
275.40026530185776
  0
LINE
  5
201
330
17
100
AcDbEntity
  8
SLOTS
100
AcDbLine
 10
29.963469264803308
 20
4.053945659733431
 30
0.0
 11
32.364475309162096
 21
4.28091877069794
 31
0.0
  0
LINE
  5
202
330
17
100
AcDbEntity
  8
SLOTS
100
AcDbLine
 10
32.38800353995175
 20
4.032028388489409
 30
0.0
 11
29.98699749559296
 21
3.8050552775249
 31
0.0
  0
ARC
  5
203
330
17
100
AcDbEntity
  8
SLOTS
100
AcDbCircle
 10
32.37623942455692
 20
4.1564735795936745
 30
0.0
 40
0.125
100
AcDbArc
 50
-84.59973469814221
 51
95.40026530185779
  0
ARC
  5
204
330
17
100
AcDbEntity
  8
SLOTS
100
AcDbCircle
 10
29.975233380198134
 20
3.9295004686291657
 30
0.0
 40
0.125
100
AcDbArc
 50
95.40026530185779
 51
275.40026530185776
  0
LINE
  5
205
330
17
100
AcDbEntity
  8
SLOTS
100
AcDbLine
 10
29.77799803942273
 20
4.789756294838515
 30
0.0
 11
32.78573739140649
 21
5.074085423994225
 31
0.0
  0
LINE
  5
206
330
17
100
AcDbEntity
  8
SLOTS
100
AcDbLine
 10
32.80926562219614
 20
4.825195041785694
 30
0.0
 11
29.80152627021238
 21
4.540865912629984
 31
0.0
  0
ARC
  5
207
330
17
100
AcDbEntity
  8
SLOTS
100
AcDbCircle
 10
32.79750150680132
 20
4.949640232889959
 30
0.0
 40
0.125
100
AcDbArc
 50
-84.59973469814223
 51
95.40026530185777
  0
ARC
  5
208
330
17
100
AcDbEntity
  8
SLOTS
100
AcDbCircle
 10
29.789762154817556
 20
4.66531110373425
 30
0.0
 40
0.125
100
AcDbArc
 50
95.40026530185777
 51
275.40026530185776
  0
LINE
  5
209
330
17
100
AcDbEntity
  8
SLOTS
100
AcDbLine
 10
29.83188873413568
 20
5.54819441136028
 30
0.0
 11
33.20699947365088
 21
5.867252077290509
 31
0.0
  0
LINE
  5
20A
330
17
100
AcDbEntity
  8
SLOTS
100
AcDbLine
 10
33.23052770444053
 20
5.618361695081978
 30
0.0
 11
29.855416964925332
 21
5.299304029151749
 31
0.0
  0
ARC
  5
20B
330
17
100
AcDbEntity
  8
SLOTS
100
AcDbCircle
 10
33.21876358904571
 20
5.742806886186243
 30
0.0
 40
0.125
100
AcDbArc
 50
-84.59973469814223
 51
95.40026530185777
  0
ARC
  5
20C
330
17
100
AcDbEntity
  8
SLOTS
100
AcDbCircle
 10
29.843652849530507
 20
5.423749220256014
 30
0.0
 40
0.125
100
AcDbArc
 50
95.40026530185777
 51
275.40026530185776
  0
LINE
  5
20D
330
17
100
AcDbEntity
  8
SLOTS
100
AcDbLine
 10
29.885779428848632
 20
6.306632527882043
 30
0.0
 11
33.62826155589527
 21
6.660418730586793
 31
0.0
  0
LINE
  5
20E
330
17
100
AcDbEntity
  8
SLOTS
100
AcDbLine
 10
33.65178978668492
 20
6.411528348378262
 30
0.0
 11
29.909307659638284
 21
6.0577421456735125
 31
0.0
  0
ARC
  5
20F
330
17
100
AcDbEntity
  8
SLOTS
100
AcDbCircle
 10
33.6400256712901
 20
6.535973539482527
 30
0.0
 40
0.125
100
AcDbArc
 50
-84.59973469814223
 51
95.40026530185777
  0
ARC
  5
210
330
17
100
AcDbEntity
  8
SLOTS
100
AcDbCircle
 10
29.897543544243458
 20
6.182187336777778
 30
0.0
 40
0.125
100
AcDbArc
 50
95.40026530185777
 51
275.40026530185776
  0
LINE
  5
211
330
17
100
AcDbEntity
  8
SLOTS
100
AcDbLine
 10
29.93967012356158
 20
7.065070644403808
 30
0.0
 11
34.04952363813967
 21
7.453585383883078
 31
0.0
  0
LINE
  5
212
330
17
100
AcDbEntity
  8
SLOTS
100
AcDbLine
 10
34.07305186892932
 20
7.204695001674547
 30
0.0
 11
29.96319835435123
 21
6.816180262195277
 31
0.0
  0
ARC
  5
213
330
17
100
AcDbEntity
  8
SLOTS
100
AcDbCircle
 10
34.061287753534494
 20
7.329140192778812
 30
0.0
 40
0.125
100
AcDbArc
 50
-84.59973469814224
 51
95.40026530185776
  0
ARC
  5
214
330
17
100
AcDbEntity
  8
SLOTS
100
AcDbCircle
 10
29.951434238956406
 20
6.940625453299543
 30
0.0
 40
0.125
100
AcDbArc
 50
95.40026530185776
 51
275.40026530185776
  0
LINE
  5
215
330
17
100
AcDbEntity
  8
SLOTS
100
AcDbLine
 10
29.99356081827453
 20
7.823508760925572
 30
0.0
 11
34.47078572038406
 21
8.246752037179363
 31
0.0
  0
LINE
  5
216
330
17
100
AcDbEntity
  8
SLOTS
100
AcDbLine
 10
34.49431395117371
 20
7.997861654970831
 30
0.0
 11
30.017089049064182
 21
7.574618378717041
 31
0.0
  0
ARC
  5
217
330
17
100
AcDbEntity
  8
SLOTS
100
AcDbCircle
 10
34.48254983577888
 20
8.122306846075096
 30
0.0
 40
0.125
100
AcDbArc
 50
-84.59973469814223
 51
95.40026530185777
  0
ARC
  5
218
330
17
100
AcDbEntity
  8
SLOTS
100
AcDbCircle
 10
30.005324933669357
 20
7.699063569821306
 30
0.0
 40
0.125
100
AcDbArc
 50
95.40026530185777
 51
275.40026530185776
  0
LINE
  5
219
330
17
100
AcDbEntity
  8
SLOTS
100
AcDbLine
 10
30.047451512987482
 20
8.581946877447338
 30
0.0
 11
31.796251304958634
 21
8.747265298935853
 31
0.0
  0
LINE
  5
21A
330
17
100
AcDbEntity
  8
SLOTS
100
AcDbLine
 10
31.819779535748285
 20
8.49837491672732
 30
0.0
 11
30.070979743777134
 21
8.333056495238806
 31
0.0
  0
ARC
  5
21B
330
17
100
AcDbEntity
  8
SLOTS
100
AcDbCircle
 10
31.80801542035346
 20
8.622820107831586
 30
0.0
 40
0.125
100
AcDbArc
 50
-84.59973469814224
 51
95.40026530185776
  0
ARC
  5
21C
330
17
100
AcDbEntity
  8
SLOTS
100
AcDbCircle
 10
30.059215628382308
 20
8.457501686343072
 30
0.0
 40
0.125
100
AcDbArc
 50
95.40026530185776
 51
275.40026530185776
  0
LINE
  5
21D
330
17
100
AcDbEntity
  8
SLOTS
100
AcDbLine
 10
34.04743337960856
 20
15.985694117601193
 30
0.0
 11
34.82931241660152
 21
16.29271378737252
 31
0.0
  0
LINE
  5
21E
330
17
100
AcDbEntity
  8
SLOTS
100
AcDbLine
 10
34.92068758339848
 20
16.06001101795877
 30
0.0
 11
34.13880854640553
 21
15.752991348187448
 31
0.0
  0
ARC
  5
21F
330
17
100
AcDbEntity
  8
SLOTS
100
AcDbCircle
 10
34.875
 20
16.176362402665646
 30
0.0
 40
0.125
100
AcDbArc
 50
-68.56160213921221
 51
111.43839786078779
  0
ARC
  5
220
330
17
100
AcDbEntity
  8
SLOTS
100
AcDbCircle
 10
34.093120963007046
 20
15.86934273289432
 30
0.0
 40
0.125
100
AcDbArc
 50
111.43839786078779
 51
291.4383978607878
  0
LINE
  5
221
330
17
100
AcDbEntity
  8
SLOTS
100
AcDbLine
 10
33.45784869078843
 20
16.559931377668075
 30
0.0
 11
34.82931241660152
 21
17.09846268530087
 31
0.0
  0
LINE
  5
222
330
17
100
AcDbEntity
  8
SLOTS
100
AcDbLine
 10
34.92068758339848
 20
16.86575991588712
 30
0.0
 11
33.549223857585396
 21
16.327228608254327
 31
0.0
  0
ARC
  5
223
330
17
100
AcDbEntity
  8
SLOTS
100
AcDbCircle
 10
34.875
 20
16.982111300593996
 30
0.0
 40
0.125
100
AcDbArc
 50
-68.56160213921217
 51
111.43839786078783
  0
ARC
  5
224
330
17
100
AcDbEntity
  8
SLOTS
100
AcDbCircle
 10
33.503536274186914
 20
16.4435799929612
 30
0.0
 40
0.125
100
AcDbArc
 50
111.43839786078783
 51
291.43839786078786
  0
LINE
  5
225
330
17
100
AcDbEntity
  8
SLOTS
100
AcDbLine
 10
33.427907606349414
 20
17.35392333952046
 30
0.0
 11
34.82931241660152
 21
17.904211583229216
 31
0.0
  0
LINE
  5
226
330
17
100
AcDbEntity
  8
SLOTS
100
AcDbLine
 10
34.92068758339848
 20
17.671508813815468
 30
0.0
 11
33.51928277314638
 21
17.12122057010671
 31
0.0
  0
ARC
  5
227
330
17
100
AcDbEntity
  8
SLOTS
100
AcDbCircle
 10
34.875
 20
17.787860198522342
 30
0.0
 40
0.125
100
AcDbArc
 50
-68.56160213921223
 51
111.43839786078777
  0
ARC
  5
228
330
17
100
AcDbEntity
  8
SLOTS
100
AcDbCircle
 10
33.4735951897479
 20
17.237571954813586
 30
0.0
 40
0.125
100
AcDbArc
 50
111.43839786078777
 51
291.43839786078775
  0
LINE
  5
229
330
17
100
AcDbEntity
  8
SLOTS
100
AcDbLine
 10
33.49593035988629
 20
18.186382664944276
 30
0.0
 11
34.82931241660152
 21
18.709960481157566
 31
0.0
  0
LINE
  5
22A
330
17
100
AcDbEntity
  8
SLOTS
100
AcDbLine
 10
34.92068758339848
 20
18.477257711743817
 30
0.0
 11
33.58730552668325
 21
17.953679895530527
 31
0.0
  0
ARC
  5
22B
330
17
100
AcDbEntity
  8
SLOTS
100
AcDbCircle
 10
34.875
 20
18.59360909645069
 30
0.0
 40
0.125
100
AcDbArc
 50
-68.56160213921216
 51
111.43839786078784
  0
ARC
  5
22C
330
17
100
AcDbEntity
  8
SLOTS
100
AcDbCircle
 10
33.54161794328477
 20
18.0700312802374
 30
0.0
 40
0.125
100
AcDbArc
 50
111.43839786078784
 51
291.43839786078786
  0
LINE
  5
22D
330
17
100
AcDbEntity
  8
SLOTS
100
AcDbLine
 10
33.602515205310944
 20
19.03398412893036
 30
0.0
 11
34.57127193071152
 21
19.414384876167578
 31
0.0
  0
LINE
  5
22E
330
17
100
AcDbEntity
  8
SLOTS
100
AcDbLine
 10
34.66264709750848
 20
19.18168210675383
 30
0.0
 11
33.69389037210791
 21
18.80128135951661
 31
0.0
  0
ARC
  5
22F
330
17
100
AcDbEntity
  8
SLOTS
100
AcDbCircle
 10
34.61695951411
 20
19.298033491460703
 30
0.0
 40
0.125
100
AcDbArc
 50
-68.56160213921211
 51
111.43839786078789
  0
ARC
  5
230
330
17
100
AcDbEntity
  8
SLOTS
100
AcDbCircle
 10
33.648202788709426
 20
18.917632744223486
 30
0.0
 40
0.125
100
AcDbArc
 50
111.43839786078789
 51
291.43839786078786
  0
LINE
  5
231
330
17
100
AcDbEntity
  8
SLOTS
100
AcDbLine
 10
5.634339075764315
 20
17.304714025014228
 30
0.0
 11
5.932913478989614
 21
18.061719513192614
 31
0.0
  0
LINE
  5
232
330
17
100
AcDbEntity
  8
SLOTS
100
AcDbLine
 10
6.165477829109954
 20
17.96999261935496
 30
0.0
 11
5.866903425884654
 21
17.212987131176575
 31
0.0
  0
ARC
  5
233
330
17
100
AcDbEntity
  8
SLOTS
100
AcDbCircle
 10
6.049195654049784
 20
18.015856066273788
 30
0.0
 40
0.125
100
AcDbArc
 50
-21.525025392745533
 51
158.47497460725447
  0
ARC
  5
234
330
17
100
AcDbEntity
  8
SLOTS
100
AcDbCircle
 10
5.7506212508244845
 20
17.2588505780954
 30
0.0
 40
0.125
100
AcDbArc
 50
158.47497460725447
 51
338.47497460725447
  0
LINE
  5
235
330
17
100
AcDbEntity
  8
SLOTS
100
AcDbLine
 10
4.456058200979392
 20
16.361412423013814
 30
0.0
 11
5.7349265595665555
 21
19.60385502911239
 31
0.0
  0
LINE
  5
236
330
17
100
AcDbEntity
  8
SLOTS
100
AcDbLine
 10
5.967490909686895
 20
19.512128135274736
 30
0.0
 11
4.688622551099732
 21
16.26968552917616
 31
0.0
  0
ARC
  5
237
330
17
100
AcDbEntity
  8
SLOTS
100
AcDbCircle
 10
5.851208734626725
 20
19.557991582193562
 30
0.0
 40
0.125
100
AcDbArc
 50
-21.52502539274552
 51
158.47497460725447
  0
ARC
  5
238
330
17
100
AcDbEntity
  8
SLOTS
100
AcDbCircle
 10
4.572340376039562
 20
16.315548976094988
 30
0.0
 40
0.125
100
AcDbArc
 50
158.47497460725447
 51
338.47497460725447
  0
LINE
  5
239
330
17
100
AcDbEntity
  8
SLOTS
100
AcDbLine
 10
3.6434357100200305
 20
16.345201021527057
 30
0.0
 11
5.370315266849965
 21
20.723531138984857
 31
0.0
  0
LINE
  5
23A
330
17
100
AcDbEntity
  8
SLOTS
100
AcDbLine
 10
5.602879616970305
 20
20.631804245147205
 30
0.0
 11
3.8760000601403704
 21
16.253474127689405
 31
0.0
  0
ARC
  5
23B
330
17
100
AcDbEntity
  8
SLOTS
100
AcDbCircle
 10
5.486597441910135
 20
20.67766769206603
 30
0.0
 40
0.125
100
AcDbArc
 50
-21.525025392745533
 51
158.47497460725447
  0
ARC
  5
23C
330
17
100
AcDbEntity
  8
SLOTS
100
AcDbCircle
 10
3.7597178850802004
 20
16.29933757460823
 30
0.0
 40
0.125
100
AcDbArc
 50
158.47497460725447
 51
338.47497460725447
  0
LINE
  5
23D
330
17
100
AcDbEntity
  8
SLOTS
100
AcDbLine
 10
3.0128968730389056
 20
16.79064448355212
 30
0.0
 11
5.0057039741333735
 21
21.84320724885733
 31
0.0
  0
LINE
  5
23E
330
17
100
AcDbEntity
  8
SLOTS
100
AcDbLine
 10
5.238268324253713
 20
21.751480355019677
 30
0.0
 11
3.2454612231592455
 21
16.69891758971447
 31
0.0
  0
ARC
  5
23F
330
17
100
AcDbEntity
  8
SLOTS
100
AcDbCircle
 10
5.1219861491935434
 20
21.797343801938503
 30
0.0
 40
0.125
100
AcDbArc
 50
-21.52502539274552
 51
158.47497460725447
  0
ARC
  5
240
330
17
100
AcDbEntity
  8
SLOTS
100
AcDbCircle
 10
3.1291790480990755
 20
16.744781036633295
 30
0.0
 40
0.125
100
AcDbArc
 50
158.47497460725447
 51
338.47497460725447
  0
LINE
  5
241
330
17
100
AcDbEntity
  8
SLOTS
100
AcDbLine
 10
2.3989325797790144
 20
17.278111040743713
 30
0.0
 11
4.641092681416782
 21
22.9628833587298
 31
0.0
  0
LINE
  5
242
330
17
100
AcDbEntity
  8
SLOTS
100
AcDbLine
 10
4.873657031537122
 20
22.87115646489215
 30
0.0
 11
2.6314969298993542
 21
17.18638414690606
 31
0.0
  0
ARC
  5
243
330
17
100
AcDbEntity
  8
SLOTS
100
AcDbCircle
 10
4.757374856476952
 20
22.917019911810975
 30
0.0
 40
0.125
100
AcDbArc
 50
-21.525025392745505
 51
158.4749746072545
  0
ARC
  5
244
330
17
100
AcDbEntity
  8
SLOTS
100
AcDbCircle
 10
2.5152147548391843
 20
17.232247593824887
 30
0.0
 40
0.125
100
AcDbArc
 50
158.4749746072545
 51
338.47497460725447
  0
LINE
  5
245
330
17
100
AcDbEntity
  8
SLOTS
100
AcDbLine
 10
1.8284715728986831
 20
17.875875822389172
 30
0.0
 11
4.194579289531664
 21
23.874904901117056
 31
0.0
  0
LINE
  5
246
330
17
100
AcDbEntity
  8
SLOTS
100
AcDbLine
 10
4.427143639652003
 20
23.783178007279403
 30
0.0
 11
2.0610359230190225
 21
17.78414892855152
 31
0.0
  0
ARC
  5
247
330
17
100
AcDbEntity
  8
SLOTS
100
AcDbCircle
 10
4.3108614645918335
 20
23.82904145419823
 30
0.0
 40
0.125
100
AcDbArc
 50
-21.52502539274552
 51
158.47497460725447
  0
ARC
  5
248
330
17
100
AcDbEntity
  8
SLOTS
100
AcDbCircle
 10
1.9447537479588528
 20
17.830012375470346
 30
0.0
 40
0.125
100
AcDbArc
 50
158.47497460725447
 51
338.47497460725447
  0
LINE
  5
249
330
17
100
AcDbEntity
  8
SLOTS
100
AcDbLine
 10
1.7194980783276672
 20
19.643695959651737
 30
0.0
 11
3.5406474979014964
 21
24.261037870136896
 31
0.0
  0
LINE
  5
24A
330
17
100
AcDbEntity
  8
SLOTS
100
AcDbLine
 10
3.773211848021836
 20
24.169310976299244
 30
0.0
 11
1.9520624284480066
 21
19.551969065814085
 31
0.0
  0
ARC
  5
24B
330
17
100
AcDbEntity
  8
SLOTS
100
AcDbCircle
 10
3.6569296729616663
 20
24.21517442321807
 30
0.0
 40
0.125
100
AcDbArc
 50
-21.52502539274552
 51
158.47497460725447
  0
ARC
  5
24C
330
17
100
AcDbEntity
  8
SLOTS
100
AcDbCircle
 10
1.835780253387837
 20
19.59783251273291
 30
0.0
 40
0.125
100
AcDbArc
 50
158.47497460725447
 51
338.47497460725447
  0
LINE
  5
24D
330
17
100
AcDbEntity
  8
SLOTS
100
AcDbLine
 10
1.7956914376525728
 20
21.880988104942283
 30
0.0
 11
2.8867157062713296
 21
24.64717083915674
 31
0.0
  0
LINE
  5
24E
330
17
100
AcDbEntity
  8
SLOTS
100
AcDbLine
 10
3.1192800563916694
 20
24.555443945319087
 30
0.0
 11
2.0282557877729124
 21
21.78926121110463
 31
0.0
  0
ARC
  5
24F
330
17
100
AcDbEntity
  8
SLOTS
100
AcDbCircle
 10
3.0029978813314995
 20
24.601307392237914
 30
0.0
 40
0.125
100
AcDbArc
 50
-21.52502539274552
 51
158.47497460725447
  0
ARC
  5
250
330
17
100
AcDbEntity
  8
SLOTS
100
AcDbCircle
 10
1.9119736127127425
 20
21.835124658023457
 30
0.0
 40
0.125
100
AcDbArc
 50
158.47497460725447
 51
338.47497460725447
  0
LINE
  5
251
330
17
100
AcDbEntity
  8
SLOTS
100
AcDbLine
 10
1.8718847969774783
 20
24.11828025023283
 30
0.0
 11
2.2208611543162906
 21
25.00307484379562
 31
0.0
  0
LINE
  5
252
330
17
100
AcDbEntity
  8
SLOTS
100
AcDbLine
 10
2.4534255044366295
 20
24.911347949957968
 30
0.0
 11
2.1044491470978177
 21
24.026553356395176
 31
0.0
  0
ARC
  5
253
330
17
100
AcDbEntity
  8
SLOTS
100
AcDbCircle
 10
2.33714332937646
 20
24.957211396876794
 30
0.0
 40
0.125
100
AcDbArc
 50
-21.52502539274556
 51
158.47497460725444
  0
ARC
  5
254
330
17
100
AcDbEntity
  8
SLOTS
100
AcDbCircle
 10
1.988166972037648
 20
24.072416803314002
 30
0.0
 40
0.125
100
AcDbArc
 50
158.47497460725444
 51
338.47497460725447
  0
LINE
  5
255
330
17
100
AcDbEntity
  8
SLOTS
100
AcDbLine
 10
2.9470813244819225
 20
13.67328802652561
 30
0.0
 11
3.054696134671455
 21
15.79725779836187
 31
0.0
  0
LINE
  5
256
330
17
100
AcDbEntity
  8
SLOTS
100
AcDbLine
 10
3.304375860251664
 20
15.784607318758642
 30
0.0
 11
3.1967610500621313
 21
13.660637546922382
 31
0.0
  0
ARC
  5
257
330
17
100
AcDbEntity
  8
SLOTS
100
AcDbCircle
 10
3.1795359974615596
 20
15.790932558560256
 30
0.0
 40
0.125
100
AcDbArc
 50
-2.9005150805226805
 51
177.09948491947733
  0
ARC
  5
258
330
17
100
AcDbEntity
  8
SLOTS
100
AcDbCircle
 10
3.071921187272027
 20
13.666962786723996
 30
0.0
 40
0.125
100
AcDbArc
 50
177.09948491947733
 51
357.09948491947733
  0
LINE
  5
259
330
17
100
AcDbEntity
  8
SLOTS
100
AcDbLine
 10
2.196744271097315
 20
13.685623560289011
 30
0.0
 11
2.329684789991225
 21
16.309441258667075
 31
0.0
  0
LINE
  5
25A
330
17
100
AcDbEntity
  8
SLOTS
100
AcDbLine
 10
2.579364515571434
 20
16.296790779063844
 30
0.0
 11
2.446423996677524
 21
13.672973080685784
 31
0.0
  0
ARC
  5
25B
330
17
100
AcDbEntity
  8
SLOTS
100
AcDbCircle
 10
2.4545246527813296
 20
16.30311601886546
 30
0.0
 40
0.125
100
AcDbArc
 50
-2.9005150805226947
 51
177.0994849194773
  0
ARC
  5
25C
330
17
100
AcDbEntity
  8
SLOTS
100
AcDbCircle
 10
2.3215841338874195
 20
13.679298320487398
 30
0.0
 40
0.125
100
AcDbArc
 50
177.0994849194773
 51
357.0994849194773
  0
LINE
  5
25D
330
17
100
AcDbEntity
  8
SLOTS
100
AcDbLine
 10
1.4464072177127079
 20
13.697959094052411
 30
0.0
 11
1.562113011969556
 21
15.981618833776183
 31
0.0
  0
LINE
  5
25E
330
17
100
AcDbEntity
  8
SLOTS
100
AcDbLine
 10
1.8117927375497649
 20
15.968968354172956
 30
0.0
 11
1.6960869432929166
 21
13.685308614449184
 31
0.0
  0
ARC
  5
25F
330
17
100
AcDbEntity
  8
SLOTS
100
AcDbCircle
 10
1.6869528747596605
 20
15.97529359397457
 30
0.0
 40
0.125
100
AcDbArc
 50
-2.9005150805226805
 51
177.09948491947733
  0
ARC
  5
260
330
17
100
AcDbEntity
  8
SLOTS
100
AcDbCircle
 10
1.5712470805028123
 20
13.691633854250798
 30
0.0
 40
0.125
100
AcDbArc
 50
177.09948491947733
 51
357.09948491947733
  0
LINE
  5
261
330
17
100
AcDbEntity
  8
SLOTS
100
AcDbLine
 10
5.631385390401137
 20
3.208857943576242
 30
0.0
 11
8.553615731631716
 21
3.7678749453106213
 31
0.0
  0
LINE
  5
262
330
17
100
AcDbEntity
  8
SLOTS
100
AcDbLine
 10
8.600588486926032
 20
3.5223274748287197
 30
0.0
 11
5.678358145695455
 21
2.9633104730943405
 31
0.0
  0
ARC
  5
263
330
17
100
AcDbEntity
  8
SLOTS
100
AcDbCircle
 10
8.577102109278874
 20
3.6451012100696705
 30
0.0
 40
0.125
100
AcDbArc
 50
-79.1702678790761
 51
100.8297321209239
  0
ARC
  5
264
330
17
100
AcDbEntity
  8
SLOTS
100
AcDbCircle
 10
5.654871768048296
 20
3.0860842083352913
 30
0.0
 40
0.125
100
AcDbArc
 50
100.8297321209239
 51
280.8297321209239
  0
LINE
  5
265
330
17
100
AcDbEntity
  8
SLOTS
100
AcDbLine
 10
5.6156812415059845
 20
3.969453572968434
 30
0.0
 11
10.6647041968276
 21
4.935321880592455
 31
0.0
  0
LINE
  5
266
330
17
100
AcDbEntity
  8
SLOTS
100
AcDbLine
 10
10.711676952121916
 20
4.689774410110554
 30
0.0
 11
5.6626539968003025
 21
3.7239061024865325
 31
0.0
  0
ARC
  5
267
330
17
100
AcDbEntity
  8
SLOTS
100
AcDbCircle
 10
10.688190574474758
 20
4.812548145351505
 30
0.0
 40
0.125
100
AcDbArc
 50
-79.1702678790761
 51
100.8297321209239
  0
ARC
  5
268
330
17
100
AcDbEntity
  8
SLOTS
100
AcDbCircle
 10
5.6391676191531435
 20
3.8466798377274833
 30
0.0
 40
0.125
100
AcDbArc
 50
100.8297321209239
 51
280.8297321209239
  0
LINE
  5
269
330
17
100
AcDbEntity
  8
SLOTS
100
AcDbLine
 10
5.599977092610832
 20
4.730049202360626
 30
0.0
 11
10.680558349032506
 21
5.701954551833086
 31
0.0
  0
LINE
  5
26A
330
17
100
AcDbEntity
  8
SLOTS
100
AcDbLine
 10
10.727531104326822
 20
5.456407081351185
 30
0.0
 11
5.64694984790515
 21
4.4845017318787255
 31
0.0
  0
ARC
  5
26B
330
17
100
AcDbEntity
  8
SLOTS
100
AcDbCircle
 10
10.704044726679664
 20
5.579180816592135
 30
0.0
 40
0.125
100
AcDbArc
 50
-79.1702678790761
 51
100.8297321209239
  0
ARC
  5
26C
330
17
100
AcDbEntity
  8
SLOTS
100
AcDbCircle
 10
5.623463470257991
 20
4.607275467119676
 30
0.0
 40
0.125
100
AcDbArc
 50
100.8297321209239
 51
280.8297321209239
  0
LINE
  5
26D
330
17
100
AcDbEntity
  8
SLOTS
100
AcDbLine
 10
5.584272943715679
 20
5.490644831752819
 30
0.0
 11
10.696412501237411
 21
6.468587223073716
 31
0.0
  0
LINE
  5
26E
330
17
100
AcDbEntity
  8
SLOTS
100
AcDbLine
 10
10.743385256531727
 20
6.2230397525918155
 30
0.0
 11
5.631245699009997
 21
5.245097361270918
 31
0.0
  0
ARC
  5
26F
330
17
100
AcDbEntity
  8
SLOTS
100
AcDbCircle
 10
10.71989887888457
 20
6.345813487832766
 30
0.0
 40
0.125
100
AcDbArc
 50
-79.17026787907612
 51
100.82973212092388
  0
ARC
  5
270
330
17
100
AcDbEntity
  8
SLOTS
100
AcDbCircle
 10
5.607759321362838
 20
5.367871096511869
 30
0.0
 40
0.125
100
AcDbArc
 50
100.82973212092388
 51
280.8297321209239
  0
LINE
  5
271
330
17
100
AcDbEntity
  8
SLOTS
100
AcDbLine
 10
5.568568794820527
 20
6.251240461145011
 30
0.0
 11
10.712266653442317
 21
7.235219894314348
 31
0.0
  0
LINE
  5
272
330
17
100
AcDbEntity
  8
SLOTS
100
AcDbLine
 10
10.759239408736633
 20
6.989672423832447
 30
0.0
 11
5.615541550114845
 21
6.0056929906631105
 31
0.0
  0
ARC
  5
273
330
17
100
AcDbEntity
  8
SLOTS
100
AcDbCircle
 10
10.735753031089475
 20
7.112446159073397
 30
0.0
 40
0.125
100
AcDbArc
 50
-79.1702678790761
 51
100.8297321209239
  0
ARC
  5
274
330
17
100
AcDbEntity
  8
SLOTS
100
AcDbCircle
 10
5.592055172467686
 20
6.128466725904061
 30
0.0
 40
0.125
100
AcDbArc
 50
100.8297321209239
 51
280.8297321209239
  0
LINE
  5
275
330
17
100
AcDbEntity
  8
SLOTS
100
AcDbLine
 10
5.8014815643070525
 20
7.059396025266936
 30
0.0
 11
10.728120805647222
 21
8.001852565554978
 31
0.0
  0
LINE
  5
276
330
17
100
AcDbEntity
  8
SLOTS
100
AcDbLine
 10
10.775093560941539
 20
7.756305095073078
 30
0.0
 11
5.8484543196013705
 21
6.813848554785035
 31
0.0
  0
ARC
  5
277
330
17
100
AcDbEntity
  8
SLOTS
100
AcDbCircle
 10
10.75160718329438
 20
7.879078830314028
 30
0.0
 40
0.125
100
AcDbArc
 50
-79.17026787907612
 51
100.82973212092388
  0
ARC
  5
278
330
17
100
AcDbEntity
  8
SLOTS
100
AcDbCircle
 10
5.8249679419542115
 20
6.936622290025985
 30
0.0
 40
0.125
100
AcDbArc
 50
100.82973212092388
 51
280.8297321209239
  0
LINE
  5
279
330
17
100
AcDbEntity
  8
SLOTS
100
AcDbLine
 10
6.254493525851101
 20
7.909656138332917
 30
0.0
 11
9.055548069995972
 21
8.445492444892835
 31
0.0
  0
LINE
  5
27A
330
17
100
AcDbEntity
  8
SLOTS
100
AcDbLine
 10
9.102520825290288
 20
8.199944974410933
 30
0.0
 11
6.301466281145419
 21
7.664108667851016
 31
0.0
  0
ARC
  5
27B
330
17
100
AcDbEntity
  8
SLOTS
100
AcDbCircle
 10
9.07903444764313
 20
8.322718709651884
 30
0.0
 40
0.125
100
AcDbArc
 50
-79.17026787907614
 51
100.82973212092386
  0
ARC
  5
27C
330
17
100
AcDbEntity
  8
SLOTS
100
AcDbCircle
 10
6.27797990349826
 20
7.786882403091966
 30
0.0
 40
0.125
100
AcDbArc
 50
100.82973212092386
 51
280.8297321209239
  0
LINE
  5
27D
330
17
100
AcDbEntity
  8
SLOTS
100
AcDbLine
 10
11.80849910087253
 20
2.901031474086388
 30
0.0
 11
10.071612465259257
 21
3.3014995371033096
 31
0.0
  0
LINE
  5
27E
330
17
100
AcDbEntity
  8
SLOTS
100
AcDbLine
 10
10.127780476400439
 20
3.5451081464020047
 30
0.0
 11
11.864667112013711
 21
3.144640083385083
 31
0.0
  0
ARC
  5
27F
330
17
100
AcDbEntity
  8
SLOTS
100
AcDbCircle
 10
10.099696470829848
 20
3.423303841752657
 30
0.0
 40
0.125
100
AcDbArc
 50
77.01640604038244
 51
257.01640604038244
  0
ARC
  5
280
330
17
100
AcDbEntity
  8
SLOTS
100
AcDbCircle
 10
11.83658310644312
 20
3.0228357787357356
 30
0.0
 40
0.125
100
AcDbArc
 50
257.01640604038244
 51
437.01640604038244
  0
LINE
  5
281
330
17
100
AcDbEntity
  8
SLOTS
100
AcDbLine
 10
11.570513637893177
 20
2.1862257438405086
 30
0.0
 11
8.814201620116304
 21
2.8217392610710808
 31
0.0
  0
LINE
  5
282
330
17
100
AcDbEntity
  8
SLOTS
100
AcDbLine
 10
8.870369631257486
 20
3.065347870369776
 30
0.0
 11
11.626681649034358
 21
2.4298343531392037
 31
0.0
  0
ARC
  5
283
330
17
100
AcDbEntity
  8
SLOTS
100
AcDbCircle
 10
8.842285625686895
 20
2.9435435657204283
 30
0.0
 40
0.125
100
AcDbArc
 50
77.01640604038244
 51
257.01640604038244
  0
ARC
  5
284
330
17
100
AcDbEntity
  8
SLOTS
100
AcDbCircle
 10
11.598597643463767
 20
2.308030048489856
 30
0.0
 40
0.125
100
AcDbArc
 50
257.01640604038244
 51
437.01640604038244
  0
LINE
  5
285
330
17
100
AcDbEntity
  8
SLOTS
100
AcDbLine
 10
11.332528174913822
 20
1.4714200135946305
 30
0.0
 11
7.556790774973355
 21
2.341978985038853
 31
0.0
  0
LINE
  5
286
330
17
100
AcDbEntity
  8
SLOTS
100
AcDbLine
 10
7.612958786114535
 20
2.585587594337548
 30
0.0
 11
11.388696186055004
 21
1.7150286228933256
 31
0.0
  0
ARC
  5
287
330
17
100
AcDbEntity
  8
SLOTS
100
AcDbCircle
 10
7.584874780543945
 20
2.4637832896882004
 30
0.0
 40
0.125
100
AcDbArc
 50
77.01640604038244
 51
257.01640604038244
  0
ARC
  5
288
330
17
100
AcDbEntity
  8
SLOTS
100
AcDbCircle
 10
11.360612180484413
 20
1.593224318243978
 30
0.0
 40
0.125
100
AcDbArc
 50
257.01640604038244
 51
437.01640604038244
  0
LINE
  5
289
330
17
100
AcDbEntity
  8
SLOTS
100
AcDbLine
 10
10.025084249079077
 20
1.0031956953506524
 30
0.0
 11
6.299379929830403
 21
1.8622187090066242
 31
0.0
  0
LINE
  5
28A
330
17
100
AcDbEntity
  8
SLOTS
100
AcDbLine
 10
6.355547940971583
 20
2.105827318305319
 30
0.0
 11
10.081252260220259
 21
1.2468043046493476
 31
0.0
  0
ARC
  5
28B
330
17
100
AcDbEntity
  8
SLOTS
100
AcDbCircle
 10
6.327463935400993
 20
1.9840230136559718
 30
0.0
 40
0.125
100
AcDbArc
 50
77.01640604038244
 51
257.01640604038244
  0
ARC
  5
28C
330
17
100
AcDbEntity
  8
SLOTS
100
AcDbCircle
 10
10.053168254649668
 20
1.125
 30
0.0
 40
0.125
100
AcDbArc
 50
257.01640604038244
 51
437.01640604038244
  0
LINE
  5
28D
330
17
100
AcDbEntity
  8
SLOTS
100
AcDbLine
 10
6.686885224571866
 20
1.0031956953506524
 30
0.0
 11
5.281789615908073
 21
1.327163826152978
 31
0.0
  0
LINE
  5
28E
330
17
100
AcDbEntity
  8
SLOTS
100
AcDbLine
 10
5.337957627049253
 20
1.570772435451673
 30
0.0
 11
6.743053235713046
 21
1.2468043046493476
 31
0.0
  0
ARC
  5
28F
330
17
100
AcDbEntity
  8
SLOTS
100
AcDbCircle
 10
5.309873621478663
 20
1.4489681308023254
 30
0.0
 40
0.125
100
AcDbArc
 50
77.01640604038244
 51
257.01640604038244
  0
ARC
  5
290
330
17
100
AcDbEntity
  8
SLOTS
100
AcDbCircle
 10
6.714969230142456
 20
1.125
 30
0.0
 40
0.125
100
AcDbArc
 50
257.01640604038244
 51
437.01640604038244
  0
LINE
  5
291
330
17
100
AcDbEntity
  8
SLOTS
100
AcDbLine
 10
4.004651394957889
 20
13.185835188909268
 30
0.0
 11
3.808489776936408
 21
13.262744836025552
 31
0.0
  0
LINE
  5
292
330
17
100
AcDbEntity
  8
SLOTS
100
AcDbLine
 10
3.8997447138118075
 20
13.495494780162746
 30
0.0
 11
4.095906331833288
 21
13.418585133046461
 31
0.0
  0
ARC
  5
293
330
17
100
AcDbEntity
  8
SLOTS
100
AcDbCircle
 10
3.8541172453741077
 20
13.37911980809415
 30
0.0
 40
0.125
100
AcDbArc
 50
68.59120199639668
 51
248.59120199639668
  0
ARC
  5
294
330
17
100
AcDbEntity
  8
SLOTS
100
AcDbCircle
 10
4.050278863395588
 20
13.302210160977864
 30
0.0
 40
0.125
100
AcDbArc
 50
248.59120199639668
 51
428.59120199639665
  0
LINE
  5
295
330
17
100
AcDbEntity
  8
SLOTS
100
AcDbLine
 10
4.459332193026631
 20
12.201981601424658
 30
0.0
 11
3.3005707647709794
 21
12.656300511708862
 31
0.0
  0
LINE
  5
296
330
17
100
AcDbEntity
  8
SLOTS
100
AcDbLine
 10
3.391825701646381
 20
12.889050455846055
 30
0.0
 11
4.550587129902032
 21
12.434731545561851
 31
0.0
  0
ARC
  5
297
330
17
100
AcDbEntity
  8
SLOTS
100
AcDbCircle
 10
3.34619823320868
 20
12.772675483777459
 30
0.0
 40
0.125
100
AcDbArc
 50
68.59120199639642
 51
248.59120199639642
  0
ARC
  5
298
330
17
100
AcDbEntity
  8
SLOTS
100
AcDbCircle
 10
4.504959661464332
 20
12.318356573493254
 30
0.0
 40
0.125
100
AcDbArc
 50
248.59120199639642
 51
428.5912019963964
  0
LINE
  5
299
330
17
100
AcDbEntity
  8
SLOTS
100
AcDbLine
 10
4.914012991095373
 20
11.21812801394005
 30
0.0
 11
2.8410693511083
 21
12.030872960945413
 31
0.0
  0
LINE
  5
29A
330
17
100
AcDbEntity
  8
SLOTS
100
AcDbLine
 10
2.9323242879837013
 20
12.263622905082606
 30
0.0
 11
5.005267927970775
 21
11.450877958077243
 31
0.0
  0
ARC
  5
29B
330
17
100
AcDbEntity
  8
SLOTS
100
AcDbCircle
 10
2.8866968195460005
 20
12.14724793301401
 30
0.0
 40
0.125
100
AcDbArc
 50
68.59120199639642
 51
248.59120199639642
  0
ARC
  5
29C
330
17
100
AcDbEntity
  8
SLOTS
100
AcDbCircle
 10
4.959640459533074
 20
11.334502986008646
 30
0.0
 40
0.125
100
AcDbArc
 50
248.59120199639642
 51
428.5912019963964
  0
LINE
  5
29D
330
17
100
AcDbEntity
  8
SLOTS
100
AcDbLine
 10
5.368693789164117
 20
10.23427442645544
 30
0.0
 11
2.38156793744562
 21
11.405445410181962
 31
0.0
  0
LINE
  5
29E
330
17
100
AcDbEntity
  8
SLOTS
100
AcDbLine
 10
2.4728228743210203
 20
11.638195354319155
 30
0.0
 11
5.459948726039518
 21
10.467024370592634
 31
0.0
  0
ARC
  5
29F
330
17
100
AcDbEntity
  8
SLOTS
100
AcDbCircle
 10
2.42719540588332
 20
11.521820382250558
 30
0.0
 40
0.125
100
AcDbArc
 50
68.59120199639648
 51
248.59120199639648
  0
ARC
  5
2A0
330
17
100
AcDbEntity
  8
SLOTS
100
AcDbCircle
 10
5.414321257601817
 20
10.350649398524038
 30
0.0
 40
0.125
100
AcDbArc
 50
248.59120199639648
 51
428.5912019963965
  0
LINE
  5
2A1
330
17
100
AcDbEntity
  8
SLOTS
100
AcDbLine
 10
5.82337458723286
 20
9.25042083897083
 30
0.0
 11
1.9941192420270888
 21
10.751767943916082
 31
0.0
  0
LINE
  5
2A2
330
17
100
AcDbEntity
  8
SLOTS
100
AcDbLine
 10
2.0853741789024896
 20
10.984517888053276
 30
0.0
 11
5.914629524108261
 21
9.483170783108024
 31
0.0
  0
ARC
  5
2A3
330
17
100
AcDbEntity
  8
SLOTS
100
AcDbCircle
 10
2.0397467104647893
 20
10.868142915984679
 30
0.0
 40
0.125
100
AcDbArc
 50
68.59120199639645
 51
248.59120199639645
  0
ARC
  5
2A4
330
17
100
AcDbEntity
  8
SLOTS
100
AcDbCircle
 10
5.869002055670561
 20
9.366795811039427
 30
0.0
 40
0.125
100
AcDbArc
 50
248.59120199639645
 51
428.5912019963964
  0
LINE
  5
2A5
330
17
100
AcDbEntity
  8
SLOTS
100
AcDbLine
 10
5.799985086177134
 20
8.454005642203478
 30
0.0
 11
1.7984839362511225
 21
10.022885652881817
 31
0.0
  0
LINE
  5
2A6
330
17
100
AcDbEntity
  8
SLOTS
100
AcDbLine
 10
1.8897388731265234
 20
10.25563559701901
 30
0.0
 11
5.891240023052536
 21
8.686755586340672
 31
0.0
  0
ARC
  5
2A7
330
17
100
AcDbEntity
  8
SLOTS
100
AcDbCircle
 10
1.844111404688823
 20
10.139260624950413
 30
0.0
 40
0.125
100
AcDbArc
 50
68.59120199639645
 51
248.59120199639645
  0
ARC
  5
2A8
330
17
100
AcDbEntity
  8
SLOTS
100
AcDbCircle
 10
5.845612554614835
 20
8.570380614272075
 30
0.0
 40
0.125
100
AcDbArc
 50
248.59120199639645
 51
428.5912019963964
  0
LINE
  5
2A9
330
17
100
AcDbEntity
  8
SLOTS
100
AcDbLine
 10
5.444941594638052
 20
7.787622974888397
 30
0.0
 11
2.440314790616327
 21
8.965655607083239
 31
0.0
  0
LINE
  5
2AA
330
17
100
AcDbEntity
  8
SLOTS
100
AcDbLine
 10
2.5315697274917275
 20
9.198405551220432
 30
0.0
 11
5.536196531513453
 21
8.02037291902559
 31
0.0
  0
ARC
  5
2AB
330
17
100
AcDbEntity
  8
SLOTS
100
AcDbCircle
 10
2.485942259054027
 20
9.082030579151835
 30
0.0
 40
0.125
100
AcDbArc
 50
68.59120199639645
 51
248.59120199639645
  0
ARC
  5
2AC
330
17
100
AcDbEntity
  8
SLOTS
100
AcDbCircle
 10
5.490569063075752
 20
7.903997946956994
 30
0.0
 40
0.125
100
AcDbArc
 50
248.59120199639645
 51
428.5912019963964
  0
LINE
  5
2AD
330
17
100
AcDbEntity
  8
SLOTS
100
AcDbLine
 10
5.08989810309897
 20
7.121240307573316
 30
0.0
 11
4.6989847131719555
 21
7.274506839403338
 31
0.0
  0
LINE
  5
2AE
330
17
100
AcDbEntity
  8
SLOTS
100
AcDbLine
 10
4.790239650047357
 20
7.507256783540531
 30
0.0
 11
5.1811530399743715
 21
7.35399025171051
 31
0.0
  0
ARC
  5
2AF
330
17
100
AcDbEntity
  8
SLOTS
100
AcDbCircle
 10
4.744612181609656
 20
7.390881811471934
 30
0.0
 40
0.125
100
AcDbArc
 50
68.59120199639639
 51
248.5912019963964
  0
ARC
  5
2B0
330
17
100
AcDbEntity
  8
SLOTS
100
AcDbCircle
 10
5.135525571536671
 20
7.237615279641913
 30
0.0
 40
0.125
100
AcDbArc
 50
248.5912019963964
 51
428.5912019963964
  0
LINE
  5
2B1
330
17
100
AcDbEntity
  8
SLOTS
100
AcDbLine
 10
5.194204700033626
 20
12.909460107371427
 30
0.0
 11
7.561488020885604
 21
9.302017272025504
 31
0.0
  0
LINE
  5
2B2
330
17
100
AcDbEntity
  8
SLOTS
100
AcDbLine
 10
7.352473357861988
 20
9.164857253648703
 30
0.0
 11
4.9851900370100095
 21
12.772300088994626
 31
0.0
  0
ARC
  5
2B3
330
17
100
AcDbEntity
  8
SLOTS
100
AcDbCircle
 10
7.456980689373796
 20
9.233437262837104
 30
0.0
 40
0.125
100
AcDbArc
 50
-146.7262337333285
 51
33.27376626667148
  0
ARC
  5
2B4
330
17
100
AcDbEntity
  8
SLOTS
100
AcDbCircle
 10
5.089697368521818
 20
12.840880098183026
 30
0.0
 40
0.125
100
AcDbArc
 50
33.27376626667148
 51
213.2737662666715
  0
LINE
  5
2B5
330
17
100
AcDbEntity
  8
SLOTS
100
AcDbLine
 10
5.648144540570325
 20
13.584729171150535
 30
0.0
 11
8.519481725605008
 21
9.209171473946881
 31
0.0
  0
LINE
  5
2B6
330
17
100
AcDbEntity
  8
SLOTS
100
AcDbLine
 10
8.310467062581392
 20
9.072011455570081
 30
0.0
 11
5.4391298775467085
 21
13.447569152773735
 31
0.0
  0
ARC
  5
2B7
330
17
100
AcDbEntity
  8
SLOTS
100
AcDbCircle
 10
8.4149743940932
 20
9.140591464758481
 30
0.0
 40
0.125
100
AcDbArc
 50
-146.7262337333285
 51
33.27376626667147
  0
ARC
  5
2B8
330
17
100
AcDbEntity
  8
SLOTS
100
AcDbCircle
 10
5.543637209058517
 20
13.516149161962135
 30
0.0
 40
0.125
100
AcDbArc
 50
33.27376626667147
 51
213.2737662666715
  0
LINE
  5
2B9
330
17
100
AcDbEntity
  8
SLOTS
100
AcDbLine
 10
6.959681016376436
 20
12.953128537387073
 30
0.0
 11
9.477475430324416
 21
9.11632567586826
 31
0.0
  0
LINE
  5
2BA
330
17
100
AcDbEntity
  8
SLOTS
100
AcDbLine
 10
9.2684607673008
 20
8.97916565749146
 30
0.0
 11
6.75066635335282
 21
12.815968519010273
 31
0.0
  0
ARC
  5
2BB
330
17
100
AcDbEntity
  8
SLOTS
100
AcDbCircle
 10
9.372968098812608
 20
9.04774566667986
 30
0.0
 40
0.125
100
AcDbArc
 50
-146.7262337333285
 51
33.27376626667148
  0
ARC
  5
2BC
330
17
100
AcDbEntity
  8
SLOTS
100
AcDbCircle
 10
6.855173684864628
 20
12.884548528198673
 30
0.0
 40
0.125
100
AcDbArc
 50
33.27376626667148
 51
213.2737662666715
  0
LINE
  5
2BD
330
17
100
AcDbEntity
  8
SLOTS
100
AcDbLine
 10
8.271217492182544
 20
12.321527903623615
 30
0.0
 11
10.435469135043823
 21
9.023479877789638
 31
0.0
  0
LINE
  5
2BE
330
17
100
AcDbEntity
  8
SLOTS
100
AcDbLine
 10
10.226454472020206
 20
8.886319859412838
 30
0.0
 11
8.062202829158927
 21
12.184367885246814
 31
0.0
  0
ARC
  5
2BF
330
17
100
AcDbEntity
  8
SLOTS
100
AcDbCircle
 10
10.330961803532015
 20
8.954899868601238
 30
0.0
 40
0.125
100
AcDbArc
 50
-146.72623373332854
 51
33.273766266671466
  0
ARC
  5
2C0
330
17
100
AcDbEntity
  8
SLOTS
100
AcDbCircle
 10
8.166710160670736
 20
12.252947894435215
 30
0.0
 40
0.125
100
AcDbArc
 50
33.273766266671466
 51
213.27376626667146
  0
LINE
  5
2C1
330
17
100
AcDbEntity
  8
SLOTS
100
AcDbLine
 10
9.582753967988653
 20
11.689927269860153
 30
0.0
 11
11.194817079016458
 21
9.233345301500846
 31
0.0
  0
LINE
  5
2C2
330
17
100
AcDbEntity
  8
SLOTS
100
AcDbLine
 10
10.985802415992842
 20
9.096185283124045
 30
0.0
 11
9.373739304965037
 21
11.552767251483353
 31
0.0
  0
ARC
  5
2C3
330
17
100
AcDbEntity
  8
SLOTS
100
AcDbCircle
 10
11.09030974750465
 20
9.164765292312445
 30
0.0
 40
0.125
100
AcDbArc
 50
-146.7262337333285
 51
33.27376626667149
  0
ARC
  5
2C4
330
17
100
AcDbEntity
  8
SLOTS
100
AcDbCircle
 10
9.478246636476845
 20
11.621347260671753
 30
0.0
 40
0.125
100
AcDbArc
 50
33.27376626667149
 51
213.2737662666715
  0
LINE
  5
2C5
330
17
100
AcDbEntity
  8
SLOTS
100
AcDbLine
 10
10.894290443794759
 20
11.058326636096695
 30
0.0
 11
11.614565990465623
 21
9.960717052391464
 31
0.0
  0
LINE
  5
2C6
330
17
100
AcDbEntity
  8
SLOTS
100
AcDbLine
 10
11.405551327442007
 20
9.823557034014664
 30
0.0
 11
10.685275780771143
 21
10.921166617719894
 31
0.0
  0
ARC
  5
2C7
330
17
100
AcDbEntity
  8
SLOTS
100
AcDbCircle
 10
11.510058658953815
 20
9.892137043203064
 30
0.0
 40
0.125
100
AcDbArc
 50
-146.7262337333285
 51
33.2737662666715
  0
ARC
  5
2C8
330
17
100
AcDbEntity
  8
SLOTS
100
AcDbCircle
 10
10.78978311228295
 20
10.989746626908294
 30
0.0
 40
0.125
100
AcDbArc
 50
33.2737662666715
 51
213.2737662666715
  0
LINE
  5
2C9
330
17
100
AcDbEntity
  8
SLOTS
100
AcDbLine
 10
16.287302054966155
 20
11.367368164197776
 30
0.0
 11
13.883678977070993
 21
11.077149837431401
 31
0.0
  0
LINE
  5
2CA
330
17
100
AcDbEntity
  8
SLOTS
100
AcDbLine
 10
13.85371112470532
 20
11.325347194034146
 30
0.0
 11
16.257334202600482
 21
11.615565520800521
 31
0.0
  0
ARC
  5
2CB
330
17
100
AcDbEntity
  8
SLOTS
100
AcDbCircle
 10
13.868695050888157
 20
11.201248515732773
 30
0.0
 40
0.125
100
AcDbArc
 50
-263.1153186849324
 51
-83.11531868493242
  0
ARC
  5
2CC
330
17
100
AcDbEntity
  8
SLOTS
100
AcDbCircle
 10
16.27231812878332
 20
11.491466842499149
 30
0.0
 40
0.125
100
AcDbArc
 50
-83.11531868493242
 51
96.88468131506758
  0
LINE
  5
2CD
330
17
100
AcDbEntity
  8
SLOTS
100
AcDbLine
 10
17.101130944979623
 20
10.710184307746689
 30
0.0
 11
12.622603271014768
 21
10.169437790595932
 31
0.0
  0
LINE
  5
2CE
330
17
100
AcDbEntity
  8
SLOTS
100
AcDbLine
 10
12.592635418649095
 20
10.417635147198677
 30
0.0
 11
17.07116309261395
 21
10.958381664349433
 31
0.0
  0
ARC
  5
2CF
330
17
100
AcDbEntity
  8
SLOTS
100
AcDbCircle
 10
12.607619344831932
 20
10.293536468897305
 30
0.0
 40
0.125
100
AcDbArc
 50
-263.1153186849324
 51
-83.11531868493239
  0
ARC
  5
2D0
330
17
100
AcDbEntity
  8
SLOTS
100
AcDbCircle
 10
17.086147018796787
 20
10.834282986048061
 30
0.0
 40
0.125
100
AcDbArc
 50
-83.11531868493239
 51
96.88468131506761
  0
LINE
  5
2D1
330
17
100
AcDbEntity
  8
SLOTS
100
AcDbLine
 10
17.376384737850977
 20
9.987971801434446
 30
0.0
 11
12.154001772163609
 21
9.357410687267478
 31
0.0
  0
LINE
  5
2D2
330
17
100
AcDbEntity
  8
SLOTS
100
AcDbLine
 10
12.124033919797936
 20
9.605608043870223
 30
0.0
 11
17.346416885485304
 21
10.23616915803719
 31
0.0
  0
ARC
  5
2D3
330
17
100
AcDbEntity
  8
SLOTS
100
AcDbCircle
 10
12.139017845980772
 20
9.48150936556885
 30
0.0
 40
0.125
100
AcDbArc
 50
-263.1153186849324
 51
-83.11531868493239
  0
ARC
  5
2D4
330
17
100
AcDbEntity
  8
SLOTS
100
AcDbCircle
 10
17.36140081166814
 20
10.112070479735818
 30
0.0
 40
0.125
100
AcDbArc
 50
-83.11531868493239
 51
96.88468131506761
  0
LINE
  5
2D5
330
17
100
AcDbEntity
  8
SLOTS
100
AcDbLine
 10
17.061514056510788
 20
9.19450646889309
 30
0.0
 11
11.685400273312451
 21
8.545383583939028
 31
0.0
  0
LINE
  5
2D6
330
17
100
AcDbEntity
  8
SLOTS
100
AcDbLine
 10
11.655432420946779
 20
8.793580940541773
 30
0.0
 11
17.031546204145116
 21
9.442703825495835
 31
0.0
  0
ARC
  5
2D7
330
17
100
AcDbEntity
  8
SLOTS
100
AcDbCircle
 10
11.670416347129615
 20
8.6694822622404
 30
0.0
 40
0.125
100
AcDbArc
 50
-263.1153186849324
 51
-83.11531868493239
  0
ARC
  5
2D8
330
17
100
AcDbEntity
  8
SLOTS
100
AcDbCircle
 10
17.04653013032795
 20
9.318605147194463
 30
0.0
 40
0.125
100
AcDbArc
 50
-83.11531868493239
 51
96.88468131506761
  0
LINE
  5
2D9
330
17
100
AcDbEntity
  8
SLOTS
100
AcDbLine
 10
16.746643375170596
 20
8.401041136351733
 30
0.0
 11
11.517054016494054
 21
7.769609907675309
 31
0.0
  0
LINE
  5
2DA
330
17
100
AcDbEntity
  8
SLOTS
100
AcDbLine
 10
11.487086164128382
 20
8.017807264278053
 30
0.0
 11
16.716675522804923
 21
8.649238492954478
 31
0.0
  0
ARC
  5
2DB
330
17
100
AcDbEntity
  8
SLOTS
100
AcDbCircle
 10
11.502070090311218
 20
7.893708585976681
 30
0.0
 40
0.125
100
AcDbArc
 50
-263.1153186849324
 51
-83.11531868493239
  0
ARC
  5
2DC
330
17
100
AcDbEntity
  8
SLOTS
100
AcDbCircle
 10
16.73165944898776
 20
8.525139814653105
 30
0.0
 40
0.125
100
AcDbArc
 50
-83.11531868493239
 51
96.88468131506761
  0
LINE
  5
2DD
330
17
100
AcDbEntity
  8
SLOTS
100
AcDbLine
 10
16.431772693830407
 20
7.607575803810375
 30
0.0
 11
11.50139207495255
 21
7.012271645395855
 31
0.0
  0
LINE
  5
2DE
330
17
100
AcDbEntity
  8
SLOTS
100
AcDbLine
 10
11.471424222586878
 20
7.260469001998598
 30
0.0
 11
16.401804841464735
 21
7.8557731604131185
 31
0.0
  0
ARC
  5
2DF
330
17
100
AcDbEntity
  8
SLOTS
100
AcDbCircle
 10
11.486408148769714
 20
7.136370323697227
 30
0.0
 40
0.125
100
AcDbArc
 50
-263.1153186849324
 51
-83.11531868493239
  0
ARC
  5
2E0
330
17
100
AcDbEntity
  8
SLOTS
100
AcDbCircle
 10
16.41678876764757
 20
7.731674482111747
 30
0.0
 40
0.125
100
AcDbArc
 50
-83.11531868493239
 51
96.88468131506761
  0
LINE
  5
2E1
330
17
100
AcDbEntity
  8
SLOTS
100
AcDbLine
 10
15.783053151665708
 20
6.773800882518441
 30
0.0
 11
11.485730133411048
 21
6.254933383116401
 31
0.0
  0
LINE
  5
2E2
330
17
100
AcDbEntity
  8
SLOTS
100
AcDbLine
 10
11.455762281045375
 20
6.503130739719144
 30
0.0
 11
15.753085299300036
 21
7.021998239121184
 31
0.0
  0
ARC
  5
2E3
330
17
100
AcDbEntity
  8
SLOTS
100
AcDbCircle
 10
11.470746207228212
 20
6.379032061417773
 30
0.0
 40
0.125
100
AcDbArc
 50
-263.1153186849324
 51
-83.11531868493242
  0
ARC
  5
2E4
330
17
100
AcDbEntity
  8
SLOTS
100
AcDbCircle
 10
15.768069225482872
 20
6.897899560819813
 30
0.0
 40
0.125
100
AcDbArc
 50
-83.11531868493242
 51
96.88468131506758
  0
LINE
  5
2E5
330
17
100
AcDbEntity
  8
SLOTS
100
AcDbLine
 10
14.894184537350725
 20
5.911029875053551
 30
0.0
 11
11.470068191869544
 21
5.497595120836946
 31
0.0
  0
LINE
  5
2E6
330
17
100
AcDbEntity
  8
SLOTS
100
AcDbLine
 10
11.440100339503871
 20
5.745792477439689
 30
0.0
 11
14.864216684985053
 21
6.159227231656294
 31
0.0
  0
ARC
  5
2E7
330
17
100
AcDbEntity
  8
SLOTS
100
AcDbCircle
 10
11.455084265686708
 20
5.621693799138318
 30
0.0
 40
0.125
100
AcDbArc
 50
-263.1153186849324
 51
-83.11531868493239
  0
ARC
  5
2E8
330
17
100
AcDbEntity
  8
SLOTS
100
AcDbCircle
 10
14.879200611167889
 20
6.035128553354922
 30
0.0
 40
0.125
100
AcDbArc
 50
-83.11531868493239
 51
96.88468131506761
  0
LINE
  5
2E9
330
17
100
AcDbEntity
  8
SLOTS
100
AcDbLine
 10
14.005315923035742
 20
5.04825886758866
 30
0.0
 11
11.454406250328041
 21
4.740256858557491
 31
0.0
  0
LINE
  5
2EA
330
17
100
AcDbEntity
  8
SLOTS
100
AcDbLine
 10
11.42443839796237
 20
4.9884542151602345
 30
0.0
 11
13.97534807067007
 21
5.296456224191403
 31
0.0
  0
ARC
  5
2EB
330
17
100
AcDbEntity
  8
SLOTS
100
AcDbCircle
 10
11.439422324145205
 20
4.864355536858863
 30
0.0
 40
0.125
100
AcDbArc
 50
-263.1153186849324
 51
-83.11531868493239
  0
ARC
  5
2EC
330
17
100
AcDbEntity
  8
SLOTS
100
AcDbCircle
 10
13.990331996852905
 20
5.172357545890032
 30
0.0
 40
0.125
100
AcDbArc
 50
-83.11531868493239
 51
96.88468131506761
  0
LINE
  5
2ED
330
17
100
AcDbEntity
  8
SLOTS
100
AcDbLine
 10
13.11644730872076
 20
4.185487860123771
 30
0.0
 11
11.856137097229974
 21
4.033315448338754
 31
0.0
  0
LINE
  5
2EE
330
17
100
AcDbEntity
  8
SLOTS
100
AcDbLine
 10
11.826169244864301
 20
4.281512804941497
 30
0.0
 11
13.086479456355088
 21
4.433685216726514
 31
0.0
  0
ARC
  5
2EF
330
17
100
AcDbEntity
  8
SLOTS
100
AcDbCircle
 10
11.841153171047138
 20
4.157414126640125
 30
0.0
 40
0.125
100
AcDbArc
 50
-263.1153186849324
 51
-83.11531868493242
  0
ARC
  5
2F0
330
17
100
AcDbEntity
  8
SLOTS
100
AcDbCircle
 10
13.101463382537924
 20
4.309586538425142
 30
0.0
 40
0.125
100
AcDbArc
 50
-83.11531868493242
 51
96.88468131506758
  0
LINE
  5
2F1
330
17
100
AcDbEntity
  8
SLOTS
100
AcDbLine
 10
6.569594873134175
 20
16.693525422233606
 30
0.0
 11
4.8750495060420045
 21
14.637510896220244
 31
0.0
  0
LINE
  5
2F2
330
17
100
AcDbEntity
  8
SLOTS
100
AcDbLine
 10
4.682129442642521
 20
14.796513566442913
 30
0.0
 11
6.376674809734691
 21
16.852528092456275
 31
0.0
  0
ARC
  5
2F3
330
17
100
AcDbEntity
  8
SLOTS
100
AcDbCircle
 10
4.7785894743422626
 20
14.717012231331578
 30
0.0
 40
0.125
100
AcDbArc
 50
-219.49498514909627
 51
-39.494985149096266
  0
ARC
  5
2F4
330
17
100
AcDbEntity
  8
SLOTS
100
AcDbCircle
 10
6.473134841434433
 20
16.77302675734494
 30
0.0
 40
0.125
100
AcDbArc
 50
-39.494985149096266
 51
140.50501485090373
  0
LINE
  5
2F5
330
17
100
AcDbEntity
  8
SLOTS
100
AcDbLine
 10
7.345409781150804
 20
16.45560653253075
 30
0.0
 11
5.570804376894958
 21
14.30245409415559
 31
0.0
  0
LINE
  5
2F6
330
17
100
AcDbEntity
  8
SLOTS
100
AcDbLine
 10
5.377884313495474
 20
14.46145676437826
 30
0.0
 11
7.15248971775132
 21
16.61460920275342
 31
0.0
  0
ARC
  5
2F7
330
17
100
AcDbEntity
  8
SLOTS
100
AcDbCircle
 10
5.474344345195216
 20
14.381955429266926
 30
0.0
 40
0.125
100
AcDbArc
 50
-219.49498514909624
 51
-39.49498514909624
  0
ARC
  5
2F8
330
17
100
AcDbEntity
  8
SLOTS
100
AcDbCircle
 10
7.248949749451062
 20
16.535107867642086
 30
0.0
 40
0.125
100
AcDbArc
 50
-39.49498514909624
 51
140.50501485090376
  0
LINE
  5
2F9
330
17
100
AcDbEntity
  8
SLOTS
100
AcDbLine
 10
7.983260310008444
 20
16.050293618960566
 30
0.0
 11
6.266559247747912
 21
13.967397292090938
 31
0.0
  0
LINE
  5
2FA
330
17
100
AcDbEntity
  8
SLOTS
100
AcDbLine
 10
6.073639184348428
 20
14.126399962313608
 30
0.0
 11
7.79034024660896
 21
16.209296289183236
 31
0.0
  0
ARC
  5
2FB
330
17
100
AcDbEntity
  8
SLOTS
100
AcDbCircle
 10
6.17009921604817
 20
14.046898627202273
 30
0.0
 40
0.125
100
AcDbArc
 50
-219.49498514909624
 51
-39.49498514909624
  0
ARC
  5
2FC
330
17
100
AcDbEntity
  8
SLOTS
100
AcDbCircle
 10
7.886800278308702
 20
16.1297949540719
 30
0.0
 40
0.125
100
AcDbArc
 50
-39.49498514909624
 51
140.50501485090376
  0
LINE
  5
2FD
330
17
100
AcDbEntity
  8
SLOTS
100
AcDbLine
 10
8.621110838866088
 20
15.644980705390381
 30
0.0
 11
6.962314118600867
 21
13.632340490026284
 31
0.0
  0
LINE
  5
2FE
330
17
100
AcDbEntity
  8
SLOTS
100
AcDbLine
 10
6.769394055201383
 20
13.791343160248953
 30
0.0
 11
8.428190775466604
 21
15.80398337561305
 31
0.0
  0
ARC
  5
2FF
330
17
100
AcDbEntity
  8
SLOTS
100
AcDbCircle
 10
6.865854086901125
 20
13.711841825137618
 30
0.0
 40
0.125
100
AcDbArc
 50
-219.49498514909624
 51
-39.49498514909624
  0
ARC
  5
300
330
17
100
AcDbEntity
  8
SLOTS
100
AcDbCircle
 10
8.524650807166346
 20
15.724482040501716
 30
0.0
 40
0.125
100
AcDbArc
 50
-39.49498514909624
 51
140.50501485090376
  0
LINE
  5
301
330
17
100
AcDbEntity
  8
SLOTS
100
AcDbLine
 10
9.258961367723728
 20
15.239667791820196
 30
0.0
 11
7.658068989453821
 21
13.297283687961631
 31
0.0
  0
LINE
  5
302
330
17
100
AcDbEntity
  8
SLOTS
100
AcDbLine
 10
7.465148926054337
 20
13.4562863581843
 30
0.0
 11
9.066041304324244
 21
15.398670462042865
 31
0.0
  0
ARC
  5
303
330
17
100
AcDbEntity
  8
SLOTS
100
AcDbCircle
 10
7.561608957754079
 20
13.376785023072966
 30
0.0
 40
0.125
100
AcDbArc
 50
-219.49498514909624
 51
-39.49498514909624
  0
ARC
  5
304
330
17
100
AcDbEntity
  8
SLOTS
100
AcDbCircle
 10
9.162501336023986
 20
15.31916912693153
 30
0.0
 40
0.125
100
AcDbArc
 50
-39.49498514909624
 51
140.50501485090376
  0
LINE
  5
305
330
17
100
AcDbEntity
  8
SLOTS
100
AcDbLine
 10
9.896811896581369
 20
14.834354878250013
 30
0.0
 11
8.353823860306775
 21
12.962226885896978
 31
0.0
  0
LINE
  5
306
330
17
100
AcDbEntity
  8
SLOTS
100
AcDbLine
 10
8.160903796907292
 20
13.121229556119648
 30
0.0
 11
9.703891833181885
 21
14.993357548472682
 31
0.0
  0
ARC
  5
307
330
17
100
AcDbEntity
  8
SLOTS
100
AcDbCircle
 10
8.257363828607033
 20
13.041728221008313
 30
0.0
 40
0.125
100
AcDbArc
 50
-219.4949851490962
 51
-39.49498514909621
  0
ARC
  5
308
330
17
100
AcDbEntity
  8
SLOTS
100
AcDbCircle
 10
9.800351864881627
 20
14.913856213361347
 30
0.0
 40
0.125
100
AcDbArc
 50
-39.49498514909621
 51
140.5050148509038
  0
LINE
  5
309
330
17
100
AcDbEntity
  8
SLOTS
100
AcDbLine
 10
10.534662425439011
 20
14.42904196467983
 30
0.0
 11
9.049578731159729
 21
12.627170083832326
 31
0.0
  0
LINE
  5
30A
330
17
100
AcDbEntity
  8
SLOTS
100
AcDbLine
 10
8.856658667760245
 20
12.786172754054995
 30
0.0
 11
10.341742362039527
 21
14.588044634902499
 31
0.0
  0
ARC
  5
30B
330
17
100
AcDbEntity
  8
SLOTS
100
AcDbCircle
 10
8.953118699459987
 20
12.70667141894366
 30
0.0
 40
0.125
100
AcDbArc
 50
-219.49498514909627
 51
-39.494985149096266
  0
ARC
  5
30C
330
17
100
AcDbEntity
  8
SLOTS
100
AcDbCircle
 10
10.43820239373927
 20
14.508543299791164
 30
0.0
 40
0.125
100
AcDbArc
 50
-39.494985149096266
 51
140.50501485090373
  0
LINE
  5
30D
330
17
100
AcDbEntity
  8
SLOTS
100
AcDbLine
 10
11.172512954296653
 20
14.023729051109644
 30
0.0
 11
9.745333602012684
 21
12.292113281767673
 31
0.0
  0
LINE
  5
30E
330
17
100
AcDbEntity
  8
SLOTS
100
AcDbLine
 10
9.5524135386132
 20
12.451115951990342
 30
0.0
 11
10.97959289089717
 21
14.182731721332313
 31
0.0
  0
ARC
  5
30F
330
17
100
AcDbEntity
  8
SLOTS
100
AcDbCircle
 10
9.648873570312942
 20
12.371614616879008
 30
0.0
 40
0.125
100
AcDbArc
 50
-219.4949851490963
 51
-39.494985149096294
  0
ARC
  5
310
330
17
100
AcDbEntity
  8
SLOTS
100
AcDbCircle
 10
11.076052922596912
 20
14.103230386220979
 30
0.0
 40
0.125
100
AcDbArc
 50
-39.494985149096294
 51
140.5050148509037
  0
LINE
  5
311
330
17
100
AcDbEntity
  8
SLOTS
100
AcDbLine
 10
11.810363483154296
 20
13.618416137539459
 30
0.0
 11
10.44108847286564
 21
11.957056479703018
 31
0.0
  0
LINE
  5
312
330
17
100
AcDbEntity
  8
SLOTS
100
AcDbLine
 10
10.248168409466157
 20
12.116059149925688
 30
0.0
 11
11.617443419754812
 21
13.777418807762128
 31
0.0
  0
ARC
  5
313
330
17
100
AcDbEntity
  8
SLOTS
100
AcDbCircle
 10
10.344628441165899
 20
12.036557814814353
 30
0.0
 40
0.125
100
AcDbArc
 50
-219.49498514909624
 51
-39.49498514909624
  0
ARC
  5
314
330
17
100
AcDbEntity
  8
SLOTS
100
AcDbCircle
 10
11.713903451454554
 20
13.697917472650794
 30
0.0
 40
0.125
100
AcDbArc
 50
-39.49498514909624
 51
140.50501485090376
  0
LINE
  5
315
330
17
100
AcDbEntity
  8
SLOTS
100
AcDbLine
 10
12.448214012011936
 20
13.213103223969275
 30
0.0
 11
11.136843343718594
 21
11.621999677638366
 31
0.0
  0
LINE
  5
316
330
17
100
AcDbEntity
  8
SLOTS
100
AcDbLine
 10
10.94392328031911
 20
11.781002347861035
 30
0.0
 11
12.255293948612453
 21
13.372105894191945
 31
0.0
  0
ARC
  5
317
330
17
100
AcDbEntity
  8
SLOTS
100
AcDbCircle
 10
11.040383312018852
 20
11.7015010127497
 30
0.0
 40
0.125
100
AcDbArc
 50
-219.49498514909624
 51
-39.49498514909624
  0
ARC
  5
318
330
17
100
AcDbEntity
  8
SLOTS
100
AcDbCircle
 10
12.351753980312195
 20
13.29260455908061
 30
0.0
 40
0.125
100
AcDbArc
 50
-39.49498514909624
 51
140.50501485090376
  0
LINE
  5
319
330
17
100
AcDbEntity
  8
SLOTS
100
AcDbLine
 10
13.086064540869577
 20
12.807790310399092
 30
0.0
 11
11.832598214571545
 21
11.286942875573713
 31
0.0
  0
LINE
  5
31A
330
17
100
AcDbEntity
  8
SLOTS
100
AcDbLine
 10
11.639678151172062
 20
11.445945545796382
 30
0.0
 11
12.893144477470093
 21
12.966792980621761
 31
0.0
  0
ARC
  5
31B
330
17
100
AcDbEntity
  8
SLOTS
100
AcDbCircle
 10
11.736138182871803
 20
11.366444210685048
 30
0.0
 40
0.125
100
AcDbArc
 50
-219.49498514909627
 51
-39.494985149096266
  0
ARC
  5
31C
330
17
100
AcDbEntity
  8
SLOTS
100
AcDbCircle
 10
12.989604509169835
 20
12.887291645510427
 30
0.0
 40
0.125
100
AcDbArc
 50
-39.494985149096266
 51
140.50501485090373
  0
LINE
  5
31D
330
17
100
AcDbEntity
  8
SLOTS
100
AcDbLine
 10
13.723915069727218
 20
12.402477396828907
 30
0.0
 11
12.718599871096322
 21
11.182715039475209
 31
0.0
  0
LINE
  5
31E
330
17
100
AcDbEntity
  8
SLOTS
100
AcDbLine
 10
12.525679807696838
 20
11.341717709697878
 30
0.0
 11
13.530995006327734
 21
12.561480067051576
 31
0.0
  0
ARC
  5
31F
330
17
100
AcDbEntity
  8
SLOTS
100
AcDbCircle
 10
12.62213983939658
 20
11.262216374586544
 30
0.0
 40
0.125
100
AcDbArc
 50
-219.49498514909624
 51
-39.49498514909624
  0
ARC
  5
320
330
17
100
AcDbEntity
  8
SLOTS
100
AcDbCircle
 10
13.627455038027476
 20
12.481978731940242
 30
0.0
 40
0.125
100
AcDbArc
 50
-39.49498514909624
 51
140.50501485090376
  0
LINE
  5
321
330
17
100
AcDbEntity
  8
SLOTS
100
AcDbLine
 10
1.2874482186646397
 20
28.774176659630893
 30
0.0
 11
1.231559304617623
 21
28.683039123472465
 31
0.0
  0
LINE
  5
322
330
17
100
AcDbEntity
  8
SLOTS
100
AcDbLine
 10
1.018440695382377
 20
28.813731351235386
 30
0.0
 11
1.0743296094293937
 21
28.904868887393814
 31
0.0
  0
ARC
  5
323
330
17
100
AcDbEntity
  8
SLOTS
100
AcDbCircle
 10
1.125
 20
28.748385237353926
 30
0.0
 40
0.125
100
AcDbArc
 50
-211.5181685194675
 51
-31.51816851946751
  0
ARC
  5
324
330
17
100
AcDbEntity
  8
SLOTS
100
AcDbCircle
 10
1.1808889140470167
 20
28.839522773512353
 30
0.0
 40
0.125
100
AcDbArc
 50
-31.51816851946751
 51
148.4818314805325
  0
LINE
  5
325
330
17
100
AcDbEntity
  8
SLOTS
100
AcDbLine
 10
1.3303991569412361
 20
27.409548029283638
 30
0.0
 11
1.2315593046176232
 21
27.24837079460953
 31
0.0
  0
LINE
  5
326
330
17
100
AcDbEntity
  8
SLOTS
100
AcDbLine
 10
1.0184406953823768
 20
27.379063022372446
 30
0.0
 11
1.1172805477059897
 21
27.540240257046552
 31
0.0
  0
ARC
  5
327
330
17
100
AcDbEntity
  8
SLOTS
100
AcDbCircle
 10
1.125
 20
27.31371690849099
 30
0.0
 40
0.125
100
AcDbArc
 50
-211.5181685194674
 51
-31.51816851946741
  0
ARC
  5
328
330
17
100
AcDbEntity
  8
SLOTS
100
AcDbCircle
 10
1.223839852323613
 20
27.474894143165095
 30
0.0
 40
0.125
100
AcDbArc
 50
-31.51816851946741
 51
148.4818314805326
  0
LINE
  5
329
330
17
100
AcDbEntity
  8
SLOTS
100
AcDbLine
 10
1.3733500952178324
 20
26.04491939893638
 30
0.0
 11
1.2746041610286114
 21
25.883895315696954
 31
0.0
  0
LINE
  5
32A
330
17
100
AcDbEntity
  8
SLOTS
100
AcDbLine
 10
1.061485551793365
 20
26.014587543459868
 30
0.0
 11
1.160231485982586
 21
26.175611626699293
 31
0.0
  0
ARC
  5
32B
330
17
100
AcDbEntity
  8
SLOTS
100
AcDbCircle
 10
1.1680448564109882
 20
25.94924142957841
 30
0.0
 40
0.125
100
AcDbArc
 50
-211.51816851946734
 51
-31.518168519467338
  0
ARC
  5
32C
330
17
100
AcDbEntity
  8
SLOTS
100
AcDbCircle
 10
1.2667907906002092
 20
26.110265512817836
 30
0.0
 40
0.125
100
AcDbArc
 50
-31.518168519467338
 51
148.48183148053266
  0
LINE
  5
32D
330
17
100
AcDbEntity
  8
SLOTS
100
AcDbLine
 10
28.492901260308763
 20
9.681829668973002
 30
0.0
 11
27.10624542161785
 21
10.062769348765448
 31
0.0
  0
LINE
  5
32E
330
17
100
AcDbEntity
  8
SLOTS
100
AcDbLine
 10
27.17247139671896
 20
10.30383805312565
 30
0.0
 11
28.559127235409875
 21
9.922898373333204
 31
0.0
  0
ARC
  5
32F
330
17
100
AcDbEntity
  8
SLOTS
100
AcDbCircle
 10
27.139358409168405
 20
10.18330370094555
 30
0.0
 40
0.125
100
AcDbArc
 50
74.6387573758407
 51
254.6387573758407
  0
ARC
  5
330
330
17
100
AcDbEntity
  8
SLOTS
100
AcDbCircle
 10
28.52601424785932
 20
9.802364021153103
 30
0.0
 40
0.125
100
AcDbArc
 50
254.6387573758407
 51
434.63875737584067
  0
LINE
  5
331
330
17
100
AcDbEntity
  8
SLOTS
100
AcDbLine
 10
29.298774508652972
 20
8.682655004975183
 30
0.0
 11
24.781061819682737
 21
9.92375317592097
 31
0.0
  0
LINE
  5
332
330
17
100
AcDbEntity
  8
SLOTS
100
AcDbLine
 10
24.84728779478385
 20
10.164821880281172
 30
0.0
 11
29.365000483754084
 21
8.923723709335386
 31
0.0
  0
ARC
  5
333
330
17
100
AcDbEntity
  8
SLOTS
100
AcDbCircle
 10
24.814174807233293
 20
10.044287528101071
 30
0.0
 40
0.125
100
AcDbArc
 50
74.63875737584073
 51
254.63875737584073
  0
ARC
  5
334
330
17
100
AcDbEntity
  8
SLOTS
100
AcDbCircle
 10
29.331887496203528
 20
8.803189357155285
 30
0.0
 40
0.125
100
AcDbArc
 50
254.63875737584073
 51
434.6387573758407
  0
LINE
  5
335
330
17
100
AcDbEntity
  8
SLOTS
100
AcDbLine
 10
29.244567144025584
 20
7.919760190785231
 30
0.0
 11
23.90020027766015
 21
9.387955359305629
 31
0.0
  0
LINE
  5
336
330
17
100
AcDbEntity
  8
SLOTS
100
AcDbLine
 10
23.966426252761263
 20
9.629024063665831
 30
0.0
 11
29.310793119126696
 21
8.160828895145434
 31
0.0
  0
ARC
  5
337
330
17
100
AcDbEntity
  8
SLOTS
100
AcDbCircle
 10
23.933313265210707
 20
9.50848971148573
 30
0.0
 40
0.125
100
AcDbArc
 50
74.63875737584075
 51
254.63875737584075
  0
ARC
  5
338
330
17
100
AcDbEntity
  8
SLOTS
100
AcDbCircle
 10
29.27768013157614
 20
8.040294542965333
 30
0.0
 40
0.125
100
AcDbArc
 50
254.63875737584075
 51
434.6387573758408
  0
LINE
  5
339
330
17
100
AcDbEntity
  8
SLOTS
100
AcDbLine
 10
29.190359779398197
 20
7.156865376595278
 30
0.0
 11
23.019338735637564
 21
8.85215754269029
 31
0.0
  0
LINE
  5
33A
330
17
100
AcDbEntity
  8
SLOTS
100
AcDbLine
 10
23.085564710738677
 20
9.093226247050492
 30
0.0
 11
29.25658575449931
 21
7.397934080955481
 31
0.0
  0
ARC
  5
33B
330
17
100
AcDbEntity
  8
SLOTS
100
AcDbCircle
 10
23.05245172318812
 20
8.97269189487039
 30
0.0
 40
0.125
100
AcDbArc
 50
74.63875737584075
 51
254.63875737584075
  0
ARC
  5
33C
330
17
100
AcDbEntity
  8
SLOTS
100
AcDbCircle
 10
29.223472766948753
 20
7.2773997287753796
 30
0.0
 40
0.125
100
AcDbArc
 50
254.63875737584075
 51
434.6387573758408
  0
LINE
  5
33D
330
17
100
AcDbEntity
  8
SLOTS
100
AcDbLine
 10
29.13615241477081
 20
6.393970562405325
 30
0.0
 11
22.842601384005278
 21
8.122923953378374
 31
0.0
  0
LINE
  5
33E
330
17
100
AcDbEntity
  8
SLOTS
100
AcDbLine
 10
22.90882735910639
 20
8.363992657738576
 30
0.0
 11
29.20237838987192
 21
6.635039266765528
 31
0.0
  0
ARC
  5
33F
330
17
100
AcDbEntity
  8
SLOTS
100
AcDbCircle
 10
22.875714371555834
 20
8.243458305558475
 30
0.0
 40
0.125
100
AcDbArc
 50
74.63875737584075
 51
254.63875737584075
  0
ARC
  5
340
330
17
100
AcDbEntity
  8
SLOTS
100
AcDbCircle
 10
29.169265402321365
 20
6.514504914585427
 30
0.0
 40
0.125
100
AcDbArc
 50
254.63875737584075
 51
434.6387573758408
  0
LINE
  5
341
330
17
100
AcDbEntity
  8
SLOTS
100
AcDbLine
 10
29.08194505014342
 20
5.6310757482153715
 30
0.0
 11
23.461924762385966
 21
7.174997945136633
 31
0.0
  0
LINE
  5
342
330
17
100
AcDbEntity
  8
SLOTS
100
AcDbLine
 10
23.528150737487078
 20
7.416066649496836
 30
0.0
 11
29.148171025244533
 21
5.872144452575574
 31
0.0
  0
ARC
  5
343
330
17
100
AcDbEntity
  8
SLOTS
100
AcDbCircle
 10
23.49503774993652
 20
7.2955322973167345
 30
0.0
 40
0.125
100
AcDbArc
 50
74.63875737584075
 51
254.63875737584075
  0
ARC
  5
344
330
17
100
AcDbEntity
  8
SLOTS
100
AcDbCircle
 10
29.115058037693977
 20
5.751610100395473
 30
0.0
 40
0.125
100
AcDbArc
 50
254.63875737584075
 51
434.6387573758408
  0
LINE
  5
345
330
17
100
AcDbEntity
  8
SLOTS
100
AcDbLine
 10
29.027737685516033
 20
4.8681809340254185
 30
0.0
 11
24.165664255393857
 21
6.203881288733942
 31
0.0
  0
LINE
  5
346
330
17
100
AcDbEntity
  8
SLOTS
100
AcDbLine
 10
24.23189023049497
 20
6.444949993094144
 30
0.0
 11
29.093963660617145
 21
5.109249638385621
 31
0.0
  0
ARC
  5
347
330
17
100
AcDbEntity
  8
SLOTS
100
AcDbCircle
 10
24.198777242944413
 20
6.324415640914043
 30
0.0
 40
0.125
100
AcDbArc
 50
74.63875737584075
 51
254.63875737584075
  0
ARC
  5
348
330
17
100
AcDbEntity
  8
SLOTS
100
AcDbCircle
 10
29.06085067306659
 20
4.98871528620552
 30
0.0
 40
0.125
100
AcDbArc
 50
254.63875737584075
 51
434.6387573758408
  0
LINE
  5
349
330
17
100
AcDbEntity
  8
SLOTS
100
AcDbLine
 10
28.973530320888646
 20
4.1052861198354655
 30
0.0
 11
24.869403748401748
 21
5.232764632331248
 31
0.0
  0
LINE
  5
34A
330
17
100
AcDbEntity
  8
SLOTS
100
AcDbLine
 10
24.93562972350286
 20
5.473833336691451
 30
0.0
 11
29.039756295989758
 21
4.346354824195668
 31
0.0
  0
ARC
  5
34B
330
17
100
AcDbEntity
  8
SLOTS
100
AcDbCircle
 10
24.902516735952304
 20
5.3532989845113494
 30
0.0
 40
0.125
100
AcDbArc
 50
74.63875737584075
 51
254.63875737584075
  0
ARC
  5
34C
330
17
100
AcDbEntity
  8
SLOTS
100
AcDbCircle
 10
29.0066433084392
 20
4.225820472015567
 30
0.0
 40
0.125
100
AcDbArc
 50
254.63875737584075
 51
434.6387573758408
  0
LINE
  5
34D
330
17
100
AcDbEntity
  8
SLOTS
100
AcDbLine
 10
27.59968500610648
 20
3.704919947682964
 30
0.0
 11
25.573143241409642
 21
4.261647975928557
 31
0.0
  0
LINE
  5
34E
330
17
100
AcDbEntity
  8
SLOTS
100
AcDbLine
 10
25.639369216510755
 20
4.502716680288759
 30
0.0
 11
27.665910981207592
 21
3.9459886520431673
 31
0.0
  0
ARC
  5
34F
330
17
100
AcDbEntity
  8
SLOTS
100
AcDbCircle
 10
25.6062562289602
 20
4.382182328108658
 30
0.0
 40
0.125
100
AcDbArc
 50
74.63875737584073
 51
254.63875737584073
  0
ARC
  5
350
330
17
100
AcDbEntity
  8
SLOTS
100
AcDbCircle
 10
27.632797993657036
 20
3.8254542998630656
 30
0.0
 40
0.125
100
AcDbArc
 50
254.63875737584073
 51
434.6387573758407
  0
LINE
  5
351
330
17
100
AcDbEntity
  8
SLOTS
100
AcDbLine
 10
29.530764887815177
 20
14.215116177744333
 30
0.0
 11
29.496465194646447
 21
14.406924157667142
 31
0.0
  0
LINE
  5
352
330
17
100
AcDbEntity
  8
SLOTS
100
AcDbLine
 10
29.74256136407223
 20
14.45093183192919
 30
0.0
 11
29.77686105724096
 21
14.25912385200638
 31
0.0
  0
ARC
  5
353
330
17
100
AcDbEntity
  8
SLOTS
100
AcDbCircle
 10
29.61951327935934
 20
14.428927994798165
 30
0.0
 40
0.125
100
AcDbArc
 50
10.138643878999261
 51
190.13864387899926
  0
ARC
  5
354
330
17
100
AcDbEntity
  8
SLOTS
100
AcDbCircle
 10
29.65381297252807
 20
14.237120014875357
 30
0.0
 40
0.125
100
AcDbArc
 50
190.13864387899926
 51
370.13864387899923
  0
LINE
  5
355
330
17
100
AcDbEntity
  8
SLOTS
100
AcDbLine
 10
28.971540605139865
 20
13.081744623348454
 30
0.0
 11
28.64667948453273
 21
14.898406801420732
 31
0.0
  0
LINE
  5
356
330
17
100
AcDbEntity
  8
SLOTS
100
AcDbLine
 10
28.89277565395852
 20
14.94241447568278
 30
0.0
 11
29.217636774565655
 21
13.125752297610502
 31
0.0
  0
ARC
  5
357
330
17
100
AcDbEntity
  8
SLOTS
100
AcDbCircle
 10
28.769727569245624
 20
14.920410638551756
 30
0.0
 40
0.125
100
AcDbArc
 50
10.138643878998963
 51
190.13864387899895
  0
ARC
  5
358
330
17
100
AcDbEntity
  8
SLOTS
100
AcDbCircle
 10
29.09458868985276
 20
13.103748460479478
 30
0.0
 40
0.125
100
AcDbArc
 50
190.13864387899895
 51
370.13864387899895
  0
LINE
  5
359
330
17
100
AcDbEntity
  8
SLOTS
100
AcDbLine
 10
28.412316322464555
 20
11.948373068952577
 30
0.0
 11
27.796893774419015
 21
15.389889445174322
 31
0.0
  0
LINE
  5
35A
330
17
100
AcDbEntity
  8
SLOTS
100
AcDbLine
 10
28.042989943844805
 20
15.43389711943637
 30
0.0
 11
28.658412491890346
 21
11.992380743214625
 31
0.0
  0
ARC
  5
35B
330
17
100
AcDbEntity
  8
SLOTS
100
AcDbCircle
 10
27.91994185913191
 20
15.411893282305346
 30
0.0
 40
0.125
100
AcDbArc
 50
10.138643878998948
 51
190.13864387899895
  0
ARC
  5
35C
330
17
100
AcDbEntity
  8
SLOTS
100
AcDbCircle
 10
28.53536440717745
 20
11.970376906083601
 30
0.0
 40
0.125
100
AcDbArc
 50
190.13864387899895
 51
370.13864387899895
  0
LINE
  5
35D
330
17
100
AcDbEntity
  8
SLOTS
100
AcDbLine
 10
27.841212834026948
 20
10.881431451674361
 30
0.0
 11
26.947108064305304
 21
15.881372088927915
 31
0.0
  0
LINE
  5
35E
330
17
100
AcDbEntity
  8
SLOTS
100
AcDbLine
 10
27.193204233731095
 20
15.925379763189962
 30
0.0
 11
28.087309003452738
 21
10.925439125936409
 31
0.0
  0
ARC
  5
35F
330
17
100
AcDbEntity
  8
SLOTS
100
AcDbCircle
 10
27.0701561490182
 20
15.903375926058938
 30
0.0
 40
0.125
100
AcDbArc
 50
10.138643878998906
 51
190.1386438789989
  0
ARC
  5
360
330
17
100
AcDbEntity
  8
SLOTS
100
AcDbCircle
 10
27.964260918739843
 20
10.903435288805385
 30
0.0
 40
0.125
100
AcDbArc
 50
190.1386438789989
 51
370.1386438789989
  0
LINE
  5
361
330
17
100
AcDbEntity
  8
SLOTS
100
AcDbLine
 10
27.074265134964623
 20
10.909674045949135
 30
0.0
 11
26.09732235419159
 21
16.372854732681503
 31
0.0
  0
LINE
  5
362
330
17
100
AcDbEntity
  8
SLOTS
100
AcDbLine
 10
26.34341852361738
 20
16.41686240694355
 30
0.0
 11
27.320361304390413
 21
10.953681720211183
 31
0.0
  0
ARC
  5
363
330
17
100
AcDbEntity
  8
SLOTS
100
AcDbCircle
 10
26.220370438904485
 20
16.394858569812527
 30
0.0
 40
0.125
100
AcDbArc
 50
10.138643878998906
 51
190.1386438789989
  0
ARC
  5
364
330
17
100
AcDbEntity
  8
SLOTS
100
AcDbCircle
 10
27.19731321967752
 20
10.931677883080159
 30
0.0
 40
0.125
100
AcDbArc
 50
190.1386438789989
 51
370.1386438789989
  0
LINE
  5
365
330
17
100
AcDbEntity
  8
SLOTS
100
AcDbLine
 10
26.3073174359023
 20
10.937916640223909
 30
0.0
 11
25.247536644077876
 21
16.864337376435095
 31
0.0
  0
LINE
  5
366
330
17
100
AcDbEntity
  8
SLOTS
100
AcDbLine
 10
25.493632813503666
 20
16.908345050697143
 30
0.0
 11
26.55341360532809
 21
10.981924314485957
 31
0.0
  0
ARC
  5
367
330
17
100
AcDbEntity
  8
SLOTS
100
AcDbCircle
 10
25.37058472879077
 20
16.88634121356612
 30
0.0
 40
0.125
100
AcDbArc
 50
10.13864387899892
 51
190.13864387899892
  0
ARC
  5
368
330
17
100
AcDbEntity
  8
SLOTS
100
AcDbCircle
 10
26.430365520615194
 20
10.959920477354933
 30
0.0
 40
0.125
100
AcDbArc
 50
190.13864387899892
 51
370.1386438789989
  0
LINE
  5
369
330
17
100
AcDbEntity
  8
SLOTS
100
AcDbLine
 10
25.540369736839974
 20
10.966159234498681
 30
0.0
 11
24.471329627313203
 21
16.944359180955686
 31
0.0
  0
LINE
  5
36A
330
17
100
AcDbEntity
  8
SLOTS
100
AcDbLine
 10
24.717425796738993
 20
16.988366855217734
 30
0.0
 11
25.786465906265764
 21
11.010166908760729
 31
0.0
  0
ARC
  5
36B
330
17
100
AcDbEntity
  8
SLOTS
100
AcDbCircle
 10
24.5943777120261
 20
16.96636301808671
 30
0.0
 40
0.125
100
AcDbArc
 50
10.13864387899892
 51
190.13864387899892
  0
ARC
  5
36C
330
17
100
AcDbEntity
  8
SLOTS
100
AcDbCircle
 10
25.66341782155287
 20
10.988163071629705
 30
0.0
 40
0.125
100
AcDbArc
 50
190.13864387899892
 51
370.1386438789989
  0
LINE
  5
36D
330
17
100
AcDbEntity
  8
SLOTS
100
AcDbLine
 10
21.078374391754448
 20
10.106689228726742
 30
0.0
 11
23.2181177075151
 21
10.075175963280449
 31
0.0
  0
LINE
  5
36E
330
17
100
AcDbEntity
  8
SLOTS
100
AcDbLine
 10
23.214436208883264
 20
9.825203071614526
 30
0.0
 11
21.074692893122613
 21
9.856716337060819
 31
0.0
  0
ARC
  5
36F
330
17
100
AcDbEntity
  8
SLOTS
100
AcDbCircle
 10
23.21627695819918
 20
9.950189517447487
 30
0.0
 40
0.125
100
AcDbArc
 50
-90.84376783328965
 51
89.15623216671035
  0
ARC
  5
370
330
17
100
AcDbEntity
  8
SLOTS
100
AcDbCircle
 10
21.07653364243853
 20
9.98170278289378
 30
0.0
 40
0.125
100
AcDbArc
 50
89.15623216671035
 51
269.15623216671037
  0
LINE
  5
371
330
17
100
AcDbEntity
  8
SLOTS
100
AcDbLine
 10
18.685009091878563
 20
10.892019068969292
 30
0.0
 11
24.422113652146816
 21
10.807525336674773
 31
0.0
  0
LINE
  5
372
330
17
100
AcDbEntity
  8
SLOTS
100
AcDbLine
 10
24.41843215351498
 20
10.55755244500885
 30
0.0
 11
18.681327593246728
 21
10.642046177303369
 31
0.0
  0
ARC
  5
373
330
17
100
AcDbEntity
  8
SLOTS
100
AcDbCircle
 10
24.4202729028309
 20
10.682538890841812
 30
0.0
 40
0.125
100
AcDbArc
 50
-90.84376783328962
 51
89.15623216671038
  0
ARC
  5
374
330
17
100
AcDbEntity
  8
SLOTS
100
AcDbCircle
 10
18.683168342562645
 20
10.76703262313633
 30
0.0
 40
0.125
100
AcDbArc
 50
89.15623216671038
 51
269.15623216671037
  0
LINE
  5
375
330
17
100
AcDbEntity
  8
SLOTS
100
AcDbLine
 10
17.41297935424191
 20
11.660834337128858
 30
0.0
 11
24.513115712262998
 21
11.55626642933023
 31
0.0
  0
LINE
  5
376
330
17
100
AcDbEntity
  8
SLOTS
100
AcDbLine
 10
24.509434213631163
 20
11.306293537664308
 30
0.0
 11
17.409297855610074
 21
11.410861445462935
 31
0.0
  0
ARC
  5
377
330
17
100
AcDbEntity
  8
SLOTS
100
AcDbCircle
 10
24.51127496294708
 20
11.43127998349727
 30
0.0
 40
0.125
100
AcDbArc
 50
-90.84376783328962
 51
89.15623216671038
  0
ARC
  5
378
330
17
100
AcDbEntity
  8
SLOTS
100
AcDbCircle
 10
17.41113860492599
 20
11.535847891295896
 30
0.0
 40
0.125
100
AcDbArc
 50
89.15623216671038
 51
269.15623216671037
  0
LINE
  5
379
330
17
100
AcDbEntity
  8
SLOTS
100
AcDbLine
 10
16.466854678388508
 20
12.424849808674214
 30
0.0
 11
24.353355171443184
 21
12.308700651133046
 31
0.0
  0
LINE
  5
37A
330
17
100
AcDbEntity
  8
SLOTS
100
AcDbLine
 10
24.34967367281135
 20
12.058727759467123
 30
0.0
 11
16.463173179756673
 21
12.174876917008291
 31
0.0
  0
ARC
  5
37B
330
17
100
AcDbEntity
  8
SLOTS
100
AcDbCircle
 10
24.351514422127266
 20
12.183714205300085
 30
0.0
 40
0.125
100
AcDbArc
 50
-90.84376783328962
 51
89.15623216671038
  0
ARC
  5
37C
330
17
100
AcDbEntity
  8
SLOTS
100
AcDbCircle
 10
16.46501392907259
 20
12.299863362841252
 30
0.0
 40
0.125
100
AcDbArc
 50
89.15623216671038
 51
269.15623216671037
  0
LINE
  5
37D
330
17
100
AcDbEntity
  8
SLOTS
100
AcDbLine
 10
16.14098606259118
 20
13.179730402348357
 30
0.0
 11
24.19359463062337
 21
13.061134872935861
 31
0.0
  0
LINE
  5
37E
330
17
100
AcDbEntity
  8
SLOTS
100
AcDbLine
 10
24.189913131991535
 20
12.811161981269938
 30
0.0
 11
16.137304563959344
 21
12.929757510682434
 31
0.0
  0
ARC
  5
37F
330
17
100
AcDbEntity
  8
SLOTS
100
AcDbCircle
 10
24.191753881307452
 20
12.9361484271029
 30
0.0
 40
0.125
100
AcDbArc
 50
-90.84376783328962
 51
89.15623216671038
  0
ARC
  5
380
330
17
100
AcDbEntity
  8
SLOTS
100
AcDbCircle
 10
16.13914531327526
 20
13.054743956515395
 30
0.0
 40
0.125
100
AcDbArc
 50
89.15623216671038
 51
269.15623216671037
  0
LINE
  5
381
330
17
100
AcDbEntity
  8
SLOTS
100
AcDbLine
 10
16.463308808698155
 20
13.925064698437538
 30
0.0
 11
24.03383408980356
 21
13.813569094738677
 31
0.0
  0
LINE
  5
382
330
17
100
AcDbEntity
  8
SLOTS
100
AcDbLine
 10
24.030152591171724
 20
13.563596203072754
 30
0.0
 11
16.45962731006632
 21
13.675091806771615
 31
0.0
  0
ARC
  5
383
330
17
100
AcDbEntity
  8
SLOTS
100
AcDbCircle
 10
24.03199334048764
 20
13.688582648905715
 30
0.0
 40
0.125
100
AcDbArc
 50
-90.84376783328962
 51
89.15623216671038
  0
ARC
  5
384
330
17
100
AcDbEntity
  8
SLOTS
100
AcDbCircle
 10
16.461468059382238
 20
13.800078252604576
 30
0.0
 40
0.125
100
AcDbArc
 50
89.15623216671038
 51
269.15623216671037
  0
LINE
  5
385
330
17
100
AcDbEntity
  8
SLOTS
100
AcDbLine
 10
16.785631554805136
 20
14.67039899452672
 30
0.0
 11
23.874073548983745
 21
14.566003316541492
 31
0.0
  0
LINE
  5
386
330
17
100
AcDbEntity
  8
SLOTS
100
AcDbLine
 10
23.87039205035191
 20
14.316030424875569
 30
0.0
 11
16.7819500561733
 21
14.420426102860796
 31
0.0
  0
ARC
  5
387
330
17
100
AcDbEntity
  8
SLOTS
100
AcDbCircle
 10
23.872232799667827
 20
14.44101687070853
 30
0.0
 40
0.125
100
AcDbArc
 50
-90.84376783328962
 51
89.15623216671038
  0
ARC
  5
388
330
17
100
AcDbEntity
  8
SLOTS
100
AcDbCircle
 10
16.783790805489218
 20
14.545412548693758
 30
0.0
 40
0.125
100
AcDbArc
 50
89.15623216671038
 51
269.15623216671037
  0
LINE
  5
389
330
17
100
AcDbEntity
  8
SLOTS
100
AcDbLine
 10
17.107954300912116
 20
15.4157332906159
 30
0.0
 11
23.71431300816393
 21
15.318437538344307
 31
0.0
  0
LINE
  5
38A
330
17
100
AcDbEntity
  8
SLOTS
100
AcDbLine
 10
23.710631509532096
 20
15.068464646678384
 30
0.0
 11
17.10427280228028
 21
15.165760398949978
 31
0.0
  0
ARC
  5
38B
330
17
100
AcDbEntity
  8
SLOTS
100
AcDbCircle
 10
23.712472258848013
 20
15.193451092511346
 30
0.0
 40
0.125
100
AcDbArc
 50
-90.84376783328962
 51
89.15623216671038
  0
ARC
  5
38C
330
17
100
AcDbEntity
  8
SLOTS
100
AcDbCircle
 10
17.1061135515962
 20
15.290746844782939
 30
0.0
 40
0.125
100
AcDbArc
 50
89.15623216671038
 51
269.15623216671037
  0
LINE
  5
38D
330
17
100
AcDbEntity
  8
SLOTS
100
AcDbLine
 10
17.430277047019093
 20
16.161067586705084
 30
0.0
 11
23.554552467344116
 21
16.07087176014712
 31
0.0
  0
LINE
  5
38E
330
17
100
AcDbEntity
  8
SLOTS
100
AcDbLine
 10
23.55087096871228
 20
15.820898868481198
 30
0.0
 11
17.426595548387258
 21
15.911094695039159
 31
0.0
  0
ARC
  5
38F
330
17
100
AcDbEntity
  8
SLOTS
100
AcDbCircle
 10
23.5527117180282
 20
15.94588531431416
 30
0.0
 40
0.125
100
AcDbArc
 50
-90.84376783328962
 51
89.15623216671038
  0
ARC
  5
390
330
17
100
AcDbEntity
  8
SLOTS
100
AcDbCircle
 10
17.428436297703175
 20
16.03608114087212
 30
0.0
 40
0.125
100
AcDbArc
 50
89.15623216671038
 51
269.15623216671037
  0
LINE
  5
391
330
17
100
AcDbEntity
  8
SLOTS
100
AcDbLine
 10
17.752599793126073
 20
16.906401882794267
 30
0.0
 11
23.052943385635242
 21
16.828340587611336
 31
0.0
  0
LINE
  5
392
330
17
100
AcDbEntity
  8
SLOTS
100
AcDbLine
 10
23.049261887003407
 20
16.57836769594541
 30
0.0
 11
17.74891829449424
 21
16.65642899112834
 31
0.0
  0
ARC
  5
393
330
17
100
AcDbEntity
  8
SLOTS
100
AcDbCircle
 10
23.051102636319325
 20
16.703354141778373
 30
0.0
 40
0.125
100
AcDbArc
 50
-90.84376783328962
 51
89.15623216671038
  0
ARC
  5
394
330
17
100
AcDbEntity
  8
SLOTS
100
AcDbCircle
 10
17.750759043810156
 20
16.781415436961304
 30
0.0
 40
0.125
100
AcDbArc
 50
89.15623216671038
 51
269.15623216671037
  0
LINE
  5
395
330
17
100
AcDbEntity
  8
SLOTS
100
AcDbLine
 10
18.074922539233054
 20
17.651736178883446
 30
0.0
 11
21.533811735098343
 21
17.6007950718003
 31
0.0
  0
LINE
  5
396
330
17
100
AcDbEntity
  8
SLOTS
100
AcDbLine
 10
21.53013023646651
 20
17.350822180134372
 30
0.0
 11
18.07124104060122
 21
17.40176328721752
 31
0.0
  0
ARC
  5
397
330
17
100
AcDbEntity
  8
SLOTS
100
AcDbCircle
 10
21.531970985782426
 20
17.475808625967336
 30
0.0
 40
0.125
100
AcDbArc
 50
-90.8437678332896
 51
89.1562321667104
  0
ARC
  5
398
330
17
100
AcDbEntity
  8
SLOTS
100
AcDbCircle
 10
18.073081789917136
 20
17.526749733050483
 30
0.0
 40
0.125
100
AcDbArc
 50
89.1562321667104
 51
269.15623216671037
  0
LINE
  5
399
330
17
100
AcDbEntity
  8
SLOTS
100
AcDbLine
 10
18.60338079116327
 20
2.0005873591731502
 30
0.0
 11
19.533803612228454
 21
1.9753944603852513
 31
0.0
  0
LINE
  5
39A
330
17
100
AcDbEntity
  8
SLOTS
100
AcDbLine
 10
19.5270368852771
 20
1.7254860543514288
 30
0.0
 11
18.596614064211916
 21
1.7506789531393276
 31
0.0
  0
ARC
  5
39B
330
17
100
AcDbEntity
  8
SLOTS
100
AcDbCircle
 10
19.530420248752776
 20
1.85044025736834
 30
0.0
 40
0.125
100
AcDbArc
 50
-91.55100900376829
 51
88.44899099623171
  0
ARC
  5
39C
330
17
100
AcDbEntity
  8
SLOTS
100
AcDbCircle
 10
18.599997427687594
 20
1.875633156156239
 30
0.0
 40
0.125
100
AcDbArc
 50
88.44899099623171
 51
268.4489909962317
  0
LINE
  5
39D
330
17
100
AcDbEntity
  8
SLOTS
100
AcDbLine
 10
18.09751847402314
 20
2.7645593887863766
 30
0.0
 11
19.839658319666025
 21
2.7173877676567484
 31
0.0
  0
LINE
  5
39E
330
17
100
AcDbEntity
  8
SLOTS
100
AcDbLine
 10
19.83289159271467
 20
2.4674793616229262
 30
0.0
 11
18.090751747071785
 21
2.5146509827525545
 31
0.0
  0
ARC
  5
39F
330
17
100
AcDbEntity
  8
SLOTS
100
AcDbCircle
 10
19.836274956190348
 20
2.5924335646398373
 30
0.0
 40
0.125
100
AcDbArc
 50
-91.55100900376827
 51
88.44899099623173
  0
ARC
  5
3A0
330
17
100
AcDbEntity
  8
SLOTS
100
AcDbCircle
 10
18.094135110547462
 20
2.6396051857694656
 30
0.0
 40
0.125
100
AcDbArc
 50
88.44899099623173
 51
268.4489909962317
  0
LINE
  5
3A1
330
17
100
AcDbEntity
  8
SLOTS
100
AcDbLine
 10
17.914101282318555
 20
3.5198006271659485
 30
0.0
 11
20.145513027103597
 21
3.459381074928246
 31
0.0
  0
LINE
  5
3A2
330
17
100
AcDbEntity
  8
SLOTS
100
AcDbLine
 10
20.138746300152242
 20
3.2094726688944237
 30
0.0
 11
17.9073345553672
 21
3.2698922211321264
 31
0.0
  0
ARC
  5
3A3
330
17
100
AcDbEntity
  8
SLOTS
100
AcDbCircle
 10
20.14212966362792
 20
3.334426871911335
 30
0.0
 40
0.125
100
AcDbArc
 50
-91.55100900376829
 51
88.44899099623171
  0
ARC
  5
3A4
330
17
100
AcDbEntity
  8
SLOTS
100
AcDbCircle
 10
17.910717918842877
 20
3.3948464241490375
 30
0.0
 40
0.125
100
AcDbArc
 50
88.44899099623171
 51
268.4489909962317
  0
LINE
  5
3A5
330
17
100
AcDbEntity
  8
SLOTS
100
AcDbLine
 10
17.73068409061397
 20
4.2750418655455205
 30
0.0
 11
20.45136773454117
 21
4.201374382199743
 31
0.0
  0
LINE
  5
3A6
330
17
100
AcDbEntity
  8
SLOTS
100
AcDbLine
 10
20.444601007589814
 20
3.9514659761659208
 30
0.0
 11
17.723917363662615
 21
4.025133459511697
 31
0.0
  0
ARC
  5
3A7
330
17
100
AcDbEntity
  8
SLOTS
100
AcDbCircle
 10
20.44798437106549
 20
4.076420179182832
 30
0.0
 40
0.125
100
AcDbArc
 50
-91.5510090037683
 51
88.4489909962317
  0
ARC
  5
3A8
330
17
100
AcDbEntity
  8
SLOTS
100
AcDbCircle
 10
17.727300727138292
 20
4.150087662528609
 30
0.0
 40
0.125
100
AcDbArc
 50
88.4489909962317
 51
268.4489909962317
  0
LINE
  5
3A9
330
17
100
AcDbEntity
  8
SLOTS
100
AcDbLine
 10
17.547266898909385
 20
5.0302831039250915
 30
0.0
 11
20.75722244197874
 21
4.943367689471241
 31
0.0
  0
LINE
  5
3AA
330
17
100
AcDbEntity
  8
SLOTS
100
AcDbLine
 10
20.750455715027385
 20
4.693459283437418
 30
0.0
 11
17.54050017195803
 21
4.7803746978912685
 31
0.0
  0
ARC
  5
3AB
330
17
100
AcDbEntity
  8
SLOTS
100
AcDbCircle
 10
20.753839078503063
 20
4.81841348645433
 30
0.0
 40
0.125
100
AcDbArc
 50
-91.55100900376827
 51
88.44899099623173
  0
ARC
  5
3AC
330
17
100
AcDbEntity
  8
SLOTS
100
AcDbCircle
 10
17.543883535433707
 20
4.90532890090818
 30
0.0
 40
0.125
100
AcDbArc
 50
88.44899099623173
 51
268.4489909962317
  0
LINE
  5
3AD
330
17
100
AcDbEntity
  8
SLOTS
100
AcDbLine
 10
17.3638497072048
 20
5.785524342304663
 30
0.0
 11
21.063077149416312
 21
5.685360996742738
 31
0.0
  0
LINE
  5
3AE
330
17
100
AcDbEntity
  8
SLOTS
100
AcDbLine
 10
21.056310422464957
 20
5.435452590708915
 30
0.0
 11
17.357082980253445
 21
5.53561593627084
 31
0.0
  0
ARC
  5
3AF
330
17
100
AcDbEntity
  8
SLOTS
100
AcDbCircle
 10
21.059693785940635
 20
5.560406793725827
 30
0.0
 40
0.125
100
AcDbArc
 50
-91.55100900376829
 51
88.44899099623171
  0
ARC
  5
3B0
330
17
100
AcDbEntity
  8
SLOTS
100
AcDbCircle
 10
17.360466343729122
 20
5.660570139287752
 30
0.0
 40
0.125
100
AcDbArc
 50
88.44899099623171
 51
268.4489909962317
  0
LINE
  5
3B1
330
17
100
AcDbEntity
  8
SLOTS
100
AcDbLine
 10
17.180432515500215
 20
6.540765580684235
 30
0.0
 11
21.368931856853884
 21
6.427354304014236
 31
0.0
  0
LINE
  5
3B2
330
17
100
AcDbEntity
  8
SLOTS
100
AcDbLine
 10
21.36216512990253
 20
6.177445897980413
 30
0.0
 11
17.17366578854886
 21
6.290857174650412
 31
0.0
  0
ARC
  5
3B3
330
17
100
AcDbEntity
  8
SLOTS
100
AcDbCircle
 10
21.365548493378206
 20
6.302400100997325
 30
0.0
 40
0.125
100
AcDbArc
 50
-91.55100900376829
 51
88.44899099623171
  0
ARC
  5
3B4
330
17
100
AcDbEntity
  8
SLOTS
100
AcDbCircle
 10
17.177049152024537
 20
6.415811377667324
 30
0.0
 40
0.125
100
AcDbArc
 50
88.44899099623171
 51
268.4489909962317
  0
LINE
  5
3B5
330
17
100
AcDbEntity
  8
SLOTS
100
AcDbLine
 10
17.004514793884177
 20
7.295803757201365
 30
0.0
 11
21.674786564291452
 21
7.169347611285734
 31
0.0
  0
LINE
  5
3B6
330
17
100
AcDbEntity
  8
SLOTS
100
AcDbLine
 10
21.668019837340097
 20
6.919439205251911
 30
0.0
 11
16.99774806693282
 21
7.045895351167542
 31
0.0
  0
ARC
  5
3B7
330
17
100
AcDbEntity
  8
SLOTS
100
AcDbCircle
 10
21.671403200815774
 20
7.044393408268823
 30
0.0
 40
0.125
100
AcDbArc
 50
-91.55100900376829
 51
88.44899099623171
  0
ARC
  5
3B8
330
17
100
AcDbEntity
  8
SLOTS
100
AcDbCircle
 10
17.0011314304085
 20
7.1708495541844535
 30
0.0
 40
0.125
100
AcDbArc
 50
88.44899099623171
 51
268.4489909962317
  0
LINE
  5
3B9
330
17
100
AcDbEntity
  8
SLOTS
100
AcDbLine
 10
17.299081134524275
 20
8.038102717640186
 30
0.0
 11
21.980641271729024
 21
7.911340918557231
 31
0.0
  0
LINE
  5
3BA
330
17
100
AcDbEntity
  8
SLOTS
100
AcDbLine
 10
21.97387454477767
 20
7.661432512523408
 30
0.0
 11
17.29231440757292
 21
7.788194311606364
 31
0.0
  0
ARC
  5
3BB
330
17
100
AcDbEntity
  8
SLOTS
100
AcDbCircle
 10
21.977257908253346
 20
7.78638671554032
 30
0.0
 40
0.125
100
AcDbArc
 50
-91.55100900376829
 51
88.44899099623171
  0
ARC
  5
3BC
330
17
100
AcDbEntity
  8
SLOTS
100
AcDbCircle
 10
17.295697771048598
 20
7.913148514623275
 30
0.0
 40
0.125
100
AcDbArc
 50
88.44899099623171
 51
268.4489909962317
  0
LINE
  5
3BD
330
17
100
AcDbEntity
  8
SLOTS
100
AcDbLine
 10
17.593647475164374
 20
8.780401678079008
 30
0.0
 11
22.143814382915746
 21
8.65719759088369
 31
0.0
  0
LINE
  5
3BE
330
17
100
AcDbEntity
  8
SLOTS
100
AcDbLine
 10
22.13704765596439
 20
8.40728918484987
 30
0.0
 11
17.58688074821302
 21
8.530493272045186
 31
0.0
  0
ARC
  5
3BF
330
17
100
AcDbEntity
  8
SLOTS
100
AcDbCircle
 10
22.14043101944007
 20
8.53224338786678
 30
0.0
 40
0.125
100
AcDbArc
 50
-91.55100900376829
 51
88.44899099623171
  0
ARC
  5
3C0
330
17
100
AcDbEntity
  8
SLOTS
100
AcDbCircle
 10
17.590264111688697
 20
8.655447475062097
 30
0.0
 40
0.125
100
AcDbArc
 50
88.44899099623171
 51
268.4489909962317
  0
LINE
  5
3C1
330
17
100
AcDbEntity
  8
SLOTS
100
AcDbLine
 10
17.888213815804473
 20
9.52270063851783
 30
0.0
 11
20.68474821712248
 21
9.446979357252797
 31
0.0
  0
LINE
  5
3C2
330
17
100
AcDbEntity
  8
SLOTS
100
AcDbLine
 10
20.677981490171124
 20
9.197070951218976
 30
0.0
 11
17.88144708885312
 21
9.272792232484008
 31
0.0
  0
ARC
  5
3C3
330
17
100
AcDbEntity
  8
SLOTS
100
AcDbCircle
 10
20.6813648536468
 20
9.322025154235886
 30
0.0
 40
0.125
100
AcDbArc
 50
-91.55100900376827
 51
88.44899099623173
  0
ARC
  5
3C4
330
17
100
AcDbEntity
  8
SLOTS
100
AcDbCircle
 10
17.884830452328796
 20
9.397746435500919
 30
0.0
 40
0.125
100
AcDbArc
 50
88.44899099623173
 51
268.4489909962317
  0
LINE
  5
3C5
330
17
100
AcDbEntity
  8
SLOTS
100
AcDbLine
 10
18.182780156444586
 20
10.264999598956653
 30
0.0
 11
18.192563183156075
 21
10.26473470562407
 31
0.0
  0
LINE
  5
3C6
330
17
100
AcDbEntity
  8
SLOTS
100
AcDbLine
 10
18.18579645620469
 20
10.014826299590249
 30
0.0
 11
18.176013429493203
 21
10.015091192922831
 31
0.0
  0
ARC
  5
3C7
330
17
100
AcDbEntity
  8
SLOTS
100
AcDbCircle
 10
18.189179819680383
 20
10.13978050260716
 30
0.0
 40
0.125
100
AcDbArc
 50
-91.55100900377477
 51
88.44899099622523
  0
ARC
  5
3C8
330
17
100
AcDbEntity
  8
SLOTS
100
AcDbCircle
 10
18.179396792968895
 20
10.140045395939742
 30
0.0
 40
0.125
100
AcDbArc
 50
88.44899099622523
 51
268.44899099622523
  0
LINE
  5
3C9
330
17
100
AcDbEntity
  8
SLOTS
100
AcDbLine
 10
11.950853421487277
 20
18.323940504910688
 30
0.0
 11
12.735944855668052
 21
17.090529853181337
 31
0.0
  0
LINE
  5
3CA
330
17
100
AcDbEntity
  8
SLOTS
100
AcDbLine
 10
12.525044490391451
 20
16.956287401154427
 30
0.0
 11
11.739953056210677
 21
18.189698052883777
 31
0.0
  0
ARC
  5
3CB
330
17
100
AcDbEntity
  8
SLOTS
100
AcDbCircle
 10
12.630494673029752
 20
17.023408627167882
 30
0.0
 40
0.125
100
AcDbArc
 50
-147.52240218256972
 51
32.47759781743028
  0
ARC
  5
3CC
330
17
100
AcDbEntity
  8
SLOTS
100
AcDbCircle
 10
11.845403238848977
 20
18.256819278897233
 30
0.0
 40
0.125
100
AcDbArc
 50
32.47759781743028
 51
212.47759781743028
  0
LINE
  5
3CD
330
17
100
AcDbEntity
  8
SLOTS
100
AcDbLine
 10
12.356494126208819
 20
19.08338899280582
 30
0.0
 11
15.720224854269075
 21
13.798830877777984
 31
0.0
  0
LINE
  5
3CE
330
17
100
AcDbEntity
  8
SLOTS
100
AcDbLine
 10
15.509324488992474
 20
13.664588425751077
 30
0.0
 11
12.145593760932218
 21
18.94914654077891
 31
0.0
  0
ARC
  5
3CF
330
17
100
AcDbEntity
  8
SLOTS
100
AcDbCircle
 10
15.614774671630775
 20
13.73170965176453
 30
0.0
 40
0.125
100
AcDbArc
 50
-147.52240218256978
 51
32.47759781743023
  0
ARC
  5
3D0
330
17
100
AcDbEntity
  8
SLOTS
100
AcDbCircle
 10
12.251043943570519
 20
19.016267766792364
 30
0.0
 40
0.125
100
AcDbArc
 50
32.47759781743023
 51
212.47759781743022
  0
LINE
  5
3D1
330
17
100
AcDbEntity
  8
SLOTS
100
AcDbLine
 10
12.762134830930359
 20
19.842837480700947
 30
0.0
 11
16.079888368242077
 21
14.630511406855689
 31
0.0
  0
LINE
  5
3D2
330
17
100
AcDbEntity
  8
SLOTS
100
AcDbLine
 10
15.868988002965478
 20
14.496268954828782
 30
0.0
 11
12.551234465653758
 21
19.708595028674036
 31
0.0
  0
ARC
  5
3D3
330
17
100
AcDbEntity
  8
SLOTS
100
AcDbCircle
 10
15.974438185603779
 20
14.563390180842235
 30
0.0
 40
0.125
100
AcDbArc
 50
-147.52240218256978
 51
32.477597817430215
  0
ARC
  5
3D4
330
17
100
AcDbEntity
  8
SLOTS
100
AcDbCircle
 10
12.656684648292059
 20
19.77571625468749
 30
0.0
 40
0.125
100
AcDbArc
 50
32.477597817430215
 51
212.47759781743022
  0
LINE
  5
3D5
330
17
100
AcDbEntity
  8
SLOTS
100
AcDbLine
 10
13.167775535651899
 20
20.602285968596078
 30
0.0
 11
16.439551882215085
 21
15.462191935933395
 31
0.0
  0
LINE
  5
3D6
330
17
100
AcDbEntity
  8
SLOTS
100
AcDbLine
 10
16.228651516938484
 20
15.327949483906488
 30
0.0
 11
12.956875170375298
 21
20.468043516569168
 31
0.0
  0
ARC
  5
3D7
330
17
100
AcDbEntity
  8
SLOTS
100
AcDbCircle
 10
16.334101699576784
 20
15.395070709919942
 30
0.0
 40
0.125
100
AcDbArc
 50
-147.5224021825698
 51
32.4775978174302
  0
ARC
  5
3D8
330
17
100
AcDbEntity
  8
SLOTS
100
AcDbCircle
 10
13.062325353013598
 20
20.535164742582623
 30
0.0
 40
0.125
100
AcDbArc
 50
32.4775978174302
 51
212.4775978174302
  0
LINE
  5
3D9
330
17
100
AcDbEntity
  8
SLOTS
100
AcDbLine
 10
13.642482275885671
 20
21.25322889883932
 30
0.0
 11
16.799215396188092
 21
16.293872465011106
 31
0.0
  0
LINE
  5
3DA
330
17
100
AcDbEntity
  8
SLOTS
100
AcDbLine
 10
16.58831503091149
 20
16.159630012984195
 30
0.0
 11
13.43158191060907
 21
21.11898644681241
 31
0.0
  0
ARC
  5
3DB
330
17
100
AcDbEntity
  8
SLOTS
100
AcDbCircle
 10
16.693765213549792
 20
16.22675123899765
 30
0.0
 40
0.125
100
AcDbArc
 50
-147.52240218256978
 51
32.477597817430215
  0
ARC
  5
3DC
330
17
100
AcDbEntity
  8
SLOTS
100
AcDbCircle
 10
13.53703209324737
 20
21.186107672825866
 30
0.0
 40
0.125
100
AcDbArc
 50
32.477597817430215
 51
212.47759781743022
  0
LINE
  5
3DD
330
17
100
AcDbEntity
  8
SLOTS
100
AcDbLine
 10
14.811160791567907
 20
20.813913876222802
 30
0.0
 11
17.158878910161096
 21
17.125552994088814
 31
0.0
  0
LINE
  5
3DE
330
17
100
AcDbEntity
  8
SLOTS
100
AcDbLine
 10
16.947978544884496
 20
16.991310542061903
 30
0.0
 11
14.600260426291307
 21
20.67967142419589
 31
0.0
  0
ARC
  5
3DF
330
17
100
AcDbEntity
  8
SLOTS
100
AcDbCircle
 10
17.053428727522796
 20
17.05843176807536
 30
0.0
 40
0.125
100
AcDbArc
 50
-147.5224021825698
 51
32.477597817430194
  0
ARC
  5
3E0
330
17
100
AcDbEntity
  8
SLOTS
100
AcDbCircle
 10
14.705710608929607
 20
20.746792650209347
 30
0.0
 40
0.125
100
AcDbArc
 50
32.477597817430194
 51
212.4775978174302
  0
LINE
  5
3E1
330
17
100
AcDbEntity
  8
SLOTS
100
AcDbLine
 10
15.97983930725014
 20
20.374598853606283
 30
0.0
 11
17.518542424134104
 21
17.95723352316652
 31
0.0
  0
LINE
  5
3E2
330
17
100
AcDbEntity
  8
SLOTS
100
AcDbLine
 10
17.307642058857503
 20
17.822991071139608
 30
0.0
 11
15.76893894197354
 21
20.240356401579373
 31
0.0
  0
ARC
  5
3E3
330
17
100
AcDbEntity
  8
SLOTS
100
AcDbCircle
 10
17.413092241495804
 20
17.890112297153063
 30
0.0
 40
0.125
100
AcDbArc
 50
-147.52240218256978
 51
32.47759781743023
  0
ARC
  5
3E4
330
17
100
AcDbEntity
  8
SLOTS
100
AcDbCircle
 10
15.87438912461184
 20
20.307477627592828
 30
0.0
 40
0.125
100
AcDbArc
 50
32.47759781743023
 51
212.47759781743022
  0
LINE
  5
3E5
330
17
100
AcDbEntity
  8
SLOTS
100
AcDbLine
 10
17.78376876013023
 20
20.716042814222778
 30
0.0
 11
17.62267386881325
 21
20.12264589249661
 31
0.0
  0
LINE
  5
3E6
330
17
100
AcDbEntity
  8
SLOTS
100
AcDbLine
 10
17.381406635321838
 20
20.188144915721377
 30
0.0
 11
17.542501526638816
 21
20.781541837447545
 31
0.0
  0
ARC
  5
3E7
330
17
100
AcDbEntity
  8
SLOTS
100
AcDbCircle
 10
17.502040252067545
 20
20.155395404108994
 30
0.0
 40
0.125
100
AcDbArc
 50
-195.18853626073835
 51
-15.188536260738346
  0
ARC
  5
3E8
330
17
100
AcDbEntity
  8
SLOTS
100
AcDbCircle
 10
17.663135143384523
 20
20.74879232583516
 30
0.0
 40
0.125
100
AcDbArc
 50
-15.188536260738346
 51
164.81146373926165
  0
LINE
  5
3E9
330
17
100
AcDbEntity
  8
SLOTS
100
AcDbLine
 10
19.53889898547775
 20
24.31846926685945
 30
0.0
 11
18.13139571154982
 21
19.13389697384396
 31
0.0
  0
LINE
  5
3EA
330
17
100
AcDbEntity
  8
SLOTS
100
AcDbLine
 10
17.890128478058408
 20
19.199395997068727
 30
0.0
 11
19.297631751986337
 21
24.383968290084216
 31
0.0
  0
ARC
  5
3EB
330
17
100
AcDbEntity
  8
SLOTS
100
AcDbCircle
 10
18.010762094804114
 20
19.166646485456344
 30
0.0
 40
0.125
100
AcDbArc
 50
-195.1885362607382
 51
-15.18853626073819
  0
ARC
  5
3EC
330
17
100
AcDbEntity
  8
SLOTS
100
AcDbCircle
 10
19.418265368732044
 20
24.351218778471832
 30
0.0
 40
0.125
100
AcDbArc
 50
-15.18853626073819
 51
164.8114637392618
  0
LINE
  5
3ED
330
17
100
AcDbEntity
  8
SLOTS
100
AcDbLine
 10
20.66151863229373
 20
25.59102773180592
 30
0.0
 11
18.78336542306259
 21
18.672805038480593
 31
0.0
  0
LINE
  5
3EE
330
17
100
AcDbEntity
  8
SLOTS
100
AcDbLine
 10
18.542098189571178
 20
18.73830406170536
 30
0.0
 11
20.420251398802318
 21
25.656526755030686
 31
0.0
  0
ARC
  5
3EF
330
17
100
AcDbEntity
  8
SLOTS
100
AcDbCircle
 10
18.662731806316884
 20
18.705554550092977
 30
0.0
 40
0.125
100
AcDbArc
 50
-195.1885362607382
 51
-15.18853626073819
  0
ARC
  5
3F0
330
17
100
AcDbEntity
  8
SLOTS
100
AcDbCircle
 10
20.540885015548024
 20
25.623777243418303
 30
0.0
 40
0.125
100
AcDbArc
 50
-15.18853626073819
 51
164.8114637392618
  0
LINE
  5
3F1
330
17
100
AcDbEntity
  8
SLOTS
100
AcDbLine
 10
21.438932753812725
 20
25.592013309496533
 30
0.0
 11
19.55807166400577
 21
18.66381607268969
 31
0.0
  0
LINE
  5
3F2
330
17
100
AcDbEntity
  8
SLOTS
100
AcDbLine
 10
19.316804430514356
 20
18.72931509591446
 30
0.0
 11
21.197665520321312
 21
25.6575123327213
 31
0.0
  0
ARC
  5
3F3
330
17
100
AcDbEntity
  8
SLOTS
100
AcDbCircle
 10
19.437438047260063
 20
18.696565584302075
 30
0.0
 40
0.125
100
AcDbArc
 50
-195.1885362607382
 51
-15.18853626073819
  0
ARC
  5
3F4
330
17
100
AcDbEntity
  8
SLOTS
100
AcDbCircle
 10
21.31829913706702
 20
25.624762821108916
 30
0.0
 40
0.125
100
AcDbArc
 50
-15.18853626073819
 51
164.8114637392618
  0
LINE
  5
3F5
330
17
100
AcDbEntity
  8
SLOTS
100
AcDbLine
 10
22.21634687533172
 20
25.592998887187143
 30
0.0
 11
20.332777904948948
 21
18.654827106898793
 31
0.0
  0
LINE
  5
3F6
330
17
100
AcDbEntity
  8
SLOTS
100
AcDbLine
 10
20.091510671457534
 20
18.72032613012356
 30
0.0
 11
21.975079641840306
 21
25.65849791041191
 31
0.0
  0
ARC
  5
3F7
330
17
100
AcDbEntity
  8
SLOTS
100
AcDbCircle
 10
20.21214428820324
 20
18.687576618511176
 30
0.0
 40
0.125
100
AcDbArc
 50
-195.1885362607382
 51
-15.188536260738204
  0
ARC
  5
3F8
330
17
100
AcDbEntity
  8
SLOTS
100
AcDbCircle
 10
22.095713258586013
 20
25.625748398799526
 30
0.0
 40
0.125
100
AcDbArc
 50
-15.188536260738204
 51
164.8114637392618
  0
LINE
  5
3F9
330
17
100
AcDbEntity
  8
SLOTS
100
AcDbLine
 10
22.790030142992283
 20
24.84353694570495
 30
0.0
 11
21.517682557789342
 21
20.156813895378246
 31
0.0
  0
LINE
  5
3FA
330
17
100
AcDbEntity
  8
SLOTS
100
AcDbLine
 10
21.27641532429793
 20
20.222312918603013
 30
0.0
 11
22.54876290950087
 21
24.909035968929718
 31
0.0
  0
ARC
  5
3FB
330
17
100
AcDbEntity
  8
SLOTS
100
AcDbCircle
 10
21.397048941043636
 20
20.18956340699063
 30
0.0
 40
0.125
100
AcDbArc
 50
-195.1885362607382
 51
-15.18853626073819
  0
ARC
  5
3FC
330
17
100
AcDbEntity
  8
SLOTS
100
AcDbCircle
 10
22.669396526246576
 20
24.876286457317335
 30
0.0
 40
0.125
100
AcDbArc
 50
-15.18853626073819
 51
164.8114637392618
  0
LINE
  5
3FD
330
17
100
AcDbEntity
  8
SLOTS
100
AcDbLine
 10
23.27407143826861
 20
23.763876634582342
 30
0.0
 11
22.962116052117143
 21
22.6147814376779
 31
0.0
  0
LINE
  5
3FE
330
17
100
AcDbEntity
  8
SLOTS
100
AcDbLine
 10
22.72084881862573
 20
22.68028046090267
 30
0.0
 11
23.032804204777197
 21
23.82937565780711
 31
0.0
  0
ARC
  5
3FF
330
17
100
AcDbEntity
  8
SLOTS
100
AcDbCircle
 10
22.841482435371436
 20
22.647530949290285
 30
0.0
 40
0.125
100
AcDbArc
 50
-195.1885362607381
 51
-15.188536260738076
  0
ARC
  5
400
330
17
100
AcDbEntity
  8
SLOTS
100
AcDbCircle
 10
23.153437821522903
 20
23.796626146194725
 30
0.0
 40
0.125
100
AcDbArc
 50
-15.188536260738076
 51
164.8114637392619
  0
LINE
  5
401
330
17
100
AcDbEntity
  8
SLOTS
100
AcDbLine
 10
27.06186495449441
 20
20.30298544551591
 30
0.0
 11
26.98189342362814
 21
20.48690914691042
 31
0.0
  0
LINE
  5
402
330
17
100
AcDbEntity
  8
SLOTS
100
AcDbLine
 10
27.211158793458427
 20
20.58659560635494
 30
0.0
 11
27.291130324324698
 21
20.402671904960428
 31
0.0
  0
ARC
  5
403
330
17
100
AcDbEntity
  8
SLOTS
100
AcDbCircle
 10
27.096526108543284
 20
20.53675237663268
 30
0.0
 40
0.125
100
AcDbArc
 50
23.499798125597522
 51
203.49979812559752
  0
ARC
  5
404
330
17
100
AcDbEntity
  8
SLOTS
100
AcDbCircle
 10
27.176497639409554
 20
20.352828675238168
 30
0.0
 40
0.125
100
AcDbArc
 50
203.49979812559752
 51
383.4997981255975
  0
LINE
  5
405
330
17
100
AcDbEntity
  8
SLOTS
100
AcDbLine
 10
26.47999743626061
 20
19.76030463870074
 30
0.0
 11
25.79103930093039
 21
21.344815138664647
 31
0.0
  0
LINE
  5
406
330
17
100
AcDbEntity
  8
SLOTS
100
AcDbLine
 10
26.02030467076067
 20
21.444501598109166
 30
0.0
 11
26.70926280609089
 21
19.85999109814526
 31
0.0
  0
ARC
  5
407
330
17
100
AcDbEntity
  8
SLOTS
100
AcDbCircle
 10
25.90567198584553
 20
21.394658368386906
 30
0.0
 40
0.125
100
AcDbArc
 50
23.499798125597934
 51
203.49979812559792
  0
ARC
  5
408
330
17
100
AcDbEntity
  8
SLOTS
100
AcDbCircle
 10
26.59463012117575
 20
19.810147868423
 30
0.0
 40
0.125
100
AcDbArc
 50
203.49979812559792
 51
383.4997981255979
  0
LINE
  5
409
330
17
100
AcDbEntity
  8
SLOTS
100
AcDbLine
 10
25.89812991802681
 20
19.21762383188558
 30
0.0
 11
24.600185178232643
 21
22.20272113041887
 31
0.0
  0
LINE
  5
40A
330
17
100
AcDbEntity
  8
SLOTS
100
AcDbLine
 10
24.829450548062923
 20
22.30240758986339
 30
0.0
 11
26.12739528785709
 21
19.3173102913301
 31
0.0
  0
ARC
  5
40B
330
17
100
AcDbEntity
  8
SLOTS
100
AcDbCircle
 10
24.714817863147783
 20
22.25256436014113
 30
0.0
 40
0.125
100
AcDbArc
 50
23.49979812559795
 51
203.49979812559795
  0
ARC
  5
40C
330
17
100
AcDbEntity
  8
SLOTS
100
AcDbCircle
 10
26.01276260294195
 20
19.26746706160784
 30
0.0
 40
0.125
100
AcDbArc
 50
203.49979812559795
 51
383.499798125598
  0
LINE
  5
40D
330
17
100
AcDbEntity
  8
SLOTS
100
AcDbLine
 10
25.316262399793008
 20
18.674943025070412
 30
0.0
 11
23.604728441757754
 21
22.611239569782505
 31
0.0
  0
LINE
  5
40E
330
17
100
AcDbEntity
  8
SLOTS
100
AcDbLine
 10
23.833993811588034
 20
22.710926029227025
 30
0.0
 11
25.545527769623288
 21
18.774629484514932
 31
0.0
  0
ARC
  5
40F
330
17
100
AcDbEntity
  8
SLOTS
100
AcDbCircle
 10
23.719361126672894
 20
22.661082799504765
 30
0.0
 40
0.125
100
AcDbArc
 50
23.499798125597977
 51
203.49979812559798
  0
ARC
  5
410
330
17
100
AcDbEntity
  8
SLOTS
100
AcDbCircle
 10
25.430895084708148
 20
18.724786254792672
 30
0.0
 40
0.125
100
AcDbArc
 50
203.49979812559798
 51
383.499798125598
  0
LINE
  5
411
330
17
100
AcDbEntity
  8
SLOTS
100
AcDbLine
 10
24.734394881559204
 20
18.132262218255246
 30
0.0
 11
23.134685938857075
 21
21.811376356856364
 31
0.0
  0
LINE
  5
412
330
17
100
AcDbEntity
  8
SLOTS
100
AcDbLine
 10
23.363951308687355
 20
21.911062816300884
 30
0.0
 11
24.963660251389484
 21
18.231948677699766
 31
0.0
  0
ARC
  5
413
330
17
100
AcDbEntity
  8
SLOTS
100
AcDbCircle
 10
23.249318623772215
 20
21.861219586578624
 30
0.0
 40
0.125
100
AcDbArc
 50
23.49979812559795
 51
203.49979812559795
  0
ARC
  5
414
330
17
100
AcDbEntity
  8
SLOTS
100
AcDbCircle
 10
24.849027566474344
 20
18.182105447977506
 30
0.0
 40
0.125
100
AcDbArc
 50
203.49979812559795
 51
383.499798125598
  0
LINE
  5
415
330
17
100
AcDbEntity
  8
SLOTS
100
AcDbLine
 10
24.14283528369228
 20
17.611871883324582
 30
0.0
 11
22.664643435956396
 21
21.011513143930227
 31
0.0
  0
LINE
  5
416
330
17
100
AcDbEntity
  8
SLOTS
100
AcDbLine
 10
22.893908805786676
 20
21.111199603374747
 30
0.0
 11
24.37210065352256
 21
17.711558342769102
 31
0.0
  0
ARC
  5
417
330
17
100
AcDbEntity
  8
SLOTS
100
AcDbCircle
 10
22.779276120871536
 20
21.061356373652487
 30
0.0
 40
0.125
100
AcDbArc
 50
23.499798125597962
 51
203.49979812559798
  0
ARC
  5
418
330
17
100
AcDbEntity
  8
SLOTS
100
AcDbCircle
 10
24.25746796860742
 20
17.661715113046842
 30
0.0
 40
0.125
100
AcDbArc
 50
203.49979812559798
 51
383.499798125598
  0
LINE
  5
419
330
17
100
AcDbEntity
  8
SLOTS
100
AcDbLine
 10
23.500588083176243
 20
17.208056176802952
 30
0.0
 11
22.194600933055714
 21
20.211649931004082
 31
0.0
  0
LINE
  5
41A
330
17
100
AcDbEntity
  8
SLOTS
100
AcDbLine
 10
22.423866302885994
 20
20.311336390448602
 30
0.0
 11
23.729853453006523
 21
17.307742636247472
 31
0.0
  0
ARC
  5
41B
330
17
100
AcDbEntity
  8
SLOTS
100
AcDbCircle
 10
22.309233617970854
 20
20.261493160726342
 30
0.0
 40
0.125
100
AcDbArc
 50
23.49979812559799
 51
203.49979812559798
  0
ARC
  5
41C
330
17
100
AcDbEntity
  8
SLOTS
100
AcDbCircle
 10
23.615220768091383
 20
17.257899406525212
 30
0.0
 40
0.125
100
AcDbArc
 50
203.49979812559798
 51
383.499798125598
  0
LINE
  5
41D
330
17
100
AcDbEntity
  8
SLOTS
100
AcDbLine
 10
22.4506171819611
 20
17.741949819677757
 30
0.0
 11
21.724558430155035
 21
19.41178671807795
 31
0.0
  0
LINE
  5
41E
330
17
100
AcDbEntity
  8
SLOTS
100
AcDbLine
 10
21.953823799985315
 20
19.51147317752247
 30
0.0
 11
22.67988255179138
 21
17.841636279122277
 31
0.0
  0
ARC
  5
41F
330
17
100
AcDbEntity
  8
SLOTS
100
AcDbCircle
 10
21.839191115070175
 20
19.46162994780021
 30
0.0
 40
0.125
100
AcDbArc
 50
23.499798125597934
 51
203.49979812559792
  0
ARC
  5
420
330
17
100
AcDbEntity
  8
SLOTS
100
AcDbCircle
 10
22.56524986687624
 20
17.791793049400017
 30
0.0
 40
0.125
100
AcDbArc
 50
203.49979812559792
 51
383.4997981255979
  0
LINE
  5
421
330
17
100
AcDbEntity
  8
SLOTS
100
AcDbLine
 10
21.400646280745953
 20
18.275843462552565
 30
0.0
 11
21.254515927254356
 21
18.611923505151804
 31
0.0
  0
LINE
  5
422
330
17
100
AcDbEntity
  8
SLOTS
100
AcDbLine
 10
21.483781297084636
 20
18.711609964596324
 30
0.0
 11
21.629911650576233
 21
18.375529921997085
 31
0.0
  0
ARC
  5
423
330
17
100
AcDbEntity
  8
SLOTS
100
AcDbCircle
 10
21.369148612169496
 20
18.661766734874064
 30
0.0
 40
0.125
100
AcDbArc
 50
23.499798125597806
 51
203.4997981255978
  0
ARC
  5
424
330
17
100
AcDbEntity
  8
SLOTS
100
AcDbCircle
 10
21.515278965661093
 20
18.325686692274825
 30
0.0
 40
0.125
100
AcDbArc
 50
203.4997981255978
 51
383.4997981255978
  0
LINE
  5
425
330
17
100
AcDbEntity
  8
SLOTS
100
AcDbLine
 10
14.78700457221673
 20
12.726130175564343
 30
0.0
 11
14.806510958202042
 21
12.877974979184375
 31
0.0
  0
LINE
  5
426
330
17
100
AcDbEntity
  8
SLOTS
100
AcDbLine
 10
15.054473312144415
 20
12.84612107789494
 30
0.0
 11
15.034966926159104
 21
12.694276274274909
 31
0.0
  0
ARC
  5
427
330
17
100
AcDbEntity
  8
SLOTS
100
AcDbCircle
 10
14.930492135173228
 20
12.862048028539657
 30
0.0
 40
0.125
100
AcDbArc
 50
-7.320275421154122
 51
172.67972457884588
  0
ARC
  5
428
330
17
100
AcDbEntity
  8
SLOTS
100
AcDbCircle
 10
14.910985749187917
 20
12.710203224919626
 30
0.0
 40
0.125
100
AcDbArc
 50
172.67972457884588
 51
352.6797245788459
  0
LINE
  5
429
330
17
100
AcDbEntity
  8
SLOTS
100
AcDbLine
 10
14.069473682740549
 20
13.026857911614
 30
0.0
 11
14.157105732218675
 21
13.709017659393377
 31
0.0
  0
LINE
  5
42A
330
17
100
AcDbEntity
  8
SLOTS
100
AcDbLine
 10
14.405068086161048
 20
13.677163758103942
 30
0.0
 11
14.317436036682922
 21
12.995004010324566
 31
0.0
  0
ARC
  5
42B
330
17
100
AcDbEntity
  8
SLOTS
100
AcDbCircle
 10
14.281086909189861
 20
13.69309070874866
 30
0.0
 40
0.125
100
AcDbArc
 50
-7.320275421154079
 51
172.67972457884593
  0
ARC
  5
42C
330
17
100
AcDbEntity
  8
SLOTS
100
AcDbCircle
 10
14.193454859711736
 20
13.010930960969283
 30
0.0
 40
0.125
100
AcDbArc
 50
172.67972457884593
 51
352.67972457884593
  0
LINE
  5
42D
330
17
100
AcDbEntity
  8
SLOTS
100
AcDbLine
 10
13.370377545356448
 20
13.471088463270487
 30
0.0
 11
13.507700506235308
 21
14.540060339602377
 31
0.0
  0
LINE
  5
42E
330
17
100
AcDbEntity
  8
SLOTS
100
AcDbLine
 10
13.755662860177681
 20
14.508206438312943
 30
0.0
 11
13.618339899298821
 21
13.439234561981053
 31
0.0
  0
ARC
  5
42F
330
17
100
AcDbEntity
  8
SLOTS
100
AcDbCircle
 10
13.631681683206494
 20
14.52413338895766
 30
0.0
 40
0.125
100
AcDbArc
 50
-7.320275421154037
 51
172.67972457884596
  0
ARC
  5
430
330
17
100
AcDbEntity
  8
SLOTS
100
AcDbCircle
 10
13.494358722327634
 20
13.45516151262577
 30
0.0
 40
0.125
100
AcDbArc
 50
172.67972457884596
 51
352.67972457884593
  0
LINE
  5
431
330
17
100
AcDbEntity
  8
SLOTS
100
AcDbLine
 10
12.671281407972344
 20
13.915319014926974
 30
0.0
 11
12.858295280251939
 21
15.37110301981138
 31
0.0
  0
LINE
  5
432
330
17
100
AcDbEntity
  8
SLOTS
100
AcDbLine
 10
13.106257634194312
 20
15.339249118521947
 30
0.0
 11
12.919243761914718
 21
13.88346511363754
 31
0.0
  0
ARC
  5
433
330
17
100
AcDbEntity
  8
SLOTS
100
AcDbCircle
 10
12.982276457223126
 20
15.355176069166664
 30
0.0
 40
0.125
100
AcDbArc
 50
-7.320275421153994
 51
172.679724578846
  0
ARC
  5
434
330
17
100
AcDbEntity
  8
SLOTS
100
AcDbCircle
 10
12.795262584943531
 20
13.899392064282257
 30
0.0
 40
0.125
100
AcDbArc
 50
172.679724578846
 51
352.679724578846
  0
LINE
  5
435
330
17
100
AcDbEntity
  8
SLOTS
100
AcDbLine
 10
11.972185270588241
 20
14.359549566583462
 30
0.0
 11
12.208890054268572
 21
16.202145700020385
 31
0.0
  0
LINE
  5
436
330
17
100
AcDbEntity
  8
SLOTS
100
AcDbLine
 10
12.456852408210946
 20
16.170291798730947
 30
0.0
 11
12.220147624530615
 21
14.327695665294028
 31
0.0
  0
ARC
  5
437
330
17
100
AcDbEntity
  8
SLOTS
100
AcDbCircle
 10
12.332871231239759
 20
16.186218749375666
 30
0.0
 40
0.125
100
AcDbArc
 50
-7.320275421154037
 51
172.67972457884596
  0
ARC
  5
438
330
17
100
AcDbEntity
  8
SLOTS
100
AcDbCircle
 10
12.096166447559428
 20
14.343622615938745
 30
0.0
 40
0.125
100
AcDbArc
 50
172.67972457884596
 51
352.67972457884593
  0
LINE
  5
439
330
17
100
AcDbEntity
  8
SLOTS
100
AcDbLine
 10
11.27308913320414
 20
14.803780118239949
 30
0.0
 11
11.559484828285205
 21
17.033188380229387
 31
0.0
  0
LINE
  5
43A
330
17
100
AcDbEntity
  8
SLOTS
100
AcDbLine
 10
11.807447182227579
 20
17.00133447893995
 30
0.0
 11
11.521051487146513
 21
14.771926216950515
 31
0.0
  0
ARC
  5
43B
330
17
100
AcDbEntity
  8
SLOTS
100
AcDbCircle
 10
11.683466005256392
 20
17.017261429584668
 30
0.0
 40
0.125
100
AcDbArc
 50
-7.320275421154022
 51
172.679724578846
  0
ARC
  5
43C
330
17
100
AcDbEntity
  8
SLOTS
100
AcDbCircle
 10
11.397070310175327
 20
14.787853167595232
 30
0.0
 40
0.125
100
AcDbArc
 50
172.679724578846
 51
352.679724578846
  0
LINE
  5
43D
330
17
100
AcDbEntity
  8
SLOTS
100
AcDbLine
 10
10.573992995820038
 20
15.248010669896436
 30
0.0
 11
10.881334361899839
 21
17.64046765356542
 31
0.0
  0
LINE
  5
43E
330
17
100
AcDbEntity
  8
SLOTS
100
AcDbLine
 10
11.129296715842212
 20
17.608613752275982
 30
0.0
 11
10.821955349762412
 21
15.216156768607002
 31
0.0
  0
ARC
  5
43F
330
17
100
AcDbEntity
  8
SLOTS
100
AcDbCircle
 10
11.005315538871026
 20
17.6245407029207
 30
0.0
 40
0.125
100
AcDbArc
 50
-7.320275421154008
 51
172.679724578846
  0
ARC
  5
440
330
17
100
AcDbEntity
  8
SLOTS
100
AcDbCircle
 10
10.697974172791225
 20
15.232083719251719
 30
0.0
 40
0.125
100
AcDbArc
 50
172.679724578846
 51
352.679724578846
  0
LINE
  5
441
330
17
100
AcDbEntity
  8
SLOTS
100
AcDbLine
 10
9.874896858435937
 20
15.692241221552923
 30
0.0
 11
10.102398133625108
 21
17.46319389727771
 31
0.0
  0
LINE
  5
442
330
17
100
AcDbEntity
  8
SLOTS
100
AcDbLine
 10
10.350360487567482
 20
17.43133999598827
 30
0.0
 11
10.12285921237831
 21
15.660387320263489
 31
0.0
  0
ARC
  5
443
330
17
100
AcDbEntity
  8
SLOTS
100
AcDbCircle
 10
10.226379310596295
 20
17.44726694663299
 30
0.0
 40
0.125
100
AcDbArc
 50
-7.320275421153994
 51
172.679724578846
  0
ARC
  5
444
330
17
100
AcDbEntity
  8
SLOTS
100
AcDbCircle
 10
9.998878035407124
 20
15.676314270908206
 30
0.0
 40
0.125
100
AcDbArc
 50
172.679724578846
 51
352.679724578846
  0
LINE
  5
445
330
17
100
AcDbEntity
  8
SLOTS
100
AcDbLine
 10
9.175800721051834
 20
16.13647177320941
 30
0.0
 11
9.323461905350376
 21
17.285920140989997
 31
0.0
  0
LINE
  5
446
330
17
100
AcDbEntity
  8
SLOTS
100
AcDbLine
 10
9.57142425929275
 20
17.25406623970056
 30
0.0
 11
9.423763074994207
 21
16.104617871919974
 31
0.0
  0
ARC
  5
447
330
17
100
AcDbEntity
  8
SLOTS
100
AcDbCircle
 10
9.447443082321563
 20
17.26999319034528
 30
0.0
 40
0.125
100
AcDbArc
 50
-7.320275421153966
 51
172.67972457884605
  0
ARC
  5
448
330
17
100
AcDbEntity
  8
SLOTS
100
AcDbCircle
 10
9.29978189802302
 20
16.120544822564693
 30
0.0
 40
0.125
100
AcDbArc
 50
172.67972457884605
 51
352.67972457884605
  0
LINE
  5
449
330
17
100
AcDbEntity
  8
SLOTS
100
AcDbLine
 10
8.47670458366773
 20
16.5807023248659
 30
0.0
 11
8.544525677075645
 21
17.108646384702286
 31
0.0
  0
LINE
  5
44A
330
17
100
AcDbEntity
  8
SLOTS
100
AcDbLine
 10
8.792488031018019
 20
17.07679248341285
 30
0.0
 11
8.724666937610104
 21
16.548848423576462
 31
0.0
  0
ARC
  5
44B
330
17
100
AcDbEntity
  8
SLOTS
100
AcDbCircle
 10
8.668506854046832
 20
17.092719434057567
 30
0.0
 40
0.125
100
AcDbArc
 50
-7.320275421154065
 51
172.67972457884593
  0
ARC
  5
44C
330
17
100
AcDbEntity
  8
SLOTS
100
AcDbCircle
 10
8.600685760638918
 20
16.56477537422118
 30
0.0
 40
0.125
100
AcDbArc
 50
172.67972457884593
 51
352.67972457884593
  0
LINE
  5
44D
330
17
100
AcDbEntity
  8
SLOTS
100
AcDbLine
 10
18.208307099948318
 20
1.0946446598234174
 30
0.0
 11
18.196791515945954
 21
1.1406451028114803
 31
0.0
  0
LINE
  5
44E
330
17
100
AcDbEntity
  8
SLOTS
100
AcDbLine
 10
18.439307934546953
 20
1.2013557831646455
 30
0.0
 11
18.450823518549317
 21
1.1553553401765826
 31
0.0
  0
ARC
  5
44F
330
17
100
AcDbEntity
  8
SLOTS
100
AcDbCircle
 10
18.318049725246453
 20
1.171000442988063
 30
0.0
 40
0.125
100
AcDbArc
 50
14.054381033112747
 51
194.05438103311275
  0
ARC
  5
450
330
17
100
AcDbEntity
  8
SLOTS
100
AcDbCircle
 10
18.329565309248817
 20
1.125
 30
0.0
 40
0.125
100
AcDbArc
 50
194.05438103311275
 51
374.05438103311275
  0
LINE
  5
451
330
17
100
AcDbEntity
  8
SLOTS
100
AcDbLine
 10
17.43516356978394
 20
1.0946446598234185
 30
0.0
 11
17.39931255578344
 21
1.2378560267202896
 31
0.0
  0
LINE
  5
452
330
17
100
AcDbEntity
  8
SLOTS
100
AcDbLine
 10
17.64182897438444
 20
1.2985667070734526
 30
0.0
 11
17.677679988384938
 21
1.1553553401765815
 31
0.0
  0
ARC
  5
453
330
17
100
AcDbEntity
  8
SLOTS
100
AcDbCircle
 10
17.52057076508394
 20
1.268211366896871
 30
0.0
 40
0.125
100
AcDbArc
 50
14.05438103311225
 51
194.05438103311224
  0
ARC
  5
454
330
17
100
AcDbEntity
  8
SLOTS
100
AcDbCircle
 10
17.556421779084438
 20
1.125
 30
0.0
 40
0.125
100
AcDbArc
 50
194.05438103311224
 51
374.05438103311224
  0
LINE
  5
455
330
17
100
AcDbEntity
  8
SLOTS
100
AcDbLine
 10
15.487749347389538
 20
1.238028530406329
 30
0.0
 11
16.066605130455653
 21
1.51141092079643
 31
0.0
  0
LINE
  5
456
330
17
100
AcDbEntity
  8
SLOTS
100
AcDbLine
 10
16.17336750798979
 20
1.285353859983772
 30
0.0
 11
15.594511724923677
 21
1.011971469593671
 31
0.0
  0
ARC
  5
457
330
17
100
AcDbEntity
  8
SLOTS
100
AcDbCircle
 10
16.119986319222722
 20
1.398382390390101
 30
0.0
 40
0.125
100
AcDbArc
 50
-64.7195401584267
 51
115.2804598415733
  0
ARC
  5
458
330
17
100
AcDbEntity
  8
SLOTS
100
AcDbCircle
 10
15.541130536156608
 20
1.125
 30
0.0
 40
0.125
100
AcDbArc
 50
115.2804598415733
 51
295.2804598415733
  0
LINE
  5
459
330
17
100
AcDbEntity
  8
SLOTS
100
AcDbLine
 10
13.731512699886615
 20
1.238028530406329
 30
0.0
 11
15.078806296918012
 21
1.8743292375751341
 31
0.0
  0
LINE
  5
45A
330
17
100
AcDbEntity
  8
SLOTS
100
AcDbLine
 10
15.185568674452151
 20
1.6482721767624762
 30
0.0
 11
13.838275077420754
 21
1.011971469593671
 31
0.0
  0
ARC
  5
45B
330
17
100
AcDbEntity
  8
SLOTS
100
AcDbCircle
 10
15.132187485685082
 20
1.7613007071688052
 30
0.0
 40
0.125
100
AcDbArc
 50
-64.7195401584267
 51
115.2804598415733
  0
ARC
  5
45C
330
17
100
AcDbEntity
  8
SLOTS
100
AcDbCircle
 10
13.784893888653684
 20
1.125
 30
0.0
 40
0.125
100
AcDbArc
 50
115.2804598415733
 51
295.2804598415733
  0
LINE
  5
45D
330
17
100
AcDbEntity
  8
SLOTS
100
AcDbLine
 10
13.601969669107607
 20
2.0062844628542047
 30
0.0
 11
14.048851791906824
 21
2.21733824607174
 31
0.0
  0
LINE
  5
45E
330
17
100
AcDbEntity
  8
SLOTS
100
AcDbLine
 10
14.155614169440963
 20
1.9912811852590822
 30
0.0
 11
13.708732046641746
 21
1.7802274020415467
 31
0.0
  0
ARC
  5
45F
330
17
100
AcDbEntity
  8
SLOTS
100
AcDbCircle
 10
14.102232980673893
 20
2.104309715665411
 30
0.0
 40
0.125
100
AcDbArc
 50
-64.71954015842671
 51
115.28045984157329
  0
ARC
  5
460
330
17
100
AcDbEntity
  8
SLOTS
100
AcDbCircle
 10
13.655350857874677
 20
1.8932559324478757
 30
0.0
 40
0.125
100
AcDbArc
 50
115.28045984157329
 51
295.2804598415733
  0
LINE
  5
461
330
17
100
AcDbEntity
  8
SLOTS
100
AcDbLine
 10
13.550442158949094
 20
3.5922527024310535
 30
0.0
 11
13.595779927330158
 21
3.15078835305411
 31
0.0
  0
LINE
  5
462
330
17
100
AcDbEntity
  8
SLOTS
100
AcDbLine
 10
13.34708796464742
 20
3.1252480379227636
 30
0.0
 11
13.301750196266356
 21
3.5667123872997073
 31
0.0
  0
ARC
  5
463
330
17
100
AcDbEntity
  8
SLOTS
100
AcDbCircle
 10
13.471433945988789
 20
3.1380181954884367
 30
0.0
 40
0.125
100
AcDbArc
 50
-174.13636089225344
 51
5.863639107746565
  0
ARC
  5
464
330
17
100
AcDbEntity
  8
SLOTS
100
AcDbCircle
 10
13.426096177607725
 20
3.5794825448653804
 30
0.0
 40
0.125
100
AcDbArc
 50
5.863639107746565
 51
185.86363910774656
  0
LINE
  5
465
330
17
100
AcDbEntity
  8
SLOTS
100
AcDbLine
 10
14.236043860008815
 20
4.257724810250719
 30
0.0
 11
14.379947545538192
 21
2.8565013011618654
 31
0.0
  0
LINE
  5
466
330
17
100
AcDbEntity
  8
SLOTS
100
AcDbLine
 10
14.131255582855454
 20
2.830960986030519
 30
0.0
 11
13.987351897326077
 21
4.232184495119372
 31
0.0
  0
ARC
  5
467
330
17
100
AcDbEntity
  8
SLOTS
100
AcDbCircle
 10
14.255601564196823
 20
2.8437311435961923
 30
0.0
 40
0.125
100
AcDbArc
 50
-174.13636089225352
 51
5.863639107746479
  0
ARC
  5
468
330
17
100
AcDbEntity
  8
SLOTS
100
AcDbCircle
 10
14.111697878667446
 20
4.2449546526850455
 30
0.0
 40
0.125
100
AcDbArc
 50
5.863639107746479
 51
185.86363910774648
  0
LINE
  5
469
330
17
100
AcDbEntity
  8
SLOTS
100
AcDbLine
 10
14.921645561068535
 20
4.923196918070386
 30
0.0
 11
15.1605919258491
 21
2.596520832533318
 31
0.0
  0
LINE
  5
46A
330
17
100
AcDbEntity
  8
SLOTS
100
AcDbLine
 10
14.911899963166363
 20
2.5709805174019715
 30
0.0
 11
14.672953598385797
 21
4.89765660293904
 31
0.0
  0
ARC
  5
46B
330
17
100
AcDbEntity
  8
SLOTS
100
AcDbCircle
 10
15.036245944507732
 20
2.5837506749676447
 30
0.0
 40
0.125
100
AcDbArc
 50
-174.13636089225352
 51
5.863639107746479
  0
ARC
  5
46C
330
17
100
AcDbEntity
  8
SLOTS
100
AcDbCircle
 10
14.797299579727166
 20
4.910426760504713
 30
0.0
 40
0.125
100
AcDbArc
 50
5.863639107746479
 51
185.86363910774648
  0
LINE
  5
46D
330
17
100
AcDbEntity
  8
SLOTS
100
AcDbLine
 10
15.607247262128256
 20
5.588669025890052
 30
0.0
 11
15.94123630616001
 21
2.3365403639047706
 31
0.0
  0
LINE
  5
46E
330
17
100
AcDbEntity
  8
SLOTS
100
AcDbLine
 10
15.692544343477271
 20
2.3110000487734244
 30
0.0
 11
15.358555299445518
 21
5.563128710758706
 31
0.0
  0
ARC
  5
46F
330
17
100
AcDbEntity
  8
SLOTS
100
AcDbCircle
 10
15.81689032481864
 20
2.3237702063390975
 30
0.0
 40
0.125
100
AcDbArc
 50
-174.13636089225352
 51
5.863639107746479
  0
ARC
  5
470
330
17
100
AcDbEntity
  8
SLOTS
100
AcDbCircle
 10
15.482901280786887
 20
5.575898868324379
 30
0.0
 40
0.125
100
AcDbArc
 50
5.863639107746479
 51
185.86363910774648
  0
LINE
  5
471
330
17
100
AcDbEntity
  8
SLOTS
100
AcDbLine
 10
16.292848963187975
 20
6.254141133709717
 30
0.0
 11
16.721880686470914
 21
2.076559895276224
 31
0.0
  0
LINE
  5
472
330
17
100
AcDbEntity
  8
SLOTS
100
AcDbLine
 10
16.47318872378818
 20
2.0510195801448776
 30
0.0
 11
16.04415700050524
 21
6.228600818578371
 31
0.0
  0
ARC
  5
473
330
17
100
AcDbEntity
  8
SLOTS
100
AcDbCircle
 10
16.597534705129547
 20
2.0637897377105507
 30
0.0
 40
0.125
100
AcDbArc
 50
-174.13636089225352
 51
5.863639107746479
  0
ARC
  5
474
330
17
100
AcDbEntity
  8
SLOTS
100
AcDbCircle
 10
16.168502981846608
 20
6.241370976144044
 30
0.0
 40
0.125
100
AcDbArc
 50
5.863639107746479
 51
185.86363910774648
  0
LINE
  5
475
330
17
100
AcDbEntity
  8
SLOTS
100
AcDbLine
 10
17.394715505768968
 20
2.866346087175106
 30
0.0
 11
17.480404145419232
 21
2.0319759603913536
 31
0.0
  0
LINE
  5
476
330
17
100
AcDbEntity
  8
SLOTS
100
AcDbLine
 10
17.231712182736498
 20
2.0064356452600074
 30
0.0
 11
17.146023543086233
 21
2.8408057720437596
 31
0.0
  0
ARC
  5
477
330
17
100
AcDbEntity
  8
SLOTS
100
AcDbCircle
 10
17.356058164077865
 20
2.0192058028256805
 30
0.0
 40
0.125
100
AcDbArc
 50
-174.1363608922536
 51
5.863639107746394
  0
ARC
  5
478
330
17
100
AcDbEntity
  8
SLOTS
100
AcDbCircle
 10
17.2703695244276
 20
2.8535759296094327
 30
0.0
 40
0.125
100
AcDbArc
 50
5.863639107746394
 51
185.8636391077464
  0
LINE
  5
479
330
17
100
AcDbEntity
  8
SLOTS
100
AcDbLine
 10
12.891048094887752
 20
2.387988923570993
 30
0.0
 11
12.476059460359405
 21
2.6879059587431375
 31
0.0
  0
LINE
  5
47A
330
17
100
AcDbEntity
  8
SLOTS
100
AcDbLine
 10
12.622497237863591
 20
2.890528705046789
 30
0.0
 11
13.037485872391938
 21
2.5906116698746446
 31
0.0
  0
ARC
  5
47B
330
17
100
AcDbEntity
  8
SLOTS
100
AcDbCircle
 10
12.549278349111498
 20
2.7892173318949633
 30
0.0
 40
0.125
100
AcDbArc
 50
54.14392977065674
 51
234.14392977065674
  0
ARC
  5
47C
330
17
100
AcDbEntity
  8
SLOTS
100
AcDbCircle
 10
12.964266983639845
 20
2.489300296722819
 30
0.0
 40
0.125
100
AcDbArc
 50
234.14392977065674
 51
414.14392977065677
  0
LINE
  5
47D
330
17
100
AcDbEntity
  8
SLOTS
100
AcDbLine
 10
12.800036083643342
 20
1.5283993339295296
 30
0.0
 11
12.227724678335285
 21
1.942015335896135
 31
0.0
  0
LINE
  5
47E
330
17
100
AcDbEntity
  8
SLOTS
100
AcDbLine
 10
12.374162455839471
 20
2.1446380821997866
 30
0.0
 11
12.946473861147528
 21
1.7310220802331813
 31
0.0
  0
ARC
  5
47F
330
17
100
AcDbEntity
  8
SLOTS
100
AcDbCircle
 10
12.300943567087378
 20
2.0433267090479608
 30
0.0
 40
0.125
100
AcDbArc
 50
54.14392977065674
 51
234.14392977065674
  0
ARC
  5
480
330
17
100
AcDbEntity
  8
SLOTS
100
AcDbCircle
 10
12.873254972395435
 20
1.6297107070813555
 30
0.0
 40
0.125
100
AcDbArc
 50
234.14392977065674
 51
414.14392977065677
  0
LINE
  5
481
330
17
100
AcDbEntity
  8
SLOTS
100
AcDbLine
 10
12.217985933094718
 20
1.0236886268481744
 30
0.0
 11
11.979389896311163
 21
1.1961247130491328
 31
0.0
  0
LINE
  5
482
330
17
100
AcDbEntity
  8
SLOTS
100
AcDbLine
 10
12.125827673815353
 20
1.398747459352784
 30
0.0
 11
12.364423710598908
 21
1.2263113731518256
 31
0.0
  0
ARC
  5
483
330
17
100
AcDbEntity
  8
SLOTS
100
AcDbCircle
 10
12.052608785063258
 20
1.2974360862009584
 30
0.0
 40
0.125
100
AcDbArc
 50
54.14392977065663
 51
234.14392977065663
  0
ARC
  5
484
330
17
100
AcDbEntity
  8
SLOTS
100
AcDbCircle
 10
12.291204821846813
 20
1.125
 30
0.0
 40
0.125
100
AcDbArc
 50
234.14392977065663
 51
414.14392977065665
  0
LINE
  5
485
330
17
100
AcDbEntity
  8
SLOTS
100
AcDbLine
 10
1.2276808609448484
 20
11.892160092572173
 30
0.0
 11
1.3279378003576119
 21
11.747748531550931
 31
0.0
  0
LINE
  5
486
330
17
100
AcDbEntity
  8
SLOTS
100
AcDbLine
 10
1.122576078467915
 20
11.605177275042129
 30
0.0
 11
1.0223191390551516
 21
11.74958883606337
 31
0.0
  0
ARC
  5
487
330
17
100
AcDbEntity
  8
SLOTS
100
AcDbCircle
 10
1.2252569394127635
 20
11.67646290329653
 30
0.0
 40
0.125
100
AcDbArc
 50
-145.2298961227757
 51
34.7701038772243
  0
ARC
  5
488
330
17
100
AcDbEntity
  8
SLOTS
100
AcDbCircle
 10
1.125
 20
11.820874464317772
 30
0.0
 40
0.125
100
AcDbArc
 50
34.7701038772243
 51
214.7701038772243
  0
LINE
  5
489
330
17
100
AcDbEntity
  8
SLOTS
100
AcDbLine
 10
1.3590999903361367
 20
13.01799390528778
 30
0.0
 11
1.9843724140809123
 21
12.11734236629792
 31
0.0
  0
LINE
  5
48A
330
17
100
AcDbEntity
  8
SLOTS
100
AcDbLine
 10
1.7790106921912154
 20
11.974771109789119
 30
0.0
 11
1.15373826844644
 21
12.875422648778978
 31
0.0
  0
ARC
  5
48B
330
17
100
AcDbEntity
  8
SLOTS
100
AcDbCircle
 10
1.8816915531360638
 20
12.04605673804352
 30
0.0
 40
0.125
100
AcDbArc
 50
-145.22989612277573
 51
34.77010387722428
  0
ARC
  5
48C
330
17
100
AcDbEntity
  8
SLOTS
100
AcDbCircle
 10
1.2564191293912883
 20
12.946708277033379
 30
0.0
 40
0.125
100
AcDbArc
 50
34.77010387722428
 51
214.77010387722427
  0
LINE
  5
48D
330
17
100
AcDbEntity
  8
SLOTS
100
AcDbLine
 10
2.2826640922256747
 20
13.002810520554034
 30
0.0
 11
2.4538083610142336
 21
12.756291814114762
 31
0.0
  0
LINE
  5
48E
330
17
100
AcDbEntity
  8
SLOTS
100
AcDbLine
 10
2.2484466391245364
 20
12.61372055760596
 30
0.0
 11
2.0773023703359774
 21
12.860239264045232
 31
0.0
  0
ARC
  5
48F
330
17
100
AcDbEntity
  8
SLOTS
100
AcDbCircle
 10
2.351127500069385
 20
12.685006185860361
 30
0.0
 40
0.125
100
AcDbArc
 50
-145.2298961227758
 51
34.770103877224194
  0
ARC
  5
490
330
17
100
AcDbEntity
  8
SLOTS
100
AcDbCircle
 10
2.179983231280826
 20
12.931524892299633
 30
0.0
 40
0.125
100
AcDbArc
 50
34.770103877224194
 51
214.7701038772242
  0
LINE
  5
491
330
17
100
AcDbEntity
  8
SLOTS
100
AcDbLine
 10
12.529286047738674
 20
21.18765143830612
 30
0.0
 11
11.634724054236752
 21
21.96131991659149
 31
0.0
  0
LINE
  5
492
330
17
100
AcDbEntity
  8
SLOTS
100
AcDbLine
 10
11.798261220083482
 20
22.15041141663001
 30
0.0
 11
12.692823213585404
 21
21.37674293834464
 31
0.0
  0
ARC
  5
493
330
17
100
AcDbEntity
  8
SLOTS
100
AcDbCircle
 10
11.716492637160117
 20
22.05586566661075
 30
0.0
 40
0.125
100
AcDbArc
 50
49.1448714141365
 51
229.1448714141365
  0
ARC
  5
494
330
17
100
AcDbEntity
  8
SLOTS
100
AcDbCircle
 10
12.61105463066204
 20
21.28219718832538
 30
0.0
 40
0.125
100
AcDbArc
 50
229.1448714141365
 51
409.1448714141365
  0
LINE
  5
495
330
17
100
AcDbEntity
  8
SLOTS
100
AcDbLine
 10
12.167007798461988
 20
20.509386990463433
 30
0.0
 11
10.974772631236194
 21
21.540500288687745
 31
0.0
  0
LINE
  5
496
330
17
100
AcDbEntity
  8
SLOTS
100
AcDbLine
 10
11.138309797082924
 20
21.729591788726268
 30
0.0
 11
12.330544964308718
 21
20.698478490501955
 31
0.0
  0
ARC
  5
497
330
17
100
AcDbEntity
  8
SLOTS
100
AcDbCircle
 10
11.056541214159559
 20
21.635046038707006
 30
0.0
 40
0.125
100
AcDbArc
 50
49.14487141413653
 51
229.14487141413653
  0
ARC
  5
498
330
17
100
AcDbEntity
  8
SLOTS
100
AcDbCircle
 10
12.248776381385353
 20
20.603932740482694
 30
0.0
 40
0.125
100
AcDbArc
 50
229.14487141413653
 51
409.14487141413656
  0
LINE
  5
499
330
17
100
AcDbEntity
  8
SLOTS
100
AcDbLine
 10
11.8047295491853
 20
19.831122542620744
 30
0.0
 11
10.314821208235633
 21
21.119680660784002
 31
0.0
  0
LINE
  5
49A
330
17
100
AcDbEntity
  8
SLOTS
100
AcDbLine
 10
10.478358374082363
 20
21.308772160822524
 30
0.0
 11
11.96826671503203
 21
20.020214042659266
 31
0.0
  0
ARC
  5
49B
330
17
100
AcDbEntity
  8
SLOTS
100
AcDbCircle
 10
10.396589791158998
 20
21.214226410803263
 30
0.0
 40
0.125
100
AcDbArc
 50
49.144871414136446
 51
229.14487141413645
  0
ARC
  5
49C
330
17
100
AcDbEntity
  8
SLOTS
100
AcDbCircle
 10
11.886498132108665
 20
19.925668292640005
 30
0.0
 40
0.125
100
AcDbArc
 50
229.14487141413645
 51
409.14487141413645
  0
LINE
  5
49D
330
17
100
AcDbEntity
  8
SLOTS
100
AcDbLine
 10
11.442451299908614
 20
19.152858094778054
 30
0.0
 11
9.654869785235077
 21
20.69886103288026
 31
0.0
  0
LINE
  5
49E
330
17
100
AcDbEntity
  8
SLOTS
100
AcDbLine
 10
9.818406951081807
 20
20.88795253291878
 30
0.0
 11
11.605988465755344
 21
19.341949594816576
 31
0.0
  0
ARC
  5
49F
330
17
100
AcDbEntity
  8
SLOTS
100
AcDbCircle
 10
9.736638368158442
 20
20.79340678289952
 30
0.0
 40
0.125
100
AcDbArc
 50
49.14487141413639
 51
229.1448714141364
  0
ARC
  5
4A0
330
17
100
AcDbEntity
  8
SLOTS
100
AcDbCircle
 10
11.524219882831979
 20
19.247403844797315
 30
0.0
 40
0.125
100
AcDbArc
 50
229.1448714141364
 51
409.1448714141364
  0
LINE
  5
4A1
330
17
100
AcDbEntity
  8
SLOTS
100
AcDbLine
 10
11.080173050631926
 20
18.474593646935364
 30
0.0
 11
8.994918362234516
 21
20.278041404976513
 31
0.0
  0
LINE
  5
4A2
330
17
100
AcDbEntity
  8
SLOTS
100
AcDbLine
 10
9.158455528081246
 20
20.467132905015035
 30
0.0
 11
11.243710216478656
 21
18.663685146973886
 31
0.0
  0
ARC
  5
4A3
330
17
100
AcDbEntity
  8
SLOTS
100
AcDbCircle
 10
9.076686945157881
 20
20.372587154995774
 30
0.0
 40
0.125
100
AcDbArc
 50
49.144871414136446
 51
229.14487141413645
  0
ARC
  5
4A4
330
17
100
AcDbEntity
  8
SLOTS
100
AcDbCircle
 10
11.16194163355529
 20
18.569139396954625
 30
0.0
 40
0.125
100
AcDbArc
 50
229.14487141413645
 51
409.14487141413645
  0
LINE
  5
4A5
330
17
100
AcDbEntity
  8
SLOTS
100
AcDbLine
 10
10.300444314098446
 20
18.157364304073084
 30
0.0
 11
8.334966939233956
 21
19.857221777072766
 31
0.0
  0
LINE
  5
4A6
330
17
100
AcDbEntity
  8
SLOTS
100
AcDbLine
 10
8.498504105080686
 20
20.046313277111288
 30
0.0
 11
10.463981479945176
 21
18.346455804111606
 31
0.0
  0
ARC
  5
4A7
330
17
100
AcDbEntity
  8
SLOTS
100
AcDbCircle
 10
8.416735522157321
 20
19.951767527092027
 30
0.0
 40
0.125
100
AcDbArc
 50
49.144871414136446
 51
229.14487141413645
  0
ARC
  5
4A8
330
17
100
AcDbEntity
  8
SLOTS
100
AcDbCircle
 10
10.38221289702181
 20
18.251910054092345
 30
0.0
 40
0.125
100
AcDbArc
 50
229.14487141413645
 51
409.14487141413645
  0
LINE
  5
4A9
330
17
100
AcDbEntity
  8
SLOTS
100
AcDbLine
 10
9.39276804565651
 20
17.950791319329124
 30
0.0
 11
7.7353130108057435
 21
19.384253420283745
 31
0.0
  0
LINE
  5
4AA
330
17
100
AcDbEntity
  8
SLOTS
100
AcDbLine
 10
7.898850176652472
 20
19.573344920322267
 30
0.0
 11
9.55630521150324
 21
18.139882819367646
 31
0.0
  0
ARC
  5
4AB
330
17
100
AcDbEntity
  8
SLOTS
100
AcDbCircle
 10
7.817081593729108
 20
19.478799170303006
 30
0.0
 40
0.125
100
AcDbArc
 50
49.144871414136475
 51
229.14487141413647
  0
ARC
  5
4AC
330
17
100
AcDbEntity
  8
SLOTS
100
AcDbCircle
 10
9.474536628579875
 20
18.045337069348385
 30
0.0
 40
0.125
100
AcDbArc
 50
229.14487141413647
 51
409.14487141413645
  0
LINE
  5
4AD
330
17
100
AcDbEntity
  8
SLOTS
100
AcDbLine
 10
8.48509177721457
 20
17.744218334585163
 30
0.0
 11
7.252255869460938
 21
18.810445479999057
 31
0.0
  0
LINE
  5
4AE
330
17
100
AcDbEntity
  8
SLOTS
100
AcDbLine
 10
7.415793035307666
 20
18.99953698003758
 30
0.0
 11
8.6486289430613
 21
17.933309834623685
 31
0.0
  0
ARC
  5
4AF
330
17
100
AcDbEntity
  8
SLOTS
100
AcDbCircle
 10
7.334024452384302
 20
18.904991230018318
 30
0.0
 40
0.125
100
AcDbArc
 50
49.1448714141365
 51
229.1448714141365
  0
ARC
  5
4B0
330
17
100
AcDbEntity
  8
SLOTS
100
AcDbCircle
 10
8.566860360137936
 20
17.838764084604424
 30
0.0
 40
0.125
100
AcDbArc
 50
229.1448714141365
 51
409.1448714141365
  0
LINE
  5
4B1
330
17
100
AcDbEntity
  8
SLOTS
100
AcDbLine
 10
7.577415508772638
 20
17.5376453498412
 30
0.0
 11
6.804764072340998
 21
18.205878591820298
 31
0.0
  0
LINE
  5
4B2
330
17
100
AcDbEntity
  8
SLOTS
100
AcDbLine
 10
6.968301238187726
 20
18.39497009185882
 30
0.0
 11
7.740952674619366
 21
17.72673684987972
 31
0.0
  0
ARC
  5
4B3
330
17
100
AcDbEntity
  8
SLOTS
100
AcDbCircle
 10
6.886532655264362
 20
18.30042434183956
 30
0.0
 40
0.125
100
AcDbArc
 50
49.14487141413636
 51
229.14487141413636
  0
ARC
  5
4B4
330
17
100
AcDbEntity
  8
SLOTS
100
AcDbCircle
 10
7.659184091696002
 20
17.63219109986046
 30
0.0
 40
0.125
100
AcDbArc
 50
229.14487141413636
 51
409.14487141413633
  0
LINE
  5
4B5
330
17
100
AcDbEntity
  8
SLOTS
100
AcDbLine
 10
2.123796653776075
 20
26.046038272981512
 30
0.0
 11
2.313379916652011
 21
25.775602064819168
 31
0.0
  0
LINE
  5
4B6
330
17
100
AcDbEntity
  8
SLOTS
100
AcDbLine
 10
2.1086708176123037
 20
25.6320953236174
 30
0.0
 11
1.9190875547363675
 21
25.902531531779744
 31
0.0
  0
ARC
  5
4B7
330
17
100
AcDbEntity
  8
SLOTS
100
AcDbCircle
 10
2.2110253671321574
 20
25.703848694218284
 30
0.0
 40
0.125
100
AcDbArc
 50
-144.96848161099018
 51
35.03151838900981
  0
ARC
  5
4B8
330
17
100
AcDbEntity
  8
SLOTS
100
AcDbCircle
 10
2.0214421042562214
 20
25.974284902380628
 30
0.0
 40
0.125
100
AcDbArc
 50
35.03151838900981
 51
215.03151838900982
  0
LINE
  5
4B9
330
17
100
AcDbEntity
  8
SLOTS
100
AcDbLine
 10
2.0807403043280224
 20
27.414016006009657
 30
0.0
 11
2.9275600442184597
 21
26.206046926994173
 31
0.0
  0
LINE
  5
4BA
330
17
100
AcDbEntity
  8
SLOTS
100
AcDbLine
 10
2.7228509451787515
 20
26.062540185792404
 30
0.0
 11
1.876031205288314
 21
27.270509264807888
 31
0.0
  0
ARC
  5
4BB
330
17
100
AcDbEntity
  8
SLOTS
100
AcDbCircle
 10
2.8252054946986056
 20
26.13429355639329
 30
0.0
 40
0.125
100
AcDbArc
 50
-144.96848161099044
 51
35.03151838900957
  0
ARC
  5
4BC
330
17
100
AcDbEntity
  8
SLOTS
100
AcDbCircle
 10
1.978385754808168
 20
27.342262635408773
 30
0.0
 40
0.125
100
AcDbArc
 50
35.03151838900957
 51
215.03151838900956
  0
LINE
  5
4BD
330
17
100
AcDbEntity
  8
SLOTS
100
AcDbLine
 10
2.037683954879969
 20
28.78199373903781
 30
0.0
 11
3.4911181950775063
 21
26.708702886408247
 31
0.0
  0
LINE
  5
4BE
330
17
100
AcDbEntity
  8
SLOTS
100
AcDbLine
 10
3.286409096037798
 20
26.565196145206478
 30
0.0
 11
1.8329748558402605
 21
28.63848699783604
 31
0.0
  0
ARC
  5
4BF
330
17
100
AcDbEntity
  8
SLOTS
100
AcDbCircle
 10
3.388763645557652
 20
26.636949515807363
 30
0.0
 40
0.125
100
AcDbArc
 50
-144.96848161099044
 51
35.03151838900957
  0
ARC
  5
4C0
330
17
100
AcDbEntity
  8
SLOTS
100
AcDbCircle
 10
1.9353294053601147
 20
28.710240368436924
 30
0.0
 40
0.125
100
AcDbArc
 50
35.03151838900957
 51
215.03151838900956
  0
LINE
  5
4C1
330
17
100
AcDbEntity
  8
SLOTS
100
AcDbLine
 10
2.1370891160890695
 20
29.946753370600884
 30
0.0
 11
4.054676345936552
 21
27.211358845822314
 31
0.0
  0
LINE
  5
4C2
330
17
100
AcDbEntity
  8
SLOTS
100
AcDbLine
 10
3.8499672468968438
 20
27.067852104620545
 30
0.0
 11
1.9323800170493612
 21
29.803246629399116
 31
0.0
  0
ARC
  5
4C3
330
17
100
AcDbEntity
  8
SLOTS
100
AcDbCircle
 10
3.952321796416698
 20
27.13960547522143
 30
0.0
 40
0.125
100
AcDbArc
 50
-144.9684816109904
 51
35.03151838900958
  0
ARC
  5
4C4
330
17
100
AcDbEntity
  8
SLOTS
100
AcDbCircle
 10
2.0347345665692154
 20
29.875
 30
0.0
 40
0.125
100
AcDbArc
 50
35.03151838900958
 51
215.0315183890096
  0
LINE
  5
4C5
330
17
100
AcDbEntity
  8
SLOTS
100
AcDbLine
 10
3.05302299924113
 20
29.946753370600884
 30
0.0
 11
4.618234496795597
 21
27.714014805236385
 31
0.0
  0
LINE
  5
4C6
330
17
100
AcDbEntity
  8
SLOTS
100
AcDbLine
 10
4.413525397755888
 20
27.570508064034616
 30
0.0
 11
2.848313900201422
 21
29.803246629399116
 31
0.0
  0
ARC
  5
4C7
330
17
100
AcDbEntity
  8
SLOTS
100
AcDbCircle
 10
4.515879947275742
 20
27.6422614346355
 30
0.0
 40
0.125
100
AcDbArc
 50
-144.9684816109904
 51
35.03151838900958
  0
ARC
  5
4C8
330
17
100
AcDbEntity
  8
SLOTS
100
AcDbCircle
 10
2.950668449721276
 20
29.875
 30
0.0
 40
0.125
100
AcDbArc
 50
35.03151838900958
 51
215.0315183890096
  0
LINE
  5
4C9
330
17
100
AcDbEntity
  8
SLOTS
100
AcDbLine
 10
3.9689568823931936
 20
29.946753370600884
 30
0.0
 11
4.873887834888942
 21
28.655889969848886
 31
0.0
  0
LINE
  5
4CA
330
17
100
AcDbEntity
  8
SLOTS
100
AcDbLine
 10
4.669178735849233
 20
28.512383228647117
 30
0.0
 11
3.7642477833534853
 21
29.803246629399116
 31
0.0
  0
ARC
  5
4CB
330
17
100
AcDbEntity
  8
SLOTS
100
AcDbCircle
 10
4.771533285369087
 20
28.584136599248
 30
0.0
 40
0.125
100
AcDbArc
 50
-144.96848161099044
 51
35.03151838900957
  0
ARC
  5
4CC
330
17
100
AcDbEntity
  8
SLOTS
100
AcDbCircle
 10
3.8666023328733394
 20
29.875
 30
0.0
 40
0.125
100
AcDbArc
 50
35.03151838900957
 51
215.03151838900956
  0
LINE
  5
4CD
330
17
100
AcDbEntity
  8
SLOTS
100
AcDbLine
 10
4.884890765545254
 20
29.946753370600884
 30
0.0
 11
4.938566346418497
 21
29.870186376542076
 31
0.0
  0
LINE
  5
4CE
330
17
100
AcDbEntity
  8
SLOTS
100
AcDbLine
 10
4.733857247378788
 20
29.726679635340307
 30
0.0
 11
4.680181666505545
 21
29.803246629399116
 31
0.0
  0
ARC
  5
4CF
330
17
100
AcDbEntity
  8
SLOTS
100
AcDbCircle
 10
4.836211796898643
 20
29.79843300594119
 30
0.0
 40
0.125
100
AcDbArc
 50
-144.96848161099055
 51
35.031518389009456
  0
ARC
  5
4D0
330
17
100
AcDbEntity
  8
SLOTS
100
AcDbCircle
 10
4.7825362160254
 20
29.875
 30
0.0
 40
0.125
100
AcDbArc
 50
35.031518389009456
 51
215.03151838900945
  0
LINE
  5
4D1
330
17
100
AcDbEntity
  8
SLOTS
100
AcDbLine
 10
6.563927840712854
 20
19.915200274863306
 30
0.0
 11
7.099970599724478
 21
19.917035660548404
 31
0.0
  0
LINE
  5
4D2
330
17
100
AcDbEntity
  8
SLOTS
100
AcDbLine
 10
7.100826583177198
 20
19.66703712596804
 30
0.0
 11
6.564783824165573
 21
19.665201740282942
 31
0.0
  0
ARC
  5
4D3
330
17
100
AcDbEntity
  8
SLOTS
100
AcDbCircle
 10
7.100398591450838
 20
19.792036393258222
 30
0.0
 40
0.125
100
AcDbArc
 50
-89.80382265999481
 51
90.19617734000519
  0
ARC
  5
4D4
330
17
100
AcDbEntity
  8
SLOTS
100
AcDbCircle
 10
6.5643558324392135
 20
19.790201007573124
 30
0.0
 40
0.125
100
AcDbArc
 50
90.19617734000519
 51
270.1961773400052
  0
LINE
  5
4D5
330
17
100
AcDbEntity
  8
SLOTS
100
AcDbLine
 10
6.319968441952887
 20
20.664369365417798
 30
0.0
 11
7.383243845526551
 21
20.668009971362434
 31
0.0
  0
LINE
  5
4D6
330
17
100
AcDbEntity
  8
SLOTS
100
AcDbLine
 10
7.384099828979271
 20
20.41801143678207
 30
0.0
 11
6.320824425405607
 21
20.414370830837434
 31
0.0
  0
ARC
  5
4D7
330
17
100
AcDbEntity
  8
SLOTS
100
AcDbCircle
 10
7.383671837252911
 20
20.543010704072252
 30
0.0
 40
0.125
100
AcDbArc
 50
-89.80382265999472
 51
90.19617734000528
  0
ARC
  5
4D8
330
17
100
AcDbEntity
  8
SLOTS
100
AcDbCircle
 10
6.320396433679247
 20
20.539370098127616
 30
0.0
 40
0.125
100
AcDbArc
 50
90.19617734000528
 51
270.19617734000525
  0
LINE
  5
4D9
330
17
100
AcDbEntity
  8
SLOTS
100
AcDbLine
 10
6.07600904319292
 20
21.41353845597229
 30
0.0
 11
7.418353630483815
 21
21.418134581931582
 31
0.0
  0
LINE
  5
4DA
330
17
100
AcDbEntity
  8
SLOTS
100
AcDbLine
 10
7.419209613936535
 20
21.16813604735122
 30
0.0
 11
6.07686502664564
 21
21.163539921391926
 31
0.0
  0
ARC
  5
4DB
330
17
100
AcDbEntity
  8
SLOTS
100
AcDbCircle
 10
7.418781622210175
 20
21.2931353146414
 30
0.0
 40
0.125
100
AcDbArc
 50
-89.8038226599947
 51
90.1961773400053
  0
ARC
  5
4DC
330
17
100
AcDbEntity
  8
SLOTS
100
AcDbCircle
 10
6.07643703491928
 20
21.28853918868211
 30
0.0
 40
0.125
100
AcDbArc
 50
90.1961773400053
 51
270.1961773400053
  0
LINE
  5
4DD
330
17
100
AcDbEntity
  8
SLOTS
100
AcDbLine
 10
5.832049644432954
 20
22.162707546526782
 30
0.0
 11
7.453463415441079
 21
22.16825919250073
 31
0.0
  0
LINE
  5
4DE
330
17
100
AcDbEntity
  8
SLOTS
100
AcDbLine
 10
7.454319398893799
 20
21.918260657920367
 30
0.0
 11
5.8329056278856735
 21
21.91270901194642
 31
0.0
  0
ARC
  5
4DF
330
17
100
AcDbEntity
  8
SLOTS
100
AcDbCircle
 10
7.453891407167439
 20
22.04325992521055
 30
0.0
 40
0.125
100
AcDbArc
 50
-89.80382265999467
 51
90.19617734000533
  0
ARC
  5
4E0
330
17
100
AcDbEntity
  8
SLOTS
100
AcDbCircle
 10
5.832477636159314
 20
22.0377082792366
 30
0.0
 40
0.125
100
AcDbArc
 50
90.19617734000533
 51
270.19617734000536
  0
LINE
  5
4E1
330
17
100
AcDbEntity
  8
SLOTS
100
AcDbLine
 10
5.588090245672988
 20
22.911876637081274
 30
0.0
 11
7.488573200398343
 21
22.91838380306988
 31
0.0
  0
LINE
  5
4E2
330
17
100
AcDbEntity
  8
SLOTS
100
AcDbLine
 10
7.489429183851063
 20
22.668385268489516
 30
0.0
 11
5.588946229125708
 21
22.66187810250091
 31
0.0
  0
ARC
  5
4E3
330
17
100
AcDbEntity
  8
SLOTS
100
AcDbCircle
 10
7.489001192124703
 20
22.793384535779698
 30
0.0
 40
0.125
100
AcDbArc
 50
-89.80382265999464
 51
90.19617734000536
  0
ARC
  5
4E4
330
17
100
AcDbEntity
  8
SLOTS
100
AcDbCircle
 10
5.588518237399348
 20
22.786877369791092
 30
0.0
 40
0.125
100
AcDbArc
 50
90.19617734000536
 51
270.19617734000536
  0
LINE
  5
4E5
330
17
100
AcDbEntity
  8
SLOTS
100
AcDbLine
 10
5.34413084691302
 20
23.661045727635766
 30
0.0
 11
7.523682985355605
 21
23.668508413639028
 31
0.0
  0
LINE
  5
4E6
330
17
100
AcDbEntity
  8
SLOTS
100
AcDbLine
 10
7.524538968808327
 20
23.418509879058664
 30
0.0
 11
5.344986830365742
 21
23.411047193055403
 31
0.0
  0
ARC
  5
4E7
330
17
100
AcDbEntity
  8
SLOTS
100
AcDbCircle
 10
7.524110977081966
 20
23.543509146348846
 30
0.0
 40
0.125
100
AcDbArc
 50
-89.80382265999462
 51
90.19617734000538
  0
ARC
  5
4E8
330
17
100
AcDbEntity
  8
SLOTS
100
AcDbCircle
 10
5.344558838639381
 20
23.536046460345585
 30
0.0
 40
0.125
100
AcDbArc
 50
90.19617734000538
 51
270.19617734000536
  0
LINE
  5
4E9
330
17
100
AcDbEntity
  8
SLOTS
100
AcDbLine
 10
34.53906732614801
 20
29.98065527409413
 30
0.0
 11
34.94179792703441
 21
29.72603883849087
 31
0.0
  0
LINE
  5
4EA
330
17
100
AcDbEntity
  8
SLOTS
100
AcDbLine
 10
34.80820207296559
 20
29.51472829030261
 30
0.0
 11
34.40547147207919
 21
29.76934472590587
 31
0.0
  0
ARC
  5
4EB
330
17
100
AcDbEntity
  8
SLOTS
100
AcDbCircle
 10
34.875
 20
29.62038356439674
 30
0.0
 40
0.125
100
AcDbArc
 50
-122.30210588249501
 51
57.69789411750499
  0
ARC
  5
4EC
330
17
100
AcDbEntity
  8
SLOTS
100
AcDbCircle
 10
34.4722693991136
 20
29.875
 30
0.0
 40
0.125
100
AcDbArc
 50
57.69789411750499
 51
237.69789411750497
  0
LINE
  5
4ED
330
17
100
AcDbEntity
  8
SLOTS
100
AcDbLine
 10
32.70903131924342
 20
16.865469826965736
 30
0.0
 11
29.363489858471837
 21
17.503943196295026
 31
0.0
  0
LINE
  5
4EE
330
17
100
AcDbEntity
  8
SLOTS
100
AcDbLine
 10
29.410354819738515
 20
17.749511263041242
 30
0.0
 11
32.7558962805101
 21
17.111037893711952
 31
0.0
  0
ARC
  5
4EF
330
17
100
AcDbEntity
  8
SLOTS
100
AcDbCircle
 10
29.386922339105176
 20
17.626727229668134
 30
0.0
 40
0.125
100
AcDbArc
 50
79.19541936491987
 51
259.19541936491987
  0
ARC
  5
4F0
330
17
100
AcDbEntity
  8
SLOTS
100
AcDbCircle
 10
32.73246379987676
 20
16.988253860338844
 30
0.0
 40
0.125
100
AcDbArc
 50
259.19541936491987
 51
439.19541936491987
  0
LINE
  5
4F1
330
17
100
AcDbEntity
  8
SLOTS
100
AcDbLine
 10
32.73803262475723
 20
16.096399371014442
 30
0.0
 11
29.645345254706513
 21
16.68661729196737
 31
0.0
  0
LINE
  5
4F2
330
17
100
AcDbEntity
  8
SLOTS
100
AcDbLine
 10
29.69221021597319
 20
16.932185358713586
 30
0.0
 11
32.78489758602391
 21
16.34196743776066
 31
0.0
  0
ARC
  5
4F3
330
17
100
AcDbEntity
  8
SLOTS
100
AcDbCircle
 10
29.66877773533985
 20
16.809401325340477
 30
0.0
 40
0.125
100
AcDbArc
 50
79.19541936491987
 51
259.19541936491987
  0
ARC
  5
4F4
330
17
100
AcDbEntity
  8
SLOTS
100
AcDbCircle
 10
32.76146510539057
 20
16.21918340438755
 30
0.0
 40
0.125
100
AcDbArc
 50
259.19541936491987
 51
439.19541936491987
  0
LINE
  5
4F5
330
17
100
AcDbEntity
  8
SLOTS
100
AcDbLine
 10
31.848406901491384
 20
15.502642508123998
 30
0.0
 11
29.92720065094119
 21
15.869291387639713
 31
0.0
  0
LINE
  5
4F6
330
17
100
AcDbEntity
  8
SLOTS
100
AcDbLine
 10
29.97406561220787
 20
16.114859454385925
 30
0.0
 11
31.89527186275806
 21
15.74821057487021
 31
0.0
  0
ARC
  5
4F7
330
17
100
AcDbEntity
  8
SLOTS
100
AcDbCircle
 10
29.95063313157453
 20
15.992075421012819
 30
0.0
 40
0.125
100
AcDbArc
 50
79.1954193649199
 51
259.19541936491987
  0
ARC
  5
4F8
330
17
100
AcDbEntity
  8
SLOTS
100
AcDbCircle
 10
31.871839382124723
 20
15.625426541497104
 30
0.0
 40
0.125
100
AcDbArc
 50
259.19541936491987
 51
439.19541936491987
  0
LINE
  5
4F9
330
17
100
AcDbEntity
  8
SLOTS
100
AcDbLine
 10
30.723373647833096
 20
14.953811538652454
 30
0.0
 11
30.20905604717587
 21
15.051965483312054
 31
0.0
  0
LINE
  5
4FA
330
17
100
AcDbEntity
  8
SLOTS
100
AcDbLine
 10
30.25592100844255
 20
15.297533550058267
 30
0.0
 11
30.770238609099774
 21
15.199379605398667
 31
0.0
  0
ARC
  5
4FB
330
17
100
AcDbEntity
  8
SLOTS
100
AcDbCircle
 10
30.23248852780921
 20
15.17474951668516
 30
0.0
 40
0.125
100
AcDbArc
 50
79.19541936491996
 51
259.19541936492
  0
ARC
  5
4FC
330
17
100
AcDbEntity
  8
SLOTS
100
AcDbCircle
 10
30.746806128466435
 20
15.07659557202556
 30
0.0
 40
0.125
100
AcDbArc
 50
259.19541936492
 51
439.19541936492
  0
LINE
  5
4FD
330
17
100
AcDbEntity
  8
SLOTS
100
AcDbLine
 10
28.898740768793903
 20
19.089254571475028
 30
0.0
 11
32.852003486162815
 21
18.59889684201056
 31
0.0
  0
LINE
  5
4FE
330
17
100
AcDbEntity
  8
SLOTS
100
AcDbLine
 10
32.82122963454519
 20
18.350798131702312
 30
0.0
 11
28.867966917176272
 21
18.84115586116678
 31
0.0
  0
ARC
  5
4FF
330
17
100
AcDbEntity
  8
SLOTS
100
AcDbCircle
 10
32.836616560354
 20
18.474847486856437
 30
0.0
 40
0.125
100
AcDbArc
 50
-97.07078117725482
 51
82.92921882274518
  0
ARC
  5
500
330
17
100
AcDbEntity
  8
SLOTS
100
AcDbCircle
 10
28.883353842985088
 20
18.965205216320904
 30
0.0
 40
0.125
100
AcDbArc
 50
82.92921882274518
 51
262.9292188227452
  0
LINE
  5
501
330
17
100
AcDbEntity
  8
SLOTS
100
AcDbLine
 10
28.49793739902748
 20
19.894717297100467
 30
0.0
 11
32.94557826510981
 21
19.34303752459675
 31
0.0
  0
LINE
  5
502
330
17
100
AcDbEntity
  8
SLOTS
100
AcDbLine
 10
32.914804413492185
 20
19.0949388142885
 30
0.0
 11
28.46716354740985
 21
19.64661858679222
 31
0.0
  0
ARC
  5
503
330
17
100
AcDbEntity
  8
SLOTS
100
AcDbCircle
 10
32.930191339301
 20
19.218988169442625
 30
0.0
 40
0.125
100
AcDbArc
 50
-97.07078117725483
 51
82.92921882274517
  0
ARC
  5
504
330
17
100
AcDbEntity
  8
SLOTS
100
AcDbCircle
 10
28.482550473218666
 20
19.770667941946343
 30
0.0
 40
0.125
100
AcDbArc
 50
82.92921882274517
 51
262.92921882274516
  0
LINE
  5
505
330
17
100
AcDbEntity
  8
SLOTS
100
AcDbLine
 10
28.481931490431922
 20
20.65245023018406
 30
0.0
 11
31.375077708677424
 21
20.29358801635887
 31
0.0
  0
LINE
  5
506
330
17
100
AcDbEntity
  8
SLOTS
100
AcDbLine
 10
31.344303857059792
 20
20.045489306050623
 30
0.0
 11
28.45115763881429
 21
20.40435151987581
 31
0.0
  0
ARC
  5
507
330
17
100
AcDbEntity
  8
SLOTS
100
AcDbCircle
 10
31.359690782868608
 20
20.169538661204747
 30
0.0
 40
0.125
100
AcDbArc
 50
-97.07078117725486
 51
82.92921882274514
  0
ARC
  5
508
330
17
100
AcDbEntity
  8
SLOTS
100
AcDbCircle
 10
28.466544564623106
 20
20.528400875029934
 30
0.0
 40
0.125
100
AcDbArc
 50
82.92921882274514
 51
262.92921882274516
  0
LINE
  5
509
330
17
100
AcDbEntity
  8
SLOTS
100
AcDbLine
 10
29.368674170777535
 20
21.298207365047723
 30
0.0
 11
29.744138762926347
 21
21.251635209827306
 31
0.0
  0
LINE
  5
50A
330
17
100
AcDbEntity
  8
SLOTS
100
AcDbLine
 10
29.713364911308716
 20
21.003536499519058
 30
0.0
 11
29.337900319159903
 21
21.050108654739475
 31
0.0
  0
ARC
  5
50B
330
17
100
AcDbEntity
  8
SLOTS
100
AcDbCircle
 10
29.72875183711753
 20
21.127585854673182
 30
0.0
 40
0.125
100
AcDbArc
 50
-97.0707811772548
 51
82.9292188227452
  0
ARC
  5
50C
330
17
100
AcDbEntity
  8
SLOTS
100
AcDbCircle
 10
29.35328724496872
 20
21.1741580098936
 30
0.0
 40
0.125
100
AcDbArc
 50
82.9292188227452
 51
262.9292188227452
  0
LINE
  5
50D
330
17
100
AcDbEntity
  8
SLOTS
100
AcDbLine
 10
27.834249632855542
 20
19.139151450580457
 30
0.0
 11
27.376064927128173
 21
19.48350676725372
 31
0.0
  0
LINE
  5
50E
330
17
100
AcDbEntity
  8
SLOTS
100
AcDbLine
 10
27.526264945804837
 20
19.683356596849666
 30
0.0
 11
27.984449651532206
 21
19.339001280176404
 31
0.0
  0
ARC
  5
50F
330
17
100
AcDbEntity
  8
SLOTS
100
AcDbCircle
 10
27.451164936466505
 20
19.583431682051692
 30
0.0
 40
0.125
100
AcDbArc
 50
53.072779708541134
 51
233.07277970854113
  0
ARC
  5
510
330
17
100
AcDbEntity
  8
SLOTS
100
AcDbCircle
 10
27.909349642193874
 20
19.23907636537843
 30
0.0
 40
0.125
100
AcDbArc
 50
233.07277970854113
 51
413.07277970854113
  0
LINE
  5
511
330
17
100
AcDbEntity
  8
SLOTS
100
AcDbLine
 10
28.444044993154233
 20
17.742646509495138
 30
0.0
 11
26.8190084912333
 21
18.963966104474284
 31
0.0
  0
LINE
  5
512
330
17
100
AcDbEntity
  8
SLOTS
100
AcDbLine
 10
26.969208509909965
 20
19.16381593407024
 30
0.0
 11
28.594245011830896
 21
17.942496339091093
 31
0.0
  0
ARC
  5
513
330
17
100
AcDbEntity
  8
SLOTS
100
AcDbCircle
 10
26.894108500571633
 20
19.063891019272262
 30
0.0
 40
0.125
100
AcDbArc
 50
53.07277970854125
 51
233.07277970854125
  0
ARC
  5
514
330
17
100
AcDbEntity
  8
SLOTS
100
AcDbCircle
 10
28.519145002492564
 20
17.842571424293116
 30
0.0
 40
0.125
100
AcDbArc
 50
233.07277970854125
 51
413.07277970854125
  0
LINE
  5
515
330
17
100
AcDbEntity
  8
SLOTS
100
AcDbLine
 10
28.88077639068326
 20
16.47621028296823
 30
0.0
 11
26.26195205533843
 21
18.444425441694865
 31
0.0
  0
LINE
  5
516
330
17
100
AcDbEntity
  8
SLOTS
100
AcDbLine
 10
26.412152074015093
 20
18.644275271290812
 30
0.0
 11
29.030976409359923
 21
16.676060112564176
 31
0.0
  0
ARC
  5
517
330
17
100
AcDbEntity
  8
SLOTS
100
AcDbCircle
 10
26.33705206467676
 20
18.54435035649284
 30
0.0
 40
0.125
100
AcDbArc
 50
53.07277970854119
 51
233.0727797085412
  0
ARC
  5
518
330
17
100
AcDbEntity
  8
SLOTS
100
AcDbCircle
 10
28.95587640002159
 20
16.576135197766202
 30
0.0
 40
0.125
100
AcDbArc
 50
233.0727797085412
 51
413.0727797085412
  0
LINE
  5
519
330
17
100
AcDbEntity
  8
SLOTS
100
AcDbLine
 10
28.642771772916987
 20
15.716881629683007
 30
0.0
 11
25.70489561944356
 21
17.92488477891543
 31
0.0
  0
LINE
  5
51A
330
17
100
AcDbEntity
  8
SLOTS
100
AcDbLine
 10
25.855095638120222
 20
18.124734608511385
 30
0.0
 11
28.79297179159365
 21
15.916731459278958
 31
0.0
  0
ARC
  5
51B
330
17
100
AcDbEntity
  8
SLOTS
100
AcDbCircle
 10
25.77999562878189
 20
18.024809693713408
 30
0.0
 40
0.125
100
AcDbArc
 50
53.07277970854122
 51
233.07277970854122
  0
ARC
  5
51C
330
17
100
AcDbEntity
  8
SLOTS
100
AcDbCircle
 10
28.71787178225532
 20
15.816806544480983
 30
0.0
 40
0.125
100
AcDbArc
 50
233.07277970854122
 51
413.07277970854125
  0
LINE
  5
51D
330
17
100
AcDbEntity
  8
SLOTS
100
AcDbLine
 10
33.2883122003497
 20
19.985993292090495
 30
0.0
 11
34.227643671105135
 21
20.450113430872317
 31
0.0
  0
LINE
  5
51E
330
17
100
AcDbEntity
  8
SLOTS
100
AcDbLine
 10
34.338387230658235
 20
20.225979845665837
 30
0.0
 11
33.3990557599028
 21
19.761859706884014
 31
0.0
  0
ARC
  5
51F
330
17
100
AcDbEntity
  8
SLOTS
100
AcDbCircle
 10
34.283015450881685
 20
20.338046638269077
 30
0.0
 40
0.125
100
AcDbArc
 50
-63.706196219868815
 51
116.29380378013119
  0
ARC
  5
520
330
17
100
AcDbEntity
  8
SLOTS
100
AcDbCircle
 10
33.34368398012625
 20
19.873926499487254
 30
0.0
 40
0.125
100
AcDbArc
 50
116.29380378013119
 51
296.2938037801312
  0
LINE
  5
521
330
17
100
AcDbEntity
  8
SLOTS
100
AcDbLine
 10
32.51481091965491
 20
20.440363906664675
 30
0.0
 11
34.81962822022345
 21
21.57916544660066
 31
0.0
  0
LINE
  5
522
330
17
100
AcDbEntity
  8
SLOTS
100
AcDbLine
 10
34.93037177977655
 20
21.355031861394178
 30
0.0
 11
32.62555447920801
 21
20.216230321458195
 31
0.0
  0
ARC
  5
523
330
17
100
AcDbEntity
  8
SLOTS
100
AcDbCircle
 10
34.875
 20
21.467098653997418
 30
0.0
 40
0.125
100
AcDbArc
 50
-63.706196219868716
 51
116.29380378013128
  0
ARC
  5
524
330
17
100
AcDbEntity
  8
SLOTS
100
AcDbCircle
 10
32.57018269943146
 20
20.328297114061435
 30
0.0
 40
0.125
100
AcDbArc
 50
116.29380378013128
 51
296.29380378013127
  0
LINE
  5
525
330
17
100
AcDbEntity
  8
SLOTS
100
AcDbLine
 10
31.741309638960125
 20
20.894734521238856
 30
0.0
 11
34.52009218385382
 21
22.267720501729187
 31
0.0
  0
LINE
  5
526
330
17
100
AcDbEntity
  8
SLOTS
100
AcDbLine
 10
34.63083574340692
 20
22.043586916522706
 30
0.0
 11
31.852053198513218
 21
20.670600936032375
 31
0.0
  0
ARC
  5
527
330
17
100
AcDbEntity
  8
SLOTS
100
AcDbCircle
 10
34.57546396363037
 20
22.155653709125946
 30
0.0
 40
0.125
100
AcDbArc
 50
-63.706196219868744
 51
116.29380378013126
  0
ARC
  5
528
330
17
100
AcDbEntity
  8
SLOTS
100
AcDbCircle
 10
31.79668141873667
 20
20.782667728635616
 30
0.0
 40
0.125
100
AcDbArc
 50
116.29380378013126
 51
296.29380378013127
  0
LINE
  5
529
330
17
100
AcDbEntity
  8
SLOTS
100
AcDbLine
 10
30.967808358265337
 20
21.349105135813033
 30
0.0
 11
33.73036725090831
 21
22.71407507088321
 31
0.0
  0
LINE
  5
52A
330
17
100
AcDbEntity
  8
SLOTS
100
AcDbLine
 10
33.84111081046141
 20
22.48994148567673
 30
0.0
 11
31.07855191781843
 21
21.124971550606553
 31
0.0
  0
ARC
  5
52B
330
17
100
AcDbEntity
  8
SLOTS
100
AcDbCircle
 10
33.78573903068486
 20
22.60200827827997
 30
0.0
 40
0.125
100
AcDbArc
 50
-63.70619621986876
 51
116.29380378013124
  0
ARC
  5
52C
330
17
100
AcDbEntity
  8
SLOTS
100
AcDbCircle
 10
31.023180138041884
 20
21.237038343209793
 30
0.0
 40
0.125
100
AcDbArc
 50
116.29380378013124
 51
296.29380378013127
  0
LINE
  5
52D
330
17
100
AcDbEntity
  8
SLOTS
100
AcDbLine
 10
30.19430707757055
 20
21.80347575038721
 30
0.0
 11
32.94064231796279
 21
23.160429640037236
 31
0.0
  0
LINE
  5
52E
330
17
100
AcDbEntity
  8
SLOTS
100
AcDbLine
 10
33.05138587751589
 20
22.936296054830756
 30
0.0
 11
30.305050637123642
 21
21.57934216518073
 31
0.0
  0
ARC
  5
52F
330
17
100
AcDbEntity
  8
SLOTS
100
AcDbCircle
 10
32.99601409773934
 20
23.048362847433996
 30
0.0
 40
0.125
100
AcDbArc
 50
-63.70619621986871
 51
116.2938037801313
  0
ARC
  5
530
330
17
100
AcDbEntity
  8
SLOTS
100
AcDbCircle
 10
30.249678857347096
 20
21.69140895778397
 30
0.0
 40
0.125
100
AcDbArc
 50
116.2938037801313
 51
296.29380378013127
  0
LINE
  5
531
330
17
100
AcDbEntity
  8
SLOTS
100
AcDbLine
 10
30.109439704492587
 20
22.598097782829843
 30
0.0
 11
32.15091738501727
 21
23.606784209191265
 31
0.0
  0
LINE
  5
532
330
17
100
AcDbEntity
  8
SLOTS
100
AcDbLine
 10
32.26166094457037
 20
23.382650623984784
 30
0.0
 11
30.22018326404568
 21
22.373964197623362
 31
0.0
  0
ARC
  5
533
330
17
100
AcDbEntity
  8
SLOTS
100
AcDbCircle
 10
32.20628916479382
 20
23.494717416588024
 30
0.0
 40
0.125
100
AcDbArc
 50
-63.70619621986871
 51
116.2938037801313
  0
ARC
  5
534
330
17
100
AcDbEntity
  8
SLOTS
100
AcDbCircle
 10
30.164811484269134
 20
22.486030990226602
 30
0.0
 40
0.125
100
AcDbArc
 50
116.2938037801313
 51
296.29380378013127
  0
LINE
  5
535
330
17
100
AcDbEntity
  8
SLOTS
100
AcDbLine
 10
30.51271359036303
 20
23.63390857121404
 30
0.0
 11
31.361192452071762
 21
24.05313877834529
 31
0.0
  0
LINE
  5
536
330
17
100
AcDbEntity
  8
SLOTS
100
AcDbLine
 10
31.471936011624855
 20
23.82900519313881
 30
0.0
 11
30.623457149916124
 21
23.40977498600756
 31
0.0
  0
ARC
  5
537
330
17
100
AcDbEntity
  8
SLOTS
100
AcDbCircle
 10
31.41656423184831
 20
23.94107198574205
 30
0.0
 40
0.125
100
AcDbArc
 50
-63.70619621986866
 51
116.29380378013134
  0
ARC
  5
538
330
17
100
AcDbEntity
  8
SLOTS
100
AcDbCircle
 10
30.568085370139578
 20
23.5218417786108
 30
0.0
 40
0.125
100
AcDbArc
 50
116.29380378013134
 51
296.2938037801313
  0
LINE
  5
539
330
17
100
AcDbEntity
  8
SLOTS
100
AcDbLine
 10
25.64782851551911
 20
27.60580033260202
 30
0.0
 11
23.390334163102235
 21
25.218252454164784
 31
0.0
  0
LINE
  5
53A
330
17
100
AcDbEntity
  8
SLOTS
100
AcDbLine
 10
23.208679198133613
 20
25.390012384597497
 30
0.0
 11
25.466173550550486
 21
27.777560263034733
 31
0.0
  0
ARC
  5
53B
330
17
100
AcDbEntity
  8
SLOTS
100
AcDbCircle
 10
23.299506680617924
 20
25.30413241938114
 30
0.0
 40
0.125
100
AcDbArc
 50
-223.39623159575132
 51
-43.39623159575132
  0
ARC
  5
53C
330
17
100
AcDbEntity
  8
SLOTS
100
AcDbCircle
 10
25.557001033034798
 20
27.691680297818376
 30
0.0
 40
0.125
100
AcDbArc
 50
-43.39623159575132
 51
136.60376840424868
  0
LINE
  5
53D
330
17
100
AcDbEntity
  8
SLOTS
100
AcDbLine
 10
26.3663903182336
 20
27.274118311326234
 30
0.0
 11
23.722329075587307
 21
24.477733548024492
 31
0.0
  0
LINE
  5
53E
330
17
100
AcDbEntity
  8
SLOTS
100
AcDbLine
 10
23.540674110618685
 20
24.6494934784572
 30
0.0
 11
26.184735353264976
 21
27.44587824175894
 31
0.0
  0
ARC
  5
53F
330
17
100
AcDbEntity
  8
SLOTS
100
AcDbCircle
 10
23.631501593102996
 20
24.563613513240846
 30
0.0
 40
0.125
100
AcDbArc
 50
-223.39623159575132
 51
-43.39623159575132
  0
ARC
  5
540
330
17
100
AcDbEntity
  8
SLOTS
100
AcDbCircle
 10
26.275562835749287
 20
27.359998276542587
 30
0.0
 40
0.125
100
AcDbArc
 50
-43.39623159575132
 51
136.60376840424868
  0
LINE
  5
541
330
17
100
AcDbEntity
  8
SLOTS
100
AcDbLine
 10
27.08495212094809
 20
26.94243629005044
 30
0.0
 11
24.054323988072383
 21
23.737214641884197
 31
0.0
  0
LINE
  5
542
330
17
100
AcDbEntity
  8
SLOTS
100
AcDbLine
 10
23.87266902310376
 20
23.908974572316904
 30
0.0
 11
26.903297155979466
 21
27.114196220483148
 31
0.0
  0
ARC
  5
543
330
17
100
AcDbEntity
  8
SLOTS
100
AcDbCircle
 10
23.963496505588072
 20
23.82309460710055
 30
0.0
 40
0.125
100
AcDbArc
 50
-223.3962315957513
 51
-43.39623159575129
  0
ARC
  5
544
330
17
100
AcDbEntity
  8
SLOTS
100
AcDbCircle
 10
26.994124638463777
 20
27.028316255266795
 30
0.0
 40
0.125
100
AcDbArc
 50
-43.39623159575129
 51
136.6037684042487
  0
LINE
  5
545
330
17
100
AcDbEntity
  8
SLOTS
100
AcDbLine
 10
27.803513923662578
 20
26.61075426877465
 30
0.0
 11
24.609281627962222
 21
23.232503274405477
 31
0.0
  0
LINE
  5
546
330
17
100
AcDbEntity
  8
SLOTS
100
AcDbLine
 10
24.4276266629936
 20
23.404263204838184
 30
0.0
 11
27.621858958693956
 21
26.782514199207355
 31
0.0
  0
ARC
  5
547
330
17
100
AcDbEntity
  8
SLOTS
100
AcDbCircle
 10
24.51845414547791
 20
23.31838323962183
 30
0.0
 40
0.125
100
AcDbArc
 50
-223.39623159575132
 51
-43.39623159575132
  0
ARC
  5
548
330
17
100
AcDbEntity
  8
SLOTS
100
AcDbCircle
 10
27.712686441178267
 20
26.696634233991002
 30
0.0
 40
0.125
100
AcDbArc
 50
-43.39623159575132
 51
136.60376840424868
  0
LINE
  5
549
330
17
100
AcDbEntity
  8
SLOTS
100
AcDbLine
 10
28.522075726377068
 20
26.279072247498856
 30
0.0
 11
25.223244747690593
 21
22.790196673545037
 31
0.0
  0
LINE
  5
54A
330
17
100
AcDbEntity
  8
SLOTS
100
AcDbLine
 10
25.04158978272197
 20
22.961956603977743
 30
0.0
 11
28.340420761408446
 21
26.450832177931563
 31
0.0
  0
ARC
  5
54B
330
17
100
AcDbEntity
  8
SLOTS
100
AcDbCircle
 10
25.132417265206282
 20
22.87607663876139
 30
0.0
 40
0.125
100
AcDbArc
 50
-223.39623159575132
 51
-43.39623159575132
  0
ARC
  5
54C
330
17
100
AcDbEntity
  8
SLOTS
100
AcDbCircle
 10
28.431248243892757
 20
26.36495221271521
 30
0.0
 40
0.125
100
AcDbArc
 50
-43.39623159575132
 51
136.60376840424868
  0
LINE
  5
54D
330
17
100
AcDbEntity
  8
SLOTS
100
AcDbLine
 10
29.24063752909156
 20
25.94739022622306
 30
0.0
 11
25.837207867418964
 21
22.34789007268459
 31
0.0
  0
LINE
  5
54E
330
17
100
AcDbEntity
  8
SLOTS
100
AcDbLine
 10
25.655552902450342
 20
22.519650003117302
 30
0.0
 11
29.05898256412294
 21
26.119150156655774
 31
0.0
  0
ARC
  5
54F
330
17
100
AcDbEntity
  8
SLOTS
100
AcDbCircle
 10
25.746380384934653
 20
22.433770037900945
 30
0.0
 40
0.125
100
AcDbArc
 50
-223.39623159575132
 51
-43.39623159575132
  0
ARC
  5
550
330
17
100
AcDbEntity
  8
SLOTS
100
AcDbCircle
 10
29.14981004660725
 20
26.033270191439417
 30
0.0
 40
0.125
100
AcDbArc
 50
-43.39623159575132
 51
136.60376840424868
  0
LINE
  5
551
330
17
100
AcDbEntity
  8
SLOTS
100
AcDbLine
 10
29.939446739327664
 20
25.594817671947748
 30
0.0
 11
26.45117098714734
 21
21.90558347182415
 31
0.0
  0
LINE
  5
552
330
17
100
AcDbEntity
  8
SLOTS
100
AcDbLine
 10
26.269516022178717
 20
22.077343402256858
 30
0.0
 11
29.757791774359042
 21
25.766577602380455
 31
0.0
  0
ARC
  5
553
330
17
100
AcDbEntity
  8
SLOTS
100
AcDbCircle
 10
26.360343504663028
 20
21.991463437040505
 30
0.0
 40
0.125
100
AcDbArc
 50
-223.3962315957513
 51
-43.39623159575129
  0
ARC
  5
554
330
17
100
AcDbEntity
  8
SLOTS
100
AcDbCircle
 10
29.848619256843353
 20
25.6806976371641
 30
0.0
 40
0.125
100
AcDbArc
 50
-43.39623159575129
 51
136.6037684042487
  0
LINE
  5
555
330
17
100
AcDbEntity
  8
SLOTS
100
AcDbLine
 10
30.392096232311783
 20
24.98190421801415
 30
0.0
 11
27.06513410687571
 21
21.46327687096371
 31
0.0
  0
LINE
  5
556
330
17
100
AcDbEntity
  8
SLOTS
100
AcDbLine
 10
26.883479141907088
 20
21.635036801396417
 30
0.0
 11
30.21044126734316
 21
25.153664148446857
 31
0.0
  0
ARC
  5
557
330
17
100
AcDbEntity
  8
SLOTS
100
AcDbCircle
 10
26.9743066243914
 20
21.549156836180064
 30
0.0
 40
0.125
100
AcDbArc
 50
-223.39623159575132
 51
-43.39623159575132
  0
ARC
  5
558
330
17
100
AcDbEntity
  8
SLOTS
100
AcDbCircle
 10
30.30126874982747
 20
25.067784183230504
 30
0.0
 40
0.125
100
AcDbArc
 50
-43.39623159575132
 51
136.60376840424868
  0
LINE
  5
559
330
17
100
AcDbEntity
  8
SLOTS
100
AcDbLine
 10
29.778151220210262
 20
23.240950091445566
 30
0.0
 11
27.679097226604082
 21
21.020970270103266
 31
0.0
  0
LINE
  5
55A
330
17
100
AcDbEntity
  8
SLOTS
100
AcDbLine
 10
27.49744226163546
 20
21.192730200535973
 30
0.0
 11
29.59649625524164
 21
23.412710021878272
 31
0.0
  0
ARC
  5
55B
330
17
100
AcDbEntity
  8
SLOTS
100
AcDbCircle
 10
27.58826974411977
 20
21.10685023531962
 30
0.0
 40
0.125
100
AcDbArc
 50
-223.3962315957512
 51
-43.3962315957512
  0
ARC
  5
55C
330
17
100
AcDbEntity
  8
SLOTS
100
AcDbCircle
 10
29.68732373772595
 20
23.32683005666192
 30
0.0
 40
0.125
100
AcDbArc
 50
-43.3962315957512
 51
136.6037684042488
  0
LINE
  5
55D
330
17
100
AcDbEntity
  8
SLOTS
100
AcDbLine
 10
31.351956261720268
 20
25.582419373679535
 30
0.0
 11
31.48338738116189
 21
24.85660206335211
 31
0.0
  0
LINE
  5
55E
330
17
100
AcDbEntity
  8
SLOTS
100
AcDbLine
 10
31.237388013393094
 20
24.812056456864443
 30
0.0
 11
31.105956893951472
 21
25.53787376719187
 31
0.0
  0
ARC
  5
55F
330
17
100
AcDbEntity
  8
SLOTS
100
AcDbCircle
 10
31.360387697277492
 20
24.834329260108277
 30
0.0
 40
0.125
100
AcDbArc
 50
-169.7360908764058
 51
10.263909123594189
  0
ARC
  5
560
330
17
100
AcDbEntity
  8
SLOTS
100
AcDbCircle
 10
31.22895657783587
 20
25.560146570435702
 30
0.0
 40
0.125
100
AcDbArc
 50
10.263909123594189
 51
190.2639091235942
  0
LINE
  5
561
330
17
100
AcDbEntity
  8
SLOTS
100
AcDbLine
 10
32.013463677357116
 20
26.138469586753285
 30
0.0
 11
32.33248726886044
 21
24.376688616617148
 31
0.0
  0
LINE
  5
562
330
17
100
AcDbEntity
  8
SLOTS
100
AcDbLine
 10
32.08648790109165
 20
24.33214301012948
 30
0.0
 11
31.76746430958832
 21
26.093923980265618
 31
0.0
  0
ARC
  5
563
330
17
100
AcDbEntity
  8
SLOTS
100
AcDbCircle
 10
32.209487584976046
 20
24.354415813373315
 30
0.0
 40
0.125
100
AcDbArc
 50
-169.73609087640574
 51
10.263909123594246
  0
ARC
  5
564
330
17
100
AcDbEntity
  8
SLOTS
100
AcDbCircle
 10
31.890463993472718
 20
26.11619678350945
 30
0.0
 40
0.125
100
AcDbArc
 50
10.263909123594246
 51
190.26390912359426
  0
LINE
  5
565
330
17
100
AcDbEntity
  8
SLOTS
100
AcDbLine
 10
32.67497109299396
 20
26.694519799827027
 30
0.0
 11
33.18158715655898
 21
23.89677516988219
 31
0.0
  0
LINE
  5
566
330
17
100
AcDbEntity
  8
SLOTS
100
AcDbLine
 10
32.935587788790194
 20
23.852229563394523
 30
0.0
 11
32.42897172522517
 21
26.64997419333936
 31
0.0
  0
ARC
  5
567
330
17
100
AcDbEntity
  8
SLOTS
100
AcDbCircle
 10
33.05858747267459
 20
23.874502366638357
 30
0.0
 40
0.125
100
AcDbArc
 50
-169.73609087640585
 51
10.26390912359416
  0
ARC
  5
568
330
17
100
AcDbEntity
  8
SLOTS
100
AcDbCircle
 10
32.55197140910956
 20
26.672246996583194
 30
0.0
 40
0.125
100
AcDbArc
 50
10.26390912359416
 51
190.26390912359415
  0
LINE
  5
569
330
17
100
AcDbEntity
  8
SLOTS
100
AcDbLine
 10
33.336478508630805
 20
27.250570012900777
 30
0.0
 11
34.03068704425754
 21
23.416861723147225
 31
0.0
  0
LINE
  5
56A
330
17
100
AcDbEntity
  8
SLOTS
100
AcDbLine
 10
33.78468767648875
 20
23.372316116659558
 30
0.0
 11
33.090479140862016
 21
27.20602440641311
 31
0.0
  0
ARC
  5
56B
330
17
100
AcDbEntity
  8
SLOTS
100
AcDbCircle
 10
33.907687360373146
 20
23.39458891990339
 30
0.0
 40
0.125
100
AcDbArc
 50
-169.73609087640574
 51
10.263909123594246
  0
ARC
  5
56C
330
17
100
AcDbEntity
  8
SLOTS
100
AcDbCircle
 10
33.21347882474641
 20
27.228297209656944
 30
0.0
 40
0.125
100
AcDbArc
 50
10.263909123594246
 51
190.26390912359426
  0
LINE
  5
56D
330
17
100
AcDbEntity
  8
SLOTS
100
AcDbLine
 10
33.99798592426765
 20
27.80662022597453
 30
0.0
 11
34.8797869319561
 21
22.936948276412263
 31
0.0
  0
LINE
  5
56E
330
17
100
AcDbEntity
  8
SLOTS
100
AcDbLine
 10
34.63378756418731
 20
22.892402669924596
 30
0.0
 11
33.75198655649886
 21
27.762074619486864
 31
0.0
  0
ARC
  5
56F
330
17
100
AcDbEntity
  8
SLOTS
100
AcDbCircle
 10
34.7567872480717
 20
22.91467547316843
 30
0.0
 40
0.125
100
AcDbArc
 50
-169.73609087640574
 51
10.263909123594274
  0
ARC
  5
570
330
17
100
AcDbEntity
  8
SLOTS
100
AcDbCircle
 10
33.87498624038326
 20
27.784347422730697
 30
0.0
 40
0.125
100
AcDbArc
 50
10.263909123594274
 51
190.26390912359426
  0
LINE
  5
571
330
17
100
AcDbEntity
  8
SLOTS
100
AcDbLine
 10
34.65949333990449
 20
28.362670439048273
 30
0.0
 11
34.997999683884395
 21
26.49329760588612
 31
0.0
  0
LINE
  5
572
330
17
100
AcDbEntity
  8
SLOTS
100
AcDbLine
 10
34.752000316115605
 20
26.448751999398453
 30
0.0
 11
34.413493972135704
 21
28.318124832560606
 31
0.0
  0
ARC
  5
573
330
17
100
AcDbEntity
  8
SLOTS
100
AcDbCircle
 10
34.875
 20
26.471024802642287
 30
0.0
 40
0.125
100
AcDbArc
 50
-169.73609087640563
 51
10.26390912359436
  0
ARC
  5
574
330
17
100
AcDbEntity
  8
SLOTS
100
AcDbCircle
 10
34.5364936560201
 20
28.34039763580444
 30
0.0
 40
0.125
100
AcDbArc
 50
10.26390912359436
 51
190.26390912359437
  0
LINE
  5
575
330
17
100
AcDbEntity
  8
SLOTS
100
AcDbLine
 10
29.17691164233831
 20
26.774059255316157
 30
0.0
 11
28.791548012560508
 21
29.859508225183465
 31
0.0
  0
LINE
  5
576
330
17
100
AcDbEntity
  8
SLOTS
100
AcDbLine
 10
29.039620622197557
 20
29.890491774816535
 30
0.0
 11
29.42498425197536
 21
26.805042804949228
 31
0.0
  0
ARC
  5
577
330
17
100
AcDbEntity
  8
SLOTS
100
AcDbCircle
 10
28.915584317379032
 20
29.875
 30
0.0
 40
0.125
100
AcDbArc
 50
7.119211266051366
 51
187.11921126605137
  0
ARC
  5
578
330
17
100
AcDbEntity
  8
SLOTS
100
AcDbCircle
 10
29.300947947156835
 20
26.789551030132692
 30
0.0
 40
0.125
100
AcDbArc
 50
187.11921126605137
 51
367.11921126605137
  0
LINE
  5
579
330
17
100
AcDbEntity
  8
SLOTS
100
AcDbLine
 10
28.374844204039693
 20
27.144286768286374
 30
0.0
 11
28.035720917121278
 21
29.859508225183465
 31
0.0
  0
LINE
  5
57A
330
17
100
AcDbEntity
  8
SLOTS
100
AcDbLine
 10
28.283793526758327
 20
29.890491774816535
 30
0.0
 11
28.622916813676742
 21
27.175270317919445
 31
0.0
  0
ARC
  5
57B
330
17
100
AcDbEntity
  8
SLOTS
100
AcDbCircle
 10
28.159757221939802
 20
29.875
 30
0.0
 40
0.125
100
AcDbArc
 50
7.11921126605138
 51
187.11921126605137
  0
ARC
  5
57C
330
17
100
AcDbEntity
  8
SLOTS
100
AcDbCircle
 10
28.498880508858218
 20
27.15977854310291
 30
0.0
 40
0.125
100
AcDbArc
 50
187.11921126605137
 51
367.11921126605137
  0
LINE
  5
57D
330
17
100
AcDbEntity
  8
SLOTS
100
AcDbLine
 10
27.572776765741075
 20
27.51451428125659
 30
0.0
 11
27.279893821682048
 21
29.859508225183465
 31
0.0
  0
LINE
  5
57E
330
17
100
AcDbEntity
  8
SLOTS
100
AcDbLine
 10
27.527966431319097
 20
29.890491774816535
 30
0.0
 11
27.820849375378124
 21
27.545497830889662
 31
0.0
  0
ARC
  5
57F
330
17
100
AcDbEntity
  8
SLOTS
100
AcDbCircle
 10
27.403930126500573
 20
29.875
 30
0.0
 40
0.125
100
AcDbArc
 50
7.119211266051394
 51
187.1192112660514
  0
ARC
  5
580
330
17
100
AcDbEntity
  8
SLOTS
100
AcDbCircle
 10
27.6968130705596
 20
27.530006056073127
 30
0.0
 40
0.125
100
AcDbArc
 50
187.1192112660514
 51
367.11921126605137
  0
LINE
  5
581
330
17
100
AcDbEntity
  8
SLOTS
100
AcDbLine
 10
26.770709327442454
 20
27.88474179422681
 30
0.0
 11
26.52406672624282
 21
29.859508225183465
 31
0.0
  0
LINE
  5
582
330
17
100
AcDbEntity
  8
SLOTS
100
AcDbLine
 10
26.772139335879867
 20
29.890491774816535
 30
0.0
 11
27.018781937079503
 21
27.91572534385988
 31
0.0
  0
ARC
  5
583
330
17
100
AcDbEntity
  8
SLOTS
100
AcDbCircle
 10
26.648103031061343
 20
29.875
 30
0.0
 40
0.125
100
AcDbArc
 50
7.119211266051295
 51
187.1192112660513
  0
ARC
  5
584
330
17
100
AcDbEntity
  8
SLOTS
100
AcDbCircle
 10
26.894745632260978
 20
27.900233569043344
 30
0.0
 40
0.125
100
AcDbArc
 50
187.1192112660513
 51
367.1192112660513
  0
LINE
  5
585
330
17
100
AcDbEntity
  8
SLOTS
100
AcDbLine
 10
25.968641889143836
 20
28.254969307197026
 30
0.0
 11
25.76823963080359
 21
29.859508225183465
 31
0.0
  0
LINE
  5
586
330
17
100
AcDbEntity
  8
SLOTS
100
AcDbLine
 10
26.016312240440637
 20
29.890491774816535
 30
0.0
 11
26.216714498780885
 21
28.285952856830097
 31
0.0
  0
ARC
  5
587
330
17
100
AcDbEntity
  8
SLOTS
100
AcDbCircle
 10
25.892275935622113
 20
29.875
 30
0.0
 40
0.125
100
AcDbArc
 50
7.119211266051309
 51
187.1192112660513
  0
ARC
  5
588
330
17
100
AcDbEntity
  8
SLOTS
100
AcDbCircle
 10
26.09267819396236
 20
28.27046108201356
 30
0.0
 40
0.125
100
AcDbArc
 50
187.1192112660513
 51
367.1192112660513
  0
LINE
  5
589
330
17
100
AcDbEntity
  8
SLOTS
100
AcDbLine
 10
30.553795470513883
 20
26.203465357461443
 30
0.0
 11
30.85550878559781
 21
26.38742899027183
 31
0.0
  0
LINE
  5
58A
330
17
100
AcDbEntity
  8
SLOTS
100
AcDbLine
 10
30.985656567058587
 20
26.173977461861192
 30
0.0
 11
30.68394325197466
 21
25.990013829050806
 31
0.0
  0
ARC
  5
58B
330
17
100
AcDbEntity
  8
SLOTS
100
AcDbCircle
 10
30.9205826763282
 20
26.28070322606651
 30
0.0
 40
0.125
100
AcDbArc
 50
-58.628088593218806
 51
121.3719114067812
  0
ARC
  5
58C
330
17
100
AcDbEntity
  8
SLOTS
100
AcDbCircle
 10
30.618869361244272
 20
26.096739593256125
 30
0.0
 40
0.125
100
AcDbArc
 50
121.3719114067812
 51
301.3719114067812
  0
LINE
  5
58D
330
17
100
AcDbEntity
  8
SLOTS
100
AcDbLine
 10
30.052117477390567
 20
26.775996850195483
 30
0.0
 11
34.04305404824718
 21
29.209390251101176
 31
0.0
  0
LINE
  5
58E
330
17
100
AcDbEntity
  8
SLOTS
100
AcDbLine
 10
34.173201829707956
 20
28.99593872269054
 30
0.0
 11
30.182265258851345
 21
26.562545321784846
 31
0.0
  0
ARC
  5
58F
330
17
100
AcDbEntity
  8
SLOTS
100
AcDbCircle
 10
34.10812793897757
 20
29.102664486895858
 30
0.0
 40
0.125
100
AcDbArc
 50
-58.62808859321878
 51
121.37191140678122
  0
ARC
  5
590
330
17
100
AcDbEntity
  8
SLOTS
100
AcDbCircle
 10
30.117191368120956
 20
26.669271085990164
 30
0.0
 40
0.125
100
AcDbArc
 50
121.37191140678122
 51
301.37191140678124
  0
LINE
  5
591
330
17
100
AcDbEntity
  8
SLOTS
100
AcDbLine
 10
29.97159017629839
 20
27.605316516978466
 30
0.0
 11
33.450314322537814
 21
29.726398681712887
 31
0.0
  0
LINE
  5
592
330
17
100
AcDbEntity
  8
SLOTS
100
AcDbLine
 10
33.58046210399859
 20
29.51294715330225
 30
0.0
 11
30.101737957759166
 21
27.39186498856783
 31
0.0
  0
ARC
  5
593
330
17
100
AcDbEntity
  8
SLOTS
100
AcDbCircle
 10
33.5153882132682
 20
29.619672917507568
 30
0.0
 40
0.125
100
AcDbArc
 50
-58.628088593218784
 51
121.37191140678121
  0
ARC
  5
594
330
17
100
AcDbEntity
  8
SLOTS
100
AcDbCircle
 10
30.036664067028777
 20
27.498590752773147
 30
0.0
 40
0.125
100
AcDbArc
 50
121.37191140678121
 51
301.37191140678124
  0
LINE
  5
595
330
17
100
AcDbEntity
  8
SLOTS
100
AcDbLine
 10
29.89106287520621
 20
28.434636183761448
 30
0.0
 11
32.428398754676664
 21
29.98172576420532
 31
0.0
  0
LINE
  5
596
330
17
100
AcDbEntity
  8
SLOTS
100
AcDbLine
 10
32.55854653613744
 20
29.76827423579468
 30
0.0
 11
30.021210656666987
 21
28.22118465535081
 31
0.0
  0
ARC
  5
597
330
17
100
AcDbEntity
  8
SLOTS
100
AcDbCircle
 10
32.49347264540705
 20
29.875
 30
0.0
 40
0.125
100
AcDbArc
 50
-58.62808859321875
 51
121.37191140678125
  0
ARC
  5
598
330
17
100
AcDbEntity
  8
SLOTS
100
AcDbCircle
 10
29.9561367659366
 20
28.32791041955613
 30
0.0
 40
0.125
100
AcDbArc
 50
121.37191140678125
 51
301.37191140678124
  0
LINE
  5
599
330
17
100
AcDbEntity
  8
SLOTS
100
AcDbLine
 10
29.810535574114027
 20
29.26395585054443
 30
0.0
 11
30.98772878784743
 21
29.98172576420532
 31
0.0
  0
LINE
  5
59A
330
17
100
AcDbEntity
  8
SLOTS
100
AcDbLine
 10
31.11787656930821
 20
29.76827423579468
 30
0.0
 11
29.940683355574805
 21
29.050504322133794
 31
0.0
  0
ARC
  5
59B
330
17
100
AcDbEntity
  8
SLOTS
100
AcDbCircle
 10
31.05280267857782
 20
29.875
 30
0.0
 40
0.125
100
AcDbArc
 50
-58.62808859321876
 51
121.37191140678124
  0
ARC
  5
59C
330
17
100
AcDbEntity
  8
SLOTS
100
AcDbCircle
 10
29.875609464844416
 20
29.157230086339112
 30
0.0
 40
0.125
100
AcDbArc
 50
121.37191140678124
 51
301.37191140678124
  0
ENDSEC
  0
SECTION
  2
OBJECTS
  0
DICTIONARY
  5
A
330
0
100
AcDbDictionary
281
1
  3
ACAD_COLOR
350
B
  3
ACAD_GROUP
350
C
  3
ACAD_LAYOUT
350
D
  3
ACAD_MATERIAL
350
E
  3
ACAD_MLEADERSTYLE
350
F
  3
ACAD_MLINESTYLE
350
10
  3
ACAD_PLOTSETTINGS
350
11
  3
ACAD_PLOTSTYLENAME
350
12
  3
ACAD_SCALELIST
350
14
  3
ACAD_TABLESTYLE
350
15
  3
ACAD_VISUALSTYLE
350
16
  3
EZDXF_META
350
2D
  0
DICTIONARY
  5
B
330
A
100
AcDbDictionary
281
1
  0
DICTIONARY
  5
C
330
A
100
AcDbDictionary
281
1
  0
DICTIONARY
  5
D
330
A
100
AcDbDictionary
281
1
  3
Model
350
1A
  3
Layout1
350
1E
  0
DICTIONARY
  5
E
330
A
100
AcDbDictionary
281
1
  3
ByBlock
350
1F
  3
ByLayer
350
20
  3
Global
350
21
  0
DICTIONARY
  5
F
330
A
100
AcDbDictionary
281
1
  3
Standard
350
2C
  0
DICTIONARY
  5
10
330
A
100
AcDbDictionary
281
1
  3
Standard
350
22
  0
DICTIONARY
  5
11
330
A
100
AcDbDictionary
281
1
  0
ACDBDICTIONARYWDFLT
  5
12
330
A
100
AcDbDictionary
281
1
  3
Normal
350
13
100
AcDbDictionaryWithDefault
340
13
  0
ACDBPLACEHOLDER
  5
13
330
12
  0
DICTIONARY
  5
14
330
A
100
AcDbDictionary
281
1
  0
DICTIONARY
  5
15
330
A
100
AcDbDictionary
281
1
  0
DICTIONARY
  5
16
330
A
100
AcDbDictionary
281
1
  3
2dWireframe
350
5A
  3
Basic
350
5B
  3
Brighten
350
5C
  3
ColorChange
350
5D
  3
Conceptual
350
5E
  3
Dim
350
5F
  3
EdgeColorOff
350
60
  3
Facepattern
350
61
  3
Flat
350
62
  3
FlatWithEdges
350
63
  3
Gouraud
350
64
  3
GouraudWithEdges
350
65
  3
Hidden
350
66
  3
JitterOff
350
67
  3
Linepattern
350
68
  3
Modeling
350
69
  3
OverhangOff
350
6A
  3
Realistic
350
6B
  3
Shaded
350
6C
  3
Shaded with edges
350
6D
  3
Shades of Gray
350
6E
  3
Sketchy
350
6F
  3
Thicken
350
70
  3
Wireframe
350
71
  3
X-Ray
350
72
  0
LAYOUT
  5
1A
330
D
100
AcDbPlotSettings
  1

  4
A3
  6

 40
7.5
 41
20.0
 42
7.5
 43
20.0
 44
420.0
 45
297.0
 46
0.0
 47
0.0
 48
0.0
 49
0.0
140
0.0
141
0.0
142
1.0
143
1.0
 70
1024
 72
1
 73
0
 74
5
  7

 75
16
 76
0
 77
2
 78
300
147
1.0
148
0.0
149
0.0
100
AcDbLayout
  1
Model
 70
1
 71
0
 10
0.0
 20
0.0
 11
420.0
 21
297.0
 12
0.0
 22
0.0
 32
0.0
 14
1e+20
 24
1e+20
 34
1e+20
 15
-1e+20
 25
-1e+20
 35
-1e+20
146
0.0
 13
0.0
 23
0.0
 33
0.0
 16
1.0
 26
0.0
 36
0.0
 17
0.0
 27
1.0
 37
0.0
 76
1
330
17
  0
LAYOUT
  5
1E
330
D
100
AcDbPlotSettings
  1

  4
A3
  6

 40
7.5
 41
20.0
 42
7.5
 43
20.0
 44
420.0
 45
297.0
 46
0.0
 47
0.0
 48
0.0
 49
0.0
140
0.0
141
0.0
142
1.0
143
1.0
 70
0
 72
1
 73
0
 74
5
  7

 75
16
 76
0
 77
2
 78
300
147
1.0
148
0.0
149
0.0
100
AcDbLayout
  1
Layout1
 70
1
 71
1
 10
0.0
 20
0.0
 11
420.0
 21
297.0
 12
0.0
 22
0.0
 32
0.0
 14
1e+20
 24
1e+20
 34
1e+20
 15
-1e+20
 25
-1e+20
 35
-1e+20
146
0.0
 13
0.0
 23
0.0
 33
0.0
 16
1.0
 26
0.0
 36
0.0
 17
0.0
 27
1.0
 37
0.0
 76
1
330
1B
  0
MATERIAL
  5
1F
102
{ACAD_REACTORS
330
E
102
}
330
E
100
AcDbMaterial
  1
ByBlock
  2

 70
0
 40
1.0
 71
1
 41
1.0
 91
-1023410177
 42
1.0
 72
1
  3

 73
1
 74
1
 75
1
 44
0.5
 73
0
 45
1.0
 46
1.0
 77
1
  4

 78
1
 79
1
170
1
 48
1.0
171
1
  6

172
1
173
1
174
1
140
1.0
141
1.0
175
1
  7

176
1
177
1
178
1
143
1.0
179
1
  8

270
1
271
1
272
1
145
1.0
146
1.0
273
1
  9

274
1
275
1
276
1
 42
1.0
 72
1
  3

 73
1
 74
1
 75
1
 94
63
  0
MATERIAL
  5
20
102
{ACAD_REACTORS
330
E
102
}
330
E
100
AcDbMaterial
  1
ByLayer
  2

 70
0
 40
1.0
 71
1
 41
1.0
 91
-1023410177
 42
1.0
 72
1
  3

 73
1
 74
1
 75
1
 44
0.5
 73
0
 45
1.0
 46
1.0
 77
1
  4

 78
1
 79
1
170
1
 48
1.0
171
1
  6

172
1
173
1
174
1
140
1.0
141
1.0
175
1
  7

176
1
177
1
178
1
143
1.0
179
1
  8

270
1
271
1
272
1
145
1.0
146
1.0
273
1
  9

274
1
275
1
276
1
 42
1.0
 72
1
  3

 73
1
 74
1
 75
1
 94
63
  0
MATERIAL
  5
21
102
{ACAD_REACTORS
330
E
102
}
330
E
100
AcDbMaterial
  1
Global
  2

 70
0
 40
1.0
 71
1
 41
1.0
 91
-1023410177
 42
1.0
 72
1
  3

 73
1
 74
1
 75
1
 44
0.5
 73
0
 45
1.0
 46
1.0
 77
1
  4

 78
1
 79
1
170
1
 48
1.0
171
1
  6

172
1
173
1
174
1
140
1.0
141
1.0
175
1
  7

176
1
177
1
178
1
143
1.0
179
1
  8

270
1
271
1
272
1
145
1.0
146
1.0
273
1
  9

274
1
275
1
276
1
 42
1.0
 72
1
  3

 73
1
 74
1
 75
1
 94
63
  0
MLINESTYLE
  5
22
102
{ACAD_REACTORS
330
10
102
}
330
10
100
AcDbMlineStyle
  2
Standard
 70
0
  3

 62
256
 51
90.0
 52
90.0
 71
2
 49
0.5
 62
256
  6
BYLAYER
 49
-0.5
 62
256
  6
BYLAYER
  0
MLEADERSTYLE
  5
2C
102
{ACAD_REACTORS
330
F
102
}
330
F
100
AcDbMLeaderStyle
179
2
170
2
171
1
172
0
 90
2
 40
0.0
 41
0.0
173
1
 91
-1056964608
 92
-2
290
1
 42
2.0
291
1
 43
8.0
  3
Standard
 44
4.0
300

342
29
174
1
175
1
176
0
178
1
 93
-1056964608
 45
4.0
292
0
297
0
 46
4.0
 94
-1056964608
 47
1.0
 49
1.0
140
1.0
294
1
141
0.0
177
0
142
1.0
295
0
296
0
143
3.75
271
0
272
9
273
9
  0
DICTIONARY
  5
2D
330
A
100
AcDbDictionary
280
1
281
1
  3
CREATED_BY_EZDXF
350
2E
  3
WRITTEN_BY_EZDXF
350
59F
  0
DICTIONARYVAR
  5
2E
330
2D
100
DictionaryVariables
280
0
  1
1.4.4 @ 2026-09-19T23:28:59.186510+00:00
  0
VISUALSTYLE
  5
5A
102
{ACAD_REACTORS
330
16
102
}
330
16
100
AcDbVisualStyle
  2
2dWireframe
 70
4
 90
0
 40
0.6
 62
7
290
0
291
0
  0
VISUALSTYLE
  5
5B
102
{ACAD_REACTORS
330
16
102
}
330
16
100
AcDbVisualStyle
  2
Basic
 70
7
 90
1
 40
0.6
 62
7
290
0
291
1
  0
VISUALSTYLE
  5
5C
102
{ACAD_REACTORS
330
16
102
}
330
16
100
AcDbVisualStyle
  2
Brighten
 70
12
 90
2
 40
0.6
 62
7
290
0
291
1
  0
VISUALSTYLE
  5
5D
102
{ACAD_REACTORS
330
16
102
}
330
16
100
AcDbVisualStyle
  2
ColorChange
 70
16
 90
2
 40
0.6
 62
8
290
0
291
1
  0
VISUALSTYLE
  5
5E
102
{ACAD_REACTORS
330
16
102
}
330
16
100
AcDbVisualStyle
  2
Conceptual
 70
9
 90
3
 40
0.6
 62
7
290
0
291
0
  0
VISUALSTYLE
  5
5F
102
{ACAD_REACTORS
330
16
102
}
330
16
100
AcDbVisualStyle
  2
Dim
 70
11
 90
2
 40
0.6
 62
7
290
0
291
1
  0
VISUALSTYLE
  5
60
102
{ACAD_REACTORS
330
16
102
}
330
16
100
AcDbVisualStyle
  2
EdgeColorOff
 70
22
 90
2
 40
0.6
 62
7
290
0
291
1
  0
VISUALSTYLE
  5
61
102
{ACAD_REACTORS
330
16
102
}
330
16
100
AcDbVisualStyle
  2
Facepattern
 70
15
 90
2
 40
0.6
 62
7
290
0
291
1
  0
VISUALSTYLE
  5
62
102
{ACAD_REACTORS
330
16
102
}
330
16
100
AcDbVisualStyle
  2
Flat
 70
0
 90
2
 40
0.6
 62
7
290
0
291
1
  0
VISUALSTYLE
  5
63
102
{ACAD_REACTORS
330
16
102
}
330
16
100
AcDbVisualStyle
  2
FlatWithEdges
 70
1
 90
2
 40
0.6
 62
7
290
0
291
1
  0
VISUALSTYLE
  5
64
102
{ACAD_REACTORS
330
16
102
}
330
16
100
AcDbVisualStyle
  2
Gouraud
 70
2
 90
2
 40
0.6
 62
7
290
0
291
1
  0
VISUALSTYLE
  5
65
102
{ACAD_REACTORS
330
16
102
}
330
16
100
AcDbVisualStyle
  2
GouraudWithEdges
 70
3
 90
2
 40
0.6
 62
7
290
0
291
1
  0
VISUALSTYLE
  5
66
102
{ACAD_REACTORS
330
16
102
}
330
16
100
AcDbVisualStyle
  2
Hidden
 70
6
 90
1
 40
0.6
 62
7
290
0
291
0
  0
VISUALSTYLE
  5
67
102
{ACAD_REACTORS
330
16
102
}
330
16
100
AcDbVisualStyle
  2
JitterOff
 70
20
 90
2
 40
0.6
 62
7
290
0
291
1
  0
VISUALSTYLE
  5
68
102
{ACAD_REACTORS
330
16
102
}
330
16
100
AcDbVisualStyle
  2
Linepattern
 70
14
 90
2
 40
0.6
 62
7
290
0
291
1
  0
VISUALSTYLE
  5
69
102
{ACAD_REACTORS
330
16
102
}
330
16
100
AcDbVisualStyle
  2
Modeling
 70
10
 90
2
 40
0.6
 62
7
290
0
291
0
  0
VISUALSTYLE
  5
6A
102
{ACAD_REACTORS
330
16
102
}
330
16
100
AcDbVisualStyle
  2
OverhangOff
 70
21
 90
2
 40
0.6
 62
7
290
0
291
1
  0
VISUALSTYLE
  5
6B
102
{ACAD_REACTORS
330
16
102
}
330
16
100
AcDbVisualStyle
  2
Realistic
 70
8
 90
2
 40
0.6
 62
7
290
0
291
0
  0
VISUALSTYLE
  5
6C
102
{ACAD_REACTORS
330
16
102
}
330
16
100
AcDbVisualStyle
  2
Shaded
 70
27
 90
2
 40
0.6
 62
7
290
0
291
0
  0
VISUALSTYLE
  5
6D
102
{ACAD_REACTORS
330
16
102
}
330
16
100
AcDbVisualStyle
  2
Shaded with edges
 70
26
 90
2
 40
0.6
 62
7
290
0
291
0
  0
VISUALSTYLE
  5
6E
102
{ACAD_REACTORS
330
16
102
}
330
16
100
AcDbVisualStyle
  2
Shades of Gray
 70
23
 90
2
 40
0.6
 62
7
290
0
291
0
  0
VISUALSTYLE
  5
6F
102
{ACAD_REACTORS
330
16
102
}
330
16
100
AcDbVisualStyle
  2
Sketchy
 70
24
 90
1
 40
0.6
 62
7
290
0
291
0
  0
VISUALSTYLE
  5
70
102
{ACAD_REACTORS
330
16
102
}
330
16
100
AcDbVisualStyle
  2
Thicken
 70
13
 90
2
 40
0.6
 62
7
290
0
291
1
  0
VISUALSTYLE
  5
71
102
{ACAD_REACTORS
330
16
102
}
330
16
100
AcDbVisualStyle
  2
Wireframe
 70
5
 90
0
 40
0.6
 62
7
290
0
291
0
  0
VISUALSTYLE
  5
72
102
{ACAD_REACTORS
330
16
102
}
330
16
100
AcDbVisualStyle
  2
X-Ray
 70
25
 90
2
 40
0.5
 62
7
290
0
291
0
  0
DICTIONARYVAR
  5
59F
330
2D
100
DictionaryVariables
280
0
  1
1.4.4 @ 2026-09-19T23:28:59.232684+00:00
  0
ENDSEC
  0
EOF
