  0
SECTION
  2
HEADER
  9
$ACADVER
  1
AC1024
  9
$ACADMAINTVER
 70
6
  9
$DWGCODEPAGE
  3
ANSI_1252
  9
$LASTSAVEDBY
  1
ezdxf
  9
$INSBASE
 10
0.0
 20
0.0
 30
0.0
  9
$EXTMIN
 10
1e+20
 20
1e+20
 30
1e+20
  9
$EXTMAX
 10
-1e+20
 20
-1e+20
 30
-1e+20
  9
$LIMMIN
 10
0.0
 20
0.0
  9
$LIMMAX
 10
420.0
 20
297.0
  9
$ORTHOMODE
 70
0
  9
$REGENMODE
 70
1
  9
$FILLMODE
 70
1
  9
$QTEXTMODE
 70
0
  9
$MIRRTEXT
 70
1
  9
$LTSCALE
 40
1.0
  9
$ATTMODE
 70
1
  9
$TEXTSIZE
 40
2.5
  9
$TRACEWID
 40
1.0
  9
$TEXTSTYLE
  7
OpenSans
  9
$CLAYER
  8
0
  9
$CELTYPE
  6
ByLayer
  9
$CECOLOR
 62
256
  9
$CELTSCALE
 40
1.0
  9
$DISPSILH
 70
0
  9
$DIMSCALE
 40
1.0
  9
$DIMASZ
 40
0.175
  9
$DIMEXO
 40
0.125
  9
$DIMDLI
 40
3.75
  9
$DIMRND
 40
0.0
  9
$DIMDLE
 40
0.0
  9
$DIMEXE
 40
0.375
  9
$DIMTP
 40
0.0
  9
$DIMTM
 40
0.0
  9
$DIMTXT
 40
0.25
  9
$DIMCEN
 40
2.5
  9
$DIMTSZ
 40
0.0
  9
$DIMTOL
 70
0
  9
$DIMLIM
 70
0
  9
$DIMTIH
 70
0
  9
$DIMTOH
 70
0
  9
$DIMSE1
 70
0
  9
$DIMSE2
 70
0
  9
$DIMTAD
 70
1
  9
$DIMZIN
 70
12
  9
$DIMBLK
  1
ARCHTICK
  9
$DIMASO
 70
1
  9
$DIMSHO
 70
1
  9
$DIMPOST
  1

  9
$DIMAPOST
  1

  9
$DIMALT
 70
0
  9
$DIMALTD
 70
3
  9
$DIMALTF
 40
0.03937007874
  9
$DIMLFAC
 40
100.0
  9
$DIMTOFL
 70
1
  9
$DIMTVP
 40
0.0
  9
$DIMTIX
 70
0
  9
$DIMSOXD
 70
0
  9
$DIMSAH
 70
0
  9
$DIMBLK1
  1

  9
$DIMBLK2
  1

  9
$DIMSTYLE
  2
EZDXF
  9
$DIMCLRD
 70
0
  9
$DIMCLRE
 70
0
  9
$DIMCLRT
 70
0
  9
$DIMTFAC
 40
0.5
  9
$DIMGAP
 40
0.1
  9
$DIMJUST
 70
0
  9
$DIMSD1
 70
0
  9
$DIMSD2
 70
0
  9
$DIMTOLJ
 70
0
  9
$DIMTZIN
 70
8
  9
$DIMALTZ
 70
0
  9
$DIMALTTZ
 70
0
  9
$DIMUPT
 70
1
  9
$DIMDEC
 70
2
  9
$DIMTDEC
 70
2
  9
$DIMALTU
 70
2
  9
$DIMALTTD
 70
3
  9
$DIMTXSTY
  7
OpenSansCondensed-Light
  9
$DIMAUNIT
 70
0
  9
$DIMADEC
 70
2
  9
$DIMALTRND
 40
0.0
  9
$DIMAZIN
 70
3
  9
$DIMDSEP
 70
46
  9
$DIMATFIT
 70
3
  9
$DIMFRAC
 70
0
  9
$DIMLDRBLK
  1

  9
$DIMLUNIT
 70
2
  9
$DIMLWD
 70
-2
  9
$DIMLWE
 70
-2
  9
$DIMTMOVE
 70
2
  9
$DIMFXL
 40
1.0
  9
$DIMFXLON
 70
0
  9
$DIMJOGANG
 40
0.785398163397
  9
$DIMTFILL
 70
0
  9
$DIMTFILLCLR
 70
0
  9
$DIMARCSYM
 70
0
  9
$DIMLTYPE
  6

  9
$DIMLTEX1
  6

  9
$DIMLTEX2
  6

  9
$DIMTXTDIRECTION
 70
0
  9
$LUNITS
 70
2
  9
$LUPREC
 70
4
  9
$SKETCHINC
 40
1.0
  9
$FILLETRAD
 40
10.0
  9
$AUNITS
 70
0
  9
$AUPREC
 70
2
  9
$MENU
  1
.
  9
$ELEVATION
 40
0.0
  9
$PELEVATION
 40
0.0
  9
$THICKNESS
 40
0.0
  9
$LIMCHECK
 70
0
  9
$CHAMFERA
 40
0.0
  9
$CHAMFERB
 40
0.0
  9
$CHAMFERC
 40
0.0
  9
$CHAMFERD
 40
0.0
  9
$SKPOLY
 70
0
  9
$TDCREATE
 40
2461303.686736111
  9
$TDUCREATE
 40
2458532.153996898
  9
$TDUPDATE
 40
2461303.686736111
  9
$TDUUPDATE
 40
2458532.1544311
  9
$TDINDWG
 40
0.0
  9
$TDUSRTIMER
 40
0.0
  9
$USRTIMER
 70
1
  9
$ANGBASE
 50
0.0
  9
$ANGDIR
 70
0
  9
$PDMODE
 70
0
  9
$PDSIZE
 40
0.0
  9
$PLINEWID
 40
0.0
  9
$SPLFRAME
 70
0
  9
$SPLINETYPE
 70
6
  9
$SPLINESEGS
 70
8
  9
$HANDSEED
  5
560
  9
$SURFTAB1
 70
6
  9
$SURFTAB2
 70
6
  9
$SURFTYPE
 70
6
  9
$SURFU
 70
6
  9
$SURFV
 70
6
  9
$UCSBASE
  2

  9
$UCSNAME
  2

  9
$UCSORG
 10
0.0
 20
0.0
 30
0.0
  9
$UCSXDIR
 10
1.0
 20
0.0
 30
0.0
  9
$UCSYDIR
 10
0.0
 20
1.0
 30
0.0
  9
$UCSORTHOREF
  2

  9
$UCSORTHOVIEW
 70
0
  9
$UCSORGTOP
 10
0.0
 20
0.0
 30
0.0
  9
$UCSORGBOTTOM
 10
0.0
 20
0.0
 30
0.0
  9
$UCSORGLEFT
 10
0.0
 20
0.0
 30
0.0
  9
$UCSORGRIGHT
 10
0.0
 20
0.0
 30
0.0
  9
$UCSORGFRONT
 10
0.0
 20
0.0
 30
0.0
  9
$UCSORGBACK
 10
0.0
 20
0.0
 30
0.0
  9
$PUCSBASE
  2

  9
$PUCSNAME
  2

  9
$PUCSORG
 10
0.0
 20
0.0
 30
0.0
  9
$PUCSXDIR
 10
1.0
 20
0.0
 30
0.0
  9
$PUCSYDIR
 10
0.0
 20
1.0
 30
0.0
  9
$PUCSORTHOREF
  2

  9
$PUCSORTHOVIEW
 70
0
  9
$PUCSORGTOP
 10
0.0
 20
0.0
 30
0.0
  9
$PUCSORGBOTTOM
 10
0.0
 20
0.0
 30
0.0
  9
$PUCSORGLEFT
 10
0.0
 20
0.0
 30
0.0
  9
$PUCSORGRIGHT
 10
0.0
 20
0.0
 30
0.0
  9
$PUCSORGFRONT
 10
0.0
 20
0.0
 30
0.0
  9
$PUCSORGBACK
 10
0.0
 20
0.0
 30
0.0
  9
$USERI1
 70
0
  9
$USERI2
 70
0
  9
$USERI3
 70
0
  9
$USERI4
 70
0
  9
$USERI5
 70
0
  9
$USERR1
 40
0.0
  9
$USERR2
 40
0.0
  9
$USERR3
 40
0.0
  9
$USERR4
 40
0.0
  9
$USERR5
 40
0.0
  9
$WORLDVIEW
 70
1
  9
$SHADEDGE
 70
3
  9
$SHADEDIF
 70
70
  9
$TILEMODE
 70
1
  9
$MAXACTVP
 70
64
  9
$PINSBASE
 10
0.0
 20
0.0
 30
0.0
  9
$PLIMCHECK
 70
0
  9
$PEXTMIN
 10
1e+20
 20
1e+20
 30
1e+20
  9
$PEXTMAX
 10
-1e+20
 20
-1e+20
 30
-1e+20
  9
$PLIMMIN
 10
0.0
 20
0.0
  9
$PLIMMAX
 10
420.0
 20
297.0
  9
$UNITMODE
 70
0
  9
$VISRETAIN
 70
1
  9
$PLINEGEN
 70
0
  9
$PSLTSCALE
 70
1
  9
$TREEDEPTH
 70
3020
  9
$CMLSTYLE
  2
Standard
  9
$CMLJUST
 70
0
  9
$CMLSCALE
 40
20.0
  9
$PROXYGRAPHICS
 70
1
  9
$MEASUREMENT
 70
1
  9
$CELWEIGHT
370
-1
  9
$ENDCAPS
280
0
  9
$JOINSTYLE
280
0
  9
$LWDISPLAY
290
0
  9
$INSUNITS
 70
1
  9
$HYPERLINKBASE
  1

  9
$STYLESHEET
  1

  9
$XEDIT
290
1
  9
$CEPSNTYPE
380
0
  9
$PSTYLEMODE
290
1
  9
$FINGERPRINTGUID
  2
{324C7054-212B-49A7-B24C-E20FB32A78A8}
  9
$VERSIONGUID
  2
{E3D77552-CAFF-4A61-BDD5-959D496F36ED}
  9
$EXTNAMES
290
1
  9
$PSVPSCALE
 40
0.0
  9
$OLESTARTUP
290
0
  9
$SORTENTS
280
127
  9
$INDEXCTL
280
0
  9
$HIDETEXT
280
1
  9
$XCLIPFRAME
280
1
  9
$HALOGAP
280
0
  9
$OBSCOLOR
 70
257
  9
$OBSLTYPE
280
0
  9
$INTERSECTIONDISPLAY
280
0
  9
$INTERSECTIONCOLOR
 70
257
  9
$DIMASSOC
280
2
  9
$PROJECTNAME
  1

  9
$CAMERADISPLAY
290
0
  9
$LENSLENGTH
 40
50.0
  9
$CAMERAHEIGHT
 40
0.0
  9
$STEPSPERSEC
 40
24.0
  9
$STEPSIZE
 40
100.0
  9
$3DDWFPREC
 40
2.0
  9
$PSOLWIDTH
 40
0.005
  9
$PSOLHEIGHT
 40
0.08
  9
$LOFTANG1
 40
1.570796326795
  9
$LOFTANG2
 40
1.570796326795
  9
$LOFTMAG1
 40
0.0
  9
$LOFTMAG2
 40
0.0
  9
$LOFTPARAM
 70
7
  9
$LOFTNORMALS
280
1
  9
$LATITUDE
 40
37.795
  9
$LONGITUDE
 40
-122.394
  9
$NORTHDIRECTION
 40
0.0
  9
$TIMEZONE
 70
-8000
  9
$LIGHTGLYPHDISPLAY
280
1
  9
$TILEMODELIGHTSYNCH
280
1
  9
$CMATERIAL
347
20
  9
$SOLIDHIST
280
0
  9
$SHOWHIST
280
1
  9
$DWFFRAME
280
2
  9
$DGNFRAME
280
2
  9
$REALWORLDSCALE
290
1
  9
$INTERFERECOLOR
 62
256
  9
$CSHADOW
280
0
  9
$SHADOWPLANELOCATION
 40
0.0
  0
ENDSEC
  0
SECTION
  2
CLASSES
  0
CLASS
  1
ACDBDICTIONARYWDFLT
  2
AcDbDictionaryWithDefault
  3
ObjectDBX Classes
 90
0
 91
0
280
0
281
0
  0
CLASS
  1
SUN
  2
AcDbSun
  3
SCENEOE
 90
1153
 91
0
280
0
281
0
  0
CLASS
  1
VISUALSTYLE
  2
AcDbVisualStyle
  3
ObjectDBX Classes
 90
4095
 91
0
280
0
281
0
  0
CLASS
  1
MATERIAL
  2
AcDbMaterial
  3
ObjectDBX Classes
 90
1153
 91
0
280
0
281
0
  0
CLASS
  1
SCALE
  2
AcDbScale
  3
ObjectDBX Classes
 90
1153
 91
0
280
0
281
0
  0
CLASS
  1
TABLESTYLE
  2
AcDbTableStyle
  3
ObjectDBX Classes
 90
4095
 91
0
280
0
281
0
  0
CLASS
  1
MLEADERSTYLE
  2
AcDbMLeaderStyle
  3
ACDB_MLEADERSTYLE_CLASS
 90
4095
 91
0
280
0
281
0
  0
CLASS
  1
DICTIONARYVAR
  2
AcDbDictionaryVar
  3
ObjectDBX Classes
 90
0
 91
0
280
0
281
0
  0
CLASS
  1
CELLSTYLEMAP
  2
AcDbCellStyleMap
  3
ObjectDBX Classes
 90
1152
 91
0
280
0
281
0
  0
CLASS
  1
MENTALRAYRENDERSETTINGS
  2
AcDbMentalRayRenderSettings
  3
SCENEOE
 90
1024
 91
0
280
0
281
0
  0
CLASS
  1
ACDBDETAILVIEWSTYLE
  2
AcDbDetailViewStyle
  3
ObjectDBX Classes
 90
1025
 91
0
280
0
281
0
  0
CLASS
  1
ACDBSECTIONVIEWSTYLE
  2
AcDbSectionViewStyle
  3
ObjectDBX Classes
 90
1025
 91
0
280
0
281
0
  0
CLASS
  1
RASTERVARIABLES
  2
AcDbRasterVariables
  3
ISM
 90
0
 91
0
280
0
281
0
  0
CLASS
  1
ACDBPLACEHOLDER
  2
AcDbPlaceHolder
  3
ObjectDBX Classes
 90
0
 91
0
280
0
281
0
  0
CLASS
  1
LAYOUT
  2
AcDbLayout
  3
ObjectDBX Classes
 90
0
 91
0
280
0
281
0
  0
ENDSEC
  0
SECTION
  2
TABLES
  0
TABLE
  2
VPORT
  5
8
330
0
100
AcDbSymbolTable
 70
1
  0
VPORT
  5
23
330
8
100
AcDbSymbolTableRecord
100
AcDbViewportTableRecord
  2
*Active
 70
0
 10
0.0
 20
0.0
 11
1.0
 21
1.0
 12
0.0
 22
0.0
 13
0.0
 23
0.0
 14
0.5
 24
0.5
 15
0.5
 25
0.5
 16
0.0
 26
0.0
 36
1.0
 17
0.0
 27
0.0
 37
0.0
 40
1000.0
 41
1.34
 42
50.0
 43
0.0
 44
0.0
 50
0.0
 51
0.0
 71
0
 72
1000
 73
1
 74
3
 75
0
 76
0
 77
0
 78
0
281
0
 65
0
146
0.0
  0
ENDTAB
  0
TABLE
  2
LTYPE
  5
2
330
0
100
AcDbSymbolTable
 70
21
  0
LTYPE
  5
24
330
2
100
AcDbSymbolTableRecord
100
AcDbLinetypeTableRecord
  2
ByBlock
 70
0
  3

 72
65
 73
0
 40
0.0
  0
LTYPE
  5
25
330
2
100
AcDbSymbolTableRecord
100
AcDbLinetypeTableRecord
  2
ByLayer
 70
0
  3

 72
65
 73
0
 40
0.0
  0
LTYPE
  5
26
330
2
100
AcDbSymbolTableRecord
100
AcDbLinetypeTableRecord
  2
Continuous
 70
0
  3

 72
65
 73
0
 40
0.0
  0
LTYPE
  5
2F
330
2
100
AcDbSymbolTableRecord
100
AcDbLinetypeTableRecord
  2
CENTER
 70
0
  3
Center ____ _ ____ _ ____ _ ____ _ ____ _ ____
 72
65
 73
4
 40
5.08
 49
3.175
 74
0
 49
-0.635
 74
0
 49
0.635
 74
0
 49
-0.635
 74
0
  0
LTYPE
  5
30
330
2
100
AcDbSymbolTableRecord
100
AcDbLinetypeTableRecord
  2
CENTERX2
 70
0
  3
Center (2x) ________  __  ________  __  ________
 72
65
 73
4
 40
8.89
 49
6.35
 74
0
 49
-0.635
 74
0
 49
1.27
 74
0
 49
-0.635
 74
0
  0
LTYPE
  5
31
330
2
100
AcDbSymbolTableRecord
100
AcDbLinetypeTableRecord
  2
CENTER2
 70
0
  3
Center (.5x) ____ _ ____ _ ____ _ ____ _ ____
 72
65
 73
4
 40
2.54
 49
1.587
 74
0
 49
-0.318
 74
0
 49
0.318
 74
0
 49
-0.318
 74
0
  0
LTYPE
  5
32
330
2
100
AcDbSymbolTableRecord
100
AcDbLinetypeTableRecord
  2
DASHED
 70
0
  3
Dashed __ __ __ __ __ __ __ __ __ __ __ __ __ _
 72
65
 73
2
 40
1.524
 49
1.27
 74
0
 49
-0.254
 74
0
  0
LTYPE
  5
33
330
2
100
AcDbSymbolTableRecord
100
AcDbLinetypeTableRecord
  2
DASHEDX2
 70
0
  3
Dashed (2x) ____  ____  ____  ____  ____  ____
 72
65
 73
2
 40
3.048
 49
2.54
 74
0
 49
-0.508
 74
0
  0
LTYPE
  5
34
330
2
100
AcDbSymbolTableRecord
100
AcDbLinetypeTableRecord
  2
DASHED2
 70
0
  3
Dashed (.5x) _ _ _ _ _ _ _ _ _ _ _ _ _ _
 72
65
 73
2
 40
0.762
 49
0.635
 74
0
 49
-0.127
 74
0
  0
LTYPE
  5
35
330
2
100
AcDbSymbolTableRecord
100
AcDbLinetypeTableRecord
  2
PHANTOM
 70
0
  3
Phantom ______  __  __  ______  __  __  ______
 72
65
 73
6
 40
6.35
 49
3.175
 74
0
 49
-0.635
 74
0
 49
0.635
 74
0
 49
-0.635
 74
0
 49
0.635
 74
0
 49
-0.635
 74
0
  0
LTYPE
  5
36
330
2
100
AcDbSymbolTableRecord
100
AcDbLinetypeTableRecord
  2
PHANTOMX2
 70
0
  3
Phantom (2x)____________    ____    ____    ____________
 72
65
 73
6
 40
10.795
 49
6.35
 74
0
 49
-0.635
 74
0
 49
1.27
 74
0
 49
-0.635
 74
0
 49
1.27
 74
0
 49
-0.635
 74
0
  0
LTYPE
  5
37
330
2
100
AcDbSymbolTableRecord
100
AcDbLinetypeTableRecord
  2
PHANTOM2
 70
0
  3
Phantom (.5x) ___ _ _ ___ _ _ ___ _ _ ___ _ _ ___
 72
65
 73
6
 40
3.175
 49
1.587
 74
0
 49
-0.318
 74
0
 49
0.318
 74
0
 49
-0.318
 74
0
 49
0.318
 74
0
 49
-0.318
 74
0
  0
LTYPE
  5
38
330
2
100
AcDbSymbolTableRecord
100
AcDbLinetypeTableRecord
  2
DASHDOT
 70
0
  3
Dash dot __ . __ . __ . __ . __ . __ . __ . __
 72
65
 73
4
 40
3.556
 49
2.54
 74
0
 49
-0.508
 74
0
 49
0.0
 74
0
 49
-0.508
 74
0
  0
LTYPE
  5
39
330
2
100
AcDbSymbolTableRecord
100
AcDbLinetypeTableRecord
  2
DASHDOTX2
 70
0
  3
Dash dot (2x) ____  .  ____  .  ____  .  ____
 72
65
 73
4
 40
6.096
 49
5.08
 74
0
 49
-0.508
 74
0
 49
0.0
 74
0
 49
-0.508
 74
0
  0
LTYPE
  5
3A
330
2
100
AcDbSymbolTableRecord
100
AcDbLinetypeTableRecord
  2
DASHDOT2
 70
0
  3
Dash dot (.5x) _ . _ . _ . _ . _ . _ . _ . _
 72
65
 73
4
 40
1.778
 49
1.27
 74
0
 49
-0.254
 74
0
 49
0.0
 74
0
 49
-0.254
 74
0
  0
LTYPE
  5
3B
330
2
100
AcDbSymbolTableRecord
100
AcDbLinetypeTableRecord
  2
DOT
 70
0
  3
Dot .  .  .  .  .  .  .  .  .  .  .  .  .  .  .  .
 72
65
 73
2
 40
0.508
 49
0.0
 74
0
 49
-0.508
 74
0
  0
LTYPE
  5
3C
330
2
100
AcDbSymbolTableRecord
100
AcDbLinetypeTableRecord
  2
DOTX2
 70
0
  3
Dot (2x) .    .    .    .    .    .    .    . 
 72
65
 73
2
 40
1.016
 49
0.0
 74
0
 49
-1.016
 74
0
  0
LTYPE
  5
3D
330
2
100
AcDbSymbolTableRecord
100
AcDbLinetypeTableRecord
  2
DOT2
 70
0
  3
Dot (.5) . . . . . . . . . . . . . . . . . . . 
 72
65
 73
2
 40
0.254
 49
0.0
 74
0
 49
-0.254
 74
0
  0
LTYPE
  5
3E
330
2
100
AcDbSymbolTableRecord
100
AcDbLinetypeTableRecord
  2
DIVIDE
 70
0
  3
Divide __ . . __ . . __ . . __ . . __ . . __
 72
65
 73
6
 40
4.064
 49
2.54
 74
0
 49
-0.508
 74
0
 49
0.0
 74
0
 49
-0.508
 74
0
 49
0.0
 74
0
 49
-0.508
 74
0
  0
LTYPE
  5
3F
330
2
100
AcDbSymbolTableRecord
100
AcDbLinetypeTableRecord
  2
DIVIDEX2
 70
0
  3
Divide (2x) ____  . .  ____  . .  ____  . .  ____
 72
65
 73
6
 40
6.604
 49
5.08
 74
0
 49
-0.508
 74
0
 49
0.0
 74
0
 49
-0.508
 74
0
 49
0.0
 74
0
 49
-0.508
 74
0
  0
LTYPE
  5
40
330
2
100
AcDbSymbolTableRecord
100
AcDbLinetypeTableRecord
  2
DIVIDE2
 70
0
  3
Divide(.5x) _ . _ . _ . _ . _ . _ . _ . _
 72
65
 73
6
 40
2.032
 49
1.27
 74
0
 49
-0.254
 74
0
 49
0.0
 74
0
 49
-0.254
 74
0
 49
0.0
 74
0
 49
-0.254
 74
0
  0
ENDTAB
  0
TABLE
  2
LAYER
  5
1
330
0
100
AcDbSymbolTable
 70
4
  0
LAYER
  5
27
330
1
100
AcDbSymbolTableRecord
100
AcDbLayerTableRecord
  2
0
 70
0
 62
7
  6
Continuous
370
-3
390
13
347
21
  0
LAYER
  5
28
330
1
100
AcDbSymbolTableRecord
100
AcDbLayerTableRecord
  2
Defpoints
 70
0
 62
7
  6
Continuous
290
0
370
-3
390
13
347
21
  0
LAYER
  5
8A
330
1
100
AcDbSymbolTableRecord
100
AcDbLayerTableRecord
  2
PROFILE
 70
0
 62
1
  6
Continuous
370
-3
390
13
347
21
  0
LAYER
  5
8B
330
1
100
AcDbSymbolTableRecord
100
AcDbLayerTableRecord
  2
SLOTS
 70
0
 62
3
  6
Continuous
370
-3
390
13
347
21
  0
ENDTAB
  0
TABLE
  2
STYLE
  5
5
330
0
100
AcDbSymbolTable
 70
26
  0
STYLE
  5
29
330
5
100
AcDbSymbolTableRecord
100
AcDbTextStyleTableRecord
  2
Standard
 70
0
 40
0.0
 41
1.0
 50
0.0
 71
0
 42
2.5
  3
txt
  4

  0
STYLE
  5
41
330
5
100
AcDbSymbolTableRecord
100
AcDbTextStyleTableRecord
  2
OpenSans-Light
 70
0
 40
0.0
 41
1.0
 50
0.0
 71
0
 42
2.5
  3
OpenSans-Light.ttf
  4

  0
STYLE
  5
42
330
5
100
AcDbSymbolTableRecord
100
AcDbTextStyleTableRecord
  2
OpenSans-Light-Italic
 70
0
 40
0.0
 41
1.0
 50
0.0
 71
0
 42
2.5
  3
OpenSans-LightItalic.ttf
  4

  0
STYLE
  5
43
330
5
100
AcDbSymbolTableRecord
100
AcDbTextStyleTableRecord
  2
OpenSans
 70
0
 40
0.0
 41
1.0
 50
0.0
 71
0
 42
2.5
  3
OpenSans-Regular.ttf
  4

  0
STYLE
  5
44
330
5
100
AcDbSymbolTableRecord
100
AcDbTextStyleTableRecord
  2
OpenSans-Italic
 70
0
 40
0.0
 41
1.0
 50
0.0
 71
0
 42
2.5
  3
OpenSans-Italic.ttf
  4

  0
STYLE
  5
45
330
5
100
AcDbSymbolTableRecord
100
AcDbTextStyleTableRecord
  2
OpenSans-SemiBold
 70
0
 40
0.0
 41
1.0
 50
0.0
 71
0
 42
2.5
  3
OpenSans-SemiBold.ttf
  4

  0
STYLE
  5
46
330
5
100
AcDbSymbolTableRecord
100
AcDbTextStyleTableRecord
  2
OpenSans-SemiBoldItalic
 70
0
 40
0.0
 41
1.0
 50
0.0
 71
0
 42
2.5
  3
OpenSans-SemiBoldItalic.ttf
  4

  0
STYLE
  5
47
330
5
100
AcDbSymbolTableRecord
100
AcDbTextStyleTableRecord
  2
OpenSans-Bold
 70
0
 40
0.0
 41
1.0
 50
0.0
 71
0
 42
2.5
  3
OpenSans-Bold.ttf
  4

  0
STYLE
  5
48
330
5
100
AcDbSymbolTableRecord
100
AcDbTextStyleTableRecord
  2
OpenSans-BoldItalic
 70
0
 40
0.0
 41
1.0
 50
0.0
 71
0
 42
2.5
  3
OpenSans-BoldItalic.ttf
  4

  0
STYLE
  5
49
330
5
100
AcDbSymbolTableRecord
100
AcDbTextStyleTableRecord
  2
OpenSans-ExtraBold
 70
0
 40
0.0
 41
1.0
 50
0.0
 71
0
 42
2.5
  3
OpenSans-ExtraBold.ttf
  4

  0
STYLE
  5
4A
330
5
100
AcDbSymbolTableRecord
100
AcDbTextStyleTableRecord
  2
OpenSans-ExtraBoldItalic
 70
0
 40
0.0
 41
1.0
 50
0.0
 71
0
 42
2.5
  3
OpenSans-ExtraBoldItalic.ttf
  4

  0
STYLE
  5
4B
330
5
100
AcDbSymbolTableRecord
100
AcDbTextStyleTableRecord
  2
OpenSansCondensed-Bold
 70
0
 40
0.0
 41
1.0
 50
0.0
 71
0
 42
2.5
  3
OpenSansCondensed-Bold.ttf
  4

  0
STYLE
  5
4C
330
5
100
AcDbSymbolTableRecord
100
AcDbTextStyleTableRecord
  2
OpenSansCondensed-Light
 70
0
 40
0.0
 41
1.0
 50
0.0
 71
0
 42
2.5
  3
OpenSansCondensed-Light.ttf
  4

  0
STYLE
  5
4D
330
5
100
AcDbSymbolTableRecord
100
AcDbTextStyleTableRecord
  2
OpenSansCondensed-Italic
 70
0
 40
0.0
 41
1.0
 50
0.0
 71
0
 42
2.5
  3
OpenSansCondensed-LightItalic.ttf
  4

  0
STYLE
  5
4E
330
5
100
AcDbSymbolTableRecord
100
AcDbTextStyleTableRecord
  2
LiberationSans
 70
0
 40
0.0
 41
1.0
 50
0.0
 71
0
 42
2.5
  3
LiberationSans-Regular.ttf
  4

  0
STYLE
  5
4F
330
5
100
AcDbSymbolTableRecord
100
AcDbTextStyleTableRecord
  2
LiberationSans-Bold
 70
0
 40
0.0
 41
1.0
 50
0.0
 71
0
 42
2.5
  3
LiberationSans-Bold.ttf
  4

  0
STYLE
  5
50
330
5
100
AcDbSymbolTableRecord
100
AcDbTextStyleTableRecord
  2
LiberationSans-BoldItalic
 70
0
 40
0.0
 41
1.0
 50
0.0
 71
0
 42
2.5
  3
LiberationSans-BoldItalic.ttf
  4

  0
STYLE
  5
51
330
5
100
AcDbSymbolTableRecord
100
AcDbTextStyleTableRecord
  2
LiberationSans-Italic
 70
0
 40
0.0
 41
1.0
 50
0.0
 71
0
 42
2.5
  3
LiberationSans-Italic.ttf
  4

  0
STYLE
  5
52
330
5
100
AcDbSymbolTableRecord
100
AcDbTextStyleTableRecord
  2
LiberationSerif
 70
0
 40
0.0
 41
1.0
 50
0.0
 71
0
 42
2.5
  3
LiberationSerif-Regular.ttf
  4

  0
STYLE
  5
53
330
5
100
AcDbSymbolTableRecord
100
AcDbTextStyleTableRecord
  2
LiberationSerif-Bold
 70
0
 40
0.0
 41
1.0
 50
0.0
 71
0
 42
2.5
  3
LiberationSerif-Bold.ttf
  4

  0
STYLE
  5
54
330
5
100
AcDbSymbolTableRecord
100
AcDbTextStyleTableRecord
  2
LiberationSerif-BoldItalic
 70
0
 40
0.0
 41
1.0
 50
0.0
 71
0
 42
2.5
  3
LiberationSerif-BoldItalic.ttf
  4

  0
STYLE
  5
55
330
5
100
AcDbSymbolTableRecord
100
AcDbTextStyleTableRecord
  2
LiberationSerif-Italic
 70
0
 40
0.0
 41
1.0
 50
0.0
 71
0
 42
2.5
  3
LiberationSerif-Italic.ttf
  4

  0
STYLE
  5
56
330
5
100
AcDbSymbolTableRecord
100
AcDbTextStyleTableRecord
  2
LiberationMono
 70
0
 40
0.0
 41
1.0
 50
0.0
 71
0
 42
2.5
  3
LiberationMono-Regular.ttf
  4

  0
STYLE
  5
57
330
5
100
AcDbSymbolTableRecord
100
AcDbTextStyleTableRecord
  2
LiberationMono-Bold
 70
0
 40
0.0
 41
1.0
 50
0.0
 71
0
 42
2.5
  3
LiberationMono-Bold.ttf
  4

  0
STYLE
  5
58
330
5
100
AcDbSymbolTableRecord
100
AcDbTextStyleTableRecord
  2
LiberationMono-BoldItalic
 70
0
 40
0.0
 41
1.0
 50
0.0
 71
0
 42
2.5
  3
LiberationMono-BoldItalic.ttf
  4

  0
STYLE
  5
59
330
5
100
AcDbSymbolTableRecord
100
AcDbTextStyleTableRecord
  2
LiberationMono-Italic
 70
0
 40
0.0
 41
1.0
 50
0.0
 71
0
 42
2.5
  3
LiberationMono-Italic.ttf
  4

  0
ENDTAB
  0
TABLE
  2
VIEW
  5
7
330
0
100
AcDbSymbolTable
 70
0
  0
ENDTAB
  0
TABLE
  2
UCS
  5
6
330
0
100
AcDbSymbolTable
 70
0
  0
ENDTAB
  0
TABLE
  2
APPID
  5
3
330
0
100
AcDbSymbolTable
 70
3
  0
APPID
  5
2A
330
3
100
AcDbSymbolTableRecord
100
AcDbRegAppTableRecord
  2
ACAD
 70
0
  0
APPID
  5
55D
330
3
100
AcDbSymbolTableRecord
100
AcDbRegAppTableRecord
  2
HATCHBACKGROUNDCOLOR
 70
0
  0
APPID
  5
55E
330
3
100
AcDbSymbolTableRecord
100
AcDbRegAppTableRecord
  2
EZDXF
 70
0
  0
ENDTAB
  0
TABLE
  2
DIMSTYLE
  5
4
330
0
100
AcDbSymbolTable
 70
12
100
AcDbDimStyleTable
  0
DIMSTYLE
105
2B
330
4
100
AcDbSymbolTableRecord
100
AcDbDimStyleTableRecord
  2
Standard
 70
0
 40
1.0
 41
2.5
 42
0.625
 43
3.75
 44
1.25
 45
0.0
 46
0.0
 47
0.0
 48
0.0
 49
2.5
140
2.5
141
2.5
142
0.0
143
0.03937007874
144
1.0
145
0.0
146
1.0
147
0.625
148
0.0
 69
0
 70
0
 71
0
 72
0
 73
0
 74
0
 75
0
 76
0
 77
1
 78
8
 79
3
170
0
171
3
172
1
173
0
174
0
175
0
176
0
177
0
178
0
179
2
271
2
272
2
273
2
274
3
275
0
276
0
277
2
278
44
279
0
280
0
281
0
282
0
283
0
284
8
285
0
286
0
288
0
289
3
290
0
371
-2
372
-2
  0
DIMSTYLE
105
73
330
4
100
AcDbSymbolTableRecord
100
AcDbDimStyleTableRecord
  2
EZDXF
 70
0
 40
1.0
 41
0.175
 42
0.125
 43
3.75
 44
0.375
 45
0.0
 46
0.0
 47
0.0
 48
0.0
 49
2.5
140
0.25
141
2.5
142
0.0
143
0.03937007874
144
100.0
145
0.0
146
0.5
147
0.1
148
0.0
 69
0
 70
0
 71
0
 72
0
 73
0
 74
0
 75
0
 76
0
 77
1
 78
12
 79
3
170
0
171
3
172
1
173
0
174
0
175
0
176
0
177
0
178
0
179
2
271
2
272
2
273
2
274
3
275
0
276
0
277
2
278
46
279
2
280
0
281
0
282
0
283
0
284
8
285
0
286
0
288
1
289
3
290
0
340
4C
342
74
371
-2
372
-2
  0
DIMSTYLE
105
7C
330
4
100
AcDbSymbolTableRecord
100
AcDbDimStyleTableRecord
  2
EZ_M_100_H25_CM
 70
0
 40
1.0
 41
0.25
 42
0.125
 43
3.75
 44
0.375
 45
0.0
 46
0.0
 47
0.0
 48
0.0
 49
2.5
140
0.25
141
2.5
142
0.125
143
0.03937007874
144
100.0
145
0.0
146
0.5
147
0.1
148
0.0
 69
0
 70
0
 71
0
 72
0
 73
0
 74
0
 75
0
 76
0
 77
1
 78
12
 79
3
170
0
171
3
172
1
173
0
174
0
175
0
176
0
177
0
178
0
179
2
271
2
272
2
273
2
274
3
275
0
276
0
277
2
278
46
279
2
280
0
281
0
282
0
283
0
284
8
285
0
286
0
288
1
289
3
290
0
340
4C
371
-2
372
-2
  0
DIMSTYLE
105
7D
330
4
100
AcDbSymbolTableRecord
100
AcDbDimStyleTableRecord
  2
EZ_M_50_H25_CM
 70
0
 40
1.0
 41
0.125
 42
0.0625
 43
3.75
 44
0.1875
 45
0.0
 46
0.0
 47
0.0
 48
0.0
 49
2.5
140
0.125
141
2.5
142
0.0625
143
0.03937007874
144
100.0
145
0.0
146
0.5
147
0.05
148
0.0
 69
0
 70
0
 71
0
 72
0
 73
0
 74
0
 75
0
 76
0
 77
1
 78
12
 79
3
170
0
171
3
172
1
173
0
174
0
175
0
176
0
177
0
178
0
179
2
271
2
272
2
273
2
274
3
275
0
276
0
277
2
278
46
279
2
280
0
281
0
282
0
283
0
284
8
285
0
286
0
288
1
289
3
290
0
340
4C
371
-2
372
-2
  0
DIMSTYLE
105
7E
330
4
100
AcDbSymbolTableRecord
100
AcDbDimStyleTableRecord
  2
EZ_M_25_H25_CM
 70
0
 40
1.0
 41
0.0625
 42
0.03125
 43
3.75
 44
0.09375
 45
0.0
 46
0.0
 47
0.0
 48
0.0
 49
2.5
140
0.0625
141
2.5
142
0.03125
143
0.03937007874
144
100.0
145
0.0
146
0.5
147
0.025
148
0.0
 69
0
 70
0
 71
0
 72
0
 73
0
 74
0
 75
0
 76
0
 77
1
 78
12
 79
3
170
0
171
3
172
1
173
0
174
0
175
0
176
0
177
0
178
0
179
2
271
2
272
2
273
2
274
3
275
0
276
0
277
2
278
46
279
2
280
0
281
0
282
0
283
0
284
8
285
0
286
0
288
1
289
3
290
0
340
4C
371
-2
372
-2
  0
DIMSTYLE
105
7F
330
4
100
AcDbSymbolTableRecord
100
AcDbDimStyleTableRecord
  2
EZ_M_20_H25_CM
 70
0
 40
1.0
 41
0.05
 42
0.025
 43
3.75
 44
0.07500000000000001
 45
0.0
 46
0.0
 47
0.0
 48
0.0
 49
2.5
140
0.05
141
2.5
142
0.025
143
0.03937007874
144
100.0
145
0.0
146
0.5
147
0.020000000000000004
148
0.0
 69
0
 70
0
 71
0
 72
0
 73
0
 74
0
 75
0
 76
0
 77
1
 78
12
 79
3
170
0
171
3
172
1
173
0
174
0
175
0
176
0
177
0
178
0
179
2
271
2
272
2
273
2
274
3
275
0
276
0
277
2
278
46
279
2
280
0
281
0
282
0
283
0
284
8
285
0
286
0
288
1
289
3
290
0
340
4C
371
-2
372
-2
  0
DIMSTYLE
105
80
330
4
100
AcDbSymbolTableRecord
100
AcDbDimStyleTableRecord
  2
EZ_M_10_H25_CM
 70
0
 40
1.0
 41
0.025
 42
0.0125
 43
3.75
 44
0.037500000000000006
 45
0.0
 46
0.0
 47
0.0
 48
0.0
 49
2.5
140
0.025
141
2.5
142
0.0125
143
0.03937007874
144
100.0
145
0.0
146
0.5
147
0.010000000000000002
148
0.0
 69
0
 70
0
 71
0
 72
0
 73
0
 74
0
 75
0
 76
0
 77
1
 78
12
 79
3
170
0
171
3
172
1
173
0
174
0
175
0
176
0
177
0
178
0
179
2
271
2
272
2
273
2
274
3
275
0
276
0
277
2
278
46
279
2
280
0
281
0
282
0
283
0
284
8
285
0
286
0
288
1
289
3
290
0
340
4C
371
-2
372
-2
  0
DIMSTYLE
105
81
330
4
100
AcDbSymbolTableRecord
100
AcDbDimStyleTableRecord
  2
EZ_M_5_H25_CM
 70
0
 40
1.0
 41
0.0125
 42
0.00625
 43
3.75
 44
0.018750000000000003
 45
0.0
 46
0.0
 47
0.0
 48
0.0
 49
2.5
140
0.0125
141
2.5
142
0.00625
143
0.03937007874
144
100.0
145
0.0
146
0.5
147
0.005000000000000001
148
0.0
 69
0
 70
0
 71
0
 72
0
 73
0
 74
0
 75
0
 76
0
 77
1
 78
12
 79
3
170
0
171
3
172
1
173
0
174
0
175
0
176
0
177
0
178
0
179
2
271
2
272
2
273
2
274
3
275
0
276
0
277
2
278
46
279
2
280
0
281
0
282
0
283
0
284
8
285
0
286
0
288
1
289
3
290
0
340
4C
371
-2
372
-2
  0
DIMSTYLE
105
82
330
4
100
AcDbSymbolTableRecord
100
AcDbDimStyleTableRecord
  2
EZ_M_1_H25_CM
 70
0
 40
1.0
 41
0.0025
 42
0.00125
 43
3.75
 44
0.00375
 45
0.0
 46
0.0
 47
0.0
 48
0.0
 49
2.5
140
0.0025
141
2.5
142
0.00125
143
0.03937007874
144
100.0
145
0.0
146
0.5
147
0.001
148
0.0
 69
0
 70
0
 71
0
 72
0
 73
0
 74
0
 75
0
 76
0
 77
1
 78
12
 79
3
170
0
171
3
172
1
173
0
174
0
175
0
176
0
177
0
178
0
179
2
271
2
272
2
273
2
274
3
275
0
276
0
277
2
278
46
279
2
280
0
281
0
282
0
283
0
284
8
285
0
286
0
288
1
289
3
290
0
340
4C
371
-2
372
-2
  0
DIMSTYLE
105
83
330
4
100
AcDbSymbolTableRecord
100
AcDbDimStyleTableRecord
  2
EZ_RADIUS
 70
0
 40
1.0
 41
0.25
 42
0.125
 43
3.75
 44
0.375
 45
0.0
 46
0.0
 47
0.0
 48
0.0
 49
2.5
140
0.25
141
0.0
142
0.0
143
0.03937007874
144
100.0
145
0.0
146
0.5
147
0.1
148
0.0
 69
0
 70
0
 71
0
 72
0
 73
0
 74
0
 75
0
 76
0
 77
1
 78
12
 79
3
170
0
171
3
172
0
173
0
174
0
175
0
176
0
177
0
178
0
179
2
271
2
272
2
273
2
274
3
275
0
276
0
277
2
278
46
279
1
280
0
281
0
282
0
283
0
284
8
285
0
286
0
288
1
289
3
290
0
340
4C
342
84
371
-2
372
-2
  0
DIMSTYLE
105
88
330
4
100
AcDbSymbolTableRecord
100
AcDbDimStyleTableRecord
  2
EZ_RADIUS_INSIDE
 70
0
 40
1.0
 41
0.25
 42
0.125
 43
3.75
 44
0.375
 45
0.0
 46
0.0
 47
0.0
 48
0.0
 49
2.5
140
0.25
141
0.0
142
0.0
143
0.03937007874
144
100.0
145
0.0
146
0.5
147
0.1
148
0.0
 69
0
 70
0
 71
0
 72
0
 73
0
 74
0
 75
0
 76
0
 77
0
 78
12
 79
3
170
0
171
3
172
0
173
0
174
1
175
0
176
0
177
0
178
0
179
2
271
2
272
2
273
2
274
3
275
0
276
0
277
2
278
46
279
0
280
0
281
0
282
0
283
0
284
8
285
0
286
0
288
1
289
0
290
0
340
4C
342
84
371
-2
372
-2
  0
DIMSTYLE
105
89
330
4
100
AcDbSymbolTableRecord
100
AcDbDimStyleTableRecord
  2
EZ_CURVED
 70
0
 40
1.0
 41
0.25
 42
0.125
 43
3.75
 44
0.375
 45
0.0
 46
0.0
 47
0.0
 48
0.0
 49
2.5
140
0.25
141
2.5
142
0.0
143
0.03937007874
144
100.0
145
0.0
146
0.5
147
0.1
148
0.0
 69
0
 70
0
 71
0
 72
0
 73
0
 74
0
 75
0
 76
0
 77
1
 78
12
 79
2
 90
2
170
0
171
3
172
1
173
0
174
0
175
0
176
0
177
0
178
0
179
2
271
2
272
2
273
2
274
3
275
0
276
0
277
2
278
46
279
2
280
0
281
0
282
0
283
0
284
8
285
0
286
0
288
1
289
3
290
0
340
4C
371
-2
372
-2
  0
ENDTAB
  0
TABLE
  2
BLOCK_RECORD
  5
9
330
0
100
AcDbSymbolTable
 70
5
  0
BLOCK_RECORD
  5
17
330
9
100
AcDbSymbolTableRecord
100
AcDbBlockTableRecord
  2
*Model_Space
340
1A
 70
0
280
1
281
0
  0
BLOCK_RECORD
  5
1B
330
9
100
AcDbSymbolTableRecord
100
AcDbBlockTableRecord
  2
*Paper_Space
340
1E
 70
0
280
1
281
0
  0
BLOCK_RECORD
  5
74
330
9
100
AcDbSymbolTableRecord
100
AcDbBlockTableRecord
  2
_ARCHTICK
340
0
 70
0
280
1
281
0
  0
BLOCK_RECORD
  5
78
330
9
100
AcDbSymbolTableRecord
100
AcDbBlockTableRecord
  2
_CLOSEDFILLED
340
0
 70
0
280
1
281
0
  0
BLOCK_RECORD
  5
84
330
9
100
AcDbSymbolTableRecord
100
AcDbBlockTableRecord
  2
_CLOSEDBLANK
340
0
 70
0
280
1
281
0
  0
ENDTAB
  0
ENDSEC
  0
SECTION
  2
BLOCKS
  0
BLOCK
  5
18
330
17
100
AcDbEntity
  8
0
100
AcDbBlockBegin
  2
*Model_Space
 70
0
 10
0.0
 20
0.0
 30
0.0
  3
*Model_Space
  1

  0
ENDBLK
  5
19
330
17
100
AcDbEntity
  8
0
100
AcDbBlockEnd
  0
BLOCK
  5
1C
330
1B
100
AcDbEntity
  8
0
100
AcDbBlockBegin
  2
*Paper_Space
 70
0
 10
0.0
 20
0.0
 30
0.0
  3
*Paper_Space
  1

  0
ENDBLK
  5
1D
330
1B
100
AcDbEntity
  8
0
100
AcDbBlockEnd
  0
BLOCK
  5
75
330
74
100
AcDbEntity
  8
0
100
AcDbBlockBegin
  2
_ARCHTICK
 70
0
 10
0.0
 20
0.0
 30
0.0
  3
_ARCHTICK
  1

  0
LWPOLYLINE
  5
77
330
74
100
AcDbEntity
  8
0
  6
BYBLOCK
 62
0
100
AcDbPolyline
 90
2
 70
0
 43
0.15
 10
-0.5
 20
-0.5
 10
0.5
 20
0.5
  0
ENDBLK
  5
76
330
74
100
AcDbEntity
  8
0
100
AcDbBlockEnd
  0
BLOCK
  5
79
330
78
100
AcDbEntity
  8
0
100
AcDbBlockBegin
  2
_CLOSEDFILLED
 70
0
 10
0.0
 20
0.0
 30
0.0
  3
_CLOSEDFILLED
  1

  0
SOLID
  5
7B
330
78
100
AcDbEntity
  8
0
  6
BYBLOCK
 62
0
100
AcDbTrace
 10
-1.0
 20
0.16439898372402537
 30
0.0
 11
0.0
 21
0.0
 31
0.0
 12
-1.0
 22
-0.16439898372402537
 32
0.0
 13
-1.0
 23
-0.16439898372402537
 33
0.0
  0
ENDBLK
  5
7A
330
78
100
AcDbEntity
  8
0
100
AcDbBlockEnd
  0
BLOCK
  5
85
330
84
100
AcDbEntity
  8
0
100
AcDbBlockBegin
  2
_CLOSEDBLANK
 70
0
 10
0.0
 20
0.0
 30
0.0
  3
_CLOSEDBLANK
  1

  0
LWPOLYLINE
  5
87
330
84
100
AcDbEntity
  8
0
  6
BYBLOCK
 62
0
100
AcDbPolyline
 90
3
 70
1
 10
-1.0
 20
0.16439898372402537
 10
0.0
 20
0.0
 10
-1.0
 20
-0.16439898372402537
  0
ENDBLK
  5
86
330
84
100
AcDbEntity
  8
0
100
AcDbBlockEnd
  0
ENDSEC
  0
SECTION
  2
ENTITIES
  0
LWPOLYLINE
  5
8C
330
17
100
AcDbEntity
  8
PROFILE
100
AcDbPolyline
 90
4
 70
1
 10
0.0
 20
0.0
 10
36.0
 20
0.0
 10
36.0
 20
31.0
 10
0.0
 20
31.0
  0
LINE
  5
8D
330
17
100
AcDbEntity
  8
SLOTS
100
AcDbLine
 10
4.090118992106329
 20
22.47326584269833
 30
0.0
 11
4.621798389429932
 21
23.213331442316136
 31
0.0
  0
LINE
  5
8E
330
17
100
AcDbEntity
  8
SLOTS
100
AcDbLine
 10
4.824833790019525
 20
23.067466346740044
 30
0.0
 11
4.293154392695922
 21
22.327400747122237
 31
0.0
  0
ARC
  5
8F
330
17
100
AcDbEntity
  8
SLOTS
100
AcDbCircle
 10
4.723316089724729
 20
23.14039889452809
 30
0.0
 40
0.125
100
AcDbArc
 50
-35.694297387179375
 51
144.30570261282062
  0
ARC
  5
90
330
17
100
AcDbEntity
  8
SLOTS
100
AcDbCircle
 10
4.191636692401126
 20
22.400333294910283
 30
0.0
 40
0.125
100
AcDbArc
 50
144.30570261282062
 51
324.3057026128206
  0
LINE
  5
91
330
17
100
AcDbEntity
  8
SLOTS
100
AcDbLine
 10
2.9883659303667245
 20
22.225126463649758
 30
0.0
 11
4.288850034062943
 21
24.035321767135606
 31
0.0
  0
LINE
  5
92
330
17
100
AcDbEntity
  8
SLOTS
100
AcDbLine
 10
4.491885434652536
 20
23.889456671559515
 30
0.0
 11
3.1914013309563187
 21
22.079261368073666
 31
0.0
  0
ARC
  5
93
330
17
100
AcDbEntity
  8
SLOTS
100
AcDbCircle
 10
4.390367734357739
 20
23.96238921934756
 30
0.0
 40
0.125
100
AcDbArc
 50
-35.69429738717926
 51
144.30570261282074
  0
ARC
  5
94
330
17
100
AcDbEntity
  8
SLOTS
100
AcDbCircle
 10
3.0898836306615216
 20
22.152193915861712
 30
0.0
 40
0.125
100
AcDbArc
 50
144.30570261282074
 51
324.3057026128207
  0
LINE
  5
95
330
17
100
AcDbEntity
  8
SLOTS
100
AcDbLine
 10
1.8866128686271175
 20
21.97698708460119
 30
0.0
 11
3.9559016786959535
 21
24.857312091955077
 31
0.0
  0
LINE
  5
96
330
17
100
AcDbEntity
  8
SLOTS
100
AcDbLine
 10
4.158937079285547
 20
24.711446996378985
 30
0.0
 11
2.089648269216711
 21
21.8311219890251
 31
0.0
  0
ARC
  5
97
330
17
100
AcDbEntity
  8
SLOTS
100
AcDbCircle
 10
4.05741937899075
 20
24.78437954416703
 30
0.0
 40
0.125
100
AcDbArc
 50
-35.694297387179304
 51
144.3057026128207
  0
ARC
  5
98
330
17
100
AcDbEntity
  8
SLOTS
100
AcDbCircle
 10
1.9881305689219144
 20
21.904054536813145
 30
0.0
 40
0.125
100
AcDbArc
 50
144.3057026128207
 51
324.3057026128207
  0
LINE
  5
99
330
17
100
AcDbEntity
  8
SLOTS
100
AcDbLine
 10
1.023482299705203
 20
22.060995799156363
 30
0.0
 11
3.4115790632450333
 21
25.385082216931867
 31
0.0
  0
LINE
  5
9A
330
17
100
AcDbEntity
  8
SLOTS
100
AcDbLine
 10
3.6146144638346267
 20
25.239217121355775
 30
0.0
 11
1.226517700294797
 21
21.91513070358027
 31
0.0
  0
ARC
  5
9B
330
17
100
AcDbEntity
  8
SLOTS
100
AcDbCircle
 10
3.51309676353983
 20
25.31214966914382
 30
0.0
 40
0.125
100
AcDbArc
 50
-35.6942973871793
 51
144.3057026128207
  0
ARC
  5
9C
330
17
100
AcDbEntity
  8
SLOTS
100
AcDbCircle
 10
1.125
 20
21.988063251368317
 30
0.0
 40
0.125
100
AcDbArc
 50
144.3057026128207
 51
324.3057026128207
  0
LINE
  5
9D
330
17
100
AcDbEntity
  8
SLOTS
100
AcDbLine
 10
1.023482299705203
 20
23.346430119543072
 30
0.0
 11
2.8170226425378444
 21
25.842929919871608
 31
0.0
  0
LINE
  5
9E
330
17
100
AcDbEntity
  8
SLOTS
100
AcDbLine
 10
3.0200580431274378
 20
25.697064824295516
 30
0.0
 11
1.226517700294797
 21
23.20056502396698
 31
0.0
  0
ARC
  5
9F
330
17
100
AcDbEntity
  8
SLOTS
100
AcDbCircle
 10
2.918540342832641
 20
25.769997372083562
 30
0.0
 40
0.125
100
AcDbArc
 50
-35.694297387179276
 51
144.3057026128207
  0
ARC
  5
A0
330
17
100
AcDbEntity
  8
SLOTS
100
AcDbCircle
 10
1.125
 20
23.273497571755026
 30
0.0
 40
0.125
100
AcDbArc
 50
144.3057026128207
 51
324.3057026128207
  0
LINE
  5
A1
330
17
100
AcDbEntity
  8
SLOTS
100
AcDbLine
 10
1.023482299705203
 20
24.63186443992979
 30
0.0
 11
2.2224662218306532
 21
26.30077762281135
 31
0.0
  0
LINE
  5
A2
330
17
100
AcDbEntity
  8
SLOTS
100
AcDbLine
 10
2.4255016224202466
 20
26.154912527235258
 30
0.0
 11
1.226517700294797
 21
24.485999344353697
 31
0.0
  0
ARC
  5
A3
330
17
100
AcDbEntity
  8
SLOTS
100
AcDbCircle
 10
2.32398392212545
 20
26.227845075023303
 30
0.0
 40
0.125
100
AcDbArc
 50
-35.6942973871793
 51
144.3057026128207
  0
ARC
  5
A4
330
17
100
AcDbEntity
  8
SLOTS
100
AcDbCircle
 10
1.125
 20
24.558931892141743
 30
0.0
 40
0.125
100
AcDbArc
 50
144.3057026128207
 51
324.3057026128207
  0
LINE
  5
A5
330
17
100
AcDbEntity
  8
SLOTS
100
AcDbLine
 10
1.023482299705203
 20
25.9172987603165
 30
0.0
 11
1.6279098011234638
 21
26.758625325751087
 31
0.0
  0
LINE
  5
A6
330
17
100
AcDbEntity
  8
SLOTS
100
AcDbLine
 10
1.8309452017130576
 20
26.612760230174995
 30
0.0
 11
1.226517700294797
 21
25.771433664740407
 31
0.0
  0
ARC
  5
A7
330
17
100
AcDbEntity
  8
SLOTS
100
AcDbCircle
 10
1.7294275014182607
 20
26.68569277796304
 30
0.0
 40
0.125
100
AcDbArc
 50
-35.69429738717934
 51
144.30570261282065
  0
ARC
  5
A8
330
17
100
AcDbEntity
  8
SLOTS
100
AcDbCircle
 10
1.125
 20
25.844366212528453
 30
0.0
 40
0.125
100
AcDbArc
 50
144.30570261282065
 51
324.30570261282065
  0
LINE
  5
A9
330
17
100
AcDbEntity
  8
SLOTS
100
AcDbLine
 10
1.0234822997052033
 20
27.20273308070321
 30
0.0
 11
1.0333533804162731
 21
27.216473028690828
 31
0.0
  0
LINE
  5
AA
330
17
100
AcDbEntity
  8
SLOTS
100
AcDbLine
 10
1.2363887810058665
 20
27.070607933114736
 30
0.0
 11
1.2265177002947967
 21
27.05686798512712
 31
0.0
  0
ARC
  5
AB
330
17
100
AcDbEntity
  8
SLOTS
100
AcDbCircle
 10
1.1348710807110698
 20
27.143540480902782
 30
0.0
 40
0.125
100
AcDbArc
 50
-35.69429738717939
 51
144.3057026128206
  0
ARC
  5
AC
330
17
100
AcDbEntity
  8
SLOTS
100
AcDbCircle
 10
1.125
 20
27.129800532915166
 30
0.0
 40
0.125
100
AcDbArc
 50
144.3057026128206
 51
324.3057026128206
  0
LINE
  5
AD
330
17
100
AcDbEntity
  8
SLOTS
100
AcDbLine
 10
32.47918073225194
 20
25.792432645864142
 30
0.0
 11
34.8200525457734
 21
26.938052135752727
 31
0.0
  0
LINE
  5
AE
330
17
100
AcDbEntity
  8
SLOTS
100
AcDbLine
 10
34.9299474542266
 20
26.71350123039703
 30
0.0
 11
32.58907564070514
 21
25.567881740508444
 31
0.0
  0
ARC
  5
AF
330
17
100
AcDbEntity
  8
SLOTS
100
AcDbCircle
 10
34.875
 20
26.825776683074878
 30
0.0
 40
0.125
100
AcDbArc
 50
-63.922936799684685
 51
116.07706320031531
  0
ARC
  5
B0
330
17
100
AcDbEntity
  8
SLOTS
100
AcDbCircle
 10
32.53412818647854
 20
25.680157193186293
 30
0.0
 40
0.125
100
AcDbArc
 50
116.07706320031531
 51
296.0770632003153
  0
LINE
  5
B1
330
17
100
AcDbEntity
  8
SLOTS
100
AcDbLine
 10
31.93182861516746
 20
26.359559235710712
 30
0.0
 11
34.8200525457734
 21
27.77305210915739
 31
0.0
  0
LINE
  5
B2
330
17
100
AcDbEntity
  8
SLOTS
100
AcDbLine
 10
34.9299474542266
 20
27.548501203801692
 30
0.0
 11
32.04172352362066
 21
26.135008330355014
 31
0.0
  0
ARC
  5
B3
330
17
100
AcDbEntity
  8
SLOTS
100
AcDbCircle
 10
34.875
 20
27.66077665647954
 30
0.0
 40
0.125
100
AcDbArc
 50
-63.92293679968464
 51
116.07706320031537
  0
ARC
  5
B4
330
17
100
AcDbEntity
  8
SLOTS
100
AcDbCircle
 10
31.98677606939406
 20
26.247283783032863
 30
0.0
 40
0.125
100
AcDbArc
 50
116.07706320031537
 51
296.07706320031537
  0
LINE
  5
B5
330
17
100
AcDbEntity
  8
SLOTS
100
AcDbLine
 10
31.38447649808298
 20
26.926685825557282
 30
0.0
 11
34.8200525457734
 21
28.608052082562057
 31
0.0
  0
LINE
  5
B6
330
17
100
AcDbEntity
  8
SLOTS
100
AcDbLine
 10
34.9299474542266
 20
28.38350117720636
 30
0.0
 11
31.494371406536178
 21
26.702134920201583
 31
0.0
  0
ARC
  5
B7
330
17
100
AcDbEntity
  8
SLOTS
100
AcDbCircle
 10
34.875
 20
28.495776629884208
 30
0.0
 40
0.125
100
AcDbArc
 50
-63.92293679968459
 51
116.07706320031541
  0
ARC
  5
B8
330
17
100
AcDbEntity
  8
SLOTS
100
AcDbCircle
 10
31.43942395230958
 20
26.814410372879433
 30
0.0
 40
0.125
100
AcDbArc
 50
116.07706320031541
 51
296.0770632003154
  0
LINE
  5
B9
330
17
100
AcDbEntity
  8
SLOTS
100
AcDbLine
 10
30.837124380998496
 20
27.493812415403852
 30
0.0
 11
34.8200525457734
 21
29.44305205596672
 31
0.0
  0
LINE
  5
BA
330
17
100
AcDbEntity
  8
SLOTS
100
AcDbLine
 10
34.9299474542266
 20
29.218501150611022
 30
0.0
 11
30.947019289451696
 21
27.269261510048153
 31
0.0
  0
ARC
  5
BB
330
17
100
AcDbEntity
  8
SLOTS
100
AcDbCircle
 10
34.875
 20
29.33077660328887
 30
0.0
 40
0.125
100
AcDbArc
 50
-63.92293679968459
 51
116.07706320031541
  0
ARC
  5
BC
330
17
100
AcDbEntity
  8
SLOTS
100
AcDbCircle
 10
30.892071835225096
 20
27.381536962726003
 30
0.0
 40
0.125
100
AcDbArc
 50
116.07706320031541
 51
296.0770632003154
  0
LINE
  5
BD
330
17
100
AcDbEntity
  8
SLOTS
100
AcDbLine
 10
30.289772263914013
 20
28.06093900525042
 30
0.0
 11
34.22590178417948
 21
29.98727545267785
 31
0.0
  0
LINE
  5
BE
330
17
100
AcDbEntity
  8
SLOTS
100
AcDbLine
 10
34.33579669263268
 20
29.76272454732215
 30
0.0
 11
30.399667172367213
 21
27.836388099894723
 31
0.0
  0
ARC
  5
BF
330
17
100
AcDbEntity
  8
SLOTS
100
AcDbCircle
 10
34.28084923840608
 20
29.875
 30
0.0
 40
0.125
100
AcDbArc
 50
-63.92293679968464
 51
116.07706320031537
  0
ARC
  5
C0
330
17
100
AcDbEntity
  8
SLOTS
100
AcDbCircle
 10
30.344719718140613
 20
27.948663552572572
 30
0.0
 40
0.125
100
AcDbArc
 50
116.07706320031537
 51
296.07706320031537
  0
LINE
  5
C1
330
17
100
AcDbEntity
  8
SLOTS
100
AcDbLine
 10
29.74242014682953
 20
28.628065595096995
 30
0.0
 11
32.51972628761539
 21
29.98727545267785
 31
0.0
  0
LINE
  5
C2
330
17
100
AcDbEntity
  8
SLOTS
100
AcDbLine
 10
32.62962119606859
 20
29.76272454732215
 30
0.0
 11
29.85231505528273
 21
28.403514689741296
 31
0.0
  0
ARC
  5
C3
330
17
100
AcDbEntity
  8
SLOTS
100
AcDbCircle
 10
32.57467374184199
 20
29.875
 30
0.0
 40
0.125
100
AcDbArc
 50
-63.92293679968463
 51
116.07706320031537
  0
ARC
  5
C4
330
17
100
AcDbEntity
  8
SLOTS
100
AcDbCircle
 10
29.79736760105613
 20
28.515790142419146
 30
0.0
 40
0.125
100
AcDbArc
 50
116.07706320031537
 51
296.07706320031537
  0
LINE
  5
C5
330
17
100
AcDbEntity
  8
SLOTS
100
AcDbLine
 10
29.195068029745048
 20
29.195192184943565
 30
0.0
 11
30.813550791051316
 21
29.98727545267785
 31
0.0
  0
LINE
  5
C6
330
17
100
AcDbEntity
  8
SLOTS
100
AcDbLine
 10
30.923445699504516
 20
29.76272454732215
 30
0.0
 11
29.304962938198248
 21
28.970641279587866
 31
0.0
  0
ARC
  5
C7
330
17
100
AcDbEntity
  8
SLOTS
100
AcDbCircle
 10
30.868498245277916
 20
29.875
 30
0.0
 40
0.125
100
AcDbArc
 50
-63.92293679968464
 51
116.07706320031537
  0
ARC
  5
C8
330
17
100
AcDbEntity
  8
SLOTS
100
AcDbCircle
 10
29.250015483971648
 20
29.082916732265716
 30
0.0
 40
0.125
100
AcDbArc
 50
116.07706320031537
 51
296.07706320031537
  0
LINE
  5
C9
330
17
100
AcDbEntity
  8
SLOTS
100
AcDbLine
 10
28.654705171396227
 20
29.76573930853367
 30
0.0
 11
29.10737529448724
 21
29.98727545267785
 31
0.0
  0
LINE
  5
CA
330
17
100
AcDbEntity
  8
SLOTS
100
AcDbLine
 10
29.21727020294044
 20
29.76272454732215
 30
0.0
 11
28.764600079849426
 21
29.541188403177973
 31
0.0
  0
ARC
  5
CB
330
17
100
AcDbEntity
  8
SLOTS
100
AcDbCircle
 10
29.16232274871384
 20
29.875
 30
0.0
 40
0.125
100
AcDbArc
 50
-63.922936799684564
 51
116.07706320031544
  0
ARC
  5
CC
330
17
100
AcDbEntity
  8
SLOTS
100
AcDbCircle
 10
28.709652625622827
 20
29.653463855855822
 30
0.0
 40
0.125
100
AcDbArc
 50
116.07706320031544
 51
296.0770632003154
  0
LINE
  5
CD
330
17
100
AcDbEntity
  8
SLOTS
100
AcDbLine
 10
34.902943524508046
 20
25.484584193184492
 30
0.0
 11
34.55667114867426
 21
25.40516577656419
 31
0.0
  0
LINE
  5
CE
330
17
100
AcDbEntity
  8
SLOTS
100
AcDbLine
 10
34.50078409965817
 20
25.64883899575799
 30
0.0
 11
34.847056475491954
 21
25.728257412378294
 31
0.0
  0
ARC
  5
CF
330
17
100
AcDbEntity
  8
SLOTS
100
AcDbCircle
 10
34.528727624166216
 20
25.52700238616109
 30
0.0
 40
0.125
100
AcDbArc
 50
-257.0824784495918
 51
-77.08247844959178
  0
ARC
  5
D0
330
17
100
AcDbEntity
  8
SLOTS
100
AcDbCircle
 10
34.875
 20
25.606420802781393
 30
0.0
 40
0.125
100
AcDbArc
 50
-77.08247844959178
 51
102.91752155040822
  0
LINE
  5
D1
330
17
100
AcDbEntity
  8
SLOTS
100
AcDbLine
 10
34.902943524508046
 20
24.715111041311893
 30
0.0
 11
33.327461068264746
 21
24.353770285247748
 31
0.0
  0
LINE
  5
D2
330
17
100
AcDbEntity
  8
SLOTS
100
AcDbLine
 10
33.27157401924865
 20
24.59744350444155
 30
0.0
 11
34.847056475491954
 21
24.958784260505695
 31
0.0
  0
ARC
  5
D3
330
17
100
AcDbEntity
  8
SLOTS
100
AcDbCircle
 10
33.2995175437567
 20
24.47560689484465
 30
0.0
 40
0.125
100
AcDbArc
 50
-257.0824784495919
 51
-77.08247844959192
  0
ARC
  5
D4
330
17
100
AcDbEntity
  8
SLOTS
100
AcDbCircle
 10
34.875
 20
24.836947650908794
 30
0.0
 40
0.125
100
AcDbArc
 50
-77.08247844959192
 51
102.91752155040808
  0
LINE
  5
D5
330
17
100
AcDbEntity
  8
SLOTS
100
AcDbLine
 10
34.902943524508046
 20
23.945637889439293
 30
0.0
 11
33.69405866404467
 21
23.668377188919706
 31
0.0
  0
LINE
  5
D6
330
17
100
AcDbEntity
  8
SLOTS
100
AcDbLine
 10
33.638171615028575
 20
23.912050408113508
 30
0.0
 11
34.847056475491954
 21
24.189311108633095
 31
0.0
  0
ARC
  5
D7
330
17
100
AcDbEntity
  8
SLOTS
100
AcDbCircle
 10
33.66611513953662
 20
23.790213798516607
 30
0.0
 40
0.125
100
AcDbArc
 50
-257.08247844959186
 51
-77.08247844959186
  0
ARC
  5
D8
330
17
100
AcDbEntity
  8
SLOTS
100
AcDbCircle
 10
34.875
 20
24.067474499036194
 30
0.0
 40
0.125
100
AcDbArc
 50
-77.08247844959186
 51
102.91752155040814
  0
LINE
  5
D9
330
17
100
AcDbEntity
  8
SLOTS
100
AcDbLine
 10
34.902943524508046
 20
23.17616473756669
 30
0.0
 11
34.06065625982458
 21
22.98298409259166
 31
0.0
  0
LINE
  5
DA
330
17
100
AcDbEntity
  8
SLOTS
100
AcDbLine
 10
34.00476921080849
 20
23.226657311785463
 30
0.0
 11
34.847056475491954
 21
23.419837956760492
 31
0.0
  0
ARC
  5
DB
330
17
100
AcDbEntity
  8
SLOTS
100
AcDbCircle
 10
34.03271273531654
 20
23.10482070218856
 30
0.0
 40
0.125
100
AcDbArc
 50
-257.08247844959186
 51
-77.08247844959186
  0
ARC
  5
DC
330
17
100
AcDbEntity
  8
SLOTS
100
AcDbCircle
 10
34.875
 20
23.29800134716359
 30
0.0
 40
0.125
100
AcDbArc
 50
-77.08247844959186
 51
102.91752155040814
  0
LINE
  5
DD
330
17
100
AcDbEntity
  8
SLOTS
100
AcDbLine
 10
34.902943524508046
 20
22.406691585694094
 30
0.0
 11
34.4272538556045
 21
22.297590996263622
 31
0.0
  0
LINE
  5
DE
330
17
100
AcDbEntity
  8
SLOTS
100
AcDbLine
 10
34.371366806588405
 20
22.541264215457424
 30
0.0
 11
34.847056475491954
 21
22.650364804887896
 31
0.0
  0
ARC
  5
DF
330
17
100
AcDbEntity
  8
SLOTS
100
AcDbCircle
 10
34.39931033109645
 20
22.419427605860523
 30
0.0
 40
0.125
100
AcDbArc
 50
-257.0824784495918
 51
-77.08247844959183
  0
ARC
  5
E0
330
17
100
AcDbEntity
  8
SLOTS
100
AcDbCircle
 10
34.875
 20
22.528528195290995
 30
0.0
 40
0.125
100
AcDbArc
 50
-77.08247844959183
 51
102.91752155040817
  0
LINE
  5
E1
330
17
100
AcDbEntity
  8
SLOTS
100
AcDbLine
 10
34.90294352450805
 20
21.637218433821495
 30
0.0
 11
34.79385145138442
 21
21.61219789993558
 31
0.0
  0
LINE
  5
E2
330
17
100
AcDbEntity
  8
SLOTS
100
AcDbLine
 10
34.73796440236831
 20
21.855871119129382
 30
0.0
 11
34.84705647549195
 21
21.880891653015297
 31
0.0
  0
ARC
  5
E3
330
17
100
AcDbEntity
  8
SLOTS
100
AcDbCircle
 10
34.765907926876366
 20
21.73403450953248
 30
0.0
 40
0.125
100
AcDbArc
 50
-257.0824784495917
 51
-77.08247844959169
  0
ARC
  5
E4
330
17
100
AcDbEntity
  8
SLOTS
100
AcDbCircle
 10
34.875
 20
21.759055043418396
 30
0.0
 40
0.125
100
AcDbArc
 50
-77.08247844959169
 51
102.91752155040831
  0
LINE
  5
E5
330
17
100
AcDbEntity
  8
SLOTS
100
AcDbLine
 10
32.23555225607274
 20
24.468212906408336
 30
0.0
 11
29.274427272973888
 21
27.797784604222088
 31
0.0
  0
LINE
  5
E6
330
17
100
AcDbEntity
  8
SLOTS
100
AcDbLine
 10
29.461237648376503
 20
27.963922750479753
 30
0.0
 11
32.42236263147535
 21
24.634351052666002
 31
0.0
  0
ARC
  5
E7
330
17
100
AcDbEntity
  8
SLOTS
100
AcDbCircle
 10
29.367832460675196
 20
27.88085367735092
 30
0.0
 40
0.125
100
AcDbArc
 50
41.64801008853081
 51
221.6480100885308
  0
ARC
  5
E8
330
17
100
AcDbEntity
  8
SLOTS
100
AcDbCircle
 10
32.328957443774044
 20
24.55128197953717
 30
0.0
 40
0.125
100
AcDbArc
 50
221.6480100885308
 51
401.6480100885308
  0
LINE
  5
E9
330
17
100
AcDbEntity
  8
SLOTS
100
AcDbLine
 10
31.56725106489285
 20
24.091090583781124
 30
0.0
 11
28.026250285517722
 21
28.072690835117186
 31
0.0
  0
LINE
  5
EA
330
17
100
AcDbEntity
  8
SLOTS
100
AcDbLine
 10
28.213060660920338
 20
28.23882898137485
 30
0.0
 11
31.754061440295466
 21
24.25722873003879
 31
0.0
  0
ARC
  5
EB
330
17
100
AcDbEntity
  8
SLOTS
100
AcDbCircle
 10
28.11965547321903
 20
28.15575990824602
 30
0.0
 40
0.125
100
AcDbArc
 50
41.64801008853081
 51
221.6480100885308
  0
ARC
  5
EC
330
17
100
AcDbEntity
  8
SLOTS
100
AcDbCircle
 10
31.66065625259416
 20
24.174159656909957
 30
0.0
 40
0.125
100
AcDbArc
 50
221.6480100885308
 51
401.6480100885308
  0
LINE
  5
ED
330
17
100
AcDbEntity
  8
SLOTS
100
AcDbLine
 10
30.898949873712972
 20
23.713968261153912
 30
0.0
 11
27.63074276629165
 21
27.38883168285114
 31
0.0
  0
LINE
  5
EE
330
17
100
AcDbEntity
  8
SLOTS
100
AcDbLine
 10
27.817553141694265
 20
27.554969829108806
 30
0.0
 11
31.085760249115587
 21
23.880106407411578
 31
0.0
  0
ARC
  5
EF
330
17
100
AcDbEntity
  8
SLOTS
100
AcDbCircle
 10
27.724147953992958
 20
27.471900755979973
 30
0.0
 40
0.125
100
AcDbArc
 50
41.64801008853081
 51
221.6480100885308
  0
ARC
  5
F0
330
17
100
AcDbEntity
  8
SLOTS
100
AcDbCircle
 10
30.99235506141428
 20
23.797037334282745
 30
0.0
 40
0.125
100
AcDbArc
 50
221.6480100885308
 51
401.6480100885308
  0
LINE
  5
F1
330
17
100
AcDbEntity
  8
SLOTS
100
AcDbLine
 10
30.23064868253309
 20
23.336845938526697
 30
0.0
 11
27.235235247065578
 21
26.70497253058509
 31
0.0
  0
LINE
  5
F2
330
17
100
AcDbEntity
  8
SLOTS
100
AcDbLine
 10
27.422045622468193
 20
26.871110676842754
 30
0.0
 11
30.417459057935705
 21
23.502984084784362
 31
0.0
  0
ARC
  5
F3
330
17
100
AcDbEntity
  8
SLOTS
100
AcDbCircle
 10
27.328640434766886
 20
26.78804160371392
 30
0.0
 40
0.125
100
AcDbArc
 50
41.64801008853081
 51
221.6480100885308
  0
ARC
  5
F4
330
17
100
AcDbEntity
  8
SLOTS
100
AcDbCircle
 10
30.324053870234398
 20
23.41991501165553
 30
0.0
 40
0.125
100
AcDbArc
 50
221.6480100885308
 51
401.6480100885308
  0
LINE
  5
F5
330
17
100
AcDbEntity
  8
SLOTS
100
AcDbLine
 10
29.562347491353204
 20
22.95972361589948
 30
0.0
 11
26.839727727839506
 21
26.021113378319036
 31
0.0
  0
LINE
  5
F6
330
17
100
AcDbEntity
  8
SLOTS
100
AcDbLine
 10
27.02653810324212
 20
26.187251524576702
 30
0.0
 11
29.74915786675582
 21
23.125861762157147
 31
0.0
  0
ARC
  5
F7
330
17
100
AcDbEntity
  8
SLOTS
100
AcDbCircle
 10
26.933132915540813
 20
26.10418245144787
 30
0.0
 40
0.125
100
AcDbArc
 50
41.648010088530754
 51
221.64801008853075
  0
ARC
  5
F8
330
17
100
AcDbEntity
  8
SLOTS
100
AcDbCircle
 10
29.655752679054512
 20
23.042792689028314
 30
0.0
 40
0.125
100
AcDbArc
 50
221.64801008853075
 51
401.6480100885308
  0
LINE
  5
F9
330
17
100
AcDbEntity
  8
SLOTS
100
AcDbLine
 10
28.89404630017333
 20
22.582601293272273
 30
0.0
 11
26.444220208613437
 21
25.33725422605299
 31
0.0
  0
LINE
  5
FA
330
17
100
AcDbEntity
  8
SLOTS
100
AcDbLine
 10
26.631030584016052
 20
25.503392372310657
 30
0.0
 11
29.080856675575944
 21
22.74873943952994
 31
0.0
  0
ARC
  5
FB
330
17
100
AcDbEntity
  8
SLOTS
100
AcDbCircle
 10
26.537625396314745
 20
25.420323299181824
 30
0.0
 40
0.125
100
AcDbArc
 50
41.64801008853078
 51
221.64801008853078
  0
ARC
  5
FC
330
17
100
AcDbEntity
  8
SLOTS
100
AcDbCircle
 10
28.987451487874637
 20
22.665670366401105
 30
0.0
 40
0.125
100
AcDbArc
 50
221.64801008853078
 51
401.6480100885308
  0
LINE
  5
FD
330
17
100
AcDbEntity
  8
SLOTS
100
AcDbLine
 10
28.225745108993443
 20
22.205478970645057
 30
0.0
 11
26.04871268938736
 21
24.65339507378694
 31
0.0
  0
LINE
  5
FE
330
17
100
AcDbEntity
  8
SLOTS
100
AcDbLine
 10
26.235523064789977
 20
24.819533220044605
 30
0.0
 11
28.41255548439606
 21
22.371617116902723
 31
0.0
  0
ARC
  5
FF
330
17
100
AcDbEntity
  8
SLOTS
100
AcDbCircle
 10
26.14211787708867
 20
24.736464146915772
 30
0.0
 40
0.125
100
AcDbArc
 50
41.64801008853081
 51
221.6480100885308
  0
ARC
  5
100
330
17
100
AcDbEntity
  8
SLOTS
100
AcDbCircle
 10
28.31915029669475
 20
22.28854804377389
 30
0.0
 40
0.125
100
AcDbArc
 50
221.6480100885308
 51
401.6480100885308
  0
LINE
  5
101
330
17
100
AcDbEntity
  8
SLOTS
100
AcDbLine
 10
25.173370755377107
 20
25.040065967344315
 30
0.0
 11
25.38615131461015
 21
25.121232221409976
 31
0.0
  0
LINE
  5
102
330
17
100
AcDbEntity
  8
SLOTS
100
AcDbLine
 10
25.475252706242276
 20
24.88764938383577
 30
0.0
 11
25.262472147009234
 21
24.80648312977011
 31
0.0
  0
ARC
  5
103
330
17
100
AcDbEntity
  8
SLOTS
100
AcDbCircle
 10
25.430702010426213
 20
25.004440802622874
 30
0.0
 40
0.125
100
AcDbArc
 50
-69.12038708110506
 51
110.87961291889494
  0
ARC
  5
104
330
17
100
AcDbEntity
  8
SLOTS
100
AcDbCircle
 10
25.21792145119317
 20
24.923274548557213
 30
0.0
 40
0.125
100
AcDbArc
 50
110.87961291889494
 51
290.87961291889496
  0
LINE
  5
105
330
17
100
AcDbEntity
  8
SLOTS
100
AcDbLine
 10
24.58727918231954
 20
25.61921136441885
 30
0.0
 11
25.981807173253316
 21
26.151161339650542
 31
0.0
  0
LINE
  5
106
330
17
100
AcDbEntity
  8
SLOTS
100
AcDbLine
 10
26.070908564885443
 20
25.91757850207633
 30
0.0
 11
24.67638057395167
 21
25.385628526844638
 31
0.0
  0
ARC
  5
107
330
17
100
AcDbEntity
  8
SLOTS
100
AcDbCircle
 10
26.02635786906938
 20
26.034369920863437
 30
0.0
 40
0.125
100
AcDbArc
 50
-69.12038708110558
 51
110.87961291889442
  0
ARC
  5
108
330
17
100
AcDbEntity
  8
SLOTS
100
AcDbCircle
 10
24.631829878135605
 20
25.502419945631743
 30
0.0
 40
0.125
100
AcDbArc
 50
110.87961291889442
 51
290.8796129188944
  0
LINE
  5
109
330
17
100
AcDbEntity
  8
SLOTS
100
AcDbLine
 10
24.001187609261972
 20
26.19835676149338
 30
0.0
 11
26.57746303189648
 21
27.181090457891113
 31
0.0
  0
LINE
  5
10A
330
17
100
AcDbEntity
  8
SLOTS
100
AcDbLine
 10
26.66656442352861
 20
26.9475076203169
 30
0.0
 11
24.0902890008941
 21
25.964773923919168
 31
0.0
  0
ARC
  5
10B
330
17
100
AcDbEntity
  8
SLOTS
100
AcDbCircle
 10
26.622013727712545
 20
27.064299039104007
 30
0.0
 40
0.125
100
AcDbArc
 50
-69.1203870811055
 51
110.8796129188945
  0
ARC
  5
10C
330
17
100
AcDbEntity
  8
SLOTS
100
AcDbCircle
 10
24.045738305078036
 20
26.081565342706273
 30
0.0
 40
0.125
100
AcDbArc
 50
110.8796129188945
 51
290.8796129188945
  0
LINE
  5
10D
330
17
100
AcDbEntity
  8
SLOTS
100
AcDbLine
 10
23.415096036204407
 20
26.77750215856791
 30
0.0
 11
27.173118890539648
 21
28.211019576131676
 31
0.0
  0
LINE
  5
10E
330
17
100
AcDbEntity
  8
SLOTS
100
AcDbLine
 10
27.262220282171775
 20
27.977436738557465
 30
0.0
 11
23.504197427836534
 21
26.543919320993698
 31
0.0
  0
ARC
  5
10F
330
17
100
AcDbEntity
  8
SLOTS
100
AcDbCircle
 10
27.21766958635571
 20
28.09422815734457
 30
0.0
 40
0.125
100
AcDbArc
 50
-69.12038708110556
 51
110.87961291889444
  0
ARC
  5
110
330
17
100
AcDbEntity
  8
SLOTS
100
AcDbCircle
 10
23.45964673202047
 20
26.660710739780804
 30
0.0
 40
0.125
100
AcDbArc
 50
110.87961291889444
 51
290.87961291889445
  0
LINE
  5
111
330
17
100
AcDbEntity
  8
SLOTS
100
AcDbLine
 10
22.829004463146838
 20
27.35664755564244
 30
0.0
 11
27.768774749182818
 21
29.240948694372243
 31
0.0
  0
LINE
  5
112
330
17
100
AcDbEntity
  8
SLOTS
100
AcDbLine
 10
27.857876140814945
 20
29.00736585679803
 30
0.0
 11
22.918105854778965
 21
27.12306471806823
 31
0.0
  0
ARC
  5
113
330
17
100
AcDbEntity
  8
SLOTS
100
AcDbCircle
 10
27.81332544499888
 20
29.124157275585137
 30
0.0
 40
0.125
100
AcDbArc
 50
-69.12038708110558
 51
110.87961291889442
  0
ARC
  5
114
330
17
100
AcDbEntity
  8
SLOTS
100
AcDbCircle
 10
22.8735551589629
 20
27.239856136855334
 30
0.0
 40
0.125
100
AcDbArc
 50
110.87961291889442
 51
290.8796129188944
  0
LINE
  5
115
330
17
100
AcDbEntity
  8
SLOTS
100
AcDbLine
 10
22.24291289008927
 20
27.93579295271697
 30
0.0
 11
27.63279454015026
 21
29.991791418787106
 31
0.0
  0
LINE
  5
116
330
17
100
AcDbEntity
  8
SLOTS
100
AcDbLine
 10
27.721895931782388
 20
29.758208581212894
 30
0.0
 11
22.332014281721396
 21
27.70221011514276
 31
0.0
  0
ARC
  5
117
330
17
100
AcDbEntity
  8
SLOTS
100
AcDbCircle
 10
27.677345235966325
 20
29.875
 30
0.0
 40
0.125
100
AcDbArc
 50
-69.12038708110555
 51
110.87961291889445
  0
ARC
  5
118
330
17
100
AcDbEntity
  8
SLOTS
100
AcDbCircle
 10
22.287463585905332
 20
27.819001533929864
 30
0.0
 40
0.125
100
AcDbArc
 50
110.87961291889445
 51
290.87961291889445
  0
LINE
  5
119
330
17
100
AcDbEntity
  8
SLOTS
100
AcDbLine
 10
21.981275798667582
 20
28.638703203987397
 30
0.0
 11
25.528450303035108
 21
29.991791418787106
 31
0.0
  0
LINE
  5
11A
330
17
100
AcDbEntity
  8
SLOTS
100
AcDbLine
 10
25.617551694667235
 20
29.758208581212894
 30
0.0
 11
22.07037719029971
 21
28.405120366413186
 31
0.0
  0
ARC
  5
11B
330
17
100
AcDbEntity
  8
SLOTS
100
AcDbCircle
 10
25.57300099885117
 20
29.875
 30
0.0
 40
0.125
100
AcDbArc
 50
-69.12038708110553
 51
110.87961291889447
  0
ARC
  5
11C
330
17
100
AcDbEntity
  8
SLOTS
100
AcDbCircle
 10
22.025826494483645
 20
28.52191178520029
 30
0.0
 40
0.125
100
AcDbArc
 50
110.87961291889447
 51
290.87961291889445
  0
LINE
  5
11D
330
17
100
AcDbEntity
  8
SLOTS
100
AcDbLine
 10
22.745512528365328
 20
29.732938374716717
 30
0.0
 11
23.132087113738372
 21
29.880399266467407
 31
0.0
  0
LINE
  5
11E
330
17
100
AcDbEntity
  8
SLOTS
100
AcDbLine
 10
23.221188505370492
 20
29.646816428893196
 30
0.0
 11
22.834613919997448
 21
29.499355537142506
 31
0.0
  0
ARC
  5
11F
330
17
100
AcDbEntity
  8
SLOTS
100
AcDbCircle
 10
23.176637809554432
 20
29.7636078476803
 30
0.0
 40
0.125
100
AcDbArc
 50
-69.12038708110563
 51
110.87961291889437
  0
ARC
  5
120
330
17
100
AcDbEntity
  8
SLOTS
100
AcDbCircle
 10
22.790063224181388
 20
29.61614695592961
 30
0.0
 40
0.125
100
AcDbArc
 50
110.87961291889437
 51
290.8796129188944
  0
LINE
  5
121
330
17
100
AcDbEntity
  8
SLOTS
100
AcDbLine
 10
34.82438212778437
 20
10.740891089055548
 30
0.0
 11
33.69068704926241
 21
11.242980997021336
 31
0.0
  0
LINE
  5
122
330
17
100
AcDbEntity
  8
SLOTS
100
AcDbLine
 10
33.79192279369367
 20
11.471566482232989
 30
0.0
 11
34.92561787221563
 21
10.969476574267201
 31
0.0
  0
ARC
  5
123
330
17
100
AcDbEntity
  8
SLOTS
100
AcDbCircle
 10
33.74130492147804
 20
11.357273739627162
 30
0.0
 40
0.125
100
AcDbArc
 50
66.11244611845896
 51
246.11244611845896
  0
ARC
  5
124
330
17
100
AcDbEntity
  8
SLOTS
100
AcDbCircle
 10
34.875
 20
10.855183831661375
 30
0.0
 40
0.125
100
AcDbArc
 50
246.11244611845896
 51
426.11244611845893
  0
LINE
  5
125
330
17
100
AcDbEntity
  8
SLOTS
100
AcDbLine
 10
34.82438212778437
 20
9.920629033368202
 30
0.0
 11
32.5117317304976
 21
10.944853665836927
 31
0.0
  0
LINE
  5
126
330
17
100
AcDbEntity
  8
SLOTS
100
AcDbLine
 10
32.612967474928865
 20
11.17343915104858
 30
0.0
 11
34.92561787221563
 21
10.149214518579855
 31
0.0
  0
ARC
  5
127
330
17
100
AcDbEntity
  8
SLOTS
100
AcDbCircle
 10
32.56234960271323
 20
11.059146408442754
 30
0.0
 40
0.125
100
AcDbArc
 50
66.11244611845893
 51
246.11244611845893
  0
ARC
  5
128
330
17
100
AcDbEntity
  8
SLOTS
100
AcDbCircle
 10
34.875
 20
10.034921775974029
 30
0.0
 40
0.125
100
AcDbArc
 50
246.11244611845893
 51
426.11244611845893
  0
LINE
  5
129
330
17
100
AcDbEntity
  8
SLOTS
100
AcDbLine
 10
34.82438212778437
 20
9.100366977680858
 30
0.0
 11
31.332776411732798
 21
10.64672633465252
 31
0.0
  0
LINE
  5
12A
330
17
100
AcDbEntity
  8
SLOTS
100
AcDbLine
 10
31.434012156164062
 20
10.875311819864173
 30
0.0
 11
34.92561787221563
 21
9.328952462892511
 31
0.0
  0
ARC
  5
12B
330
17
100
AcDbEntity
  8
SLOTS
100
AcDbCircle
 10
31.38339428394843
 20
10.761019077258346
 30
0.0
 40
0.125
100
AcDbArc
 50
66.1124461184589
 51
246.1124461184589
  0
ARC
  5
12C
330
17
100
AcDbEntity
  8
SLOTS
100
AcDbCircle
 10
34.875
 20
9.214659720286685
 30
0.0
 40
0.125
100
AcDbArc
 50
246.1124461184589
 51
426.11244611845893
  0
LINE
  5
12D
330
17
100
AcDbEntity
  8
SLOTS
100
AcDbLine
 10
34.82438212778437
 20
8.280104921993518
 30
0.0
 11
30.47763848845775
 21
10.205187031960625
 31
0.0
  0
LINE
  5
12E
330
17
100
AcDbEntity
  8
SLOTS
100
AcDbLine
 10
30.578874232889014
 20
10.433772517172278
 30
0.0
 11
34.92561787221563
 21
8.50869040720517
 31
0.0
  0
ARC
  5
12F
330
17
100
AcDbEntity
  8
SLOTS
100
AcDbCircle
 10
30.52825636067338
 20
10.319479774566451
 30
0.0
 40
0.125
100
AcDbArc
 50
66.1124461184589
 51
246.1124461184589
  0
ARC
  5
130
330
17
100
AcDbEntity
  8
SLOTS
100
AcDbCircle
 10
34.875
 20
8.394397664599344
 30
0.0
 40
0.125
100
AcDbArc
 50
246.1124461184589
 51
426.11244611845893
  0
LINE
  5
131
330
17
100
AcDbEntity
  8
SLOTS
100
AcDbLine
 10
34.82438212778437
 20
7.459842866306174
 30
0.0
 11
30.965418262998725
 21
9.168897486389362
 31
0.0
  0
LINE
  5
132
330
17
100
AcDbEntity
  8
SLOTS
100
AcDbLine
 10
31.06665400742999
 20
9.397482971601015
 30
0.0
 11
34.92561787221563
 21
7.688428351517827
 31
0.0
  0
ARC
  5
133
330
17
100
AcDbEntity
  8
SLOTS
100
AcDbCircle
 10
31.016036135214357
 20
9.283190228995188
 30
0.0
 40
0.125
100
AcDbArc
 50
66.1124461184589
 51
246.1124461184589
  0
ARC
  5
134
330
17
100
AcDbEntity
  8
SLOTS
100
AcDbCircle
 10
34.875
 20
7.574135608912001
 30
0.0
 40
0.125
100
AcDbArc
 50
246.1124461184589
 51
426.11244611845893
  0
LINE
  5
135
330
17
100
AcDbEntity
  8
SLOTS
100
AcDbLine
 10
34.82438212778437
 20
6.63958081061883
 30
0.0
 11
31.453198037539703
 21
8.132607940818097
 31
0.0
  0
LINE
  5
136
330
17
100
AcDbEntity
  8
SLOTS
100
AcDbLine
 10
31.554433781970967
 20
8.36119342602975
 30
0.0
 11
34.92561787221563
 21
6.868166295830483
 31
0.0
  0
ARC
  5
137
330
17
100
AcDbEntity
  8
SLOTS
100
AcDbCircle
 10
31.503815909755335
 20
8.246900683423924
 30
0.0
 40
0.125
100
AcDbArc
 50
66.1124461184589
 51
246.1124461184589
  0
ARC
  5
138
330
17
100
AcDbEntity
  8
SLOTS
100
AcDbCircle
 10
34.875
 20
6.753873553224657
 30
0.0
 40
0.125
100
AcDbArc
 50
246.1124461184589
 51
426.11244611845893
  0
LINE
  5
139
330
17
100
AcDbEntity
  8
SLOTS
100
AcDbLine
 10
33.146007346192874
 20
1.2381516821492997
 30
0.0
 11
34.50895726608888
 21
1.877995618556958
 31
0.0
  0
LINE
  5
13A
330
17
100
AcDbEntity
  8
SLOTS
100
AcDbLine
 10
34.615196558759415
 20
1.6516922542583585
 30
0.0
 11
33.25224663886341
 21
1.0118483178507003
 31
0.0
  0
ARC
  5
13B
330
17
100
AcDbEntity
  8
SLOTS
100
AcDbCircle
 10
34.562076912424146
 20
1.7648439364076582
 30
0.0
 40
0.125
100
AcDbArc
 50
-64.8520475131372
 51
115.1479524868628
  0
ARC
  5
13C
330
17
100
AcDbEntity
  8
SLOTS
100
AcDbCircle
 10
33.19912699252814
 20
1.125
 30
0.0
 40
0.125
100
AcDbArc
 50
115.1479524868628
 51
295.1479524868628
  0
LINE
  5
13D
330
17
100
AcDbEntity
  8
SLOTS
100
AcDbLine
 10
31.833716665934976
 20
1.45062384976508
 30
0.0
 11
34.82188035366473
 21
2.8534328515318657
 31
0.0
  0
LINE
  5
13E
330
17
100
AcDbEntity
  8
SLOTS
100
AcDbLine
 10
34.92811964633527
 20
2.627129487233266
 30
0.0
 11
31.939955958605513
 21
1.2243204854664806
 31
0.0
  0
ARC
  5
13F
330
17
100
AcDbEntity
  8
SLOTS
100
AcDbCircle
 10
34.875
 20
2.7402811693825657
 30
0.0
 40
0.125
100
AcDbArc
 50
-64.8520475131372
 51
115.1479524868628
  0
ARC
  5
140
330
17
100
AcDbEntity
  8
SLOTS
100
AcDbCircle
 10
31.886836312270244
 20
1.3374721676157804
 30
0.0
 40
0.125
100
AcDbArc
 50
115.1479524868628
 51
295.14795248686283
  0
LINE
  5
141
330
17
100
AcDbEntity
  8
SLOTS
100
AcDbLine
 10
31.85130270785205
 20
2.287413568915163
 30
0.0
 11
34.82188035366473
 21
3.6819667117382027
 31
0.0
  0
LINE
  5
142
330
17
100
AcDbEntity
  8
SLOTS
100
AcDbLine
 10
34.92811964633527
 20
3.455663347439603
 30
0.0
 11
31.957542000522587
 21
2.061110204616563
 31
0.0
  0
ARC
  5
143
330
17
100
AcDbEntity
  8
SLOTS
100
AcDbCircle
 10
34.875
 20
3.5688150295889027
 30
0.0
 40
0.125
100
AcDbArc
 50
-64.8520475131372
 51
115.1479524868628
  0
ARC
  5
144
330
17
100
AcDbEntity
  8
SLOTS
100
AcDbCircle
 10
31.904422354187318
 20
2.174261886765863
 30
0.0
 40
0.125
100
AcDbArc
 50
115.1479524868628
 51
295.14795248686283
  0
LINE
  5
145
330
17
100
AcDbEntity
  8
SLOTS
100
AcDbLine
 10
31.868888749769123
 20
3.124203288065249
 30
0.0
 11
34.82188035366473
 21
4.510500571944543
 31
0.0
  0
LINE
  5
146
330
17
100
AcDbEntity
  8
SLOTS
100
AcDbLine
 10
34.92811964633527
 20
4.284197207645943
 30
0.0
 11
31.97512804243966
 21
2.897899923766649
 31
0.0
  0
ARC
  5
147
330
17
100
AcDbEntity
  8
SLOTS
100
AcDbCircle
 10
34.875
 20
4.397348889795243
 30
0.0
 40
0.125
100
AcDbArc
 50
-64.8520475131372
 51
115.1479524868628
  0
ARC
  5
148
330
17
100
AcDbEntity
  8
SLOTS
100
AcDbCircle
 10
31.922008396104392
 20
3.011051605915949
 30
0.0
 40
0.125
100
AcDbArc
 50
115.1479524868628
 51
295.1479524868628
  0
LINE
  5
149
330
17
100
AcDbEntity
  8
SLOTS
100
AcDbLine
 10
31.8864747916862
 20
3.9609930072153343
 30
0.0
 11
34.82188035366473
 21
5.339034432150882
 31
0.0
  0
LINE
  5
14A
330
17
100
AcDbEntity
  8
SLOTS
100
AcDbLine
 10
34.92811964633527
 20
5.112731067852282
 30
0.0
 11
31.992714084356738
 21
3.7346896429167344
 31
0.0
  0
ARC
  5
14B
330
17
100
AcDbEntity
  8
SLOTS
100
AcDbCircle
 10
34.875
 20
5.225882750001582
 30
0.0
 40
0.125
100
AcDbArc
 50
-64.85204751313718
 51
115.14795248686282
  0
ARC
  5
14C
330
17
100
AcDbEntity
  8
SLOTS
100
AcDbCircle
 10
31.93959443802147
 20
3.8478413250660344
 30
0.0
 40
0.125
100
AcDbArc
 50
115.14795248686282
 51
295.14795248686283
  0
LINE
  5
14D
330
17
100
AcDbEntity
  8
SLOTS
100
AcDbLine
 10
31.904060833603275
 20
4.797782726365417
 30
0.0
 11
34.29202861876168
 21
5.918826636611962
 31
0.0
  0
LINE
  5
14E
330
17
100
AcDbEntity
  8
SLOTS
100
AcDbLine
 10
34.398267911432214
 20
5.6925232723133625
 30
0.0
 11
32.01030012627381
 21
4.5714793620668175
 31
0.0
  0
ARC
  5
14F
330
17
100
AcDbEntity
  8
SLOTS
100
AcDbCircle
 10
34.345148265096945
 20
5.8056749544626625
 30
0.0
 40
0.125
100
AcDbArc
 50
-64.85204751313717
 51
115.14795248686283
  0
ARC
  5
150
330
17
100
AcDbEntity
  8
SLOTS
100
AcDbCircle
 10
31.957180479938543
 20
4.684631044216117
 30
0.0
 40
0.125
100
AcDbArc
 50
115.14795248686283
 51
295.14795248686283
  0
LINE
  5
151
330
17
100
AcDbEntity
  8
SLOTS
100
AcDbLine
 10
31.92164687552035
 20
5.634572445515503
 30
0.0
 11
33.22368855065641
 21
6.245822689287812
 31
0.0
  0
LINE
  5
152
330
17
100
AcDbEntity
  8
SLOTS
100
AcDbLine
 10
33.32992784332695
 20
6.019519324989212
 30
0.0
 11
32.02788616819088
 21
5.408269081216903
 31
0.0
  0
ARC
  5
153
330
17
100
AcDbEntity
  8
SLOTS
100
AcDbCircle
 10
33.27680819699168
 20
6.132671007138512
 30
0.0
 40
0.125
100
AcDbArc
 50
-64.85204751313717
 51
115.14795248686283
  0
ARC
  5
154
330
17
100
AcDbEntity
  8
SLOTS
100
AcDbCircle
 10
31.974766521855617
 20
5.521420763366203
 30
0.0
 40
0.125
100
AcDbArc
 50
115.14795248686283
 51
295.14795248686283
  0
LINE
  5
155
330
17
100
AcDbEntity
  8
SLOTS
100
AcDbLine
 10
31.939232917437423
 20
6.471362164665589
 30
0.0
 11
32.15534848255115
 21
6.572818741963662
 31
0.0
  0
LINE
  5
156
330
17
100
AcDbEntity
  8
SLOTS
100
AcDbLine
 10
32.261587775221685
 20
6.346515377665062
 30
0.0
 11
32.04547221010796
 21
6.245058800366989
 31
0.0
  0
ARC
  5
157
330
17
100
AcDbEntity
  8
SLOTS
100
AcDbCircle
 10
32.208468128886416
 20
6.459667059814362
 30
0.0
 40
0.125
100
AcDbArc
 50
-64.8520475131372
 51
115.1479524868628
  0
ARC
  5
158
330
17
100
AcDbEntity
  8
SLOTS
100
AcDbCircle
 10
31.99235256377269
 20
6.358210482516289
 30
0.0
 40
0.125
100
AcDbArc
 50
115.1479524868628
 51
295.1479524868628
  0
LINE
  5
159
330
17
100
AcDbEntity
  8
SLOTS
100
AcDbLine
 10
32.976039156687875
 20
12.059662108411008
 30
0.0
 11
34.80754950124076
 21
13.233516526295322
 31
0.0
  0
LINE
  5
15A
330
17
100
AcDbEntity
  8
SLOTS
100
AcDbLine
 10
34.94245049875924
 20
13.02303678649
 30
0.0
 11
33.11094015420636
 21
11.849182368605685
 31
0.0
  0
ARC
  5
15B
330
17
100
AcDbEntity
  8
SLOTS
100
AcDbCircle
 10
34.875
 20
13.12827665639266
 30
0.0
 40
0.125
100
AcDbArc
 50
-57.34331519620855
 51
122.65668480379145
  0
ARC
  5
15C
330
17
100
AcDbEntity
  8
SLOTS
100
AcDbCircle
 10
33.04348965544712
 20
11.954422238508347
 30
0.0
 40
0.125
100
AcDbArc
 50
122.65668480379145
 51
302.65668480379145
  0
LINE
  5
15D
330
17
100
AcDbEntity
  8
SLOTS
100
AcDbLine
 10
30.680386268813823
 20
11.479150821940276
 30
0.0
 11
34.80754950124076
 21
14.12433860814236
 31
0.0
  0
LINE
  5
15E
330
17
100
AcDbEntity
  8
SLOTS
100
AcDbLine
 10
34.94245049875924
 20
13.913858868337037
 30
0.0
 11
30.815287266332316
 21
11.268671082134954
 31
0.0
  0
ARC
  5
15F
330
17
100
AcDbEntity
  8
SLOTS
100
AcDbCircle
 10
34.875
 20
14.019098738239698
 30
0.0
 40
0.125
100
AcDbArc
 50
-57.34331519620859
 51
122.6566848037914
  0
ARC
  5
160
330
17
100
AcDbEntity
  8
SLOTS
100
AcDbCircle
 10
30.74783676757307
 20
11.373910952037615
 30
0.0
 40
0.125
100
AcDbArc
 50
122.6566848037914
 51
302.6566848037914
  0
LINE
  5
161
330
17
100
AcDbEntity
  8
SLOTS
100
AcDbLine
 10
29.533500557470756
 20
11.634909155404763
 30
0.0
 11
34.56181407835389
 21
14.85766356602047
 31
0.0
  0
LINE
  5
162
330
17
100
AcDbEntity
  8
SLOTS
100
AcDbLine
 10
34.696715075872376
 20
14.647183826215148
 30
0.0
 11
29.66840155498925
 21
11.424429415599441
 31
0.0
  0
ARC
  5
163
330
17
100
AcDbEntity
  8
SLOTS
100
AcDbCircle
 10
34.62926457711313
 20
14.752423696117809
 30
0.0
 40
0.125
100
AcDbArc
 50
-57.34331519620856
 51
122.65668480379145
  0
ARC
  5
164
330
17
100
AcDbEntity
  8
SLOTS
100
AcDbCircle
 10
29.600951056230002
 20
11.529669285502102
 30
0.0
 40
0.125
100
AcDbArc
 50
122.65668480379145
 51
302.65668480379145
  0
LINE
  5
165
330
17
100
AcDbEntity
  8
SLOTS
100
AcDbLine
 10
29.136905028590277
 20
12.271544622868705
 30
0.0
 11
32.9019184090855
 21
14.684622770765705
 31
0.0
  0
LINE
  5
166
330
17
100
AcDbEntity
  8
SLOTS
100
AcDbLine
 10
33.03681940660399
 20
14.474143030960382
 30
0.0
 11
29.27180602610877
 21
12.061064883063382
 31
0.0
  0
ARC
  5
167
330
17
100
AcDbEntity
  8
SLOTS
100
AcDbCircle
 10
32.969368907844746
 20
14.579382900863044
 30
0.0
 40
0.125
100
AcDbArc
 50
-57.3433151962086
 51
122.65668480379139
  0
ARC
  5
168
330
17
100
AcDbEntity
  8
SLOTS
100
AcDbCircle
 10
29.204355527349524
 20
12.166304752966044
 30
0.0
 40
0.125
100
AcDbArc
 50
122.65668480379139
 51
302.6566848037914
  0
LINE
  5
169
330
17
100
AcDbEntity
  8
SLOTS
100
AcDbLine
 10
29.385766419374267
 20
13.321867328821655
 30
0.0
 11
31.2420227398171
 21
14.51158197551094
 31
0.0
  0
LINE
  5
16A
330
17
100
AcDbEntity
  8
SLOTS
100
AcDbLine
 10
31.37692373733559
 20
14.301102235705617
 30
0.0
 11
29.52066741689276
 21
13.111387589016333
 31
0.0
  0
ARC
  5
16B
330
17
100
AcDbEntity
  8
SLOTS
100
AcDbCircle
 10
31.309473238576345
 20
14.406342105608278
 30
0.0
 40
0.125
100
AcDbArc
 50
-57.34331519620853
 51
122.65668480379148
  0
ARC
  5
16C
330
17
100
AcDbEntity
  8
SLOTS
100
AcDbCircle
 10
29.453216918133514
 20
13.216627458918994
 30
0.0
 40
0.125
100
AcDbArc
 50
122.65668480379148
 51
302.65668480379145
  0
LINE
  5
16D
330
17
100
AcDbEntity
  8
SLOTS
100
AcDbLine
 10
29.617544181562767
 20
10.260744025381515
 30
0.0
 11
28.08403405210905
 21
11.047950990246331
 31
0.0
  0
LINE
  5
16E
330
17
100
AcDbEntity
  8
SLOTS
100
AcDbLine
 10
28.198204096057918
 20
11.270358726318424
 30
0.0
 11
29.731714225511634
 21
10.483151761453607
 31
0.0
  0
ARC
  5
16F
330
17
100
AcDbEntity
  8
SLOTS
100
AcDbCircle
 10
28.141119074083484
 20
11.159154858282378
 30
0.0
 40
0.125
100
AcDbArc
 50
62.82690809130506
 51
242.82690809130506
  0
ARC
  5
170
330
17
100
AcDbEntity
  8
SLOTS
100
AcDbCircle
 10
29.6746292035372
 20
10.37194789341756
 30
0.0
 40
0.125
100
AcDbArc
 50
242.82690809130506
 51
422.8269080913051
  0
LINE
  5
171
330
17
100
AcDbEntity
  8
SLOTS
100
AcDbLine
 10
30.140796340562005
 20
9.149093296158934
 30
0.0
 11
27.201225168093554
 21
10.658082937790672
 31
0.0
  0
LINE
  5
172
330
17
100
AcDbEntity
  8
SLOTS
100
AcDbLine
 10
27.31539521204242
 20
10.880490673862765
 30
0.0
 11
30.254966384510873
 21
9.371501032231027
 31
0.0
  0
ARC
  5
173
330
17
100
AcDbEntity
  8
SLOTS
100
AcDbCircle
 10
27.258310190067988
 20
10.769286805826718
 30
0.0
 40
0.125
100
AcDbArc
 50
62.82690809130503
 51
242.82690809130503
  0
ARC
  5
174
330
17
100
AcDbEntity
  8
SLOTS
100
AcDbCircle
 10
30.19788136253644
 20
9.26029716419498
 30
0.0
 40
0.125
100
AcDbArc
 50
242.82690809130503
 51
422.82690809130503
  0
LINE
  5
175
330
17
100
AcDbEntity
  8
SLOTS
100
AcDbLine
 10
30.664048499561243
 20
8.037442566936354
 30
0.0
 11
26.410752731038784
 21
10.220815202240486
 31
0.0
  0
LINE
  5
176
330
17
100
AcDbEntity
  8
SLOTS
100
AcDbLine
 10
26.52492277498765
 20
10.443222938312578
 30
0.0
 11
30.77821854351011
 21
8.259850303008447
 31
0.0
  0
ARC
  5
177
330
17
100
AcDbEntity
  8
SLOTS
100
AcDbCircle
 10
26.467837753013217
 20
10.332019070276532
 30
0.0
 40
0.125
100
AcDbArc
 50
62.826908091305
 51
242.826908091305
  0
ARC
  5
178
330
17
100
AcDbEntity
  8
SLOTS
100
AcDbCircle
 10
30.721133521535677
 20
8.1486464349724
 30
0.0
 40
0.125
100
AcDbArc
 50
242.826908091305
 51
422.826908091305
  0
LINE
  5
179
330
17
100
AcDbEntity
  8
SLOTS
100
AcDbLine
 10
31.126054987094154
 20
6.957231486021343
 30
0.0
 11
26.00460482701253
 21
9.586259595317555
 31
0.0
  0
LINE
  5
17A
330
17
100
AcDbEntity
  8
SLOTS
100
AcDbLine
 10
26.118774870961396
 20
9.808667331389648
 30
0.0
 11
31.24022503104302
 21
7.179639222093436
 31
0.0
  0
ARC
  5
17B
330
17
100
AcDbEntity
  8
SLOTS
100
AcDbCircle
 10
26.061689848986962
 20
9.697463463353602
 30
0.0
 40
0.125
100
AcDbArc
 50
62.82690809130503
 51
242.82690809130503
  0
ARC
  5
17C
330
17
100
AcDbEntity
  8
SLOTS
100
AcDbCircle
 10
31.183140009068588
 20
7.06843535405739
 30
0.0
 40
0.125
100
AcDbArc
 50
242.82690809130503
 51
422.82690809130503
  0
LINE
  5
17D
330
17
100
AcDbEntity
  8
SLOTS
100
AcDbLine
 10
30.5071355871215
 20
6.4318992877454635
 30
0.0
 11
25.598456922986273
 21
8.951703988394625
 31
0.0
  0
LINE
  5
17E
330
17
100
AcDbEntity
  8
SLOTS
100
AcDbLine
 10
25.71262696693514
 20
9.174111724466718
 30
0.0
 11
30.621305631070367
 21
6.654307023817556
 31
0.0
  0
ARC
  5
17F
330
17
100
AcDbEntity
  8
SLOTS
100
AcDbCircle
 10
25.655541944960707
 20
9.062907856430671
 30
0.0
 40
0.125
100
AcDbArc
 50
62.82690809130503
 51
242.82690809130503
  0
ARC
  5
180
330
17
100
AcDbEntity
  8
SLOTS
100
AcDbCircle
 10
30.564220609095933
 20
6.54310315578151
 30
0.0
 40
0.125
100
AcDbArc
 50
242.82690809130503
 51
422.82690809130503
  0
LINE
  5
181
330
17
100
AcDbEntity
  8
SLOTS
100
AcDbLine
 10
29.88821618714884
 20
5.906567089469582
 30
0.0
 11
25.192309018960017
 21
8.317148381471693
 31
0.0
  0
LINE
  5
182
330
17
100
AcDbEntity
  8
SLOTS
100
AcDbLine
 10
25.306479062908885
 20
8.539556117543786
 30
0.0
 11
30.002386231097706
 21
6.1289748255416745
 31
0.0
  0
ARC
  5
183
330
17
100
AcDbEntity
  8
SLOTS
100
AcDbCircle
 10
25.24939404093445
 20
8.42835224950774
 30
0.0
 40
0.125
100
AcDbArc
 50
62.82690809130503
 51
242.82690809130503
  0
ARC
  5
184
330
17
100
AcDbEntity
  8
SLOTS
100
AcDbCircle
 10
29.945301209123272
 20
6.017770957505628
 30
0.0
 40
0.125
100
AcDbArc
 50
242.82690809130503
 51
422.82690809130503
  0
LINE
  5
185
330
17
100
AcDbEntity
  8
SLOTS
100
AcDbLine
 10
29.26929678717618
 20
5.381234891193701
 30
0.0
 11
24.786161114933762
 21
7.682592774548762
 31
0.0
  0
LINE
  5
186
330
17
100
AcDbEntity
  8
SLOTS
100
AcDbLine
 10
24.90033115888263
 20
7.905000510620854
 30
0.0
 11
29.383466831125048
 21
5.603642627265794
 31
0.0
  0
ARC
  5
187
330
17
100
AcDbEntity
  8
SLOTS
100
AcDbCircle
 10
24.843246136908196
 20
7.793796642584808
 30
0.0
 40
0.125
100
AcDbArc
 50
62.82690809130503
 51
242.82690809130503
  0
ARC
  5
188
330
17
100
AcDbEntity
  8
SLOTS
100
AcDbCircle
 10
29.326381809150615
 20
5.4924387592297474
 30
0.0
 40
0.125
100
AcDbArc
 50
242.82690809130503
 51
422.82690809130503
  0
LINE
  5
189
330
17
100
AcDbEntity
  8
SLOTS
100
AcDbLine
 10
28.650377387203523
 20
4.855902692917821
 30
0.0
 11
24.380013210907507
 21
7.048037167625832
 31
0.0
  0
LINE
  5
18A
330
17
100
AcDbEntity
  8
SLOTS
100
AcDbLine
 10
24.494183254856374
 20
7.270444903697925
 30
0.0
 11
28.76454743115239
 21
5.078310428989914
 31
0.0
  0
ARC
  5
18B
330
17
100
AcDbEntity
  8
SLOTS
100
AcDbCircle
 10
24.43709823288194
 20
7.1592410356618785
 30
0.0
 40
0.125
100
AcDbArc
 50
62.82690809130503
 51
242.82690809130503
  0
ARC
  5
18C
330
17
100
AcDbEntity
  8
SLOTS
100
AcDbCircle
 10
28.707462409177957
 20
4.967106560953868
 30
0.0
 40
0.125
100
AcDbArc
 50
242.82690809130503
 51
422.82690809130503
  0
LINE
  5
18D
330
17
100
AcDbEntity
  8
SLOTS
100
AcDbLine
 10
28.031457987230862
 20
4.3305704946419405
 30
0.0
 11
23.973865306881248
 21
6.413481560702901
 31
0.0
  0
LINE
  5
18E
330
17
100
AcDbEntity
  8
SLOTS
100
AcDbLine
 10
24.088035350830115
 20
6.635889296774994
 30
0.0
 11
28.14562803117973
 21
4.552978230714033
 31
0.0
  0
ARC
  5
18F
330
17
100
AcDbEntity
  8
SLOTS
100
AcDbCircle
 10
24.03095032885568
 20
6.524685428738947
 30
0.0
 40
0.125
100
AcDbArc
 50
62.82690809130503
 51
242.82690809130503
  0
ARC
  5
190
330
17
100
AcDbEntity
  8
SLOTS
100
AcDbCircle
 10
28.088543009205296
 20
4.441774362677987
 30
0.0
 40
0.125
100
AcDbArc
 50
242.82690809130503
 51
422.82690809130503
  0
LINE
  5
191
330
17
100
AcDbEntity
  8
SLOTS
100
AcDbLine
 10
27.032765564322137
 20
4.0001897107590905
 30
0.0
 11
23.567717402854996
 21
5.778925953779971
 31
0.0
  0
LINE
  5
192
330
17
100
AcDbEntity
  8
SLOTS
100
AcDbLine
 10
23.681887446803863
 20
6.001333689852063
 30
0.0
 11
27.146935608271004
 21
4.222597446831183
 31
0.0
  0
ARC
  5
193
330
17
100
AcDbEntity
  8
SLOTS
100
AcDbCircle
 10
23.62480242482943
 20
5.890129821816017
 30
0.0
 40
0.125
100
AcDbArc
 50
62.826908091305
 51
242.826908091305
  0
ARC
  5
194
330
17
100
AcDbEntity
  8
SLOTS
100
AcDbCircle
 10
27.08985058629657
 20
4.111393578795137
 30
0.0
 40
0.125
100
AcDbArc
 50
242.826908091305
 51
422.826908091305
  0
LINE
  5
195
330
17
100
AcDbEntity
  8
SLOTS
100
AcDbLine
 10
24.692139527411193
 20
4.358672643547662
 30
0.0
 11
23.161569498828737
 21
5.144370346857039
 31
0.0
  0
LINE
  5
196
330
17
100
AcDbEntity
  8
SLOTS
100
AcDbLine
 10
23.275739542777604
 20
5.366778082929132
 30
0.0
 11
24.80630957136006
 21
4.581080379619754
 31
0.0
  0
ARC
  5
197
330
17
100
AcDbEntity
  8
SLOTS
100
AcDbCircle
 10
23.21865452080317
 20
5.255574214893086
 30
0.0
 40
0.125
100
AcDbArc
 50
62.82690809130506
 51
242.82690809130506
  0
ARC
  5
198
330
17
100
AcDbEntity
  8
SLOTS
100
AcDbCircle
 10
24.749224549385627
 20
4.469876511583708
 30
0.0
 40
0.125
100
AcDbArc
 50
242.82690809130506
 51
422.8269080913051
  0
LINE
  5
199
330
17
100
AcDbEntity
  8
SLOTS
100
AcDbLine
 10
16.18794587392749
 20
10.59264244291434
 30
0.0
 11
16.899182523387523
 21
9.23602482629594
 31
0.0
  0
LINE
  5
19A
330
17
100
AcDbEntity
  8
SLOTS
100
AcDbLine
 10
16.677766744862204
 20
9.119942730260304
 30
0.0
 11
15.96653009540217
 21
10.476560346878703
 31
0.0
  0
ARC
  5
19B
330
17
100
AcDbEntity
  8
SLOTS
100
AcDbCircle
 10
16.788474634124864
 20
9.177983778278122
 30
0.0
 40
0.125
100
AcDbArc
 50
-152.33323511806634
 51
27.666764881933652
  0
ARC
  5
19C
330
17
100
AcDbEntity
  8
SLOTS
100
AcDbCircle
 10
16.07723798466483
 20
10.534601394896521
 30
0.0
 40
0.125
100
AcDbArc
 50
27.666764881933652
 51
207.66676488193366
  0
LINE
  5
19D
330
17
100
AcDbEntity
  8
SLOTS
100
AcDbLine
 10
16.722506555211023
 20
11.188253936381479
 30
0.0
 11
18.190648944893194
 21
8.387909169194412
 31
0.0
  0
LINE
  5
19E
330
17
100
AcDbEntity
  8
SLOTS
100
AcDbLine
 10
17.969233166367875
 20
8.271827073158775
 30
0.0
 11
16.501090776685704
 21
11.072171840345842
 31
0.0
  0
ARC
  5
19F
330
17
100
AcDbEntity
  8
SLOTS
100
AcDbCircle
 10
18.079941055630535
 20
8.329868121176593
 30
0.0
 40
0.125
100
AcDbArc
 50
-152.33323511806634
 51
27.666764881933652
  0
ARC
  5
1A0
330
17
100
AcDbEntity
  8
SLOTS
100
AcDbCircle
 10
16.611798665948363
 20
11.13021288836366
 30
0.0
 40
0.125
100
AcDbArc
 50
27.666764881933652
 51
207.66676488193366
  0
LINE
  5
1A1
330
17
100
AcDbEntity
  8
SLOTS
100
AcDbLine
 10
17.257067236494557
 20
11.783865429848616
 30
0.0
 11
19.482115366398865
 21
7.539793512092883
 31
0.0
  0
LINE
  5
1A2
330
17
100
AcDbEntity
  8
SLOTS
100
AcDbLine
 10
19.260699587873546
 20
7.423711416057246
 30
0.0
 11
17.035651457969237
 21
11.667783333812979
 31
0.0
  0
ARC
  5
1A3
330
17
100
AcDbEntity
  8
SLOTS
100
AcDbCircle
 10
19.371407477136206
 20
7.481752464075065
 30
0.0
 40
0.125
100
AcDbArc
 50
-152.33323511806634
 51
27.666764881933666
  0
ARC
  5
1A4
330
17
100
AcDbEntity
  8
SLOTS
100
AcDbCircle
 10
17.146359347231897
 20
11.725824381830797
 30
0.0
 40
0.125
100
AcDbArc
 50
27.666764881933666
 51
207.66676488193366
  0
LINE
  5
1A5
330
17
100
AcDbEntity
  8
SLOTS
100
AcDbLine
 10
17.79162791777809
 20
12.379476923315755
 30
0.0
 11
20.77358178790454
 21
6.691677854991354
 31
0.0
  0
LINE
  5
1A6
330
17
100
AcDbEntity
  8
SLOTS
100
AcDbLine
 10
20.55216600937922
 20
6.575595758955717
 30
0.0
 11
17.57021213925277
 21
12.263394827280118
 31
0.0
  0
ARC
  5
1A7
330
17
100
AcDbEntity
  8
SLOTS
100
AcDbCircle
 10
20.66287389864188
 20
6.633636806973535
 30
0.0
 40
0.125
100
AcDbArc
 50
-152.3332351180663
 51
27.666764881933695
  0
ARC
  5
1A8
330
17
100
AcDbEntity
  8
SLOTS
100
AcDbCircle
 10
17.68092002851543
 20
12.321435875297936
 30
0.0
 40
0.125
100
AcDbArc
 50
27.666764881933695
 51
207.6667648819337
  0
LINE
  5
1A9
330
17
100
AcDbEntity
  8
SLOTS
100
AcDbLine
 10
18.42089084553811
 20
12.794452708540243
 30
0.0
 11
22.06504820941021
 21
5.843562197889824
 31
0.0
  0
LINE
  5
1AA
330
17
100
AcDbEntity
  8
SLOTS
100
AcDbLine
 10
21.84363243088489
 20
5.727480101854187
 30
0.0
 11
18.19947506701279
 21
12.678370612504606
 31
0.0
  0
ARC
  5
1AB
330
17
100
AcDbEntity
  8
SLOTS
100
AcDbCircle
 10
21.95434032014755
 20
5.785521149872006
 30
0.0
 40
0.125
100
AcDbArc
 50
-152.3332351180663
 51
27.666764881933695
  0
ARC
  5
1AC
330
17
100
AcDbEntity
  8
SLOTS
100
AcDbCircle
 10
18.31018295627545
 20
12.736411660522425
 30
0.0
 40
0.125
100
AcDbArc
 50
27.666764881933695
 51
207.6667648819337
  0
LINE
  5
1AD
330
17
100
AcDbEntity
  8
SLOTS
100
AcDbLine
 10
19.11284172783668
 20
13.089857063437945
 30
0.0
 11
22.851630177078786
 21
5.958466577722781
 31
0.0
  0
LINE
  5
1AE
330
17
100
AcDbEntity
  8
SLOTS
100
AcDbLine
 10
22.630214398553466
 20
5.842384481687144
 30
0.0
 11
18.891425949311362
 21
12.973774967402308
 31
0.0
  0
ARC
  5
1AF
330
17
100
AcDbEntity
  8
SLOTS
100
AcDbCircle
 10
22.740922287816126
 20
5.900425529704963
 30
0.0
 40
0.125
100
AcDbArc
 50
-152.3332351180663
 51
27.666764881933695
  0
ARC
  5
1B0
330
17
100
AcDbEntity
  8
SLOTS
100
AcDbCircle
 10
19.00213383857402
 20
13.031816015420127
 30
0.0
 40
0.125
100
AcDbArc
 50
27.666764881933695
 51
207.6667648819337
  0
LINE
  5
1B1
330
17
100
AcDbEntity
  8
SLOTS
100
AcDbLine
 10
20.093116290753468
 20
12.835310871338551
 30
0.0
 11
23.317145286950048
 21
6.6857760631290075
 31
0.0
  0
LINE
  5
1B2
330
17
100
AcDbEntity
  8
SLOTS
100
AcDbLine
 10
23.09572950842473
 20
6.569693967093371
 30
0.0
 11
19.87170051222815
 21
12.719228775302915
 31
0.0
  0
ARC
  5
1B3
330
17
100
AcDbEntity
  8
SLOTS
100
AcDbCircle
 10
23.206437397687388
 20
6.627735015111189
 30
0.0
 40
0.125
100
AcDbArc
 50
-152.3332351180663
 51
27.66676488193368
  0
ARC
  5
1B4
330
17
100
AcDbEntity
  8
SLOTS
100
AcDbCircle
 10
19.982408401490808
 20
12.777269823320733
 30
0.0
 40
0.125
100
AcDbArc
 50
27.66676488193368
 51
207.6667648819337
  0
LINE
  5
1B5
330
17
100
AcDbEntity
  8
SLOTS
100
AcDbLine
 10
21.15383751961928
 20
12.427320162132904
 30
0.0
 11
23.78266039682131
 21
7.413085548535234
 31
0.0
  0
LINE
  5
1B6
330
17
100
AcDbEntity
  8
SLOTS
100
AcDbLine
 10
23.56124461829599
 20
7.297003452499597
 30
0.0
 11
20.93242174109396
 21
12.311238066097268
 31
0.0
  0
ARC
  5
1B7
330
17
100
AcDbEntity
  8
SLOTS
100
AcDbCircle
 10
23.67195250755865
 20
7.355044500517415
 30
0.0
 40
0.125
100
AcDbArc
 50
-152.3332351180663
 51
27.66676488193368
  0
ARC
  5
1B8
330
17
100
AcDbEntity
  8
SLOTS
100
AcDbCircle
 10
21.04312963035662
 20
12.369279114115086
 30
0.0
 40
0.125
100
AcDbArc
 50
27.66676488193368
 51
207.6667648819337
  0
LINE
  5
1B9
330
17
100
AcDbEntity
  8
SLOTS
100
AcDbLine
 10
22.214558748485093
 20
12.01932945292726
 30
0.0
 11
24.248175506692572
 21
8.140395033941461
 31
0.0
  0
LINE
  5
1BA
330
17
100
AcDbEntity
  8
SLOTS
100
AcDbLine
 10
24.026759728167253
 20
8.024312937905824
 30
0.0
 11
21.993142969959774
 21
11.903247356891622
 31
0.0
  0
ARC
  5
1BB
330
17
100
AcDbEntity
  8
SLOTS
100
AcDbCircle
 10
24.137467617429913
 20
8.082353985923643
 30
0.0
 40
0.125
100
AcDbArc
 50
-152.3332351180663
 51
27.66676488193368
  0
ARC
  5
1BC
330
17
100
AcDbEntity
  8
SLOTS
100
AcDbCircle
 10
22.103850859222433
 20
11.96128840490944
 30
0.0
 40
0.125
100
AcDbArc
 50
27.66676488193368
 51
207.6667648819337
  0
LINE
  5
1BD
330
17
100
AcDbEntity
  8
SLOTS
100
AcDbLine
 10
23.275279977350905
 20
11.611338743721612
 30
0.0
 11
24.713690616563834
 21
8.867704519347686
 31
0.0
  0
LINE
  5
1BE
330
17
100
AcDbEntity
  8
SLOTS
100
AcDbLine
 10
24.492274838038515
 20
8.75162242331205
 30
0.0
 11
23.053864198825586
 21
11.495256647685975
 31
0.0
  0
ARC
  5
1BF
330
17
100
AcDbEntity
  8
SLOTS
100
AcDbCircle
 10
24.602982727301175
 20
8.809663471329868
 30
0.0
 40
0.125
100
AcDbArc
 50
-152.3332351180663
 51
27.66676488193368
  0
ARC
  5
1C0
330
17
100
AcDbEntity
  8
SLOTS
100
AcDbCircle
 10
23.164572088088246
 20
11.553297695703794
 30
0.0
 40
0.125
100
AcDbArc
 50
27.66676488193368
 51
207.6667648819337
  0
LINE
  5
1C1
330
17
100
AcDbEntity
  8
SLOTS
100
AcDbLine
 10
24.336001206216714
 20
11.203348034515967
 30
0.0
 11
25.179205726435097
 21
9.595014004753912
 31
0.0
  0
LINE
  5
1C2
330
17
100
AcDbEntity
  8
SLOTS
100
AcDbLine
 10
24.957789947909777
 20
9.478931908718275
 30
0.0
 11
24.114585427691395
 21
11.08726593848033
 31
0.0
  0
ARC
  5
1C3
330
17
100
AcDbEntity
  8
SLOTS
100
AcDbCircle
 10
25.068497837172437
 20
9.536972956736093
 30
0.0
 40
0.125
100
AcDbArc
 50
-152.33323511806628
 51
27.66676488193373
  0
ARC
  5
1C4
330
17
100
AcDbEntity
  8
SLOTS
100
AcDbCircle
 10
24.225293316954055
 20
11.145306986498149
 30
0.0
 40
0.125
100
AcDbArc
 50
27.66676488193373
 51
207.66676488193372
  0
LINE
  5
1C5
330
17
100
AcDbEntity
  8
SLOTS
100
AcDbLine
 10
25.396722435082527
 20
10.79535732531032
 30
0.0
 11
25.64472083630636
 21
10.322323490160139
 31
0.0
  0
LINE
  5
1C6
330
17
100
AcDbEntity
  8
SLOTS
100
AcDbLine
 10
25.42330505778104
 20
10.206241394124502
 30
0.0
 11
25.175306656557208
 21
10.679275229274683
 31
0.0
  0
ARC
  5
1C7
330
17
100
AcDbEntity
  8
SLOTS
100
AcDbCircle
 10
25.5340129470437
 20
10.26428244214232
 30
0.0
 40
0.125
100
AcDbArc
 50
-152.3332351180661
 51
27.666764881933894
  0
ARC
  5
1C8
330
17
100
AcDbEntity
  8
SLOTS
100
AcDbCircle
 10
25.286014545819867
 20
10.737316277292502
 30
0.0
 40
0.125
100
AcDbArc
 50
27.666764881933894
 51
207.6667648819339
  0
LINE
  5
1C9
330
17
100
AcDbEntity
  8
SLOTS
100
AcDbLine
 10
26.113922518251417
 20
11.277750719722983
 30
0.0
 11
27.232181348482836
 21
12.379299631337286
 31
0.0
  0
LINE
  5
1CA
330
17
100
AcDbEntity
  8
SLOTS
100
AcDbLine
 10
27.40762236140633
 20
12.20119727036366
 30
0.0
 11
26.28936353117491
 21
11.099648358749358
 31
0.0
  0
ARC
  5
1CB
330
17
100
AcDbEntity
  8
SLOTS
100
AcDbCircle
 10
27.319901854944582
 20
12.290248450850473
 30
0.0
 40
0.125
100
AcDbArc
 50
-45.43129398612762
 51
134.56870601387237
  0
ARC
  5
1CC
330
17
100
AcDbEntity
  8
SLOTS
100
AcDbCircle
 10
26.201643024713164
 20
11.18869953923617
 30
0.0
 40
0.125
100
AcDbArc
 50
134.56870601387237
 51
314.5687060138724
  0
LINE
  5
1CD
330
17
100
AcDbEntity
  8
SLOTS
100
AcDbLine
 10
25.345308053289525
 20
11.573386888898959
 30
0.0
 11
26.65730673058057
 21
12.865780631687713
 31
0.0
  0
LINE
  5
1CE
330
17
100
AcDbEntity
  8
SLOTS
100
AcDbLine
 10
26.83274774350406
 20
12.687678270714088
 30
0.0
 11
25.520749066213018
 21
11.395284527925334
 31
0.0
  0
ARC
  5
1CF
330
17
100
AcDbEntity
  8
SLOTS
100
AcDbCircle
 10
26.745027237042315
 20
12.7767294512009
 30
0.0
 40
0.125
100
AcDbArc
 50
-45.43129398612757
 51
134.56870601387243
  0
ARC
  5
1D0
330
17
100
AcDbEntity
  8
SLOTS
100
AcDbCircle
 10
25.43302855975127
 20
11.484335708412146
 30
0.0
 40
0.125
100
AcDbArc
 50
134.56870601387243
 51
314.56870601387243
  0
LINE
  5
1D1
330
17
100
AcDbEntity
  8
SLOTS
100
AcDbLine
 10
24.576693588327633
 20
11.869023058074932
 30
0.0
 11
26.082432112678305
 21
13.352261632038136
 31
0.0
  0
LINE
  5
1D2
330
17
100
AcDbEntity
  8
SLOTS
100
AcDbLine
 10
26.257873125601797
 20
13.17415927106451
 30
0.0
 11
24.752134601251125
 21
11.690920697101307
 31
0.0
  0
ARC
  5
1D3
330
17
100
AcDbEntity
  8
SLOTS
100
AcDbCircle
 10
26.17015261914005
 20
13.263210451551323
 30
0.0
 40
0.125
100
AcDbArc
 50
-45.43129398612761
 51
134.56870601387237
  0
ARC
  5
1D4
330
17
100
AcDbEntity
  8
SLOTS
100
AcDbCircle
 10
24.66441409478938
 20
11.77997187758812
 30
0.0
 40
0.125
100
AcDbArc
 50
134.56870601387237
 51
314.5687060138724
  0
LINE
  5
1D5
330
17
100
AcDbEntity
  8
SLOTS
100
AcDbLine
 10
23.80807912336574
 20
12.164659227250906
 30
0.0
 11
25.507557494776037
 21
13.838742632388563
 31
0.0
  0
LINE
  5
1D6
330
17
100
AcDbEntity
  8
SLOTS
100
AcDbLine
 10
25.68299850769953
 20
13.660640271414938
 30
0.0
 11
23.983520136289233
 21
11.986556866277281
 31
0.0
  0
ARC
  5
1D7
330
17
100
AcDbEntity
  8
SLOTS
100
AcDbCircle
 10
25.595278001237784
 20
13.74969145190175
 30
0.0
 40
0.125
100
AcDbArc
 50
-45.43129398612756
 51
134.56870601387243
  0
ARC
  5
1D8
330
17
100
AcDbEntity
  8
SLOTS
100
AcDbCircle
 10
23.895799629827486
 20
12.075608046764094
 30
0.0
 40
0.125
100
AcDbArc
 50
134.56870601387243
 51
314.56870601387243
  0
LINE
  5
1D9
330
17
100
AcDbEntity
  8
SLOTS
100
AcDbLine
 10
23.039464658403844
 20
12.460295396426883
 30
0.0
 11
24.93268287687377
 21
14.32522363273899
 31
0.0
  0
LINE
  5
1DA
330
17
100
AcDbEntity
  8
SLOTS
100
AcDbLine
 10
25.108123889797263
 20
14.147121271765364
 30
0.0
 11
23.214905671327337
 21
12.282193035453258
 31
0.0
  0
ARC
  5
1DB
330
17
100
AcDbEntity
  8
SLOTS
100
AcDbCircle
 10
25.020403383335516
 20
14.236172452252177
 30
0.0
 40
0.125
100
AcDbArc
 50
-45.431293986127585
 51
134.56870601387243
  0
ARC
  5
1DC
330
17
100
AcDbEntity
  8
SLOTS
100
AcDbCircle
 10
23.12718516486559
 20
12.37124421594007
 30
0.0
 40
0.125
100
AcDbArc
 50
134.56870601387243
 51
314.56870601387243
  0
LINE
  5
1DD
330
17
100
AcDbEntity
  8
SLOTS
100
AcDbLine
 10
22.27085019344195
 20
12.755931565602856
 30
0.0
 11
24.357808258971506
 21
14.811704633089414
 31
0.0
  0
LINE
  5
1DE
330
17
100
AcDbEntity
  8
SLOTS
100
AcDbLine
 10
24.533249271895
 20
14.63360227211579
 30
0.0
 11
22.446291206365444
 21
12.57782920462923
 31
0.0
  0
ARC
  5
1DF
330
17
100
AcDbEntity
  8
SLOTS
100
AcDbCircle
 10
24.445528765433252
 20
14.722653452602602
 30
0.0
 40
0.125
100
AcDbArc
 50
-45.431293986127585
 51
134.56870601387243
  0
ARC
  5
1E0
330
17
100
AcDbEntity
  8
SLOTS
100
AcDbCircle
 10
22.358570699903698
 20
12.666880385116043
 30
0.0
 40
0.125
100
AcDbArc
 50
134.56870601387243
 51
314.56870601387243
  0
LINE
  5
1E1
330
17
100
AcDbEntity
  8
SLOTS
100
AcDbLine
 10
21.50223572848006
 20
13.05156773477883
 30
0.0
 11
23.782933641069242
 21
15.29818563343984
 31
0.0
  0
LINE
  5
1E2
330
17
100
AcDbEntity
  8
SLOTS
100
AcDbLine
 10
23.958374653992735
 20
15.120083272466214
 30
0.0
 11
21.677676741403552
 21
12.873465373805205
 31
0.0
  0
ARC
  5
1E3
330
17
100
AcDbEntity
  8
SLOTS
100
AcDbCircle
 10
23.87065414753099
 20
15.209134452953027
 30
0.0
 40
0.125
100
AcDbArc
 50
-45.43129398612761
 51
134.56870601387237
  0
ARC
  5
1E4
330
17
100
AcDbEntity
  8
SLOTS
100
AcDbCircle
 10
21.589956234941805
 20
12.962516554292018
 30
0.0
 40
0.125
100
AcDbArc
 50
134.56870601387237
 51
314.5687060138724
  0
LINE
  5
1E5
330
17
100
AcDbEntity
  8
SLOTS
100
AcDbLine
 10
20.733621263518163
 20
13.347203903954806
 30
0.0
 11
23.20805902316697
 21
15.784666633790266
 31
0.0
  0
LINE
  5
1E6
330
17
100
AcDbEntity
  8
SLOTS
100
AcDbLine
 10
23.383500036090464
 20
15.606564272816641
 30
0.0
 11
20.909062276441656
 21
13.169101542981181
 31
0.0
  0
ARC
  5
1E7
330
17
100
AcDbEntity
  8
SLOTS
100
AcDbCircle
 10
23.295779529628717
 20
15.695615453303454
 30
0.0
 40
0.125
100
AcDbArc
 50
-45.43129398612759
 51
134.5687060138724
  0
ARC
  5
1E8
330
17
100
AcDbEntity
  8
SLOTS
100
AcDbCircle
 10
20.82134176997991
 20
13.258152723467994
 30
0.0
 40
0.125
100
AcDbArc
 50
134.5687060138724
 51
314.56870601387243
  0
LINE
  5
1E9
330
17
100
AcDbEntity
  8
SLOTS
100
AcDbLine
 10
19.96500679855627
 20
13.642840073130781
 30
0.0
 11
22.633184405264707
 21
16.271147634140693
 31
0.0
  0
LINE
  5
1EA
330
17
100
AcDbEntity
  8
SLOTS
100
AcDbLine
 10
22.8086254181882
 20
16.093045273167068
 30
0.0
 11
20.140447811479763
 21
13.464737712157156
 31
0.0
  0
ARC
  5
1EB
330
17
100
AcDbEntity
  8
SLOTS
100
AcDbCircle
 10
22.720904911726453
 20
16.18209645365388
 30
0.0
 40
0.125
100
AcDbArc
 50
-45.43129398612759
 51
134.5687060138724
  0
ARC
  5
1EC
330
17
100
AcDbEntity
  8
SLOTS
100
AcDbCircle
 10
20.052727305018017
 20
13.553788892643968
 30
0.0
 40
0.125
100
AcDbArc
 50
134.5687060138724
 51
314.56870601387243
  0
LINE
  5
1ED
330
17
100
AcDbEntity
  8
SLOTS
100
AcDbLine
 10
20.65600662285838
 20
15.376279806426803
 30
0.0
 11
22.05830978736244
 21
16.757628634491116
 31
0.0
  0
LINE
  5
1EE
330
17
100
AcDbEntity
  8
SLOTS
100
AcDbLine
 10
22.233750800285932
 20
16.57952627351749
 30
0.0
 11
20.831447635781874
 21
15.198177445453178
 31
0.0
  0
ARC
  5
1EF
330
17
100
AcDbEntity
  8
SLOTS
100
AcDbCircle
 10
22.146030293824186
 20
16.668577454004303
 30
0.0
 40
0.125
100
AcDbArc
 50
-45.43129398612759
 51
134.5687060138724
  0
ARC
  5
1F0
330
17
100
AcDbEntity
  8
SLOTS
100
AcDbCircle
 10
20.743727129320128
 20
15.28722862593999
 30
0.0
 40
0.125
100
AcDbArc
 50
134.5687060138724
 51
314.56870601387243
  0
LINE
  5
1F1
330
17
100
AcDbEntity
  8
SLOTS
100
AcDbLine
 10
20.49960414675857
 20
16.504690510974353
 30
0.0
 11
20.95251608296459
 21
19.172844510109048
 31
0.0
  0
LINE
  5
1F2
330
17
100
AcDbEntity
  8
SLOTS
100
AcDbLine
 10
21.198990328095906
 20
19.131006172582975
 30
0.0
 11
20.74607839188989
 21
16.46285217344828
 31
0.0
  0
ARC
  5
1F3
330
17
100
AcDbEntity
  8
SLOTS
100
AcDbCircle
 10
21.075753205530248
 20
19.15192534134601
 30
0.0
 40
0.125
100
AcDbArc
 50
-9.633972741474764
 51
170.36602725852524
  0
ARC
  5
1F4
330
17
100
AcDbEntity
  8
SLOTS
100
AcDbCircle
 10
20.62284126932423
 20
16.483771342211316
 30
0.0
 40
0.125
100
AcDbArc
 50
170.36602725852524
 51
350.36602725852526
  0
LINE
  5
1F5
330
17
100
AcDbEntity
  8
SLOTS
100
AcDbLine
 10
19.467034096676073
 20
14.903242470704196
 30
0.0
 11
20.336278222187524
 21
20.02405515922812
 31
0.0
  0
LINE
  5
1F6
330
17
100
AcDbEntity
  8
SLOTS
100
AcDbLine
 10
20.58275246731884
 20
19.982216821702046
 30
0.0
 11
19.71350834180739
 21
14.861404133178123
 31
0.0
  0
ARC
  5
1F7
330
17
100
AcDbEntity
  8
SLOTS
100
AcDbCircle
 10
20.459515344753182
 20
20.003135990465083
 30
0.0
 40
0.125
100
AcDbArc
 50
-9.633972741474778
 51
170.3660272585252
  0
ARC
  5
1F8
330
17
100
AcDbEntity
  8
SLOTS
100
AcDbCircle
 10
19.590271219241732
 20
14.88232330194116
 30
0.0
 40
0.125
100
AcDbArc
 50
170.3660272585252
 51
350.3660272585252
  0
LINE
  5
1F9
330
17
100
AcDbEntity
  8
SLOTS
100
AcDbLine
 10
18.50340245096774
 20
13.70791814813891
 30
0.0
 11
19.704393435004114
 21
20.78308804501649
 31
0.0
  0
LINE
  5
1FA
330
17
100
AcDbEntity
  8
SLOTS
100
AcDbLine
 10
19.95086768013543
 20
20.741249707490418
 30
0.0
 11
18.749876696099058
 21
13.666079810612837
 31
0.0
  0
ARC
  5
1FB
330
17
100
AcDbEntity
  8
SLOTS
100
AcDbCircle
 10
19.827630557569773
 20
20.762168876253455
 30
0.0
 40
0.125
100
AcDbArc
 50
-9.633972741474778
 51
170.3660272585252
  0
ARC
  5
1FC
330
17
100
AcDbEntity
  8
SLOTS
100
AcDbCircle
 10
18.6266395735334
 20
13.686998979375874
 30
0.0
 40
0.125
100
AcDbArc
 50
170.3660272585252
 51
350.3660272585252
  0
LINE
  5
1FD
330
17
100
AcDbEntity
  8
SLOTS
100
AcDbLine
 10
17.928030450107624
 20
14.799874069901646
 30
0.0
 11
18.876872974061136
 21
20.389609672904232
 31
0.0
  0
LINE
  5
1FE
330
17
100
AcDbEntity
  8
SLOTS
100
AcDbLine
 10
19.123347219192453
 20
20.34777133537816
 30
0.0
 11
18.17450469523894
 21
14.758035732375573
 31
0.0
  0
ARC
  5
1FF
330
17
100
AcDbEntity
  8
SLOTS
100
AcDbCircle
 10
19.000110096626795
 20
20.368690504141195
 30
0.0
 40
0.125
100
AcDbArc
 50
-9.633972741474793
 51
170.3660272585252
  0
ARC
  5
200
330
17
100
AcDbEntity
  8
SLOTS
100
AcDbCircle
 10
18.051267572673282
 20
14.77895490113861
 30
0.0
 40
0.125
100
AcDbArc
 50
170.3660272585252
 51
350.3660272585252
  0
LINE
  5
201
330
17
100
AcDbEntity
  8
SLOTS
100
AcDbLine
 10
17.58812749779728
 20
17.27900403883883
 30
0.0
 11
18.029472928894116
 21
19.87901848501407
 31
0.0
  0
LINE
  5
202
330
17
100
AcDbEntity
  8
SLOTS
100
AcDbLine
 10
18.275947174025433
 20
19.837180147487995
 30
0.0
 11
17.834601742928598
 21
17.237165701312758
 31
0.0
  0
ARC
  5
203
330
17
100
AcDbEntity
  8
SLOTS
100
AcDbCircle
 10
18.152710051459774
 20
19.85809931625103
 30
0.0
 40
0.125
100
AcDbArc
 50
-9.633972741474778
 51
170.3660272585252
  0
ARC
  5
204
330
17
100
AcDbEntity
  8
SLOTS
100
AcDbCircle
 10
17.71136462036294
 20
17.258084870075795
 30
0.0
 40
0.125
100
AcDbArc
 50
170.3660272585252
 51
350.3660272585252
  0
LINE
  5
205
330
17
100
AcDbEntity
  8
SLOTS
100
AcDbLine
 10
22.93378489766663
 20
18.229430203679456
 30
0.0
 11
22.264699045816165
 21
17.53956658722605
 31
0.0
  0
LINE
  5
206
330
17
100
AcDbEntity
  8
SLOTS
100
AcDbLine
 10
22.08524048425285
 20
17.713620098197897
 30
0.0
 11
22.754326336103315
 21
18.4034837146513
 31
0.0
  0
ARC
  5
207
330
17
100
AcDbEntity
  8
SLOTS
100
AcDbCircle
 10
22.174969765034508
 20
17.626593342711974
 30
0.0
 40
0.125
100
AcDbArc
 50
-224.124039933988
 51
-44.124039933988
  0
ARC
  5
208
330
17
100
AcDbEntity
  8
SLOTS
100
AcDbCircle
 10
22.844055616884972
 20
18.31645695916538
 30
0.0
 40
0.125
100
AcDbArc
 50
-44.124039933988
 51
135.875960066012
  0
LINE
  5
209
330
17
100
AcDbEntity
  8
SLOTS
100
AcDbLine
 10
24.272863446773542
 20
18.532837529094223
 30
0.0
 11
22.838533422452635
 21
17.053965879022524
 31
0.0
  0
LINE
  5
20A
330
17
100
AcDbEntity
  8
SLOTS
100
AcDbLine
 10
22.65907486088932
 20
17.22801938999437
 30
0.0
 11
24.093404885210226
 21
18.70689104006607
 31
0.0
  0
ARC
  5
20B
330
17
100
AcDbEntity
  8
SLOTS
100
AcDbCircle
 10
22.748804141670977
 20
17.140992634508446
 30
0.0
 40
0.125
100
AcDbArc
 50
-224.12403993398786
 51
-44.12403993398786
  0
ARC
  5
20C
330
17
100
AcDbEntity
  8
SLOTS
100
AcDbCircle
 10
24.183134165991884
 20
18.619864284580146
 30
0.0
 40
0.125
100
AcDbArc
 50
-44.12403993398786
 51
135.87596006601214
  0
LINE
  5
20D
330
17
100
AcDbEntity
  8
SLOTS
100
AcDbLine
 10
25.611941995880454
 20
18.836244854508987
 30
0.0
 11
23.412367799089104
 21
16.568365170818996
 31
0.0
  0
LINE
  5
20E
330
17
100
AcDbEntity
  8
SLOTS
100
AcDbLine
 10
23.23290923752579
 20
16.74241868179084
 30
0.0
 11
25.432483434317138
 21
19.010298365480832
 31
0.0
  0
ARC
  5
20F
330
17
100
AcDbEntity
  8
SLOTS
100
AcDbCircle
 10
23.322638518307446
 20
16.65539192630492
 30
0.0
 40
0.125
100
AcDbArc
 50
-224.12403993398786
 51
-44.12403993398786
  0
ARC
  5
210
330
17
100
AcDbEntity
  8
SLOTS
100
AcDbCircle
 10
25.522212715098796
 20
18.92327160999491
 30
0.0
 40
0.125
100
AcDbArc
 50
-44.12403993398786
 51
135.87596006601214
  0
LINE
  5
211
330
17
100
AcDbEntity
  8
SLOTS
100
AcDbLine
 10
26.946969684614636
 20
19.135475524299142
 30
0.0
 11
23.98620217572557
 21
16.082764462615472
 31
0.0
  0
LINE
  5
212
330
17
100
AcDbEntity
  8
SLOTS
100
AcDbLine
 10
23.806743614162254
 20
16.256817973587317
 30
0.0
 11
26.76751112305132
 21
19.309529035270987
 31
0.0
  0
ARC
  5
213
330
17
100
AcDbEntity
  8
SLOTS
100
AcDbCircle
 10
23.896472894943912
 20
16.169791218101395
 30
0.0
 40
0.125
100
AcDbArc
 50
-224.12403993398792
 51
-44.124039933987916
  0
ARC
  5
214
330
17
100
AcDbEntity
  8
SLOTS
100
AcDbCircle
 10
26.85724040383298
 20
19.222502279785065
 30
0.0
 40
0.125
100
AcDbArc
 50
-44.124039933987916
 51
135.87596006601208
  0
LINE
  5
215
330
17
100
AcDbEntity
  8
SLOTS
100
AcDbLine
 10
27.30453201015133
 20
18.426886661590693
 30
0.0
 11
24.560036552362043
 21
15.597163754411943
 31
0.0
  0
LINE
  5
216
330
17
100
AcDbEntity
  8
SLOTS
100
AcDbLine
 10
24.380577990798727
 20
15.771217265383788
 30
0.0
 11
27.125073448588015
 21
18.600940172562538
 31
0.0
  0
ARC
  5
217
330
17
100
AcDbEntity
  8
SLOTS
100
AcDbCircle
 10
24.470307271580385
 20
15.684190509897865
 30
0.0
 40
0.125
100
AcDbArc
 50
-224.12403993398786
 51
-44.12403993398786
  0
ARC
  5
218
330
17
100
AcDbEntity
  8
SLOTS
100
AcDbCircle
 10
27.214802729369673
 20
18.513913417076616
 30
0.0
 40
0.125
100
AcDbArc
 50
-44.12403993398786
 51
135.87596006601214
  0
LINE
  5
219
330
17
100
AcDbEntity
  8
SLOTS
100
AcDbLine
 10
27.66209433568802
 20
17.71829779888225
 30
0.0
 11
25.13387092899851
 21
15.111563046208417
 31
0.0
  0
LINE
  5
21A
330
17
100
AcDbEntity
  8
SLOTS
100
AcDbLine
 10
24.954412367435193
 20
15.285616557180262
 30
0.0
 11
27.482635774124706
 21
17.892351309854096
 31
0.0
  0
ARC
  5
21B
330
17
100
AcDbEntity
  8
SLOTS
100
AcDbCircle
 10
25.04414164821685
 20
15.19858980169434
 30
0.0
 40
0.125
100
AcDbArc
 50
-224.12403993398783
 51
-44.12403993398783
  0
ARC
  5
21C
330
17
100
AcDbEntity
  8
SLOTS
100
AcDbCircle
 10
27.572365054906363
 20
17.805324554368173
 30
0.0
 40
0.125
100
AcDbArc
 50
-44.12403993398783
 51
135.87596006601217
  0
LINE
  5
21D
330
17
100
AcDbEntity
  8
SLOTS
100
AcDbLine
 10
28.019656661224715
 20
17.009708936173805
 30
0.0
 11
25.707705305634978
 21
14.625962338004893
 31
0.0
  0
LINE
  5
21E
330
17
100
AcDbEntity
  8
SLOTS
100
AcDbLine
 10
25.528246744071662
 20
14.800015848976738
 30
0.0
 11
27.8401980996614
 21
17.18376244714565
 31
0.0
  0
ARC
  5
21F
330
17
100
AcDbEntity
  8
SLOTS
100
AcDbCircle
 10
25.61797602485332
 20
14.712989093490815
 30
0.0
 40
0.125
100
AcDbArc
 50
-224.12403993398786
 51
-44.12403993398786
  0
ARC
  5
220
330
17
100
AcDbEntity
  8
SLOTS
100
AcDbCircle
 10
27.929927380443058
 20
17.096735691659728
 30
0.0
 40
0.125
100
AcDbArc
 50
-44.12403993398786
 51
135.87596006601214
  0
LINE
  5
221
330
17
100
AcDbEntity
  8
SLOTS
100
AcDbLine
 10
28.37721898676141
 20
16.301120073465356
 30
0.0
 11
26.281539682271447
 21
14.140361629801363
 31
0.0
  0
LINE
  5
222
330
17
100
AcDbEntity
  8
SLOTS
100
AcDbLine
 10
26.10208112070813
 20
14.314415140773209
 30
0.0
 11
28.197760425198094
 21
16.4751735844372
 31
0.0
  0
ARC
  5
223
330
17
100
AcDbEntity
  8
SLOTS
100
AcDbCircle
 10
26.19181040148979
 20
14.227388385287286
 30
0.0
 40
0.125
100
AcDbArc
 50
-224.1240399339879
 51
-44.12403993398789
  0
ARC
  5
224
330
17
100
AcDbEntity
  8
SLOTS
100
AcDbCircle
 10
28.287489705979752
 20
16.388146828951278
 30
0.0
 40
0.125
100
AcDbArc
 50
-44.12403993398789
 51
135.8759600660121
  0
LINE
  5
225
330
17
100
AcDbEntity
  8
SLOTS
100
AcDbLine
 10
28.7347813122981
 20
15.592531210756912
 30
0.0
 11
26.855374058907913
 21
13.65476092159784
 31
0.0
  0
LINE
  5
226
330
17
100
AcDbEntity
  8
SLOTS
100
AcDbLine
 10
26.675915497344597
 20
13.828814432569684
 30
0.0
 11
28.555322750734785
 21
15.766584721728757
 31
0.0
  0
ARC
  5
227
330
17
100
AcDbEntity
  8
SLOTS
100
AcDbCircle
 10
26.765644778126255
 20
13.741787677083762
 30
0.0
 40
0.125
100
AcDbArc
 50
-224.1240399339879
 51
-44.12403993398789
  0
ARC
  5
228
330
17
100
AcDbEntity
  8
SLOTS
100
AcDbCircle
 10
28.645052031516443
 20
15.679557966242834
 30
0.0
 40
0.125
100
AcDbArc
 50
-44.12403993398789
 51
135.8759600660121
  0
LINE
  5
229
330
17
100
AcDbEntity
  8
SLOTS
100
AcDbLine
 10
29.092343637834794
 20
14.883942348048464
 30
0.0
 11
27.429208435544385
 21
13.169160213394312
 31
0.0
  0
LINE
  5
22A
330
17
100
AcDbEntity
  8
SLOTS
100
AcDbLine
 10
27.24974987398107
 20
13.343213724366157
 30
0.0
 11
28.91288507627148
 21
15.05799585902031
 31
0.0
  0
ARC
  5
22B
330
17
100
AcDbEntity
  8
SLOTS
100
AcDbCircle
 10
27.339479154762728
 20
13.256186968880234
 30
0.0
 40
0.125
100
AcDbArc
 50
-224.12403993398783
 51
-44.12403993398783
  0
ARC
  5
22C
330
17
100
AcDbEntity
  8
SLOTS
100
AcDbCircle
 10
29.002614357053137
 20
14.970969103534387
 30
0.0
 40
0.125
100
AcDbArc
 50
-44.12403993398783
 51
135.87596006601217
  0
LINE
  5
22D
330
17
100
AcDbEntity
  8
SLOTS
100
AcDbLine
 10
28.880971555661546
 20
13.588751411866081
 30
0.0
 11
28.00304281218085
 21
12.683559505190786
 31
0.0
  0
LINE
  5
22E
330
17
100
AcDbEntity
  8
SLOTS
100
AcDbLine
 10
27.823584250617536
 20
12.857613016162631
 30
0.0
 11
28.70151299409823
 21
13.762804922837926
 31
0.0
  0
ARC
  5
22F
330
17
100
AcDbEntity
  8
SLOTS
100
AcDbCircle
 10
27.913313531399194
 20
12.770586260676708
 30
0.0
 40
0.125
100
AcDbArc
 50
-224.12403993398794
 51
-44.124039933987945
  0
ARC
  5
230
330
17
100
AcDbEntity
  8
SLOTS
100
AcDbCircle
 10
28.791242274879888
 20
13.675778167352004
 30
0.0
 40
0.125
100
AcDbArc
 50
-44.124039933987945
 51
135.87596006601206
  0
LINE
  5
231
330
17
100
AcDbEntity
  8
SLOTS
100
AcDbLine
 10
30.269432463967377
 20
15.370439623662815
 30
0.0
 11
30.728474359265277
 21
15.213947436207961
 31
0.0
  0
LINE
  5
232
330
17
100
AcDbEntity
  8
SLOTS
100
AcDbLine
 10
30.647805585343676
 20
14.97731998870031
 30
0.0
 11
30.188763690045775
 21
15.133812176155164
 31
0.0
  0
ARC
  5
233
330
17
100
AcDbEntity
  8
SLOTS
100
AcDbCircle
 10
30.688139972304477
 20
15.095633712454136
 30
0.0
 40
0.125
100
AcDbArc
 50
-108.82478071547808
 51
71.17521928452192
  0
ARC
  5
234
330
17
100
AcDbEntity
  8
SLOTS
100
AcDbCircle
 10
30.229098077006576
 20
15.25212589990899
 30
0.0
 40
0.125
100
AcDbArc
 50
71.17521928452192
 51
251.17521928452192
  0
LINE
  5
235
330
17
100
AcDbEntity
  8
SLOTS
100
AcDbLine
 10
30.927763901813936
 20
15.938392375933988
 30
0.0
 11
32.50848057425958
 21
15.399509515020299
 31
0.0
  0
LINE
  5
236
330
17
100
AcDbEntity
  8
SLOTS
100
AcDbLine
 10
32.42781180033798
 20
15.162882067512648
 30
0.0
 11
30.847095127892334
 21
15.701764928426337
 31
0.0
  0
ARC
  5
237
330
17
100
AcDbEntity
  8
SLOTS
100
AcDbCircle
 10
32.46814618729878
 20
15.281195791266473
 30
0.0
 40
0.125
100
AcDbArc
 50
-108.82478071547804
 51
71.17521928452196
  0
ARC
  5
238
330
17
100
AcDbEntity
  8
SLOTS
100
AcDbCircle
 10
30.887429514853135
 20
15.820078652180163
 30
0.0
 40
0.125
100
AcDbArc
 50
71.17521928452196
 51
251.17521928452194
  0
LINE
  5
239
330
17
100
AcDbEntity
  8
SLOTS
100
AcDbLine
 10
31.586095339660496
 20
16.50634512820516
 30
0.0
 11
34.28848678925389
 21
15.585071593832637
 31
0.0
  0
LINE
  5
23A
330
17
100
AcDbEntity
  8
SLOTS
100
AcDbLine
 10
34.207818015332286
 20
15.348444146324987
 30
0.0
 11
31.505426565738894
 21
16.26971768069751
 31
0.0
  0
ARC
  5
23B
330
17
100
AcDbEntity
  8
SLOTS
100
AcDbCircle
 10
34.24815240229309
 20
15.466757870078812
 30
0.0
 40
0.125
100
AcDbArc
 50
-108.82478071547796
 51
71.17521928452204
  0
ARC
  5
23C
330
17
100
AcDbEntity
  8
SLOTS
100
AcDbCircle
 10
31.545760952699695
 20
16.388031404451336
 30
0.0
 40
0.125
100
AcDbArc
 50
71.17521928452204
 51
251.17521928452203
  0
LINE
  5
23D
330
17
100
AcDbEntity
  8
SLOTS
100
AcDbLine
 10
32.24442677750706
 20
17.074297880476337
 30
0.0
 11
34.9153343869608
 21
16.163757516786923
 31
0.0
  0
LINE
  5
23E
330
17
100
AcDbEntity
  8
SLOTS
100
AcDbLine
 10
34.8346656130392
 20
15.927130069279272
 30
0.0
 11
32.16375800358546
 21
16.837670432968686
 31
0.0
  0
ARC
  5
23F
330
17
100
AcDbEntity
  8
SLOTS
100
AcDbCircle
 10
34.875
 20
16.045443793033098
 30
0.0
 40
0.125
100
AcDbArc
 50
-108.82478071547803
 51
71.17521928452197
  0
ARC
  5
240
330
17
100
AcDbEntity
  8
SLOTS
100
AcDbCircle
 10
32.20409239054626
 20
16.95598415672251
 30
0.0
 40
0.125
100
AcDbArc
 50
71.17521928452197
 51
251.17521928452197
  0
LINE
  5
241
330
17
100
AcDbEntity
  8
SLOTS
100
AcDbLine
 10
32.902758215353614
 20
17.64225063274751
 30
0.0
 11
34.9153343869608
 21
16.956142347772936
 31
0.0
  0
LINE
  5
242
330
17
100
AcDbEntity
  8
SLOTS
100
AcDbLine
 10
34.8346656130392
 20
16.719514900265285
 30
0.0
 11
32.82208944143201
 21
17.405623185239858
 31
0.0
  0
ARC
  5
243
330
17
100
AcDbEntity
  8
SLOTS
100
AcDbCircle
 10
34.875
 20
16.83782862401911
 30
0.0
 40
0.125
100
AcDbArc
 50
-108.82478071547791
 51
71.17521928452209
  0
ARC
  5
244
330
17
100
AcDbEntity
  8
SLOTS
100
AcDbCircle
 10
32.862423828392814
 20
17.523936908993683
 30
0.0
 40
0.125
100
AcDbArc
 50
71.17521928452209
 51
251.1752192845221
  0
LINE
  5
245
330
17
100
AcDbEntity
  8
SLOTS
100
AcDbLine
 10
33.56108965320018
 20
18.210203385018684
 30
0.0
 11
34.9153343869608
 21
17.748527178758945
 31
0.0
  0
LINE
  5
246
330
17
100
AcDbEntity
  8
SLOTS
100
AcDbLine
 10
34.8346656130392
 20
17.511899731251294
 30
0.0
 11
33.480420879278576
 21
17.973575937511033
 31
0.0
  0
ARC
  5
247
330
17
100
AcDbEntity
  8
SLOTS
100
AcDbCircle
 10
34.875
 20
17.63021345500512
 30
0.0
 40
0.125
100
AcDbArc
 50
-108.82478071547804
 51
71.17521928452196
  0
ARC
  5
248
330
17
100
AcDbEntity
  8
SLOTS
100
AcDbCircle
 10
33.52075526623938
 20
18.091889661264858
 30
0.0
 40
0.125
100
AcDbArc
 50
71.17521928452196
 51
251.17521928452197
  0
LINE
  5
249
330
17
100
AcDbEntity
  8
SLOTS
100
AcDbLine
 10
34.21942109104673
 20
18.778156137289855
 30
0.0
 11
34.9153343869608
 21
18.540912009744957
 31
0.0
  0
LINE
  5
24A
330
17
100
AcDbEntity
  8
SLOTS
100
AcDbLine
 10
34.8346656130392
 20
18.304284562237306
 30
0.0
 11
34.13875231712513
 21
18.541528689782204
 31
0.0
  0
ARC
  5
24B
330
17
100
AcDbEntity
  8
SLOTS
100
AcDbCircle
 10
34.875
 20
18.422598285991132
 30
0.0
 40
0.125
100
AcDbArc
 50
-108.8247807154777
 51
71.1752192845223
  0
ARC
  5
24C
330
17
100
AcDbEntity
  8
SLOTS
100
AcDbCircle
 10
34.17908670408593
 20
18.65984241353603
 30
0.0
 40
0.125
100
AcDbArc
 50
71.1752192845223
 51
251.1752192845223
  0
LINE
  5
24D
330
17
100
AcDbEntity
  8
SLOTS
100
AcDbLine
 10
34.877752528893296
 20
19.346108889561034
 30
0.0
 11
34.9153343869608
 21
19.33329684073097
 31
0.0
  0
LINE
  5
24E
330
17
100
AcDbEntity
  8
SLOTS
100
AcDbLine
 10
34.8346656130392
 20
19.09666939322332
 30
0.0
 11
34.797083754971695
 21
19.109481442053383
 31
0.0
  0
ARC
  5
24F
330
17
100
AcDbEntity
  8
SLOTS
100
AcDbCircle
 10
34.875
 20
19.214983116977145
 30
0.0
 40
0.125
100
AcDbArc
 50
-108.8247807154785
 51
71.1752192845215
  0
ARC
  5
250
330
17
100
AcDbEntity
  8
SLOTS
100
AcDbCircle
 10
34.837418141932496
 20
19.22779516580721
 30
0.0
 40
0.125
100
AcDbArc
 50
71.1752192845215
 51
251.17521928452152
  0
LINE
  5
251
330
17
100
AcDbEntity
  8
SLOTS
100
AcDbLine
 10
26.18240528336859
 20
22.55331343557807
 30
0.0
 11
21.356168220026056
 21
20.013347765703493
 31
0.0
  0
LINE
  5
252
330
17
100
AcDbEntity
  8
SLOTS
100
AcDbLine
 10
21.239737322929386
 20
20.234580327053003
 30
0.0
 11
26.065974386271918
 21
22.77454599692758
 31
0.0
  0
ARC
  5
253
330
17
100
AcDbEntity
  8
SLOTS
100
AcDbCircle
 10
21.29795277147772
 20
20.123964046378248
 30
0.0
 40
0.125
100
AcDbArc
 50
-242.2429384977005
 51
-62.24293849770049
  0
ARC
  5
254
330
17
100
AcDbEntity
  8
SLOTS
100
AcDbCircle
 10
26.124189834820253
 20
22.663929716252824
 30
0.0
 40
0.125
100
AcDbArc
 50
-62.24293849770049
 51
117.7570615022995
  0
LINE
  5
255
330
17
100
AcDbEntity
  8
SLOTS
100
AcDbLine
 10
26.720554248340363
 20
21.98900756452927
 30
0.0
 11
21.800460067207197
 21
19.39964650567302
 31
0.0
  0
LINE
  5
256
330
17
100
AcDbEntity
  8
SLOTS
100
AcDbLine
 10
21.684029170110527
 20
19.62087906702253
 30
0.0
 11
26.604123351243693
 21
22.21024012587878
 31
0.0
  0
ARC
  5
257
330
17
100
AcDbEntity
  8
SLOTS
100
AcDbCircle
 10
21.742244618658862
 20
19.510262786347774
 30
0.0
 40
0.125
100
AcDbArc
 50
-242.2429384977005
 51
-62.24293849770049
  0
ARC
  5
258
330
17
100
AcDbEntity
  8
SLOTS
100
AcDbCircle
 10
26.66233879979203
 20
22.099623845204025
 30
0.0
 40
0.125
100
AcDbArc
 50
-62.24293849770049
 51
117.7570615022995
  0
LINE
  5
259
330
17
100
AcDbEntity
  8
SLOTS
100
AcDbLine
 10
27.258703213312135
 20
21.42470169348047
 30
0.0
 11
22.37797063598129
 21
18.85605597062138
 31
0.0
  0
LINE
  5
25A
330
17
100
AcDbEntity
  8
SLOTS
100
AcDbLine
 10
22.26153973888462
 20
19.07728853197089
 30
0.0
 11
27.142272316215465
 21
21.645934254829978
 31
0.0
  0
ARC
  5
25B
330
17
100
AcDbEntity
  8
SLOTS
100
AcDbCircle
 10
22.319755187432953
 20
18.966672251296135
 30
0.0
 40
0.125
100
AcDbArc
 50
-242.2429384977005
 51
-62.24293849770049
  0
ARC
  5
25C
330
17
100
AcDbEntity
  8
SLOTS
100
AcDbCircle
 10
27.2004877647638
 20
21.535317974155223
 30
0.0
 40
0.125
100
AcDbArc
 50
-62.24293849770049
 51
117.7570615022995
  0
LINE
  5
25D
330
17
100
AcDbEntity
  8
SLOTS
100
AcDbLine
 10
27.048831981769673
 20
20.46672564117391
 30
0.0
 11
25.205845631220047
 21
19.496793580438908
 31
0.0
  0
LINE
  5
25E
330
17
100
AcDbEntity
  8
SLOTS
100
AcDbLine
 10
25.089414734123377
 20
19.718026141788418
 30
0.0
 11
26.932401084673003
 21
20.68795820252342
 31
0.0
  0
ARC
  5
25F
330
17
100
AcDbEntity
  8
SLOTS
100
AcDbCircle
 10
25.147630182671712
 20
19.607409861113663
 30
0.0
 40
0.125
100
AcDbArc
 50
-242.24293849770058
 51
-62.24293849770058
  0
ARC
  5
260
330
17
100
AcDbEntity
  8
SLOTS
100
AcDbCircle
 10
26.99061653322134
 20
20.577341921848664
 30
0.0
 40
0.125
100
AcDbArc
 50
-62.24293849770058
 51
117.75706150229942
  0
LINE
  5
261
330
17
100
AcDbEntity
  8
SLOTS
100
AcDbLine
 10
33.20562014307379
 20
22.82012449004118
 30
0.0
 11
32.21729659500659
 21
23.570167755991402
 31
0.0
  0
LINE
  5
262
330
17
100
AcDbEntity
  8
SLOTS
100
AcDbLine
 10
32.36842909679322
 20
23.769313348219082
 30
0.0
 11
33.35675264486042
 21
23.01927008226886
 31
0.0
  0
ARC
  5
263
330
17
100
AcDbEntity
  8
SLOTS
100
AcDbCircle
 10
32.292862845899904
 20
23.669740552105242
 30
0.0
 40
0.125
100
AcDbArc
 50
52.80497087428074
 51
232.80497087428074
  0
ARC
  5
264
330
17
100
AcDbEntity
  8
SLOTS
100
AcDbCircle
 10
33.281186393967104
 20
22.91969728615502
 30
0.0
 40
0.125
100
AcDbArc
 50
232.80497087428074
 51
412.80497087428074
  0
LINE
  5
265
330
17
100
AcDbEntity
  8
SLOTS
100
AcDbLine
 10
34.05330263297812
 20
21.23529214758526
 30
0.0
 11
31.505749585027317
 21
23.168641820375342
 31
0.0
  0
LINE
  5
266
330
17
100
AcDbEntity
  8
SLOTS
100
AcDbLine
 10
31.65688208681395
 20
23.367787412603022
 30
0.0
 11
34.20443513476475
 21
21.43443773981294
 31
0.0
  0
ARC
  5
267
330
17
100
AcDbEntity
  8
SLOTS
100
AcDbCircle
 10
31.581315835920634
 20
23.268214616489182
 30
0.0
 40
0.125
100
AcDbArc
 50
52.8049708742808
 51
232.8049708742808
  0
ARC
  5
268
330
17
100
AcDbEntity
  8
SLOTS
100
AcDbCircle
 10
34.128868883871434
 20
21.3348649436991
 30
0.0
 40
0.125
100
AcDbArc
 50
232.8049708742808
 51
412.8049708742808
  0
LINE
  5
269
330
17
100
AcDbEntity
  8
SLOTS
100
AcDbLine
 10
34.53818229170581
 20
19.92579253490581
 30
0.0
 11
30.794202575048047
 21
22.767115884759278
 31
0.0
  0
LINE
  5
26A
330
17
100
AcDbEntity
  8
SLOTS
100
AcDbLine
 10
30.94533507683468
 20
22.966261476986958
 30
0.0
 11
34.68931479349244
 21
20.12493812713349
 31
0.0
  0
ARC
  5
26B
330
17
100
AcDbEntity
  8
SLOTS
100
AcDbCircle
 10
30.869768825941364
 20
22.866688680873118
 30
0.0
 40
0.125
100
AcDbArc
 50
52.804970874280855
 51
232.80497087428085
  0
ARC
  5
26C
330
17
100
AcDbEntity
  8
SLOTS
100
AcDbCircle
 10
34.613748542599126
 20
20.02536533101965
 30
0.0
 40
0.125
100
AcDbArc
 50
232.80497087428085
 51
412.80497087428085
  0
LINE
  5
26D
330
17
100
AcDbEntity
  8
SLOTS
100
AcDbLine
 10
33.95757637969457
 20
19.42489480049053
 30
0.0
 11
30.08265556506877
 21
22.365589949143214
 31
0.0
  0
LINE
  5
26E
330
17
100
AcDbEntity
  8
SLOTS
100
AcDbLine
 10
30.233788066855404
 20
22.564735541370894
 30
0.0
 11
34.108708881481206
 21
19.62404039271821
 31
0.0
  0
ARC
  5
26F
330
17
100
AcDbEntity
  8
SLOTS
100
AcDbCircle
 10
30.158221815962087
 20
22.465162745257054
 30
0.0
 40
0.125
100
AcDbArc
 50
52.804970874280826
 51
232.80497087428083
  0
ARC
  5
270
330
17
100
AcDbEntity
  8
SLOTS
100
AcDbCircle
 10
34.03314263058789
 20
19.52446759660437
 30
0.0
 40
0.125
100
AcDbArc
 50
232.80497087428083
 51
412.8049708742808
  0
LINE
  5
271
330
17
100
AcDbEntity
  8
SLOTS
100
AcDbLine
 10
33.37697046768335
 20
18.92399706607526
 30
0.0
 11
29.3711085550895
 21
21.964064013527153
 31
0.0
  0
LINE
  5
272
330
17
100
AcDbEntity
  8
SLOTS
100
AcDbLine
 10
29.522241056876133
 20
22.163209605754833
 30
0.0
 11
33.528102969469984
 21
19.12314265830294
 31
0.0
  0
ARC
  5
273
330
17
100
AcDbEntity
  8
SLOTS
100
AcDbCircle
 10
29.446674805982816
 20
22.063636809640993
 30
0.0
 40
0.125
100
AcDbArc
 50
52.80497087428088
 51
232.80497087428088
  0
ARC
  5
274
330
17
100
AcDbEntity
  8
SLOTS
100
AcDbCircle
 10
33.45253671857667
 20
19.0235698621891
 30
0.0
 40
0.125
100
AcDbArc
 50
232.80497087428088
 51
412.8049708742809
  0
LINE
  5
275
330
17
100
AcDbEntity
  8
SLOTS
100
AcDbLine
 10
32.79636455567212
 20
18.423099331659984
 30
0.0
 11
28.65956154511023
 21
21.562538077911093
 31
0.0
  0
LINE
  5
276
330
17
100
AcDbEntity
  8
SLOTS
100
AcDbLine
 10
28.810694046896863
 20
21.761683670138773
 30
0.0
 11
32.947497057458754
 21
18.622244923887664
 31
0.0
  0
ARC
  5
277
330
17
100
AcDbEntity
  8
SLOTS
100
AcDbCircle
 10
28.735127796003546
 20
21.662110874024933
 30
0.0
 40
0.125
100
AcDbArc
 50
52.804970874280855
 51
232.80497087428085
  0
ARC
  5
278
330
17
100
AcDbEntity
  8
SLOTS
100
AcDbCircle
 10
32.87193080656544
 20
18.522672127773824
 30
0.0
 40
0.125
100
AcDbArc
 50
232.80497087428085
 51
412.80497087428085
  0
LINE
  5
279
330
17
100
AcDbEntity
  8
SLOTS
100
AcDbLine
 10
32.21575864366089
 20
17.92220159724471
 30
0.0
 11
27.95492021643426
 21
21.15577138913432
 31
0.0
  0
LINE
  5
27A
330
17
100
AcDbEntity
  8
SLOTS
100
AcDbLine
 10
28.106052718220894
 20
21.354916981362
 30
0.0
 11
32.366891145447525
 21
18.12134718947239
 31
0.0
  0
ARC
  5
27B
330
17
100
AcDbEntity
  8
SLOTS
100
AcDbCircle
 10
28.030486467327577
 20
21.25534418524816
 30
0.0
 40
0.125
100
AcDbArc
 50
52.804970874280855
 51
232.80497087428085
  0
ARC
  5
27C
330
17
100
AcDbEntity
  8
SLOTS
100
AcDbCircle
 10
32.29132489455421
 20
18.02177439335855
 30
0.0
 40
0.125
100
AcDbArc
 50
232.80497087428085
 51
412.80497087428085
  0
LINE
  5
27D
330
17
100
AcDbEntity
  8
SLOTS
100
AcDbLine
 10
31.63515273164966
 20
17.421303862829436
 30
0.0
 11
27.68953433118238
 21
20.41565173308633
 31
0.0
  0
LINE
  5
27E
330
17
100
AcDbEntity
  8
SLOTS
100
AcDbLine
 10
27.840666832969013
 20
20.61479732531401
 30
0.0
 11
31.786285233436296
 21
17.620449455057116
 31
0.0
  0
ARC
  5
27F
330
17
100
AcDbEntity
  8
SLOTS
100
AcDbCircle
 10
27.765100582075696
 20
20.51522452920017
 30
0.0
 40
0.125
100
AcDbArc
 50
52.804970874280855
 51
232.80497087428085
  0
ARC
  5
280
330
17
100
AcDbEntity
  8
SLOTS
100
AcDbCircle
 10
31.71071898254298
 20
17.520876658943276
 30
0.0
 40
0.125
100
AcDbArc
 50
232.80497087428085
 51
412.80497087428085
  0
LINE
  5
281
330
17
100
AcDbEntity
  8
SLOTS
100
AcDbLine
 10
31.054546819638432
 20
16.92040612841416
 30
0.0
 11
27.4241484459305
 21
19.67553207703834
 31
0.0
  0
LINE
  5
282
330
17
100
AcDbEntity
  8
SLOTS
100
AcDbLine
 10
27.575280947717133
 20
19.87467766926602
 30
0.0
 11
31.205679321425066
 21
17.11955172064184
 31
0.0
  0
ARC
  5
283
330
17
100
AcDbEntity
  8
SLOTS
100
AcDbCircle
 10
27.499714696823816
 20
19.77510487315218
 30
0.0
 40
0.125
100
AcDbArc
 50
52.80497087428088
 51
232.80497087428088
  0
ARC
  5
284
330
17
100
AcDbEntity
  8
SLOTS
100
AcDbCircle
 10
31.13011307053175
 20
17.019978924528
 30
0.0
 40
0.125
100
AcDbArc
 50
232.80497087428088
 51
412.8049708742809
  0
LINE
  5
285
330
17
100
AcDbEntity
  8
SLOTS
100
AcDbLine
 10
30.473940907627203
 20
16.419508393998886
 30
0.0
 11
28.062441325425446
 21
18.249606468672315
 31
0.0
  0
LINE
  5
286
330
17
100
AcDbEntity
  8
SLOTS
100
AcDbLine
 10
28.21357382721208
 20
18.448752060899995
 30
0.0
 11
30.625073409413837
 21
16.618653986226565
 31
0.0
  0
ARC
  5
287
330
17
100
AcDbEntity
  8
SLOTS
100
AcDbCircle
 10
28.138007576318763
 20
18.349179264786155
 30
0.0
 40
0.125
100
AcDbArc
 50
52.804970874280826
 51
232.80497087428083
  0
ARC
  5
288
330
17
100
AcDbEntity
  8
SLOTS
100
AcDbCircle
 10
30.54950715852052
 20
16.519081190112725
 30
0.0
 40
0.125
100
AcDbArc
 50
232.80497087428083
 51
412.8049708742808
  0
LINE
  5
289
330
17
100
AcDbEntity
  8
SLOTS
100
AcDbLine
 10
29.893334995615973
 20
15.91861065958361
 30
0.0
 11
28.83240319548874
 21
16.723756660479836
 31
0.0
  0
LINE
  5
28A
330
17
100
AcDbEntity
  8
SLOTS
100
AcDbLine
 10
28.983535697275375
 20
16.922902252707516
 30
0.0
 11
30.044467497402607
 21
16.11775625181129
 31
0.0
  0
ARC
  5
28B
330
17
100
AcDbEntity
  8
SLOTS
100
AcDbCircle
 10
28.907969446382058
 20
16.823329456593676
 30
0.0
 40
0.125
100
AcDbArc
 50
52.8049708742808
 51
232.8049708742808
  0
ARC
  5
28C
330
17
100
AcDbEntity
  8
SLOTS
100
AcDbCircle
 10
29.96890124650929
 20
16.01818345569745
 30
0.0
 40
0.125
100
AcDbArc
 50
232.8049708742808
 51
412.8049708742808
  0
LINE
  5
28D
330
17
100
AcDbEntity
  8
SLOTS
100
AcDbLine
 10
24.546240868346505
 20
24.175858304746107
 30
0.0
 11
24.476249785132012
 21
24.45126061058479
 31
0.0
  0
LINE
  5
28E
330
17
100
AcDbEntity
  8
SLOTS
100
AcDbLine
 10
24.718547474436747
 20
24.512838445538506
 30
0.0
 11
24.78853855765124
 21
24.237436139699824
 31
0.0
  0
ARC
  5
28F
330
17
100
AcDbEntity
  8
SLOTS
100
AcDbCircle
 10
24.59739862978438
 20
24.482049528061648
 30
0.0
 40
0.125
100
AcDbArc
 50
14.259343079403479
 51
194.2593430794035
  0
ARC
  5
290
330
17
100
AcDbEntity
  8
SLOTS
100
AcDbCircle
 10
24.667389712998872
 20
24.206647222222966
 30
0.0
 40
0.125
100
AcDbArc
 50
194.2593430794035
 51
374.2593430794035
  0
LINE
  5
291
330
17
100
AcDbEntity
  8
SLOTS
100
AcDbLine
 10
23.811436722482814
 20
24.022253466693602
 30
0.0
 11
23.442905306328203
 21
25.47235821034984
 31
0.0
  0
LINE
  5
292
330
17
100
AcDbEntity
  8
SLOTS
100
AcDbLine
 10
23.685202995632938
 20
25.533936045303555
 30
0.0
 11
24.05373441178755
 21
24.08383130164732
 31
0.0
  0
ARC
  5
293
330
17
100
AcDbEntity
  8
SLOTS
100
AcDbCircle
 10
23.56405415098057
 20
25.503147127826697
 30
0.0
 40
0.125
100
AcDbArc
 50
14.259343079403465
 51
194.25934307940346
  0
ARC
  5
294
330
17
100
AcDbEntity
  8
SLOTS
100
AcDbCircle
 10
23.93258556713518
 20
24.05304238417046
 30
0.0
 40
0.125
100
AcDbArc
 50
194.25934307940346
 51
374.2593430794035
  0
LINE
  5
295
330
17
100
AcDbEntity
  8
SLOTS
100
AcDbLine
 10
23.07663257661912
 20
23.868648628641097
 30
0.0
 11
22.409560827524395
 21
26.49345581011489
 31
0.0
  0
LINE
  5
296
330
17
100
AcDbEntity
  8
SLOTS
100
AcDbLine
 10
22.65185851682913
 20
26.555033645068608
 30
0.0
 11
23.318930265923854
 21
23.930226463594813
 31
0.0
  0
ARC
  5
297
330
17
100
AcDbEntity
  8
SLOTS
100
AcDbCircle
 10
22.530709672176762
 20
26.52424472759175
 30
0.0
 40
0.125
100
AcDbArc
 50
14.25934307940338
 51
194.25934307940338
  0
ARC
  5
298
330
17
100
AcDbEntity
  8
SLOTS
100
AcDbCircle
 10
23.197781421271486
 20
23.899437546117955
 30
0.0
 40
0.125
100
AcDbArc
 50
194.25934307940338
 51
374.2593430794034
  0
LINE
  5
299
330
17
100
AcDbEntity
  8
SLOTS
100
AcDbLine
 10
22.34182843075543
 20
23.715043790588595
 30
0.0
 11
21.376216348720586
 21
27.514553409879937
 31
0.0
  0
LINE
  5
29A
330
17
100
AcDbEntity
  8
SLOTS
100
AcDbLine
 10
21.61851403802532
 20
27.576131244833654
 30
0.0
 11
22.584126120060166
 21
23.77662162554231
 31
0.0
  0
ARC
  5
29B
330
17
100
AcDbEntity
  8
SLOTS
100
AcDbCircle
 10
21.497365193372953
 20
27.545342327356796
 30
0.0
 40
0.125
100
AcDbArc
 50
14.259343079403479
 51
194.2593430794035
  0
ARC
  5
29C
330
17
100
AcDbEntity
  8
SLOTS
100
AcDbCircle
 10
22.4629772754078
 20
23.745832708065453
 30
0.0
 40
0.125
100
AcDbArc
 50
194.2593430794035
 51
374.2593430794035
  0
LINE
  5
29D
330
17
100
AcDbEntity
  8
SLOTS
100
AcDbLine
 10
21.607024284891736
 20
23.56143895253609
 30
0.0
 11
20.629720676074683
 21
27.406952623868293
 31
0.0
  0
LINE
  5
29E
330
17
100
AcDbEntity
  8
SLOTS
100
AcDbLine
 10
20.872018365379418
 20
27.46853045882201
 30
0.0
 11
21.84932197419647
 21
23.623016787489806
 31
0.0
  0
ARC
  5
29F
330
17
100
AcDbEntity
  8
SLOTS
100
AcDbCircle
 10
20.75086952072705
 20
27.43774154134515
 30
0.0
 40
0.125
100
AcDbArc
 50
14.259343079403436
 51
194.25934307940344
  0
ARC
  5
2A0
330
17
100
AcDbEntity
  8
SLOTS
100
AcDbCircle
 10
21.728173129544103
 20
23.592227870012948
 30
0.0
 40
0.125
100
AcDbArc
 50
194.25934307940344
 51
374.25934307940344
  0
LINE
  5
2A1
330
17
100
AcDbEntity
  8
SLOTS
100
AcDbLine
 10
20.872220139028045
 20
23.407834114483585
 30
0.0
 11
19.954077325399147
 21
27.020560712637646
 31
0.0
  0
LINE
  5
2A2
330
17
100
AcDbEntity
  8
SLOTS
100
AcDbLine
 10
20.196375014703882
 20
27.082138547591363
 30
0.0
 11
21.11451782833278
 21
23.4694119494373
 31
0.0
  0
ARC
  5
2A3
330
17
100
AcDbEntity
  8
SLOTS
100
AcDbCircle
 10
20.075226170051515
 20
27.051349630114505
 30
0.0
 40
0.125
100
AcDbArc
 50
14.259343079403507
 51
194.2593430794035
  0
ARC
  5
2A4
330
17
100
AcDbEntity
  8
SLOTS
100
AcDbCircle
 10
20.993368983680412
 20
23.438623031960443
 30
0.0
 40
0.125
100
AcDbArc
 50
194.2593430794035
 51
374.2593430794035
  0
LINE
  5
2A5
330
17
100
AcDbEntity
  8
SLOTS
100
AcDbLine
 10
20.137415993164353
 20
23.25422927643108
 30
0.0
 11
19.27843397472362
 21
26.634168801407004
 31
0.0
  0
LINE
  5
2A6
330
17
100
AcDbEntity
  8
SLOTS
100
AcDbLine
 10
19.520731664028354
 20
26.69574663636072
 30
0.0
 11
20.379713682469088
 21
23.315807111384796
 31
0.0
  0
ARC
  5
2A7
330
17
100
AcDbEntity
  8
SLOTS
100
AcDbCircle
 10
19.399582819375986
 20
26.664957718883862
 30
0.0
 40
0.125
100
AcDbArc
 50
14.259343079403465
 51
194.25934307940346
  0
ARC
  5
2A8
330
17
100
AcDbEntity
  8
SLOTS
100
AcDbCircle
 10
20.25856483781672
 20
23.285018193907938
 30
0.0
 40
0.125
100
AcDbArc
 50
194.25934307940346
 51
374.2593430794035
  0
LINE
  5
2A9
330
17
100
AcDbEntity
  8
SLOTS
100
AcDbLine
 10
18.922443286571486
 20
24.99000123814603
 30
0.0
 11
18.602790624048087
 21
26.247776890176358
 31
0.0
  0
LINE
  5
2AA
330
17
100
AcDbEntity
  8
SLOTS
100
AcDbLine
 10
18.84508831335282
 20
26.309354725130074
 30
0.0
 11
19.16474097587622
 21
25.051579073099745
 31
0.0
  0
ARC
  5
2AB
330
17
100
AcDbEntity
  8
SLOTS
100
AcDbCircle
 10
18.723939468700454
 20
26.278565807653216
 30
0.0
 40
0.125
100
AcDbArc
 50
14.259343079403521
 51
194.25934307940352
  0
ARC
  5
2AC
330
17
100
AcDbEntity
  8
SLOTS
100
AcDbCircle
 10
19.043592131223853
 20
25.020790155622887
 30
0.0
 40
0.125
100
AcDbArc
 50
194.25934307940352
 51
374.2593430794035
  0
LINE
  5
2AD
330
17
100
AcDbEntity
  8
SLOTS
100
AcDbLine
 10
20.453595881833866
 20
28.265072704400062
 30
0.0
 11
21.774861776833973
 21
29.95207482591041
 31
0.0
  0
LINE
  5
2AE
330
17
100
AcDbEntity
  8
SLOTS
100
AcDbLine
 10
21.971681198750403
 20
29.79792517408959
 30
0.0
 11
20.650415303750297
 21
28.11092305257924
 31
0.0
  0
ARC
  5
2AF
330
17
100
AcDbEntity
  8
SLOTS
100
AcDbCircle
 10
21.873271487792188
 20
29.875
 30
0.0
 40
0.125
100
AcDbArc
 50
-38.0681699913225
 51
141.9318300086775
  0
ARC
  5
2B0
330
17
100
AcDbEntity
  8
SLOTS
100
AcDbCircle
 10
20.55200559279208
 20
28.18799787848965
 30
0.0
 40
0.125
100
AcDbArc
 50
141.9318300086775
 51
321.9318300086775
  0
LINE
  5
2B1
330
17
100
AcDbEntity
  8
SLOTS
100
AcDbLine
 10
18.728080396521968
 20
27.27827216005796
 30
0.0
 11
20.82221189007832
 21
29.95207482591041
 31
0.0
  0
LINE
  5
2B2
330
17
100
AcDbEntity
  8
SLOTS
100
AcDbLine
 10
21.019031311994752
 20
29.79792517408959
 30
0.0
 11
18.924899818438398
 21
27.124122508237136
 31
0.0
  0
ARC
  5
2B3
330
17
100
AcDbEntity
  8
SLOTS
100
AcDbCircle
 10
20.920621601036537
 20
29.875
 30
0.0
 40
0.125
100
AcDbArc
 50
-38.06816999132247
 51
141.93183000867754
  0
ARC
  5
2B4
330
17
100
AcDbEntity
  8
SLOTS
100
AcDbCircle
 10
18.826490107480183
 20
27.201197334147547
 30
0.0
 40
0.125
100
AcDbArc
 50
141.93183000867754
 51
321.93183000867754
  0
LINE
  5
2B5
330
17
100
AcDbEntity
  8
SLOTS
100
AcDbLine
 10
17.566636411761433
 20
27.011682302841482
 30
0.0
 11
19.86956200332267
 21
29.95207482591041
 31
0.0
  0
LINE
  5
2B6
330
17
100
AcDbEntity
  8
SLOTS
100
AcDbLine
 10
20.0663814252391
 20
29.79792517408959
 30
0.0
 11
17.763455833677863
 21
26.85753265102066
 31
0.0
  0
ARC
  5
2B7
330
17
100
AcDbEntity
  8
SLOTS
100
AcDbCircle
 10
19.967971714280885
 20
29.875
 30
0.0
 40
0.125
100
AcDbArc
 50
-38.06816999132247
 51
141.93183000867754
  0
ARC
  5
2B8
330
17
100
AcDbEntity
  8
SLOTS
100
AcDbCircle
 10
17.665046122719648
 20
26.93460747693107
 30
0.0
 40
0.125
100
AcDbArc
 50
141.93183000867754
 51
321.93183000867754
  0
LINE
  5
2B9
330
17
100
AcDbEntity
  8
SLOTS
100
AcDbLine
 10
17.301410785667603
 20
27.889390711499132
 30
0.0
 11
18.916912116567023
 21
29.95207482591041
 31
0.0
  0
LINE
  5
2BA
330
17
100
AcDbEntity
  8
SLOTS
100
AcDbLine
 10
19.113731538483453
 20
29.79792517408959
 30
0.0
 11
17.498230207584033
 21
27.73524105967831
 31
0.0
  0
ARC
  5
2BB
330
17
100
AcDbEntity
  8
SLOTS
100
AcDbCircle
 10
19.015321827525238
 20
29.875
 30
0.0
 40
0.125
100
AcDbArc
 50
-38.06816999132244
 51
141.93183000867757
  0
ARC
  5
2BC
330
17
100
AcDbEntity
  8
SLOTS
100
AcDbCircle
 10
17.399820496625818
 20
27.81231588558872
 30
0.0
 40
0.125
100
AcDbArc
 50
141.93183000867757
 51
321.93183000867754
  0
LINE
  5
2BD
330
17
100
AcDbEntity
  8
SLOTS
100
AcDbLine
 10
17.03618515957377
 20
28.767099120156786
 30
0.0
 11
17.964262229811375
 21
29.95207482591041
 31
0.0
  0
LINE
  5
2BE
330
17
100
AcDbEntity
  8
SLOTS
100
AcDbLine
 10
18.161081651727805
 20
29.79792517408959
 30
0.0
 11
17.2330045814902
 21
28.612949468335962
 31
0.0
  0
ARC
  5
2BF
330
17
100
AcDbEntity
  8
SLOTS
100
AcDbCircle
 10
18.06267194076959
 20
29.875
 30
0.0
 40
0.125
100
AcDbArc
 50
-38.06816999132258
 51
141.93183000867742
  0
ARC
  5
2C0
330
17
100
AcDbEntity
  8
SLOTS
100
AcDbCircle
 10
17.134594870531984
 20
28.690024294246374
 30
0.0
 40
0.125
100
AcDbArc
 50
141.93183000867742
 51
321.9318300086774
  0
LINE
  5
2C1
330
17
100
AcDbEntity
  8
SLOTS
100
AcDbLine
 10
16.77095953347994
 20
29.644807528814443
 30
0.0
 11
17.011612343055724
 21
29.952074825910415
 31
0.0
  0
LINE
  5
2C2
330
17
100
AcDbEntity
  8
SLOTS
100
AcDbLine
 10
17.208431764972154
 20
29.797925174089585
 30
0.0
 11
16.96777895539637
 21
29.490657876993613
 31
0.0
  0
ARC
  5
2C3
330
17
100
AcDbEntity
  8
SLOTS
100
AcDbCircle
 10
17.11002205401394
 20
29.875
 30
0.0
 40
0.125
100
AcDbArc
 50
-38.06816999132265
 51
141.93183000867737
  0
ARC
  5
2C4
330
17
100
AcDbEntity
  8
SLOTS
100
AcDbCircle
 10
16.869369244438154
 20
29.567732702904028
 30
0.0
 40
0.125
100
AcDbArc
 50
141.93183000867737
 51
321.93183000867737
  0
LINE
  5
2C5
330
17
100
AcDbEntity
  8
SLOTS
100
AcDbLine
 10
6.501419153541495
 20
29.308626422814868
 30
0.0
 11
6.300687646193153
 21
29.83009514758407
 31
0.0
  0
LINE
  5
2C6
330
17
100
AcDbEntity
  8
SLOTS
100
AcDbLine
 10
6.533999062369074
 20
29.91990485241593
 30
0.0
 11
6.734730569717416
 21
29.398436127646725
 31
0.0
  0
ARC
  5
2C7
330
17
100
AcDbEntity
  8
SLOTS
100
AcDbCircle
 10
6.417343354281114
 20
29.875
 30
0.0
 40
0.125
100
AcDbArc
 50
21.0534566766963
 51
201.0534566766963
  0
ARC
  5
2C8
330
17
100
AcDbEntity
  8
SLOTS
100
AcDbCircle
 10
6.618074861629456
 20
29.353531275230797
 30
0.0
 40
0.125
100
AcDbArc
 50
201.0534566766963
 51
381.0534566766963
  0
LINE
  5
2C9
330
17
100
AcDbEntity
  8
SLOTS
100
AcDbLine
 10
5.993237975399995
 20
28.54105314348033
 30
0.0
 11
5.497040730524777
 21
29.830095147584068
 31
0.0
  0
LINE
  5
2CA
330
17
100
AcDbEntity
  8
SLOTS
100
AcDbLine
 10
5.730352146700698
 20
29.919904852415932
 30
0.0
 11
6.226549391575916
 21
28.630862848312194
 31
0.0
  0
ARC
  5
2CB
330
17
100
AcDbEntity
  8
SLOTS
100
AcDbCircle
 10
5.613696438612737
 20
29.875
 30
0.0
 40
0.125
100
AcDbArc
 50
21.05345667669637
 51
201.05345667669638
  0
ARC
  5
2CC
330
17
100
AcDbEntity
  8
SLOTS
100
AcDbCircle
 10
6.109893683487956
 20
28.585957995896262
 30
0.0
 40
0.125
100
AcDbArc
 50
201.05345667669638
 51
381.0534566766964
  0
LINE
  5
2CD
330
17
100
AcDbEntity
  8
SLOTS
100
AcDbLine
 10
5.485056797258496
 20
27.773479864145795
 30
0.0
 11
4.693393814856401
 21
29.830095147584068
 31
0.0
  0
LINE
  5
2CE
330
17
100
AcDbEntity
  8
SLOTS
100
AcDbLine
 10
4.926705231032322
 20
29.919904852415932
 30
0.0
 11
5.718368213434417
 21
27.86328956897766
 31
0.0
  0
ARC
  5
2CF
330
17
100
AcDbEntity
  8
SLOTS
100
AcDbCircle
 10
4.810049522944362
 20
29.875
 30
0.0
 40
0.125
100
AcDbArc
 50
21.0534566766964
 51
201.05345667669638
  0
ARC
  5
2D0
330
17
100
AcDbEntity
  8
SLOTS
100
AcDbCircle
 10
5.601712505346456
 20
27.818384716561727
 30
0.0
 40
0.125
100
AcDbArc
 50
201.05345667669638
 51
381.0534566766964
  0
LINE
  5
2D1
330
17
100
AcDbEntity
  8
SLOTS
100
AcDbLine
 10
4.976875619116995
 20
27.005906584811257
 30
0.0
 11
3.8897468991880255
 21
29.830095147584068
 31
0.0
  0
LINE
  5
2D2
330
17
100
AcDbEntity
  8
SLOTS
100
AcDbLine
 10
4.123058315363947
 20
29.919904852415932
 30
0.0
 11
5.210187035292916
 21
27.09571628964312
 31
0.0
  0
ARC
  5
2D3
330
17
100
AcDbEntity
  8
SLOTS
100
AcDbCircle
 10
4.006402607275986
 20
29.875
 30
0.0
 40
0.125
100
AcDbArc
 50
21.053456676696342
 51
201.05345667669633
  0
ARC
  5
2D4
330
17
100
AcDbEntity
  8
SLOTS
100
AcDbCircle
 10
5.093531327204955
 20
27.05081143722719
 30
0.0
 40
0.125
100
AcDbArc
 50
201.05345667669633
 51
381.0534566766963
  0
LINE
  5
2D5
330
17
100
AcDbEntity
  8
SLOTS
100
AcDbLine
 10
4.468694440975495
 20
26.238333305476722
 30
0.0
 11
3.086099983519649
 21
29.830095147584068
 31
0.0
  0
LINE
  5
2D6
330
17
100
AcDbEntity
  8
SLOTS
100
AcDbLine
 10
3.31941139969557
 20
29.919904852415932
 30
0.0
 11
4.702005857151416
 21
26.328143010308587
 31
0.0
  0
ARC
  5
2D7
330
17
100
AcDbEntity
  8
SLOTS
100
AcDbCircle
 10
3.2027556916076096
 20
29.875
 30
0.0
 40
0.125
100
AcDbArc
 50
21.053456676696385
 51
201.05345667669638
  0
ARC
  5
2D8
330
17
100
AcDbEntity
  8
SLOTS
100
AcDbCircle
 10
4.585350149063456
 20
26.283238157892654
 30
0.0
 40
0.125
100
AcDbArc
 50
201.05345667669638
 51
381.0534566766964
  0
LINE
  5
2D9
330
17
100
AcDbEntity
  8
SLOTS
100
AcDbLine
 10
3.791609499779201
 20
25.909545302516637
 30
0.0
 11
2.2824530678512733
 21
29.830095147584068
 31
0.0
  0
LINE
  5
2DA
330
17
100
AcDbEntity
  8
SLOTS
100
AcDbLine
 10
2.515764484027195
 20
29.919904852415932
 30
0.0
 11
4.024920915955122
 21
25.999355007348502
 31
0.0
  0
ARC
  5
2DB
330
17
100
AcDbEntity
  8
SLOTS
100
AcDbCircle
 10
2.399108775939234
 20
29.875
 30
0.0
 40
0.125
100
AcDbArc
 50
21.053456676696356
 51
201.05345667669636
  0
ARC
  5
2DC
330
17
100
AcDbEntity
  8
SLOTS
100
AcDbCircle
 10
3.908265207867162
 20
25.95445015493257
 30
0.0
 40
0.125
100
AcDbArc
 50
201.05345667669636
 51
381.0534566766963
  0
LINE
  5
2DD
330
17
100
AcDbEntity
  8
SLOTS
100
AcDbLine
 10
2.6493755650126825
 20
26.78914085482878
 30
0.0
 11
1.4788061521828975
 21
29.830095147584068
 31
0.0
  0
LINE
  5
2DE
330
17
100
AcDbEntity
  8
SLOTS
100
AcDbLine
 10
1.7121175683588188
 20
29.919904852415932
 30
0.0
 11
2.8826869811886033
 21
26.878950559660645
 31
0.0
  0
ARC
  5
2DF
330
17
100
AcDbEntity
  8
SLOTS
100
AcDbCircle
 10
1.5954618602708581
 20
29.875
 30
0.0
 40
0.125
100
AcDbArc
 50
21.05345667669637
 51
201.05345667669638
  0
ARC
  5
2E0
330
17
100
AcDbEntity
  8
SLOTS
100
AcDbCircle
 10
2.766031273100643
 20
26.834045707244712
 30
0.0
 40
0.125
100
AcDbArc
 50
201.05345667669638
 51
381.0534566766964
  0
LINE
  5
2E1
330
17
100
AcDbEntity
  8
SLOTS
100
AcDbLine
 10
1.5071416302461622
 20
27.668736407140926
 30
0.0
 11
1.0872030771231722
 21
28.75967038492674
 31
0.0
  0
LINE
  5
2E2
330
17
100
AcDbEntity
  8
SLOTS
100
AcDbLine
 10
1.3205144932990935
 20
28.849480089758604
 30
0.0
 11
1.7404530464220835
 21
27.75854611197279
 31
0.0
  0
ARC
  5
2E3
330
17
100
AcDbEntity
  8
SLOTS
100
AcDbCircle
 10
1.2038587852111329
 20
28.80457523734267
 30
0.0
 40
0.125
100
AcDbArc
 50
21.05345667669637
 51
201.05345667669638
  0
ARC
  5
2E4
330
17
100
AcDbEntity
  8
SLOTS
100
AcDbCircle
 10
1.6237973383341229
 20
27.71364125955686
 30
0.0
 40
0.125
100
AcDbArc
 50
201.05345667669638
 51
381.0534566766964
  0
LINE
  5
2E5
330
17
100
AcDbEntity
  8
SLOTS
100
AcDbLine
 10
4.927679663671566
 20
25.319418234068113
 30
0.0
 11
5.952680591586116
 21
22.99603292033575
 31
0.0
  0
LINE
  5
2E6
330
17
100
AcDbEntity
  8
SLOTS
100
AcDbLine
 10
5.723950341195209
 20
22.895124682039203
 30
0.0
 11
4.698949413280659
 21
25.218509995771566
 31
0.0
  0
ARC
  5
2E7
330
17
100
AcDbEntity
  8
SLOTS
100
AcDbCircle
 10
5.838315466390663
 20
22.945578801187477
 30
0.0
 40
0.125
100
AcDbArc
 50
-156.1945107167887
 51
23.8054892832113
  0
ARC
  5
2E8
330
17
100
AcDbEntity
  8
SLOTS
100
AcDbCircle
 10
4.813314538476113
 20
25.26896411491984
 30
0.0
 40
0.125
100
AcDbArc
 50
23.8054892832113
 51
203.8054892832113
  0
LINE
  5
2E9
330
17
100
AcDbEntity
  8
SLOTS
100
AcDbLine
 10
5.419618019853142
 20
26.062457830035978
 30
0.0
 11
6.677597759430408
 21
23.210975872987117
 31
0.0
  0
LINE
  5
2EA
330
17
100
AcDbEntity
  8
SLOTS
100
AcDbLine
 10
6.448867509039501
 20
23.11006763469057
 30
0.0
 11
5.190887769462235
 21
25.96154959173943
 31
0.0
  0
ARC
  5
2EB
330
17
100
AcDbEntity
  8
SLOTS
100
AcDbCircle
 10
6.5632326342349545
 20
23.160521753838843
 30
0.0
 40
0.125
100
AcDbArc
 50
-156.19451071678867
 51
23.805489283211315
  0
ARC
  5
2EC
330
17
100
AcDbEntity
  8
SLOTS
100
AcDbCircle
 10
5.305252894657689
 20
26.012003710887704
 30
0.0
 40
0.125
100
AcDbArc
 50
23.805489283211315
 51
203.80548928321133
  0
LINE
  5
2ED
330
17
100
AcDbEntity
  8
SLOTS
100
AcDbLine
 10
5.91155637603472
 20
26.805497426003843
 30
0.0
 11
7.402514927274701
 21
23.425918825638487
 31
0.0
  0
LINE
  5
2EE
330
17
100
AcDbEntity
  8
SLOTS
100
AcDbLine
 10
7.173784676883794
 20
23.32501058734194
 30
0.0
 11
5.682826125643813
 21
26.704589187707295
 31
0.0
  0
ARC
  5
2EF
330
17
100
AcDbEntity
  8
SLOTS
100
AcDbCircle
 10
7.288149802079247
 20
23.375464706490213
 30
0.0
 40
0.125
100
AcDbArc
 50
-156.19451071678867
 51
23.805489283211344
  0
ARC
  5
2F0
330
17
100
AcDbEntity
  8
SLOTS
100
AcDbCircle
 10
5.7971912508392665
 20
26.75504330685557
 30
0.0
 40
0.125
100
AcDbArc
 50
23.805489283211344
 51
203.80548928321133
  0
LINE
  5
2F1
330
17
100
AcDbEntity
  8
SLOTS
100
AcDbLine
 10
6.403494732216298
 20
27.54853702197171
 30
0.0
 11
8.127432095118994
 21
23.640861778289853
 31
0.0
  0
LINE
  5
2F2
330
17
100
AcDbEntity
  8
SLOTS
100
AcDbLine
 10
7.8987018447280875
 20
23.539953539993306
 30
0.0
 11
6.174764481825391
 21
27.447628783675164
 31
0.0
  0
ARC
  5
2F3
330
17
100
AcDbEntity
  8
SLOTS
100
AcDbCircle
 10
8.01306696992354
 20
23.59040765914158
 30
0.0
 40
0.125
100
AcDbArc
 50
-156.19451071678867
 51
23.80548928321133
  0
ARC
  5
2F4
330
17
100
AcDbEntity
  8
SLOTS
100
AcDbCircle
 10
6.289129607020844
 20
27.498082902823437
 30
0.0
 40
0.125
100
AcDbArc
 50
23.80548928321133
 51
203.80548928321133
  0
LINE
  5
2F5
330
17
100
AcDbEntity
  8
SLOTS
100
AcDbLine
 10
6.8954330883978745
 20
28.291576617939576
 30
0.0
 11
8.852349262963287
 21
23.85580473094122
 31
0.0
  0
LINE
  5
2F6
330
17
100
AcDbEntity
  8
SLOTS
100
AcDbLine
 10
8.62361901257238
 20
23.754896492644672
 30
0.0
 11
6.666702838006968
 21
28.19066837964303
 31
0.0
  0
ARC
  5
2F7
330
17
100
AcDbEntity
  8
SLOTS
100
AcDbCircle
 10
8.737984137767834
 20
23.805350611792946
 30
0.0
 40
0.125
100
AcDbArc
 50
-156.19451071678867
 51
23.80548928321133
  0
ARC
  5
2F8
330
17
100
AcDbEntity
  8
SLOTS
100
AcDbCircle
 10
6.781067963202421
 20
28.241122498791302
 30
0.0
 40
0.125
100
AcDbArc
 50
23.80548928321133
 51
203.80548928321133
  0
LINE
  5
2F9
330
17
100
AcDbEntity
  8
SLOTS
100
AcDbLine
 10
7.387371444579451
 20
29.03461621390744
 30
0.0
 11
9.577266430807578
 21
24.070747683592586
 31
0.0
  0
LINE
  5
2FA
330
17
100
AcDbEntity
  8
SLOTS
100
AcDbLine
 10
9.348536180416671
 20
23.96983944529604
 30
0.0
 11
7.158641194188545
 21
28.933707975610893
 31
0.0
  0
ARC
  5
2FB
330
17
100
AcDbEntity
  8
SLOTS
100
AcDbCircle
 10
9.462901305612125
 20
24.020293564444312
 30
0.0
 40
0.125
100
AcDbArc
 50
-156.19451071678867
 51
23.80548928321133
  0
ARC
  5
2FC
330
17
100
AcDbEntity
  8
SLOTS
100
AcDbCircle
 10
7.273006319383998
 20
28.984162094759167
 30
0.0
 40
0.125
100
AcDbArc
 50
23.80548928321133
 51
203.80548928321133
  0
LINE
  5
2FD
330
17
100
AcDbEntity
  8
SLOTS
100
AcDbLine
 10
7.915587914560373
 20
29.695423653283214
 30
0.0
 11
10.30218359865187
 21
24.285690636243952
 31
0.0
  0
LINE
  5
2FE
330
17
100
AcDbEntity
  8
SLOTS
100
AcDbLine
 10
10.073453348260964
 20
24.184782397947405
 30
0.0
 11
7.686857664169466
 21
29.594515414986667
 31
0.0
  0
ARC
  5
2FF
330
17
100
AcDbEntity
  8
SLOTS
100
AcDbCircle
 10
10.187818473456417
 20
24.23523651709568
 30
0.0
 40
0.125
100
AcDbArc
 50
-156.19451071678867
 51
23.80548928321133
  0
ARC
  5
300
330
17
100
AcDbEntity
  8
SLOTS
100
AcDbCircle
 10
7.801222789364919
 20
29.64496953413494
 30
0.0
 40
0.125
100
AcDbArc
 50
23.80548928321133
 51
203.80548928321133
  0
LINE
  5
301
330
17
100
AcDbEntity
  8
SLOTS
100
AcDbLine
 10
8.666130144717307
 20
29.852281884429207
 30
0.0
 11
11.027100766496163
 21
24.50063358889532
 31
0.0
  0
LINE
  5
302
330
17
100
AcDbEntity
  8
SLOTS
100
AcDbLine
 10
10.798370516105257
 20
24.39972535059877
 30
0.0
 11
8.4373998943264
 21
29.75137364613266
 31
0.0
  0
ARC
  5
303
330
17
100
AcDbEntity
  8
SLOTS
100
AcDbCircle
 10
10.91273564130071
 20
24.450179469747045
 30
0.0
 40
0.125
100
AcDbArc
 50
-156.19451071678867
 51
23.805489283211315
  0
ARC
  5
304
330
17
100
AcDbEntity
  8
SLOTS
100
AcDbCircle
 10
8.551765019521854
 20
29.801827765280933
 30
0.0
 40
0.125
100
AcDbArc
 50
23.805489283211315
 51
203.80548928321133
  0
LINE
  5
305
330
17
100
AcDbEntity
  8
SLOTS
100
AcDbLine
 10
9.453591874831508
 20
29.925454119148274
 30
0.0
 11
11.752017934340456
 21
24.715576541546685
 31
0.0
  0
LINE
  5
306
330
17
100
AcDbEntity
  8
SLOTS
100
AcDbLine
 10
11.52328768394955
 20
24.614668303250138
 30
0.0
 11
9.224861624440601
 21
29.824545880851726
 31
0.0
  0
ARC
  5
307
330
17
100
AcDbEntity
  8
SLOTS
100
AcDbCircle
 10
11.637652809145003
 20
24.66512242239841
 30
0.0
 40
0.125
100
AcDbArc
 50
-156.1945107167887
 51
23.8054892832113
  0
ARC
  5
308
330
17
100
AcDbEntity
  8
SLOTS
100
AcDbCircle
 10
9.339226749636055
 20
29.875
 30
0.0
 40
0.125
100
AcDbArc
 50
23.8054892832113
 51
203.8054892832113
  0
LINE
  5
309
330
17
100
AcDbEntity
  8
SLOTS
100
AcDbLine
 10
11.189606587706827
 20
27.848526769149757
 30
0.0
 11
12.42448465942443
 21
25.049409716723048
 31
0.0
  0
LINE
  5
30A
330
17
100
AcDbEntity
  8
SLOTS
100
AcDbLine
 10
12.195754409033523
 20
24.9485014784265
 30
0.0
 11
10.96087633731592
 21
27.74761853085321
 31
0.0
  0
ARC
  5
30B
330
17
100
AcDbEntity
  8
SLOTS
100
AcDbCircle
 10
12.310119534228976
 20
24.998955597574774
 30
0.0
 40
0.125
100
AcDbArc
 50
-156.19451071678867
 51
23.805489283211315
  0
ARC
  5
30C
330
17
100
AcDbEntity
  8
SLOTS
100
AcDbCircle
 10
11.075241462511373
 20
27.798072650001483
 30
0.0
 40
0.125
100
AcDbArc
 50
23.805489283211315
 51
203.80548928321133
  0
LINE
  5
30D
330
17
100
AcDbEntity
  8
SLOTS
100
AcDbLine
 10
16.608275943416825
 20
26.7853359600365
 30
0.0
 11
16.742206083804476
 21
27.073356773695725
 31
0.0
  0
LINE
  5
30E
330
17
100
AcDbEntity
  8
SLOTS
100
AcDbLine
 10
16.968896301312377
 20
26.967945458903518
 30
0.0
 11
16.834966160924726
 21
26.679924645244295
 31
0.0
  0
ARC
  5
30F
330
17
100
AcDbEntity
  8
SLOTS
100
AcDbCircle
 10
16.855551192558426
 20
27.02065111629962
 30
0.0
 40
0.125
100
AcDbArc
 50
-24.938503227382753
 51
155.06149677261726
  0
ARC
  5
310
330
17
100
AcDbEntity
  8
SLOTS
100
AcDbCircle
 10
16.721621052170775
 20
26.7326303026404
 30
0.0
 40
0.125
100
AcDbArc
 50
155.06149677261726
 51
335.06149677261726
  0
LINE
  5
311
330
17
100
AcDbEntity
  8
SLOTS
100
AcDbLine
 10
15.651596619931839
 20
26.506714599663404
 30
0.0
 11
16.416417598428673
 21
28.15148522330874
 31
0.0
  0
LINE
  5
312
330
17
100
AcDbEntity
  8
SLOTS
100
AcDbLine
 10
16.643107815936574
 20
28.046073908516533
 30
0.0
 11
15.878286837439736
 21
26.401303284871197
 31
0.0
  0
ARC
  5
313
330
17
100
AcDbEntity
  8
SLOTS
100
AcDbCircle
 10
16.529762707182623
 20
28.098779565912636
 30
0.0
 40
0.125
100
AcDbArc
 50
-24.938503227382498
 51
155.0614967726175
  0
ARC
  5
314
330
17
100
AcDbEntity
  8
SLOTS
100
AcDbCircle
 10
15.764941728685788
 20
26.4540089422673
 30
0.0
 40
0.125
100
AcDbArc
 50
155.0614967726175
 51
335.0614967726175
  0
LINE
  5
315
330
17
100
AcDbEntity
  8
SLOTS
100
AcDbLine
 10
14.694917296446851
 20
26.22809323929031
 30
0.0
 11
16.09062911305287
 21
29.229613672921754
 31
0.0
  0
LINE
  5
316
330
17
100
AcDbEntity
  8
SLOTS
100
AcDbLine
 10
16.31731933056077
 20
29.124202358129548
 30
0.0
 11
14.921607513954749
 21
26.122681924498103
 31
0.0
  0
ARC
  5
317
330
17
100
AcDbEntity
  8
SLOTS
100
AcDbCircle
 10
16.20397422180682
 20
29.17690801552565
 30
0.0
 40
0.125
100
AcDbArc
 50
-24.938503227382498
 51
155.0614967726175
  0
ARC
  5
318
330
17
100
AcDbEntity
  8
SLOTS
100
AcDbCircle
 10
14.8082624052008
 20
26.175387581894206
 30
0.0
 40
0.125
100
AcDbArc
 50
155.0614967726175
 51
335.0614967726175
  0
LINE
  5
319
330
17
100
AcDbEntity
  8
SLOTS
100
AcDbLine
 10
13.738237972961866
 20
25.949471878917215
 30
0.0
 11
15.588123061742172
 21
29.927705657396103
 31
0.0
  0
LINE
  5
31A
330
17
100
AcDbEntity
  8
SLOTS
100
AcDbLine
 10
15.81481327925007
 20
29.822294342603897
 30
0.0
 11
13.964928190469763
 21
25.84406056412501
 31
0.0
  0
ARC
  5
31B
330
17
100
AcDbEntity
  8
SLOTS
100
AcDbCircle
 10
15.70146817049612
 20
29.875
 30
0.0
 40
0.125
100
AcDbArc
 50
-24.938503227382526
 51
155.0614967726175
  0
ARC
  5
31C
330
17
100
AcDbEntity
  8
SLOTS
100
AcDbCircle
 10
13.851583081715814
 20
25.896766221521112
 30
0.0
 40
0.125
100
AcDbArc
 50
155.0614967726175
 51
335.0614967726175
  0
LINE
  5
31D
330
17
100
AcDbEntity
  8
SLOTS
100
AcDbLine
 10
12.909180488622201
 20
25.945305139773744
 30
0.0
 11
14.761003117788405
 21
29.927705657396103
 31
0.0
  0
LINE
  5
31E
330
17
100
AcDbEntity
  8
SLOTS
100
AcDbLine
 10
14.987693335296303
 20
29.822294342603897
 30
0.0
 11
13.135870706130099
 21
25.839893824981537
 31
0.0
  0
ARC
  5
31F
330
17
100
AcDbEntity
  8
SLOTS
100
AcDbCircle
 10
14.874348226542354
 20
29.875
 30
0.0
 40
0.125
100
AcDbArc
 50
-24.938503227382526
 51
155.0614967726175
  0
ARC
  5
320
330
17
100
AcDbEntity
  8
SLOTS
100
AcDbCircle
 10
13.02252559737615
 20
25.89259948237764
 30
0.0
 40
0.125
100
AcDbArc
 50
155.0614967726175
 51
335.0614967726175
  0
LINE
  5
321
330
17
100
AcDbEntity
  8
SLOTS
100
AcDbLine
 10
12.454000155029263
 20
26.74517251016663
 30
0.0
 11
13.93388317383464
 21
29.927705657396103
 31
0.0
  0
LINE
  5
322
330
17
100
AcDbEntity
  8
SLOTS
100
AcDbLine
 10
14.160573391342538
 20
29.822294342603897
 30
0.0
 11
12.68069037253716
 21
26.639761195374422
 31
0.0
  0
ARC
  5
323
330
17
100
AcDbEntity
  8
SLOTS
100
AcDbCircle
 10
14.04722828258859
 20
29.875
 30
0.0
 40
0.125
100
AcDbArc
 50
-24.938503227382512
 51
155.0614967726175
  0
ARC
  5
324
330
17
100
AcDbEntity
  8
SLOTS
100
AcDbCircle
 10
12.567345263783212
 20
26.692466852770526
 30
0.0
 40
0.125
100
AcDbArc
 50
155.0614967726175
 51
335.0614967726175
  0
LINE
  5
325
330
17
100
AcDbEntity
  8
SLOTS
100
AcDbLine
 10
11.998819821436323
 20
27.545039880559518
 30
0.0
 11
13.106763229880874
 21
29.927705657396103
 31
0.0
  0
LINE
  5
326
330
17
100
AcDbEntity
  8
SLOTS
100
AcDbLine
 10
13.333453447388772
 20
29.822294342603897
 30
0.0
 11
12.22551003894422
 21
27.43962856576731
 31
0.0
  0
ARC
  5
327
330
17
100
AcDbEntity
  8
SLOTS
100
AcDbCircle
 10
13.220108338634823
 20
29.875
 30
0.0
 40
0.125
100
AcDbArc
 50
-24.93850322738254
 51
155.06149677261746
  0
ARC
  5
328
330
17
100
AcDbEntity
  8
SLOTS
100
AcDbCircle
 10
12.112164930190271
 20
27.492334223163414
 30
0.0
 40
0.125
100
AcDbArc
 50
155.06149677261746
 51
335.0614967726175
  0
LINE
  5
329
330
17
100
AcDbEntity
  8
SLOTS
100
AcDbLine
 10
11.543639487843384
 20
28.344907250952406
 30
0.0
 11
12.279643285927108
 21
29.927705657396103
 31
0.0
  0
LINE
  5
32A
330
17
100
AcDbEntity
  8
SLOTS
100
AcDbLine
 10
12.506333503435005
 20
29.822294342603897
 30
0.0
 11
11.770329705351282
 21
28.2394959361602
 31
0.0
  0
ARC
  5
32B
330
17
100
AcDbEntity
  8
SLOTS
100
AcDbCircle
 10
12.392988394681057
 20
29.875
 30
0.0
 40
0.125
100
AcDbArc
 50
-24.938503227382526
 51
155.0614967726175
  0
ARC
  5
32C
330
17
100
AcDbEntity
  8
SLOTS
100
AcDbCircle
 10
11.656984596597333
 20
28.292201593556303
 30
0.0
 40
0.125
100
AcDbArc
 50
155.0614967726175
 51
335.0614967726175
  0
LINE
  5
32D
330
17
100
AcDbEntity
  8
SLOTS
100
AcDbLine
 10
11.088459154250446
 20
29.14477462134529
 30
0.0
 11
11.452523341973345
 21
29.927705657396103
 31
0.0
  0
LINE
  5
32E
330
17
100
AcDbEntity
  8
SLOTS
100
AcDbLine
 10
11.679213559481243
 20
29.822294342603897
 30
0.0
 11
11.315149371758343
 21
29.039363306553085
 31
0.0
  0
ARC
  5
32F
330
17
100
AcDbEntity
  8
SLOTS
100
AcDbCircle
 10
11.565868450727294
 20
29.875
 30
0.0
 40
0.125
100
AcDbArc
 50
-24.938503227382583
 51
155.06149677261743
  0
ARC
  5
330
330
17
100
AcDbEntity
  8
SLOTS
100
AcDbCircle
 10
11.201804263004394
 20
29.09206896394919
 30
0.0
 40
0.125
100
AcDbArc
 50
155.06149677261743
 51
335.06149677261743
  0
LINE
  5
331
330
17
100
AcDbEntity
  8
SLOTS
100
AcDbLine
 10
1.8089465342757418
 20
2.158010069225677
 30
0.0
 11
1.1863174591837733
 21
1.8075193036804595
 31
0.0
  0
LINE
  5
332
330
17
100
AcDbEntity
  8
SLOTS
100
AcDbLine
 10
1.0636825408162267
 20
2.025374018563992
 30
0.0
 11
1.6863116159081952
 21
2.37586478410921
 31
0.0
  0
ARC
  5
333
330
17
100
AcDbEntity
  8
SLOTS
100
AcDbCircle
 10
1.125
 20
1.9164466611222257
 30
0.0
 40
0.125
100
AcDbArc
 50
-240.62394108151216
 51
-60.62394108151216
  0
ARC
  5
334
330
17
100
AcDbEntity
  8
SLOTS
100
AcDbCircle
 10
1.7476290750919685
 20
2.2669374266674436
 30
0.0
 40
0.125
100
AcDbArc
 50
-60.62394108151216
 51
119.37605891848784
  0
LINE
  5
335
330
17
100
AcDbEntity
  8
SLOTS
100
AcDbLine
 10
2.6245427531266774
 20
1.7564606957034954
 30
0.0
 11
1.3092809144249546
 21
1.0160726425582338
 31
0.0
  0
LINE
  5
336
330
17
100
AcDbEntity
  8
SLOTS
100
AcDbLine
 10
1.1866459960574085
 20
1.2339273574417662
 30
0.0
 11
2.5019078347591313
 21
1.9743154105870278
 31
0.0
  0
ARC
  5
337
330
17
100
AcDbEntity
  8
SLOTS
100
AcDbCircle
 10
1.2479634552411816
 20
1.125
 30
0.0
 40
0.125
100
AcDbArc
 50
-240.62394108151216
 51
-60.62394108151216
  0
ARC
  5
338
330
17
100
AcDbEntity
  8
SLOTS
100
AcDbCircle
 10
2.5632252939429043
 20
1.8653880531452616
 30
0.0
 40
0.125
100
AcDbArc
 50
-60.62394108151216
 51
119.37605891848784
  0
LINE
  5
339
330
17
100
AcDbEntity
  8
SLOTS
100
AcDbLine
 10
3.440138971977613
 20
1.3549113221813134
 30
0.0
 11
2.8382092367649916
 21
1.0160726425582338
 31
0.0
  0
LINE
  5
33A
330
17
100
AcDbEntity
  8
SLOTS
100
AcDbLine
 10
2.7155743183974455
 20
1.2339273574417662
 30
0.0
 11
3.317504053610067
 21
1.5727660370648457
 31
0.0
  0
ARC
  5
33B
330
17
100
AcDbEntity
  8
SLOTS
100
AcDbCircle
 10
2.7768917775812185
 20
1.125
 30
0.0
 40
0.125
100
AcDbArc
 50
-240.62394108151219
 51
-60.623941081512186
  0
ARC
  5
33C
330
17
100
AcDbEntity
  8
SLOTS
100
AcDbCircle
 10
3.37882151279384
 20
1.4638386796230796
 30
0.0
 40
0.125
100
AcDbArc
 50
-60.623941081512186
 51
119.37605891848781
  0
LINE
  5
33D
330
17
100
AcDbEntity
  8
SLOTS
100
AcDbLine
 10
1.6141919465132175
 20
7.634075994483876
 30
0.0
 11
1.2207679633373054
 21
7.16506446418775
 31
0.0
  0
LINE
  5
33E
330
17
100
AcDbEntity
  8
SLOTS
100
AcDbLine
 10
1.0292320366626946
 20
7.325731787539133
 30
0.0
 11
1.4226560198386067
 21
7.794743317835259
 31
0.0
  0
ARC
  5
33F
330
17
100
AcDbEntity
  8
SLOTS
100
AcDbCircle
 10
1.125
 20
7.245398125863441
 30
0.0
 40
0.125
100
AcDbArc
 50
-219.99115118657375
 51
-39.991151186573745
  0
ARC
  5
340
330
17
100
AcDbEntity
  8
SLOTS
100
AcDbCircle
 10
1.518423983175912
 20
7.714409656159567
 30
0.0
 40
0.125
100
AcDbArc
 50
-39.991151186573745
 51
140.00884881342625
  0
LINE
  5
341
330
17
100
AcDbEntity
  8
SLOTS
100
AcDbLine
 10
2.0823261037733625
 20
7.025143895906672
 30
0.0
 11
1.2207679633373056
 21
5.998056785906255
 31
0.0
  0
LINE
  5
342
330
17
100
AcDbEntity
  8
SLOTS
100
AcDbLine
 10
1.0292320366626944
 20
6.158724109257638
 30
0.0
 11
1.8907901770987512
 21
7.185811219258055
 31
0.0
  0
ARC
  5
343
330
17
100
AcDbEntity
  8
SLOTS
100
AcDbCircle
 10
1.125
 20
6.078390447581946
 30
0.0
 40
0.125
100
AcDbArc
 50
-219.99115118657375
 51
-39.991151186573745
  0
ARC
  5
344
330
17
100
AcDbEntity
  8
SLOTS
100
AcDbCircle
 10
1.9865581404360568
 20
7.105477557582364
 30
0.0
 40
0.125
100
AcDbArc
 50
-39.991151186573745
 51
140.00884881342625
  0
LINE
  5
345
330
17
100
AcDbEntity
  8
SLOTS
100
AcDbLine
 10
2.550460261033507
 20
6.416211797329468
 30
0.0
 11
2.203598364705945
 21
6.002708208949433
 31
0.0
  0
LINE
  5
346
330
17
100
AcDbEntity
  8
SLOTS
100
AcDbLine
 10
2.012062438031334
 20
6.163375532300816
 30
0.0
 11
2.358924334358896
 21
6.576879120680851
 31
0.0
  0
ARC
  5
347
330
17
100
AcDbEntity
  8
SLOTS
100
AcDbCircle
 10
2.1078304013686395
 20
6.083041870625125
 30
0.0
 40
0.125
100
AcDbArc
 50
-219.99115118657375
 51
-39.991151186573745
  0
ARC
  5
348
330
17
100
AcDbEntity
  8
SLOTS
100
AcDbCircle
 10
2.4546922976962016
 20
6.4965454590051595
 30
0.0
 40
0.125
100
AcDbArc
 50
-39.991151186573745
 51
140.00884881342625
  0
LINE
  5
349
330
17
100
AcDbEntity
  8
SLOTS
100
AcDbLine
 10
4.491519807053039
 20
6.3787798477867765
 30
0.0
 11
4.272815357013234
 21
6.604756243215674
 31
0.0
  0
LINE
  5
34A
330
17
100
AcDbEntity
  8
SLOTS
100
AcDbLine
 10
4.452458894109701
 20
6.7786188314267966
 30
0.0
 11
4.671163344149506
 21
6.552642435997899
 31
0.0
  0
ARC
  5
34B
330
17
100
AcDbEntity
  8
SLOTS
100
AcDbCircle
 10
4.362637125561467
 20
6.6916875373212354
 30
0.0
 40
0.125
100
AcDbArc
 50
44.06311538126326
 51
224.06311538126326
  0
ARC
  5
34C
330
17
100
AcDbEntity
  8
SLOTS
100
AcDbCircle
 10
4.5813415756012725
 20
6.465711141892338
 30
0.0
 40
0.125
100
AcDbArc
 50
224.06311538126326
 51
404.0631153812633
  0
LINE
  5
34D
330
17
100
AcDbEntity
  8
SLOTS
100
AcDbLine
 10
5.6613972615074575
 20
4.09156597400778
 30
0.0
 11
3.5916259052089314
 21
6.230157440131104
 31
0.0
  0
LINE
  5
34E
330
17
100
AcDbEntity
  8
SLOTS
100
AcDbLine
 10
3.7712694423053987
 20
6.404020028342226
 30
0.0
 11
5.841040798603925
 21
4.2654285622189025
 31
0.0
  0
ARC
  5
34F
330
17
100
AcDbEntity
  8
SLOTS
100
AcDbCircle
 10
3.681447673757165
 20
6.317088734236665
 30
0.0
 40
0.125
100
AcDbArc
 50
44.06311538126323
 51
224.06311538126323
  0
ARC
  5
350
330
17
100
AcDbEntity
  8
SLOTS
100
AcDbCircle
 10
5.751219030055691
 20
4.178497268113341
 30
0.0
 40
0.125
100
AcDbArc
 50
224.06311538126323
 51
404.06311538126323
  0
LINE
  5
351
330
17
100
AcDbEntity
  8
SLOTS
100
AcDbLine
 10
6.6015745684129294
 20
2.041689801236467
 30
0.0
 11
2.9500769199511963
 21
5.814600120922686
 31
0.0
  0
LINE
  5
352
330
17
100
AcDbEntity
  8
SLOTS
100
AcDbLine
 10
3.1297204570476636
 20
5.988462709133808
 30
0.0
 11
6.781218105509397
 21
2.215552389447589
 31
0.0
  0
ARC
  5
353
330
17
100
AcDbEntity
  8
SLOTS
100
AcDbCircle
 10
3.03989868849943
 20
5.901531415028247
 30
0.0
 40
0.125
100
AcDbArc
 50
44.06311538126323
 51
224.06311538126323
  0
ARC
  5
354
330
17
100
AcDbEntity
  8
SLOTS
100
AcDbCircle
 10
6.691396336961163
 20
2.128621095342028
 30
0.0
 40
0.125
100
AcDbArc
 50
224.06311538126323
 51
404.06311538126323
  0
LINE
  5
355
330
17
100
AcDbEntity
  8
SLOTS
100
AcDbLine
 10
6.022635412076467
 20
1.5614408698753262
 30
0.0
 11
2.384598024221464
 21
5.320443373909469
 31
0.0
  0
LINE
  5
356
330
17
100
AcDbEntity
  8
SLOTS
100
AcDbLine
 10
2.5642415613179312
 20
5.494305962120591
 30
0.0
 11
6.202278949172935
 21
1.7353034580864484
 31
0.0
  0
ARC
  5
357
330
17
100
AcDbEntity
  8
SLOTS
100
AcDbCircle
 10
2.4744197927696976
 20
5.40737466801503
 30
0.0
 40
0.125
100
AcDbArc
 50
44.06311538126323
 51
224.06311538126323
  0
ARC
  5
358
330
17
100
AcDbEntity
  8
SLOTS
100
AcDbCircle
 10
6.112457180624701
 20
1.6483721639808873
 30
0.0
 40
0.125
100
AcDbArc
 50
224.06311538126323
 51
404.06311538126323
  0
LINE
  5
359
330
17
100
AcDbEntity
  8
SLOTS
100
AcDbLine
 10
5.312719146545143
 20
1.216524050019761
 30
0.0
 11
1.8191191284917325
 21
4.826286626896252
 31
0.0
  0
LINE
  5
35A
330
17
100
AcDbEntity
  8
SLOTS
100
AcDbLine
 10
1.9987626655881998
 20
5.000149215107374
 30
0.0
 11
5.49236268364161
 21
1.3903866382308832
 31
0.0
  0
ARC
  5
35B
330
17
100
AcDbEntity
  8
SLOTS
100
AcDbCircle
 10
1.9089408970399662
 20
4.913217921001813
 30
0.0
 40
0.125
100
AcDbArc
 50
44.06311538126323
 51
224.06311538126323
  0
ARC
  5
35C
330
17
100
AcDbEntity
  8
SLOTS
100
AcDbCircle
 10
5.402540915093376
 20
1.303455344125322
 30
0.0
 40
0.125
100
AcDbArc
 50
224.06311538126323
 51
404.06311538126323
  0
LINE
  5
35D
330
17
100
AcDbEntity
  8
SLOTS
100
AcDbLine
 10
3.3189779182336028
 20
2.198119504596243
 30
0.0
 11
1.2536402327620002
 21
4.332129879883035
 31
0.0
  0
LINE
  5
35E
330
17
100
AcDbEntity
  8
SLOTS
100
AcDbLine
 10
1.4332837698584675
 20
4.505992468094157
 30
0.0
 11
3.49862145533007
 21
2.3719820928073654
 31
0.0
  0
ARC
  5
35F
330
17
100
AcDbEntity
  8
SLOTS
100
AcDbCircle
 10
1.3434620013102339
 20
4.419061173988596
 30
0.0
 40
0.125
100
AcDbArc
 50
44.06311538126323
 51
224.06311538126323
  0
ARC
  5
360
330
17
100
AcDbEntity
  8
SLOTS
100
AcDbCircle
 10
3.4087996867818364
 20
2.2850507987018043
 30
0.0
 40
0.125
100
AcDbArc
 50
224.06311538126323
 51
404.06311538126323
  0
LINE
  5
361
330
17
100
AcDbEntity
  8
SLOTS
100
AcDbLine
 10
1.3252366899220636
 20
3.179714959172725
 30
0.0
 11
1.0351782314517664
 21
3.4794178911288456
 31
0.0
  0
LINE
  5
362
330
17
100
AcDbEntity
  8
SLOTS
100
AcDbLine
 10
1.2148217685482336
 20
3.653280479339968
 30
0.0
 11
1.5048802270185309
 21
3.353577547383847
 31
0.0
  0
ARC
  5
363
330
17
100
AcDbEntity
  8
SLOTS
100
AcDbCircle
 10
1.125
 20
3.5663491852344067
 30
0.0
 40
0.125
100
AcDbArc
 50
44.0631153812632
 51
224.0631153812632
  0
ARC
  5
364
330
17
100
AcDbEntity
  8
SLOTS
100
AcDbCircle
 10
1.4150584584702972
 20
3.266646253278286
 30
0.0
 40
0.125
100
AcDbArc
 50
224.0631153812632
 51
404.0631153812632
  0
LINE
  5
365
330
17
100
AcDbEntity
  8
SLOTS
100
AcDbLine
 10
9.262334574260278
 20
1.5032986547430491
 30
0.0
 11
7.653281221700983
 21
1.0055824706705179
 31
0.0
  0
LINE
  5
366
330
17
100
AcDbEntity
  8
SLOTS
100
AcDbLine
 10
7.579404197157697
 20
1.2444175293294821
 30
0.0
 11
9.188457549716992
 21
1.7421337134020134
 31
0.0
  0
ARC
  5
367
330
17
100
AcDbEntity
  8
SLOTS
100
AcDbCircle
 10
7.61634270942934
 20
1.125
 30
0.0
 40
0.125
100
AcDbArc
 50
-252.81199234455923
 51
-72.81199234455923
  0
ARC
  5
368
330
17
100
AcDbEntity
  8
SLOTS
100
AcDbCircle
 10
9.225396061988635
 20
1.6227161840725313
 30
0.0
 40
0.125
100
AcDbArc
 50
-72.81199234455923
 51
107.18800765544077
  0
LINE
  5
369
330
17
100
AcDbEntity
  8
SLOTS
100
AcDbLine
 10
10.448879233781339
 20
1.0852628285646841
 30
0.0
 11
10.191282733796823
 21
1.0055824706705179
 31
0.0
  0
LINE
  5
36A
330
17
100
AcDbEntity
  8
SLOTS
100
AcDbLine
 10
10.117405709253537
 20
1.2444175293294821
 30
0.0
 11
10.375002209238053
 21
1.3240978872236484
 31
0.0
  0
ARC
  5
36B
330
17
100
AcDbEntity
  8
SLOTS
100
AcDbCircle
 10
10.15434422152518
 20
1.125
 30
0.0
 40
0.125
100
AcDbArc
 50
-252.81199234455923
 51
-72.81199234455923
  0
ARC
  5
36C
330
17
100
AcDbEntity
  8
SLOTS
100
AcDbCircle
 10
10.411940721509696
 20
1.2046803578941663
 30
0.0
 40
0.125
100
AcDbArc
 50
-72.81199234455923
 51
107.18800765544077
  0
LINE
  5
36D
330
17
100
AcDbEntity
  8
SLOTS
100
AcDbLine
 10
1.0769549658386703
 20
15.682263326697756
 30
0.0
 11
3.325565325061196
 21
16.6184550952471
 31
0.0
  0
LINE
  5
36E
330
17
100
AcDbEntity
  8
SLOTS
100
AcDbLine
 10
3.4216553933838556
 20
16.38765930072357
 30
0.0
 11
1.1730450341613297
 21
15.45146753217423
 31
0.0
  0
ARC
  5
36F
330
17
100
AcDbEntity
  8
SLOTS
100
AcDbCircle
 10
3.3736103592225257
 20
16.503057197985335
 30
0.0
 40
0.125
100
AcDbArc
 50
-67.39596900960365
 51
112.60403099039635
  0
ARC
  5
370
330
17
100
AcDbEntity
  8
SLOTS
100
AcDbCircle
 10
1.125
 20
15.566865429435992
 30
0.0
 40
0.125
100
AcDbArc
 50
112.60403099039635
 51
292.6040309903964
  0
LINE
  5
371
330
17
100
AcDbEntity
  8
SLOTS
100
AcDbLine
 10
1.0769549658386703
 20
16.494669810910732
 30
0.0
 11
5.389764639990871
 21
18.290275216578834
 31
0.0
  0
LINE
  5
372
330
17
100
AcDbEntity
  8
SLOTS
100
AcDbLine
 10
5.485854708313531
 20
18.059479422055304
 30
0.0
 11
1.1730450341613297
 21
16.263874016387202
 31
0.0
  0
ARC
  5
373
330
17
100
AcDbEntity
  8
SLOTS
100
AcDbCircle
 10
5.437809674152201
 20
18.17487731931707
 30
0.0
 40
0.125
100
AcDbArc
 50
-67.39596900960366
 51
112.60403099039634
  0
ARC
  5
374
330
17
100
AcDbEntity
  8
SLOTS
100
AcDbCircle
 10
1.125
 20
16.379271913648967
 30
0.0
 40
0.125
100
AcDbArc
 50
112.60403099039634
 51
292.6040309903963
  0
LINE
  5
375
330
17
100
AcDbEntity
  8
SLOTS
100
AcDbLine
 10
1.0769549658386703
 20
17.307076295123714
 30
0.0
 11
5.44066286653965
 21
19.123872789115897
 31
0.0
  0
LINE
  5
376
330
17
100
AcDbEntity
  8
SLOTS
100
AcDbLine
 10
5.53675293486231
 20
18.893076994592366
 30
0.0
 11
1.1730450341613297
 21
17.076280500600184
 31
0.0
  0
ARC
  5
377
330
17
100
AcDbEntity
  8
SLOTS
100
AcDbCircle
 10
5.48870790070098
 20
19.00847489185413
 30
0.0
 40
0.125
100
AcDbArc
 50
-67.39596900960366
 51
112.60403099039634
  0
ARC
  5
378
330
17
100
AcDbEntity
  8
SLOTS
100
AcDbCircle
 10
1.125
 20
17.19167839786195
 30
0.0
 40
0.125
100
AcDbArc
 50
112.60403099039634
 51
292.6040309903963
  0
LINE
  5
379
330
17
100
AcDbEntity
  8
SLOTS
100
AcDbLine
 10
1.0769549658386703
 20
18.11948277933669
 30
0.0
 11
5.322901819412146
 21
19.887250359749267
 31
0.0
  0
LINE
  5
37A
330
17
100
AcDbEntity
  8
SLOTS
100
AcDbLine
 10
5.418991887734806
 20
19.656454565225737
 30
0.0
 11
1.1730450341613297
 21
17.88868698481316
 31
0.0
  0
ARC
  5
37B
330
17
100
AcDbEntity
  8
SLOTS
100
AcDbCircle
 10
5.370946853573476
 20
19.7718524624875
 30
0.0
 40
0.125
100
AcDbArc
 50
-67.39596900960368
 51
112.60403099039632
  0
ARC
  5
37C
330
17
100
AcDbEntity
  8
SLOTS
100
AcDbCircle
 10
1.125
 20
18.004084882074924
 30
0.0
 40
0.125
100
AcDbArc
 50
112.60403099039632
 51
292.6040309903963
  0
LINE
  5
37D
330
17
100
AcDbEntity
  8
SLOTS
100
AcDbLine
 10
1.0769549658386701
 20
18.93188926354966
 30
0.0
 11
5.205140772284641
 21
20.65062793038264
 31
0.0
  0
LINE
  5
37E
330
17
100
AcDbEntity
  8
SLOTS
100
AcDbLine
 10
5.3012308406073005
 20
20.41983213585911
 30
0.0
 11
1.1730450341613299
 21
18.70109346902613
 31
0.0
  0
ARC
  5
37F
330
17
100
AcDbEntity
  8
SLOTS
100
AcDbCircle
 10
5.253185806445971
 20
20.535230033120875
 30
0.0
 40
0.125
100
AcDbArc
 50
-67.39596900960362
 51
112.60403099039638
  0
ARC
  5
380
330
17
100
AcDbEntity
  8
SLOTS
100
AcDbCircle
 10
1.125
 20
18.816491366287895
 30
0.0
 40
0.125
100
AcDbArc
 50
112.60403099039638
 51
292.6040309903964
  0
LINE
  5
381
330
17
100
AcDbEntity
  8
SLOTS
100
AcDbLine
 10
1.0769549658386703
 20
19.744295747762642
 30
0.0
 11
5.0873797251571355
 21
21.414005501016014
 31
0.0
  0
LINE
  5
382
330
17
100
AcDbEntity
  8
SLOTS
100
AcDbLine
 10
5.183469793479795
 20
21.183209706492484
 30
0.0
 11
1.1730450341613297
 21
19.513499953239112
 31
0.0
  0
ARC
  5
383
330
17
100
AcDbEntity
  8
SLOTS
100
AcDbCircle
 10
5.135424759318465
 20
21.29860760375425
 30
0.0
 40
0.125
100
AcDbArc
 50
-67.39596900960368
 51
112.60403099039632
  0
ARC
  5
384
330
17
100
AcDbEntity
  8
SLOTS
100
AcDbCircle
 10
1.125
 20
19.628897850500877
 30
0.0
 40
0.125
100
AcDbArc
 50
112.60403099039632
 51
292.6040309903963
  0
LINE
  5
385
330
17
100
AcDbEntity
  8
SLOTS
100
AcDbLine
 10
1.0769549658386703
 20
20.556702231975617
 30
0.0
 11
3.690847695454968
 21
21.644976528721205
 31
0.0
  0
LINE
  5
386
330
17
100
AcDbEntity
  8
SLOTS
100
AcDbLine
 10
3.786937763777627
 20
21.414180734197675
 30
0.0
 11
1.1730450341613297
 21
20.325906437452087
 31
0.0
  0
ARC
  5
387
330
17
100
AcDbEntity
  8
SLOTS
100
AcDbCircle
 10
3.7388927296162975
 20
21.52957863145944
 30
0.0
 40
0.125
100
AcDbArc
 50
-67.39596900960373
 51
112.60403099039627
  0
ARC
  5
388
330
17
100
AcDbEntity
  8
SLOTS
100
AcDbCircle
 10
1.125
 20
20.441304334713852
 30
0.0
 40
0.125
100
AcDbArc
 50
112.60403099039627
 51
292.60403099039627
  0
LINE
  5
389
330
17
100
AcDbEntity
  8
SLOTS
100
AcDbLine
 10
17.05987257198592
 20
1.2413370071719056
 30
0.0
 11
18.009138126929845
 21
1.6144288672866367
 31
0.0
  0
LINE
  5
38A
330
17
100
AcDbEntity
  8
SLOTS
100
AcDbLine
 10
18.100586489677003
 20
1.3817548529428254
 30
0.0
 11
17.15132093473308
 21
1.0086629928280944
 31
0.0
  0
ARC
  5
38B
330
17
100
AcDbEntity
  8
SLOTS
100
AcDbCircle
 10
18.054862308303424
 20
1.498091860114731
 30
0.0
 40
0.125
100
AcDbArc
 50
-68.5435788121562
 51
111.4564211878438
  0
ARC
  5
38C
330
17
100
AcDbEntity
  8
SLOTS
100
AcDbCircle
 10
17.1055967533595
 20
1.125
 30
0.0
 40
0.125
100
AcDbArc
 50
111.4564211878438
 51
291.4564211878438
  0
LINE
  5
38D
330
17
100
AcDbEntity
  8
SLOTS
100
AcDbLine
 10
16.845247352853026
 20
1.9628308773811889
 30
0.0
 11
19.426244120454314
 21
2.977245526642697
 31
0.0
  0
LINE
  5
38E
330
17
100
AcDbEntity
  8
SLOTS
100
AcDbLine
 10
19.517692483201472
 20
2.744571512298885
 30
0.0
 11
16.936695715600184
 21
1.7301568630373771
 31
0.0
  0
ARC
  5
38F
330
17
100
AcDbEntity
  8
SLOTS
100
AcDbCircle
 10
19.471968301827893
 20
2.860908519470791
 30
0.0
 40
0.125
100
AcDbArc
 50
-68.54357881215623
 51
111.45642118784377
  0
ARC
  5
390
330
17
100
AcDbEntity
  8
SLOTS
100
AcDbCircle
 10
16.890971534226605
 20
1.846493870209283
 30
0.0
 40
0.125
100
AcDbArc
 50
111.45642118784377
 51
291.4564211878438
  0
LINE
  5
391
330
17
100
AcDbEntity
  8
SLOTS
100
AcDbLine
 10
16.75212862752131
 20
2.732080703289274
 30
0.0
 11
20.843350113978783
 21
4.3400621859987565
 31
0.0
  0
LINE
  5
392
330
17
100
AcDbEntity
  8
SLOTS
100
AcDbLine
 10
20.93479847672594
 20
4.107388171654946
 30
0.0
 11
16.843576990268467
 21
2.4994066889454625
 31
0.0
  0
ARC
  5
393
330
17
100
AcDbEntity
  8
SLOTS
100
AcDbCircle
 10
20.889074295352362
 20
4.223725178826851
 30
0.0
 40
0.125
100
AcDbArc
 50
-68.54357881215624
 51
111.45642118784376
  0
ARC
  5
394
330
17
100
AcDbEntity
  8
SLOTS
100
AcDbCircle
 10
16.797852808894888
 20
2.6157436961173683
 30
0.0
 40
0.125
100
AcDbArc
 50
111.45642118784376
 51
291.4564211878438
  0
LINE
  5
395
330
17
100
AcDbEntity
  8
SLOTS
100
AcDbLine
 10
16.659009902189595
 20
3.5013305291973587
 30
0.0
 11
21.37514827272715
 21
5.35492442403351
 31
0.0
  0
LINE
  5
396
330
17
100
AcDbEntity
  8
SLOTS
100
AcDbLine
 10
21.466596635474307
 20
5.122250409689699
 30
0.0
 11
16.750458264936753
 21
3.268656514853547
 31
0.0
  0
ARC
  5
397
330
17
100
AcDbEntity
  8
SLOTS
100
AcDbCircle
 10
21.420872454100728
 20
5.238587416861605
 30
0.0
 40
0.125
100
AcDbArc
 50
-68.54357881215624
 51
111.45642118784376
  0
ARC
  5
398
330
17
100
AcDbEntity
  8
SLOTS
100
AcDbCircle
 10
16.704734083563174
 20
3.384993522025453
 30
0.0
 40
0.125
100
AcDbArc
 50
111.45642118784376
 51
291.4564211878438
  0
LINE
  5
399
330
17
100
AcDbEntity
  8
SLOTS
100
AcDbLine
 10
16.56589117685788
 20
4.2705803551054435
 30
0.0
 11
20.60748315609364
 21
5.859055847031325
 31
0.0
  0
LINE
  5
39A
330
17
100
AcDbEntity
  8
SLOTS
100
AcDbLine
 10
20.698931518840798
 20
5.626381832687514
 30
0.0
 11
16.657339539605037
 21
4.037906340761633
 31
0.0
  0
ARC
  5
39B
330
17
100
AcDbEntity
  8
SLOTS
100
AcDbCircle
 10
20.65320733746722
 20
5.742718839859419
 30
0.0
 40
0.125
100
AcDbArc
 50
-68.54357881215626
 51
111.45642118784374
  0
ARC
  5
39C
330
17
100
AcDbEntity
  8
SLOTS
100
AcDbCircle
 10
16.611615358231457
 20
4.154243347933538
 30
0.0
 40
0.125
100
AcDbArc
 50
111.45642118784374
 51
291.4564211878438
  0
LINE
  5
39D
330
17
100
AcDbEntity
  8
SLOTS
100
AcDbLine
 10
16.472772451526165
 20
5.039830181013529
 30
0.0
 11
19.83981803946013
 21
6.363187270029139
 31
0.0
  0
LINE
  5
39E
330
17
100
AcDbEntity
  8
SLOTS
100
AcDbLine
 10
19.93126640220729
 20
6.130513255685329
 30
0.0
 11
16.564220814273323
 21
4.807156166669718
 31
0.0
  0
ARC
  5
39F
330
17
100
AcDbEntity
  8
SLOTS
100
AcDbCircle
 10
19.88554222083371
 20
6.246850262857234
 30
0.0
 40
0.125
100
AcDbArc
 50
-68.54357881215623
 51
111.45642118784377
  0
ARC
  5
3A0
330
17
100
AcDbEntity
  8
SLOTS
100
AcDbCircle
 10
16.518496632899744
 20
4.923493173841623
 30
0.0
 40
0.125
100
AcDbArc
 50
111.45642118784377
 51
291.4564211878438
  0
LINE
  5
3A1
330
17
100
AcDbEntity
  8
SLOTS
100
AcDbLine
 10
16.379653726194448
 20
5.809080006921613
 30
0.0
 11
19.07215292282662
 21
6.867318693026954
 31
0.0
  0
LINE
  5
3A2
330
17
100
AcDbEntity
  8
SLOTS
100
AcDbLine
 10
19.16360128557378
 20
6.634644678683143
 30
0.0
 11
16.471102088941606
 21
5.5764059925778025
 31
0.0
  0
ARC
  5
3A3
330
17
100
AcDbEntity
  8
SLOTS
100
AcDbCircle
 10
19.1178771042002
 20
6.750981685855049
 30
0.0
 40
0.125
100
AcDbArc
 50
-68.54357881215623
 51
111.45642118784377
  0
ARC
  5
3A4
330
17
100
AcDbEntity
  8
SLOTS
100
AcDbCircle
 10
16.425377907568027
 20
5.692742999749708
 30
0.0
 40
0.125
100
AcDbArc
 50
111.45642118784377
 51
291.4564211878438
  0
LINE
  5
3A5
330
17
100
AcDbEntity
  8
SLOTS
100
AcDbLine
 10
16.28653500086273
 20
6.578329832829699
 30
0.0
 11
18.304487806193112
 21
7.371450116024769
 31
0.0
  0
LINE
  5
3A6
330
17
100
AcDbEntity
  8
SLOTS
100
AcDbLine
 10
18.39593616894027
 20
7.138776101680958
 30
0.0
 11
16.37798336360989
 21
6.345655818485888
 31
0.0
  0
ARC
  5
3A7
330
17
100
AcDbEntity
  8
SLOTS
100
AcDbCircle
 10
18.35021198756669
 20
7.255113108852863
 30
0.0
 40
0.125
100
AcDbArc
 50
-68.54357881215624
 51
111.45642118784376
  0
ARC
  5
3A8
330
17
100
AcDbEntity
  8
SLOTS
100
AcDbCircle
 10
16.33225918223631
 20
6.461992825657793
 30
0.0
 40
0.125
100
AcDbArc
 50
111.45642118784376
 51
291.4564211878438
  0
LINE
  5
3A9
330
17
100
AcDbEntity
  8
SLOTS
100
AcDbLine
 10
16.193416275531018
 20
7.347579658737785
 30
0.0
 11
17.536822689559603
 21
7.875581539022584
 31
0.0
  0
LINE
  5
3AA
330
17
100
AcDbEntity
  8
SLOTS
100
AcDbLine
 10
17.62827105230676
 20
7.642907524678773
 30
0.0
 11
16.284864638278176
 21
7.114905644393974
 31
0.0
  0
ARC
  5
3AB
330
17
100
AcDbEntity
  8
SLOTS
100
AcDbCircle
 10
17.582546870933182
 20
7.759244531850679
 30
0.0
 40
0.125
100
AcDbArc
 50
-68.5435788121562
 51
111.4564211878438
  0
ARC
  5
3AC
330
17
100
AcDbEntity
  8
SLOTS
100
AcDbCircle
 10
16.239140456904597
 20
7.231242651565879
 30
0.0
 40
0.125
100
AcDbArc
 50
111.4564211878438
 51
291.4564211878438
  0
LINE
  5
3AD
330
17
100
AcDbEntity
  8
SLOTS
100
AcDbLine
 10
16.1002975501993
 20
8.11682948464587
 30
0.0
 11
16.769157572926098
 21
8.379712962020397
 31
0.0
  0
LINE
  5
3AE
330
17
100
AcDbEntity
  8
SLOTS
100
AcDbLine
 10
16.860605935673256
 20
8.147038947676586
 30
0.0
 11
16.19174591294646
 21
7.8841554703020575
 31
0.0
  0
ARC
  5
3AF
330
17
100
AcDbEntity
  8
SLOTS
100
AcDbCircle
 10
16.814881754299677
 20
8.263375954848492
 30
0.0
 40
0.125
100
AcDbArc
 50
-68.54357881215637
 51
111.45642118784363
  0
ARC
  5
3B0
330
17
100
AcDbEntity
  8
SLOTS
100
AcDbCircle
 10
16.14602173157288
 20
8.000492477473964
 30
0.0
 40
0.125
100
AcDbArc
 50
111.45642118784363
 51
291.4564211878436
  0
LINE
  5
3B1
330
17
100
AcDbEntity
  8
SLOTS
100
AcDbLine
 10
22.416503296488838
 20
1.1591501863431706
 30
0.0
 11
22.539514841681147
 21
1.5922803128096308
 31
0.0
  0
LINE
  5
3B2
330
17
100
AcDbEntity
  8
SLOTS
100
AcDbLine
 10
22.78000404952821
 20
1.5239799401232896
 30
0.0
 11
22.6569925043359
 21
1.0908498136568294
 31
0.0
  0
ARC
  5
3B3
330
17
100
AcDbEntity
  8
SLOTS
100
AcDbCircle
 10
22.659759445604678
 20
1.5581301264664602
 30
0.0
 40
0.125
100
AcDbArc
 50
-15.854863385042663
 51
164.14513661495732
  0
ARC
  5
3B4
330
17
100
AcDbEntity
  8
SLOTS
100
AcDbCircle
 10
22.53674790041237
 20
1.125
 30
0.0
 40
0.125
100
AcDbArc
 50
164.14513661495732
 51
344.1451366149573
  0
LINE
  5
3B5
330
17
100
AcDbEntity
  8
SLOTS
100
AcDbLine
 10
21.636842530508684
 20
1.1591501863431701
 30
0.0
 11
22.454710725925707
 21
4.0389071584230845
 31
0.0
  0
LINE
  5
3B6
330
17
100
AcDbEntity
  8
SLOTS
100
AcDbLine
 10
22.69519993377277
 20
3.9706067857367437
 30
0.0
 11
21.877331738355746
 21
1.0908498136568299
 31
0.0
  0
ARC
  5
3B7
330
17
100
AcDbEntity
  8
SLOTS
100
AcDbCircle
 10
22.57495532984924
 20
4.004756972079914
 30
0.0
 40
0.125
100
AcDbArc
 50
-15.854863385042478
 51
164.14513661495752
  0
ARC
  5
3B8
330
17
100
AcDbEntity
  8
SLOTS
100
AcDbCircle
 10
21.757087134432215
 20
1.125
 30
0.0
 40
0.125
100
AcDbArc
 50
164.14513661495752
 51
344.14513661495755
  0
LINE
  5
3B9
330
17
100
AcDbEntity
  8
SLOTS
100
AcDbLine
 10
20.85718176452853
 20
1.1591501863431701
 30
0.0
 11
21.694558560249114
 21
4.107597967106567
 31
0.0
  0
LINE
  5
3BA
330
17
100
AcDbEntity
  8
SLOTS
100
AcDbLine
 10
21.935047768096176
 20
4.039297594420226
 30
0.0
 11
21.097670972375592
 21
1.0908498136568299
 31
0.0
  0
ARC
  5
3BB
330
17
100
AcDbEntity
  8
SLOTS
100
AcDbCircle
 10
21.814803164172645
 20
4.073447780763397
 30
0.0
 40
0.125
100
AcDbArc
 50
-15.854863385042478
 51
164.14513661495752
  0
ARC
  5
3BC
330
17
100
AcDbEntity
  8
SLOTS
100
AcDbCircle
 10
20.97742636845206
 20
1.125
 30
0.0
 40
0.125
100
AcDbArc
 50
164.14513661495752
 51
344.14513661495755
  0
LINE
  5
3BD
330
17
100
AcDbEntity
  8
SLOTS
100
AcDbLine
 10
20.07752099854838
 20
1.1591501863431701
 30
0.0
 11
20.621937372641028
 21
3.076068899887685
 31
0.0
  0
LINE
  5
3BE
330
17
100
AcDbEntity
  8
SLOTS
100
AcDbLine
 10
20.86242658048809
 20
3.007768527201345
 30
0.0
 11
20.318010206395442
 21
1.0908498136568299
 31
0.0
  0
ARC
  5
3BF
330
17
100
AcDbEntity
  8
SLOTS
100
AcDbCircle
 10
20.74218197656456
 20
3.041918713544515
 30
0.0
 40
0.125
100
AcDbArc
 50
-15.854863385042435
 51
164.14513661495755
  0
ARC
  5
3C0
330
17
100
AcDbEntity
  8
SLOTS
100
AcDbCircle
 10
20.19776560247191
 20
1.125
 30
0.0
 40
0.125
100
AcDbArc
 50
164.14513661495755
 51
344.14513661495755
  0
LINE
  5
3C1
330
17
100
AcDbEntity
  8
SLOTS
100
AcDbLine
 10
19.297860232568226
 20
1.1591501863431704
 30
0.0
 11
19.549316185032943
 21
2.0445398326688036
 31
0.0
  0
LINE
  5
3C2
330
17
100
AcDbEntity
  8
SLOTS
100
AcDbLine
 10
19.789805392880005
 20
1.976239459982463
 30
0.0
 11
19.53834944041529
 21
1.0908498136568296
 31
0.0
  0
ARC
  5
3C3
330
17
100
AcDbEntity
  8
SLOTS
100
AcDbCircle
 10
19.669560788956474
 20
2.0103896463256334
 30
0.0
 40
0.125
100
AcDbArc
 50
-15.854863385042506
 51
164.1451366149575
  0
ARC
  5
3C4
330
17
100
AcDbEntity
  8
SLOTS
100
AcDbCircle
 10
19.418104836491757
 20
1.125
 30
0.0
 40
0.125
100
AcDbArc
 50
164.1451366149575
 51
344.1451366149575
  0
LINE
  5
3C5
330
17
100
AcDbEntity
  8
SLOTS
100
AcDbLine
 10
14.628739135762112
 20
8.632264985285655
 30
0.0
 11
14.461663409005299
 21
8.274882464267945
 31
0.0
  0
LINE
  5
3C6
330
17
100
AcDbEntity
  8
SLOTS
100
AcDbLine
 10
14.23518985341448
 20
8.380758470133548
 30
0.0
 11
14.402265580171294
 21
8.738140991151258
 31
0.0
  0
ARC
  5
3C7
330
17
100
AcDbEntity
  8
SLOTS
100
AcDbCircle
 10
14.34842663120989
 20
8.327820467200747
 30
0.0
 40
0.125
100
AcDbArc
 50
-205.05600965455704
 51
-25.056009654557045
  0
ARC
  5
3C8
330
17
100
AcDbEntity
  8
SLOTS
100
AcDbCircle
 10
14.515502357966703
 20
8.685202988218457
 30
0.0
 40
0.125
100
AcDbArc
 50
-25.056009654557045
 51
154.94399034544296
  0
LINE
  5
3C9
330
17
100
AcDbEntity
  8
SLOTS
100
AcDbLine
 10
15.428251714920744
 20
8.57151898900653
 30
0.0
 11
14.465528039314977
 21
6.5122095913450675
 31
0.0
  0
LINE
  5
3CA
330
17
100
AcDbEntity
  8
SLOTS
100
AcDbLine
 10
14.239054483724159
 20
6.618085597210671
 30
0.0
 11
15.201778159329926
 21
8.677394994872133
 31
0.0
  0
ARC
  5
3CB
330
17
100
AcDbEntity
  8
SLOTS
100
AcDbCircle
 10
14.352291261519568
 20
6.565147594277869
 30
0.0
 40
0.125
100
AcDbArc
 50
-205.0560096545571
 51
-25.0560096545571
  0
ARC
  5
3CC
330
17
100
AcDbEntity
  8
SLOTS
100
AcDbCircle
 10
15.315014937125335
 20
8.624456991939331
 30
0.0
 40
0.125
100
AcDbArc
 50
-25.0560096545571
 51
154.9439903454429
  0
LINE
  5
3CD
330
17
100
AcDbEntity
  8
SLOTS
100
AcDbLine
 10
15.598534316293623
 20
7.1648216679828645
 30
0.0
 11
14.469392669624657
 21
4.749536718422191
 31
0.0
  0
LINE
  5
3CE
330
17
100
AcDbEntity
  8
SLOTS
100
AcDbLine
 10
14.242919114033839
 20
4.8554127242877945
 30
0.0
 11
15.372060760702805
 21
7.270697673848468
 31
0.0
  0
ARC
  5
3CF
330
17
100
AcDbEntity
  8
SLOTS
100
AcDbCircle
 10
14.356155891829248
 20
4.802474721354993
 30
0.0
 40
0.125
100
AcDbArc
 50
-205.05600965455707
 51
-25.056009654557073
  0
ARC
  5
3D0
330
17
100
AcDbEntity
  8
SLOTS
100
AcDbCircle
 10
15.485297538498214
 20
7.217759670915666
 30
0.0
 40
0.125
100
AcDbArc
 50
-25.056009654557073
 51
154.94399034544293
  0
LINE
  5
3D1
330
17
100
AcDbEntity
  8
SLOTS
100
AcDbLine
 10
15.768816917666502
 20
5.758124346959203
 30
0.0
 11
14.473257299934337
 21
2.986863845499318
 31
0.0
  0
LINE
  5
3D2
330
17
100
AcDbEntity
  8
SLOTS
100
AcDbLine
 10
14.246783744343519
 20
3.0927398513649216
 30
0.0
 11
15.542343362075684
 21
5.864000352824807
 31
0.0
  0
ARC
  5
3D3
330
17
100
AcDbEntity
  8
SLOTS
100
AcDbCircle
 10
14.360020522138928
 20
3.03980184843212
 30
0.0
 40
0.125
100
AcDbArc
 50
-205.05600965455707
 51
-25.056009654557073
  0
ARC
  5
3D4
330
17
100
AcDbEntity
  8
SLOTS
100
AcDbCircle
 10
15.655580139871093
 20
5.811062349892005
 30
0.0
 40
0.125
100
AcDbArc
 50
-25.056009654557073
 51
154.94399034544293
  0
LINE
  5
3D5
330
17
100
AcDbEntity
  8
SLOTS
100
AcDbLine
 10
15.939099519039381
 20
4.351427025935542
 30
0.0
 11
14.477121930244016
 21
1.224190972576445
 31
0.0
  0
LINE
  5
3D6
330
17
100
AcDbEntity
  8
SLOTS
100
AcDbLine
 10
14.250648374653197
 20
1.330066978442049
 30
0.0
 11
15.712625963448563
 21
4.457303031801145
 31
0.0
  0
ARC
  5
3D7
330
17
100
AcDbEntity
  8
SLOTS
100
AcDbCircle
 10
14.363885152448606
 20
1.277128975509247
 30
0.0
 40
0.125
100
AcDbArc
 50
-205.05600965455707
 51
-25.056009654557073
  0
ARC
  5
3D8
330
17
100
AcDbEntity
  8
SLOTS
100
AcDbCircle
 10
15.825862741243972
 20
4.404365028868344
 30
0.0
 40
0.125
100
AcDbArc
 50
-25.056009654557073
 51
154.94399034544293
  0
LINE
  5
3D9
330
17
100
AcDbEntity
  8
SLOTS
100
AcDbLine
 10
16.10938212041226
 20
2.9447297049118775
 30
0.0
 11
15.233913120498128
 21
1.0720619970671983
 31
0.0
  0
LINE
  5
3DA
330
17
100
AcDbEntity
  8
SLOTS
100
AcDbLine
 10
15.00743956490731
 20
1.1779380029328017
 30
0.0
 11
15.882908564821442
 21
3.050605710777481
 31
0.0
  0
ARC
  5
3DB
330
17
100
AcDbEntity
  8
SLOTS
100
AcDbCircle
 10
15.120676342702719
 20
1.125
 30
0.0
 40
0.125
100
AcDbArc
 50
-205.05600965455704
 51
-25.056009654557045
  0
ARC
  5
3DC
330
17
100
AcDbEntity
  8
SLOTS
100
AcDbCircle
 10
15.99614534261685
 20
2.997667707844679
 30
0.0
 40
0.125
100
AcDbArc
 50
-25.056009654557045
 51
154.94399034544296
  0
LINE
  5
3DD
330
17
100
AcDbEntity
  8
SLOTS
100
AcDbLine
 10
16.27966472178514
 20
1.5380323838882106
 30
0.0
 11
16.061824350623237
 21
1.0720619970671978
 31
0.0
  0
LINE
  5
3DE
330
17
100
AcDbEntity
  8
SLOTS
100
AcDbLine
 10
15.83535079503242
 20
1.1779380029328022
 30
0.0
 11
16.053191166194324
 21
1.643908389753815
 31
0.0
  0
ARC
  5
3DF
330
17
100
AcDbEntity
  8
SLOTS
100
AcDbCircle
 10
15.948587572827828
 20
1.125
 30
0.0
 40
0.125
100
AcDbArc
 50
-205.05600965455722
 51
-25.05600965455723
  0
ARC
  5
3E0
330
17
100
AcDbEntity
  8
SLOTS
100
AcDbCircle
 10
16.16642794398973
 20
1.5909703868210128
 30
0.0
 40
0.125
100
AcDbArc
 50
-25.05600965455723
 51
154.94399034544278
  0
LINE
  5
3E1
330
17
100
AcDbEntity
  8
SLOTS
100
AcDbLine
 10
20.556975707217262
 20
22.460438695683248
 30
0.0
 11
20.062202830527724
 21
22.16546828735559
 31
0.0
  0
LINE
  5
3E2
330
17
100
AcDbEntity
  8
SLOTS
100
AcDbLine
 10
19.934183603399653
 20
22.38020318783879
 30
0.0
 11
20.42895648008919
 21
22.67517359616645
 31
0.0
  0
ARC
  5
3E3
330
17
100
AcDbEntity
  8
SLOTS
100
AcDbCircle
 10
19.99819321696369
 20
22.27283573759719
 30
0.0
 40
0.125
100
AcDbArc
 50
-239.1977291372502
 51
-59.19772913725021
  0
ARC
  5
3E4
330
17
100
AcDbEntity
  8
SLOTS
100
AcDbCircle
 10
20.492966093653227
 20
22.56780614592485
 30
0.0
 40
0.125
100
AcDbArc
 50
-59.19772913725021
 51
120.8022708627498
  0
LINE
  5
3E5
330
17
100
AcDbEntity
  8
SLOTS
100
AcDbLine
 10
22.812461759606744
 20
22.93192973415547
 30
0.0
 11
20.2240248822964
 21
21.388772623888705
 31
0.0
  0
LINE
  5
3E6
330
17
100
AcDbEntity
  8
SLOTS
100
AcDbLine
 10
20.096005655168323
 20
21.603507524371906
 30
0.0
 11
22.684442532478666
 21
23.14666463463867
 31
0.0
  0
ARC
  5
3E7
330
17
100
AcDbEntity
  8
SLOTS
100
AcDbCircle
 10
20.160015268732362
 20
21.496140074130306
 30
0.0
 40
0.125
100
AcDbArc
 50
-239.19772913725006
 51
-59.197729137250064
  0
ARC
  5
3E8
330
17
100
AcDbEntity
  8
SLOTS
100
AcDbCircle
 10
22.748452146042705
 20
23.03929718439707
 30
0.0
 40
0.125
100
AcDbArc
 50
-59.197729137250064
 51
120.80227086274994
  0
LINE
  5
3E9
330
17
100
AcDbEntity
  8
SLOTS
100
AcDbLine
 10
18.057137304563263
 20
25.28248631253711
 30
0.0
 11
16.460205434892977
 21
25.76625977854307
 31
0.0
  0
LINE
  5
3EA
330
17
100
AcDbEntity
  8
SLOTS
100
AcDbLine
 10
16.532687347069945
 20
26.005521920151747
 30
0.0
 11
18.12961921674023
 21
25.521748454145786
 31
0.0
  0
ARC
  5
3EB
330
17
100
AcDbEntity
  8
SLOTS
100
AcDbCircle
 10
16.49644639098146
 20
25.88589084934741
 30
0.0
 40
0.125
100
AcDbArc
 50
73.1463754934791
 51
253.1463754934791
  0
ARC
  5
3EC
330
17
100
AcDbEntity
  8
SLOTS
100
AcDbCircle
 10
18.093378260651747
 20
25.402117383341448
 30
0.0
 40
0.125
100
AcDbArc
 50
253.1463754934791
 51
433.1463754934791
  0
LINE
  5
3ED
330
17
100
AcDbEntity
  8
SLOTS
100
AcDbLine
 10
18.39827726907555
 20
24.39548231131515
 30
0.0
 11
15.141307403361338
 21
25.382146570785935
 31
0.0
  0
LINE
  5
3EE
330
17
100
AcDbEntity
  8
SLOTS
100
AcDbLine
 10
15.213789315538303
 20
25.62140871239461
 30
0.0
 11
18.470759181252518
 21
24.634744452923826
 31
0.0
  0
ARC
  5
3EF
330
17
100
AcDbEntity
  8
SLOTS
100
AcDbCircle
 10
15.17754835944982
 20
25.501777641590273
 30
0.0
 40
0.125
100
AcDbArc
 50
73.14637549347913
 51
253.14637549347913
  0
ARC
  5
3F0
330
17
100
AcDbEntity
  8
SLOTS
100
AcDbCircle
 10
18.434518225164034
 20
24.515113382119488
 30
0.0
 40
0.125
100
AcDbArc
 50
253.14637549347913
 51
433.1463754934791
  0
LINE
  5
3F1
330
17
100
AcDbEntity
  8
SLOTS
100
AcDbLine
 10
18.739417233587833
 20
23.50847831009319
 30
0.0
 11
13.822409371829695
 21
24.9980333630288
 31
0.0
  0
LINE
  5
3F2
330
17
100
AcDbEntity
  8
SLOTS
100
AcDbLine
 10
13.89489128400666
 20
25.237295504637476
 30
0.0
 11
18.8118991457648
 21
23.747740451701866
 31
0.0
  0
ARC
  5
3F3
330
17
100
AcDbEntity
  8
SLOTS
100
AcDbCircle
 10
13.858650327918177
 20
25.117664433833138
 30
0.0
 40
0.125
100
AcDbArc
 50
73.14637549347913
 51
253.14637549347913
  0
ARC
  5
3F4
330
17
100
AcDbEntity
  8
SLOTS
100
AcDbCircle
 10
18.775658189676317
 20
23.628109380897527
 30
0.0
 40
0.125
100
AcDbArc
 50
253.14637549347913
 51
433.1463754934791
  0
LINE
  5
3F5
330
17
100
AcDbEntity
  8
SLOTS
100
AcDbLine
 10
19.080557198100124
 20
22.62147430887122
 30
0.0
 11
12.917591367927571
 21
24.488479030340304
 31
0.0
  0
LINE
  5
3F6
330
17
100
AcDbEntity
  8
SLOTS
100
AcDbLine
 10
12.990073280104536
 20
24.72774117194898
 30
0.0
 11
19.153039110277092
 21
22.860736450479898
 31
0.0
  0
ARC
  5
3F7
330
17
100
AcDbEntity
  8
SLOTS
100
AcDbCircle
 10
12.953832324016053
 20
24.608110101144643
 30
0.0
 40
0.125
100
AcDbArc
 50
73.14637549347913
 51
253.14637549347913
  0
ARC
  5
3F8
330
17
100
AcDbEntity
  8
SLOTS
100
AcDbCircle
 10
19.116798154188608
 20
22.74110537967556
 30
0.0
 40
0.125
100
AcDbArc
 50
253.14637549347913
 51
433.1463754934791
  0
LINE
  5
3F9
330
17
100
AcDbEntity
  8
SLOTS
100
AcDbLine
 10
19.27375117229134
 20
21.77928896640274
 30
0.0
 11
12.927918744151595
 21
23.70169117200718
 31
0.0
  0
LINE
  5
3FA
330
17
100
AcDbEntity
  8
SLOTS
100
AcDbLine
 10
13.00040065632856
 20
23.940953313615857
 30
0.0
 11
19.34623308446831
 21
22.018551108011415
 31
0.0
  0
ARC
  5
3FB
330
17
100
AcDbEntity
  8
SLOTS
100
AcDbCircle
 10
12.964159700240078
 20
23.82132224281152
 30
0.0
 40
0.125
100
AcDbArc
 50
73.1463754934791
 51
253.1463754934791
  0
ARC
  5
3FC
330
17
100
AcDbEntity
  8
SLOTS
100
AcDbCircle
 10
19.309992128379825
 20
21.898920037207077
 30
0.0
 40
0.125
100
AcDbArc
 50
253.1463754934791
 51
433.1463754934791
  0
LINE
  5
3FD
330
17
100
AcDbEntity
  8
SLOTS
100
AcDbLine
 10
18.925018758911154
 20
21.10127443911727
 30
0.0
 11
13.13653725497047
 21
22.854833130792045
 31
0.0
  0
LINE
  5
3FE
330
17
100
AcDbEntity
  8
SLOTS
100
AcDbLine
 10
13.209019167147435
 20
23.094095272400722
 30
0.0
 11
18.997500671088122
 21
21.340536580725946
 31
0.0
  0
ARC
  5
3FF
330
17
100
AcDbEntity
  8
SLOTS
100
AcDbCircle
 10
13.172778211058953
 20
22.974464201596383
 30
0.0
 40
0.125
100
AcDbArc
 50
73.1463754934791
 51
253.1463754934791
  0
ARC
  5
400
330
17
100
AcDbEntity
  8
SLOTS
100
AcDbCircle
 10
18.96125971499964
 20
21.220905509921607
 30
0.0
 40
0.125
100
AcDbArc
 50
253.1463754934791
 51
433.1463754934791
  0
LINE
  5
401
330
17
100
AcDbEntity
  8
SLOTS
100
AcDbLine
 10
18.05955388506652
 20
20.579798495690287
 30
0.0
 11
13.345155765789347
 21
22.007975089576902
 31
0.0
  0
LINE
  5
402
330
17
100
AcDbEntity
  8
SLOTS
100
AcDbLine
 10
13.417637677966312
 20
22.24723723118558
 30
0.0
 11
18.13203579724349
 21
20.819060637298964
 31
0.0
  0
ARC
  5
403
330
17
100
AcDbEntity
  8
SLOTS
100
AcDbCircle
 10
13.38139672187783
 20
22.12760616038124
 30
0.0
 40
0.125
100
AcDbArc
 50
73.14637549347916
 51
253.14637549347916
  0
ARC
  5
404
330
17
100
AcDbEntity
  8
SLOTS
100
AcDbCircle
 10
18.095794841155005
 20
20.699429566494626
 30
0.0
 40
0.125
100
AcDbArc
 50
253.14637549347916
 51
433.1463754934791
  0
LINE
  5
405
330
17
100
AcDbEntity
  8
SLOTS
100
AcDbLine
 10
17.19408901122189
 20
20.058322552263306
 30
0.0
 11
13.553774276608221
 21
21.161117048361767
 31
0.0
  0
LINE
  5
406
330
17
100
AcDbEntity
  8
SLOTS
100
AcDbLine
 10
13.626256188785186
 20
21.400379189970444
 30
0.0
 11
17.26657092339886
 21
20.297584693871983
 31
0.0
  0
ARC
  5
407
330
17
100
AcDbEntity
  8
SLOTS
100
AcDbCircle
 10
13.590015232696704
 20
21.280748119166105
 30
0.0
 40
0.125
100
AcDbArc
 50
73.14637549347916
 51
253.14637549347916
  0
ARC
  5
408
330
17
100
AcDbEntity
  8
SLOTS
100
AcDbCircle
 10
17.230329967310375
 20
20.177953623067644
 30
0.0
 40
0.125
100
AcDbArc
 50
253.14637549347916
 51
433.1463754934791
  0
LINE
  5
409
330
17
100
AcDbEntity
  8
SLOTS
100
AcDbLine
 10
15.393340868065097
 20
19.820180693079973
 30
0.0
 11
13.762392787427098
 21
20.31425900714663
 31
0.0
  0
LINE
  5
40A
330
17
100
AcDbEntity
  8
SLOTS
100
AcDbLine
 10
13.834874699604063
 20
20.55352114875531
 30
0.0
 11
15.465822780242062
 21
20.05944283468865
 31
0.0
  0
ARC
  5
40B
330
17
100
AcDbEntity
  8
SLOTS
100
AcDbCircle
 10
13.79863374351558
 20
20.43389007795097
 30
0.0
 40
0.125
100
AcDbArc
 50
73.14637549347913
 51
253.14637549347913
  0
ARC
  5
40C
330
17
100
AcDbEntity
  8
SLOTS
100
AcDbCircle
 10
15.42958182415358
 20
19.93981176388431
 30
0.0
 40
0.125
100
AcDbArc
 50
253.14637549347913
 51
433.1463754934791
  0
LINE
  5
40D
330
17
100
AcDbEntity
  8
SLOTS
100
AcDbLine
 10
4.697569096609598
 20
8.176311463254432
 30
0.0
 11
4.223204781839249
 21
9.64356021422218
 31
0.0
  0
LINE
  5
40E
330
17
100
AcDbEntity
  8
SLOTS
100
AcDbLine
 10
4.461081756437957
 20
9.720466293018113
 30
0.0
 11
4.935446071208306
 21
8.253217542050365
 31
0.0
  0
ARC
  5
40F
330
17
100
AcDbEntity
  8
SLOTS
100
AcDbCircle
 10
4.342143269138603
 20
9.682013253620147
 30
0.0
 40
0.125
100
AcDbArc
 50
17.916118870925644
 51
197.91611887092563
  0
ARC
  5
410
330
17
100
AcDbEntity
  8
SLOTS
100
AcDbCircle
 10
4.816507583908952
 20
8.214764502652399
 30
0.0
 40
0.125
100
AcDbArc
 50
197.91611887092563
 51
377.91611887092563
  0
LINE
  5
411
330
17
100
AcDbEntity
  8
SLOTS
100
AcDbLine
 10
4.142950356134882
 20
7.453755160421992
 30
0.0
 11
3.1606841045270615
 21
10.491987350141155
 31
0.0
  0
LINE
  5
412
330
17
100
AcDbEntity
  8
SLOTS
100
AcDbLine
 10
3.398561079125768
 20
10.568893428937088
 30
0.0
 11
4.38082733073359
 21
7.530661239217925
 31
0.0
  0
ARC
  5
413
330
17
100
AcDbEntity
  8
SLOTS
100
AcDbCircle
 10
3.279622591826415
 20
10.530440389539121
 30
0.0
 40
0.125
100
AcDbArc
 50
17.916118870925644
 51
197.91611887092563
  0
ARC
  5
414
330
17
100
AcDbEntity
  8
SLOTS
100
AcDbCircle
 10
4.261888843434236
 20
7.492208199819959
 30
0.0
 40
0.125
100
AcDbArc
 50
197.91611887092563
 51
377.91611887092563
  0
LINE
  5
415
330
17
100
AcDbEntity
  8
SLOTS
100
AcDbLine
 10
3.4737115849128215
 20
7.085728259809335
 30
0.0
 11
2.0981634272148746
 21
11.340414486060128
 31
0.0
  0
LINE
  5
416
330
17
100
AcDbEntity
  8
SLOTS
100
AcDbLine
 10
2.336040401813581
 20
11.41732056485606
 30
0.0
 11
3.711588559511528
 21
7.162634338605268
 31
0.0
  0
ARC
  5
417
330
17
100
AcDbEntity
  8
SLOTS
100
AcDbCircle
 10
2.217101914514228
 20
11.378867525458094
 30
0.0
 40
0.125
100
AcDbArc
 50
17.916118870925644
 51
197.91611887092563
  0
ARC
  5
418
330
17
100
AcDbEntity
  8
SLOTS
100
AcDbCircle
 10
3.592650072212175
 20
7.124181299207302
 30
0.0
 40
0.125
100
AcDbArc
 50
197.91611887092563
 51
377.91611887092563
  0
LINE
  5
419
330
17
100
AcDbEntity
  8
SLOTS
100
AcDbLine
 10
2.602921789198061
 20
7.341115641711481
 30
0.0
 11
1.0356427499026875
 21
12.188841621979103
 31
0.0
  0
LINE
  5
41A
330
17
100
AcDbEntity
  8
SLOTS
100
AcDbLine
 10
1.2735197245013945
 20
12.265747700775036
 30
0.0
 11
2.8407987637967675
 21
7.418021720507413
 31
0.0
  0
ARC
  5
41B
330
17
100
AcDbEntity
  8
SLOTS
100
AcDbCircle
 10
1.154581237202041
 20
12.22729466137707
 30
0.0
 40
0.125
100
AcDbArc
 50
17.916118870925644
 51
197.91611887092563
  0
ARC
  5
41C
330
17
100
AcDbEntity
  8
SLOTS
100
AcDbCircle
 10
2.7218602764974142
 20
7.379568681109447
 30
0.0
 40
0.125
100
AcDbArc
 50
197.91611887092563
 51
377.91611887092563
  0
LINE
  5
41D
330
17
100
AcDbEntity
  8
SLOTS
100
AcDbLine
 10
1.242652062538304
 20
9.110505647631657
 30
0.0
 11
1.0060615127006465
 21
9.842300131177776
 31
0.0
  0
LINE
  5
41E
330
17
100
AcDbEntity
  8
SLOTS
100
AcDbLine
 10
1.2439384872993535
 20
9.919206209973709
 30
0.0
 11
1.480529037137011
 21
9.18741172642759
 31
0.0
  0
ARC
  5
41F
330
17
100
AcDbEntity
  8
SLOTS
100
AcDbCircle
 10
1.125
 20
9.880753170575742
 30
0.0
 40
0.125
100
AcDbArc
 50
17.91611887092563
 51
197.91611887092563
  0
ARC
  5
420
330
17
100
AcDbEntity
  8
SLOTS
100
AcDbCircle
 10
1.3615905498376575
 20
9.148958687029623
 30
0.0
 40
0.125
100
AcDbArc
 50
197.91611887092563
 51
377.91611887092563
  0
LINE
  5
421
330
17
100
AcDbEntity
  8
SLOTS
100
AcDbLine
 10
6.3159569397340585
 20
19.3786325866105
 30
0.0
 11
6.428708239106283
 21
18.984815466716217
 31
0.0
  0
LINE
  5
422
330
17
100
AcDbEntity
  8
SLOTS
100
AcDbLine
 10
6.1883647081356825
 20
18.916004224025908
 30
0.0
 11
6.075613408763458
 21
19.30982134392019
 31
0.0
  0
ARC
  5
423
330
17
100
AcDbEntity
  8
SLOTS
100
AcDbCircle
 10
6.308536473620983
 20
18.950409845371063
 30
0.0
 40
0.125
100
AcDbArc
 50
-164.02338665190322
 51
15.976613348096777
  0
ARC
  5
424
330
17
100
AcDbEntity
  8
SLOTS
100
AcDbCircle
 10
6.195785174248758
 20
19.344226965265346
 30
0.0
 40
0.125
100
AcDbArc
 50
15.976613348096777
 51
195.97661334809678
  0
LINE
  5
425
330
17
100
AcDbEntity
  8
SLOTS
100
AcDbLine
 10
6.263117534471789
 20
22.288035198857166
 30
0.0
 11
7.228512785159151
 21
18.916107963409495
 31
0.0
  0
LINE
  5
426
330
17
100
AcDbEntity
  8
SLOTS
100
AcDbLine
 10
6.988169254188551
 20
18.847296720719186
 30
0.0
 11
6.022774003501189
 21
22.219223956166857
 31
0.0
  0
ARC
  5
427
330
17
100
AcDbEntity
  8
SLOTS
100
AcDbCircle
 10
7.108341019673851
 20
18.88170234206434
 30
0.0
 40
0.125
100
AcDbArc
 50
-164.02338665190322
 51
15.976613348096777
  0
ARC
  5
428
330
17
100
AcDbEntity
  8
SLOTS
100
AcDbCircle
 10
6.142945768986489
 20
22.25362957751201
 30
0.0
 40
0.125
100
AcDbArc
 50
15.976613348096777
 51
195.97661334809678
  0
LINE
  5
429
330
17
100
AcDbEntity
  8
SLOTS
100
AcDbLine
 10
6.982206653901343
 20
22.50125009485596
 30
0.0
 11
8.028317331212019
 21
18.847400460102772
 31
0.0
  0
LINE
  5
42A
330
17
100
AcDbEntity
  8
SLOTS
100
AcDbLine
 10
7.78797380024142
 20
18.778589217412463
 30
0.0
 11
6.741863122930743
 21
22.43243885216565
 31
0.0
  0
ARC
  5
42B
330
17
100
AcDbEntity
  8
SLOTS
100
AcDbCircle
 10
7.90814556572672
 20
18.812994838757618
 30
0.0
 40
0.125
100
AcDbArc
 50
-164.02338665190322
 51
15.976613348096777
  0
ARC
  5
42C
330
17
100
AcDbEntity
  8
SLOTS
100
AcDbCircle
 10
6.862034888416043
 20
22.466844473510804
 30
0.0
 40
0.125
100
AcDbArc
 50
15.976613348096777
 51
195.97661334809678
  0
LINE
  5
42D
330
17
100
AcDbEntity
  8
SLOTS
100
AcDbLine
 10
7.7012957733309
 20
22.71446499085475
 30
0.0
 11
8.828121877264888
 21
18.77869295679605
 31
0.0
  0
LINE
  5
42E
330
17
100
AcDbEntity
  8
SLOTS
100
AcDbLine
 10
8.58777834629429
 20
18.70988171410574
 30
0.0
 11
7.4609522423603
 21
22.64565374816444
 31
0.0
  0
ARC
  5
42F
330
17
100
AcDbEntity
  8
SLOTS
100
AcDbCircle
 10
8.707950111779589
 20
18.744287335450895
 30
0.0
 40
0.125
100
AcDbArc
 50
-164.02338665190325
 51
15.976613348096762
  0
ARC
  5
430
330
17
100
AcDbEntity
  8
SLOTS
100
AcDbCircle
 10
7.5811240078456
 20
22.680059369509596
 30
0.0
 40
0.125
100
AcDbArc
 50
15.976613348096762
 51
195.97661334809675
  0
LINE
  5
431
330
17
100
AcDbEntity
  8
SLOTS
100
AcDbLine
 10
8.420384892760453
 20
22.927679886853543
 30
0.0
 11
9.627926423317756
 21
18.709985453489328
 31
0.0
  0
LINE
  5
432
330
17
100
AcDbEntity
  8
SLOTS
100
AcDbLine
 10
9.387582892347158
 20
18.64117421079902
 30
0.0
 11
8.180041361789854
 21
22.858868644163234
 31
0.0
  0
ARC
  5
433
330
17
100
AcDbEntity
  8
SLOTS
100
AcDbCircle
 10
9.507754657832457
 20
18.675579832144173
 30
0.0
 40
0.125
100
AcDbArc
 50
-164.02338665190322
 51
15.976613348096777
  0
ARC
  5
434
330
17
100
AcDbEntity
  8
SLOTS
100
AcDbCircle
 10
8.300213127275153
 20
22.89327426550839
 30
0.0
 40
0.125
100
AcDbArc
 50
15.976613348096777
 51
195.97661334809678
  0
LINE
  5
435
330
17
100
AcDbEntity
  8
SLOTS
100
AcDbLine
 10
9.139474012190007
 20
23.140894782852335
 30
0.0
 11
10.427730969370625
 21
18.641277950182605
 31
0.0
  0
LINE
  5
436
330
17
100
AcDbEntity
  8
SLOTS
100
AcDbLine
 10
10.187387438400027
 20
18.572466707492296
 30
0.0
 11
8.899130481219409
 21
23.072083540162026
 31
0.0
  0
ARC
  5
437
330
17
100
AcDbEntity
  8
SLOTS
100
AcDbCircle
 10
10.307559203885326
 20
18.60687232883745
 30
0.0
 40
0.125
100
AcDbArc
 50
-164.02338665190322
 51
15.976613348096777
  0
ARC
  5
438
330
17
100
AcDbEntity
  8
SLOTS
100
AcDbCircle
 10
9.019302246704708
 20
23.10648916150718
 30
0.0
 40
0.125
100
AcDbArc
 50
15.976613348096777
 51
195.97661334809678
  0
LINE
  5
439
330
17
100
AcDbEntity
  8
SLOTS
100
AcDbLine
 10
9.858563131619562
 20
23.354109678851124
 30
0.0
 11
11.227535515423494
 21
18.572570446875886
 31
0.0
  0
LINE
  5
43A
330
17
100
AcDbEntity
  8
SLOTS
100
AcDbLine
 10
10.987191984452895
 20
18.503759204185577
 30
0.0
 11
9.618219600648963
 21
23.285298436160815
 31
0.0
  0
ARC
  5
43B
330
17
100
AcDbEntity
  8
SLOTS
100
AcDbCircle
 10
11.107363749938195
 20
18.538164825530732
 30
0.0
 40
0.125
100
AcDbArc
 50
-164.0233866519032
 51
15.976613348096805
  0
ARC
  5
43C
330
17
100
AcDbEntity
  8
SLOTS
100
AcDbCircle
 10
9.738391366134262
 20
23.31970405750597
 30
0.0
 40
0.125
100
AcDbArc
 50
15.976613348096805
 51
195.9766133480968
  0
LINE
  5
43D
330
17
100
AcDbEntity
  8
SLOTS
100
AcDbLine
 10
10.577652251049116
 20
23.567324574849916
 30
0.0
 11
12.02734006147636
 21
18.503862943569164
 31
0.0
  0
LINE
  5
43E
330
17
100
AcDbEntity
  8
SLOTS
100
AcDbLine
 10
11.786996530505762
 20
18.435051700878855
 30
0.0
 11
10.337308720078518
 21
23.498513332159607
 31
0.0
  0
ARC
  5
43F
330
17
100
AcDbEntity
  8
SLOTS
100
AcDbCircle
 10
11.907168295991061
 20
18.46945732222401
 30
0.0
 40
0.125
100
AcDbArc
 50
-164.02338665190322
 51
15.976613348096777
  0
ARC
  5
440
330
17
100
AcDbEntity
  8
SLOTS
100
AcDbCircle
 10
10.457480485563817
 20
23.532918953504762
 30
0.0
 40
0.125
100
AcDbArc
 50
15.976613348096777
 51
195.97661334809678
  0
LINE
  5
441
330
17
100
AcDbEntity
  8
SLOTS
100
AcDbLine
 10
11.296741370478673
 20
23.78053947084871
 30
0.0
 11
12.632198057815115
 21
19.116063679628176
 31
0.0
  0
LINE
  5
442
330
17
100
AcDbEntity
  8
SLOTS
100
AcDbLine
 10
12.391854526844517
 20
19.047252436937868
 30
0.0
 11
11.056397839508074
 21
23.7117282281584
 31
0.0
  0
ARC
  5
443
330
17
100
AcDbEntity
  8
SLOTS
100
AcDbCircle
 10
12.512026292329816
 20
19.081658058283022
 30
0.0
 40
0.125
100
AcDbArc
 50
-164.02338665190325
 51
15.976613348096762
  0
ARC
  5
444
330
17
100
AcDbEntity
  8
SLOTS
100
AcDbCircle
 10
11.176569604993373
 20
23.746133849503554
 30
0.0
 40
0.125
100
AcDbArc
 50
15.976613348096762
 51
195.97661334809675
  0
LINE
  5
445
330
17
100
AcDbEntity
  8
SLOTS
100
AcDbLine
 10
12.015830489908227
 20
23.9937543668475
 30
0.0
 11
13.232744185049386
 21
19.743324888440437
 31
0.0
  0
LINE
  5
446
330
17
100
AcDbEntity
  8
SLOTS
100
AcDbLine
 10
12.992400654078788
 20
19.674513645750128
 30
0.0
 11
11.775486958937629
 21
23.924943124157192
 31
0.0
  0
ARC
  5
447
330
17
100
AcDbEntity
  8
SLOTS
100
AcDbCircle
 10
13.112572419564087
 20
19.708919267095283
 30
0.0
 40
0.125
100
AcDbArc
 50
-164.02338665190325
 51
15.976613348096762
  0
ARC
  5
448
330
17
100
AcDbEntity
  8
SLOTS
100
AcDbCircle
 10
11.895658724422928
 20
23.959348745502346
 30
0.0
 40
0.125
100
AcDbArc
 50
15.976613348096762
 51
195.97661334809675
  0
LINE
  5
449
330
17
100
AcDbEntity
  8
SLOTS
100
AcDbLine
 10
13.295887990983488
 20
7.808180478042392
 30
0.0
 11
11.210922574909558
 21
1.5266381270914615
 31
0.0
  0
LINE
  5
44A
330
17
100
AcDbEntity
  8
SLOTS
100
AcDbLine
 10
10.973651292884531
 20
1.6053930553575761
 30
0.0
 11
13.05861670895846
 21
7.886935406308506
 31
0.0
  0
ARC
  5
44B
330
17
100
AcDbEntity
  8
SLOTS
100
AcDbCircle
 10
11.092286933897045
 20
1.5660155912245188
 30
0.0
 40
0.125
100
AcDbArc
 50
-198.36200385735435
 51
-18.36200385735434
  0
ARC
  5
44C
330
17
100
AcDbEntity
  8
SLOTS
100
AcDbCircle
 10
13.177252349970974
 20
7.847557942175449
 30
0.0
 40
0.125
100
AcDbArc
 50
-18.36200385735434
 51
161.63799614264565
  0
LINE
  5
44D
330
17
100
AcDbEntity
  8
SLOTS
100
AcDbLine
 10
13.720528359114128
 20
6.70672514865715
 30
0.0
 11
11.854775667643985
 21
1.0856225358669427
 31
0.0
  0
LINE
  5
44E
330
17
100
AcDbEntity
  8
SLOTS
100
AcDbLine
 10
11.617504385618957
 20
1.1643774641330573
 30
0.0
 11
13.483257077089101
 21
6.785480076923265
 31
0.0
  0
ARC
  5
44F
330
17
100
AcDbEntity
  8
SLOTS
100
AcDbCircle
 10
11.736140026631471
 20
1.125
 30
0.0
 40
0.125
100
AcDbArc
 50
-198.36200385735435
 51
-18.362003857354352
  0
ARC
  5
450
330
17
100
AcDbEntity
  8
SLOTS
100
AcDbCircle
 10
13.601892718101615
 20
6.7461026127902075
 30
0.0
 40
0.125
100
AcDbArc
 50
-18.362003857354352
 51
161.63799614264565
  0
LINE
  5
451
330
17
100
AcDbEntity
  8
SLOTS
100
AcDbLine
 10
13.72571397663252
 20
4.341544886491072
 30
0.0
 11
12.645010366086016
 21
1.0856225358669427
 31
0.0
  0
LINE
  5
452
330
17
100
AcDbEntity
  8
SLOTS
100
AcDbLine
 10
12.407739084060989
 20
1.1643774641330573
 30
0.0
 11
13.488442694607492
 21
4.420299814757187
 31
0.0
  0
ARC
  5
453
330
17
100
AcDbEntity
  8
SLOTS
100
AcDbCircle
 10
12.526374725073502
 20
1.125
 30
0.0
 40
0.125
100
AcDbArc
 50
-198.36200385735435
 51
-18.36200385735434
  0
ARC
  5
454
330
17
100
AcDbEntity
  8
SLOTS
100
AcDbCircle
 10
13.607078335620006
 20
4.38092235062413
 30
0.0
 40
0.125
100
AcDbArc
 50
-18.36200385735434
 51
161.63799614264565
  0
LINE
  5
455
330
17
100
AcDbEntity
  8
SLOTS
100
AcDbLine
 10
13.730899594150909
 20
1.9763646243249942
 30
0.0
 11
13.435245064528043
 21
1.0856225358669427
 31
0.0
  0
LINE
  5
456
330
17
100
AcDbEntity
  8
SLOTS
100
AcDbLine
 10
13.19797378250302
 20
1.1643774641330573
 30
0.0
 11
13.493628312125885
 21
2.055119552591109
 31
0.0
  0
ARC
  5
457
330
17
100
AcDbEntity
  8
SLOTS
100
AcDbCircle
 10
13.316609423515532
 20
1.125
 30
0.0
 40
0.125
100
AcDbArc
 50
-198.36200385735438
 51
-18.36200385735438
  0
ARC
  5
458
330
17
100
AcDbEntity
  8
SLOTS
100
AcDbCircle
 10
13.612263953138397
 20
2.0157420884580515
 30
0.0
 40
0.125
100
AcDbArc
 50
-18.36200385735438
 51
161.63799614264562
  0
LINE
  5
459
330
17
100
AcDbEntity
  8
SLOTS
100
AcDbLine
 10
11.44596875520675
 20
5.923294650783078
 30
0.0
 11
11.508887109233438
 21
7.6187621304502
 31
0.0
  0
LINE
  5
45A
330
17
100
AcDbEntity
  8
SLOTS
100
AcDbLine
 10
11.758715145243809
 20
7.609491077478674
 30
0.0
 11
11.69579679121712
 21
5.9140235978115525
 31
0.0
  0
ARC
  5
45B
330
17
100
AcDbEntity
  8
SLOTS
100
AcDbCircle
 10
11.633801127238623
 20
7.614126603964437
 30
0.0
 40
0.125
100
AcDbArc
 50
-2.1252561400249874
 51
177.874743859975
  0
ARC
  5
45C
330
17
100
AcDbEntity
  8
SLOTS
100
AcDbCircle
 10
11.570882773211935
 20
5.918659124297315
 30
0.0
 40
0.125
100
AcDbArc
 50
177.874743859975
 51
357.874743859975
  0
LINE
  5
45D
330
17
100
AcDbEntity
  8
SLOTS
100
AcDbLine
 10
10.616338992434887
 20
3.7914144523041906
 30
0.0
 11
10.75648124099153
 21
7.56784231077024
 31
0.0
  0
LINE
  5
45E
330
17
100
AcDbEntity
  8
SLOTS
100
AcDbLine
 10
11.0063092770019
 20
7.5585712577987145
 30
0.0
 11
10.866167028445258
 21
3.7821433993326647
 31
0.0
  0
ARC
  5
45F
330
17
100
AcDbEntity
  8
SLOTS
100
AcDbCircle
 10
10.881395258996715
 20
7.5632067842844775
 30
0.0
 40
0.125
100
AcDbArc
 50
-2.125256140024959
 51
177.87474385997504
  0
ARC
  5
460
330
17
100
AcDbEntity
  8
SLOTS
100
AcDbCircle
 10
10.741253010440072
 20
3.7867789258184277
 30
0.0
 40
0.125
100
AcDbArc
 50
177.87474385997504
 51
357.87474385997507
  0
LINE
  5
461
330
17
100
AcDbEntity
  8
SLOTS
100
AcDbLine
 10
9.809425734729835
 20
2.271678296502111
 30
0.0
 11
10.004075372749623
 21
7.5169224910902805
 31
0.0
  0
LINE
  5
462
330
17
100
AcDbEntity
  8
SLOTS
100
AcDbLine
 10
10.253903408759994
 20
7.507651438118755
 30
0.0
 11
10.059253770740206
 21
2.262407243530585
 31
0.0
  0
ARC
  5
463
330
17
100
AcDbEntity
  8
SLOTS
100
AcDbCircle
 10
10.128989390754809
 20
7.512286964604518
 30
0.0
 40
0.125
100
AcDbArc
 50
-2.125256140024959
 51
177.87474385997504
  0
ARC
  5
464
330
17
100
AcDbEntity
  8
SLOTS
100
AcDbCircle
 10
9.93433975273502
 20
2.267042770016348
 30
0.0
 40
0.125
100
AcDbArc
 50
177.87474385997504
 51
357.87474385997507
  0
LINE
  5
465
330
17
100
AcDbEntity
  8
SLOTS
100
AcDbLine
 10
9.063422618935231
 20
2.393294118014434
 30
0.0
 11
9.251669504507717
 21
7.466002671410321
 31
0.0
  0
LINE
  5
466
330
17
100
AcDbEntity
  8
SLOTS
100
AcDbLine
 10
9.501497540518088
 20
7.456731618438795
 30
0.0
 11
9.313250654945602
 21
2.384023065042909
 31
0.0
  0
ARC
  5
467
330
17
100
AcDbEntity
  8
SLOTS
100
AcDbCircle
 10
9.376583522512902
 20
7.461367144924558
 30
0.0
 40
0.125
100
AcDbArc
 50
-2.125256140024945
 51
177.87474385997507
  0
ARC
  5
468
330
17
100
AcDbEntity
  8
SLOTS
100
AcDbCircle
 10
9.188336636940416
 20
2.3886585915286713
 30
0.0
 40
0.125
100
AcDbArc
 50
177.87474385997507
 51
357.87474385997507
  0
LINE
  5
469
330
17
100
AcDbEntity
  8
SLOTS
100
AcDbLine
 10
8.317419503140624
 20
2.5149099395267576
 30
0.0
 11
8.348751857110699
 21
3.359226165522567
 31
0.0
  0
LINE
  5
46A
330
17
100
AcDbEntity
  8
SLOTS
100
AcDbLine
 10
8.59857989312107
 20
3.349955112551041
 30
0.0
 11
8.567247539150994
 21
2.5056388865552317
 31
0.0
  0
ARC
  5
46B
330
17
100
AcDbEntity
  8
SLOTS
100
AcDbCircle
 10
8.473665875115884
 20
3.354590639036804
 30
0.0
 40
0.125
100
AcDbArc
 50
-2.125256140024973
 51
177.874743859975
  0
ARC
  5
46C
330
17
100
AcDbEntity
  8
SLOTS
100
AcDbCircle
 10
8.442333521145809
 20
2.5102744130409946
 30
0.0
 40
0.125
100
AcDbArc
 50
177.874743859975
 51
357.874743859975
  0
LINE
  5
46D
330
17
100
AcDbEntity
  8
SLOTS
100
AcDbLine
 10
9.126520001180815
 20
13.19459983641331
 30
0.0
 11
7.726446337117491
 21
12.48760066157091
 31
0.0
  0
LINE
  5
46E
330
17
100
AcDbEntity
  8
SLOTS
100
AcDbLine
 10
7.613756023692322
 20
12.710761799003341
 30
0.0
 11
9.013829687755646
 21
13.417760973845741
 31
0.0
  0
ARC
  5
46F
330
17
100
AcDbEntity
  8
SLOTS
100
AcDbCircle
 10
7.670101180404907
 20
12.599181230287126
 30
0.0
 40
0.125
100
AcDbArc
 50
-243.20746430687845
 51
-63.20746430687845
  0
ARC
  5
470
330
17
100
AcDbEntity
  8
SLOTS
100
AcDbCircle
 10
9.07017484446823
 20
13.306180405129526
 30
0.0
 40
0.125
100
AcDbArc
 50
-63.20746430687845
 51
116.79253569312155
  0
LINE
  5
471
330
17
100
AcDbEntity
  8
SLOTS
100
AcDbLine
 10
10.287876050801007
 20
12.940853044200308
 30
0.0
 11
7.137168067354281
 21
11.349831084683293
 31
0.0
  0
LINE
  5
472
330
17
100
AcDbEntity
  8
SLOTS
100
AcDbLine
 10
7.024477753929112
 20
11.572992222115724
 30
0.0
 11
10.175185737375838
 21
13.164014181632739
 31
0.0
  0
ARC
  5
473
330
17
100
AcDbEntity
  8
SLOTS
100
AcDbCircle
 10
7.080822910641697
 20
11.461411653399509
 30
0.0
 40
0.125
100
AcDbArc
 50
-243.20746430687848
 51
-63.20746430687848
  0
ARC
  5
474
330
17
100
AcDbEntity
  8
SLOTS
100
AcDbCircle
 10
10.231530894088422
 20
13.052433612916523
 30
0.0
 40
0.125
100
AcDbArc
 50
-63.20746430687848
 51
116.79253569312152
  0
LINE
  5
475
330
17
100
AcDbEntity
  8
SLOTS
100
AcDbLine
 10
11.449232100421192
 20
12.687106251987307
 30
0.0
 11
6.547889797591075
 21
10.212061507795683
 31
0.0
  0
LINE
  5
476
330
17
100
AcDbEntity
  8
SLOTS
100
AcDbLine
 10
6.4351994841659055
 20
10.435222645228114
 30
0.0
 11
11.336541786996023
 21
12.910267389419738
 31
0.0
  0
ARC
  5
477
330
17
100
AcDbEntity
  8
SLOTS
100
AcDbCircle
 10
6.49154464087849
 20
10.323642076511899
 30
0.0
 40
0.125
100
AcDbArc
 50
-243.20746430687848
 51
-63.20746430687848
  0
ARC
  5
478
330
17
100
AcDbEntity
  8
SLOTS
100
AcDbCircle
 10
11.392886943708607
 20
12.798686820703523
 30
0.0
 40
0.125
100
AcDbArc
 50
-63.20746430687848
 51
116.79253569312152
  0
LINE
  5
479
330
17
100
AcDbEntity
  8
SLOTS
100
AcDbLine
 10
12.42940066145208
 20
12.34186469902534
 30
0.0
 11
5.958611527827865
 21
9.07429193090807
 31
0.0
  0
LINE
  5
47A
330
17
100
AcDbEntity
  8
SLOTS
100
AcDbLine
 10
5.845921214402696
 20
9.2974530683405
 30
0.0
 11
12.316710348026911
 21
12.565025836457771
 31
0.0
  0
ARC
  5
47B
330
17
100
AcDbEntity
  8
SLOTS
100
AcDbCircle
 10
5.902266371115281
 20
9.185872499624285
 30
0.0
 40
0.125
100
AcDbArc
 50
-243.20746430687848
 51
-63.20746430687848
  0
ARC
  5
47C
330
17
100
AcDbEntity
  8
SLOTS
100
AcDbCircle
 10
12.373055504739495
 20
12.453445267741555
 30
0.0
 40
0.125
100
AcDbArc
 50
-63.20746430687848
 51
116.79253569312152
  0
LINE
  5
47D
330
17
100
AcDbEntity
  8
SLOTS
100
AcDbLine
 10
13.034177621289839
 20
11.807060582965049
 30
0.0
 11
6.81393859077749
 21
8.666008812066359
 31
0.0
  0
LINE
  5
47E
330
17
100
AcDbEntity
  8
SLOTS
100
AcDbLine
 10
6.701248277352321
 20
8.88916994949879
 30
0.0
 11
12.92148730786467
 21
12.03022172039748
 31
0.0
  0
ARC
  5
47F
330
17
100
AcDbEntity
  8
SLOTS
100
AcDbCircle
 10
6.757593434064906
 20
8.777589380782574
 30
0.0
 40
0.125
100
AcDbArc
 50
-243.20746430687845
 51
-63.20746430687845
  0
ARC
  5
480
330
17
100
AcDbEntity
  8
SLOTS
100
AcDbCircle
 10
12.977832464577254
 20
11.918641151681264
 30
0.0
 40
0.125
100
AcDbArc
 50
-63.20746430687845
 51
116.79253569312155
  0
LINE
  5
481
330
17
100
AcDbEntity
  8
SLOTS
100
AcDbLine
 10
13.638954581127601
 20
11.272256466904755
 30
0.0
 11
7.874451518559851
 21
8.361338982189068
 31
0.0
  0
LINE
  5
482
330
17
100
AcDbEntity
  8
SLOTS
100
AcDbLine
 10
7.761761205134682
 20
8.584500119621499
 30
0.0
 11
13.526264267702432
 21
11.495417604337186
 31
0.0
  0
ARC
  5
483
330
17
100
AcDbEntity
  8
SLOTS
100
AcDbCircle
 10
7.818106361847266
 20
8.472919550905283
 30
0.0
 40
0.125
100
AcDbArc
 50
-243.20746430687845
 51
-63.20746430687845
  0
ARC
  5
484
330
17
100
AcDbEntity
  8
SLOTS
100
AcDbCircle
 10
13.582609424415017
 20
11.38383703562097
 30
0.0
 40
0.125
100
AcDbArc
 50
-63.20746430687845
 51
116.79253569312155
  0
LINE
  5
485
330
17
100
AcDbEntity
  8
SLOTS
100
AcDbLine
 10
14.24373154096536
 20
10.737452350844462
 30
0.0
 11
8.960422553169648
 21
8.069524804826383
 31
0.0
  0
LINE
  5
486
330
17
100
AcDbEntity
  8
SLOTS
100
AcDbLine
 10
8.847732239744479
 20
8.292685942258814
 30
0.0
 11
14.13104122754019
 21
10.960613488276893
 31
0.0
  0
ARC
  5
487
330
17
100
AcDbEntity
  8
SLOTS
100
AcDbCircle
 10
8.904077396457064
 20
8.181105373542598
 30
0.0
 40
0.125
100
AcDbArc
 50
-243.20746430687845
 51
-63.20746430687845
  0
ARC
  5
488
330
17
100
AcDbEntity
  8
SLOTS
100
AcDbCircle
 10
14.187386384252775
 20
10.849032919560678
 30
0.0
 40
0.125
100
AcDbArc
 50
-63.20746430687845
 51
116.79253569312155
  0
LINE
  5
489
330
17
100
AcDbEntity
  8
SLOTS
100
AcDbLine
 10
14.84850850080312
 20
10.20264823478417
 30
0.0
 11
10.881772030412352
 21
8.199554052407862
 31
0.0
  0
LINE
  5
48A
330
17
100
AcDbEntity
  8
SLOTS
100
AcDbLine
 10
10.769081716987182
 20
8.422715189840293
 30
0.0
 11
14.735818187377951
 21
10.425809372216602
 31
0.0
  0
ARC
  5
48B
330
17
100
AcDbEntity
  8
SLOTS
100
AcDbCircle
 10
10.825426873699767
 20
8.311134621124078
 30
0.0
 40
0.125
100
AcDbArc
 50
-243.20746430687848
 51
-63.20746430687848
  0
ARC
  5
48C
330
17
100
AcDbEntity
  8
SLOTS
100
AcDbCircle
 10
14.792163344090536
 20
10.314228803500386
 30
0.0
 40
0.125
100
AcDbArc
 50
-63.20746430687848
 51
116.79253569312152
  0
LINE
  5
48D
330
17
100
AcDbEntity
  8
SLOTS
100
AcDbLine
 10
24.29113723115798
 20
3.722244615840165
 30
0.0
 11
23.35580218230126
 21
3.5729180658353297
 31
0.0
  0
LINE
  5
48E
330
17
100
AcDbEntity
  8
SLOTS
100
AcDbLine
 10
23.31638872867091
 20
3.819791676561401
 30
0.0
 11
24.251723777527626
 21
3.9691182265662364
 31
0.0
  0
ARC
  5
48F
330
17
100
AcDbEntity
  8
SLOTS
100
AcDbCircle
 10
23.336095455486085
 20
3.6963548711983654
 30
0.0
 40
0.125
100
AcDbArc
 50
-260.9292586278775
 51
-80.92925862787749
  0
ARC
  5
490
330
17
100
AcDbEntity
  8
SLOTS
100
AcDbCircle
 10
24.271430504342803
 20
3.8456814212032007
 30
0.0
 40
0.125
100
AcDbArc
 50
-80.92925862787749
 51
99.07074137212251
  0
LINE
  5
491
330
17
100
AcDbEntity
  8
SLOTS
100
AcDbLine
 10
25.741167619792343
 20
3.194244502212844
 30
0.0
 11
23.38198275529672
 21
2.8175998580616737
 31
0.0
  0
LINE
  5
492
330
17
100
AcDbEntity
  8
SLOTS
100
AcDbLine
 10
23.342569301666366
 20
3.064473468787745
 30
0.0
 11
25.70175416616199
 21
3.4411181129389155
 31
0.0
  0
ARC
  5
493
330
17
100
AcDbEntity
  8
SLOTS
100
AcDbCircle
 10
23.362276028481542
 20
2.9410366634247094
 30
0.0
 40
0.125
100
AcDbArc
 50
-260.9292586278775
 51
-80.92925862787749
  0
ARC
  5
494
330
17
100
AcDbEntity
  8
SLOTS
100
AcDbCircle
 10
25.721460892977166
 20
3.3176813075758798
 30
0.0
 40
0.125
100
AcDbArc
 50
-80.92925862787749
 51
99.07074137212251
  0
LINE
  5
495
330
17
100
AcDbEntity
  8
SLOTS
100
AcDbLine
 10
26.107182966879037
 20
2.4931810285569194
 30
0.0
 11
23.408163328292176
 21
2.062281650288017
 31
0.0
  0
LINE
  5
496
330
17
100
AcDbEntity
  8
SLOTS
100
AcDbLine
 10
23.368749874661823
 20
2.309155261014088
 30
0.0
 11
26.067769513248685
 21
2.7400546392829908
 31
0.0
  0
ARC
  5
497
330
17
100
AcDbEntity
  8
SLOTS
100
AcDbCircle
 10
23.388456601477
 20
2.1857184556510525
 30
0.0
 40
0.125
100
AcDbArc
 50
-260.9292586278775
 51
-80.92925862787749
  0
ARC
  5
498
330
17
100
AcDbEntity
  8
SLOTS
100
AcDbCircle
 10
26.08747624006386
 20
2.616617833919955
 30
0.0
 40
0.125
100
AcDbArc
 50
-80.92925862787749
 51
99.07074137212251
  0
LINE
  5
499
330
17
100
AcDbEntity
  8
SLOTS
100
AcDbLine
 10
26.292167089034642
 20
1.7632158599467094
 30
0.0
 11
23.43434390128763
 21
1.3069634425143606
 31
0.0
  0
LINE
  5
49A
330
17
100
AcDbEntity
  8
SLOTS
100
AcDbLine
 10
23.394930447657277
 20
1.553837053240432
 30
0.0
 11
26.25275363540429
 21
2.0100894706727805
 31
0.0
  0
ARC
  5
49B
330
17
100
AcDbEntity
  8
SLOTS
100
AcDbCircle
 10
23.414637174472453
 20
1.4304002478773963
 30
0.0
 40
0.125
100
AcDbArc
 50
-260.9292586278775
 51
-80.92925862787752
  0
ARC
  5
49C
330
17
100
AcDbEntity
  8
SLOTS
100
AcDbCircle
 10
26.272460362219466
 20
1.886652665309745
 30
0.0
 40
0.125
100
AcDbArc
 50
-80.92925862787752
 51
99.07074137212248
  0
LINE
  5
49D
330
17
100
AcDbEntity
  8
SLOTS
100
AcDbLine
 10
26.477151211190254
 20
1.0332506913364998
 30
0.0
 11
26.278670590880957
 21
1.0015631946369643
 31
0.0
  0
LINE
  5
49E
330
17
100
AcDbEntity
  8
SLOTS
100
AcDbLine
 10
26.239257137250597
 20
1.2484368053630357
 30
0.0
 11
26.437737757559894
 21
1.2801243020625712
 31
0.0
  0
ARC
  5
49F
330
17
100
AcDbEntity
  8
SLOTS
100
AcDbCircle
 10
26.258963864065777
 20
1.125
 30
0.0
 40
0.125
100
AcDbArc
 50
-260.9292586278774
 51
-80.92925862787743
  0
ARC
  5
4A0
330
17
100
AcDbEntity
  8
SLOTS
100
AcDbCircle
 10
26.457444484375074
 20
1.1566874966995355
 30
0.0
 40
0.125
100
AcDbArc
 50
-80.92925862787743
 51
99.07074137212257
  0
LINE
  5
4A1
330
17
100
AcDbEntity
  8
SLOTS
100
AcDbLine
 10
16.739162668264655
 20
17.912130065642994
 30
0.0
 11
16.428512025079407
 21
19.19058152821514
 31
0.0
  0
LINE
  5
4A2
330
17
100
AcDbEntity
  8
SLOTS
100
AcDbLine
 10
16.6714430595664
 20
19.24961128751567
 30
0.0
 11
16.982093702751648
 21
17.971159824943523
 31
0.0
  0
ARC
  5
4A3
330
17
100
AcDbEntity
  8
SLOTS
100
AcDbCircle
 10
16.549977542322903
 20
19.220096407865405
 30
0.0
 40
0.125
100
AcDbArc
 50
13.657595360467141
 51
193.65759536046716
  0
ARC
  5
4A4
330
17
100
AcDbEntity
  8
SLOTS
100
AcDbCircle
 10
16.86062818550815
 20
17.94164494529326
 30
0.0
 40
0.125
100
AcDbArc
 50
193.65759536046716
 51
373.65759536046716
  0
LINE
  5
4A5
330
17
100
AcDbEntity
  8
SLOTS
100
AcDbLine
 10
16.73941681037211
 20
14.734720209536885
 30
0.0
 11
15.661770459812951
 21
19.169665326281176
 31
0.0
  0
LINE
  5
4A6
330
17
100
AcDbEntity
  8
SLOTS
100
AcDbLine
 10
15.904701494299948
 20
19.228695085581705
 30
0.0
 11
16.982347844859103
 21
14.793749968837414
 31
0.0
  0
ARC
  5
4A7
330
17
100
AcDbEntity
  8
SLOTS
100
AcDbCircle
 10
15.78323597705645
 20
19.19918020593144
 30
0.0
 40
0.125
100
AcDbArc
 50
13.657595360467141
 51
193.65759536046716
  0
ARC
  5
4A8
330
17
100
AcDbEntity
  8
SLOTS
100
AcDbCircle
 10
16.860882327615606
 20
14.76423508918715
 30
0.0
 40
0.125
100
AcDbArc
 50
193.65759536046716
 51
373.65759536046716
  0
LINE
  5
4A9
330
17
100
AcDbEntity
  8
SLOTS
100
AcDbLine
 10
15.292479885906738
 20
17.513079563211804
 30
0.0
 11
14.895028894546499
 21
19.148749124347216
 31
0.0
  0
LINE
  5
4AA
330
17
100
AcDbEntity
  8
SLOTS
100
AcDbLine
 10
15.137959929033496
 20
19.207778883647745
 30
0.0
 11
15.535410920393735
 21
17.572109322512333
 31
0.0
  0
ARC
  5
4AB
330
17
100
AcDbEntity
  8
SLOTS
100
AcDbCircle
 10
15.016494411789997
 20
19.17826400399748
 30
0.0
 40
0.125
100
AcDbArc
 50
13.657595360467113
 51
193.6575953604671
  0
ARC
  5
4AC
330
17
100
AcDbEntity
  8
SLOTS
100
AcDbCircle
 10
15.413945403150237
 20
17.542594442862068
 30
0.0
 40
0.125
100
AcDbArc
 50
193.6575953604671
 51
373.6575953604671
  0
LINE
  5
4AD
330
17
100
AcDbEntity
  8
SLOTS
100
AcDbLine
 10
14.399201119477983
 20
11.800673084781158
 30
0.0
 11
15.937147613869918
 21
11.608101573639841
 31
0.0
  0
LINE
  5
4AE
330
17
100
AcDbEntity
  8
SLOTS
100
AcDbLine
 10
15.906086808435827
 20
11.360038625246121
 30
0.0
 11
14.368140314043892
 21
11.552610136387438
 31
0.0
  0
ARC
  5
4AF
330
17
100
AcDbEntity
  8
SLOTS
100
AcDbCircle
 10
15.921617211152872
 20
11.484070099442981
 30
0.0
 40
0.125
100
AcDbArc
 50
-97.13705490267047
 51
82.86294509732953
  0
ARC
  5
4B0
330
17
100
AcDbEntity
  8
SLOTS
100
AcDbCircle
 10
14.383670716760937
 20
11.676641610584298
 30
0.0
 40
0.125
100
AcDbArc
 50
82.86294509732953
 51
262.86294509732954
  0
LINE
  5
4B1
330
17
100
AcDbEntity
  8
SLOTS
100
AcDbLine
 10
13.40345599680278
 20
12.68121025057616
 30
0.0
 11
16.546994165936507
 21
12.287597145199674
 31
0.0
  0
LINE
  5
4B2
330
17
100
AcDbEntity
  8
SLOTS
100
AcDbLine
 10
16.51593336050242
 20
12.039534196805954
 30
0.0
 11
13.372395191368689
 21
12.43314730218244
 31
0.0
  0
ARC
  5
4B3
330
17
100
AcDbEntity
  8
SLOTS
100
AcDbCircle
 10
16.531463763219463
 20
12.163565671002814
 30
0.0
 40
0.125
100
AcDbArc
 50
-97.13705490267047
 51
82.86294509732953
  0
ARC
  5
4B4
330
17
100
AcDbEntity
  8
SLOTS
100
AcDbCircle
 10
13.387925594085734
 20
12.5571787763793
 30
0.0
 40
0.125
100
AcDbArc
 50
82.86294509732953
 51
262.86294509732954
  0
LINE
  5
4B5
330
17
100
AcDbEntity
  8
SLOTS
100
AcDbLine
 10
12.719249684968007
 20
13.522738582317787
 30
0.0
 11
17.022568588561477
 21
12.983905386748368
 31
0.0
  0
LINE
  5
4B6
330
17
100
AcDbEntity
  8
SLOTS
100
AcDbLine
 10
16.99150778312739
 20
12.735842438354648
 30
0.0
 11
12.688188879533916
 21
13.274675633924067
 31
0.0
  0
ARC
  5
4B7
330
17
100
AcDbEntity
  8
SLOTS
100
AcDbCircle
 10
17.007038185844433
 20
12.859873912551508
 30
0.0
 40
0.125
100
AcDbArc
 50
-97.13705490267049
 51
82.86294509732951
  0
ARC
  5
4B8
330
17
100
AcDbEntity
  8
SLOTS
100
AcDbCircle
 10
12.703719282250962
 20
13.398707108120927
 30
0.0
 40
0.125
100
AcDbArc
 50
82.86294509732951
 51
262.86294509732954
  0
LINE
  5
4B9
330
17
100
AcDbEntity
  8
SLOTS
100
AcDbLine
 10
12.677467229641302
 20
14.28382683809311
 30
0.0
 11
16.6014675215397
 21
13.792489415962176
 31
0.0
  0
LINE
  5
4BA
330
17
100
AcDbEntity
  8
SLOTS
100
AcDbLine
 10
16.570406716105612
 20
13.544426467568456
 30
0.0
 11
12.64640642420721
 21
14.03576388969939
 31
0.0
  0
ARC
  5
4BB
330
17
100
AcDbEntity
  8
SLOTS
100
AcDbCircle
 10
16.585937118822656
 20
13.668457941765316
 30
0.0
 40
0.125
100
AcDbArc
 50
-97.13705490267044
 51
82.86294509732956
  0
ARC
  5
4BC
330
17
100
AcDbEntity
  8
SLOTS
100
AcDbCircle
 10
12.661936826924256
 20
14.15979536389625
 30
0.0
 40
0.125
100
AcDbArc
 50
82.86294509732956
 51
262.86294509732954
  0
LINE
  5
4BD
330
17
100
AcDbEntity
  8
SLOTS
100
AcDbLine
 10
12.635684774314594
 20
15.044915093868438
 30
0.0
 11
16.180366454517923
 21
14.601073445175984
 31
0.0
  0
LINE
  5
4BE
330
17
100
AcDbEntity
  8
SLOTS
100
AcDbLine
 10
16.149305649083836
 20
14.353010496782264
 30
0.0
 11
12.604623968880503
 21
14.796852145474718
 31
0.0
  0
ARC
  5
4BF
330
17
100
AcDbEntity
  8
SLOTS
100
AcDbCircle
 10
16.16483605180088
 20
14.477041970979124
 30
0.0
 40
0.125
100
AcDbArc
 50
-97.13705490267044
 51
82.86294509732956
  0
ARC
  5
4C0
330
17
100
AcDbEntity
  8
SLOTS
100
AcDbCircle
 10
12.620154371597549
 20
14.920883619671578
 30
0.0
 40
0.125
100
AcDbArc
 50
82.86294509732956
 51
262.86294509732954
  0
LINE
  5
4C1
330
17
100
AcDbEntity
  8
SLOTS
100
AcDbLine
 10
12.593902318987888
 20
15.806003349643765
 30
0.0
 11
15.759265387496146
 21
15.409657474389792
 31
0.0
  0
LINE
  5
4C2
330
17
100
AcDbEntity
  8
SLOTS
100
AcDbLine
 10
15.728204582062055
 20
15.161594525996072
 30
0.0
 11
12.562841513553797
 21
15.557940401250045
 31
0.0
  0
ARC
  5
4C3
330
17
100
AcDbEntity
  8
SLOTS
100
AcDbCircle
 10
15.7437349847791
 20
15.285626000192932
 30
0.0
 40
0.125
100
AcDbArc
 50
-97.13705490267046
 51
82.86294509732954
  0
ARC
  5
4C4
330
17
100
AcDbEntity
  8
SLOTS
100
AcDbCircle
 10
12.578371916270843
 20
15.681971875446905
 30
0.0
 40
0.125
100
AcDbArc
 50
82.86294509732954
 51
262.86294509732954
  0
LINE
  5
4C5
330
17
100
AcDbEntity
  8
SLOTS
100
AcDbLine
 10
12.552119863661183
 20
16.567091605419094
 30
0.0
 11
15.338164320474368
 21
16.218241503603604
 31
0.0
  0
LINE
  5
4C6
330
17
100
AcDbEntity
  8
SLOTS
100
AcDbLine
 10
15.307103515040277
 20
15.970178555209882
 30
0.0
 11
12.521059058227092
 21
16.31902865702537
 31
0.0
  0
ARC
  5
4C7
330
17
100
AcDbEntity
  8
SLOTS
100
AcDbCircle
 10
15.322633917757322
 20
16.094210029406742
 30
0.0
 40
0.125
100
AcDbArc
 50
-97.13705490267044
 51
82.86294509732956
  0
ARC
  5
4C8
330
17
100
AcDbEntity
  8
SLOTS
100
AcDbCircle
 10
12.536589460944137
 20
16.443060131222232
 30
0.0
 40
0.125
100
AcDbArc
 50
82.86294509732956
 51
262.86294509732954
  0
LINE
  5
4C9
330
17
100
AcDbEntity
  8
SLOTS
100
AcDbLine
 10
12.510337408334477
 20
17.328179861194418
 30
0.0
 11
14.917063253452591
 21
17.02682553281741
 31
0.0
  0
LINE
  5
4CA
330
17
100
AcDbEntity
  8
SLOTS
100
AcDbLine
 10
14.8860024480185
 20
16.778762584423685
 30
0.0
 11
12.479276602900386
 21
17.080116912800694
 31
0.0
  0
ARC
  5
4CB
330
17
100
AcDbEntity
  8
SLOTS
100
AcDbCircle
 10
14.901532850735546
 20
16.902794058620547
 30
0.0
 40
0.125
100
AcDbArc
 50
-97.13705490267046
 51
82.86294509732954
  0
ARC
  5
4CC
330
17
100
AcDbEntity
  8
SLOTS
100
AcDbCircle
 10
12.494807005617432
 20
17.204148386997556
 30
0.0
 40
0.125
100
AcDbArc
 50
82.86294509732954
 51
262.86294509732954
  0
LINE
  5
4CD
330
17
100
AcDbEntity
  8
SLOTS
100
AcDbLine
 10
12.493957527819937
 20
18.086087374182984
 30
0.0
 11
14.495962186430814
 21
17.835409562031217
 31
0.0
  0
LINE
  5
4CE
330
17
100
AcDbEntity
  8
SLOTS
100
AcDbLine
 10
14.464901380996723
 20
17.587346613637493
 30
0.0
 11
12.462896722385846
 21
17.83802442578926
 31
0.0
  0
ARC
  5
4CF
330
17
100
AcDbEntity
  8
SLOTS
100
AcDbCircle
 10
14.480431783713769
 20
17.711378087834355
 30
0.0
 40
0.125
100
AcDbArc
 50
-97.13705490267043
 51
82.86294509732957
  0
ARC
  5
4D0
330
17
100
AcDbEntity
  8
SLOTS
100
AcDbCircle
 10
12.478427125102892
 20
17.962055899986122
 30
0.0
 40
0.125
100
AcDbArc
 50
82.86294509732957
 51
262.86294509732954
  0
LINE
  5
4D1
330
17
100
AcDbEntity
  8
SLOTS
100
AcDbLine
 10
13.140155522842399
 20
18.761031257938527
 30
0.0
 11
14.074861119409036
 21
18.643993591245025
 31
0.0
  0
LINE
  5
4D2
330
17
100
AcDbEntity
  8
SLOTS
100
AcDbLine
 10
14.043800313974945
 20
18.3959306428513
 30
0.0
 11
13.109094717408308
 21
18.512968309544803
 31
0.0
  0
ARC
  5
4D3
330
17
100
AcDbEntity
  8
SLOTS
100
AcDbCircle
 10
14.05933071669199
 20
18.519962117048163
 30
0.0
 40
0.125
100
AcDbArc
 50
-97.13705490267046
 51
82.86294509732954
  0
ARC
  5
4D4
330
17
100
AcDbEntity
  8
SLOTS
100
AcDbCircle
 10
13.124625120125353
 20
18.636999783741665
 30
0.0
 40
0.125
100
AcDbArc
 50
82.86294509732954
 51
262.86294509732954
  0
LINE
  5
4D5
330
17
100
AcDbEntity
  8
SLOTS
100
AcDbLine
 10
11.08157766449288
 20
13.70810023404966
 30
0.0
 11
11.819103180118507
 21
14.38400500944576
 31
0.0
  0
LINE
  5
4D6
330
17
100
AcDbEntity
  8
SLOTS
100
AcDbLine
 10
11.988012570710307
 20
14.199696524101471
 30
0.0
 11
11.25048705508468
 21
13.52379174870537
 31
0.0
  0
ARC
  5
4D7
330
17
100
AcDbEntity
  8
SLOTS
100
AcDbCircle
 10
11.903557875414407
 20
14.291850766773615
 30
0.0
 40
0.125
100
AcDbArc
 50
-47.49631982821367
 51
132.50368017178633
  0
ARC
  5
4D8
330
17
100
AcDbEntity
  8
SLOTS
100
AcDbCircle
 10
11.16603235978878
 20
13.615945991377515
 30
0.0
 40
0.125
100
AcDbArc
 50
132.50368017178633
 51
312.5036801717863
  0
LINE
  5
4D9
330
17
100
AcDbEntity
  8
SLOTS
100
AcDbLine
 10
10.185217401646844
 20
13.903947615598813
 30
0.0
 11
11.765929495932765
 21
15.352590178355326
 31
0.0
  0
LINE
  5
4DA
330
17
100
AcDbEntity
  8
SLOTS
100
AcDbLine
 10
11.934838886524565
 20
15.168281693011037
 30
0.0
 11
10.354126792238644
 21
13.719639130254524
 31
0.0
  0
ARC
  5
4DB
330
17
100
AcDbEntity
  8
SLOTS
100
AcDbCircle
 10
11.850384191228665
 20
15.260435935683182
 30
0.0
 40
0.125
100
AcDbArc
 50
-47.49631982821361
 51
132.50368017178639
  0
ARC
  5
4DC
330
17
100
AcDbEntity
  8
SLOTS
100
AcDbCircle
 10
10.269672096942744
 20
13.811793372926669
 30
0.0
 40
0.125
100
AcDbArc
 50
132.50368017178639
 51
312.5036801717864
  0
LINE
  5
4DD
330
17
100
AcDbEntity
  8
SLOTS
100
AcDbLine
 10
9.28885713880081
 20
14.099794997147969
 30
0.0
 11
11.712755811747025
 21
16.32117534726489
 31
0.0
  0
LINE
  5
4DE
330
17
100
AcDbEntity
  8
SLOTS
100
AcDbLine
 10
11.881665202338825
 20
16.136866861920602
 30
0.0
 11
9.45776652939261
 21
13.91548651180368
 31
0.0
  0
ARC
  5
4DF
330
17
100
AcDbEntity
  8
SLOTS
100
AcDbCircle
 10
11.797210507042925
 20
16.229021104592746
 30
0.0
 40
0.125
100
AcDbArc
 50
-47.49631982821363
 51
132.50368017178636
  0
ARC
  5
4E0
330
17
100
AcDbEntity
  8
SLOTS
100
AcDbCircle
 10
9.37331183409671
 20
14.007640754475824
 30
0.0
 40
0.125
100
AcDbArc
 50
132.50368017178636
 51
312.50368017178636
  0
LINE
  5
4E1
330
17
100
AcDbEntity
  8
SLOTS
100
AcDbLine
 10
8.392496875954775
 20
14.295642378697123
 30
0.0
 11
11.659582127561283
 21
17.289760516174454
 31
0.0
  0
LINE
  5
4E2
330
17
100
AcDbEntity
  8
SLOTS
100
AcDbLine
 10
11.828491518153083
 20
17.105452030830165
 30
0.0
 11
8.561406266546575
 21
14.111333893352834
 31
0.0
  0
ARC
  5
4E3
330
17
100
AcDbEntity
  8
SLOTS
100
AcDbCircle
 10
11.744036822857183
 20
17.19760627350231
 30
0.0
 40
0.125
100
AcDbArc
 50
-47.49631982821363
 51
132.50368017178636
  0
ARC
  5
4E4
330
17
100
AcDbEntity
  8
SLOTS
100
AcDbCircle
 10
8.476951571250675
 20
14.203488136024978
 30
0.0
 40
0.125
100
AcDbArc
 50
132.50368017178636
 51
312.50368017178636
  0
LINE
  5
4E5
330
17
100
AcDbEntity
  8
SLOTS
100
AcDbLine
 10
7.819222960828477
 20
14.787582031852383
 30
0.0
 11
11.176506080742906
 21
17.86436194662179
 31
0.0
  0
LINE
  5
4E6
330
17
100
AcDbEntity
  8
SLOTS
100
AcDbLine
 10
11.345415471334706
 20
17.680053461277502
 30
0.0
 11
7.988132351420277
 21
14.603273546508094
 31
0.0
  0
ARC
  5
4E7
330
17
100
AcDbEntity
  8
SLOTS
100
AcDbCircle
 10
11.260960776038806
 20
17.772207703949647
 30
0.0
 40
0.125
100
AcDbArc
 50
-47.49631982821365
 51
132.50368017178636
  0
ARC
  5
4E8
330
17
100
AcDbEntity
  8
SLOTS
100
AcDbCircle
 10
7.903677656124377
 20
14.695427789180238
 30
0.0
 40
0.125
100
AcDbArc
 50
132.50368017178636
 51
312.50368017178636
  0
LINE
  5
4E9
330
17
100
AcDbEntity
  8
SLOTS
100
AcDbLine
 10
7.411289361559096
 20
15.43104770910511
 30
0.0
 11
10.161579782822859
 21
17.95154956303953
 31
0.0
  0
LINE
  5
4EA
330
17
100
AcDbEntity
  8
SLOTS
100
AcDbLine
 10
10.330489173414659
 20
17.767241077695243
 30
0.0
 11
7.580198752150896
 21
15.246739223760821
 31
0.0
  0
ARC
  5
4EB
330
17
100
AcDbEntity
  8
SLOTS
100
AcDbCircle
 10
10.246034478118759
 20
17.859395320367387
 30
0.0
 40
0.125
100
AcDbArc
 50
-47.496319828213615
 51
132.50368017178639
  0
ARC
  5
4EC
330
17
100
AcDbEntity
  8
SLOTS
100
AcDbCircle
 10
7.495744056854996
 20
15.338893466432966
 30
0.0
 40
0.125
100
AcDbArc
 50
132.50368017178639
 51
312.5036801717864
  0
LINE
  5
4ED
330
17
100
AcDbEntity
  8
SLOTS
100
AcDbLine
 10
7.003355762289711
 20
16.074513386357843
 30
0.0
 11
9.146653484902808
 21
18.038737179457268
 31
0.0
  0
LINE
  5
4EE
330
17
100
AcDbEntity
  8
SLOTS
100
AcDbLine
 10
9.315562875494608
 20
17.85442869411298
 30
0.0
 11
7.172265152881511
 21
15.890204901013552
 31
0.0
  0
ARC
  5
4EF
330
17
100
AcDbEntity
  8
SLOTS
100
AcDbCircle
 10
9.231108180198708
 20
17.946582936785124
 30
0.0
 40
0.125
100
AcDbArc
 50
-47.49631982821364
 51
132.50368017178636
  0
ARC
  5
4F0
330
17
100
AcDbEntity
  8
SLOTS
100
AcDbCircle
 10
7.087810457585611
 20
15.982359143685697
 30
0.0
 40
0.125
100
AcDbArc
 50
132.50368017178636
 51
312.50368017178636
  0
LINE
  5
4F1
330
17
100
AcDbEntity
  8
SLOTS
100
AcDbLine
 10
6.595422163020329
 20
16.717979063610574
 30
0.0
 11
8.13172718698276
 21
18.125924795875008
 31
0.0
  0
LINE
  5
4F2
330
17
100
AcDbEntity
  8
SLOTS
100
AcDbLine
 10
8.30063657757456
 20
17.94161631053072
 30
0.0
 11
6.764331553612129
 21
16.533670578266285
 31
0.0
  0
ARC
  5
4F3
330
17
100
AcDbEntity
  8
SLOTS
100
AcDbCircle
 10
8.21618188227866
 20
18.033770553202864
 30
0.0
 40
0.125
100
AcDbArc
 50
-47.49631982821365
 51
132.50368017178636
  0
ARC
  5
4F4
330
17
100
AcDbEntity
  8
SLOTS
100
AcDbCircle
 10
6.679876858316229
 20
16.62582482093843
 30
0.0
 40
0.125
100
AcDbArc
 50
132.50368017178636
 51
312.50368017178636
  0
LINE
  5
4F5
330
17
100
AcDbEntity
  8
SLOTS
100
AcDbLine
 10
6.187488563750947
 20
17.361444740863302
 30
0.0
 11
7.116800889062715
 21
18.213112412292745
 31
0.0
  0
LINE
  5
4F6
330
17
100
AcDbEntity
  8
SLOTS
100
AcDbLine
 10
7.285710279654515
 20
18.028803926948456
 30
0.0
 11
6.356397954342747
 21
17.177136255519013
 31
0.0
  0
ARC
  5
4F7
330
17
100
AcDbEntity
  8
SLOTS
100
AcDbCircle
 10
7.201255584358615
 20
18.1209581696206
 30
0.0
 40
0.125
100
AcDbArc
 50
-47.4963198282137
 51
132.5036801717863
  0
ARC
  5
4F8
330
17
100
AcDbEntity
  8
SLOTS
100
AcDbCircle
 10
6.271943259046847
 20
17.269290498191157
 30
0.0
 40
0.125
100
AcDbArc
 50
132.5036801717863
 51
312.5036801717863
  0
LINE
  5
4F9
330
17
100
AcDbEntity
  8
SLOTS
100
AcDbLine
 10
6.089451386332484
 20
15.950570261822497
 30
0.0
 11
4.983895232516533
 21
16.575447157651183
 31
0.0
  0
LINE
  5
4FA
330
17
100
AcDbEntity
  8
SLOTS
100
AcDbLine
 10
5.106909148421122
 20
16.79308809243556
 30
0.0
 11
6.2124653022370735
 21
16.168211196606876
 31
0.0
  0
ARC
  5
4FB
330
17
100
AcDbEntity
  8
SLOTS
100
AcDbCircle
 10
5.0454021904688275
 20
16.684267625043372
 30
0.0
 40
0.125
100
AcDbArc
 50
60.5242158426818
 51
240.5242158426818
  0
ARC
  5
4FC
330
17
100
AcDbEntity
  8
SLOTS
100
AcDbCircle
 10
6.150958344284779
 20
16.059390729214687
 30
0.0
 40
0.125
100
AcDbArc
 50
240.5242158426818
 51
420.52421584268177
  0
LINE
  5
4FD
330
17
100
AcDbEntity
  8
SLOTS
100
AcDbLine
 10
6.940609061758082
 20
14.607972468829917
 30
0.0
 11
4.269876949555359
 21
16.117510257663984
 31
0.0
  0
LINE
  5
4FE
330
17
100
AcDbEntity
  8
SLOTS
100
AcDbLine
 10
4.392890865459949
 20
16.33515119244836
 30
0.0
 11
7.063622977662671
 21
14.825613403614298
 31
0.0
  0
ARC
  5
4FF
330
17
100
AcDbEntity
  8
SLOTS
100
AcDbCircle
 10
4.331383907507654
 20
16.226330725056172
 30
0.0
 40
0.125
100
AcDbArc
 50
60.52421584268177
 51
240.52421584268177
  0
ARC
  5
500
330
17
100
AcDbEntity
  8
SLOTS
100
AcDbCircle
 10
7.0021160197103764
 20
14.716792936222108
 30
0.0
 40
0.125
100
AcDbArc
 50
240.52421584268177
 51
420.52421584268177
  0
LINE
  5
501
330
17
100
AcDbEntity
  8
SLOTS
100
AcDbLine
 10
7.307216175191746
 20
13.539249910491382
 30
0.0
 11
3.5558586665941863
 21
15.659573357676782
 31
0.0
  0
LINE
  5
502
330
17
100
AcDbEntity
  8
SLOTS
100
AcDbLine
 10
3.678872582498775
 20
15.877214292461163
 30
0.0
 11
7.430230091096336
 21
13.756890845275763
 31
0.0
  0
ARC
  5
503
330
17
100
AcDbEntity
  8
SLOTS
100
AcDbCircle
 10
3.6173656245464807
 20
15.768393825068973
 30
0.0
 40
0.125
100
AcDbArc
 50
60.5242158426818
 51
240.5242158426818
  0
ARC
  5
504
330
17
100
AcDbEntity
  8
SLOTS
100
AcDbCircle
 10
7.368723133144041
 20
13.648070377883572
 30
0.0
 40
0.125
100
AcDbArc
 50
240.5242158426818
 51
420.52421584268177
  0
LINE
  5
505
330
17
100
AcDbEntity
  8
SLOTS
100
AcDbLine
 10
6.96205961485832
 20
12.87282684050723
 30
0.0
 11
2.841840383633011
 21
15.201636457689583
 31
0.0
  0
LINE
  5
506
330
17
100
AcDbEntity
  8
SLOTS
100
AcDbLine
 10
2.9648542995376
 20
15.419277392473964
 30
0.0
 11
7.08507353076291
 21
13.09046777529161
 31
0.0
  0
ARC
  5
507
330
17
100
AcDbEntity
  8
SLOTS
100
AcDbCircle
 10
2.9033473415853055
 20
15.310456925081773
 30
0.0
 40
0.125
100
AcDbArc
 50
60.5242158426818
 51
240.5242158426818
  0
ARC
  5
508
330
17
100
AcDbEntity
  8
SLOTS
100
AcDbCircle
 10
7.023566572810615
 20
12.98164730789942
 30
0.0
 40
0.125
100
AcDbArc
 50
240.5242158426818
 51
420.52421584268177
  0
LINE
  5
509
330
17
100
AcDbEntity
  8
SLOTS
100
AcDbLine
 10
6.616903054524895
 20
12.20640377052308
 30
0.0
 11
2.127822100671838
 21
14.743699557702383
 31
0.0
  0
LINE
  5
50A
330
17
100
AcDbEntity
  8
SLOTS
100
AcDbLine
 10
2.250836016576427
 20
14.961340492486764
 30
0.0
 11
6.739916970429484
 21
12.42404470530746
 31
0.0
  0
ARC
  5
50B
330
17
100
AcDbEntity
  8
SLOTS
100
AcDbCircle
 10
2.1893290586241325
 20
14.852520025094574
 30
0.0
 40
0.125
100
AcDbArc
 50
60.5242158426818
 51
240.5242158426818
  0
ARC
  5
50C
330
17
100
AcDbEntity
  8
SLOTS
100
AcDbCircle
 10
6.6784100124771895
 20
12.31522423791527
 30
0.0
 40
0.125
100
AcDbArc
 50
240.5242158426818
 51
420.52421584268177
  0
LINE
  5
50D
330
17
100
AcDbEntity
  8
SLOTS
100
AcDbLine
 10
6.271746494191469
 20
11.53998070053893
 30
0.0
 11
1.4138038177106647
 21
14.285762657715184
 31
0.0
  0
LINE
  5
50E
330
17
100
AcDbEntity
  8
SLOTS
100
AcDbLine
 10
1.5368177336152535
 20
14.503403592499565
 30
0.0
 11
6.394760410096059
 21
11.75762163532331
 31
0.0
  0
ARC
  5
50F
330
17
100
AcDbEntity
  8
SLOTS
100
AcDbCircle
 10
1.475310775662959
 20
14.394583125107374
 30
0.0
 40
0.125
100
AcDbArc
 50
60.524215842681826
 51
240.52421584268183
  0
ARC
  5
510
330
17
100
AcDbEntity
  8
SLOTS
100
AcDbCircle
 10
6.333253452143764
 20
11.64880116793112
 30
0.0
 40
0.125
100
AcDbArc
 50
240.52421584268183
 51
420.5242158426818
  0
LINE
  5
511
330
17
100
AcDbEntity
  8
SLOTS
100
AcDbLine
 10
5.926589933858042
 20
10.873557630554778
 30
0.0
 11
1.0634930420477056
 21
13.62225282742893
 31
0.0
  0
LINE
  5
512
330
17
100
AcDbEntity
  8
SLOTS
100
AcDbLine
 10
1.1865069579522944
 20
13.839893762213311
 30
0.0
 11
6.049603849762632
 21
11.091198565339159
 31
0.0
  0
ARC
  5
513
330
17
100
AcDbEntity
  8
SLOTS
100
AcDbCircle
 10
1.125
 20
13.73107329482112
 30
0.0
 40
0.125
100
AcDbArc
 50
60.5242158426818
 51
240.5242158426818
  0
ARC
  5
514
330
17
100
AcDbEntity
  8
SLOTS
100
AcDbCircle
 10
5.988096891810337
 20
10.982378097946969
 30
0.0
 40
0.125
100
AcDbArc
 50
240.5242158426818
 51
420.52421584268177
  0
LINE
  5
515
330
17
100
AcDbEntity
  8
SLOTS
100
AcDbLine
 10
5.581433373524617
 20
10.207134560570628
 30
0.0
 11
2.525717194336412
 21
11.93427110989374
 31
0.0
  0
LINE
  5
516
330
17
100
AcDbEntity
  8
SLOTS
100
AcDbLine
 10
2.648731110241001
 20
12.15191204467812
 30
0.0
 11
5.704447289429207
 21
10.424775495355009
 31
0.0
  0
ARC
  5
517
330
17
100
AcDbEntity
  8
SLOTS
100
AcDbCircle
 10
2.5872241522887065
 20
12.04309157728593
 30
0.0
 40
0.125
100
AcDbArc
 50
60.5242158426818
 51
240.5242158426818
  0
ARC
  5
518
330
17
100
AcDbEntity
  8
SLOTS
100
AcDbCircle
 10
5.642940331476912
 20
10.315955027962818
 30
0.0
 40
0.125
100
AcDbArc
 50
240.5242158426818
 51
420.52421584268177
  0
LINE
  5
519
330
17
100
AcDbEntity
  8
SLOTS
100
AcDbLine
 10
5.444328558949827
 20
7.630538190186413
 30
0.0
 11
5.491346962117408
 21
6.583309113233669
 31
0.0
  0
LINE
  5
51A
330
17
100
AcDbEntity
  8
SLOTS
100
AcDbLine
 10
5.241598559657236
 20
6.572095930429864
 30
0.0
 11
5.194580156489655
 21
7.619325007382607
 31
0.0
  0
ARC
  5
51B
330
17
100
AcDbEntity
  8
SLOTS
100
AcDbCircle
 10
5.366472760887322
 20
6.577702521831767
 30
0.0
 40
0.125
100
AcDbArc
 50
-177.4292653565102
 51
2.5707346434897858
  0
ARC
  5
51C
330
17
100
AcDbEntity
  8
SLOTS
100
AcDbCircle
 10
5.319454357719741
 20
7.62493159878451
 30
0.0
 40
0.125
100
AcDbArc
 50
2.5707346434897858
 51
182.5707346434898
  0
LINE
  5
51D
330
17
100
AcDbEntity
  8
SLOTS
100
AcDbLine
 10
6.169167137131983
 20
8.207780456789505
 30
0.0
 11
6.3143447652692375
 21
4.974275631742775
 31
0.0
  0
LINE
  5
51E
330
17
100
AcDbEntity
  8
SLOTS
100
AcDbLine
 10
6.064596362809065
 20
4.963062448938969
 30
0.0
 11
5.919418734671811
 21
8.196567273985698
 31
0.0
  0
ARC
  5
51F
330
17
100
AcDbEntity
  8
SLOTS
100
AcDbCircle
 10
6.189470564039151
 20
4.968669040340872
 30
0.0
 40
0.125
100
AcDbArc
 50
-177.4292653565102
 51
2.5707346434897858
  0
ARC
  5
520
330
17
100
AcDbEntity
  8
SLOTS
100
AcDbCircle
 10
6.044292935901897
 20
8.202173865387602
 30
0.0
 40
0.125
100
AcDbArc
 50
2.5707346434897858
 51
182.5707346434898
  0
LINE
  5
521
330
17
100
AcDbEntity
  8
SLOTS
100
AcDbLine
 10
6.929732857432892
 20
7.9892810660285365
 30
0.0
 11
7.137342568421067
 21
3.36524215025188
 31
0.0
  0
LINE
  5
522
330
17
100
AcDbEntity
  8
SLOTS
100
AcDbLine
 10
6.887594165960895
 20
3.3540289674480745
 30
0.0
 11
6.67998445497272
 21
7.978067883224731
 31
0.0
  0
ARC
  5
523
330
17
100
AcDbEntity
  8
SLOTS
100
AcDbCircle
 10
7.012468367190981
 20
3.3596355588499773
 30
0.0
 40
0.125
100
AcDbArc
 50
-177.4292653565102
 51
2.5707346434898
  0
ARC
  5
524
330
17
100
AcDbEntity
  8
SLOTS
100
AcDbCircle
 10
6.804858656202806
 20
7.983674474626634
 30
0.0
 40
0.125
100
AcDbArc
 50
2.5707346434898
 51
182.5707346434898
  0
LINE
  5
525
330
17
100
AcDbEntity
  8
SLOTS
100
AcDbLine
 10
7.690298577733802
 20
7.7707816752675685
 30
0.0
 11
7.877528733059964
 21
3.600651480903046
 31
0.0
  0
LINE
  5
526
330
17
100
AcDbEntity
  8
SLOTS
100
AcDbLine
 10
7.6277803305997915
 20
3.5894382980992403
 30
0.0
 11
7.44055017527363
 21
7.759568492463763
 31
0.0
  0
ARC
  5
527
330
17
100
AcDbEntity
  8
SLOTS
100
AcDbCircle
 10
7.752654531829878
 20
3.595044889501143
 30
0.0
 40
0.125
100
AcDbArc
 50
-177.4292653565102
 51
2.5707346434898
  0
ARC
  5
528
330
17
100
AcDbEntity
  8
SLOTS
100
AcDbCircle
 10
7.565424376503716
 20
7.765175083865666
 30
0.0
 40
0.125
100
AcDbArc
 50
2.5707346434898
 51
182.5707346434898
  0
LINE
  5
529
330
17
100
AcDbEntity
  8
SLOTS
100
AcDbLine
 10
8.450864298034714
 20
7.5522822845065996
 30
0.0
 11
8.464140017764832
 21
7.256595515449311
 31
0.0
  0
LINE
  5
52A
330
17
100
AcDbEntity
  8
SLOTS
100
AcDbLine
 10
8.214391615304658
 20
7.245382332645505
 30
0.0
 11
8.20111589557454
 21
7.541069101702794
 31
0.0
  0
ARC
  5
52B
330
17
100
AcDbEntity
  8
SLOTS
100
AcDbCircle
 10
8.339265816534745
 20
7.250988924047408
 30
0.0
 40
0.125
100
AcDbArc
 50
-177.42926535651037
 51
2.5707346434896436
  0
ARC
  5
52C
330
17
100
AcDbEntity
  8
SLOTS
100
AcDbCircle
 10
8.325990096804627
 20
7.546675693104697
 30
0.0
 40
0.125
100
AcDbArc
 50
2.5707346434896436
 51
182.57073464348963
  0
LINE
  5
52D
330
17
100
AcDbEntity
  8
SLOTS
100
AcDbLine
 10
28.916795353708046
 20
1.1972065032101842
 30
0.0
 11
29.1800072243224
 21
1.5691525853791564
 31
0.0
  0
LINE
  5
52E
330
17
100
AcDbEntity
  8
SLOTS
100
AcDbLine
 10
29.384078005123154
 20
1.424739578958788
 30
0.0
 11
29.120866134508802
 21
1.0527934967898158
 31
0.0
  0
ARC
  5
52F
330
17
100
AcDbEntity
  8
SLOTS
100
AcDbCircle
 10
29.282042614722776
 20
1.4969460821689722
 30
0.0
 40
0.125
100
AcDbArc
 50
-35.28556752221824
 51
144.71443247778177
  0
ARC
  5
530
330
17
100
AcDbEntity
  8
SLOTS
100
AcDbCircle
 10
29.018830744108424
 20
1.125
 30
0.0
 40
0.125
100
AcDbArc
 50
144.71443247778177
 51
324.71443247778177
  0
LINE
  5
531
330
17
100
AcDbEntity
  8
SLOTS
100
AcDbLine
 10
27.997996497427565
 20
1.1972065032101844
 30
0.0
 11
28.737526892251903
 21
2.242240803364528
 31
0.0
  0
LINE
  5
532
330
17
100
AcDbEntity
  8
SLOTS
100
AcDbLine
 10
28.94159767305266
 20
2.0978277969441597
 30
0.0
 11
28.20206727822832
 21
1.0527934967898156
 31
0.0
  0
ARC
  5
533
330
17
100
AcDbEntity
  8
SLOTS
100
AcDbCircle
 10
28.83956228265228
 20
2.170034300154344
 30
0.0
 40
0.125
100
AcDbArc
 50
-35.2855675222183
 51
144.7144324777817
  0
ARC
  5
534
330
17
100
AcDbEntity
  8
SLOTS
100
AcDbCircle
 10
28.100031887827942
 20
1.125
 30
0.0
 40
0.125
100
AcDbArc
 50
144.7144324777817
 51
324.7144324777817
  0
LINE
  5
535
330
17
100
AcDbEntity
  8
SLOTS
100
AcDbLine
 10
27.121866767339835
 20
1.257502470409244
 30
0.0
 11
28.29504656018141
 21
2.9153290213499004
 31
0.0
  0
LINE
  5
536
330
17
100
AcDbEntity
  8
SLOTS
100
AcDbLine
 10
28.499117340982167
 20
2.770916014929532
 30
0.0
 11
27.32593754814059
 21
1.113089463988875
 31
0.0
  0
ARC
  5
537
330
17
100
AcDbEntity
  8
SLOTS
100
AcDbCircle
 10
28.39708195058179
 20
2.843122518139716
 30
0.0
 40
0.125
100
AcDbArc
 50
-35.28556752221829
 51
144.7144324777817
  0
ARC
  5
538
330
17
100
AcDbEntity
  8
SLOTS
100
AcDbCircle
 10
27.223902157740213
 20
1.1852959671990595
 30
0.0
 40
0.125
100
AcDbArc
 50
144.7144324777817
 51
324.7144324777817
  0
LINE
  5
539
330
17
100
AcDbEntity
  8
SLOTS
100
AcDbLine
 10
26.879599429681125
 20
2.2135127264355594
 30
0.0
 11
27.852566228110916
 21
3.588417239335272
 31
0.0
  0
LINE
  5
53A
330
17
100
AcDbEntity
  8
SLOTS
100
AcDbLine
 10
28.05663700891167
 20
3.4440042329149034
 30
0.0
 11
27.08367021048188
 21
2.069099720015191
 31
0.0
  0
ARC
  5
53B
330
17
100
AcDbEntity
  8
SLOTS
100
AcDbCircle
 10
27.954601618511294
 20
3.5162107361250876
 30
0.0
 40
0.125
100
AcDbArc
 50
-35.285567522218294
 51
144.7144324777817
  0
ARC
  5
53C
330
17
100
AcDbEntity
  8
SLOTS
100
AcDbCircle
 10
26.981634820081503
 20
2.1413062232253752
 30
0.0
 40
0.125
100
AcDbArc
 50
144.7144324777817
 51
324.7144324777817
  0
LINE
  5
53D
330
17
100
AcDbEntity
  8
SLOTS
100
AcDbLine
 10
26.63733209202242
 20
3.169522982461876
 30
0.0
 11
26.773970619838597
 21
3.3626076065555437
 31
0.0
  0
LINE
  5
53E
330
17
100
AcDbEntity
  8
SLOTS
100
AcDbLine
 10
26.978041400639352
 20
3.2181946001351744
 30
0.0
 11
26.841402872823174
 21
3.0251099760415068
 31
0.0
  0
ARC
  5
53F
330
17
100
AcDbEntity
  8
SLOTS
100
AcDbCircle
 10
26.876006010238974
 20
3.290401103345359
 30
0.0
 40
0.125
100
AcDbArc
 50
-35.285567522218344
 51
144.71443247778166
  0
ARC
  5
540
330
17
100
AcDbEntity
  8
SLOTS
100
AcDbCircle
 10
26.739367482422796
 20
3.0973164792516914
 30
0.0
 40
0.125
100
AcDbArc
 50
144.71443247778166
 51
324.71443247778166
  0
LINE
  5
541
330
17
100
AcDbEntity
  8
SLOTS
100
AcDbLine
 10
31.21943153768327
 20
5.56288159760737
 30
0.0
 11
30.745412085391642
 21
5.595806164923636
 31
0.0
  0
LINE
  5
542
330
17
100
AcDbEntity
  8
SLOTS
100
AcDbLine
 10
30.76273491460973
 20
5.845205281978772
 30
0.0
 11
31.23675436690136
 21
5.8122807146625055
 31
0.0
  0
ARC
  5
543
330
17
100
AcDbEntity
  8
SLOTS
100
AcDbCircle
 10
30.754073500000686
 20
5.720505723451204
 30
0.0
 40
0.125
100
AcDbArc
 50
86.02671617128999
 51
266.02671617129
  0
ARC
  5
544
330
17
100
AcDbEntity
  8
SLOTS
100
AcDbCircle
 10
31.228092952292315
 20
5.687581156134938
 30
0.0
 40
0.125
100
AcDbArc
 50
266.02671617129
 51
446.02671617129
  0
LINE
  5
545
330
17
100
AcDbEntity
  8
SLOTS
100
AcDbLine
 10
31.203654530123877
 20
4.812170449134917
 30
0.0
 11
29.926671063797777
 21
4.9008675013245515
 31
0.0
  0
LINE
  5
546
330
17
100
AcDbEntity
  8
SLOTS
100
AcDbLine
 10
29.943993893015865
 20
5.150266618379687
 30
0.0
 11
31.220977359341965
 21
5.061569566190053
 31
0.0
  0
ARC
  5
547
330
17
100
AcDbEntity
  8
SLOTS
100
AcDbCircle
 10
29.93533247840682
 20
5.025567059852119
 30
0.0
 40
0.125
100
AcDbArc
 50
86.02671617129002
 51
266.02671617129
  0
ARC
  5
548
330
17
100
AcDbEntity
  8
SLOTS
100
AcDbCircle
 10
31.21231594473292
 20
4.936870007662485
 30
0.0
 40
0.125
100
AcDbArc
 50
266.02671617129
 51
446.02671617129
  0
LINE
  5
549
330
17
100
AcDbEntity
  8
SLOTS
100
AcDbLine
 10
31.187877522564488
 20
4.061459300662464
 30
0.0
 11
29.107930042203908
 21
4.205928837725468
 31
0.0
  0
LINE
  5
54A
330
17
100
AcDbEntity
  8
SLOTS
100
AcDbLine
 10
29.125252871421996
 20
4.4553279547806035
 30
0.0
 11
31.205200351782576
 21
4.3108584177176
 31
0.0
  0
ARC
  5
54B
330
17
100
AcDbEntity
  8
SLOTS
100
AcDbCircle
 10
29.11659145681295
 20
4.330628396253036
 30
0.0
 40
0.125
100
AcDbArc
 50
86.02671617129002
 51
266.02671617129
  0
ARC
  5
54C
330
17
100
AcDbEntity
  8
SLOTS
100
AcDbCircle
 10
31.196538937173532
 20
4.186158859190032
 30
0.0
 40
0.125
100
AcDbArc
 50
266.02671617129
 51
446.02671617129
  0
LINE
  5
54D
330
17
100
AcDbEntity
  8
SLOTS
100
AcDbLine
 10
31.172100515005095
 20
3.3107481521900115
 30
0.0
 11
28.78770535528014
 21
3.4763640959353856
 31
0.0
  0
LINE
  5
54E
330
17
100
AcDbEntity
  8
SLOTS
100
AcDbLine
 10
28.805028184498227
 20
3.7257632129905205
 30
0.0
 11
31.189423344223183
 21
3.5601472692451464
 31
0.0
  0
ARC
  5
54F
330
17
100
AcDbEntity
  8
SLOTS
100
AcDbCircle
 10
28.796366769889183
 20
3.601063654462953
 30
0.0
 40
0.125
100
AcDbArc
 50
86.02671617129002
 51
266.02671617129
  0
ARC
  5
550
330
17
100
AcDbEntity
  8
SLOTS
100
AcDbCircle
 10
31.18076192961414
 20
3.435447710717579
 30
0.0
 40
0.125
100
AcDbArc
 50
266.02671617129
 51
446.02671617129
  0
LINE
  5
551
330
17
100
AcDbEntity
  8
SLOTS
100
AcDbLine
 10
31.156323507445705
 20
2.5600370037175586
 30
0.0
 11
29.30558124689186
 21
2.6885863445686065
 31
0.0
  0
LINE
  5
552
330
17
100
AcDbEntity
  8
SLOTS
100
AcDbLine
 10
29.32290407610995
 20
2.9379854616237413
 30
0.0
 11
31.173646336663793
 21
2.8094361207726934
 31
0.0
  0
ARC
  5
553
330
17
100
AcDbEntity
  8
SLOTS
100
AcDbCircle
 10
29.314242661500906
 20
2.813285903096174
 30
0.0
 40
0.125
100
AcDbArc
 50
86.02671617129002
 51
266.02671617129
  0
ARC
  5
554
330
17
100
AcDbEntity
  8
SLOTS
100
AcDbCircle
 10
31.16498492205475
 20
2.684736562245126
 30
0.0
 40
0.125
100
AcDbArc
 50
266.02671617129
 51
446.02671617129
  0
LINE
  5
555
330
17
100
AcDbEntity
  8
SLOTS
100
AcDbLine
 10
31.140546499886312
 20
1.809325855245105
 30
0.0
 11
29.823457138503585
 21
1.9008085932018262
 31
0.0
  0
LINE
  5
556
330
17
100
AcDbEntity
  8
SLOTS
100
AcDbLine
 10
29.840779967721673
 20
2.1502077102569612
 30
0.0
 11
31.1578693291044
 21
2.05872497230024
 31
0.0
  0
ARC
  5
557
330
17
100
AcDbEntity
  8
SLOTS
100
AcDbCircle
 10
29.83211855311263
 20
2.025508151729394
 30
0.0
 40
0.125
100
AcDbArc
 50
86.02671617129002
 51
266.02671617129
  0
ARC
  5
558
330
17
100
AcDbEntity
  8
SLOTS
100
AcDbCircle
 10
31.149207914495356
 20
1.9340254137726727
 30
0.0
 40
0.125
100
AcDbArc
 50
266.02671617129
 51
446.02671617129
  0
LINE
  5
559
330
17
100
AcDbEntity
  8
SLOTS
100
AcDbLine
 10
31.124769492326923
 20
1.0586147067726526
 30
0.0
 11
30.341333030115308
 21
1.1130308418350476
 31
0.0
  0
LINE
  5
55A
330
17
100
AcDbEntity
  8
SLOTS
100
AcDbLine
 10
30.358655859333396
 20
1.362429958890183
 30
0.0
 11
31.14209232154501
 21
1.3080138238277879
 31
0.0
  0
ARC
  5
55B
330
17
100
AcDbEntity
  8
SLOTS
100
AcDbCircle
 10
30.349994444724352
 20
1.2377304003626153
 30
0.0
 40
0.125
100
AcDbArc
 50
86.02671617128999
 51
266.02671617129
  0
ARC
  5
55C
330
17
100
AcDbEntity
  8
SLOTS
100
AcDbCircle
 10
31.133430906935967
 20
1.1833142653002202
 30
0.0
 40
0.125
100
AcDbArc
 50
266.02671617129
 51
446.02671617129
  0
ENDSEC
  0
SECTION
  2
OBJECTS
  0
DICTIONARY
  5
A
330
0
100
AcDbDictionary
281
1
  3
ACAD_COLOR
350
B
  3
ACAD_GROUP
350
C
  3
ACAD_LAYOUT
350
D
  3
ACAD_MATERIAL
350
E
  3
ACAD_MLEADERSTYLE
350
F
  3
ACAD_MLINESTYLE
350
10
  3
ACAD_PLOTSETTINGS
350
11
  3
ACAD_PLOTSTYLENAME
350
12
  3
ACAD_SCALELIST
350
14
  3
ACAD_TABLESTYLE
350
15
  3
ACAD_VISUALSTYLE
350
16
  3
EZDXF_META
350
2D
  0
DICTIONARY
  5
B
330
A
100
AcDbDictionary
281
1
  0
DICTIONARY
  5
C
330
A
100
AcDbDictionary
281
1
  0
DICTIONARY
  5
D
330
A
100
AcDbDictionary
281
1
  3
Model
350
1A
  3
Layout1
350
1E
  0
DICTIONARY
  5
E
330
A
100
AcDbDictionary
281
1
  3
ByBlock
350
1F
  3
ByLayer
350
20
  3
Global
350
21
  0
DICTIONARY
  5
F
330
A
100
AcDbDictionary
281
1
  3
Standard
350
2C
  0
DICTIONARY
  5
10
330
A
100
AcDbDictionary
281
1
  3
Standard
350
22
  0
DICTIONARY
  5
11
330
A
100
AcDbDictionary
281
1
  0
ACDBDICTIONARYWDFLT
  5
12
330
A
100
AcDbDictionary
281
1
  3
Normal
350
13
100
AcDbDictionaryWithDefault
340
13
  0
ACDBPLACEHOLDER
  5
13
330
12
  0
DICTIONARY
  5
14
330
A
100
AcDbDictionary
281
1
  0
DICTIONARY
  5
15
330
A
100
AcDbDictionary
281
1
  0
DICTIONARY
  5
16
330
A
100
AcDbDictionary
281
1
  3
2dWireframe
350
5A
  3
Basic
350
5B
  3
Brighten
350
5C
  3
ColorChange
350
5D
  3
Conceptual
350
5E
  3
Dim
350
5F
  3
EdgeColorOff
350
60
  3
Facepattern
350
61
  3
Flat
350
62
  3
FlatWithEdges
350
63
  3
Gouraud
350
64
  3
GouraudWithEdges
350
65
  3
Hidden
350
66
  3
JitterOff
350
67
  3
Linepattern
350
68
  3
Modeling
350
69
  3
OverhangOff
350
6A
  3
Realistic
350
6B
  3
Shaded
350
6C
  3
Shaded with edges
350
6D
  3
Shades of Gray
350
6E
  3
Sketchy
350
6F
  3
Thicken
350
70
  3
Wireframe
350
71
  3
X-Ray
350
72
  0
LAYOUT
  5
1A
330
D
100
AcDbPlotSettings
  1

  4
A3
  6

 40
7.5
 41
20.0
 42
7.5
 43
20.0
 44
420.0
 45
297.0
 46
0.0
 47
0.0
 48
0.0
 49
0.0
140
0.0
141
0.0
142
1.0
143
1.0
 70
1024
 72
1
 73
0
 74
5
  7

 75
16
 76
0
 77
2
 78
300
147
1.0
148
0.0
149
0.0
100
AcDbLayout
  1
Model
 70
1
 71
0
 10
0.0
 20
0.0
 11
420.0
 21
297.0
 12
0.0
 22
0.0
 32
0.0
 14
1e+20
 24
1e+20
 34
1e+20
 15
-1e+20
 25
-1e+20
 35
-1e+20
146
0.0
 13
0.0
 23
0.0
 33
0.0
 16
1.0
 26
0.0
 36
0.0
 17
0.0
 27
1.0
 37
0.0
 76
1
330
17
  0
LAYOUT
  5
1E
330
D
100
AcDbPlotSettings
  1

  4
A3
  6

 40
7.5
 41
20.0
 42
7.5
 43
20.0
 44
420.0
 45
297.0
 46
0.0
 47
0.0
 48
0.0
 49
0.0
140
0.0
141
0.0
142
1.0
143
1.0
 70
0
 72
1
 73
0
 74
5
  7

 75
16
 76
0
 77
2
 78
300
147
1.0
148
0.0
149
0.0
100
AcDbLayout
  1
Layout1
 70
1
 71
1
 10
0.0
 20
0.0
 11
420.0
 21
297.0
 12
0.0
 22
0.0
 32
0.0
 14
1e+20
 24
1e+20
 34
1e+20
 15
-1e+20
 25
-1e+20
 35
-1e+20
146
0.0
 13
0.0
 23
0.0
 33
0.0
 16
1.0
 26
0.0
 36
0.0
 17
0.0
 27
1.0
 37
0.0
 76
1
330
1B
  0
MATERIAL
  5
1F
102
{ACAD_REACTORS
330
E
102
}
330
E
100
AcDbMaterial
  1
ByBlock
  2

 70
0
 40
1.0
 71
1
 41
1.0
 91
-1023410177
 42
1.0
 72
1
  3

 73
1
 74
1
 75
1
 44
0.5
 73
0
 45
1.0
 46
1.0
 77
1
  4

 78
1
 79
1
170
1
 48
1.0
171
1
  6

172
1
173
1
174
1
140
1.0
141
1.0
175
1
  7

176
1
177
1
178
1
143
1.0
179
1
  8

270
1
271
1
272
1
145
1.0
146
1.0
273
1
  9

274
1
275
1
276
1
 42
1.0
 72
1
  3

 73
1
 74
1
 75
1
 94
63
  0
MATERIAL
  5
20
102
{ACAD_REACTORS
330
E
102
}
330
E
100
AcDbMaterial
  1
ByLayer
  2

 70
0
 40
1.0
 71
1
 41
1.0
 91
-1023410177
 42
1.0
 72
1
  3

 73
1
 74
1
 75
1
 44
0.5
 73
0
 45
1.0
 46
1.0
 77
1
  4

 78
1
 79
1
170
1
 48
1.0
171
1
  6

172
1
173
1
174
1
140
1.0
141
1.0
175
1
  7

176
1
177
1
178
1
143
1.0
179
1
  8

270
1
271
1
272
1
145
1.0
146
1.0
273
1
  9

274
1
275
1
276
1
 42
1.0
 72
1
  3

 73
1
 74
1
 75
1
 94
63
  0
MATERIAL
  5
21
102
{ACAD_REACTORS
330
E
102
}
330
E
100
AcDbMaterial
  1
Global
  2

 70
0
 40
1.0
 71
1
 41
1.0
 91
-1023410177
 42
1.0
 72
1
  3

 73
1
 74
1
 75
1
 44
0.5
 73
0
 45
1.0
 46
1.0
 77
1
  4

 78
1
 79
1
170
1
 48
1.0
171
1
  6

172
1
173
1
174
1
140
1.0
141
1.0
175
1
  7

176
1
177
1
178
1
143
1.0
179
1
  8

270
1
271
1
272
1
145
1.0
146
1.0
273
1
  9

274
1
275
1
276
1
 42
1.0
 72
1
  3

 73
1
 74
1
 75
1
 94
63
  0
MLINESTYLE
  5
22
102
{ACAD_REACTORS
330
10
102
}
330
10
100
AcDbMlineStyle
  2
Standard
 70
0
  3

 62
256
 51
90.0
 52
90.0
 71
2
 49
0.5
 62
256
  6
BYLAYER
 49
-0.5
 62
256
  6
BYLAYER
  0
MLEADERSTYLE
  5
2C
102
{ACAD_REACTORS
330
F
102
}
330
F
100
AcDbMLeaderStyle
179
2
170
2
171
1
172
0
 90
2
 40
0.0
 41
0.0
173
1
 91
-1056964608
 92
-2
290
1
 42
2.0
291
1
 43
8.0
  3
Standard
 44
4.0
300

342
29
174
1
175
1
176
0
178
1
 93
-1056964608
 45
4.0
292
0
297
0
 46
4.0
 94
-1056964608
 47
1.0
 49
1.0
140
1.0
294
1
141
0.0
177
0
142
1.0
295
0
296
0
143
3.75
271
0
272
9
273
9
  0
DICTIONARY
  5
2D
330
A
100
AcDbDictionary
280
1
281
1
  3
CREATED_BY_EZDXF
350
2E
  3
WRITTEN_BY_EZDXF
350
55F
  0
DICTIONARYVAR
  5
2E
330
2D
100
DictionaryVariables
280
0
  1
1.4.4 @ 2026-09-19T23:28:54.658493+00:00
  0
VISUALSTYLE
  5
5A
102
{ACAD_REACTORS
330
16
102
}
330
16
100
AcDbVisualStyle
  2
2dWireframe
 70
4
 90
0
 40
0.6
 62
7
290
0
291
0
  0
VISUALSTYLE
  5
5B
102
{ACAD_REACTORS
330
16
102
}
330
16
100
AcDbVisualStyle
  2
Basic
 70
7
 90
1
 40
0.6
 62
7
290
0
291
1
  0
VISUALSTYLE
  5
5C
102
{ACAD_REACTORS
330
16
102
}
330
16
100
AcDbVisualStyle
  2
Brighten
 70
12
 90
2
 40
0.6
 62
7
290
0
291
1
  0
VISUALSTYLE
  5
5D
102
{ACAD_REACTORS
330
16
102
}
330
16
100
AcDbVisualStyle
  2
ColorChange
 70
16
 90
2
 40
0.6
 62
8
290
0
291
1
  0
VISUALSTYLE
  5
5E
102
{ACAD_REACTORS
330
16
102
}
330
16
100
AcDbVisualStyle
  2
Conceptual
 70
9
 90
3
 40
0.6
 62
7
290
0
291
0
  0
VISUALSTYLE
  5
5F
102
{ACAD_REACTORS
330
16
102
}
330
16
100
AcDbVisualStyle
  2
Dim
 70
11
 90
2
 40
0.6
 62
7
290
0
291
1
  0
VISUALSTYLE
  5
60
102
{ACAD_REACTORS
330
16
102
}
330
16
100
AcDbVisualStyle
  2
EdgeColorOff
 70
22
 90
2
 40
0.6
 62
7
290
0
291
1
  0
VISUALSTYLE
  5
61
102
{ACAD_REACTORS
330
16
102
}
330
16
100
AcDbVisualStyle
  2
Facepattern
 70
15
 90
2
 40
0.6
 62
7
290
0
291
1
  0
VISUALSTYLE
  5
62
102
{ACAD_REACTORS
330
16
102
}
330
16
100
AcDbVisualStyle
  2
Flat
 70
0
 90
2
 40
0.6
 62
7
290
0
291
1
  0
VISUALSTYLE
  5
63
102
{ACAD_REACTORS
330
16
102
}
330
16
100
AcDbVisualStyle
  2
FlatWithEdges
 70
1
 90
2
 40
0.6
 62
7
290
0
291
1
  0
VISUALSTYLE
  5
64
102
{ACAD_REACTORS
330
16
102
}
330
16
100
AcDbVisualStyle
  2
Gouraud
 70
2
 90
2
 40
0.6
 62
7
290
0
291
1
  0
VISUALSTYLE
  5
65
102
{ACAD_REACTORS
330
16
102
}
330
16
100
AcDbVisualStyle
  2
GouraudWithEdges
 70
3
 90
2
 40
0.6
 62
7
290
0
291
1
  0
VISUALSTYLE
  5
66
102
{ACAD_REACTORS
330
16
102
}
330
16
100
AcDbVisualStyle
  2
Hidden
 70
6
 90
1
 40
0.6
 62
7
290
0
291
0
  0
VISUALSTYLE
  5
67
102
{ACAD_REACTORS
330
16
102
}
330
16
100
AcDbVisualStyle
  2
JitterOff
 70
20
 90
2
 40
0.6
 62
7
290
0
291
1
  0
VISUALSTYLE
  5
68
102
{ACAD_REACTORS
330
16
102
}
330
16
100
AcDbVisualStyle
  2
Linepattern
 70
14
 90
2
 40
0.6
 62
7
290
0
291
1
  0
VISUALSTYLE
  5
69
102
{ACAD_REACTORS
330
16
102
}
330
16
100
AcDbVisualStyle
  2
Modeling
 70
10
 90
2
 40
0.6
 62
7
290
0
291
0
  0
VISUALSTYLE
  5
6A
102
{ACAD_REACTORS
330
16
102
}
330
16
100
AcDbVisualStyle
  2
OverhangOff
 70
21
 90
2
 40
0.6
 62
7
290
0
291
1
  0
VISUALSTYLE
  5
6B
102
{ACAD_REACTORS
330
16
102
}
330
16
100
AcDbVisualStyle
  2
Realistic
 70
8
 90
2
 40
0.6
 62
7
290
0
291
0
  0
VISUALSTYLE
  5
6C
102
{ACAD_REACTORS
330
16
102
}
330
16
100
AcDbVisualStyle
  2
Shaded
 70
27
 90
2
 40
0.6
 62
7
290
0
291
0
  0
VISUALSTYLE
  5
6D
102
{ACAD_REACTORS
330
16
102
}
330
16
100
AcDbVisualStyle
  2
Shaded with edges
 70
26
 90
2
 40
0.6
 62
7
290
0
291
0
  0
VISUALSTYLE
  5
6E
102
{ACAD_REACTORS
330
16
102
}
330
16
100
AcDbVisualStyle
  2
Shades of Gray
 70
23
 90
2
 40
0.6
 62
7
290
0
291
0
  0
VISUALSTYLE
  5
6F
102
{ACAD_REACTORS
330
16
102
}
330
16
100
AcDbVisualStyle
  2
Sketchy
 70
24
 90
1
 40
0.6
 62
7
290
0
291
0
  0
VISUALSTYLE
  5
70
102
{ACAD_REACTORS
330
16
102
}
330
16
100
AcDbVisualStyle
  2
Thicken
 70
13
 90
2
 40
0.6
 62
7
290
0
291
1
  0
VISUALSTYLE
  5
71
102
{ACAD_REACTORS
330
16
102
}
330
16
100
AcDbVisualStyle
  2
Wireframe
 70
5
 90
0
 40
0.6
 62
7
290
0
291
0
  0
VISUALSTYLE
  5
72
102
{ACAD_REACTORS
330
16
102
}
330
16
100
AcDbVisualStyle
  2
X-Ray
 70
25
 90
2
 40
0.5
 62
7
290
0
291
0
  0
DICTIONARYVAR
  5
55F
330
2D
100
DictionaryVariables
280
0
  1
1.4.4 @ 2026-09-19T23:28:54.702213+00:00
  0
ENDSEC
  0
EOF
