  0
SECTION
  2
HEADER
  9
$ACADVER
  1
AC1024
  9
$ACADMAINTVER
 70
6
  9
$DWGCODEPAGE
  3
ANSI_1252
  9
$LASTSAVEDBY
  1
ezdxf
  9
$INSBASE
 10
0.0
 20
0.0
 30
0.0
  9
$EXTMIN
 10
1e+20
 20
1e+20
 30
1e+20
  9
$EXTMAX
 10
-1e+20
 20
-1e+20
 30
-1e+20
  9
$LIMMIN
 10
0.0
 20
0.0
  9
$LIMMAX
 10
420.0
 20
297.0
  9
$ORTHOMODE
 70
0
  9
$REGENMODE
 70
1
  9
$FILLMODE
 70
1
  9
$QTEXTMODE
 70
0
  9
$MIRRTEXT
 70
1
  9
$LTSCALE
 40
1.0
  9
$ATTMODE
 70
1
  9
$TEXTSIZE
 40
2.5
  9
$TRACEWID
 40
1.0
  9
$TEXTSTYLE
  7
OpenSans
  9
$CLAYER
  8
0
  9
$CELTYPE
  6
ByLayer
  9
$CECOLOR
 62
256
  9
$CELTSCALE
 40
1.0
  9
$DISPSILH
 70
0
  9
$DIMSCALE
 40
1.0
  9
$DIMASZ
 40
0.175
  9
$DIMEXO
 40
0.125
  9
$DIMDLI
 40
3.75
  9
$DIMRND
 40
0.0
  9
$DIMDLE
 40
0.0
  9
$DIMEXE
 40
0.375
  9
$DIMTP
 40
0.0
  9
$DIMTM
 40
0.0
  9
$DIMTXT
 40
0.25
  9
$DIMCEN
 40
2.5
  9
$DIMTSZ
 40
0.0
  9
$DIMTOL
 70
0
  9
$DIMLIM
 70
0
  9
$DIMTIH
 70
0
  9
$DIMTOH
 70
0
  9
$DIMSE1
 70
0
  9
$DIMSE2
 70
0
  9
$DIMTAD
 70
1
  9
$DIMZIN
 70
12
  9
$DIMBLK
  1
ARCHTICK
  9
$DIMASO
 70
1
  9
$DIMSHO
 70
1
  9
$DIMPOST
  1

  9
$DIMAPOST
  1

  9
$DIMALT
 70
0
  9
$DIMALTD
 70
3
  9
$DIMALTF
 40
0.03937007874
  9
$DIMLFAC
 40
100.0
  9
$DIMTOFL
 70
1
  9
$DIMTVP
 40
0.0
  9
$DIMTIX
 70
0
  9
$DIMSOXD
 70
0
  9
$DIMSAH
 70
0
  9
$DIMBLK1
  1

  9
$DIMBLK2
  1

  9
$DIMSTYLE
  2
EZDXF
  9
$DIMCLRD
 70
0
  9
$DIMCLRE
 70
0
  9
$DIMCLRT
 70
0
  9
$DIMTFAC
 40
0.5
  9
$DIMGAP
 40
0.1
  9
$DIMJUST
 70
0
  9
$DIMSD1
 70
0
  9
$DIMSD2
 70
0
  9
$DIMTOLJ
 70
0
  9
$DIMTZIN
 70
8
  9
$DIMALTZ
 70
0
  9
$DIMALTTZ
 70
0
  9
$DIMUPT
 70
1
  9
$DIMDEC
 70
2
  9
$DIMTDEC
 70
2
  9
$DIMALTU
 70
2
  9
$DIMALTTD
 70
3
  9
$DIMTXSTY
  7
OpenSansCondensed-Light
  9
$DIMAUNIT
 70
0
  9
$DIMADEC
 70
2
  9
$DIMALTRND
 40
0.0
  9
$DIMAZIN
 70
3
  9
$DIMDSEP
 70
46
  9
$DIMATFIT
 70
3
  9
$DIMFRAC
 70
0
  9
$DIMLDRBLK
  1

  9
$DIMLUNIT
 70
2
  9
$DIMLWD
 70
-2
  9
$DIMLWE
 70
-2
  9
$DIMTMOVE
 70
2
  9
$DIMFXL
 40
1.0
  9
$DIMFXLON
 70
0
  9
$DIMJOGANG
 40
0.785398163397
  9
$DIMTFILL
 70
0
  9
$DIMTFILLCLR
 70
0
  9
$DIMARCSYM
 70
0
  9
$DIMLTYPE
  6

  9
$DIMLTEX1
  6

  9
$DIMLTEX2
  6

  9
$DIMTXTDIRECTION
 70
0
  9
$LUNITS
 70
2
  9
$LUPREC
 70
4
  9
$SKETCHINC
 40
1.0
  9
$FILLETRAD
 40
10.0
  9
$AUNITS
 70
0
  9
$AUPREC
 70
2
  9
$MENU
  1
.
  9
$ELEVATION
 40
0.0
  9
$PELEVATION
 40
0.0
  9
$THICKNESS
 40
0.0
  9
$LIMCHECK
 70
0
  9
$CHAMFERA
 40
0.0
  9
$CHAMFERB
 40
0.0
  9
$CHAMFERC
 40
0.0
  9
$CHAMFERD
 40
0.0
  9
$SKPOLY
 70
0
  9
$TDCREATE
 40
2461303.6868055556
  9
$TDUCREATE
 40
2458532.153996898
  9
$TDUPDATE
 40
2461303.6868055556
  9
$TDUUPDATE
 40
2458532.1544311
  9
$TDINDWG
 40
0.0
  9
$TDUSRTIMER
 40
0.0
  9
$USRTIMER
 70
1
  9
$ANGBASE
 50
0.0
  9
$ANGDIR
 70
0
  9
$PDMODE
 70
0
  9
$PDSIZE
 40
0.0
  9
$PLINEWID
 40
0.0
  9
$SPLFRAME
 70
0
  9
$SPLINETYPE
 70
6
  9
$SPLINESEGS
 70
8
  9
$HANDSEED
  5
51C
  9
$SURFTAB1
 70
6
  9
$SURFTAB2
 70
6
  9
$SURFTYPE
 70
6
  9
$SURFU
 70
6
  9
$SURFV
 70
6
  9
$UCSBASE
  2

  9
$UCSNAME
  2

  9
$UCSORG
 10
0.0
 20
0.0
 30
0.0
  9
$UCSXDIR
 10
1.0
 20
0.0
 30
0.0
  9
$UCSYDIR
 10
0.0
 20
1.0
 30
0.0
  9
$UCSORTHOREF
  2

  9
$UCSORTHOVIEW
 70
0
  9
$UCSORGTOP
 10
0.0
 20
0.0
 30
0.0
  9
$UCSORGBOTTOM
 10
0.0
 20
0.0
 30
0.0
  9
$UCSORGLEFT
 10
0.0
 20
0.0
 30
0.0
  9
$UCSORGRIGHT
 10
0.0
 20
0.0
 30
0.0
  9
$UCSORGFRONT
 10
0.0
 20
0.0
 30
0.0
  9
$UCSORGBACK
 10
0.0
 20
0.0
 30
0.0
  9
$PUCSBASE
  2

  9
$PUCSNAME
  2

  9
$PUCSORG
 10
0.0
 20
0.0
 30
0.0
  9
$PUCSXDIR
 10
1.0
 20
0.0
 30
0.0
  9
$PUCSYDIR
 10
0.0
 20
1.0
 30
0.0
  9
$PUCSORTHOREF
  2

  9
$PUCSORTHOVIEW
 70
0
  9
$PUCSORGTOP
 10
0.0
 20
0.0
 30
0.0
  9
$PUCSORGBOTTOM
 10
0.0
 20
0.0
 30
0.0
  9
$PUCSORGLEFT
 10
0.0
 20
0.0
 30
0.0
  9
$PUCSORGRIGHT
 10
0.0
 20
0.0
 30
0.0
  9
$PUCSORGFRONT
 10
0.0
 20
0.0
 30
0.0
  9
$PUCSORGBACK
 10
0.0
 20
0.0
 30
0.0
  9
$USERI1
 70
0
  9
$USERI2
 70
0
  9
$USERI3
 70
0
  9
$USERI4
 70
0
  9
$USERI5
 70
0
  9
$USERR1
 40
0.0
  9
$USERR2
 40
0.0
  9
$USERR3
 40
0.0
  9
$USERR4
 40
0.0
  9
$USERR5
 40
0.0
  9
$WORLDVIEW
 70
1
  9
$SHADEDGE
 70
3
  9
$SHADEDIF
 70
70
  9
$TILEMODE
 70
1
  9
$MAXACTVP
 70
64
  9
$PINSBASE
 10
0.0
 20
0.0
 30
0.0
  9
$PLIMCHECK
 70
0
  9
$PEXTMIN
 10
1e+20
 20
1e+20
 30
1e+20
  9
$PEXTMAX
 10
-1e+20
 20
-1e+20
 30
-1e+20
  9
$PLIMMIN
 10
0.0
 20
0.0
  9
$PLIMMAX
 10
420.0
 20
297.0
  9
$UNITMODE
 70
0
  9
$VISRETAIN
 70
1
  9
$PLINEGEN
 70
0
  9
$PSLTSCALE
 70
1
  9
$TREEDEPTH
 70
3020
  9
$CMLSTYLE
  2
Standard
  9
$CMLJUST
 70
0
  9
$CMLSCALE
 40
20.0
  9
$PROXYGRAPHICS
 70
1
  9
$MEASUREMENT
 70
1
  9
$CELWEIGHT
370
-1
  9
$ENDCAPS
280
0
  9
$JOINSTYLE
280
0
  9
$LWDISPLAY
290
0
  9
$INSUNITS
 70
1
  9
$HYPERLINKBASE
  1

  9
$STYLESHEET
  1

  9
$XEDIT
290
1
  9
$CEPSNTYPE
380
0
  9
$PSTYLEMODE
290
1
  9
$FINGERPRINTGUID
  2
{3996DC42-7497-4810-BFA1-5BE86DCC46AF}
  9
$VERSIONGUID
  2
{3EB38BF4-6103-4314-AED4-1E594AA280D6}
  9
$EXTNAMES
290
1
  9
$PSVPSCALE
 40
0.0
  9
$OLESTARTUP
290
0
  9
$SORTENTS
280
127
  9
$INDEXCTL
280
0
  9
$HIDETEXT
280
1
  9
$XCLIPFRAME
280
1
  9
$HALOGAP
280
0
  9
$OBSCOLOR
 70
257
  9
$OBSLTYPE
280
0
  9
$INTERSECTIONDISPLAY
280
0
  9
$INTERSECTIONCOLOR
 70
257
  9
$DIMASSOC
280
2
  9
$PROJECTNAME
  1

  9
$CAMERADISPLAY
290
0
  9
$LENSLENGTH
 40
50.0
  9
$CAMERAHEIGHT
 40
0.0
  9
$STEPSPERSEC
 40
24.0
  9
$STEPSIZE
 40
100.0
  9
$3DDWFPREC
 40
2.0
  9
$PSOLWIDTH
 40
0.005
  9
$PSOLHEIGHT
 40
0.08
  9
$LOFTANG1
 40
1.570796326795
  9
$LOFTANG2
 40
1.570796326795
  9
$LOFTMAG1
 40
0.0
  9
$LOFTMAG2
 40
0.0
  9
$LOFTPARAM
 70
7
  9
$LOFTNORMALS
280
1
  9
$LATITUDE
 40
37.795
  9
$LONGITUDE
 40
-122.394
  9
$NORTHDIRECTION
 40
0.0
  9
$TIMEZONE
 70
-8000
  9
$LIGHTGLYPHDISPLAY
280
1
  9
$TILEMODELIGHTSYNCH
280
1
  9
$CMATERIAL
347
20
  9
$SOLIDHIST
280
0
  9
$SHOWHIST
280
1
  9
$DWFFRAME
280
2
  9
$DGNFRAME
280
2
  9
$REALWORLDSCALE
290
1
  9
$INTERFERECOLOR
 62
256
  9
$CSHADOW
280
0
  9
$SHADOWPLANELOCATION
 40
0.0
  0
ENDSEC
  0
SECTION
  2
CLASSES
  0
CLASS
  1
ACDBDICTIONARYWDFLT
  2
AcDbDictionaryWithDefault
  3
ObjectDBX Classes
 90
0
 91
0
280
0
281
0
  0
CLASS
  1
SUN
  2
AcDbSun
  3
SCENEOE
 90
1153
 91
0
280
0
281
0
  0
CLASS
  1
VISUALSTYLE
  2
AcDbVisualStyle
  3
ObjectDBX Classes
 90
4095
 91
0
280
0
281
0
  0
CLASS
  1
MATERIAL
  2
AcDbMaterial
  3
ObjectDBX Classes
 90
1153
 91
0
280
0
281
0
  0
CLASS
  1
SCALE
  2
AcDbScale
  3
ObjectDBX Classes
 90
1153
 91
0
280
0
281
0
  0
CLASS
  1
TABLESTYLE
  2
AcDbTableStyle
  3
ObjectDBX Classes
 90
4095
 91
0
280
0
281
0
  0
CLASS
  1
MLEADERSTYLE
  2
AcDbMLeaderStyle
  3
ACDB_MLEADERSTYLE_CLASS
 90
4095
 91
0
280
0
281
0
  0
CLASS
  1
DICTIONARYVAR
  2
AcDbDictionaryVar
  3
ObjectDBX Classes
 90
0
 91
0
280
0
281
0
  0
CLASS
  1
CELLSTYLEMAP
  2
AcDbCellStyleMap
  3
ObjectDBX Classes
 90
1152
 91
0
280
0
281
0
  0
CLASS
  1
MENTALRAYRENDERSETTINGS
  2
AcDbMentalRayRenderSettings
  3
SCENEOE
 90
1024
 91
0
280
0
281
0
  0
CLASS
  1
ACDBDETAILVIEWSTYLE
  2
AcDbDetailViewStyle
  3
ObjectDBX Classes
 90
1025
 91
0
280
0
281
0
  0
CLASS
  1
ACDBSECTIONVIEWSTYLE
  2
AcDbSectionViewStyle
  3
ObjectDBX Classes
 90
1025
 91
0
280
0
281
0
  0
CLASS
  1
RASTERVARIABLES
  2
AcDbRasterVariables
  3
ISM
 90
0
 91
0
280
0
281
0
  0
CLASS
  1
ACDBPLACEHOLDER
  2
AcDbPlaceHolder
  3
ObjectDBX Classes
 90
0
 91
0
280
0
281
0
  0
CLASS
  1
LAYOUT
  2
AcDbLayout
  3
ObjectDBX Classes
 90
0
 91
0
280
0
281
0
  0
ENDSEC
  0
SECTION
  2
TABLES
  0
TABLE
  2
VPORT
  5
8
330
0
100
AcDbSymbolTable
 70
1
  0
VPORT
  5
23
330
8
100
AcDbSymbolTableRecord
100
AcDbViewportTableRecord
  2
*Active
 70
0
 10
0.0
 20
0.0
 11
1.0
 21
1.0
 12
0.0
 22
0.0
 13
0.0
 23
0.0
 14
0.5
 24
0.5
 15
0.5
 25
0.5
 16
0.0
 26
0.0
 36
1.0
 17
0.0
 27
0.0
 37
0.0
 40
1000.0
 41
1.34
 42
50.0
 43
0.0
 44
0.0
 50
0.0
 51
0.0
 71
0
 72
1000
 73
1
 74
3
 75
0
 76
0
 77
0
 78
0
281
0
 65
0
146
0.0
  0
ENDTAB
  0
TABLE
  2
LTYPE
  5
2
330
0
100
AcDbSymbolTable
 70
21
  0
LTYPE
  5
24
330
2
100
AcDbSymbolTableRecord
100
AcDbLinetypeTableRecord
  2
ByBlock
 70
0
  3

 72
65
 73
0
 40
0.0
  0
LTYPE
  5
25
330
2
100
AcDbSymbolTableRecord
100
AcDbLinetypeTableRecord
  2
ByLayer
 70
0
  3

 72
65
 73
0
 40
0.0
  0
LTYPE
  5
26
330
2
100
AcDbSymbolTableRecord
100
AcDbLinetypeTableRecord
  2
Continuous
 70
0
  3

 72
65
 73
0
 40
0.0
  0
LTYPE
  5
2F
330
2
100
AcDbSymbolTableRecord
100
AcDbLinetypeTableRecord
  2
CENTER
 70
0
  3
Center ____ _ ____ _ ____ _ ____ _ ____ _ ____
 72
65
 73
4
 40
5.08
 49
3.175
 74
0
 49
-0.635
 74
0
 49
0.635
 74
0
 49
-0.635
 74
0
  0
LTYPE
  5
30
330
2
100
AcDbSymbolTableRecord
100
AcDbLinetypeTableRecord
  2
CENTERX2
 70
0
  3
Center (2x) ________  __  ________  __  ________
 72
65
 73
4
 40
8.89
 49
6.35
 74
0
 49
-0.635
 74
0
 49
1.27
 74
0
 49
-0.635
 74
0
  0
LTYPE
  5
31
330
2
100
AcDbSymbolTableRecord
100
AcDbLinetypeTableRecord
  2
CENTER2
 70
0
  3
Center (.5x) ____ _ ____ _ ____ _ ____ _ ____
 72
65
 73
4
 40
2.54
 49
1.587
 74
0
 49
-0.318
 74
0
 49
0.318
 74
0
 49
-0.318
 74
0
  0
LTYPE
  5
32
330
2
100
AcDbSymbolTableRecord
100
AcDbLinetypeTableRecord
  2
DASHED
 70
0
  3
Dashed __ __ __ __ __ __ __ __ __ __ __ __ __ _
 72
65
 73
2
 40
1.524
 49
1.27
 74
0
 49
-0.254
 74
0
  0
LTYPE
  5
33
330
2
100
AcDbSymbolTableRecord
100
AcDbLinetypeTableRecord
  2
DASHEDX2
 70
0
  3
Dashed (2x) ____  ____  ____  ____  ____  ____
 72
65
 73
2
 40
3.048
 49
2.54
 74
0
 49
-0.508
 74
0
  0
LTYPE
  5
34
330
2
100
AcDbSymbolTableRecord
100
AcDbLinetypeTableRecord
  2
DASHED2
 70
0
  3
Dashed (.5x) _ _ _ _ _ _ _ _ _ _ _ _ _ _
 72
65
 73
2
 40
0.762
 49
0.635
 74
0
 49
-0.127
 74
0
  0
LTYPE
  5
35
330
2
100
AcDbSymbolTableRecord
100
AcDbLinetypeTableRecord
  2
PHANTOM
 70
0
  3
Phantom ______  __  __  ______  __  __  ______
 72
65
 73
6
 40
6.35
 49
3.175
 74
0
 49
-0.635
 74
0
 49
0.635
 74
0
 49
-0.635
 74
0
 49
0.635
 74
0
 49
-0.635
 74
0
  0
LTYPE
  5
36
330
2
100
AcDbSymbolTableRecord
100
AcDbLinetypeTableRecord
  2
PHANTOMX2
 70
0
  3
Phantom (2x)____________    ____    ____    ____________
 72
65
 73
6
 40
10.795
 49
6.35
 74
0
 49
-0.635
 74
0
 49
1.27
 74
0
 49
-0.635
 74
0
 49
1.27
 74
0
 49
-0.635
 74
0
  0
LTYPE
  5
37
330
2
100
AcDbSymbolTableRecord
100
AcDbLinetypeTableRecord
  2
PHANTOM2
 70
0
  3
Phantom (.5x) ___ _ _ ___ _ _ ___ _ _ ___ _ _ ___
 72
65
 73
6
 40
3.175
 49
1.587
 74
0
 49
-0.318
 74
0
 49
0.318
 74
0
 49
-0.318
 74
0
 49
0.318
 74
0
 49
-0.318
 74
0
  0
LTYPE
  5
38
330
2
100
AcDbSymbolTableRecord
100
AcDbLinetypeTableRecord
  2
DASHDOT
 70
0
  3
Dash dot __ . __ . __ . __ . __ . __ . __ . __
 72
65
 73
4
 40
3.556
 49
2.54
 74
0
 49
-0.508
 74
0
 49
0.0
 74
0
 49
-0.508
 74
0
  0
LTYPE
  5
39
330
2
100
AcDbSymbolTableRecord
100
AcDbLinetypeTableRecord
  2
DASHDOTX2
 70
0
  3
Dash dot (2x) ____  .  ____  .  ____  .  ____
 72
65
 73
4
 40
6.096
 49
5.08
 74
0
 49
-0.508
 74
0
 49
0.0
 74
0
 49
-0.508
 74
0
  0
LTYPE
  5
3A
330
2
100
AcDbSymbolTableRecord
100
AcDbLinetypeTableRecord
  2
DASHDOT2
 70
0
  3
Dash dot (.5x) _ . _ . _ . _ . _ . _ . _ . _
 72
65
 73
4
 40
1.778
 49
1.27
 74
0
 49
-0.254
 74
0
 49
0.0
 74
0
 49
-0.254
 74
0
  0
LTYPE
  5
3B
330
2
100
AcDbSymbolTableRecord
100
AcDbLinetypeTableRecord
  2
DOT
 70
0
  3
Dot .  .  .  .  .  .  .  .  .  .  .  .  .  .  .  .
 72
65
 73
2
 40
0.508
 49
0.0
 74
0
 49
-0.508
 74
0
  0
LTYPE
  5
3C
330
2
100
AcDbSymbolTableRecord
100
AcDbLinetypeTableRecord
  2
DOTX2
 70
0
  3
Dot (2x) .    .    .    .    .    .    .    . 
 72
65
 73
2
 40
1.016
 49
0.0
 74
0
 49
-1.016
 74
0
  0
LTYPE
  5
3D
330
2
100
AcDbSymbolTableRecord
100
AcDbLinetypeTableRecord
  2
DOT2
 70
0
  3
Dot (.5) . . . . . . . . . . . . . . . . . . . 
 72
65
 73
2
 40
0.254
 49
0.0
 74
0
 49
-0.254
 74
0
  0
LTYPE
  5
3E
330
2
100
AcDbSymbolTableRecord
100
AcDbLinetypeTableRecord
  2
DIVIDE
 70
0
  3
Divide __ . . __ . . __ . . __ . . __ . . __
 72
65
 73
6
 40
4.064
 49
2.54
 74
0
 49
-0.508
 74
0
 49
0.0
 74
0
 49
-0.508
 74
0
 49
0.0
 74
0
 49
-0.508
 74
0
  0
LTYPE
  5
3F
330
2
100
AcDbSymbolTableRecord
100
AcDbLinetypeTableRecord
  2
DIVIDEX2
 70
0
  3
Divide (2x) ____  . .  ____  . .  ____  . .  ____
 72
65
 73
6
 40
6.604
 49
5.08
 74
0
 49
-0.508
 74
0
 49
0.0
 74
0
 49
-0.508
 74
0
 49
0.0
 74
0
 49
-0.508
 74
0
  0
LTYPE
  5
40
330
2
100
AcDbSymbolTableRecord
100
AcDbLinetypeTableRecord
  2
DIVIDE2
 70
0
  3
Divide(.5x) _ . _ . _ . _ . _ . _ . _ . _
 72
65
 73
6
 40
2.032
 49
1.27
 74
0
 49
-0.254
 74
0
 49
0.0
 74
0
 49
-0.254
 74
0
 49
0.0
 74
0
 49
-0.254
 74
0
  0
ENDTAB
  0
TABLE
  2
LAYER
  5
1
330
0
100
AcDbSymbolTable
 70
4
  0
LAYER
  5
27
330
1
100
AcDbSymbolTableRecord
100
AcDbLayerTableRecord
  2
0
 70
0
 62
7
  6
Continuous
370
-3
390
13
347
21
  0
LAYER
  5
28
330
1
100
AcDbSymbolTableRecord
100
AcDbLayerTableRecord
  2
Defpoints
 70
0
 62
7
  6
Continuous
290
0
370
-3
390
13
347
21
  0
LAYER
  5
8A
330
1
100
AcDbSymbolTableRecord
100
AcDbLayerTableRecord
  2
PROFILE
 70
0
 62
1
  6
Continuous
370
-3
390
13
347
21
  0
LAYER
  5
8B
330
1
100
AcDbSymbolTableRecord
100
AcDbLayerTableRecord
  2
SLOTS
 70
0
 62
3
  6
Continuous
370
-3
390
13
347
21
  0
ENDTAB
  0
TABLE
  2
STYLE
  5
5
330
0
100
AcDbSymbolTable
 70
26
  0
STYLE
  5
29
330
5
100
AcDbSymbolTableRecord
100
AcDbTextStyleTableRecord
  2
Standard
 70
0
 40
0.0
 41
1.0
 50
0.0
 71
0
 42
2.5
  3
txt
  4

  0
STYLE
  5
41
330
5
100
AcDbSymbolTableRecord
100
AcDbTextStyleTableRecord
  2
OpenSans-Light
 70
0
 40
0.0
 41
1.0
 50
0.0
 71
0
 42
2.5
  3
OpenSans-Light.ttf
  4

  0
STYLE
  5
42
330
5
100
AcDbSymbolTableRecord
100
AcDbTextStyleTableRecord
  2
OpenSans-Light-Italic
 70
0
 40
0.0
 41
1.0
 50
0.0
 71
0
 42
2.5
  3
OpenSans-LightItalic.ttf
  4

  0
STYLE
  5
43
330
5
100
AcDbSymbolTableRecord
100
AcDbTextStyleTableRecord
  2
OpenSans
 70
0
 40
0.0
 41
1.0
 50
0.0
 71
0
 42
2.5
  3
OpenSans-Regular.ttf
  4

  0
STYLE
  5
44
330
5
100
AcDbSymbolTableRecord
100
AcDbTextStyleTableRecord
  2
OpenSans-Italic
 70
0
 40
0.0
 41
1.0
 50
0.0
 71
0
 42
2.5
  3
OpenSans-Italic.ttf
  4

  0
STYLE
  5
45
330
5
100
AcDbSymbolTableRecord
100
AcDbTextStyleTableRecord
  2
OpenSans-SemiBold
 70
0
 40
0.0
 41
1.0
 50
0.0
 71
0
 42
2.5
  3
OpenSans-SemiBold.ttf
  4

  0
STYLE
  5
46
330
5
100
AcDbSymbolTableRecord
100
AcDbTextStyleTableRecord
  2
OpenSans-SemiBoldItalic
 70
0
 40
0.0
 41
1.0
 50
0.0
 71
0
 42
2.5
  3
OpenSans-SemiBoldItalic.ttf
  4

  0
STYLE
  5
47
330
5
100
AcDbSymbolTableRecord
100
AcDbTextStyleTableRecord
  2
OpenSans-Bold
 70
0
 40
0.0
 41
1.0
 50
0.0
 71
0
 42
2.5
  3
OpenSans-Bold.ttf
  4

  0
STYLE
  5
48
330
5
100
AcDbSymbolTableRecord
100
AcDbTextStyleTableRecord
  2
OpenSans-BoldItalic
 70
0
 40
0.0
 41
1.0
 50
0.0
 71
0
 42
2.5
  3
OpenSans-BoldItalic.ttf
  4

  0
STYLE
  5
49
330
5
100
AcDbSymbolTableRecord
100
AcDbTextStyleTableRecord
  2
OpenSans-ExtraBold
 70
0
 40
0.0
 41
1.0
 50
0.0
 71
0
 42
2.5
  3
OpenSans-ExtraBold.ttf
  4

  0
STYLE
  5
4A
330
5
100
AcDbSymbolTableRecord
100
AcDbTextStyleTableRecord
  2
OpenSans-ExtraBoldItalic
 70
0
 40
0.0
 41
1.0
 50
0.0
 71
0
 42
2.5
  3
OpenSans-ExtraBoldItalic.ttf
  4

  0
STYLE
  5
4B
330
5
100
AcDbSymbolTableRecord
100
AcDbTextStyleTableRecord
  2
OpenSansCondensed-Bold
 70
0
 40
0.0
 41
1.0
 50
0.0
 71
0
 42
2.5
  3
OpenSansCondensed-Bold.ttf
  4

  0
STYLE
  5
4C
330
5
100
AcDbSymbolTableRecord
100
AcDbTextStyleTableRecord
  2
OpenSansCondensed-Light
 70
0
 40
0.0
 41
1.0
 50
0.0
 71
0
 42
2.5
  3
OpenSansCondensed-Light.ttf
  4

  0
STYLE
  5
4D
330
5
100
AcDbSymbolTableRecord
100
AcDbTextStyleTableRecord
  2
OpenSansCondensed-Italic
 70
0
 40
0.0
 41
1.0
 50
0.0
 71
0
 42
2.5
  3
OpenSansCondensed-LightItalic.ttf
  4

  0
STYLE
  5
4E
330
5
100
AcDbSymbolTableRecord
100
AcDbTextStyleTableRecord
  2
LiberationSans
 70
0
 40
0.0
 41
1.0
 50
0.0
 71
0
 42
2.5
  3
LiberationSans-Regular.ttf
  4

  0
STYLE
  5
4F
330
5
100
AcDbSymbolTableRecord
100
AcDbTextStyleTableRecord
  2
LiberationSans-Bold
 70
0
 40
0.0
 41
1.0
 50
0.0
 71
0
 42
2.5
  3
LiberationSans-Bold.ttf
  4

  0
STYLE
  5
50
330
5
100
AcDbSymbolTableRecord
100
AcDbTextStyleTableRecord
  2
LiberationSans-BoldItalic
 70
0
 40
0.0
 41
1.0
 50
0.0
 71
0
 42
2.5
  3
LiberationSans-BoldItalic.ttf
  4

  0
STYLE
  5
51
330
5
100
AcDbSymbolTableRecord
100
AcDbTextStyleTableRecord
  2
LiberationSans-Italic
 70
0
 40
0.0
 41
1.0
 50
0.0
 71
0
 42
2.5
  3
LiberationSans-Italic.ttf
  4

  0
STYLE
  5
52
330
5
100
AcDbSymbolTableRecord
100
AcDbTextStyleTableRecord
  2
LiberationSerif
 70
0
 40
0.0
 41
1.0
 50
0.0
 71
0
 42
2.5
  3
LiberationSerif-Regular.ttf
  4

  0
STYLE
  5
53
330
5
100
AcDbSymbolTableRecord
100
AcDbTextStyleTableRecord
  2
LiberationSerif-Bold
 70
0
 40
0.0
 41
1.0
 50
0.0
 71
0
 42
2.5
  3
LiberationSerif-Bold.ttf
  4

  0
STYLE
  5
54
330
5
100
AcDbSymbolTableRecord
100
AcDbTextStyleTableRecord
  2
LiberationSerif-BoldItalic
 70
0
 40
0.0
 41
1.0
 50
0.0
 71
0
 42
2.5
  3
LiberationSerif-BoldItalic.ttf
  4

  0
STYLE
  5
55
330
5
100
AcDbSymbolTableRecord
100
AcDbTextStyleTableRecord
  2
LiberationSerif-Italic
 70
0
 40
0.0
 41
1.0
 50
0.0
 71
0
 42
2.5
  3
LiberationSerif-Italic.ttf
  4

  0
STYLE
  5
56
330
5
100
AcDbSymbolTableRecord
100
AcDbTextStyleTableRecord
  2
LiberationMono
 70
0
 40
0.0
 41
1.0
 50
0.0
 71
0
 42
2.5
  3
LiberationMono-Regular.ttf
  4

  0
STYLE
  5
57
330
5
100
AcDbSymbolTableRecord
100
AcDbTextStyleTableRecord
  2
LiberationMono-Bold
 70
0
 40
0.0
 41
1.0
 50
0.0
 71
0
 42
2.5
  3
LiberationMono-Bold.ttf
  4

  0
STYLE
  5
58
330
5
100
AcDbSymbolTableRecord
100
AcDbTextStyleTableRecord
  2
LiberationMono-BoldItalic
 70
0
 40
0.0
 41
1.0
 50
0.0
 71
0
 42
2.5
  3
LiberationMono-BoldItalic.ttf
  4

  0
STYLE
  5
59
330
5
100
AcDbSymbolTableRecord
100
AcDbTextStyleTableRecord
  2
LiberationMono-Italic
 70
0
 40
0.0
 41
1.0
 50
0.0
 71
0
 42
2.5
  3
LiberationMono-Italic.ttf
  4

  0
ENDTAB
  0
TABLE
  2
VIEW
  5
7
330
0
100
AcDbSymbolTable
 70
0
  0
ENDTAB
  0
TABLE
  2
UCS
  5
6
330
0
100
AcDbSymbolTable
 70
0
  0
ENDTAB
  0
TABLE
  2
APPID
  5
3
330
0
100
AcDbSymbolTable
 70
3
  0
APPID
  5
2A
330
3
100
AcDbSymbolTableRecord
100
AcDbRegAppTableRecord
  2
ACAD
 70
0
  0
APPID
  5
519
330
3
100
AcDbSymbolTableRecord
100
AcDbRegAppTableRecord
  2
HATCHBACKGROUNDCOLOR
 70
0
  0
APPID
  5
51A
330
3
100
AcDbSymbolTableRecord
100
AcDbRegAppTableRecord
  2
EZDXF
 70
0
  0
ENDTAB
  0
TABLE
  2
DIMSTYLE
  5
4
330
0
100
AcDbSymbolTable
 70
12
100
AcDbDimStyleTable
  0
DIMSTYLE
105
2B
330
4
100
AcDbSymbolTableRecord
100
AcDbDimStyleTableRecord
  2
Standard
 70
0
 40
1.0
 41
2.5
 42
0.625
 43
3.75
 44
1.25
 45
0.0
 46
0.0
 47
0.0
 48
0.0
 49
2.5
140
2.5
141
2.5
142
0.0
143
0.03937007874
144
1.0
145
0.0
146
1.0
147
0.625
148
0.0
 69
0
 70
0
 71
0
 72
0
 73
0
 74
0
 75
0
 76
0
 77
1
 78
8
 79
3
170
0
171
3
172
1
173
0
174
0
175
0
176
0
177
0
178
0
179
2
271
2
272
2
273
2
274
3
275
0
276
0
277
2
278
44
279
0
280
0
281
0
282
0
283
0
284
8
285
0
286
0
288
0
289
3
290
0
371
-2
372
-2
  0
DIMSTYLE
105
73
330
4
100
AcDbSymbolTableRecord
100
AcDbDimStyleTableRecord
  2
EZDXF
 70
0
 40
1.0
 41
0.175
 42
0.125
 43
3.75
 44
0.375
 45
0.0
 46
0.0
 47
0.0
 48
0.0
 49
2.5
140
0.25
141
2.5
142
0.0
143
0.03937007874
144
100.0
145
0.0
146
0.5
147
0.1
148
0.0
 69
0
 70
0
 71
0
 72
0
 73
0
 74
0
 75
0
 76
0
 77
1
 78
12
 79
3
170
0
171
3
172
1
173
0
174
0
175
0
176
0
177
0
178
0
179
2
271
2
272
2
273
2
274
3
275
0
276
0
277
2
278
46
279
2
280
0
281
0
282
0
283
0
284
8
285
0
286
0
288
1
289
3
290
0
340
4C
342
74
371
-2
372
-2
  0
DIMSTYLE
105
7C
330
4
100
AcDbSymbolTableRecord
100
AcDbDimStyleTableRecord
  2
EZ_M_100_H25_CM
 70
0
 40
1.0
 41
0.25
 42
0.125
 43
3.75
 44
0.375
 45
0.0
 46
0.0
 47
0.0
 48
0.0
 49
2.5
140
0.25
141
2.5
142
0.125
143
0.03937007874
144
100.0
145
0.0
146
0.5
147
0.1
148
0.0
 69
0
 70
0
 71
0
 72
0
 73
0
 74
0
 75
0
 76
0
 77
1
 78
12
 79
3
170
0
171
3
172
1
173
0
174
0
175
0
176
0
177
0
178
0
179
2
271
2
272
2
273
2
274
3
275
0
276
0
277
2
278
46
279
2
280
0
281
0
282
0
283
0
284
8
285
0
286
0
288
1
289
3
290
0
340
4C
371
-2
372
-2
  0
DIMSTYLE
105
7D
330
4
100
AcDbSymbolTableRecord
100
AcDbDimStyleTableRecord
  2
EZ_M_50_H25_CM
 70
0
 40
1.0
 41
0.125
 42
0.0625
 43
3.75
 44
0.1875
 45
0.0
 46
0.0
 47
0.0
 48
0.0
 49
2.5
140
0.125
141
2.5
142
0.0625
143
0.03937007874
144
100.0
145
0.0
146
0.5
147
0.05
148
0.0
 69
0
 70
0
 71
0
 72
0
 73
0
 74
0
 75
0
 76
0
 77
1
 78
12
 79
3
170
0
171
3
172
1
173
0
174
0
175
0
176
0
177
0
178
0
179
2
271
2
272
2
273
2
274
3
275
0
276
0
277
2
278
46
279
2
280
0
281
0
282
0
283
0
284
8
285
0
286
0
288
1
289
3
290
0
340
4C
371
-2
372
-2
  0
DIMSTYLE
105
7E
330
4
100
AcDbSymbolTableRecord
100
AcDbDimStyleTableRecord
  2
EZ_M_25_H25_CM
 70
0
 40
1.0
 41
0.0625
 42
0.03125
 43
3.75
 44
0.09375
 45
0.0
 46
0.0
 47
0.0
 48
0.0
 49
2.5
140
0.0625
141
2.5
142
0.03125
143
0.03937007874
144
100.0
145
0.0
146
0.5
147
0.025
148
0.0
 69
0
 70
0
 71
0
 72
0
 73
0
 74
0
 75
0
 76
0
 77
1
 78
12
 79
3
170
0
171
3
172
1
173
0
174
0
175
0
176
0
177
0
178
0
179
2
271
2
272
2
273
2
274
3
275
0
276
0
277
2
278
46
279
2
280
0
281
0
282
0
283
0
284
8
285
0
286
0
288
1
289
3
290
0
340
4C
371
-2
372
-2
  0
DIMSTYLE
105
7F
330
4
100
AcDbSymbolTableRecord
100
AcDbDimStyleTableRecord
  2
EZ_M_20_H25_CM
 70
0
 40
1.0
 41
0.05
 42
0.025
 43
3.75
 44
0.07500000000000001
 45
0.0
 46
0.0
 47
0.0
 48
0.0
 49
2.5
140
0.05
141
2.5
142
0.025
143
0.03937007874
144
100.0
145
0.0
146
0.5
147
0.020000000000000004
148
0.0
 69
0
 70
0
 71
0
 72
0
 73
0
 74
0
 75
0
 76
0
 77
1
 78
12
 79
3
170
0
171
3
172
1
173
0
174
0
175
0
176
0
177
0
178
0
179
2
271
2
272
2
273
2
274
3
275
0
276
0
277
2
278
46
279
2
280
0
281
0
282
0
283
0
284
8
285
0
286
0
288
1
289
3
290
0
340
4C
371
-2
372
-2
  0
DIMSTYLE
105
80
330
4
100
AcDbSymbolTableRecord
100
AcDbDimStyleTableRecord
  2
EZ_M_10_H25_CM
 70
0
 40
1.0
 41
0.025
 42
0.0125
 43
3.75
 44
0.037500000000000006
 45
0.0
 46
0.0
 47
0.0
 48
0.0
 49
2.5
140
0.025
141
2.5
142
0.0125
143
0.03937007874
144
100.0
145
0.0
146
0.5
147
0.010000000000000002
148
0.0
 69
0
 70
0
 71
0
 72
0
 73
0
 74
0
 75
0
 76
0
 77
1
 78
12
 79
3
170
0
171
3
172
1
173
0
174
0
175
0
176
0
177
0
178
0
179
2
271
2
272
2
273
2
274
3
275
0
276
0
277
2
278
46
279
2
280
0
281
0
282
0
283
0
284
8
285
0
286
0
288
1
289
3
290
0
340
4C
371
-2
372
-2
  0
DIMSTYLE
105
81
330
4
100
AcDbSymbolTableRecord
100
AcDbDimStyleTableRecord
  2
EZ_M_5_H25_CM
 70
0
 40
1.0
 41
0.0125
 42
0.00625
 43
3.75
 44
0.018750000000000003
 45
0.0
 46
0.0
 47
0.0
 48
0.0
 49
2.5
140
0.0125
141
2.5
142
0.00625
143
0.03937007874
144
100.0
145
0.0
146
0.5
147
0.005000000000000001
148
0.0
 69
0
 70
0
 71
0
 72
0
 73
0
 74
0
 75
0
 76
0
 77
1
 78
12
 79
3
170
0
171
3
172
1
173
0
174
0
175
0
176
0
177
0
178
0
179
2
271
2
272
2
273
2
274
3
275
0
276
0
277
2
278
46
279
2
280
0
281
0
282
0
283
0
284
8
285
0
286
0
288
1
289
3
290
0
340
4C
371
-2
372
-2
  0
DIMSTYLE
105
82
330
4
100
AcDbSymbolTableRecord
100
AcDbDimStyleTableRecord
  2
EZ_M_1_H25_CM
 70
0
 40
1.0
 41
0.0025
 42
0.00125
 43
3.75
 44
0.00375
 45
0.0
 46
0.0
 47
0.0
 48
0.0
 49
2.5
140
0.0025
141
2.5
142
0.00125
143
0.03937007874
144
100.0
145
0.0
146
0.5
147
0.001
148
0.0
 69
0
 70
0
 71
0
 72
0
 73
0
 74
0
 75
0
 76
0
 77
1
 78
12
 79
3
170
0
171
3
172
1
173
0
174
0
175
0
176
0
177
0
178
0
179
2
271
2
272
2
273
2
274
3
275
0
276
0
277
2
278
46
279
2
280
0
281
0
282
0
283
0
284
8
285
0
286
0
288
1
289
3
290
0
340
4C
371
-2
372
-2
  0
DIMSTYLE
105
83
330
4
100
AcDbSymbolTableRecord
100
AcDbDimStyleTableRecord
  2
EZ_RADIUS
 70
0
 40
1.0
 41
0.25
 42
0.125
 43
3.75
 44
0.375
 45
0.0
 46
0.0
 47
0.0
 48
0.0
 49
2.5
140
0.25
141
0.0
142
0.0
143
0.03937007874
144
100.0
145
0.0
146
0.5
147
0.1
148
0.0
 69
0
 70
0
 71
0
 72
0
 73
0
 74
0
 75
0
 76
0
 77
1
 78
12
 79
3
170
0
171
3
172
0
173
0
174
0
175
0
176
0
177
0
178
0
179
2
271
2
272
2
273
2
274
3
275
0
276
0
277
2
278
46
279
1
280
0
281
0
282
0
283
0
284
8
285
0
286
0
288
1
289
3
290
0
340
4C
342
84
371
-2
372
-2
  0
DIMSTYLE
105
88
330
4
100
AcDbSymbolTableRecord
100
AcDbDimStyleTableRecord
  2
EZ_RADIUS_INSIDE
 70
0
 40
1.0
 41
0.25
 42
0.125
 43
3.75
 44
0.375
 45
0.0
 46
0.0
 47
0.0
 48
0.0
 49
2.5
140
0.25
141
0.0
142
0.0
143
0.03937007874
144
100.0
145
0.0
146
0.5
147
0.1
148
0.0
 69
0
 70
0
 71
0
 72
0
 73
0
 74
0
 75
0
 76
0
 77
0
 78
12
 79
3
170
0
171
3
172
0
173
0
174
1
175
0
176
0
177
0
178
0
179
2
271
2
272
2
273
2
274
3
275
0
276
0
277
2
278
46
279
0
280
0
281
0
282
0
283
0
284
8
285
0
286
0
288
1
289
0
290
0
340
4C
342
84
371
-2
372
-2
  0
DIMSTYLE
105
89
330
4
100
AcDbSymbolTableRecord
100
AcDbDimStyleTableRecord
  2
EZ_CURVED
 70
0
 40
1.0
 41
0.25
 42
0.125
 43
3.75
 44
0.375
 45
0.0
 46
0.0
 47
0.0
 48
0.0
 49
2.5
140
0.25
141
2.5
142
0.0
143
0.03937007874
144
100.0
145
0.0
146
0.5
147
0.1
148
0.0
 69
0
 70
0
 71
0
 72
0
 73
0
 74
0
 75
0
 76
0
 77
1
 78
12
 79
2
 90
2
170
0
171
3
172
1
173
0
174
0
175
0
176
0
177
0
178
0
179
2
271
2
272
2
273
2
274
3
275
0
276
0
277
2
278
46
279
2
280
0
281
0
282
0
283
0
284
8
285
0
286
0
288
1
289
3
290
0
340
4C
371
-2
372
-2
  0
ENDTAB
  0
TABLE
  2
BLOCK_RECORD
  5
9
330
0
100
AcDbSymbolTable
 70
5
  0
BLOCK_RECORD
  5
17
330
9
100
AcDbSymbolTableRecord
100
AcDbBlockTableRecord
  2
*Model_Space
340
1A
 70
0
280
1
281
0
  0
BLOCK_RECORD
  5
1B
330
9
100
AcDbSymbolTableRecord
100
AcDbBlockTableRecord
  2
*Paper_Space
340
1E
 70
0
280
1
281
0
  0
BLOCK_RECORD
  5
74
330
9
100
AcDbSymbolTableRecord
100
AcDbBlockTableRecord
  2
_ARCHTICK
340
0
 70
0
280
1
281
0
  0
BLOCK_RECORD
  5
78
330
9
100
AcDbSymbolTableRecord
100
AcDbBlockTableRecord
  2
_CLOSEDFILLED
340
0
 70
0
280
1
281
0
  0
BLOCK_RECORD
  5
84
330
9
100
AcDbSymbolTableRecord
100
AcDbBlockTableRecord
  2
_CLOSEDBLANK
340
0
 70
0
280
1
281
0
  0
ENDTAB
  0
ENDSEC
  0
SECTION
  2
BLOCKS
  0
BLOCK
  5
18
330
17
100
AcDbEntity
  8
0
100
AcDbBlockBegin
  2
*Model_Space
 70
0
 10
0.0
 20
0.0
 30
0.0
  3
*Model_Space
  1

  0
ENDBLK
  5
19
330
17
100
AcDbEntity
  8
0
100
AcDbBlockEnd
  0
BLOCK
  5
1C
330
1B
100
AcDbEntity
  8
0
100
AcDbBlockBegin
  2
*Paper_Space
 70
0
 10
0.0
 20
0.0
 30
0.0
  3
*Paper_Space
  1

  0
ENDBLK
  5
1D
330
1B
100
AcDbEntity
  8
0
100
AcDbBlockEnd
  0
BLOCK
  5
75
330
74
100
AcDbEntity
  8
0
100
AcDbBlockBegin
  2
_ARCHTICK
 70
0
 10
0.0
 20
0.0
 30
0.0
  3
_ARCHTICK
  1

  0
LWPOLYLINE
  5
77
330
74
100
AcDbEntity
  8
0
  6
BYBLOCK
 62
0
100
AcDbPolyline
 90
2
 70
0
 43
0.15
 10
-0.5
 20
-0.5
 10
0.5
 20
0.5
  0
ENDBLK
  5
76
330
74
100
AcDbEntity
  8
0
100
AcDbBlockEnd
  0
BLOCK
  5
79
330
78
100
AcDbEntity
  8
0
100
AcDbBlockBegin
  2
_CLOSEDFILLED
 70
0
 10
0.0
 20
0.0
 30
0.0
  3
_CLOSEDFILLED
  1

  0
SOLID
  5
7B
330
78
100
AcDbEntity
  8
0
  6
BYBLOCK
 62
0
100
AcDbTrace
 10
-1.0
 20
0.16439898372402537
 30
0.0
 11
0.0
 21
0.0
 31
0.0
 12
-1.0
 22
-0.16439898372402537
 32
0.0
 13
-1.0
 23
-0.16439898372402537
 33
0.0
  0
ENDBLK
  5
7A
330
78
100
AcDbEntity
  8
0
100
AcDbBlockEnd
  0
BLOCK
  5
85
330
84
100
AcDbEntity
  8
0
100
AcDbBlockBegin
  2
_CLOSEDBLANK
 70
0
 10
0.0
 20
0.0
 30
0.0
  3
_CLOSEDBLANK
  1

  0
LWPOLYLINE
  5
87
330
84
100
AcDbEntity
  8
0
  6
BYBLOCK
 62
0
100
AcDbPolyline
 90
3
 70
1
 10
-1.0
 20
0.16439898372402537
 10
0.0
 20
0.0
 10
-1.0
 20
-0.16439898372402537
  0
ENDBLK
  5
86
330
84
100
AcDbEntity
  8
0
100
AcDbBlockEnd
  0
ENDSEC
  0
SECTION
  2
ENTITIES
  0
LWPOLYLINE
  5
8C
330
17
100
AcDbEntity
  8
PROFILE
100
AcDbPolyline
 90
4
 70
1
 10
0.0
 20
0.0
 10
36.0
 20
0.0
 10
36.0
 20
31.0
 10
0.0
 20
31.0
  0
LINE
  5
8D
330
17
100
AcDbEntity
  8
SLOTS
100
AcDbLine
 10
33.570187619263905
 20
24.849080004597578
 30
0.0
 11
30.45687891695549
 21
25.35079220172201
 31
0.0
  0
LINE
  5
8E
330
17
100
AcDbEntity
  8
SLOTS
100
AcDbLine
 10
30.496653463767487
 20
25.59760789292883
 30
0.0
 11
33.6099621660759
 21
25.095895695804398
 31
0.0
  0
ARC
  5
8F
330
17
100
AcDbEntity
  8
SLOTS
100
AcDbCircle
 10
30.476766190361488
 20
25.47420004732542
 30
0.0
 40
0.125
100
AcDbArc
 50
80.84544432787732
 51
260.8454443278773
  0
ARC
  5
90
330
17
100
AcDbEntity
  8
SLOTS
100
AcDbCircle
 10
33.590074892669904
 20
24.972487850200988
 30
0.0
 40
0.125
100
AcDbArc
 50
260.8454443278773
 51
440.8454443278773
  0
LINE
  5
91
330
17
100
AcDbEntity
  8
SLOTS
100
AcDbLine
 10
33.63455169712241
 20
24.079031507686853
 30
0.0
 11
29.76974849108442
 21
24.701847647479592
 31
0.0
  0
LINE
  5
92
330
17
100
AcDbEntity
  8
SLOTS
100
AcDbLine
 10
29.80952303789642
 20
24.948663338686412
 30
0.0
 11
33.67432624393441
 21
24.325847198893673
 31
0.0
  0
ARC
  5
93
330
17
100
AcDbEntity
  8
SLOTS
100
AcDbCircle
 10
29.78963576449042
 20
24.825255493083002
 30
0.0
 40
0.125
100
AcDbArc
 50
80.84544432787735
 51
260.8454443278773
  0
ARC
  5
94
330
17
100
AcDbEntity
  8
SLOTS
100
AcDbCircle
 10
33.65443897052841
 20
24.202439353290263
 30
0.0
 40
0.125
100
AcDbArc
 50
260.8454443278773
 51
440.8454443278773
  0
LINE
  5
95
330
17
100
AcDbEntity
  8
SLOTS
100
AcDbLine
 10
32.92363670596447
 20
23.433919855237587
 30
0.0
 11
29.082618065213353
 21
24.052903093237173
 31
0.0
  0
LINE
  5
96
330
17
100
AcDbEntity
  8
SLOTS
100
AcDbLine
 10
29.12239261202535
 20
24.299718784443993
 30
0.0
 11
32.96341125277647
 21
23.680735546444406
 31
0.0
  0
ARC
  5
97
330
17
100
AcDbEntity
  8
SLOTS
100
AcDbCircle
 10
29.102505338619352
 20
24.176310938840583
 30
0.0
 40
0.125
100
AcDbArc
 50
80.84544432787729
 51
260.8454443278773
  0
ARC
  5
98
330
17
100
AcDbEntity
  8
SLOTS
100
AcDbCircle
 10
32.94352397937047
 20
23.557327700840997
 30
0.0
 40
0.125
100
AcDbArc
 50
260.8454443278773
 51
440.8454443278773
  0
LINE
  5
99
330
17
100
AcDbEntity
  8
SLOTS
100
AcDbLine
 10
32.21272171480653
 20
22.788808202788324
 30
0.0
 11
28.401715146407646
 21
23.40295497123096
 31
0.0
  0
LINE
  5
9A
330
17
100
AcDbEntity
  8
SLOTS
100
AcDbLine
 10
28.441489693219644
 20
23.64977066243778
 30
0.0
 11
32.252496261618525
 21
23.035623893995144
 31
0.0
  0
ARC
  5
9B
330
17
100
AcDbEntity
  8
SLOTS
100
AcDbCircle
 10
28.421602419813645
 20
23.52636281683437
 30
0.0
 40
0.125
100
AcDbArc
 50
80.84544432787732
 51
260.8454443278773
  0
ARC
  5
9C
330
17
100
AcDbEntity
  8
SLOTS
100
AcDbCircle
 10
32.232608988212526
 20
22.912216048391734
 30
0.0
 40
0.125
100
AcDbArc
 50
260.8454443278773
 51
440.8454443278773
  0
LINE
  5
9D
330
17
100
AcDbEntity
  8
SLOTS
100
AcDbLine
 10
31.501806723648585
 20
22.14369655033906
 30
0.0
 11
28.29281394611411
 21
22.66082831301313
 31
0.0
  0
LINE
  5
9E
330
17
100
AcDbEntity
  8
SLOTS
100
AcDbLine
 10
28.332588492926106
 20
22.90764400421995
 30
0.0
 11
31.541581270460583
 21
22.39051224154588
 31
0.0
  0
ARC
  5
9F
330
17
100
AcDbEntity
  8
SLOTS
100
AcDbCircle
 10
28.312701219520108
 20
22.78423615861654
 30
0.0
 40
0.125
100
AcDbArc
 50
80.84544432787729
 51
260.8454443278773
  0
ARC
  5
A0
330
17
100
AcDbEntity
  8
SLOTS
100
AcDbCircle
 10
31.521693997054584
 20
22.26710439594247
 30
0.0
 40
0.125
100
AcDbArc
 50
260.8454443278773
 51
440.8454443278773
  0
LINE
  5
A1
330
17
100
AcDbEntity
  8
SLOTS
100
AcDbLine
 10
30.790891732490643
 20
21.498584897889796
 30
0.0
 11
28.183912745820567
 21
21.918701654795296
 31
0.0
  0
LINE
  5
A2
330
17
100
AcDbEntity
  8
SLOTS
100
AcDbLine
 10
28.223687292632565
 20
22.165517346002115
 30
0.0
 11
30.83066627930264
 21
21.745400589096615
 31
0.0
  0
ARC
  5
A3
330
17
100
AcDbEntity
  8
SLOTS
100
AcDbCircle
 10
28.203800019226566
 20
22.042109500398706
 30
0.0
 40
0.125
100
AcDbArc
 50
80.84544432787726
 51
260.84544432787726
  0
ARC
  5
A4
330
17
100
AcDbEntity
  8
SLOTS
100
AcDbCircle
 10
30.81077900589664
 20
21.621992743493205
 30
0.0
 40
0.125
100
AcDbArc
 50
260.84544432787726
 51
440.84544432787726
  0
LINE
  5
A5
330
17
100
AcDbEntity
  8
SLOTS
100
AcDbLine
 10
30.079976741332704
 20
20.853473245440533
 30
0.0
 11
28.07501154552703
 21
21.17657499657746
 31
0.0
  0
LINE
  5
A6
330
17
100
AcDbEntity
  8
SLOTS
100
AcDbLine
 10
28.114786092339028
 20
21.42339068778428
 30
0.0
 11
30.119751288144702
 21
21.100288936647353
 31
0.0
  0
ARC
  5
A7
330
17
100
AcDbEntity
  8
SLOTS
100
AcDbCircle
 10
28.09489881893303
 20
21.29998284218087
 30
0.0
 40
0.125
100
AcDbArc
 50
80.84544432787732
 51
260.8454443278773
  0
ARC
  5
A8
330
17
100
AcDbEntity
  8
SLOTS
100
AcDbCircle
 10
30.099864014738703
 20
20.976881091043943
 30
0.0
 40
0.125
100
AcDbArc
 50
260.8454443278773
 51
440.8454443278773
  0
LINE
  5
A9
330
17
100
AcDbEntity
  8
SLOTS
100
AcDbLine
 10
29.369061750174758
 20
20.208361592991267
 30
0.0
 11
27.96611034523349
 21
20.434448338359626
 31
0.0
  0
LINE
  5
AA
330
17
100
AcDbEntity
  8
SLOTS
100
AcDbLine
 10
28.005884892045486
 20
20.681264029566446
 30
0.0
 11
29.408836296986756
 21
20.455177284198086
 31
0.0
  0
ARC
  5
AB
330
17
100
AcDbEntity
  8
SLOTS
100
AcDbCircle
 10
27.985997618639487
 20
20.557856183963036
 30
0.0
 40
0.125
100
AcDbArc
 50
80.84544432787726
 51
260.84544432787726
  0
ARC
  5
AC
330
17
100
AcDbEntity
  8
SLOTS
100
AcDbCircle
 10
29.388949023580757
 20
20.331769438594677
 30
0.0
 40
0.125
100
AcDbArc
 50
260.84544432787726
 51
440.84544432787726
  0
LINE
  5
AD
330
17
100
AcDbEntity
  8
SLOTS
100
AcDbLine
 10
28.65814675901682
 20
19.563249940542004
 30
0.0
 11
28.47819212312763
 21
19.592249774605282
 31
0.0
  0
LINE
  5
AE
330
17
100
AcDbEntity
  8
SLOTS
100
AcDbLine
 10
28.51796666993963
 20
19.8390654658121
 30
0.0
 11
28.697921305828817
 21
19.810065631748824
 31
0.0
  0
ARC
  5
AF
330
17
100
AcDbEntity
  8
SLOTS
100
AcDbCircle
 10
28.49807939653363
 20
19.71565762020869
 30
0.0
 40
0.125
100
AcDbArc
 50
80.8454443278763
 51
260.8454443278763
  0
ARC
  5
B0
330
17
100
AcDbEntity
  8
SLOTS
100
AcDbCircle
 10
28.67803403242282
 20
19.686657786145414
 30
0.0
 40
0.125
100
AcDbArc
 50
260.8454443278763
 51
440.8454443278763
  0
LINE
  5
B1
330
17
100
AcDbEntity
  8
SLOTS
100
AcDbLine
 10
31.00423204239687
 20
20.62133648884285
 30
0.0
 11
29.629929217339953
 21
18.529947902831484
 31
0.0
  0
LINE
  5
B2
330
17
100
AcDbEntity
  8
SLOTS
100
AcDbLine
 10
29.421001093907936
 20
18.66723970607981
 30
0.0
 11
30.79530391896485
 21
20.758628292091174
 31
0.0
  0
ARC
  5
B3
330
17
100
AcDbEntity
  8
SLOTS
100
AcDbCircle
 10
29.525465155623944
 20
18.598593804455646
 30
0.0
 40
0.125
100
AcDbArc
 50
-213.3098990433881
 51
-33.309899043388086
  0
ARC
  5
B4
330
17
100
AcDbEntity
  8
SLOTS
100
AcDbCircle
 10
30.89976798068086
 20
20.689982390467012
 30
0.0
 40
0.125
100
AcDbArc
 50
-33.309899043388086
 51
146.6901009566119
  0
LINE
  5
B5
330
17
100
AcDbEntity
  8
SLOTS
100
AcDbLine
 10
33.227264391265486
 20
22.63860168913202
 30
0.0
 11
30.41171732099181
 21
18.353954303717344
 31
0.0
  0
LINE
  5
B6
330
17
100
AcDbEntity
  8
SLOTS
100
AcDbLine
 10
30.20278919755979
 20
18.49124610696567
 30
0.0
 11
33.01833626783347
 21
22.775893492380344
 31
0.0
  0
ARC
  5
B7
330
17
100
AcDbEntity
  8
SLOTS
100
AcDbCircle
 10
30.3072532592758
 20
18.422600205341507
 30
0.0
 40
0.125
100
AcDbArc
 50
-213.3098990433881
 51
-33.309899043388086
  0
ARC
  5
B8
330
17
100
AcDbEntity
  8
SLOTS
100
AcDbCircle
 10
33.12280032954948
 20
22.707247590756182
 30
0.0
 40
0.125
100
AcDbArc
 50
-33.309899043388086
 51
146.6901009566119
  0
LINE
  5
B9
330
17
100
AcDbEntity
  8
SLOTS
100
AcDbLine
 10
34.97946406171601
 20
23.93936243959297
 30
0.0
 11
31.24402976764494
 21
18.254847714032298
 31
0.0
  0
LINE
  5
BA
330
17
100
AcDbEntity
  8
SLOTS
100
AcDbLine
 10
31.035101644212922
 20
18.392139517280622
 30
0.0
 11
34.77053593828399
 21
24.076654242841293
 31
0.0
  0
ARC
  5
BB
330
17
100
AcDbEntity
  8
SLOTS
100
AcDbCircle
 10
31.13956570592893
 20
18.32349361565646
 30
0.0
 40
0.125
100
AcDbArc
 50
-213.30989904338804
 51
-33.30989904338806
  0
ARC
  5
BC
330
17
100
AcDbEntity
  8
SLOTS
100
AcDbCircle
 10
34.875
 20
24.00800834121713
 30
0.0
 40
0.125
100
AcDbArc
 50
-33.30989904338806
 51
146.69010095661196
  0
LINE
  5
BD
330
17
100
AcDbEntity
  8
SLOTS
100
AcDbLine
 10
34.97946406171601
 20
22.57365818366689
 30
0.0
 11
32.14479907079087
 21
18.259917500683613
 31
0.0
  0
LINE
  5
BE
330
17
100
AcDbEntity
  8
SLOTS
100
AcDbLine
 10
31.93587094735885
 20
18.397209303931938
 30
0.0
 11
34.77053593828399
 21
22.710949986915214
 31
0.0
  0
ARC
  5
BF
330
17
100
AcDbEntity
  8
SLOTS
100
AcDbCircle
 10
32.04033500907486
 20
18.328563402307775
 30
0.0
 40
0.125
100
AcDbArc
 50
-213.30989904338804
 51
-33.30989904338803
  0
ARC
  5
C0
330
17
100
AcDbEntity
  8
SLOTS
100
AcDbCircle
 10
34.875
 20
22.64230408529105
 30
0.0
 40
0.125
100
AcDbArc
 50
-33.30989904338803
 51
146.69010095661196
  0
LINE
  5
C1
330
17
100
AcDbEntity
  8
SLOTS
100
AcDbLine
 10
34.97946406171601
 20
21.20795392774081
 30
0.0
 11
33.64735826912692
 21
19.18078000421702
 31
0.0
  0
LINE
  5
C2
330
17
100
AcDbEntity
  8
SLOTS
100
AcDbLine
 10
33.4384301456949
 20
19.318071807465344
 30
0.0
 11
34.77053593828399
 21
21.345245730989134
 31
0.0
  0
ARC
  5
C3
330
17
100
AcDbEntity
  8
SLOTS
100
AcDbCircle
 10
33.54289420741091
 20
19.249425905841182
 30
0.0
 40
0.125
100
AcDbArc
 50
-213.309899043388
 51
-33.309899043388
  0
ARC
  5
C4
330
17
100
AcDbEntity
  8
SLOTS
100
AcDbCircle
 10
34.875
 20
21.276599829364972
 30
0.0
 40
0.125
100
AcDbArc
 50
-33.309899043388
 51
146.690100956612
  0
LINE
  5
C5
330
17
100
AcDbEntity
  8
SLOTS
100
AcDbLine
 10
33.074804200546915
 20
29.812325823309017
 30
0.0
 11
32.00035003475442
 21
27.958215687157455
 31
0.0
  0
LINE
  5
C6
330
17
100
AcDbEntity
  8
SLOTS
100
AcDbLine
 10
31.78404517973625
 20
28.08356404053942
 30
0.0
 11
32.85849934552875
 21
29.937674176690983
 31
0.0
  0
ARC
  5
C7
330
17
100
AcDbEntity
  8
SLOTS
100
AcDbCircle
 10
31.892197607245333
 20
28.02088986384844
 30
0.0
 40
0.125
100
AcDbArc
 50
-210.09223039505838
 51
-30.09223039505838
  0
ARC
  5
C8
330
17
100
AcDbEntity
  8
SLOTS
100
AcDbCircle
 10
32.96665177303783
 20
29.875
 30
0.0
 40
0.125
100
AcDbArc
 50
-30.09223039505838
 51
149.90776960494162
  0
LINE
  5
C9
330
17
100
AcDbEntity
  8
SLOTS
100
AcDbLine
 10
33.94163633884659
 20
29.812325823309017
 30
0.0
 11
32.000165874630135
 21
26.462066518308735
 31
0.0
  0
LINE
  5
CA
330
17
100
AcDbEntity
  8
SLOTS
100
AcDbLine
 10
31.783861019611965
 20
26.5874148716907
 30
0.0
 11
33.72533148382843
 21
29.937674176690983
 31
0.0
  0
ARC
  5
CB
330
17
100
AcDbEntity
  8
SLOTS
100
AcDbCircle
 10
31.892013447121048
 20
26.524740694999718
 30
0.0
 40
0.125
100
AcDbArc
 50
-210.09223039505827
 51
-30.09223039505825
  0
ARC
  5
CC
330
17
100
AcDbEntity
  8
SLOTS
100
AcDbCircle
 10
33.83348391133751
 20
29.875
 30
0.0
 40
0.125
100
AcDbArc
 50
-30.09223039505825
 51
149.90776960494173
  0
LINE
  5
CD
330
17
100
AcDbEntity
  8
SLOTS
100
AcDbLine
 10
34.80846847714628
 20
29.812325823309017
 30
0.0
 11
32.6931678287092
 21
26.16209997083409
 31
0.0
  0
LINE
  5
CE
330
17
100
AcDbEntity
  8
SLOTS
100
AcDbLine
 10
32.476862973691034
 20
26.287448324216054
 30
0.0
 11
34.59216362212811
 21
29.937674176690983
 31
0.0
  0
ARC
  5
CF
330
17
100
AcDbEntity
  8
SLOTS
100
AcDbCircle
 10
32.58501540120012
 20
26.22477414752507
 30
0.0
 40
0.125
100
AcDbArc
 50
-210.09223039505832
 51
-30.092230395058323
  0
ARC
  5
D0
330
17
100
AcDbEntity
  8
SLOTS
100
AcDbCircle
 10
34.700316049637195
 20
29.875
 30
0.0
 40
0.125
100
AcDbArc
 50
-30.092230395058323
 51
149.90776960494168
  0
LINE
  5
D1
330
17
100
AcDbEntity
  8
SLOTS
100
AcDbLine
 10
34.98315242750908
 20
28.617934278439208
 30
0.0
 11
33.38616978278827
 21
25.862133423359438
 31
0.0
  0
LINE
  5
D2
330
17
100
AcDbEntity
  8
SLOTS
100
AcDbLine
 10
33.16986492777011
 20
25.987481776741404
 30
0.0
 11
34.76684757249092
 21
28.743282631821174
 31
0.0
  0
ARC
  5
D3
330
17
100
AcDbEntity
  8
SLOTS
100
AcDbCircle
 10
33.27801735527919
 20
25.92480760005042
 30
0.0
 40
0.125
100
AcDbArc
 50
-210.09223039505832
 51
-30.092230395058323
  0
ARC
  5
D4
330
17
100
AcDbEntity
  8
SLOTS
100
AcDbCircle
 10
34.875
 20
28.68060845513019
 30
0.0
 40
0.125
100
AcDbArc
 50
-30.092230395058323
 51
149.90776960494168
  0
LINE
  5
D5
330
17
100
AcDbEntity
  8
SLOTS
100
AcDbLine
 10
34.98315242750908
 20
27.122102901790463
 30
0.0
 11
34.079171736867345
 21
25.562166875884788
 31
0.0
  0
LINE
  5
D6
330
17
100
AcDbEntity
  8
SLOTS
100
AcDbLine
 10
33.86286688184918
 20
25.687515229266754
 30
0.0
 11
34.76684757249092
 21
27.24745125517243
 31
0.0
  0
ARC
  5
D7
330
17
100
AcDbEntity
  8
SLOTS
100
AcDbCircle
 10
33.97101930935826
 20
25.62484105257577
 30
0.0
 40
0.125
100
AcDbArc
 50
-210.0922303950582
 51
-30.092230395058195
  0
ARC
  5
D8
330
17
100
AcDbEntity
  8
SLOTS
100
AcDbCircle
 10
34.875
 20
27.184777078481446
 30
0.0
 40
0.125
100
AcDbArc
 50
-30.092230395058195
 51
149.9077696049418
  0
LINE
  5
D9
330
17
100
AcDbEntity
  8
SLOTS
100
AcDbLine
 10
34.98315242750908
 20
25.626271525141707
 30
0.0
 11
34.77217369094642
 21
25.262200328410138
 31
0.0
  0
LINE
  5
DA
330
17
100
AcDbEntity
  8
SLOTS
100
AcDbLine
 10
34.55586883592825
 20
25.387548681792104
 30
0.0
 11
34.76684757249092
 21
25.751619878523673
 31
0.0
  0
ARC
  5
DB
330
17
100
AcDbEntity
  8
SLOTS
100
AcDbCircle
 10
34.664021263437334
 20
25.32487450510112
 30
0.0
 40
0.125
100
AcDbArc
 50
-210.09223039505798
 51
-30.092230395057996
  0
ARC
  5
DC
330
17
100
AcDbEntity
  8
SLOTS
100
AcDbCircle
 10
34.875
 20
25.68894570183269
 30
0.0
 40
0.125
100
AcDbArc
 50
-30.092230395057996
 51
149.90776960494202
  0
LINE
  5
DD
330
17
100
AcDbEntity
  8
SLOTS
100
AcDbLine
 10
29.890072168081282
 20
26.1219923616364
 30
0.0
 11
30.70032244733237
 21
27.134657928709082
 31
0.0
  0
LINE
  5
DE
330
17
100
AcDbEntity
  8
SLOTS
100
AcDbLine
 10
30.89552856988039
 20
26.978470318061603
 30
0.0
 11
30.085278290629297
 21
25.965804750988923
 31
0.0
  0
ARC
  5
DF
330
17
100
AcDbEntity
  8
SLOTS
100
AcDbCircle
 10
30.79792550860638
 20
27.056564123385343
 30
0.0
 40
0.125
100
AcDbArc
 50
-38.66387294686766
 51
141.33612705313234
  0
ARC
  5
E0
330
17
100
AcDbEntity
  8
SLOTS
100
AcDbCircle
 10
29.98767522935529
 20
26.043898556312662
 30
0.0
 40
0.125
100
AcDbArc
 50
141.33612705313234
 51
321.3361270531323
  0
LINE
  5
E1
330
17
100
AcDbEntity
  8
SLOTS
100
AcDbLine
 10
27.818717350547356
 20
24.73365469866147
 30
0.0
 11
31.33556451838967
 21
29.129074389010448
 31
0.0
  0
LINE
  5
E2
330
17
100
AcDbEntity
  8
SLOTS
100
AcDbLine
 10
31.530770640937693
 20
28.97288677836297
 30
0.0
 11
28.013923473095378
 21
24.577467088013993
 31
0.0
  0
ARC
  5
E3
330
17
100
AcDbEntity
  8
SLOTS
100
AcDbCircle
 10
31.43316757966368
 20
29.05098058368671
 30
0.0
 40
0.125
100
AcDbArc
 50
-38.6638729468676
 51
141.3361270531324
  0
ARC
  5
E4
330
17
100
AcDbEntity
  8
SLOTS
100
AcDbCircle
 10
27.916320411821367
 20
24.655560893337732
 30
0.0
 40
0.125
100
AcDbArc
 50
141.3361270531324
 51
321.3361270531324
  0
LINE
  5
E5
330
17
100
AcDbEntity
  8
SLOTS
100
AcDbLine
 10
27.39222526057611
 20
25.401096452761937
 30
0.0
 11
31.034352776301844
 21
29.95309380532374
 31
0.0
  0
LINE
  5
E6
330
17
100
AcDbEntity
  8
SLOTS
100
AcDbLine
 10
31.229558898849866
 20
29.79690619467626
 30
0.0
 11
27.587431383124134
 21
25.24490884211446
 31
0.0
  0
ARC
  5
E7
330
17
100
AcDbEntity
  8
SLOTS
100
AcDbCircle
 10
31.131955837575855
 20
29.875
 30
0.0
 40
0.125
100
AcDbArc
 50
-38.663872946867606
 51
141.3361270531324
  0
ARC
  5
E8
330
17
100
AcDbEntity
  8
SLOTS
100
AcDbCircle
 10
27.489828321850123
 20
25.323002647438198
 30
0.0
 40
0.125
100
AcDbArc
 50
141.3361270531324
 51
321.3361270531324
  0
LINE
  5
E9
330
17
100
AcDbEntity
  8
SLOTS
100
AcDbLine
 10
26.96573317060487
 20
26.068538206862403
 30
0.0
 11
30.07382962491413
 21
29.95309380532374
 31
0.0
  0
LINE
  5
EA
330
17
100
AcDbEntity
  8
SLOTS
100
AcDbLine
 10
30.26903574746215
 20
29.79690619467626
 30
0.0
 11
27.160939293152893
 21
25.912350596214925
 31
0.0
  0
ARC
  5
EB
330
17
100
AcDbEntity
  8
SLOTS
100
AcDbCircle
 10
30.17143268618814
 20
29.875
 30
0.0
 40
0.125
100
AcDbArc
 50
-38.66387294686759
 51
141.3361270531324
  0
ARC
  5
EC
330
17
100
AcDbEntity
  8
SLOTS
100
AcDbCircle
 10
27.063336231878882
 20
25.990444401538664
 30
0.0
 40
0.125
100
AcDbArc
 50
141.3361270531324
 51
321.33612705313243
  0
LINE
  5
ED
330
17
100
AcDbEntity
  8
SLOTS
100
AcDbLine
 10
26.539241080633627
 20
26.735979960962872
 30
0.0
 11
29.11330647352641
 21
29.95309380532374
 31
0.0
  0
LINE
  5
EE
330
17
100
AcDbEntity
  8
SLOTS
100
AcDbLine
 10
29.308512596074433
 20
29.79690619467626
 30
0.0
 11
26.73444720318165
 21
26.579792350315394
 31
0.0
  0
ARC
  5
EF
330
17
100
AcDbEntity
  8
SLOTS
100
AcDbCircle
 10
29.21090953480042
 20
29.875
 30
0.0
 40
0.125
100
AcDbArc
 50
-38.663872946867606
 51
141.3361270531324
  0
ARC
  5
F0
330
17
100
AcDbEntity
  8
SLOTS
100
AcDbCircle
 10
26.636844141907638
 20
26.657886155639133
 30
0.0
 40
0.125
100
AcDbArc
 50
141.3361270531324
 51
321.3361270531324
  0
LINE
  5
F1
330
17
100
AcDbEntity
  8
SLOTS
100
AcDbLine
 10
26.112748990662386
 20
27.403421715063338
 30
0.0
 11
28.152783322138696
 21
29.95309380532374
 31
0.0
  0
LINE
  5
F2
330
17
100
AcDbEntity
  8
SLOTS
100
AcDbLine
 10
28.347989444686718
 20
29.79690619467626
 30
0.0
 11
26.307955113210408
 21
27.24723410441586
 31
0.0
  0
ARC
  5
F3
330
17
100
AcDbEntity
  8
SLOTS
100
AcDbCircle
 10
28.250386383412707
 20
29.875
 30
0.0
 40
0.125
100
AcDbArc
 50
-38.6638729468676
 51
141.3361270531324
  0
ARC
  5
F4
330
17
100
AcDbEntity
  8
SLOTS
100
AcDbCircle
 10
26.210352051936397
 20
27.3253279097396
 30
0.0
 40
0.125
100
AcDbArc
 50
141.3361270531324
 51
321.3361270531324
  0
LINE
  5
F5
330
17
100
AcDbEntity
  8
SLOTS
100
AcDbLine
 10
25.68625690069114
 20
28.070863469163804
 30
0.0
 11
27.19226017075098
 21
29.95309380532374
 31
0.0
  0
LINE
  5
F6
330
17
100
AcDbEntity
  8
SLOTS
100
AcDbLine
 10
27.387466293299003
 20
29.79690619467626
 30
0.0
 11
25.881463023239164
 21
27.914675858516325
 31
0.0
  0
ARC
  5
F7
330
17
100
AcDbEntity
  8
SLOTS
100
AcDbCircle
 10
27.28986323202499
 20
29.875
 30
0.0
 40
0.125
100
AcDbArc
 50
-38.663872946867635
 51
141.33612705313237
  0
ARC
  5
F8
330
17
100
AcDbEntity
  8
SLOTS
100
AcDbCircle
 10
25.783859961965153
 20
27.992769663840065
 30
0.0
 40
0.125
100
AcDbArc
 50
141.33612705313237
 51
321.3361270531324
  0
LINE
  5
F9
330
17
100
AcDbEntity
  8
SLOTS
100
AcDbLine
 10
25.2597648107199
 20
28.738305223264273
 30
0.0
 11
25.916941905518474
 21
29.55965713441263
 31
0.0
  0
LINE
  5
FA
330
17
100
AcDbEntity
  8
SLOTS
100
AcDbLine
 10
26.11214802806649
 20
29.403469523765153
 30
0.0
 11
25.454970933267916
 21
28.582117612616795
 31
0.0
  0
ARC
  5
FB
330
17
100
AcDbEntity
  8
SLOTS
100
AcDbCircle
 10
26.01454496679248
 20
29.481563329088893
 30
0.0
 40
0.125
100
AcDbArc
 50
-38.66387294686768
 51
141.33612705313232
  0
ARC
  5
FC
330
17
100
AcDbEntity
  8
SLOTS
100
AcDbCircle
 10
25.357367871993908
 20
28.660211417940534
 30
0.0
 40
0.125
100
AcDbArc
 50
141.33612705313232
 51
321.3361270531323
  0
LINE
  5
FD
330
17
100
AcDbEntity
  8
SLOTS
100
AcDbLine
 10
25.351782536737343
 20
20.522693278493946
 30
0.0
 11
27.214665382967347
 21
20.65001068389595
 31
0.0
  0
LINE
  5
FE
330
17
100
AcDbEntity
  8
SLOTS
100
AcDbLine
 10
27.231711690680626
 20
20.400592514162177
 30
0.0
 11
25.368828844450622
 21
20.273275108760174
 31
0.0
  0
ARC
  5
FF
330
17
100
AcDbEntity
  8
SLOTS
100
AcDbCircle
 10
27.223188536823987
 20
20.525301599029063
 30
0.0
 40
0.125
100
AcDbArc
 50
-86.09024048757557
 51
93.90975951242443
  0
ARC
  5
100
330
17
100
AcDbEntity
  8
SLOTS
100
AcDbCircle
 10
25.360305690593982
 20
20.39798419362706
 30
0.0
 40
0.125
100
AcDbArc
 50
93.90975951242443
 51
273.90975951242444
  0
LINE
  5
101
330
17
100
AcDbEntity
  8
SLOTS
100
AcDbLine
 10
23.99728410489083
 20
21.181870607511655
 30
0.0
 11
27.32609620591024
 21
21.409375906962065
 31
0.0
  0
LINE
  5
102
330
17
100
AcDbEntity
  8
SLOTS
100
AcDbLine
 10
27.34314251362352
 20
21.159957737228293
 30
0.0
 11
24.01433041260411
 21
20.932452437777883
 31
0.0
  0
ARC
  5
103
330
17
100
AcDbEntity
  8
SLOTS
100
AcDbCircle
 10
27.33461935976688
 20
21.28466682209518
 30
0.0
 40
0.125
100
AcDbArc
 50
-86.0902404875755
 51
93.9097595124245
  0
ARC
  5
104
330
17
100
AcDbEntity
  8
SLOTS
100
AcDbCircle
 10
24.00580725874747
 20
21.05716152264477
 30
0.0
 40
0.125
100
AcDbArc
 50
93.9097595124245
 51
273.9097595124245
  0
LINE
  5
105
330
17
100
AcDbEntity
  8
SLOTS
100
AcDbLine
 10
22.64278567304431
 20
21.841047936529375
 30
0.0
 11
27.437527028853133
 21
22.168741130028184
 31
0.0
  0
LINE
  5
106
330
17
100
AcDbEntity
  8
SLOTS
100
AcDbLine
 10
27.454573336566412
 20
21.919322960294412
 30
0.0
 11
22.659831980757588
 21
21.591629766795602
 31
0.0
  0
ARC
  5
107
330
17
100
AcDbEntity
  8
SLOTS
100
AcDbCircle
 10
27.446050182709772
 20
22.0440320451613
 30
0.0
 40
0.125
100
AcDbArc
 50
-86.09024048757557
 51
93.90975951242443
  0
ARC
  5
108
330
17
100
AcDbEntity
  8
SLOTS
100
AcDbCircle
 10
22.651308826900948
 20
21.71633885166249
 30
0.0
 40
0.125
100
AcDbArc
 50
93.90975951242443
 51
273.90975951242444
  0
LINE
  5
109
330
17
100
AcDbEntity
  8
SLOTS
100
AcDbLine
 10
21.28828724119779
 20
22.500225265547087
 30
0.0
 11
27.548957851796022
 21
22.928106353094304
 31
0.0
  0
LINE
  5
10A
330
17
100
AcDbEntity
  8
SLOTS
100
AcDbLine
 10
27.5660041595093
 20
22.67868818336053
 30
0.0
 11
21.30533354891107
 21
22.250807095813315
 31
0.0
  0
ARC
  5
10B
330
17
100
AcDbEntity
  8
SLOTS
100
AcDbCircle
 10
27.55748100565266
 20
22.803397268227418
 30
0.0
 40
0.125
100
AcDbArc
 50
-86.09024048757553
 51
93.90975951242447
  0
ARC
  5
10C
330
17
100
AcDbEntity
  8
SLOTS
100
AcDbCircle
 10
21.29681039505443
 20
22.3755161806802
 30
0.0
 40
0.125
100
AcDbArc
 50
93.90975951242447
 51
273.90975951242444
  0
LINE
  5
10D
330
17
100
AcDbEntity
  8
SLOTS
100
AcDbLine
 10
20.044063561667834
 20
23.16693924421226
 30
0.0
 11
27.660388674738915
 21
23.687471576160423
 31
0.0
  0
LINE
  5
10E
330
17
100
AcDbEntity
  8
SLOTS
100
AcDbLine
 10
27.677434982452194
 20
23.43805340642665
 30
0.0
 11
20.061109869381113
 21
22.917521074478486
 31
0.0
  0
ARC
  5
10F
330
17
100
AcDbEntity
  8
SLOTS
100
AcDbCircle
 10
27.668911828595554
 20
23.562762491293537
 30
0.0
 40
0.125
100
AcDbArc
 50
-86.09024048757553
 51
93.90975951242447
  0
ARC
  5
110
330
17
100
AcDbEntity
  8
SLOTS
100
AcDbCircle
 10
20.052586715524473
 20
23.042230159345372
 30
0.0
 40
0.125
100
AcDbArc
 50
93.90975951242447
 51
273.90975951242444
  0
LINE
  5
111
330
17
100
AcDbEntity
  8
SLOTS
100
AcDbLine
 10
19.83738011025165
 20
23.904563173071548
 30
0.0
 11
27.25345402545285
 21
24.411409479087897
 31
0.0
  0
LINE
  5
112
330
17
100
AcDbEntity
  8
SLOTS
100
AcDbLine
 10
27.27050033316613
 20
24.161991309354125
 30
0.0
 11
19.85442641796493
 21
23.655145003337775
 31
0.0
  0
ARC
  5
113
330
17
100
AcDbEntity
  8
SLOTS
100
AcDbCircle
 10
27.26197717930949
 20
24.28670039422101
 30
0.0
 40
0.125
100
AcDbArc
 50
-86.09024048757553
 51
93.90975951242447
  0
ARC
  5
114
330
17
100
AcDbEntity
  8
SLOTS
100
AcDbCircle
 10
19.84590326410829
 20
23.77985408820466
 30
0.0
 40
0.125
100
AcDbArc
 50
93.90975951242447
 51
273.90975951242444
  0
LINE
  5
115
330
17
100
AcDbEntity
  8
SLOTS
100
AcDbLine
 10
19.73274723939055
 20
24.64916167639876
 30
0.0
 11
26.79319014337552
 21
25.131702633466208
 31
0.0
  0
LINE
  5
116
330
17
100
AcDbEntity
  8
SLOTS
100
AcDbLine
 10
26.810236451088798
 20
24.882284463732436
 30
0.0
 11
19.74979354710383
 21
24.399743506664986
 31
0.0
  0
ARC
  5
117
330
17
100
AcDbEntity
  8
SLOTS
100
AcDbCircle
 10
26.80171329723216
 20
25.006993548599322
 30
0.0
 40
0.125
100
AcDbArc
 50
-86.09024048757553
 51
93.90975951242447
  0
ARC
  5
118
330
17
100
AcDbEntity
  8
SLOTS
100
AcDbCircle
 10
19.74127039324719
 20
24.524452591531873
 30
0.0
 40
0.125
100
AcDbArc
 50
93.90975951242447
 51
273.9097595124245
  0
LINE
  5
119
330
17
100
AcDbEntity
  8
SLOTS
100
AcDbLine
 10
19.628114368529456
 20
25.39376017972597
 30
0.0
 11
26.33292626129819
 21
25.851995787844515
 31
0.0
  0
LINE
  5
11A
330
17
100
AcDbEntity
  8
SLOTS
100
AcDbLine
 10
26.34997256901147
 20
25.602577618110743
 30
0.0
 11
19.645160676242735
 21
25.144342009992197
 31
0.0
  0
ARC
  5
11B
330
17
100
AcDbEntity
  8
SLOTS
100
AcDbCircle
 10
26.34144941515483
 20
25.72728670297763
 30
0.0
 40
0.125
100
AcDbArc
 50
-86.09024048757554
 51
93.90975951242446
  0
ARC
  5
11C
330
17
100
AcDbEntity
  8
SLOTS
100
AcDbCircle
 10
19.636637522386096
 20
25.269051094859083
 30
0.0
 40
0.125
100
AcDbArc
 50
93.90975951242446
 51
273.90975951242444
  0
LINE
  5
11D
330
17
100
AcDbEntity
  8
SLOTS
100
AcDbLine
 10
19.52348149766836
 20
26.13835868305318
 30
0.0
 11
25.87266237922086
 21
26.572288942222826
 31
0.0
  0
LINE
  5
11E
330
17
100
AcDbEntity
  8
SLOTS
100
AcDbLine
 10
25.88970868693414
 20
26.322870772489054
 30
0.0
 11
19.54052780538164
 21
25.888940513319408
 31
0.0
  0
ARC
  5
11F
330
17
100
AcDbEntity
  8
SLOTS
100
AcDbCircle
 10
25.8811855330775
 20
26.44757985735594
 30
0.0
 40
0.125
100
AcDbArc
 50
-86.09024048757554
 51
93.90975951242446
  0
ARC
  5
120
330
17
100
AcDbEntity
  8
SLOTS
100
AcDbCircle
 10
19.532004651525
 20
26.013649598186294
 30
0.0
 40
0.125
100
AcDbArc
 50
93.90975951242446
 51
273.90975951242444
  0
LINE
  5
121
330
17
100
AcDbEntity
  8
SLOTS
100
AcDbLine
 10
19.825455542218023
 20
26.910746447306472
 30
0.0
 11
25.412398497143528
 21
27.292582096601137
 31
0.0
  0
LINE
  5
122
330
17
100
AcDbEntity
  8
SLOTS
100
AcDbLine
 10
25.429444804856807
 20
27.043163926867365
 30
0.0
 11
19.842501849931303
 21
26.6613282775727
 31
0.0
  0
ARC
  5
123
330
17
100
AcDbEntity
  8
SLOTS
100
AcDbCircle
 10
25.420921651000167
 20
27.16787301173425
 30
0.0
 40
0.125
100
AcDbArc
 50
-86.0902404875755
 51
93.9097595124245
  0
ARC
  5
124
330
17
100
AcDbEntity
  8
SLOTS
100
AcDbCircle
 10
19.833978696074663
 20
26.786037362439586
 30
0.0
 40
0.125
100
AcDbArc
 50
93.9097595124245
 51
273.9097595124245
  0
LINE
  5
125
330
17
100
AcDbEntity
  8
SLOTS
100
AcDbLine
 10
20.226387934225123
 20
27.68989744955224
 30
0.0
 11
24.952134615066196
 21
28.012875250979445
 31
0.0
  0
LINE
  5
126
330
17
100
AcDbEntity
  8
SLOTS
100
AcDbLine
 10
24.969180922779476
 20
27.763457081245672
 30
0.0
 11
20.243434241938402
 21
27.44047927981847
 31
0.0
  0
ARC
  5
127
330
17
100
AcDbEntity
  8
SLOTS
100
AcDbCircle
 10
24.960657768922836
 20
27.88816616611256
 30
0.0
 40
0.125
100
AcDbArc
 50
-86.09024048757554
 51
93.90975951242446
  0
ARC
  5
128
330
17
100
AcDbEntity
  8
SLOTS
100
AcDbCircle
 10
20.234911088081763
 20
27.565188364685355
 30
0.0
 40
0.125
100
AcDbArc
 50
93.90975951242446
 51
273.90975951242444
  0
LINE
  5
129
330
17
100
AcDbEntity
  8
SLOTS
100
AcDbLine
 10
20.62732032623223
 20
28.469048451798013
 30
0.0
 11
24.49187073298886
 21
28.73316840535776
 31
0.0
  0
LINE
  5
12A
330
17
100
AcDbEntity
  8
SLOTS
100
AcDbLine
 10
24.50891704070214
 20
28.483750235623987
 30
0.0
 11
20.64436663394551
 21
28.21963028206424
 31
0.0
  0
ARC
  5
12B
330
17
100
AcDbEntity
  8
SLOTS
100
AcDbCircle
 10
24.5003938868455
 20
28.608459320490873
 30
0.0
 40
0.125
100
AcDbArc
 50
-86.09024048757553
 51
93.90975951242447
  0
ARC
  5
12C
330
17
100
AcDbEntity
  8
SLOTS
100
AcDbCircle
 10
20.63584348008887
 20
28.344339366931127
 30
0.0
 40
0.125
100
AcDbArc
 50
93.90975951242447
 51
273.9097595124245
  0
LINE
  5
12D
330
17
100
AcDbEntity
  8
SLOTS
100
AcDbLine
 10
21.37485137742673
 20
29.27188749330661
 30
0.0
 11
23.02981921442413
 21
29.384995095030835
 31
0.0
  0
LINE
  5
12E
330
17
100
AcDbEntity
  8
SLOTS
100
AcDbLine
 10
23.046865522137402
 20
29.135576925297062
 30
0.0
 11
21.391897685140002
 21
29.02246932357284
 31
0.0
  0
ARC
  5
12F
330
17
100
AcDbEntity
  8
SLOTS
100
AcDbCircle
 10
23.038342368280766
 20
29.26028601016395
 30
0.0
 40
0.125
100
AcDbArc
 50
-86.09024048757561
 51
93.90975951242439
  0
ARC
  5
130
330
17
100
AcDbEntity
  8
SLOTS
100
AcDbCircle
 10
21.383374531283366
 20
29.147178408439725
 30
0.0
 40
0.125
100
AcDbArc
 50
93.90975951242439
 51
273.9097595124244
  0
LINE
  5
131
330
17
100
AcDbEntity
  8
SLOTS
100
AcDbLine
 10
28.82717416123056
 20
17.598606255772093
 30
0.0
 11
26.814521305039513
 21
19.617478033349855
 31
0.0
  0
LINE
  5
132
330
17
100
AcDbEntity
  8
SLOTS
100
AcDbLine
 10
26.991570480661217
 20
19.79398182767642
 30
0.0
 11
29.004223336852263
 21
17.775110050098657
 31
0.0
  0
ARC
  5
133
330
17
100
AcDbEntity
  8
SLOTS
100
AcDbCircle
 10
26.903045892850365
 20
19.705729930513137
 30
0.0
 40
0.125
100
AcDbArc
 50
44.911617142811195
 51
224.9116171428112
  0
ARC
  5
134
330
17
100
AcDbEntity
  8
SLOTS
100
AcDbCircle
 10
28.91569874904141
 20
17.686858152935375
 30
0.0
 40
0.125
100
AcDbArc
 50
224.9116171428112
 51
404.9116171428112
  0
LINE
  5
135
330
17
100
AcDbEntity
  8
SLOTS
100
AcDbLine
 10
28.617226544356182
 20
16.74690248315794
 30
0.0
 11
25.805974253561423
 21
19.56684129778163
 31
0.0
  0
LINE
  5
136
330
17
100
AcDbEntity
  8
SLOTS
100
AcDbLine
 10
25.983023429183127
 20
19.743345092108193
 30
0.0
 11
28.794275719977886
 21
16.923406277484503
 31
0.0
  0
ARC
  5
137
330
17
100
AcDbEntity
  8
SLOTS
100
AcDbCircle
 10
25.894498841372275
 20
19.65509319494491
 30
0.0
 40
0.125
100
AcDbArc
 50
44.911617142811224
 51
224.91161714281122
  0
ARC
  5
138
330
17
100
AcDbEntity
  8
SLOTS
100
AcDbCircle
 10
28.705751132167034
 20
16.83515438032122
 30
0.0
 40
0.125
100
AcDbArc
 50
224.91161714281122
 51
404.9116171428112
  0
LINE
  5
139
330
17
100
AcDbEntity
  8
SLOTS
100
AcDbLine
 10
28.217217690498714
 20
16.085847220134667
 30
0.0
 11
25.09625077078533
 21
19.216457654806206
 31
0.0
  0
LINE
  5
13A
330
17
100
AcDbEntity
  8
SLOTS
100
AcDbLine
 10
25.273299946407032
 20
19.39296144913277
 30
0.0
 11
28.394266866120418
 21
16.26235101446123
 31
0.0
  0
ARC
  5
13B
330
17
100
AcDbEntity
  8
SLOTS
100
AcDbCircle
 10
25.18477535859618
 20
19.304709551969488
 30
0.0
 40
0.125
100
AcDbArc
 50
44.91161714281114
 51
224.91161714281114
  0
ARC
  5
13C
330
17
100
AcDbEntity
  8
SLOTS
100
AcDbCircle
 10
28.305742278309566
 20
16.17409911729795
 30
0.0
 40
0.125
100
AcDbArc
 50
224.91161714281114
 51
404.9116171428111
  0
LINE
  5
13D
330
17
100
AcDbEntity
  8
SLOTS
100
AcDbLine
 10
27.764564890341784
 20
15.477598568602986
 30
0.0
 11
24.587044190342237
 21
18.664937529798042
 31
0.0
  0
LINE
  5
13E
330
17
100
AcDbEntity
  8
SLOTS
100
AcDbLine
 10
24.76409336596394
 20
18.841441324124606
 30
0.0
 11
27.94161406596349
 21
15.654102362929553
 31
0.0
  0
ARC
  5
13F
330
17
100
AcDbEntity
  8
SLOTS
100
AcDbCircle
 10
24.67556877815309
 20
18.753189426961324
 30
0.0
 40
0.125
100
AcDbArc
 50
44.91161714281117
 51
224.91161714281117
  0
ARC
  5
140
330
17
100
AcDbEntity
  8
SLOTS
100
AcDbCircle
 10
27.853089478152636
 20
15.56585046576627
 30
0.0
 40
0.125
100
AcDbArc
 50
224.91161714281117
 51
404.91161714281117
  0
LINE
  5
141
330
17
100
AcDbEntity
  8
SLOTS
100
AcDbLine
 10
27.311912090184855
 20
14.869349917071304
 30
0.0
 11
24.07783760989914
 21
18.113417404789875
 31
0.0
  0
LINE
  5
142
330
17
100
AcDbEntity
  8
SLOTS
100
AcDbLine
 10
24.254886785520846
 20
18.28992119911644
 30
0.0
 11
27.48896126580656
 21
15.045853711397871
 31
0.0
  0
ARC
  5
143
330
17
100
AcDbEntity
  8
SLOTS
100
AcDbCircle
 10
24.166362197709994
 20
18.201669301953157
 30
0.0
 40
0.125
100
AcDbArc
 50
44.911617142811224
 51
224.91161714281122
  0
ARC
  5
144
330
17
100
AcDbEntity
  8
SLOTS
100
AcDbCircle
 10
27.400436677995707
 20
14.957601814234588
 30
0.0
 40
0.125
100
AcDbArc
 50
224.91161714281122
 51
404.9116171428112
  0
LINE
  5
145
330
17
100
AcDbEntity
  8
SLOTS
100
AcDbLine
 10
26.82858418266611
 20
14.291871156301672
 30
0.0
 11
23.56863102945605
 21
17.561897279781707
 31
0.0
  0
LINE
  5
146
330
17
100
AcDbEntity
  8
SLOTS
100
AcDbLine
 10
23.745680205077754
 20
17.73840107410827
 30
0.0
 11
27.005633358287813
 21
14.46837495062824
 31
0.0
  0
ARC
  5
147
330
17
100
AcDbEntity
  8
SLOTS
100
AcDbCircle
 10
23.657155617266902
 20
17.65014917694499
 30
0.0
 40
0.125
100
AcDbArc
 50
44.911617142811195
 51
224.9116171428112
  0
ARC
  5
148
330
17
100
AcDbEntity
  8
SLOTS
100
AcDbCircle
 10
26.91710877047696
 20
14.380123053464956
 30
0.0
 40
0.125
100
AcDbArc
 50
224.9116171428112
 51
404.9116171428112
  0
LINE
  5
149
330
17
100
AcDbEntity
  8
SLOTS
100
AcDbLine
 10
25.922232479075745
 20
14.1387232981543
 30
0.0
 11
23.05942444901296
 21
17.010377154773543
 31
0.0
  0
LINE
  5
14A
330
17
100
AcDbEntity
  8
SLOTS
100
AcDbLine
 10
23.236473624634662
 20
17.186880949100107
 30
0.0
 11
26.09928165469745
 21
14.315227092480868
 31
0.0
  0
ARC
  5
14B
330
17
100
AcDbEntity
  8
SLOTS
100
AcDbCircle
 10
23.14794903682381
 20
17.098629051936825
 30
0.0
 40
0.125
100
AcDbArc
 50
44.911617142811195
 51
224.9116171428112
  0
ARC
  5
14C
330
17
100
AcDbEntity
  8
SLOTS
100
AcDbCircle
 10
26.010757066886597
 20
14.226975195317584
 30
0.0
 40
0.125
100
AcDbArc
 50
224.9116171428112
 51
404.9116171428112
  0
LINE
  5
14D
330
17
100
AcDbEntity
  8
SLOTS
100
AcDbLine
 10
24.940314984123724
 20
14.061374723058197
 30
0.0
 11
22.550217868569867
 21
16.45885702976538
 31
0.0
  0
LINE
  5
14E
330
17
100
AcDbEntity
  8
SLOTS
100
AcDbLine
 10
22.72726704419157
 20
16.635360824091943
 30
0.0
 11
25.117364159745428
 21
14.237878517384765
 31
0.0
  0
ARC
  5
14F
330
17
100
AcDbEntity
  8
SLOTS
100
AcDbCircle
 10
22.63874245638072
 20
16.54710892692866
 30
0.0
 40
0.125
100
AcDbArc
 50
44.91161714281114
 51
224.91161714281114
  0
ARC
  5
150
330
17
100
AcDbEntity
  8
SLOTS
100
AcDbCircle
 10
25.028839571934576
 20
14.14962662022148
 30
0.0
 40
0.125
100
AcDbArc
 50
224.91161714281114
 51
404.9116171428111
  0
LINE
  5
151
330
17
100
AcDbEntity
  8
SLOTS
100
AcDbLine
 10
23.58953721498881
 20
14.35402616814777
 30
0.0
 11
22.041011288126775
 21
15.907336904757212
 31
0.0
  0
LINE
  5
152
330
17
100
AcDbEntity
  8
SLOTS
100
AcDbLine
 10
22.21806046374848
 20
16.08384069908378
 30
0.0
 11
23.766586390610513
 21
14.530529962474338
 31
0.0
  0
ARC
  5
153
330
17
100
AcDbEntity
  8
SLOTS
100
AcDbCircle
 10
22.129535875937627
 20
15.995588801920496
 30
0.0
 40
0.125
100
AcDbArc
 50
44.91161714281114
 51
224.91161714281114
  0
ARC
  5
154
330
17
100
AcDbEntity
  8
SLOTS
100
AcDbCircle
 10
23.67806180279966
 20
14.442278065311054
 30
0.0
 40
0.125
100
AcDbArc
 50
224.91161714281114
 51
404.9116171428111
  0
LINE
  5
155
330
17
100
AcDbEntity
  8
SLOTS
100
AcDbLine
 10
22.23875944585389
 20
14.646677613237346
 30
0.0
 11
21.53180470768368
 21
15.355816779749047
 31
0.0
  0
LINE
  5
156
330
17
100
AcDbEntity
  8
SLOTS
100
AcDbLine
 10
21.708853883305384
 20
15.532320574075614
 30
0.0
 11
22.415808621475595
 21
14.823181407563913
 31
0.0
  0
ARC
  5
157
330
17
100
AcDbEntity
  8
SLOTS
100
AcDbCircle
 10
21.620329295494532
 20
15.44406867691233
 30
0.0
 40
0.125
100
AcDbArc
 50
44.91161714281125
 51
224.91161714281125
  0
ARC
  5
158
330
17
100
AcDbEntity
  8
SLOTS
100
AcDbCircle
 10
22.327284033664743
 20
14.73492951040063
 30
0.0
 40
0.125
100
AcDbArc
 50
224.91161714281125
 51
404.9116171428112
  0
LINE
  5
159
330
17
100
AcDbEntity
  8
SLOTS
100
AcDbLine
 10
34.75142421738867
 20
17.373871512906135
 30
0.0
 11
34.50165517791905
 21
19.01428912580045
 31
0.0
  0
LINE
  5
15A
330
17
100
AcDbEntity
  8
SLOTS
100
AcDbLine
 10
34.748806743141714
 20
19.05192028055266
 30
0.0
 11
34.99857578261133
 21
17.411502667658347
 31
0.0
  0
ARC
  5
15B
330
17
100
AcDbEntity
  8
SLOTS
100
AcDbCircle
 10
34.62523096053038
 20
19.033104703176555
 30
0.0
 40
0.125
100
AcDbArc
 50
8.657330212199241
 51
188.65733021219924
  0
ARC
  5
15C
330
17
100
AcDbEntity
  8
SLOTS
100
AcDbCircle
 10
34.875
 20
17.39268709028224
 30
0.0
 40
0.125
100
AcDbArc
 50
188.65733021219924
 51
368.6573302121992
  0
LINE
  5
15D
330
17
100
AcDbEntity
  8
SLOTS
100
AcDbLine
 10
34.209252871106834
 20
15.952137221204147
 30
0.0
 11
33.80776147109447
 21
18.58902754758099
 31
0.0
  0
LINE
  5
15E
330
17
100
AcDbEntity
  8
SLOTS
100
AcDbLine
 10
34.05491303631714
 20
18.626658702333202
 30
0.0
 11
34.4564044363295
 21
15.98976837595636
 31
0.0
  0
ARC
  5
15F
330
17
100
AcDbEntity
  8
SLOTS
100
AcDbCircle
 10
33.931337253705806
 20
18.607843124957096
 30
0.0
 40
0.125
100
AcDbArc
 50
8.657330212199227
 51
188.6573302121992
  0
ARC
  5
160
330
17
100
AcDbEntity
  8
SLOTS
100
AcDbCircle
 10
34.33282865371817
 20
15.970952798580253
 30
0.0
 40
0.125
100
AcDbArc
 50
188.6573302121992
 51
368.6573302121992
  0
LINE
  5
161
330
17
100
AcDbEntity
  8
SLOTS
100
AcDbLine
 10
33.31087702080458
 20
16.869860787962867
 30
0.0
 11
33.1138677642699
 21
18.16376596936153
 31
0.0
  0
LINE
  5
162
330
17
100
AcDbEntity
  8
SLOTS
100
AcDbLine
 10
33.361019329492564
 20
18.201397124113743
 30
0.0
 11
33.55802858602725
 21
16.90749194271508
 31
0.0
  0
ARC
  5
163
330
17
100
AcDbEntity
  8
SLOTS
100
AcDbCircle
 10
33.23744354688123
 20
18.182581546737637
 30
0.0
 40
0.125
100
AcDbArc
 50
8.657330212199327
 51
188.65733021219933
  0
ARC
  5
164
330
17
100
AcDbEntity
  8
SLOTS
100
AcDbCircle
 10
33.434452803415915
 20
16.888676365338974
 30
0.0
 40
0.125
100
AcDbArc
 50
188.65733021219933
 51
368.6573302121993
  0
LINE
  5
165
330
17
100
AcDbEntity
  8
SLOTS
100
AcDbLine
 10
29.57242757809598
 20
16.792601146405083
 30
0.0
 11
32.46486140575666
 21
9.53356737946609
 31
0.0
  0
LINE
  5
166
330
17
100
AcDbEntity
  8
SLOTS
100
AcDbLine
 10
32.232619100698564
 20
9.441028135135342
 30
0.0
 11
29.340185273037893
 21
16.70006190207434
 31
0.0
  0
ARC
  5
167
330
17
100
AcDbEntity
  8
SLOTS
100
AcDbCircle
 10
32.34874025322761
 20
9.487297757300716
 30
0.0
 40
0.125
100
AcDbArc
 50
-158.27470119536983
 51
21.72529880463017
  0
ARC
  5
168
330
17
100
AcDbEntity
  8
SLOTS
100
AcDbCircle
 10
29.456306425566936
 20
16.74633152423971
 30
0.0
 40
0.125
100
AcDbArc
 50
21.72529880463017
 51
201.72529880463017
  0
LINE
  5
169
330
17
100
AcDbEntity
  8
SLOTS
100
AcDbLine
 10
29.992353995230708
 20
17.76489481035876
 30
0.0
 11
33.25662129782395
 21
9.572684379393273
 31
0.0
  0
LINE
  5
16A
330
17
100
AcDbEntity
  8
SLOTS
100
AcDbLine
 10
33.024378992765854
 20
9.480145135062525
 30
0.0
 11
29.76011169017262
 21
17.672355566028017
 31
0.0
  0
ARC
  5
16B
330
17
100
AcDbEntity
  8
SLOTS
100
AcDbCircle
 10
33.1405001452949
 20
9.526414757227899
 30
0.0
 40
0.125
100
AcDbArc
 50
-158.27470119536986
 51
21.725298804630143
  0
ARC
  5
16C
330
17
100
AcDbEntity
  8
SLOTS
100
AcDbCircle
 10
29.876232842701665
 20
17.71862518819339
 30
0.0
 40
0.125
100
AcDbArc
 50
21.725298804630143
 51
201.72529880463014
  0
LINE
  5
16D
330
17
100
AcDbEntity
  8
SLOTS
100
AcDbLine
 10
30.839913875883216
 20
17.663972651062565
 30
0.0
 11
34.048381189891245
 21
9.611801379320456
 31
0.0
  0
LINE
  5
16E
330
17
100
AcDbEntity
  8
SLOTS
100
AcDbLine
 10
33.81613888483315
 20
9.519262134989708
 30
0.0
 11
30.60767157082513
 21
17.57143340673182
 31
0.0
  0
ARC
  5
16F
330
17
100
AcDbEntity
  8
SLOTS
100
AcDbCircle
 10
33.9322600373622
 20
9.565531757155082
 30
0.0
 40
0.125
100
AcDbArc
 50
-158.27470119536986
 51
21.725298804630143
  0
ARC
  5
170
330
17
100
AcDbEntity
  8
SLOTS
100
AcDbCircle
 10
30.723792723354173
 20
17.617703028897193
 30
0.0
 40
0.125
100
AcDbArc
 50
21.725298804630143
 51
201.72529880463014
  0
LINE
  5
171
330
17
100
AcDbEntity
  8
SLOTS
100
AcDbLine
 10
31.687473756535724
 20
17.56305049176637
 30
0.0
 11
34.84014108195854
 21
9.650918379247639
 31
0.0
  0
LINE
  5
172
330
17
100
AcDbEntity
  8
SLOTS
100
AcDbLine
 10
34.60789877690045
 20
9.55837913491689
 30
0.0
 11
31.455231451477637
 21
17.470511247435624
 31
0.0
  0
ARC
  5
173
330
17
100
AcDbEntity
  8
SLOTS
100
AcDbCircle
 10
34.724019929429495
 20
9.604648757082265
 30
0.0
 40
0.125
100
AcDbArc
 50
-158.27470119536986
 51
21.725298804630157
  0
ARC
  5
174
330
17
100
AcDbEntity
  8
SLOTS
100
AcDbCircle
 10
31.57135260400668
 20
17.516780869600996
 30
0.0
 40
0.125
100
AcDbArc
 50
21.725298804630157
 51
201.72529880463014
  0
LINE
  5
175
330
17
100
AcDbEntity
  8
SLOTS
100
AcDbLine
 10
32.912631491965584
 20
16.514485018407093
 30
0.0
 11
34.99112115252905
 21
11.298176701868568
 31
0.0
  0
LINE
  5
176
330
17
100
AcDbEntity
  8
SLOTS
100
AcDbLine
 10
34.75887884747095
 20
11.20563745753782
 30
0.0
 11
32.68038918690749
 21
16.42194577407635
 31
0.0
  0
ARC
  5
177
330
17
100
AcDbEntity
  8
SLOTS
100
AcDbCircle
 10
34.875
 20
11.251907079703194
 30
0.0
 40
0.125
100
AcDbArc
 50
-158.27470119536983
 51
21.72529880463017
  0
ARC
  5
178
330
17
100
AcDbEntity
  8
SLOTS
100
AcDbCircle
 10
32.79651033943654
 20
16.46821539624172
 30
0.0
 40
0.125
100
AcDbArc
 50
21.72529880463017
 51
201.72529880463017
  0
LINE
  5
179
330
17
100
AcDbEntity
  8
SLOTS
100
AcDbLine
 10
34.274187346147016
 20
15.123606251552223
 30
0.0
 11
34.99112115252905
 21
13.32434410096524
 31
0.0
  0
LINE
  5
17A
330
17
100
AcDbEntity
  8
SLOTS
100
AcDbLine
 10
34.75887884747095
 20
13.231804856634495
 30
0.0
 11
34.04194504108892
 21
15.031067007221479
 31
0.0
  0
ARC
  5
17B
330
17
100
AcDbEntity
  8
SLOTS
100
AcDbCircle
 10
34.875
 20
13.278074478799867
 30
0.0
 40
0.125
100
AcDbArc
 50
-158.27470119536991
 51
21.725298804630086
  0
ARC
  5
17C
330
17
100
AcDbEntity
  8
SLOTS
100
AcDbCircle
 10
34.15806619361797
 20
15.077336629386851
 30
0.0
 40
0.125
100
AcDbArc
 50
21.725298804630086
 51
201.72529880463009
  0
LINE
  5
17D
330
17
100
AcDbEntity
  8
SLOTS
100
AcDbLine
 10
32.36443277568722
 20
8.618212485436857
 30
0.0
 11
31.055645337364933
 21
8.117167502353604
 31
0.0
  0
LINE
  5
17E
330
17
100
AcDbEntity
  8
SLOTS
100
AcDbLine
 10
30.966263509504092
 20
8.350643173138069
 30
0.0
 11
32.27505094782639
 21
8.851688156221321
 31
0.0
  0
ARC
  5
17F
330
17
100
AcDbEntity
  8
SLOTS
100
AcDbCircle
 10
31.010954423434512
 20
8.233905337745837
 30
0.0
 40
0.125
100
AcDbArc
 50
-249.0515828087948
 51
-69.05158280879479
  0
ARC
  5
180
330
17
100
AcDbEntity
  8
SLOTS
100
AcDbCircle
 10
32.3197418617568
 20
8.734950320829089
 30
0.0
 40
0.125
100
AcDbArc
 50
-69.05158280879479
 51
110.94841719120521
  0
LINE
  5
181
330
17
100
AcDbEntity
  8
SLOTS
100
AcDbLine
 10
34.77300553333248
 20
8.737208334215486
 30
0.0
 11
30.002331161364186
 21
6.910844182170543
 31
0.0
  0
LINE
  5
182
330
17
100
AcDbEntity
  8
SLOTS
100
AcDbLine
 10
29.912949333503345
 20
7.144319852955006
 30
0.0
 11
34.683623705471646
 21
8.970684004999951
 31
0.0
  0
ARC
  5
183
330
17
100
AcDbEntity
  8
SLOTS
100
AcDbCircle
 10
29.957640247433766
 20
7.027582017562774
 30
0.0
 40
0.125
100
AcDbArc
 50
-249.05158280879473
 51
-69.05158280879473
  0
ARC
  5
184
330
17
100
AcDbEntity
  8
SLOTS
100
AcDbCircle
 10
34.72831461940206
 20
8.853946169607719
 30
0.0
 40
0.125
100
AcDbArc
 50
-69.05158280879473
 51
110.94841719120527
  0
LINE
  5
185
330
17
100
AcDbEntity
  8
SLOTS
100
AcDbLine
 10
34.91969091393042
 20
7.990282575416907
 30
0.0
 11
30.34513731611954
 21
6.2389996222685085
 31
0.0
  0
LINE
  5
186
330
17
100
AcDbEntity
  8
SLOTS
100
AcDbLine
 10
30.2557554882587
 20
6.472475293052971
 30
0.0
 11
34.83030908606958
 21
8.22375824620137
 31
0.0
  0
ARC
  5
187
330
17
100
AcDbEntity
  8
SLOTS
100
AcDbCircle
 10
30.30044640218912
 20
6.35573745766074
 30
0.0
 40
0.125
100
AcDbArc
 50
-249.05158280879473
 51
-69.05158280879473
  0
ARC
  5
188
330
17
100
AcDbEntity
  8
SLOTS
100
AcDbCircle
 10
34.875
 20
8.107020410809138
 30
0.0
 40
0.125
100
AcDbArc
 50
-69.05158280879473
 51
110.94841719120527
  0
LINE
  5
189
330
17
100
AcDbEntity
  8
SLOTS
100
AcDbLine
 10
34.91969091393042
 20
7.187201040754164
 30
0.0
 11
30.6879434708749
 21
5.5671550623664725
 31
0.0
  0
LINE
  5
18A
330
17
100
AcDbEntity
  8
SLOTS
100
AcDbLine
 10
30.598561643014058
 20
5.8006307331509355
 30
0.0
 11
34.83030908606958
 21
7.420676711538627
 31
0.0
  0
ARC
  5
18B
330
17
100
AcDbEntity
  8
SLOTS
100
AcDbCircle
 10
30.64325255694448
 20
5.683892897758704
 30
0.0
 40
0.125
100
AcDbArc
 50
-249.0515828087947
 51
-69.0515828087947
  0
ARC
  5
18C
330
17
100
AcDbEntity
  8
SLOTS
100
AcDbCircle
 10
34.875
 20
7.303938876146396
 30
0.0
 40
0.125
100
AcDbArc
 50
-69.0515828087947
 51
110.9484171912053
  0
LINE
  5
18D
330
17
100
AcDbEntity
  8
SLOTS
100
AcDbLine
 10
34.91969091393042
 20
6.384119506091421
 30
0.0
 11
31.030749625630254
 21
4.8953105024644366
 31
0.0
  0
LINE
  5
18E
330
17
100
AcDbEntity
  8
SLOTS
100
AcDbLine
 10
30.941367797769413
 20
5.1287861732488995
 30
0.0
 11
34.83030908606958
 21
6.617595176875884
 31
0.0
  0
ARC
  5
18F
330
17
100
AcDbEntity
  8
SLOTS
100
AcDbCircle
 10
30.986058711699833
 20
5.012048337856668
 30
0.0
 40
0.125
100
AcDbArc
 50
-249.05158280879473
 51
-69.05158280879473
  0
ARC
  5
190
330
17
100
AcDbEntity
  8
SLOTS
100
AcDbCircle
 10
34.875
 20
6.500857341483653
 30
0.0
 40
0.125
100
AcDbArc
 50
-69.05158280879473
 51
110.94841719120527
  0
LINE
  5
191
330
17
100
AcDbEntity
  8
SLOTS
100
AcDbLine
 10
34.91969091393042
 20
5.581037971428682
 30
0.0
 11
31.373555780385608
 21
4.223465942562403
 31
0.0
  0
LINE
  5
192
330
17
100
AcDbEntity
  8
SLOTS
100
AcDbLine
 10
31.284173952524768
 20
4.456941613346866
 30
0.0
 11
34.83030908606958
 21
5.814513642213145
 31
0.0
  0
ARC
  5
193
330
17
100
AcDbEntity
  8
SLOTS
100
AcDbCircle
 10
31.328864866455188
 20
4.340203777954635
 30
0.0
 40
0.125
100
AcDbArc
 50
-249.05158280879473
 51
-69.05158280879473
  0
ARC
  5
194
330
17
100
AcDbEntity
  8
SLOTS
100
AcDbCircle
 10
34.875
 20
5.697775806820913
 30
0.0
 40
0.125
100
AcDbArc
 50
-69.05158280879473
 51
110.94841719120527
  0
LINE
  5
195
330
17
100
AcDbEntity
  8
SLOTS
100
AcDbLine
 10
34.91969091393042
 20
4.777956436765939
 30
0.0
 11
32.874657824866425
 21
3.9950534690936297
 31
0.0
  0
LINE
  5
196
330
17
100
AcDbEntity
  8
SLOTS
100
AcDbLine
 10
32.78527599700559
 20
4.228529139878093
 30
0.0
 11
34.83030908606958
 21
5.011432107550402
 31
0.0
  0
ARC
  5
197
330
17
100
AcDbEntity
  8
SLOTS
100
AcDbCircle
 10
32.82996691093601
 20
4.111791304485862
 30
0.0
 40
0.125
100
AcDbArc
 50
-249.05158280879476
 51
-69.05158280879476
  0
ARC
  5
198
330
17
100
AcDbEntity
  8
SLOTS
100
AcDbCircle
 10
34.875
 20
4.89469427215817
 30
0.0
 40
0.125
100
AcDbArc
 50
-69.05158280879476
 51
110.94841719120524
  0
LINE
  5
199
330
17
100
AcDbEntity
  8
SLOTS
100
AcDbLine
 10
34.566202939331426
 20
1.2014253329190443
 30
0.0
 11
34.77608504416311
 21
1.4730692805138828
 31
0.0
  0
LINE
  5
19A
330
17
100
AcDbEntity
  8
SLOTS
100
AcDbLine
 10
34.97391495583689
 20
1.3202186146757942
 30
0.0
 11
34.764032851005204
 21
1.0485746670809557
 31
0.0
  0
ARC
  5
19B
330
17
100
AcDbEntity
  8
SLOTS
100
AcDbCircle
 10
34.875
 20
1.3966439475948385
 30
0.0
 40
0.125
100
AcDbArc
 50
-37.69099390436313
 51
142.30900609563687
  0
ARC
  5
19C
330
17
100
AcDbEntity
  8
SLOTS
100
AcDbCircle
 10
34.665117895168315
 20
1.125
 30
0.0
 40
0.125
100
AcDbArc
 50
142.30900609563687
 51
322.30900609563685
  0
LINE
  5
19D
330
17
100
AcDbEntity
  8
SLOTS
100
AcDbLine
 10
33.61841906573201
 20
1.2014253329190439
 30
0.0
 11
34.77608504416311
 21
2.6997567729885033
 31
0.0
  0
LINE
  5
19E
330
17
100
AcDbEntity
  8
SLOTS
100
AcDbLine
 10
34.97391495583689
 20
2.5469061071504155
 30
0.0
 11
33.81624897740579
 21
1.0485746670809561
 31
0.0
  0
ARC
  5
19F
330
17
100
AcDbEntity
  8
SLOTS
100
AcDbCircle
 10
34.875
 20
2.6233314400694594
 30
0.0
 40
0.125
100
AcDbArc
 50
-37.690993904362834
 51
142.30900609563716
  0
ARC
  5
1A0
330
17
100
AcDbEntity
  8
SLOTS
100
AcDbCircle
 10
33.7173340215689
 20
1.125
 30
0.0
 40
0.125
100
AcDbArc
 50
142.30900609563716
 51
322.3090060956372
  0
LINE
  5
1A1
330
17
100
AcDbEntity
  8
SLOTS
100
AcDbLine
 10
32.70838091573417
 20
1.2502784610700994
 30
0.0
 11
34.454805764886366
 21
3.510622384063807
 31
0.0
  0
LINE
  5
1A2
330
17
100
AcDbEntity
  8
SLOTS
100
AcDbLine
 10
34.652635676560145
 20
3.3577717182257194
 30
0.0
 11
32.906210827407946
 21
1.0974277952320117
 31
0.0
  0
ARC
  5
1A3
330
17
100
AcDbEntity
  8
SLOTS
100
AcDbCircle
 10
34.553720720723256
 20
3.4341970511447633
 30
0.0
 40
0.125
100
AcDbArc
 50
-37.69099390436289
 51
142.3090060956371
  0
ARC
  5
1A4
330
17
100
AcDbEntity
  8
SLOTS
100
AcDbCircle
 10
32.80729587157106
 20
1.1738531281510556
 30
0.0
 40
0.125
100
AcDbArc
 50
142.3090060956371
 51
322.30900609563713
  0
LINE
  5
1A5
330
17
100
AcDbEntity
  8
SLOTS
100
AcDbLine
 10
32.44570297743379
 20
2.1369899838773168
 30
0.0
 11
33.47492456128261
 21
3.4690797978741688
 31
0.0
  0
LINE
  5
1A6
330
17
100
AcDbEntity
  8
SLOTS
100
AcDbLine
 10
33.67275447295639
 20
3.31622913203608
 30
0.0
 11
32.64353288910757
 21
1.9841393180392284
 31
0.0
  0
ARC
  5
1A7
330
17
100
AcDbEntity
  8
SLOTS
100
AcDbCircle
 10
33.5738395171195
 20
3.3926544649551245
 30
0.0
 40
0.125
100
AcDbArc
 50
-37.69099390436306
 51
142.30900609563693
  0
ARC
  5
1A8
330
17
100
AcDbEntity
  8
SLOTS
100
AcDbCircle
 10
32.54461793327068
 20
2.0605646509582725
 30
0.0
 40
0.125
100
AcDbArc
 50
142.30900609563693
 51
322.30900609563696
  0
LINE
  5
1A9
330
17
100
AcDbEntity
  8
SLOTS
100
AcDbLine
 10
32.18302503913342
 20
3.023701506684533
 30
0.0
 11
32.49504335767885
 21
3.4275372116845295
 31
0.0
  0
LINE
  5
1AA
330
17
100
AcDbEntity
  8
SLOTS
100
AcDbLine
 10
32.69287326935263
 20
3.2746865458464427
 30
0.0
 11
32.3808549508072
 21
2.870850840846446
 31
0.0
  0
ARC
  5
1AB
330
17
100
AcDbEntity
  8
SLOTS
100
AcDbCircle
 10
32.59395831351574
 20
3.351111878765486
 30
0.0
 40
0.125
100
AcDbArc
 50
-37.69099390436271
 51
142.3090060956373
  0
ARC
  5
1AC
330
17
100
AcDbEntity
  8
SLOTS
100
AcDbCircle
 10
32.28193999497031
 20
2.9472761737654896
 30
0.0
 40
0.125
100
AcDbArc
 50
142.3090060956373
 51
322.3090060956373
  0
LINE
  5
1AD
330
17
100
AcDbEntity
  8
SLOTS
100
AcDbLine
 10
3.3136825054455894
 20
5.13569589247525
 30
0.0
 11
2.910869728053922
 21
5.295020361099583
 31
0.0
  0
LINE
  5
1AE
330
17
100
AcDbEntity
  8
SLOTS
100
AcDbLine
 10
3.0028208377426964
 20
5.527496152155347
 30
0.0
 11
3.405633615134364
 21
5.368171683531014
 31
0.0
  0
ARC
  5
1AF
330
17
100
AcDbEntity
  8
SLOTS
100
AcDbCircle
 10
2.956845282898309
 20
5.411258256627465
 30
0.0
 40
0.125
100
AcDbArc
 50
68.41972509291708
 51
248.41972509291708
  0
ARC
  5
1B0
330
17
100
AcDbEntity
  8
SLOTS
100
AcDbCircle
 10
3.3596580602899766
 20
5.251933788003132
 30
0.0
 40
0.125
100
AcDbArc
 50
248.41972509291708
 51
428.4197250929171
  0
LINE
  5
1B1
330
17
100
AcDbEntity
  8
SLOTS
100
AcDbLine
 10
3.302181054586633
 20
4.333709466345545
 30
0.0
 11
2.303112598658413
 21
4.728870841043757
 31
0.0
  0
LINE
  5
1B2
330
17
100
AcDbEntity
  8
SLOTS
100
AcDbLine
 10
2.3950637083471866
 20
4.961346632099521
 30
0.0
 11
3.3941321642754074
 21
4.566185257401309
 31
0.0
  0
ARC
  5
1B3
330
17
100
AcDbEntity
  8
SLOTS
100
AcDbCircle
 10
2.3490881535028
 20
4.845108736571639
 30
0.0
 40
0.125
100
AcDbArc
 50
68.4197250929171
 51
248.4197250929171
  0
ARC
  5
1B4
330
17
100
AcDbEntity
  8
SLOTS
100
AcDbCircle
 10
3.3481566094310202
 20
4.449947361873427
 30
0.0
 40
0.125
100
AcDbArc
 50
248.4197250929171
 51
428.41972509291713
  0
LINE
  5
1B5
330
17
100
AcDbEntity
  8
SLOTS
100
AcDbLine
 10
3.2906796037276766
 20
3.5317230402158395
 30
0.0
 11
1.6953554692629034
 21
4.162721320987931
 31
0.0
  0
LINE
  5
1B6
330
17
100
AcDbEntity
  8
SLOTS
100
AcDbLine
 10
1.7873065789516773
 20
4.395197112043695
 30
0.0
 11
3.382630713416451
 21
3.7641988312716035
 31
0.0
  0
ARC
  5
1B7
330
17
100
AcDbEntity
  8
SLOTS
100
AcDbCircle
 10
1.7413310241072903
 20
4.278959216515813
 30
0.0
 40
0.125
100
AcDbArc
 50
68.4197250929171
 51
248.4197250929171
  0
ARC
  5
1B8
330
17
100
AcDbEntity
  8
SLOTS
100
AcDbCircle
 10
3.336655158572064
 20
3.6479609357437215
 30
0.0
 40
0.125
100
AcDbArc
 50
248.4197250929171
 51
428.41972509291713
  0
LINE
  5
1B9
330
17
100
AcDbEntity
  8
SLOTS
100
AcDbLine
 10
3.2791781528687207
 20
2.729736614086134
 30
0.0
 11
1.0875983398673936
 21
3.596571800932104
 31
0.0
  0
LINE
  5
1BA
330
17
100
AcDbEntity
  8
SLOTS
100
AcDbLine
 10
1.1795494495561676
 20
3.829047591987868
 30
0.0
 11
3.3711292625574942
 21
2.962212405141898
 31
0.0
  0
ARC
  5
1BB
330
17
100
AcDbEntity
  8
SLOTS
100
AcDbCircle
 10
1.1335738947117806
 20
3.712809696459986
 30
0.0
 40
0.125
100
AcDbArc
 50
68.41972509291713
 51
248.41972509291713
  0
ARC
  5
1BC
330
17
100
AcDbEntity
  8
SLOTS
100
AcDbCircle
 10
3.3251537077131075
 20
2.845974509614016
 30
0.0
 40
0.125
100
AcDbArc
 50
248.41972509291713
 51
428.41972509291713
  0
LINE
  5
1BD
330
17
100
AcDbEntity
  8
SLOTS
100
AcDbLine
 10
3.2676767020097643
 20
1.927750187956429
 30
0.0
 11
1.4031965607178474
 21
2.665207697858397
 31
0.0
  0
LINE
  5
1BE
330
17
100
AcDbEntity
  8
SLOTS
100
AcDbLine
 10
1.4951476704066213
 20
2.897683488914161
 30
0.0
 11
3.359627811698538
 21
2.1602259790121927
 31
0.0
  0
ARC
  5
1BF
330
17
100
AcDbEntity
  8
SLOTS
100
AcDbCircle
 10
1.4491721155622344
 20
2.781445593386279
 30
0.0
 40
0.125
100
AcDbArc
 50
68.41972509291713
 51
248.41972509291713
  0
ARC
  5
1C0
330
17
100
AcDbEntity
  8
SLOTS
100
AcDbCircle
 10
3.313652256854151
 20
2.0439880834843107
 30
0.0
 40
0.125
100
AcDbArc
 50
248.41972509291713
 51
428.41972509291713
  0
LINE
  5
1C1
330
17
100
AcDbEntity
  8
SLOTS
100
AcDbLine
 10
3.2561752511508084
 20
1.1257637618267233
 30
0.0
 11
1.763774087834707
 21
1.7160529375061637
 31
0.0
  0
LINE
  5
1C2
330
17
100
AcDbEntity
  8
SLOTS
100
AcDbLine
 10
1.855725197523481
 20
1.9485287285619273
 30
0.0
 11
3.348126360839582
 21
1.3582395528824869
 31
0.0
  0
ARC
  5
1C3
330
17
100
AcDbEntity
  8
SLOTS
100
AcDbCircle
 10
1.809749642679094
 20
1.8322908330340455
 30
0.0
 40
0.125
100
AcDbArc
 50
68.41972509291713
 51
248.41972509291713
  0
ARC
  5
1C4
330
17
100
AcDbEntity
  8
SLOTS
100
AcDbCircle
 10
3.302150805995195
 20
1.242001657354605
 30
0.0
 40
0.125
100
AcDbArc
 50
248.41972509291713
 51
428.41972509291713
  0
LINE
  5
1C5
330
17
100
AcDbEntity
  8
SLOTS
100
AcDbLine
 10
4.923002104375634
 20
1.1904680660962983
 30
0.0
 11
5.826490684452029
 21
2.660000706789049
 31
0.0
  0
LINE
  5
1C6
330
17
100
AcDbEntity
  8
SLOTS
100
AcDbLine
 10
6.0394595302639065
 20
2.5290645745964526
 30
0.0
 11
5.135970950187511
 21
1.0595319339037017
 31
0.0
  0
ARC
  5
1C7
330
17
100
AcDbEntity
  8
SLOTS
100
AcDbCircle
 10
5.932975107357968
 20
2.594532640692751
 30
0.0
 40
0.125
100
AcDbArc
 50
-31.58376394000006
 51
148.41623605999993
  0
ARC
  5
1C8
330
17
100
AcDbEntity
  8
SLOTS
100
AcDbCircle
 10
5.0294865272815725
 20
1.125
 30
0.0
 40
0.125
100
AcDbArc
 50
148.41623605999993
 51
328.41623605999996
  0
LINE
  5
1C9
330
17
100
AcDbEntity
  8
SLOTS
100
AcDbLine
 10
4.042591642060287
 20
1.1904680660962983
 30
0.0
 11
5.990204134136724
 21
4.358278032532474
 31
0.0
  0
LINE
  5
1CA
330
17
100
AcDbEntity
  8
SLOTS
100
AcDbLine
 10
6.203172979948602
 20
4.227341900339877
 30
0.0
 11
4.255560487872165
 21
1.0595319339037017
 31
0.0
  0
ARC
  5
1CB
330
17
100
AcDbEntity
  8
SLOTS
100
AcDbCircle
 10
6.096688557042663
 20
4.292809966436176
 30
0.0
 40
0.125
100
AcDbArc
 50
-31.58376394000009
 51
148.4162360599999
  0
ARC
  5
1CC
330
17
100
AcDbEntity
  8
SLOTS
100
AcDbCircle
 10
4.149076064966226
 20
1.125
 30
0.0
 40
0.125
100
AcDbArc
 50
148.4162360599999
 51
328.4162360599999
  0
LINE
  5
1CD
330
17
100
AcDbEntity
  8
SLOTS
100
AcDbLine
 10
3.9627394654322754
 20
2.492583618564149
 30
0.0
 11
5.641570222484882
 21
5.223217574644831
 31
0.0
  0
LINE
  5
1CE
330
17
100
AcDbEntity
  8
SLOTS
100
AcDbLine
 10
5.854539068296759
 20
5.092281442452235
 30
0.0
 11
4.175708311244152
 21
2.3616474863715524
 31
0.0
  0
ARC
  5
1CF
330
17
100
AcDbEntity
  8
SLOTS
100
AcDbCircle
 10
5.748054645390821
 20
5.157749508548533
 30
0.0
 40
0.125
100
AcDbArc
 50
-31.58376394000009
 51
148.4162360599999
  0
ARC
  5
1D0
330
17
100
AcDbEntity
  8
SLOTS
100
AcDbCircle
 10
4.069223888338214
 20
2.4271155524678507
 30
0.0
 40
0.125
100
AcDbArc
 50
148.4162360599999
 51
328.4162360599999
  0
LINE
  5
1D1
330
17
100
AcDbEntity
  8
SLOTS
100
AcDbLine
 10
3.9837664886220696
 20
3.9587801347191065
 30
0.0
 11
5.29293631083304
 21
6.088157116757189
 31
0.0
  0
LINE
  5
1D2
330
17
100
AcDbEntity
  8
SLOTS
100
AcDbLine
 10
5.505905156644918
 20
5.957220984564592
 30
0.0
 11
4.196735334433947
 21
3.82784400252651
 31
0.0
  0
ARC
  5
1D3
330
17
100
AcDbEntity
  8
SLOTS
100
AcDbCircle
 10
5.399420733738979
 20
6.02268905066089
 30
0.0
 40
0.125
100
AcDbArc
 50
-31.583763940000075
 51
148.41623605999993
  0
ARC
  5
1D4
330
17
100
AcDbEntity
  8
SLOTS
100
AcDbCircle
 10
4.090250911528008
 20
3.893312068622808
 30
0.0
 40
0.125
100
AcDbArc
 50
148.41623605999993
 51
328.4162360599999
  0
LINE
  5
1D5
330
17
100
AcDbEntity
  8
SLOTS
100
AcDbLine
 10
4.004793511811863
 20
5.424976650874065
 30
0.0
 11
4.944302399181199
 21
6.953096658869546
 31
0.0
  0
LINE
  5
1D6
330
17
100
AcDbEntity
  8
SLOTS
100
AcDbLine
 10
5.157271244993076
 20
6.822160526676949
 30
0.0
 11
4.217762357623741
 21
5.294040518681468
 31
0.0
  0
ARC
  5
1D7
330
17
100
AcDbEntity
  8
SLOTS
100
AcDbCircle
 10
5.0507868220871375
 20
6.887628592773248
 30
0.0
 40
0.125
100
AcDbArc
 50
-31.583763940000075
 51
148.41623605999993
  0
ARC
  5
1D8
330
17
100
AcDbEntity
  8
SLOTS
100
AcDbCircle
 10
4.111277934717802
 20
5.359508584777767
 30
0.0
 40
0.125
100
AcDbArc
 50
148.41623605999993
 51
328.4162360599999
  0
LINE
  5
1D9
330
17
100
AcDbEntity
  8
SLOTS
100
AcDbLine
 10
1.194627076516546
 20
5.722100851565612
 30
0.0
 11
1.7491443957858472
 21
5.350186515457757
 31
0.0
  0
LINE
  5
1DA
330
17
100
AcDbEntity
  8
SLOTS
100
AcDbLine
 10
1.609890242752755
 20
5.142561177738498
 30
0.0
 11
1.055372923483454
 21
5.514475513846353
 31
0.0
  0
ARC
  5
1DB
330
17
100
AcDbEntity
  8
SLOTS
100
AcDbCircle
 10
1.6795173192693011
 20
5.246373846598128
 30
0.0
 40
0.125
100
AcDbArc
 50
-123.8497266494439
 51
56.150273350556105
  0
ARC
  5
1DC
330
17
100
AcDbEntity
  8
SLOTS
100
AcDbCircle
 10
1.125
 20
5.6182881827059825
 30
0.0
 40
0.125
100
AcDbArc
 50
56.150273350556105
 51
236.15027335055612
  0
LINE
  5
1DD
330
17
100
AcDbEntity
  8
SLOTS
100
AcDbLine
 10
1.194627076516546
 20
6.625169822143419
 30
0.0
 11
2.3127740164678356
 21
5.875229536435131
 31
0.0
  0
LINE
  5
1DE
330
17
100
AcDbEntity
  8
SLOTS
100
AcDbLine
 10
2.1735198634347435
 20
5.667604198715872
 30
0.0
 11
1.055372923483454
 21
6.41754448442416
 31
0.0
  0
ARC
  5
1DF
330
17
100
AcDbEntity
  8
SLOTS
100
AcDbCircle
 10
2.2431469399512896
 20
5.7714168675755015
 30
0.0
 40
0.125
100
AcDbArc
 50
-123.84972664944392
 51
56.15027335055608
  0
ARC
  5
1E0
330
17
100
AcDbEntity
  8
SLOTS
100
AcDbCircle
 10
1.125
 20
6.521357153283789
 30
0.0
 40
0.125
100
AcDbArc
 50
56.15027335055608
 51
236.15027335055606
  0
LINE
  5
1E1
330
17
100
AcDbEntity
  8
SLOTS
100
AcDbLine
 10
1.194627076516546
 20
7.528238792721223
 30
0.0
 11
2.8764036371498225
 21
6.400272557412504
 31
0.0
  0
LINE
  5
1E2
330
17
100
AcDbEntity
  8
SLOTS
100
AcDbLine
 10
2.7371494841167303
 20
6.192647219693245
 30
0.0
 11
1.055372923483454
 21
7.320613455001964
 31
0.0
  0
ARC
  5
1E3
330
17
100
AcDbEntity
  8
SLOTS
100
AcDbCircle
 10
2.8067765606332764
 20
6.296459888552874
 30
0.0
 40
0.125
100
AcDbArc
 50
-123.84972664944391
 51
56.150273350556084
  0
ARC
  5
1E4
330
17
100
AcDbEntity
  8
SLOTS
100
AcDbCircle
 10
1.125
 20
7.424426123861593
 30
0.0
 40
0.125
100
AcDbArc
 50
56.150273350556084
 51
236.1502733505561
  0
LINE
  5
1E5
330
17
100
AcDbEntity
  8
SLOTS
100
AcDbLine
 10
1.194627076516546
 20
8.431307763299026
 30
0.0
 11
3.4400332578318094
 21
6.925315578389878
 31
0.0
  0
LINE
  5
1E6
330
17
100
AcDbEntity
  8
SLOTS
100
AcDbLine
 10
3.300779104798717
 20
6.717690240670619
 30
0.0
 11
1.055372923483454
 21
8.223682425579769
 31
0.0
  0
ARC
  5
1E7
330
17
100
AcDbEntity
  8
SLOTS
100
AcDbCircle
 10
3.3704061813152633
 20
6.821502909530248
 30
0.0
 40
0.125
100
AcDbArc
 50
-123.84972664944388
 51
56.15027335055611
  0
ARC
  5
1E8
330
17
100
AcDbEntity
  8
SLOTS
100
AcDbCircle
 10
1.125
 20
8.327495094439398
 30
0.0
 40
0.125
100
AcDbArc
 50
56.15027335055611
 51
236.15027335055612
  0
LINE
  5
1E9
330
17
100
AcDbEntity
  8
SLOTS
100
AcDbLine
 10
1.194627076516546
 20
9.334376733876832
 30
0.0
 11
3.8853758008182226
 21
7.529693650667827
 31
0.0
  0
LINE
  5
1EA
330
17
100
AcDbEntity
  8
SLOTS
100
AcDbLine
 10
3.7461216477851305
 20
7.322068312948568
 30
0.0
 11
1.055372923483454
 21
9.126751396157575
 31
0.0
  0
ARC
  5
1EB
330
17
100
AcDbEntity
  8
SLOTS
100
AcDbCircle
 10
3.8157487243016766
 20
7.425880981808198
 30
0.0
 40
0.125
100
AcDbArc
 50
-123.8497266494439
 51
56.150273350556105
  0
ARC
  5
1EC
330
17
100
AcDbEntity
  8
SLOTS
100
AcDbCircle
 10
1.125
 20
9.230564065017203
 30
0.0
 40
0.125
100
AcDbArc
 50
56.150273350556105
 51
236.15027335055612
  0
LINE
  5
1ED
330
17
100
AcDbEntity
  8
SLOTS
100
AcDbLine
 10
1.194627076516546
 20
10.237445704454636
 30
0.0
 11
4.305857028296287
 21
8.150746187981852
 31
0.0
  0
LINE
  5
1EE
330
17
100
AcDbEntity
  8
SLOTS
100
AcDbLine
 10
4.166602875263195
 20
7.943120850262594
 30
0.0
 11
1.055372923483454
 21
10.029820366735379
 31
0.0
  0
ARC
  5
1EF
330
17
100
AcDbEntity
  8
SLOTS
100
AcDbCircle
 10
4.236229951779741
 20
8.046933519122224
 30
0.0
 40
0.125
100
AcDbArc
 50
-123.8497266494439
 51
56.150273350556105
  0
ARC
  5
1F0
330
17
100
AcDbEntity
  8
SLOTS
100
AcDbCircle
 10
1.125
 20
10.133633035595007
 30
0.0
 40
0.125
100
AcDbArc
 50
56.150273350556105
 51
236.15027335055612
  0
LINE
  5
1F1
330
17
100
AcDbEntity
  8
SLOTS
100
AcDbLine
 10
2.081622496346545
 20
10.545607534654069
 30
0.0
 11
4.651665901859333
 21
8.821881415172022
 31
0.0
  0
LINE
  5
1F2
330
17
100
AcDbEntity
  8
SLOTS
100
AcDbLine
 10
4.512411748826242
 20
8.614256077452765
 30
0.0
 11
1.9423683433134529
 21
10.337982196934812
 31
0.0
  0
ARC
  5
1F3
330
17
100
AcDbEntity
  8
SLOTS
100
AcDbCircle
 10
4.582038825342788
 20
8.718068746312394
 30
0.0
 40
0.125
100
AcDbArc
 50
-123.84972664944391
 51
56.150273350556084
  0
ARC
  5
1F4
330
17
100
AcDbEntity
  8
SLOTS
100
AcDbCircle
 10
2.011995419829999
 20
10.44179486579444
 30
0.0
 40
0.125
100
AcDbArc
 50
56.150273350556084
 51
236.1502733505561
  0
LINE
  5
1F5
330
17
100
AcDbEntity
  8
SLOTS
100
AcDbLine
 10
3.6012439591896603
 20
10.429467568289597
 30
0.0
 11
4.831037419482914
 21
9.604646047949272
 31
0.0
  0
LINE
  5
1F6
330
17
100
AcDbEntity
  8
SLOTS
100
AcDbLine
 10
4.691783266449823
 20
9.397020710230015
 30
0.0
 11
3.461989806156568
 21
10.22184223057034
 31
0.0
  0
ARC
  5
1F7
330
17
100
AcDbEntity
  8
SLOTS
100
AcDbCircle
 10
4.761410342966369
 20
9.500833379089643
 30
0.0
 40
0.125
100
AcDbArc
 50
-123.84972664944388
 51
56.15027335055613
  0
ARC
  5
1F8
330
17
100
AcDbEntity
  8
SLOTS
100
AcDbCircle
 10
3.5316168826731142
 20
10.325654899429969
 30
0.0
 40
0.125
100
AcDbArc
 50
56.15027335055613
 51
236.15027335055612
  0
LINE
  5
1F9
330
17
100
AcDbEntity
  8
SLOTS
100
AcDbLine
 10
1.2384948266514806
 20
1.4191681858600644
 30
0.0
 11
1.3500887686696474
 21
1.1773824810728777
 31
0.0
  0
LINE
  5
1FA
330
17
100
AcDbEntity
  8
SLOTS
100
AcDbLine
 10
1.1230991153666863
 20
1.0726175189271223
 30
0.0
 11
1.0115051733485194
 21
1.314403223714309
 31
0.0
  0
ARC
  5
1FB
330
17
100
AcDbEntity
  8
SLOTS
100
AcDbCircle
 10
1.2365939420181669
 20
1.125
 30
0.0
 40
0.125
100
AcDbArc
 50
-155.22475397685105
 51
24.775246023148952
  0
ARC
  5
1FC
330
17
100
AcDbEntity
  8
SLOTS
100
AcDbCircle
 10
1.125
 20
1.3667857047871868
 30
0.0
 40
0.125
100
AcDbArc
 50
24.775246023148952
 51
204.77524602314895
  0
LINE
  5
1FD
330
17
100
AcDbEntity
  8
SLOTS
100
AcDbLine
 10
6.243915158832106
 20
9.439918613859104
 30
0.0
 11
5.573013192349357
 21
7.836045842689617
 31
0.0
  0
LINE
  5
1FE
330
17
100
AcDbEntity
  8
SLOTS
100
AcDbLine
 10
5.342378027652536
 20
7.93252081771045
 30
0.0
 11
6.013279994135285
 21
9.536393588879937
 31
0.0
  0
ARC
  5
1FF
330
17
100
AcDbEntity
  8
SLOTS
100
AcDbCircle
 10
5.457695610000947
 20
7.8842833302000335
 30
0.0
 40
0.125
100
AcDbArc
 50
-202.699618526325
 51
-22.699618526324997
  0
ARC
  5
200
330
17
100
AcDbEntity
  8
SLOTS
100
AcDbCircle
 10
6.1285975764836955
 20
9.48815610136952
 30
0.0
 40
0.125
100
AcDbArc
 50
-22.699618526324997
 51
157.300381473675
  0
LINE
  5
201
330
17
100
AcDbEntity
  8
SLOTS
100
AcDbLine
 10
6.841839938775473
 20
8.925821358164132
 30
0.0
 11
5.971963187265965
 21
6.846275156602445
 31
0.0
  0
LINE
  5
202
330
17
100
AcDbEntity
  8
SLOTS
100
AcDbLine
 10
5.741328022569144
 20
6.942750131623278
 30
0.0
 11
6.611204774078652
 21
9.022296333184965
 31
0.0
  0
ARC
  5
203
330
17
100
AcDbEntity
  8
SLOTS
100
AcDbCircle
 10
5.856645604917555
 20
6.8945126441128615
 30
0.0
 40
0.125
100
AcDbArc
 50
-202.69961852632497
 51
-22.699618526324983
  0
ARC
  5
204
330
17
100
AcDbEntity
  8
SLOTS
100
AcDbCircle
 10
6.726522356427062
 20
8.974058845674548
 30
0.0
 40
0.125
100
AcDbArc
 50
-22.699618526324983
 51
157.30038147367503
  0
LINE
  5
205
330
17
100
AcDbEntity
  8
SLOTS
100
AcDbLine
 10
7.43976471871884
 20
8.41172410246916
 30
0.0
 11
6.370913182182573
 21
5.856504470515273
 31
0.0
  0
LINE
  5
206
330
17
100
AcDbEntity
  8
SLOTS
100
AcDbLine
 10
6.140278017485752
 20
5.952979445536106
 30
0.0
 11
7.209129554022019
 21
8.508199077489992
 31
0.0
  0
ARC
  5
207
330
17
100
AcDbEntity
  8
SLOTS
100
AcDbCircle
 10
6.255595599834162
 20
5.9047419580256895
 30
0.0
 40
0.125
100
AcDbArc
 50
-202.699618526325
 51
-22.699618526324997
  0
ARC
  5
208
330
17
100
AcDbEntity
  8
SLOTS
100
AcDbCircle
 10
7.32444713637043
 20
8.459961589979576
 30
0.0
 40
0.125
100
AcDbArc
 50
-22.699618526324997
 51
157.300381473675
  0
LINE
  5
209
330
17
100
AcDbEntity
  8
SLOTS
100
AcDbLine
 10
8.037689498662207
 20
7.8976268467741875
 30
0.0
 11
6.769863177099181
 21
4.8667337844281
 31
0.0
  0
LINE
  5
20A
330
17
100
AcDbEntity
  8
SLOTS
100
AcDbLine
 10
6.53922801240236
 20
4.963208759448933
 30
0.0
 11
7.807054333965387
 21
7.99410182179502
 31
0.0
  0
ARC
  5
20B
330
17
100
AcDbEntity
  8
SLOTS
100
AcDbCircle
 10
6.65454559475077
 20
4.914971271938517
 30
0.0
 40
0.125
100
AcDbArc
 50
-202.699618526325
 51
-22.699618526324997
  0
ARC
  5
20C
330
17
100
AcDbEntity
  8
SLOTS
100
AcDbCircle
 10
7.922371916313797
 20
7.945864334284604
 30
0.0
 40
0.125
100
AcDbArc
 50
-22.699618526324997
 51
157.300381473675
  0
LINE
  5
20D
330
17
100
AcDbEntity
  8
SLOTS
100
AcDbLine
 10
8.635614278605575
 20
7.383529591079214
 30
0.0
 11
7.212711800889429
 21
3.9819081112631967
 31
0.0
  0
LINE
  5
20E
330
17
100
AcDbEntity
  8
SLOTS
100
AcDbLine
 10
6.982076636192608
 20
4.078383086284029
 30
0.0
 11
8.404979113908754
 21
7.480004566100047
 31
0.0
  0
ARC
  5
20F
330
17
100
AcDbEntity
  8
SLOTS
100
AcDbCircle
 10
7.097394218541019
 20
4.030145598773613
 30
0.0
 40
0.125
100
AcDbArc
 50
-202.699618526325
 51
-22.699618526324997
  0
ARC
  5
210
330
17
100
AcDbEntity
  8
SLOTS
100
AcDbCircle
 10
8.520296696257164
 20
7.431767078589631
 30
0.0
 40
0.125
100
AcDbArc
 50
-22.699618526324997
 51
157.300381473675
  0
LINE
  5
211
330
17
100
AcDbEntity
  8
SLOTS
100
AcDbLine
 10
9.233539058548942
 20
6.869432335384242
 30
0.0
 11
7.748012318069568
 21
3.3180999367180726
 31
0.0
  0
LINE
  5
212
330
17
100
AcDbEntity
  8
SLOTS
100
AcDbLine
 10
7.517377153372747
 20
3.4145749117389053
 30
0.0
 11
9.002903893852121
 21
6.965907310405075
 31
0.0
  0
ARC
  5
213
330
17
100
AcDbEntity
  8
SLOTS
100
AcDbCircle
 10
7.632694735721158
 20
3.366337424228489
 30
0.0
 40
0.125
100
AcDbArc
 50
-202.699618526325
 51
-22.699618526324997
  0
ARC
  5
214
330
17
100
AcDbEntity
  8
SLOTS
100
AcDbCircle
 10
9.118221476200532
 20
6.917669822894658
 30
0.0
 40
0.125
100
AcDbArc
 50
-22.699618526324997
 51
157.300381473675
  0
LINE
  5
215
330
17
100
AcDbEntity
  8
SLOTS
100
AcDbLine
 10
9.83146383849231
 20
6.35533507968927
 30
0.0
 11
8.283312835249706
 21
2.654291762172948
 31
0.0
  0
LINE
  5
216
330
17
100
AcDbEntity
  8
SLOTS
100
AcDbLine
 10
8.052677670552885
 20
2.7507667371937807
 30
0.0
 11
9.600828673795489
 21
6.451810054710102
 31
0.0
  0
ARC
  5
217
330
17
100
AcDbEntity
  8
SLOTS
100
AcDbCircle
 10
8.167995252901296
 20
2.7025292496833644
 30
0.0
 40
0.125
100
AcDbArc
 50
-202.699618526325
 51
-22.699618526324997
  0
ARC
  5
218
330
17
100
AcDbEntity
  8
SLOTS
100
AcDbCircle
 10
9.7161462561439
 20
6.403572567199686
 30
0.0
 40
0.125
100
AcDbArc
 50
-22.699618526324997
 51
157.300381473675
  0
LINE
  5
219
330
17
100
AcDbEntity
  8
SLOTS
100
AcDbLine
 10
10.324751385706076
 20
5.591089789244352
 30
0.0
 11
8.818613352429844
 21
1.990483587627824
 31
0.0
  0
LINE
  5
21A
330
17
100
AcDbEntity
  8
SLOTS
100
AcDbLine
 10
8.587978187733023
 20
2.0869585626486566
 30
0.0
 11
10.094116221009255
 21
5.6875647642651845
 31
0.0
  0
ARC
  5
21B
330
17
100
AcDbEntity
  8
SLOTS
100
AcDbCircle
 10
8.703295770081434
 20
2.0387210751382403
 30
0.0
 40
0.125
100
AcDbArc
 50
-202.69961852632503
 51
-22.699618526325025
  0
ARC
  5
21C
330
17
100
AcDbEntity
  8
SLOTS
100
AcDbCircle
 10
10.209433803357665
 20
5.639327276754768
 30
0.0
 40
0.125
100
AcDbArc
 50
-22.699618526325025
 51
157.30038147367497
  0
LINE
  5
21D
330
17
100
AcDbEntity
  8
SLOTS
100
AcDbLine
 10
10.745747160526397
 20
4.654022222052677
 30
0.0
 11
9.353913869609983
 21
1.3266754130826992
 31
0.0
  0
LINE
  5
21E
330
17
100
AcDbEntity
  8
SLOTS
100
AcDbLine
 10
9.123278704913162
 20
1.423150388103532
 30
0.0
 11
10.515111995829576
 21
4.75049719707351
 31
0.0
  0
ARC
  5
21F
330
17
100
AcDbEntity
  8
SLOTS
100
AcDbCircle
 10
9.238596287261572
 20
1.3749129005931156
 30
0.0
 40
0.125
100
AcDbArc
 50
-202.699618526325
 51
-22.699618526324997
  0
ARC
  5
220
330
17
100
AcDbEntity
  8
SLOTS
100
AcDbCircle
 10
10.630429578177987
 20
4.702259709563093
 30
0.0
 40
0.125
100
AcDbArc
 50
-22.699618526324997
 51
157.300381473675
  0
LINE
  5
221
330
17
100
AcDbEntity
  8
SLOTS
100
AcDbLine
 10
11.16674293534672
 20
3.716954654861002
 30
0.0
 11
10.062347292469319
 21
1.0767625124895837
 31
0.0
  0
LINE
  5
222
330
17
100
AcDbEntity
  8
SLOTS
100
AcDbLine
 10
9.831712127772498
 20
1.1732374875104163
 30
0.0
 11
10.9361077706499
 21
3.813429629881835
 31
0.0
  0
ARC
  5
223
330
17
100
AcDbEntity
  8
SLOTS
100
AcDbCircle
 10
9.947029710120908
 20
1.125
 30
0.0
 40
0.125
100
AcDbArc
 50
-202.69961852632497
 51
-22.699618526324983
  0
ARC
  5
224
330
17
100
AcDbEntity
  8
SLOTS
100
AcDbCircle
 10
11.05142535299831
 20
3.7651921423714185
 30
0.0
 40
0.125
100
AcDbArc
 50
-22.699618526324983
 51
157.30038147367503
  0
LINE
  5
225
330
17
100
AcDbEntity
  8
SLOTS
100
AcDbLine
 10
10.980959910076153
 20
1.3293085468271832
 30
0.0
 11
10.875319591149253
 21
1.0767625124895837
 31
0.0
  0
LINE
  5
226
330
17
100
AcDbEntity
  8
SLOTS
100
AcDbLine
 10
10.644684426452432
 20
1.1732374875104163
 30
0.0
 11
10.750324745379332
 21
1.425783521848016
 31
0.0
  0
ARC
  5
227
330
17
100
AcDbEntity
  8
SLOTS
100
AcDbCircle
 10
10.760002008800843
 20
1.125
 30
0.0
 40
0.125
100
AcDbArc
 50
-202.69961852632508
 51
-22.699618526325068
  0
ARC
  5
228
330
17
100
AcDbEntity
  8
SLOTS
100
AcDbCircle
 10
10.865642327727743
 20
1.3775460343375996
 30
0.0
 40
0.125
100
AcDbArc
 50
-22.699618526325068
 51
157.30038147367492
  0
LINE
  5
229
330
17
100
AcDbEntity
  8
SLOTS
100
AcDbLine
 10
7.545331256837717
 20
1.0600231053881428
 30
0.0
 11
6.604957482706542
 21
2.605459656493359
 31
0.0
  0
LINE
  5
22A
330
17
100
AcDbEntity
  8
SLOTS
100
AcDbLine
 10
6.8185271731272525
 20
2.7354134457170733
 30
0.0
 11
7.758900947258428
 21
1.1899768946118572
 31
0.0
  0
ARC
  5
22B
330
17
100
AcDbEntity
  8
SLOTS
100
AcDbCircle
 10
6.711742327916897
 20
2.670436551105216
 30
0.0
 40
0.125
100
AcDbArc
 50
31.319853405036355
 51
211.31985340503635
  0
ARC
  5
22C
330
17
100
AcDbEntity
  8
SLOTS
100
AcDbCircle
 10
7.652116102048073
 20
1.125
 30
0.0
 40
0.125
100
AcDbArc
 50
211.31985340503635
 51
391.3198534050364
  0
LINE
  5
22D
330
17
100
AcDbEntity
  8
SLOTS
100
AcDbLine
 10
6.66739769037216
 20
1.0600231053881428
 30
0.0
 11
6.3924951657754985
 21
1.511805599955582
 31
0.0
  0
LINE
  5
22E
330
17
100
AcDbEntity
  8
SLOTS
100
AcDbLine
 10
6.606064856196209
 20
1.6417593891792963
 30
0.0
 11
6.88096738079287
 21
1.1899768946118572
 31
0.0
  0
ARC
  5
22F
330
17
100
AcDbEntity
  8
SLOTS
100
AcDbCircle
 10
6.499280010985854
 20
1.5767824945674391
 30
0.0
 40
0.125
100
AcDbArc
 50
31.319853405036397
 51
211.31985340503638
  0
ARC
  5
230
330
17
100
AcDbEntity
  8
SLOTS
100
AcDbCircle
 10
6.774182535582515
 20
1.125
 30
0.0
 40
0.125
100
AcDbArc
 50
211.31985340503638
 51
391.3198534050364
  0
LINE
  5
231
330
17
100
AcDbEntity
  8
SLOTS
100
AcDbLine
 10
17.960298382630288
 20
2.4910472057080604
 30
0.0
 11
17.49081936557097
 21
2.8117708576224616
 31
0.0
  0
LINE
  5
232
330
17
100
AcDbEntity
  8
SLOTS
100
AcDbLine
 10
17.631840910634757
 20
3.0181998377289934
 30
0.0
 11
18.101319927694075
 21
2.697476185814592
 31
0.0
  0
ARC
  5
233
330
17
100
AcDbEntity
  8
SLOTS
100
AcDbCircle
 10
17.561330138102864
 20
2.9149853476757275
 30
0.0
 40
0.125
100
AcDbArc
 50
55.661141926313775
 51
235.66114192631377
  0
ARC
  5
234
330
17
100
AcDbEntity
  8
SLOTS
100
AcDbCircle
 10
18.03080915516218
 20
2.5942616957613263
 30
0.0
 40
0.125
100
AcDbArc
 50
235.66114192631377
 51
415.6611419263138
  0
LINE
  5
235
330
17
100
AcDbEntity
  8
SLOTS
100
AcDbLine
 10
18.05299434407498
 20
1.519419444913067
 30
0.0
 11
16.09741815834497
 21
2.8553674065765398
 31
0.0
  0
LINE
  5
236
330
17
100
AcDbEntity
  8
SLOTS
100
AcDbLine
 10
16.238439703408755
 20
3.0617963866830715
 30
0.0
 11
18.194015889138765
 21
1.7258484250195982
 31
0.0
  0
ARC
  5
237
330
17
100
AcDbEntity
  8
SLOTS
100
AcDbCircle
 10
16.16792893087686
 20
2.9585818966298056
 30
0.0
 40
0.125
100
AcDbArc
 50
55.66114192631372
 51
235.66114192631372
  0
ARC
  5
238
330
17
100
AcDbEntity
  8
SLOTS
100
AcDbCircle
 10
18.12350511660687
 20
1.6226339349663326
 30
0.0
 40
0.125
100
AcDbArc
 50
235.66114192631372
 51
415.6611419263137
  0
LINE
  5
239
330
17
100
AcDbEntity
  8
SLOTS
100
AcDbLine
 10
17.436987352179546
 20
1.0319406898425347
 30
0.0
 11
14.704016951118968
 21
2.8989639555306175
 31
0.0
  0
LINE
  5
23A
330
17
100
AcDbEntity
  8
SLOTS
100
AcDbLine
 10
14.845038496182754
 20
3.1053929356371492
 30
0.0
 11
17.578008897243333
 21
1.238369669949066
 31
0.0
  0
ARC
  5
23B
330
17
100
AcDbEntity
  8
SLOTS
100
AcDbCircle
 10
14.774527723650861
 20
3.0021784455838834
 30
0.0
 40
0.125
100
AcDbArc
 50
55.66114192631369
 51
235.6611419263137
  0
ARC
  5
23C
330
17
100
AcDbEntity
  8
SLOTS
100
AcDbCircle
 10
17.50749812471144
 20
1.1351551798958004
 30
0.0
 40
0.125
100
AcDbArc
 50
235.6611419263137
 51
415.6611419263137
  0
LINE
  5
23D
330
17
100
AcDbEntity
  8
SLOTS
100
AcDbLine
 10
16.122268551676747
 20
1.0217855099467343
 30
0.0
 11
13.310615743892965
 21
2.942560504484696
 31
0.0
  0
LINE
  5
23E
330
17
100
AcDbEntity
  8
SLOTS
100
AcDbLine
 10
13.451637288956752
 20
3.148989484591227
 30
0.0
 11
16.263290096740533
 21
1.2282144900532657
 31
0.0
  0
ARC
  5
23F
330
17
100
AcDbEntity
  8
SLOTS
100
AcDbCircle
 10
13.381126516424859
 20
3.0457749945379615
 30
0.0
 40
0.125
100
AcDbArc
 50
55.66114192631369
 51
235.6611419263137
  0
ARC
  5
240
330
17
100
AcDbEntity
  8
SLOTS
100
AcDbCircle
 10
16.19277932420864
 20
1.125
 30
0.0
 40
0.125
100
AcDbArc
 50
235.6611419263137
 51
415.6611419263137
  0
LINE
  5
241
330
17
100
AcDbEntity
  8
SLOTS
100
AcDbLine
 10
14.79268448056767
 20
1.0217855099467343
 30
0.0
 11
11.917214536666963
 21
2.986157053438774
 31
0.0
  0
LINE
  5
242
330
17
100
AcDbEntity
  8
SLOTS
100
AcDbLine
 10
12.05823608173075
 20
3.1925860335453047
 30
0.0
 11
14.933706025631457
 21
1.2282144900532657
 31
0.0
  0
ARC
  5
243
330
17
100
AcDbEntity
  8
SLOTS
100
AcDbCircle
 10
11.987725309198856
 20
3.0893715434920392
 30
0.0
 40
0.125
100
AcDbArc
 50
55.66114192631369
 51
235.6611419263137
  0
ARC
  5
244
330
17
100
AcDbEntity
  8
SLOTS
100
AcDbCircle
 10
14.863195253099564
 20
1.125
 30
0.0
 40
0.125
100
AcDbArc
 50
235.6611419263137
 51
415.6611419263137
  0
LINE
  5
245
330
17
100
AcDbEntity
  8
SLOTS
100
AcDbLine
 10
13.463100409458596
 20
1.0217855099467343
 30
0.0
 11
11.71105509733904
 21
2.2186917622052786
 31
0.0
  0
LINE
  5
246
330
17
100
AcDbEntity
  8
SLOTS
100
AcDbLine
 10
11.852076642402826
 20
2.4251207423118104
 30
0.0
 11
13.604121954522382
 21
1.2282144900532657
 31
0.0
  0
ARC
  5
247
330
17
100
AcDbEntity
  8
SLOTS
100
AcDbCircle
 10
11.781565869870933
 20
2.3219062522585445
 30
0.0
 40
0.125
100
AcDbArc
 50
55.66114192631369
 51
235.6611419263137
  0
ARC
  5
248
330
17
100
AcDbEntity
  8
SLOTS
100
AcDbCircle
 10
13.533611181990489
 20
1.125
 30
0.0
 40
0.125
100
AcDbArc
 50
235.6611419263137
 51
415.6611419263137
  0
LINE
  5
249
330
17
100
AcDbEntity
  8
SLOTS
100
AcDbLine
 10
12.13351633834952
 20
1.0217855099467343
 30
0.0
 11
11.576392358275015
 21
1.402383643123803
 31
0.0
  0
LINE
  5
24A
330
17
100
AcDbEntity
  8
SLOTS
100
AcDbLine
 10
11.717413903338802
 20
1.6088126232303344
 30
0.0
 11
12.274537883413306
 21
1.2282144900532657
 31
0.0
  0
ARC
  5
24B
330
17
100
AcDbEntity
  8
SLOTS
100
AcDbCircle
 10
11.646903130806908
 20
1.5055981331770687
 30
0.0
 40
0.125
100
AcDbArc
 50
55.661141926313746
 51
235.66114192631375
  0
ARC
  5
24C
330
17
100
AcDbEntity
  8
SLOTS
100
AcDbCircle
 10
12.204027110881412
 20
1.125
 30
0.0
 40
0.125
100
AcDbArc
 50
235.66114192631375
 51
415.66114192631375
  0
LINE
  5
24D
330
17
100
AcDbEntity
  8
SLOTS
100
AcDbLine
 10
18.78006565723935
 20
17.470138875202014
 30
0.0
 11
19.08770729722426
 21
17.001178986781905
 31
0.0
  0
LINE
  5
24E
330
17
100
AcDbEntity
  8
SLOTS
100
AcDbLine
 10
18.878672159510554
 20
16.864050174342605
 30
0.0
 11
18.571030519525646
 21
17.333010062762714
 31
0.0
  0
ARC
  5
24F
330
17
100
AcDbEntity
  8
SLOTS
100
AcDbCircle
 10
18.983189728367407
 20
16.932614580562255
 30
0.0
 40
0.125
100
AcDbArc
 50
-146.73478758747765
 51
33.265212412522345
  0
ARC
  5
250
330
17
100
AcDbEntity
  8
SLOTS
100
AcDbCircle
 10
18.6755480883825
 20
17.401574468982364
 30
0.0
 40
0.125
100
AcDbArc
 50
33.265212412522345
 51
213.26521241252235
  0
LINE
  5
251
330
17
100
AcDbEntity
  8
SLOTS
100
AcDbLine
 10
19.076535050788802
 20
18.385537158455275
 30
0.0
 11
20.55421702682912
 21
16.13300211593544
 31
0.0
  0
LINE
  5
252
330
17
100
AcDbEntity
  8
SLOTS
100
AcDbLine
 10
20.345181889115416
 20
15.995873303496142
 30
0.0
 11
18.867499913075097
 21
18.248408346015975
 31
0.0
  0
ARC
  5
253
330
17
100
AcDbEntity
  8
SLOTS
100
AcDbCircle
 10
20.44969945797227
 20
16.06443770971579
 30
0.0
 40
0.125
100
AcDbArc
 50
-146.73478758747774
 51
33.26521241252227
  0
ARC
  5
254
330
17
100
AcDbEntity
  8
SLOTS
100
AcDbCircle
 10
18.97201748193195
 20
18.316972752235625
 30
0.0
 40
0.125
100
AcDbArc
 50
33.26521241252227
 51
213.26521241252226
  0
LINE
  5
255
330
17
100
AcDbEntity
  8
SLOTS
100
AcDbLine
 10
19.373004444338253
 20
19.300935441708535
 30
0.0
 11
21.37876976090209
 21
16.243405651206672
 31
0.0
  0
LINE
  5
256
330
17
100
AcDbEntity
  8
SLOTS
100
AcDbLine
 10
21.169734623188386
 20
16.10627683876737
 30
0.0
 11
19.163969306624548
 21
19.163806629269235
 31
0.0
  0
ARC
  5
257
330
17
100
AcDbEntity
  8
SLOTS
100
AcDbCircle
 10
21.27425219204524
 20
16.17484124498702
 30
0.0
 40
0.125
100
AcDbArc
 50
-146.73478758747774
 51
33.26521241252226
  0
ARC
  5
258
330
17
100
AcDbEntity
  8
SLOTS
100
AcDbCircle
 10
19.2684868754814
 20
19.232371035488885
 30
0.0
 40
0.125
100
AcDbArc
 50
33.26521241252226
 51
213.26521241252226
  0
LINE
  5
259
330
17
100
AcDbEntity
  8
SLOTS
100
AcDbLine
 10
19.669473837887704
 20
20.216333724961792
 30
0.0
 11
21.903158824224708
 21
16.811369878033716
 31
0.0
  0
LINE
  5
25A
330
17
100
AcDbEntity
  8
SLOTS
100
AcDbLine
 10
21.694123686511002
 20
16.674241065594416
 30
0.0
 11
19.460438700174
 21
20.079204912522492
 31
0.0
  0
ARC
  5
25B
330
17
100
AcDbEntity
  8
SLOTS
100
AcDbCircle
 10
21.798641255367855
 20
16.742805471814066
 30
0.0
 40
0.125
100
AcDbArc
 50
-146.73478758747768
 51
33.26521241252233
  0
ARC
  5
25C
330
17
100
AcDbEntity
  8
SLOTS
100
AcDbCircle
 10
19.56495626903085
 20
20.147769318742142
 30
0.0
 40
0.125
100
AcDbArc
 50
33.26521241252233
 51
213.26521241252232
  0
LINE
  5
25D
330
17
100
AcDbEntity
  8
SLOTS
100
AcDbLine
 10
19.96594323143716
 20
21.131732008215053
 30
0.0
 11
22.42754788754732
 21
17.379334104860757
 31
0.0
  0
LINE
  5
25E
330
17
100
AcDbEntity
  8
SLOTS
100
AcDbLine
 10
22.218512749833614
 20
17.242205292421456
 30
0.0
 11
19.756908093723453
 21
20.994603195775753
 31
0.0
  0
ARC
  5
25F
330
17
100
AcDbEntity
  8
SLOTS
100
AcDbCircle
 10
22.323030318690467
 20
17.310769698641106
 30
0.0
 40
0.125
100
AcDbArc
 50
-146.73478758747774
 51
33.26521241252225
  0
ARC
  5
260
330
17
100
AcDbEntity
  8
SLOTS
100
AcDbCircle
 10
19.861425662580306
 20
21.063167601995403
 30
0.0
 40
0.125
100
AcDbArc
 50
33.26521241252225
 51
213.26521241252226
  0
LINE
  5
261
330
17
100
AcDbEntity
  8
SLOTS
100
AcDbLine
 10
20.26241262498661
 20
22.047130291468314
 30
0.0
 11
22.951936950869932
 21
17.947298331687797
 31
0.0
  0
LINE
  5
262
330
17
100
AcDbEntity
  8
SLOTS
100
AcDbLine
 10
22.742901813156227
 20
17.810169519248497
 30
0.0
 11
20.053377487272904
 21
21.910001479029013
 31
0.0
  0
ARC
  5
263
330
17
100
AcDbEntity
  8
SLOTS
100
AcDbCircle
 10
22.84741938201308
 20
17.878733925468147
 30
0.0
 40
0.125
100
AcDbArc
 50
-146.73478758747777
 51
33.265212412522224
  0
ARC
  5
264
330
17
100
AcDbEntity
  8
SLOTS
100
AcDbCircle
 10
20.157895056129757
 20
21.978565885248663
 30
0.0
 40
0.125
100
AcDbArc
 50
33.265212412522224
 51
213.26521241252223
  0
LINE
  5
265
330
17
100
AcDbEntity
  8
SLOTS
100
AcDbLine
 10
21.46719063673374
 20
21.577929570952428
 30
0.0
 11
23.476326014192548
 21
18.51526255851484
 31
0.0
  0
LINE
  5
266
330
17
100
AcDbEntity
  8
SLOTS
100
AcDbLine
 10
23.267290876478842
 20
18.37813374607554
 30
0.0
 11
21.258155499020035
 21
21.440800758513127
 31
0.0
  0
ARC
  5
267
330
17
100
AcDbEntity
  8
SLOTS
100
AcDbCircle
 10
23.371808445335695
 20
18.44669815229519
 30
0.0
 40
0.125
100
AcDbArc
 50
-146.73478758747768
 51
33.26521241252231
  0
ARC
  5
268
330
17
100
AcDbEntity
  8
SLOTS
100
AcDbCircle
 10
21.362673067876887
 20
21.509365164732777
 30
0.0
 40
0.125
100
AcDbArc
 50
33.26521241252231
 51
213.26521241252232
  0
LINE
  5
269
330
17
100
AcDbEntity
  8
SLOTS
100
AcDbLine
 10
22.784826453832586
 20
20.936691723707945
 30
0.0
 11
24.00071507751516
 21
19.083226785341882
 31
0.0
  0
LINE
  5
26A
330
17
100
AcDbEntity
  8
SLOTS
100
AcDbLine
 10
23.791679939801455
 20
18.94609797290258
 30
0.0
 11
22.57579131611888
 21
20.799562911268644
 31
0.0
  0
ARC
  5
26B
330
17
100
AcDbEntity
  8
SLOTS
100
AcDbCircle
 10
23.896197508658307
 20
19.014662379122232
 30
0.0
 40
0.125
100
AcDbArc
 50
-146.73478758747777
 51
33.26521241252224
  0
ARC
  5
26C
330
17
100
AcDbEntity
  8
SLOTS
100
AcDbCircle
 10
22.680308884975734
 20
20.868127317488295
 30
0.0
 40
0.125
100
AcDbArc
 50
33.26521241252224
 51
213.26521241252223
  0
LINE
  5
26D
330
17
100
AcDbEntity
  8
SLOTS
100
AcDbLine
 10
24.102462270931433
 20
20.295453876463462
 30
0.0
 11
24.525104140837776
 21
19.651191012168926
 31
0.0
  0
LINE
  5
26E
330
17
100
AcDbEntity
  8
SLOTS
100
AcDbLine
 10
24.31606900312407
 20
19.514062199729626
 30
0.0
 11
23.893427133217727
 21
20.15832506402416
 31
0.0
  0
ARC
  5
26F
330
17
100
AcDbEntity
  8
SLOTS
100
AcDbCircle
 10
24.420586571980923
 20
19.582626605949276
 30
0.0
 40
0.125
100
AcDbArc
 50
-146.7347875874777
 51
33.265212412522295
  0
ARC
  5
270
330
17
100
AcDbEntity
  8
SLOTS
100
AcDbCircle
 10
23.99794470207458
 20
20.226889470243812
 30
0.0
 40
0.125
100
AcDbArc
 50
33.265212412522295
 51
213.2652124125223
  0
LINE
  5
271
330
17
100
AcDbEntity
  8
SLOTS
100
AcDbLine
 10
17.133272726038793
 20
11.15101717211336
 30
0.0
 11
17.48315883159973
 21
11.192104163676962
 31
0.0
  0
LINE
  5
272
330
17
100
AcDbEntity
  8
SLOTS
100
AcDbLine
 10
17.512315890532612
 20
10.943810253332014
 30
0.0
 11
17.162429784971675
 21
10.902723261768411
 31
0.0
  0
ARC
  5
273
330
17
100
AcDbEntity
  8
SLOTS
100
AcDbCircle
 10
17.49773736106617
 20
11.067957208504488
 30
0.0
 40
0.125
100
AcDbArc
 50
-83.30245188767897
 51
96.69754811232103
  0
ARC
  5
274
330
17
100
AcDbEntity
  8
SLOTS
100
AcDbCircle
 10
17.147851255505234
 20
11.026870216940885
 30
0.0
 40
0.125
100
AcDbArc
 50
96.69754811232103
 51
276.69754811232104
  0
LINE
  5
275
330
17
100
AcDbEntity
  8
SLOTS
100
AcDbLine
 10
16.890168511063756
 20
11.877622974996322
 30
0.0
 11
18.85340636222463
 21
12.108165245026372
 31
0.0
  0
LINE
  5
276
330
17
100
AcDbEntity
  8
SLOTS
100
AcDbLine
 10
18.88256342115751
 20
11.859871334681424
 30
0.0
 11
16.919325569996637
 21
11.629329064651374
 31
0.0
  0
ARC
  5
277
330
17
100
AcDbEntity
  8
SLOTS
100
AcDbCircle
 10
18.86798489169107
 20
11.984018289853898
 30
0.0
 40
0.125
100
AcDbArc
 50
-83.302451887679
 51
96.697548112321
  0
ARC
  5
278
330
17
100
AcDbEntity
  8
SLOTS
100
AcDbCircle
 10
16.904747040530197
 20
11.753476019823848
 30
0.0
 40
0.125
100
AcDbArc
 50
96.697548112321
 51
276.697548112321
  0
LINE
  5
279
330
17
100
AcDbEntity
  8
SLOTS
100
AcDbLine
 10
16.647064296088722
 20
12.604228777879287
 30
0.0
 11
20.161613013718526
 21
13.016940889666696
 31
0.0
  0
LINE
  5
27A
330
17
100
AcDbEntity
  8
SLOTS
100
AcDbLine
 10
20.190770072651407
 20
12.768646979321748
 30
0.0
 11
16.676221355021603
 21
12.355934867534339
 31
0.0
  0
ARC
  5
27B
330
17
100
AcDbEntity
  8
SLOTS
100
AcDbCircle
 10
20.176191543184967
 20
12.892793934494222
 30
0.0
 40
0.125
100
AcDbArc
 50
-83.30245188767897
 51
96.69754811232103
  0
ARC
  5
27C
330
17
100
AcDbEntity
  8
SLOTS
100
AcDbCircle
 10
16.661642825555163
 20
12.480081822706813
 30
0.0
 40
0.125
100
AcDbArc
 50
96.69754811232103
 51
276.69754811232104
  0
LINE
  5
27D
330
17
100
AcDbEntity
  8
SLOTS
100
AcDbLine
 10
16.403960081113684
 20
13.330834580762252
 30
0.0
 11
20.33433531782332
 21
13.792377041654161
 31
0.0
  0
LINE
  5
27E
330
17
100
AcDbEntity
  8
SLOTS
100
AcDbLine
 10
20.363492376756202
 20
13.544083131309213
 30
0.0
 11
16.433117140046566
 21
13.082540670417304
 31
0.0
  0
ARC
  5
27F
330
17
100
AcDbEntity
  8
SLOTS
100
AcDbCircle
 10
20.34891384728976
 20
13.668230086481687
 30
0.0
 40
0.125
100
AcDbArc
 50
-83.302451887679
 51
96.697548112321
  0
ARC
  5
280
330
17
100
AcDbEntity
  8
SLOTS
100
AcDbCircle
 10
16.418538610580125
 20
13.206687625589778
 30
0.0
 40
0.125
100
AcDbArc
 50
96.697548112321
 51
276.697548112321
  0
LINE
  5
281
330
17
100
AcDbEntity
  8
SLOTS
100
AcDbLine
 10
16.160855866138647
 20
14.057440383645218
 30
0.0
 11
20.507057621928112
 21
14.567813193641628
 31
0.0
  0
LINE
  5
282
330
17
100
AcDbEntity
  8
SLOTS
100
AcDbLine
 10
20.536214680860994
 20
14.31951928329668
 30
0.0
 11
16.190012925071528
 21
13.80914647330027
 31
0.0
  0
ARC
  5
283
330
17
100
AcDbEntity
  8
SLOTS
100
AcDbCircle
 10
20.521636151394553
 20
14.443666238469154
 30
0.0
 40
0.125
100
AcDbArc
 50
-83.30245188767901
 51
96.69754811232099
  0
ARC
  5
284
330
17
100
AcDbEntity
  8
SLOTS
100
AcDbCircle
 10
16.175434395605087
 20
13.933293428472744
 30
0.0
 40
0.125
100
AcDbArc
 50
96.69754811232099
 51
276.697548112321
  0
LINE
  5
285
330
17
100
AcDbEntity
  8
SLOTS
100
AcDbLine
 10
15.917751651163611
 20
14.784046186528183
 30
0.0
 11
20.438636031875824
 21
15.314931910362663
 31
0.0
  0
LINE
  5
286
330
17
100
AcDbEntity
  8
SLOTS
100
AcDbLine
 10
20.467793090808705
 20
15.066638000017715
 30
0.0
 11
15.946908710096492
 21
14.535752276183235
 31
0.0
  0
ARC
  5
287
330
17
100
AcDbEntity
  8
SLOTS
100
AcDbCircle
 10
20.453214561342264
 20
15.190784955190189
 30
0.0
 40
0.125
100
AcDbArc
 50
-83.302451887679
 51
96.697548112321
  0
ARC
  5
288
330
17
100
AcDbEntity
  8
SLOTS
100
AcDbCircle
 10
15.932330180630052
 20
14.659899231355709
 30
0.0
 40
0.125
100
AcDbArc
 50
96.697548112321
 51
276.697548112321
  0
LINE
  5
289
330
17
100
AcDbEntity
  8
SLOTS
100
AcDbLine
 10
15.674647436188575
 20
15.510651989411146
 30
0.0
 11
19.374187690329723
 21
15.945087586581872
 31
0.0
  0
LINE
  5
28A
330
17
100
AcDbEntity
  8
SLOTS
100
AcDbLine
 10
19.403344749262605
 20
15.696793676236924
 30
0.0
 11
15.703804495121457
 21
15.262358079066198
 31
0.0
  0
ARC
  5
28B
330
17
100
AcDbEntity
  8
SLOTS
100
AcDbCircle
 10
19.388766219796164
 20
15.820940631409398
 30
0.0
 40
0.125
100
AcDbArc
 50
-83.302451887679
 51
96.697548112321
  0
ARC
  5
28C
330
17
100
AcDbEntity
  8
SLOTS
100
AcDbCircle
 10
15.689225965655016
 20
15.386505034238672
 30
0.0
 40
0.125
100
AcDbArc
 50
96.697548112321
 51
276.697548112321
  0
LINE
  5
28D
330
17
100
AcDbEntity
  8
SLOTS
100
AcDbLine
 10
15.43154322121354
 20
16.237257792294113
 30
0.0
 11
18.30973934878362
 21
16.575243262801084
 31
0.0
  0
LINE
  5
28E
330
17
100
AcDbEntity
  8
SLOTS
100
AcDbLine
 10
18.3388964077165
 20
16.326949352456136
 30
0.0
 11
15.46070028014642
 21
15.988963881949164
 31
0.0
  0
ARC
  5
28F
330
17
100
AcDbEntity
  8
SLOTS
100
AcDbCircle
 10
18.32431787825006
 20
16.45109630762861
 30
0.0
 40
0.125
100
AcDbArc
 50
-83.302451887679
 51
96.697548112321
  0
ARC
  5
290
330
17
100
AcDbEntity
  8
SLOTS
100
AcDbCircle
 10
15.44612175067998
 20
16.11311083712164
 30
0.0
 40
0.125
100
AcDbArc
 50
96.697548112321
 51
276.697548112321
  0
LINE
  5
291
330
17
100
AcDbEntity
  8
SLOTS
100
AcDbLine
 10
16.779571066189188
 20
17.314733070831025
 30
0.0
 11
17.92374863467402
 21
17.774283392690062
 31
0.0
  0
LINE
  5
292
330
17
100
AcDbEntity
  8
SLOTS
100
AcDbLine
 10
18.016924690158724
 20
17.54229584413559
 30
0.0
 11
16.872747121673893
 21
17.082745522276554
 31
0.0
  0
ARC
  5
293
330
17
100
AcDbEntity
  8
SLOTS
100
AcDbCircle
 10
17.970336662416372
 20
17.658289618412827
 30
0.0
 40
0.125
100
AcDbArc
 50
-68.11750937197122
 51
111.88249062802878
  0
ARC
  5
294
330
17
100
AcDbEntity
  8
SLOTS
100
AcDbCircle
 10
16.82615909393154
 20
17.19873929655379
 30
0.0
 40
0.125
100
AcDbArc
 50
111.88249062802878
 51
291.8824906280288
  0
LINE
  5
295
330
17
100
AcDbEntity
  8
SLOTS
100
AcDbLine
 10
14.660953467735588
 20
17.27203926693467
 30
0.0
 11
18.22465188981238
 21
18.703371956879504
 31
0.0
  0
LINE
  5
296
330
17
100
AcDbEntity
  8
SLOTS
100
AcDbLine
 10
18.317827945297086
 20
18.471384408325033
 30
0.0
 11
14.75412952322029
 21
17.040051718380198
 31
0.0
  0
ARC
  5
297
330
17
100
AcDbEntity
  8
SLOTS
100
AcDbCircle
 10
18.271239917554734
 20
18.58737818260227
 30
0.0
 40
0.125
100
AcDbArc
 50
-68.11750937197122
 51
111.88249062802878
  0
ARC
  5
298
330
17
100
AcDbEntity
  8
SLOTS
100
AcDbCircle
 10
14.707541495477939
 20
17.156045492657434
 30
0.0
 40
0.125
100
AcDbArc
 50
111.88249062802878
 51
291.8824906280288
  0
LINE
  5
299
330
17
100
AcDbEntity
  8
SLOTS
100
AcDbLine
 10
13.916420942234426
 20
17.781236406306153
 30
0.0
 11
18.525555144950744
 21
19.63246052106895
 31
0.0
  0
LINE
  5
29A
330
17
100
AcDbEntity
  8
SLOTS
100
AcDbLine
 10
18.618731200435448
 20
19.40047297251448
 30
0.0
 11
14.009596997719127
 21
17.54924885775168
 31
0.0
  0
ARC
  5
29B
330
17
100
AcDbEntity
  8
SLOTS
100
AcDbCircle
 10
18.572143172693096
 20
19.516466746791714
 30
0.0
 40
0.125
100
AcDbArc
 50
-68.11750937197122
 51
111.88249062802878
  0
ARC
  5
29C
330
17
100
AcDbEntity
  8
SLOTS
100
AcDbCircle
 10
13.963008969976777
 20
17.665242632028917
 30
0.0
 40
0.125
100
AcDbArc
 50
111.88249062802878
 51
291.8824906280288
  0
LINE
  5
29D
330
17
100
AcDbEntity
  8
SLOTS
100
AcDbLine
 10
13.171888416733267
 20
18.290433545677633
 30
0.0
 11
18.826458400089106
 21
20.56154908525839
 31
0.0
  0
LINE
  5
29E
330
17
100
AcDbEntity
  8
SLOTS
100
AcDbLine
 10
18.91963445557381
 20
20.32956153670392
 30
0.0
 11
13.265064472217968
 21
18.05844599712316
 31
0.0
  0
ARC
  5
29F
330
17
100
AcDbEntity
  8
SLOTS
100
AcDbCircle
 10
18.873046427831458
 20
20.445555310981156
 30
0.0
 40
0.125
100
AcDbArc
 50
-68.11750937197121
 51
111.88249062802879
  0
ARC
  5
2A0
330
17
100
AcDbEntity
  8
SLOTS
100
AcDbCircle
 10
13.218476444475618
 20
18.174439771400397
 30
0.0
 40
0.125
100
AcDbArc
 50
111.88249062802879
 51
291.8824906280288
  0
LINE
  5
2A1
330
17
100
AcDbEntity
  8
SLOTS
100
AcDbLine
 10
12.926890341658245
 20
19.00026494304895
 30
0.0
 11
19.127361655227467
 21
21.490637649447837
 31
0.0
  0
LINE
  5
2A2
330
17
100
AcDbEntity
  8
SLOTS
100
AcDbLine
 10
19.220537710712172
 20
21.258650100893366
 30
0.0
 11
13.020066397142946
 21
18.76827739449448
 31
0.0
  0
ARC
  5
2A3
330
17
100
AcDbEntity
  8
SLOTS
100
AcDbCircle
 10
19.17394968296982
 20
21.3746438751706
 30
0.0
 40
0.125
100
AcDbArc
 50
-68.11750937197121
 51
111.88249062802879
  0
ARC
  5
2A4
330
17
100
AcDbEntity
  8
SLOTS
100
AcDbCircle
 10
12.973478369400596
 20
18.884271168771715
 30
0.0
 40
0.125
100
AcDbArc
 50
111.88249062802879
 51
291.8824906280288
  0
LINE
  5
2A5
330
17
100
AcDbEntity
  8
SLOTS
100
AcDbLine
 10
12.81600049434248
 20
19.763959902273108
 30
0.0
 11
19.42826491036583
 21
22.419726213637283
 31
0.0
  0
LINE
  5
2A6
330
17
100
AcDbEntity
  8
SLOTS
100
AcDbLine
 10
19.521440965850534
 20
22.18773866508281
 30
0.0
 11
12.909176549827182
 21
19.531972353718636
 31
0.0
  0
ARC
  5
2A7
330
17
100
AcDbEntity
  8
SLOTS
100
AcDbCircle
 10
19.47485293810818
 20
22.303732439360047
 30
0.0
 40
0.125
100
AcDbArc
 50
-68.11750937197121
 51
111.88249062802879
  0
ARC
  5
2A8
330
17
100
AcDbEntity
  8
SLOTS
100
AcDbCircle
 10
12.862588522084831
 20
19.647966127995872
 30
0.0
 40
0.125
100
AcDbArc
 50
111.88249062802879
 51
291.8824906280288
  0
LINE
  5
2A9
330
17
100
AcDbEntity
  8
SLOTS
100
AcDbLine
 10
21.063057242539987
 20
13.246775673263661
 30
0.0
 11
22.22835281010162
 21
12.557954237549032
 31
0.0
  0
LINE
  5
2AA
330
17
100
AcDbEntity
  8
SLOTS
100
AcDbLine
 10
22.101137946593347
 20
12.342741834322423
 30
0.0
 11
20.935842379031715
 21
13.031563270037053
 31
0.0
  0
ARC
  5
2AB
330
17
100
AcDbEntity
  8
SLOTS
100
AcDbCircle
 10
22.164745378347483
 20
12.450348035935727
 30
0.0
 40
0.125
100
AcDbArc
 50
-120.58788837241913
 51
59.41211162758087
  0
ARC
  5
2AC
330
17
100
AcDbEntity
  8
SLOTS
100
AcDbCircle
 10
20.99944981078585
 20
13.139169471650357
 30
0.0
 40
0.125
100
AcDbArc
 50
59.41211162758087
 51
239.41211162758088
  0
LINE
  5
2AD
330
17
100
AcDbEntity
  8
SLOTS
100
AcDbLine
 10
21.23453909524858
 20
14.016642823248846
 30
0.0
 11
22.992087683105314
 21
12.977732888871474
 31
0.0
  0
LINE
  5
2AE
330
17
100
AcDbEntity
  8
SLOTS
100
AcDbLine
 10
22.864872819597043
 20
12.762520485644865
 30
0.0
 11
21.107324231740307
 21
13.801430420022237
 31
0.0
  0
ARC
  5
2AF
330
17
100
AcDbEntity
  8
SLOTS
100
AcDbCircle
 10
22.92848025135118
 20
12.87012668725817
 30
0.0
 40
0.125
100
AcDbArc
 50
-120.58788837241914
 51
59.41211162758085
  0
ARC
  5
2B0
330
17
100
AcDbEntity
  8
SLOTS
100
AcDbCircle
 10
21.170931663494443
 20
13.909036621635542
 30
0.0
 40
0.125
100
AcDbArc
 50
59.41211162758085
 51
239.41211162758086
  0
LINE
  5
2B1
330
17
100
AcDbEntity
  8
SLOTS
100
AcDbLine
 10
22.735935071997908
 20
14.000380357881786
 30
0.0
 11
23.755822556109013
 21
13.397511540193918
 31
0.0
  0
LINE
  5
2B2
330
17
100
AcDbEntity
  8
SLOTS
100
AcDbLine
 10
23.628607692600742
 20
13.182299136967309
 30
0.0
 11
22.608720208489636
 21
13.785167954655178
 31
0.0
  0
ARC
  5
2B3
330
17
100
AcDbEntity
  8
SLOTS
100
AcDbCircle
 10
23.692215124354878
 20
13.289905338580613
 30
0.0
 40
0.125
100
AcDbArc
 50
-120.58788837241917
 51
59.41211162758083
  0
ARC
  5
2B4
330
17
100
AcDbEntity
  8
SLOTS
100
AcDbCircle
 10
22.672327640243772
 20
13.892774156268482
 30
0.0
 40
0.125
100
AcDbArc
 50
59.41211162758083
 51
239.41211162758083
  0
LINE
  5
2B5
330
17
100
AcDbEntity
  8
SLOTS
100
AcDbLine
 10
26.571435010632342
 20
13.255422234157932
 30
0.0
 11
25.289689825223558
 21
13.183462417833088
 31
0.0
  0
LINE
  5
2B6
330
17
100
AcDbEntity
  8
SLOTS
100
AcDbLine
 10
25.27567637732091
 20
13.433069355392682
 30
0.0
 11
26.557421562729694
 21
13.505029171717526
 31
0.0
  0
ARC
  5
2B7
330
17
100
AcDbEntity
  8
SLOTS
100
AcDbCircle
 10
25.282683101272234
 20
13.308265886612885
 30
0.0
 40
0.125
100
AcDbArc
 50
-266.78667008602747
 51
-86.78667008602744
  0
ARC
  5
2B8
330
17
100
AcDbEntity
  8
SLOTS
100
AcDbCircle
 10
26.564428286681018
 20
13.380225702937729
 30
0.0
 40
0.125
100
AcDbArc
 50
-86.78667008602744
 51
93.21332991397256
  0
LINE
  5
2B9
330
17
100
AcDbEntity
  8
SLOTS
100
AcDbLine
 10
26.308557613855584
 20
12.489482711107343
 30
0.0
 11
23.767531069798554
 21
12.346824243988873
 31
0.0
  0
LINE
  5
2BA
330
17
100
AcDbEntity
  8
SLOTS
100
AcDbLine
 10
23.753517621895906
 20
12.596431181548468
 30
0.0
 11
26.294544165952935
 21
12.739089648666937
 31
0.0
  0
ARC
  5
2BB
330
17
100
AcDbEntity
  8
SLOTS
100
AcDbCircle
 10
23.76052434584723
 20
12.47162771276867
 30
0.0
 40
0.125
100
AcDbArc
 50
-266.78667008602747
 51
-86.78667008602747
  0
ARC
  5
2BC
330
17
100
AcDbEntity
  8
SLOTS
100
AcDbCircle
 10
26.30155088990426
 20
12.61428617988714
 30
0.0
 40
0.125
100
AcDbArc
 50
-86.78667008602747
 51
93.21332991397253
  0
LINE
  5
2BD
330
17
100
AcDbEntity
  8
SLOTS
100
AcDbLine
 10
26.045680217078825
 20
11.723543188056752
 30
0.0
 11
22.72698987402079
 21
11.537225072534186
 31
0.0
  0
LINE
  5
2BE
330
17
100
AcDbEntity
  8
SLOTS
100
AcDbLine
 10
22.712976426118143
 20
11.78683201009378
 30
0.0
 11
26.031666769176177
 21
11.973150125616346
 31
0.0
  0
ARC
  5
2BF
330
17
100
AcDbEntity
  8
SLOTS
100
AcDbCircle
 10
22.719983150069467
 20
11.662028541313983
 30
0.0
 40
0.125
100
AcDbArc
 50
-266.78667008602747
 51
-86.7866700860275
  0
ARC
  5
2C0
330
17
100
AcDbEntity
  8
SLOTS
100
AcDbCircle
 10
26.0386734931275
 20
11.848346656836549
 30
0.0
 40
0.125
100
AcDbArc
 50
-86.7866700860275
 51
93.2133299139725
  0
LINE
  5
2C1
330
17
100
AcDbEntity
  8
SLOTS
100
AcDbLine
 10
25.782802820302066
 20
10.957603665006163
 30
0.0
 11
23.53520657313815
 21
10.831418979501189
 31
0.0
  0
LINE
  5
2C2
330
17
100
AcDbEntity
  8
SLOTS
100
AcDbLine
 10
23.521193125235502
 20
11.081025917060783
 30
0.0
 11
25.768789372399418
 21
11.207210602565757
 31
0.0
  0
ARC
  5
2C3
330
17
100
AcDbEntity
  8
SLOTS
100
AcDbCircle
 10
23.528199849186826
 20
10.956222448280986
 30
0.0
 40
0.125
100
AcDbArc
 50
-266.78667008602747
 51
-86.7866700860275
  0
ARC
  5
2C4
330
17
100
AcDbEntity
  8
SLOTS
100
AcDbCircle
 10
25.775796096350742
 20
11.08240713378596
 30
0.0
 40
0.125
100
AcDbArc
 50
-86.7866700860275
 51
93.2133299139725
  0
LINE
  5
2C5
330
17
100
AcDbEntity
  8
SLOTS
100
AcDbLine
 10
25.519925423525308
 20
10.191664141955574
 30
0.0
 11
24.376099100206247
 21
10.127447374792677
 31
0.0
  0
LINE
  5
2C6
330
17
100
AcDbEntity
  8
SLOTS
100
AcDbLine
 10
24.3620856523036
 20
10.377054312352271
 30
0.0
 11
25.50591197562266
 21
10.441271079515168
 31
0.0
  0
ARC
  5
2C7
330
17
100
AcDbEntity
  8
SLOTS
100
AcDbCircle
 10
24.369092376254923
 20
10.252250843572474
 30
0.0
 40
0.125
100
AcDbArc
 50
-266.78667008602747
 51
-86.7866700860275
  0
ARC
  5
2C8
330
17
100
AcDbEntity
  8
SLOTS
100
AcDbCircle
 10
25.512918699573984
 20
10.316467610735371
 30
0.0
 40
0.125
100
AcDbArc
 50
-86.7866700860275
 51
93.2133299139725
  0
LINE
  5
2C9
330
17
100
AcDbEntity
  8
SLOTS
100
AcDbLine
 10
21.425391784961835
 20
9.097812405068279
 30
0.0
 11
23.23547855227769
 21
10.262192061596004
 31
0.0
  0
LINE
  5
2CA
330
17
100
AcDbEntity
  8
SLOTS
100
AcDbLine
 10
23.370729788604145
 20
10.051937208923906
 30
0.0
 11
21.56064302128829
 21
8.887557552396181
 31
0.0
  0
ARC
  5
2CB
330
17
100
AcDbEntity
  8
SLOTS
100
AcDbCircle
 10
23.303104170440918
 20
10.157064635259955
 30
0.0
 40
0.125
100
AcDbArc
 50
-57.24792393890996
 51
122.75207606109004
  0
ARC
  5
2CC
330
17
100
AcDbEntity
  8
SLOTS
100
AcDbCircle
 10
21.493017403125062
 20
8.99268497873223
 30
0.0
 40
0.125
100
AcDbArc
 50
122.75207606109004
 51
302.75207606109007
  0
LINE
  5
2CD
330
17
100
AcDbEntity
  8
SLOTS
100
AcDbLine
 10
18.081707724519084
 20
7.838686160439764
 30
0.0
 11
22.647454143885593
 21
10.775706829044532
 31
0.0
  0
LINE
  5
2CE
330
17
100
AcDbEntity
  8
SLOTS
100
AcDbLine
 10
22.782705380212047
 20
10.565451976372435
 30
0.0
 11
18.21695896084554
 21
7.628431307767666
 31
0.0
  0
ARC
  5
2CF
330
17
100
AcDbEntity
  8
SLOTS
100
AcDbCircle
 10
22.71507976204882
 20
10.670579402708483
 30
0.0
 40
0.125
100
AcDbArc
 50
-57.24792393891
 51
122.75207606109001
  0
ARC
  5
2D0
330
17
100
AcDbEntity
  8
SLOTS
100
AcDbCircle
 10
18.14933334268231
 20
7.733558734103715
 30
0.0
 40
0.125
100
AcDbArc
 50
122.75207606109001
 51
302.75207606109
  0
LINE
  5
2D1
330
17
100
AcDbEntity
  8
SLOTS
100
AcDbLine
 10
17.879075948031268
 20
8.600113540956258
 30
0.0
 11
22.059429735493495
 21
11.289221596493059
 31
0.0
  0
LINE
  5
2D2
330
17
100
AcDbEntity
  8
SLOTS
100
AcDbLine
 10
22.19468097181995
 20
11.078966743820962
 30
0.0
 11
18.01432718435772
 21
8.38985868828416
 31
0.0
  0
ARC
  5
2D3
330
17
100
AcDbEntity
  8
SLOTS
100
AcDbCircle
 10
22.127055353656722
 20
11.18409417015701
 30
0.0
 40
0.125
100
AcDbArc
 50
-57.247923938910006
 51
122.75207606109
  0
ARC
  5
2D4
330
17
100
AcDbEntity
  8
SLOTS
100
AcDbCircle
 10
17.946701566194495
 20
8.49498611462021
 30
0.0
 40
0.125
100
AcDbArc
 50
122.75207606109
 51
302.75207606109
  0
LINE
  5
2D5
330
17
100
AcDbEntity
  8
SLOTS
100
AcDbLine
 10
17.67644417154345
 20
9.361540921472752
 30
0.0
 11
21.428169599463473
 21
11.774923994608914
 31
0.0
  0
LINE
  5
2D6
330
17
100
AcDbEntity
  8
SLOTS
100
AcDbLine
 10
21.563420835789927
 20
11.564669141936816
 30
0.0
 11
17.811695407869905
 21
9.151286068800655
 31
0.0
  0
ARC
  5
2D7
330
17
100
AcDbEntity
  8
SLOTS
100
AcDbCircle
 10
21.4957952176267
 20
11.669796568272865
 30
0.0
 40
0.125
100
AcDbArc
 50
-57.247923938910006
 51
122.75207606109
  0
ARC
  5
2D8
330
17
100
AcDbEntity
  8
SLOTS
100
AcDbCircle
 10
17.74406978970668
 20
9.256413495136703
 30
0.0
 40
0.125
100
AcDbArc
 50
122.75207606109
 51
302.75207606109
  0
LINE
  5
2D9
330
17
100
AcDbEntity
  8
SLOTS
100
AcDbLine
 10
17.47381239505564
 20
10.12296830198925
 30
0.0
 11
20.669603939201906
 21
12.178734206529397
 31
0.0
  0
LINE
  5
2DA
330
17
100
AcDbEntity
  8
SLOTS
100
AcDbLine
 10
20.80485517552836
 20
11.9684793538573
 30
0.0
 11
17.609063631382092
 21
9.912713449317152
 31
0.0
  0
ARC
  5
2DB
330
17
100
AcDbEntity
  8
SLOTS
100
AcDbCircle
 10
20.737229557365133
 20
12.073606780193348
 30
0.0
 40
0.125
100
AcDbArc
 50
-57.24792393891002
 51
122.75207606108998
  0
ARC
  5
2DC
330
17
100
AcDbEntity
  8
SLOTS
100
AcDbCircle
 10
17.541438013218865
 20
10.017840875653201
 30
0.0
 40
0.125
100
AcDbArc
 50
122.75207606108998
 51
302.75207606108995
  0
LINE
  5
2DD
330
17
100
AcDbEntity
  8
SLOTS
100
AcDbLine
 10
17.2610640196812
 20
5.658853272164014
 30
0.0
 11
17.788015290755745
 21
5.616161745738099
 31
0.0
  0
LINE
  5
2DE
330
17
100
AcDbEntity
  8
SLOTS
100
AcDbLine
 10
17.767827414976885
 20
5.366978179523276
 30
0.0
 11
17.24087614390234
 21
5.409669705949191
 31
0.0
  0
ARC
  5
2DF
330
17
100
AcDbEntity
  8
SLOTS
100
AcDbCircle
 10
17.777921352866315
 20
5.491569962630687
 30
0.0
 40
0.125
100
AcDbArc
 50
-94.631763453995
 51
85.368236546005
  0
ARC
  5
2E0
330
17
100
AcDbEntity
  8
SLOTS
100
AcDbCircle
 10
17.25097008179177
 20
5.534261489056602
 30
0.0
 40
0.125
100
AcDbArc
 50
85.368236546005
 51
265.368236546005
  0
LINE
  5
2E1
330
17
100
AcDbEntity
  8
SLOTS
100
AcDbLine
 10
10.362511561988736
 20
6.97020427750325
 30
0.0
 11
17.71392625336222
 21
6.374621475464178
 31
0.0
  0
LINE
  5
2E2
330
17
100
AcDbEntity
  8
SLOTS
100
AcDbLine
 10
17.69373837758336
 20
6.125437909249355
 30
0.0
 11
10.34232368620988
 21
6.721020711288427
 31
0.0
  0
ARC
  5
2E3
330
17
100
AcDbEntity
  8
SLOTS
100
AcDbCircle
 10
17.70383231547279
 20
6.250029692356766
 30
0.0
 40
0.125
100
AcDbArc
 50
-94.63176345399498
 51
85.36823654600502
  0
ARC
  5
2E4
330
17
100
AcDbEntity
  8
SLOTS
100
AcDbCircle
 10
10.352417624099308
 20
6.845612494395838
 30
0.0
 40
0.125
100
AcDbArc
 50
85.36823654600502
 51
265.36823654600505
  0
LINE
  5
2E5
330
17
100
AcDbEntity
  8
SLOTS
100
AcDbLine
 10
9.396319483545179
 20
7.800938698727773
 30
0.0
 11
17.57487954392585
 21
7.1383438211564885
 31
0.0
  0
LINE
  5
2E6
330
17
100
AcDbEntity
  8
SLOTS
100
AcDbLine
 10
17.55469166814699
 20
6.8891602549416655
 30
0.0
 11
9.376131607766323
 21
7.55175513251295
 31
0.0
  0
ARC
  5
2E7
330
17
100
AcDbEntity
  8
SLOTS
100
AcDbCircle
 10
17.56478560603642
 20
7.013752038049077
 30
0.0
 40
0.125
100
AcDbArc
 50
-94.63176345399498
 51
85.36823654600502
  0
ARC
  5
2E8
330
17
100
AcDbEntity
  8
SLOTS
100
AcDbCircle
 10
9.386225545655751
 20
7.676346915620361
 30
0.0
 40
0.125
100
AcDbArc
 50
85.36823654600502
 51
265.36823654600505
  0
LINE
  5
2E9
330
17
100
AcDbEntity
  8
SLOTS
100
AcDbLine
 10
8.430127405101622
 20
8.631673119952298
 30
0.0
 11
17.37022246456238
 21
7.9073816618391515
 31
0.0
  0
LINE
  5
2EA
330
17
100
AcDbEntity
  8
SLOTS
100
AcDbLine
 10
17.350034588783522
 20
7.6581980956243285
 30
0.0
 11
8.409939529322767
 21
8.382489553737473
 31
0.0
  0
ARC
  5
2EB
330
17
100
AcDbEntity
  8
SLOTS
100
AcDbCircle
 10
17.360128526672952
 20
7.78278987873174
 30
0.0
 40
0.125
100
AcDbArc
 50
-94.63176345399498
 51
85.36823654600502
  0
ARC
  5
2EC
330
17
100
AcDbEntity
  8
SLOTS
100
AcDbCircle
 10
8.420033467212194
 20
8.507081336844886
 30
0.0
 40
0.125
100
AcDbArc
 50
85.36823654600502
 51
265.36823654600505
  0
LINE
  5
2ED
330
17
100
AcDbEntity
  8
SLOTS
100
AcDbLine
 10
7.463935326658068
 20
9.46240754117682
 30
0.0
 11
17.165565385198917
 21
8.676419502521814
 31
0.0
  0
LINE
  5
2EE
330
17
100
AcDbEntity
  8
SLOTS
100
AcDbLine
 10
17.145377509420058
 20
8.427235936306989
 30
0.0
 11
7.4437474508792105
 21
9.213223974961995
 31
0.0
  0
ARC
  5
2EF
330
17
100
AcDbEntity
  8
SLOTS
100
AcDbCircle
 10
17.155471447309488
 20
8.551827719414401
 30
0.0
 40
0.125
100
AcDbArc
 50
-94.63176345399498
 51
85.36823654600502
  0
ARC
  5
2F0
330
17
100
AcDbEntity
  8
SLOTS
100
AcDbCircle
 10
7.453841388768639
 20
9.337815758069407
 30
0.0
 40
0.125
100
AcDbArc
 50
85.36823654600502
 51
265.36823654600505
  0
LINE
  5
2F1
330
17
100
AcDbEntity
  8
SLOTS
100
AcDbLine
 10
10.003891775552212
 20
10.009087552203624
 30
0.0
 11
16.96090830583545
 21
9.44545734320448
 31
0.0
  0
LINE
  5
2F2
330
17
100
AcDbEntity
  8
SLOTS
100
AcDbLine
 10
16.94072043005659
 20
9.196273776989655
 30
0.0
 11
9.983703899773356
 21
9.7599039859888
 31
0.0
  0
ARC
  5
2F3
330
17
100
AcDbEntity
  8
SLOTS
100
AcDbCircle
 10
16.95081436794602
 20
9.320865560097067
 30
0.0
 40
0.125
100
AcDbArc
 50
-94.63176345399496
 51
85.36823654600504
  0
ARC
  5
2F4
330
17
100
AcDbEntity
  8
SLOTS
100
AcDbCircle
 10
9.993797837662784
 20
9.884495769096212
 30
0.0
 40
0.125
100
AcDbArc
 50
85.36823654600504
 51
265.36823654600505
  0
LINE
  5
2F5
330
17
100
AcDbEntity
  8
SLOTS
100
AcDbLine
 10
7.671222919867441
 20
11.01012947884091
 30
0.0
 11
8.49483918114872
 21
10.72358488161944
 31
0.0
  0
LINE
  5
2F6
330
17
100
AcDbEntity
  8
SLOTS
100
AcDbLine
 10
8.412691282683358
 20
10.487466854400582
 30
0.0
 11
7.5890750214020795
 21
10.774011451622052
 31
0.0
  0
ARC
  5
2F7
330
17
100
AcDbEntity
  8
SLOTS
100
AcDbCircle
 10
8.453765231916039
 20
10.60552586801001
 30
0.0
 40
0.125
100
AcDbArc
 50
-109.18331325242258
 51
70.81668674757742
  0
ARC
  5
2F8
330
17
100
AcDbEntity
  8
SLOTS
100
AcDbCircle
 10
7.63014897063476
 20
10.89207046523148
 30
0.0
 40
0.125
100
AcDbArc
 50
70.81668674757742
 51
250.81668674757742
  0
LINE
  5
2F9
330
17
100
AcDbEntity
  8
SLOTS
100
AcDbLine
 10
8.15582682123086
 20
11.635625166969735
 30
0.0
 11
10.659713716151346
 21
10.764497075500353
 31
0.0
  0
LINE
  5
2FA
330
17
100
AcDbEntity
  8
SLOTS
100
AcDbLine
 10
10.577565817685985
 20
10.528379048281495
 30
0.0
 11
8.073678922765499
 21
11.399507139750877
 31
0.0
  0
ARC
  5
2FB
330
17
100
AcDbEntity
  8
SLOTS
100
AcDbCircle
 10
10.618639766918665
 20
10.646438061890924
 30
0.0
 40
0.125
100
AcDbArc
 50
-109.18331325242261
 51
70.81668674757739
  0
ARC
  5
2FC
330
17
100
AcDbEntity
  8
SLOTS
100
AcDbCircle
 10
8.11475287199818
 20
11.517566153360306
 30
0.0
 40
0.125
100
AcDbArc
 50
70.81668674757739
 51
250.8166867475774
  0
LINE
  5
2FD
330
17
100
AcDbEntity
  8
SLOTS
100
AcDbLine
 10
8.640430722594283
 20
12.26112085509856
 30
0.0
 11
12.824588251153976
 21
10.805409269381268
 31
0.0
  0
LINE
  5
2FE
330
17
100
AcDbEntity
  8
SLOTS
100
AcDbLine
 10
12.742440352688615
 20
10.56929124216241
 30
0.0
 11
8.558282824128922
 21
12.025002827879703
 31
0.0
  0
ARC
  5
2FF
330
17
100
AcDbEntity
  8
SLOTS
100
AcDbCircle
 10
12.783514301921295
 20
10.68735025577184
 30
0.0
 40
0.125
100
AcDbArc
 50
-109.1833132524226
 51
70.8166867475774
  0
ARC
  5
300
330
17
100
AcDbEntity
  8
SLOTS
100
AcDbCircle
 10
8.599356773361603
 20
12.143061841489132
 30
0.0
 40
0.125
100
AcDbArc
 50
70.8166867475774
 51
250.8166867475774
  0
LINE
  5
301
330
17
100
AcDbEntity
  8
SLOTS
100
AcDbLine
 10
9.125034623957703
 20
12.886616543227387
 30
0.0
 11
14.989462786156604
 21
10.846321463262184
 31
0.0
  0
LINE
  5
302
330
17
100
AcDbEntity
  8
SLOTS
100
AcDbLine
 10
14.907314887691243
 20
10.610203436043326
 30
0.0
 11
9.042886725492341
 21
12.650498516008529
 31
0.0
  0
ARC
  5
303
330
17
100
AcDbEntity
  8
SLOTS
100
AcDbCircle
 10
14.948388836923924
 20
10.728262449652755
 30
0.0
 40
0.125
100
AcDbArc
 50
-109.18331325242258
 51
70.81668674757742
  0
ARC
  5
304
330
17
100
AcDbEntity
  8
SLOTS
100
AcDbCircle
 10
9.083960674725022
 20
12.768557529617958
 30
0.0
 40
0.125
100
AcDbArc
 50
70.81668674757742
 51
250.81668674757742
  0
LINE
  5
305
330
17
100
AcDbEntity
  8
SLOTS
100
AcDbLine
 10
9.609638525321124
 20
13.512112231356213
 30
0.0
 11
16.39600817798217
 21
11.151064192197047
 31
0.0
  0
LINE
  5
306
330
17
100
AcDbEntity
  8
SLOTS
100
AcDbLine
 10
16.313860279516806
 20
10.91494616497819
 30
0.0
 11
9.527490626855762
 21
13.275994204137355
 31
0.0
  0
ARC
  5
307
330
17
100
AcDbEntity
  8
SLOTS
100
AcDbCircle
 10
16.35493422874949
 20
11.033005178587619
 30
0.0
 40
0.125
100
AcDbArc
 50
-109.1833132524226
 51
70.8166867475774
  0
ARC
  5
308
330
17
100
AcDbEntity
  8
SLOTS
100
AcDbCircle
 10
9.568564576088443
 20
13.394053217746784
 30
0.0
 40
0.125
100
AcDbArc
 50
70.8166867475774
 51
250.8166867475774
  0
LINE
  5
309
330
17
100
AcDbEntity
  8
SLOTS
100
AcDbLine
 10
10.094242426684545
 20
14.13760791948504
 30
0.0
 11
16.09532364139616
 21
12.049769832257663
 31
0.0
  0
LINE
  5
30A
330
17
100
AcDbEntity
  8
SLOTS
100
AcDbLine
 10
16.013175742930795
 20
11.813651805038806
 30
0.0
 11
10.012094528219183
 21
13.901489892266182
 31
0.0
  0
ARC
  5
30B
330
17
100
AcDbEntity
  8
SLOTS
100
AcDbCircle
 10
16.054249692163477
 20
11.931710818648234
 30
0.0
 40
0.125
100
AcDbArc
 50
-109.18331325242261
 51
70.81668674757739
  0
ARC
  5
30C
330
17
100
AcDbEntity
  8
SLOTS
100
AcDbCircle
 10
10.053168477451864
 20
14.019548905875611
 30
0.0
 40
0.125
100
AcDbArc
 50
70.81668674757739
 51
250.8166867475774
  0
LINE
  5
30D
330
17
100
AcDbEntity
  8
SLOTS
100
AcDbLine
 10
10.578846328047966
 20
14.763103607613866
 30
0.0
 11
15.794639104810141
 21
12.948475472318279
 31
0.0
  0
LINE
  5
30E
330
17
100
AcDbEntity
  8
SLOTS
100
AcDbLine
 10
15.71249120634478
 20
12.712357445099421
 30
0.0
 11
10.496698429582604
 21
14.526985580395008
 31
0.0
  0
ARC
  5
30F
330
17
100
AcDbEntity
  8
SLOTS
100
AcDbCircle
 10
15.75356515557746
 20
12.83041645870885
 30
0.0
 40
0.125
100
AcDbArc
 50
-109.18331325242261
 51
70.81668674757739
  0
ARC
  5
310
330
17
100
AcDbEntity
  8
SLOTS
100
AcDbCircle
 10
10.537772378815285
 20
14.645044594004437
 30
0.0
 40
0.125
100
AcDbArc
 50
70.81668674757739
 51
250.8166867475774
  0
LINE
  5
311
330
17
100
AcDbEntity
  8
SLOTS
100
AcDbLine
 10
11.063450229411387
 20
15.388599295742692
 30
0.0
 11
15.493954568224128
 21
13.847181112378895
 31
0.0
  0
LINE
  5
312
330
17
100
AcDbEntity
  8
SLOTS
100
AcDbLine
 10
15.411806669758766
 20
13.611063085160037
 30
0.0
 11
10.981302330946026
 21
15.152481268523834
 31
0.0
  0
ARC
  5
313
330
17
100
AcDbEntity
  8
SLOTS
100
AcDbCircle
 10
15.452880618991447
 20
13.729122098769466
 30
0.0
 40
0.125
100
AcDbArc
 50
-109.1833132524226
 51
70.8166867475774
  0
ARC
  5
314
330
17
100
AcDbEntity
  8
SLOTS
100
AcDbCircle
 10
11.022376280178706
 20
15.270540282133263
 30
0.0
 40
0.125
100
AcDbArc
 50
70.8166867475774
 51
250.81668674757742
  0
LINE
  5
315
330
17
100
AcDbEntity
  8
SLOTS
100
AcDbLine
 10
11.548054130774808
 20
16.01409498387152
 30
0.0
 11
15.193270031638113
 21
14.745886752439512
 31
0.0
  0
LINE
  5
316
330
17
100
AcDbEntity
  8
SLOTS
100
AcDbLine
 10
15.111122133172751
 20
14.509768725220654
 30
0.0
 11
11.465906232309447
 21
15.777976956652662
 31
0.0
  0
ARC
  5
317
330
17
100
AcDbEntity
  8
SLOTS
100
AcDbCircle
 10
15.152196082405432
 20
14.627827738830083
 30
0.0
 40
0.125
100
AcDbArc
 50
-109.1833132524226
 51
70.8166867475774
  0
ARC
  5
318
330
17
100
AcDbEntity
  8
SLOTS
100
AcDbCircle
 10
11.506980181542128
 20
15.89603597026209
 30
0.0
 40
0.125
100
AcDbArc
 50
70.8166867475774
 51
250.81668674757742
  0
LINE
  5
319
330
17
100
AcDbEntity
  8
SLOTS
100
AcDbLine
 10
12.03265803213823
 20
16.639590672000345
 30
0.0
 11
14.892585495052097
 21
15.644592392500126
 31
0.0
  0
LINE
  5
31A
330
17
100
AcDbEntity
  8
SLOTS
100
AcDbLine
 10
14.810437596586736
 20
15.408474365281268
 30
0.0
 11
11.950510133672868
 21
16.403472644781488
 31
0.0
  0
ARC
  5
31B
330
17
100
AcDbEntity
  8
SLOTS
100
AcDbCircle
 10
14.851511545819417
 20
15.526533378890697
 30
0.0
 40
0.125
100
AcDbArc
 50
-109.18331325242261
 51
70.81668674757739
  0
ARC
  5
31C
330
17
100
AcDbEntity
  8
SLOTS
100
AcDbCircle
 10
11.991584082905549
 20
16.521531658390916
 30
0.0
 40
0.125
100
AcDbArc
 50
70.81668674757739
 51
250.8166867475774
  0
LINE
  5
31D
330
17
100
AcDbEntity
  8
SLOTS
100
AcDbLine
 10
12.51726193350165
 20
17.26508636012917
 30
0.0
 11
14.38166142737936
 21
16.61644253514931
 31
0.0
  0
LINE
  5
31E
330
17
100
AcDbEntity
  8
SLOTS
100
AcDbLine
 10
14.299513528913998
 20
16.380324507930453
 30
0.0
 11
12.435114035036289
 21
17.028968332910313
 31
0.0
  0
ARC
  5
31F
330
17
100
AcDbEntity
  8
SLOTS
100
AcDbCircle
 10
14.340587478146679
 20
16.498383521539882
 30
0.0
 40
0.125
100
AcDbArc
 50
-109.18331325242261
 51
70.81668674757739
  0
ARC
  5
320
330
17
100
AcDbEntity
  8
SLOTS
100
AcDbCircle
 10
12.47618798426897
 20
17.147027346519742
 30
0.0
 40
0.125
100
AcDbArc
 50
70.81668674757739
 51
250.8166867475774
  0
LINE
  5
321
330
17
100
AcDbEntity
  8
SLOTS
100
AcDbLine
 10
24.01376873689596
 20
7.068473831128918
 30
0.0
 11
25.532735265365595
 21
8.366250029827428
 31
0.0
  0
LINE
  5
322
330
17
100
AcDbEntity
  8
SLOTS
100
AcDbLine
 10
25.695130284799745
 20
8.176176734325454
 30
0.0
 11
24.17616375633011
 21
6.878400535626941
 31
0.0
  0
ARC
  5
323
330
17
100
AcDbEntity
  8
SLOTS
100
AcDbCircle
 10
25.61393277508267
 20
8.271213382076441
 30
0.0
 40
0.125
100
AcDbArc
 50
-49.4900509870705
 51
130.5099490129295
  0
ARC
  5
324
330
17
100
AcDbEntity
  8
SLOTS
100
AcDbCircle
 10
24.094966246613033
 20
6.973437183377929
 30
0.0
 40
0.125
100
AcDbArc
 50
130.5099490129295
 51
310.5099490129295
  0
LINE
  5
325
330
17
100
AcDbEntity
  8
SLOTS
100
AcDbLine
 10
22.140117829627
 20
6.454123586975101
 30
0.0
 11
25.204845221440213
 21
9.072568556003962
 31
0.0
  0
LINE
  5
326
330
17
100
AcDbEntity
  8
SLOTS
100
AcDbLine
 10
25.367240240874363
 20
8.882495260501987
 30
0.0
 11
22.30251284906115
 21
6.264050291473124
 31
0.0
  0
ARC
  5
327
330
17
100
AcDbEntity
  8
SLOTS
100
AcDbCircle
 10
25.286042731157288
 20
8.977531908252974
 30
0.0
 40
0.125
100
AcDbArc
 50
-49.49005098707051
 51
130.5099490129295
  0
ARC
  5
328
330
17
100
AcDbEntity
  8
SLOTS
100
AcDbCircle
 10
22.221315339344073
 20
6.359086939224112
 30
0.0
 40
0.125
100
AcDbArc
 50
130.5099490129295
 51
310.5099490129295
  0
LINE
  5
329
330
17
100
AcDbEntity
  8
SLOTS
100
AcDbLine
 10
20.266466922358042
 20
5.839773342821285
 30
0.0
 11
24.473226499590837
 21
9.433948955420284
 31
0.0
  0
LINE
  5
32A
330
17
100
AcDbEntity
  8
SLOTS
100
AcDbLine
 10
24.635621519024987
 20
9.24387565991831
 30
0.0
 11
20.428861941792192
 21
5.649700047319309
 31
0.0
  0
ARC
  5
32B
330
17
100
AcDbEntity
  8
SLOTS
100
AcDbCircle
 10
24.554424009307912
 20
9.338912307669297
 30
0.0
 40
0.125
100
AcDbArc
 50
-49.4900509870705
 51
130.5099490129295
  0
ARC
  5
32C
330
17
100
AcDbEntity
  8
SLOTS
100
AcDbCircle
 10
20.347664432075117
 20
5.744736695070297
 30
0.0
 40
0.125
100
AcDbArc
 50
130.5099490129295
 51
310.5099490129295
  0
LINE
  5
32D
330
17
100
AcDbEntity
  8
SLOTS
100
AcDbLine
 10
18.478430053269566
 20
5.298570109442644
 30
0.0
 11
22.783241615722282
 21
8.97651947891419
 31
0.0
  0
LINE
  5
32E
330
17
100
AcDbEntity
  8
SLOTS
100
AcDbLine
 10
22.945636635156433
 20
8.786446183412215
 30
0.0
 11
18.640825072703716
 21
5.1084968139406675
 31
0.0
  0
ARC
  5
32F
330
17
100
AcDbEntity
  8
SLOTS
100
AcDbCircle
 10
22.864439125439358
 20
8.881482831163202
 30
0.0
 40
0.125
100
AcDbArc
 50
-49.490050987070504
 51
130.5099490129295
  0
ARC
  5
330
330
17
100
AcDbEntity
  8
SLOTS
100
AcDbCircle
 10
18.55962756298664
 20
5.203533461691656
 30
0.0
 40
0.125
100
AcDbArc
 50
130.5099490129295
 51
310.5099490129295
  0
LINE
  5
331
330
17
100
AcDbEntity
  8
SLOTS
100
AcDbLine
 10
18.38949169205847
 20
6.209044422236805
 30
0.0
 11
19.63959480930153
 21
7.277108820674462
 31
0.0
  0
LINE
  5
332
330
17
100
AcDbEntity
  8
SLOTS
100
AcDbLine
 10
19.80198982873568
 20
7.087035525172485
 30
0.0
 11
18.55188671149262
 21
6.0189711267348285
 31
0.0
  0
ARC
  5
333
330
17
100
AcDbEntity
  8
SLOTS
100
AcDbCircle
 10
19.720792319018607
 20
7.1820721729234736
 30
0.0
 40
0.125
100
AcDbArc
 50
-49.49005098707051
 51
130.5099490129295
  0
ARC
  5
334
330
17
100
AcDbEntity
  8
SLOTS
100
AcDbCircle
 10
18.470689201775546
 20
6.114007774485817
 30
0.0
 40
0.125
100
AcDbArc
 50
130.5099490129295
 51
310.5099490129295
  0
LINE
  5
335
330
17
100
AcDbEntity
  8
SLOTS
100
AcDbLine
 10
2.782064253797131
 20
18.36220010827316
 30
0.0
 11
2.600621314000301
 21
18.457240212381638
 31
0.0
  0
LINE
  5
336
330
17
100
AcDbEntity
  8
SLOTS
100
AcDbLine
 10
2.7166216875343
 20
18.678698816504333
 30
0.0
 11
2.89806462733113
 21
18.583658712395856
 31
0.0
  0
ARC
  5
337
330
17
100
AcDbEntity
  8
SLOTS
100
AcDbCircle
 10
2.6586215007673006
 20
18.567969514442986
 30
0.0
 40
0.125
100
AcDbArc
 50
62.35438041147415
 51
242.35438041147415
  0
ARC
  5
338
330
17
100
AcDbEntity
  8
SLOTS
100
AcDbCircle
 10
2.8400644405641304
 20
18.47292941033451
 30
0.0
 40
0.125
100
AcDbArc
 50
242.35438041147415
 51
422.35438041147415
  0
LINE
  5
339
330
17
100
AcDbEntity
  8
SLOTS
100
AcDbLine
 10
2.898642749456342
 20
17.45447674462761
 30
0.0
 11
1.3490451757124322
 21
18.26615844962962
 31
0.0
  0
LINE
  5
33A
330
17
100
AcDbEntity
  8
SLOTS
100
AcDbLine
 10
1.4650455492464325
 20
18.487617053752317
 30
0.0
 11
3.0146431229903428
 21
17.675935348750304
 31
0.0
  0
ARC
  5
33B
330
17
100
AcDbEntity
  8
SLOTS
100
AcDbCircle
 10
1.4070453624794323
 20
18.37688775169097
 30
0.0
 40
0.125
100
AcDbArc
 50
62.35438041147367
 51
242.35438041147367
  0
ARC
  5
33C
330
17
100
AcDbEntity
  8
SLOTS
100
AcDbCircle
 10
2.9566429362233424
 20
17.565206046688957
 30
0.0
 40
0.125
100
AcDbArc
 50
242.35438041147367
 51
422.3543804114737
  0
LINE
  5
33D
330
17
100
AcDbEntity
  8
SLOTS
100
AcDbLine
 10
3.0152212451155536
 20
16.546753380982057
 30
0.0
 11
1.0669998132329999
 21
17.567234904924625
 31
0.0
  0
LINE
  5
33E
330
17
100
AcDbEntity
  8
SLOTS
100
AcDbLine
 10
1.1830001867670001
 20
17.78869350904732
 30
0.0
 11
3.1312216186495543
 21
16.768211985104752
 31
0.0
  0
ARC
  5
33F
330
17
100
AcDbEntity
  8
SLOTS
100
AcDbCircle
 10
1.125
 20
17.677964206985973
 30
0.0
 40
0.125
100
AcDbArc
 50
62.3543804114737
 51
242.3543804114737
  0
ARC
  5
340
330
17
100
AcDbEntity
  8
SLOTS
100
AcDbCircle
 10
3.073221431882554
 20
16.657482683043405
 30
0.0
 40
0.125
100
AcDbArc
 50
242.3543804114737
 51
422.3543804114737
  0
LINE
  5
341
330
17
100
AcDbEntity
  8
SLOTS
100
AcDbLine
 10
3.1317997407747655
 20
15.639030017336509
 30
0.0
 11
1.0669998132329999
 21
16.7205755450737
 31
0.0
  0
LINE
  5
342
330
17
100
AcDbEntity
  8
SLOTS
100
AcDbLine
 10
1.1830001867670001
 20
16.942034149196395
 30
0.0
 11
3.2478001143087654
 21
15.860488621459204
 31
0.0
  0
ARC
  5
343
330
17
100
AcDbEntity
  8
SLOTS
100
AcDbCircle
 10
1.125
 20
16.831304847135048
 30
0.0
 40
0.125
100
AcDbArc
 50
62.35438041147373
 51
242.35438041147373
  0
ARC
  5
344
330
17
100
AcDbEntity
  8
SLOTS
100
AcDbCircle
 10
3.1897999275417654
 20
15.749759319397857
 30
0.0
 40
0.125
100
AcDbArc
 50
242.35438041147373
 51
422.3543804114737
  0
LINE
  5
345
330
17
100
AcDbEntity
  8
SLOTS
100
AcDbLine
 10
3.248378236433976
 20
14.731306653690961
 30
0.0
 11
1.0669998132329999
 21
15.873916185222777
 31
0.0
  0
LINE
  5
346
330
17
100
AcDbEntity
  8
SLOTS
100
AcDbLine
 10
1.1830001867670001
 20
16.09537478934547
 30
0.0
 11
3.364378609967977
 21
14.952765257813656
 31
0.0
  0
ARC
  5
347
330
17
100
AcDbEntity
  8
SLOTS
100
AcDbCircle
 10
1.125
 20
15.984645487284125
 30
0.0
 40
0.125
100
AcDbArc
 50
62.3543804114737
 51
242.3543804114737
  0
ARC
  5
348
330
17
100
AcDbEntity
  8
SLOTS
100
AcDbCircle
 10
3.3063784232009765
 20
14.842035955752308
 30
0.0
 40
0.125
100
AcDbArc
 50
242.3543804114737
 51
422.3543804114737
  0
LINE
  5
349
330
17
100
AcDbEntity
  8
SLOTS
100
AcDbLine
 10
3.3649567320931877
 20
13.823583290045413
 30
0.0
 11
1.0669998132329999
 21
15.027256825371852
 31
0.0
  0
LINE
  5
34A
330
17
100
AcDbEntity
  8
SLOTS
100
AcDbLine
 10
1.1830001867670001
 20
15.248715429494547
 30
0.0
 11
3.4809571056271884
 21
14.045041894168108
 31
0.0
  0
ARC
  5
34B
330
17
100
AcDbEntity
  8
SLOTS
100
AcDbCircle
 10
1.125
 20
15.1379861274332
 30
0.0
 40
0.125
100
AcDbArc
 50
62.3543804114737
 51
242.3543804114737
  0
ARC
  5
34C
330
17
100
AcDbEntity
  8
SLOTS
100
AcDbCircle
 10
3.422956918860188
 20
13.93431259210676
 30
0.0
 40
0.125
100
AcDbArc
 50
242.3543804114737
 51
422.3543804114737
  0
LINE
  5
34D
330
17
100
AcDbEntity
  8
SLOTS
100
AcDbLine
 10
3.481535227752399
 20
12.915859926399865
 30
0.0
 11
1.0669998132329999
 21
14.180597465520929
 31
0.0
  0
LINE
  5
34E
330
17
100
AcDbEntity
  8
SLOTS
100
AcDbLine
 10
1.1830001867670001
 20
14.402056069643624
 30
0.0
 11
3.5975356012864
 21
13.13731853052256
 31
0.0
  0
ARC
  5
34F
330
17
100
AcDbEntity
  8
SLOTS
100
AcDbCircle
 10
1.125
 20
14.291326767582277
 30
0.0
 40
0.125
100
AcDbArc
 50
62.3543804114737
 51
242.3543804114737
  0
ARC
  5
350
330
17
100
AcDbEntity
  8
SLOTS
100
AcDbCircle
 10
3.5395354145193996
 20
13.026589228461212
 30
0.0
 40
0.125
100
AcDbArc
 50
242.3543804114737
 51
422.3543804114737
  0
LINE
  5
351
330
17
100
AcDbEntity
  8
SLOTS
100
AcDbLine
 10
3.5981137234116107
 20
12.008136562754315
 30
0.0
 11
1.0669998132329999
 21
13.333938105670002
 31
0.0
  0
LINE
  5
352
330
17
100
AcDbEntity
  8
SLOTS
100
AcDbLine
 10
1.1830001867670001
 20
13.555396709792698
 30
0.0
 11
3.7141140969456115
 21
12.22959516687701
 31
0.0
  0
ARC
  5
353
330
17
100
AcDbEntity
  8
SLOTS
100
AcDbCircle
 10
1.125
 20
13.44466740773135
 30
0.0
 40
0.125
100
AcDbArc
 50
62.3543804114737
 51
242.3543804114737
  0
ARC
  5
354
330
17
100
AcDbEntity
  8
SLOTS
100
AcDbCircle
 10
3.656113910178611
 20
12.118865864815662
 30
0.0
 40
0.125
100
AcDbArc
 50
242.3543804114737
 51
422.3543804114737
  0
LINE
  5
355
330
17
100
AcDbEntity
  8
SLOTS
100
AcDbLine
 10
3.7146922190708223
 20
11.100413199108766
 30
0.0
 11
1.0669998132329999
 21
12.48727874581908
 31
0.0
  0
LINE
  5
356
330
17
100
AcDbEntity
  8
SLOTS
100
AcDbLine
 10
1.1830001867670001
 20
12.708737349941774
 30
0.0
 11
3.830692592604823
 21
11.321871803231462
 31
0.0
  0
ARC
  5
357
330
17
100
AcDbEntity
  8
SLOTS
100
AcDbCircle
 10
1.125
 20
12.598008047880427
 30
0.0
 40
0.125
100
AcDbArc
 50
62.3543804114737
 51
242.3543804114737
  0
ARC
  5
358
330
17
100
AcDbEntity
  8
SLOTS
100
AcDbCircle
 10
3.7726924058378226
 20
11.211142501170114
 30
0.0
 40
0.125
100
AcDbArc
 50
242.3543804114737
 51
422.3543804114737
  0
LINE
  5
359
330
17
100
AcDbEntity
  8
SLOTS
100
AcDbLine
 10
2.161331452482738
 20
11.067406710732856
 30
0.0
 11
1.0669998132329999
 21
11.640619385968154
 31
0.0
  0
LINE
  5
35A
330
17
100
AcDbEntity
  8
SLOTS
100
AcDbLine
 10
1.1830001867670001
 20
11.86207799009085
 30
0.0
 11
2.277331826016739
 21
11.288865314855551
 31
0.0
  0
ARC
  5
35B
330
17
100
AcDbEntity
  8
SLOTS
100
AcDbCircle
 10
1.125
 20
11.751348688029502
 30
0.0
 40
0.125
100
AcDbArc
 50
62.35438041147367
 51
242.35438041147367
  0
ARC
  5
35C
330
17
100
AcDbEntity
  8
SLOTS
100
AcDbCircle
 10
2.2193316392497384
 20
11.178136012794203
 30
0.0
 40
0.125
100
AcDbArc
 50
242.35438041147367
 51
422.3543804114737
  0
LINE
  5
35D
330
17
100
AcDbEntity
  8
SLOTS
100
AcDbLine
 10
28.627779292221955
 20
7.820856086813988
 30
0.0
 11
30.63091866704491
 21
10.094972878717622
 31
0.0
  0
LINE
  5
35E
330
17
100
AcDbEntity
  8
SLOTS
100
AcDbLine
 10
30.818518613200126
 20
9.929726819150199
 30
0.0
 11
28.815379238377172
 21
7.655610027246567
 31
0.0
  0
ARC
  5
35F
330
17
100
AcDbEntity
  8
SLOTS
100
AcDbCircle
 10
30.724718640122518
 20
10.01234984893391
 30
0.0
 40
0.125
100
AcDbArc
 50
-41.37497965830091
 51
138.6250203416991
  0
ARC
  5
360
330
17
100
AcDbEntity
  8
SLOTS
100
AcDbCircle
 10
28.721579265299564
 20
7.7382330570302775
 30
0.0
 40
0.125
100
AcDbArc
 50
138.6250203416991
 51
318.6250203416991
  0
LINE
  5
361
330
17
100
AcDbEntity
  8
SLOTS
100
AcDbLine
 10
27.633783892174684
 20
7.827068134927484
 30
0.0
 11
30.360734234475668
 21
10.922910412333732
 31
0.0
  0
LINE
  5
362
330
17
100
AcDbEntity
  8
SLOTS
100
AcDbLine
 10
30.548334180630885
 20
10.757664352766309
 30
0.0
 11
27.8213838383299
 21
7.661822075360063
 31
0.0
  0
ARC
  5
363
330
17
100
AcDbEntity
  8
SLOTS
100
AcDbCircle
 10
30.454534207553277
 20
10.84028738255002
 30
0.0
 40
0.125
100
AcDbArc
 50
-41.37497965830095
 51
138.62502034169904
  0
ARC
  5
364
330
17
100
AcDbEntity
  8
SLOTS
100
AcDbCircle
 10
27.727583865252292
 20
7.7444451051437735
 30
0.0
 40
0.125
100
AcDbArc
 50
138.62502034169904
 51
318.62502034169904
  0
LINE
  5
365
330
17
100
AcDbEntity
  8
SLOTS
100
AcDbLine
 10
26.639788492127412
 20
7.83328018304098
 30
0.0
 11
30.090549801906427
 21
11.750847945949845
 31
0.0
  0
LINE
  5
366
330
17
100
AcDbEntity
  8
SLOTS
100
AcDbLine
 10
30.278149748061644
 20
11.585601886382422
 30
0.0
 11
26.82738843828263
 21
7.668034123473559
 31
0.0
  0
ARC
  5
367
330
17
100
AcDbEntity
  8
SLOTS
100
AcDbCircle
 10
30.184349774984035
 20
11.668224916166134
 30
0.0
 40
0.125
100
AcDbArc
 50
-41.37497965830095
 51
138.62502034169904
  0
ARC
  5
368
330
17
100
AcDbEntity
  8
SLOTS
100
AcDbCircle
 10
26.73358846520502
 20
7.7506571532572694
 30
0.0
 40
0.125
100
AcDbArc
 50
138.62502034169904
 51
318.62502034169904
  0
LINE
  5
369
330
17
100
AcDbEntity
  8
SLOTS
100
AcDbLine
 10
26.261360193979588
 20
8.538331014200574
 30
0.0
 11
29.820365369337186
 21
12.57878547956596
 31
0.0
  0
LINE
  5
36A
330
17
100
AcDbEntity
  8
SLOTS
100
AcDbLine
 10
30.007965315492402
 20
12.413539419998537
 30
0.0
 11
26.448960140134805
 21
8.373084954633152
 31
0.0
  0
ARC
  5
36B
330
17
100
AcDbEntity
  8
SLOTS
100
AcDbCircle
 10
29.914165342414794
 20
12.496162449782249
 30
0.0
 40
0.125
100
AcDbArc
 50
-41.37497965830096
 51
138.62502034169904
  0
ARC
  5
36C
330
17
100
AcDbEntity
  8
SLOTS
100
AcDbCircle
 10
26.355160167057196
 20
8.455707984416863
 30
0.0
 40
0.125
100
AcDbArc
 50
138.62502034169904
 51
318.62502034169904
  0
LINE
  5
36D
330
17
100
AcDbEntity
  8
SLOTS
100
AcDbLine
 10
25.916413226837854
 20
9.281392409184743
 30
0.0
 11
29.55018093676794
 21
13.406723013182074
 31
0.0
  0
LINE
  5
36E
330
17
100
AcDbEntity
  8
SLOTS
100
AcDbLine
 10
29.737780882923158
 20
13.24147695361465
 30
0.0
 11
26.10401317299307
 21
9.11614634961732
 31
0.0
  0
ARC
  5
36F
330
17
100
AcDbEntity
  8
SLOTS
100
AcDbCircle
 10
29.64398090984555
 20
13.324099983398362
 30
0.0
 40
0.125
100
AcDbArc
 50
-41.37497965830093
 51
138.62502034169907
  0
ARC
  5
370
330
17
100
AcDbEntity
  8
SLOTS
100
AcDbCircle
 10
26.010213199915462
 20
9.198769379401032
 30
0.0
 40
0.125
100
AcDbArc
 50
138.62502034169907
 51
318.62502034169904
  0
LINE
  5
371
330
17
100
AcDbEntity
  8
SLOTS
100
AcDbLine
 10
26.410338571756338
 20
10.976805714922888
 30
0.0
 11
29.2799965041987
 21
14.234660546798189
 31
0.0
  0
LINE
  5
372
330
17
100
AcDbEntity
  8
SLOTS
100
AcDbLine
 10
29.467596450353916
 20
14.069414487230766
 30
0.0
 11
26.597938517911555
 21
10.811559655355465
 31
0.0
  0
ARC
  5
373
330
17
100
AcDbEntity
  8
SLOTS
100
AcDbCircle
 10
29.373796477276308
 20
14.152037517014477
 30
0.0
 40
0.125
100
AcDbArc
 50
-41.37497965830093
 51
138.62502034169907
  0
ARC
  5
374
330
17
100
AcDbEntity
  8
SLOTS
100
AcDbCircle
 10
26.504138544833946
 20
10.894182685139176
 30
0.0
 40
0.125
100
AcDbArc
 50
138.62502034169907
 51
318.62502034169904
  0
LINE
  5
375
330
17
100
AcDbEntity
  8
SLOTS
100
AcDbLine
 10
27.04836818438741
 20
12.835817190168902
 30
0.0
 11
29.009812071629458
 21
15.062598080414302
 31
0.0
  0
LINE
  5
376
330
17
100
AcDbEntity
  8
SLOTS
100
AcDbLine
 10
29.197412017784675
 20
14.89735202084688
 30
0.0
 11
27.235968130542627
 21
12.670571130601479
 31
0.0
  0
ARC
  5
377
330
17
100
AcDbEntity
  8
SLOTS
100
AcDbCircle
 10
29.103612044707067
 20
14.97997505063059
 30
0.0
 40
0.125
100
AcDbArc
 50
-41.37497965830093
 51
138.62502034169907
  0
ARC
  5
378
330
17
100
AcDbEntity
  8
SLOTS
100
AcDbCircle
 10
27.14216815746502
 20
12.75319416038519
 30
0.0
 40
0.125
100
AcDbArc
 50
138.62502034169907
 51
318.62502034169904
  0
LINE
  5
379
330
17
100
AcDbEntity
  8
SLOTS
100
AcDbLine
 10
30.45216494408619
 20
3.6057529316379227
 30
0.0
 11
29.284980374593328
 21
6.421549154797118
 31
0.0
  0
LINE
  5
37A
330
17
100
AcDbEntity
  8
SLOTS
100
AcDbLine
 10
29.515925788170886
 20
6.5172790662537246
 30
0.0
 11
30.683110357663747
 21
3.7014828430945284
 31
0.0
  0
ARC
  5
37B
330
17
100
AcDbEntity
  8
SLOTS
100
AcDbCircle
 10
29.400453081382107
 20
6.469414110525421
 30
0.0
 40
0.125
100
AcDbArc
 50
22.5146499092165
 51
202.5146499092165
  0
ARC
  5
37C
330
17
100
AcDbEntity
  8
SLOTS
100
AcDbCircle
 10
30.567637650874968
 20
3.6536178873662255
 30
0.0
 40
0.125
100
AcDbArc
 50
202.5146499092165
 51
382.5146499092165
  0
LINE
  5
37D
330
17
100
AcDbEntity
  8
SLOTS
100
AcDbLine
 10
29.82995038765162
 20
3.148190595438584
 30
0.0
 11
28.257145010004297
 21
6.9425343161305575
 31
0.0
  0
LINE
  5
37E
330
17
100
AcDbEntity
  8
SLOTS
100
AcDbLine
 10
28.488090423581856
 20
7.038264227587164
 30
0.0
 11
30.06089580122918
 21
3.2439205068951895
 31
0.0
  0
ARC
  5
37F
330
17
100
AcDbEntity
  8
SLOTS
100
AcDbCircle
 10
28.372617716793076
 20
6.990399271858861
 30
0.0
 40
0.125
100
AcDbArc
 50
22.51464990921653
 51
202.51464990921653
  0
ARC
  5
380
330
17
100
AcDbEntity
  8
SLOTS
100
AcDbCircle
 10
29.9454230944404
 20
3.1960555511668867
 30
0.0
 40
0.125
100
AcDbArc
 50
202.51464990921653
 51
382.51464990921653
  0
LINE
  5
381
330
17
100
AcDbEntity
  8
SLOTS
100
AcDbLine
 10
28.964280796934997
 20
3.2779559055757272
 30
0.0
 11
27.44315618400598
 21
6.947621399783771
 31
0.0
  0
LINE
  5
382
330
17
100
AcDbEntity
  8
SLOTS
100
AcDbLine
 10
27.674101597583537
 20
7.043351311240378
 30
0.0
 11
29.195226210512555
 21
3.373685817032333
 31
0.0
  0
ARC
  5
383
330
17
100
AcDbEntity
  8
SLOTS
100
AcDbCircle
 10
27.558628890794758
 20
6.9954863555120745
 30
0.0
 40
0.125
100
AcDbArc
 50
22.514649909216516
 51
202.51464990921653
  0
ARC
  5
384
330
17
100
AcDbEntity
  8
SLOTS
100
AcDbCircle
 10
29.079753503723776
 20
3.32582086130403
 30
0.0
 40
0.125
100
AcDbArc
 50
202.51464990921653
 51
382.51464990921653
  0
LINE
  5
385
330
17
100
AcDbEntity
  8
SLOTS
100
AcDbLine
 10
28.098611206218372
 20
3.4077212157128707
 30
0.0
 11
26.636164072938275
 21
6.935829127771146
 31
0.0
  0
LINE
  5
386
330
17
100
AcDbEntity
  8
SLOTS
100
AcDbLine
 10
26.867109486515833
 20
7.031559039227752
 30
0.0
 11
28.32955661979593
 21
3.5034511271694764
 31
0.0
  0
ARC
  5
387
330
17
100
AcDbEntity
  8
SLOTS
100
AcDbCircle
 10
26.751636779727054
 20
6.983694083499449
 30
0.0
 40
0.125
100
AcDbArc
 50
22.514649909216487
 51
202.51464990921647
  0
ARC
  5
388
330
17
100
AcDbEntity
  8
SLOTS
100
AcDbCircle
 10
28.21408391300715
 20
3.4555861714411735
 30
0.0
 40
0.125
100
AcDbArc
 50
202.51464990921647
 51
382.5146499092165
  0
LINE
  5
389
330
17
100
AcDbEntity
  8
SLOTS
100
AcDbLine
 10
27.23294161550175
 20
3.537486525850014
 30
0.0
 11
26.46036446613459
 21
5.401304705208199
 31
0.0
  0
LINE
  5
38A
330
17
100
AcDbEntity
  8
SLOTS
100
AcDbLine
 10
26.691309879712147
 20
5.497034616664806
 30
0.0
 11
27.46388702907931
 21
3.63321643730662
 31
0.0
  0
ARC
  5
38B
330
17
100
AcDbEntity
  8
SLOTS
100
AcDbCircle
 10
26.575837172923368
 20
5.449169660936502
 30
0.0
 40
0.125
100
AcDbArc
 50
22.51464990921653
 51
202.51464990921653
  0
ARC
  5
38C
330
17
100
AcDbEntity
  8
SLOTS
100
AcDbCircle
 10
27.34841432229053
 20
3.585351481578317
 30
0.0
 40
0.125
100
AcDbArc
 50
202.51464990921653
 51
382.51464990921653
  0
LINE
  5
38D
330
17
100
AcDbEntity
  8
SLOTS
100
AcDbLine
 10
26.36727202478513
 20
3.6672518359871566
 30
0.0
 11
26.284564859330903
 21
3.86678028264526
 31
0.0
  0
LINE
  5
38E
330
17
100
AcDbEntity
  8
SLOTS
100
AcDbLine
 10
26.51551027290846
 20
3.9625101941018657
 30
0.0
 11
26.59821743836269
 21
3.7629817474437623
 31
0.0
  0
ARC
  5
38F
330
17
100
AcDbEntity
  8
SLOTS
100
AcDbCircle
 10
26.400037566119682
 20
3.914645238373563
 30
0.0
 40
0.125
100
AcDbArc
 50
22.51464990921636
 51
202.51464990921636
  0
ARC
  5
390
330
17
100
AcDbEntity
  8
SLOTS
100
AcDbCircle
 10
26.48274473157391
 20
3.7151167917154595
 30
0.0
 40
0.125
100
AcDbArc
 50
202.51464990921636
 51
382.51464990921636
  0
LINE
  5
391
330
17
100
AcDbEntity
  8
SLOTS
100
AcDbLine
 10
24.428238508604082
 20
1.189625153311926
 30
0.0
 11
24.905799309489613
 21
1.9803093858700178
 31
0.0
  0
LINE
  5
392
330
17
100
AcDbEntity
  8
SLOTS
100
AcDbLine
 10
25.11979547356187
 20
1.8510590792461659
 30
0.0
 11
24.642234672676338
 21
1.060374846688074
 31
0.0
  0
ARC
  5
393
330
17
100
AcDbEntity
  8
SLOTS
100
AcDbCircle
 10
25.01279739152574
 20
1.9156842325580918
 30
0.0
 40
0.125
100
AcDbArc
 50
-31.131313805166563
 51
148.86868619483343
  0
ARC
  5
394
330
17
100
AcDbEntity
  8
SLOTS
100
AcDbCircle
 10
24.53523659064021
 20
1.125
 30
0.0
 40
0.125
100
AcDbArc
 50
148.86868619483343
 51
328.86868619483346
  0
LINE
  5
395
330
17
100
AcDbEntity
  8
SLOTS
100
AcDbLine
 10
23.5520545787992
 20
1.1896251533119262
 30
0.0
 11
25.608632906862542
 21
4.5946451088968665
 31
0.0
  0
LINE
  5
396
330
17
100
AcDbEntity
  8
SLOTS
100
AcDbLine
 10
25.8226290709348
 20
4.465394802273014
 30
0.0
 11
23.766050742871457
 21
1.0603748466880738
 31
0.0
  0
ARC
  5
397
330
17
100
AcDbEntity
  8
SLOTS
100
AcDbCircle
 10
25.71563098889867
 20
4.53001995558494
 30
0.0
 40
0.125
100
AcDbArc
 50
-31.131313805166705
 51
148.8686861948333
  0
ARC
  5
398
330
17
100
AcDbEntity
  8
SLOTS
100
AcDbCircle
 10
23.65905266083533
 20
1.125
 30
0.0
 40
0.125
100
AcDbArc
 50
148.8686861948333
 51
328.8686861948333
  0
LINE
  5
399
330
17
100
AcDbEntity
  8
SLOTS
100
AcDbLine
 10
22.67587064899432
 20
1.1896251533119262
 30
0.0
 11
25.813728587876096
 21
6.384889906366351
 31
0.0
  0
LINE
  5
39A
330
17
100
AcDbEntity
  8
SLOTS
100
AcDbLine
 10
26.02772475194835
 20
6.255639599742499
 30
0.0
 11
22.889866813066575
 21
1.0603748466880738
 31
0.0
  0
ARC
  5
39B
330
17
100
AcDbEntity
  8
SLOTS
100
AcDbCircle
 10
25.920726669912224
 20
6.320264753054425
 30
0.0
 40
0.125
100
AcDbArc
 50
-31.13131380516669
 51
148.86868619483332
  0
ARC
  5
39C
330
17
100
AcDbEntity
  8
SLOTS
100
AcDbCircle
 10
22.782868731030447
 20
1.125
 30
0.0
 40
0.125
100
AcDbArc
 50
148.86868619483332
 51
328.8686861948333
  0
LINE
  5
39D
330
17
100
AcDbEntity
  8
SLOTS
100
AcDbLine
 10
21.799686719189435
 20
1.1896251533119262
 30
0.0
 11
25.06952458889661
 21
6.603405433864096
 31
0.0
  0
LINE
  5
39E
330
17
100
AcDbEntity
  8
SLOTS
100
AcDbLine
 10
25.283520752968865
 20
6.474155127240244
 30
0.0
 11
22.01368288326169
 21
1.0603748466880738
 31
0.0
  0
ARC
  5
39F
330
17
100
AcDbEntity
  8
SLOTS
100
AcDbCircle
 10
25.176522670932737
 20
6.53878028055217
 30
0.0
 40
0.125
100
AcDbArc
 50
-31.13131380516672
 51
148.8686861948333
  0
ARC
  5
3A0
330
17
100
AcDbEntity
  8
SLOTS
100
AcDbCircle
 10
21.906684801225563
 20
1.125
 30
0.0
 40
0.125
100
AcDbArc
 50
148.8686861948333
 51
328.8686861948333
  0
LINE
  5
3A1
330
17
100
AcDbEntity
  8
SLOTS
100
AcDbLine
 10
20.923502789384553
 20
1.1896251533119262
 30
0.0
 11
23.97697141119034
 21
6.2451688440752156
 31
0.0
  0
LINE
  5
3A2
330
17
100
AcDbEntity
  8
SLOTS
100
AcDbLine
 10
24.190967575262597
 20
6.115918537451363
 30
0.0
 11
21.13749895345681
 21
1.0603748466880738
 31
0.0
  0
ARC
  5
3A3
330
17
100
AcDbEntity
  8
SLOTS
100
AcDbCircle
 10
24.08396949322647
 20
6.180543690763289
 30
0.0
 40
0.125
100
AcDbArc
 50
-31.131313805166727
 51
148.8686861948333
  0
ARC
  5
3A4
330
17
100
AcDbEntity
  8
SLOTS
100
AcDbCircle
 10
21.03050087142068
 20
1.125
 30
0.0
 40
0.125
100
AcDbArc
 50
148.8686861948333
 51
328.8686861948333
  0
LINE
  5
3A5
330
17
100
AcDbEntity
  8
SLOTS
100
AcDbLine
 10
20.047318859579672
 20
1.1896251533119262
 30
0.0
 11
22.884418233484073
 21
5.886932254286336
 31
0.0
  0
LINE
  5
3A6
330
17
100
AcDbEntity
  8
SLOTS
100
AcDbLine
 10
23.09841439755633
 20
5.757681947662483
 30
0.0
 11
20.261315023651928
 21
1.0603748466880738
 31
0.0
  0
ARC
  5
3A7
330
17
100
AcDbEntity
  8
SLOTS
100
AcDbCircle
 10
22.9914163155202
 20
5.82230710097441
 30
0.0
 40
0.125
100
AcDbArc
 50
-31.131313805166727
 51
148.8686861948333
  0
ARC
  5
3A8
330
17
100
AcDbEntity
  8
SLOTS
100
AcDbCircle
 10
20.1543169416158
 20
1.125
 30
0.0
 40
0.125
100
AcDbArc
 50
148.8686861948333
 51
328.8686861948333
  0
LINE
  5
3A9
330
17
100
AcDbEntity
  8
SLOTS
100
AcDbLine
 10
19.34444784275431
 20
1.4765745581573777
 30
0.0
 11
21.791865055777798
 21
5.528695664497453
 31
0.0
  0
LINE
  5
3AA
330
17
100
AcDbEntity
  8
SLOTS
100
AcDbLine
 10
22.005861219850054
 20
5.399445357873601
 30
0.0
 11
19.558444006826566
 21
1.3473242515335253
 31
0.0
  0
ARC
  5
3AB
330
17
100
AcDbEntity
  8
SLOTS
100
AcDbCircle
 10
21.898863137813926
 20
5.464070511185527
 30
0.0
 40
0.125
100
AcDbArc
 50
-31.13131380516672
 51
148.8686861948333
  0
ARC
  5
3AC
330
17
100
AcDbEntity
  8
SLOTS
100
AcDbCircle
 10
19.451445924790438
 20
1.4119494048454515
 30
0.0
 40
0.125
100
AcDbArc
 50
148.8686861948333
 51
328.8686861948333
  0
LINE
  5
3AD
330
17
100
AcDbEntity
  8
SLOTS
100
AcDbLine
 10
18.792674364264702
 20
2.0136919854177524
 30
0.0
 11
20.69931187807153
 21
5.170459074708574
 31
0.0
  0
LINE
  5
3AE
330
17
100
AcDbEntity
  8
SLOTS
100
AcDbLine
 10
20.913308042143786
 20
5.041208768084721
 30
0.0
 11
19.006670528336958
 21
1.8844416787939
 31
0.0
  0
ARC
  5
3AF
330
17
100
AcDbEntity
  8
SLOTS
100
AcDbCircle
 10
20.806309960107658
 20
5.1058339213966475
 30
0.0
 40
0.125
100
AcDbArc
 50
-31.131313805166727
 51
148.8686861948333
  0
ARC
  5
3B0
330
17
100
AcDbEntity
  8
SLOTS
100
AcDbCircle
 10
18.89967244630083
 20
1.9490668321058262
 30
0.0
 40
0.125
100
AcDbArc
 50
148.8686861948333
 51
328.8686861948333
  0
LINE
  5
3B1
330
17
100
AcDbEntity
  8
SLOTS
100
AcDbLine
 10
18.602044252800308
 20
3.148744514282537
 30
0.0
 11
19.606758700365262
 21
4.812222484919693
 31
0.0
  0
LINE
  5
3B2
330
17
100
AcDbEntity
  8
SLOTS
100
AcDbLine
 10
19.820754864437518
 20
4.682972178295841
 30
0.0
 11
18.816040416872564
 21
3.019494207658685
 31
0.0
  0
ARC
  5
3B3
330
17
100
AcDbEntity
  8
SLOTS
100
AcDbCircle
 10
19.71375678240139
 20
4.747597331607767
 30
0.0
 40
0.125
100
AcDbArc
 50
-31.131313805166727
 51
148.8686861948333
  0
ARC
  5
3B4
330
17
100
AcDbEntity
  8
SLOTS
100
AcDbCircle
 10
18.709042334836436
 20
3.084119360970611
 30
0.0
 40
0.125
100
AcDbArc
 50
148.8686861948333
 51
328.8686861948333
  0
LINE
  5
3B5
330
17
100
AcDbEntity
  8
SLOTS
100
AcDbLine
 10
16.377841287870172
 20
3.819690370875626
 30
0.0
 11
17.900968854619094
 21
4.328943217401426
 31
0.0
  0
LINE
  5
3B6
330
17
100
AcDbEntity
  8
SLOTS
100
AcDbLine
 10
17.980242028270254
 20
4.091844579827794
 30
0.0
 11
16.457114461521332
 21
3.582591733301994
 31
0.0
  0
ARC
  5
3B7
330
17
100
AcDbEntity
  8
SLOTS
100
AcDbCircle
 10
17.940605441444674
 20
4.21039389861461
 30
0.0
 40
0.125
100
AcDbArc
 50
-71.5128058205983
 51
108.4871941794017
  0
ARC
  5
3B8
330
17
100
AcDbEntity
  8
SLOTS
100
AcDbCircle
 10
16.417477874695752
 20
3.70114105208881
 30
0.0
 40
0.125
100
AcDbArc
 50
108.4871941794017
 51
288.4871941794017
  0
LINE
  5
3B9
330
17
100
AcDbEntity
  8
SLOTS
100
AcDbLine
 10
14.214999083370726
 20
3.8873610859284167
 30
0.0
 11
17.213900512065344
 21
4.89003421873291
 31
0.0
  0
LINE
  5
3BA
330
17
100
AcDbEntity
  8
SLOTS
100
AcDbLine
 10
17.29317368571651
 20
4.652935581159277
 30
0.0
 11
14.29427225702189
 21
3.650262448354785
 31
0.0
  0
ARC
  5
3BB
330
17
100
AcDbEntity
  8
SLOTS
100
AcDbCircle
 10
17.253537098890927
 20
4.771484899946094
 30
0.0
 40
0.125
100
AcDbArc
 50
-71.51280582059827
 51
108.48719417940173
  0
ARC
  5
3BC
330
17
100
AcDbEntity
  8
SLOTS
100
AcDbCircle
 10
14.254635670196308
 20
3.768811767141601
 30
0.0
 40
0.125
100
AcDbArc
 50
108.48719417940173
 51
288.48719417940174
  0
LINE
  5
3BD
330
17
100
AcDbEntity
  8
SLOTS
100
AcDbLine
 10
12.052156878871278
 20
3.955031800981208
 30
0.0
 11
15.682115521020842
 21
5.168696901424053
 31
0.0
  0
LINE
  5
3BE
330
17
100
AcDbEntity
  8
SLOTS
100
AcDbLine
 10
15.761388694672005
 20
4.931598263850421
 30
0.0
 11
12.131430052522441
 21
3.7179331634075763
 31
0.0
  0
ARC
  5
3BF
330
17
100
AcDbEntity
  8
SLOTS
100
AcDbCircle
 10
15.721752107846424
 20
5.050147582637237
 30
0.0
 40
0.125
100
AcDbArc
 50
-71.51280582059827
 51
108.48719417940173
  0
ARC
  5
3C0
330
17
100
AcDbEntity
  8
SLOTS
100
AcDbCircle
 10
12.09179346569686
 20
3.836482482194392
 30
0.0
 40
0.125
100
AcDbArc
 50
108.48719417940173
 51
288.48719417940174
  0
LINE
  5
3C1
330
17
100
AcDbEntity
  8
SLOTS
100
AcDbLine
 10
11.52575907460102
 20
4.569842484603222
 30
0.0
 11
14.15033052997634
 21
5.447359584115197
 31
0.0
  0
LINE
  5
3C2
330
17
100
AcDbEntity
  8
SLOTS
100
AcDbLine
 10
14.229603703627504
 20
5.210260946541564
 30
0.0
 11
11.605032248252183
 21
4.332743847029589
 31
0.0
  0
ARC
  5
3C3
330
17
100
AcDbEntity
  8
SLOTS
100
AcDbCircle
 10
14.189967116801922
 20
5.32881026532838
 30
0.0
 40
0.125
100
AcDbArc
 50
-71.51280582059829
 51
108.48719417940171
  0
ARC
  5
3C4
330
17
100
AcDbEntity
  8
SLOTS
100
AcDbCircle
 10
11.565395661426601
 20
4.451293165816406
 30
0.0
 40
0.125
100
AcDbArc
 50
108.48719417940171
 51
288.48719417940174
  0
LINE
  5
3C5
330
17
100
AcDbEntity
  8
SLOTS
100
AcDbLine
 10
11.216870937352853
 20
5.257376832018092
 30
0.0
 11
12.618545538931837
 21
5.72602226680634
 31
0.0
  0
LINE
  5
3C6
330
17
100
AcDbEntity
  8
SLOTS
100
AcDbLine
 10
12.697818712583
 20
5.4889236292327075
 30
0.0
 11
11.296144111004017
 21
5.020278194444459
 31
0.0
  0
ARC
  5
3C7
330
17
100
AcDbEntity
  8
SLOTS
100
AcDbCircle
 10
12.658182125757419
 20
5.607472948019524
 30
0.0
 40
0.125
100
AcDbArc
 50
-71.51280582059827
 51
108.48719417940173
  0
ARC
  5
3C8
330
17
100
AcDbEntity
  8
SLOTS
100
AcDbCircle
 10
11.256507524178435
 20
5.138827513231275
 30
0.0
 40
0.125
100
AcDbArc
 50
108.48719417940173
 51
288.48719417940174
  0
LINE
  5
3C9
330
17
100
AcDbEntity
  8
SLOTS
100
AcDbLine
 10
10.907982800104687
 20
5.944911179432961
 30
0.0
 11
11.086760547887334
 21
6.0046849494974825
 31
0.0
  0
LINE
  5
3CA
330
17
100
AcDbEntity
  8
SLOTS
100
AcDbLine
 10
11.166033721538497
 20
5.76758631192385
 30
0.0
 11
10.98725597375585
 21
5.707812541859329
 31
0.0
  0
ARC
  5
3CB
330
17
100
AcDbEntity
  8
SLOTS
100
AcDbCircle
 10
11.126397134712915
 20
5.886135630710666
 30
0.0
 40
0.125
100
AcDbArc
 50
-71.51280582059837
 51
108.48719417940163
  0
ARC
  5
3CC
330
17
100
AcDbEntity
  8
SLOTS
100
AcDbCircle
 10
10.947619386930269
 20
5.826361860646145
 30
0.0
 40
0.125
100
AcDbArc
 50
108.48719417940163
 51
288.4871941794016
  0
LINE
  5
3CD
330
17
100
AcDbEntity
  8
SLOTS
100
AcDbLine
 10
28.77377513117878
 20
1.1843818664373402
 30
0.0
 11
29.508866487983703
 21
2.546009988896351
 31
0.0
  0
LINE
  5
3CE
330
17
100
AcDbEntity
  8
SLOTS
100
AcDbLine
 10
29.728855523514277
 20
2.4272462560216708
 30
0.0
 11
28.993764166709354
 21
1.0656181335626598
 31
0.0
  0
ARC
  5
3CF
330
17
100
AcDbEntity
  8
SLOTS
100
AcDbCircle
 10
29.61886100574899
 20
2.486628122459011
 30
0.0
 40
0.125
100
AcDbArc
 50
-28.3629266723309
 51
151.6370733276691
  0
ARC
  5
3D0
330
17
100
AcDbEntity
  8
SLOTS
100
AcDbCircle
 10
28.883769648944067
 20
1.125
 30
0.0
 40
0.125
100
AcDbArc
 50
151.6370733276691
 51
331.6370733276691
  0
LINE
  5
3D1
330
17
100
AcDbEntity
  8
SLOTS
100
AcDbLine
 10
27.92145992579691
 20
1.1843818664373402
 30
0.0
 11
28.72036197190129
 21
2.664208126120126
 31
0.0
  0
LINE
  5
3D2
330
17
100
AcDbEntity
  8
SLOTS
100
AcDbLine
 10
28.940351007431865
 20
2.5454443932454454
 30
0.0
 11
28.141448961327484
 21
1.0656181335626598
 31
0.0
  0
ARC
  5
3D3
330
17
100
AcDbEntity
  8
SLOTS
100
AcDbCircle
 10
28.830356489666578
 20
2.6048262596827856
 30
0.0
 40
0.125
100
AcDbArc
 50
-28.362926672330858
 51
151.63707332766916
  0
ARC
  5
3D4
330
17
100
AcDbEntity
  8
SLOTS
100
AcDbCircle
 10
28.031454443562197
 20
1.125
 30
0.0
 40
0.125
100
AcDbArc
 50
151.63707332766916
 51
331.63707332766916
  0
LINE
  5
3D5
330
17
100
AcDbEntity
  8
SLOTS
100
AcDbLine
 10
27.06914472041504
 20
1.18438186643734
 30
0.0
 11
27.931857455818875
 21
2.7824062633439
 31
0.0
  0
LINE
  5
3D6
330
17
100
AcDbEntity
  8
SLOTS
100
AcDbLine
 10
28.15184649134945
 20
2.6636425304692204
 30
0.0
 11
27.289133755945613
 21
1.06561813356266
 31
0.0
  0
ARC
  5
3D7
330
17
100
AcDbEntity
  8
SLOTS
100
AcDbCircle
 10
28.041851973584162
 20
2.72302439690656
 30
0.0
 40
0.125
100
AcDbArc
 50
-28.362926672330723
 51
151.63707332766927
  0
ARC
  5
3D8
330
17
100
AcDbEntity
  8
SLOTS
100
AcDbCircle
 10
27.179139238180326
 20
1.125
 30
0.0
 40
0.125
100
AcDbArc
 50
151.63707332766927
 51
331.63707332766927
  0
LINE
  5
3D9
330
17
100
AcDbEntity
  8
SLOTS
100
AcDbLine
 10
26.216829515033165
 20
1.18438186643734
 30
0.0
 11
27.143352939736463
 21
2.9006044005676754
 31
0.0
  0
LINE
  5
3DA
330
17
100
AcDbEntity
  8
SLOTS
100
AcDbLine
 10
27.363341975267037
 20
2.781840667692995
 30
0.0
 11
26.43681855056374
 21
1.06561813356266
 31
0.0
  0
ARC
  5
3DB
330
17
100
AcDbEntity
  8
SLOTS
100
AcDbCircle
 10
27.25334745750175
 20
2.841222534130335
 30
0.0
 40
0.125
100
AcDbArc
 50
-28.3629266723308
 51
151.6370733276692
  0
ARC
  5
3DC
330
17
100
AcDbEntity
  8
SLOTS
100
AcDbCircle
 10
26.326824032798452
 20
1.125
 30
0.0
 40
0.125
100
AcDbArc
 50
151.6370733276692
 51
331.6370733276692
  0
LINE
  5
3DD
330
17
100
AcDbEntity
  8
SLOTS
100
AcDbLine
 10
25.509742624589624
 20
1.453391909837757
 30
0.0
 11
26.35484842365405
 21
3.0188025377914496
 31
0.0
  0
LINE
  5
3DE
330
17
100
AcDbEntity
  8
SLOTS
100
AcDbLine
 10
26.574837459184625
 20
2.90003880491677
 30
0.0
 11
25.729731660120198
 21
1.334628176963077
 31
0.0
  0
ARC
  5
3DF
330
17
100
AcDbEntity
  8
SLOTS
100
AcDbCircle
 10
26.464842941419338
 20
2.95942067135411
 30
0.0
 40
0.125
100
AcDbArc
 50
-28.362926672330744
 51
151.63707332766927
  0
ARC
  5
3E0
330
17
100
AcDbEntity
  8
SLOTS
100
AcDbCircle
 10
25.61973714235491
 20
1.394010043400417
 30
0.0
 40
0.125
100
AcDbArc
 50
151.63707332766927
 51
331.63707332766927
  0
LINE
  5
3E1
330
17
100
AcDbEntity
  8
SLOTS
100
AcDbLine
 10
12.037027237230534
 20
19.509086816746727
 30
0.0
 11
10.470765019581721
 21
20.639262246062053
 31
0.0
  0
LINE
  5
3E2
330
17
100
AcDbEntity
  8
SLOTS
100
AcDbLine
 10
10.617051392090653
 20
20.841994328422437
 30
0.0
 11
12.183313609739466
 21
19.71181889910711
 31
0.0
  0
ARC
  5
3E3
330
17
100
AcDbEntity
  8
SLOTS
100
AcDbCircle
 10
10.543908205836187
 20
20.740628287242245
 30
0.0
 40
0.125
100
AcDbArc
 50
54.186731120035404
 51
234.1867311200354
  0
ARC
  5
3E4
330
17
100
AcDbEntity
  8
SLOTS
100
AcDbCircle
 10
12.110170423485
 20
19.61045285792692
 30
0.0
 40
0.125
100
AcDbArc
 50
234.1867311200354
 51
414.1867311200354
  0
LINE
  5
3E5
330
17
100
AcDbEntity
  8
SLOTS
100
AcDbLine
 10
12.187036450490066
 20
18.475977990496236
 30
0.0
 11
9.237971251404067
 21
20.60394927774287
 31
0.0
  0
LINE
  5
3E6
330
17
100
AcDbEntity
  8
SLOTS
100
AcDbLine
 10
9.384257623913
 20
20.806681360103255
 30
0.0
 11
12.333322822998998
 21
18.67871007285662
 31
0.0
  0
ARC
  5
3E7
330
17
100
AcDbEntity
  8
SLOTS
100
AcDbCircle
 10
9.311114437658533
 20
20.705315318923063
 30
0.0
 40
0.125
100
AcDbArc
 50
54.18673112003535
 51
234.18673112003535
  0
ARC
  5
3E8
330
17
100
AcDbEntity
  8
SLOTS
100
AcDbCircle
 10
12.260179636744532
 20
18.57734403167643
 30
0.0
 40
0.125
100
AcDbArc
 50
234.18673112003535
 51
414.18673112003535
  0
LINE
  5
3E9
330
17
100
AcDbEntity
  8
SLOTS
100
AcDbLine
 10
11.968217799466787
 20
17.709006076163995
 30
0.0
 11
8.005177483226413
 21
20.568636309423688
 31
0.0
  0
LINE
  5
3EA
330
17
100
AcDbEntity
  8
SLOTS
100
AcDbLine
 10
8.151463855735345
 20
20.771368391784073
 30
0.0
 11
12.11450417197572
 21
17.91173815852438
 31
0.0
  0
ARC
  5
3EB
330
17
100
AcDbEntity
  8
SLOTS
100
AcDbCircle
 10
8.07832066948088
 20
20.67000235060388
 30
0.0
 40
0.125
100
AcDbArc
 50
54.18673112003532
 51
234.18673112003532
  0
ARC
  5
3EC
330
17
100
AcDbEntity
  8
SLOTS
100
AcDbCircle
 10
12.041360985721253
 20
17.810372117344187
 30
0.0
 40
0.125
100
AcDbArc
 50
234.18673112003532
 51
414.18673112003535
  0
LINE
  5
3ED
330
17
100
AcDbEntity
  8
SLOTS
100
AcDbLine
 10
11.508613876272282
 20
17.115778759181122
 30
0.0
 11
6.772383715048758
 21
20.533323341104502
 31
0.0
  0
LINE
  5
3EE
330
17
100
AcDbEntity
  8
SLOTS
100
AcDbLine
 10
6.91867008755769
 20
20.736055423464887
 30
0.0
 11
11.654900248781214
 21
17.318510841541507
 31
0.0
  0
ARC
  5
3EF
330
17
100
AcDbEntity
  8
SLOTS
100
AcDbCircle
 10
6.845526901303224
 20
20.634689382284694
 30
0.0
 40
0.125
100
AcDbArc
 50
54.18673112003535
 51
234.18673112003535
  0
ARC
  5
3F0
330
17
100
AcDbEntity
  8
SLOTS
100
AcDbCircle
 10
11.581757062526748
 20
17.217144800361314
 30
0.0
 40
0.125
100
AcDbArc
 50
234.18673112003535
 51
414.18673112003535
  0
LINE
  5
3F1
330
17
100
AcDbEntity
  8
SLOTS
100
AcDbLine
 10
11.049009953077777
 20
16.522551442198246
 30
0.0
 11
5.539589946871103
 21
20.49801037278532
 31
0.0
  0
LINE
  5
3F2
330
17
100
AcDbEntity
  8
SLOTS
100
AcDbLine
 10
5.685876319380035
 20
20.700742455145704
 30
0.0
 11
11.195296325586709
 21
16.72528352455863
 31
0.0
  0
ARC
  5
3F3
330
17
100
AcDbEntity
  8
SLOTS
100
AcDbCircle
 10
5.612733133125569
 20
20.599376413965512
 30
0.0
 40
0.125
100
AcDbArc
 50
54.18673112003532
 51
234.18673112003532
  0
ARC
  5
3F4
330
17
100
AcDbEntity
  8
SLOTS
100
AcDbCircle
 10
11.122153139332243
 20
16.623917483378438
 30
0.0
 40
0.125
100
AcDbArc
 50
234.18673112003532
 51
414.18673112003535
  0
LINE
  5
3F5
330
17
100
AcDbEntity
  8
SLOTS
100
AcDbLine
 10
10.589406029883273
 20
15.929324125215377
 30
0.0
 11
4.3067961786934505
 21
20.462697404466134
 31
0.0
  0
LINE
  5
3F6
330
17
100
AcDbEntity
  8
SLOTS
100
AcDbLine
 10
4.453082551202383
 20
20.66542948682652
 30
0.0
 11
10.735692402392205
 21
16.13205620757576
 31
0.0
  0
ARC
  5
3F7
330
17
100
AcDbEntity
  8
SLOTS
100
AcDbCircle
 10
4.379939364947917
 20
20.564063445646326
 30
0.0
 40
0.125
100
AcDbArc
 50
54.186731120035375
 51
234.18673112003538
  0
ARC
  5
3F8
330
17
100
AcDbEntity
  8
SLOTS
100
AcDbCircle
 10
10.662549216137739
 20
16.03069016639557
 30
0.0
 40
0.125
100
AcDbArc
 50
234.18673112003538
 51
414.18673112003535
  0
LINE
  5
3F9
330
17
100
AcDbEntity
  8
SLOTS
100
AcDbLine
 10
10.129802106688768
 20
15.336096808232503
 30
0.0
 11
3.729323387396873
 21
19.954521298646448
 31
0.0
  0
LINE
  5
3FA
330
17
100
AcDbEntity
  8
SLOTS
100
AcDbLine
 10
3.8756097599058044
 20
20.157253381006832
 30
0.0
 11
10.2760884791977
 21
15.538828890592887
 31
0.0
  0
ARC
  5
3FB
330
17
100
AcDbEntity
  8
SLOTS
100
AcDbCircle
 10
3.8024665736513388
 20
20.05588733982664
 30
0.0
 40
0.125
100
AcDbArc
 50
54.18673112003535
 51
234.18673112003535
  0
ARC
  5
3FC
330
17
100
AcDbEntity
  8
SLOTS
100
AcDbCircle
 10
10.202945292943234
 20
15.437462849412695
 30
0.0
 40
0.125
100
AcDbArc
 50
234.18673112003535
 51
414.18673112003535
  0
LINE
  5
3FD
330
17
100
AcDbEntity
  8
SLOTS
100
AcDbLine
 10
9.670198183494263
 20
14.742869491249628
 30
0.0
 11
3.5276885210069286
 21
19.175149997445004
 31
0.0
  0
LINE
  5
3FE
330
17
100
AcDbEntity
  8
SLOTS
100
AcDbLine
 10
3.67397489351586
 20
19.37788207980539
 30
0.0
 11
9.816484556003195
 21
14.945601573610013
 31
0.0
  0
ARC
  5
3FF
330
17
100
AcDbEntity
  8
SLOTS
100
AcDbCircle
 10
3.6008317072613942
 20
19.276516038625196
 30
0.0
 40
0.125
100
AcDbArc
 50
54.18673112003535
 51
234.18673112003535
  0
ARC
  5
400
330
17
100
AcDbEntity
  8
SLOTS
100
AcDbCircle
 10
9.743341369748729
 20
14.84423553242982
 30
0.0
 40
0.125
100
AcDbArc
 50
234.18673112003535
 51
414.18673112003535
  0
LINE
  5
401
330
17
100
AcDbEntity
  8
SLOTS
100
AcDbLine
 10
9.210594260299757
 20
14.149642174266756
 30
0.0
 11
3.539777405522312
 21
18.2415610121211
 31
0.0
  0
LINE
  5
402
330
17
100
AcDbEntity
  8
SLOTS
100
AcDbLine
 10
3.6860637780312433
 20
18.444293094481484
 30
0.0
 11
9.35688063280869
 21
14.35237425662714
 31
0.0
  0
ARC
  5
403
330
17
100
AcDbEntity
  8
SLOTS
100
AcDbCircle
 10
3.6129205917767777
 20
18.342927053301292
 30
0.0
 40
0.125
100
AcDbArc
 50
54.18673112003535
 51
234.18673112003535
  0
ARC
  5
404
330
17
100
AcDbEntity
  8
SLOTS
100
AcDbCircle
 10
9.283737446554223
 20
14.251008215446948
 30
0.0
 40
0.125
100
AcDbArc
 50
234.18673112003535
 51
414.18673112003535
  0
LINE
  5
405
330
17
100
AcDbEntity
  8
SLOTS
100
AcDbLine
 10
8.750990337105254
 20
13.556414857283883
 30
0.0
 11
3.6706893231264597
 21
17.222232314174086
 31
0.0
  0
LINE
  5
406
330
17
100
AcDbEntity
  8
SLOTS
100
AcDbLine
 10
3.816975695635391
 20
17.42496439653447
 30
0.0
 11
8.897276709614186
 21
13.759146939644268
 31
0.0
  0
ARC
  5
407
330
17
100
AcDbEntity
  8
SLOTS
100
AcDbCircle
 10
3.7438325093809253
 20
17.323598355354278
 30
0.0
 40
0.125
100
AcDbArc
 50
54.18673112003535
 51
234.18673112003535
  0
ARC
  5
408
330
17
100
AcDbEntity
  8
SLOTS
100
AcDbCircle
 10
8.82413352335972
 20
13.657780898464075
 30
0.0
 40
0.125
100
AcDbArc
 50
234.18673112003535
 51
414.18673112003535
  0
LINE
  5
409
330
17
100
AcDbEntity
  8
SLOTS
100
AcDbLine
 10
8.291386413910748
 20
12.96318754030101
 30
0.0
 11
3.8016012407306072
 21
16.20290361622707
 31
0.0
  0
LINE
  5
40A
330
17
100
AcDbEntity
  8
SLOTS
100
AcDbLine
 10
3.9478876132395384
 20
16.405635698587453
 30
0.0
 11
8.43767278641968
 21
13.165919622661395
 31
0.0
  0
ARC
  5
40B
330
17
100
AcDbEntity
  8
SLOTS
100
AcDbCircle
 10
3.874744426985073
 20
16.30426965740726
 30
0.0
 40
0.125
100
AcDbArc
 50
54.186731120035375
 51
234.18673112003538
  0
ARC
  5
40C
330
17
100
AcDbEntity
  8
SLOTS
100
AcDbCircle
 10
8.364529600165215
 20
13.064553581481203
 30
0.0
 40
0.125
100
AcDbArc
 50
234.18673112003538
 51
414.18673112003535
  0
LINE
  5
40D
330
17
100
AcDbEntity
  8
SLOTS
100
AcDbLine
 10
7.831782490716243
 20
12.369960223318138
 30
0.0
 11
3.932513158334755
 21
15.183574918280055
 31
0.0
  0
LINE
  5
40E
330
17
100
AcDbEntity
  8
SLOTS
100
AcDbLine
 10
4.078799530843686
 20
15.38630700064044
 30
0.0
 11
7.978068863225175
 21
12.572692305678522
 31
0.0
  0
ARC
  5
40F
330
17
100
AcDbEntity
  8
SLOTS
100
AcDbCircle
 10
4.00565634458922
 20
15.284940959460247
 30
0.0
 40
0.125
100
AcDbArc
 50
54.18673112003535
 51
234.18673112003535
  0
ARC
  5
410
330
17
100
AcDbEntity
  8
SLOTS
100
AcDbCircle
 10
7.904925676970709
 20
12.47132626449833
 30
0.0
 40
0.125
100
AcDbArc
 50
234.18673112003535
 51
414.18673112003535
  0
LINE
  5
411
330
17
100
AcDbEntity
  8
SLOTS
100
AcDbLine
 10
7.372178567521739
 20
11.776732906335265
 30
0.0
 11
4.063425075938902
 21
14.164246220333041
 31
0.0
  0
LINE
  5
412
330
17
100
AcDbEntity
  8
SLOTS
100
AcDbLine
 10
4.209711448447834
 20
14.366978302693425
 30
0.0
 11
7.518464940030671
 21
11.97946498869565
 31
0.0
  0
ARC
  5
413
330
17
100
AcDbEntity
  8
SLOTS
100
AcDbCircle
 10
4.136568262193368
 20
14.265612261513233
 30
0.0
 40
0.125
100
AcDbArc
 50
54.18673112003535
 51
234.18673112003535
  0
ARC
  5
414
330
17
100
AcDbEntity
  8
SLOTS
100
AcDbCircle
 10
7.445321753776205
 20
11.878098947515458
 30
0.0
 40
0.125
100
AcDbArc
 50
234.18673112003535
 51
414.18673112003535
  0
LINE
  5
415
330
17
100
AcDbEntity
  8
SLOTS
100
AcDbLine
 10
6.912574644327233
 20
11.183505589352391
 30
0.0
 11
4.1943369935430495
 21
13.144917522386024
 31
0.0
  0
LINE
  5
416
330
17
100
AcDbEntity
  8
SLOTS
100
AcDbLine
 10
4.3406233660519815
 20
13.347649604746408
 30
0.0
 11
7.058861016836165
 21
11.386237671712776
 31
0.0
  0
ARC
  5
417
330
17
100
AcDbEntity
  8
SLOTS
100
AcDbCircle
 10
4.2674801797975155
 20
13.246283563566216
 30
0.0
 40
0.125
100
AcDbArc
 50
54.18673112003535
 51
234.18673112003535
  0
ARC
  5
418
330
17
100
AcDbEntity
  8
SLOTS
100
AcDbCircle
 10
6.985717830581699
 20
11.284871630532583
 30
0.0
 40
0.125
100
AcDbArc
 50
234.18673112003535
 51
414.18673112003535
  0
LINE
  5
419
330
17
100
AcDbEntity
  8
SLOTS
100
AcDbLine
 10
6.452970721132728
 20
10.590278272369519
 30
0.0
 11
4.325248911147197
 21
12.12558882443901
 31
0.0
  0
LINE
  5
41A
330
17
100
AcDbEntity
  8
SLOTS
100
AcDbLine
 10
4.471535283656129
 20
12.328320906799394
 30
0.0
 11
6.59925709364166
 21
10.793010354729903
 31
0.0
  0
ARC
  5
41B
330
17
100
AcDbEntity
  8
SLOTS
100
AcDbCircle
 10
4.398392097401663
 20
12.226954865619202
 30
0.0
 40
0.125
100
AcDbArc
 50
54.18673112003535
 51
234.18673112003535
  0
ARC
  5
41C
330
17
100
AcDbEntity
  8
SLOTS
100
AcDbCircle
 10
6.526113907387194
 20
10.69164431354971
 30
0.0
 40
0.125
100
AcDbArc
 50
234.18673112003535
 51
414.18673112003535
  0
LINE
  5
41D
330
17
100
AcDbEntity
  8
SLOTS
100
AcDbLine
 10
5.740990436547392
 20
10.179159391234695
 30
0.0
 11
4.456160828751345
 21
11.106260126491994
 31
0.0
  0
LINE
  5
41E
330
17
100
AcDbEntity
  8
SLOTS
100
AcDbLine
 10
4.602447201260277
 20
11.308992208852379
 30
0.0
 11
5.887276809056324
 21
10.38189147359508
 31
0.0
  0
ARC
  5
41F
330
17
100
AcDbEntity
  8
SLOTS
100
AcDbCircle
 10
4.529304015005811
 20
11.207626167672187
 30
0.0
 40
0.125
100
AcDbArc
 50
54.18673112003532
 51
234.18673112003532
  0
ARC
  5
420
330
17
100
AcDbEntity
  8
SLOTS
100
AcDbCircle
 10
5.814133622801858
 20
10.280525432414887
 30
0.0
 40
0.125
100
AcDbArc
 50
234.18673112003532
 51
414.18673112003535
  0
LINE
  5
421
330
17
100
AcDbEntity
  8
SLOTS
100
AcDbLine
 10
18.850730880364647
 20
24.92883174668173
 30
0.0
 11
16.89533329001868
 21
26.02245150391884
 31
0.0
  0
LINE
  5
422
330
17
100
AcDbEntity
  8
SLOTS
100
AcDbLine
 10
17.017364943821693
 20
26.240644710664842
 30
0.0
 11
18.97276253416766
 21
25.14702495342773
 31
0.0
  0
ARC
  5
423
330
17
100
AcDbEntity
  8
SLOTS
100
AcDbCircle
 10
16.956349116920187
 20
26.13154810729184
 30
0.0
 40
0.125
100
AcDbArc
 50
60.78247636954197
 51
240.78247636954197
  0
ARC
  5
424
330
17
100
AcDbEntity
  8
SLOTS
100
AcDbCircle
 10
18.911746707266154
 20
25.03792835005473
 30
0.0
 40
0.125
100
AcDbArc
 50
240.78247636954197
 51
420.782476369542
  0
LINE
  5
425
330
17
100
AcDbEntity
  8
SLOTS
100
AcDbLine
 10
18.981785990026058
 20
23.99620476527343
 30
0.0
 11
15.106860165891328
 21
26.16338317442359
 31
0.0
  0
LINE
  5
426
330
17
100
AcDbEntity
  8
SLOTS
100
AcDbLine
 10
15.228891819694342
 20
26.38157638116959
 30
0.0
 11
19.10381764382907
 21
24.21439797201943
 31
0.0
  0
ARC
  5
427
330
17
100
AcDbEntity
  8
SLOTS
100
AcDbCircle
 10
15.167875992792835
 20
26.27247977779659
 30
0.0
 40
0.125
100
AcDbArc
 50
60.782476369541996
 51
240.782476369542
  0
ARC
  5
428
330
17
100
AcDbEntity
  8
SLOTS
100
AcDbCircle
 10
19.042801816927565
 20
24.10530136864643
 30
0.0
 40
0.125
100
AcDbArc
 50
240.782476369542
 51
420.782476369542
  0
LINE
  5
429
330
17
100
AcDbEntity
  8
SLOTS
100
AcDbLine
 10
19.07403628793343
 20
23.085280638067058
 30
0.0
 11
14.41014878237631
 21
25.693711550936364
 31
0.0
  0
LINE
  5
42A
330
17
100
AcDbEntity
  8
SLOTS
100
AcDbLine
 10
14.532180436179324
 20
25.911904757682365
 30
0.0
 11
19.196067941736445
 21
23.30347384481306
 31
0.0
  0
ARC
  5
42B
330
17
100
AcDbEntity
  8
SLOTS
100
AcDbCircle
 10
14.471164609277817
 20
25.802808154309364
 30
0.0
 40
0.125
100
AcDbArc
 50
60.78247636954197
 51
240.78247636954197
  0
ARC
  5
42C
330
17
100
AcDbEntity
  8
SLOTS
100
AcDbCircle
 10
19.135052114834938
 20
23.19437724144006
 30
0.0
 40
0.125
100
AcDbArc
 50
240.78247636954197
 51
420.782476369542
  0
LINE
  5
42D
330
17
100
AcDbEntity
  8
SLOTS
100
AcDbLine
 10
18.195953666697882
 20
22.717046783525134
 30
0.0
 11
13.713437398861291
 21
25.224039927449134
 31
0.0
  0
LINE
  5
42E
330
17
100
AcDbEntity
  8
SLOTS
100
AcDbLine
 10
13.835469052664305
 20
25.442233134195135
 30
0.0
 11
18.317985320500895
 21
22.93523999027113
 31
0.0
  0
ARC
  5
42F
330
17
100
AcDbEntity
  8
SLOTS
100
AcDbCircle
 10
13.774453225762798
 20
25.333136530822134
 30
0.0
 40
0.125
100
AcDbArc
 50
60.78247636954194
 51
240.78247636954194
  0
ARC
  5
430
330
17
100
AcDbEntity
  8
SLOTS
100
AcDbCircle
 10
18.25696949359939
 20
22.82614338689813
 30
0.0
 40
0.125
100
AcDbArc
 50
240.78247636954194
 51
420.78247636954194
  0
LINE
  5
431
330
17
100
AcDbEntity
  8
SLOTS
100
AcDbLine
 10
17.317871045462336
 20
22.34881292898321
 30
0.0
 11
13.016726015346272
 21
24.75436830396191
 31
0.0
  0
LINE
  5
432
330
17
100
AcDbEntity
  8
SLOTS
100
AcDbLine
 10
13.138757669149285
 20
24.972561510707905
 30
0.0
 11
17.43990269926535
 21
22.567006135729205
 31
0.0
  0
ARC
  5
433
330
17
100
AcDbEntity
  8
SLOTS
100
AcDbCircle
 10
13.077741842247779
 20
24.863464907334908
 30
0.0
 40
0.125
100
AcDbArc
 50
60.78247636954194
 51
240.78247636954194
  0
ARC
  5
434
330
17
100
AcDbEntity
  8
SLOTS
100
AcDbCircle
 10
17.378886872363843
 20
22.457909532356208
 30
0.0
 40
0.125
100
AcDbArc
 50
240.78247636954194
 51
420.78247636954194
  0
LINE
  5
435
330
17
100
AcDbEntity
  8
SLOTS
100
AcDbLine
 10
16.439788424226787
 20
21.980579074441287
 30
0.0
 11
12.320014631831254
 21
24.28469668047468
 31
0.0
  0
LINE
  5
436
330
17
100
AcDbEntity
  8
SLOTS
100
AcDbLine
 10
12.442046285634268
 20
24.502889887220675
 30
0.0
 11
16.5618200780298
 21
22.19877228118728
 31
0.0
  0
ARC
  5
437
330
17
100
AcDbEntity
  8
SLOTS
100
AcDbCircle
 10
12.381030458732761
 20
24.39379328384768
 30
0.0
 40
0.125
100
AcDbArc
 50
60.78247636954197
 51
240.78247636954197
  0
ARC
  5
438
330
17
100
AcDbEntity
  8
SLOTS
100
AcDbCircle
 10
16.500804251128294
 20
22.089675677814284
 30
0.0
 40
0.125
100
AcDbArc
 50
240.78247636954197
 51
420.782476369542
  0
LINE
  5
439
330
17
100
AcDbEntity
  8
SLOTS
100
AcDbLine
 10
15.561705802991241
 20
21.61234521989936
 30
0.0
 11
11.795267845361474
 21
23.718848258057918
 31
0.0
  0
LINE
  5
43A
330
17
100
AcDbEntity
  8
SLOTS
100
AcDbLine
 10
11.917299499164487
 20
23.93704146480392
 30
0.0
 11
15.683737456794255
 21
21.83053842664536
 31
0.0
  0
ARC
  5
43B
330
17
100
AcDbEntity
  8
SLOTS
100
AcDbCircle
 10
11.85628367226298
 20
23.827944861430918
 30
0.0
 40
0.125
100
AcDbArc
 50
60.782476369541996
 51
240.782476369542
  0
ARC
  5
43C
330
17
100
AcDbEntity
  8
SLOTS
100
AcDbCircle
 10
15.622721629892748
 20
21.72144182327236
 30
0.0
 40
0.125
100
AcDbArc
 50
240.782476369542
 51
420.782476369542
  0
LINE
  5
43D
330
17
100
AcDbEntity
  8
SLOTS
100
AcDbLine
 10
14.683623181755694
 20
21.244111365357437
 30
0.0
 11
11.769002609823673
 21
22.874207801014098
 31
0.0
  0
LINE
  5
43E
330
17
100
AcDbEntity
  8
SLOTS
100
AcDbLine
 10
11.891034263626686
 20
23.0924010077601
 30
0.0
 11
14.805654835558707
 21
21.462304572103438
 31
0.0
  0
ARC
  5
43F
330
17
100
AcDbEntity
  8
SLOTS
100
AcDbCircle
 10
11.83001843672518
 20
22.9833044043871
 30
0.0
 40
0.125
100
AcDbArc
 50
60.782476369541996
 51
240.782476369542
  0
ARC
  5
440
330
17
100
AcDbEntity
  8
SLOTS
100
AcDbCircle
 10
14.7446390086572
 20
21.353207968730437
 30
0.0
 40
0.125
100
AcDbArc
 50
240.782476369542
 51
420.782476369542
  0
LINE
  5
441
330
17
100
AcDbEntity
  8
SLOTS
100
AcDbLine
 10
13.805540560520146
 20
20.875877510815513
 30
0.0
 11
11.742737374285873
 21
22.029567343970275
 31
0.0
  0
LINE
  5
442
330
17
100
AcDbEntity
  8
SLOTS
100
AcDbLine
 10
11.864769028088887
 20
22.247760550716276
 30
0.0
 11
13.92757221432316
 21
21.094070717561515
 31
0.0
  0
ARC
  5
443
330
17
100
AcDbEntity
  8
SLOTS
100
AcDbCircle
 10
11.80375320118738
 20
22.138663947343275
 30
0.0
 40
0.125
100
AcDbArc
 50
60.782476369542024
 51
240.78247636954202
  0
ARC
  5
444
330
17
100
AcDbEntity
  8
SLOTS
100
AcDbCircle
 10
13.866556387421653
 20
20.984974114188514
 30
0.0
 40
0.125
100
AcDbArc
 50
240.78247636954202
 51
420.782476369542
  0
LINE
  5
445
330
17
100
AcDbEntity
  8
SLOTS
100
AcDbLine
 10
12.927457939284599
 20
20.50764365627359
 30
0.0
 11
11.716472138748072
 21
21.18492688692646
 31
0.0
  0
LINE
  5
446
330
17
100
AcDbEntity
  8
SLOTS
100
AcDbLine
 10
11.838503792551085
 20
21.403120093672452
 30
0.0
 11
13.049489593087612
 21
20.725836863019584
 31
0.0
  0
ARC
  5
447
330
17
100
AcDbEntity
  8
SLOTS
100
AcDbCircle
 10
11.777487965649579
 20
21.294023490299455
 30
0.0
 40
0.125
100
AcDbArc
 50
60.782476369541854
 51
240.78247636954185
  0
ARC
  5
448
330
17
100
AcDbEntity
  8
SLOTS
100
AcDbCircle
 10
12.988473766186106
 20
20.616740259646587
 30
0.0
 40
0.125
100
AcDbArc
 50
240.78247636954185
 51
420.7824763695419
  0
LINE
  5
449
330
17
100
AcDbEntity
  8
SLOTS
100
AcDbLine
 10
1.2043244722140902
 20
22.968164273736424
 30
0.0
 11
1.1958898452734787
 21
22.962356568612993
 31
0.0
  0
LINE
  5
44A
330
17
100
AcDbEntity
  8
SLOTS
100
AcDbLine
 10
1.0541101547265213
 20
23.168265576061447
 30
0.0
 11
1.0625447816671327
 21
23.174073281184878
 31
0.0
  0
ARC
  5
44B
330
17
100
AcDbEntity
  8
SLOTS
100
AcDbCircle
 10
1.125
 20
23.06531107233722
 30
0.0
 40
0.125
100
AcDbArc
 50
-235.45044832638428
 51
-55.450448326384276
  0
ARC
  5
44C
330
17
100
AcDbEntity
  8
SLOTS
100
AcDbCircle
 10
1.1334346269406115
 20
23.07111877746065
 30
0.0
 40
0.125
100
AcDbArc
 50
-55.450448326384276
 51
124.54955167361572
  0
LINE
  5
44D
330
17
100
AcDbEntity
  8
SLOTS
100
AcDbLine
 10
2.057638042694114
 20
22.645121261378385
 30
0.0
 11
1.195889845273494
 21
22.05176017303301
 31
0.0
  0
LINE
  5
44E
330
17
100
AcDbEntity
  8
SLOTS
100
AcDbLine
 10
1.054110154726506
 20
22.257669180481443
 30
0.0
 11
1.915858352147126
 21
22.85103026882682
 31
0.0
  0
ARC
  5
44F
330
17
100
AcDbEntity
  8
SLOTS
100
AcDbCircle
 10
1.125
 20
22.154714676757226
 30
0.0
 40
0.125
100
AcDbArc
 50
-235.45044832637578
 51
-55.45044832637578
  0
ARC
  5
450
330
17
100
AcDbEntity
  8
SLOTS
100
AcDbCircle
 10
1.98674819742062
 20
22.7480757651026
 30
0.0
 40
0.125
100
AcDbArc
 50
-55.45044832637578
 51
124.54955167362422
  0
LINE
  5
451
330
17
100
AcDbEntity
  8
SLOTS
100
AcDbLine
 10
2.687514209503497
 20
22.168229292427323
 30
0.0
 11
1.1958898452734938
 21
21.141163777453016
 31
0.0
  0
LINE
  5
452
330
17
100
AcDbEntity
  8
SLOTS
100
AcDbLine
 10
1.0541101547265062
 20
21.347072784901457
 30
0.0
 11
2.545734518956509
 21
22.374138299875764
 31
0.0
  0
ARC
  5
453
330
17
100
AcDbEntity
  8
SLOTS
100
AcDbCircle
 10
1.125
 20
21.244118281177236
 30
0.0
 40
0.125
100
AcDbArc
 50
-235.45044832637586
 51
-55.45044832637586
  0
ARC
  5
454
330
17
100
AcDbEntity
  8
SLOTS
100
AcDbCircle
 10
2.616624364230003
 20
22.271183796151544
 30
0.0
 40
0.125
100
AcDbArc
 50
-55.45044832637586
 51
124.54955167362414
  0
LINE
  5
455
330
17
100
AcDbEntity
  8
SLOTS
100
AcDbLine
 10
3.0008299174820197
 20
21.473368015340537
 30
0.0
 11
1.195889845273494
 21
20.230567381873026
 31
0.0
  0
LINE
  5
456
330
17
100
AcDbEntity
  8
SLOTS
100
AcDbLine
 10
1.054110154726506
 20
20.43647638932146
 30
0.0
 11
2.8590502269350315
 21
21.67927702278897
 31
0.0
  0
ARC
  5
457
330
17
100
AcDbEntity
  8
SLOTS
100
AcDbCircle
 10
1.125
 20
20.333521885597243
 30
0.0
 40
0.125
100
AcDbArc
 50
-235.45044832637578
 51
-55.45044832637578
  0
ARC
  5
458
330
17
100
AcDbEntity
  8
SLOTS
100
AcDbCircle
 10
2.9299400722085256
 20
21.576322519064753
 30
0.0
 40
0.125
100
AcDbArc
 50
-55.45044832637578
 51
124.54955167362422
  0
LINE
  5
459
330
17
100
AcDbEntity
  8
SLOTS
100
AcDbLine
 10
3.311840451009135
 20
20.77691949870348
 30
0.0
 11
1.195889845273494
 21
19.319970986293036
 31
0.0
  0
LINE
  5
45A
330
17
100
AcDbEntity
  8
SLOTS
100
AcDbLine
 10
1.054110154726506
 20
19.52587999374147
 30
0.0
 11
3.170060760462147
 21
20.982828506151915
 31
0.0
  0
ARC
  5
45B
330
17
100
AcDbEntity
  8
SLOTS
100
AcDbCircle
 10
1.125
 20
19.422925490017253
 30
0.0
 40
0.125
100
AcDbArc
 50
-235.4504483263758
 51
-55.450448326375806
  0
ARC
  5
45C
330
17
100
AcDbEntity
  8
SLOTS
100
AcDbCircle
 10
3.240950605735641
 20
20.879874002427698
 30
0.0
 40
0.125
100
AcDbArc
 50
-55.450448326375806
 51
124.5495516736242
  0
LINE
  5
45D
330
17
100
AcDbEntity
  8
SLOTS
100
AcDbLine
 10
3.0251924154291827
 20
19.668950145601926
 30
0.0
 11
2.2785691022220877
 21
19.154858879690806
 31
0.0
  0
LINE
  5
45E
330
17
100
AcDbEntity
  8
SLOTS
100
AcDbLine
 10
2.1367894116750996
 20
19.36076788713924
 30
0.0
 11
2.8834127248821946
 21
19.87485915305036
 31
0.0
  0
ARC
  5
45F
330
17
100
AcDbEntity
  8
SLOTS
100
AcDbCircle
 10
2.2076792569485937
 20
19.257813383415023
 30
0.0
 40
0.125
100
AcDbArc
 50
-235.4504483263758
 51
-55.450448326375806
  0
ARC
  5
460
330
17
100
AcDbEntity
  8
SLOTS
100
AcDbCircle
 10
2.9543025701556886
 20
19.771904649326142
 30
0.0
 40
0.125
100
AcDbArc
 50
-55.450448326375806
 51
124.5495516736242
  0
LINE
  5
461
330
17
100
AcDbEntity
  8
SLOTS
100
AcDbLine
 10
9.573818815023587
 20
26.348406881006188
 30
0.0
 11
7.768582179115006
 21
26.613803857329366
 31
0.0
  0
LINE
  5
462
330
17
100
AcDbEntity
  8
SLOTS
100
AcDbLine
 10
7.804945081848228
 20
26.861145199010885
 30
0.0
 11
9.610181717756811
 21
26.595748222687707
 31
0.0
  0
ARC
  5
463
330
17
100
AcDbEntity
  8
SLOTS
100
AcDbCircle
 10
7.786763630481617
 20
26.737474528170125
 30
0.0
 40
0.125
100
AcDbArc
 50
81.6365681539975
 51
261.6365681539975
  0
ARC
  5
464
330
17
100
AcDbEntity
  8
SLOTS
100
AcDbCircle
 10
9.5920002663902
 20
26.472077551846947
 30
0.0
 40
0.125
100
AcDbArc
 50
261.6365681539975
 51
441.6365681539975
  0
LINE
  5
465
330
17
100
AcDbEntity
  8
SLOTS
100
AcDbLine
 10
10.122203458448986
 20
25.509724370274217
 30
0.0
 11
6.335151058632129
 21
26.066478114407584
 31
0.0
  0
LINE
  5
466
330
17
100
AcDbEntity
  8
SLOTS
100
AcDbLine
 10
6.371513961365351
 20
26.313819456089103
 30
0.0
 11
10.15856636118221
 21
25.757065711955736
 31
0.0
  0
ARC
  5
467
330
17
100
AcDbEntity
  8
SLOTS
100
AcDbCircle
 10
6.35333250999874
 20
26.190148785248343
 30
0.0
 40
0.125
100
AcDbArc
 50
81.6365681539975
 51
261.6365681539975
  0
ARC
  5
468
330
17
100
AcDbEntity
  8
SLOTS
100
AcDbCircle
 10
10.140384909815598
 20
25.633395041114976
 30
0.0
 40
0.125
100
AcDbArc
 50
261.6365681539975
 51
441.6365681539975
  0
LINE
  5
469
330
17
100
AcDbEntity
  8
SLOTS
100
AcDbLine
 10
10.670588101874381
 20
24.67104185954225
 30
0.0
 11
4.9017199381492595
 21
25.519152371485802
 31
0.0
  0
LINE
  5
46A
330
17
100
AcDbEntity
  8
SLOTS
100
AcDbLine
 10
4.9380828408824815
 20
25.76649371316732
 30
0.0
 11
10.706951004607605
 21
24.91838320122377
 31
0.0
  0
ARC
  5
46B
330
17
100
AcDbEntity
  8
SLOTS
100
AcDbCircle
 10
4.9199013895158705
 20
25.64282304232656
 30
0.0
 40
0.125
100
AcDbArc
 50
81.63656815399753
 51
261.63656815399753
  0
ARC
  5
46C
330
17
100
AcDbEntity
  8
SLOTS
100
AcDbCircle
 10
10.688769553240993
 20
24.79471253038301
 30
0.0
 40
0.125
100
AcDbArc
 50
261.63656815399753
 51
441.63656815399753
  0
LINE
  5
46D
330
17
100
AcDbEntity
  8
SLOTS
100
AcDbLine
 10
11.092301763935076
 20
23.850981891015206
 30
0.0
 11
4.27875657459995
 21
24.852675660863138
 31
0.0
  0
LINE
  5
46E
330
17
100
AcDbEntity
  8
SLOTS
100
AcDbLine
 10
4.315119477333172
 20
25.100017002544657
 30
0.0
 11
11.1286646666683
 21
24.098323232696725
 31
0.0
  0
ARC
  5
46F
330
17
100
AcDbEntity
  8
SLOTS
100
AcDbCircle
 10
4.296938025966561
 20
24.976346331703898
 30
0.0
 40
0.125
100
AcDbArc
 50
81.63656815399753
 51
261.63656815399753
  0
ARC
  5
470
330
17
100
AcDbEntity
  8
SLOTS
100
AcDbCircle
 10
11.110483215301688
 20
23.974652561855965
 30
0.0
 40
0.125
100
AcDbArc
 50
261.63656815399753
 51
441.63656815399753
  0
LINE
  5
471
330
17
100
AcDbEntity
  8
SLOTS
100
AcDbLine
 10
11.068836087931006
 20
23.096369990566213
 30
0.0
 11
3.9108871777016634
 21
24.148696294865108
 31
0.0
  0
LINE
  5
472
330
17
100
AcDbEntity
  8
SLOTS
100
AcDbLine
 10
3.9472500804348853
 20
24.396037636546627
 30
0.0
 11
11.10519899066423
 21
23.343711332247732
 31
0.0
  0
ARC
  5
473
330
17
100
AcDbEntity
  8
SLOTS
100
AcDbCircle
 10
3.9290686290682744
 20
24.272366965705867
 30
0.0
 40
0.125
100
AcDbArc
 50
81.63656815399753
 51
261.63656815399753
  0
ARC
  5
474
330
17
100
AcDbEntity
  8
SLOTS
100
AcDbCircle
 10
11.087017539297618
 20
23.220040661406973
 30
0.0
 40
0.125
100
AcDbArc
 50
261.63656815399753
 51
441.63656815399753
  0
LINE
  5
475
330
17
100
AcDbEntity
  8
SLOTS
100
AcDbLine
 10
11.045370411926935
 20
22.341758090117224
 30
0.0
 11
3.543017780803376
 21
23.444716928867077
 31
0.0
  0
LINE
  5
476
330
17
100
AcDbEntity
  8
SLOTS
100
AcDbLine
 10
3.579380683536598
 20
23.692058270548596
 30
0.0
 11
11.081733314660159
 21
22.589099431798743
 31
0.0
  0
ARC
  5
477
330
17
100
AcDbEntity
  8
SLOTS
100
AcDbCircle
 10
3.561199232169987
 20
23.568387599707837
 30
0.0
 40
0.125
100
AcDbArc
 50
81.63656815399753
 51
261.63656815399753
  0
ARC
  5
478
330
17
100
AcDbEntity
  8
SLOTS
100
AcDbCircle
 10
11.063551863293547
 20
22.465428760957984
 30
0.0
 40
0.125
100
AcDbArc
 50
261.63656815399753
 51
441.63656815399753
  0
LINE
  5
479
330
17
100
AcDbEntity
  8
SLOTS
100
AcDbLine
 10
11.021904735922863
 20
21.587146189668232
 30
0.0
 11
3.1751483839050874
 21
22.740737562869047
 31
0.0
  0
LINE
  5
47A
330
17
100
AcDbEntity
  8
SLOTS
100
AcDbLine
 10
3.2115112866383093
 20
22.988078904550566
 30
0.0
 11
11.058267638656087
 21
21.83448753134975
 31
0.0
  0
ARC
  5
47B
330
17
100
AcDbEntity
  8
SLOTS
100
AcDbCircle
 10
3.1933298352716983
 20
22.864408233709806
 30
0.0
 40
0.125
100
AcDbArc
 50
81.6365681539975
 51
261.6365681539975
  0
ARC
  5
47C
330
17
100
AcDbEntity
  8
SLOTS
100
AcDbCircle
 10
11.040086187289475
 20
21.71081686050899
 30
0.0
 40
0.125
100
AcDbArc
 50
261.6365681539975
 51
441.6365681539975
  0
LINE
  5
47D
330
17
100
AcDbEntity
  8
SLOTS
100
AcDbLine
 10
7.877224857171709
 20
21.291399789391807
 30
0.0
 11
3.518229056438814
 21
21.93223782818869
 31
0.0
  0
LINE
  5
47E
330
17
100
AcDbEntity
  8
SLOTS
100
AcDbLine
 10
3.554591959172036
 20
22.17957916987021
 30
0.0
 11
7.913587759904931
 21
21.538741131073326
 31
0.0
  0
ARC
  5
47F
330
17
100
AcDbEntity
  8
SLOTS
100
AcDbCircle
 10
3.536410507805425
 20
22.05590849902945
 30
0.0
 40
0.125
100
AcDbArc
 50
81.6365681539975
 51
261.6365681539975
  0
ARC
  5
480
330
17
100
AcDbEntity
  8
SLOTS
100
AcDbCircle
 10
7.89540630853832
 20
21.415070460232567
 30
0.0
 40
0.125
100
AcDbArc
 50
261.6365681539975
 51
441.6365681539975
  0
LINE
  5
481
330
17
100
AcDbEntity
  8
SLOTS
100
AcDbLine
 10
30.809702676073673
 20
1.2477125564304679
 30
0.0
 11
31.95020824997097
 21
1.468949481437368
 31
0.0
  0
LINE
  5
482
330
17
100
AcDbEntity
  8
SLOTS
100
AcDbLine
 10
31.997816169240743
 20
1.2235243685764323
 30
0.0
 11
30.857310595343446
 21
1.0022874435695321
 31
0.0
  0
ARC
  5
483
330
17
100
AcDbEntity
  8
SLOTS
100
AcDbCircle
 10
31.974012209605856
 20
1.3462369250069002
 30
0.0
 40
0.125
100
AcDbArc
 50
-79.02202255530611
 51
100.97797744469389
  0
ARC
  5
484
330
17
100
AcDbEntity
  8
SLOTS
100
AcDbCircle
 10
30.83350663570856
 20
1.125
 30
0.0
 40
0.125
100
AcDbArc
 50
100.97797744469389
 51
280.97797744469386
  0
LINE
  5
485
330
17
100
AcDbEntity
  8
SLOTS
100
AcDbLine
 10
30.356323778973852
 20
1.923745958775348
 30
0.0
 11
31.73618664125927
 21
2.1914137576621733
 31
0.0
  0
LINE
  5
486
330
17
100
AcDbEntity
  8
SLOTS
100
AcDbLine
 10
31.783794560529042
 20
1.9459886448012376
 30
0.0
 11
30.403931698243625
 21
1.6783208459144123
 31
0.0
  0
ARC
  5
487
330
17
100
AcDbEntity
  8
SLOTS
100
AcDbCircle
 10
31.759990600894156
 20
2.0687012012317054
 30
0.0
 40
0.125
100
AcDbArc
 50
-79.02202255530614
 51
100.97797744469386
  0
ARC
  5
488
330
17
100
AcDbEntity
  8
SLOTS
100
AcDbCircle
 10
30.38012773860874
 20
1.8010334023448802
 30
0.0
 40
0.125
100
AcDbArc
 50
100.97797744469386
 51
280.97797744469386
  0
LINE
  5
489
330
17
100
AcDbEntity
  8
SLOTS
100
AcDbLine
 10
30.69475914507856
 20
2.7533766400614956
 30
0.0
 11
31.522165032547566
 21
2.913878033886978
 31
0.0
  0
LINE
  5
48A
330
17
100
AcDbEntity
  8
SLOTS
100
AcDbLine
 10
31.56977295181734
 20
2.6684529210260424
 30
0.0
 11
30.742367064348333
 21
2.50795152720056
 31
0.0
  0
ARC
  5
48B
330
17
100
AcDbEntity
  8
SLOTS
100
AcDbCircle
 10
31.545968992182452
 20
2.7911654774565102
 30
0.0
 40
0.125
100
AcDbArc
 50
-79.02202255530612
 51
100.97797744469388
  0
ARC
  5
48C
330
17
100
AcDbEntity
  8
SLOTS
100
AcDbCircle
 10
30.718563104713446
 20
2.6306640836310278
 30
0.0
 40
0.125
100
AcDbArc
 50
100.97797744469388
 51
280.97797744469386
  0
LINE
  5
48D
330
17
100
AcDbEntity
  8
SLOTS
100
AcDbLine
 10
23.83659713835159
 20
29.85647608342977
 30
0.0
 11
23.828289277480856
 21
29.801033357982927
 31
0.0
  0
LINE
  5
48E
330
17
100
AcDbEntity
  8
SLOTS
100
AcDbLine
 10
23.581049600123848
 20
29.83808119112339
 30
0.0
 11
23.58935746099458
 21
29.89352391657023
 31
0.0
  0
ARC
  5
48F
330
17
100
AcDbEntity
  8
SLOTS
100
AcDbCircle
 10
23.704669438802352
 20
29.81955727455316
 30
0.0
 40
0.125
100
AcDbArc
 50
-188.52212615490782
 51
-8.52212615490781
  0
ARC
  5
490
330
17
100
AcDbEntity
  8
SLOTS
100
AcDbCircle
 10
23.712977299673085
 20
29.875
 30
0.0
 40
0.125
100
AcDbArc
 50
-8.52212615490781
 51
171.47787384509218
  0
LINE
  5
491
330
17
100
AcDbEntity
  8
SLOTS
100
AcDbLine
 10
24.594970559658297
 20
29.856476083429772
 30
0.0
 11
24.548348546640035
 21
29.545342867819883
 31
0.0
  0
LINE
  5
492
330
17
100
AcDbEntity
  8
SLOTS
100
AcDbLine
 10
24.301108869283027
 20
29.58239070096034
 30
0.0
 11
24.34773088230129
 21
29.893523916570228
 31
0.0
  0
ARC
  5
493
330
17
100
AcDbEntity
  8
SLOTS
100
AcDbCircle
 10
24.42472870796153
 20
29.56386678439011
 30
0.0
 40
0.125
100
AcDbArc
 50
-188.52212615490694
 51
-8.522126154906942
  0
ARC
  5
494
330
17
100
AcDbEntity
  8
SLOTS
100
AcDbCircle
 10
24.471350720979792
 20
29.875
 30
0.0
 40
0.125
100
AcDbArc
 50
-8.522126154906942
 51
171.47787384509306
  0
LINE
  5
495
330
17
100
AcDbEntity
  8
SLOTS
100
AcDbLine
 10
10.304118138632816
 20
29.997396298567907
 30
0.0
 11
10.573244336712403
 21
29.941590428750768
 31
0.0
  0
LINE
  5
496
330
17
100
AcDbEntity
  8
SLOTS
100
AcDbLine
 10
10.522484269853656
 20
29.696797831614955
 30
0.0
 11
10.25335807177407
 21
29.752603701432093
 31
0.0
  0
ARC
  5
497
330
17
100
AcDbEntity
  8
SLOTS
100
AcDbCircle
 10
10.54786430328303
 20
29.81919413018286
 30
0.0
 40
0.125
100
AcDbArc
 50
-101.71480216777405
 51
78.28519783222595
  0
ARC
  5
498
330
17
100
AcDbEntity
  8
SLOTS
100
AcDbCircle
 10
10.278738105203443
 20
29.875
 30
0.0
 40
0.125
100
AcDbArc
 50
78.28519783222595
 51
258.28519783222595
  0
LINE
  5
499
330
17
100
AcDbEntity
  8
SLOTS
100
AcDbLine
 10
4.528668368966282
 20
26.622050102910396
 30
0.0
 11
4.922144212721371
 21
26.563029587585486
 31
0.0
  0
LINE
  5
49A
330
17
100
AcDbEntity
  8
SLOTS
100
AcDbLine
 10
4.8850596287262125
 20
26.315795419983377
 30
0.0
 11
4.491583784971124
 21
26.374815935308288
 31
0.0
  0
ARC
  5
49B
330
17
100
AcDbEntity
  8
SLOTS
100
AcDbCircle
 10
4.9036019207237915
 20
26.439412503784432
 30
0.0
 40
0.125
100
AcDbArc
 50
-98.53064296074196
 51
81.46935703925804
  0
ARC
  5
49C
330
17
100
AcDbEntity
  8
SLOTS
100
AcDbCircle
 10
4.510126076968703
 20
26.498433019109342
 30
0.0
 40
0.125
100
AcDbArc
 50
81.46935703925804
 51
261.46935703925806
  0
LINE
  5
49D
330
17
100
AcDbEntity
  8
SLOTS
100
AcDbLine
 10
4.311036718401237
 20
27.413084696236243
 30
0.0
 11
6.348153837255089
 21
27.10752158724195
 31
0.0
  0
LINE
  5
49E
330
17
100
AcDbEntity
  8
SLOTS
100
AcDbLine
 10
6.311069253259929
 20
26.860287419639842
 30
0.0
 11
4.273952134406077
 21
27.165850528634135
 31
0.0
  0
ARC
  5
49F
330
17
100
AcDbEntity
  8
SLOTS
100
AcDbCircle
 10
6.329611545257509
 20
26.983904503440897
 30
0.0
 40
0.125
100
AcDbArc
 50
-98.53064296074241
 51
81.46935703925759
  0
ARC
  5
4A0
330
17
100
AcDbEntity
  8
SLOTS
100
AcDbCircle
 10
4.292494426403657
 20
27.28946761243519
 30
0.0
 40
0.125
100
AcDbArc
 50
81.46935703925759
 51
261.4693570392576
  0
LINE
  5
4A1
330
17
100
AcDbEntity
  8
SLOTS
100
AcDbLine
 10
4.09340506783619
 20
28.204119289562087
 30
0.0
 11
7.774163461788807
 21
27.652013586898416
 31
0.0
  0
LINE
  5
4A2
330
17
100
AcDbEntity
  8
SLOTS
100
AcDbLine
 10
7.737078877793647
 20
27.404779419296307
 30
0.0
 11
4.05632048384103
 21
27.956885121959978
 31
0.0
  0
ARC
  5
4A3
330
17
100
AcDbEntity
  8
SLOTS
100
AcDbCircle
 10
7.755621169791227
 20
27.528396503097362
 30
0.0
 40
0.125
100
AcDbArc
 50
-98.5306429607424
 51
81.4693570392576
  0
ARC
  5
4A4
330
17
100
AcDbEntity
  8
SLOTS
100
AcDbCircle
 10
4.07486277583861
 20
28.080502205761032
 30
0.0
 40
0.125
100
AcDbArc
 50
81.4693570392576
 51
261.4693570392576
  0
LINE
  5
4A5
330
17
100
AcDbEntity
  8
SLOTS
100
AcDbLine
 10
3.875773417271143
 20
28.99515388288793
 30
0.0
 11
8.960717189022166
 21
28.232423447029827
 31
0.0
  0
LINE
  5
4A6
330
17
100
AcDbEntity
  8
SLOTS
100
AcDbLine
 10
8.923632605027006
 20
27.98518927942772
 30
0.0
 11
3.8386888332759823
 21
28.74791971528582
 31
0.0
  0
ARC
  5
4A7
330
17
100
AcDbEntity
  8
SLOTS
100
AcDbCircle
 10
8.942174897024586
 20
28.108806363228773
 30
0.0
 40
0.125
100
AcDbArc
 50
-98.5306429607424
 51
81.4693570392576
  0
ARC
  5
4A8
330
17
100
AcDbEntity
  8
SLOTS
100
AcDbCircle
 10
3.8572311252735627
 20
28.871536799086876
 30
0.0
 40
0.125
100
AcDbArc
 50
81.4693570392576
 51
261.4693570392576
  0
LINE
  5
4A9
330
17
100
AcDbEntity
  8
SLOTS
100
AcDbLine
 10
3.658141766706096
 20
29.786188476213773
 30
0.0
 11
9.109416170292837
 21
28.968509247403333
 31
0.0
  0
LINE
  5
4AA
330
17
100
AcDbEntity
  8
SLOTS
100
AcDbLine
 10
9.072331586297677
 20
28.721275079801224
 30
0.0
 11
3.6210571827109352
 21
29.538954308611665
 31
0.0
  0
ARC
  5
4AB
330
17
100
AcDbEntity
  8
SLOTS
100
AcDbCircle
 10
9.090873878295257
 20
28.844892163602278
 30
0.0
 40
0.125
100
AcDbArc
 50
-98.5306429607424
 51
81.4693570392576
  0
ARC
  5
4AC
330
17
100
AcDbEntity
  8
SLOTS
100
AcDbCircle
 10
3.6395994747085156
 20
29.66257139241272
 30
0.0
 40
0.125
100
AcDbArc
 50
81.4693570392576
 51
261.4693570392576
  0
LINE
  5
4AD
330
17
100
AcDbEntity
  8
SLOTS
100
AcDbLine
 10
7.297939641906723
 20
29.998617083801054
 30
0.0
 11
9.13930335670013
 21
29.722416556951565
 31
0.0
  0
LINE
  5
4AE
330
17
100
AcDbEntity
  8
SLOTS
100
AcDbLine
 10
9.10221877270497
 20
29.475182389349456
 30
0.0
 11
7.260855057911563
 21
29.751382916198946
 31
0.0
  0
ARC
  5
4AF
330
17
100
AcDbEntity
  8
SLOTS
100
AcDbCircle
 10
9.12076106470255
 20
29.59879947315051
 30
0.0
 40
0.125
100
AcDbArc
 50
-98.53064296074236
 51
81.46935703925764
  0
ARC
  5
4B0
330
17
100
AcDbEntity
  8
SLOTS
100
AcDbCircle
 10
7.279397349909143
 20
29.875
 30
0.0
 40
0.125
100
AcDbArc
 50
81.46935703925764
 51
261.46935703925766
  0
LINE
  5
4B1
330
17
100
AcDbEntity
  8
SLOTS
100
AcDbLine
 10
10.57963610740065
 20
28.9996426858798
 30
0.0
 11
9.77365278468612
 21
27.663834810979704
 31
0.0
  0
LINE
  5
4B2
330
17
100
AcDbEntity
  8
SLOTS
100
AcDbLine
 10
9.559598239923808
 20
27.79298840894197
 30
0.0
 11
10.365581562638338
 21
29.128796283842064
 31
0.0
  0
ARC
  5
4B3
330
17
100
AcDbEntity
  8
SLOTS
100
AcDbCircle
 10
9.666625512304964
 20
27.728411609960837
 30
0.0
 40
0.125
100
AcDbArc
 50
-211.1054243582268
 51
-31.105424358226784
  0
ARC
  5
4B4
330
17
100
AcDbEntity
  8
SLOTS
100
AcDbCircle
 10
10.472608835019495
 20
29.06421948486093
 30
0.0
 40
0.125
100
AcDbArc
 50
-31.105424358226784
 51
148.8945756417732
  0
LINE
  5
4B5
330
17
100
AcDbEntity
  8
SLOTS
100
AcDbLine
 10
11.484190879874786
 20
29.047059561066803
 30
0.0
 11
10.229216424033286
 21
26.96710987269676
 31
0.0
  0
LINE
  5
4B6
330
17
100
AcDbEntity
  8
SLOTS
100
AcDbLine
 10
10.015161879270973
 20
27.096263470659025
 30
0.0
 11
11.270136335112474
 21
29.176213159029068
 31
0.0
  0
ARC
  5
4B7
330
17
100
AcDbEntity
  8
SLOTS
100
AcDbCircle
 10
10.12218915165213
 20
27.031686671677893
 30
0.0
 40
0.125
100
AcDbArc
 50
-211.10542435822674
 51
-31.105424358226756
  0
ARC
  5
4B8
330
17
100
AcDbEntity
  8
SLOTS
100
AcDbCircle
 10
11.37716360749363
 20
29.111636360047935
 30
0.0
 40
0.125
100
AcDbArc
 50
-31.105424358226756
 51
148.89457564177326
  0
LINE
  5
4B9
330
17
100
AcDbEntity
  8
SLOTS
100
AcDbLine
 10
12.38874565234892
 20
29.094476436253807
 30
0.0
 11
10.684780063380451
 21
26.27038493441382
 31
0.0
  0
LINE
  5
4BA
330
17
100
AcDbEntity
  8
SLOTS
100
AcDbLine
 10
10.470725518618138
 20
26.399538532376084
 30
0.0
 11
12.174691107586607
 21
29.22363003421607
 31
0.0
  0
ARC
  5
4BB
330
17
100
AcDbEntity
  8
SLOTS
100
AcDbCircle
 10
10.577752790999295
 20
26.33496173339495
 30
0.0
 40
0.125
100
AcDbArc
 50
-211.10542435822674
 51
-31.105424358226756
  0
ARC
  5
4BC
330
17
100
AcDbEntity
  8
SLOTS
100
AcDbCircle
 10
12.281718379967764
 20
29.15905323523494
 30
0.0
 40
0.125
100
AcDbArc
 50
-31.105424358226756
 51
148.89457564177326
  0
LINE
  5
4BD
330
17
100
AcDbEntity
  8
SLOTS
100
AcDbLine
 10
13.293300424823054
 20
29.14189331144081
 30
0.0
 11
11.140343702727616
 21
25.57365999613088
 31
0.0
  0
LINE
  5
4BE
330
17
100
AcDbEntity
  8
SLOTS
100
AcDbLine
 10
10.926289157965304
 20
25.702813594093143
 30
0.0
 11
13.079245880060741
 21
29.271046909403076
 31
0.0
  0
ARC
  5
4BF
330
17
100
AcDbEntity
  8
SLOTS
100
AcDbCircle
 10
11.03331643034646
 20
25.63823679511201
 30
0.0
 40
0.125
100
AcDbArc
 50
-211.10542435822674
 51
-31.105424358226756
  0
ARC
  5
4C0
330
17
100
AcDbEntity
  8
SLOTS
100
AcDbCircle
 10
13.186273152441897
 20
29.206470110421943
 30
0.0
 40
0.125
100
AcDbArc
 50
-31.105424358226756
 51
148.89457564177326
  0
LINE
  5
4C1
330
17
100
AcDbEntity
  8
SLOTS
100
AcDbLine
 10
13.915803458948803
 20
28.721847743427254
 30
0.0
 11
11.595907342074781
 21
24.876935057847934
 31
0.0
  0
LINE
  5
4C2
330
17
100
AcDbEntity
  8
SLOTS
100
AcDbLine
 10
11.381852797312469
 20
25.0060886558102
 30
0.0
 11
13.70174891418649
 21
28.85100134138952
 31
0.0
  0
ARC
  5
4C3
330
17
100
AcDbEntity
  8
SLOTS
100
AcDbCircle
 10
11.488880069693625
 20
24.941511856829067
 30
0.0
 40
0.125
100
AcDbArc
 50
-211.1054243582268
 51
-31.105424358226784
  0
ARC
  5
4C4
330
17
100
AcDbEntity
  8
SLOTS
100
AcDbCircle
 10
13.808776186567647
 20
28.786424542408387
 30
0.0
 40
0.125
100
AcDbArc
 50
-31.105424358226784
 51
148.8945756417732
  0
LINE
  5
4C5
330
17
100
AcDbEntity
  8
SLOTS
100
AcDbLine
 10
14.301088949840803
 20
27.90864632046517
 30
0.0
 11
12.823608778470255
 21
25.459923633153984
 31
0.0
  0
LINE
  5
4C6
330
17
100
AcDbEntity
  8
SLOTS
100
AcDbLine
 10
12.609554233707943
 20
25.58907723111625
 30
0.0
 11
14.08703440507849
 21
28.037799918427435
 31
0.0
  0
ARC
  5
4C7
330
17
100
AcDbEntity
  8
SLOTS
100
AcDbCircle
 10
12.7165815060891
 20
25.524500432135117
 30
0.0
 40
0.125
100
AcDbArc
 50
-211.10542435822674
 51
-31.105424358226728
  0
ARC
  5
4C8
330
17
100
AcDbEntity
  8
SLOTS
100
AcDbCircle
 10
14.194061677459647
 20
27.973223119446303
 30
0.0
 40
0.125
100
AcDbArc
 50
-31.105424358226728
 51
148.89457564177326
  0
LINE
  5
4C9
330
17
100
AcDbEntity
  8
SLOTS
100
AcDbLine
 10
14.686374440732806
 20
27.095444897503082
 30
0.0
 11
14.300118353885038
 21
26.455277901489332
 31
0.0
  0
LINE
  5
4CA
330
17
100
AcDbEntity
  8
SLOTS
100
AcDbLine
 10
14.086063809122725
 20
26.584431499451597
 30
0.0
 11
14.472319895970493
 21
27.224598495465347
 31
0.0
  0
ARC
  5
4CB
330
17
100
AcDbEntity
  8
SLOTS
100
AcDbCircle
 10
14.193091081503882
 20
26.519854700470464
 30
0.0
 40
0.125
100
AcDbArc
 50
-211.10542435822686
 51
-31.10542435822684
  0
ARC
  5
4CC
330
17
100
AcDbEntity
  8
SLOTS
100
AcDbCircle
 10
14.57934716835165
 20
27.160021696484215
 30
0.0
 40
0.125
100
AcDbArc
 50
-31.10542435822684
 51
148.89457564177314
  0
LINE
  5
4CD
330
17
100
AcDbEntity
  8
SLOTS
100
AcDbLine
 10
2.86902192709155
 20
29.201996084033624
 30
0.0
 11
2.398943632518323
 21
29.79755455756204
 31
0.0
  0
LINE
  5
4CE
330
17
100
AcDbEntity
  8
SLOTS
100
AcDbLine
 10
2.595180259533654
 20
29.95244544243796
 30
0.0
 11
3.065258554106881
 21
29.356886968909542
 31
0.0
  0
ARC
  5
4CF
330
17
100
AcDbEntity
  8
SLOTS
100
AcDbCircle
 10
2.4970619460259886
 20
29.875
 30
0.0
 40
0.125
100
AcDbArc
 50
38.28426881724303
 51
218.28426881724303
  0
ARC
  5
4D0
330
17
100
AcDbEntity
  8
SLOTS
100
AcDbCircle
 10
2.9671402405992153
 20
29.279441526471583
 30
0.0
 40
0.125
100
AcDbArc
 50
218.28426881724303
 51
398.28426881724306
  0
LINE
  5
4D1
330
17
100
AcDbEntity
  8
SLOTS
100
AcDbLine
 10
3.380267197904513
 20
27.343752148294964
 30
0.0
 11
1.8604810564989216
 21
29.2692218517768
 31
0.0
  0
LINE
  5
4D2
330
17
100
AcDbEntity
  8
SLOTS
100
AcDbLine
 10
2.0567176835142527
 20
29.424112736652717
 30
0.0
 11
3.576503824919844
 21
27.498643033170882
 31
0.0
  0
ARC
  5
4D3
330
17
100
AcDbEntity
  8
SLOTS
100
AcDbCircle
 10
1.9585993700065871
 20
29.346667294214758
 30
0.0
 40
0.125
100
AcDbArc
 50
38.28426881724303
 51
218.28426881724303
  0
ARC
  5
4D4
330
17
100
AcDbEntity
  8
SLOTS
100
AcDbCircle
 10
3.4783855114121787
 20
27.421197590732923
 30
0.0
 40
0.125
100
AcDbArc
 50
218.28426881724303
 51
398.28426881724306
  0
LINE
  5
4D5
330
17
100
AcDbEntity
  8
SLOTS
100
AcDbLine
 10
3.7516946406437492
 20
25.66264826182245
 30
0.0
 11
1.4135469588777936
 21
28.6249285464307
 31
0.0
  0
LINE
  5
4D6
330
17
100
AcDbEntity
  8
SLOTS
100
AcDbLine
 10
1.6097835858931246
 20
28.779819431306617
 30
0.0
 11
3.9479312676590803
 21
25.81753914669837
 31
0.0
  0
ARC
  5
4D7
330
17
100
AcDbEntity
  8
SLOTS
100
AcDbCircle
 10
1.5116652723854591
 20
28.702373988868658
 30
0.0
 40
0.125
100
AcDbArc
 50
38.28426881724306
 51
218.28426881724306
  0
ARC
  5
4D8
330
17
100
AcDbEntity
  8
SLOTS
100
AcDbCircle
 10
3.849812954151415
 20
25.74009370426041
 30
0.0
 40
0.125
100
AcDbArc
 50
218.28426881724306
 51
398.28426881724306
  0
LINE
  5
4D9
330
17
100
AcDbEntity
  8
SLOTS
100
AcDbLine
 10
3.371096912005258
 20
24.934311112914962
 30
0.0
 11
1.0268816864923345
 21
27.904278578858168
 31
0.0
  0
LINE
  5
4DA
330
17
100
AcDbEntity
  8
SLOTS
100
AcDbLine
 10
1.2231183135076655
 20
28.059169463734086
 30
0.0
 11
3.567333539020589
 21
25.08920199779088
 31
0.0
  0
ARC
  5
4DB
330
17
100
AcDbEntity
  8
SLOTS
100
AcDbCircle
 10
1.125
 20
27.981724021296127
 30
0.0
 40
0.125
100
AcDbArc
 50
38.28426881724303
 51
218.28426881724303
  0
ARC
  5
4DC
330
17
100
AcDbEntity
  8
SLOTS
100
AcDbCircle
 10
3.4692152255129236
 20
25.01175655535292
 30
0.0
 40
0.125
100
AcDbArc
 50
218.28426881724303
 51
398.28426881724306
  0
LINE
  5
4DD
330
17
100
AcDbEntity
  8
SLOTS
100
AcDbLine
 10
2.9904991833667673
 20
24.205973964007477
 30
0.0
 11
1.0268816864923345
 21
26.69374898474938
 31
0.0
  0
LINE
  5
4DE
330
17
100
AcDbEntity
  8
SLOTS
100
AcDbLine
 10
1.2231183135076655
 20
26.8486398696253
 30
0.0
 11
3.1867358103820984
 21
24.360864848883395
 31
0.0
  0
ARC
  5
4DF
330
17
100
AcDbEntity
  8
SLOTS
100
AcDbCircle
 10
1.125
 20
26.77119442718734
 30
0.0
 40
0.125
100
AcDbArc
 50
38.28426881724306
 51
218.28426881724306
  0
ARC
  5
4E0
330
17
100
AcDbEntity
  8
SLOTS
100
AcDbCircle
 10
3.088617496874433
 20
24.283419406445436
 30
0.0
 40
0.125
100
AcDbArc
 50
218.28426881724306
 51
398.28426881724306
  0
LINE
  5
4E1
330
17
100
AcDbEntity
  8
SLOTS
100
AcDbLine
 10
2.609901454728275
 20
23.477636815099988
 30
0.0
 11
1.0268816864923345
 21
25.48321939064059
 31
0.0
  0
LINE
  5
4E2
330
17
100
AcDbEntity
  8
SLOTS
100
AcDbLine
 10
1.2231183135076655
 20
25.638110275516507
 30
0.0
 11
2.806138081743606
 21
23.632527699975906
 31
0.0
  0
ARC
  5
4E3
330
17
100
AcDbEntity
  8
SLOTS
100
AcDbCircle
 10
1.125
 20
25.560664833078548
 30
0.0
 40
0.125
100
AcDbArc
 50
38.28426881724303
 51
218.28426881724303
  0
ARC
  5
4E4
330
17
100
AcDbEntity
  8
SLOTS
100
AcDbCircle
 10
2.7080197682359404
 20
23.555082257537947
 30
0.0
 40
0.125
100
AcDbArc
 50
218.28426881724303
 51
398.28426881724306
  0
LINE
  5
4E5
330
17
100
AcDbEntity
  8
SLOTS
100
AcDbLine
 10
1.560311527098693
 20
23.596869055022236
 30
0.0
 11
1.0268816864923345
 21
24.2726897965318
 31
0.0
  0
LINE
  5
4E6
330
17
100
AcDbEntity
  8
SLOTS
100
AcDbLine
 10
1.2231183135076655
 20
24.42758068140772
 30
0.0
 11
1.756548154114024
 21
23.751759939898154
 31
0.0
  0
ARC
  5
4E7
330
17
100
AcDbEntity
  8
SLOTS
100
AcDbCircle
 10
1.125
 20
24.35013523896976
 30
0.0
 40
0.125
100
AcDbArc
 50
38.28426881724303
 51
218.28426881724303
  0
ARC
  5
4E8
330
17
100
AcDbEntity
  8
SLOTS
100
AcDbCircle
 10
1.6584298406063585
 20
23.674314497460195
 30
0.0
 40
0.125
100
AcDbArc
 50
218.28426881724303
 51
398.28426881724306
  0
LINE
  5
4E9
330
17
100
AcDbEntity
  8
SLOTS
100
AcDbLine
 10
20.888243307940286
 20
29.71873149090165
 30
0.0
 11
20.823920558872523
 21
29.79344424043002
 31
0.0
  0
LINE
  5
4EA
330
17
100
AcDbEntity
  8
SLOTS
100
AcDbLine
 10
21.013379346802395
 20
29.95655575956998
 30
0.0
 11
21.07770209587016
 21
29.88184301004161
 31
0.0
  0
ARC
  5
4EB
330
17
100
AcDbEntity
  8
SLOTS
100
AcDbCircle
 10
20.91864995283746
 20
29.875
 30
0.0
 40
0.125
100
AcDbArc
 50
40.72628044938645
 51
220.72628044938645
  0
ARC
  5
4EC
330
17
100
AcDbEntity
  8
SLOTS
100
AcDbCircle
 10
20.982972701905222
 20
29.80028725047163
 30
0.0
 40
0.125
100
AcDbArc
 50
220.72628044938645
 51
400.7262804493864
  0
LINE
  5
4ED
330
17
100
AcDbEntity
  8
SLOTS
100
AcDbLine
 10
20.341604585516656
 20
29.204148028883456
 30
0.0
 11
19.834259419113703
 21
29.79344424043002
 31
0.0
  0
LINE
  5
4EE
330
17
100
AcDbEntity
  8
SLOTS
100
AcDbLine
 10
20.023718207043576
 20
29.95655575956998
 30
0.0
 11
20.53106337344653
 21
29.367259548023416
 31
0.0
  0
ARC
  5
4EF
330
17
100
AcDbEntity
  8
SLOTS
100
AcDbCircle
 10
19.92898881307864
 20
29.875
 30
0.0
 40
0.125
100
AcDbArc
 50
40.726280449386365
 51
220.72628044938637
  0
ARC
  5
4F0
330
17
100
AcDbEntity
  8
SLOTS
100
AcDbCircle
 10
20.436333979481592
 20
29.285703788453436
 30
0.0
 40
0.125
100
AcDbArc
 50
220.72628044938637
 51
400.72628044938637
  0
LINE
  5
4F1
330
17
100
AcDbEntity
  8
SLOTS
100
AcDbLine
 10
18.84678860915897
 20
29.790900108464125
 30
0.0
 11
18.844598279354866
 21
29.793444240430038
 31
0.0
  0
LINE
  5
4F2
330
17
100
AcDbEntity
  8
SLOTS
100
AcDbLine
 10
19.034057067284767
 20
29.956555759569962
 30
0.0
 11
19.03624739708887
 21
29.95401162760405
 31
0.0
  0
ARC
  5
4F3
330
17
100
AcDbEntity
  8
SLOTS
100
AcDbCircle
 10
18.939327673319816
 20
29.875
 30
0.0
 40
0.125
100
AcDbArc
 50
40.726280449375935
 51
220.72628044937593
  0
ARC
  5
4F4
330
17
100
AcDbEntity
  8
SLOTS
100
AcDbCircle
 10
18.94151800312392
 20
29.872455868034088
 30
0.0
 40
0.125
100
AcDbArc
 50
220.72628044937593
 51
400.72628044937596
  0
LINE
  5
4F5
330
17
100
AcDbEntity
  8
SLOTS
100
AcDbLine
 10
1.3915731747471463
 20
29.829068029365867
 30
0.0
 11
1.241255124935055
 21
29.448608767121357
 31
0.0
  0
LINE
  5
4F6
330
17
100
AcDbEntity
  8
SLOTS
100
AcDbLine
 10
1.008744875064945
 20
29.540472708389622
 30
0.0
 11
1.1590629248770363
 21
29.920931970634133
 31
0.0
  0
ARC
  5
4F7
330
17
100
AcDbEntity
  8
SLOTS
100
AcDbCircle
 10
1.125
 20
29.49454073775549
 30
0.0
 40
0.125
100
AcDbArc
 50
-201.55879304696697
 51
-21.558793046966983
  0
ARC
  5
4F8
330
17
100
AcDbEntity
  8
SLOTS
100
AcDbCircle
 10
1.2753180498120913
 20
29.875
 30
0.0
 40
0.125
100
AcDbArc
 50
-21.558793046966983
 51
158.44120695303303
  0
LINE
  5
4F9
330
17
100
AcDbEntity
  8
SLOTS
100
AcDbLine
 10
14.568327058059667
 20
29.817394109846227
 30
0.0
 11
14.39344207891844
 21
29.480608148972937
 31
0.0
  0
LINE
  5
4FA
330
17
100
AcDbEntity
  8
SLOTS
100
AcDbLine
 10
14.171572194350105
 20
29.595819929280484
 30
0.0
 11
14.346457173491332
 21
29.932605890153773
 31
0.0
  0
ARC
  5
4FB
330
17
100
AcDbEntity
  8
SLOTS
100
AcDbCircle
 10
14.282507136634273
 20
29.53821403912671
 30
0.0
 40
0.125
100
AcDbArc
 50
-207.44178420629402
 51
-27.441784206294017
  0
ARC
  5
4FC
330
17
100
AcDbEntity
  8
SLOTS
100
AcDbCircle
 10
14.4573921157755
 20
29.875
 30
0.0
 40
0.125
100
AcDbArc
 50
-27.441784206294017
 51
152.55821579370598
  0
LINE
  5
4FD
330
17
100
AcDbEntity
  8
SLOTS
100
AcDbLine
 10
15.41341696453705
 20
29.817394109846227
 30
0.0
 11
14.796632152745426
 21
28.629616483023593
 31
0.0
  0
LINE
  5
4FE
330
17
100
AcDbEntity
  8
SLOTS
100
AcDbLine
 10
14.574762268177091
 20
28.74482826333114
 30
0.0
 11
15.191547079968714
 21
29.932605890153773
 31
0.0
  0
ARC
  5
4FF
330
17
100
AcDbEntity
  8
SLOTS
100
AcDbCircle
 10
14.685697210461258
 20
28.687222373177367
 30
0.0
 40
0.125
100
AcDbArc
 50
-207.44178420629402
 51
-27.441784206294017
  0
ARC
  5
500
330
17
100
AcDbEntity
  8
SLOTS
100
AcDbCircle
 10
15.302482022252882
 20
29.875
 30
0.0
 40
0.125
100
AcDbArc
 50
-27.441784206294017
 51
152.55821579370598
  0
LINE
  5
501
330
17
100
AcDbEntity
  8
SLOTS
100
AcDbLine
 10
16.25850687101443
 20
29.817394109846227
 30
0.0
 11
15.199822226572412
 21
27.778624817074252
 31
0.0
  0
LINE
  5
502
330
17
100
AcDbEntity
  8
SLOTS
100
AcDbLine
 10
14.977952342004077
 20
27.8938365973818
 30
0.0
 11
16.036636986446094
 21
29.932605890153773
 31
0.0
  0
ARC
  5
503
330
17
100
AcDbEntity
  8
SLOTS
100
AcDbCircle
 10
15.088887284288244
 20
27.836230707228026
 30
0.0
 40
0.125
100
AcDbArc
 50
-207.44178420629402
 51
-27.441784206294017
  0
ARC
  5
504
330
17
100
AcDbEntity
  8
SLOTS
100
AcDbCircle
 10
16.14757192873026
 20
29.875
 30
0.0
 40
0.125
100
AcDbArc
 50
-27.441784206294017
 51
152.55821579370598
  0
LINE
  5
505
330
17
100
AcDbEntity
  8
SLOTS
100
AcDbLine
 10
17.10359677749181
 20
29.817394109846227
 30
0.0
 11
15.649229706629031
 21
27.016636641547883
 31
0.0
  0
LINE
  5
506
330
17
100
AcDbEntity
  8
SLOTS
100
AcDbLine
 10
15.427359822060696
 20
27.13184842185543
 30
0.0
 11
16.881726892923474
 21
29.932605890153773
 31
0.0
  0
ARC
  5
507
330
17
100
AcDbEntity
  8
SLOTS
100
AcDbCircle
 10
15.538294764344863
 20
27.074242531701657
 30
0.0
 40
0.125
100
AcDbArc
 50
-207.44178420629402
 51
-27.441784206294017
  0
ARC
  5
508
330
17
100
AcDbEntity
  8
SLOTS
100
AcDbCircle
 10
16.99266183520764
 20
29.875
 30
0.0
 40
0.125
100
AcDbArc
 50
-27.441784206294017
 51
152.55821579370598
  0
LINE
  5
509
330
17
100
AcDbEntity
  8
SLOTS
100
AcDbLine
 10
17.816538576697926
 20
29.562908976225923
 30
0.0
 11
16.44036141645731
 21
26.912726270315932
 31
0.0
  0
LINE
  5
50A
330
17
100
AcDbEntity
  8
SLOTS
100
AcDbLine
 10
16.218491531888976
 20
27.02793805062348
 30
0.0
 11
17.59466869212959
 21
29.67812075653347
 31
0.0
  0
ARC
  5
50B
330
17
100
AcDbEntity
  8
SLOTS
100
AcDbCircle
 10
16.329426474173143
 20
26.970332160469706
 30
0.0
 40
0.125
100
AcDbArc
 50
-207.44178420629402
 51
-27.44178420629403
  0
ARC
  5
50C
330
17
100
AcDbEntity
  8
SLOTS
100
AcDbCircle
 10
17.70560363441376
 20
29.620514866379697
 30
0.0
 40
0.125
100
AcDbArc
 50
-27.44178420629403
 51
152.55821579370598
  0
LINE
  5
50D
330
17
100
AcDbEntity
  8
SLOTS
100
AcDbLine
 10
18.49711122537789
 20
29.24608872659889
 30
0.0
 11
17.231493126285592
 21
26.80881589908398
 31
0.0
  0
LINE
  5
50E
330
17
100
AcDbEntity
  8
SLOTS
100
AcDbLine
 10
17.009623241717257
 20
26.92402767939153
 30
0.0
 11
18.275241340809554
 21
29.36130050690644
 31
0.0
  0
ARC
  5
50F
330
17
100
AcDbEntity
  8
SLOTS
100
AcDbCircle
 10
17.120558184001425
 20
26.866421789237755
 30
0.0
 40
0.125
100
AcDbArc
 50
-207.44178420629402
 51
-27.441784206294017
  0
ARC
  5
510
330
17
100
AcDbEntity
  8
SLOTS
100
AcDbCircle
 10
18.38617628309372
 20
29.303694616752665
 30
0.0
 40
0.125
100
AcDbArc
 50
-27.441784206294017
 51
152.55821579370598
  0
LINE
  5
511
330
17
100
AcDbEntity
  8
SLOTS
100
AcDbLine
 10
19.177683874057852
 20
28.92926847697186
 30
0.0
 11
18.02262483611387
 21
26.704905527852027
 31
0.0
  0
LINE
  5
512
330
17
100
AcDbEntity
  8
SLOTS
100
AcDbLine
 10
17.800754951545535
 20
26.820117308159574
 30
0.0
 11
18.955813989489517
 21
29.044480257279407
 31
0.0
  0
ARC
  5
513
330
17
100
AcDbEntity
  8
SLOTS
100
AcDbCircle
 10
17.911689893829703
 20
26.7625114180058
 30
0.0
 40
0.125
100
AcDbArc
 50
-207.44178420629402
 51
-27.44178420629403
  0
ARC
  5
514
330
17
100
AcDbEntity
  8
SLOTS
100
AcDbCircle
 10
19.066748931773684
 20
28.986874367125633
 30
0.0
 40
0.125
100
AcDbArc
 50
-27.44178420629403
 51
152.55821579370598
  0
LINE
  5
515
330
17
100
AcDbEntity
  8
SLOTS
100
AcDbLine
 10
19.858256522737815
 20
28.612448227344828
 30
0.0
 11
18.81375654594215
 21
26.600995156620076
 31
0.0
  0
LINE
  5
516
330
17
100
AcDbEntity
  8
SLOTS
100
AcDbLine
 10
18.591886661373817
 20
26.716206936927623
 30
0.0
 11
19.63638663816948
 21
28.727660007652375
 31
0.0
  0
ARC
  5
517
330
17
100
AcDbEntity
  8
SLOTS
100
AcDbCircle
 10
18.702821603657984
 20
26.65860104677385
 30
0.0
 40
0.125
100
AcDbArc
 50
-207.44178420629402
 51
-27.441784206294017
  0
ARC
  5
518
330
17
100
AcDbEntity
  8
SLOTS
100
AcDbCircle
 10
19.747321580453647
 20
28.6700541174986
 30
0.0
 40
0.125
100
AcDbArc
 50
-27.441784206294017
 51
152.55821579370598
  0
ENDSEC
  0
SECTION
  2
OBJECTS
  0
DICTIONARY
  5
A
330
0
100
AcDbDictionary
281
1
  3
ACAD_COLOR
350
B
  3
ACAD_GROUP
350
C
  3
ACAD_LAYOUT
350
D
  3
ACAD_MATERIAL
350
E
  3
ACAD_MLEADERSTYLE
350
F
  3
ACAD_MLINESTYLE
350
10
  3
ACAD_PLOTSETTINGS
350
11
  3
ACAD_PLOTSTYLENAME
350
12
  3
ACAD_SCALELIST
350
14
  3
ACAD_TABLESTYLE
350
15
  3
ACAD_VISUALSTYLE
350
16
  3
EZDXF_META
350
2D
  0
DICTIONARY
  5
B
330
A
100
AcDbDictionary
281
1
  0
DICTIONARY
  5
C
330
A
100
AcDbDictionary
281
1
  0
DICTIONARY
  5
D
330
A
100
AcDbDictionary
281
1
  3
Model
350
1A
  3
Layout1
350
1E
  0
DICTIONARY
  5
E
330
A
100
AcDbDictionary
281
1
  3
ByBlock
350
1F
  3
ByLayer
350
20
  3
Global
350
21
  0
DICTIONARY
  5
F
330
A
100
AcDbDictionary
281
1
  3
Standard
350
2C
  0
DICTIONARY
  5
10
330
A
100
AcDbDictionary
281
1
  3
Standard
350
22
  0
DICTIONARY
  5
11
330
A
100
AcDbDictionary
281
1
  0
ACDBDICTIONARYWDFLT
  5
12
330
A
100
AcDbDictionary
281
1
  3
Normal
350
13
100
AcDbDictionaryWithDefault
340
13
  0
ACDBPLACEHOLDER
  5
13
330
12
  0
DICTIONARY
  5
14
330
A
100
AcDbDictionary
281
1
  0
DICTIONARY
  5
15
330
A
100
AcDbDictionary
281
1
  0
DICTIONARY
  5
16
330
A
100
AcDbDictionary
281
1
  3
2dWireframe
350
5A
  3
Basic
350
5B
  3
Brighten
350
5C
  3
ColorChange
350
5D
  3
Conceptual
350
5E
  3
Dim
350
5F
  3
EdgeColorOff
350
60
  3
Facepattern
350
61
  3
Flat
350
62
  3
FlatWithEdges
350
63
  3
Gouraud
350
64
  3
GouraudWithEdges
350
65
  3
Hidden
350
66
  3
JitterOff
350
67
  3
Linepattern
350
68
  3
Modeling
350
69
  3
OverhangOff
350
6A
  3
Realistic
350
6B
  3
Shaded
350
6C
  3
Shaded with edges
350
6D
  3
Shades of Gray
350
6E
  3
Sketchy
350
6F
  3
Thicken
350
70
  3
Wireframe
350
71
  3
X-Ray
350
72
  0
LAYOUT
  5
1A
330
D
100
AcDbPlotSettings
  1

  4
A3
  6

 40
7.5
 41
20.0
 42
7.5
 43
20.0
 44
420.0
 45
297.0
 46
0.0
 47
0.0
 48
0.0
 49
0.0
140
0.0
141
0.0
142
1.0
143
1.0
 70
1024
 72
1
 73
0
 74
5
  7

 75
16
 76
0
 77
2
 78
300
147
1.0
148
0.0
149
0.0
100
AcDbLayout
  1
Model
 70
1
 71
0
 10
0.0
 20
0.0
 11
420.0
 21
297.0
 12
0.0
 22
0.0
 32
0.0
 14
1e+20
 24
1e+20
 34
1e+20
 15
-1e+20
 25
-1e+20
 35
-1e+20
146
0.0
 13
0.0
 23
0.0
 33
0.0
 16
1.0
 26
0.0
 36
0.0
 17
0.0
 27
1.0
 37
0.0
 76
1
330
17
  0
LAYOUT
  5
1E
330
D
100
AcDbPlotSettings
  1

  4
A3
  6

 40
7.5
 41
20.0
 42
7.5
 43
20.0
 44
420.0
 45
297.0
 46
0.0
 47
0.0
 48
0.0
 49
0.0
140
0.0
141
0.0
142
1.0
143
1.0
 70
0
 72
1
 73
0
 74
5
  7

 75
16
 76
0
 77
2
 78
300
147
1.0
148
0.0
149
0.0
100
AcDbLayout
  1
Layout1
 70
1
 71
1
 10
0.0
 20
0.0
 11
420.0
 21
297.0
 12
0.0
 22
0.0
 32
0.0
 14
1e+20
 24
1e+20
 34
1e+20
 15
-1e+20
 25
-1e+20
 35
-1e+20
146
0.0
 13
0.0
 23
0.0
 33
0.0
 16
1.0
 26
0.0
 36
0.0
 17
0.0
 27
1.0
 37
0.0
 76
1
330
1B
  0
MATERIAL
  5
1F
102
{ACAD_REACTORS
330
E
102
}
330
E
100
AcDbMaterial
  1
ByBlock
  2

 70
0
 40
1.0
 71
1
 41
1.0
 91
-1023410177
 42
1.0
 72
1
  3

 73
1
 74
1
 75
1
 44
0.5
 73
0
 45
1.0
 46
1.0
 77
1
  4

 78
1
 79
1
170
1
 48
1.0
171
1
  6

172
1
173
1
174
1
140
1.0
141
1.0
175
1
  7

176
1
177
1
178
1
143
1.0
179
1
  8

270
1
271
1
272
1
145
1.0
146
1.0
273
1
  9

274
1
275
1
276
1
 42
1.0
 72
1
  3

 73
1
 74
1
 75
1
 94
63
  0
MATERIAL
  5
20
102
{ACAD_REACTORS
330
E
102
}
330
E
100
AcDbMaterial
  1
ByLayer
  2

 70
0
 40
1.0
 71
1
 41
1.0
 91
-1023410177
 42
1.0
 72
1
  3

 73
1
 74
1
 75
1
 44
0.5
 73
0
 45
1.0
 46
1.0
 77
1
  4

 78
1
 79
1
170
1
 48
1.0
171
1
  6

172
1
173
1
174
1
140
1.0
141
1.0
175
1
  7

176
1
177
1
178
1
143
1.0
179
1
  8

270
1
271
1
272
1
145
1.0
146
1.0
273
1
  9

274
1
275
1
276
1
 42
1.0
 72
1
  3

 73
1
 74
1
 75
1
 94
63
  0
MATERIAL
  5
21
102
{ACAD_REACTORS
330
E
102
}
330
E
100
AcDbMaterial
  1
Global
  2

 70
0
 40
1.0
 71
1
 41
1.0
 91
-1023410177
 42
1.0
 72
1
  3

 73
1
 74
1
 75
1
 44
0.5
 73
0
 45
1.0
 46
1.0
 77
1
  4

 78
1
 79
1
170
1
 48
1.0
171
1
  6

172
1
173
1
174
1
140
1.0
141
1.0
175
1
  7

176
1
177
1
178
1
143
1.0
179
1
  8

270
1
271
1
272
1
145
1.0
146
1.0
273
1
  9

274
1
275
1
276
1
 42
1.0
 72
1
  3

 73
1
 74
1
 75
1
 94
63
  0
MLINESTYLE
  5
22
102
{ACAD_REACTORS
330
10
102
}
330
10
100
AcDbMlineStyle
  2
Standard
 70
0
  3

 62
256
 51
90.0
 52
90.0
 71
2
 49
0.5
 62
256
  6
BYLAYER
 49
-0.5
 62
256
  6
BYLAYER
  0
MLEADERSTYLE
  5
2C
102
{ACAD_REACTORS
330
F
102
}
330
F
100
AcDbMLeaderStyle
179
2
170
2
171
1
172
0
 90
2
 40
0.0
 41
0.0
173
1
 91
-1056964608
 92
-2
290
1
 42
2.0
291
1
 43
8.0
  3
Standard
 44
4.0
300

342
29
174
1
175
1
176
0
178
1
 93
-1056964608
 45
4.0
292
0
297
0
 46
4.0
 94
-1056964608
 47
1.0
 49
1.0
140
1.0
294
1
141
0.0
177
0
142
1.0
295
0
296
0
143
3.75
271
0
272
9
273
9
  0
DICTIONARY
  5
2D
330
A
100
AcDbDictionary
280
1
281
1
  3
CREATED_BY_EZDXF
350
2E
  3
WRITTEN_BY_EZDXF
350
51B
  0
DICTIONARYVAR
  5
2E
330
2D
100
DictionaryVariables
280
0
  1
1.4.4 @ 2026-09-19T23:29:00.344782+00:00
  0
VISUALSTYLE
  5
5A
102
{ACAD_REACTORS
330
16
102
}
330
16
100
AcDbVisualStyle
  2
2dWireframe
 70
4
 90
0
 40
0.6
 62
7
290
0
291
0
  0
VISUALSTYLE
  5
5B
102
{ACAD_REACTORS
330
16
102
}
330
16
100
AcDbVisualStyle
  2
Basic
 70
7
 90
1
 40
0.6
 62
7
290
0
291
1
  0
VISUALSTYLE
  5
5C
102
{ACAD_REACTORS
330
16
102
}
330
16
100
AcDbVisualStyle
  2
Brighten
 70
12
 90
2
 40
0.6
 62
7
290
0
291
1
  0
VISUALSTYLE
  5
5D
102
{ACAD_REACTORS
330
16
102
}
330
16
100
AcDbVisualStyle
  2
ColorChange
 70
16
 90
2
 40
0.6
 62
8
290
0
291
1
  0
VISUALSTYLE
  5
5E
102
{ACAD_REACTORS
330
16
102
}
330
16
100
AcDbVisualStyle
  2
Conceptual
 70
9
 90
3
 40
0.6
 62
7
290
0
291
0
  0
VISUALSTYLE
  5
5F
102
{ACAD_REACTORS
330
16
102
}
330
16
100
AcDbVisualStyle
  2
Dim
 70
11
 90
2
 40
0.6
 62
7
290
0
291
1
  0
VISUALSTYLE
  5
60
102
{ACAD_REACTORS
330
16
102
}
330
16
100
AcDbVisualStyle
  2
EdgeColorOff
 70
22
 90
2
 40
0.6
 62
7
290
0
291
1
  0
VISUALSTYLE
  5
61
102
{ACAD_REACTORS
330
16
102
}
330
16
100
AcDbVisualStyle
  2
Facepattern
 70
15
 90
2
 40
0.6
 62
7
290
0
291
1
  0
VISUALSTYLE
  5
62
102
{ACAD_REACTORS
330
16
102
}
330
16
100
AcDbVisualStyle
  2
Flat
 70
0
 90
2
 40
0.6
 62
7
290
0
291
1
  0
VISUALSTYLE
  5
63
102
{ACAD_REACTORS
330
16
102
}
330
16
100
AcDbVisualStyle
  2
FlatWithEdges
 70
1
 90
2
 40
0.6
 62
7
290
0
291
1
  0
VISUALSTYLE
  5
64
102
{ACAD_REACTORS
330
16
102
}
330
16
100
AcDbVisualStyle
  2
Gouraud
 70
2
 90
2
 40
0.6
 62
7
290
0
291
1
  0
VISUALSTYLE
  5
65
102
{ACAD_REACTORS
330
16
102
}
330
16
100
AcDbVisualStyle
  2
GouraudWithEdges
 70
3
 90
2
 40
0.6
 62
7
290
0
291
1
  0
VISUALSTYLE
  5
66
102
{ACAD_REACTORS
330
16
102
}
330
16
100
AcDbVisualStyle
  2
Hidden
 70
6
 90
1
 40
0.6
 62
7
290
0
291
0
  0
VISUALSTYLE
  5
67
102
{ACAD_REACTORS
330
16
102
}
330
16
100
AcDbVisualStyle
  2
JitterOff
 70
20
 90
2
 40
0.6
 62
7
290
0
291
1
  0
VISUALSTYLE
  5
68
102
{ACAD_REACTORS
330
16
102
}
330
16
100
AcDbVisualStyle
  2
Linepattern
 70
14
 90
2
 40
0.6
 62
7
290
0
291
1
  0
VISUALSTYLE
  5
69
102
{ACAD_REACTORS
330
16
102
}
330
16
100
AcDbVisualStyle
  2
Modeling
 70
10
 90
2
 40
0.6
 62
7
290
0
291
0
  0
VISUALSTYLE
  5
6A
102
{ACAD_REACTORS
330
16
102
}
330
16
100
AcDbVisualStyle
  2
OverhangOff
 70
21
 90
2
 40
0.6
 62
7
290
0
291
1
  0
VISUALSTYLE
  5
6B
102
{ACAD_REACTORS
330
16
102
}
330
16
100
AcDbVisualStyle
  2
Realistic
 70
8
 90
2
 40
0.6
 62
7
290
0
291
0
  0
VISUALSTYLE
  5
6C
102
{ACAD_REACTORS
330
16
102
}
330
16
100
AcDbVisualStyle
  2
Shaded
 70
27
 90
2
 40
0.6
 62
7
290
0
291
0
  0
VISUALSTYLE
  5
6D
102
{ACAD_REACTORS
330
16
102
}
330
16
100
AcDbVisualStyle
  2
Shaded with edges
 70
26
 90
2
 40
0.6
 62
7
290
0
291
0
  0
VISUALSTYLE
  5
6E
102
{ACAD_REACTORS
330
16
102
}
330
16
100
AcDbVisualStyle
  2
Shades of Gray
 70
23
 90
2
 40
0.6
 62
7
290
0
291
0
  0
VISUALSTYLE
  5
6F
102
{ACAD_REACTORS
330
16
102
}
330
16
100
AcDbVisualStyle
  2
Sketchy
 70
24
 90
1
 40
0.6
 62
7
290
0
291
0
  0
VISUALSTYLE
  5
70
102
{ACAD_REACTORS
330
16
102
}
330
16
100
AcDbVisualStyle
  2
Thicken
 70
13
 90
2
 40
0.6
 62
7
290
0
291
1
  0
VISUALSTYLE
  5
71
102
{ACAD_REACTORS
330
16
102
}
330
16
100
AcDbVisualStyle
  2
Wireframe
 70
5
 90
0
 40
0.6
 62
7
290
0
291
0
  0
VISUALSTYLE
  5
72
102
{ACAD_REACTORS
330
16
102
}
330
16
100
AcDbVisualStyle
  2
X-Ray
 70
25
 90
2
 40
0.5
 62
7
290
0
291
0
  0
DICTIONARYVAR
  5
51B
330
2D
100
DictionaryVariables
280
0
  1
1.4.4 @ 2026-09-19T23:29:00.388342+00:00
  0
ENDSEC
  0
EOF
