  0
SECTION
  2
HEADER
  9
$ACADVER
  1
AC1024
  9
$ACADMAINTVER
 70
6
  9
$DWGCODEPAGE
  3
ANSI_1252
  9
$LASTSAVEDBY
  1
ezdxf
  9
$INSBASE
 10
0.0
 20
0.0
 30
0.0
  9
$EXTMIN
 10
1e+20
 20
1e+20
 30
1e+20
  9
$EXTMAX
 10
-1e+20
 20
-1e+20
 30
-1e+20
  9
$LIMMIN
 10
0.0
 20
0.0
  9
$LIMMAX
 10
420.0
 20
297.0
  9
$ORTHOMODE
 70
0
  9
$REGENMODE
 70
1
  9
$FILLMODE
 70
1
  9
$QTEXTMODE
 70
0
  9
$MIRRTEXT
 70
1
  9
$LTSCALE
 40
1.0
  9
$ATTMODE
 70
1
  9
$TEXTSIZE
 40
2.5
  9
$TRACEWID
 40
1.0
  9
$TEXTSTYLE
  7
OpenSans
  9
$CLAYER
  8
0
  9
$CELTYPE
  6
ByLayer
  9
$CECOLOR
 62
256
  9
$CELTSCALE
 40
1.0
  9
$DISPSILH
 70
0
  9
$DIMSCALE
 40
1.0
  9
$DIMASZ
 40
0.175
  9
$DIMEXO
 40
0.125
  9
$DIMDLI
 40
3.75
  9
$DIMRND
 40
0.0
  9
$DIMDLE
 40
0.0
  9
$DIMEXE
 40
0.375
  9
$DIMTP
 40
0.0
  9
$DIMTM
 40
0.0
  9
$DIMTXT
 40
0.25
  9
$DIMCEN
 40
2.5
  9
$DIMTSZ
 40
0.0
  9
$DIMTOL
 70
0
  9
$DIMLIM
 70
0
  9
$DIMTIH
 70
0
  9
$DIMTOH
 70
0
  9
$DIMSE1
 70
0
  9
$DIMSE2
 70
0
  9
$DIMTAD
 70
1
  9
$DIMZIN
 70
12
  9
$DIMBLK
  1
ARCHTICK
  9
$DIMASO
 70
1
  9
$DIMSHO
 70
1
  9
$DIMPOST
  1

  9
$DIMAPOST
  1

  9
$DIMALT
 70
0
  9
$DIMALTD
 70
3
  9
$DIMALTF
 40
0.03937007874
  9
$DIMLFAC
 40
100.0
  9
$DIMTOFL
 70
1
  9
$DIMTVP
 40
0.0
  9
$DIMTIX
 70
0
  9
$DIMSOXD
 70
0
  9
$DIMSAH
 70
0
  9
$DIMBLK1
  1

  9
$DIMBLK2
  1

  9
$DIMSTYLE
  2
EZDXF
  9
$DIMCLRD
 70
0
  9
$DIMCLRE
 70
0
  9
$DIMCLRT
 70
0
  9
$DIMTFAC
 40
0.5
  9
$DIMGAP
 40
0.1
  9
$DIMJUST
 70
0
  9
$DIMSD1
 70
0
  9
$DIMSD2
 70
0
  9
$DIMTOLJ
 70
0
  9
$DIMTZIN
 70
8
  9
$DIMALTZ
 70
0
  9
$DIMALTTZ
 70
0
  9
$DIMUPT
 70
1
  9
$DIMDEC
 70
2
  9
$DIMTDEC
 70
2
  9
$DIMALTU
 70
2
  9
$DIMALTTD
 70
3
  9
$DIMTXSTY
  7
OpenSansCondensed-Light
  9
$DIMAUNIT
 70
0
  9
$DIMADEC
 70
2
  9
$DIMALTRND
 40
0.0
  9
$DIMAZIN
 70
3
  9
$DIMDSEP
 70
46
  9
$DIMATFIT
 70
3
  9
$DIMFRAC
 70
0
  9
$DIMLDRBLK
  1

  9
$DIMLUNIT
 70
2
  9
$DIMLWD
 70
-2
  9
$DIMLWE
 70
-2
  9
$DIMTMOVE
 70
2
  9
$DIMFXL
 40
1.0
  9
$DIMFXLON
 70
0
  9
$DIMJOGANG
 40
0.785398163397
  9
$DIMTFILL
 70
0
  9
$DIMTFILLCLR
 70
0
  9
$DIMARCSYM
 70
0
  9
$DIMLTYPE
  6

  9
$DIMLTEX1
  6

  9
$DIMLTEX2
  6

  9
$DIMTXTDIRECTION
 70
0
  9
$LUNITS
 70
2
  9
$LUPREC
 70
4
  9
$SKETCHINC
 40
1.0
  9
$FILLETRAD
 40
10.0
  9
$AUNITS
 70
0
  9
$AUPREC
 70
2
  9
$MENU
  1
.
  9
$ELEVATION
 40
0.0
  9
$PELEVATION
 40
0.0
  9
$THICKNESS
 40
0.0
  9
$LIMCHECK
 70
0
  9
$CHAMFERA
 40
0.0
  9
$CHAMFERB
 40
0.0
  9
$CHAMFERC
 40
0.0
  9
$CHAMFERD
 40
0.0
  9
$SKPOLY
 70
0
  9
$TDCREATE
 40
2461303.6866550925
  9
$TDUCREATE
 40
2458532.153996898
  9
$TDUPDATE
 40
2461303.6866550925
  9
$TDUUPDATE
 40
2458532.1544311
  9
$TDINDWG
 40
0.0
  9
$TDUSRTIMER
 40
0.0
  9
$USRTIMER
 70
1
  9
$ANGBASE
 50
0.0
  9
$ANGDIR
 70
0
  9
$PDMODE
 70
0
  9
$PDSIZE
 40
0.0
  9
$PLINEWID
 40
0.0
  9
$SPLFRAME
 70
0
  9
$SPLINETYPE
 70
6
  9
$SPLINESEGS
 70
8
  9
$HANDSEED
  5
53C
  9
$SURFTAB1
 70
6
  9
$SURFTAB2
 70
6
  9
$SURFTYPE
 70
6
  9
$SURFU
 70
6
  9
$SURFV
 70
6
  9
$UCSBASE
  2

  9
$UCSNAME
  2

  9
$UCSORG
 10
0.0
 20
0.0
 30
0.0
  9
$UCSXDIR
 10
1.0
 20
0.0
 30
0.0
  9
$UCSYDIR
 10
0.0
 20
1.0
 30
0.0
  9
$UCSORTHOREF
  2

  9
$UCSORTHOVIEW
 70
0
  9
$UCSORGTOP
 10
0.0
 20
0.0
 30
0.0
  9
$UCSORGBOTTOM
 10
0.0
 20
0.0
 30
0.0
  9
$UCSORGLEFT
 10
0.0
 20
0.0
 30
0.0
  9
$UCSORGRIGHT
 10
0.0
 20
0.0
 30
0.0
  9
$UCSORGFRONT
 10
0.0
 20
0.0
 30
0.0
  9
$UCSORGBACK
 10
0.0
 20
0.0
 30
0.0
  9
$PUCSBASE
  2

  9
$PUCSNAME
  2

  9
$PUCSORG
 10
0.0
 20
0.0
 30
0.0
  9
$PUCSXDIR
 10
1.0
 20
0.0
 30
0.0
  9
$PUCSYDIR
 10
0.0
 20
1.0
 30
0.0
  9
$PUCSORTHOREF
  2

  9
$PUCSORTHOVIEW
 70
0
  9
$PUCSORGTOP
 10
0.0
 20
0.0
 30
0.0
  9
$PUCSORGBOTTOM
 10
0.0
 20
0.0
 30
0.0
  9
$PUCSORGLEFT
 10
0.0
 20
0.0
 30
0.0
  9
$PUCSORGRIGHT
 10
0.0
 20
0.0
 30
0.0
  9
$PUCSORGFRONT
 10
0.0
 20
0.0
 30
0.0
  9
$PUCSORGBACK
 10
0.0
 20
0.0
 30
0.0
  9
$USERI1
 70
0
  9
$USERI2
 70
0
  9
$USERI3
 70
0
  9
$USERI4
 70
0
  9
$USERI5
 70
0
  9
$USERR1
 40
0.0
  9
$USERR2
 40
0.0
  9
$USERR3
 40
0.0
  9
$USERR4
 40
0.0
  9
$USERR5
 40
0.0
  9
$WORLDVIEW
 70
1
  9
$SHADEDGE
 70
3
  9
$SHADEDIF
 70
70
  9
$TILEMODE
 70
1
  9
$MAXACTVP
 70
64
  9
$PINSBASE
 10
0.0
 20
0.0
 30
0.0
  9
$PLIMCHECK
 70
0
  9
$PEXTMIN
 10
1e+20
 20
1e+20
 30
1e+20
  9
$PEXTMAX
 10
-1e+20
 20
-1e+20
 30
-1e+20
  9
$PLIMMIN
 10
0.0
 20
0.0
  9
$PLIMMAX
 10
420.0
 20
297.0
  9
$UNITMODE
 70
0
  9
$VISRETAIN
 70
1
  9
$PLINEGEN
 70
0
  9
$PSLTSCALE
 70
1
  9
$TREEDEPTH
 70
3020
  9
$CMLSTYLE
  2
Standard
  9
$CMLJUST
 70
0
  9
$CMLSCALE
 40
20.0
  9
$PROXYGRAPHICS
 70
1
  9
$MEASUREMENT
 70
1
  9
$CELWEIGHT
370
-1
  9
$ENDCAPS
280
0
  9
$JOINSTYLE
280
0
  9
$LWDISPLAY
290
0
  9
$INSUNITS
 70
1
  9
$HYPERLINKBASE
  1

  9
$STYLESHEET
  1

  9
$XEDIT
290
1
  9
$CEPSNTYPE
380
0
  9
$PSTYLEMODE
290
1
  9
$FINGERPRINTGUID
  2
{BBE0C1A7-DA6D-4F9F-B791-5D4D13EE9510}
  9
$VERSIONGUID
  2
{811BBA9A-0F49-4049-9F52-6B027065E8BB}
  9
$EXTNAMES
290
1
  9
$PSVPSCALE
 40
0.0
  9
$OLESTARTUP
290
0
  9
$SORTENTS
280
127
  9
$INDEXCTL
280
0
  9
$HIDETEXT
280
1
  9
$XCLIPFRAME
280
1
  9
$HALOGAP
280
0
  9
$OBSCOLOR
 70
257
  9
$OBSLTYPE
280
0
  9
$INTERSECTIONDISPLAY
280
0
  9
$INTERSECTIONCOLOR
 70
257
  9
$DIMASSOC
280
2
  9
$PROJECTNAME
  1

  9
$CAMERADISPLAY
290
0
  9
$LENSLENGTH
 40
50.0
  9
$CAMERAHEIGHT
 40
0.0
  9
$STEPSPERSEC
 40
24.0
  9
$STEPSIZE
 40
100.0
  9
$3DDWFPREC
 40
2.0
  9
$PSOLWIDTH
 40
0.005
  9
$PSOLHEIGHT
 40
0.08
  9
$LOFTANG1
 40
1.570796326795
  9
$LOFTANG2
 40
1.570796326795
  9
$LOFTMAG1
 40
0.0
  9
$LOFTMAG2
 40
0.0
  9
$LOFTPARAM
 70
7
  9
$LOFTNORMALS
280
1
  9
$LATITUDE
 40
37.795
  9
$LONGITUDE
 40
-122.394
  9
$NORTHDIRECTION
 40
0.0
  9
$TIMEZONE
 70
-8000
  9
$LIGHTGLYPHDISPLAY
280
1
  9
$TILEMODELIGHTSYNCH
280
1
  9
$CMATERIAL
347
20
  9
$SOLIDHIST
280
0
  9
$SHOWHIST
280
1
  9
$DWFFRAME
280
2
  9
$DGNFRAME
280
2
  9
$REALWORLDSCALE
290
1
  9
$INTERFERECOLOR
 62
256
  9
$CSHADOW
280
0
  9
$SHADOWPLANELOCATION
 40
0.0
  0
ENDSEC
  0
SECTION
  2
CLASSES
  0
CLASS
  1
ACDBDICTIONARYWDFLT
  2
AcDbDictionaryWithDefault
  3
ObjectDBX Classes
 90
0
 91
0
280
0
281
0
  0
CLASS
  1
SUN
  2
AcDbSun
  3
SCENEOE
 90
1153
 91
0
280
0
281
0
  0
CLASS
  1
VISUALSTYLE
  2
AcDbVisualStyle
  3
ObjectDBX Classes
 90
4095
 91
0
280
0
281
0
  0
CLASS
  1
MATERIAL
  2
AcDbMaterial
  3
ObjectDBX Classes
 90
1153
 91
0
280
0
281
0
  0
CLASS
  1
SCALE
  2
AcDbScale
  3
ObjectDBX Classes
 90
1153
 91
0
280
0
281
0
  0
CLASS
  1
TABLESTYLE
  2
AcDbTableStyle
  3
ObjectDBX Classes
 90
4095
 91
0
280
0
281
0
  0
CLASS
  1
MLEADERSTYLE
  2
AcDbMLeaderStyle
  3
ACDB_MLEADERSTYLE_CLASS
 90
4095
 91
0
280
0
281
0
  0
CLASS
  1
DICTIONARYVAR
  2
AcDbDictionaryVar
  3
ObjectDBX Classes
 90
0
 91
0
280
0
281
0
  0
CLASS
  1
CELLSTYLEMAP
  2
AcDbCellStyleMap
  3
ObjectDBX Classes
 90
1152
 91
0
280
0
281
0
  0
CLASS
  1
MENTALRAYRENDERSETTINGS
  2
AcDbMentalRayRenderSettings
  3
SCENEOE
 90
1024
 91
0
280
0
281
0
  0
CLASS
  1
ACDBDETAILVIEWSTYLE
  2
AcDbDetailViewStyle
  3
ObjectDBX Classes
 90
1025
 91
0
280
0
281
0
  0
CLASS
  1
ACDBSECTIONVIEWSTYLE
  2
AcDbSectionViewStyle
  3
ObjectDBX Classes
 90
1025
 91
0
280
0
281
0
  0
CLASS
  1
RASTERVARIABLES
  2
AcDbRasterVariables
  3
ISM
 90
0
 91
0
280
0
281
0
  0
CLASS
  1
ACDBPLACEHOLDER
  2
AcDbPlaceHolder
  3
ObjectDBX Classes
 90
0
 91
0
280
0
281
0
  0
CLASS
  1
LAYOUT
  2
AcDbLayout
  3
ObjectDBX Classes
 90
0
 91
0
280
0
281
0
  0
ENDSEC
  0
SECTION
  2
TABLES
  0
TABLE
  2
VPORT
  5
8
330
0
100
AcDbSymbolTable
 70
1
  0
VPORT
  5
23
330
8
100
AcDbSymbolTableRecord
100
AcDbViewportTableRecord
  2
*Active
 70
0
 10
0.0
 20
0.0
 11
1.0
 21
1.0
 12
0.0
 22
0.0
 13
0.0
 23
0.0
 14
0.5
 24
0.5
 15
0.5
 25
0.5
 16
0.0
 26
0.0
 36
1.0
 17
0.0
 27
0.0
 37
0.0
 40
1000.0
 41
1.34
 42
50.0
 43
0.0
 44
0.0
 50
0.0
 51
0.0
 71
0
 72
1000
 73
1
 74
3
 75
0
 76
0
 77
0
 78
0
281
0
 65
0
146
0.0
  0
ENDTAB
  0
TABLE
  2
LTYPE
  5
2
330
0
100
AcDbSymbolTable
 70
21
  0
LTYPE
  5
24
330
2
100
AcDbSymbolTableRecord
100
AcDbLinetypeTableRecord
  2
ByBlock
 70
0
  3

 72
65
 73
0
 40
0.0
  0
LTYPE
  5
25
330
2
100
AcDbSymbolTableRecord
100
AcDbLinetypeTableRecord
  2
ByLayer
 70
0
  3

 72
65
 73
0
 40
0.0
  0
LTYPE
  5
26
330
2
100
AcDbSymbolTableRecord
100
AcDbLinetypeTableRecord
  2
Continuous
 70
0
  3

 72
65
 73
0
 40
0.0
  0
LTYPE
  5
2F
330
2
100
AcDbSymbolTableRecord
100
AcDbLinetypeTableRecord
  2
CENTER
 70
0
  3
Center ____ _ ____ _ ____ _ ____ _ ____ _ ____
 72
65
 73
4
 40
5.08
 49
3.175
 74
0
 49
-0.635
 74
0
 49
0.635
 74
0
 49
-0.635
 74
0
  0
LTYPE
  5
30
330
2
100
AcDbSymbolTableRecord
100
AcDbLinetypeTableRecord
  2
CENTERX2
 70
0
  3
Center (2x) ________  __  ________  __  ________
 72
65
 73
4
 40
8.89
 49
6.35
 74
0
 49
-0.635
 74
0
 49
1.27
 74
0
 49
-0.635
 74
0
  0
LTYPE
  5
31
330
2
100
AcDbSymbolTableRecord
100
AcDbLinetypeTableRecord
  2
CENTER2
 70
0
  3
Center (.5x) ____ _ ____ _ ____ _ ____ _ ____
 72
65
 73
4
 40
2.54
 49
1.587
 74
0
 49
-0.318
 74
0
 49
0.318
 74
0
 49
-0.318
 74
0
  0
LTYPE
  5
32
330
2
100
AcDbSymbolTableRecord
100
AcDbLinetypeTableRecord
  2
DASHED
 70
0
  3
Dashed __ __ __ __ __ __ __ __ __ __ __ __ __ _
 72
65
 73
2
 40
1.524
 49
1.27
 74
0
 49
-0.254
 74
0
  0
LTYPE
  5
33
330
2
100
AcDbSymbolTableRecord
100
AcDbLinetypeTableRecord
  2
DASHEDX2
 70
0
  3
Dashed (2x) ____  ____  ____  ____  ____  ____
 72
65
 73
2
 40
3.048
 49
2.54
 74
0
 49
-0.508
 74
0
  0
LTYPE
  5
34
330
2
100
AcDbSymbolTableRecord
100
AcDbLinetypeTableRecord
  2
DASHED2
 70
0
  3
Dashed (.5x) _ _ _ _ _ _ _ _ _ _ _ _ _ _
 72
65
 73
2
 40
0.762
 49
0.635
 74
0
 49
-0.127
 74
0
  0
LTYPE
  5
35
330
2
100
AcDbSymbolTableRecord
100
AcDbLinetypeTableRecord
  2
PHANTOM
 70
0
  3
Phantom ______  __  __  ______  __  __  ______
 72
65
 73
6
 40
6.35
 49
3.175
 74
0
 49
-0.635
 74
0
 49
0.635
 74
0
 49
-0.635
 74
0
 49
0.635
 74
0
 49
-0.635
 74
0
  0
LTYPE
  5
36
330
2
100
AcDbSymbolTableRecord
100
AcDbLinetypeTableRecord
  2
PHANTOMX2
 70
0
  3
Phantom (2x)____________    ____    ____    ____________
 72
65
 73
6
 40
10.795
 49
6.35
 74
0
 49
-0.635
 74
0
 49
1.27
 74
0
 49
-0.635
 74
0
 49
1.27
 74
0
 49
-0.635
 74
0
  0
LTYPE
  5
37
330
2
100
AcDbSymbolTableRecord
100
AcDbLinetypeTableRecord
  2
PHANTOM2
 70
0
  3
Phantom (.5x) ___ _ _ ___ _ _ ___ _ _ ___ _ _ ___
 72
65
 73
6
 40
3.175
 49
1.587
 74
0
 49
-0.318
 74
0
 49
0.318
 74
0
 49
-0.318
 74
0
 49
0.318
 74
0
 49
-0.318
 74
0
  0
LTYPE
  5
38
330
2
100
AcDbSymbolTableRecord
100
AcDbLinetypeTableRecord
  2
DASHDOT
 70
0
  3
Dash dot __ . __ . __ . __ . __ . __ . __ . __
 72
65
 73
4
 40
3.556
 49
2.54
 74
0
 49
-0.508
 74
0
 49
0.0
 74
0
 49
-0.508
 74
0
  0
LTYPE
  5
39
330
2
100
AcDbSymbolTableRecord
100
AcDbLinetypeTableRecord
  2
DASHDOTX2
 70
0
  3
Dash dot (2x) ____  .  ____  .  ____  .  ____
 72
65
 73
4
 40
6.096
 49
5.08
 74
0
 49
-0.508
 74
0
 49
0.0
 74
0
 49
-0.508
 74
0
  0
LTYPE
  5
3A
330
2
100
AcDbSymbolTableRecord
100
AcDbLinetypeTableRecord
  2
DASHDOT2
 70
0
  3
Dash dot (.5x) _ . _ . _ . _ . _ . _ . _ . _
 72
65
 73
4
 40
1.778
 49
1.27
 74
0
 49
-0.254
 74
0
 49
0.0
 74
0
 49
-0.254
 74
0
  0
LTYPE
  5
3B
330
2
100
AcDbSymbolTableRecord
100
AcDbLinetypeTableRecord
  2
DOT
 70
0
  3
Dot .  .  .  .  .  .  .  .  .  .  .  .  .  .  .  .
 72
65
 73
2
 40
0.508
 49
0.0
 74
0
 49
-0.508
 74
0
  0
LTYPE
  5
3C
330
2
100
AcDbSymbolTableRecord
100
AcDbLinetypeTableRecord
  2
DOTX2
 70
0
  3
Dot (2x) .    .    .    .    .    .    .    . 
 72
65
 73
2
 40
1.016
 49
0.0
 74
0
 49
-1.016
 74
0
  0
LTYPE
  5
3D
330
2
100
AcDbSymbolTableRecord
100
AcDbLinetypeTableRecord
  2
DOT2
 70
0
  3
Dot (.5) . . . . . . . . . . . . . . . . . . . 
 72
65
 73
2
 40
0.254
 49
0.0
 74
0
 49
-0.254
 74
0
  0
LTYPE
  5
3E
330
2
100
AcDbSymbolTableRecord
100
AcDbLinetypeTableRecord
  2
DIVIDE
 70
0
  3
Divide __ . . __ . . __ . . __ . . __ . . __
 72
65
 73
6
 40
4.064
 49
2.54
 74
0
 49
-0.508
 74
0
 49
0.0
 74
0
 49
-0.508
 74
0
 49
0.0
 74
0
 49
-0.508
 74
0
  0
LTYPE
  5
3F
330
2
100
AcDbSymbolTableRecord
100
AcDbLinetypeTableRecord
  2
DIVIDEX2
 70
0
  3
Divide (2x) ____  . .  ____  . .  ____  . .  ____
 72
65
 73
6
 40
6.604
 49
5.08
 74
0
 49
-0.508
 74
0
 49
0.0
 74
0
 49
-0.508
 74
0
 49
0.0
 74
0
 49
-0.508
 74
0
  0
LTYPE
  5
40
330
2
100
AcDbSymbolTableRecord
100
AcDbLinetypeTableRecord
  2
DIVIDE2
 70
0
  3
Divide(.5x) _ . _ . _ . _ . _ . _ . _ . _
 72
65
 73
6
 40
2.032
 49
1.27
 74
0
 49
-0.254
 74
0
 49
0.0
 74
0
 49
-0.254
 74
0
 49
0.0
 74
0
 49
-0.254
 74
0
  0
ENDTAB
  0
TABLE
  2
LAYER
  5
1
330
0
100
AcDbSymbolTable
 70
4
  0
LAYER
  5
27
330
1
100
AcDbSymbolTableRecord
100
AcDbLayerTableRecord
  2
0
 70
0
 62
7
  6
Continuous
370
-3
390
13
347
21
  0
LAYER
  5
28
330
1
100
AcDbSymbolTableRecord
100
AcDbLayerTableRecord
  2
Defpoints
 70
0
 62
7
  6
Continuous
290
0
370
-3
390
13
347
21
  0
LAYER
  5
8A
330
1
100
AcDbSymbolTableRecord
100
AcDbLayerTableRecord
  2
PROFILE
 70
0
 62
1
  6
Continuous
370
-3
390
13
347
21
  0
LAYER
  5
8B
330
1
100
AcDbSymbolTableRecord
100
AcDbLayerTableRecord
  2
SLOTS
 70
0
 62
3
  6
Continuous
370
-3
390
13
347
21
  0
ENDTAB
  0
TABLE
  2
STYLE
  5
5
330
0
100
AcDbSymbolTable
 70
26
  0
STYLE
  5
29
330
5
100
AcDbSymbolTableRecord
100
AcDbTextStyleTableRecord
  2
Standard
 70
0
 40
0.0
 41
1.0
 50
0.0
 71
0
 42
2.5
  3
txt
  4

  0
STYLE
  5
41
330
5
100
AcDbSymbolTableRecord
100
AcDbTextStyleTableRecord
  2
OpenSans-Light
 70
0
 40
0.0
 41
1.0
 50
0.0
 71
0
 42
2.5
  3
OpenSans-Light.ttf
  4

  0
STYLE
  5
42
330
5
100
AcDbSymbolTableRecord
100
AcDbTextStyleTableRecord
  2
OpenSans-Light-Italic
 70
0
 40
0.0
 41
1.0
 50
0.0
 71
0
 42
2.5
  3
OpenSans-LightItalic.ttf
  4

  0
STYLE
  5
43
330
5
100
AcDbSymbolTableRecord
100
AcDbTextStyleTableRecord
  2
OpenSans
 70
0
 40
0.0
 41
1.0
 50
0.0
 71
0
 42
2.5
  3
OpenSans-Regular.ttf
  4

  0
STYLE
  5
44
330
5
100
AcDbSymbolTableRecord
100
AcDbTextStyleTableRecord
  2
OpenSans-Italic
 70
0
 40
0.0
 41
1.0
 50
0.0
 71
0
 42
2.5
  3
OpenSans-Italic.ttf
  4

  0
STYLE
  5
45
330
5
100
AcDbSymbolTableRecord
100
AcDbTextStyleTableRecord
  2
OpenSans-SemiBold
 70
0
 40
0.0
 41
1.0
 50
0.0
 71
0
 42
2.5
  3
OpenSans-SemiBold.ttf
  4

  0
STYLE
  5
46
330
5
100
AcDbSymbolTableRecord
100
AcDbTextStyleTableRecord
  2
OpenSans-SemiBoldItalic
 70
0
 40
0.0
 41
1.0
 50
0.0
 71
0
 42
2.5
  3
OpenSans-SemiBoldItalic.ttf
  4

  0
STYLE
  5
47
330
5
100
AcDbSymbolTableRecord
100
AcDbTextStyleTableRecord
  2
OpenSans-Bold
 70
0
 40
0.0
 41
1.0
 50
0.0
 71
0
 42
2.5
  3
OpenSans-Bold.ttf
  4

  0
STYLE
  5
48
330
5
100
AcDbSymbolTableRecord
100
AcDbTextStyleTableRecord
  2
OpenSans-BoldItalic
 70
0
 40
0.0
 41
1.0
 50
0.0
 71
0
 42
2.5
  3
OpenSans-BoldItalic.ttf
  4

  0
STYLE
  5
49
330
5
100
AcDbSymbolTableRecord
100
AcDbTextStyleTableRecord
  2
OpenSans-ExtraBold
 70
0
 40
0.0
 41
1.0
 50
0.0
 71
0
 42
2.5
  3
OpenSans-ExtraBold.ttf
  4

  0
STYLE
  5
4A
330
5
100
AcDbSymbolTableRecord
100
AcDbTextStyleTableRecord
  2
OpenSans-ExtraBoldItalic
 70
0
 40
0.0
 41
1.0
 50
0.0
 71
0
 42
2.5
  3
OpenSans-ExtraBoldItalic.ttf
  4

  0
STYLE
  5
4B
330
5
100
AcDbSymbolTableRecord
100
AcDbTextStyleTableRecord
  2
OpenSansCondensed-Bold
 70
0
 40
0.0
 41
1.0
 50
0.0
 71
0
 42
2.5
  3
OpenSansCondensed-Bold.ttf
  4

  0
STYLE
  5
4C
330
5
100
AcDbSymbolTableRecord
100
AcDbTextStyleTableRecord
  2
OpenSansCondensed-Light
 70
0
 40
0.0
 41
1.0
 50
0.0
 71
0
 42
2.5
  3
OpenSansCondensed-Light.ttf
  4

  0
STYLE
  5
4D
330
5
100
AcDbSymbolTableRecord
100
AcDbTextStyleTableRecord
  2
OpenSansCondensed-Italic
 70
0
 40
0.0
 41
1.0
 50
0.0
 71
0
 42
2.5
  3
OpenSansCondensed-LightItalic.ttf
  4

  0
STYLE
  5
4E
330
5
100
AcDbSymbolTableRecord
100
AcDbTextStyleTableRecord
  2
LiberationSans
 70
0
 40
0.0
 41
1.0
 50
0.0
 71
0
 42
2.5
  3
LiberationSans-Regular.ttf
  4

  0
STYLE
  5
4F
330
5
100
AcDbSymbolTableRecord
100
AcDbTextStyleTableRecord
  2
LiberationSans-Bold
 70
0
 40
0.0
 41
1.0
 50
0.0
 71
0
 42
2.5
  3
LiberationSans-Bold.ttf
  4

  0
STYLE
  5
50
330
5
100
AcDbSymbolTableRecord
100
AcDbTextStyleTableRecord
  2
LiberationSans-BoldItalic
 70
0
 40
0.0
 41
1.0
 50
0.0
 71
0
 42
2.5
  3
LiberationSans-BoldItalic.ttf
  4

  0
STYLE
  5
51
330
5
100
AcDbSymbolTableRecord
100
AcDbTextStyleTableRecord
  2
LiberationSans-Italic
 70
0
 40
0.0
 41
1.0
 50
0.0
 71
0
 42
2.5
  3
LiberationSans-Italic.ttf
  4

  0
STYLE
  5
52
330
5
100
AcDbSymbolTableRecord
100
AcDbTextStyleTableRecord
  2
LiberationSerif
 70
0
 40
0.0
 41
1.0
 50
0.0
 71
0
 42
2.5
  3
LiberationSerif-Regular.ttf
  4

  0
STYLE
  5
53
330
5
100
AcDbSymbolTableRecord
100
AcDbTextStyleTableRecord
  2
LiberationSerif-Bold
 70
0
 40
0.0
 41
1.0
 50
0.0
 71
0
 42
2.5
  3
LiberationSerif-Bold.ttf
  4

  0
STYLE
  5
54
330
5
100
AcDbSymbolTableRecord
100
AcDbTextStyleTableRecord
  2
LiberationSerif-BoldItalic
 70
0
 40
0.0
 41
1.0
 50
0.0
 71
0
 42
2.5
  3
LiberationSerif-BoldItalic.ttf
  4

  0
STYLE
  5
55
330
5
100
AcDbSymbolTableRecord
100
AcDbTextStyleTableRecord
  2
LiberationSerif-Italic
 70
0
 40
0.0
 41
1.0
 50
0.0
 71
0
 42
2.5
  3
LiberationSerif-Italic.ttf
  4

  0
STYLE
  5
56
330
5
100
AcDbSymbolTableRecord
100
AcDbTextStyleTableRecord
  2
LiberationMono
 70
0
 40
0.0
 41
1.0
 50
0.0
 71
0
 42
2.5
  3
LiberationMono-Regular.ttf
  4

  0
STYLE
  5
57
330
5
100
AcDbSymbolTableRecord
100
AcDbTextStyleTableRecord
  2
LiberationMono-Bold
 70
0
 40
0.0
 41
1.0
 50
0.0
 71
0
 42
2.5
  3
LiberationMono-Bold.ttf
  4

  0
STYLE
  5
58
330
5
100
AcDbSymbolTableRecord
100
AcDbTextStyleTableRecord
  2
LiberationMono-BoldItalic
 70
0
 40
0.0
 41
1.0
 50
0.0
 71
0
 42
2.5
  3
LiberationMono-BoldItalic.ttf
  4

  0
STYLE
  5
59
330
5
100
AcDbSymbolTableRecord
100
AcDbTextStyleTableRecord
  2
LiberationMono-Italic
 70
0
 40
0.0
 41
1.0
 50
0.0
 71
0
 42
2.5
  3
LiberationMono-Italic.ttf
  4

  0
ENDTAB
  0
TABLE
  2
VIEW
  5
7
330
0
100
AcDbSymbolTable
 70
0
  0
ENDTAB
  0
TABLE
  2
UCS
  5
6
330
0
100
AcDbSymbolTable
 70
0
  0
ENDTAB
  0
TABLE
  2
APPID
  5
3
330
0
100
AcDbSymbolTable
 70
3
  0
APPID
  5
2A
330
3
100
AcDbSymbolTableRecord
100
AcDbRegAppTableRecord
  2
ACAD
 70
0
  0
APPID
  5
539
330
3
100
AcDbSymbolTableRecord
100
AcDbRegAppTableRecord
  2
HATCHBACKGROUNDCOLOR
 70
0
  0
APPID
  5
53A
330
3
100
AcDbSymbolTableRecord
100
AcDbRegAppTableRecord
  2
EZDXF
 70
0
  0
ENDTAB
  0
TABLE
  2
DIMSTYLE
  5
4
330
0
100
AcDbSymbolTable
 70
12
100
AcDbDimStyleTable
  0
DIMSTYLE
105
2B
330
4
100
AcDbSymbolTableRecord
100
AcDbDimStyleTableRecord
  2
Standard
 70
0
 40
1.0
 41
2.5
 42
0.625
 43
3.75
 44
1.25
 45
0.0
 46
0.0
 47
0.0
 48
0.0
 49
2.5
140
2.5
141
2.5
142
0.0
143
0.03937007874
144
1.0
145
0.0
146
1.0
147
0.625
148
0.0
 69
0
 70
0
 71
0
 72
0
 73
0
 74
0
 75
0
 76
0
 77
1
 78
8
 79
3
170
0
171
3
172
1
173
0
174
0
175
0
176
0
177
0
178
0
179
2
271
2
272
2
273
2
274
3
275
0
276
0
277
2
278
44
279
0
280
0
281
0
282
0
283
0
284
8
285
0
286
0
288
0
289
3
290
0
371
-2
372
-2
  0
DIMSTYLE
105
73
330
4
100
AcDbSymbolTableRecord
100
AcDbDimStyleTableRecord
  2
EZDXF
 70
0
 40
1.0
 41
0.175
 42
0.125
 43
3.75
 44
0.375
 45
0.0
 46
0.0
 47
0.0
 48
0.0
 49
2.5
140
0.25
141
2.5
142
0.0
143
0.03937007874
144
100.0
145
0.0
146
0.5
147
0.1
148
0.0
 69
0
 70
0
 71
0
 72
0
 73
0
 74
0
 75
0
 76
0
 77
1
 78
12
 79
3
170
0
171
3
172
1
173
0
174
0
175
0
176
0
177
0
178
0
179
2
271
2
272
2
273
2
274
3
275
0
276
0
277
2
278
46
279
2
280
0
281
0
282
0
283
0
284
8
285
0
286
0
288
1
289
3
290
0
340
4C
342
74
371
-2
372
-2
  0
DIMSTYLE
105
7C
330
4
100
AcDbSymbolTableRecord
100
AcDbDimStyleTableRecord
  2
EZ_M_100_H25_CM
 70
0
 40
1.0
 41
0.25
 42
0.125
 43
3.75
 44
0.375
 45
0.0
 46
0.0
 47
0.0
 48
0.0
 49
2.5
140
0.25
141
2.5
142
0.125
143
0.03937007874
144
100.0
145
0.0
146
0.5
147
0.1
148
0.0
 69
0
 70
0
 71
0
 72
0
 73
0
 74
0
 75
0
 76
0
 77
1
 78
12
 79
3
170
0
171
3
172
1
173
0
174
0
175
0
176
0
177
0
178
0
179
2
271
2
272
2
273
2
274
3
275
0
276
0
277
2
278
46
279
2
280
0
281
0
282
0
283
0
284
8
285
0
286
0
288
1
289
3
290
0
340
4C
371
-2
372
-2
  0
DIMSTYLE
105
7D
330
4
100
AcDbSymbolTableRecord
100
AcDbDimStyleTableRecord
  2
EZ_M_50_H25_CM
 70
0
 40
1.0
 41
0.125
 42
0.0625
 43
3.75
 44
0.1875
 45
0.0
 46
0.0
 47
0.0
 48
0.0
 49
2.5
140
0.125
141
2.5
142
0.0625
143
0.03937007874
144
100.0
145
0.0
146
0.5
147
0.05
148
0.0
 69
0
 70
0
 71
0
 72
0
 73
0
 74
0
 75
0
 76
0
 77
1
 78
12
 79
3
170
0
171
3
172
1
173
0
174
0
175
0
176
0
177
0
178
0
179
2
271
2
272
2
273
2
274
3
275
0
276
0
277
2
278
46
279
2
280
0
281
0
282
0
283
0
284
8
285
0
286
0
288
1
289
3
290
0
340
4C
371
-2
372
-2
  0
DIMSTYLE
105
7E
330
4
100
AcDbSymbolTableRecord
100
AcDbDimStyleTableRecord
  2
EZ_M_25_H25_CM
 70
0
 40
1.0
 41
0.0625
 42
0.03125
 43
3.75
 44
0.09375
 45
0.0
 46
0.0
 47
0.0
 48
0.0
 49
2.5
140
0.0625
141
2.5
142
0.03125
143
0.03937007874
144
100.0
145
0.0
146
0.5
147
0.025
148
0.0
 69
0
 70
0
 71
0
 72
0
 73
0
 74
0
 75
0
 76
0
 77
1
 78
12
 79
3
170
0
171
3
172
1
173
0
174
0
175
0
176
0
177
0
178
0
179
2
271
2
272
2
273
2
274
3
275
0
276
0
277
2
278
46
279
2
280
0
281
0
282
0
283
0
284
8
285
0
286
0
288
1
289
3
290
0
340
4C
371
-2
372
-2
  0
DIMSTYLE
105
7F
330
4
100
AcDbSymbolTableRecord
100
AcDbDimStyleTableRecord
  2
EZ_M_20_H25_CM
 70
0
 40
1.0
 41
0.05
 42
0.025
 43
3.75
 44
0.07500000000000001
 45
0.0
 46
0.0
 47
0.0
 48
0.0
 49
2.5
140
0.05
141
2.5
142
0.025
143
0.03937007874
144
100.0
145
0.0
146
0.5
147
0.020000000000000004
148
0.0
 69
0
 70
0
 71
0
 72
0
 73
0
 74
0
 75
0
 76
0
 77
1
 78
12
 79
3
170
0
171
3
172
1
173
0
174
0
175
0
176
0
177
0
178
0
179
2
271
2
272
2
273
2
274
3
275
0
276
0
277
2
278
46
279
2
280
0
281
0
282
0
283
0
284
8
285
0
286
0
288
1
289
3
290
0
340
4C
371
-2
372
-2
  0
DIMSTYLE
105
80
330
4
100
AcDbSymbolTableRecord
100
AcDbDimStyleTableRecord
  2
EZ_M_10_H25_CM
 70
0
 40
1.0
 41
0.025
 42
0.0125
 43
3.75
 44
0.037500000000000006
 45
0.0
 46
0.0
 47
0.0
 48
0.0
 49
2.5
140
0.025
141
2.5
142
0.0125
143
0.03937007874
144
100.0
145
0.0
146
0.5
147
0.010000000000000002
148
0.0
 69
0
 70
0
 71
0
 72
0
 73
0
 74
0
 75
0
 76
0
 77
1
 78
12
 79
3
170
0
171
3
172
1
173
0
174
0
175
0
176
0
177
0
178
0
179
2
271
2
272
2
273
2
274
3
275
0
276
0
277
2
278
46
279
2
280
0
281
0
282
0
283
0
284
8
285
0
286
0
288
1
289
3
290
0
340
4C
371
-2
372
-2
  0
DIMSTYLE
105
81
330
4
100
AcDbSymbolTableRecord
100
AcDbDimStyleTableRecord
  2
EZ_M_5_H25_CM
 70
0
 40
1.0
 41
0.0125
 42
0.00625
 43
3.75
 44
0.018750000000000003
 45
0.0
 46
0.0
 47
0.0
 48
0.0
 49
2.5
140
0.0125
141
2.5
142
0.00625
143
0.03937007874
144
100.0
145
0.0
146
0.5
147
0.005000000000000001
148
0.0
 69
0
 70
0
 71
0
 72
0
 73
0
 74
0
 75
0
 76
0
 77
1
 78
12
 79
3
170
0
171
3
172
1
173
0
174
0
175
0
176
0
177
0
178
0
179
2
271
2
272
2
273
2
274
3
275
0
276
0
277
2
278
46
279
2
280
0
281
0
282
0
283
0
284
8
285
0
286
0
288
1
289
3
290
0
340
4C
371
-2
372
-2
  0
DIMSTYLE
105
82
330
4
100
AcDbSymbolTableRecord
100
AcDbDimStyleTableRecord
  2
EZ_M_1_H25_CM
 70
0
 40
1.0
 41
0.0025
 42
0.00125
 43
3.75
 44
0.00375
 45
0.0
 46
0.0
 47
0.0
 48
0.0
 49
2.5
140
0.0025
141
2.5
142
0.00125
143
0.03937007874
144
100.0
145
0.0
146
0.5
147
0.001
148
0.0
 69
0
 70
0
 71
0
 72
0
 73
0
 74
0
 75
0
 76
0
 77
1
 78
12
 79
3
170
0
171
3
172
1
173
0
174
0
175
0
176
0
177
0
178
0
179
2
271
2
272
2
273
2
274
3
275
0
276
0
277
2
278
46
279
2
280
0
281
0
282
0
283
0
284
8
285
0
286
0
288
1
289
3
290
0
340
4C
371
-2
372
-2
  0
DIMSTYLE
105
83
330
4
100
AcDbSymbolTableRecord
100
AcDbDimStyleTableRecord
  2
EZ_RADIUS
 70
0
 40
1.0
 41
0.25
 42
0.125
 43
3.75
 44
0.375
 45
0.0
 46
0.0
 47
0.0
 48
0.0
 49
2.5
140
0.25
141
0.0
142
0.0
143
0.03937007874
144
100.0
145
0.0
146
0.5
147
0.1
148
0.0
 69
0
 70
0
 71
0
 72
0
 73
0
 74
0
 75
0
 76
0
 77
1
 78
12
 79
3
170
0
171
3
172
0
173
0
174
0
175
0
176
0
177
0
178
0
179
2
271
2
272
2
273
2
274
3
275
0
276
0
277
2
278
46
279
1
280
0
281
0
282
0
283
0
284
8
285
0
286
0
288
1
289
3
290
0
340
4C
342
84
371
-2
372
-2
  0
DIMSTYLE
105
88
330
4
100
AcDbSymbolTableRecord
100
AcDbDimStyleTableRecord
  2
EZ_RADIUS_INSIDE
 70
0
 40
1.0
 41
0.25
 42
0.125
 43
3.75
 44
0.375
 45
0.0
 46
0.0
 47
0.0
 48
0.0
 49
2.5
140
0.25
141
0.0
142
0.0
143
0.03937007874
144
100.0
145
0.0
146
0.5
147
0.1
148
0.0
 69
0
 70
0
 71
0
 72
0
 73
0
 74
0
 75
0
 76
0
 77
0
 78
12
 79
3
170
0
171
3
172
0
173
0
174
1
175
0
176
0
177
0
178
0
179
2
271
2
272
2
273
2
274
3
275
0
276
0
277
2
278
46
279
0
280
0
281
0
282
0
283
0
284
8
285
0
286
0
288
1
289
0
290
0
340
4C
342
84
371
-2
372
-2
  0
DIMSTYLE
105
89
330
4
100
AcDbSymbolTableRecord
100
AcDbDimStyleTableRecord
  2
EZ_CURVED
 70
0
 40
1.0
 41
0.25
 42
0.125
 43
3.75
 44
0.375
 45
0.0
 46
0.0
 47
0.0
 48
0.0
 49
2.5
140
0.25
141
2.5
142
0.0
143
0.03937007874
144
100.0
145
0.0
146
0.5
147
0.1
148
0.0
 69
0
 70
0
 71
0
 72
0
 73
0
 74
0
 75
0
 76
0
 77
1
 78
12
 79
2
 90
2
170
0
171
3
172
1
173
0
174
0
175
0
176
0
177
0
178
0
179
2
271
2
272
2
273
2
274
3
275
0
276
0
277
2
278
46
279
2
280
0
281
0
282
0
283
0
284
8
285
0
286
0
288
1
289
3
290
0
340
4C
371
-2
372
-2
  0
ENDTAB
  0
TABLE
  2
BLOCK_RECORD
  5
9
330
0
100
AcDbSymbolTable
 70
5
  0
BLOCK_RECORD
  5
17
330
9
100
AcDbSymbolTableRecord
100
AcDbBlockTableRecord
  2
*Model_Space
340
1A
 70
0
280
1
281
0
  0
BLOCK_RECORD
  5
1B
330
9
100
AcDbSymbolTableRecord
100
AcDbBlockTableRecord
  2
*Paper_Space
340
1E
 70
0
280
1
281
0
  0
BLOCK_RECORD
  5
74
330
9
100
AcDbSymbolTableRecord
100
AcDbBlockTableRecord
  2
_ARCHTICK
340
0
 70
0
280
1
281
0
  0
BLOCK_RECORD
  5
78
330
9
100
AcDbSymbolTableRecord
100
AcDbBlockTableRecord
  2
_CLOSEDFILLED
340
0
 70
0
280
1
281
0
  0
BLOCK_RECORD
  5
84
330
9
100
AcDbSymbolTableRecord
100
AcDbBlockTableRecord
  2
_CLOSEDBLANK
340
0
 70
0
280
1
281
0
  0
ENDTAB
  0
ENDSEC
  0
SECTION
  2
BLOCKS
  0
BLOCK
  5
18
330
17
100
AcDbEntity
  8
0
100
AcDbBlockBegin
  2
*Model_Space
 70
0
 10
0.0
 20
0.0
 30
0.0
  3
*Model_Space
  1

  0
ENDBLK
  5
19
330
17
100
AcDbEntity
  8
0
100
AcDbBlockEnd
  0
BLOCK
  5
1C
330
1B
100
AcDbEntity
  8
0
100
AcDbBlockBegin
  2
*Paper_Space
 70
0
 10
0.0
 20
0.0
 30
0.0
  3
*Paper_Space
  1

  0
ENDBLK
  5
1D
330
1B
100
AcDbEntity
  8
0
100
AcDbBlockEnd
  0
BLOCK
  5
75
330
74
100
AcDbEntity
  8
0
100
AcDbBlockBegin
  2
_ARCHTICK
 70
0
 10
0.0
 20
0.0
 30
0.0
  3
_ARCHTICK
  1

  0
LWPOLYLINE
  5
77
330
74
100
AcDbEntity
  8
0
  6
BYBLOCK
 62
0
100
AcDbPolyline
 90
2
 70
0
 43
0.15
 10
-0.5
 20
-0.5
 10
0.5
 20
0.5
  0
ENDBLK
  5
76
330
74
100
AcDbEntity
  8
0
100
AcDbBlockEnd
  0
BLOCK
  5
79
330
78
100
AcDbEntity
  8
0
100
AcDbBlockBegin
  2
_CLOSEDFILLED
 70
0
 10
0.0
 20
0.0
 30
0.0
  3
_CLOSEDFILLED
  1

  0
SOLID
  5
7B
330
78
100
AcDbEntity
  8
0
  6
BYBLOCK
 62
0
100
AcDbTrace
 10
-1.0
 20
0.16439898372402537
 30
0.0
 11
0.0
 21
0.0
 31
0.0
 12
-1.0
 22
-0.16439898372402537
 32
0.0
 13
-1.0
 23
-0.16439898372402537
 33
0.0
  0
ENDBLK
  5
7A
330
78
100
AcDbEntity
  8
0
100
AcDbBlockEnd
  0
BLOCK
  5
85
330
84
100
AcDbEntity
  8
0
100
AcDbBlockBegin
  2
_CLOSEDBLANK
 70
0
 10
0.0
 20
0.0
 30
0.0
  3
_CLOSEDBLANK
  1

  0
LWPOLYLINE
  5
87
330
84
100
AcDbEntity
  8
0
  6
BYBLOCK
 62
0
100
AcDbPolyline
 90
3
 70
1
 10
-1.0
 20
0.16439898372402537
 10
0.0
 20
0.0
 10
-1.0
 20
-0.16439898372402537
  0
ENDBLK
  5
86
330
84
100
AcDbEntity
  8
0
100
AcDbBlockEnd
  0
ENDSEC
  0
SECTION
  2
ENTITIES
  0
LWPOLYLINE
  5
8C
330
17
100
AcDbEntity
  8
PROFILE
100
AcDbPolyline
 90
4
 70
1
 10
0.0
 20
0.0
 10
36.0
 20
0.0
 10
36.0
 20
31.0
 10
0.0
 20
31.0
  0
LINE
  5
8D
330
17
100
AcDbEntity
  8
SLOTS
100
AcDbLine
 10
34.10120162664373
 20
15.234352957382635
 30
0.0
 11
34.79364423117393
 21
14.24823432245745
 31
0.0
  0
LINE
  5
8E
330
17
100
AcDbEntity
  8
SLOTS
100
AcDbLine
 10
34.58904696967919
 20
14.1045681796511
 30
0.0
 11
33.89660436514899
 21
15.090686814576285
 31
0.0
  0
ARC
  5
8F
330
17
100
AcDbEntity
  8
SLOTS
100
AcDbCircle
 10
34.69134560042656
 20
14.176401251054275
 30
0.0
 40
0.125
100
AcDbArc
 50
-144.92385470259615
 51
35.076145297403855
  0
ARC
  5
90
330
17
100
AcDbEntity
  8
SLOTS
100
AcDbCircle
 10
33.99890299589636
 20
15.16251988597946
 30
0.0
 40
0.125
100
AcDbArc
 50
35.076145297403855
 51
215.07614529740385
  0
LINE
  5
91
330
17
100
AcDbEntity
  8
SLOTS
100
AcDbLine
 10
34.366184386104045
 20
16.16209592080833
 30
0.0
 11
34.97729863074737
 21
15.291798309470744
 31
0.0
  0
LINE
  5
92
330
17
100
AcDbEntity
  8
SLOTS
100
AcDbLine
 10
34.77270136925263
 20
15.148132166664395
 30
0.0
 11
34.161587124609305
 21
16.018429778001984
 31
0.0
  0
ARC
  5
93
330
17
100
AcDbEntity
  8
SLOTS
100
AcDbCircle
 10
34.875
 20
15.21996523806757
 30
0.0
 40
0.125
100
AcDbArc
 50
-144.92385470259612
 51
35.07614529740388
  0
ARC
  5
94
330
17
100
AcDbEntity
  8
SLOTS
100
AcDbCircle
 10
34.263885755356675
 20
16.090262849405157
 30
0.0
 40
0.125
100
AcDbArc
 50
35.07614529740388
 51
215.07614529740388
  0
LINE
  5
95
330
17
100
AcDbEntity
  8
SLOTS
100
AcDbLine
 10
34.63116714556436
 20
17.089838884234027
 30
0.0
 11
34.97729863074737
 21
16.59690747672066
 31
0.0
  0
LINE
  5
96
330
17
100
AcDbEntity
  8
SLOTS
100
AcDbLine
 10
34.77270136925263
 20
16.453241333914313
 30
0.0
 11
34.42656988406962
 21
16.94617274142768
 31
0.0
  0
ARC
  5
97
330
17
100
AcDbEntity
  8
SLOTS
100
AcDbCircle
 10
34.875
 20
16.525074405317486
 30
0.0
 40
0.125
100
AcDbArc
 50
-144.92385470259603
 51
35.076145297403976
  0
ARC
  5
98
330
17
100
AcDbEntity
  8
SLOTS
100
AcDbCircle
 10
34.52886851481699
 20
17.018005812830854
 30
0.0
 40
0.125
100
AcDbArc
 50
35.076145297403976
 51
215.07614529740397
  0
LINE
  5
99
330
17
100
AcDbEntity
  8
SLOTS
100
AcDbLine
 10
34.89614990502468
 20
18.01758184765973
 30
0.0
 11
34.97729863074737
 21
17.902016643970583
 31
0.0
  0
LINE
  5
9A
330
17
100
AcDbEntity
  8
SLOTS
100
AcDbLine
 10
34.77270136925263
 20
17.75835050116423
 30
0.0
 11
34.69155264352994
 21
17.873915704853378
 31
0.0
  0
ARC
  5
9B
330
17
100
AcDbEntity
  8
SLOTS
100
AcDbCircle
 10
34.875
 20
17.830183572567407
 30
0.0
 40
0.125
100
AcDbArc
 50
-144.9238547025953
 51
35.07614529740469
  0
ARC
  5
9C
330
17
100
AcDbEntity
  8
SLOTS
100
AcDbCircle
 10
34.79385127427731
 20
17.945748776256554
 30
0.0
 40
0.125
100
AcDbArc
 50
35.07614529740469
 51
215.0761452974047
  0
LINE
  5
9D
330
17
100
AcDbEntity
  8
SLOTS
100
AcDbLine
 10
29.530737087769097
 20
12.20924851092115
 30
0.0
 11
29.558861516049436
 21
11.885104531627054
 31
0.0
  0
LINE
  5
9E
330
17
100
AcDbEntity
  8
SLOTS
100
AcDbLine
 10
29.30979726172038
 20
11.863494413267524
 30
0.0
 11
29.28167283344004
 21
12.18763839256162
 31
0.0
  0
ARC
  5
9F
330
17
100
AcDbEntity
  8
SLOTS
100
AcDbCircle
 10
29.43432938888491
 20
11.874299472447289
 30
0.0
 40
0.125
100
AcDbArc
 50
-175.04113716841914
 51
4.958862831580859
  0
ARC
  5
A0
330
17
100
AcDbEntity
  8
SLOTS
100
AcDbCircle
 10
29.40620496060457
 20
12.198443451741385
 30
0.0
 40
0.125
100
AcDbArc
 50
4.958862831580859
 51
184.95886283158086
  0
LINE
  5
A1
330
17
100
AcDbEntity
  8
SLOTS
100
AcDbLine
 10
30.142095226558645
 20
13.839620934071206
 30
0.0
 11
30.333499292995306
 21
11.633621397674569
 31
0.0
  0
LINE
  5
A2
330
17
100
AcDbEntity
  8
SLOTS
100
AcDbLine
 10
30.08443503866625
 20
11.61201127931504
 30
0.0
 11
29.89303097222959
 21
13.818010815711677
 31
0.0
  0
ARC
  5
A3
330
17
100
AcDbEntity
  8
SLOTS
100
AcDbCircle
 10
30.208967165830778
 20
11.622816338494804
 30
0.0
 40
0.125
100
AcDbArc
 50
-175.04113716841897
 51
4.9588628315810155
  0
ARC
  5
A4
330
17
100
AcDbEntity
  8
SLOTS
100
AcDbCircle
 10
30.017563099394117
 20
13.828815874891442
 30
0.0
 40
0.125
100
AcDbArc
 50
4.9588628315810155
 51
184.95886283158103
  0
LINE
  5
A5
330
17
100
AcDbEntity
  8
SLOTS
100
AcDbLine
 10
30.824895044879554
 20
14.646602742488838
 30
0.0
 11
31.10813706994118
 21
11.382138263722084
 31
0.0
  0
LINE
  5
A6
330
17
100
AcDbEntity
  8
SLOTS
100
AcDbLine
 10
30.859072815612123
 20
11.360528145362554
 30
0.0
 11
30.575830790550498
 21
14.624992624129309
 31
0.0
  0
ARC
  5
A7
330
17
100
AcDbEntity
  8
SLOTS
100
AcDbCircle
 10
30.98360494277665
 20
11.371333204542319
 30
0.0
 40
0.125
100
AcDbArc
 50
-175.041137168419
 51
4.958862831581001
  0
ARC
  5
A8
330
17
100
AcDbEntity
  8
SLOTS
100
AcDbCircle
 10
30.700362917715026
 20
14.635797683309073
 30
0.0
 40
0.125
100
AcDbArc
 50
4.958862831581001
 51
184.958862831581
  0
LINE
  5
A9
330
17
100
AcDbEntity
  8
SLOTS
100
AcDbLine
 10
31.573251519663877
 20
14.698020907675948
 30
0.0
 11
31.867316732210366
 21
11.308815366619141
 31
0.0
  0
LINE
  5
AA
330
17
100
AcDbEntity
  8
SLOTS
100
AcDbLine
 10
31.61825247788131
 20
11.287205248259612
 30
0.0
 11
31.32418726533482
 21
14.676410789316419
 31
0.0
  0
ARC
  5
AB
330
17
100
AcDbEntity
  8
SLOTS
100
AcDbCircle
 10
31.742784605045838
 20
11.298010307439377
 30
0.0
 40
0.125
100
AcDbArc
 50
-175.04113716841903
 51
4.958862831580987
  0
ARC
  5
AC
330
17
100
AcDbEntity
  8
SLOTS
100
AcDbCircle
 10
31.44871939249935
 20
14.687215848496184
 30
0.0
 40
0.125
100
AcDbArc
 50
4.958862831580987
 51
184.95886283158097
  0
LINE
  5
AD
330
17
100
AcDbEntity
  8
SLOTS
100
AcDbLine
 10
32.33030525184787
 20
14.649200106425347
 30
0.0
 11
32.61102693979201
 21
11.41378340400025
 31
0.0
  0
LINE
  5
AE
330
17
100
AcDbEntity
  8
SLOTS
100
AcDbLine
 10
32.361962685462956
 20
11.392173285640721
 30
0.0
 11
32.08124099751881
 21
14.627589988065818
 31
0.0
  0
ARC
  5
AF
330
17
100
AcDbEntity
  8
SLOTS
100
AcDbCircle
 10
32.486494812627484
 20
11.402978344820486
 30
0.0
 40
0.125
100
AcDbArc
 50
-175.0411371684189
 51
4.958862831581072
  0
ARC
  5
B0
330
17
100
AcDbEntity
  8
SLOTS
100
AcDbCircle
 10
32.20577312468334
 20
14.638395047245583
 30
0.0
 40
0.125
100
AcDbArc
 50
4.958862831581072
 51
184.9588628315811
  0
LINE
  5
B1
330
17
100
AcDbEntity
  8
SLOTS
100
AcDbLine
 10
33.08735898403186
 20
14.600379305174746
 30
0.0
 11
33.30086136933229
 21
12.139688831034945
 31
0.0
  0
LINE
  5
B2
330
17
100
AcDbEntity
  8
SLOTS
100
AcDbLine
 10
33.05179711500323
 20
12.118078712675416
 30
0.0
 11
32.8382947297028
 21
14.578769186815217
 31
0.0
  0
ARC
  5
B3
330
17
100
AcDbEntity
  8
SLOTS
100
AcDbCircle
 10
33.17632924216776
 20
12.12888377185518
 30
0.0
 40
0.125
100
AcDbArc
 50
-175.04113716841886
 51
4.958862831581143
  0
ARC
  5
B4
330
17
100
AcDbEntity
  8
SLOTS
100
AcDbCircle
 10
32.96282685686733
 20
14.589574245994982
 30
0.0
 40
0.125
100
AcDbArc
 50
4.958862831581143
 51
184.95886283158114
  0
LINE
  5
B5
330
17
100
AcDbEntity
  8
SLOTS
100
AcDbLine
 10
33.90513190733616
 20
13.851748359053941
 30
0.0
 11
33.908741597880535
 21
13.810145399327611
 31
0.0
  0
LINE
  5
B6
330
17
100
AcDbEntity
  8
SLOTS
100
AcDbLine
 10
33.65967734355148
 20
13.788535280968079
 30
0.0
 11
33.656067653007106
 21
13.830138240694408
 31
0.0
  0
ARC
  5
B7
330
17
100
AcDbEntity
  8
SLOTS
100
AcDbCircle
 10
33.78420947071601
 20
13.799340340147845
 30
0.0
 40
0.125
100
AcDbArc
 50
-175.04113716841803
 51
4.958862831581968
  0
ARC
  5
B8
330
17
100
AcDbEntity
  8
SLOTS
100
AcDbCircle
 10
33.780599780171634
 20
13.840943299874175
 30
0.0
 40
0.125
100
AcDbArc
 50
4.958862831581968
 51
184.95886283158197
  0
LINE
  5
B9
330
17
100
AcDbEntity
  8
SLOTS
100
AcDbLine
 10
34.32781363838192
 20
10.330160534667867
 30
0.0
 11
34.23673016647722
 21
13.188990514212788
 31
0.0
  0
LINE
  5
BA
330
17
100
AcDbEntity
  8
SLOTS
100
AcDbLine
 10
34.486603377344814
 20
13.196951575116946
 30
0.0
 11
34.57768684924951
 21
10.338121595572025
 31
0.0
  0
ARC
  5
BB
330
17
100
AcDbEntity
  8
SLOTS
100
AcDbCircle
 10
34.36166677191102
 20
13.192971044664867
 30
0.0
 40
0.125
100
AcDbArc
 50
1.8248492661917197
 51
181.82484926619173
  0
ARC
  5
BC
330
17
100
AcDbEntity
  8
SLOTS
100
AcDbCircle
 10
34.452750243815714
 20
10.334141065119946
 30
0.0
 40
0.125
100
AcDbArc
 50
181.82484926619173
 51
361.82484926619173
  0
LINE
  5
BD
330
17
100
AcDbEntity
  8
SLOTS
100
AcDbLine
 10
33.55364982386127
 20
11.076643716158538
 30
0.0
 11
33.54675834553185
 21
11.292946020402482
 31
0.0
  0
LINE
  5
BE
330
17
100
AcDbEntity
  8
SLOTS
100
AcDbLine
 10
33.79663155639944
 20
11.300907081306647
 30
0.0
 11
33.80352303472886
 21
11.084604777062703
 31
0.0
  0
ARC
  5
BF
330
17
100
AcDbEntity
  8
SLOTS
100
AcDbCircle
 10
33.671694950965644
 20
11.296926550854565
 30
0.0
 40
0.125
100
AcDbArc
 50
1.8248492661927287
 51
181.82484926619273
  0
ARC
  5
C0
330
17
100
AcDbEntity
  8
SLOTS
100
AcDbCircle
 10
33.678586429295066
 20
11.08062424661062
 30
0.0
 40
0.125
100
AcDbArc
 50
181.82484926619273
 51
361.8248492661927
  0
LINE
  5
C1
330
17
100
AcDbEntity
  8
SLOTS
100
AcDbLine
 10
30.144419771849257
 20
20.78343170796788
 30
0.0
 11
29.101751683123364
 21
21.125905126880177
 31
0.0
  0
LINE
  5
C2
330
17
100
AcDbEntity
  8
SLOTS
100
AcDbLine
 10
29.179765841936852
 20
21.36342100219091
 30
0.0
 11
30.222433930662746
 21
21.020947583278613
 31
0.0
  0
ARC
  5
C3
330
17
100
AcDbEntity
  8
SLOTS
100
AcDbCircle
 10
29.14075876253011
 20
21.244663064535544
 30
0.0
 40
0.125
100
AcDbArc
 50
71.81678332394586
 51
251.81678332394586
  0
ARC
  5
C4
330
17
100
AcDbEntity
  8
SLOTS
100
AcDbCircle
 10
30.183426851256
 20
20.902189645623245
 30
0.0
 40
0.125
100
AcDbArc
 50
251.81678332394586
 51
431.81678332394586
  0
LINE
  5
C5
330
17
100
AcDbEntity
  8
SLOTS
100
AcDbLine
 10
32.51317030693911
 20
19.215974038256473
 30
0.0
 11
28.48807608084263
 21
20.538051309020453
 31
0.0
  0
LINE
  5
C6
330
17
100
AcDbEntity
  8
SLOTS
100
AcDbLine
 10
28.56609023965612
 20
20.775567184331187
 30
0.0
 11
32.5911844657526
 21
19.453489913567207
 31
0.0
  0
ARC
  5
C7
330
17
100
AcDbEntity
  8
SLOTS
100
AcDbCircle
 10
28.527083160249376
 20
20.65680924667582
 30
0.0
 40
0.125
100
AcDbArc
 50
71.81678332394571
 51
251.8167833239457
  0
ARC
  5
C8
330
17
100
AcDbEntity
  8
SLOTS
100
AcDbCircle
 10
32.55217738634585
 20
19.33473197591184
 30
0.0
 40
0.125
100
AcDbArc
 50
251.8167833239457
 51
431.81678332394574
  0
LINE
  5
C9
330
17
100
AcDbEntity
  8
SLOTS
100
AcDbLine
 10
34.0060455748489
 20
17.936205231890288
 30
0.0
 11
28.596195589706795
 21
19.71311759762525
 31
0.0
  0
LINE
  5
CA
330
17
100
AcDbEntity
  8
SLOTS
100
AcDbLine
 10
28.674209748520283
 20
19.950633472935984
 30
0.0
 11
34.084059733662386
 21
18.173721107201022
 31
0.0
  0
ARC
  5
CB
330
17
100
AcDbEntity
  8
SLOTS
100
AcDbCircle
 10
28.63520266911354
 20
19.831875535280616
 30
0.0
 40
0.125
100
AcDbArc
 50
71.81678332394571
 51
251.8167833239457
  0
ARC
  5
CC
330
17
100
AcDbEntity
  8
SLOTS
100
AcDbCircle
 10
34.04505265425564
 20
18.054963169545655
 30
0.0
 40
0.125
100
AcDbArc
 50
251.8167833239457
 51
431.81678332394574
  0
LINE
  5
CD
330
17
100
AcDbEntity
  8
SLOTS
100
AcDbLine
 10
33.79990910396242
 20
17.214491635278062
 30
0.0
 11
29.079071299489964
 21
18.76509194664249
 31
0.0
  0
LINE
  5
CE
330
17
100
AcDbEntity
  8
SLOTS
100
AcDbLine
 10
29.157085458303452
 20
19.002607821953223
 30
0.0
 11
33.87792326277591
 21
17.452007510588796
 31
0.0
  0
ARC
  5
CF
330
17
100
AcDbEntity
  8
SLOTS
100
AcDbCircle
 10
29.11807837889671
 20
18.883849884297856
 30
0.0
 40
0.125
100
AcDbArc
 50
71.81678332394574
 51
251.81678332394574
  0
ARC
  5
D0
330
17
100
AcDbEntity
  8
SLOTS
100
AcDbCircle
 10
33.838916183369165
 20
17.33324957293343
 30
0.0
 40
0.125
100
AcDbArc
 50
251.81678332394574
 51
431.81678332394574
  0
LINE
  5
D1
330
17
100
AcDbEntity
  8
SLOTS
100
AcDbLine
 10
33.59377263307594
 20
16.492778038665836
 30
0.0
 11
29.56194700927313
 21
17.817066295659732
 31
0.0
  0
LINE
  5
D2
330
17
100
AcDbEntity
  8
SLOTS
100
AcDbLine
 10
29.639961168086618
 20
18.054582170970466
 30
0.0
 11
33.67178679188943
 21
16.73029391397657
 31
0.0
  0
ARC
  5
D3
330
17
100
AcDbEntity
  8
SLOTS
100
AcDbCircle
 10
29.600954088679874
 20
17.9358242333151
 30
0.0
 40
0.125
100
AcDbArc
 50
71.81678332394574
 51
251.81678332394574
  0
ARC
  5
D4
330
17
100
AcDbEntity
  8
SLOTS
100
AcDbCircle
 10
33.63277971248269
 20
16.611535976321203
 30
0.0
 40
0.125
100
AcDbArc
 50
251.81678332394574
 51
431.81678332394574
  0
LINE
  5
D5
330
17
100
AcDbEntity
  8
SLOTS
100
AcDbLine
 10
33.387636162189466
 20
15.77106444205361
 30
0.0
 11
30.0448227190563
 21
16.869040644676975
 31
0.0
  0
LINE
  5
D6
330
17
100
AcDbEntity
  8
SLOTS
100
AcDbLine
 10
30.122836877869787
 20
17.10655651998771
 30
0.0
 11
33.465650321002954
 21
16.008580317364345
 31
0.0
  0
ARC
  5
D7
330
17
100
AcDbEntity
  8
SLOTS
100
AcDbCircle
 10
30.083829798463043
 20
16.987798582332342
 30
0.0
 40
0.125
100
AcDbArc
 50
71.81678332394571
 51
251.8167833239457
  0
ARC
  5
D8
330
17
100
AcDbEntity
  8
SLOTS
100
AcDbCircle
 10
33.42664324159621
 20
15.889822379708978
 30
0.0
 40
0.125
100
AcDbArc
 50
251.8167833239457
 51
431.81678332394574
  0
LINE
  5
D9
330
17
100
AcDbEntity
  8
SLOTS
100
AcDbLine
 10
32.58898678148351
 20
15.243966873465714
 30
0.0
 11
30.527698428839468
 21
15.921014993694214
 31
0.0
  0
LINE
  5
DA
330
17
100
AcDbEntity
  8
SLOTS
100
AcDbLine
 10
30.605712587652956
 20
16.15853086900495
 30
0.0
 11
32.667000940297
 21
15.481482748776449
 31
0.0
  0
ARC
  5
DB
330
17
100
AcDbEntity
  8
SLOTS
100
AcDbCircle
 10
30.566705508246212
 20
16.03977293134958
 30
0.0
 40
0.125
100
AcDbArc
 50
71.81678332394577
 51
251.81678332394577
  0
ARC
  5
DC
330
17
100
AcDbEntity
  8
SLOTS
100
AcDbCircle
 10
32.62799386089026
 20
15.362724811121081
 30
0.0
 40
0.125
100
AcDbArc
 50
251.81678332394577
 51
431.81678332394574
  0
LINE
  5
DD
330
17
100
AcDbEntity
  8
SLOTS
100
AcDbLine
 10
31.47304718720524
 20
23.73768881372932
 30
0.0
 11
30.121358727285546
 21
21.8375422954505
 31
0.0
  0
LINE
  5
DE
330
17
100
AcDbEntity
  8
SLOTS
100
AcDbLine
 10
29.91764385672849
 20
21.982456930715276
 30
0.0
 11
31.269332316648182
 21
23.882603448994097
 31
0.0
  0
ARC
  5
DF
330
17
100
AcDbEntity
  8
SLOTS
100
AcDbCircle
 10
30.019501292007018
 20
21.90999961308289
 30
0.0
 40
0.125
100
AcDbArc
 50
-215.42652981980535
 51
-35.42652981980537
  0
ARC
  5
E0
330
17
100
AcDbEntity
  8
SLOTS
100
AcDbCircle
 10
31.37118975192671
 20
23.81014613136171
 30
0.0
 40
0.125
100
AcDbArc
 50
-35.42652981980537
 51
144.57347018019465
  0
LINE
  5
E1
330
17
100
AcDbEntity
  8
SLOTS
100
AcDbLine
 10
32.49059106663785
 20
23.874243825226827
 30
0.0
 11
30.74717588503325
 21
21.42342443490871
 31
0.0
  0
LINE
  5
E2
330
17
100
AcDbEntity
  8
SLOTS
100
AcDbLine
 10
30.543461014476193
 20
21.568339070173487
 30
0.0
 11
32.2868761960808
 21
24.019158460491603
 31
0.0
  0
ARC
  5
E3
330
17
100
AcDbEntity
  8
SLOTS
100
AcDbCircle
 10
30.645318449754722
 20
21.4958817525411
 30
0.0
 40
0.125
100
AcDbArc
 50
-215.42652981980535
 51
-35.42652981980537
  0
ARC
  5
E4
330
17
100
AcDbEntity
  8
SLOTS
100
AcDbCircle
 10
32.38873363135932
 20
23.946701142859215
 30
0.0
 40
0.125
100
AcDbArc
 50
-35.42652981980537
 51
144.57347018019465
  0
LINE
  5
E5
330
17
100
AcDbEntity
  8
SLOTS
100
AcDbLine
 10
33.508134946070456
 20
24.010798836724334
 30
0.0
 11
31.37299304278096
 21
21.009306574366917
 31
0.0
  0
LINE
  5
E6
330
17
100
AcDbEntity
  8
SLOTS
100
AcDbLine
 10
31.1692781722239
 20
21.154221209631693
 30
0.0
 11
33.304420075513406
 21
24.15571347198911
 31
0.0
  0
ARC
  5
E7
330
17
100
AcDbEntity
  8
SLOTS
100
AcDbCircle
 10
31.27113560750243
 20
21.081763891999305
 30
0.0
 40
0.125
100
AcDbArc
 50
-215.42652981980527
 51
-35.42652981980527
  0
ARC
  5
E8
330
17
100
AcDbEntity
  8
SLOTS
100
AcDbCircle
 10
33.40627751079193
 20
24.08325615435672
 30
0.0
 40
0.125
100
AcDbArc
 50
-35.42652981980527
 51
144.57347018019473
  0
LINE
  5
E9
330
17
100
AcDbEntity
  8
SLOTS
100
AcDbLine
 10
34.52567882550307
 20
24.147353848221837
 30
0.0
 11
31.998810200528663
 21
20.595188713825127
 31
0.0
  0
LINE
  5
EA
330
17
100
AcDbEntity
  8
SLOTS
100
AcDbLine
 10
31.795095329971605
 20
20.740103349089903
 30
0.0
 11
34.32196395494602
 21
24.292268483486612
 31
0.0
  0
ARC
  5
EB
330
17
100
AcDbEntity
  8
SLOTS
100
AcDbCircle
 10
31.896952765250134
 20
20.667646031457515
 30
0.0
 40
0.125
100
AcDbArc
 50
-215.42652981980535
 51
-35.42652981980537
  0
ARC
  5
EC
330
17
100
AcDbEntity
  8
SLOTS
100
AcDbCircle
 10
34.423821390224546
 20
24.219811165854225
 30
0.0
 40
0.125
100
AcDbArc
 50
-35.42652981980537
 51
144.57347018019465
  0
LINE
  5
ED
330
17
100
AcDbEntity
  8
SLOTS
100
AcDbLine
 10
34.976857435278525
 20
23.487736496690495
 30
0.0
 11
32.62462735827636
 21
20.181070853283334
 31
0.0
  0
LINE
  5
EE
330
17
100
AcDbEntity
  8
SLOTS
100
AcDbLine
 10
32.42091248771931
 20
20.32598548854811
 30
0.0
 11
34.773142564721475
 21
23.63265113195527
 31
0.0
  0
ARC
  5
EF
330
17
100
AcDbEntity
  8
SLOTS
100
AcDbCircle
 10
32.52276992299784
 20
20.25352817091572
 30
0.0
 40
0.125
100
AcDbArc
 50
-215.42652981980532
 51
-35.426529819805324
  0
ARC
  5
F0
330
17
100
AcDbEntity
  8
SLOTS
100
AcDbCircle
 10
34.875
 20
23.560193814322883
 30
0.0
 40
0.125
100
AcDbArc
 50
-35.426529819805324
 51
144.57347018019468
  0
LINE
  5
F1
330
17
100
AcDbEntity
  8
SLOTS
100
AcDbLine
 10
34.976857435278525
 20
22.193871321117175
 30
0.0
 11
33.25044451602407
 21
19.766952992741544
 31
0.0
  0
LINE
  5
F2
330
17
100
AcDbEntity
  8
SLOTS
100
AcDbLine
 10
33.04672964546702
 20
19.91186762800632
 30
0.0
 11
34.773142564721475
 21
22.33878595638195
 31
0.0
  0
ARC
  5
F3
330
17
100
AcDbEntity
  8
SLOTS
100
AcDbCircle
 10
33.14858708074554
 20
19.839410310373932
 30
0.0
 40
0.125
100
AcDbArc
 50
-215.42652981980535
 51
-35.42652981980535
  0
ARC
  5
F4
330
17
100
AcDbEntity
  8
SLOTS
100
AcDbCircle
 10
34.875
 20
22.266328638749563
 30
0.0
 40
0.125
100
AcDbArc
 50
-35.42652981980535
 51
144.57347018019465
  0
LINE
  5
F5
330
17
100
AcDbEntity
  8
SLOTS
100
AcDbLine
 10
34.976857435278525
 20
20.900006145543852
 30
0.0
 11
33.87626167377178
 21
19.35283513219975
 31
0.0
  0
LINE
  5
F6
330
17
100
AcDbEntity
  8
SLOTS
100
AcDbLine
 10
33.67254680321473
 20
19.497749767464526
 30
0.0
 11
34.773142564721475
 21
21.044920780808628
 31
0.0
  0
ARC
  5
F7
330
17
100
AcDbEntity
  8
SLOTS
100
AcDbCircle
 10
33.774404238493254
 20
19.42529244983214
 30
0.0
 40
0.125
100
AcDbArc
 50
-215.42652981980524
 51
-35.42652981980524
  0
ARC
  5
F8
330
17
100
AcDbEntity
  8
SLOTS
100
AcDbCircle
 10
34.875
 20
20.97246346317624
 30
0.0
 40
0.125
100
AcDbArc
 50
-35.42652981980524
 51
144.57347018019476
  0
LINE
  5
F9
330
17
100
AcDbEntity
  8
SLOTS
100
AcDbLine
 10
30.89970363509015
 20
26.364849933983173
 30
0.0
 11
31.34349355234211
 21
24.576985895966278
 31
0.0
  0
LINE
  5
FA
330
17
100
AcDbEntity
  8
SLOTS
100
AcDbLine
 10
31.100856845988964
 20
24.51675775694392
 30
0.0
 11
30.657066928737006
 21
26.304621794960816
 31
0.0
  0
ARC
  5
FB
330
17
100
AcDbEntity
  8
SLOTS
100
AcDbCircle
 10
31.222175199165537
 20
24.5468718264551
 30
0.0
 40
0.125
100
AcDbArc
 50
-166.05959359121536
 51
13.94040640878464
  0
ARC
  5
FC
330
17
100
AcDbEntity
  8
SLOTS
100
AcDbCircle
 10
30.77838528191358
 20
26.334735864471995
 30
0.0
 40
0.125
100
AcDbArc
 50
13.94040640878464
 51
193.94040640878464
  0
LINE
  5
FD
330
17
100
AcDbEntity
  8
SLOTS
100
AcDbLine
 10
31.26470758373003
 20
28.007547943619546
 30
0.0
 11
32.09134166582824
 21
24.67734757058264
 31
0.0
  0
LINE
  5
FE
330
17
100
AcDbEntity
  8
SLOTS
100
AcDbLine
 10
31.848704959475093
 20
24.617119431560283
 30
0.0
 11
31.022070877376883
 21
27.94731980459719
 31
0.0
  0
ARC
  5
FF
330
17
100
AcDbEntity
  8
SLOTS
100
AcDbCircle
 10
31.970023312651666
 20
24.64723350107146
 30
0.0
 40
0.125
100
AcDbArc
 50
-166.05959359121533
 51
13.940406408784668
  0
ARC
  5
100
330
17
100
AcDbEntity
  8
SLOTS
100
AcDbCircle
 10
31.143389230553456
 20
27.977433874108367
 30
0.0
 40
0.125
100
AcDbArc
 50
13.940406408784668
 51
193.94040640878467
  0
LINE
  5
101
330
17
100
AcDbEntity
  8
SLOTS
100
AcDbLine
 10
31.629711532369907
 20
29.650245953255922
 30
0.0
 11
32.839189779314374
 21
24.777709245199
 31
0.0
  0
LINE
  5
102
330
17
100
AcDbEntity
  8
SLOTS
100
AcDbLine
 10
32.59655307296122
 20
24.717481106176642
 30
0.0
 11
31.38707482601676
 21
29.590017814233565
 31
0.0
  0
ARC
  5
103
330
17
100
AcDbEntity
  8
SLOTS
100
AcDbCircle
 10
32.7178714261378
 20
24.74759517568782
 30
0.0
 40
0.125
100
AcDbArc
 50
-166.05959359121528
 51
13.94040640878471
  0
ARC
  5
104
330
17
100
AcDbEntity
  8
SLOTS
100
AcDbCircle
 10
31.508393179193334
 20
29.620131883744744
 30
0.0
 40
0.125
100
AcDbArc
 50
13.94040640878471
 51
193.94040640878472
  0
LINE
  5
105
330
17
100
AcDbEntity
  8
SLOTS
100
AcDbLine
 10
32.33920751197349
 20
29.90511406951118
 30
0.0
 11
33.587037892800495
 21
24.87807091981536
 31
0.0
  0
LINE
  5
106
330
17
100
AcDbEntity
  8
SLOTS
100
AcDbLine
 10
33.34440118644734
 20
24.817842780793004
 30
0.0
 11
32.09657080562034
 21
29.84488593048882
 31
0.0
  0
ARC
  5
107
330
17
100
AcDbEntity
  8
SLOTS
100
AcDbCircle
 10
33.46571953962392
 20
24.847956850304183
 30
0.0
 40
0.125
100
AcDbArc
 50
-166.0595935912154
 51
13.940406408784611
  0
ARC
  5
108
330
17
100
AcDbEntity
  8
SLOTS
100
AcDbCircle
 10
32.217889158796915
 20
29.875
 30
0.0
 40
0.125
100
AcDbArc
 50
13.940406408784611
 51
193.9404064087846
  0
LINE
  5
109
330
17
100
AcDbEntity
  8
SLOTS
100
AcDbLine
 10
33.11196775430509
 20
29.90511406951118
 30
0.0
 11
34.334886006286624
 21
24.978432594431723
 31
0.0
  0
LINE
  5
10A
330
17
100
AcDbEntity
  8
SLOTS
100
AcDbLine
 10
34.09224929993347
 20
24.918204455409366
 30
0.0
 11
32.86933104795194
 21
29.84488593048882
 31
0.0
  0
ARC
  5
10B
330
17
100
AcDbEntity
  8
SLOTS
100
AcDbCircle
 10
34.21356765311005
 20
24.948318524920545
 30
0.0
 40
0.125
100
AcDbArc
 50
-166.0595935912154
 51
13.940406408784625
  0
ARC
  5
10C
330
17
100
AcDbEntity
  8
SLOTS
100
AcDbCircle
 10
32.990649401128515
 20
29.875
 30
0.0
 40
0.125
100
AcDbArc
 50
13.940406408784625
 51
193.9404064087846
  0
LINE
  5
10D
330
17
100
AcDbEntity
  8
SLOTS
100
AcDbLine
 10
33.88472799663669
 20
29.90511406951118
 30
0.0
 11
34.99631835317658
 21
25.42693115861886
 31
0.0
  0
LINE
  5
10E
330
17
100
AcDbEntity
  8
SLOTS
100
AcDbLine
 10
34.75368164682342
 20
25.366703019596503
 30
0.0
 11
33.64209129028354
 21
29.84488593048882
 31
0.0
  0
ARC
  5
10F
330
17
100
AcDbEntity
  8
SLOTS
100
AcDbCircle
 10
34.875
 20
25.39681708910768
 30
0.0
 40
0.125
100
AcDbArc
 50
-166.05959359121533
 51
13.940406408784654
  0
ARC
  5
110
330
17
100
AcDbEntity
  8
SLOTS
100
AcDbCircle
 10
33.763409643460115
 20
29.875
 30
0.0
 40
0.125
100
AcDbArc
 50
13.940406408784654
 51
193.94040640878467
  0
LINE
  5
111
330
17
100
AcDbEntity
  8
SLOTS
100
AcDbLine
 10
34.65748823896829
 20
29.90511406951118
 30
0.0
 11
34.99631835317658
 21
28.540093926779495
 31
0.0
  0
LINE
  5
112
330
17
100
AcDbEntity
  8
SLOTS
100
AcDbLine
 10
34.75368164682342
 20
28.479865787757138
 30
0.0
 11
34.41485153261514
 21
29.84488593048882
 31
0.0
  0
ARC
  5
113
330
17
100
AcDbEntity
  8
SLOTS
100
AcDbCircle
 10
34.875
 20
28.509979857268316
 30
0.0
 40
0.125
100
AcDbArc
 50
-166.05959359121536
 51
13.94040640878464
  0
ARC
  5
114
330
17
100
AcDbEntity
  8
SLOTS
100
AcDbCircle
 10
34.536169885791715
 20
29.875
 30
0.0
 40
0.125
100
AcDbArc
 50
13.94040640878464
 51
193.94040640878464
  0
LINE
  5
115
330
17
100
AcDbEntity
  8
SLOTS
100
AcDbLine
 10
14.955434473525992
 20
14.022887217104595
 30
0.0
 11
19.117691526568546
 21
16.808165847775797
 31
0.0
  0
LINE
  5
116
330
17
100
AcDbEntity
  8
SLOTS
100
AcDbLine
 10
19.25672717982108
 20
16.600394128996165
 30
0.0
 11
15.094470126778523
 21
13.815115498324966
 31
0.0
  0
ARC
  5
117
330
17
100
AcDbEntity
  8
SLOTS
100
AcDbCircle
 10
19.187209353194813
 20
16.70427998838598
 30
0.0
 40
0.125
100
AcDbArc
 50
-56.210548761275454
 51
123.78945123872455
  0
ARC
  5
118
330
17
100
AcDbEntity
  8
SLOTS
100
AcDbCircle
 10
15.024952300152258
 20
13.91900135771478
 30
0.0
 40
0.125
100
AcDbArc
 50
123.78945123872455
 51
303.78945123872455
  0
LINE
  5
119
330
17
100
AcDbEntity
  8
SLOTS
100
AcDbLine
 10
14.12594096519875
 20
14.370243578330706
 30
0.0
 11
19.261887141038304
 21
17.80709069025682
 31
0.0
  0
LINE
  5
11A
330
17
100
AcDbEntity
  8
SLOTS
100
AcDbLine
 10
19.40092279429084
 20
17.59931897147719
 30
0.0
 11
14.26497661845128
 21
14.162471859551077
 31
0.0
  0
ARC
  5
11B
330
17
100
AcDbEntity
  8
SLOTS
100
AcDbCircle
 10
19.33140496766457
 20
17.703204830867005
 30
0.0
 40
0.125
100
AcDbArc
 50
-56.210548761275426
 51
123.78945123872458
  0
ARC
  5
11C
330
17
100
AcDbEntity
  8
SLOTS
100
AcDbCircle
 10
14.195458791825015
 20
14.266357718940892
 30
0.0
 40
0.125
100
AcDbArc
 50
123.78945123872458
 51
303.78945123872455
  0
LINE
  5
11D
330
17
100
AcDbEntity
  8
SLOTS
100
AcDbLine
 10
13.296447456871508
 20
14.71759993955682
 30
0.0
 11
18.844193885391793
 21
18.430013512006607
 31
0.0
  0
LINE
  5
11E
330
17
100
AcDbEntity
  8
SLOTS
100
AcDbLine
 10
18.983229538644327
 20
18.222241793226974
 30
0.0
 11
13.43548311012404
 21
14.509828220777191
 31
0.0
  0
ARC
  5
11F
330
17
100
AcDbEntity
  8
SLOTS
100
AcDbCircle
 10
18.91371171201806
 20
18.32612765261679
 30
0.0
 40
0.125
100
AcDbArc
 50
-56.21054876127545
 51
123.78945123872455
  0
ARC
  5
120
330
17
100
AcDbEntity
  8
SLOTS
100
AcDbCircle
 10
13.365965283497774
 20
14.613714080167005
 30
0.0
 40
0.125
100
AcDbArc
 50
123.78945123872455
 51
303.78945123872455
  0
LINE
  5
121
330
17
100
AcDbEntity
  8
SLOTS
100
AcDbLine
 10
12.466953948544267
 20
15.064956300782931
 30
0.0
 11
18.426500629745284
 21
19.052936333756392
 31
0.0
  0
LINE
  5
122
330
17
100
AcDbEntity
  8
SLOTS
100
AcDbLine
 10
18.56553628299782
 20
18.84516461497676
 30
0.0
 11
12.605989601796798
 21
14.857184582003303
 31
0.0
  0
ARC
  5
123
330
17
100
AcDbEntity
  8
SLOTS
100
AcDbCircle
 10
18.49601845637155
 20
18.949050474366576
 30
0.0
 40
0.125
100
AcDbArc
 50
-56.210548761275454
 51
123.78945123872455
  0
ARC
  5
124
330
17
100
AcDbEntity
  8
SLOTS
100
AcDbCircle
 10
12.536471775170533
 20
14.961070441393117
 30
0.0
 40
0.125
100
AcDbArc
 50
123.78945123872455
 51
303.78945123872455
  0
LINE
  5
125
330
17
100
AcDbEntity
  8
SLOTS
100
AcDbLine
 10
11.637460440217026
 20
15.412312662009043
 30
0.0
 11
17.743389713065156
 21
19.498248275145183
 31
0.0
  0
LINE
  5
126
330
17
100
AcDbEntity
  8
SLOTS
100
AcDbLine
 10
17.88242536631769
 20
19.29047655636555
 30
0.0
 11
11.776496093469557
 21
15.204540943229414
 31
0.0
  0
ARC
  5
127
330
17
100
AcDbEntity
  8
SLOTS
100
AcDbCircle
 10
17.812907539691423
 20
19.394362415755367
 30
0.0
 40
0.125
100
AcDbArc
 50
-56.21054876127544
 51
123.78945123872455
  0
ARC
  5
128
330
17
100
AcDbEntity
  8
SLOTS
100
AcDbCircle
 10
11.706978266843292
 20
15.308426802619229
 30
0.0
 40
0.125
100
AcDbArc
 50
123.78945123872455
 51
303.78945123872455
  0
LINE
  5
129
330
17
100
AcDbEntity
  8
SLOTS
100
AcDbLine
 10
10.807966931889785
 20
15.759669023235157
 30
0.0
 11
17.033987887868186
 21
19.925966996139433
 31
0.0
  0
LINE
  5
12A
330
17
100
AcDbEntity
  8
SLOTS
100
AcDbLine
 10
17.17302354112072
 20
19.7181952773598
 30
0.0
 11
10.947002585142316
 21
15.551897304455528
 31
0.0
  0
ARC
  5
12B
330
17
100
AcDbEntity
  8
SLOTS
100
AcDbCircle
 10
17.103505714494453
 20
19.822081136749617
 30
0.0
 40
0.125
100
AcDbArc
 50
-56.210548761275454
 51
123.78945123872455
  0
ARC
  5
12C
330
17
100
AcDbEntity
  8
SLOTS
100
AcDbCircle
 10
10.87748475851605
 20
15.655783163845342
 30
0.0
 40
0.125
100
AcDbArc
 50
123.78945123872455
 51
303.78945123872455
  0
LINE
  5
12D
330
17
100
AcDbEntity
  8
SLOTS
100
AcDbLine
 10
9.978473423562544
 20
16.10702538446127
 30
0.0
 11
16.324586062671216
 21
20.353685717133686
 31
0.0
  0
LINE
  5
12E
330
17
100
AcDbEntity
  8
SLOTS
100
AcDbLine
 10
16.46362171592375
 20
20.145913998354054
 30
0.0
 11
10.117509076815075
 21
15.89925366568164
 31
0.0
  0
ARC
  5
12F
330
17
100
AcDbEntity
  8
SLOTS
100
AcDbCircle
 10
16.394103889297483
 20
20.24979985774387
 30
0.0
 40
0.125
100
AcDbArc
 50
-56.21054876127545
 51
123.78945123872455
  0
ARC
  5
130
330
17
100
AcDbEntity
  8
SLOTS
100
AcDbCircle
 10
10.04799125018881
 20
16.003139525071454
 30
0.0
 40
0.125
100
AcDbArc
 50
123.78945123872455
 51
303.78945123872455
  0
LINE
  5
131
330
17
100
AcDbEntity
  8
SLOTS
100
AcDbLine
 10
9.424366391839017
 20
16.638663508847465
 30
0.0
 11
15.309299166651604
 21
20.57671377622351
 31
0.0
  0
LINE
  5
132
330
17
100
AcDbEntity
  8
SLOTS
100
AcDbLine
 10
15.448334819904135
 20
20.368942057443878
 30
0.0
 11
9.563402045091548
 21
16.430891790067832
 31
0.0
  0
ARC
  5
133
330
17
100
AcDbEntity
  8
SLOTS
100
AcDbCircle
 10
15.37881699327787
 20
20.472827916833694
 30
0.0
 40
0.125
100
AcDbArc
 50
-56.210548761275454
 51
123.78945123872455
  0
ARC
  5
134
330
17
100
AcDbEntity
  8
SLOTS
100
AcDbCircle
 10
9.493884218465283
 20
16.53477764945765
 30
0.0
 40
0.125
100
AcDbArc
 50
123.78945123872455
 51
303.78945123872455
  0
LINE
  5
135
330
17
100
AcDbEntity
  8
SLOTS
100
AcDbLine
 10
11.566909188777942
 20
18.974832455443757
 30
0.0
 11
13.949337128202732
 21
20.56909382475137
 31
0.0
  0
LINE
  5
136
330
17
100
AcDbEntity
  8
SLOTS
100
AcDbLine
 10
14.088372781455263
 20
20.361322105971738
 30
0.0
 11
11.705944842030473
 21
18.767060736664124
 31
0.0
  0
ARC
  5
137
330
17
100
AcDbEntity
  8
SLOTS
100
AcDbCircle
 10
14.018854954828997
 20
20.465207965361554
 30
0.0
 40
0.125
100
AcDbArc
 50
-56.21054876127542
 51
123.78945123872458
  0
ARC
  5
138
330
17
100
AcDbEntity
  8
SLOTS
100
AcDbCircle
 10
11.636427015404207
 20
18.87094659605394
 30
0.0
 40
0.125
100
AcDbArc
 50
123.78945123872458
 51
303.7894512387246
  0
LINE
  5
139
330
17
100
AcDbEntity
  8
SLOTS
100
AcDbLine
 10
8.01787262832886
 20
16.664444889229554
 30
0.0
 11
8.547641286110846
 21
16.759813918195675
 31
0.0
  0
LINE
  5
13A
330
17
100
AcDbEntity
  8
SLOTS
100
AcDbLine
 10
8.591934335973267
 20
16.513768951301643
 30
0.0
 11
8.062165678191281
 21
16.41839992233552
 31
0.0
  0
ARC
  5
13B
330
17
100
AcDbEntity
  8
SLOTS
100
AcDbCircle
 10
8.569787811042056
 20
16.63679143474866
 30
0.0
 40
0.125
100
AcDbArc
 50
-79.79490845207775
 51
100.20509154792225
  0
ARC
  5
13C
330
17
100
AcDbEntity
  8
SLOTS
100
AcDbCircle
 10
8.04001915326007
 20
16.541422405782537
 30
0.0
 40
0.125
100
AcDbArc
 50
100.20509154792225
 51
280.2050915479223
  0
LINE
  5
13D
330
17
100
AcDbEntity
  8
SLOTS
100
AcDbLine
 10
5.22537499280063
 20
16.923794892582144
 30
0.0
 11
9.384741480966827
 21
17.672564638137537
 31
0.0
  0
LINE
  5
13E
330
17
100
AcDbEntity
  8
SLOTS
100
AcDbLine
 10
9.429034530829249
 20
17.426519671243504
 30
0.0
 11
5.269668042663051
 21
16.67774992568811
 31
0.0
  0
ARC
  5
13F
330
17
100
AcDbEntity
  8
SLOTS
100
AcDbCircle
 10
9.406888005898038
 20
17.54954215469052
 30
0.0
 40
0.125
100
AcDbArc
 50
-79.7949084520777
 51
100.2050915479223
  0
ARC
  5
140
330
17
100
AcDbEntity
  8
SLOTS
100
AcDbCircle
 10
5.24752151773184
 20
16.800772409135128
 30
0.0
 40
0.125
100
AcDbArc
 50
100.2050915479223
 51
280.2050915479223
  0
LINE
  5
141
330
17
100
AcDbEntity
  8
SLOTS
100
AcDbLine
 10
3.9065969866178136
 20
17.448444112780486
 30
0.0
 11
10.221841675822807
 21
18.585315358079395
 31
0.0
  0
LINE
  5
142
330
17
100
AcDbEntity
  8
SLOTS
100
AcDbLine
 10
10.266134725685228
 20
18.339270391185362
 30
0.0
 11
3.950890036480235
 21
17.202399145886453
 31
0.0
  0
ARC
  5
143
330
17
100
AcDbEntity
  8
SLOTS
100
AcDbCircle
 10
10.243988200754018
 20
18.46229287463238
 30
0.0
 40
0.125
100
AcDbArc
 50
-79.79490845207773
 51
100.20509154792227
  0
ARC
  5
144
330
17
100
AcDbEntity
  8
SLOTS
100
AcDbCircle
 10
3.9287435115490243
 20
17.32542162933347
 30
0.0
 40
0.125
100
AcDbArc
 50
100.20509154792227
 51
280.2050915479223
  0
LINE
  5
145
330
17
100
AcDbEntity
  8
SLOTS
100
AcDbLine
 10
4.373000703431026
 20
18.294462000130636
 30
0.0
 11
11.058941870678787
 21
19.498066078021257
 31
0.0
  0
LINE
  5
146
330
17
100
AcDbEntity
  8
SLOTS
100
AcDbLine
 10
11.103234920541208
 20
19.252021111127224
 30
0.0
 11
4.417293753293447
 21
18.048417033236603
 31
0.0
  0
ARC
  5
147
330
17
100
AcDbEntity
  8
SLOTS
100
AcDbCircle
 10
11.081088395609997
 20
19.37504359457424
 30
0.0
 40
0.125
100
AcDbArc
 50
-79.79490845207772
 51
100.20509154792228
  0
ARC
  5
148
330
17
100
AcDbEntity
  8
SLOTS
100
AcDbCircle
 10
4.395147228362236
 20
18.17143951668362
 30
0.0
 40
0.125
100
AcDbArc
 50
100.20509154792228
 51
280.2050915479223
  0
LINE
  5
149
330
17
100
AcDbEntity
  8
SLOTS
100
AcDbLine
 10
4.839404420244237
 20
19.140479887480787
 30
0.0
 11
11.896042065534768
 21
20.410816797963115
 31
0.0
  0
LINE
  5
14A
330
17
100
AcDbEntity
  8
SLOTS
100
AcDbLine
 10
11.94033511539719
 20
20.164771831069082
 30
0.0
 11
4.883697470106658
 21
18.894434920586754
 31
0.0
  0
ARC
  5
14B
330
17
100
AcDbEntity
  8
SLOTS
100
AcDbCircle
 10
11.918188590465979
 20
20.2877943145161
 30
0.0
 40
0.125
100
AcDbArc
 50
-79.79490845207775
 51
100.20509154792225
  0
ARC
  5
14C
330
17
100
AcDbEntity
  8
SLOTS
100
AcDbCircle
 10
4.8615509451754475
 20
19.01745740403377
 30
0.0
 40
0.125
100
AcDbArc
 50
100.20509154792225
 51
280.2050915479223
  0
LINE
  5
14D
330
17
100
AcDbEntity
  8
SLOTS
100
AcDbLine
 10
5.305808137057449
 20
19.986497774830934
 30
0.0
 11
11.743461711904585
 21
21.14540508509713
 31
0.0
  0
LINE
  5
14E
330
17
100
AcDbEntity
  8
SLOTS
100
AcDbLine
 10
11.787754761767006
 20
20.8993601182031
 30
0.0
 11
5.35010118691987
 21
19.7404528079369
 31
0.0
  0
ARC
  5
14F
330
17
100
AcDbEntity
  8
SLOTS
100
AcDbCircle
 10
11.765608236835796
 20
21.022382601650115
 30
0.0
 40
0.125
100
AcDbArc
 50
-79.79490845207772
 51
100.20509154792228
  0
ARC
  5
150
330
17
100
AcDbEntity
  8
SLOTS
100
AcDbCircle
 10
5.3279546619886595
 20
19.863475291383917
 30
0.0
 40
0.125
100
AcDbArc
 50
100.20509154792228
 51
280.2050915479223
  0
LINE
  5
151
330
17
100
AcDbEntity
  8
SLOTS
100
AcDbLine
 10
5.772211853870661
 20
20.832515662181084
 30
0.0
 11
10.664946727717552
 21
21.713306488616656
 31
0.0
  0
LINE
  5
152
330
17
100
AcDbEntity
  8
SLOTS
100
AcDbLine
 10
10.709239777579974
 20
21.467261521722623
 30
0.0
 11
5.816504903733082
 21
20.58647069528705
 31
0.0
  0
ARC
  5
153
330
17
100
AcDbEntity
  8
SLOTS
100
AcDbCircle
 10
10.687093252648763
 20
21.59028400516964
 30
0.0
 40
0.125
100
AcDbArc
 50
-79.79490845207773
 51
100.20509154792227
  0
ARC
  5
154
330
17
100
AcDbEntity
  8
SLOTS
100
AcDbCircle
 10
5.7943583788018715
 20
20.709493178734068
 30
0.0
 40
0.125
100
AcDbArc
 50
100.20509154792227
 51
280.2050915479223
  0
LINE
  5
155
330
17
100
AcDbEntity
  8
SLOTS
100
AcDbLine
 10
6.238615570683872
 20
21.678533549531235
 30
0.0
 11
9.58643174353052
 21
22.28120789213618
 31
0.0
  0
LINE
  5
156
330
17
100
AcDbEntity
  8
SLOTS
100
AcDbLine
 10
9.630724793392941
 20
22.035162925242147
 30
0.0
 11
6.282908620546293
 21
21.432488582637202
 31
0.0
  0
ARC
  5
157
330
17
100
AcDbEntity
  8
SLOTS
100
AcDbCircle
 10
9.60857826846173
 20
22.158185408689164
 30
0.0
 40
0.125
100
AcDbArc
 50
-79.79490845207775
 51
100.20509154792225
  0
ARC
  5
158
330
17
100
AcDbEntity
  8
SLOTS
100
AcDbCircle
 10
6.260762095615083
 20
21.555511066084218
 30
0.0
 40
0.125
100
AcDbArc
 50
100.20509154792225
 51
280.2050915479223
  0
LINE
  5
159
330
17
100
AcDbEntity
  8
SLOTS
100
AcDbLine
 10
6.705019287497084
 20
22.524551436881385
 30
0.0
 11
8.507916759343487
 21
22.849109295655705
 31
0.0
  0
LINE
  5
15A
330
17
100
AcDbEntity
  8
SLOTS
100
AcDbLine
 10
8.552209809205909
 20
22.603064328761672
 30
0.0
 11
6.749312337359505
 21
22.278506469987352
 31
0.0
  0
ARC
  5
15B
330
17
100
AcDbEntity
  8
SLOTS
100
AcDbCircle
 10
8.530063284274698
 20
22.72608681220869
 30
0.0
 40
0.125
100
AcDbArc
 50
-79.79490845207778
 51
100.20509154792222
  0
ARC
  5
15C
330
17
100
AcDbEntity
  8
SLOTS
100
AcDbCircle
 10
6.727165812428295
 20
22.40152895343437
 30
0.0
 40
0.125
100
AcDbArc
 50
100.20509154792222
 51
280.2050915479222
  0
LINE
  5
15D
330
17
100
AcDbEntity
  8
SLOTS
100
AcDbLine
 10
9.243227318061875
 20
15.636109172314404
 30
0.0
 11
10.521625659418412
 21
13.49798160334817
 31
0.0
  0
LINE
  5
15E
330
17
100
AcDbEntity
  8
SLOTS
100
AcDbLine
 10
10.307054414168192
 20
13.369688264815844
 30
0.0
 11
9.028656072811655
 21
15.507815833782077
 31
0.0
  0
ARC
  5
15F
330
17
100
AcDbEntity
  8
SLOTS
100
AcDbCircle
 10
10.414340036793302
 20
13.433834934082007
 30
0.0
 40
0.125
100
AcDbArc
 50
-149.1245625888469
 51
30.8754374111531
  0
ARC
  5
160
330
17
100
AcDbEntity
  8
SLOTS
100
AcDbCircle
 10
9.135941695436765
 20
15.57196250304824
 30
0.0
 40
0.125
100
AcDbArc
 50
30.8754374111531
 51
210.8754374111531
  0
LINE
  5
161
330
17
100
AcDbEntity
  8
SLOTS
100
AcDbLine
 10
10.408927829970308
 20
15.147963714838216
 30
0.0
 11
11.350527772069636
 21
13.57313313972712
 31
0.0
  0
LINE
  5
162
330
17
100
AcDbEntity
  8
SLOTS
100
AcDbLine
 10
11.135956526819417
 20
13.444839801194794
 30
0.0
 11
10.194356584720088
 21
15.01967037630589
 31
0.0
  0
ARC
  5
163
330
17
100
AcDbEntity
  8
SLOTS
100
AcDbCircle
 10
11.243242149444526
 20
13.508986470460957
 30
0.0
 40
0.125
100
AcDbArc
 50
-149.1245625888469
 51
30.875437411153072
  0
ARC
  5
164
330
17
100
AcDbEntity
  8
SLOTS
100
AcDbCircle
 10
10.301642207345198
 20
15.083817045572053
 30
0.0
 40
0.125
100
AcDbArc
 50
30.875437411153072
 51
210.8754374111531
  0
LINE
  5
165
330
17
100
AcDbEntity
  8
SLOTS
100
AcDbLine
 10
11.574628341878741
 20
14.659818257362028
 30
0.0
 11
12.179429884720863
 21
13.648284676106071
 31
0.0
  0
LINE
  5
166
330
17
100
AcDbEntity
  8
SLOTS
100
AcDbLine
 10
11.964858639470643
 20
13.519991337573744
 30
0.0
 11
11.360057096628521
 21
14.531524918829701
 31
0.0
  0
ARC
  5
167
330
17
100
AcDbEntity
  8
SLOTS
100
AcDbCircle
 10
12.072144262095753
 20
13.584138006839908
 30
0.0
 40
0.125
100
AcDbArc
 50
-149.1245625888469
 51
30.875437411153086
  0
ARC
  5
168
330
17
100
AcDbEntity
  8
SLOTS
100
AcDbCircle
 10
11.467342719253631
 20
14.595671588095865
 30
0.0
 40
0.125
100
AcDbArc
 50
30.875437411153086
 51
210.8754374111531
  0
LINE
  5
169
330
17
100
AcDbEntity
  8
SLOTS
100
AcDbLine
 10
12.740328853787174
 20
14.171672799885839
 30
0.0
 11
13.008331997372089
 21
13.72343621248502
 31
0.0
  0
LINE
  5
16A
330
17
100
AcDbEntity
  8
SLOTS
100
AcDbLine
 10
12.79376075212187
 20
13.595142873952692
 30
0.0
 11
12.525757608536955
 21
14.043379461353512
 31
0.0
  0
ARC
  5
16B
330
17
100
AcDbEntity
  8
SLOTS
100
AcDbCircle
 10
12.90104637474698
 20
13.659289543218856
 30
0.0
 40
0.125
100
AcDbArc
 50
-149.12456258884686
 51
30.87543741115313
  0
ARC
  5
16C
330
17
100
AcDbEntity
  8
SLOTS
100
AcDbCircle
 10
12.633043231162064
 20
14.107526130619675
 30
0.0
 40
0.125
100
AcDbArc
 50
30.87543741115313
 51
210.87543741115314
  0
LINE
  5
16D
330
17
100
AcDbEntity
  8
SLOTS
100
AcDbLine
 10
14.433119185512437
 20
27.363519458681033
 30
0.0
 11
13.584147401062406
 21
27.745131176881113
 31
0.0
  0
LINE
  5
16E
330
17
100
AcDbEntity
  8
SLOTS
100
AcDbLine
 10
13.686643503913686
 20
27.973154309260924
 30
0.0
 11
14.535615288363717
 21
27.591542591060843
 31
0.0
  0
ARC
  5
16F
330
17
100
AcDbEntity
  8
SLOTS
100
AcDbCircle
 10
13.635395452488046
 20
27.85914274307102
 30
0.0
 40
0.125
100
AcDbArc
 50
65.7961444458193
 51
245.7961444458193
  0
ARC
  5
170
330
17
100
AcDbEntity
  8
SLOTS
100
AcDbCircle
 10
14.484367236938077
 20
27.477531024870938
 30
0.0
 40
0.125
100
AcDbArc
 50
245.7961444458193
 51
425.7961444458193
  0
LINE
  5
171
330
17
100
AcDbEntity
  8
SLOTS
100
AcDbLine
 10
14.644071356583934
 20
26.446411737020064
 30
0.0
 11
12.785416333660374
 21
27.28187476397867
 31
0.0
  0
LINE
  5
172
330
17
100
AcDbEntity
  8
SLOTS
100
AcDbLine
 10
12.887912436511654
 20
27.50989789635848
 30
0.0
 11
14.746567459435214
 21
26.674434869399875
 31
0.0
  0
ARC
  5
173
330
17
100
AcDbEntity
  8
SLOTS
100
AcDbCircle
 10
12.836664385086014
 20
27.395886330168576
 30
0.0
 40
0.125
100
AcDbArc
 50
65.79614444581918
 51
245.79614444581918
  0
ARC
  5
174
330
17
100
AcDbEntity
  8
SLOTS
100
AcDbCircle
 10
14.695319408009574
 20
26.56042330320997
 30
0.0
 40
0.125
100
AcDbArc
 50
245.79614444581918
 51
425.7961444458192
  0
LINE
  5
175
330
17
100
AcDbEntity
  8
SLOTS
100
AcDbLine
 10
14.808104285704003
 20
25.550394153883936
 30
0.0
 11
11.98668526625834
 21
26.81861835107623
 31
0.0
  0
LINE
  5
176
330
17
100
AcDbEntity
  8
SLOTS
100
AcDbLine
 10
12.08918136910962
 20
27.04664148345604
 30
0.0
 11
14.910600388555283
 21
25.778417286263746
 31
0.0
  0
ARC
  5
177
330
17
100
AcDbEntity
  8
SLOTS
100
AcDbCircle
 10
12.03793331768398
 20
26.932629917266134
 30
0.0
 40
0.125
100
AcDbArc
 50
65.79614444581921
 51
245.7961444458192
  0
ARC
  5
178
330
17
100
AcDbEntity
  8
SLOTS
100
AcDbCircle
 10
14.859352337129643
 20
25.66440572007384
 30
0.0
 40
0.125
100
AcDbArc
 50
245.7961444458192
 51
425.7961444458192
  0
LINE
  5
179
330
17
100
AcDbEntity
  8
SLOTS
100
AcDbLine
 10
14.972137214824071
 20
24.6543765707478
 30
0.0
 11
11.187954198856303
 21
26.355361938173782
 31
0.0
  0
LINE
  5
17A
330
17
100
AcDbEntity
  8
SLOTS
100
AcDbLine
 10
11.290450301707583
 20
26.583385070553593
 30
0.0
 11
15.074633317675351
 21
24.88239970312761
 31
0.0
  0
ARC
  5
17B
330
17
100
AcDbEntity
  8
SLOTS
100
AcDbCircle
 10
11.239202250281943
 20
26.469373504363688
 30
0.0
 40
0.125
100
AcDbArc
 50
65.79614444581921
 51
245.7961444458192
  0
ARC
  5
17C
330
17
100
AcDbEntity
  8
SLOTS
100
AcDbCircle
 10
15.023385266249711
 20
24.768388136937705
 30
0.0
 40
0.125
100
AcDbArc
 50
245.7961444458192
 51
425.7961444458192
  0
LINE
  5
17D
330
17
100
AcDbEntity
  8
SLOTS
100
AcDbLine
 10
15.13617014394414
 20
23.75835898761167
 30
0.0
 11
10.389223131454271
 21
25.892105525271337
 31
0.0
  0
LINE
  5
17E
330
17
100
AcDbEntity
  8
SLOTS
100
AcDbLine
 10
10.49171923430555
 20
26.120128657651147
 30
0.0
 11
15.23866624679542
 21
23.98638211999148
 31
0.0
  0
ARC
  5
17F
330
17
100
AcDbEntity
  8
SLOTS
100
AcDbCircle
 10
10.44047118287991
 20
26.006117091461242
 30
0.0
 40
0.125
100
AcDbArc
 50
65.79614444581921
 51
245.7961444458192
  0
ARC
  5
180
330
17
100
AcDbEntity
  8
SLOTS
100
AcDbCircle
 10
15.18741819536978
 20
23.872370553801574
 30
0.0
 40
0.125
100
AcDbArc
 50
245.7961444458192
 51
425.7961444458192
  0
LINE
  5
181
330
17
100
AcDbEntity
  8
SLOTS
100
AcDbLine
 10
15.30020307306421
 20
22.86234140447554
 30
0.0
 11
9.590492064052237
 21
25.428849112368894
 31
0.0
  0
LINE
  5
182
330
17
100
AcDbEntity
  8
SLOTS
100
AcDbLine
 10
9.692988166903517
 20
25.656872244748705
 30
0.0
 11
15.40269917591549
 21
23.09036453685535
 31
0.0
  0
ARC
  5
183
330
17
100
AcDbEntity
  8
SLOTS
100
AcDbCircle
 10
9.641740115477877
 20
25.5428606785588
 30
0.0
 40
0.125
100
AcDbArc
 50
65.79614444581924
 51
245.79614444581924
  0
ARC
  5
184
330
17
100
AcDbEntity
  8
SLOTS
100
AcDbCircle
 10
15.35145112448985
 20
22.976352970665445
 30
0.0
 40
0.125
100
AcDbArc
 50
245.79614444581924
 51
425.7961444458192
  0
LINE
  5
185
330
17
100
AcDbEntity
  8
SLOTS
100
AcDbLine
 10
15.464236002184279
 20
21.966323821339408
 30
0.0
 11
8.791760996650202
 21
24.96559269946645
 31
0.0
  0
LINE
  5
186
330
17
100
AcDbEntity
  8
SLOTS
100
AcDbLine
 10
8.894257099501482
 20
25.19361583184626
 30
0.0
 11
15.566732105035559
 21
22.19434695371922
 31
0.0
  0
ARC
  5
187
330
17
100
AcDbEntity
  8
SLOTS
100
AcDbCircle
 10
8.843009048075842
 20
25.079604265656354
 30
0.0
 40
0.125
100
AcDbArc
 50
65.79614444581924
 51
245.79614444581924
  0
ARC
  5
188
330
17
100
AcDbEntity
  8
SLOTS
100
AcDbCircle
 10
15.515484053609919
 20
22.080335387529313
 30
0.0
 40
0.125
100
AcDbArc
 50
245.79614444581924
 51
425.7961444458192
  0
LINE
  5
189
330
17
100
AcDbEntity
  8
SLOTS
100
AcDbLine
 10
15.539922260877033
 20
21.11001795220431
 30
0.0
 11
8.463119105820873
 21
24.291031810178634
 31
0.0
  0
LINE
  5
18A
330
17
100
AcDbEntity
  8
SLOTS
100
AcDbLine
 10
8.565615208672153
 20
24.519054942558444
 30
0.0
 11
15.642418363728313
 21
21.33804108458412
 31
0.0
  0
ARC
  5
18B
330
17
100
AcDbEntity
  8
SLOTS
100
AcDbCircle
 10
8.514367157246513
 20
24.40504337636854
 30
0.0
 40
0.125
100
AcDbArc
 50
65.79614444581921
 51
245.7961444458192
  0
ARC
  5
18C
330
17
100
AcDbEntity
  8
SLOTS
100
AcDbCircle
 10
15.591170312302673
 20
21.224029518394214
 30
0.0
 40
0.125
100
AcDbArc
 50
245.7961444458192
 51
425.7961444458192
  0
LINE
  5
18D
330
17
100
AcDbEntity
  8
SLOTS
100
AcDbLine
 10
13.73310661532355
 20
21.099894252314918
 30
0.0
 11
8.452921281215682
 21
23.47333072531748
 31
0.0
  0
LINE
  5
18E
330
17
100
AcDbEntity
  8
SLOTS
100
AcDbLine
 10
8.555417384066962
 20
23.701353857697292
 30
0.0
 11
13.83560271817483
 21
21.32791738469473
 31
0.0
  0
ARC
  5
18F
330
17
100
AcDbEntity
  8
SLOTS
100
AcDbCircle
 10
8.504169332641322
 20
23.587342291507387
 30
0.0
 40
0.125
100
AcDbArc
 50
65.79614444581924
 51
245.79614444581924
  0
ARC
  5
190
330
17
100
AcDbEntity
  8
SLOTS
100
AcDbCircle
 10
13.78435466674919
 20
21.213905818504823
 30
0.0
 40
0.125
100
AcDbArc
 50
245.79614444581924
 51
425.7961444458192
  0
LINE
  5
191
330
17
100
AcDbEntity
  8
SLOTS
100
AcDbLine
 10
15.984997901174438
 20
27.186212419435538
 30
0.0
 11
16.361758219179325
 21
22.312936887812324
 31
0.0
  0
LINE
  5
192
330
17
100
AcDbEntity
  8
SLOTS
100
AcDbLine
 10
16.112502020329647
 20
22.2936665132698
 30
0.0
 11
15.73574170232476
 21
27.166942044893016
 31
0.0
  0
ARC
  5
193
330
17
100
AcDbEntity
  8
SLOTS
100
AcDbCircle
 10
16.237130119754486
 20
22.303301700541063
 30
0.0
 40
0.125
100
AcDbArc
 50
-175.57917031514086
 51
4.420829684859129
  0
ARC
  5
194
330
17
100
AcDbEntity
  8
SLOTS
100
AcDbCircle
 10
15.860369801749599
 20
27.176577232164277
 30
0.0
 40
0.125
100
AcDbArc
 50
4.420829684859129
 51
184.42082968485914
  0
LINE
  5
195
330
17
100
AcDbEntity
  8
SLOTS
100
AcDbLine
 10
16.727207861971234
 20
27.315922738137697
 30
0.0
 11
17.238603756978616
 21
20.70117860768048
 31
0.0
  0
LINE
  5
196
330
17
100
AcDbEntity
  8
SLOTS
100
AcDbLine
 10
16.989347558128937
 20
20.681908233137957
 30
0.0
 11
16.477951663121555
 21
27.296652363595175
 31
0.0
  0
ARC
  5
197
330
17
100
AcDbEntity
  8
SLOTS
100
AcDbCircle
 10
17.113975657553777
 20
20.691543420409218
 30
0.0
 40
0.125
100
AcDbArc
 50
-175.57917031514086
 51
4.420829684859143
  0
ARC
  5
198
330
17
100
AcDbEntity
  8
SLOTS
100
AcDbCircle
 10
16.602579762546394
 20
27.306287550866436
 30
0.0
 40
0.125
100
AcDbArc
 50
4.420829684859143
 51
184.42082968485914
  0
LINE
  5
199
330
17
100
AcDbEntity
  8
SLOTS
100
AcDbLine
 10
17.469417822768033
 20
27.445633056839856
 30
0.0
 11
18.027620519230513
 21
20.225457756102877
 31
0.0
  0
LINE
  5
19A
330
17
100
AcDbEntity
  8
SLOTS
100
AcDbLine
 10
17.778364320380835
 20
20.206187381560355
 30
0.0
 11
17.220161623918354
 21
27.426362682297334
 31
0.0
  0
ARC
  5
19B
330
17
100
AcDbEntity
  8
SLOTS
100
AcDbCircle
 10
17.902992419805674
 20
20.215822568831616
 30
0.0
 40
0.125
100
AcDbArc
 50
-175.57917031514086
 51
4.420829684859143
  0
ARC
  5
19C
330
17
100
AcDbEntity
  8
SLOTS
100
AcDbCircle
 10
17.344789723343194
 20
27.435997869568595
 30
0.0
 40
0.125
100
AcDbArc
 50
4.420829684859143
 51
184.42082968485914
  0
LINE
  5
19D
330
17
100
AcDbEntity
  8
SLOTS
100
AcDbLine
 10
18.211627783564833
 20
27.57534337554202
 30
0.0
 11
18.790833760544384
 21
20.083497285350084
 31
0.0
  0
LINE
  5
19E
330
17
100
AcDbEntity
  8
SLOTS
100
AcDbLine
 10
18.541577561694705
 20
20.064226910807562
 30
0.0
 11
17.962371584715154
 21
27.556073000999497
 31
0.0
  0
ARC
  5
19F
330
17
100
AcDbEntity
  8
SLOTS
100
AcDbCircle
 10
18.666205661119545
 20
20.073862098078823
 30
0.0
 40
0.125
100
AcDbArc
 50
-175.57917031514089
 51
4.420829684859115
  0
ARC
  5
1A0
330
17
100
AcDbEntity
  8
SLOTS
100
AcDbCircle
 10
18.086999684139993
 20
27.565708188270758
 30
0.0
 40
0.125
100
AcDbArc
 50
4.420829684859115
 51
184.42082968485911
  0
LINE
  5
1A1
330
17
100
AcDbEntity
  8
SLOTS
100
AcDbLine
 10
18.95383774436163
 20
27.705053694244178
 30
0.0
 11
19.43221054569554
 21
21.517452834154746
 31
0.0
  0
LINE
  5
1A2
330
17
100
AcDbEntity
  8
SLOTS
100
AcDbLine
 10
19.18295434684586
 20
21.498182459612224
 30
0.0
 11
18.70458154551195
 21
27.685783319701656
 31
0.0
  0
ARC
  5
1A3
330
17
100
AcDbEntity
  8
SLOTS
100
AcDbCircle
 10
19.3075824462707
 20
21.507817646883485
 30
0.0
 40
0.125
100
AcDbArc
 50
-175.57917031514089
 51
4.420829684859115
  0
ARC
  5
1A4
330
17
100
AcDbEntity
  8
SLOTS
100
AcDbCircle
 10
18.82920964493679
 20
27.695418506972917
 30
0.0
 40
0.125
100
AcDbArc
 50
4.420829684859115
 51
184.42082968485911
  0
LINE
  5
1A5
330
17
100
AcDbEntity
  8
SLOTS
100
AcDbLine
 10
19.696047705158428
 20
27.83476401294634
 30
0.0
 11
20.073587330846696
 21
22.951408382959414
 31
0.0
  0
LINE
  5
1A6
330
17
100
AcDbEntity
  8
SLOTS
100
AcDbLine
 10
19.824331131997017
 20
22.932138008416892
 30
0.0
 11
19.44679150630875
 21
27.81549363840382
 31
0.0
  0
ARC
  5
1A7
330
17
100
AcDbEntity
  8
SLOTS
100
AcDbCircle
 10
19.948959231421856
 20
22.941773195688153
 30
0.0
 40
0.125
100
AcDbArc
 50
-175.57917031514089
 51
4.420829684859115
  0
ARC
  5
1A8
330
17
100
AcDbEntity
  8
SLOTS
100
AcDbCircle
 10
19.57141960573359
 20
27.82512882567508
 30
0.0
 40
0.125
100
AcDbArc
 50
4.420829684859115
 51
184.42082968485911
  0
LINE
  5
1A9
330
17
100
AcDbEntity
  8
SLOTS
100
AcDbLine
 10
20.438257665955224
 20
27.9644743316485
 30
0.0
 11
20.71496411599785
 21
24.385363931764076
 31
0.0
  0
LINE
  5
1AA
330
17
100
AcDbEntity
  8
SLOTS
100
AcDbLine
 10
20.465707917148173
 20
24.366093557221554
 30
0.0
 11
20.189001467105545
 21
27.945203957105978
 31
0.0
  0
ARC
  5
1AB
330
17
100
AcDbEntity
  8
SLOTS
100
AcDbCircle
 10
20.590336016573012
 20
24.375728744492815
 30
0.0
 40
0.125
100
AcDbArc
 50
-175.57917031514086
 51
4.420829684859157
  0
ARC
  5
1AC
330
17
100
AcDbEntity
  8
SLOTS
100
AcDbCircle
 10
20.313629566530384
 20
27.95483914437724
 30
0.0
 40
0.125
100
AcDbArc
 50
4.420829684859157
 51
184.42082968485914
  0
LINE
  5
1AD
330
17
100
AcDbEntity
  8
SLOTS
100
AcDbLine
 10
21.18046762675202
 20
28.094184650350662
 30
0.0
 11
21.356340901149004
 21
25.819319480568733
 31
0.0
  0
LINE
  5
1AE
330
17
100
AcDbEntity
  8
SLOTS
100
AcDbLine
 10
21.107084702299325
 20
25.80004910602621
 30
0.0
 11
20.93121142790234
 21
28.07491427580814
 31
0.0
  0
ARC
  5
1AF
330
17
100
AcDbEntity
  8
SLOTS
100
AcDbCircle
 10
21.231712801724164
 20
25.809684293297472
 30
0.0
 40
0.125
100
AcDbArc
 50
-175.57917031514089
 51
4.420829684859115
  0
ARC
  5
1B0
330
17
100
AcDbEntity
  8
SLOTS
100
AcDbCircle
 10
21.05583952732718
 20
28.0845494630794
 30
0.0
 40
0.125
100
AcDbArc
 50
4.420829684859115
 51
184.42082968485911
  0
LINE
  5
1B1
330
17
100
AcDbEntity
  8
SLOTS
100
AcDbLine
 10
19.42780923688373
 20
19.028638189178796
 30
0.0
 11
22.71277320770611
 21
19.072109746411165
 31
0.0
  0
LINE
  5
1B2
330
17
100
AcDbEntity
  8
SLOTS
100
AcDbLine
 10
22.71608129202843
 20
18.822131634213086
 30
0.0
 11
19.43111732120605
 21
18.778660076980717
 31
0.0
  0
ARC
  5
1B3
330
17
100
AcDbEntity
  8
SLOTS
100
AcDbCircle
 10
22.71442724986727
 20
18.947120690312126
 30
0.0
 40
0.125
100
AcDbArc
 50
-89.24182079360017
 51
90.75817920639983
  0
ARC
  5
1B4
330
17
100
AcDbEntity
  8
SLOTS
100
AcDbCircle
 10
19.42946327904489
 20
18.903649133079757
 30
0.0
 40
0.125
100
AcDbArc
 50
90.75817920639983
 51
270.75817920639986
  0
LINE
  5
1B5
330
17
100
AcDbEntity
  8
SLOTS
100
AcDbLine
 10
19.297460994785794
 20
19.776978895406874
 30
0.0
 11
24.72075520673802
 21
19.848748037113424
 31
0.0
  0
LINE
  5
1B6
330
17
100
AcDbEntity
  8
SLOTS
100
AcDbLine
 10
24.72406329106034
 20
19.598769924915345
 30
0.0
 11
19.300769079108115
 21
19.527000783208795
 31
0.0
  0
ARC
  5
1B7
330
17
100
AcDbEntity
  8
SLOTS
100
AcDbCircle
 10
24.72240924889918
 20
19.723758981014385
 30
0.0
 40
0.125
100
AcDbArc
 50
-89.24182079360014
 51
90.75817920639986
  0
ARC
  5
1B8
330
17
100
AcDbEntity
  8
SLOTS
100
AcDbCircle
 10
19.299115036946954
 20
19.651989839307834
 30
0.0
 40
0.125
100
AcDbArc
 50
90.75817920639986
 51
270.75817920639986
  0
LINE
  5
1B9
330
17
100
AcDbEntity
  8
SLOTS
100
AcDbLine
 10
19.634946469077743
 20
20.531510677201663
 30
0.0
 11
26.72873720576993
 21
20.625386327815683
 31
0.0
  0
LINE
  5
1BA
330
17
100
AcDbEntity
  8
SLOTS
100
AcDbLine
 10
26.732045290092252
 20
20.375408215617604
 30
0.0
 11
19.638254553400063
 21
20.281532565003584
 31
0.0
  0
ARC
  5
1BB
330
17
100
AcDbEntity
  8
SLOTS
100
AcDbCircle
 10
26.73039124793109
 20
20.500397271716643
 30
0.0
 40
0.125
100
AcDbArc
 50
-89.24182079360016
 51
90.75817920639984
  0
ARC
  5
1BC
330
17
100
AcDbEntity
  8
SLOTS
100
AcDbCircle
 10
19.636600511238903
 20
20.406521621102623
 30
0.0
 40
0.125
100
AcDbArc
 50
90.75817920639984
 51
270.75817920639986
  0
LINE
  5
1BD
330
17
100
AcDbEntity
  8
SLOTS
100
AcDbLine
 10
19.972431943369692
 20
21.286042458996448
 30
0.0
 11
28.079615976406565
 21
21.39332884564053
 31
0.0
  0
LINE
  5
1BE
330
17
100
AcDbEntity
  8
SLOTS
100
AcDbLine
 10
28.082924060728885
 20
21.14335073344245
 30
0.0
 11
19.975740027692012
 21
21.03606434679837
 31
0.0
  0
ARC
  5
1BF
330
17
100
AcDbEntity
  8
SLOTS
100
AcDbCircle
 10
28.081270018567725
 20
21.26833978954149
 30
0.0
 40
0.125
100
AcDbArc
 50
-89.24182079360014
 51
90.75817920639986
  0
ARC
  5
1C0
330
17
100
AcDbEntity
  8
SLOTS
100
AcDbCircle
 10
19.974085985530852
 20
21.16105340289741
 30
0.0
 40
0.125
100
AcDbArc
 50
90.75817920639986
 51
270.75817920639986
  0
LINE
  5
1C1
330
17
100
AcDbEntity
  8
SLOTS
100
AcDbLine
 10
20.30991741766164
 20
22.040574240791237
 30
0.0
 11
28.17971518652578
 21
22.144719177282187
 31
0.0
  0
LINE
  5
1C2
330
17
100
AcDbEntity
  8
SLOTS
100
AcDbLine
 10
28.1830232708481
 20
21.89474106508411
 30
0.0
 11
20.31322550198396
 21
21.790596128593158
 31
0.0
  0
ARC
  5
1C3
330
17
100
AcDbEntity
  8
SLOTS
100
AcDbCircle
 10
28.18136922868694
 20
22.019730121183148
 30
0.0
 40
0.125
100
AcDbArc
 50
-89.24182079360014
 51
90.75817920639986
  0
ARC
  5
1C4
330
17
100
AcDbEntity
  8
SLOTS
100
AcDbCircle
 10
20.3115714598228
 20
21.915585184692198
 30
0.0
 40
0.125
100
AcDbArc
 50
90.75817920639986
 51
270.75817920639986
  0
LINE
  5
1C5
330
17
100
AcDbEntity
  8
SLOTS
100
AcDbLine
 10
20.64740289195359
 20
22.795106022586026
 30
0.0
 11
27.361841070251664
 21
22.88396151267471
 31
0.0
  0
LINE
  5
1C6
330
17
100
AcDbEntity
  8
SLOTS
100
AcDbLine
 10
27.365149154573984
 20
22.63398340047663
 30
0.0
 11
20.65071097627591
 21
22.545127910387947
 31
0.0
  0
ARC
  5
1C7
330
17
100
AcDbEntity
  8
SLOTS
100
AcDbCircle
 10
27.363495112412824
 20
22.75897245657567
 30
0.0
 40
0.125
100
AcDbArc
 50
-89.24182079360017
 51
90.75817920639983
  0
ARC
  5
1C8
330
17
100
AcDbEntity
  8
SLOTS
100
AcDbCircle
 10
20.64905693411475
 20
22.670116966486987
 30
0.0
 40
0.125
100
AcDbArc
 50
90.75817920639983
 51
270.75817920639986
  0
LINE
  5
1C9
330
17
100
AcDbEntity
  8
SLOTS
100
AcDbLine
 10
20.98488836624554
 20
23.54963780438081
 30
0.0
 11
26.54396695397755
 21
23.623203848067234
 31
0.0
  0
LINE
  5
1CA
330
17
100
AcDbEntity
  8
SLOTS
100
AcDbLine
 10
26.54727503829987
 20
23.373225735869156
 30
0.0
 11
20.98819645056786
 21
23.299659692182733
 31
0.0
  0
ARC
  5
1CB
330
17
100
AcDbEntity
  8
SLOTS
100
AcDbCircle
 10
26.54562099613871
 20
23.498214791968195
 30
0.0
 40
0.125
100
AcDbArc
 50
-89.24182079360011
 51
90.75817920639989
  0
ARC
  5
1CC
330
17
100
AcDbEntity
  8
SLOTS
100
AcDbCircle
 10
20.9865424084067
 20
23.424648748281772
 30
0.0
 40
0.125
100
AcDbArc
 50
90.75817920639989
 51
270.75817920639986
  0
LINE
  5
1CD
330
17
100
AcDbEntity
  8
SLOTS
100
AcDbLine
 10
21.322373840537487
 20
24.3041695861756
 30
0.0
 11
25.726092837703433
 21
24.362446183459756
 31
0.0
  0
LINE
  5
1CE
330
17
100
AcDbEntity
  8
SLOTS
100
AcDbLine
 10
25.729400922025754
 20
24.112468071261677
 30
0.0
 11
21.325681924859808
 21
24.05419147397752
 31
0.0
  0
ARC
  5
1CF
330
17
100
AcDbEntity
  8
SLOTS
100
AcDbCircle
 10
25.727746879864593
 20
24.237457127360717
 30
0.0
 40
0.125
100
AcDbArc
 50
-89.24182079360014
 51
90.75817920639986
  0
ARC
  5
1D0
330
17
100
AcDbEntity
  8
SLOTS
100
AcDbCircle
 10
21.324027882698648
 20
24.17918053007656
 30
0.0
 40
0.125
100
AcDbArc
 50
90.75817920639986
 51
270.75817920639986
  0
LINE
  5
1D1
330
17
100
AcDbEntity
  8
SLOTS
100
AcDbLine
 10
21.65985931482944
 20
25.05870136797039
 30
0.0
 11
24.908218721429318
 21
25.101688518852278
 31
0.0
  0
LINE
  5
1D2
330
17
100
AcDbEntity
  8
SLOTS
100
AcDbLine
 10
24.911526805751638
 20
24.8517104066542
 30
0.0
 11
21.66316739915176
 21
24.80872325577231
 31
0.0
  0
ARC
  5
1D3
330
17
100
AcDbEntity
  8
SLOTS
100
AcDbCircle
 10
24.909872763590478
 20
24.97669946275324
 30
0.0
 40
0.125
100
AcDbArc
 50
-89.24182079360017
 51
90.75817920639983
  0
ARC
  5
1D4
330
17
100
AcDbEntity
  8
SLOTS
100
AcDbCircle
 10
21.6615133569906
 20
24.93371231187135
 30
0.0
 40
0.125
100
AcDbArc
 50
90.75817920639983
 51
270.7581792063998
  0
LINE
  5
1D5
330
17
100
AcDbEntity
  8
SLOTS
100
AcDbLine
 10
21.99734478912139
 20
25.813233149765175
 30
0.0
 11
24.090344605155202
 21
25.840930854244803
 31
0.0
  0
LINE
  5
1D6
330
17
100
AcDbEntity
  8
SLOTS
100
AcDbLine
 10
24.093652689477523
 20
25.590952742046724
 30
0.0
 11
22.00065287344371
 21
25.563255037567096
 31
0.0
  0
ARC
  5
1D7
330
17
100
AcDbEntity
  8
SLOTS
100
AcDbCircle
 10
24.091998647316363
 20
25.715941798145764
 30
0.0
 40
0.125
100
AcDbArc
 50
-89.24182079360006
 51
90.75817920639994
  0
ARC
  5
1D8
330
17
100
AcDbEntity
  8
SLOTS
100
AcDbCircle
 10
21.99899883128255
 20
25.688244093666135
 30
0.0
 40
0.125
100
AcDbArc
 50
90.75817920639994
 51
270.7581792063999
  0
LINE
  5
1D9
330
17
100
AcDbEntity
  8
SLOTS
100
AcDbLine
 10
24.459835656735212
 20
15.899335444819691
 30
0.0
 11
20.253784388025522
 21
17.40205833963373
 31
0.0
  0
LINE
  5
1DA
330
17
100
AcDbEntity
  8
SLOTS
100
AcDbLine
 10
20.337896371540346
 20
17.6374838570043
 30
0.0
 11
24.543947640250035
 21
16.134760962190263
 31
0.0
  0
ARC
  5
1DB
330
17
100
AcDbEntity
  8
SLOTS
100
AcDbCircle
 10
20.295840379782934
 20
17.519771098319016
 30
0.0
 40
0.125
100
AcDbArc
 50
70.3393898597285
 51
250.3393898597285
  0
ARC
  5
1DC
330
17
100
AcDbEntity
  8
SLOTS
100
AcDbCircle
 10
24.501891648492624
 20
16.017048203504977
 30
0.0
 40
0.125
100
AcDbArc
 50
250.3393898597285
 51
430.3393898597285
  0
LINE
  5
1DD
330
17
100
AcDbEntity
  8
SLOTS
100
AcDbLine
 10
27.235401065979566
 20
14.111261167025692
 30
0.0
 11
19.922999383745317
 21
16.723809783757385
 31
0.0
  0
LINE
  5
1DE
330
17
100
AcDbEntity
  8
SLOTS
100
AcDbLine
 10
20.00711136726014
 20
16.959235301127958
 30
0.0
 11
27.31951304949439
 21
14.346686684396264
 31
0.0
  0
ARC
  5
1DF
330
17
100
AcDbEntity
  8
SLOTS
100
AcDbCircle
 10
19.96505537550273
 20
16.84152254244267
 30
0.0
 40
0.125
100
AcDbArc
 50
70.33938985972853
 51
250.33938985972853
  0
ARC
  5
1E0
330
17
100
AcDbEntity
  8
SLOTS
100
AcDbCircle
 10
27.277457057736978
 20
14.228973925710978
 30
0.0
 40
0.125
100
AcDbArc
 50
250.33938985972853
 51
430.3393898597285
  0
LINE
  5
1E1
330
17
100
AcDbEntity
  8
SLOTS
100
AcDbLine
 10
28.703703638045997
 20
12.790241061771402
 30
0.0
 11
24.318680470913524
 21
14.356906393827948
 31
0.0
  0
LINE
  5
1E2
330
17
100
AcDbEntity
  8
SLOTS
100
AcDbLine
 10
24.402792454428347
 20
14.59233191119852
 30
0.0
 11
28.78781562156082
 21
13.025666579141975
 31
0.0
  0
ARC
  5
1E3
330
17
100
AcDbEntity
  8
SLOTS
100
AcDbCircle
 10
24.360736462670936
 20
14.474619152513235
 30
0.0
 40
0.125
100
AcDbArc
 50
70.33938985972853
 51
250.33938985972853
  0
ARC
  5
1E4
330
17
100
AcDbEntity
  8
SLOTS
100
AcDbCircle
 10
28.74575962980341
 20
12.907953820456688
 30
0.0
 40
0.125
100
AcDbArc
 50
250.33938985972853
 51
430.3393898597285
  0
LINE
  5
1E5
330
17
100
AcDbEntity
  8
SLOTS
100
AcDbLine
 10
20.20419253463537
 20
15.842975080999903
 30
0.0
 11
20.093423475876317
 21
15.23014468750039
 31
0.0
  0
LINE
  5
1E6
330
17
100
AcDbEntity
  8
SLOTS
100
AcDbLine
 10
19.847409876883507
 20
15.274611631521799
 30
0.0
 11
19.95817893564256
 21
15.887442025021311
 31
0.0
  0
ARC
  5
1E7
330
17
100
AcDbEntity
  8
SLOTS
100
AcDbCircle
 10
19.970416676379912
 20
15.252378159511094
 30
0.0
 40
0.125
100
AcDbArc
 50
-190.24558835731844
 51
-10.24558835731844
  0
ARC
  5
1E8
330
17
100
AcDbEntity
  8
SLOTS
100
AcDbCircle
 10
20.081185735138966
 20
15.865208553010607
 30
0.0
 40
0.125
100
AcDbArc
 50
-10.24558835731844
 51
169.75441164268156
  0
LINE
  5
1E9
330
17
100
AcDbEntity
  8
SLOTS
100
AcDbLine
 10
20.90055625144726
 20
15.478995586225023
 30
0.0
 11
20.54738261907162
 21
13.52506062887188
 31
0.0
  0
LINE
  5
1EA
330
17
100
AcDbEntity
  8
SLOTS
100
AcDbLine
 10
20.30136902007881
 20
13.56952757289329
 30
0.0
 11
20.65454265245445
 21
15.523462530246432
 31
0.0
  0
ARC
  5
1EB
330
17
100
AcDbEntity
  8
SLOTS
100
AcDbCircle
 10
20.424375819575214
 20
13.547294100882585
 30
0.0
 40
0.125
100
AcDbArc
 50
-190.24558835731824
 51
-10.245588357318255
  0
ARC
  5
1EC
330
17
100
AcDbEntity
  8
SLOTS
100
AcDbCircle
 10
20.777549451950854
 20
15.501229058235728
 30
0.0
 40
0.125
100
AcDbArc
 50
-10.245588357318255
 51
169.75441164268176
  0
LINE
  5
1ED
330
17
100
AcDbEntity
  8
SLOTS
100
AcDbLine
 10
21.596919968259144
 20
15.115016091450144
 30
0.0
 11
21.19672825460205
 21
12.900953354949019
 31
0.0
  0
LINE
  5
1EE
330
17
100
AcDbEntity
  8
SLOTS
100
AcDbLine
 10
20.95071465560924
 20
12.945420298970427
 30
0.0
 11
21.350906369266333
 21
15.159483035471553
 31
0.0
  0
ARC
  5
1EF
330
17
100
AcDbEntity
  8
SLOTS
100
AcDbCircle
 10
21.073721455105645
 20
12.923186826959723
 30
0.0
 40
0.125
100
AcDbArc
 50
-190.2455883573183
 51
-10.245588357318297
  0
ARC
  5
1F0
330
17
100
AcDbEntity
  8
SLOTS
100
AcDbCircle
 10
21.47391316876274
 20
15.137249563460848
 30
0.0
 40
0.125
100
AcDbArc
 50
-10.245588357318297
 51
169.7544116426817
  0
LINE
  5
1F1
330
17
100
AcDbEntity
  8
SLOTS
100
AcDbLine
 10
22.29328368507103
 20
14.751036596675265
 30
0.0
 11
21.921481667499044
 21
12.694040001369867
 31
0.0
  0
LINE
  5
1F2
330
17
100
AcDbEntity
  8
SLOTS
100
AcDbLine
 10
21.675468068506234
 20
12.738506945391276
 30
0.0
 11
22.04727008607822
 21
14.795503540696673
 31
0.0
  0
ARC
  5
1F3
330
17
100
AcDbEntity
  8
SLOTS
100
AcDbCircle
 10
21.79847486800264
 20
12.716273473380571
 30
0.0
 40
0.125
100
AcDbArc
 50
-190.2455883573183
 51
-10.245588357318283
  0
ARC
  5
1F4
330
17
100
AcDbEntity
  8
SLOTS
100
AcDbCircle
 10
22.170276885574626
 20
14.773270068685969
 30
0.0
 40
0.125
100
AcDbArc
 50
-10.245588357318283
 51
169.7544116426817
  0
LINE
  5
1F5
330
17
100
AcDbEntity
  8
SLOTS
100
AcDbLine
 10
22.989647401882916
 20
14.387057101900387
 30
0.0
 11
22.646235080396035
 21
12.487126647790717
 31
0.0
  0
LINE
  5
1F6
330
17
100
AcDbEntity
  8
SLOTS
100
AcDbLine
 10
22.400221481403225
 20
12.531593591812126
 30
0.0
 11
22.743633802890105
 21
14.431524045921796
 31
0.0
  0
ARC
  5
1F7
330
17
100
AcDbEntity
  8
SLOTS
100
AcDbCircle
 10
22.52322828089963
 20
12.509360119801421
 30
0.0
 40
0.125
100
AcDbArc
 50
-190.24558835731824
 51
-10.245588357318255
  0
ARC
  5
1F8
330
17
100
AcDbEntity
  8
SLOTS
100
AcDbCircle
 10
22.86664060238651
 20
14.409290573911091
 30
0.0
 40
0.125
100
AcDbArc
 50
-10.245588357318255
 51
169.75441164268176
  0
LINE
  5
1F9
330
17
100
AcDbEntity
  8
SLOTS
100
AcDbLine
 10
23.686011118694807
 20
14.023077607125508
 30
0.0
 11
23.37098849329303
 21
12.280213294211565
 31
0.0
  0
LINE
  5
1FA
330
17
100
AcDbEntity
  8
SLOTS
100
AcDbLine
 10
23.12497489430022
 20
12.324680238232974
 30
0.0
 11
23.439997519701997
 21
14.067544551146916
 31
0.0
  0
ARC
  5
1FB
330
17
100
AcDbEntity
  8
SLOTS
100
AcDbCircle
 10
23.247981693796625
 20
12.30244676622227
 30
0.0
 40
0.125
100
AcDbArc
 50
-190.24558835731835
 51
-10.245588357318354
  0
ARC
  5
1FC
330
17
100
AcDbEntity
  8
SLOTS
100
AcDbCircle
 10
23.563004319198402
 20
14.045311079136212
 30
0.0
 40
0.125
100
AcDbArc
 50
-10.245588357318354
 51
169.75441164268165
  0
LINE
  5
1FD
330
17
100
AcDbEntity
  8
SLOTS
100
AcDbLine
 10
24.382374835506695
 20
13.659098112350627
 30
0.0
 11
24.095741906190025
 21
12.073299940632413
 31
0.0
  0
LINE
  5
1FE
330
17
100
AcDbEntity
  8
SLOTS
100
AcDbLine
 10
23.849728307197214
 20
12.117766884653822
 30
0.0
 11
24.136361236513885
 21
13.703565056372035
 31
0.0
  0
ARC
  5
1FF
330
17
100
AcDbEntity
  8
SLOTS
100
AcDbCircle
 10
23.97273510669362
 20
12.095533412643118
 30
0.0
 40
0.125
100
AcDbArc
 50
-190.24558835731835
 51
-10.24558835731834
  0
ARC
  5
200
330
17
100
AcDbEntity
  8
SLOTS
100
AcDbCircle
 10
24.25936803601029
 20
13.681331584361331
 30
0.0
 40
0.125
100
AcDbArc
 50
-10.24558835731834
 51
169.75441164268165
  0
LINE
  5
201
330
17
100
AcDbEntity
  8
SLOTS
100
AcDbLine
 10
25.07873855231858
 20
13.29511861757575
 30
0.0
 11
24.820495319087016
 21
11.866386587053263
 31
0.0
  0
LINE
  5
202
330
17
100
AcDbEntity
  8
SLOTS
100
AcDbLine
 10
24.574481720094205
 20
11.910853531074672
 30
0.0
 11
24.83272495332577
 21
13.339585561597158
 31
0.0
  0
ARC
  5
203
330
17
100
AcDbEntity
  8
SLOTS
100
AcDbCircle
 10
24.69748851959061
 20
11.888620059063967
 30
0.0
 40
0.125
100
AcDbArc
 50
-190.24558835731833
 51
-10.245588357318326
  0
ARC
  5
204
330
17
100
AcDbEntity
  8
SLOTS
100
AcDbCircle
 10
24.955731752822174
 20
13.317352089586453
 30
0.0
 40
0.125
100
AcDbArc
 50
-10.245588357318326
 51
169.75441164268167
  0
LINE
  5
205
330
17
100
AcDbEntity
  8
SLOTS
100
AcDbLine
 10
25.775102269130468
 20
12.93113912280087
 30
0.0
 11
25.54524873198401
 21
11.659473233474111
 31
0.0
  0
LINE
  5
206
330
17
100
AcDbEntity
  8
SLOTS
100
AcDbLine
 10
25.2992351329912
 20
11.70394017749552
 30
0.0
 11
25.529088670137657
 21
12.975606066822278
 31
0.0
  0
ARC
  5
207
330
17
100
AcDbEntity
  8
SLOTS
100
AcDbCircle
 10
25.422241932487605
 20
11.681706705484816
 30
0.0
 40
0.125
100
AcDbArc
 50
-190.2455883573183
 51
-10.245588357318297
  0
ARC
  5
208
330
17
100
AcDbEntity
  8
SLOTS
100
AcDbCircle
 10
25.652095469634062
 20
12.953372594811574
 30
0.0
 40
0.125
100
AcDbArc
 50
-10.245588357318297
 51
169.7544116426817
  0
LINE
  5
209
330
17
100
AcDbEntity
  8
SLOTS
100
AcDbLine
 10
26.471465985942352
 20
12.567159628025992
 30
0.0
 11
26.270002144881
 21
11.452559879894961
 31
0.0
  0
LINE
  5
20A
330
17
100
AcDbEntity
  8
SLOTS
100
AcDbLine
 10
26.02398854588819
 20
11.49702682391637
 30
0.0
 11
26.22545238694954
 21
12.6116265720474
 31
0.0
  0
ARC
  5
20B
330
17
100
AcDbEntity
  8
SLOTS
100
AcDbCircle
 10
26.146995345384596
 20
11.474793351905666
 30
0.0
 40
0.125
100
AcDbArc
 50
-190.2455883573183
 51
-10.245588357318283
  0
ARC
  5
20C
330
17
100
AcDbEntity
  8
SLOTS
100
AcDbCircle
 10
26.348459186445947
 20
12.589393100036697
 30
0.0
 40
0.125
100
AcDbArc
 50
-10.245588357318283
 51
169.7544116426817
  0
LINE
  5
20D
330
17
100
AcDbEntity
  8
SLOTS
100
AcDbLine
 10
27.16782970275424
 20
12.203180133251111
 30
0.0
 11
26.994755557777996
 21
11.24564652631581
 31
0.0
  0
LINE
  5
20E
330
17
100
AcDbEntity
  8
SLOTS
100
AcDbLine
 10
26.748741958785185
 20
11.290113470337218
 30
0.0
 11
26.92181610376143
 21
12.24764707727252
 31
0.0
  0
ARC
  5
20F
330
17
100
AcDbEntity
  8
SLOTS
100
AcDbCircle
 10
26.87174875828159
 20
11.267879998326514
 30
0.0
 40
0.125
100
AcDbArc
 50
-190.24558835731827
 51
-10.245588357318269
  0
ARC
  5
210
330
17
100
AcDbEntity
  8
SLOTS
100
AcDbCircle
 10
27.044822903257835
 20
12.225413605261815
 30
0.0
 40
0.125
100
AcDbArc
 50
-10.245588357318269
 51
169.75441164268173
  0
LINE
  5
211
330
17
100
AcDbEntity
  8
SLOTS
100
AcDbLine
 10
27.864193419566128
 20
11.839200638476232
 30
0.0
 11
27.71950897067499
 21
11.03873317273666
 31
0.0
  0
LINE
  5
212
330
17
100
AcDbEntity
  8
SLOTS
100
AcDbLine
 10
27.47349537168218
 20
11.083200116758068
 30
0.0
 11
27.618179820573317
 21
11.88366758249764
 31
0.0
  0
ARC
  5
213
330
17
100
AcDbEntity
  8
SLOTS
100
AcDbCircle
 10
27.596502171178585
 20
11.060966644747364
 30
0.0
 40
0.125
100
AcDbArc
 50
-190.24558835731824
 51
-10.24558835731824
  0
ARC
  5
214
330
17
100
AcDbEntity
  8
SLOTS
100
AcDbCircle
 10
27.741186620069723
 20
11.861434110486936
 30
0.0
 40
0.125
100
AcDbArc
 50
-10.24558835731824
 51
169.75441164268176
  0
LINE
  5
215
330
17
100
AcDbEntity
  8
SLOTS
100
AcDbLine
 10
19.520776252167604
 20
12.210873104411588
 30
0.0
 11
19.642727265517927
 21
13.119337556603112
 31
0.0
  0
LINE
  5
216
330
17
100
AcDbEntity
  8
SLOTS
100
AcDbLine
 10
19.890504757176124
 20
13.086076248337031
 30
0.0
 11
19.7685537438258
 21
12.177611796145507
 31
0.0
  0
ARC
  5
217
330
17
100
AcDbEntity
  8
SLOTS
100
AcDbCircle
 10
19.766616011347026
 20
13.102706902470072
 30
0.0
 40
0.125
100
AcDbArc
 50
-7.64560034263711
 51
172.35439965736288
  0
ARC
  5
218
330
17
100
AcDbEntity
  8
SLOTS
100
AcDbCircle
 10
19.644664997996703
 20
12.194242450278548
 30
0.0
 40
0.125
100
AcDbArc
 50
172.35439965736288
 51
352.3543996573629
  0
LINE
  5
219
330
17
100
AcDbEntity
  8
SLOTS
100
AcDbLine
 10
18.5817862985185
 20
10.853122078921167
 30
0.0
 11
19.139652412819466
 21
15.008901682562351
 31
0.0
  0
LINE
  5
21A
330
17
100
AcDbEntity
  8
SLOTS
100
AcDbLine
 10
19.387429904477663
 20
14.97564037429627
 30
0.0
 11
18.8295637901767
 21
10.819860770655087
 31
0.0
  0
ARC
  5
21B
330
17
100
AcDbEntity
  8
SLOTS
100
AcDbCircle
 10
19.263541158648565
 20
14.992271028429311
 30
0.0
 40
0.125
100
AcDbArc
 50
-7.645600342637039
 51
172.35439965736296
  0
ARC
  5
21C
330
17
100
AcDbEntity
  8
SLOTS
100
AcDbCircle
 10
18.7056750443476
 20
10.836491424788127
 30
0.0
 40
0.125
100
AcDbArc
 50
172.35439965736296
 51
352.35439965736293
  0
LINE
  5
21D
330
17
100
AcDbEntity
  8
SLOTS
100
AcDbLine
 10
17.642796344869392
 20
9.49537105343074
 30
0.0
 11
18.382863061355682
 21
15.00843966768282
 31
0.0
  0
LINE
  5
21E
330
17
100
AcDbEntity
  8
SLOTS
100
AcDbLine
 10
18.63064055301388
 20
14.97517835941674
 30
0.0
 11
17.89057383652759
 21
9.462109745164659
 31
0.0
  0
ARC
  5
21F
330
17
100
AcDbEntity
  8
SLOTS
100
AcDbCircle
 10
18.50675180718478
 20
14.99180901354978
 30
0.0
 40
0.125
100
AcDbArc
 50
-7.645600342637067
 51
172.35439965736293
  0
ARC
  5
220
330
17
100
AcDbEntity
  8
SLOTS
100
AcDbCircle
 10
17.76668509069849
 20
9.478740399297699
 30
0.0
 40
0.125
100
AcDbArc
 50
172.35439965736293
 51
352.35439965736293
  0
LINE
  5
221
330
17
100
AcDbEntity
  8
SLOTS
100
AcDbLine
 10
16.703806391220287
 20
8.137620027940313
 30
0.0
 11
17.56333554130383
 21
14.540614615858853
 31
0.0
  0
LINE
  5
222
330
17
100
AcDbEntity
  8
SLOTS
100
AcDbLine
 10
17.811113032962027
 20
14.507353307592773
 30
0.0
 11
16.951583882878484
 21
8.104358719674233
 31
0.0
  0
ARC
  5
223
330
17
100
AcDbEntity
  8
SLOTS
100
AcDbCircle
 10
17.687224287132928
 20
14.523983961725813
 30
0.0
 40
0.125
100
AcDbArc
 50
-7.645600342637053
 51
172.35439965736293
  0
ARC
  5
224
330
17
100
AcDbEntity
  8
SLOTS
100
AcDbCircle
 10
16.827695137049385
 20
8.120989373807273
 30
0.0
 40
0.125
100
AcDbArc
 50
172.35439965736293
 51
352.35439965736293
  0
LINE
  5
225
330
17
100
AcDbEntity
  8
SLOTS
100
AcDbLine
 10
15.764816437571179
 20
6.779869002449886
 30
0.0
 11
16.743808021251976
 21
14.072789564034888
 31
0.0
  0
LINE
  5
226
330
17
100
AcDbEntity
  8
SLOTS
100
AcDbLine
 10
16.991585512910174
 20
14.039528255768808
 30
0.0
 11
16.01259392922938
 21
6.746607694183806
 31
0.0
  0
ARC
  5
227
330
17
100
AcDbEntity
  8
SLOTS
100
AcDbCircle
 10
16.867696767081075
 20
14.056158909901848
 30
0.0
 40
0.125
100
AcDbArc
 50
-7.645600342637053
 51
172.35439965736293
  0
ARC
  5
228
330
17
100
AcDbEntity
  8
SLOTS
100
AcDbCircle
 10
15.888705183400278
 20
6.763238348316846
 30
0.0
 40
0.125
100
AcDbArc
 50
172.35439965736293
 51
352.35439965736293
  0
LINE
  5
229
330
17
100
AcDbEntity
  8
SLOTS
100
AcDbLine
 10
14.894512148598237
 20
5.933786416763181
 30
0.0
 11
15.924280501200123
 21
13.604964512210922
 31
0.0
  0
LINE
  5
22A
330
17
100
AcDbEntity
  8
SLOTS
100
AcDbLine
 10
16.17205799285832
 20
13.57170320394484
 30
0.0
 11
15.142289640256434
 21
5.9005251084971
 31
0.0
  0
ARC
  5
22B
330
17
100
AcDbEntity
  8
SLOTS
100
AcDbCircle
 10
16.04816924702922
 20
13.588333858077881
 30
0.0
 40
0.125
100
AcDbArc
 50
-7.645600342637039
 51
172.35439965736296
  0
ARC
  5
22C
330
17
100
AcDbEntity
  8
SLOTS
100
AcDbCircle
 10
15.018400894427336
 20
5.9171557626301405
 30
0.0
 40
0.125
100
AcDbArc
 50
172.35439965736296
 51
352.35439965736293
  0
LINE
  5
22D
330
17
100
AcDbEntity
  8
SLOTS
100
AcDbLine
 10
14.276305371902653
 20
6.9656843586511
 30
0.0
 11
15.08040465978524
 21
12.955758561440994
 31
0.0
  0
LINE
  5
22E
330
17
100
AcDbEntity
  8
SLOTS
100
AcDbLine
 10
15.328182151443437
 20
12.922497253174914
 30
0.0
 11
14.524082863560851
 21
6.93242305038502
 31
0.0
  0
ARC
  5
22F
330
17
100
AcDbEntity
  8
SLOTS
100
AcDbCircle
 10
15.204293405614338
 20
12.939127907307954
 30
0.0
 40
0.125
100
AcDbArc
 50
-7.645600342637053
 51
172.35439965736293
  0
ARC
  5
230
330
17
100
AcDbEntity
  8
SLOTS
100
AcDbCircle
 10
14.400194117731752
 20
6.94905370451806
 30
0.0
 40
0.125
100
AcDbArc
 50
172.35439965736293
 51
352.35439965736293
  0
LINE
  5
231
330
17
100
AcDbEntity
  8
SLOTS
100
AcDbLine
 10
13.65809859520707
 20
7.997582300539024
 30
0.0
 11
14.120876588156424
 21
11.445010446489063
 31
0.0
  0
LINE
  5
232
330
17
100
AcDbEntity
  8
SLOTS
100
AcDbLine
 10
14.368654079814622
 20
11.411749138222982
 30
0.0
 11
13.905876086865268
 21
7.964320992272944
 31
0.0
  0
ARC
  5
233
330
17
100
AcDbEntity
  8
SLOTS
100
AcDbCircle
 10
14.244765333985523
 20
11.428379792356022
 30
0.0
 40
0.125
100
AcDbArc
 50
-7.645600342637053
 51
172.35439965736293
  0
ARC
  5
234
330
17
100
AcDbEntity
  8
SLOTS
100
AcDbCircle
 10
13.781987341036169
 20
7.980951646405984
 30
0.0
 40
0.125
100
AcDbArc
 50
172.35439965736293
 51
352.35439965736293
  0
LINE
  5
235
330
17
100
AcDbEntity
  8
SLOTS
100
AcDbLine
 10
13.039891818511487
 20
9.029480242426946
 30
0.0
 11
13.16134851652761
 21
9.934262331537136
 31
0.0
  0
LINE
  5
236
330
17
100
AcDbEntity
  8
SLOTS
100
AcDbLine
 10
13.409126008185808
 20
9.901001023271055
 30
0.0
 11
13.287669310169685
 21
8.996218934160865
 31
0.0
  0
ARC
  5
237
330
17
100
AcDbEntity
  8
SLOTS
100
AcDbCircle
 10
13.28523726235671
 20
9.917631677404096
 30
0.0
 40
0.125
100
AcDbArc
 50
-7.645600342637067
 51
172.35439965736293
  0
ARC
  5
238
330
17
100
AcDbEntity
  8
SLOTS
100
AcDbCircle
 10
13.163780564340586
 20
9.012849588293905
 30
0.0
 40
0.125
100
AcDbArc
 50
172.35439965736293
 51
352.35439965736293
  0
LINE
  5
239
330
17
100
AcDbEntity
  8
SLOTS
100
AcDbLine
 10
9.951053895382328
 20
10.622767209526918
 30
0.0
 11
12.011268031005255
 21
9.885000320744021
 31
0.0
  0
LINE
  5
23A
330
17
100
AcDbEntity
  8
SLOTS
100
AcDbLine
 10
11.926983742876164
 20
9.649636434868187
 30
0.0
 11
9.866769607253238
 21
10.387403323651084
 31
0.0
  0
ARC
  5
23B
330
17
100
AcDbEntity
  8
SLOTS
100
AcDbCircle
 10
11.96912588694071
 20
9.767318377806104
 30
0.0
 40
0.125
100
AcDbArc
 50
-109.70254960058799
 51
70.29745039941201
  0
ARC
  5
23C
330
17
100
AcDbEntity
  8
SLOTS
100
AcDbCircle
 10
9.908911751317783
 20
10.505085266589
 30
0.0
 40
0.125
100
AcDbArc
 50
70.29745039941201
 51
250.297450399412
  0
LINE
  5
23D
330
17
100
AcDbEntity
  8
SLOTS
100
AcDbLine
 10
9.976378336962673
 20
11.410337259959054
 30
0.0
 11
12.69409195763916
 21
10.437118463009508
 31
0.0
  0
LINE
  5
23E
330
17
100
AcDbEntity
  8
SLOTS
100
AcDbLine
 10
12.609807669510069
 20
10.201754577133674
 30
0.0
 11
9.892094048833583
 21
11.17497337408322
 31
0.0
  0
ARC
  5
23F
330
17
100
AcDbEntity
  8
SLOTS
100
AcDbCircle
 10
12.651949813574614
 20
10.31943652007159
 30
0.0
 40
0.125
100
AcDbArc
 50
-109.70254960058799
 51
70.29745039941201
  0
ARC
  5
240
330
17
100
AcDbEntity
  8
SLOTS
100
AcDbCircle
 10
9.934236192898128
 20
11.292655317021136
 30
0.0
 40
0.125
100
AcDbArc
 50
70.29745039941201
 51
250.297450399412
  0
LINE
  5
241
330
17
100
AcDbEntity
  8
SLOTS
100
AcDbLine
 10
10.001702778543018
 20
12.197907310391189
 30
0.0
 11
13.106308831319764
 21
11.08614154349866
 31
0.0
  0
LINE
  5
242
330
17
100
AcDbEntity
  8
SLOTS
100
AcDbLine
 10
13.022024543190673
 20
10.850777657622826
 30
0.0
 11
9.917418490413928
 21
11.962543424515355
 31
0.0
  0
ARC
  5
243
330
17
100
AcDbEntity
  8
SLOTS
100
AcDbCircle
 10
13.064166687255218
 20
10.968459600560744
 30
0.0
 40
0.125
100
AcDbArc
 50
-109.70254960058799
 51
70.29745039941201
  0
ARC
  5
244
330
17
100
AcDbEntity
  8
SLOTS
100
AcDbCircle
 10
9.959560634478473
 20
12.080225367453272
 30
0.0
 40
0.125
100
AcDbArc
 50
70.29745039941201
 51
250.297450399412
  0
LINE
  5
245
330
17
100
AcDbEntity
  8
SLOTS
100
AcDbLine
 10
10.530569699618916
 20
12.805157770716672
 30
0.0
 11
13.51852570500037
 21
11.735164623987814
 31
0.0
  0
LINE
  5
246
330
17
100
AcDbEntity
  8
SLOTS
100
AcDbLine
 10
13.434241416871279
 20
11.49980073811198
 30
0.0
 11
10.446285411489825
 21
12.569793884840838
 31
0.0
  0
ARC
  5
247
330
17
100
AcDbEntity
  8
SLOTS
100
AcDbCircle
 10
13.476383560935824
 20
11.617482681049896
 30
0.0
 40
0.125
100
AcDbArc
 50
-109.702549600588
 51
70.297450399412
  0
ARC
  5
248
330
17
100
AcDbEntity
  8
SLOTS
100
AcDbCircle
 10
10.48842755555437
 20
12.687475827778755
 30
0.0
 40
0.125
100
AcDbArc
 50
70.297450399412
 51
250.29745039941199
  0
LINE
  5
249
330
17
100
AcDbEntity
  8
SLOTS
100
AcDbLine
 10
12.305746085753631
 20
12.966102266725924
 30
0.0
 11
13.930742578680974
 21
12.384187704476968
 31
0.0
  0
LINE
  5
24A
330
17
100
AcDbEntity
  8
SLOTS
100
AcDbLine
 10
13.846458290551883
 20
12.148823818601134
 30
0.0
 11
12.22146179762454
 21
12.73073838085009
 31
0.0
  0
ARC
  5
24B
330
17
100
AcDbEntity
  8
SLOTS
100
AcDbCircle
 10
13.888600434616428
 20
12.266505761539051
 30
0.0
 40
0.125
100
AcDbArc
 50
-109.70254960058801
 51
70.29745039941199
  0
ARC
  5
24C
330
17
100
AcDbEntity
  8
SLOTS
100
AcDbCircle
 10
12.263603941689086
 20
12.848420323788007
 30
0.0
 40
0.125
100
AcDbArc
 50
70.29745039941199
 51
250.29745039941199
  0
LINE
  5
24D
330
17
100
AcDbEntity
  8
SLOTS
100
AcDbLine
 10
14.080922471888345
 20
13.127046762735175
 30
0.0
 11
14.342959452361578
 21
13.033210784966121
 31
0.0
  0
LINE
  5
24E
330
17
100
AcDbEntity
  8
SLOTS
100
AcDbLine
 10
14.258675164232487
 20
12.797846899090286
 30
0.0
 11
13.996638183759254
 21
12.89168287685934
 31
0.0
  0
ARC
  5
24F
330
17
100
AcDbEntity
  8
SLOTS
100
AcDbCircle
 10
14.300817308297033
 20
12.915528842028204
 30
0.0
 40
0.125
100
AcDbArc
 50
-109.70254960058806
 51
70.29745039941194
  0
ARC
  5
250
330
17
100
AcDbEntity
  8
SLOTS
100
AcDbCircle
 10
14.0387803278238
 20
13.009364819797257
 30
0.0
 40
0.125
100
AcDbArc
 50
70.29745039941194
 51
250.29745039941196
  0
LINE
  5
251
330
17
100
AcDbEntity
  8
SLOTS
100
AcDbLine
 10
3.652708322187434
 20
29.976782027346314
 30
0.0
 11
3.8066744346797816
 21
29.86701535167615
 31
0.0
  0
LINE
  5
252
330
17
100
AcDbEntity
  8
SLOTS
100
AcDbLine
 10
3.6615480220696095
 20
29.663451296983524
 30
0.0
 11
3.507581909577262
 21
29.773217972653686
 31
0.0
  0
ARC
  5
253
330
17
100
AcDbEntity
  8
SLOTS
100
AcDbCircle
 10
3.7341112283746956
 20
29.765233324329838
 30
0.0
 40
0.125
100
AcDbArc
 50
-125.48611525986593
 51
54.513884740134074
  0
ARC
  5
254
330
17
100
AcDbEntity
  8
SLOTS
100
AcDbCircle
 10
3.580145115882348
 20
29.875
 30
0.0
 40
0.125
100
AcDbArc
 50
54.513884740134074
 51
234.51388474013407
  0
LINE
  5
255
330
17
100
AcDbEntity
  8
SLOTS
100
AcDbLine
 10
5.0998093174219115
 20
24.845870588453298
 30
0.0
 11
5.921165416588633
 21
24.978320358344767
 31
0.0
  0
LINE
  5
256
330
17
100
AcDbEntity
  8
SLOTS
100
AcDbLine
 10
5.960965612738172
 20
24.731508801916675
 30
0.0
 11
5.13960951357145
 21
24.599059032025206
 31
0.0
  0
ARC
  5
257
330
17
100
AcDbEntity
  8
SLOTS
100
AcDbCircle
 10
5.941065514663403
 20
24.85491458013072
 30
0.0
 40
0.125
100
AcDbArc
 50
-80.83949004235396
 51
99.16050995764604
  0
ARC
  5
258
330
17
100
AcDbEntity
  8
SLOTS
100
AcDbCircle
 10
5.119709415496681
 20
24.722464810239252
 30
0.0
 40
0.125
100
AcDbArc
 50
99.16050995764604
 51
279.16050995764607
  0
LINE
  5
259
330
17
100
AcDbEntity
  8
SLOTS
100
AcDbLine
 10
3.7449866414341293
 20
25.38708427261383
 30
0.0
 11
5.8239828983064585
 21
25.722337856421536
 31
0.0
  0
LINE
  5
25A
330
17
100
AcDbEntity
  8
SLOTS
100
AcDbLine
 10
5.863783094455997
 20
25.475526299993444
 30
0.0
 11
3.784786837583668
 21
25.140272716185738
 31
0.0
  0
ARC
  5
25B
330
17
100
AcDbEntity
  8
SLOTS
100
AcDbCircle
 10
5.843882996381228
 20
25.59893207820749
 30
0.0
 40
0.125
100
AcDbArc
 50
-80.8394900423541
 51
99.1605099576459
  0
ARC
  5
25C
330
17
100
AcDbEntity
  8
SLOTS
100
AcDbCircle
 10
3.7648867395088987
 20
25.263678494399784
 30
0.0
 40
0.125
100
AcDbArc
 50
99.1605099576459
 51
279.1605099576459
  0
LINE
  5
25D
330
17
100
AcDbEntity
  8
SLOTS
100
AcDbLine
 10
2.390163965446353
 20
25.928297956774355
 30
0.0
 11
5.726800380024284
 21
26.4663553544983
 31
0.0
  0
LINE
  5
25E
330
17
100
AcDbEntity
  8
SLOTS
100
AcDbLine
 10
5.766600576173823
 20
26.21954379807021
 30
0.0
 11
2.429964161595892
 21
25.681486400346262
 31
0.0
  0
ARC
  5
25F
330
17
100
AcDbEntity
  8
SLOTS
100
AcDbCircle
 10
5.746700478099053
 20
26.342949576284255
 30
0.0
 40
0.125
100
AcDbArc
 50
-80.83949004235407
 51
99.16050995764593
  0
ARC
  5
260
330
17
100
AcDbEntity
  8
SLOTS
100
AcDbCircle
 10
2.4100640635211223
 20
25.80489217856031
 30
0.0
 40
0.125
100
AcDbArc
 50
99.16050995764593
 51
279.16050995764596
  0
LINE
  5
261
330
17
100
AcDbEntity
  8
SLOTS
100
AcDbLine
 10
2.4794376859336853
 20
26.7023829078656
 30
0.0
 11
5.629617861742109
 21
27.21037285257507
 31
0.0
  0
LINE
  5
262
330
17
100
AcDbEntity
  8
SLOTS
100
AcDbLine
 10
5.669418057891648
 20
26.963561296146977
 30
0.0
 11
2.519237882083224
 21
26.45557135143751
 31
0.0
  0
ARC
  5
263
330
17
100
AcDbEntity
  8
SLOTS
100
AcDbCircle
 10
5.649517959816879
 20
27.086967074361024
 30
0.0
 40
0.125
100
AcDbArc
 50
-80.83949004235409
 51
99.16050995764591
  0
ARC
  5
264
330
17
100
AcDbEntity
  8
SLOTS
100
AcDbCircle
 10
2.4993377840084547
 20
26.578977129651555
 30
0.0
 40
0.125
100
AcDbArc
 50
99.16050995764591
 51
279.1605099576459
  0
LINE
  5
265
330
17
100
AcDbEntity
  8
SLOTS
100
AcDbLine
 10
2.9020196573893493
 20
27.530216289373897
 30
0.0
 11
5.532435343459935
 21
27.95439035065184
 31
0.0
  0
LINE
  5
266
330
17
100
AcDbEntity
  8
SLOTS
100
AcDbLine
 10
5.572235539609474
 20
27.707578794223746
 30
0.0
 11
2.941819853538889
 21
27.283404732945804
 31
0.0
  0
ARC
  5
267
330
17
100
AcDbEntity
  8
SLOTS
100
AcDbCircle
 10
5.552335441534704
 20
27.830984572437792
 30
0.0
 40
0.125
100
AcDbArc
 50
-80.83949004235404
 51
99.16050995764596
  0
ARC
  5
268
330
17
100
AcDbEntity
  8
SLOTS
100
AcDbCircle
 10
2.921919755464119
 20
27.40681051115985
 30
0.0
 40
0.125
100
AcDbArc
 50
99.16050995764596
 51
279.16050995764596
  0
LINE
  5
269
330
17
100
AcDbEntity
  8
SLOTS
100
AcDbLine
 10
3.3246016288450124
 20
28.358049670882192
 30
0.0
 11
5.435252825177761
 21
28.698407848728603
 31
0.0
  0
LINE
  5
26A
330
17
100
AcDbEntity
  8
SLOTS
100
AcDbLine
 10
5.4750530213273
 20
28.45159629230051
 30
0.0
 11
3.3644018249945513
 21
28.1112381144541
 31
0.0
  0
ARC
  5
26B
330
17
100
AcDbEntity
  8
SLOTS
100
AcDbCircle
 10
5.45515292325253
 20
28.575002070514557
 30
0.0
 40
0.125
100
AcDbArc
 50
-80.8394900423541
 51
99.1605099576459
  0
ARC
  5
26C
330
17
100
AcDbEntity
  8
SLOTS
100
AcDbCircle
 10
3.344501726919782
 20
28.234643892668146
 30
0.0
 40
0.125
100
AcDbArc
 50
99.1605099576459
 51
279.1605099576459
  0
LINE
  5
26D
330
17
100
AcDbEntity
  8
SLOTS
100
AcDbLine
 10
4.141332972436599
 20
29.249442565365715
 30
0.0
 11
5.338070306895586
 21
29.442425346805372
 31
0.0
  0
LINE
  5
26E
330
17
100
AcDbEntity
  8
SLOTS
100
AcDbLine
 10
5.377870503045125
 20
29.19561379037728
 30
0.0
 11
4.181133168586138
 21
29.002631008937623
 31
0.0
  0
ARC
  5
26F
330
17
100
AcDbEntity
  8
SLOTS
100
AcDbCircle
 10
5.357970404970356
 20
29.319019568591326
 30
0.0
 40
0.125
100
AcDbArc
 50
-80.8394900423541
 51
99.1605099576459
  0
ARC
  5
270
330
17
100
AcDbEntity
  8
SLOTS
100
AcDbCircle
 10
4.1612330705113685
 20
29.12603678715167
 30
0.0
 40
0.125
100
AcDbArc
 50
99.1605099576459
 51
279.1605099576459
  0
LINE
  5
271
330
17
100
AcDbEntity
  8
SLOTS
100
AcDbLine
 10
1.3309337136371686
 20
29.754207754218864
 30
0.0
 11
1.1571594987390983
 21
29.707942436368675
 31
0.0
  0
LINE
  5
272
330
17
100
AcDbEntity
  8
SLOTS
100
AcDbLine
 10
1.0928405012609017
 20
29.949526927930947
 30
0.0
 11
1.266614716158972
 21
29.995792245781136
 31
0.0
  0
ARC
  5
273
330
17
100
AcDbEntity
  8
SLOTS
100
AcDbCircle
 10
1.125
 20
29.82873468214981
 30
0.0
 40
0.125
100
AcDbArc
 50
-255.0915097943409
 51
-75.09150979434091
  0
ARC
  5
274
330
17
100
AcDbEntity
  8
SLOTS
100
AcDbCircle
 10
1.2987742148980703
 20
29.875
 30
0.0
 40
0.125
100
AcDbArc
 50
-75.09150979434091
 51
104.90849020565909
  0
LINE
  5
275
330
17
100
AcDbEntity
  8
SLOTS
100
AcDbLine
 10
2.7904486770211534
 20
29.366660274886627
 30
0.0
 11
1.1571594987390976
 21
28.931816457472088
 31
0.0
  0
LINE
  5
276
330
17
100
AcDbEntity
  8
SLOTS
100
AcDbLine
 10
1.0928405012609024
 20
29.17340094903436
 30
0.0
 11
2.726129679542958
 21
29.608244766448898
 31
0.0
  0
ARC
  5
277
330
17
100
AcDbEntity
  8
SLOTS
100
AcDbCircle
 10
1.125
 20
29.052608703253224
 30
0.0
 40
0.125
100
AcDbArc
 50
-255.09150979434125
 51
-75.09150979434125
  0
ARC
  5
278
330
17
100
AcDbEntity
  8
SLOTS
100
AcDbCircle
 10
2.7582891782820558
 20
29.487452520667762
 30
0.0
 40
0.125
100
AcDbArc
 50
-75.09150979434125
 51
104.90849020565875
  0
LINE
  5
279
330
17
100
AcDbEntity
  8
SLOTS
100
AcDbLine
 10
2.775957041674334
 20
28.58667607044212
 30
0.0
 11
1.1571594987390978
 21
28.1556904785755
 31
0.0
  0
LINE
  5
27A
330
17
100
AcDbEntity
  8
SLOTS
100
AcDbLine
 10
1.0928405012609022
 20
28.397274970137772
 30
0.0
 11
2.711638044196139
 21
28.82826056200439
 31
0.0
  0
ARC
  5
27B
330
17
100
AcDbEntity
  8
SLOTS
100
AcDbCircle
 10
1.125
 20
28.276482724356637
 30
0.0
 40
0.125
100
AcDbArc
 50
-255.0915097943412
 51
-75.09150979434119
  0
ARC
  5
27C
330
17
100
AcDbEntity
  8
SLOTS
100
AcDbCircle
 10
2.7437975429352366
 20
28.707468316223256
 30
0.0
 40
0.125
100
AcDbArc
 50
-75.09150979434119
 51
104.90849020565881
  0
LINE
  5
27D
330
17
100
AcDbEntity
  8
SLOTS
100
AcDbLine
 10
2.3174571889999482
 20
27.688479959157437
 30
0.0
 11
1.1571594987390978
 21
27.379564499678914
 31
0.0
  0
LINE
  5
27E
330
17
100
AcDbEntity
  8
SLOTS
100
AcDbLine
 10
1.0928405012609022
 20
27.621148991241185
 30
0.0
 11
2.253138191521753
 21
27.93006445071971
 31
0.0
  0
ARC
  5
27F
330
17
100
AcDbEntity
  8
SLOTS
100
AcDbCircle
 10
1.125
 20
27.50035674546005
 30
0.0
 40
0.125
100
AcDbArc
 50
-255.09150979434122
 51
-75.09150979434122
  0
ARC
  5
280
330
17
100
AcDbEntity
  8
SLOTS
100
AcDbCircle
 10
2.2852976902608506
 20
27.809272204938573
 30
0.0
 40
0.125
100
AcDbArc
 50
-75.09150979434122
 51
104.90849020565878
  0
LINE
  5
281
330
17
100
AcDbEntity
  8
SLOTS
100
AcDbLine
 10
1.8589573363255627
 20
26.790283847872754
 30
0.0
 11
1.1571594987390976
 21
26.603438520782326
 31
0.0
  0
LINE
  5
282
330
17
100
AcDbEntity
  8
SLOTS
100
AcDbLine
 10
1.0928405012609024
 20
26.845023012344598
 30
0.0
 11
1.7946383388473675
 21
27.031868339435025
 31
0.0
  0
ARC
  5
283
330
17
100
AcDbEntity
  8
SLOTS
100
AcDbCircle
 10
1.125
 20
26.724230766563462
 30
0.0
 40
0.125
100
AcDbArc
 50
-255.09150979434128
 51
-75.09150979434128
  0
ARC
  5
284
330
17
100
AcDbEntity
  8
SLOTS
100
AcDbCircle
 10
1.826797837586465
 20
26.91107609365389
 30
0.0
 40
0.125
100
AcDbArc
 50
-75.09150979434128
 51
104.90849020565872
  0
LINE
  5
285
330
17
100
AcDbEntity
  8
SLOTS
100
AcDbLine
 10
28.04821504269139
 20
19.07342816426209
 30
0.0
 11
27.2297428585358
 21
19.830452618513508
 31
0.0
  0
LINE
  5
286
330
17
100
AcDbEntity
  8
SLOTS
100
AcDbLine
 10
27.39949582340744
 20
20.01398444386619
 30
0.0
 11
28.21796800756303
 21
19.25695998961477
 31
0.0
  0
ARC
  5
287
330
17
100
AcDbEntity
  8
SLOTS
100
AcDbCircle
 10
27.31461934097162
 20
19.92221853118985
 30
0.0
 40
0.125
100
AcDbArc
 50
47.23352556775657
 51
227.23352556775657
  0
ARC
  5
288
330
17
100
AcDbEntity
  8
SLOTS
100
AcDbCircle
 10
28.13309152512721
 20
19.16519407693843
 30
0.0
 40
0.125
100
AcDbArc
 50
227.23352556775657
 51
407.2335255677566
  0
LINE
  5
289
330
17
100
AcDbEntity
  8
SLOTS
100
AcDbLine
 10
29.03208761295064
 20
17.141799765884077
 30
0.0
 11
26.450889723469157
 21
19.529211288751647
 31
0.0
  0
LINE
  5
28A
330
17
100
AcDbEntity
  8
SLOTS
100
AcDbLine
 10
26.620642688340798
 20
19.712743114104327
 30
0.0
 11
29.20184057782228
 21
17.325331591236758
 31
0.0
  0
ARC
  5
28B
330
17
100
AcDbEntity
  8
SLOTS
100
AcDbCircle
 10
26.535766205904977
 20
19.620977201427987
 30
0.0
 40
0.125
100
AcDbArc
 50
47.23352556775646
 51
227.23352556775646
  0
ARC
  5
28C
330
17
100
AcDbEntity
  8
SLOTS
100
AcDbCircle
 10
29.11696409538646
 20
17.233565678560417
 30
0.0
 40
0.125
100
AcDbArc
 50
227.23352556775646
 51
407.2335255677565
  0
LINE
  5
28D
330
17
100
AcDbEntity
  8
SLOTS
100
AcDbLine
 10
30.015960183209888
 20
15.210171367506067
 30
0.0
 11
25.67203658840251
 21
19.227969958989785
 31
0.0
  0
LINE
  5
28E
330
17
100
AcDbEntity
  8
SLOTS
100
AcDbLine
 10
25.84178955327415
 20
19.411501784342466
 30
0.0
 11
30.18571314808153
 21
15.393703192858748
 31
0.0
  0
ARC
  5
28F
330
17
100
AcDbEntity
  8
SLOTS
100
AcDbCircle
 10
25.75691307083833
 20
19.319735871666126
 30
0.0
 40
0.125
100
AcDbArc
 50
47.23352556775649
 51
227.2335255677565
  0
ARC
  5
290
330
17
100
AcDbEntity
  8
SLOTS
100
AcDbCircle
 10
30.10083666564571
 20
15.301937280182408
 30
0.0
 40
0.125
100
AcDbArc
 50
227.2335255677565
 51
407.2335255677565
  0
LINE
  5
291
330
17
100
AcDbEntity
  8
SLOTS
100
AcDbLine
 10
29.632418639182355
 20
14.543296913908254
 30
0.0
 11
24.89318345333587
 21
18.926728629227924
 31
0.0
  0
LINE
  5
292
330
17
100
AcDbEntity
  8
SLOTS
100
AcDbLine
 10
25.06293641820751
 20
19.110260454580605
 30
0.0
 11
29.802171604053996
 21
14.726828739260934
 31
0.0
  0
ARC
  5
293
330
17
100
AcDbEntity
  8
SLOTS
100
AcDbCircle
 10
24.97805993577169
 20
19.018494541904264
 30
0.0
 40
0.125
100
AcDbArc
 50
47.23352556775646
 51
227.23352556775646
  0
ARC
  5
294
330
17
100
AcDbEntity
  8
SLOTS
100
AcDbCircle
 10
29.717295121618175
 20
14.635062826584594
 30
0.0
 40
0.125
100
AcDbArc
 50
227.23352556775646
 51
407.2335255677565
  0
LINE
  5
295
330
17
100
AcDbEntity
  8
SLOTS
100
AcDbLine
 10
29.147501554991567
 20
13.970187116522556
 30
0.0
 11
24.114330318269225
 21
18.62548729946606
 31
0.0
  0
LINE
  5
296
330
17
100
AcDbEntity
  8
SLOTS
100
AcDbLine
 10
24.284083283140866
 20
18.80901912481874
 30
0.0
 11
29.31725451986321
 21
14.153718941875237
 31
0.0
  0
ARC
  5
297
330
17
100
AcDbEntity
  8
SLOTS
100
AcDbCircle
 10
24.199206800705046
 20
18.7172532121424
 30
0.0
 40
0.125
100
AcDbArc
 50
47.23352556775649
 51
227.2335255677565
  0
ARC
  5
298
330
17
100
AcDbEntity
  8
SLOTS
100
AcDbCircle
 10
29.232378037427388
 20
14.061953029198897
 30
0.0
 40
0.125
100
AcDbArc
 50
227.2335255677565
 51
407.2335255677565
  0
LINE
  5
299
330
17
100
AcDbEntity
  8
SLOTS
100
AcDbLine
 10
26.22127868910223
 20
15.655099293283582
 30
0.0
 11
23.33547718320258
 21
18.324245969704197
 31
0.0
  0
LINE
  5
29A
330
17
100
AcDbEntity
  8
SLOTS
100
AcDbLine
 10
23.505230148074222
 20
18.507777795056878
 30
0.0
 11
26.391031653973872
 21
15.838631118636263
 31
0.0
  0
ARC
  5
29B
330
17
100
AcDbEntity
  8
SLOTS
100
AcDbCircle
 10
23.4203536656384
 20
18.416011882380538
 30
0.0
 40
0.125
100
AcDbArc
 50
47.23352556775649
 51
227.2335255677565
  0
ARC
  5
29C
330
17
100
AcDbEntity
  8
SLOTS
100
AcDbCircle
 10
26.30615517153805
 20
15.746865205959923
 30
0.0
 40
0.125
100
AcDbArc
 50
227.2335255677565
 51
407.2335255677565
  0
LINE
  5
29D
330
17
100
AcDbEntity
  8
SLOTS
100
AcDbLine
 10
22.581782769757194
 20
17.999734737954586
 30
0.0
 11
22.556624048135934
 21
18.023004639942332
 31
0.0
  0
LINE
  5
29E
330
17
100
AcDbEntity
  8
SLOTS
100
AcDbLine
 10
22.726377013007575
 20
18.20653646529502
 30
0.0
 11
22.751535734628835
 21
18.183266563307274
 31
0.0
  0
ARC
  5
29F
330
17
100
AcDbEntity
  8
SLOTS
100
AcDbCircle
 10
22.641500530571754
 20
18.114770552618676
 30
0.0
 40
0.125
100
AcDbArc
 50
47.23352556775782
 51
227.23352556775782
  0
ARC
  5
2A0
330
17
100
AcDbEntity
  8
SLOTS
100
AcDbCircle
 10
22.666659252193014
 20
18.09150065063093
 30
0.0
 40
0.125
100
AcDbArc
 50
227.23352556775782
 51
407.23352556775785
  0
LINE
  5
2A1
330
17
100
AcDbEntity
  8
SLOTS
100
AcDbLine
 10
29.44846694231616
 20
23.2313153154274
 30
0.0
 11
29.754096071448693
 21
24.666204873176554
 31
0.0
  0
LINE
  5
2A2
330
17
100
AcDbEntity
  8
SLOTS
100
AcDbLine
 10
29.99861098043926
 20
24.614123597449705
 30
0.0
 11
29.692981851306726
 21
23.17923403970055
 31
0.0
  0
ARC
  5
2A3
330
17
100
AcDbEntity
  8
SLOTS
100
AcDbCircle
 10
29.876353525943976
 20
24.64016423531313
 30
0.0
 40
0.125
100
AcDbArc
 50
-12.024217032979323
 51
167.97578296702068
  0
ARC
  5
2A4
330
17
100
AcDbEntity
  8
SLOTS
100
AcDbCircle
 10
29.570724396811443
 20
23.205274677563974
 30
0.0
 40
0.125
100
AcDbArc
 50
167.97578296702068
 51
347.9757829670207
  0
LINE
  5
2A5
330
17
100
AcDbEntity
  8
SLOTS
100
AcDbLine
 10
28.549958340081723
 20
22.613074908424565
 30
0.0
 11
29.128558991630502
 21
25.329530749432404
 31
0.0
  0
LINE
  5
2A6
330
17
100
AcDbEntity
  8
SLOTS
100
AcDbLine
 10
29.37307390062107
 20
25.277449473705556
 30
0.0
 11
28.79447324907229
 21
22.560993632697716
 31
0.0
  0
ARC
  5
2A7
330
17
100
AcDbEntity
  8
SLOTS
100
AcDbCircle
 10
29.250816446125786
 20
25.30349011156898
 30
0.0
 40
0.125
100
AcDbArc
 50
-12.02421703297918
 51
167.97578296702082
  0
ARC
  5
2A8
330
17
100
AcDbEntity
  8
SLOTS
100
AcDbCircle
 10
28.672215794577006
 20
22.58703427056114
 30
0.0
 40
0.125
100
AcDbArc
 50
167.97578296702082
 51
347.9757829670208
  0
LINE
  5
2A9
330
17
100
AcDbEntity
  8
SLOTS
100
AcDbLine
 10
27.906929976892954
 20
23.19428145288988
 30
0.0
 11
28.454901636157473
 21
25.76693810395204
 31
0.0
  0
LINE
  5
2AA
330
17
100
AcDbEntity
  8
SLOTS
100
AcDbLine
 10
28.69941654514804
 20
25.71485682822519
 30
0.0
 11
28.15144488588352
 21
23.14220017716303
 31
0.0
  0
ARC
  5
2AB
330
17
100
AcDbEntity
  8
SLOTS
100
AcDbCircle
 10
28.577159090652756
 20
25.740897466088615
 30
0.0
 40
0.125
100
AcDbArc
 50
-12.024217032979138
 51
167.97578296702085
  0
ARC
  5
2AC
330
17
100
AcDbEntity
  8
SLOTS
100
AcDbCircle
 10
28.029187431388237
 20
23.168240815026454
 30
0.0
 40
0.125
100
AcDbArc
 50
167.97578296702085
 51
347.97578296702085
  0
LINE
  5
2AD
330
17
100
AcDbEntity
  8
SLOTS
100
AcDbLine
 10
27.26390161370418
 20
23.77548799735519
 30
0.0
 11
27.781244280684444
 21
26.20434545847167
 31
0.0
  0
LINE
  5
2AE
330
17
100
AcDbEntity
  8
SLOTS
100
AcDbLine
 10
28.02575918967501
 20
26.152264182744823
 30
0.0
 11
27.50841652269475
 21
23.72340672162834
 31
0.0
  0
ARC
  5
2AF
330
17
100
AcDbEntity
  8
SLOTS
100
AcDbCircle
 10
27.903501735179727
 20
26.178304820608247
 30
0.0
 40
0.125
100
AcDbArc
 50
-12.024217032979152
 51
167.97578296702085
  0
ARC
  5
2B0
330
17
100
AcDbEntity
  8
SLOTS
100
AcDbCircle
 10
27.386159068199465
 20
23.749447359491764
 30
0.0
 40
0.125
100
AcDbArc
 50
167.97578296702085
 51
347.97578296702085
  0
LINE
  5
2B1
330
17
100
AcDbEntity
  8
SLOTS
100
AcDbLine
 10
26.62087325051541
 20
24.356694541820502
 30
0.0
 11
27.107586925211415
 21
26.641752812991307
 31
0.0
  0
LINE
  5
2B2
330
17
100
AcDbEntity
  8
SLOTS
100
AcDbLine
 10
27.35210183420198
 20
26.589671537264458
 30
0.0
 11
26.865388159505976
 21
24.304613266093654
 31
0.0
  0
ARC
  5
2B3
330
17
100
AcDbEntity
  8
SLOTS
100
AcDbCircle
 10
27.229844379706698
 20
26.615712175127882
 30
0.0
 40
0.125
100
AcDbArc
 50
-12.02421703297918
 51
167.97578296702082
  0
ARC
  5
2B4
330
17
100
AcDbEntity
  8
SLOTS
100
AcDbCircle
 10
26.743130705010692
 20
24.330653903957078
 30
0.0
 40
0.125
100
AcDbArc
 50
167.97578296702082
 51
347.9757829670208
  0
LINE
  5
2B5
330
17
100
AcDbEntity
  8
SLOTS
100
AcDbLine
 10
25.97784488732664
 20
24.937901086285812
 30
0.0
 11
26.433929569738385
 21
27.079160167510942
 31
0.0
  0
LINE
  5
2B6
330
17
100
AcDbEntity
  8
SLOTS
100
AcDbLine
 10
26.678444478728952
 20
27.027078891784093
 30
0.0
 11
26.222359796317207
 21
24.885819810558964
 31
0.0
  0
ARC
  5
2B7
330
17
100
AcDbEntity
  8
SLOTS
100
AcDbCircle
 10
26.55618702423367
 20
27.053119529647518
 30
0.0
 40
0.125
100
AcDbArc
 50
-12.02421703297911
 51
167.9757829670209
  0
ARC
  5
2B8
330
17
100
AcDbEntity
  8
SLOTS
100
AcDbCircle
 10
26.100102341821923
 20
24.911860448422388
 30
0.0
 40
0.125
100
AcDbArc
 50
167.9757829670209
 51
347.9757829670209
  0
LINE
  5
2B9
330
17
100
AcDbEntity
  8
SLOTS
100
AcDbLine
 10
25.334816524137864
 20
25.519107630751126
 30
0.0
 11
25.62405765105555
 21
26.87705762021637
 31
0.0
  0
LINE
  5
2BA
330
17
100
AcDbEntity
  8
SLOTS
100
AcDbLine
 10
25.86857256004612
 20
26.82497634448952
 30
0.0
 11
25.57933143312843
 21
25.467026355024277
 31
0.0
  0
ARC
  5
2BB
330
17
100
AcDbEntity
  8
SLOTS
100
AcDbCircle
 10
25.746315105550835
 20
26.851016982352945
 30
0.0
 40
0.125
100
AcDbArc
 50
-12.02421703297911
 51
167.9757829670209
  0
ARC
  5
2BC
330
17
100
AcDbEntity
  8
SLOTS
100
AcDbCircle
 10
25.457073978633147
 20
25.4930669928877
 30
0.0
 40
0.125
100
AcDbArc
 50
167.9757829670209
 51
347.9757829670209
  0
LINE
  5
2BD
330
17
100
AcDbEntity
  8
SLOTS
100
AcDbLine
 10
24.69178816094909
 20
26.100314175216436
 30
0.0
 11
24.774995569782035
 21
26.490962286542175
 31
0.0
  0
LINE
  5
2BE
330
17
100
AcDbEntity
  8
SLOTS
100
AcDbLine
 10
25.019510478772602
 20
26.438881010815326
 30
0.0
 11
24.936303069939658
 21
26.048232899489587
 31
0.0
  0
ARC
  5
2BF
330
17
100
AcDbEntity
  8
SLOTS
100
AcDbCircle
 10
24.89725302427732
 20
26.46492164867875
 30
0.0
 40
0.125
100
AcDbArc
 50
-12.024217032979507
 51
167.9757829670205
  0
ARC
  5
2C0
330
17
100
AcDbEntity
  8
SLOTS
100
AcDbCircle
 10
24.814045615444375
 20
26.07427353735301
 30
0.0
 40
0.125
100
AcDbArc
 50
167.9757829670205
 51
347.9757829670205
  0
LINE
  5
2C1
330
17
100
AcDbEntity
  8
SLOTS
100
AcDbLine
 10
34.648269882594654
 20
1.3608026301402536
 30
0.0
 11
34.852317776128736
 21
1.3984537666848154
 31
0.0
  0
LINE
  5
2C2
330
17
100
AcDbEntity
  8
SLOTS
100
AcDbLine
 10
34.897682223871264
 20
1.1526040831767508
 30
0.0
 11
34.69363433033718
 21
1.114952946632189
 31
0.0
  0
ARC
  5
2C3
330
17
100
AcDbEntity
  8
SLOTS
100
AcDbCircle
 10
34.875
 20
1.275528924930783
 30
0.0
 40
0.125
100
AcDbArc
 50
-79.54531647304759
 51
100.45468352695241
  0
ARC
  5
2C4
330
17
100
AcDbEntity
  8
SLOTS
100
AcDbCircle
 10
34.67095210646592
 20
1.2378777883862213
 30
0.0
 40
0.125
100
AcDbArc
 50
100.45468352695241
 51
280.4546835269524
  0
LINE
  5
2C5
330
17
100
AcDbEntity
  8
SLOTS
100
AcDbLine
 10
34.30332319482554
 20
4.178550625668409
 30
0.0
 11
34.634608559356685
 21
6.021418128819763
 31
0.0
  0
LINE
  5
2C6
330
17
100
AcDbEntity
  8
SLOTS
100
AcDbLine
 10
34.880664412305556
 20
5.977185592948466
 30
0.0
 11
34.54937904777441
 21
4.134318089797112
 31
0.0
  0
ARC
  5
2C7
330
17
100
AcDbEntity
  8
SLOTS
100
AcDbCircle
 10
34.75763648583112
 20
5.999301860884114
 30
0.0
 40
0.125
100
AcDbArc
 50
-10.191000141707619
 51
169.8089998582924
  0
ARC
  5
2C8
330
17
100
AcDbEntity
  8
SLOTS
100
AcDbCircle
 10
34.42635112129997
 20
4.156434357732761
 30
0.0
 40
0.125
100
AcDbArc
 50
169.8089998582924
 51
349.8089998582924
  0
LINE
  5
2C9
330
17
100
AcDbEntity
  8
SLOTS
100
AcDbLine
 10
33.218024822563926
 20
10.203779596432955
 30
0.0
 11
32.42866460094034
 21
10.528493401482802
 31
0.0
  0
LINE
  5
2CA
330
17
100
AcDbEntity
  8
SLOTS
100
AcDbLine
 10
32.523772689679106
 20
10.759695588878287
 30
0.0
 11
33.313132911302695
 21
10.43498178382844
 31
0.0
  0
ARC
  5
2CB
330
17
100
AcDbEntity
  8
SLOTS
100
AcDbCircle
 10
32.47621864530972
 20
10.644094495180545
 30
0.0
 40
0.125
100
AcDbArc
 50
67.63953371420595
 51
247.63953371420595
  0
ARC
  5
2CC
330
17
100
AcDbEntity
  8
SLOTS
100
AcDbCircle
 10
33.26557886693331
 20
10.319380690130698
 30
0.0
 40
0.125
100
AcDbArc
 50
247.63953371420595
 51
427.639533714206
  0
LINE
  5
2CD
330
17
100
AcDbEntity
  8
SLOTS
100
AcDbLine
 10
33.19753159406828
 20
9.401231271540617
 30
0.0
 11
31.57322878459201
 21
10.069409793044203
 31
0.0
  0
LINE
  5
2CE
330
17
100
AcDbEntity
  8
SLOTS
100
AcDbLine
 10
31.668336873330787
 20
10.300611980439689
 30
0.0
 11
33.29263968280705
 21
9.632433458936102
 31
0.0
  0
ARC
  5
2CF
330
17
100
AcDbEntity
  8
SLOTS
100
AcDbCircle
 10
31.6207828289614
 20
10.185010886741946
 30
0.0
 40
0.125
100
AcDbArc
 50
67.63953371420598
 51
247.63953371420598
  0
ARC
  5
2D0
330
17
100
AcDbEntity
  8
SLOTS
100
AcDbCircle
 10
33.245085638437665
 20
9.51683236523836
 30
0.0
 40
0.125
100
AcDbArc
 50
247.63953371420598
 51
427.639533714206
  0
LINE
  5
2D1
330
17
100
AcDbEntity
  8
SLOTS
100
AcDbLine
 10
32.98216784808766
 20
8.678845520706574
 30
0.0
 11
31.46499164638407
 21
9.30295609011549
 31
0.0
  0
LINE
  5
2D2
330
17
100
AcDbEntity
  8
SLOTS
100
AcDbLine
 10
31.560099735122847
 20
9.534158277510976
 30
0.0
 11
33.07727593682643
 21
8.91004770810206
 31
0.0
  0
ARC
  5
2D3
330
17
100
AcDbEntity
  8
SLOTS
100
AcDbCircle
 10
31.51254569075346
 20
9.418557183813233
 30
0.0
 40
0.125
100
AcDbArc
 50
67.6395337142059
 51
247.6395337142059
  0
ARC
  5
2D4
330
17
100
AcDbEntity
  8
SLOTS
100
AcDbCircle
 10
33.02972189245705
 20
8.794446614404317
 30
0.0
 40
0.125
100
AcDbArc
 50
247.6395337142059
 51
427.63953371420587
  0
LINE
  5
2D5
330
17
100
AcDbEntity
  8
SLOTS
100
AcDbLine
 10
32.76680410210705
 20
7.956459769872533
 30
0.0
 11
31.356754508176127
 21
8.53650238718678
 31
0.0
  0
LINE
  5
2D6
330
17
100
AcDbEntity
  8
SLOTS
100
AcDbLine
 10
31.451862596914903
 20
8.767704574582265
 30
0.0
 11
32.86191219084582
 21
8.187661957268018
 31
0.0
  0
ARC
  5
2D7
330
17
100
AcDbEntity
  8
SLOTS
100
AcDbCircle
 10
31.404308552545515
 20
8.652103480884522
 30
0.0
 40
0.125
100
AcDbArc
 50
67.63953371420595
 51
247.63953371420595
  0
ARC
  5
2D8
330
17
100
AcDbEntity
  8
SLOTS
100
AcDbCircle
 10
32.81435814647644
 20
8.072060863570275
 30
0.0
 40
0.125
100
AcDbArc
 50
247.63953371420595
 51
427.639533714206
  0
LINE
  5
2D9
330
17
100
AcDbEntity
  8
SLOTS
100
AcDbLine
 10
32.341689364078164
 20
7.320357873830266
 30
0.0
 11
31.248517369968187
 21
7.770048684258065
 31
0.0
  0
LINE
  5
2DA
330
17
100
AcDbEntity
  8
SLOTS
100
AcDbLine
 10
31.343625458706963
 20
8.00125087165355
 30
0.0
 11
32.43679745281693
 21
7.551560061225752
 31
0.0
  0
ARC
  5
2DB
330
17
100
AcDbEntity
  8
SLOTS
100
AcDbCircle
 10
31.296071414337575
 20
7.885649777955808
 30
0.0
 40
0.125
100
AcDbArc
 50
67.63953371420587
 51
247.63953371420587
  0
ARC
  5
2DC
330
17
100
AcDbEntity
  8
SLOTS
100
AcDbCircle
 10
32.38924340844755
 20
7.435958967528009
 30
0.0
 40
0.125
100
AcDbArc
 50
247.63953371420587
 51
427.63953371420587
  0
LINE
  5
2DD
330
17
100
AcDbEntity
  8
SLOTS
100
AcDbLine
 10
34.79711608958424
 20
9.321715204107571
 30
0.0
 11
34.00967941184528
 21
9.342439385872835
 31
0.0
  0
LINE
  5
2DE
330
17
100
AcDbEntity
  8
SLOTS
100
AcDbLine
 10
34.01625676867138
 20
9.59235284764947
 30
0.0
 11
34.80369344641034
 21
9.571628665884207
 31
0.0
  0
ARC
  5
2DF
330
17
100
AcDbEntity
  8
SLOTS
100
AcDbCircle
 10
34.01296809025833
 20
9.467396116761153
 30
0.0
 40
0.125
100
AcDbArc
 50
88.49240689746622
 51
268.49240689746625
  0
ARC
  5
2E0
330
17
100
AcDbEntity
  8
SLOTS
100
AcDbCircle
 10
34.80040476799729
 20
9.446671934995889
 30
0.0
 40
0.125
100
AcDbArc
 50
268.49240689746625
 51
448.49240689746625
  0
LINE
  5
2E1
330
17
100
AcDbEntity
  8
SLOTS
100
AcDbLine
 10
34.87171132158695
 20
8.569492262126053
 30
0.0
 11
33.78774699656448
 21
8.598020617908679
 31
0.0
  0
LINE
  5
2E2
330
17
100
AcDbEntity
  8
SLOTS
100
AcDbLine
 10
33.79432435339058
 20
8.847934079685315
 30
0.0
 11
34.87828867841305
 21
8.819405723902689
 31
0.0
  0
ARC
  5
2E3
330
17
100
AcDbEntity
  8
SLOTS
100
AcDbCircle
 10
33.79103567497753
 20
8.722977348796997
 30
0.0
 40
0.125
100
AcDbArc
 50
88.49240689746628
 51
268.49240689746625
  0
ARC
  5
2E4
330
17
100
AcDbEntity
  8
SLOTS
100
AcDbCircle
 10
34.875
 20
8.69444899301437
 30
0.0
 40
0.125
100
AcDbArc
 50
268.49240689746625
 51
448.49240689746625
  0
LINE
  5
2E5
330
17
100
AcDbEntity
  8
SLOTS
100
AcDbLine
 10
34.87171132158695
 20
7.819232557558472
 30
0.0
 11
33.56581458128368
 21
7.853601849944522
 31
0.0
  0
LINE
  5
2E6
330
17
100
AcDbEntity
  8
SLOTS
100
AcDbLine
 10
33.57239193810978
 20
8.103515311721159
 30
0.0
 11
34.87828867841305
 21
8.069146019335108
 31
0.0
  0
ARC
  5
2E7
330
17
100
AcDbEntity
  8
SLOTS
100
AcDbCircle
 10
33.56910325969673
 20
7.97855858083284
 30
0.0
 40
0.125
100
AcDbArc
 50
88.49240689746622
 51
268.49240689746625
  0
ARC
  5
2E8
330
17
100
AcDbEntity
  8
SLOTS
100
AcDbCircle
 10
34.875
 20
7.94418928844679
 30
0.0
 40
0.125
100
AcDbArc
 50
268.49240689746625
 51
448.49240689746625
  0
LINE
  5
2E9
330
17
100
AcDbEntity
  8
SLOTS
100
AcDbLine
 10
34.87171132158695
 20
7.0689728529908935
 30
0.0
 11
33.34388216600288
 21
7.109183081980366
 31
0.0
  0
LINE
  5
2EA
330
17
100
AcDbEntity
  8
SLOTS
100
AcDbLine
 10
33.35045952282898
 20
7.359096543757002
 30
0.0
 11
34.87828867841305
 21
7.318886314767529
 31
0.0
  0
ARC
  5
2EB
330
17
100
AcDbEntity
  8
SLOTS
100
AcDbCircle
 10
33.34717084441593
 20
7.234139812868684
 30
0.0
 40
0.125
100
AcDbArc
 50
88.49240689746625
 51
268.49240689746625
  0
ARC
  5
2EC
330
17
100
AcDbEntity
  8
SLOTS
100
AcDbCircle
 10
34.875
 20
7.193929583879211
 30
0.0
 40
0.125
100
AcDbArc
 50
268.49240689746625
 51
448.49240689746625
  0
LINE
  5
2ED
330
17
100
AcDbEntity
  8
SLOTS
100
AcDbLine
 10
34.00358387260179
 20
6.34156099328094
 30
0.0
 11
33.8508504176995
 21
6.345580714447752
 31
0.0
  0
LINE
  5
2EE
330
17
100
AcDbEntity
  8
SLOTS
100
AcDbLine
 10
33.8574277745256
 20
6.5954941762243875
 30
0.0
 11
34.01016122942789
 21
6.5914744550575755
 31
0.0
  0
ARC
  5
2EF
330
17
100
AcDbEntity
  8
SLOTS
100
AcDbCircle
 10
33.85413909611255
 20
6.47053744533607
 30
0.0
 40
0.125
100
AcDbArc
 50
88.4924068974664
 51
268.49240689746637
  0
ARC
  5
2F0
330
17
100
AcDbEntity
  8
SLOTS
100
AcDbCircle
 10
34.00687255101484
 20
6.4665177241692575
 30
0.0
 40
0.125
100
AcDbArc
 50
268.49240689746637
 51
448.49240689746637
  0
LINE
  5
2F1
330
17
100
AcDbEntity
  8
SLOTS
100
AcDbLine
 10
29.87145721900498
 20
7.375601217885956
 30
0.0
 11
30.23660123185076
 21
10.798220432605298
 31
0.0
  0
LINE
  5
2F2
330
17
100
AcDbEntity
  8
SLOTS
100
AcDbLine
 10
30.485190536868192
 20
10.771699545912956
 30
0.0
 11
30.120046524022413
 21
7.349080331193612
 31
0.0
  0
ARC
  5
2F3
330
17
100
AcDbEntity
  8
SLOTS
100
AcDbCircle
 10
30.360895884359476
 20
10.784959989259127
 30
0.0
 40
0.125
100
AcDbArc
 50
-6.08959790727387
 51
173.91040209272614
  0
ARC
  5
2F4
330
17
100
AcDbEntity
  8
SLOTS
100
AcDbCircle
 10
29.995751871513697
 20
7.362340774539784
 30
0.0
 40
0.125
100
AcDbArc
 50
173.91040209272614
 51
353.91040209272614
  0
LINE
  5
2F5
330
17
100
AcDbEntity
  8
SLOTS
100
AcDbLine
 10
29.08985439447493
 20
7.119271064657957
 30
0.0
 11
29.507594319894583
 21
11.034889684154818
 31
0.0
  0
LINE
  5
2F6
330
17
100
AcDbEntity
  8
SLOTS
100
AcDbLine
 10
29.756183624912016
 20
11.008368797462476
 30
0.0
 11
29.338443699492363
 21
7.092750177965613
 31
0.0
  0
ARC
  5
2F7
330
17
100
AcDbEntity
  8
SLOTS
100
AcDbCircle
 10
29.6318889724033
 20
11.021629240808647
 30
0.0
 40
0.125
100
AcDbArc
 50
-6.0895979072738555
 51
173.91040209272614
  0
ARC
  5
2F8
330
17
100
AcDbEntity
  8
SLOTS
100
AcDbCircle
 10
29.214149046983646
 20
7.106010621311785
 30
0.0
 40
0.125
100
AcDbArc
 50
173.91040209272614
 51
353.91040209272614
  0
LINE
  5
2F9
330
17
100
AcDbEntity
  8
SLOTS
100
AcDbLine
 10
28.313165943083092
 20
6.909005004881935
 30
0.0
 11
28.74203370134897
 21
10.92892859222104
 31
0.0
  0
LINE
  5
2FA
330
17
100
AcDbEntity
  8
SLOTS
100
AcDbLine
 10
28.990623006366402
 20
10.902407705528697
 30
0.0
 11
28.561755248100525
 21
6.882484118189591
 31
0.0
  0
ARC
  5
2FB
330
17
100
AcDbEntity
  8
SLOTS
100
AcDbCircle
 10
28.866328353857686
 20
10.915668148874868
 30
0.0
 40
0.125
100
AcDbArc
 50
-6.089597907273884
 51
173.91040209272612
  0
ARC
  5
2FC
330
17
100
AcDbEntity
  8
SLOTS
100
AcDbCircle
 10
28.43746059559181
 20
6.895744561535763
 30
0.0
 40
0.125
100
AcDbArc
 50
173.91040209272612
 51
353.91040209272614
  0
LINE
  5
2FD
330
17
100
AcDbEntity
  8
SLOTS
100
AcDbLine
 10
33.25153547705457
 20
4.517060011733015
 30
0.0
 11
33.32432103035325
 21
5.119581479855547
 31
0.0
  0
LINE
  5
2FE
330
17
100
AcDbEntity
  8
SLOTS
100
AcDbLine
 10
33.57251662717059
 20
5.089599056329727
 30
0.0
 11
33.49973107387191
 21
4.487077588207196
 31
0.0
  0
ARC
  5
2FF
330
17
100
AcDbEntity
  8
SLOTS
100
AcDbCircle
 10
33.44841882876192
 20
5.104590268092637
 30
0.0
 40
0.125
100
AcDbArc
 50
-6.888045045245633
 51
173.11195495475437
  0
ARC
  5
300
330
17
100
AcDbEntity
  8
SLOTS
100
AcDbCircle
 10
33.37563327546324
 20
4.502068799970106
 30
0.0
 40
0.125
100
AcDbArc
 50
173.11195495475437
 51
353.11195495475437
  0
LINE
  5
301
330
17
100
AcDbEntity
  8
SLOTS
100
AcDbLine
 10
32.467017469180256
 20
4.276455206317356
 30
0.0
 11
32.73339044253192
 21
6.4815004068860915
 31
0.0
  0
LINE
  5
302
330
17
100
AcDbEntity
  8
SLOTS
100
AcDbLine
 10
32.98158603934926
 20
6.451517983360272
 30
0.0
 11
32.715213065997595
 21
4.246472782791537
 31
0.0
  0
ARC
  5
303
330
17
100
AcDbEntity
  8
SLOTS
100
AcDbCircle
 10
32.85748824094059
 20
6.466509195123182
 30
0.0
 40
0.125
100
AcDbArc
 50
-6.888045045245633
 51
173.11195495475437
  0
ARC
  5
304
330
17
100
AcDbEntity
  8
SLOTS
100
AcDbCircle
 10
32.591115267588926
 20
4.261463994554447
 30
0.0
 40
0.125
100
AcDbArc
 50
173.11195495475437
 51
353.11195495475437
  0
LINE
  5
305
330
17
100
AcDbEntity
  8
SLOTS
100
AcDbLine
 10
31.68249946130594
 20
4.035850400901698
 30
0.0
 11
32.00745493721388
 21
6.725843696893251
 31
0.0
  0
LINE
  5
306
330
17
100
AcDbEntity
  8
SLOTS
100
AcDbLine
 10
32.25565053403122
 20
6.695861273367432
 30
0.0
 11
31.930695058123288
 21
4.005867977375879
 31
0.0
  0
ARC
  5
307
330
17
100
AcDbEntity
  8
SLOTS
100
AcDbCircle
 10
32.13155273562255
 20
6.710852485130341
 30
0.0
 40
0.125
100
AcDbArc
 50
-6.888045045245704
 51
173.1119549547543
  0
ARC
  5
308
330
17
100
AcDbEntity
  8
SLOTS
100
AcDbCircle
 10
31.806597259714614
 20
4.020859189138789
 30
0.0
 40
0.125
100
AcDbArc
 50
173.1119549547543
 51
353.1119549547543
  0
LINE
  5
309
330
17
100
AcDbEntity
  8
SLOTS
100
AcDbLine
 10
30.89798145343163
 20
3.7952455954860405
 30
0.0
 11
31.262458056040753
 21
6.812396221506247
 31
0.0
  0
LINE
  5
30A
330
17
100
AcDbEntity
  8
SLOTS
100
AcDbLine
 10
31.5106536528581
 20
6.7824137979804275
 30
0.0
 11
31.146177050248976
 21
3.765263171960221
 31
0.0
  0
ARC
  5
30B
330
17
100
AcDbEntity
  8
SLOTS
100
AcDbCircle
 10
31.386555854449426
 20
6.797405009743337
 30
0.0
 40
0.125
100
AcDbArc
 50
-6.888045045245704
 51
173.1119549547543
  0
ARC
  5
30C
330
17
100
AcDbEntity
  8
SLOTS
100
AcDbCircle
 10
31.022079251840303
 20
3.780254383723131
 30
0.0
 40
0.125
100
AcDbArc
 50
173.1119549547543
 51
353.1119549547543
  0
LINE
  5
30D
330
17
100
AcDbEntity
  8
SLOTS
100
AcDbLine
 10
30.113463445557322
 20
3.5546407900703825
 30
0.0
 11
30.50499282413248
 21
6.795735283425867
 31
0.0
  0
LINE
  5
30E
330
17
100
AcDbEntity
  8
SLOTS
100
AcDbLine
 10
30.753188420949826
 20
6.765752859900048
 30
0.0
 11
30.36165904237467
 21
3.524658366544563
 31
0.0
  0
ARC
  5
30F
330
17
100
AcDbEntity
  8
SLOTS
100
AcDbCircle
 10
30.629090622541153
 20
6.780744071662958
 30
0.0
 40
0.125
100
AcDbArc
 50
-6.888045045245661
 51
173.11195495475434
  0
ARC
  5
310
330
17
100
AcDbEntity
  8
SLOTS
100
AcDbCircle
 10
30.237561243965995
 20
3.539649578307473
 30
0.0
 40
0.125
100
AcDbArc
 50
173.11195495475434
 51
353.1119549547543
  0
LINE
  5
311
330
17
100
AcDbEntity
  8
SLOTS
100
AcDbLine
 10
29.441974452283727
 20
4.249694295009215
 30
0.0
 11
29.71837654919544
 21
6.53776094664237
 31
0.0
  0
LINE
  5
312
330
17
100
AcDbEntity
  8
SLOTS
100
AcDbLine
 10
29.966572146012787
 20
6.507778523116551
 30
0.0
 11
29.690170049101074
 21
4.219711871483396
 31
0.0
  0
ARC
  5
313
330
17
100
AcDbEntity
  8
SLOTS
100
AcDbCircle
 10
29.842474347604114
 20
6.522769734879461
 30
0.0
 40
0.125
100
AcDbArc
 50
-6.888045045245619
 51
173.11195495475437
  0
ARC
  5
314
330
17
100
AcDbEntity
  8
SLOTS
100
AcDbCircle
 10
29.5660722506924
 20
4.2347030832463055
 30
0.0
 40
0.125
100
AcDbArc
 50
173.11195495475437
 51
353.11195495475437
  0
LINE
  5
315
330
17
100
AcDbEntity
  8
SLOTS
100
AcDbLine
 10
28.8874150747165
 20
5.912695428693745
 30
0.0
 11
28.9317602742584
 21
6.279786609858872
 31
0.0
  0
LINE
  5
316
330
17
100
AcDbEntity
  8
SLOTS
100
AcDbLine
 10
29.179955871075748
 20
6.249804186333053
 30
0.0
 11
29.135610671533847
 21
5.8827130051679255
 31
0.0
  0
ARC
  5
317
330
17
100
AcDbEntity
  8
SLOTS
100
AcDbCircle
 10
29.055858072667075
 20
6.264795398095963
 30
0.0
 40
0.125
100
AcDbArc
 50
-6.888045045245789
 51
173.1119549547542
  0
ARC
  5
318
330
17
100
AcDbEntity
  8
SLOTS
100
AcDbCircle
 10
29.011512873125174
 20
5.897704216930835
 30
0.0
 40
0.125
100
AcDbArc
 50
173.1119549547542
 51
353.1119549547542
  0
LINE
  5
319
330
17
100
AcDbEntity
  8
SLOTS
100
AcDbLine
 10
8.440494637217943
 20
9.370239653982807
 30
0.0
 11
9.106404029186223
 21
12.721407578954521
 31
0.0
  0
LINE
  5
31A
330
17
100
AcDbEntity
  8
SLOTS
100
AcDbLine
 10
9.351609855928562
 20
12.672682815931955
 30
0.0
 11
8.685700463960282
 21
9.321514890960241
 31
0.0
  0
ARC
  5
31B
330
17
100
AcDbEntity
  8
SLOTS
100
AcDbCircle
 10
9.229006942557392
 20
12.697045197443238
 30
0.0
 40
0.125
100
AcDbArc
 50
-11.238826558432095
 51
168.7611734415679
  0
ARC
  5
31C
330
17
100
AcDbEntity
  8
SLOTS
100
AcDbCircle
 10
8.563097550589113
 20
9.345877272471524
 30
0.0
 40
0.125
100
AcDbArc
 50
168.7611734415679
 51
348.7611734415679
  0
LINE
  5
31D
330
17
100
AcDbEntity
  8
SLOTS
100
AcDbLine
 10
7.718586581380855
 20
9.585406187099766
 30
0.0
 11
8.30543684517678
 21
12.538711553436707
 31
0.0
  0
LINE
  5
31E
330
17
100
AcDbEntity
  8
SLOTS
100
AcDbLine
 10
8.55064267191912
 20
12.489986790414141
 30
0.0
 11
7.963792408123195
 21
9.5366814240772
 31
0.0
  0
ARC
  5
31F
330
17
100
AcDbEntity
  8
SLOTS
100
AcDbCircle
 10
8.42803975854795
 20
12.514349171925424
 30
0.0
 40
0.125
100
AcDbArc
 50
-11.238826558432109
 51
168.7611734415679
  0
ARC
  5
320
330
17
100
AcDbEntity
  8
SLOTS
100
AcDbCircle
 10
7.841189494752025
 20
9.561043805588483
 30
0.0
 40
0.125
100
AcDbArc
 50
168.7611734415679
 51
348.7611734415679
  0
LINE
  5
321
330
17
100
AcDbEntity
  8
SLOTS
100
AcDbLine
 10
6.996678525543766
 20
9.800572720216724
 30
0.0
 11
7.486690595853533
 21
12.266542944810428
 31
0.0
  0
LINE
  5
322
330
17
100
AcDbEntity
  8
SLOTS
100
AcDbLine
 10
7.731896422595874
 20
12.217818181787862
 30
0.0
 11
7.241884352286107
 21
9.751847957194158
 31
0.0
  0
ARC
  5
323
330
17
100
AcDbEntity
  8
SLOTS
100
AcDbCircle
 10
7.609293509224703
 20
12.242180563299145
 30
0.0
 40
0.125
100
AcDbArc
 50
-11.238826558432095
 51
168.7611734415679
  0
ARC
  5
324
330
17
100
AcDbEntity
  8
SLOTS
100
AcDbCircle
 10
7.119281438914936
 20
9.776210338705441
 30
0.0
 40
0.125
100
AcDbArc
 50
168.7611734415679
 51
348.7611734415679
  0
LINE
  5
325
330
17
100
AcDbEntity
  8
SLOTS
100
AcDbLine
 10
8.490317794332
 20
14.825317201517391
 30
0.0
 11
4.34894530242665
 21
15.899646431584046
 31
0.0
  0
LINE
  5
326
330
17
100
AcDbEntity
  8
SLOTS
100
AcDbLine
 10
4.411720886436848
 20
16.14163656785447
 30
0.0
 11
8.553093378342197
 21
15.067307337787815
 31
0.0
  0
ARC
  5
327
330
17
100
AcDbEntity
  8
SLOTS
100
AcDbCircle
 10
4.380333094431749
 20
16.020641499719257
 30
0.0
 40
0.125
100
AcDbArc
 50
75.45724766558408
 51
255.45724766558408
  0
ARC
  5
328
330
17
100
AcDbEntity
  8
SLOTS
100
AcDbCircle
 10
8.521705586337099
 20
14.946312269652603
 30
0.0
 40
0.125
100
AcDbArc
 50
255.45724766558408
 51
435.4572476655841
  0
LINE
  5
329
330
17
100
AcDbEntity
  8
SLOTS
100
AcDbLine
 10
8.738455244662054
 20
13.98612194964013
 30
0.0
 11
4.992767268172835
 21
14.957805150732769
 31
0.0
  0
LINE
  5
32A
330
17
100
AcDbEntity
  8
SLOTS
100
AcDbLine
 10
5.0555428521830335
 20
15.199795287003193
 30
0.0
 11
8.801230828672251
 21
14.228112085910555
 31
0.0
  0
ARC
  5
32B
330
17
100
AcDbEntity
  8
SLOTS
100
AcDbCircle
 10
5.024155060177934
 20
15.07880021886798
 30
0.0
 40
0.125
100
AcDbArc
 50
75.45724766558408
 51
255.45724766558408
  0
ARC
  5
32C
330
17
100
AcDbEntity
  8
SLOTS
100
AcDbCircle
 10
8.769843036667153
 20
14.107117017775343
 30
0.0
 40
0.125
100
AcDbArc
 50
255.45724766558408
 51
435.4572476655841
  0
LINE
  5
32D
330
17
100
AcDbEntity
  8
SLOTS
100
AcDbLine
 10
8.593088500918793
 20
13.249007121263315
 30
0.0
 11
5.636589233919019
 21
14.015963869881494
 31
0.0
  0
LINE
  5
32E
330
17
100
AcDbEntity
  8
SLOTS
100
AcDbLine
 10
5.699364817929218
 20
14.257954006151918
 30
0.0
 11
8.65586408492899
 21
13.490997257533738
 31
0.0
  0
ARC
  5
32F
330
17
100
AcDbEntity
  8
SLOTS
100
AcDbCircle
 10
5.6679770259241185
 20
14.136958938016706
 30
0.0
 40
0.125
100
AcDbArc
 50
75.45724766558408
 51
255.45724766558408
  0
ARC
  5
330
330
17
100
AcDbEntity
  8
SLOTS
100
AcDbCircle
 10
8.624476292923891
 20
13.370002189398527
 30
0.0
 40
0.125
100
AcDbArc
 50
255.45724766558408
 51
435.4572476655841
  0
LINE
  5
331
330
17
100
AcDbEntity
  8
SLOTS
100
AcDbLine
 10
7.2838976695310835
 20
12.81380433737319
 30
0.0
 11
6.280411199665203
 21
13.07412258903022
 31
0.0
  0
LINE
  5
332
330
17
100
AcDbEntity
  8
SLOTS
100
AcDbLine
 10
6.343186783675401
 20
13.316112725300643
 30
0.0
 11
7.346673253541282
 21
13.055794473643614
 31
0.0
  0
ARC
  5
333
330
17
100
AcDbEntity
  8
SLOTS
100
AcDbCircle
 10
6.311798991670302
 20
13.195117657165431
 30
0.0
 40
0.125
100
AcDbArc
 50
75.4572476655841
 51
255.4572476655841
  0
ARC
  5
334
330
17
100
AcDbEntity
  8
SLOTS
100
AcDbCircle
 10
7.315285461536183
 20
12.934799405508402
 30
0.0
 40
0.125
100
AcDbArc
 50
255.4572476655841
 51
435.4572476655841
  0
LINE
  5
335
330
17
100
AcDbEntity
  8
SLOTS
100
AcDbLine
 10
3.8892925917423526
 20
10.541116855092195
 30
0.0
 11
4.533719423325905
 21
9.490663410210118
 31
0.0
  0
LINE
  5
336
330
17
100
AcDbEntity
  8
SLOTS
100
AcDbLine
 10
4.320623405471724
 20
9.359934350033388
 30
0.0
 11
3.676196573888172
 21
10.410387794915465
 31
0.0
  0
ARC
  5
337
330
17
100
AcDbEntity
  8
SLOTS
100
AcDbCircle
 10
4.427171414398814
 20
9.425298880121753
 30
0.0
 40
0.125
100
AcDbArc
 50
-148.47192876147375
 51
31.528071238526266
  0
ARC
  5
338
330
17
100
AcDbEntity
  8
SLOTS
100
AcDbCircle
 10
3.7827445828152624
 20
10.47575232500383
 30
0.0
 40
0.125
100
AcDbArc
 50
31.528071238526266
 51
211.52807123852625
  0
LINE
  5
339
330
17
100
AcDbEntity
  8
SLOTS
100
AcDbLine
 10
2.8586565670098234
 20
13.65537800083274
 30
0.0
 11
5.304315260575224
 21
9.66881121970005
 31
0.0
  0
LINE
  5
33A
330
17
100
AcDbEntity
  8
SLOTS
100
AcDbLine
 10
5.091219242721044
 20
9.53808215952332
 30
0.0
 11
2.645560549155643
 21
13.52464894065601
 31
0.0
  0
ARC
  5
33B
330
17
100
AcDbEntity
  8
SLOTS
100
AcDbCircle
 10
5.197767251648134
 20
9.603446689611685
 30
0.0
 40
0.125
100
AcDbArc
 50
-148.47192876147378
 51
31.528071238526223
  0
ARC
  5
33C
330
17
100
AcDbEntity
  8
SLOTS
100
AcDbCircle
 10
2.752108558082733
 20
13.590013470744376
 30
0.0
 40
0.125
100
AcDbArc
 50
31.528071238526223
 51
211.52807123852622
  0
LINE
  5
33D
330
17
100
AcDbEntity
  8
SLOTS
100
AcDbLine
 10
3.2237717104703836
 20
14.494483068382394
 30
0.0
 11
6.074911097824543
 21
9.846959029189984
 31
0.0
  0
LINE
  5
33E
330
17
100
AcDbEntity
  8
SLOTS
100
AcDbLine
 10
5.861815079970363
 20
9.716229969013254
 30
0.0
 11
3.010675692616203
 21
14.363754008205664
 31
0.0
  0
ARC
  5
33F
330
17
100
AcDbEntity
  8
SLOTS
100
AcDbCircle
 10
5.968363088897453
 20
9.781594499101619
 30
0.0
 40
0.125
100
AcDbArc
 50
-148.47192876147378
 51
31.528071238526223
  0
ARC
  5
340
330
17
100
AcDbEntity
  8
SLOTS
100
AcDbCircle
 10
3.1172237015432933
 20
14.429118538294029
 30
0.0
 40
0.125
100
AcDbArc
 50
31.528071238526223
 51
211.52807123852622
  0
LINE
  5
341
330
17
100
AcDbEntity
  8
SLOTS
100
AcDbLine
 10
3.605137009689825
 20
15.307099431147918
 30
0.0
 11
6.2752418123649445
 21
10.95467235843593
 31
0.0
  0
LINE
  5
342
330
17
100
AcDbEntity
  8
SLOTS
100
AcDbLine
 10
6.062145794510764
 20
10.8239432982592
 30
0.0
 11
3.3920409918356444
 21
15.176370370971188
 31
0.0
  0
ARC
  5
343
330
17
100
AcDbEntity
  8
SLOTS
100
AcDbCircle
 10
6.168693803437854
 20
10.889307828347565
 30
0.0
 40
0.125
100
AcDbArc
 50
-148.47192876147375
 51
31.528071238526238
  0
ARC
  5
344
330
17
100
AcDbEntity
  8
SLOTS
100
AcDbCircle
 10
3.4985890007627347
 20
15.241734901059553
 30
0.0
 40
0.125
100
AcDbArc
 50
31.528071238526238
 51
211.52807123852625
  0
LINE
  5
345
330
17
100
AcDbEntity
  8
SLOTS
100
AcDbLine
 10
2.0095630975682863
 20
17.271297713165442
 30
0.0
 11
1.1684151523534536
 21
16.959754436662337
 31
0.0
  0
LINE
  5
346
330
17
100
AcDbEntity
  8
SLOTS
100
AcDbLine
 10
1.0815848476465464
 20
17.194190991372786
 30
0.0
 11
1.9227327928613789
 21
17.50573426787589
 31
0.0
  0
ARC
  5
347
330
17
100
AcDbEntity
  8
SLOTS
100
AcDbCircle
 10
1.125
 20
17.07697271401756
 30
0.0
 40
0.125
100
AcDbArc
 50
-249.67644384512394
 51
-69.67644384512394
  0
ARC
  5
348
330
17
100
AcDbEntity
  8
SLOTS
100
AcDbCircle
 10
1.9661479452148325
 20
17.388515990520666
 30
0.0
 40
0.125
100
AcDbArc
 50
-69.67644384512394
 51
110.32355615487606
  0
LINE
  5
349
330
17
100
AcDbEntity
  8
SLOTS
100
AcDbLine
 10
2.952114783611155
 20
16.82060882623232
 30
0.0
 11
1.1684151523534536
 21
16.15996448824077
 31
0.0
  0
LINE
  5
34A
330
17
100
AcDbEntity
  8
SLOTS
100
AcDbLine
 10
1.0815848476465464
 20
16.39440104295122
 30
0.0
 11
2.8652844789042473
 21
17.05504538094277
 31
0.0
  0
ARC
  5
34B
330
17
100
AcDbEntity
  8
SLOTS
100
AcDbCircle
 10
1.125
 20
16.277182765595995
 30
0.0
 40
0.125
100
AcDbArc
 50
-249.67644384512394
 51
-69.67644384512394
  0
ARC
  5
34C
330
17
100
AcDbEntity
  8
SLOTS
100
AcDbCircle
 10
2.908699631257701
 20
16.937827103587544
 30
0.0
 40
0.125
100
AcDbArc
 50
-69.67644384512394
 51
110.32355615487606
  0
LINE
  5
34D
330
17
100
AcDbEntity
  8
SLOTS
100
AcDbLine
 10
3.172457733131138
 20
16.10242921144865
 30
0.0
 11
1.1684151523534536
 21
15.360174539819207
 31
0.0
  0
LINE
  5
34E
330
17
100
AcDbEntity
  8
SLOTS
100
AcDbLine
 10
1.0815848476465464
 20
15.594611094529656
 30
0.0
 11
3.0856274284242313
 21
16.3368657661591
 31
0.0
  0
ARC
  5
34F
330
17
100
AcDbEntity
  8
SLOTS
100
AcDbCircle
 10
1.125
 20
15.477392817174431
 30
0.0
 40
0.125
100
AcDbArc
 50
-249.67644384512397
 51
-69.67644384512397
  0
ARC
  5
350
330
17
100
AcDbEntity
  8
SLOTS
100
AcDbCircle
 10
3.1290425807776847
 20
16.219647488803876
 30
0.0
 40
0.125
100
AcDbArc
 50
-69.67644384512397
 51
110.32355615487603
  0
LINE
  5
351
330
17
100
AcDbEntity
  8
SLOTS
100
AcDbLine
 10
2.7181425341969474
 20
15.134370593471022
 30
0.0
 11
1.1684151523534536
 21
14.560384591397643
 31
0.0
  0
LINE
  5
352
330
17
100
AcDbEntity
  8
SLOTS
100
AcDbLine
 10
1.0815848476465464
 20
14.794821146108092
 30
0.0
 11
2.6313122294900406
 21
15.368807148181471
 31
0.0
  0
ARC
  5
353
330
17
100
AcDbEntity
  8
SLOTS
100
AcDbCircle
 10
1.125
 20
14.677602868752867
 30
0.0
 40
0.125
100
AcDbArc
 50
-249.676443845124
 51
-69.676443845124
  0
ARC
  5
354
330
17
100
AcDbEntity
  8
SLOTS
100
AcDbCircle
 10
2.674727381843494
 20
15.251588870826247
 30
0.0
 40
0.125
100
AcDbArc
 50
-69.676443845124
 51
110.323556154876
  0
LINE
  5
355
330
17
100
AcDbEntity
  8
SLOTS
100
AcDbLine
 10
2.263827335262755
 20
14.166311975493391
 30
0.0
 11
1.1684151523534536
 21
13.760594642976077
 31
0.0
  0
LINE
  5
356
330
17
100
AcDbEntity
  8
SLOTS
100
AcDbLine
 10
1.0815848476465464
 20
13.995031197686526
 30
0.0
 11
2.1769970305558473
 21
14.40074853020384
 31
0.0
  0
ARC
  5
357
330
17
100
AcDbEntity
  8
SLOTS
100
AcDbCircle
 10
1.125
 20
13.877812920331301
 30
0.0
 40
0.125
100
AcDbArc
 50
-249.67644384512397
 51
-69.67644384512397
  0
ARC
  5
358
330
17
100
AcDbEntity
  8
SLOTS
100
AcDbCircle
 10
2.220412182909301
 20
14.283530252848616
 30
0.0
 40
0.125
100
AcDbArc
 50
-69.67644384512397
 51
110.32355615487603
  0
LINE
  5
359
330
17
100
AcDbEntity
  8
SLOTS
100
AcDbLine
 10
6.5874718472033695
 20
29.36488204182812
 30
0.0
 11
6.250390549387645
 21
28.945248098115734
 31
0.0
  0
LINE
  5
35A
330
17
100
AcDbEntity
  8
SLOTS
100
AcDbLine
 10
6.055485072454323
 20
29.10181072156525
 30
0.0
 11
6.392566370270048
 21
29.521444665277638
 31
0.0
  0
ARC
  5
35B
330
17
100
AcDbEntity
  8
SLOTS
100
AcDbCircle
 10
6.152937810920984
 20
29.023529409840492
 30
0.0
 40
0.125
100
AcDbArc
 50
-218.77402934431962
 51
-38.774029344319615
  0
ARC
  5
35C
330
17
100
AcDbEntity
  8
SLOTS
100
AcDbCircle
 10
6.490019108736709
 20
29.44316335355288
 30
0.0
 40
0.125
100
AcDbArc
 50
-38.774029344319615
 51
141.22597065568038
  0
LINE
  5
35D
330
17
100
AcDbEntity
  8
SLOTS
100
AcDbLine
 10
7.248886942800369
 20
28.990676666043395
 30
0.0
 11
6.384940953933503
 21
27.91514662384896
 31
0.0
  0
LINE
  5
35E
330
17
100
AcDbEntity
  8
SLOTS
100
AcDbLine
 10
6.1900354770001815
 20
28.071709247298475
 30
0.0
 11
7.053981465867047
 21
29.147239289492912
 31
0.0
  0
ARC
  5
35F
330
17
100
AcDbEntity
  8
SLOTS
100
AcDbCircle
 10
6.287488215466842
 20
27.993427935573717
 30
0.0
 40
0.125
100
AcDbArc
 50
-218.7740293443196
 51
-38.77402934431959
  0
ARC
  5
360
330
17
100
AcDbEntity
  8
SLOTS
100
AcDbCircle
 10
7.151434204333708
 20
29.068957977768154
 30
0.0
 40
0.125
100
AcDbArc
 50
-38.77402934431959
 51
141.2259706556804
  0
LINE
  5
361
330
17
100
AcDbEntity
  8
SLOTS
100
AcDbLine
 10
7.612193598678022
 20
28.24535482362585
 30
0.0
 11
6.51949135847936
 21
26.88504514958218
 31
0.0
  0
LINE
  5
362
330
17
100
AcDbEntity
  8
SLOTS
100
AcDbLine
 10
6.324585881546039
 20
27.041607773031696
 30
0.0
 11
7.417288121744701
 21
28.401917447075366
 31
0.0
  0
ARC
  5
363
330
17
100
AcDbEntity
  8
SLOTS
100
AcDbCircle
 10
6.4220386200126995
 20
26.963326461306938
 30
0.0
 40
0.125
100
AcDbArc
 50
-218.7740293443196
 51
-38.77402934431959
  0
ARC
  5
364
330
17
100
AcDbEntity
  8
SLOTS
100
AcDbCircle
 10
7.5147408602113615
 20
28.323636135350608
 30
0.0
 40
0.125
100
AcDbArc
 50
-38.77402934431959
 51
141.2259706556804
  0
LINE
  5
365
330
17
100
AcDbEntity
  8
SLOTS
100
AcDbLine
 10
7.975500254555675
 20
27.500032981208307
 30
0.0
 11
6.6540417630252175
 21
25.854943675315404
 31
0.0
  0
LINE
  5
366
330
17
100
AcDbEntity
  8
SLOTS
100
AcDbLine
 10
6.459136286091896
 20
26.01150629876492
 30
0.0
 11
7.780594777622353
 21
27.656595604657824
 31
0.0
  0
ARC
  5
367
330
17
100
AcDbEntity
  8
SLOTS
100
AcDbCircle
 10
6.556589024558557
 20
25.933224987040163
 30
0.0
 40
0.125
100
AcDbArc
 50
-218.7740293443196
 51
-38.77402934431959
  0
ARC
  5
368
330
17
100
AcDbEntity
  8
SLOTS
100
AcDbCircle
 10
7.878047516089014
 20
27.578314292933065
 30
0.0
 40
0.125
100
AcDbArc
 50
-38.77402934431959
 51
141.2259706556804
  0
LINE
  5
369
330
17
100
AcDbEntity
  8
SLOTS
100
AcDbLine
 10
8.338806910433327
 20
26.754711138790764
 30
0.0
 11
6.788592167571076
 21
24.82484220104863
 31
0.0
  0
LINE
  5
36A
330
17
100
AcDbEntity
  8
SLOTS
100
AcDbLine
 10
6.593686690637754
 20
24.981404824498146
 30
0.0
 11
8.143901433500005
 21
26.91127376224028
 31
0.0
  0
ARC
  5
36B
330
17
100
AcDbEntity
  8
SLOTS
100
AcDbCircle
 10
6.691139429104415
 20
24.903123512773387
 30
0.0
 40
0.125
100
AcDbArc
 50
-218.77402934431956
 51
-38.77402934431956
  0
ARC
  5
36C
330
17
100
AcDbEntity
  8
SLOTS
100
AcDbCircle
 10
8.241354171966666
 20
26.832992450515523
 30
0.0
 40
0.125
100
AcDbArc
 50
-38.77402934431956
 51
141.22597065568044
  0
LINE
  5
36D
330
17
100
AcDbEntity
  8
SLOTS
100
AcDbLine
 10
8.245665486215739
 20
25.441155136864836
 30
0.0
 11
6.978921510251433
 21
23.864180164499533
 31
0.0
  0
LINE
  5
36E
330
17
100
AcDbEntity
  8
SLOTS
100
AcDbLine
 10
6.784016033318111
 20
24.02074278794905
 30
0.0
 11
8.050760009282417
 21
25.597717760314353
 31
0.0
  0
ARC
  5
36F
330
17
100
AcDbEntity
  8
SLOTS
100
AcDbCircle
 10
6.881468771784772
 20
23.94246147622429
 30
0.0
 40
0.125
100
AcDbArc
 50
-218.77402934431956
 51
-38.77402934431956
  0
ARC
  5
370
330
17
100
AcDbEntity
  8
SLOTS
100
AcDbCircle
 10
8.148212747749078
 20
25.519436448589595
 30
0.0
 40
0.125
100
AcDbArc
 50
-38.77402934431956
 51
141.22597065568044
  0
LINE
  5
371
330
17
100
AcDbEntity
  8
SLOTS
100
AcDbLine
 10
5.705548462924388
 20
22.35946693525759
 30
0.0
 11
6.185123417670838
 21
23.485243924272815
 31
0.0
  0
LINE
  5
372
330
17
100
AcDbEntity
  8
SLOTS
100
AcDbLine
 10
6.4151237148583435
 20
23.387265032190598
 30
0.0
 11
5.935548760111893
 21
22.261488043175373
 31
0.0
  0
ARC
  5
373
330
17
100
AcDbEntity
  8
SLOTS
100
AcDbCircle
 10
6.300123566264591
 20
23.436254478231707
 30
0.0
 40
0.125
100
AcDbArc
 50
-23.073744277901667
 51
156.92625572209835
  0
ARC
  5
374
330
17
100
AcDbEntity
  8
SLOTS
100
AcDbCircle
 10
5.820548611518141
 20
22.31047748921648
 30
0.0
 40
0.125
100
AcDbArc
 50
156.92625572209835
 51
336.92625572209835
  0
LINE
  5
375
330
17
100
AcDbEntity
  8
SLOTS
100
AcDbLine
 10
2.928330148972348
 20
17.75377046356369
 30
0.0
 11
5.491023235386472
 21
23.769557731100903
 31
0.0
  0
LINE
  5
376
330
17
100
AcDbEntity
  8
SLOTS
100
AcDbLine
 10
5.7210235325739776
 20
23.671578839018686
 30
0.0
 11
3.1583304461598534
 21
17.655791571481473
 31
0.0
  0
ARC
  5
377
330
17
100
AcDbEntity
  8
SLOTS
100
AcDbCircle
 10
5.606023383980225
 20
23.720568285059795
 30
0.0
 40
0.125
100
AcDbArc
 50
-23.07374427790164
 51
156.92625572209835
  0
ARC
  5
378
330
17
100
AcDbEntity
  8
SLOTS
100
AcDbCircle
 10
3.0433302975661007
 20
17.70478101752258
 30
0.0
 40
0.125
100
AcDbArc
 50
156.92625572209835
 51
336.92625572209835
  0
LINE
  5
379
330
17
100
AcDbEntity
  8
SLOTS
100
AcDbLine
 10
2.251067396679303
 20
18.07760925194217
 30
0.0
 11
4.79436009502514
 21
24.047855128610067
 31
0.0
  0
LINE
  5
37A
330
17
100
AcDbEntity
  8
SLOTS
100
AcDbLine
 10
5.024360392212645
 20
23.94987623652785
 30
0.0
 11
2.4810676938668084
 21
17.979630359859954
 31
0.0
  0
ARC
  5
37B
330
17
100
AcDbEntity
  8
SLOTS
100
AcDbCircle
 10
4.909360243618893
 20
23.998865682568958
 30
0.0
 40
0.125
100
AcDbArc
 50
-23.07374427790164
 51
156.92625572209835
  0
ARC
  5
37C
330
17
100
AcDbEntity
  8
SLOTS
100
AcDbCircle
 10
2.3660675452730557
 20
18.028619805901062
 30
0.0
 40
0.125
100
AcDbArc
 50
156.92625572209835
 51
336.92625572209835
  0
LINE
  5
37D
330
17
100
AcDbEntity
  8
SLOTS
100
AcDbLine
 10
1.5738046443862583
 20
18.401448040320652
 30
0.0
 11
4.097696954663808
 21
24.32615252611923
 31
0.0
  0
LINE
  5
37E
330
17
100
AcDbEntity
  8
SLOTS
100
AcDbLine
 10
4.327697251851313
 20
24.228173634037013
 30
0.0
 11
1.803804941573764
 21
18.303469148238435
 31
0.0
  0
ARC
  5
37F
330
17
100
AcDbEntity
  8
SLOTS
100
AcDbCircle
 10
4.21269710325756
 20
24.27716308007812
 30
0.0
 40
0.125
100
AcDbArc
 50
-23.073744277901625
 51
156.92625572209838
  0
ARC
  5
380
330
17
100
AcDbEntity
  8
SLOTS
100
AcDbCircle
 10
1.6888047929800112
 20
18.352458594279543
 30
0.0
 40
0.125
100
AcDbArc
 50
156.92625572209838
 51
336.9262557220984
  0
LINE
  5
381
330
17
100
AcDbEntity
  8
SLOTS
100
AcDbLine
 10
1.0099998514062472
 20
18.991623422282856
 30
0.0
 11
3.4010338143024765
 21
24.604449923628394
 31
0.0
  0
LINE
  5
382
330
17
100
AcDbEntity
  8
SLOTS
100
AcDbLine
 10
3.631034111489982
 20
24.506471031546177
 30
0.0
 11
1.2400001485937528
 21
18.89364453020064
 31
0.0
  0
ARC
  5
383
330
17
100
AcDbEntity
  8
SLOTS
100
AcDbCircle
 10
3.516033962896229
 20
24.555460477587285
 30
0.0
 40
0.125
100
AcDbArc
 50
-23.073744277901625
 51
156.92625572209838
  0
ARC
  5
384
330
17
100
AcDbEntity
  8
SLOTS
100
AcDbCircle
 10
1.125
 20
18.942633976241748
 30
0.0
 40
0.125
100
AcDbArc
 50
156.92625572209838
 51
336.9262557220984
  0
LINE
  5
385
330
17
100
AcDbEntity
  8
SLOTS
100
AcDbLine
 10
1.0099998514062472
 20
20.905300909497754
 30
0.0
 11
2.704370673941145
 21
24.882747321137558
 31
0.0
  0
LINE
  5
386
330
17
100
AcDbEntity
  8
SLOTS
100
AcDbLine
 10
2.9343709711286503
 20
24.78476842905534
 30
0.0
 11
1.2400001485937528
 21
20.807322017415537
 31
0.0
  0
ARC
  5
387
330
17
100
AcDbEntity
  8
SLOTS
100
AcDbCircle
 10
2.8193708225348977
 20
24.83375787509645
 30
0.0
 40
0.125
100
AcDbArc
 50
-23.07374427790164
 51
156.92625572209835
  0
ARC
  5
388
330
17
100
AcDbEntity
  8
SLOTS
100
AcDbCircle
 10
1.125
 20
20.856311463456645
 30
0.0
 40
0.125
100
AcDbArc
 50
156.92625572209835
 51
336.92625572209835
  0
LINE
  5
389
330
17
100
AcDbEntity
  8
SLOTS
100
AcDbLine
 10
1.0099998514062472
 20
22.81897839671265
 30
0.0
 11
2.007707533579812
 21
25.16104471864672
 31
0.0
  0
LINE
  5
38A
330
17
100
AcDbEntity
  8
SLOTS
100
AcDbLine
 10
2.237707830767317
 20
25.063065826564504
 30
0.0
 11
1.2400001485937528
 21
22.720999504630434
 31
0.0
  0
ARC
  5
38B
330
17
100
AcDbEntity
  8
SLOTS
100
AcDbCircle
 10
2.1227076821735644
 20
25.112055272605613
 30
0.0
 40
0.125
100
AcDbArc
 50
-23.073744277901625
 51
156.92625572209838
  0
ARC
  5
38C
330
17
100
AcDbEntity
  8
SLOTS
100
AcDbCircle
 10
1.125
 20
22.769988950671543
 30
0.0
 40
0.125
100
AcDbArc
 50
156.92625572209838
 51
336.9262557220984
  0
LINE
  5
38D
330
17
100
AcDbEntity
  8
SLOTS
100
AcDbLine
 10
8.70554407339869
 20
27.729264041530246
 30
0.0
 11
8.75708731178541
 21
27.72684741447923
 31
0.0
  0
LINE
  5
38E
330
17
100
AcDbEntity
  8
SLOTS
100
AcDbLine
 10
8.745378815530655
 20
27.47712174276034
 30
0.0
 11
8.693835577143934
 21
27.479538369811355
 31
0.0
  0
ARC
  5
38F
330
17
100
AcDbEntity
  8
SLOTS
100
AcDbCircle
 10
8.751233063658033
 20
27.601984578619785
 30
0.0
 40
0.125
100
AcDbArc
 50
-92.68437161661745
 51
87.31562838338255
  0
ARC
  5
390
330
17
100
AcDbEntity
  8
SLOTS
100
AcDbCircle
 10
8.699689825271312
 20
27.6044012056708
 30
0.0
 40
0.125
100
AcDbArc
 50
87.31562838338255
 51
267.31562838338255
  0
LINE
  5
391
330
17
100
AcDbEntity
  8
SLOTS
100
AcDbLine
 10
8.33099541057011
 20
28.49764880668146
 30
0.0
 11
9.281436875081898
 21
28.453086947057656
 31
0.0
  0
LINE
  5
392
330
17
100
AcDbEntity
  8
SLOTS
100
AcDbLine
 10
9.269728378827146
 20
28.203361275338764
 30
0.0
 11
8.319286914315358
 21
28.24792313496257
 31
0.0
  0
ARC
  5
393
330
17
100
AcDbEntity
  8
SLOTS
100
AcDbCircle
 10
9.275582626954522
 20
28.32822411119821
 30
0.0
 40
0.125
100
AcDbArc
 50
-92.68437161661646
 51
87.31562838338354
  0
ARC
  5
394
330
17
100
AcDbEntity
  8
SLOTS
100
AcDbCircle
 10
8.325141162442733
 20
28.372785970822015
 30
0.0
 40
0.125
100
AcDbArc
 50
87.31562838338354
 51
267.3156283833835
  0
LINE
  5
395
330
17
100
AcDbEntity
  8
SLOTS
100
AcDbLine
 10
7.956446747741532
 20
29.266033571832676
 30
0.0
 11
9.805786438378387
 21
29.179326479636078
 31
0.0
  0
LINE
  5
396
330
17
100
AcDbEntity
  8
SLOTS
100
AcDbLine
 10
9.794077942123636
 20
28.929600807917186
 30
0.0
 11
7.944738251486779
 21
29.016307900113784
 31
0.0
  0
ARC
  5
397
330
17
100
AcDbEntity
  8
SLOTS
100
AcDbCircle
 10
9.799932190251011
 20
29.054463643776632
 30
0.0
 40
0.125
100
AcDbArc
 50
-92.68437161661654
 51
87.31562838338346
  0
ARC
  5
398
330
17
100
AcDbEntity
  8
SLOTS
100
AcDbCircle
 10
7.950592499614156
 20
29.14117073597323
 30
0.0
 40
0.125
100
AcDbArc
 50
87.31562838338346
 51
267.31562838338346
  0
LINE
  5
399
330
17
100
AcDbEntity
  8
SLOTS
100
AcDbLine
 10
8.318918069557137
 20
29.999862835859446
 30
0.0
 11
10.330136001674878
 21
29.9055660122145
 31
0.0
  0
LINE
  5
39A
330
17
100
AcDbEntity
  8
SLOTS
100
AcDbLine
 10
10.318427505420127
 20
29.655840340495608
 30
0.0
 11
8.307209573302385
 21
29.750137164140554
 31
0.0
  0
ARC
  5
39B
330
17
100
AcDbEntity
  8
SLOTS
100
AcDbCircle
 10
10.324281753547503
 20
29.780703176355054
 30
0.0
 40
0.125
100
AcDbArc
 50
-92.68437161661653
 51
87.31562838338347
  0
ARC
  5
39C
330
17
100
AcDbEntity
  8
SLOTS
100
AcDbCircle
 10
8.313063821429761
 20
29.875
 30
0.0
 40
0.125
100
AcDbArc
 50
87.31562838338347
 51
267.31562838338346
  0
LINE
  5
39D
330
17
100
AcDbEntity
  8
SLOTS
100
AcDbLine
 10
9.122154761641564
 20
26.78070383123859
 30
0.0
 11
9.484474874003903
 21
26.342434333656055
 31
0.0
  0
LINE
  5
39E
330
17
100
AcDbEntity
  8
SLOTS
100
AcDbLine
 10
9.291793035429636
 20
26.183143062446238
 30
0.0
 11
8.929472923067298
 21
26.621412560028773
 31
0.0
  0
ARC
  5
39F
330
17
100
AcDbEntity
  8
SLOTS
100
AcDbCircle
 10
9.38813395471677
 20
26.262788698051146
 30
0.0
 40
0.125
100
AcDbArc
 50
-140.41924963369556
 51
39.58075036630444
  0
ARC
  5
3A0
330
17
100
AcDbEntity
  8
SLOTS
100
AcDbCircle
 10
9.025813842354431
 20
26.70105819563368
 30
0.0
 40
0.125
100
AcDbArc
 50
39.58075036630444
 51
219.58075036630444
  0
LINE
  5
3A1
330
17
100
AcDbEntity
  8
SLOTS
100
AcDbLine
 10
9.575814975302112
 20
27.409036540141734
 30
0.0
 11
10.14220977210327
 21
26.72391431104737
 31
0.0
  0
LINE
  5
3A2
330
17
100
AcDbEntity
  8
SLOTS
100
AcDbLine
 10
9.949527933529003
 20
26.564623039837553
 30
0.0
 11
9.383133136727846
 21
27.249745268931918
 31
0.0
  0
ARC
  5
3A3
330
17
100
AcDbEntity
  8
SLOTS
100
AcDbCircle
 10
10.045868852816136
 20
26.64426867544246
 30
0.0
 40
0.125
100
AcDbArc
 50
-140.41924963369564
 51
39.580750366304365
  0
ARC
  5
3A4
330
17
100
AcDbEntity
  8
SLOTS
100
AcDbCircle
 10
9.479474056014979
 20
27.329390904536826
 30
0.0
 40
0.125
100
AcDbArc
 50
39.580750366304365
 51
219.58075036630436
  0
LINE
  5
3A5
330
17
100
AcDbEntity
  8
SLOTS
100
AcDbLine
 10
10.029475188962662
 20
28.03736924904488
 30
0.0
 11
10.79994467020264
 21
27.105394288438685
 31
0.0
  0
LINE
  5
3A6
330
17
100
AcDbEntity
  8
SLOTS
100
AcDbLine
 10
10.607262831628374
 20
26.946103017228868
 30
0.0
 11
9.836793350388396
 21
27.878077977835062
 31
0.0
  0
ARC
  5
3A7
330
17
100
AcDbEntity
  8
SLOTS
100
AcDbCircle
 10
10.703603750915507
 20
27.025748652833776
 30
0.0
 40
0.125
100
AcDbArc
 50
-140.4192496336956
 51
39.580750366304386
  0
ARC
  5
3A8
330
17
100
AcDbEntity
  8
SLOTS
100
AcDbCircle
 10
9.933134269675529
 20
27.95772361343997
 30
0.0
 40
0.125
100
AcDbArc
 50
39.580750366304386
 51
219.5807503663044
  0
LINE
  5
3A9
330
17
100
AcDbEntity
  8
SLOTS
100
AcDbLine
 10
10.48313540262321
 20
28.66570195794802
 30
0.0
 11
11.457679568302007
 21
27.486874265829996
 31
0.0
  0
LINE
  5
3AA
330
17
100
AcDbEntity
  8
SLOTS
100
AcDbLine
 10
11.26499772972774
 20
27.32758299462018
 30
0.0
 11
10.290453564048944
 21
28.506410686738203
 31
0.0
  0
ARC
  5
3AB
330
17
100
AcDbEntity
  8
SLOTS
100
AcDbCircle
 10
11.361338649014874
 20
27.407228630225088
 30
0.0
 40
0.125
100
AcDbArc
 50
-140.41924963369564
 51
39.58075036630436
  0
ARC
  5
3AC
330
17
100
AcDbEntity
  8
SLOTS
100
AcDbCircle
 10
10.386794483336077
 20
28.58605632234311
 30
0.0
 40
0.125
100
AcDbArc
 50
39.58075036630436
 51
219.58075036630436
  0
LINE
  5
3AD
330
17
100
AcDbEntity
  8
SLOTS
100
AcDbLine
 10
10.936795616283758
 20
29.294034666851164
 30
0.0
 11
12.115414466401376
 21
27.86835424322131
 31
0.0
  0
LINE
  5
3AE
330
17
100
AcDbEntity
  8
SLOTS
100
AcDbLine
 10
11.92273262782711
 20
27.709062972011495
 30
0.0
 11
10.744113777709492
 21
29.134743395641348
 31
0.0
  0
ARC
  5
3AF
330
17
100
AcDbEntity
  8
SLOTS
100
AcDbCircle
 10
12.019073547114242
 20
27.788708607616403
 30
0.0
 40
0.125
100
AcDbArc
 50
-140.4192496336956
 51
39.58075036630438
  0
ARC
  5
3B0
330
17
100
AcDbEntity
  8
SLOTS
100
AcDbCircle
 10
10.840454696996625
 20
29.214389031246256
 30
0.0
 40
0.125
100
AcDbArc
 50
39.58075036630438
 51
219.5807503663044
  0
LINE
  5
3B1
330
17
100
AcDbEntity
  8
SLOTS
100
AcDbLine
 10
11.390455829944308
 20
29.922367375754305
 30
0.0
 11
12.773149364500744
 21
28.249834220612627
 31
0.0
  0
LINE
  5
3B2
330
17
100
AcDbEntity
  8
SLOTS
100
AcDbLine
 10
12.580467525926478
 20
28.09054294940281
 30
0.0
 11
11.197773991370042
 21
29.76307610454449
 31
0.0
  0
ARC
  5
3B3
330
17
100
AcDbEntity
  8
SLOTS
100
AcDbCircle
 10
12.676808445213611
 20
28.17018858500772
 30
0.0
 40
0.125
100
AcDbArc
 50
-140.41924963369559
 51
39.58075036630441
  0
ARC
  5
3B4
330
17
100
AcDbEntity
  8
SLOTS
100
AcDbCircle
 10
11.294114910657175
 20
29.842721740149397
 30
0.0
 40
0.125
100
AcDbArc
 50
39.58075036630441
 51
219.58075036630441
  0
LINE
  5
3B5
330
17
100
AcDbEntity
  8
SLOTS
100
AcDbLine
 10
12.33687795413256
 20
29.95464563560491
 30
0.0
 11
13.430884262600111
 21
28.63131419800394
 31
0.0
  0
LINE
  5
3B6
330
17
100
AcDbEntity
  8
SLOTS
100
AcDbLine
 10
13.238202424025845
 20
28.47202292679412
 30
0.0
 11
12.144196115558294
 21
29.79535436439509
 31
0.0
  0
ARC
  5
3B7
330
17
100
AcDbEntity
  8
SLOTS
100
AcDbCircle
 10
13.334543343312978
 20
28.55166856239903
 30
0.0
 40
0.125
100
AcDbArc
 50
-140.41924963369564
 51
39.58075036630437
  0
ARC
  5
3B8
330
17
100
AcDbEntity
  8
SLOTS
100
AcDbCircle
 10
12.240537034845428
 20
29.875
 30
0.0
 40
0.125
100
AcDbArc
 50
39.58075036630437
 51
219.58075036630436
  0
LINE
  5
3B9
330
17
100
AcDbEntity
  8
SLOTS
100
AcDbLine
 10
13.309984715970575
 20
29.95464563560491
 30
0.0
 11
14.060807948995837
 21
29.046435161265585
 31
0.0
  0
LINE
  5
3BA
330
17
100
AcDbEntity
  8
SLOTS
100
AcDbLine
 10
13.86812611042157
 20
28.887143890055768
 30
0.0
 11
13.117302877396309
 21
29.79535436439509
 31
0.0
  0
ARC
  5
3BB
330
17
100
AcDbEntity
  8
SLOTS
100
AcDbCircle
 10
13.964467029708704
 20
28.966789525660676
 30
0.0
 40
0.125
100
AcDbArc
 50
-140.41924963369559
 51
39.58075036630441
  0
ARC
  5
3BC
330
17
100
AcDbEntity
  8
SLOTS
100
AcDbCircle
 10
13.213643796683442
 20
29.875
 30
0.0
 40
0.125
100
AcDbArc
 50
39.58075036630441
 51
219.58075036630441
  0
LINE
  5
3BD
330
17
100
AcDbEntity
  8
SLOTS
100
AcDbLine
 10
27.54237533971721
 20
10.119592483865736
 30
0.0
 11
27.485071946792118
 21
10.219770359363563
 31
0.0
  0
LINE
  5
3BE
330
17
100
AcDbEntity
  8
SLOTS
100
AcDbLine
 10
27.702077756267393
 20
10.343901252593168
 30
0.0
 11
27.759381149192485
 21
10.24372337709534
 31
0.0
  0
ARC
  5
3BF
330
17
100
AcDbEntity
  8
SLOTS
100
AcDbCircle
 10
27.593574851529755
 20
10.281835805978366
 30
0.0
 40
0.125
100
AcDbArc
 50
29.770266729646508
 51
209.7702667296465
  0
ARC
  5
3C0
330
17
100
AcDbEntity
  8
SLOTS
100
AcDbCircle
 10
27.650878244454848
 20
10.181657930480538
 30
0.0
 40
0.125
100
AcDbArc
 50
209.7702667296465
 51
389.7702667296465
  0
LINE
  5
3C1
330
17
100
AcDbEntity
  8
SLOTS
100
AcDbLine
 10
27.351765692717514
 20
8.942314245895396
 30
0.0
 11
26.452395764784423
 21
10.514594072061133
 31
0.0
  0
LINE
  5
3C2
330
17
100
AcDbEntity
  8
SLOTS
100
AcDbLine
 10
26.669401574259698
 20
10.638724965290738
 30
0.0
 11
27.56877150219279
 21
9.066445139125001
 31
0.0
  0
ARC
  5
3C3
330
17
100
AcDbEntity
  8
SLOTS
100
AcDbCircle
 10
26.56089866952206
 20
10.576659518675935
 30
0.0
 40
0.125
100
AcDbArc
 50
29.77026672964645
 51
209.77026672964644
  0
ARC
  5
3C4
330
17
100
AcDbEntity
  8
SLOTS
100
AcDbCircle
 10
27.46026859745515
 20
9.004379692510199
 30
0.0
 40
0.125
100
AcDbArc
 50
209.77026672964644
 51
389.77026672964644
  0
LINE
  5
3C5
330
17
100
AcDbEntity
  8
SLOTS
100
AcDbLine
 10
27.16115604571782
 20
7.765036007925057
 30
0.0
 11
25.419719582776732
 21
10.809417784758702
 31
0.0
  0
LINE
  5
3C6
330
17
100
AcDbEntity
  8
SLOTS
100
AcDbLine
 10
25.636725392252007
 20
10.933548677988307
 30
0.0
 11
27.378161855193095
 21
7.889166901154662
 31
0.0
  0
ARC
  5
3C7
330
17
100
AcDbEntity
  8
SLOTS
100
AcDbCircle
 10
25.52822248751437
 20
10.871483231373505
 30
0.0
 40
0.125
100
AcDbArc
 50
29.77026672964645
 51
209.77026672964644
  0
ARC
  5
3C8
330
17
100
AcDbEntity
  8
SLOTS
100
AcDbCircle
 10
27.269658950455458
 20
7.82710145453986
 30
0.0
 40
0.125
100
AcDbArc
 50
209.77026672964644
 51
389.77026672964644
  0
LINE
  5
3C9
330
17
100
AcDbEntity
  8
SLOTS
100
AcDbLine
 10
26.605591553426375
 20
7.2257723653864065
 30
0.0
 11
24.387043400769038
 21
11.10424149745627
 31
0.0
  0
LINE
  5
3CA
330
17
100
AcDbEntity
  8
SLOTS
100
AcDbLine
 10
24.604049210244312
 20
11.228372390685875
 30
0.0
 11
26.82259736290165
 21
7.349903258616012
 31
0.0
  0
ARC
  5
3CB
330
17
100
AcDbEntity
  8
SLOTS
100
AcDbCircle
 10
24.495546305506675
 20
11.166306944071072
 30
0.0
 40
0.125
100
AcDbArc
 50
29.770266729646508
 51
209.7702667296465
  0
ARC
  5
3CC
330
17
100
AcDbEntity
  8
SLOTS
100
AcDbCircle
 10
26.714094458164013
 20
7.287837812001209
 30
0.0
 40
0.125
100
AcDbArc
 50
209.7702667296465
 51
389.7702667296465
  0
LINE
  5
3CD
330
17
100
AcDbEntity
  8
SLOTS
100
AcDbLine
 10
25.814656431526473
 20
7.09798400249802
 30
0.0
 11
23.354367218761347
 21
11.399065210153838
 31
0.0
  0
LINE
  5
3CE
330
17
100
AcDbEntity
  8
SLOTS
100
AcDbLine
 10
23.57137302823662
 20
11.523196103383443
 30
0.0
 11
26.031662241001747
 21
7.222114895727625
 31
0.0
  0
ARC
  5
3CF
330
17
100
AcDbEntity
  8
SLOTS
100
AcDbCircle
 10
23.462870123498984
 20
11.46113065676864
 30
0.0
 40
0.125
100
AcDbArc
 50
29.770266729646508
 51
209.7702667296465
  0
ARC
  5
3D0
330
17
100
AcDbEntity
  8
SLOTS
100
AcDbCircle
 10
25.92315933626411
 20
7.160049449112822
 30
0.0
 40
0.125
100
AcDbArc
 50
209.7702667296465
 51
389.7702667296465
  0
LINE
  5
3D1
330
17
100
AcDbEntity
  8
SLOTS
100
AcDbLine
 10
24.8969746980916
 20
7.191774251660047
 30
0.0
 11
22.321691036753656
 21
11.693888922851407
 31
0.0
  0
LINE
  5
3D2
330
17
100
AcDbEntity
  8
SLOTS
100
AcDbLine
 10
22.53869684622893
 20
11.818019816081012
 30
0.0
 11
25.113980507566875
 21
7.315905144889652
 31
0.0
  0
ARC
  5
3D3
330
17
100
AcDbEntity
  8
SLOTS
100
AcDbCircle
 10
22.430193941491293
 20
11.75595436946621
 30
0.0
 40
0.125
100
AcDbArc
 50
29.77026672964648
 51
209.7702667296465
  0
ARC
  5
3D4
330
17
100
AcDbEntity
  8
SLOTS
100
AcDbCircle
 10
25.005477602829238
 20
7.25383969827485
 30
0.0
 40
0.125
100
AcDbArc
 50
209.7702667296465
 51
389.7702667296465
  0
LINE
  5
3D5
330
17
100
AcDbEntity
  8
SLOTS
100
AcDbLine
 10
23.7183515787411
 20
7.741742614126072
 30
0.0
 11
21.28901485474596
 21
11.988712635548975
 31
0.0
  0
LINE
  5
3D6
330
17
100
AcDbEntity
  8
SLOTS
100
AcDbLine
 10
21.506020664221236
 20
12.11284352877858
 30
0.0
 11
23.935357388216374
 21
7.865873507355677
 31
0.0
  0
ARC
  5
3D7
330
17
100
AcDbEntity
  8
SLOTS
100
AcDbCircle
 10
21.3975177594836
 20
12.050778082163777
 30
0.0
 40
0.125
100
AcDbArc
 50
29.770266729646508
 51
209.7702667296465
  0
ARC
  5
3D8
330
17
100
AcDbEntity
  8
SLOTS
100
AcDbCircle
 10
23.826854483478737
 20
7.803808060740875
 30
0.0
 40
0.125
100
AcDbArc
 50
209.7702667296465
 51
389.7702667296465
  0
LINE
  5
3D9
330
17
100
AcDbEntity
  8
SLOTS
100
AcDbLine
 10
30.477829517714515
 20
2.7688588185115104
 30
0.0
 11
30.451125969453464
 21
2.6214157298906504
 31
0.0
  0
LINE
  5
3DA
330
17
100
AcDbEntity
  8
SLOTS
100
AcDbLine
 10
30.205127926711945
 20
2.6659686531094784
 30
0.0
 11
30.231831474972996
 21
2.8134117417303384
 31
0.0
  0
ARC
  5
3DB
330
17
100
AcDbEntity
  8
SLOTS
100
AcDbCircle
 10
30.328126948082705
 20
2.6436921915000644
 30
0.0
 40
0.125
100
AcDbArc
 50
-190.26561327002366
 51
-10.265613270023664
  0
ARC
  5
3DC
330
17
100
AcDbEntity
  8
SLOTS
100
AcDbCircle
 10
30.354830496343755
 20
2.7911352801209244
 30
0.0
 40
0.125
100
AcDbArc
 50
-10.265613270023664
 51
169.73438672997634
  0
LINE
  5
3DD
330
17
100
AcDbEntity
  8
SLOTS
100
AcDbLine
 10
31.28485715326562
 20
3.0163671296884056
 30
0.0
 11
30.96254321499229
 21
1.2367173955034272
 31
0.0
  0
LINE
  5
3DE
330
17
100
AcDbEntity
  8
SLOTS
100
AcDbLine
 10
30.716545172250772
 20
1.2812703187222543
 30
0.0
 11
31.0388591105241
 21
3.0609200529072327
 31
0.0
  0
ARC
  5
3DF
330
17
100
AcDbEntity
  8
SLOTS
100
AcDbCircle
 10
30.83954419362153
 20
1.2589938571128407
 30
0.0
 40
0.125
100
AcDbArc
 50
-190.26561327002344
 51
-10.265613270023437
  0
ARC
  5
3E0
330
17
100
AcDbEntity
  8
SLOTS
100
AcDbCircle
 10
31.16185813189486
 20
3.038643591297819
 30
0.0
 40
0.125
100
AcDbArc
 50
-10.265613270023437
 51
169.73438672997656
  0
LINE
  5
3E1
330
17
100
AcDbEntity
  8
SLOTS
100
AcDbLine
 10
32.09188478881672
 20
3.263875440865299
 30
0.0
 11
31.700476655231082
 21
1.1027235383905867
 31
0.0
  0
LINE
  5
3E2
330
17
100
AcDbEntity
  8
SLOTS
100
AcDbLine
 10
31.454478612489563
 20
1.1472764616094133
 30
0.0
 11
31.8458867460752
 21
3.308428364084126
 31
0.0
  0
ARC
  5
3E3
330
17
100
AcDbEntity
  8
SLOTS
100
AcDbCircle
 10
31.577477633860322
 20
1.125
 30
0.0
 40
0.125
100
AcDbArc
 50
-190.26561327002344
 51
-10.265613270023422
  0
ARC
  5
3E4
330
17
100
AcDbEntity
  8
SLOTS
100
AcDbCircle
 10
31.96888576744596
 20
3.2861519024747126
 30
0.0
 40
0.125
100
AcDbArc
 50
-10.265613270023422
 51
169.73438672997656
  0
LINE
  5
3E5
330
17
100
AcDbEntity
  8
SLOTS
100
AcDbLine
 10
32.89891242436782
 20
3.511383752042193
 30
0.0
 11
32.462677841510505
 21
1.1027235383905867
 31
0.0
  0
LINE
  5
3E6
330
17
100
AcDbEntity
  8
SLOTS
100
AcDbLine
 10
32.216679798768986
 20
1.1472764616094133
 30
0.0
 11
32.6529143816263
 21
3.555936675261019
 31
0.0
  0
ARC
  5
3E7
330
17
100
AcDbEntity
  8
SLOTS
100
AcDbCircle
 10
32.339678820139746
 20
1.125
 30
0.0
 40
0.125
100
AcDbArc
 50
-190.26561327002335
 51
-10.265613270023351
  0
ARC
  5
3E8
330
17
100
AcDbEntity
  8
SLOTS
100
AcDbCircle
 10
32.77591340299706
 20
3.533660213651606
 30
0.0
 40
0.125
100
AcDbArc
 50
-10.265613270023351
 51
169.73438672997665
  0
LINE
  5
3E9
330
17
100
AcDbEntity
  8
SLOTS
100
AcDbLine
 10
33.70594005991892
 20
3.758892063219086
 30
0.0
 11
33.22487902778992
 21
1.1027235383905865
 31
0.0
  0
LINE
  5
3EA
330
17
100
AcDbEntity
  8
SLOTS
100
AcDbLine
 10
32.9788809850484
 20
1.1472764616094135
 30
0.0
 11
33.459942017177404
 21
3.803444986437913
 31
0.0
  0
ARC
  5
3EB
330
17
100
AcDbEntity
  8
SLOTS
100
AcDbCircle
 10
33.10188000641916
 20
1.125
 30
0.0
 40
0.125
100
AcDbArc
 50
-190.2656132700235
 51
-10.265613270023493
  0
ARC
  5
3EC
330
17
100
AcDbEntity
  8
SLOTS
100
AcDbCircle
 10
33.582941038548164
 20
3.7811685248284994
 30
0.0
 40
0.125
100
AcDbArc
 50
-10.265613270023493
 51
169.7343867299765
  0
LINE
  5
3ED
330
17
100
AcDbEntity
  8
SLOTS
100
AcDbLine
 10
34.36940084070439
 20
3.2136989594643453
 30
0.0
 11
34.053382152457
 21
1.4688083179059745
 31
0.0
  0
LINE
  5
3EE
330
17
100
AcDbEntity
  8
SLOTS
100
AcDbLine
 10
33.80738410971548
 20
1.5133612411248012
 30
0.0
 11
34.12340279796287
 21
3.2582518826831723
 31
0.0
  0
ARC
  5
3EF
330
17
100
AcDbEntity
  8
SLOTS
100
AcDbCircle
 10
33.93038313108624
 20
1.4910847795153879
 30
0.0
 40
0.125
100
AcDbArc
 50
-190.2656132700234
 51
-10.265613270023408
  0
ARC
  5
3F0
330
17
100
AcDbEntity
  8
SLOTS
100
AcDbCircle
 10
34.24640181933363
 20
3.235975421073759
 30
0.0
 40
0.125
100
AcDbArc
 50
-10.265613270023408
 51
169.7343867299766
  0
LINE
  5
3F1
330
17
100
AcDbEntity
  8
SLOTS
100
AcDbLine
 10
27.200719965028604
 20
1.4314271390861182
 30
0.0
 11
27.11697585822494
 21
1.0948212342955925
 31
0.0
  0
LINE
  5
3F2
330
17
100
AcDbEntity
  8
SLOTS
100
AcDbLine
 10
26.874371306737885
 20
1.1551787657044075
 30
0.0
 11
26.95811541354155
 21
1.4917846704949331
 31
0.0
  0
ARC
  5
3F3
330
17
100
AcDbEntity
  8
SLOTS
100
AcDbCircle
 10
26.995673582481412
 20
1.125
 30
0.0
 40
0.125
100
AcDbArc
 50
-193.9709629096994
 51
-13.97096290969941
  0
ARC
  5
3F4
330
17
100
AcDbEntity
  8
SLOTS
100
AcDbCircle
 10
27.079417689285076
 20
1.4616059047905257
 30
0.0
 40
0.125
100
AcDbArc
 50
-13.97096290969941
 51
166.0290370903006
  0
LINE
  5
3F5
330
17
100
AcDbEntity
  8
SLOTS
100
AcDbLine
 10
28.092798275025945
 20
1.9106093987503832
 30
0.0
 11
27.889838522386484
 21
1.0948212342955923
 31
0.0
  0
LINE
  5
3F6
330
17
100
AcDbEntity
  8
SLOTS
100
AcDbLine
 10
27.64723397089943
 20
1.1551787657044077
 30
0.0
 11
27.85019372353889
 21
1.9709669301591985
 31
0.0
  0
ARC
  5
3F7
330
17
100
AcDbEntity
  8
SLOTS
100
AcDbCircle
 10
27.768536246642956
 20
1.125
 30
0.0
 40
0.125
100
AcDbArc
 50
-193.97096290969947
 51
-13.970962909699466
  0
ARC
  5
3F8
330
17
100
AcDbEntity
  8
SLOTS
100
AcDbCircle
 10
27.971495999282418
 20
1.9407881644547909
 30
0.0
 40
0.125
100
AcDbArc
 50
-13.970962909699466
 51
166.02903709030053
  0
LINE
  5
3F9
330
17
100
AcDbEntity
  8
SLOTS
100
AcDbLine
 10
28.984876585023287
 20
2.389791658414649
 30
0.0
 11
28.66270118654803
 21
1.0948212342955927
 31
0.0
  0
LINE
  5
3FA
330
17
100
AcDbEntity
  8
SLOTS
100
AcDbLine
 10
28.420096635060975
 20
1.1551787657044073
 30
0.0
 11
28.74227203353623
 21
2.4501491898234633
 31
0.0
  0
ARC
  5
3FB
330
17
100
AcDbEntity
  8
SLOTS
100
AcDbCircle
 10
28.541398910804503
 20
1.125
 30
0.0
 40
0.125
100
AcDbArc
 50
-193.97096290969932
 51
-13.970962909699338
  0
ARC
  5
3FC
330
17
100
AcDbEntity
  8
SLOTS
100
AcDbCircle
 10
28.86357430927976
 20
2.419970424119056
 30
0.0
 40
0.125
100
AcDbArc
 50
-13.970962909699338
 51
166.02903709030068
  0
LINE
  5
3FD
330
17
100
AcDbEntity
  8
SLOTS
100
AcDbLine
 10
29.747596406759754
 20
2.3490229311339874
 30
0.0
 11
29.435563850709574
 21
1.0948212342955925
 31
0.0
  0
LINE
  5
3FE
330
17
100
AcDbEntity
  8
SLOTS
100
AcDbLine
 10
29.19295929922252
 20
1.1551787657044075
 30
0.0
 11
29.5049918552727
 21
2.409380462542803
 31
0.0
  0
ARC
  5
3FF
330
17
100
AcDbEntity
  8
SLOTS
100
AcDbCircle
 10
29.314261574966046
 20
1.125
 30
0.0
 40
0.125
100
AcDbArc
 50
-193.97096290969944
 51
-13.970962909699438
  0
ARC
  5
400
330
17
100
AcDbEntity
  8
SLOTS
100
AcDbCircle
 10
29.626294131016227
 20
2.379201696838395
 30
0.0
 40
0.125
100
AcDbArc
 50
-13.970962909699438
 51
166.02903709030056
  0
LINE
  5
401
330
17
100
AcDbEntity
  8
SLOTS
100
AcDbLine
 10
30.209388546184577
 20
1.098688078579495
 30
0.0
 11
30.208426514871135
 21
1.094821234295659
 31
0.0
  0
LINE
  5
402
330
17
100
AcDbEntity
  8
SLOTS
100
AcDbLine
 10
29.96582196338405
 20
1.155178765704341
 30
0.0
 11
29.966783994697494
 21
1.1590456099881772
 31
0.0
  0
ARC
  5
403
330
17
100
AcDbEntity
  8
SLOTS
100
AcDbCircle
 10
30.087124239127593
 20
1.125
 30
0.0
 40
0.125
100
AcDbArc
 50
-193.97096290966806
 51
-13.97096290966806
  0
ARC
  5
404
330
17
100
AcDbEntity
  8
SLOTS
100
AcDbCircle
 10
30.088086270441035
 20
1.128866844283836
 30
0.0
 40
0.125
100
AcDbArc
 50
-13.97096290966806
 51
166.02903709033194
  0
LINE
  5
405
330
17
100
AcDbEntity
  8
SLOTS
100
AcDbLine
 10
14.058826381721323
 20
1.287121528946971
 30
0.0
 11
14.170091307154303
 21
1.2401639693931499
 31
0.0
  0
LINE
  5
406
330
17
100
AcDbEntity
  8
SLOTS
100
AcDbLine
 10
14.07288513135022
 20
1.0098360306068501
 30
0.0
 11
13.96162020591724
 21
1.0567935901606713
 31
0.0
  0
ARC
  5
407
330
17
100
AcDbEntity
  8
SLOTS
100
AcDbCircle
 10
14.121488219252262
 20
1.125
 30
0.0
 40
0.125
100
AcDbArc
 50
-112.88138875219467
 51
67.11861124780533
  0
ARC
  5
408
330
17
100
AcDbEntity
  8
SLOTS
100
AcDbCircle
 10
14.010223293819282
 20
1.1719575595538212
 30
0.0
 40
0.125
100
AcDbArc
 50
67.11861124780533
 51
247.11861124780535
  0
LINE
  5
409
330
17
100
AcDbEntity
  8
SLOTS
100
AcDbLine
 10
14.614816152843035
 20
1.86653174407893
 30
0.0
 11
16.09898109681028
 21
1.24016396939315
 31
0.0
  0
LINE
  5
40A
330
17
100
AcDbEntity
  8
SLOTS
100
AcDbLine
 10
16.0017749210062
 20
1.00983603060685
 30
0.0
 11
14.517609977038953
 21
1.6362038052926298
 31
0.0
  0
ARC
  5
40B
330
17
100
AcDbEntity
  8
SLOTS
100
AcDbCircle
 10
16.05037800890824
 20
1.125
 30
0.0
 40
0.125
100
AcDbArc
 50
-112.8813887521945
 51
67.1186112478055
  0
ARC
  5
40C
330
17
100
AcDbEntity
  8
SLOTS
100
AcDbCircle
 10
14.566213064940994
 20
1.7513677746857799
 30
0.0
 40
0.125
100
AcDbArc
 50
67.1186112478055
 51
247.1186112478055
  0
LINE
  5
40D
330
17
100
AcDbEntity
  8
SLOTS
100
AcDbLine
 10
21.024248966413502
 20
2.790128402693435
 30
0.0
 11
21.01761322624756
 21
2.7936628528996263
 31
0.0
  0
LINE
  5
40E
330
17
100
AcDbEntity
  8
SLOTS
100
AcDbLine
 10
21.135140891478958
 20
3.0143147232865695
 30
0.0
 11
21.141776631644902
 21
3.0107802730803783
 31
0.0
  0
ARC
  5
40F
330
17
100
AcDbEntity
  8
SLOTS
100
AcDbCircle
 10
21.076377058863258
 20
2.903988788093098
 30
0.0
 40
0.125
100
AcDbArc
 50
61.95851998611522
 51
241.95851998611522
  0
ARC
  5
410
330
17
100
AcDbEntity
  8
SLOTS
100
AcDbCircle
 10
21.083012799029202
 20
2.9004543378869068
 30
0.0
 40
0.125
100
AcDbArc
 50
241.95851998611522
 51
421.9585199861152
  0
LINE
  5
411
330
17
100
AcDbEntity
  8
SLOTS
100
AcDbLine
 10
22.76219994194881
 20
1.0146740648065344
 30
0.0
 11
19.521122427581265
 21
2.7409964949300885
 31
0.0
  0
LINE
  5
412
330
17
100
AcDbEntity
  8
SLOTS
100
AcDbLine
 10
19.638650092812686
 20
2.96164836531702
 30
0.0
 11
22.879727607180232
 21
1.2353259351934656
 31
0.0
  0
ARC
  5
413
330
17
100
AcDbEntity
  8
SLOTS
100
AcDbCircle
 10
19.579886260196975
 20
2.8513224301235542
 30
0.0
 40
0.125
100
AcDbArc
 50
61.95851998610948
 51
241.95851998610948
  0
ARC
  5
414
330
17
100
AcDbEntity
  8
SLOTS
100
AcDbCircle
 10
22.82096377456452
 20
1.125
 30
0.0
 40
0.125
100
AcDbArc
 50
241.95851998610948
 51
421.9585199861095
  0
LINE
  5
415
330
17
100
AcDbEntity
  8
SLOTS
100
AcDbLine
 10
21.16683088879185
 20
1.0146740648065344
 30
0.0
 11
18.02463162891498
 21
2.6883301369605443
 31
0.0
  0
LINE
  5
416
330
17
100
AcDbEntity
  8
SLOTS
100
AcDbLine
 10
18.142159294146403
 20
2.908982007347476
 30
0.0
 11
21.28435855402327
 21
1.2353259351934656
 31
0.0
  0
ARC
  5
417
330
17
100
AcDbEntity
  8
SLOTS
100
AcDbCircle
 10
18.083395461530692
 20
2.79865607215401
 30
0.0
 40
0.125
100
AcDbArc
 50
61.95851998610948
 51
241.95851998610948
  0
ARC
  5
418
330
17
100
AcDbEntity
  8
SLOTS
100
AcDbCircle
 10
21.22559472140756
 20
1.125
 30
0.0
 40
0.125
100
AcDbArc
 50
241.95851998610948
 51
421.9585199861095
  0
LINE
  5
419
330
17
100
AcDbEntity
  8
SLOTS
100
AcDbLine
 10
19.571461835634892
 20
1.0146740648065344
 30
0.0
 11
16.5281408302487
 21
2.6356637789910007
 31
0.0
  0
LINE
  5
41A
330
17
100
AcDbEntity
  8
SLOTS
100
AcDbLine
 10
16.64566849548012
 20
2.8563156493779323
 30
0.0
 11
19.688989500866313
 21
1.2353259351934656
 31
0.0
  0
ARC
  5
41B
330
17
100
AcDbEntity
  8
SLOTS
100
AcDbCircle
 10
16.58690466286441
 20
2.7459897141844665
 30
0.0
 40
0.125
100
AcDbArc
 50
61.95851998610948
 51
241.95851998610948
  0
ARC
  5
41C
330
17
100
AcDbEntity
  8
SLOTS
100
AcDbCircle
 10
19.630225668250603
 20
1.125
 30
0.0
 40
0.125
100
AcDbArc
 50
241.95851998610948
 51
421.9585199861095
  0
LINE
  5
41D
330
17
100
AcDbEntity
  8
SLOTS
100
AcDbLine
 10
9.414149370245156
 20
1.3667046030259449
 30
0.0
 11
9.513961307175965
 21
1.1852437736319343
 31
0.0
  0
LINE
  5
41E
330
17
100
AcDbEntity
  8
SLOTS
100
AcDbLine
 10
9.294911653091926
 20
1.0647562263680657
 30
0.0
 11
9.195099716161117
 21
1.2462170557620762
 31
0.0
  0
ARC
  5
41F
330
17
100
AcDbEntity
  8
SLOTS
100
AcDbCircle
 10
9.404436480133946
 20
1.125
 30
0.0
 40
0.125
100
AcDbArc
 50
-151.18715042124245
 51
28.81284957875755
  0
ARC
  5
420
330
17
100
AcDbEntity
  8
SLOTS
100
AcDbCircle
 10
9.304624543203136
 20
1.3064608293940105
 30
0.0
 40
0.125
100
AcDbArc
 50
28.81284957875755
 51
208.81284957875755
  0
LINE
  5
421
330
17
100
AcDbEntity
  8
SLOTS
100
AcDbLine
 10
9.374157470077966
 20
2.995588386907558
 30
0.0
 11
10.369931615752968
 21
1.1852437736319348
 31
0.0
  0
LINE
  5
422
330
17
100
AcDbEntity
  8
SLOTS
100
AcDbLine
 10
10.15088196166893
 20
1.0647562263680652
 30
0.0
 11
9.155107815993928
 21
2.8751008396436886
 31
0.0
  0
ARC
  5
423
330
17
100
AcDbEntity
  8
SLOTS
100
AcDbCircle
 10
10.260406788710949
 20
1.125
 30
0.0
 40
0.125
100
AcDbArc
 50
-151.18715042124228
 51
28.81284957875772
  0
ARC
  5
424
330
17
100
AcDbEntity
  8
SLOTS
100
AcDbCircle
 10
9.264632643035947
 20
2.9353446132756233
 30
0.0
 40
0.125
100
AcDbArc
 50
28.81284957875772
 51
208.81284957875772
  0
LINE
  5
425
330
17
100
AcDbEntity
  8
SLOTS
100
AcDbLine
 10
9.334165569910779
 20
4.62447217078917
 30
0.0
 11
11.225901924329971
 21
1.1852437736319346
 31
0.0
  0
LINE
  5
426
330
17
100
AcDbEntity
  8
SLOTS
100
AcDbLine
 10
11.006852270245933
 20
1.0647562263680654
 30
0.0
 11
9.11511591582674
 21
4.503984623525302
 31
0.0
  0
ARC
  5
427
330
17
100
AcDbEntity
  8
SLOTS
100
AcDbCircle
 10
11.116377097287952
 20
1.125
 30
0.0
 40
0.125
100
AcDbArc
 50
-151.18715042124228
 51
28.812849578757707
  0
ARC
  5
428
330
17
100
AcDbEntity
  8
SLOTS
100
AcDbCircle
 10
9.22464074286876
 20
4.564228397157236
 30
0.0
 40
0.125
100
AcDbArc
 50
28.812849578757707
 51
208.81284957875772
  0
LINE
  5
429
330
17
100
AcDbEntity
  8
SLOTS
100
AcDbLine
 10
9.29417366974359
 20
6.253355954670784
 30
0.0
 11
12.081872232906976
 21
1.1852437736319348
 31
0.0
  0
LINE
  5
42A
330
17
100
AcDbEntity
  8
SLOTS
100
AcDbLine
 10
11.862822578822938
 20
1.0647562263680652
 30
0.0
 11
9.07512401565955
 21
6.1328684074069155
 31
0.0
  0
ARC
  5
42B
330
17
100
AcDbEntity
  8
SLOTS
100
AcDbCircle
 10
11.972347405864957
 20
1.125
 30
0.0
 40
0.125
100
AcDbArc
 50
-151.18715042124228
 51
28.812849578757735
  0
ARC
  5
42C
330
17
100
AcDbEntity
  8
SLOTS
100
AcDbCircle
 10
9.18464884270157
 20
6.19311218103885
 30
0.0
 40
0.125
100
AcDbArc
 50
28.812849578757735
 51
208.81284957875772
  0
LINE
  5
42D
330
17
100
AcDbEntity
  8
SLOTS
100
AcDbLine
 10
9.254181769576402
 20
7.882239738552394
 30
0.0
 11
12.905849962448798
 21
1.2434071567371179
 31
0.0
  0
LINE
  5
42E
330
17
100
AcDbEntity
  8
SLOTS
100
AcDbLine
 10
12.68680030836476
 20
1.1229196094732483
 30
0.0
 11
9.035132115492363
 21
7.761752191288525
 31
0.0
  0
ARC
  5
42F
330
17
100
AcDbEntity
  8
SLOTS
100
AcDbCircle
 10
12.796325135406779
 20
1.183163383105183
 30
0.0
 40
0.125
100
AcDbArc
 50
-151.18715042124228
 51
28.81284957875772
  0
ARC
  5
430
330
17
100
AcDbEntity
  8
SLOTS
100
AcDbCircle
 10
9.144656942534382
 20
7.821995964920459
 30
0.0
 40
0.125
100
AcDbArc
 50
28.81284957875772
 51
208.81284957875772
  0
LINE
  5
431
330
17
100
AcDbEntity
  8
SLOTS
100
AcDbLine
 10
9.51566670965361
 20
8.963030386923007
 30
0.0
 11
13.517420909615169
 21
1.6877318756901485
 31
0.0
  0
LINE
  5
432
330
17
100
AcDbEntity
  8
SLOTS
100
AcDbLine
 10
13.29837125553113
 20
1.5672443284262794
 30
0.0
 11
9.296617055569572
 21
8.842542839659137
 31
0.0
  0
ARC
  5
433
330
17
100
AcDbEntity
  8
SLOTS
100
AcDbCircle
 10
13.40789608257315
 20
1.627488102058214
 30
0.0
 40
0.125
100
AcDbArc
 50
-151.18715042124228
 51
28.81284957875772
  0
ARC
  5
434
330
17
100
AcDbEntity
  8
SLOTS
100
AcDbCircle
 10
9.40614188261159
 20
8.902786613291072
 30
0.0
 40
0.125
100
AcDbArc
 50
28.81284957875772
 51
208.81284957875772
  0
LINE
  5
435
330
17
100
AcDbEntity
  8
SLOTS
100
AcDbLine
 10
10.296744873532552
 20
9.099186352931632
 30
0.0
 11
14.061510121459639
 21
2.2547402338650873
 31
0.0
  0
LINE
  5
436
330
17
100
AcDbEntity
  8
SLOTS
100
AcDbLine
 10
13.8424604673756
 20
2.1342526866012177
 30
0.0
 11
10.077695219448513
 21
8.978698805667761
 31
0.0
  0
ARC
  5
437
330
17
100
AcDbEntity
  8
SLOTS
100
AcDbCircle
 10
13.95198529441762
 20
2.1944964602331525
 30
0.0
 40
0.125
100
AcDbArc
 50
-151.18715042124228
 51
28.81284957875772
  0
ARC
  5
438
330
17
100
AcDbEntity
  8
SLOTS
100
AcDbCircle
 10
10.187220046490532
 20
9.038942579299697
 30
0.0
 40
0.125
100
AcDbArc
 50
28.81284957875772
 51
208.81284957875772
  0
LINE
  5
439
330
17
100
AcDbEntity
  8
SLOTS
100
AcDbLine
 10
11.158482091685308
 20
9.088701953702088
 30
0.0
 11
14.605527885437974
 21
2.821878486213468
 31
0.0
  0
LINE
  5
43A
330
17
100
AcDbEntity
  8
SLOTS
100
AcDbLine
 10
14.386478231353935
 20
2.7013909389495985
 30
0.0
 11
10.939432437601269
 21
8.968214406438218
 31
0.0
  0
ARC
  5
43B
330
17
100
AcDbEntity
  8
SLOTS
100
AcDbCircle
 10
14.496003058395955
 20
2.7616347125815333
 30
0.0
 40
0.125
100
AcDbArc
 50
-151.18715042124228
 51
28.812849578757735
  0
ARC
  5
43C
330
17
100
AcDbEntity
  8
SLOTS
100
AcDbCircle
 10
11.048957264643288
 20
9.028458180070153
 30
0.0
 40
0.125
100
AcDbArc
 50
28.812849578757735
 51
208.81284957875772
  0
LINE
  5
43D
330
17
100
AcDbEntity
  8
SLOTS
100
AcDbLine
 10
12.020219309838065
 20
9.078217554472547
 30
0.0
 11
14.813634661606283
 21
3.999712095499194
 31
0.0
  0
LINE
  5
43E
330
17
100
AcDbEntity
  8
SLOTS
100
AcDbLine
 10
14.594585007522245
 20
3.8792245482353245
 30
0.0
 11
11.801169655754027
 21
8.957730007208676
 31
0.0
  0
ARC
  5
43F
330
17
100
AcDbEntity
  8
SLOTS
100
AcDbCircle
 10
14.704109834564264
 20
3.9394683218672593
 30
0.0
 40
0.125
100
AcDbArc
 50
-151.18715042124228
 51
28.812849578757735
  0
ARC
  5
440
330
17
100
AcDbEntity
  8
SLOTS
100
AcDbCircle
 10
11.910694482796046
 20
9.017973780840611
 30
0.0
 40
0.125
100
AcDbArc
 50
28.812849578757735
 51
208.81284957875772
  0
LINE
  5
441
330
17
100
AcDbEntity
  8
SLOTS
100
AcDbLine
 10
16.69430812263941
 20
6.390994604558992
 30
0.0
 11
15.586847080941743
 21
4.367336886982133
 31
0.0
  0
LINE
  5
442
330
17
100
AcDbEntity
  8
SLOTS
100
AcDbLine
 10
15.36753958146411
 20
4.4873544718306375
 30
0.0
 11
16.475000623161772
 21
6.511012189407497
 31
0.0
  0
ARC
  5
443
330
17
100
AcDbEntity
  8
SLOTS
100
AcDbCircle
 10
15.477193331202926
 20
4.427345679406385
 30
0.0
 40
0.125
100
AcDbArc
 50
-208.68999609093441
 51
-28.6899960909344
  0
ARC
  5
444
330
17
100
AcDbEntity
  8
SLOTS
100
AcDbCircle
 10
16.58465437290059
 20
6.4510033969832445
 30
0.0
 40
0.125
100
AcDbArc
 50
-28.6899960909344
 51
151.31000390906559
  0
LINE
  5
445
330
17
100
AcDbEntity
  8
SLOTS
100
AcDbLine
 10
20.373537247616262
 20
11.55175950568403
 30
0.0
 11
15.998732067870872
 21
3.557701085971378
 31
0.0
  0
LINE
  5
446
330
17
100
AcDbEntity
  8
SLOTS
100
AcDbLine
 10
15.779424568393239
 20
3.6777186708198815
 30
0.0
 11
20.154229748138626
 21
11.671777090532535
 31
0.0
  0
ARC
  5
447
330
17
100
AcDbEntity
  8
SLOTS
100
AcDbCircle
 10
15.889078318132055
 20
3.6177098783956296
 30
0.0
 40
0.125
100
AcDbArc
 50
-208.68999609093441
 51
-28.68999609093443
  0
ARC
  5
448
330
17
100
AcDbEntity
  8
SLOTS
100
AcDbCircle
 10
20.263883497877444
 20
11.611768298108283
 30
0.0
 40
0.125
100
AcDbArc
 50
-28.68999609093443
 51
151.31000390906559
  0
LINE
  5
449
330
17
100
AcDbEntity
  8
SLOTS
100
AcDbLine
 10
20.788788141696386
 20
10.74827420904886
 30
0.0
 11
17.40109372814731
 21
4.557958083561046
 31
0.0
  0
LINE
  5
44A
330
17
100
AcDbEntity
  8
SLOTS
100
AcDbLine
 10
17.181786228669672
 20
4.677975668409551
 30
0.0
 11
20.56948064221875
 21
10.868291793897365
 31
0.0
  0
ARC
  5
44B
330
17
100
AcDbEntity
  8
SLOTS
100
AcDbCircle
 10
17.29143997840849
 20
4.6179668759852985
 30
0.0
 40
0.125
100
AcDbArc
 50
-208.68999609093447
 51
-28.689996090934457
  0
ARC
  5
44C
330
17
100
AcDbEntity
  8
SLOTS
100
AcDbCircle
 10
20.679134391957568
 20
10.808283001473113
 30
0.0
 40
0.125
100
AcDbArc
 50
-28.689996090934457
 51
151.31000390906553
  0
LINE
  5
44D
330
17
100
AcDbEntity
  8
SLOTS
100
AcDbLine
 10
21.204039035776507
 20
9.94478891241369
 30
0.0
 11
18.803455388423746
 21
5.558215081150715
 31
0.0
  0
LINE
  5
44E
330
17
100
AcDbEntity
  8
SLOTS
100
AcDbLine
 10
18.58414788894611
 20
5.67823266599922
 30
0.0
 11
20.98473153629887
 21
10.064806497262195
 31
0.0
  0
ARC
  5
44F
330
17
100
AcDbEntity
  8
SLOTS
100
AcDbCircle
 10
18.693801638684928
 20
5.618223873574967
 30
0.0
 40
0.125
100
AcDbArc
 50
-208.68999609093441
 51
-28.68999609093443
  0
ARC
  5
450
330
17
100
AcDbEntity
  8
SLOTS
100
AcDbCircle
 10
21.09438528603769
 20
10.004797704837943
 30
0.0
 40
0.125
100
AcDbArc
 50
-28.68999609093443
 51
151.31000390906559
  0
LINE
  5
451
330
17
100
AcDbEntity
  8
SLOTS
100
AcDbLine
 10
21.619289929856627
 20
9.14130361577852
 30
0.0
 11
20.205817048700183
 21
6.558472078740384
 31
0.0
  0
LINE
  5
452
330
17
100
AcDbEntity
  8
SLOTS
100
AcDbLine
 10
19.986509549222546
 20
6.678489663588889
 30
0.0
 11
21.39998243037899
 21
9.261321200627025
 31
0.0
  0
ARC
  5
453
330
17
100
AcDbEntity
  8
SLOTS
100
AcDbCircle
 10
20.096163298961365
 20
6.618480871164636
 30
0.0
 40
0.125
100
AcDbArc
 50
-208.68999609093441
 51
-28.6899960909344
  0
ARC
  5
454
330
17
100
AcDbEntity
  8
SLOTS
100
AcDbCircle
 10
21.50963618011781
 20
9.201312408202773
 30
0.0
 40
0.125
100
AcDbArc
 50
-28.6899960909344
 51
151.31000390906559
  0
LINE
  5
455
330
17
100
AcDbEntity
  8
SLOTS
100
AcDbLine
 10
22.03454082393675
 20
8.337818319143347
 30
0.0
 11
21.608178708976624
 21
7.5587290763300565
 31
0.0
  0
LINE
  5
456
330
17
100
AcDbEntity
  8
SLOTS
100
AcDbLine
 10
21.388871209498987
 20
7.678746661178561
 30
0.0
 11
21.815233324459115
 21
8.457835903991851
 31
0.0
  0
ARC
  5
457
330
17
100
AcDbEntity
  8
SLOTS
100
AcDbCircle
 10
21.498524959237805
 20
7.618737868754309
 30
0.0
 40
0.125
100
AcDbArc
 50
-208.68999609093447
 51
-28.689996090934486
  0
ARC
  5
458
330
17
100
AcDbEntity
  8
SLOTS
100
AcDbCircle
 10
21.924887074197933
 20
8.397827111567599
 30
0.0
 40
0.125
100
AcDbArc
 50
-28.689996090934486
 51
151.31000390906553
  0
LINE
  5
459
330
17
100
AcDbEntity
  8
SLOTS
100
AcDbLine
 10
6.228435538068305
 20
8.950279068240595
 30
0.0
 11
3.641210293515663
 21
7.3630224416350165
 31
0.0
  0
LINE
  5
45A
330
17
100
AcDbEntity
  8
SLOTS
100
AcDbLine
 10
3.510477711348535
 20
7.576116298796397
 30
0.0
 11
6.097702955901178
 21
9.163372925401978
 31
0.0
  0
ARC
  5
45B
330
17
100
AcDbEntity
  8
SLOTS
100
AcDbCircle
 10
3.575844002432099
 20
7.469569370215707
 30
0.0
 40
0.125
100
AcDbArc
 50
-238.47098178831857
 51
-58.47098178831857
  0
ARC
  5
45C
330
17
100
AcDbEntity
  8
SLOTS
100
AcDbCircle
 10
6.163069246984741
 20
9.056825996821287
 30
0.0
 40
0.125
100
AcDbArc
 50
-58.47098178831857
 51
121.52901821168143
  0
LINE
  5
45D
330
17
100
AcDbEntity
  8
SLOTS
100
AcDbLine
 10
7.437008851864891
 20
8.811841994821116
 30
0.0
 11
4.005682964472243
 21
6.706731601253901
 31
0.0
  0
LINE
  5
45E
330
17
100
AcDbEntity
  8
SLOTS
100
AcDbLine
 10
3.8749503823051152
 20
6.919825458415282
 30
0.0
 11
7.306276269697764
 21
9.024935851982498
 31
0.0
  0
ARC
  5
45F
330
17
100
AcDbEntity
  8
SLOTS
100
AcDbCircle
 10
3.940316673388679
 20
6.813278529834592
 30
0.0
 40
0.125
100
AcDbArc
 50
-238.4709817883186
 51
-58.470981788318596
  0
ARC
  5
460
330
17
100
AcDbEntity
  8
SLOTS
100
AcDbCircle
 10
7.371642560781328
 20
8.918388923401807
 30
0.0
 40
0.125
100
AcDbArc
 50
-58.470981788318596
 51
121.5290182116814
  0
LINE
  5
461
330
17
100
AcDbEntity
  8
SLOTS
100
AcDbLine
 10
8.402280943458734
 20
8.5241401915465
 30
0.0
 11
4.370155635428823
 21
6.050440760872786
 31
0.0
  0
LINE
  5
462
330
17
100
AcDbEntity
  8
SLOTS
100
AcDbLine
 10
4.239423053261696
 20
6.263534618034167
 30
0.0
 11
8.271548361291607
 21
8.737234048707883
 31
0.0
  0
ARC
  5
463
330
17
100
AcDbEntity
  8
SLOTS
100
AcDbCircle
 10
4.304789344345259
 20
6.1569876894534765
 30
0.0
 40
0.125
100
AcDbArc
 50
-238.4709817883186
 51
-58.470981788318596
  0
ARC
  5
464
330
17
100
AcDbEntity
  8
SLOTS
100
AcDbCircle
 10
8.336914652375171
 20
8.630687120127192
 30
0.0
 40
0.125
100
AcDbArc
 50
-58.470981788318596
 51
121.5290182116814
  0
LINE
  5
465
330
17
100
AcDbEntity
  8
SLOTS
100
AcDbLine
 10
8.460665954441998
 20
7.680065288823782
 30
0.0
 11
4.734628306385404
 21
5.394149920491669
 31
0.0
  0
LINE
  5
466
330
17
100
AcDbEntity
  8
SLOTS
100
AcDbLine
 10
4.603895724218277
 20
5.60724377765305
 30
0.0
 11
8.329933372274871
 21
7.893159145985162
 31
0.0
  0
ARC
  5
467
330
17
100
AcDbEntity
  8
SLOTS
100
AcDbCircle
 10
4.6692620153018405
 20
5.50069684907236
 30
0.0
 40
0.125
100
AcDbArc
 50
-238.4709817883186
 51
-58.470981788318596
  0
ARC
  5
468
330
17
100
AcDbEntity
  8
SLOTS
100
AcDbCircle
 10
8.395299663358434
 20
7.786612217404472
 30
0.0
 40
0.125
100
AcDbArc
 50
-58.470981788318596
 51
121.5290182116814
  0
LINE
  5
469
330
17
100
AcDbEntity
  8
SLOTS
100
AcDbLine
 10
8.481948301960855
 20
6.813227988983693
 30
0.0
 11
5.099100977341983
 21
4.737859080110554
 31
0.0
  0
LINE
  5
46A
330
17
100
AcDbEntity
  8
SLOTS
100
AcDbLine
 10
4.968368395174856
 20
4.950952937271935
 30
0.0
 11
8.351215719793728
 21
7.026321846145073
 31
0.0
  0
ARC
  5
46B
330
17
100
AcDbEntity
  8
SLOTS
100
AcDbCircle
 10
5.03373468625842
 20
4.844406008691244
 30
0.0
 40
0.125
100
AcDbArc
 50
-238.4709817883186
 51
-58.470981788318596
  0
ARC
  5
46C
330
17
100
AcDbEntity
  8
SLOTS
100
AcDbCircle
 10
8.416582010877292
 20
6.919774917564383
 30
0.0
 40
0.125
100
AcDbArc
 50
-58.470981788318596
 51
121.5290182116814
  0
LINE
  5
46D
330
17
100
AcDbEntity
  8
SLOTS
100
AcDbLine
 10
8.503230649479713
 20
5.946390689143603
 30
0.0
 11
5.4635736482985635
 21
4.081568239729439
 31
0.0
  0
LINE
  5
46E
330
17
100
AcDbEntity
  8
SLOTS
100
AcDbLine
 10
5.3328410661314365
 20
4.29466209689082
 30
0.0
 11
8.372498067312586
 21
6.159484546304983
 31
0.0
  0
ARC
  5
46F
330
17
100
AcDbEntity
  8
SLOTS
100
AcDbCircle
 10
5.398207357215
 20
4.188115168310129
 30
0.0
 40
0.125
100
AcDbArc
 50
-238.4709817883186
 51
-58.470981788318596
  0
ARC
  5
470
330
17
100
AcDbEntity
  8
SLOTS
100
AcDbCircle
 10
8.43786435839615
 20
6.052937617724293
 30
0.0
 40
0.125
100
AcDbArc
 50
-58.470981788318596
 51
121.5290182116814
  0
LINE
  5
471
330
17
100
AcDbEntity
  8
SLOTS
100
AcDbLine
 10
8.52451299699857
 20
5.079553389303514
 30
0.0
 11
5.828046319255144
 21
3.4252773993483228
 31
0.0
  0
LINE
  5
472
330
17
100
AcDbEntity
  8
SLOTS
100
AcDbLine
 10
5.697313737088017
 20
3.6383712565097044
 30
0.0
 11
8.393780414831443
 21
5.292647246464894
 31
0.0
  0
ARC
  5
473
330
17
100
AcDbEntity
  8
SLOTS
100
AcDbCircle
 10
5.76268002817158
 20
3.5318243279290136
 30
0.0
 40
0.125
100
AcDbArc
 50
-238.4709817883186
 51
-58.470981788318596
  0
ARC
  5
474
330
17
100
AcDbEntity
  8
SLOTS
100
AcDbCircle
 10
8.459146705915007
 20
5.186100317884204
 30
0.0
 40
0.125
100
AcDbArc
 50
-58.470981788318596
 51
121.5290182116814
  0
LINE
  5
475
330
17
100
AcDbEntity
  8
SLOTS
100
AcDbLine
 10
8.545795344517428
 20
4.212716089463424
 30
0.0
 11
6.192518990211724
 21
2.7689865589672067
 31
0.0
  0
LINE
  5
476
330
17
100
AcDbEntity
  8
SLOTS
100
AcDbLine
 10
6.061786408044597
 20
2.9820804161285883
 30
0.0
 11
8.415062762350301
 21
4.425809946624804
 31
0.0
  0
ARC
  5
477
330
17
100
AcDbEntity
  8
SLOTS
100
AcDbCircle
 10
6.12715269912816
 20
2.8755334875478975
 30
0.0
 40
0.125
100
AcDbArc
 50
-238.4709817883186
 51
-58.470981788318596
  0
ARC
  5
478
330
17
100
AcDbEntity
  8
SLOTS
100
AcDbCircle
 10
8.480429053433864
 20
4.319263018044114
 30
0.0
 40
0.125
100
AcDbArc
 50
-58.470981788318596
 51
121.5290182116814
  0
LINE
  5
479
330
17
100
AcDbEntity
  8
SLOTS
100
AcDbLine
 10
8.567077692036285
 20
3.3458787896233333
 30
0.0
 11
6.556991661168305
 21
2.112695718586091
 31
0.0
  0
LINE
  5
47A
330
17
100
AcDbEntity
  8
SLOTS
100
AcDbLine
 10
6.426259079001178
 20
2.3257895757474727
 30
0.0
 11
8.436345109869158
 21
3.558972646784715
 31
0.0
  0
ARC
  5
47B
330
17
100
AcDbEntity
  8
SLOTS
100
AcDbCircle
 10
6.4916253700847415
 20
2.219242647166782
 30
0.0
 40
0.125
100
AcDbArc
 50
-238.4709817883186
 51
-58.470981788318596
  0
ARC
  5
47C
330
17
100
AcDbEntity
  8
SLOTS
100
AcDbCircle
 10
8.501711400952722
 20
3.452425718204024
 30
0.0
 40
0.125
100
AcDbArc
 50
-58.470981788318596
 51
121.5290182116814
  0
LINE
  5
47D
330
17
100
AcDbEntity
  8
SLOTS
100
AcDbLine
 10
8.588360039555143
 20
2.4790414897832442
 30
0.0
 11
7.273751441172939
 21
1.6725321943254294
 31
0.0
  0
LINE
  5
47E
330
17
100
AcDbEntity
  8
SLOTS
100
AcDbLine
 10
7.143018859005812
 20
1.885626051486811
 30
0.0
 11
8.457627457388016
 21
2.692135346944626
 31
0.0
  0
ARC
  5
47F
330
17
100
AcDbEntity
  8
SLOTS
100
AcDbCircle
 10
7.208385150089375
 20
1.7790791229061202
 30
0.0
 40
0.125
100
AcDbArc
 50
-238.4709817883186
 51
-58.470981788318596
  0
ARC
  5
480
330
17
100
AcDbEntity
  8
SLOTS
100
AcDbCircle
 10
8.52299374847158
 20
2.585588418363935
 30
0.0
 40
0.125
100
AcDbArc
 50
-58.470981788318596
 51
121.5290182116814
  0
LINE
  5
481
330
17
100
AcDbEntity
  8
SLOTS
100
AcDbLine
 10
8.609642387074
 20
1.6122041899431556
 30
0.0
 11
8.09779510721239
 21
1.2981870828200144
 31
0.0
  0
LINE
  5
482
330
17
100
AcDbEntity
  8
SLOTS
100
AcDbLine
 10
7.967062525045263
 20
1.5112809399813956
 30
0.0
 11
8.478909804906873
 21
1.8252980471045368
 31
0.0
  0
ARC
  5
483
330
17
100
AcDbEntity
  8
SLOTS
100
AcDbCircle
 10
8.032428816128826
 20
1.404734011400705
 30
0.0
 40
0.125
100
AcDbArc
 50
-238.47098178831857
 51
-58.47098178831857
  0
ARC
  5
484
330
17
100
AcDbEntity
  8
SLOTS
100
AcDbCircle
 10
8.544276095990437
 20
1.7187511185238462
 30
0.0
 40
0.125
100
AcDbArc
 50
-58.47098178831857
 51
121.52901821168143
  0
LINE
  5
485
330
17
100
AcDbEntity
  8
SLOTS
100
AcDbLine
 10
1.2091387619761684
 20
2.720067133437954
 30
0.0
 11
2.125446690193358
 21
1.8860700441998588
 31
0.0
  0
LINE
  5
486
330
17
100
AcDbEntity
  8
SLOTS
100
AcDbLine
 10
1.9571691662410216
 20
1.7011844716624898
 30
0.0
 11
1.0408612380238316
 21
2.5351815609005848
 31
0.0
  0
ARC
  5
487
330
17
100
AcDbEntity
  8
SLOTS
100
AcDbCircle
 10
2.04130792821719
 20
1.7936272579311743
 30
0.0
 40
0.125
100
AcDbArc
 50
-132.30755970053121
 51
47.69244029946877
  0
ARC
  5
488
330
17
100
AcDbEntity
  8
SLOTS
100
AcDbCircle
 10
1.125
 20
2.6276243471692693
 30
0.0
 40
0.125
100
AcDbArc
 50
47.69244029946877
 51
227.69244029946879
  0
LINE
  5
489
330
17
100
AcDbEntity
  8
SLOTS
100
AcDbLine
 10
1.2091387619761684
 20
3.7342079202324596
 30
0.0
 11
3.1455322346278036
 21
1.9717583439713187
 31
0.0
  0
LINE
  5
48A
330
17
100
AcDbEntity
  8
SLOTS
100
AcDbLine
 10
2.9772547106754663
 20
1.7868727714339496
 30
0.0
 11
1.0408612380238316
 21
3.5493223476950906
 31
0.0
  0
ARC
  5
48B
330
17
100
AcDbEntity
  8
SLOTS
100
AcDbCircle
 10
3.061393472651635
 20
1.8793155577026341
 30
0.0
 40
0.125
100
AcDbArc
 50
-132.30755970053121
 51
47.69244029946877
  0
ARC
  5
48C
330
17
100
AcDbEntity
  8
SLOTS
100
AcDbCircle
 10
1.125
 20
3.641765133963775
 30
0.0
 40
0.125
100
AcDbArc
 50
47.69244029946877
 51
227.69244029946879
  0
LINE
  5
48D
330
17
100
AcDbEntity
  8
SLOTS
100
AcDbLine
 10
1.2091387619761684
 20
4.748348707026965
 30
0.0
 11
4.165617779062249
 21
2.0574466437427783
 31
0.0
  0
LINE
  5
48E
330
17
100
AcDbEntity
  8
SLOTS
100
AcDbLine
 10
3.9973402551099113
 20
1.8725610712054095
 30
0.0
 11
1.0408612380238316
 21
4.563463134489597
 31
0.0
  0
ARC
  5
48F
330
17
100
AcDbEntity
  8
SLOTS
100
AcDbCircle
 10
4.08147901708608
 20
1.965003857474094
 30
0.0
 40
0.125
100
AcDbArc
 50
-132.30755970053121
 51
47.69244029946877
  0
ARC
  5
490
330
17
100
AcDbEntity
  8
SLOTS
100
AcDbCircle
 10
1.125
 20
4.655905920758281
 30
0.0
 40
0.125
100
AcDbArc
 50
47.69244029946877
 51
227.69244029946879
  0
LINE
  5
491
330
17
100
AcDbEntity
  8
SLOTS
100
AcDbLine
 10
1.2091387619761684
 20
5.762489493821471
 30
0.0
 11
5.1857033234966945
 21
2.1431349435142386
 31
0.0
  0
LINE
  5
492
330
17
100
AcDbEntity
  8
SLOTS
100
AcDbLine
 10
5.017425799544357
 20
1.9582493709768696
 30
0.0
 11
1.0408612380238316
 21
5.577603921284103
 31
0.0
  0
ARC
  5
493
330
17
100
AcDbEntity
  8
SLOTS
100
AcDbCircle
 10
5.101564561520526
 20
2.050692157245554
 30
0.0
 40
0.125
100
AcDbArc
 50
-132.30755970053121
 51
47.69244029946877
  0
ARC
  5
494
330
17
100
AcDbEntity
  8
SLOTS
100
AcDbCircle
 10
1.125
 20
5.670046707552787
 30
0.0
 40
0.125
100
AcDbArc
 50
47.69244029946877
 51
227.69244029946879
  0
LINE
  5
495
330
17
100
AcDbEntity
  8
SLOTS
100
AcDbLine
 10
1.2091387619761684
 20
6.776630280615977
 30
0.0
 11
5.312216408483332
 21
3.042127163565821
 31
0.0
  0
LINE
  5
496
330
17
100
AcDbEntity
  8
SLOTS
100
AcDbLine
 10
5.143938884530995
 20
2.857241591028452
 30
0.0
 11
1.0408612380238316
 21
6.5917447080786085
 31
0.0
  0
ARC
  5
497
330
17
100
AcDbEntity
  8
SLOTS
100
AcDbCircle
 10
5.228077646507163
 20
2.9496843772971366
 30
0.0
 40
0.125
100
AcDbArc
 50
-132.30755970053121
 51
47.69244029946878
  0
ARC
  5
498
330
17
100
AcDbEntity
  8
SLOTS
100
AcDbCircle
 10
1.125
 20
6.6841874943472925
 30
0.0
 40
0.125
100
AcDbArc
 50
47.69244029946878
 51
227.69244029946879
  0
LINE
  5
499
330
17
100
AcDbEntity
  8
SLOTS
100
AcDbLine
 10
1.841782729105331
 20
7.214956746850876
 30
0.0
 11
4.173356028951396
 21
5.09282587191647
 31
0.0
  0
LINE
  5
49A
330
17
100
AcDbEntity
  8
SLOTS
100
AcDbLine
 10
4.005078504999059
 20
4.907940299379102
 30
0.0
 11
1.6735052051529942
 21
7.030071174313508
 31
0.0
  0
ARC
  5
49B
330
17
100
AcDbEntity
  8
SLOTS
100
AcDbCircle
 10
4.089217266975227
 20
5.000383085647786
 30
0.0
 40
0.125
100
AcDbArc
 50
-132.30755970053121
 51
47.69244029946877
  0
ARC
  5
49C
330
17
100
AcDbEntity
  8
SLOTS
100
AcDbCircle
 10
1.7576439671291626
 20
7.122513960582192
 30
0.0
 40
0.125
100
AcDbArc
 50
47.69244029946877
 51
227.69244029946879
  0
LINE
  5
49D
330
17
100
AcDbEntity
  8
SLOTS
100
AcDbLine
 10
2.807992649374072
 20
7.34968108827539
 30
0.0
 11
3.0344956494194624
 21
7.1435245802671155
 31
0.0
  0
LINE
  5
49E
330
17
100
AcDbEntity
  8
SLOTS
100
AcDbLine
 10
2.866218125467125
 20
6.958639007729747
 30
0.0
 11
2.6397151254217346
 21
7.164795515738022
 31
0.0
  0
ARC
  5
49F
330
17
100
AcDbEntity
  8
SLOTS
100
AcDbCircle
 10
2.9503568874432937
 20
7.051081793998431
 30
0.0
 40
0.125
100
AcDbArc
 50
-132.30755970053136
 51
47.69244029946864
  0
ARC
  5
4A0
330
17
100
AcDbEntity
  8
SLOTS
100
AcDbCircle
 10
2.7238538873979032
 20
7.257238302006706
 30
0.0
 40
0.125
100
AcDbArc
 50
47.69244029946864
 51
227.69244029946864
  0
LINE
  5
4A1
330
17
100
AcDbEntity
  8
SLOTS
100
AcDbLine
 10
1.2278535393060674
 20
8.926502352841668
 30
0.0
 11
1.8981012462892097
 21
7.956049316314973
 31
0.0
  0
LINE
  5
4A2
330
17
100
AcDbEntity
  8
SLOTS
100
AcDbLine
 10
1.6923941676770748
 20
7.813976807331493
 30
0.0
 11
1.0221464606939326
 21
8.784429843858186
 31
0.0
  0
ARC
  5
4A3
330
17
100
AcDbEntity
  8
SLOTS
100
AcDbCircle
 10
1.7952477069831423
 20
7.885013061823233
 30
0.0
 40
0.125
100
AcDbArc
 50
-145.3689293658074
 51
34.63107063419261
  0
ARC
  5
4A4
330
17
100
AcDbEntity
  8
SLOTS
100
AcDbCircle
 10
1.125
 20
8.855466098349927
 30
0.0
 40
0.125
100
AcDbArc
 50
34.63107063419261
 51
214.6310706341926
  0
LINE
  5
4A5
330
17
100
AcDbEntity
  8
SLOTS
100
AcDbLine
 10
1.2278535393060674
 20
10.246250989235513
 30
0.0
 11
2.72952383920286
 21
8.071979466612536
 31
0.0
  0
LINE
  5
4A6
330
17
100
AcDbEntity
  8
SLOTS
100
AcDbLine
 10
2.523816760590725
 20
7.929906957629057
 30
0.0
 11
1.0221464606939326
 21
10.104178480252035
 31
0.0
  0
ARC
  5
4A7
330
17
100
AcDbEntity
  8
SLOTS
100
AcDbCircle
 10
2.6266702998967926
 20
8.000943212120797
 30
0.0
 40
0.125
100
AcDbArc
 50
-145.3689293658074
 51
34.6310706341926
  0
ARC
  5
4A8
330
17
100
AcDbEntity
  8
SLOTS
100
AcDbCircle
 10
1.125
 20
10.175214734743774
 30
0.0
 40
0.125
100
AcDbArc
 50
34.6310706341926
 51
214.6310706341926
  0
LINE
  5
4A9
330
17
100
AcDbEntity
  8
SLOTS
100
AcDbLine
 10
1.2278535393060674
 20
11.565999625629356
 30
0.0
 11
3.274680809158612
 21
8.602394202471967
 31
0.0
  0
LINE
  5
4AA
330
17
100
AcDbEntity
  8
SLOTS
100
AcDbLine
 10
3.0689737305464773
 20
8.460321693488485
 30
0.0
 11
1.0221464606939326
 21
11.423927116645878
 31
0.0
  0
ARC
  5
4AB
330
17
100
AcDbEntity
  8
SLOTS
100
AcDbCircle
 10
3.1718272698525447
 20
8.531357947980226
 30
0.0
 40
0.125
100
AcDbArc
 50
-145.3689293658074
 51
34.63107063419261
  0
ARC
  5
4AC
330
17
100
AcDbEntity
  8
SLOTS
100
AcDbCircle
 10
1.125
 20
11.494963371137617
 30
0.0
 40
0.125
100
AcDbArc
 50
34.63107063419261
 51
214.6310706341926
  0
LINE
  5
4AD
330
17
100
AcDbEntity
  8
SLOTS
100
AcDbLine
 10
1.3140963120485947
 20
12.760877173596528
 30
0.0
 11
3.327738907669662
 21
9.845319908662669
 31
0.0
  0
LINE
  5
4AE
330
17
100
AcDbEntity
  8
SLOTS
100
AcDbLine
 10
3.1220318290575273
 20
9.70324739967919
 30
0.0
 11
1.1083892334364598
 21
12.61880466461305
 31
0.0
  0
ARC
  5
4AF
330
17
100
AcDbEntity
  8
SLOTS
100
AcDbCircle
 10
3.2248853683635947
 20
9.77428365417093
 30
0.0
 40
0.125
100
AcDbArc
 50
-145.3689293658074
 51
34.6310706341926
  0
ARC
  5
4B0
330
17
100
AcDbEntity
  8
SLOTS
100
AcDbCircle
 10
1.2112427727425272
 20
12.689840919104789
 30
0.0
 40
0.125
100
AcDbArc
 50
34.6310706341926
 51
214.6310706341926
  0
LINE
  5
4B1
330
17
100
AcDbEntity
  8
SLOTS
100
AcDbLine
 10
1.9976595224826517
 20
13.090893228569767
 30
0.0
 11
2.4891571887133592
 21
12.379252744507102
 31
0.0
  0
LINE
  5
4B2
330
17
100
AcDbEntity
  8
SLOTS
100
AcDbLine
 10
2.2834501101012243
 20
12.237180235523624
 30
0.0
 11
1.7919524438705168
 21
12.948820719586289
 31
0.0
  0
ARC
  5
4B3
330
17
100
AcDbEntity
  8
SLOTS
100
AcDbCircle
 10
2.386303649407292
 20
12.308216490015363
 30
0.0
 40
0.125
100
AcDbArc
 50
-145.36892936580742
 51
34.63107063419259
  0
ARC
  5
4B4
330
17
100
AcDbEntity
  8
SLOTS
100
AcDbCircle
 10
1.8948059831765842
 20
13.019856974078028
 30
0.0
 40
0.125
100
AcDbArc
 50
34.63107063419259
 51
214.63107063419258
  0
LINE
  5
4B5
330
17
100
AcDbEntity
  8
SLOTS
100
AcDbLine
 10
6.555543144255012
 20
1.1288436540575442
 30
0.0
 11
3.285916918530288
 21
1.020254703049529
 31
0.0
  0
LINE
  5
4B6
330
17
100
AcDbEntity
  8
SLOTS
100
AcDbLine
 10
3.2776186371467833
 20
1.2701169421455563
 30
0.0
 11
6.547244862871507
 21
1.3787058931535714
 31
0.0
  0
ARC
  5
4B7
330
17
100
AcDbEntity
  8
SLOTS
100
AcDbCircle
 10
3.2817677778385357
 20
1.1451858225975426
 30
0.0
 40
0.125
100
AcDbArc
 50
-268.09782459134385
 51
-88.09782459134385
  0
ARC
  5
4B8
330
17
100
AcDbEntity
  8
SLOTS
100
AcDbCircle
 10
6.551394003563259
 20
1.2537747736055578
 30
0.0
 40
0.125
100
AcDbArc
 50
-88.09782459134385
 51
91.90217540865615
  0
LINE
  5
4B9
330
17
100
AcDbEntity
  8
SLOTS
100
AcDbLine
 10
27.006748253071304
 20
29.769041198816705
 30
0.0
 11
26.578637421349764
 21
29.50110364859337
 31
0.0
  0
LINE
  5
4BA
330
17
100
AcDbEntity
  8
SLOTS
100
AcDbLine
 10
26.4460066187163
 20
29.71302125095996
 30
0.0
 11
26.87411745043784
 21
29.980958801183295
 31
0.0
  0
ARC
  5
4BB
330
17
100
AcDbEntity
  8
SLOTS
100
AcDbCircle
 10
26.512322020033032
 20
29.607062449776667
 30
0.0
 40
0.125
100
AcDbArc
 50
-237.95918712628153
 51
-57.959187126281535
  0
ARC
  5
4BC
330
17
100
AcDbEntity
  8
SLOTS
100
AcDbCircle
 10
26.940432851754572
 20
29.875
 30
0.0
 40
0.125
100
AcDbArc
 50
-57.959187126281535
 51
122.04081287371847
  0
LINE
  5
4BD
330
17
100
AcDbEntity
  8
SLOTS
100
AcDbLine
 10
28.42044700386734
 20
29.769041198816705
 30
0.0
 11
26.699937974545218
 21
28.692242995417025
 31
0.0
  0
LINE
  5
4BE
330
17
100
AcDbEntity
  8
SLOTS
100
AcDbLine
 10
26.567307171911754
 20
28.904160597783616
 30
0.0
 11
28.287816201233877
 21
29.980958801183295
 31
0.0
  0
ARC
  5
4BF
330
17
100
AcDbEntity
  8
SLOTS
100
AcDbCircle
 10
26.633622573228486
 20
28.79820179660032
 30
0.0
 40
0.125
100
AcDbArc
 50
-237.95918712628142
 51
-57.95918712628142
  0
ARC
  5
4C0
330
17
100
AcDbEntity
  8
SLOTS
100
AcDbCircle
 10
28.35413160255061
 20
29.875
 30
0.0
 40
0.125
100
AcDbArc
 50
-57.95918712628142
 51
122.04081287371858
  0
LINE
  5
4C1
330
17
100
AcDbEntity
  8
SLOTS
100
AcDbLine
 10
29.834145754663364
 20
29.769041198816705
 30
0.0
 11
26.821238527740675
 21
27.883382342240687
 31
0.0
  0
LINE
  5
4C2
330
17
100
AcDbEntity
  8
SLOTS
100
AcDbLine
 10
26.68860772510721
 20
28.095299944607277
 30
0.0
 11
29.7015149520299
 21
29.980958801183295
 31
0.0
  0
ARC
  5
4C3
330
17
100
AcDbEntity
  8
SLOTS
100
AcDbCircle
 10
26.754923126423943
 20
27.98934114342398
 30
0.0
 40
0.125
100
AcDbArc
 50
-237.95918712628136
 51
-57.959187126281364
  0
ARC
  5
4C4
330
17
100
AcDbEntity
  8
SLOTS
100
AcDbCircle
 10
29.767830353346632
 20
29.875
 30
0.0
 40
0.125
100
AcDbArc
 50
-57.959187126281364
 51
122.04081287371864
  0
LINE
  5
4C5
330
17
100
AcDbEntity
  8
SLOTS
100
AcDbLine
 10
30.80089311786434
 20
29.489312093669852
 30
0.0
 11
27.380967831221096
 21
27.348916814332373
 31
0.0
  0
LINE
  5
4C6
330
17
100
AcDbEntity
  8
SLOTS
100
AcDbLine
 10
27.24833702858763
 20
27.560834416698963
 30
0.0
 11
30.668262315230876
 21
29.701229696036442
 31
0.0
  0
ARC
  5
4C7
330
17
100
AcDbEntity
  8
SLOTS
100
AcDbCircle
 10
27.314652429904363
 20
27.454875615515668
 30
0.0
 40
0.125
100
AcDbArc
 50
-237.95918712628142
 51
-57.95918712628142
  0
ARC
  5
4C8
330
17
100
AcDbEntity
  8
SLOTS
100
AcDbCircle
 10
30.73457771654761
 20
29.595270894853147
 30
0.0
 40
0.125
100
AcDbArc
 50
-57.95918712628142
 51
122.04081287371858
  0
LINE
  5
4C9
330
17
100
AcDbEntity
  8
SLOTS
100
AcDbLine
 10
30.572541756738897
 20
28.461618207572702
 30
0.0
 11
28.07482271552814
 21
26.898395155362046
 31
0.0
  0
LINE
  5
4CA
330
17
100
AcDbEntity
  8
SLOTS
100
AcDbLine
 10
27.942191912894675
 20
27.110312757728636
 30
0.0
 11
30.439910954105432
 21
28.673535809939292
 31
0.0
  0
ARC
  5
4CB
330
17
100
AcDbEntity
  8
SLOTS
100
AcDbCircle
 10
28.008507314211407
 20
27.00435395654534
 30
0.0
 40
0.125
100
AcDbArc
 50
-237.95918712628136
 51
-57.959187126281364
  0
ARC
  5
4CC
330
17
100
AcDbEntity
  8
SLOTS
100
AcDbCircle
 10
30.506226355422164
 20
28.567577008755997
 30
0.0
 40
0.125
100
AcDbArc
 50
-57.959187126281364
 51
122.04081287371864
  0
LINE
  5
4CD
330
17
100
AcDbEntity
  8
SLOTS
100
AcDbLine
 10
30.344190395613456
 20
27.43392432147555
 30
0.0
 11
28.76867759983518
 21
26.447873496391722
 31
0.0
  0
LINE
  5
4CE
330
17
100
AcDbEntity
  8
SLOTS
100
AcDbLine
 10
28.636046797201715
 20
26.659791098758312
 30
0.0
 11
30.21155959297999
 21
27.64584192384214
 31
0.0
  0
ARC
  5
4CF
330
17
100
AcDbEntity
  8
SLOTS
100
AcDbCircle
 10
28.702362198518447
 20
26.553832297575017
 30
0.0
 40
0.125
100
AcDbArc
 50
-237.95918712628136
 51
-57.959187126281364
  0
ARC
  5
4D0
330
17
100
AcDbEntity
  8
SLOTS
100
AcDbCircle
 10
30.277874994296724
 20
27.539883122658846
 30
0.0
 40
0.125
100
AcDbArc
 50
-57.959187126281364
 51
122.04081287371864
  0
LINE
  5
4D1
330
17
100
AcDbEntity
  8
SLOTS
100
AcDbLine
 10
30.115839034488015
 20
26.4062304353784
 30
0.0
 11
29.462532484142223
 21
25.997351837421398
 31
0.0
  0
LINE
  5
4D2
330
17
100
AcDbEntity
  8
SLOTS
100
AcDbLine
 10
29.32990168150876
 20
26.209269439787988
 30
0.0
 11
29.98320823185455
 21
26.61814803774499
 31
0.0
  0
ARC
  5
4D3
330
17
100
AcDbEntity
  8
SLOTS
100
AcDbCircle
 10
29.39621708282549
 20
26.103310638604693
 30
0.0
 40
0.125
100
AcDbArc
 50
-237.95918712628136
 51
-57.959187126281364
  0
ARC
  5
4D4
330
17
100
AcDbEntity
  8
SLOTS
100
AcDbCircle
 10
30.049523633171283
 20
26.512189236561696
 30
0.0
 40
0.125
100
AcDbArc
 50
-57.959187126281364
 51
122.04081287371864
  0
LINE
  5
4D5
330
17
100
AcDbEntity
  8
SLOTS
100
AcDbLine
 10
15.446460378061703
 20
27.992380685240008
 30
0.0
 11
20.63050498892023
 21
29.134946194104757
 31
0.0
  0
LINE
  5
4D6
330
17
100
AcDbEntity
  8
SLOTS
100
AcDbLine
 10
20.68431367183254
 20
28.8908056082874
 30
0.0
 11
15.500269060974011
 21
27.748240099422652
 31
0.0
  0
ARC
  5
4D7
330
17
100
AcDbEntity
  8
SLOTS
100
AcDbCircle
 10
20.657409330376385
 20
29.01287590119608
 30
0.0
 40
0.125
100
AcDbArc
 50
-77.57070114551702
 51
102.42929885448298
  0
ARC
  5
4D8
330
17
100
AcDbEntity
  8
SLOTS
100
AcDbCircle
 10
15.473364719517857
 20
27.87031039233133
 30
0.0
 40
0.125
100
AcDbArc
 50
102.42929885448298
 51
282.42929885448297
  0
LINE
  5
4D9
330
17
100
AcDbEntity
  8
SLOTS
100
AcDbLine
 10
14.846500275608097
 20
28.628149361584367
 30
0.0
 11
20.23290497018282
 21
29.815315113961837
 31
0.0
  0
LINE
  5
4DA
330
17
100
AcDbEntity
  8
SLOTS
100
AcDbLine
 10
20.28671365309513
 20
29.571174528144482
 30
0.0
 11
14.900308958520405
 21
28.38400877576701
 31
0.0
  0
ARC
  5
4DB
330
17
100
AcDbEntity
  8
SLOTS
100
AcDbCircle
 10
20.259809311638975
 20
29.69324482105316
 30
0.0
 40
0.125
100
AcDbArc
 50
-77.57070114551702
 51
102.42929885448298
  0
ARC
  5
4DC
330
17
100
AcDbEntity
  8
SLOTS
100
AcDbCircle
 10
14.873404617064251
 20
28.50607906867569
 30
0.0
 40
0.125
100
AcDbArc
 50
102.42929885448298
 51
282.42929885448297
  0
LINE
  5
4DD
330
17
100
AcDbEntity
  8
SLOTS
100
AcDbLine
 10
14.656765791850736
 20
29.354331928618105
 30
0.0
 11
17.57299626418771
 21
29.997070292908678
 31
0.0
  0
LINE
  5
4DE
330
17
100
AcDbEntity
  8
SLOTS
100
AcDbLine
 10
17.626804947100016
 20
29.752929707091322
 30
0.0
 11
14.710574474763044
 21
29.11019134280075
 31
0.0
  0
ARC
  5
4DF
330
17
100
AcDbEntity
  8
SLOTS
100
AcDbCircle
 10
17.599900605643864
 20
29.875
 30
0.0
 40
0.125
100
AcDbArc
 50
-77.57070114551706
 51
102.42929885448294
  0
ARC
  5
4E0
330
17
100
AcDbEntity
  8
SLOTS
100
AcDbCircle
 10
14.68367013330689
 20
29.232261635709428
 30
0.0
 40
0.125
100
AcDbArc
 50
102.42929885448294
 51
282.4292988544829
  0
LINE
  5
4E1
330
17
100
AcDbEntity
  8
SLOTS
100
AcDbLine
 10
28.847280284170925
 20
3.335344077506801
 30
0.0
 11
28.859938463601996
 21
3.6126453093441415
 31
0.0
  0
LINE
  5
4E2
330
17
100
AcDbEntity
  8
SLOTS
100
AcDbLine
 10
29.109678405225214
 20
3.601245241009695
 30
0.0
 11
29.097020225794143
 21
3.3239440091723544
 31
0.0
  0
ARC
  5
4E3
330
17
100
AcDbEntity
  8
SLOTS
100
AcDbCircle
 10
28.984808434413605
 20
3.606945275176918
 30
0.0
 40
0.125
100
AcDbArc
 50
-2.6136095244954163
 51
177.38639047550458
  0
ARC
  5
4E4
330
17
100
AcDbEntity
  8
SLOTS
100
AcDbCircle
 10
28.972150254982534
 20
3.3296440433395778
 30
0.0
 40
0.125
100
AcDbArc
 50
177.38639047550458
 51
357.3863904755046
  0
LINE
  5
4E5
330
17
100
AcDbEntity
  8
SLOTS
100
AcDbLine
 10
28.077627553597562
 20
2.921923046572852
 30
0.0
 11
28.199555658234015
 21
5.592987538539602
 31
0.0
  0
LINE
  5
4E6
330
17
100
AcDbEntity
  8
SLOTS
100
AcDbLine
 10
28.449295599857233
 20
5.581587470205155
 30
0.0
 11
28.32736749522078
 21
2.9105229782384043
 31
0.0
  0
ARC
  5
4E7
330
17
100
AcDbEntity
  8
SLOTS
100
AcDbCircle
 10
28.324425629045624
 20
5.587287504372378
 30
0.0
 40
0.125
100
AcDbArc
 50
-2.6136095244956437
 51
177.38639047550436
  0
ARC
  5
4E8
330
17
100
AcDbEntity
  8
SLOTS
100
AcDbCircle
 10
28.20249752440917
 20
2.916223012405628
 30
0.0
 40
0.125
100
AcDbArc
 50
177.38639047550436
 51
357.38639047550436
  0
LINE
  5
4E9
330
17
100
AcDbEntity
  8
SLOTS
100
AcDbLine
 10
27.307974823024193
 20
2.5085020156389004
 30
0.0
 11
27.491884978781318
 21
6.537399932322085
 31
0.0
  0
LINE
  5
4EA
330
17
100
AcDbEntity
  8
SLOTS
100
AcDbLine
 10
27.741624920404536
 20
6.5259998639876375
 30
0.0
 11
27.55771476464741
 21
2.497101947304453
 31
0.0
  0
ARC
  5
4EB
330
17
100
AcDbEntity
  8
SLOTS
100
AcDbCircle
 10
27.616754949592927
 20
6.531699898154861
 30
0.0
 40
0.125
100
AcDbArc
 50
-2.6136095244956437
 51
177.38639047550436
  0
ARC
  5
4EC
330
17
100
AcDbEntity
  8
SLOTS
100
AcDbCircle
 10
27.4328447938358
 20
2.5028019814716767
 30
0.0
 40
0.125
100
AcDbArc
 50
177.38639047550436
 51
357.38639047550436
  0
LINE
  5
4ED
330
17
100
AcDbEntity
  8
SLOTS
100
AcDbLine
 10
26.53832209245083
 20
2.095080984704951
 30
0.0
 11
26.742067449549324
 21
6.558506298922193
 31
0.0
  0
LINE
  5
4EE
330
17
100
AcDbEntity
  8
SLOTS
100
AcDbLine
 10
26.991807391172543
 20
6.547106230587746
 30
0.0
 11
26.78806203407405
 21
2.0836809163705037
 31
0.0
  0
ARC
  5
4EF
330
17
100
AcDbEntity
  8
SLOTS
100
AcDbCircle
 10
26.866937420360934
 20
6.552806264754969
 30
0.0
 40
0.125
100
AcDbArc
 50
-2.613609524495658
 51
177.38639047550436
  0
ARC
  5
4F0
330
17
100
AcDbEntity
  8
SLOTS
100
AcDbCircle
 10
26.66319206326244
 20
2.0893809505377274
 30
0.0
 40
0.125
100
AcDbArc
 50
177.38639047550436
 51
357.38639047550436
  0
LINE
  5
4F1
330
17
100
AcDbEntity
  8
SLOTS
100
AcDbLine
 10
25.768669361877468
 20
1.6816599537710017
 30
0.0
 11
25.98570821155244
 21
6.436304229368173
 31
0.0
  0
LINE
  5
4F2
330
17
100
AcDbEntity
  8
SLOTS
100
AcDbLine
 10
26.235448153175657
 20
6.424904161033726
 30
0.0
 11
26.018409303500686
 21
1.6702598854365542
 31
0.0
  0
ARC
  5
4F3
330
17
100
AcDbEntity
  8
SLOTS
100
AcDbCircle
 10
26.110578182364048
 20
6.430604195200949
 30
0.0
 40
0.125
100
AcDbArc
 50
-2.613609524495658
 51
177.38639047550436
  0
ARC
  5
4F4
330
17
100
AcDbEntity
  8
SLOTS
100
AcDbCircle
 10
25.893539332689077
 20
1.675959919603778
 30
0.0
 40
0.125
100
AcDbArc
 50
177.38639047550436
 51
357.38639047550436
  0
LINE
  5
4F5
330
17
100
AcDbEntity
  8
SLOTS
100
AcDbLine
 10
24.999016631304098
 20
1.2682389228370503
 30
0.0
 11
25.1336190046561
 21
4.2169571126832945
 31
0.0
  0
LINE
  5
4F6
330
17
100
AcDbEntity
  8
SLOTS
100
AcDbLine
 10
25.38335894627932
 20
4.205557044348847
 30
0.0
 11
25.248756572927316
 21
1.2568388545026028
 31
0.0
  0
ARC
  5
4F7
330
17
100
AcDbEntity
  8
SLOTS
100
AcDbCircle
 10
25.25848897546771
 20
4.211257078516071
 30
0.0
 40
0.125
100
AcDbArc
 50
-2.613609524495658
 51
177.38639047550436
  0
ARC
  5
4F8
330
17
100
AcDbEntity
  8
SLOTS
100
AcDbCircle
 10
25.123886602115707
 20
1.2625388886698266
 30
0.0
 40
0.125
100
AcDbArc
 50
177.38639047550436
 51
357.38639047550436
  0
LINE
  5
4F9
330
17
100
AcDbEntity
  8
SLOTS
100
AcDbLine
 10
21.916458120972507
 20
29.911683154744527
 30
0.0
 11
22.13662690914991
 21
29.194478276089097
 31
0.0
  0
LINE
  5
4FA
330
17
100
AcDbEntity
  8
SLOTS
100
AcDbLine
 10
21.897634472801066
 20
29.121111966600044
 30
0.0
 11
21.677465684623662
 21
29.838316845255473
 31
0.0
  0
ARC
  5
4FB
330
17
100
AcDbEntity
  8
SLOTS
100
AcDbCircle
 10
22.01713069097549
 20
29.15779512134457
 30
0.0
 40
0.125
100
AcDbArc
 50
-162.934470880451
 51
17.065529119549026
  0
ARC
  5
4FC
330
17
100
AcDbEntity
  8
SLOTS
100
AcDbCircle
 10
21.796961902798085
 20
29.875
 30
0.0
 40
0.125
100
AcDbArc
 50
17.065529119549026
 51
197.065529119549
  0
LINE
  5
4FD
330
17
100
AcDbEntity
  8
SLOTS
100
AcDbLine
 10
22.701001777937098
 20
29.911683154744523
 30
0.0
 11
22.785437238261554
 21
29.636632705598103
 31
0.0
  0
LINE
  5
4FE
330
17
100
AcDbEntity
  8
SLOTS
100
AcDbLine
 10
22.54644480191271
 20
29.563266396109057
 30
0.0
 11
22.462009341588253
 21
29.838316845255477
 31
0.0
  0
ARC
  5
4FF
330
17
100
AcDbEntity
  8
SLOTS
100
AcDbCircle
 10
22.665941020087132
 20
29.59994955085358
 30
0.0
 40
0.125
100
AcDbArc
 50
-162.93447088045107
 51
17.065529119548927
  0
ARC
  5
500
330
17
100
AcDbEntity
  8
SLOTS
100
AcDbCircle
 10
22.581505559762675
 20
29.875
 30
0.0
 40
0.125
100
AcDbArc
 50
17.065529119548927
 51
197.06552911954893
  0
LINE
  5
501
330
17
100
AcDbEntity
  8
SLOTS
100
AcDbLine
 10
24.81648519837575
 20
6.175746661975198
 30
0.0
 11
23.27432922324353
 21
7.096770095059957
 31
0.0
  0
LINE
  5
502
330
17
100
AcDbEntity
  8
SLOTS
100
AcDbLine
 10
23.40251589969228
 20
7.31140507818485
 30
0.0
 11
24.9446718748245
 21
6.390381645100092
 31
0.0
  0
ARC
  5
503
330
17
100
AcDbEntity
  8
SLOTS
100
AcDbCircle
 10
23.338422561467905
 20
7.2040875866224034
 30
0.0
 40
0.125
100
AcDbArc
 50
59.15303974827876
 51
239.15303974827876
  0
ARC
  5
504
330
17
100
AcDbEntity
  8
SLOTS
100
AcDbCircle
 10
24.880578536600126
 20
6.283064153537645
 30
0.0
 40
0.125
100
AcDbArc
 50
239.15303974827876
 51
419.15303974827873
  0
LINE
  5
505
330
17
100
AcDbEntity
  8
SLOTS
100
AcDbLine
 10
24.67039265936953
 20
5.389421522831289
 30
0.0
 11
22.519979508365044
 21
6.673715028044959
 31
0.0
  0
LINE
  5
506
330
17
100
AcDbEntity
  8
SLOTS
100
AcDbLine
 10
22.648166184813793
 20
6.888350011169853
 30
0.0
 11
24.79857933581828
 21
5.604056505956183
 31
0.0
  0
ARC
  5
507
330
17
100
AcDbEntity
  8
SLOTS
100
AcDbCircle
 10
22.584072846589418
 20
6.781032519607406
 30
0.0
 40
0.125
100
AcDbArc
 50
59.15303974827873
 51
239.15303974827873
  0
ARC
  5
508
330
17
100
AcDbEntity
  8
SLOTS
100
AcDbCircle
 10
24.734485997593904
 20
5.496739014393736
 30
0.0
 40
0.125
100
AcDbArc
 50
239.15303974827873
 51
419.15303974827873
  0
LINE
  5
509
330
17
100
AcDbEntity
  8
SLOTS
100
AcDbLine
 10
24.524300120363307
 20
4.603096383687379
 30
0.0
 11
22.310653064688648
 21
5.925155140215321
 31
0.0
  0
LINE
  5
50A
330
17
100
AcDbEntity
  8
SLOTS
100
AcDbLine
 10
22.438839741137397
 20
6.139790123340215
 30
0.0
 11
24.652486796812056
 21
4.817731366812272
 31
0.0
  0
ARC
  5
50B
330
17
100
AcDbEntity
  8
SLOTS
100
AcDbCircle
 10
22.374746402913022
 20
6.032472631777768
 30
0.0
 40
0.125
100
AcDbArc
 50
59.15303974827873
 51
239.15303974827873
  0
ARC
  5
50C
330
17
100
AcDbEntity
  8
SLOTS
100
AcDbCircle
 10
24.58839345858768
 20
4.7104138752498255
 30
0.0
 40
0.125
100
AcDbArc
 50
239.15303974827873
 51
419.15303974827873
  0
LINE
  5
50D
330
17
100
AcDbEntity
  8
SLOTS
100
AcDbLine
 10
24.378207581357085
 20
3.81677124454347
 30
0.0
 11
22.101326621012255
 21
5.176595252385686
 31
0.0
  0
LINE
  5
50E
330
17
100
AcDbEntity
  8
SLOTS
100
AcDbLine
 10
22.229513297461004
 20
5.39123023551058
 30
0.0
 11
24.506394257805834
 21
4.031406227668365
 31
0.0
  0
ARC
  5
50F
330
17
100
AcDbEntity
  8
SLOTS
100
AcDbCircle
 10
22.16541995923663
 20
5.283912743948133
 30
0.0
 40
0.125
100
AcDbArc
 50
59.15303974827873
 51
239.15303974827873
  0
ARC
  5
510
330
17
100
AcDbEntity
  8
SLOTS
100
AcDbCircle
 10
24.44230091958146
 20
3.9240887361059174
 30
0.0
 40
0.125
100
AcDbArc
 50
239.15303974827873
 51
419.15303974827873
  0
LINE
  5
511
330
17
100
AcDbEntity
  8
SLOTS
100
AcDbLine
 10
24.232115042350863
 20
3.0304461053995615
 30
0.0
 11
21.89200017733586
 21
4.4280353645560515
 31
0.0
  0
LINE
  5
512
330
17
100
AcDbEntity
  8
SLOTS
100
AcDbLine
 10
22.020186853784608
 20
4.642670347680945
 30
0.0
 11
24.36030171879961
 21
3.245081088524456
 31
0.0
  0
ARC
  5
513
330
17
100
AcDbEntity
  8
SLOTS
100
AcDbCircle
 10
21.956093515560234
 20
4.535352856118498
 30
0.0
 40
0.125
100
AcDbArc
 50
59.15303974827873
 51
239.15303974827873
  0
ARC
  5
514
330
17
100
AcDbEntity
  8
SLOTS
100
AcDbCircle
 10
24.296208380575237
 20
3.137763596962009
 30
0.0
 40
0.125
100
AcDbArc
 50
239.15303974827873
 51
419.15303974827873
  0
LINE
  5
515
330
17
100
AcDbEntity
  8
SLOTS
100
AcDbLine
 10
24.08602250334464
 20
2.244120966255651
 30
0.0
 11
21.682673733659463
 21
3.679475476726414
 31
0.0
  0
LINE
  5
516
330
17
100
AcDbEntity
  8
SLOTS
100
AcDbLine
 10
21.810860410108212
 20
3.8941104598513085
 30
0.0
 11
24.21420917979339
 21
2.4587559493805458
 31
0.0
  0
ARC
  5
517
330
17
100
AcDbEntity
  8
SLOTS
100
AcDbCircle
 10
21.746767071883838
 20
3.7867929682888612
 30
0.0
 40
0.125
100
AcDbArc
 50
59.15303974827876
 51
239.15303974827876
  0
ARC
  5
518
330
17
100
AcDbEntity
  8
SLOTS
100
AcDbCircle
 10
24.150115841569015
 20
2.3514384578180985
 30
0.0
 40
0.125
100
AcDbArc
 50
239.15303974827876
 51
419.15303974827873
  0
LINE
  5
519
330
17
100
AcDbEntity
  8
SLOTS
100
AcDbLine
 10
23.93992996433842
 20
1.4577958271117422
 30
0.0
 11
23.01573379711751
 21
2.009754474942158
 31
0.0
  0
LINE
  5
51A
330
17
100
AcDbEntity
  8
SLOTS
100
AcDbLine
 10
23.143920473566258
 20
2.2243894580670527
 30
0.0
 11
24.068116640787167
 21
1.6724308102366368
 31
0.0
  0
ARC
  5
51B
330
17
100
AcDbEntity
  8
SLOTS
100
AcDbCircle
 10
23.079827135341883
 20
2.1170719665046054
 30
0.0
 40
0.125
100
AcDbArc
 50
59.15303974827873
 51
239.15303974827873
  0
ARC
  5
51C
330
17
100
AcDbEntity
  8
SLOTS
100
AcDbCircle
 10
24.004023302562793
 20
1.5651133186741895
 30
0.0
 40
0.125
100
AcDbArc
 50
239.15303974827873
 51
419.15303974827873
  0
LINE
  5
51D
330
17
100
AcDbEntity
  8
SLOTS
100
AcDbLine
 10
20.107605465154652
 20
3.6823919993433334
 30
0.0
 11
21.613257105116737
 21
6.548128715526344
 31
0.0
  0
LINE
  5
51E
330
17
100
AcDbEntity
  8
SLOTS
100
AcDbLine
 10
21.83457034073055
 20
6.431851238162308
 30
0.0
 11
20.328918700768465
 21
3.566114521979298
 31
0.0
  0
ARC
  5
51F
330
17
100
AcDbEntity
  8
SLOTS
100
AcDbCircle
 10
21.723913722923644
 20
6.489989976844326
 30
0.0
 40
0.125
100
AcDbArc
 50
-27.717335431541684
 51
152.2826645684583
  0
ARC
  5
520
330
17
100
AcDbEntity
  8
SLOTS
100
AcDbCircle
 10
20.21826208296156
 20
3.6242532606613156
 30
0.0
 40
0.125
100
AcDbArc
 50
152.2826645684583
 51
332.2826645684583
  0
LINE
  5
521
330
17
100
AcDbEntity
  8
SLOTS
100
AcDbLine
 10
19.244429469840718
 20
3.652014040454153
 30
0.0
 11
20.567719968371147
 21
6.170659168692629
 31
0.0
  0
LINE
  5
522
330
17
100
AcDbEntity
  8
SLOTS
100
AcDbLine
 10
20.78903320398496
 20
6.054381691328593
 30
0.0
 11
19.46574270545453
 21
3.535736563090117
 31
0.0
  0
ARC
  5
523
330
17
100
AcDbEntity
  8
SLOTS
100
AcDbCircle
 10
20.678376586178054
 20
6.112520430010611
 30
0.0
 40
0.125
100
AcDbArc
 50
-27.717335431541642
 51
152.28266456845836
  0
ARC
  5
524
330
17
100
AcDbEntity
  8
SLOTS
100
AcDbCircle
 10
19.355086087647624
 20
3.593875301772135
 30
0.0
 40
0.125
100
AcDbArc
 50
152.28266456845836
 51
332.28266456845836
  0
LINE
  5
525
330
17
100
AcDbEntity
  8
SLOTS
100
AcDbLine
 10
18.381253474526783
 20
3.6216360815649726
 30
0.0
 11
19.212720672656857
 21
5.204184138991571
 31
0.0
  0
LINE
  5
526
330
17
100
AcDbEntity
  8
SLOTS
100
AcDbLine
 10
19.43403390827067
 20
5.087906661627534
 30
0.0
 11
18.602566710140596
 21
3.505358604200937
 31
0.0
  0
ARC
  5
527
330
17
100
AcDbEntity
  8
SLOTS
100
AcDbCircle
 10
19.323377290463764
 20
5.146045400309553
 30
0.0
 40
0.125
100
AcDbArc
 50
-27.717335431541656
 51
152.28266456845836
  0
ARC
  5
528
330
17
100
AcDbEntity
  8
SLOTS
100
AcDbCircle
 10
18.49191009233369
 20
3.563497342882955
 30
0.0
 40
0.125
100
AcDbArc
 50
152.28266456845836
 51
332.28266456845836
  0
LINE
  5
529
330
17
100
AcDbEntity
  8
SLOTS
100
AcDbLine
 10
17.518077479212845
 20
3.5912581226757925
 30
0.0
 11
17.857721376942564
 21
4.2377091092905115
 31
0.0
  0
LINE
  5
52A
330
17
100
AcDbEntity
  8
SLOTS
100
AcDbLine
 10
18.079034612556377
 20
4.121431631926475
 30
0.0
 11
17.73939071482666
 21
3.474980645311756
 31
0.0
  0
ARC
  5
52B
330
17
100
AcDbEntity
  8
SLOTS
100
AcDbCircle
 10
17.96837799474947
 20
4.179570370608493
 30
0.0
 40
0.125
100
AcDbArc
 50
-27.71733543154175
 51
152.28266456845824
  0
ARC
  5
52C
330
17
100
AcDbEntity
  8
SLOTS
100
AcDbCircle
 10
17.628734097019752
 20
3.5331193839937742
 30
0.0
 40
0.125
100
AcDbArc
 50
152.28266456845824
 51
332.28266456845824
  0
LINE
  5
52D
330
17
100
AcDbEntity
  8
SLOTS
100
AcDbLine
 10
25.800813747169027
 20
29.4268804829676
 30
0.0
 11
22.35605455263015
 21
28.336285135760253
 31
0.0
  0
LINE
  5
52E
330
17
100
AcDbEntity
  8
SLOTS
100
AcDbLine
 10
22.280597037114692
 20
28.574625571591508
 30
0.0
 11
25.725356231653567
 21
29.665220918798855
 31
0.0
  0
ARC
  5
52F
330
17
100
AcDbEntity
  8
SLOTS
100
AcDbCircle
 10
22.318325794872422
 20
28.45545535367588
 30
0.0
 40
0.125
100
AcDbArc
 50
-252.43244590026495
 51
-72.43244590026495
  0
ARC
  5
530
330
17
100
AcDbEntity
  8
SLOTS
100
AcDbCircle
 10
25.763084989411297
 20
29.546050700883228
 30
0.0
 40
0.125
100
AcDbArc
 50
-72.43244590026495
 51
107.56755409973505
  0
LINE
  5
531
330
17
100
AcDbEntity
  8
SLOTS
100
AcDbLine
 10
25.913442075847165
 20
28.675848265052128
 30
0.0
 11
22.088937199068855
 21
27.465027134042835
 31
0.0
  0
LINE
  5
532
330
17
100
AcDbEntity
  8
SLOTS
100
AcDbLine
 10
22.013479683553395
 20
27.703367569874096
 30
0.0
 11
25.837984560331705
 21
28.91418870088339
 31
0.0
  0
ARC
  5
533
330
17
100
AcDbEntity
  8
SLOTS
100
AcDbCircle
 10
22.051208441311125
 20
27.584197351958466
 30
0.0
 40
0.125
100
AcDbArc
 50
-252.43244590026498
 51
-72.43244590026498
  0
ARC
  5
534
330
17
100
AcDbEntity
  8
SLOTS
100
AcDbCircle
 10
25.875713318089435
 20
28.79501848296776
 30
0.0
 40
0.125
100
AcDbArc
 50
-72.43244590026498
 51
107.56755409973502
  0
LINE
  5
535
330
17
100
AcDbEntity
  8
SLOTS
100
AcDbLine
 10
26.0260704045253
 20
27.924816047136666
 30
0.0
 11
22.223529650026077
 21
26.72094865896113
 31
0.0
  0
LINE
  5
536
330
17
100
AcDbEntity
  8
SLOTS
100
AcDbLine
 10
22.148072134510617
 20
26.959289094792386
 30
0.0
 11
25.95061288900984
 21
28.16315648296792
 31
0.0
  0
ARC
  5
537
330
17
100
AcDbEntity
  8
SLOTS
100
AcDbCircle
 10
22.185800892268347
 20
26.84011887687676
 30
0.0
 40
0.125
100
AcDbArc
 50
-252.43244590026492
 51
-72.43244590026492
  0
ARC
  5
538
330
17
100
AcDbEntity
  8
SLOTS
100
AcDbCircle
 10
25.98834164676757
 20
28.043986265052293
 30
0.0
 40
0.125
100
AcDbArc
 50
-72.43244590026492
 51
107.56755409973508
  0
ENDSEC
  0
SECTION
  2
OBJECTS
  0
DICTIONARY
  5
A
330
0
100
AcDbDictionary
281
1
  3
ACAD_COLOR
350
B
  3
ACAD_GROUP
350
C
  3
ACAD_LAYOUT
350
D
  3
ACAD_MATERIAL
350
E
  3
ACAD_MLEADERSTYLE
350
F
  3
ACAD_MLINESTYLE
350
10
  3
ACAD_PLOTSETTINGS
350
11
  3
ACAD_PLOTSTYLENAME
350
12
  3
ACAD_SCALELIST
350
14
  3
ACAD_TABLESTYLE
350
15
  3
ACAD_VISUALSTYLE
350
16
  3
EZDXF_META
350
2D
  0
DICTIONARY
  5
B
330
A
100
AcDbDictionary
281
1
  0
DICTIONARY
  5
C
330
A
100
AcDbDictionary
281
1
  0
DICTIONARY
  5
D
330
A
100
AcDbDictionary
281
1
  3
Model
350
1A
  3
Layout1
350
1E
  0
DICTIONARY
  5
E
330
A
100
AcDbDictionary
281
1
  3
ByBlock
350
1F
  3
ByLayer
350
20
  3
Global
350
21
  0
DICTIONARY
  5
F
330
A
100
AcDbDictionary
281
1
  3
Standard
350
2C
  0
DICTIONARY
  5
10
330
A
100
AcDbDictionary
281
1
  3
Standard
350
22
  0
DICTIONARY
  5
11
330
A
100
AcDbDictionary
281
1
  0
ACDBDICTIONARYWDFLT
  5
12
330
A
100
AcDbDictionary
281
1
  3
Normal
350
13
100
AcDbDictionaryWithDefault
340
13
  0
ACDBPLACEHOLDER
  5
13
330
12
  0
DICTIONARY
  5
14
330
A
100
AcDbDictionary
281
1
  0
DICTIONARY
  5
15
330
A
100
AcDbDictionary
281
1
  0
DICTIONARY
  5
16
330
A
100
AcDbDictionary
281
1
  3
2dWireframe
350
5A
  3
Basic
350
5B
  3
Brighten
350
5C
  3
ColorChange
350
5D
  3
Conceptual
350
5E
  3
Dim
350
5F
  3
EdgeColorOff
350
60
  3
Facepattern
350
61
  3
Flat
350
62
  3
FlatWithEdges
350
63
  3
Gouraud
350
64
  3
GouraudWithEdges
350
65
  3
Hidden
350
66
  3
JitterOff
350
67
  3
Linepattern
350
68
  3
Modeling
350
69
  3
OverhangOff
350
6A
  3
Realistic
350
6B
  3
Shaded
350
6C
  3
Shaded with edges
350
6D
  3
Shades of Gray
350
6E
  3
Sketchy
350
6F
  3
Thicken
350
70
  3
Wireframe
350
71
  3
X-Ray
350
72
  0
LAYOUT
  5
1A
330
D
100
AcDbPlotSettings
  1

  4
A3
  6

 40
7.5
 41
20.0
 42
7.5
 43
20.0
 44
420.0
 45
297.0
 46
0.0
 47
0.0
 48
0.0
 49
0.0
140
0.0
141
0.0
142
1.0
143
1.0
 70
1024
 72
1
 73
0
 74
5
  7

 75
16
 76
0
 77
2
 78
300
147
1.0
148
0.0
149
0.0
100
AcDbLayout
  1
Model
 70
1
 71
0
 10
0.0
 20
0.0
 11
420.0
 21
297.0
 12
0.0
 22
0.0
 32
0.0
 14
1e+20
 24
1e+20
 34
1e+20
 15
-1e+20
 25
-1e+20
 35
-1e+20
146
0.0
 13
0.0
 23
0.0
 33
0.0
 16
1.0
 26
0.0
 36
0.0
 17
0.0
 27
1.0
 37
0.0
 76
1
330
17
  0
LAYOUT
  5
1E
330
D
100
AcDbPlotSettings
  1

  4
A3
  6

 40
7.5
 41
20.0
 42
7.5
 43
20.0
 44
420.0
 45
297.0
 46
0.0
 47
0.0
 48
0.0
 49
0.0
140
0.0
141
0.0
142
1.0
143
1.0
 70
0
 72
1
 73
0
 74
5
  7

 75
16
 76
0
 77
2
 78
300
147
1.0
148
0.0
149
0.0
100
AcDbLayout
  1
Layout1
 70
1
 71
1
 10
0.0
 20
0.0
 11
420.0
 21
297.0
 12
0.0
 22
0.0
 32
0.0
 14
1e+20
 24
1e+20
 34
1e+20
 15
-1e+20
 25
-1e+20
 35
-1e+20
146
0.0
 13
0.0
 23
0.0
 33
0.0
 16
1.0
 26
0.0
 36
0.0
 17
0.0
 27
1.0
 37
0.0
 76
1
330
1B
  0
MATERIAL
  5
1F
102
{ACAD_REACTORS
330
E
102
}
330
E
100
AcDbMaterial
  1
ByBlock
  2

 70
0
 40
1.0
 71
1
 41
1.0
 91
-1023410177
 42
1.0
 72
1
  3

 73
1
 74
1
 75
1
 44
0.5
 73
0
 45
1.0
 46
1.0
 77
1
  4

 78
1
 79
1
170
1
 48
1.0
171
1
  6

172
1
173
1
174
1
140
1.0
141
1.0
175
1
  7

176
1
177
1
178
1
143
1.0
179
1
  8

270
1
271
1
272
1
145
1.0
146
1.0
273
1
  9

274
1
275
1
276
1
 42
1.0
 72
1
  3

 73
1
 74
1
 75
1
 94
63
  0
MATERIAL
  5
20
102
{ACAD_REACTORS
330
E
102
}
330
E
100
AcDbMaterial
  1
ByLayer
  2

 70
0
 40
1.0
 71
1
 41
1.0
 91
-1023410177
 42
1.0
 72
1
  3

 73
1
 74
1
 75
1
 44
0.5
 73
0
 45
1.0
 46
1.0
 77
1
  4

 78
1
 79
1
170
1
 48
1.0
171
1
  6

172
1
173
1
174
1
140
1.0
141
1.0
175
1
  7

176
1
177
1
178
1
143
1.0
179
1
  8

270
1
271
1
272
1
145
1.0
146
1.0
273
1
  9

274
1
275
1
276
1
 42
1.0
 72
1
  3

 73
1
 74
1
 75
1
 94
63
  0
MATERIAL
  5
21
102
{ACAD_REACTORS
330
E
102
}
330
E
100
AcDbMaterial
  1
Global
  2

 70
0
 40
1.0
 71
1
 41
1.0
 91
-1023410177
 42
1.0
 72
1
  3

 73
1
 74
1
 75
1
 44
0.5
 73
0
 45
1.0
 46
1.0
 77
1
  4

 78
1
 79
1
170
1
 48
1.0
171
1
  6

172
1
173
1
174
1
140
1.0
141
1.0
175
1
  7

176
1
177
1
178
1
143
1.0
179
1
  8

270
1
271
1
272
1
145
1.0
146
1.0
273
1
  9

274
1
275
1
276
1
 42
1.0
 72
1
  3

 73
1
 74
1
 75
1
 94
63
  0
MLINESTYLE
  5
22
102
{ACAD_REACTORS
330
10
102
}
330
10
100
AcDbMlineStyle
  2
Standard
 70
0
  3

 62
256
 51
90.0
 52
90.0
 71
2
 49
0.5
 62
256
  6
BYLAYER
 49
-0.5
 62
256
  6
BYLAYER
  0
MLEADERSTYLE
  5
2C
102
{ACAD_REACTORS
330
F
102
}
330
F
100
AcDbMLeaderStyle
179
2
170
2
171
1
172
0
 90
2
 40
0.0
 41
0.0
173
1
 91
-1056964608
 92
-2
290
1
 42
2.0
291
1
 43
8.0
  3
Standard
 44
4.0
300

342
29
174
1
175
1
176
0
178
1
 93
-1056964608
 45
4.0
292
0
297
0
 46
4.0
 94
-1056964608
 47
1.0
 49
1.0
140
1.0
294
1
141
0.0
177
0
142
1.0
295
0
296
0
143
3.75
271
0
272
9
273
9
  0
DICTIONARY
  5
2D
330
A
100
AcDbDictionary
280
1
281
1
  3
CREATED_BY_EZDXF
350
2E
  3
WRITTEN_BY_EZDXF
350
53B
  0
DICTIONARYVAR
  5
2E
330
2D
100
DictionaryVariables
280
0
  1
1.4.4 @ 2026-09-19T23:28:47.927248+00:00
  0
VISUALSTYLE
  5
5A
102
{ACAD_REACTORS
330
16
102
}
330
16
100
AcDbVisualStyle
  2
2dWireframe
 70
4
 90
0
 40
0.6
 62
7
290
0
291
0
  0
VISUALSTYLE
  5
5B
102
{ACAD_REACTORS
330
16
102
}
330
16
100
AcDbVisualStyle
  2
Basic
 70
7
 90
1
 40
0.6
 62
7
290
0
291
1
  0
VISUALSTYLE
  5
5C
102
{ACAD_REACTORS
330
16
102
}
330
16
100
AcDbVisualStyle
  2
Brighten
 70
12
 90
2
 40
0.6
 62
7
290
0
291
1
  0
VISUALSTYLE
  5
5D
102
{ACAD_REACTORS
330
16
102
}
330
16
100
AcDbVisualStyle
  2
ColorChange
 70
16
 90
2
 40
0.6
 62
8
290
0
291
1
  0
VISUALSTYLE
  5
5E
102
{ACAD_REACTORS
330
16
102
}
330
16
100
AcDbVisualStyle
  2
Conceptual
 70
9
 90
3
 40
0.6
 62
7
290
0
291
0
  0
VISUALSTYLE
  5
5F
102
{ACAD_REACTORS
330
16
102
}
330
16
100
AcDbVisualStyle
  2
Dim
 70
11
 90
2
 40
0.6
 62
7
290
0
291
1
  0
VISUALSTYLE
  5
60
102
{ACAD_REACTORS
330
16
102
}
330
16
100
AcDbVisualStyle
  2
EdgeColorOff
 70
22
 90
2
 40
0.6
 62
7
290
0
291
1
  0
VISUALSTYLE
  5
61
102
{ACAD_REACTORS
330
16
102
}
330
16
100
AcDbVisualStyle
  2
Facepattern
 70
15
 90
2
 40
0.6
 62
7
290
0
291
1
  0
VISUALSTYLE
  5
62
102
{ACAD_REACTORS
330
16
102
}
330
16
100
AcDbVisualStyle
  2
Flat
 70
0
 90
2
 40
0.6
 62
7
290
0
291
1
  0
VISUALSTYLE
  5
63
102
{ACAD_REACTORS
330
16
102
}
330
16
100
AcDbVisualStyle
  2
FlatWithEdges
 70
1
 90
2
 40
0.6
 62
7
290
0
291
1
  0
VISUALSTYLE
  5
64
102
{ACAD_REACTORS
330
16
102
}
330
16
100
AcDbVisualStyle
  2
Gouraud
 70
2
 90
2
 40
0.6
 62
7
290
0
291
1
  0
VISUALSTYLE
  5
65
102
{ACAD_REACTORS
330
16
102
}
330
16
100
AcDbVisualStyle
  2
GouraudWithEdges
 70
3
 90
2
 40
0.6
 62
7
290
0
291
1
  0
VISUALSTYLE
  5
66
102
{ACAD_REACTORS
330
16
102
}
330
16
100
AcDbVisualStyle
  2
Hidden
 70
6
 90
1
 40
0.6
 62
7
290
0
291
0
  0
VISUALSTYLE
  5
67
102
{ACAD_REACTORS
330
16
102
}
330
16
100
AcDbVisualStyle
  2
JitterOff
 70
20
 90
2
 40
0.6
 62
7
290
0
291
1
  0
VISUALSTYLE
  5
68
102
{ACAD_REACTORS
330
16
102
}
330
16
100
AcDbVisualStyle
  2
Linepattern
 70
14
 90
2
 40
0.6
 62
7
290
0
291
1
  0
VISUALSTYLE
  5
69
102
{ACAD_REACTORS
330
16
102
}
330
16
100
AcDbVisualStyle
  2
Modeling
 70
10
 90
2
 40
0.6
 62
7
290
0
291
0
  0
VISUALSTYLE
  5
6A
102
{ACAD_REACTORS
330
16
102
}
330
16
100
AcDbVisualStyle
  2
OverhangOff
 70
21
 90
2
 40
0.6
 62
7
290
0
291
1
  0
VISUALSTYLE
  5
6B
102
{ACAD_REACTORS
330
16
102
}
330
16
100
AcDbVisualStyle
  2
Realistic
 70
8
 90
2
 40
0.6
 62
7
290
0
291
0
  0
VISUALSTYLE
  5
6C
102
{ACAD_REACTORS
330
16
102
}
330
16
100
AcDbVisualStyle
  2
Shaded
 70
27
 90
2
 40
0.6
 62
7
290
0
291
0
  0
VISUALSTYLE
  5
6D
102
{ACAD_REACTORS
330
16
102
}
330
16
100
AcDbVisualStyle
  2
Shaded with edges
 70
26
 90
2
 40
0.6
 62
7
290
0
291
0
  0
VISUALSTYLE
  5
6E
102
{ACAD_REACTORS
330
16
102
}
330
16
100
AcDbVisualStyle
  2
Shades of Gray
 70
23
 90
2
 40
0.6
 62
7
290
0
291
0
  0
VISUALSTYLE
  5
6F
102
{ACAD_REACTORS
330
16
102
}
330
16
100
AcDbVisualStyle
  2
Sketchy
 70
24
 90
1
 40
0.6
 62
7
290
0
291
0
  0
VISUALSTYLE
  5
70
102
{ACAD_REACTORS
330
16
102
}
330
16
100
AcDbVisualStyle
  2
Thicken
 70
13
 90
2
 40
0.6
 62
7
290
0
291
1
  0
VISUALSTYLE
  5
71
102
{ACAD_REACTORS
330
16
102
}
330
16
100
AcDbVisualStyle
  2
Wireframe
 70
5
 90
0
 40
0.6
 62
7
290
0
291
0
  0
VISUALSTYLE
  5
72
102
{ACAD_REACTORS
330
16
102
}
330
16
100
AcDbVisualStyle
  2
X-Ray
 70
25
 90
2
 40
0.5
 62
7
290
0
291
0
  0
DICTIONARYVAR
  5
53B
330
2D
100
DictionaryVariables
280
0
  1
1.4.4 @ 2026-09-19T23:28:47.982263+00:00
  0
ENDSEC
  0
EOF
