  0
SECTION
  2
HEADER
  9
$ACADVER
  1
AC1024
  9
$ACADMAINTVER
 70
6
  9
$DWGCODEPAGE
  3
ANSI_1252
  9
$LASTSAVEDBY
  1
ezdxf
  9
$INSBASE
 10
0.0
 20
0.0
 30
0.0
  9
$EXTMIN
 10
1e+20
 20
1e+20
 30
1e+20
  9
$EXTMAX
 10
-1e+20
 20
-1e+20
 30
-1e+20
  9
$LIMMIN
 10
0.0
 20
0.0
  9
$LIMMAX
 10
420.0
 20
297.0
  9
$ORTHOMODE
 70
0
  9
$REGENMODE
 70
1
  9
$FILLMODE
 70
1
  9
$QTEXTMODE
 70
0
  9
$MIRRTEXT
 70
1
  9
$LTSCALE
 40
1.0
  9
$ATTMODE
 70
1
  9
$TEXTSIZE
 40
2.5
  9
$TRACEWID
 40
1.0
  9
$TEXTSTYLE
  7
OpenSans
  9
$CLAYER
  8
0
  9
$CELTYPE
  6
ByLayer
  9
$CECOLOR
 62
256
  9
$CELTSCALE
 40
1.0
  9
$DISPSILH
 70
0
  9
$DIMSCALE
 40
1.0
  9
$DIMASZ
 40
0.175
  9
$DIMEXO
 40
0.125
  9
$DIMDLI
 40
3.75
  9
$DIMRND
 40
0.0
  9
$DIMDLE
 40
0.0
  9
$DIMEXE
 40
0.375
  9
$DIMTP
 40
0.0
  9
$DIMTM
 40
0.0
  9
$DIMTXT
 40
0.25
  9
$DIMCEN
 40
2.5
  9
$DIMTSZ
 40
0.0
  9
$DIMTOL
 70
0
  9
$DIMLIM
 70
0
  9
$DIMTIH
 70
0
  9
$DIMTOH
 70
0
  9
$DIMSE1
 70
0
  9
$DIMSE2
 70
0
  9
$DIMTAD
 70
1
  9
$DIMZIN
 70
12
  9
$DIMBLK
  1
ARCHTICK
  9
$DIMASO
 70
1
  9
$DIMSHO
 70
1
  9
$DIMPOST
  1

  9
$DIMAPOST
  1

  9
$DIMALT
 70
0
  9
$DIMALTD
 70
3
  9
$DIMALTF
 40
0.03937007874
  9
$DIMLFAC
 40
100.0
  9
$DIMTOFL
 70
1
  9
$DIMTVP
 40
0.0
  9
$DIMTIX
 70
0
  9
$DIMSOXD
 70
0
  9
$DIMSAH
 70
0
  9
$DIMBLK1
  1

  9
$DIMBLK2
  1

  9
$DIMSTYLE
  2
EZDXF
  9
$DIMCLRD
 70
0
  9
$DIMCLRE
 70
0
  9
$DIMCLRT
 70
0
  9
$DIMTFAC
 40
0.5
  9
$DIMGAP
 40
0.1
  9
$DIMJUST
 70
0
  9
$DIMSD1
 70
0
  9
$DIMSD2
 70
0
  9
$DIMTOLJ
 70
0
  9
$DIMTZIN
 70
8
  9
$DIMALTZ
 70
0
  9
$DIMALTTZ
 70
0
  9
$DIMUPT
 70
1
  9
$DIMDEC
 70
2
  9
$DIMTDEC
 70
2
  9
$DIMALTU
 70
2
  9
$DIMALTTD
 70
3
  9
$DIMTXSTY
  7
OpenSansCondensed-Light
  9
$DIMAUNIT
 70
0
  9
$DIMADEC
 70
2
  9
$DIMALTRND
 40
0.0
  9
$DIMAZIN
 70
3
  9
$DIMDSEP
 70
46
  9
$DIMATFIT
 70
3
  9
$DIMFRAC
 70
0
  9
$DIMLDRBLK
  1

  9
$DIMLUNIT
 70
2
  9
$DIMLWD
 70
-2
  9
$DIMLWE
 70
-2
  9
$DIMTMOVE
 70
2
  9
$DIMFXL
 40
1.0
  9
$DIMFXLON
 70
0
  9
$DIMJOGANG
 40
0.785398163397
  9
$DIMTFILL
 70
0
  9
$DIMTFILLCLR
 70
0
  9
$DIMARCSYM
 70
0
  9
$DIMLTYPE
  6

  9
$DIMLTEX1
  6

  9
$DIMLTEX2
  6

  9
$DIMTXTDIRECTION
 70
0
  9
$LUNITS
 70
2
  9
$LUPREC
 70
4
  9
$SKETCHINC
 40
1.0
  9
$FILLETRAD
 40
10.0
  9
$AUNITS
 70
0
  9
$AUPREC
 70
2
  9
$MENU
  1
.
  9
$ELEVATION
 40
0.0
  9
$PELEVATION
 40
0.0
  9
$THICKNESS
 40
0.0
  9
$LIMCHECK
 70
0
  9
$CHAMFERA
 40
0.0
  9
$CHAMFERB
 40
0.0
  9
$CHAMFERC
 40
0.0
  9
$CHAMFERD
 40
0.0
  9
$SKPOLY
 70
0
  9
$TDCREATE
 40
2461303.686724537
  9
$TDUCREATE
 40
2458532.153996898
  9
$TDUPDATE
 40
2461303.686724537
  9
$TDUUPDATE
 40
2458532.1544311
  9
$TDINDWG
 40
0.0
  9
$TDUSRTIMER
 40
0.0
  9
$USRTIMER
 70
1
  9
$ANGBASE
 50
0.0
  9
$ANGDIR
 70
0
  9
$PDMODE
 70
0
  9
$PDSIZE
 40
0.0
  9
$PLINEWID
 40
0.0
  9
$SPLFRAME
 70
0
  9
$SPLINETYPE
 70
6
  9
$SPLINESEGS
 70
8
  9
$HANDSEED
  5
540
  9
$SURFTAB1
 70
6
  9
$SURFTAB2
 70
6
  9
$SURFTYPE
 70
6
  9
$SURFU
 70
6
  9
$SURFV
 70
6
  9
$UCSBASE
  2

  9
$UCSNAME
  2

  9
$UCSORG
 10
0.0
 20
0.0
 30
0.0
  9
$UCSXDIR
 10
1.0
 20
0.0
 30
0.0
  9
$UCSYDIR
 10
0.0
 20
1.0
 30
0.0
  9
$UCSORTHOREF
  2

  9
$UCSORTHOVIEW
 70
0
  9
$UCSORGTOP
 10
0.0
 20
0.0
 30
0.0
  9
$UCSORGBOTTOM
 10
0.0
 20
0.0
 30
0.0
  9
$UCSORGLEFT
 10
0.0
 20
0.0
 30
0.0
  9
$UCSORGRIGHT
 10
0.0
 20
0.0
 30
0.0
  9
$UCSORGFRONT
 10
0.0
 20
0.0
 30
0.0
  9
$UCSORGBACK
 10
0.0
 20
0.0
 30
0.0
  9
$PUCSBASE
  2

  9
$PUCSNAME
  2

  9
$PUCSORG
 10
0.0
 20
0.0
 30
0.0
  9
$PUCSXDIR
 10
1.0
 20
0.0
 30
0.0
  9
$PUCSYDIR
 10
0.0
 20
1.0
 30
0.0
  9
$PUCSORTHOREF
  2

  9
$PUCSORTHOVIEW
 70
0
  9
$PUCSORGTOP
 10
0.0
 20
0.0
 30
0.0
  9
$PUCSORGBOTTOM
 10
0.0
 20
0.0
 30
0.0
  9
$PUCSORGLEFT
 10
0.0
 20
0.0
 30
0.0
  9
$PUCSORGRIGHT
 10
0.0
 20
0.0
 30
0.0
  9
$PUCSORGFRONT
 10
0.0
 20
0.0
 30
0.0
  9
$PUCSORGBACK
 10
0.0
 20
0.0
 30
0.0
  9
$USERI1
 70
0
  9
$USERI2
 70
0
  9
$USERI3
 70
0
  9
$USERI4
 70
0
  9
$USERI5
 70
0
  9
$USERR1
 40
0.0
  9
$USERR2
 40
0.0
  9
$USERR3
 40
0.0
  9
$USERR4
 40
0.0
  9
$USERR5
 40
0.0
  9
$WORLDVIEW
 70
1
  9
$SHADEDGE
 70
3
  9
$SHADEDIF
 70
70
  9
$TILEMODE
 70
1
  9
$MAXACTVP
 70
64
  9
$PINSBASE
 10
0.0
 20
0.0
 30
0.0
  9
$PLIMCHECK
 70
0
  9
$PEXTMIN
 10
1e+20
 20
1e+20
 30
1e+20
  9
$PEXTMAX
 10
-1e+20
 20
-1e+20
 30
-1e+20
  9
$PLIMMIN
 10
0.0
 20
0.0
  9
$PLIMMAX
 10
420.0
 20
297.0
  9
$UNITMODE
 70
0
  9
$VISRETAIN
 70
1
  9
$PLINEGEN
 70
0
  9
$PSLTSCALE
 70
1
  9
$TREEDEPTH
 70
3020
  9
$CMLSTYLE
  2
Standard
  9
$CMLJUST
 70
0
  9
$CMLSCALE
 40
20.0
  9
$PROXYGRAPHICS
 70
1
  9
$MEASUREMENT
 70
1
  9
$CELWEIGHT
370
-1
  9
$ENDCAPS
280
0
  9
$JOINSTYLE
280
0
  9
$LWDISPLAY
290
0
  9
$INSUNITS
 70
1
  9
$HYPERLINKBASE
  1

  9
$STYLESHEET
  1

  9
$XEDIT
290
1
  9
$CEPSNTYPE
380
0
  9
$PSTYLEMODE
290
1
  9
$FINGERPRINTGUID
  2
{9F4F13A8-2627-4825-854D-0941386B98EC}
  9
$VERSIONGUID
  2
{64DD6445-A202-4F00-89E5-EDD0D86FFF57}
  9
$EXTNAMES
290
1
  9
$PSVPSCALE
 40
0.0
  9
$OLESTARTUP
290
0
  9
$SORTENTS
280
127
  9
$INDEXCTL
280
0
  9
$HIDETEXT
280
1
  9
$XCLIPFRAME
280
1
  9
$HALOGAP
280
0
  9
$OBSCOLOR
 70
257
  9
$OBSLTYPE
280
0
  9
$INTERSECTIONDISPLAY
280
0
  9
$INTERSECTIONCOLOR
 70
257
  9
$DIMASSOC
280
2
  9
$PROJECTNAME
  1

  9
$CAMERADISPLAY
290
0
  9
$LENSLENGTH
 40
50.0
  9
$CAMERAHEIGHT
 40
0.0
  9
$STEPSPERSEC
 40
24.0
  9
$STEPSIZE
 40
100.0
  9
$3DDWFPREC
 40
2.0
  9
$PSOLWIDTH
 40
0.005
  9
$PSOLHEIGHT
 40
0.08
  9
$LOFTANG1
 40
1.570796326795
  9
$LOFTANG2
 40
1.570796326795
  9
$LOFTMAG1
 40
0.0
  9
$LOFTMAG2
 40
0.0
  9
$LOFTPARAM
 70
7
  9
$LOFTNORMALS
280
1
  9
$LATITUDE
 40
37.795
  9
$LONGITUDE
 40
-122.394
  9
$NORTHDIRECTION
 40
0.0
  9
$TIMEZONE
 70
-8000
  9
$LIGHTGLYPHDISPLAY
280
1
  9
$TILEMODELIGHTSYNCH
280
1
  9
$CMATERIAL
347
20
  9
$SOLIDHIST
280
0
  9
$SHOWHIST
280
1
  9
$DWFFRAME
280
2
  9
$DGNFRAME
280
2
  9
$REALWORLDSCALE
290
1
  9
$INTERFERECOLOR
 62
256
  9
$CSHADOW
280
0
  9
$SHADOWPLANELOCATION
 40
0.0
  0
ENDSEC
  0
SECTION
  2
CLASSES
  0
CLASS
  1
ACDBDICTIONARYWDFLT
  2
AcDbDictionaryWithDefault
  3
ObjectDBX Classes
 90
0
 91
0
280
0
281
0
  0
CLASS
  1
SUN
  2
AcDbSun
  3
SCENEOE
 90
1153
 91
0
280
0
281
0
  0
CLASS
  1
VISUALSTYLE
  2
AcDbVisualStyle
  3
ObjectDBX Classes
 90
4095
 91
0
280
0
281
0
  0
CLASS
  1
MATERIAL
  2
AcDbMaterial
  3
ObjectDBX Classes
 90
1153
 91
0
280
0
281
0
  0
CLASS
  1
SCALE
  2
AcDbScale
  3
ObjectDBX Classes
 90
1153
 91
0
280
0
281
0
  0
CLASS
  1
TABLESTYLE
  2
AcDbTableStyle
  3
ObjectDBX Classes
 90
4095
 91
0
280
0
281
0
  0
CLASS
  1
MLEADERSTYLE
  2
AcDbMLeaderStyle
  3
ACDB_MLEADERSTYLE_CLASS
 90
4095
 91
0
280
0
281
0
  0
CLASS
  1
DICTIONARYVAR
  2
AcDbDictionaryVar
  3
ObjectDBX Classes
 90
0
 91
0
280
0
281
0
  0
CLASS
  1
CELLSTYLEMAP
  2
AcDbCellStyleMap
  3
ObjectDBX Classes
 90
1152
 91
0
280
0
281
0
  0
CLASS
  1
MENTALRAYRENDERSETTINGS
  2
AcDbMentalRayRenderSettings
  3
SCENEOE
 90
1024
 91
0
280
0
281
0
  0
CLASS
  1
ACDBDETAILVIEWSTYLE
  2
AcDbDetailViewStyle
  3
ObjectDBX Classes
 90
1025
 91
0
280
0
281
0
  0
CLASS
  1
ACDBSECTIONVIEWSTYLE
  2
AcDbSectionViewStyle
  3
ObjectDBX Classes
 90
1025
 91
0
280
0
281
0
  0
CLASS
  1
RASTERVARIABLES
  2
AcDbRasterVariables
  3
ISM
 90
0
 91
0
280
0
281
0
  0
CLASS
  1
ACDBPLACEHOLDER
  2
AcDbPlaceHolder
  3
ObjectDBX Classes
 90
0
 91
0
280
0
281
0
  0
CLASS
  1
LAYOUT
  2
AcDbLayout
  3
ObjectDBX Classes
 90
0
 91
0
280
0
281
0
  0
ENDSEC
  0
SECTION
  2
TABLES
  0
TABLE
  2
VPORT
  5
8
330
0
100
AcDbSymbolTable
 70
1
  0
VPORT
  5
23
330
8
100
AcDbSymbolTableRecord
100
AcDbViewportTableRecord
  2
*Active
 70
0
 10
0.0
 20
0.0
 11
1.0
 21
1.0
 12
0.0
 22
0.0
 13
0.0
 23
0.0
 14
0.5
 24
0.5
 15
0.5
 25
0.5
 16
0.0
 26
0.0
 36
1.0
 17
0.0
 27
0.0
 37
0.0
 40
1000.0
 41
1.34
 42
50.0
 43
0.0
 44
0.0
 50
0.0
 51
0.0
 71
0
 72
1000
 73
1
 74
3
 75
0
 76
0
 77
0
 78
0
281
0
 65
0
146
0.0
  0
ENDTAB
  0
TABLE
  2
LTYPE
  5
2
330
0
100
AcDbSymbolTable
 70
21
  0
LTYPE
  5
24
330
2
100
AcDbSymbolTableRecord
100
AcDbLinetypeTableRecord
  2
ByBlock
 70
0
  3

 72
65
 73
0
 40
0.0
  0
LTYPE
  5
25
330
2
100
AcDbSymbolTableRecord
100
AcDbLinetypeTableRecord
  2
ByLayer
 70
0
  3

 72
65
 73
0
 40
0.0
  0
LTYPE
  5
26
330
2
100
AcDbSymbolTableRecord
100
AcDbLinetypeTableRecord
  2
Continuous
 70
0
  3

 72
65
 73
0
 40
0.0
  0
LTYPE
  5
2F
330
2
100
AcDbSymbolTableRecord
100
AcDbLinetypeTableRecord
  2
CENTER
 70
0
  3
Center ____ _ ____ _ ____ _ ____ _ ____ _ ____
 72
65
 73
4
 40
5.08
 49
3.175
 74
0
 49
-0.635
 74
0
 49
0.635
 74
0
 49
-0.635
 74
0
  0
LTYPE
  5
30
330
2
100
AcDbSymbolTableRecord
100
AcDbLinetypeTableRecord
  2
CENTERX2
 70
0
  3
Center (2x) ________  __  ________  __  ________
 72
65
 73
4
 40
8.89
 49
6.35
 74
0
 49
-0.635
 74
0
 49
1.27
 74
0
 49
-0.635
 74
0
  0
LTYPE
  5
31
330
2
100
AcDbSymbolTableRecord
100
AcDbLinetypeTableRecord
  2
CENTER2
 70
0
  3
Center (.5x) ____ _ ____ _ ____ _ ____ _ ____
 72
65
 73
4
 40
2.54
 49
1.587
 74
0
 49
-0.318
 74
0
 49
0.318
 74
0
 49
-0.318
 74
0
  0
LTYPE
  5
32
330
2
100
AcDbSymbolTableRecord
100
AcDbLinetypeTableRecord
  2
DASHED
 70
0
  3
Dashed __ __ __ __ __ __ __ __ __ __ __ __ __ _
 72
65
 73
2
 40
1.524
 49
1.27
 74
0
 49
-0.254
 74
0
  0
LTYPE
  5
33
330
2
100
AcDbSymbolTableRecord
100
AcDbLinetypeTableRecord
  2
DASHEDX2
 70
0
  3
Dashed (2x) ____  ____  ____  ____  ____  ____
 72
65
 73
2
 40
3.048
 49
2.54
 74
0
 49
-0.508
 74
0
  0
LTYPE
  5
34
330
2
100
AcDbSymbolTableRecord
100
AcDbLinetypeTableRecord
  2
DASHED2
 70
0
  3
Dashed (.5x) _ _ _ _ _ _ _ _ _ _ _ _ _ _
 72
65
 73
2
 40
0.762
 49
0.635
 74
0
 49
-0.127
 74
0
  0
LTYPE
  5
35
330
2
100
AcDbSymbolTableRecord
100
AcDbLinetypeTableRecord
  2
PHANTOM
 70
0
  3
Phantom ______  __  __  ______  __  __  ______
 72
65
 73
6
 40
6.35
 49
3.175
 74
0
 49
-0.635
 74
0
 49
0.635
 74
0
 49
-0.635
 74
0
 49
0.635
 74
0
 49
-0.635
 74
0
  0
LTYPE
  5
36
330
2
100
AcDbSymbolTableRecord
100
AcDbLinetypeTableRecord
  2
PHANTOMX2
 70
0
  3
Phantom (2x)____________    ____    ____    ____________
 72
65
 73
6
 40
10.795
 49
6.35
 74
0
 49
-0.635
 74
0
 49
1.27
 74
0
 49
-0.635
 74
0
 49
1.27
 74
0
 49
-0.635
 74
0
  0
LTYPE
  5
37
330
2
100
AcDbSymbolTableRecord
100
AcDbLinetypeTableRecord
  2
PHANTOM2
 70
0
  3
Phantom (.5x) ___ _ _ ___ _ _ ___ _ _ ___ _ _ ___
 72
65
 73
6
 40
3.175
 49
1.587
 74
0
 49
-0.318
 74
0
 49
0.318
 74
0
 49
-0.318
 74
0
 49
0.318
 74
0
 49
-0.318
 74
0
  0
LTYPE
  5
38
330
2
100
AcDbSymbolTableRecord
100
AcDbLinetypeTableRecord
  2
DASHDOT
 70
0
  3
Dash dot __ . __ . __ . __ . __ . __ . __ . __
 72
65
 73
4
 40
3.556
 49
2.54
 74
0
 49
-0.508
 74
0
 49
0.0
 74
0
 49
-0.508
 74
0
  0
LTYPE
  5
39
330
2
100
AcDbSymbolTableRecord
100
AcDbLinetypeTableRecord
  2
DASHDOTX2
 70
0
  3
Dash dot (2x) ____  .  ____  .  ____  .  ____
 72
65
 73
4
 40
6.096
 49
5.08
 74
0
 49
-0.508
 74
0
 49
0.0
 74
0
 49
-0.508
 74
0
  0
LTYPE
  5
3A
330
2
100
AcDbSymbolTableRecord
100
AcDbLinetypeTableRecord
  2
DASHDOT2
 70
0
  3
Dash dot (.5x) _ . _ . _ . _ . _ . _ . _ . _
 72
65
 73
4
 40
1.778
 49
1.27
 74
0
 49
-0.254
 74
0
 49
0.0
 74
0
 49
-0.254
 74
0
  0
LTYPE
  5
3B
330
2
100
AcDbSymbolTableRecord
100
AcDbLinetypeTableRecord
  2
DOT
 70
0
  3
Dot .  .  .  .  .  .  .  .  .  .  .  .  .  .  .  .
 72
65
 73
2
 40
0.508
 49
0.0
 74
0
 49
-0.508
 74
0
  0
LTYPE
  5
3C
330
2
100
AcDbSymbolTableRecord
100
AcDbLinetypeTableRecord
  2
DOTX2
 70
0
  3
Dot (2x) .    .    .    .    .    .    .    . 
 72
65
 73
2
 40
1.016
 49
0.0
 74
0
 49
-1.016
 74
0
  0
LTYPE
  5
3D
330
2
100
AcDbSymbolTableRecord
100
AcDbLinetypeTableRecord
  2
DOT2
 70
0
  3
Dot (.5) . . . . . . . . . . . . . . . . . . . 
 72
65
 73
2
 40
0.254
 49
0.0
 74
0
 49
-0.254
 74
0
  0
LTYPE
  5
3E
330
2
100
AcDbSymbolTableRecord
100
AcDbLinetypeTableRecord
  2
DIVIDE
 70
0
  3
Divide __ . . __ . . __ . . __ . . __ . . __
 72
65
 73
6
 40
4.064
 49
2.54
 74
0
 49
-0.508
 74
0
 49
0.0
 74
0
 49
-0.508
 74
0
 49
0.0
 74
0
 49
-0.508
 74
0
  0
LTYPE
  5
3F
330
2
100
AcDbSymbolTableRecord
100
AcDbLinetypeTableRecord
  2
DIVIDEX2
 70
0
  3
Divide (2x) ____  . .  ____  . .  ____  . .  ____
 72
65
 73
6
 40
6.604
 49
5.08
 74
0
 49
-0.508
 74
0
 49
0.0
 74
0
 49
-0.508
 74
0
 49
0.0
 74
0
 49
-0.508
 74
0
  0
LTYPE
  5
40
330
2
100
AcDbSymbolTableRecord
100
AcDbLinetypeTableRecord
  2
DIVIDE2
 70
0
  3
Divide(.5x) _ . _ . _ . _ . _ . _ . _ . _
 72
65
 73
6
 40
2.032
 49
1.27
 74
0
 49
-0.254
 74
0
 49
0.0
 74
0
 49
-0.254
 74
0
 49
0.0
 74
0
 49
-0.254
 74
0
  0
ENDTAB
  0
TABLE
  2
LAYER
  5
1
330
0
100
AcDbSymbolTable
 70
4
  0
LAYER
  5
27
330
1
100
AcDbSymbolTableRecord
100
AcDbLayerTableRecord
  2
0
 70
0
 62
7
  6
Continuous
370
-3
390
13
347
21
  0
LAYER
  5
28
330
1
100
AcDbSymbolTableRecord
100
AcDbLayerTableRecord
  2
Defpoints
 70
0
 62
7
  6
Continuous
290
0
370
-3
390
13
347
21
  0
LAYER
  5
8A
330
1
100
AcDbSymbolTableRecord
100
AcDbLayerTableRecord
  2
PROFILE
 70
0
 62
1
  6
Continuous
370
-3
390
13
347
21
  0
LAYER
  5
8B
330
1
100
AcDbSymbolTableRecord
100
AcDbLayerTableRecord
  2
SLOTS
 70
0
 62
3
  6
Continuous
370
-3
390
13
347
21
  0
ENDTAB
  0
TABLE
  2
STYLE
  5
5
330
0
100
AcDbSymbolTable
 70
26
  0
STYLE
  5
29
330
5
100
AcDbSymbolTableRecord
100
AcDbTextStyleTableRecord
  2
Standard
 70
0
 40
0.0
 41
1.0
 50
0.0
 71
0
 42
2.5
  3
txt
  4

  0
STYLE
  5
41
330
5
100
AcDbSymbolTableRecord
100
AcDbTextStyleTableRecord
  2
OpenSans-Light
 70
0
 40
0.0
 41
1.0
 50
0.0
 71
0
 42
2.5
  3
OpenSans-Light.ttf
  4

  0
STYLE
  5
42
330
5
100
AcDbSymbolTableRecord
100
AcDbTextStyleTableRecord
  2
OpenSans-Light-Italic
 70
0
 40
0.0
 41
1.0
 50
0.0
 71
0
 42
2.5
  3
OpenSans-LightItalic.ttf
  4

  0
STYLE
  5
43
330
5
100
AcDbSymbolTableRecord
100
AcDbTextStyleTableRecord
  2
OpenSans
 70
0
 40
0.0
 41
1.0
 50
0.0
 71
0
 42
2.5
  3
OpenSans-Regular.ttf
  4

  0
STYLE
  5
44
330
5
100
AcDbSymbolTableRecord
100
AcDbTextStyleTableRecord
  2
OpenSans-Italic
 70
0
 40
0.0
 41
1.0
 50
0.0
 71
0
 42
2.5
  3
OpenSans-Italic.ttf
  4

  0
STYLE
  5
45
330
5
100
AcDbSymbolTableRecord
100
AcDbTextStyleTableRecord
  2
OpenSans-SemiBold
 70
0
 40
0.0
 41
1.0
 50
0.0
 71
0
 42
2.5
  3
OpenSans-SemiBold.ttf
  4

  0
STYLE
  5
46
330
5
100
AcDbSymbolTableRecord
100
AcDbTextStyleTableRecord
  2
OpenSans-SemiBoldItalic
 70
0
 40
0.0
 41
1.0
 50
0.0
 71
0
 42
2.5
  3
OpenSans-SemiBoldItalic.ttf
  4

  0
STYLE
  5
47
330
5
100
AcDbSymbolTableRecord
100
AcDbTextStyleTableRecord
  2
OpenSans-Bold
 70
0
 40
0.0
 41
1.0
 50
0.0
 71
0
 42
2.5
  3
OpenSans-Bold.ttf
  4

  0
STYLE
  5
48
330
5
100
AcDbSymbolTableRecord
100
AcDbTextStyleTableRecord
  2
OpenSans-BoldItalic
 70
0
 40
0.0
 41
1.0
 50
0.0
 71
0
 42
2.5
  3
OpenSans-BoldItalic.ttf
  4

  0
STYLE
  5
49
330
5
100
AcDbSymbolTableRecord
100
AcDbTextStyleTableRecord
  2
OpenSans-ExtraBold
 70
0
 40
0.0
 41
1.0
 50
0.0
 71
0
 42
2.5
  3
OpenSans-ExtraBold.ttf
  4

  0
STYLE
  5
4A
330
5
100
AcDbSymbolTableRecord
100
AcDbTextStyleTableRecord
  2
OpenSans-ExtraBoldItalic
 70
0
 40
0.0
 41
1.0
 50
0.0
 71
0
 42
2.5
  3
OpenSans-ExtraBoldItalic.ttf
  4

  0
STYLE
  5
4B
330
5
100
AcDbSymbolTableRecord
100
AcDbTextStyleTableRecord
  2
OpenSansCondensed-Bold
 70
0
 40
0.0
 41
1.0
 50
0.0
 71
0
 42
2.5
  3
OpenSansCondensed-Bold.ttf
  4

  0
STYLE
  5
4C
330
5
100
AcDbSymbolTableRecord
100
AcDbTextStyleTableRecord
  2
OpenSansCondensed-Light
 70
0
 40
0.0
 41
1.0
 50
0.0
 71
0
 42
2.5
  3
OpenSansCondensed-Light.ttf
  4

  0
STYLE
  5
4D
330
5
100
AcDbSymbolTableRecord
100
AcDbTextStyleTableRecord
  2
OpenSansCondensed-Italic
 70
0
 40
0.0
 41
1.0
 50
0.0
 71
0
 42
2.5
  3
OpenSansCondensed-LightItalic.ttf
  4

  0
STYLE
  5
4E
330
5
100
AcDbSymbolTableRecord
100
AcDbTextStyleTableRecord
  2
LiberationSans
 70
0
 40
0.0
 41
1.0
 50
0.0
 71
0
 42
2.5
  3
LiberationSans-Regular.ttf
  4

  0
STYLE
  5
4F
330
5
100
AcDbSymbolTableRecord
100
AcDbTextStyleTableRecord
  2
LiberationSans-Bold
 70
0
 40
0.0
 41
1.0
 50
0.0
 71
0
 42
2.5
  3
LiberationSans-Bold.ttf
  4

  0
STYLE
  5
50
330
5
100
AcDbSymbolTableRecord
100
AcDbTextStyleTableRecord
  2
LiberationSans-BoldItalic
 70
0
 40
0.0
 41
1.0
 50
0.0
 71
0
 42
2.5
  3
LiberationSans-BoldItalic.ttf
  4

  0
STYLE
  5
51
330
5
100
AcDbSymbolTableRecord
100
AcDbTextStyleTableRecord
  2
LiberationSans-Italic
 70
0
 40
0.0
 41
1.0
 50
0.0
 71
0
 42
2.5
  3
LiberationSans-Italic.ttf
  4

  0
STYLE
  5
52
330
5
100
AcDbSymbolTableRecord
100
AcDbTextStyleTableRecord
  2
LiberationSerif
 70
0
 40
0.0
 41
1.0
 50
0.0
 71
0
 42
2.5
  3
LiberationSerif-Regular.ttf
  4

  0
STYLE
  5
53
330
5
100
AcDbSymbolTableRecord
100
AcDbTextStyleTableRecord
  2
LiberationSerif-Bold
 70
0
 40
0.0
 41
1.0
 50
0.0
 71
0
 42
2.5
  3
LiberationSerif-Bold.ttf
  4

  0
STYLE
  5
54
330
5
100
AcDbSymbolTableRecord
100
AcDbTextStyleTableRecord
  2
LiberationSerif-BoldItalic
 70
0
 40
0.0
 41
1.0
 50
0.0
 71
0
 42
2.5
  3
LiberationSerif-BoldItalic.ttf
  4

  0
STYLE
  5
55
330
5
100
AcDbSymbolTableRecord
100
AcDbTextStyleTableRecord
  2
LiberationSerif-Italic
 70
0
 40
0.0
 41
1.0
 50
0.0
 71
0
 42
2.5
  3
LiberationSerif-Italic.ttf
  4

  0
STYLE
  5
56
330
5
100
AcDbSymbolTableRecord
100
AcDbTextStyleTableRecord
  2
LiberationMono
 70
0
 40
0.0
 41
1.0
 50
0.0
 71
0
 42
2.5
  3
LiberationMono-Regular.ttf
  4

  0
STYLE
  5
57
330
5
100
AcDbSymbolTableRecord
100
AcDbTextStyleTableRecord
  2
LiberationMono-Bold
 70
0
 40
0.0
 41
1.0
 50
0.0
 71
0
 42
2.5
  3
LiberationMono-Bold.ttf
  4

  0
STYLE
  5
58
330
5
100
AcDbSymbolTableRecord
100
AcDbTextStyleTableRecord
  2
LiberationMono-BoldItalic
 70
0
 40
0.0
 41
1.0
 50
0.0
 71
0
 42
2.5
  3
LiberationMono-BoldItalic.ttf
  4

  0
STYLE
  5
59
330
5
100
AcDbSymbolTableRecord
100
AcDbTextStyleTableRecord
  2
LiberationMono-Italic
 70
0
 40
0.0
 41
1.0
 50
0.0
 71
0
 42
2.5
  3
LiberationMono-Italic.ttf
  4

  0
ENDTAB
  0
TABLE
  2
VIEW
  5
7
330
0
100
AcDbSymbolTable
 70
0
  0
ENDTAB
  0
TABLE
  2
UCS
  5
6
330
0
100
AcDbSymbolTable
 70
0
  0
ENDTAB
  0
TABLE
  2
APPID
  5
3
330
0
100
AcDbSymbolTable
 70
3
  0
APPID
  5
2A
330
3
100
AcDbSymbolTableRecord
100
AcDbRegAppTableRecord
  2
ACAD
 70
0
  0
APPID
  5
53D
330
3
100
AcDbSymbolTableRecord
100
AcDbRegAppTableRecord
  2
HATCHBACKGROUNDCOLOR
 70
0
  0
APPID
  5
53E
330
3
100
AcDbSymbolTableRecord
100
AcDbRegAppTableRecord
  2
EZDXF
 70
0
  0
ENDTAB
  0
TABLE
  2
DIMSTYLE
  5
4
330
0
100
AcDbSymbolTable
 70
12
100
AcDbDimStyleTable
  0
DIMSTYLE
105
2B
330
4
100
AcDbSymbolTableRecord
100
AcDbDimStyleTableRecord
  2
Standard
 70
0
 40
1.0
 41
2.5
 42
0.625
 43
3.75
 44
1.25
 45
0.0
 46
0.0
 47
0.0
 48
0.0
 49
2.5
140
2.5
141
2.5
142
0.0
143
0.03937007874
144
1.0
145
0.0
146
1.0
147
0.625
148
0.0
 69
0
 70
0
 71
0
 72
0
 73
0
 74
0
 75
0
 76
0
 77
1
 78
8
 79
3
170
0
171
3
172
1
173
0
174
0
175
0
176
0
177
0
178
0
179
2
271
2
272
2
273
2
274
3
275
0
276
0
277
2
278
44
279
0
280
0
281
0
282
0
283
0
284
8
285
0
286
0
288
0
289
3
290
0
371
-2
372
-2
  0
DIMSTYLE
105
73
330
4
100
AcDbSymbolTableRecord
100
AcDbDimStyleTableRecord
  2
EZDXF
 70
0
 40
1.0
 41
0.175
 42
0.125
 43
3.75
 44
0.375
 45
0.0
 46
0.0
 47
0.0
 48
0.0
 49
2.5
140
0.25
141
2.5
142
0.0
143
0.03937007874
144
100.0
145
0.0
146
0.5
147
0.1
148
0.0
 69
0
 70
0
 71
0
 72
0
 73
0
 74
0
 75
0
 76
0
 77
1
 78
12
 79
3
170
0
171
3
172
1
173
0
174
0
175
0
176
0
177
0
178
0
179
2
271
2
272
2
273
2
274
3
275
0
276
0
277
2
278
46
279
2
280
0
281
0
282
0
283
0
284
8
285
0
286
0
288
1
289
3
290
0
340
4C
342
74
371
-2
372
-2
  0
DIMSTYLE
105
7C
330
4
100
AcDbSymbolTableRecord
100
AcDbDimStyleTableRecord
  2
EZ_M_100_H25_CM
 70
0
 40
1.0
 41
0.25
 42
0.125
 43
3.75
 44
0.375
 45
0.0
 46
0.0
 47
0.0
 48
0.0
 49
2.5
140
0.25
141
2.5
142
0.125
143
0.03937007874
144
100.0
145
0.0
146
0.5
147
0.1
148
0.0
 69
0
 70
0
 71
0
 72
0
 73
0
 74
0
 75
0
 76
0
 77
1
 78
12
 79
3
170
0
171
3
172
1
173
0
174
0
175
0
176
0
177
0
178
0
179
2
271
2
272
2
273
2
274
3
275
0
276
0
277
2
278
46
279
2
280
0
281
0
282
0
283
0
284
8
285
0
286
0
288
1
289
3
290
0
340
4C
371
-2
372
-2
  0
DIMSTYLE
105
7D
330
4
100
AcDbSymbolTableRecord
100
AcDbDimStyleTableRecord
  2
EZ_M_50_H25_CM
 70
0
 40
1.0
 41
0.125
 42
0.0625
 43
3.75
 44
0.1875
 45
0.0
 46
0.0
 47
0.0
 48
0.0
 49
2.5
140
0.125
141
2.5
142
0.0625
143
0.03937007874
144
100.0
145
0.0
146
0.5
147
0.05
148
0.0
 69
0
 70
0
 71
0
 72
0
 73
0
 74
0
 75
0
 76
0
 77
1
 78
12
 79
3
170
0
171
3
172
1
173
0
174
0
175
0
176
0
177
0
178
0
179
2
271
2
272
2
273
2
274
3
275
0
276
0
277
2
278
46
279
2
280
0
281
0
282
0
283
0
284
8
285
0
286
0
288
1
289
3
290
0
340
4C
371
-2
372
-2
  0
DIMSTYLE
105
7E
330
4
100
AcDbSymbolTableRecord
100
AcDbDimStyleTableRecord
  2
EZ_M_25_H25_CM
 70
0
 40
1.0
 41
0.0625
 42
0.03125
 43
3.75
 44
0.09375
 45
0.0
 46
0.0
 47
0.0
 48
0.0
 49
2.5
140
0.0625
141
2.5
142
0.03125
143
0.03937007874
144
100.0
145
0.0
146
0.5
147
0.025
148
0.0
 69
0
 70
0
 71
0
 72
0
 73
0
 74
0
 75
0
 76
0
 77
1
 78
12
 79
3
170
0
171
3
172
1
173
0
174
0
175
0
176
0
177
0
178
0
179
2
271
2
272
2
273
2
274
3
275
0
276
0
277
2
278
46
279
2
280
0
281
0
282
0
283
0
284
8
285
0
286
0
288
1
289
3
290
0
340
4C
371
-2
372
-2
  0
DIMSTYLE
105
7F
330
4
100
AcDbSymbolTableRecord
100
AcDbDimStyleTableRecord
  2
EZ_M_20_H25_CM
 70
0
 40
1.0
 41
0.05
 42
0.025
 43
3.75
 44
0.07500000000000001
 45
0.0
 46
0.0
 47
0.0
 48
0.0
 49
2.5
140
0.05
141
2.5
142
0.025
143
0.03937007874
144
100.0
145
0.0
146
0.5
147
0.020000000000000004
148
0.0
 69
0
 70
0
 71
0
 72
0
 73
0
 74
0
 75
0
 76
0
 77
1
 78
12
 79
3
170
0
171
3
172
1
173
0
174
0
175
0
176
0
177
0
178
0
179
2
271
2
272
2
273
2
274
3
275
0
276
0
277
2
278
46
279
2
280
0
281
0
282
0
283
0
284
8
285
0
286
0
288
1
289
3
290
0
340
4C
371
-2
372
-2
  0
DIMSTYLE
105
80
330
4
100
AcDbSymbolTableRecord
100
AcDbDimStyleTableRecord
  2
EZ_M_10_H25_CM
 70
0
 40
1.0
 41
0.025
 42
0.0125
 43
3.75
 44
0.037500000000000006
 45
0.0
 46
0.0
 47
0.0
 48
0.0
 49
2.5
140
0.025
141
2.5
142
0.0125
143
0.03937007874
144
100.0
145
0.0
146
0.5
147
0.010000000000000002
148
0.0
 69
0
 70
0
 71
0
 72
0
 73
0
 74
0
 75
0
 76
0
 77
1
 78
12
 79
3
170
0
171
3
172
1
173
0
174
0
175
0
176
0
177
0
178
0
179
2
271
2
272
2
273
2
274
3
275
0
276
0
277
2
278
46
279
2
280
0
281
0
282
0
283
0
284
8
285
0
286
0
288
1
289
3
290
0
340
4C
371
-2
372
-2
  0
DIMSTYLE
105
81
330
4
100
AcDbSymbolTableRecord
100
AcDbDimStyleTableRecord
  2
EZ_M_5_H25_CM
 70
0
 40
1.0
 41
0.0125
 42
0.00625
 43
3.75
 44
0.018750000000000003
 45
0.0
 46
0.0
 47
0.0
 48
0.0
 49
2.5
140
0.0125
141
2.5
142
0.00625
143
0.03937007874
144
100.0
145
0.0
146
0.5
147
0.005000000000000001
148
0.0
 69
0
 70
0
 71
0
 72
0
 73
0
 74
0
 75
0
 76
0
 77
1
 78
12
 79
3
170
0
171
3
172
1
173
0
174
0
175
0
176
0
177
0
178
0
179
2
271
2
272
2
273
2
274
3
275
0
276
0
277
2
278
46
279
2
280
0
281
0
282
0
283
0
284
8
285
0
286
0
288
1
289
3
290
0
340
4C
371
-2
372
-2
  0
DIMSTYLE
105
82
330
4
100
AcDbSymbolTableRecord
100
AcDbDimStyleTableRecord
  2
EZ_M_1_H25_CM
 70
0
 40
1.0
 41
0.0025
 42
0.00125
 43
3.75
 44
0.00375
 45
0.0
 46
0.0
 47
0.0
 48
0.0
 49
2.5
140
0.0025
141
2.5
142
0.00125
143
0.03937007874
144
100.0
145
0.0
146
0.5
147
0.001
148
0.0
 69
0
 70
0
 71
0
 72
0
 73
0
 74
0
 75
0
 76
0
 77
1
 78
12
 79
3
170
0
171
3
172
1
173
0
174
0
175
0
176
0
177
0
178
0
179
2
271
2
272
2
273
2
274
3
275
0
276
0
277
2
278
46
279
2
280
0
281
0
282
0
283
0
284
8
285
0
286
0
288
1
289
3
290
0
340
4C
371
-2
372
-2
  0
DIMSTYLE
105
83
330
4
100
AcDbSymbolTableRecord
100
AcDbDimStyleTableRecord
  2
EZ_RADIUS
 70
0
 40
1.0
 41
0.25
 42
0.125
 43
3.75
 44
0.375
 45
0.0
 46
0.0
 47
0.0
 48
0.0
 49
2.5
140
0.25
141
0.0
142
0.0
143
0.03937007874
144
100.0
145
0.0
146
0.5
147
0.1
148
0.0
 69
0
 70
0
 71
0
 72
0
 73
0
 74
0
 75
0
 76
0
 77
1
 78
12
 79
3
170
0
171
3
172
0
173
0
174
0
175
0
176
0
177
0
178
0
179
2
271
2
272
2
273
2
274
3
275
0
276
0
277
2
278
46
279
1
280
0
281
0
282
0
283
0
284
8
285
0
286
0
288
1
289
3
290
0
340
4C
342
84
371
-2
372
-2
  0
DIMSTYLE
105
88
330
4
100
AcDbSymbolTableRecord
100
AcDbDimStyleTableRecord
  2
EZ_RADIUS_INSIDE
 70
0
 40
1.0
 41
0.25
 42
0.125
 43
3.75
 44
0.375
 45
0.0
 46
0.0
 47
0.0
 48
0.0
 49
2.5
140
0.25
141
0.0
142
0.0
143
0.03937007874
144
100.0
145
0.0
146
0.5
147
0.1
148
0.0
 69
0
 70
0
 71
0
 72
0
 73
0
 74
0
 75
0
 76
0
 77
0
 78
12
 79
3
170
0
171
3
172
0
173
0
174
1
175
0
176
0
177
0
178
0
179
2
271
2
272
2
273
2
274
3
275
0
276
0
277
2
278
46
279
0
280
0
281
0
282
0
283
0
284
8
285
0
286
0
288
1
289
0
290
0
340
4C
342
84
371
-2
372
-2
  0
DIMSTYLE
105
89
330
4
100
AcDbSymbolTableRecord
100
AcDbDimStyleTableRecord
  2
EZ_CURVED
 70
0
 40
1.0
 41
0.25
 42
0.125
 43
3.75
 44
0.375
 45
0.0
 46
0.0
 47
0.0
 48
0.0
 49
2.5
140
0.25
141
2.5
142
0.0
143
0.03937007874
144
100.0
145
0.0
146
0.5
147
0.1
148
0.0
 69
0
 70
0
 71
0
 72
0
 73
0
 74
0
 75
0
 76
0
 77
1
 78
12
 79
2
 90
2
170
0
171
3
172
1
173
0
174
0
175
0
176
0
177
0
178
0
179
2
271
2
272
2
273
2
274
3
275
0
276
0
277
2
278
46
279
2
280
0
281
0
282
0
283
0
284
8
285
0
286
0
288
1
289
3
290
0
340
4C
371
-2
372
-2
  0
ENDTAB
  0
TABLE
  2
BLOCK_RECORD
  5
9
330
0
100
AcDbSymbolTable
 70
5
  0
BLOCK_RECORD
  5
17
330
9
100
AcDbSymbolTableRecord
100
AcDbBlockTableRecord
  2
*Model_Space
340
1A
 70
0
280
1
281
0
  0
BLOCK_RECORD
  5
1B
330
9
100
AcDbSymbolTableRecord
100
AcDbBlockTableRecord
  2
*Paper_Space
340
1E
 70
0
280
1
281
0
  0
BLOCK_RECORD
  5
74
330
9
100
AcDbSymbolTableRecord
100
AcDbBlockTableRecord
  2
_ARCHTICK
340
0
 70
0
280
1
281
0
  0
BLOCK_RECORD
  5
78
330
9
100
AcDbSymbolTableRecord
100
AcDbBlockTableRecord
  2
_CLOSEDFILLED
340
0
 70
0
280
1
281
0
  0
BLOCK_RECORD
  5
84
330
9
100
AcDbSymbolTableRecord
100
AcDbBlockTableRecord
  2
_CLOSEDBLANK
340
0
 70
0
280
1
281
0
  0
ENDTAB
  0
ENDSEC
  0
SECTION
  2
BLOCKS
  0
BLOCK
  5
18
330
17
100
AcDbEntity
  8
0
100
AcDbBlockBegin
  2
*Model_Space
 70
0
 10
0.0
 20
0.0
 30
0.0
  3
*Model_Space
  1

  0
ENDBLK
  5
19
330
17
100
AcDbEntity
  8
0
100
AcDbBlockEnd
  0
BLOCK
  5
1C
330
1B
100
AcDbEntity
  8
0
100
AcDbBlockBegin
  2
*Paper_Space
 70
0
 10
0.0
 20
0.0
 30
0.0
  3
*Paper_Space
  1

  0
ENDBLK
  5
1D
330
1B
100
AcDbEntity
  8
0
100
AcDbBlockEnd
  0
BLOCK
  5
75
330
74
100
AcDbEntity
  8
0
100
AcDbBlockBegin
  2
_ARCHTICK
 70
0
 10
0.0
 20
0.0
 30
0.0
  3
_ARCHTICK
  1

  0
LWPOLYLINE
  5
77
330
74
100
AcDbEntity
  8
0
  6
BYBLOCK
 62
0
100
AcDbPolyline
 90
2
 70
0
 43
0.15
 10
-0.5
 20
-0.5
 10
0.5
 20
0.5
  0
ENDBLK
  5
76
330
74
100
AcDbEntity
  8
0
100
AcDbBlockEnd
  0
BLOCK
  5
79
330
78
100
AcDbEntity
  8
0
100
AcDbBlockBegin
  2
_CLOSEDFILLED
 70
0
 10
0.0
 20
0.0
 30
0.0
  3
_CLOSEDFILLED
  1

  0
SOLID
  5
7B
330
78
100
AcDbEntity
  8
0
  6
BYBLOCK
 62
0
100
AcDbTrace
 10
-1.0
 20
0.16439898372402537
 30
0.0
 11
0.0
 21
0.0
 31
0.0
 12
-1.0
 22
-0.16439898372402537
 32
0.0
 13
-1.0
 23
-0.16439898372402537
 33
0.0
  0
ENDBLK
  5
7A
330
78
100
AcDbEntity
  8
0
100
AcDbBlockEnd
  0
BLOCK
  5
85
330
84
100
AcDbEntity
  8
0
100
AcDbBlockBegin
  2
_CLOSEDBLANK
 70
0
 10
0.0
 20
0.0
 30
0.0
  3
_CLOSEDBLANK
  1

  0
LWPOLYLINE
  5
87
330
84
100
AcDbEntity
  8
0
  6
BYBLOCK
 62
0
100
AcDbPolyline
 90
3
 70
1
 10
-1.0
 20
0.16439898372402537
 10
0.0
 20
0.0
 10
-1.0
 20
-0.16439898372402537
  0
ENDBLK
  5
86
330
84
100
AcDbEntity
  8
0
100
AcDbBlockEnd
  0
ENDSEC
  0
SECTION
  2
ENTITIES
  0
LWPOLYLINE
  5
8C
330
17
100
AcDbEntity
  8
PROFILE
100
AcDbPolyline
 90
4
 70
1
 10
0.0
 20
0.0
 10
36.0
 20
0.0
 10
36.0
 20
31.0
 10
0.0
 20
31.0
  0
LINE
  5
8D
330
17
100
AcDbEntity
  8
SLOTS
100
AcDbLine
 10
1.245393894989298
 20
3.3495589176482476
 30
0.0
 11
1.7703444927571514
 21
1.4697049853858108
 31
0.0
  0
LINE
  5
8E
330
17
100
AcDbEntity
  8
SLOTS
100
AcDbLine
 10
1.5295567027785555
 20
1.4024648173519374
 30
0.0
 11
1.004606105010702
 21
3.2823187496143738
 31
0.0
  0
ARC
  5
8F
330
17
100
AcDbEntity
  8
SLOTS
100
AcDbCircle
 10
1.6499505977678535
 20
1.4360849013688741
 30
0.0
 40
0.125
100
AcDbArc
 50
-164.39756984580134
 51
15.602430154198657
  0
ARC
  5
90
330
17
100
AcDbEntity
  8
SLOTS
100
AcDbCircle
 10
1.125
 20
3.3159388336313107
 30
0.0
 40
0.125
100
AcDbArc
 50
15.602430154198657
 51
195.60243015419866
  0
LINE
  5
91
330
17
100
AcDbEntity
  8
SLOTS
100
AcDbLine
 10
8.752409330310684
 20
1.2035342930832331
 30
0.0
 11
8.764029580629465
 21
1.1796070044514018
 31
0.0
  0
LINE
  5
92
330
17
100
AcDbEntity
  8
SLOTS
100
AcDbLine
 10
8.53914672165756
 20
1.0703929955485982
 30
0.0
 11
8.527526471338778
 21
1.0943202841804296
 31
0.0
  0
ARC
  5
93
330
17
100
AcDbEntity
  8
SLOTS
100
AcDbCircle
 10
8.651588151143512
 20
1.125
 30
0.0
 40
0.125
100
AcDbArc
 50
-154.09654476489897
 51
25.90345523510102
  0
ARC
  5
94
330
17
100
AcDbEntity
  8
SLOTS
100
AcDbCircle
 10
8.63996790082473
 20
1.1489272886318314
 30
0.0
 40
0.125
100
AcDbArc
 50
25.90345523510102
 51
205.90345523510103
  0
LINE
  5
95
330
17
100
AcDbEntity
  8
SLOTS
100
AcDbLine
 10
9.460669273287765
 20
1.4619670656880148
 30
0.0
 11
9.597796995616948
 21
1.1796070044514029
 31
0.0
  0
LINE
  5
96
330
17
100
AcDbEntity
  8
SLOTS
100
AcDbLine
 10
9.372914136645042
 20
1.0703929955485971
 30
0.0
 11
9.235786414315859
 21
1.352753056785209
 31
0.0
  0
ARC
  5
97
330
17
100
AcDbEntity
  8
SLOTS
100
AcDbCircle
 10
9.485355566130995
 20
1.125
 30
0.0
 40
0.125
100
AcDbArc
 50
-154.09654476489834
 51
25.903455235101646
  0
ARC
  5
98
330
17
100
AcDbEntity
  8
SLOTS
100
AcDbCircle
 10
9.348227843801812
 20
1.407360061236612
 30
0.0
 40
0.125
100
AcDbArc
 50
25.903455235101646
 51
205.90345523510166
  0
LINE
  5
99
330
17
100
AcDbEntity
  8
SLOTS
100
AcDbLine
 10
10.168929216264846
 20
1.720399838292796
 30
0.0
 11
10.43156441060443
 21
1.179607004451403
 31
0.0
  0
LINE
  5
9A
330
17
100
AcDbEntity
  8
SLOTS
100
AcDbLine
 10
10.206681551632524
 20
1.070392995548597
 30
0.0
 11
9.94404635729294
 21
1.6111858293899899
 31
0.0
  0
ARC
  5
9B
330
17
100
AcDbEntity
  8
SLOTS
100
AcDbCircle
 10
10.319122981118477
 20
1.125
 30
0.0
 40
0.125
100
AcDbArc
 50
-154.09654476489834
 51
25.90345523510166
  0
ARC
  5
9C
330
17
100
AcDbEntity
  8
SLOTS
100
AcDbCircle
 10
10.056487786778893
 20
1.665792833841393
 30
0.0
 40
0.125
100
AcDbArc
 50
25.90345523510166
 51
205.90345523510166
  0
LINE
  5
9D
330
17
100
AcDbEntity
  8
SLOTS
100
AcDbLine
 10
10.87718915924193
 20
1.9788326108975767
 30
0.0
 11
11.078693408797175
 21
1.5639146695984913
 31
0.0
  0
LINE
  5
9E
330
17
100
AcDbEntity
  8
SLOTS
100
AcDbLine
 10
10.853810549825269
 20
1.454700660695686
 30
0.0
 11
10.652306300270023
 21
1.8696186019947714
 31
0.0
  0
ARC
  5
9F
330
17
100
AcDbEntity
  8
SLOTS
100
AcDbCircle
 10
10.966251979311222
 20
1.5093076651470887
 30
0.0
 40
0.125
100
AcDbArc
 50
-154.0965447648985
 51
25.903455235101504
  0
ARC
  5
A0
330
17
100
AcDbEntity
  8
SLOTS
100
AcDbCircle
 10
10.764747729755976
 20
1.924225606446174
 30
0.0
 40
0.125
100
AcDbArc
 50
25.903455235101504
 51
205.9034552351015
  0
LINE
  5
A1
330
17
100
AcDbEntity
  8
SLOTS
100
AcDbLine
 10
6.477057436348252
 20
7.522427959339892
 30
0.0
 11
5.430463667113439
 21
7.621130457190123
 31
0.0
  0
LINE
  5
A2
330
17
100
AcDbEntity
  8
SLOTS
100
AcDbLine
 10
5.453936592859848
 20
7.87002606132347
 30
0.0
 11
6.500530362094661
 21
7.771323563473239
 31
0.0
  0
ARC
  5
A3
330
17
100
AcDbEntity
  8
SLOTS
100
AcDbCircle
 10
5.442200129986643
 20
7.7455782592567965
 30
0.0
 40
0.125
100
AcDbArc
 50
84.61246605514035
 51
264.6124660551403
  0
ARC
  5
A4
330
17
100
AcDbEntity
  8
SLOTS
100
AcDbCircle
 10
6.488793899221457
 20
7.646875761406566
 30
0.0
 40
0.125
100
AcDbArc
 50
264.6124660551403
 51
444.6124660551403
  0
LINE
  5
A5
330
17
100
AcDbEntity
  8
SLOTS
100
AcDbLine
 10
7.339993490116226
 20
6.687718022869139
 30
0.0
 11
4.819168468723495
 21
6.925452790234261
 31
0.0
  0
LINE
  5
A6
330
17
100
AcDbEntity
  8
SLOTS
100
AcDbLine
 10
4.842641394469904
 20
7.174348394367608
 30
0.0
 11
7.363466415862635
 21
6.936613627002486
 31
0.0
  0
ARC
  5
A7
330
17
100
AcDbEntity
  8
SLOTS
100
AcDbCircle
 10
4.8309049315967
 20
7.049900592300935
 30
0.0
 40
0.125
100
AcDbArc
 50
84.61246605514032
 51
264.6124660551403
  0
ARC
  5
A8
330
17
100
AcDbEntity
  8
SLOTS
100
AcDbCircle
 10
7.35172995298943
 20
6.812165824935812
 30
0.0
 40
0.125
100
AcDbArc
 50
264.6124660551403
 51
444.6124660551403
  0
LINE
  5
A9
330
17
100
AcDbEntity
  8
SLOTS
100
AcDbLine
 10
8.202929543884197
 20
5.853008086398387
 30
0.0
 11
4.3777127555022615
 21
6.213757847127401
 31
0.0
  0
LINE
  5
AA
330
17
100
AcDbEntity
  8
SLOTS
100
AcDbLine
 10
4.401185681248671
 20
6.462653451260748
 30
0.0
 11
8.226402469630608
 21
6.101903690531734
 31
0.0
  0
ARC
  5
AB
330
17
100
AcDbEntity
  8
SLOTS
100
AcDbCircle
 10
4.389449218375466
 20
6.338205649194075
 30
0.0
 40
0.125
100
AcDbArc
 50
84.61246605514032
 51
264.6124660551403
  0
ARC
  5
AC
330
17
100
AcDbEntity
  8
SLOTS
100
AcDbCircle
 10
8.214666006757403
 20
5.977455888465061
 30
0.0
 40
0.125
100
AcDbArc
 50
264.6124660551403
 51
444.6124660551403
  0
LINE
  5
AD
330
17
100
AcDbEntity
  8
SLOTS
100
AcDbLine
 10
9.06586559765217
 20
5.018298149927635
 30
0.0
 11
3.9362570422810275
 21
5.502062904020541
 31
0.0
  0
LINE
  5
AE
330
17
100
AcDbEntity
  8
SLOTS
100
AcDbLine
 10
3.9597299680274367
 20
5.750958508153888
 30
0.0
 11
9.089338523398581
 21
5.267193754060982
 31
0.0
  0
ARC
  5
AF
330
17
100
AcDbEntity
  8
SLOTS
100
AcDbCircle
 10
3.947993505154232
 20
5.626510706087214
 30
0.0
 40
0.125
100
AcDbArc
 50
84.61246605514032
 51
264.6124660551403
  0
ARC
  5
B0
330
17
100
AcDbEntity
  8
SLOTS
100
AcDbCircle
 10
9.077602060525376
 20
5.142745951994309
 30
0.0
 40
0.125
100
AcDbArc
 50
264.6124660551403
 51
444.6124660551403
  0
LINE
  5
B1
330
17
100
AcDbEntity
  8
SLOTS
100
AcDbLine
 10
9.928801651420144
 20
4.183588213456882
 30
0.0
 11
3.4948013290597935
 21
4.79036796091368
 31
0.0
  0
LINE
  5
B2
330
17
100
AcDbEntity
  8
SLOTS
100
AcDbLine
 10
3.5182742548062027
 20
5.039263565047027
 30
0.0
 11
9.952274577166556
 21
4.432483817590229
 31
0.0
  0
ARC
  5
B3
330
17
100
AcDbEntity
  8
SLOTS
100
AcDbCircle
 10
3.506537791932998
 20
4.9148157629803535
 30
0.0
 40
0.125
100
AcDbArc
 50
84.61246605514032
 51
264.6124660551403
  0
ARC
  5
B4
330
17
100
AcDbEntity
  8
SLOTS
100
AcDbCircle
 10
9.94053811429335
 20
4.308036015523555
 30
0.0
 40
0.125
100
AcDbArc
 50
264.6124660551403
 51
444.6124660551403
  0
LINE
  5
B5
330
17
100
AcDbEntity
  8
SLOTS
100
AcDbLine
 10
10.791737705188117
 20
3.34887827698613
 30
0.0
 11
3.05334561583856
 21
4.078673017806819
 31
0.0
  0
LINE
  5
B6
330
17
100
AcDbEntity
  8
SLOTS
100
AcDbLine
 10
3.076818541584969
 20
4.327568621940166
 30
0.0
 11
10.815210630934528
 21
3.597773881119477
 31
0.0
  0
ARC
  5
B7
330
17
100
AcDbEntity
  8
SLOTS
100
AcDbCircle
 10
3.0650820787117645
 20
4.203120819873493
 30
0.0
 40
0.125
100
AcDbArc
 50
84.61246605514032
 51
264.6124660551403
  0
ARC
  5
B8
330
17
100
AcDbEntity
  8
SLOTS
100
AcDbCircle
 10
10.803474168061323
 20
3.4733260790528035
 30
0.0
 40
0.125
100
AcDbArc
 50
264.6124660551403
 51
444.6124660551403
  0
LINE
  5
B9
330
17
100
AcDbEntity
  8
SLOTS
100
AcDbLine
 10
10.755312712915988
 20
2.598985567908443
 30
0.0
 11
2.611889902617326
 21
3.3669780746999596
 31
0.0
  0
LINE
  5
BA
330
17
100
AcDbEntity
  8
SLOTS
100
AcDbLine
 10
2.635362828363735
 20
3.6158736788333057
 30
0.0
 11
10.778785638662399
 21
2.84788117204179
 31
0.0
  0
ARC
  5
BB
330
17
100
AcDbEntity
  8
SLOTS
100
AcDbCircle
 10
2.6236263654905305
 20
3.4914258767666326
 30
0.0
 40
0.125
100
AcDbArc
 50
84.61246605514032
 51
264.6124660551403
  0
ARC
  5
BC
330
17
100
AcDbEntity
  8
SLOTS
100
AcDbCircle
 10
10.767049175789193
 20
2.7234333699751163
 30
0.0
 40
0.125
100
AcDbArc
 50
264.6124660551403
 51
444.6124660551403
  0
LINE
  5
BD
330
17
100
AcDbEntity
  8
SLOTS
100
AcDbLine
 10
9.114763121633743
 20
2.000375151387359
 30
0.0
 11
2.4516503459193193
 21
2.6287621089187736
 31
0.0
  0
LINE
  5
BE
330
17
100
AcDbEntity
  8
SLOTS
100
AcDbLine
 10
2.4751232716657285
 20
2.8776577130521197
 30
0.0
 11
9.138236047380154
 21
2.249270755520705
 31
0.0
  0
ARC
  5
BF
330
17
100
AcDbEntity
  8
SLOTS
100
AcDbCircle
 10
2.463386808792524
 20
2.7532099109854467
 30
0.0
 40
0.125
100
AcDbArc
 50
84.61246605514032
 51
264.6124660551403
  0
ARC
  5
C0
330
17
100
AcDbEntity
  8
SLOTS
100
AcDbCircle
 10
9.126499584506949
 20
2.124822953454032
 30
0.0
 40
0.125
100
AcDbArc
 50
264.6124660551403
 51
444.6124660551403
  0
LINE
  5
C1
330
17
100
AcDbEntity
  8
SLOTS
100
AcDbLine
 10
7.474213530351502
 20
1.401764734866275
 30
0.0
 11
2.4160118632424736
 21
1.8787952254441815
 31
0.0
  0
LINE
  5
C2
330
17
100
AcDbEntity
  8
SLOTS
100
AcDbLine
 10
2.439484788988883
 20
2.127690829577528
 30
0.0
 11
7.497686456097911
 21
1.6506603389996215
 31
0.0
  0
ARC
  5
C3
330
17
100
AcDbEntity
  8
SLOTS
100
AcDbCircle
 10
2.4277483261156783
 20
2.003243027510855
 30
0.0
 40
0.125
100
AcDbArc
 50
84.61246605514032
 51
264.6124660551403
  0
ARC
  5
C4
330
17
100
AcDbEntity
  8
SLOTS
100
AcDbCircle
 10
7.485949993224707
 20
1.5262125369329482
 30
0.0
 40
0.125
100
AcDbArc
 50
264.6124660551403
 51
444.6124660551403
  0
LINE
  5
C5
330
17
100
AcDbEntity
  8
SLOTS
100
AcDbLine
 10
3.7405518564288514
 20
1.0005521979333267
 30
0.0
 11
2.380373380565628
 21
1.1288283419695897
 31
0.0
  0
LINE
  5
C6
330
17
100
AcDbEntity
  8
SLOTS
100
AcDbLine
 10
2.403846306312037
 20
1.3777239461029362
 30
0.0
 11
3.7640247821752606
 21
1.2494478020666733
 31
0.0
  0
ARC
  5
C7
330
17
100
AcDbEntity
  8
SLOTS
100
AcDbCircle
 10
2.3921098434388326
 20
1.253276144036263
 30
0.0
 40
0.125
100
AcDbArc
 50
84.61246605514032
 51
264.6124660551403
  0
ARC
  5
C8
330
17
100
AcDbEntity
  8
SLOTS
100
AcDbCircle
 10
3.752288319302056
 20
1.125
 30
0.0
 40
0.125
100
AcDbArc
 50
264.6124660551403
 51
444.6124660551403
  0
LINE
  5
C9
330
17
100
AcDbEntity
  8
SLOTS
100
AcDbLine
 10
11.861973314430973
 20
1.6004865069739311
 30
0.0
 11
17.20968957124857
 21
1.6156644805497302
 31
0.0
  0
LINE
  5
CA
330
17
100
AcDbEntity
  8
SLOTS
100
AcDbLine
 10
17.210399122378174
 20
1.3656654874773693
 30
0.0
 11
11.862682865560576
 21
1.3504875139015702
 31
0.0
  0
ARC
  5
CB
330
17
100
AcDbEntity
  8
SLOTS
100
AcDbCircle
 10
17.210044346813373
 20
1.4906649840135497
 30
0.0
 40
0.125
100
AcDbArc
 50
-89.83738264137443
 51
90.16261735862557
  0
ARC
  5
CC
330
17
100
AcDbEntity
  8
SLOTS
100
AcDbCircle
 10
11.862328089995774
 20
1.4754870104377507
 30
0.0
 40
0.125
100
AcDbArc
 50
90.16261735862557
 51
270.16261735862554
  0
LINE
  5
CD
330
17
100
AcDbEntity
  8
SLOTS
100
AcDbLine
 10
11.785308091707142
 20
2.3502719353110746
 30
0.0
 11
17.323311537788154
 21
2.365989985022509
 31
0.0
  0
LINE
  5
CE
330
17
100
AcDbEntity
  8
SLOTS
100
AcDbLine
 10
17.324021088917757
 20
2.115990991950148
 30
0.0
 11
11.786017642836745
 21
2.1002729422387136
 31
0.0
  0
ARC
  5
CF
330
17
100
AcDbEntity
  8
SLOTS
100
AcDbCircle
 10
17.323666313352955
 20
2.2409904884863283
 30
0.0
 40
0.125
100
AcDbArc
 50
-89.83738264137443
 51
90.16261735862557
  0
ARC
  5
D0
330
17
100
AcDbEntity
  8
SLOTS
100
AcDbCircle
 10
11.785662867271943
 20
2.225272438774894
 30
0.0
 40
0.125
100
AcDbArc
 50
90.16261735862557
 51
270.16261735862554
  0
LINE
  5
D1
330
17
100
AcDbEntity
  8
SLOTS
100
AcDbLine
 10
12.290164524995536
 20
3.1017078476875417
 30
0.0
 11
17.34234820335107
 21
3.116047035985426
 31
0.0
  0
LINE
  5
D2
330
17
100
AcDbEntity
  8
SLOTS
100
AcDbLine
 10
17.34305775448067
 20
2.8660480429130653
 30
0.0
 11
12.290874076125139
 21
2.8517088546151808
 31
0.0
  0
ARC
  5
D3
330
17
100
AcDbEntity
  8
SLOTS
100
AcDbCircle
 10
17.34270297891587
 20
2.9910475394492457
 30
0.0
 40
0.125
100
AcDbArc
 50
-89.83738264137443
 51
90.16261735862557
  0
ARC
  5
D4
330
17
100
AcDbEntity
  8
SLOTS
100
AcDbCircle
 10
12.290519300560337
 20
2.9767083511513612
 30
0.0
 40
0.125
100
AcDbArc
 50
90.16261735862557
 51
270.16261735862554
  0
LINE
  5
D5
330
17
100
AcDbEntity
  8
SLOTS
100
AcDbLine
 10
18.46408400204569
 20
2.4917488652084585
 30
0.0
 11
18.16169757000472
 21
1.9960747804180556
 31
0.0
  0
LINE
  5
D6
330
17
100
AcDbEntity
  8
SLOTS
100
AcDbLine
 10
17.94827649916138
 20
2.1262725012893613
 30
0.0
 11
18.250662931202353
 21
2.621946586079764
 31
0.0
  0
ARC
  5
D7
330
17
100
AcDbEntity
  8
SLOTS
100
AcDbCircle
 10
18.05498703458305
 20
2.0611736408537085
 30
0.0
 40
0.125
100
AcDbArc
 50
-211.38531736184353
 51
-31.385317361843548
  0
ARC
  5
D8
330
17
100
AcDbEntity
  8
SLOTS
100
AcDbCircle
 10
18.357373466624022
 20
2.5568477256441113
 30
0.0
 40
0.125
100
AcDbArc
 50
-31.385317361843548
 51
148.61468263815647
  0
LINE
  5
D9
330
17
100
AcDbEntity
  8
SLOTS
100
AcDbLine
 10
19.037373119799597
 20
1.9913712691173209
 30
0.0
 11
18.469128909196233
 21
1.0599011395643467
 31
0.0
  0
LINE
  5
DA
330
17
100
AcDbEntity
  8
SLOTS
100
AcDbLine
 10
18.255707838352894
 20
1.1900988604356533
 30
0.0
 11
18.823952048956258
 21
2.1215689899886274
 31
0.0
  0
ARC
  5
DB
330
17
100
AcDbEntity
  8
SLOTS
100
AcDbCircle
 10
18.362418373774563
 20
1.125
 30
0.0
 40
0.125
100
AcDbArc
 50
-211.3853173618437
 51
-31.385317361843704
  0
ARC
  5
DC
330
17
100
AcDbEntity
  8
SLOTS
100
AcDbCircle
 10
18.930662584377927
 20
2.056470129552974
 30
0.0
 40
0.125
100
AcDbArc
 50
-31.385317361843704
 51
148.6146826381563
  0
LINE
  5
DD
330
17
100
AcDbEntity
  8
SLOTS
100
AcDbLine
 10
19.6106622375535
 20
1.4909936730261841
 30
0.0
 11
19.347673840392993
 21
1.059901139564347
 31
0.0
  0
LINE
  5
DE
330
17
100
AcDbEntity
  8
SLOTS
100
AcDbLine
 10
19.134252769549654
 20
1.190098860435653
 30
0.0
 11
19.39724116671016
 21
1.6211913938974902
 31
0.0
  0
ARC
  5
DF
330
17
100
AcDbEntity
  8
SLOTS
100
AcDbCircle
 10
19.240963304971324
 20
1.125
 30
0.0
 40
0.125
100
AcDbArc
 50
-211.3853173618436
 51
-31.385317361843576
  0
ARC
  5
E0
330
17
100
AcDbEntity
  8
SLOTS
100
AcDbCircle
 10
19.50395170213183
 20
1.5560925334618372
 30
0.0
 40
0.125
100
AcDbArc
 50
-31.385317361843576
 51
148.6146826381564
  0
LINE
  5
E1
330
17
100
AcDbEntity
  8
SLOTS
100
AcDbLine
 10
19.252909464095602
 20
3.3254327616588326
 30
0.0
 11
19.281247670791682
 21
2.8625087567036944
 31
0.0
  0
LINE
  5
E2
330
17
100
AcDbEntity
  8
SLOTS
100
AcDbLine
 10
19.03171477828604
 20
2.847233431575586
 30
0.0
 11
19.00337657158996
 21
3.3101574365307243
 31
0.0
  0
ARC
  5
E3
330
17
100
AcDbEntity
  8
SLOTS
100
AcDbCircle
 10
19.15648122453886
 20
2.8548710941396402
 30
0.0
 40
0.125
100
AcDbArc
 50
-176.49697136475862
 51
3.5030286352413924
  0
ARC
  5
E4
330
17
100
AcDbEntity
  8
SLOTS
100
AcDbCircle
 10
19.12814301784278
 20
3.3177950990947784
 30
0.0
 40
0.125
100
AcDbArc
 50
3.5030286352413924
 51
183.50302863524138
  0
LINE
  5
E5
330
17
100
AcDbEntity
  8
SLOTS
100
AcDbLine
 10
19.967799219591374
 20
3.9219170532910397
 30
0.0
 11
20.075065461780454
 21
2.1696495593312277
 31
0.0
  0
LINE
  5
E6
330
17
100
AcDbEntity
  8
SLOTS
100
AcDbLine
 10
19.825532569274813
 20
2.1543742342031194
 30
0.0
 11
19.718266327085733
 21
3.9066417281629313
 31
0.0
  0
ARC
  5
E7
330
17
100
AcDbEntity
  8
SLOTS
100
AcDbCircle
 10
19.950299015527634
 20
2.1620118967671735
 30
0.0
 40
0.125
100
AcDbArc
 50
-176.49697136475856
 51
3.5030286352414493
  0
ARC
  5
E8
330
17
100
AcDbEntity
  8
SLOTS
100
AcDbCircle
 10
19.843032773338553
 20
3.9142793907269855
 30
0.0
 40
0.125
100
AcDbArc
 50
3.5030286352414493
 51
183.50302863524144
  0
LINE
  5
E9
330
17
100
AcDbEntity
  8
SLOTS
100
AcDbLine
 10
20.692579971364523
 20
4.356825149971105
 30
0.0
 11
20.868883252769226
 21
1.476790361958761
 31
0.0
  0
LINE
  5
EA
330
17
100
AcDbEntity
  8
SLOTS
100
AcDbLine
 10
20.619350360263585
 20
1.4615150368306526
 30
0.0
 11
20.443047078858882
 21
4.341549824842996
 31
0.0
  0
ARC
  5
EB
330
17
100
AcDbEntity
  8
SLOTS
100
AcDbCircle
 10
20.744116806516406
 20
1.4691526993947068
 30
0.0
 40
0.125
100
AcDbArc
 50
-176.49697136475854
 51
3.5030286352414635
  0
ARC
  5
EC
330
17
100
AcDbEntity
  8
SLOTS
100
AcDbCircle
 10
20.567813525111703
 20
4.34918748740705
 30
0.0
 40
0.125
100
AcDbArc
 50
3.5030286352414635
 51
183.50302863524146
  0
LINE
  5
ED
330
17
100
AcDbEntity
  8
SLOTS
100
AcDbLine
 10
21.43052830189668
 20
4.576631833916891
 30
0.0
 11
21.641354739159
 21
1.1326376625640542
 31
0.0
  0
LINE
  5
EE
330
17
100
AcDbEntity
  8
SLOTS
100
AcDbLine
 10
21.391821846653357
 20
1.1173623374359458
 30
0.0
 11
21.180995409391038
 21
4.561356508788783
 31
0.0
  0
ARC
  5
EF
330
17
100
AcDbEntity
  8
SLOTS
100
AcDbCircle
 10
21.516588292906178
 20
1.125
 30
0.0
 40
0.125
100
AcDbArc
 50
-176.4969713647585
 51
3.503028635241506
  0
ARC
  5
F0
330
17
100
AcDbEntity
  8
SLOTS
100
AcDbCircle
 10
21.30576185564386
 20
4.568994171352837
 30
0.0
 40
0.125
100
AcDbArc
 50
3.503028635241506
 51
183.5030286352415
  0
LINE
  5
F1
330
17
100
AcDbEntity
  8
SLOTS
100
AcDbLine
 10
22.168476632428842
 20
4.796438517862679
 30
0.0
 11
22.392758684816236
 21
1.1326376625640542
 31
0.0
  0
LINE
  5
F2
330
17
100
AcDbEntity
  8
SLOTS
100
AcDbLine
 10
22.143225792310595
 20
1.1173623374359458
 30
0.0
 11
21.9189437399232
 21
4.781163192734571
 31
0.0
  0
ARC
  5
F3
330
17
100
AcDbEntity
  8
SLOTS
100
AcDbCircle
 10
22.267992238563416
 20
1.125
 30
0.0
 40
0.125
100
AcDbArc
 50
-176.49697136475856
 51
3.5030286352414493
  0
ARC
  5
F4
330
17
100
AcDbEntity
  8
SLOTS
100
AcDbCircle
 10
22.04371018617602
 20
4.788800855298625
 30
0.0
 40
0.125
100
AcDbArc
 50
3.5030286352414493
 51
183.50302863524144
  0
LINE
  5
F5
330
17
100
AcDbEntity
  8
SLOTS
100
AcDbLine
 10
22.906424962961
 20
5.0162452018084664
 30
0.0
 11
23.144162630473474
 21
1.1326376625640542
 31
0.0
  0
LINE
  5
F6
330
17
100
AcDbEntity
  8
SLOTS
100
AcDbLine
 10
22.894629737967833
 20
1.1173623374359458
 30
0.0
 11
22.65689207045536
 21
5.000969876680358
 31
0.0
  0
ARC
  5
F7
330
17
100
AcDbEntity
  8
SLOTS
100
AcDbCircle
 10
23.019396184220653
 20
1.125
 30
0.0
 40
0.125
100
AcDbArc
 50
-176.49697136475854
 51
3.5030286352414635
  0
ARC
  5
F8
330
17
100
AcDbEntity
  8
SLOTS
100
AcDbCircle
 10
22.78165851670818
 20
5.008607539244412
 30
0.0
 40
0.125
100
AcDbArc
 50
3.5030286352414635
 51
183.50302863524146
  0
LINE
  5
F9
330
17
100
AcDbEntity
  8
SLOTS
100
AcDbLine
 10
23.64437329349316
 20
5.236051885754254
 30
0.0
 11
23.890007026058594
 21
1.2234567187144705
 31
0.0
  0
LINE
  5
FA
330
17
100
AcDbEntity
  8
SLOTS
100
AcDbLine
 10
23.640474133552953
 20
1.2081813935863621
 30
0.0
 11
23.39484040098752
 21
5.220776560626145
 31
0.0
  0
ARC
  5
FB
330
17
100
AcDbEntity
  8
SLOTS
100
AcDbCircle
 10
23.765240579805774
 20
1.2158190561504163
 30
0.0
 40
0.125
100
AcDbArc
 50
-176.4969713647585
 51
3.503028635241492
  0
ARC
  5
FC
330
17
100
AcDbEntity
  8
SLOTS
100
AcDbCircle
 10
23.51960684724034
 20
5.2284142231901996
 30
0.0
 40
0.125
100
AcDbArc
 50
3.503028635241492
 51
183.5030286352415
  0
LINE
  5
FD
330
17
100
AcDbEntity
  8
SLOTS
100
AcDbLine
 10
24.38232162402532
 20
5.455858569700042
 30
0.0
 11
24.631921045926383
 21
1.3784811526983591
 31
0.0
  0
LINE
  5
FE
330
17
100
AcDbEntity
  8
SLOTS
100
AcDbLine
 10
24.38238815342074
 20
1.3632058275702508
 30
0.0
 11
24.13278873151968
 21
5.4405832445719335
 31
0.0
  0
ARC
  5
FF
330
17
100
AcDbEntity
  8
SLOTS
100
AcDbCircle
 10
24.507154599673562
 20
1.370843490134305
 30
0.0
 40
0.125
100
AcDbArc
 50
-176.4969713647585
 51
3.5030286352414777
  0
ARC
  5
100
330
17
100
AcDbEntity
  8
SLOTS
100
AcDbCircle
 10
24.2575551777725
 20
5.448220907135988
 30
0.0
 40
0.125
100
AcDbArc
 50
3.5030286352414777
 51
183.5030286352415
  0
LINE
  5
101
330
17
100
AcDbEntity
  8
SLOTS
100
AcDbLine
 10
25.12026995455748
 20
5.675665253645828
 30
0.0
 11
25.336921208713107
 21
2.1365187110332338
 31
0.0
  0
LINE
  5
102
330
17
100
AcDbEntity
  8
SLOTS
100
AcDbLine
 10
25.087388316207466
 20
2.1212433859051254
 30
0.0
 11
24.870737062051838
 21
5.66038992851772
 31
0.0
  0
ARC
  5
103
330
17
100
AcDbEntity
  8
SLOTS
100
AcDbCircle
 10
25.212154762460287
 20
2.1288810484691796
 30
0.0
 40
0.125
100
AcDbArc
 50
-176.4969713647585
 51
3.503028635241492
  0
ARC
  5
104
330
17
100
AcDbEntity
  8
SLOTS
100
AcDbCircle
 10
24.995503508304658
 20
5.668027591081774
 30
0.0
 40
0.125
100
AcDbArc
 50
3.503028635241492
 51
183.5030286352415
  0
LINE
  5
105
330
17
100
AcDbEntity
  8
SLOTS
100
AcDbLine
 10
25.915881317004974
 20
4.953506838727592
 30
0.0
 11
26.005450965947546
 21
3.4903253094371425
 31
0.0
  0
LINE
  5
106
330
17
100
AcDbEntity
  8
SLOTS
100
AcDbLine
 10
25.755918073441904
 20
3.475049984309034
 30
0.0
 11
25.666348424499333
 21
4.938231513599484
 31
0.0
  0
ARC
  5
107
330
17
100
AcDbEntity
  8
SLOTS
100
AcDbCircle
 10
25.880684519694725
 20
3.4826876468730883
 30
0.0
 40
0.125
100
AcDbArc
 50
-176.4969713647585
 51
3.503028635241492
  0
ARC
  5
108
330
17
100
AcDbEntity
  8
SLOTS
100
AcDbCircle
 10
25.791114870752153
 20
4.945869176163538
 30
0.0
 40
0.125
100
AcDbArc
 50
3.503028635241492
 51
183.5030286352415
  0
LINE
  5
109
330
17
100
AcDbEntity
  8
SLOTS
100
AcDbLine
 10
22.852613318732153
 20
12.936599196422861
 30
0.0
 11
22.21015137269883
 21
13.59408757760912
 31
0.0
  0
LINE
  5
10A
330
17
100
AcDbEntity
  8
SLOTS
100
AcDbLine
 10
22.388959526465555
 20
13.768809196610707
 30
0.0
 11
23.031421472498877
 21
13.111320815424449
 31
0.0
  0
ARC
  5
10B
330
17
100
AcDbEntity
  8
SLOTS
100
AcDbCircle
 10
22.299555449582193
 20
13.681448387109914
 30
0.0
 40
0.125
100
AcDbArc
 50
44.33773394658314
 51
224.33773394658314
  0
ARC
  5
10C
330
17
100
AcDbEntity
  8
SLOTS
100
AcDbCircle
 10
22.942017395615515
 20
13.023960005923655
 30
0.0
 40
0.125
100
AcDbArc
 50
224.33773394658314
 51
404.33773394658317
  0
LINE
  5
10D
330
17
100
AcDbEntity
  8
SLOTS
100
AcDbLine
 10
22.75518093437422
 20
11.963174750107925
 30
0.0
 11
21.44844982318948
 21
13.300468777004294
 31
0.0
  0
LINE
  5
10E
330
17
100
AcDbEntity
  8
SLOTS
100
AcDbLine
 10
21.627257976956205
 20
13.475190396005878
 30
0.0
 11
22.933989088140944
 21
12.137896369109509
 31
0.0
  0
ARC
  5
10F
330
17
100
AcDbEntity
  8
SLOTS
100
AcDbCircle
 10
21.537853900072843
 20
13.387829586505086
 30
0.0
 40
0.125
100
AcDbArc
 50
44.337733946583
 51
224.337733946583
  0
ARC
  5
110
330
17
100
AcDbEntity
  8
SLOTS
100
AcDbCircle
 10
22.844585011257582
 20
12.050535559608717
 30
0.0
 40
0.125
100
AcDbArc
 50
224.337733946583
 51
404.337733946583
  0
LINE
  5
111
330
17
100
AcDbEntity
  8
SLOTS
100
AcDbLine
 10
22.43648465393132
 20
11.21618930418839
 30
0.0
 11
20.68674827368013
 21
13.006849976399463
 31
0.0
  0
LINE
  5
112
330
17
100
AcDbEntity
  8
SLOTS
100
AcDbLine
 10
20.865556427446855
 20
13.181571595401051
 30
0.0
 11
22.615292807698044
 21
11.390910923189978
 31
0.0
  0
ARC
  5
113
330
17
100
AcDbEntity
  8
SLOTS
100
AcDbCircle
 10
20.776152350563493
 20
13.094210785900257
 30
0.0
 40
0.125
100
AcDbArc
 50
44.33773394658303
 51
224.33773394658303
  0
ARC
  5
114
330
17
100
AcDbEntity
  8
SLOTS
100
AcDbCircle
 10
22.525888730814682
 20
11.303550113689184
 30
0.0
 40
0.125
100
AcDbArc
 50
224.33773394658303
 51
404.33773394658306
  0
LINE
  5
115
330
17
100
AcDbEntity
  8
SLOTS
100
AcDbLine
 10
22.117788373488416
 20
10.469203858268857
 30
0.0
 11
19.92504672417078
 21
12.713231175794636
 31
0.0
  0
LINE
  5
116
330
17
100
AcDbEntity
  8
SLOTS
100
AcDbLine
 10
20.103854877937504
 20
12.88795279479622
 30
0.0
 11
22.29659652725514
 21
10.643925477270441
 31
0.0
  0
ARC
  5
117
330
17
100
AcDbEntity
  8
SLOTS
100
AcDbCircle
 10
20.014450801054142
 20
12.800591985295428
 30
0.0
 40
0.125
100
AcDbArc
 50
44.33773394658297
 51
224.33773394658297
  0
ARC
  5
118
330
17
100
AcDbEntity
  8
SLOTS
100
AcDbCircle
 10
22.207192450371778
 20
10.55656466776965
 30
0.0
 40
0.125
100
AcDbArc
 50
224.33773394658297
 51
404.33773394658294
  0
LINE
  5
119
330
17
100
AcDbEntity
  8
SLOTS
100
AcDbLine
 10
21.799092093045513
 20
9.722218412349322
 30
0.0
 11
19.163345174661426
 21
12.419612375189807
 31
0.0
  0
LINE
  5
11A
330
17
100
AcDbEntity
  8
SLOTS
100
AcDbLine
 10
19.34215332842815
 20
12.594333994191391
 30
0.0
 11
21.977900246812236
 21
9.896940031350907
 31
0.0
  0
ARC
  5
11B
330
17
100
AcDbEntity
  8
SLOTS
100
AcDbCircle
 10
19.252749251544788
 20
12.5069731846906
 30
0.0
 40
0.125
100
AcDbArc
 50
44.33773394658297
 51
224.33773394658297
  0
ARC
  5
11C
330
17
100
AcDbEntity
  8
SLOTS
100
AcDbCircle
 10
21.888496169928874
 20
9.809579221850115
 30
0.0
 40
0.125
100
AcDbArc
 50
224.33773394658297
 51
404.33773394658294
  0
LINE
  5
11D
330
17
100
AcDbEntity
  8
SLOTS
100
AcDbLine
 10
21.480395812602612
 20
8.975232966429791
 30
0.0
 11
18.795739185351877
 21
11.722680579148799
 31
0.0
  0
LINE
  5
11E
330
17
100
AcDbEntity
  8
SLOTS
100
AcDbLine
 10
18.9745473391186
 20
11.897402198150383
 30
0.0
 11
21.659203966369336
 21
9.149954585431376
 31
0.0
  0
ARC
  5
11F
330
17
100
AcDbEntity
  8
SLOTS
100
AcDbCircle
 10
18.88514326223524
 20
11.81004138864959
 30
0.0
 40
0.125
100
AcDbArc
 50
44.337733946582944
 51
224.33773394658294
  0
ARC
  5
120
330
17
100
AcDbEntity
  8
SLOTS
100
AcDbCircle
 10
21.569799889485974
 20
9.062593775930583
 30
0.0
 40
0.125
100
AcDbArc
 50
224.33773394658294
 51
404.33773394658294
  0
LINE
  5
121
330
17
100
AcDbEntity
  8
SLOTS
100
AcDbLine
 10
21.161699532159712
 20
8.228247520510259
 30
0.0
 11
18.5485867088521
 21
10.902478003204832
 31
0.0
  0
LINE
  5
122
330
17
100
AcDbEntity
  8
SLOTS
100
AcDbLine
 10
18.727394862618823
 20
11.077199622206416
 30
0.0
 11
21.340507685926436
 21
8.402969139511843
 31
0.0
  0
ARC
  5
123
330
17
100
AcDbEntity
  8
SLOTS
100
AcDbCircle
 10
18.63799078573546
 20
10.989838812705624
 30
0.0
 40
0.125
100
AcDbArc
 50
44.33773394658297
 51
224.33773394658297
  0
ARC
  5
124
330
17
100
AcDbEntity
  8
SLOTS
100
AcDbCircle
 10
21.251103609043074
 20
8.31560833001105
 30
0.0
 40
0.125
100
AcDbArc
 50
224.33773394658297
 51
404.33773394658294
  0
LINE
  5
125
330
17
100
AcDbEntity
  8
SLOTS
100
AcDbLine
 10
20.84300325171681
 20
7.481262074590724
 30
0.0
 11
18.30143423235232
 21
10.082275427260864
 31
0.0
  0
LINE
  5
126
330
17
100
AcDbEntity
  8
SLOTS
100
AcDbLine
 10
18.480242386119045
 20
10.256997046262448
 30
0.0
 11
21.021811405483533
 21
7.65598369359231
 31
0.0
  0
ARC
  5
127
330
17
100
AcDbEntity
  8
SLOTS
100
AcDbCircle
 10
18.390838309235683
 20
10.169636236761656
 30
0.0
 40
0.125
100
AcDbArc
 50
44.33773394658297
 51
224.33773394658297
  0
ARC
  5
128
330
17
100
AcDbEntity
  8
SLOTS
100
AcDbCircle
 10
20.93240732860017
 20
7.568622884091517
 30
0.0
 40
0.125
100
AcDbArc
 50
224.33773394658297
 51
404.33773394658294
  0
LINE
  5
129
330
17
100
AcDbEntity
  8
SLOTS
100
AcDbLine
 10
20.524306971273905
 20
6.734276628671189
 30
0.0
 11
18.054281755852543
 21
9.262072851316898
 31
0.0
  0
LINE
  5
12A
330
17
100
AcDbEntity
  8
SLOTS
100
AcDbLine
 10
18.233089909619267
 20
9.436794470318482
 30
0.0
 11
20.70311512504063
 21
6.908998247672775
 31
0.0
  0
ARC
  5
12B
330
17
100
AcDbEntity
  8
SLOTS
100
AcDbCircle
 10
18.143685832735905
 20
9.34943366081769
 30
0.0
 40
0.125
100
AcDbArc
 50
44.337733946582944
 51
224.33773394658294
  0
ARC
  5
12C
330
17
100
AcDbEntity
  8
SLOTS
100
AcDbCircle
 10
20.613711048157267
 20
6.821637438171982
 30
0.0
 40
0.125
100
AcDbArc
 50
224.33773394658294
 51
404.33773394658294
  0
LINE
  5
12D
330
17
100
AcDbEntity
  8
SLOTS
100
AcDbLine
 10
20.205610690831005
 20
5.9872911827516555
 30
0.0
 11
17.807129279352765
 21
8.441870275372931
 31
0.0
  0
LINE
  5
12E
330
17
100
AcDbEntity
  8
SLOTS
100
AcDbLine
 10
17.98593743311949
 20
8.616591894374515
 30
0.0
 11
20.38441884459773
 21
6.162012801753241
 31
0.0
  0
ARC
  5
12F
330
17
100
AcDbEntity
  8
SLOTS
100
AcDbCircle
 10
17.896533356236127
 20
8.529231084873723
 30
0.0
 40
0.125
100
AcDbArc
 50
44.33773394658297
 51
224.33773394658297
  0
ARC
  5
130
330
17
100
AcDbEntity
  8
SLOTS
100
AcDbCircle
 10
20.295014767714367
 20
6.0746519922524485
 30
0.0
 40
0.125
100
AcDbArc
 50
224.33773394658297
 51
404.33773394658294
  0
LINE
  5
131
330
17
100
AcDbEntity
  8
SLOTS
100
AcDbLine
 10
19.886914410388105
 20
5.240305736832124
 30
0.0
 11
17.559976802852987
 21
7.621667699428966
 31
0.0
  0
LINE
  5
132
330
17
100
AcDbEntity
  8
SLOTS
100
AcDbLine
 10
17.73878495661971
 20
7.796389318430552
 30
0.0
 11
20.06572256415483
 21
5.41502735583371
 31
0.0
  0
ARC
  5
133
330
17
100
AcDbEntity
  8
SLOTS
100
AcDbCircle
 10
17.64938087973635
 20
7.709028508929759
 30
0.0
 40
0.125
100
AcDbArc
 50
44.337733946583
 51
224.337733946583
  0
ARC
  5
134
330
17
100
AcDbEntity
  8
SLOTS
100
AcDbCircle
 10
19.976318487271467
 20
5.327666546332917
 30
0.0
 40
0.125
100
AcDbArc
 50
224.337733946583
 51
404.337733946583
  0
LINE
  5
135
330
17
100
AcDbEntity
  8
SLOTS
100
AcDbLine
 10
19.484419889366055
 20
4.5790784745448105
 30
0.0
 11
17.31282432635321
 21
6.8014651234849985
 31
0.0
  0
LINE
  5
136
330
17
100
AcDbEntity
  8
SLOTS
100
AcDbLine
 10
17.491632480119932
 20
6.976186742486584
 30
0.0
 11
19.66322804313278
 21
4.753800093546396
 31
0.0
  0
ARC
  5
137
330
17
100
AcDbEntity
  8
SLOTS
100
AcDbCircle
 10
17.40222840323657
 20
6.8888259329857915
 30
0.0
 40
0.125
100
AcDbArc
 50
44.33773394658297
 51
224.33773394658297
  0
ARC
  5
138
330
17
100
AcDbEntity
  8
SLOTS
100
AcDbCircle
 10
19.573823966249417
 20
4.6664392840456035
 30
0.0
 40
0.125
100
AcDbArc
 50
224.33773394658297
 51
404.33773394658294
  0
LINE
  5
139
330
17
100
AcDbEntity
  8
SLOTS
100
AcDbLine
 10
18.906769956308157
 20
4.097103304971314
 30
0.0
 11
17.06567184985343
 21
5.981262547541031
 31
0.0
  0
LINE
  5
13A
330
17
100
AcDbEntity
  8
SLOTS
100
AcDbLine
 10
17.244480003620154
 20
6.155984166542617
 30
0.0
 11
19.08557811007488
 21
4.2718249239729
 31
0.0
  0
ARC
  5
13B
330
17
100
AcDbEntity
  8
SLOTS
100
AcDbCircle
 10
17.155075926736792
 20
6.068623357041824
 30
0.0
 40
0.125
100
AcDbArc
 50
44.33773394658297
 51
224.33773394658297
  0
ARC
  5
13C
330
17
100
AcDbEntity
  8
SLOTS
100
AcDbCircle
 10
18.99617403319152
 20
4.184464114472107
 30
0.0
 40
0.125
100
AcDbArc
 50
224.33773394658297
 51
404.33773394658294
  0
LINE
  5
13D
330
17
100
AcDbEntity
  8
SLOTS
100
AcDbLine
 10
18.329120023250262
 20
3.6151281353978164
 30
0.0
 11
16.818519373353656
 21
5.161059971597064
 31
0.0
  0
LINE
  5
13E
330
17
100
AcDbEntity
  8
SLOTS
100
AcDbLine
 10
16.99732752712038
 20
5.33578159059865
 30
0.0
 11
18.507928177016986
 21
3.7898497543994023
 31
0.0
  0
ARC
  5
13F
330
17
100
AcDbEntity
  8
SLOTS
100
AcDbCircle
 10
16.907923450237018
 20
5.248420781097857
 30
0.0
 40
0.125
100
AcDbArc
 50
44.33773394658297
 51
224.33773394658297
  0
ARC
  5
140
330
17
100
AcDbEntity
  8
SLOTS
100
AcDbCircle
 10
18.418524100133624
 20
3.7024889448986094
 30
0.0
 40
0.125
100
AcDbArc
 50
224.33773394658297
 51
404.33773394658294
  0
LINE
  5
141
330
17
100
AcDbEntity
  8
SLOTS
100
AcDbLine
 10
17.136399347587336
 20
3.762609495300134
 30
0.0
 11
16.571366896853878
 21
4.340857395653099
 31
0.0
  0
LINE
  5
142
330
17
100
AcDbEntity
  8
SLOTS
100
AcDbLine
 10
16.7501750506206
 20
4.515579014654685
 30
0.0
 11
17.31520750135406
 21
3.93733111430172
 31
0.0
  0
ARC
  5
143
330
17
100
AcDbEntity
  8
SLOTS
100
AcDbCircle
 10
16.66077097373724
 20
4.428218205153892
 30
0.0
 40
0.125
100
AcDbArc
 50
44.337733946582915
 51
224.33773394658292
  0
ARC
  5
144
330
17
100
AcDbEntity
  8
SLOTS
100
AcDbCircle
 10
17.225803424470698
 20
3.849970304800927
 30
0.0
 40
0.125
100
AcDbArc
 50
224.33773394658292
 51
404.33773394658294
  0
LINE
  5
145
330
17
100
AcDbEntity
  8
SLOTS
100
AcDbLine
 10
25.909152890509226
 20
1.646732969518836
 30
0.0
 11
26.07209417533355
 21
1.1650550777845219
 31
0.0
  0
LINE
  5
146
330
17
100
AcDbEntity
  8
SLOTS
100
AcDbLine
 10
25.835277024403336
 20
1.0849449222154781
 30
0.0
 11
25.67233573957901
 21
1.5666228139497922
 31
0.0
  0
ARC
  5
147
330
17
100
AcDbEntity
  8
SLOTS
100
AcDbCircle
 10
25.953685599868443
 20
1.125
 30
0.0
 40
0.125
100
AcDbArc
 50
-161.3104260614627
 51
18.689573938537293
  0
ARC
  5
148
330
17
100
AcDbEntity
  8
SLOTS
100
AcDbCircle
 10
25.79074431504412
 20
1.606677891734314
 30
0.0
 40
0.125
100
AcDbArc
 50
18.689573938537293
 51
198.6895739385373
  0
LINE
  5
149
330
17
100
AcDbEntity
  8
SLOTS
100
AcDbLine
 10
26.37902556784923
 20
2.5982489254040053
 30
0.0
 11
26.86384426295813
 21
1.1650550777845219
 31
0.0
  0
LINE
  5
14A
330
17
100
AcDbEntity
  8
SLOTS
100
AcDbLine
 10
26.627027112027914
 20
1.0849449222154781
 30
0.0
 11
26.142208416919015
 21
2.518138769834961
 31
0.0
  0
ARC
  5
14B
330
17
100
AcDbEntity
  8
SLOTS
100
AcDbCircle
 10
26.74543568749302
 20
1.125
 30
0.0
 40
0.125
100
AcDbArc
 50
-161.31042606146266
 51
18.689573938537336
  0
ARC
  5
14C
330
17
100
AcDbEntity
  8
SLOTS
100
AcDbCircle
 10
26.260616992384122
 20
2.558193847619483
 30
0.0
 40
0.125
100
AcDbArc
 50
18.689573938537336
 51
198.68957393853734
  0
LINE
  5
14D
330
17
100
AcDbEntity
  8
SLOTS
100
AcDbLine
 10
26.848898245189236
 20
3.549764881289179
 30
0.0
 11
27.65559435058271
 21
1.1650550777845219
 31
0.0
  0
LINE
  5
14E
330
17
100
AcDbEntity
  8
SLOTS
100
AcDbLine
 10
27.418777199652496
 20
1.0849449222154781
 30
0.0
 11
26.612081094259022
 21
3.469654725720136
 31
0.0
  0
ARC
  5
14F
330
17
100
AcDbEntity
  8
SLOTS
100
AcDbCircle
 10
27.537185775117603
 20
1.125
 30
0.0
 40
0.125
100
AcDbArc
 50
-161.3104260614627
 51
18.689573938537308
  0
ARC
  5
150
330
17
100
AcDbEntity
  8
SLOTS
100
AcDbCircle
 10
26.73048966972413
 20
3.5097098035046574
 30
0.0
 40
0.125
100
AcDbArc
 50
18.689573938537308
 51
198.6895739385373
  0
LINE
  5
151
330
17
100
AcDbEntity
  8
SLOTS
100
AcDbLine
 10
27.421469882172666
 20
4.197687929964328
 30
0.0
 11
28.44734443820729
 21
1.1650550777845219
 31
0.0
  0
LINE
  5
152
330
17
100
AcDbEntity
  8
SLOTS
100
AcDbLine
 10
28.210527287277074
 20
1.0849449222154781
 30
0.0
 11
27.18465273124245
 21
4.117577774395285
 31
0.0
  0
ARC
  5
153
330
17
100
AcDbEntity
  8
SLOTS
100
AcDbCircle
 10
28.32893586274218
 20
1.125
 30
0.0
 40
0.125
100
AcDbArc
 50
-161.3104260614627
 51
18.689573938537308
  0
ARC
  5
154
330
17
100
AcDbEntity
  8
SLOTS
100
AcDbCircle
 10
27.30306130670756
 20
4.157632852179806
 30
0.0
 40
0.125
100
AcDbArc
 50
18.689573938537308
 51
198.6895739385373
  0
LINE
  5
155
330
17
100
AcDbEntity
  8
SLOTS
100
AcDbLine
 10
28.17606473710307
 20
4.3075241459382205
 30
0.0
 11
29.239094525831867
 21
1.1650550777845219
 31
0.0
  0
LINE
  5
156
330
17
100
AcDbEntity
  8
SLOTS
100
AcDbLine
 10
29.002277374901652
 20
1.0849449222154781
 30
0.0
 11
27.939247586172854
 21
4.227413990369177
 31
0.0
  0
ARC
  5
157
330
17
100
AcDbEntity
  8
SLOTS
100
AcDbCircle
 10
29.12068595036676
 20
1.125
 30
0.0
 40
0.125
100
AcDbArc
 50
-161.3104260614627
 51
18.689573938537308
  0
ARC
  5
158
330
17
100
AcDbEntity
  8
SLOTS
100
AcDbCircle
 10
28.05765616163796
 20
4.267469068153699
 30
0.0
 40
0.125
100
AcDbArc
 50
18.689573938537308
 51
198.6895739385373
  0
LINE
  5
159
330
17
100
AcDbEntity
  8
SLOTS
100
AcDbLine
 10
29.029066085302407
 20
4.126456603163368
 30
0.0
 11
30.03084461345645
 21
1.1650550777845219
 31
0.0
  0
LINE
  5
15A
330
17
100
AcDbEntity
  8
SLOTS
100
AcDbLine
 10
29.794027462526234
 20
1.0849449222154781
 30
0.0
 11
28.792248934372193
 21
4.046346447594325
 31
0.0
  0
ARC
  5
15B
330
17
100
AcDbEntity
  8
SLOTS
100
AcDbCircle
 10
29.91243603799134
 20
1.125
 30
0.0
 40
0.125
100
AcDbArc
 50
-161.3104260614627
 51
18.689573938537293
  0
ARC
  5
15C
330
17
100
AcDbEntity
  8
SLOTS
100
AcDbCircle
 10
28.9106575098373
 20
4.086401525378847
 30
0.0
 40
0.125
100
AcDbArc
 50
18.689573938537293
 51
198.6895739385373
  0
LINE
  5
15D
330
17
100
AcDbEntity
  8
SLOTS
100
AcDbLine
 10
5.80453469476041
 20
29.671194069677536
 30
0.0
 11
5.769451252571646
 21
29.395916917374425
 31
0.0
  0
LINE
  5
15E
330
17
100
AcDbEntity
  8
SLOTS
100
AcDbLine
 10
5.521457213183836
 20
29.427523189348786
 30
0.0
 11
5.5565406553726
 21
29.702800341651898
 31
0.0
  0
ARC
  5
15F
330
17
100
AcDbEntity
  8
SLOTS
100
AcDbCircle
 10
5.645454232877741
 20
29.411720053361606
 30
0.0
 40
0.125
100
AcDbArc
 50
-187.2630602560744
 51
-7.263060256074397
  0
ARC
  5
160
330
17
100
AcDbEntity
  8
SLOTS
100
AcDbCircle
 10
5.680537675066505
 20
29.686997205664717
 30
0.0
 40
0.125
100
AcDbArc
 50
-7.263060256074397
 51
172.7369397439256
  0
LINE
  5
161
330
17
100
AcDbEntity
  8
SLOTS
100
AcDbLine
 10
6.584561778988829
 20
29.85919686401282
 30
0.0
 11
6.34607154991068
 21
27.98791779283387
 31
0.0
  0
LINE
  5
162
330
17
100
AcDbEntity
  8
SLOTS
100
AcDbLine
 10
6.098077510522869
 20
28.01952406480823
 30
0.0
 11
6.336567739601018
 21
29.89080313598718
 31
0.0
  0
ARC
  5
163
330
17
100
AcDbEntity
  8
SLOTS
100
AcDbCircle
 10
6.222074530216775
 20
28.00372092882105
 30
0.0
 40
0.125
100
AcDbArc
 50
-187.26306025607425
 51
-7.263060256074269
  0
ARC
  5
164
330
17
100
AcDbEntity
  8
SLOTS
100
AcDbCircle
 10
6.460564759294924
 20
29.875
 30
0.0
 40
0.125
100
AcDbArc
 50
-7.263060256074269
 51
172.73693974392575
  0
LINE
  5
165
330
17
100
AcDbEntity
  8
SLOTS
100
AcDbLine
 10
7.340628337938618
 20
29.85919686401282
 30
0.0
 11
6.9864826107099285
 21
27.08044366279324
 31
0.0
  0
LINE
  5
166
330
17
100
AcDbEntity
  8
SLOTS
100
AcDbLine
 10
6.738488571322118
 20
27.1120499347676
 30
0.0
 11
7.0926342985508075
 21
29.89080313598718
 31
0.0
  0
ARC
  5
167
330
17
100
AcDbEntity
  8
SLOTS
100
AcDbCircle
 10
6.862485591016023
 20
27.09624679878042
 30
0.0
 40
0.125
100
AcDbArc
 50
-187.26306025607425
 51
-7.2630602560742545
  0
ARC
  5
168
330
17
100
AcDbEntity
  8
SLOTS
100
AcDbCircle
 10
7.216631318244713
 20
29.875
 30
0.0
 40
0.125
100
AcDbArc
 50
-7.2630602560742545
 51
172.73693974392575
  0
LINE
  5
169
330
17
100
AcDbEntity
  8
SLOTS
100
AcDbLine
 10
8.096694896888406
 20
29.85919686401282
 30
0.0
 11
7.702860951192484
 21
26.769035799765962
 31
0.0
  0
LINE
  5
16A
330
17
100
AcDbEntity
  8
SLOTS
100
AcDbLine
 10
7.4548669118046735
 20
26.800642071740324
 30
0.0
 11
7.848700857500597
 21
29.89080313598718
 31
0.0
  0
ARC
  5
16B
330
17
100
AcDbEntity
  8
SLOTS
100
AcDbCircle
 10
7.578863931498579
 20
26.784838935753143
 30
0.0
 40
0.125
100
AcDbArc
 50
-187.26306025607425
 51
-7.2630602560742545
  0
ARC
  5
16C
330
17
100
AcDbEntity
  8
SLOTS
100
AcDbCircle
 10
7.972697877194502
 20
29.875
 30
0.0
 40
0.125
100
AcDbArc
 50
-7.2630602560742545
 51
172.73693974392575
  0
LINE
  5
16D
330
17
100
AcDbEntity
  8
SLOTS
100
AcDbLine
 10
8.852761455838195
 20
29.85919686401282
 30
0.0
 11
8.424601149719818
 21
26.499698979986917
 31
0.0
  0
LINE
  5
16E
330
17
100
AcDbEntity
  8
SLOTS
100
AcDbLine
 10
8.176607110332009
 20
26.531305251961278
 30
0.0
 11
8.604767416450386
 21
29.89080313598718
 31
0.0
  0
ARC
  5
16F
330
17
100
AcDbEntity
  8
SLOTS
100
AcDbCircle
 10
8.300604130025913
 20
26.515502115974098
 30
0.0
 40
0.125
100
AcDbArc
 50
-187.26306025607425
 51
-7.26306025607424
  0
ARC
  5
170
330
17
100
AcDbEntity
  8
SLOTS
100
AcDbCircle
 10
8.72876443614429
 20
29.875
 30
0.0
 40
0.125
100
AcDbArc
 50
-7.26306025607424
 51
172.73693974392575
  0
LINE
  5
171
330
17
100
AcDbEntity
  8
SLOTS
100
AcDbLine
 10
9.608828014787985
 20
29.85919686401282
 30
0.0
 11
9.146341348247152
 21
26.230362160207868
 31
0.0
  0
LINE
  5
172
330
17
100
AcDbEntity
  8
SLOTS
100
AcDbLine
 10
8.898347308859343
 20
26.26196843218223
 30
0.0
 11
9.360833975400176
 21
29.89080313598718
 31
0.0
  0
ARC
  5
173
330
17
100
AcDbEntity
  8
SLOTS
100
AcDbCircle
 10
9.022344328553247
 20
26.24616529619505
 30
0.0
 40
0.125
100
AcDbArc
 50
-187.26306025607425
 51
-7.263060256074269
  0
ARC
  5
174
330
17
100
AcDbEntity
  8
SLOTS
100
AcDbCircle
 10
9.48483099509408
 20
29.875
 30
0.0
 40
0.125
100
AcDbArc
 50
-7.263060256074269
 51
172.73693974392575
  0
LINE
  5
175
330
17
100
AcDbEntity
  8
SLOTS
100
AcDbLine
 10
10.364894573737775
 20
29.85919686401282
 30
0.0
 11
9.868081546774487
 21
25.961025340428822
 31
0.0
  0
LINE
  5
176
330
17
100
AcDbEntity
  8
SLOTS
100
AcDbLine
 10
9.620087507386678
 20
25.992631612403184
 30
0.0
 11
10.116900534349966
 21
29.89080313598718
 31
0.0
  0
ARC
  5
177
330
17
100
AcDbEntity
  8
SLOTS
100
AcDbCircle
 10
9.744084527080583
 20
25.976828476416003
 30
0.0
 40
0.125
100
AcDbArc
 50
-187.26306025607425
 51
-7.263060256074269
  0
ARC
  5
178
330
17
100
AcDbEntity
  8
SLOTS
100
AcDbCircle
 10
10.24089755404387
 20
29.875
 30
0.0
 40
0.125
100
AcDbArc
 50
-7.263060256074269
 51
172.73693974392575
  0
LINE
  5
179
330
17
100
AcDbEntity
  8
SLOTS
100
AcDbLine
 10
11.120961132687565
 20
29.85919686401282
 30
0.0
 11
10.589821745301823
 21
25.691688520649777
 31
0.0
  0
LINE
  5
17A
330
17
100
AcDbEntity
  8
SLOTS
100
AcDbLine
 10
10.341827705914014
 20
25.723294792624138
 30
0.0
 11
10.872967093299756
 21
29.89080313598718
 31
0.0
  0
ARC
  5
17B
330
17
100
AcDbEntity
  8
SLOTS
100
AcDbCircle
 10
10.465824725607918
 20
25.707491656636957
 30
0.0
 40
0.125
100
AcDbArc
 50
-187.26306025607425
 51
-7.263060256074269
  0
ARC
  5
17C
330
17
100
AcDbEntity
  8
SLOTS
100
AcDbCircle
 10
10.99696411299366
 20
29.875
 30
0.0
 40
0.125
100
AcDbArc
 50
-7.263060256074269
 51
172.73693974392575
  0
LINE
  5
17D
330
17
100
AcDbEntity
  8
SLOTS
100
AcDbLine
 10
11.815566220548329
 20
29.376948325037763
 30
0.0
 11
11.311561943829158
 21
25.42235170087073
 31
0.0
  0
LINE
  5
17E
330
17
100
AcDbEntity
  8
SLOTS
100
AcDbLine
 10
11.06356790444135
 20
25.453957972845092
 30
0.0
 11
11.56757218116052
 21
29.408554597012124
 31
0.0
  0
ARC
  5
17F
330
17
100
AcDbEntity
  8
SLOTS
100
AcDbCircle
 10
11.187564924135254
 20
25.438154836857912
 30
0.0
 40
0.125
100
AcDbArc
 50
-187.26306025607425
 51
-7.2630602560742545
  0
ARC
  5
180
330
17
100
AcDbEntity
  8
SLOTS
100
AcDbCircle
 10
11.691569200854424
 20
29.392751461024943
 30
0.0
 40
0.125
100
AcDbArc
 50
-7.2630602560742545
 51
172.73693974392575
  0
LINE
  5
181
330
17
100
AcDbEntity
  8
SLOTS
100
AcDbLine
 10
12.475073198869804
 20
28.619307548516172
 30
0.0
 11
12.034960666100947
 21
25.166028247652015
 31
0.0
  0
LINE
  5
182
330
17
100
AcDbEntity
  8
SLOTS
100
AcDbLine
 10
11.786966626713138
 20
25.197634519626376
 30
0.0
 11
12.227079159481995
 21
28.650913820490533
 31
0.0
  0
ARC
  5
183
330
17
100
AcDbEntity
  8
SLOTS
100
AcDbCircle
 10
11.910963646407042
 20
25.181831383639196
 30
0.0
 40
0.125
100
AcDbArc
 50
-187.26306025607425
 51
-7.263060256074269
  0
ARC
  5
184
330
17
100
AcDbEntity
  8
SLOTS
100
AcDbCircle
 10
12.3510761791759
 20
28.635110684503353
 30
0.0
 40
0.125
100
AcDbArc
 50
-7.263060256074269
 51
172.73693974392575
  0
LINE
  5
185
330
17
100
AcDbEntity
  8
SLOTS
100
AcDbLine
 10
13.13458017719128
 20
27.86166677199458
 30
0.0
 11
12.781215252107318
 21
25.089040021815826
 31
0.0
  0
LINE
  5
186
330
17
100
AcDbEntity
  8
SLOTS
100
AcDbLine
 10
12.533221212719509
 20
25.120646293790188
 30
0.0
 11
12.886586137803471
 21
27.893273043968943
 31
0.0
  0
ARC
  5
187
330
17
100
AcDbEntity
  8
SLOTS
100
AcDbCircle
 10
12.657218232413413
 20
25.104843157803007
 30
0.0
 40
0.125
100
AcDbArc
 50
-187.26306025607425
 51
-7.263060256074269
  0
ARC
  5
188
330
17
100
AcDbEntity
  8
SLOTS
100
AcDbCircle
 10
13.010583157497376
 20
27.877469907981762
 30
0.0
 40
0.125
100
AcDbArc
 50
-7.263060256074269
 51
172.73693974392575
  0
LINE
  5
189
330
17
100
AcDbEntity
  8
SLOTS
100
AcDbLine
 10
13.794087155512756
 20
27.104025995472995
 30
0.0
 11
13.564921894133654
 21
25.305913933953505
 31
0.0
  0
LINE
  5
18A
330
17
100
AcDbEntity
  8
SLOTS
100
AcDbLine
 10
13.316927854745845
 20
25.337520205927866
 30
0.0
 11
13.546093116124947
 21
27.135632267447356
 31
0.0
  0
ARC
  5
18B
330
17
100
AcDbEntity
  8
SLOTS
100
AcDbCircle
 10
13.44092487443975
 20
25.321717069940686
 30
0.0
 40
0.125
100
AcDbArc
 50
-187.26306025607425
 51
-7.263060256074269
  0
ARC
  5
18C
330
17
100
AcDbEntity
  8
SLOTS
100
AcDbCircle
 10
13.670090135818851
 20
27.119829131460175
 30
0.0
 40
0.125
100
AcDbArc
 50
-7.263060256074269
 51
172.73693974392575
  0
LINE
  5
18D
330
17
100
AcDbEntity
  8
SLOTS
100
AcDbLine
 10
9.772634065561602
 20
24.473055598089708
 30
0.0
 11
7.295964278095098
 21
25.958700339059387
 31
0.0
  0
LINE
  5
18E
330
17
100
AcDbEntity
  8
SLOTS
100
AcDbLine
 10
7.424565485187281
 20
26.173087207907347
 30
0.0
 11
9.901235272653784
 21
24.687442466937668
 31
0.0
  0
ARC
  5
18F
330
17
100
AcDbEntity
  8
SLOTS
100
AcDbCircle
 10
7.360264881641189
 20
26.065893773483367
 30
0.0
 40
0.125
100
AcDbArc
 50
59.042318819509205
 51
239.0423188195092
  0
ARC
  5
190
330
17
100
AcDbEntity
  8
SLOTS
100
AcDbCircle
 10
9.836934669107693
 20
24.580249032513688
 30
0.0
 40
0.125
100
AcDbArc
 50
239.0423188195092
 51
419.0423188195092
  0
LINE
  5
191
330
17
100
AcDbEntity
  8
SLOTS
100
AcDbLine
 10
8.828868662030782
 20
24.164591603772063
 30
0.0
 11
6.290289818702795
 21
25.687372851079594
 31
0.0
  0
LINE
  5
192
330
17
100
AcDbEntity
  8
SLOTS
100
AcDbLine
 10
6.418891025794978
 20
25.901759719927554
 30
0.0
 11
8.957469869122964
 21
24.378978472620023
 31
0.0
  0
ARC
  5
193
330
17
100
AcDbEntity
  8
SLOTS
100
AcDbCircle
 10
6.3545904222488865
 20
25.794566285503574
 30
0.0
 40
0.125
100
AcDbArc
 50
59.04231881950918
 51
239.04231881950918
  0
ARC
  5
194
330
17
100
AcDbEntity
  8
SLOTS
100
AcDbCircle
 10
8.893169265576873
 20
24.271785038196043
 30
0.0
 40
0.125
100
AcDbArc
 50
239.04231881950918
 51
419.0423188195092
  0
LINE
  5
195
330
17
100
AcDbEntity
  8
SLOTS
100
AcDbLine
 10
7.885103258499961
 20
23.85612760945442
 30
0.0
 11
5.79165573149069
 21
25.111894254138527
 31
0.0
  0
LINE
  5
196
330
17
100
AcDbEntity
  8
SLOTS
100
AcDbLine
 10
5.920256938582873
 20
25.326281122986487
 30
0.0
 11
8.013704465592143
 21
24.07051447830238
 31
0.0
  0
ARC
  5
197
330
17
100
AcDbEntity
  8
SLOTS
100
AcDbCircle
 10
5.855956335036781
 20
25.219087688562507
 30
0.0
 40
0.125
100
AcDbArc
 50
59.04231881950912
 51
239.04231881950912
  0
ARC
  5
198
330
17
100
AcDbEntity
  8
SLOTS
100
AcDbCircle
 10
7.9494038620460525
 20
23.9633210438784
 30
0.0
 40
0.125
100
AcDbArc
 50
239.04231881950912
 51
419.0423188195091
  0
LINE
  5
199
330
17
100
AcDbEntity
  8
SLOTS
100
AcDbLine
 10
6.941337854969141
 20
23.547663615136777
 30
0.0
 11
5.293021644278585
 21
24.536415657197455
 31
0.0
  0
LINE
  5
19A
330
17
100
AcDbEntity
  8
SLOTS
100
AcDbLine
 10
5.421622851370768
 20
24.750802526045415
 30
0.0
 11
7.069939062061324
 21
23.762050483984737
 31
0.0
  0
ARC
  5
19B
330
17
100
AcDbEntity
  8
SLOTS
100
AcDbCircle
 10
5.357322247824676
 20
24.643609091621435
 30
0.0
 40
0.125
100
AcDbArc
 50
59.042318819509234
 51
239.04231881950923
  0
ARC
  5
19C
330
17
100
AcDbEntity
  8
SLOTS
100
AcDbCircle
 10
7.005638458515232
 20
23.654857049560757
 30
0.0
 40
0.125
100
AcDbArc
 50
239.04231881950923
 51
419.0423188195092
  0
LINE
  5
19D
330
17
100
AcDbEntity
  8
SLOTS
100
AcDbLine
 10
5.997572451438321
 20
23.239199620819132
 30
0.0
 11
4.79438755706648
 21
23.960937060256388
 31
0.0
  0
LINE
  5
19E
330
17
100
AcDbEntity
  8
SLOTS
100
AcDbLine
 10
4.922988764158663
 20
24.175323929104348
 30
0.0
 11
6.126173658530504
 21
23.453586489667092
 31
0.0
  0
ARC
  5
19F
330
17
100
AcDbEntity
  8
SLOTS
100
AcDbCircle
 10
4.858688160612571
 20
24.068130494680368
 30
0.0
 40
0.125
100
AcDbArc
 50
59.042318819509205
 51
239.0423188195092
  0
ARC
  5
1A0
330
17
100
AcDbEntity
  8
SLOTS
100
AcDbCircle
 10
6.061873054984413
 20
23.346393055243112
 30
0.0
 40
0.125
100
AcDbArc
 50
239.0423188195092
 51
419.0423188195092
  0
LINE
  5
1A1
330
17
100
AcDbEntity
  8
SLOTS
100
AcDbLine
 10
5.053807047907498
 20
22.930735626501487
 30
0.0
 11
4.295753469854373
 21
23.385458463315317
 31
0.0
  0
LINE
  5
1A2
330
17
100
AcDbEntity
  8
SLOTS
100
AcDbLine
 10
4.424354676946556
 20
23.599845332163277
 30
0.0
 11
5.1824082549996815
 21
23.145122495349447
 31
0.0
  0
ARC
  5
1A3
330
17
100
AcDbEntity
  8
SLOTS
100
AcDbCircle
 10
4.360054073400464
 20
23.492651897739297
 30
0.0
 40
0.125
100
AcDbArc
 50
59.04231881950926
 51
239.04231881950926
  0
ARC
  5
1A4
330
17
100
AcDbEntity
  8
SLOTS
100
AcDbCircle
 10
5.11810765145359
 20
23.037929060925467
 30
0.0
 40
0.125
100
AcDbArc
 50
239.04231881950926
 51
419.04231881950926
  0
LINE
  5
1A5
330
17
100
AcDbEntity
  8
SLOTS
100
AcDbLine
 10
4.110041644376679
 20
22.622271632183843
 30
0.0
 11
3.797119382642268
 21
22.80997986637425
 31
0.0
  0
LINE
  5
1A6
330
17
100
AcDbEntity
  8
SLOTS
100
AcDbLine
 10
3.925720589734451
 20
23.02436673522221
 30
0.0
 11
4.238642851468862
 21
22.836658501031803
 31
0.0
  0
ARC
  5
1A7
330
17
100
AcDbEntity
  8
SLOTS
100
AcDbCircle
 10
3.8614199861883596
 20
22.91717330079823
 30
0.0
 40
0.125
100
AcDbArc
 50
59.04231881950915
 51
239.04231881950915
  0
ARC
  5
1A8
330
17
100
AcDbEntity
  8
SLOTS
100
AcDbCircle
 10
4.1743422479227705
 20
22.729465066607823
 30
0.0
 40
0.125
100
AcDbArc
 50
239.04231881950915
 51
419.04231881950915
  0
LINE
  5
1A9
330
17
100
AcDbEntity
  8
SLOTS
100
AcDbLine
 10
13.040770860394185
 20
23.94724015960092
 30
0.0
 11
4.130923107315982
 21
21.76044040171345
 31
0.0
  0
LINE
  5
1AA
330
17
100
AcDbEntity
  8
SLOTS
100
AcDbLine
 10
4.071332630131169
 20
22.003234501783627
 30
0.0
 11
12.981180383209372
 21
24.190034259671098
 31
0.0
  0
ARC
  5
1AB
330
17
100
AcDbEntity
  8
SLOTS
100
AcDbCircle
 10
4.101127868723576
 20
21.881837451748538
 30
0.0
 40
0.125
100
AcDbArc
 50
-256.2101209601003
 51
-76.21012096010034
  0
ARC
  5
1AC
330
17
100
AcDbEntity
  8
SLOTS
100
AcDbCircle
 10
13.010975621801778
 20
24.06863720963601
 30
0.0
 40
0.125
100
AcDbArc
 50
-76.21012096010034
 51
103.78987903989966
  0
LINE
  5
1AD
330
17
100
AcDbEntity
  8
SLOTS
100
AcDbLine
 10
12.39005140620005
 20
23.015270714200604
 30
0.0
 11
4.504213725141077
 21
21.07980016413179
 31
0.0
  0
LINE
  5
1AE
330
17
100
AcDbEntity
  8
SLOTS
100
AcDbLine
 10
4.444623247956264
 20
21.322594264201967
 30
0.0
 11
12.330460929015237
 21
23.25806481427078
 31
0.0
  0
ARC
  5
1AF
330
17
100
AcDbEntity
  8
SLOTS
100
AcDbCircle
 10
4.474418486548671
 20
21.20119721416688
 30
0.0
 40
0.125
100
AcDbArc
 50
-256.2101209601003
 51
-76.21012096010034
  0
ARC
  5
1B0
330
17
100
AcDbEntity
  8
SLOTS
100
AcDbCircle
 10
12.360256167607643
 20
23.136667764235693
 30
0.0
 40
0.125
100
AcDbArc
 50
-76.21012096010034
 51
103.78987903989966
  0
LINE
  5
1B1
330
17
100
AcDbEntity
  8
SLOTS
100
AcDbLine
 10
11.739331952005914
 20
22.083301268800287
 30
0.0
 11
5.050845873480512
 21
20.441704224440027
 31
0.0
  0
LINE
  5
1B2
330
17
100
AcDbEntity
  8
SLOTS
100
AcDbLine
 10
4.991255396295699
 20
20.684498324510205
 30
0.0
 11
11.679741474821101
 21
22.326095368870465
 31
0.0
  0
ARC
  5
1B3
330
17
100
AcDbEntity
  8
SLOTS
100
AcDbCircle
 10
5.021050634888105
 20
20.563101274475116
 30
0.0
 40
0.125
100
AcDbArc
 50
-256.2101209601003
 51
-76.21012096010031
  0
ARC
  5
1B4
330
17
100
AcDbEntity
  8
SLOTS
100
AcDbCircle
 10
11.709536713413508
 20
22.204698318835376
 30
0.0
 40
0.125
100
AcDbArc
 50
-76.21012096010031
 51
103.78987903989969
  0
LINE
  5
1B5
330
17
100
AcDbEntity
  8
SLOTS
100
AcDbLine
 10
11.088612497811779
 20
21.15133182339997
 30
0.0
 11
5.608518206193053
 21
19.806317946370243
 31
0.0
  0
LINE
  5
1B6
330
17
100
AcDbEntity
  8
SLOTS
100
AcDbLine
 10
5.54892772900824
 20
20.04911204644042
 30
0.0
 11
11.029022020626966
 21
21.39412592347015
 31
0.0
  0
ARC
  5
1B7
330
17
100
AcDbEntity
  8
SLOTS
100
AcDbCircle
 10
5.578722967600647
 20
19.92771499640533
 30
0.0
 40
0.125
100
AcDbArc
 50
-256.2101209601003
 51
-76.21012096010034
  0
ARC
  5
1B8
330
17
100
AcDbEntity
  8
SLOTS
100
AcDbCircle
 10
11.058817259219373
 20
21.27272887343506
 30
0.0
 40
0.125
100
AcDbArc
 50
-76.21012096010034
 51
103.78987903989966
  0
LINE
  5
1B9
330
17
100
AcDbEntity
  8
SLOTS
100
AcDbLine
 10
10.353874819917143
 20
20.19874125894822
 30
0.0
 11
6.166190538905594
 21
19.170931668300454
 31
0.0
  0
LINE
  5
1BA
330
17
100
AcDbEntity
  8
SLOTS
100
AcDbLine
 10
6.106600061720782
 20
19.413725768370632
 30
0.0
 11
10.29428434273233
 21
20.4415353590184
 31
0.0
  0
ARC
  5
1BB
330
17
100
AcDbEntity
  8
SLOTS
100
AcDbCircle
 10
6.136395300313188
 20
19.292328718335543
 30
0.0
 40
0.125
100
AcDbArc
 50
-256.2101209601003
 51
-76.21012096010031
  0
ARC
  5
1BC
330
17
100
AcDbEntity
  8
SLOTS
100
AcDbCircle
 10
10.324079581324737
 20
20.32013830898331
 30
0.0
 40
0.125
100
AcDbArc
 50
-76.21012096010031
 51
103.78987903989969
  0
LINE
  5
1BD
330
17
100
AcDbEntity
  8
SLOTS
100
AcDbLine
 10
9.337970763999621
 20
19.177142268715674
 30
0.0
 11
6.723862871618132
 21
18.535545390230673
 31
0.0
  0
LINE
  5
1BE
330
17
100
AcDbEntity
  8
SLOTS
100
AcDbLine
 10
6.664272394433319
 20
18.77833949030085
 30
0.0
 11
9.278380286814809
 21
19.41993636878585
 31
0.0
  0
ARC
  5
1BF
330
17
100
AcDbEntity
  8
SLOTS
100
AcDbCircle
 10
6.694067633025726
 20
18.656942440265762
 30
0.0
 40
0.125
100
AcDbArc
 50
-256.2101209601003
 51
-76.21012096010034
  0
ARC
  5
1C0
330
17
100
AcDbEntity
  8
SLOTS
100
AcDbCircle
 10
9.308175525407215
 20
19.298539318750763
 30
0.0
 40
0.125
100
AcDbArc
 50
-76.21012096010034
 51
103.78987903989966
  0
LINE
  5
1C1
330
17
100
AcDbEntity
  8
SLOTS
100
AcDbLine
 10
8.322066708082094
 20
18.155543278483115
 30
0.0
 11
7.281535204330674
 21
17.900159112160885
 31
0.0
  0
LINE
  5
1C2
330
17
100
AcDbEntity
  8
SLOTS
100
AcDbLine
 10
7.221944727145861
 20
18.142953212231063
 30
0.0
 11
8.262476230897281
 21
18.398337378553293
 31
0.0
  0
ARC
  5
1C3
330
17
100
AcDbEntity
  8
SLOTS
100
AcDbCircle
 10
7.251739965738268
 20
18.021556162195974
 30
0.0
 40
0.125
100
AcDbArc
 50
-256.2101209601004
 51
-76.21012096010043
  0
ARC
  5
1C4
330
17
100
AcDbEntity
  8
SLOTS
100
AcDbCircle
 10
8.292271469489688
 20
18.276940328518204
 30
0.0
 40
0.125
100
AcDbArc
 50
-76.21012096010043
 51
103.78987903989957
  0
LINE
  5
1C5
330
17
100
AcDbEntity
  8
SLOTS
100
AcDbLine
 10
3.560892035256547
 20
25.784191389883638
 30
0.0
 11
2.603044047701717
 21
23.67862524853967
 31
0.0
  0
LINE
  5
1C6
330
17
100
AcDbEntity
  8
SLOTS
100
AcDbLine
 10
2.375483888668506
 20
23.782145169428258
 30
0.0
 11
3.333331876223336
 21
25.887711310772225
 31
0.0
  0
ARC
  5
1C7
330
17
100
AcDbEntity
  8
SLOTS
100
AcDbCircle
 10
2.4892639681851114
 20
23.730385208983964
 30
0.0
 40
0.125
100
AcDbArc
 50
-204.4613731360758
 51
-24.46137313607578
  0
ARC
  5
1C8
330
17
100
AcDbEntity
  8
SLOTS
100
AcDbCircle
 10
3.4471119557399414
 20
25.83595135032793
 30
0.0
 40
0.125
100
AcDbArc
 50
-24.46137313607578
 51
155.5386268639242
  0
LINE
  5
1C9
330
17
100
AcDbEntity
  8
SLOTS
100
AcDbLine
 10
5.005925034694256
 20
27.149454596686017
 30
0.0
 11
3.1391185508871424
 21
23.045792454241273
 31
0.0
  0
LINE
  5
1CA
330
17
100
AcDbEntity
  8
SLOTS
100
AcDbLine
 10
2.9115583918539314
 20
23.14931237512986
 30
0.0
 11
4.778364875661044
 21
27.252974517574604
 31
0.0
  0
ARC
  5
1CB
330
17
100
AcDbEntity
  8
SLOTS
100
AcDbCircle
 10
3.025338471370537
 20
23.097552414685566
 30
0.0
 40
0.125
100
AcDbArc
 50
-204.4613731360758
 51
-24.46137313607578
  0
ARC
  5
1CC
330
17
100
AcDbEntity
  8
SLOTS
100
AcDbCircle
 10
4.89214495517765
 20
27.20121455713031
 30
0.0
 40
0.125
100
AcDbArc
 50
-24.46137313607578
 51
155.5386268639242
  0
LINE
  5
1CD
330
17
100
AcDbEntity
  8
SLOTS
100
AcDbLine
 10
5.8903826903142145
 20
27.282446630034226
 30
0.0
 11
4.873835769385975
 21
25.04784697998126
 31
0.0
  0
LINE
  5
1CE
330
17
100
AcDbEntity
  8
SLOTS
100
AcDbLine
 10
4.646275610352763
 20
25.151366900869846
 30
0.0
 11
5.6628225312810025
 21
27.385966550922813
 31
0.0
  0
ARC
  5
1CF
330
17
100
AcDbEntity
  8
SLOTS
100
AcDbCircle
 10
4.760055689869369
 20
25.099606940425552
 30
0.0
 40
0.125
100
AcDbArc
 50
-204.4613731360758
 51
-24.46137313607578
  0
ARC
  5
1D0
330
17
100
AcDbEntity
  8
SLOTS
100
AcDbCircle
 10
5.7766026107976085
 20
27.33420659047852
 30
0.0
 40
0.125
100
AcDbArc
 50
-24.46137313607578
 51
155.5386268639242
  0
LINE
  5
1D1
330
17
100
AcDbEntity
  8
SLOTS
100
AcDbLine
 10
2.518434158622657
 20
19.58702792226531
 30
0.0
 11
3.2863566227495964
 21
21.638152527455137
 31
0.0
  0
LINE
  5
1D2
330
17
100
AcDbEntity
  8
SLOTS
100
AcDbLine
 10
3.5204857657026096
 20
21.550496698099142
 30
0.0
 11
2.75256330157567
 21
19.499372092909315
 31
0.0
  0
ARC
  5
1D3
330
17
100
AcDbEntity
  8
SLOTS
100
AcDbCircle
 10
3.403421194226103
 20
21.59432461277714
 30
0.0
 40
0.125
100
AcDbArc
 50
-20.525444724928548
 51
159.47455527507145
  0
ARC
  5
1D4
330
17
100
AcDbEntity
  8
SLOTS
100
AcDbCircle
 10
2.6354987300991635
 20
19.543200007587313
 30
0.0
 40
0.125
100
AcDbArc
 50
159.47455527507145
 51
339.47455527507145
  0
LINE
  5
1D5
330
17
100
AcDbEntity
  8
SLOTS
100
AcDbLine
 10
1.0079354285234936
 20
17.691526227392984
 30
0.0
 11
2.7196920457079186
 21
22.26363640728622
 31
0.0
  0
LINE
  5
1D6
330
17
100
AcDbEntity
  8
SLOTS
100
AcDbLine
 10
2.953821188660932
 20
22.175980577930225
 30
0.0
 11
1.2420645714765064
 21
17.60387039803699
 31
0.0
  0
ARC
  5
1D7
330
17
100
AcDbEntity
  8
SLOTS
100
AcDbCircle
 10
2.836756617184425
 20
22.219808492608223
 30
0.0
 40
0.125
100
AcDbArc
 50
-20.525444724928533
 51
159.47455527507145
  0
ARC
  5
1D8
330
17
100
AcDbEntity
  8
SLOTS
100
AcDbCircle
 10
1.125
 20
17.647698312714986
 30
0.0
 40
0.125
100
AcDbArc
 50
159.47455527507145
 51
339.47455527507145
  0
LINE
  5
1D9
330
17
100
AcDbEntity
  8
SLOTS
100
AcDbLine
 10
1.0079354285234936
 20
19.830573925390407
 30
0.0
 11
1.7717853131795351
 21
21.870820651172387
 31
0.0
  0
LINE
  5
1DA
330
17
100
AcDbEntity
  8
SLOTS
100
AcDbLine
 10
2.005914456132548
 20
21.783164821816392
 30
0.0
 11
1.2420645714765064
 21
19.742918096034412
 31
0.0
  0
ARC
  5
1DB
330
17
100
AcDbEntity
  8
SLOTS
100
AcDbCircle
 10
1.8888498846560415
 20
21.82699273649439
 30
0.0
 40
0.125
100
AcDbArc
 50
-20.525444724928533
 51
159.47455527507145
  0
ARC
  5
1DC
330
17
100
AcDbEntity
  8
SLOTS
100
AcDbCircle
 10
1.125
 20
19.78674601071241
 30
0.0
 40
0.125
100
AcDbArc
 50
159.47455527507145
 51
339.47455527507145
  0
LINE
  5
1DD
330
17
100
AcDbEntity
  8
SLOTS
100
AcDbLine
 10
1.525345434786888
 20
23.978003293229996
 30
0.0
 11
1.1663173044288941
 21
23.852263162310333
 31
0.0
  0
LINE
  5
1DE
330
17
100
AcDbEntity
  8
SLOTS
100
AcDbLine
 10
1.0836826955711059
 20
24.088211295210176
 30
0.0
 11
1.4427108259290997
 21
24.21395142612984
 31
0.0
  0
ARC
  5
1DF
330
17
100
AcDbEntity
  8
SLOTS
100
AcDbCircle
 10
1.125
 20
23.970237228760254
 30
0.0
 40
0.125
100
AcDbArc
 50
-250.69854042061743
 51
-70.69854042061743
  0
ARC
  5
1E0
330
17
100
AcDbEntity
  8
SLOTS
100
AcDbCircle
 10
1.4840281303579939
 20
24.095977359679917
 30
0.0
 40
0.125
100
AcDbArc
 50
-70.69854042061743
 51
109.30145957938257
  0
LINE
  5
1E1
330
17
100
AcDbEntity
  8
SLOTS
100
AcDbLine
 10
1.8500520267007594
 20
23.29705703691079
 30
0.0
 11
1.166317304428894
 21
23.057596988454257
 31
0.0
  0
LINE
  5
1E2
330
17
100
AcDbEntity
  8
SLOTS
100
AcDbLine
 10
1.083682695571106
 20
23.2935451213541
 30
0.0
 11
1.7674174178429716
 21
23.533005169810632
 31
0.0
  0
ARC
  5
1E3
330
17
100
AcDbEntity
  8
SLOTS
100
AcDbCircle
 10
1.125
 20
23.17557105490418
 30
0.0
 40
0.125
100
AcDbArc
 50
-250.69854042061752
 51
-70.69854042061752
  0
ARC
  5
1E4
330
17
100
AcDbEntity
  8
SLOTS
100
AcDbCircle
 10
1.8087347222718655
 20
23.41503110336071
 30
0.0
 40
0.125
100
AcDbArc
 50
-70.69854042061752
 51
109.30145957938248
  0
LINE
  5
1E5
330
17
100
AcDbEntity
  8
SLOTS
100
AcDbLine
 10
1.6713211115146471
 20
22.439795075219138
 30
0.0
 11
1.1663173044288935
 21
22.262930814598185
 31
0.0
  0
LINE
  5
1E6
330
17
100
AcDbEntity
  8
SLOTS
100
AcDbLine
 10
1.0836826955711065
 20
22.498878947498028
 30
0.0
 11
1.5886865026568606
 21
22.67574320811898
 31
0.0
  0
ARC
  5
1E7
330
17
100
AcDbEntity
  8
SLOTS
100
AcDbCircle
 10
1.125
 20
22.380904881048107
 30
0.0
 40
0.125
100
AcDbArc
 50
-250.69854042061783
 51
-70.69854042061783
  0
ARC
  5
1E8
330
17
100
AcDbEntity
  8
SLOTS
100
AcDbCircle
 10
1.6300038070857539
 20
22.55776914166906
 30
0.0
 40
0.125
100
AcDbArc
 50
-70.69854042061783
 51
109.30145957938217
  0
LINE
  5
1E9
330
17
100
AcDbEntity
  8
SLOTS
100
AcDbLine
 10
1.2425770576626256
 20
28.044024880223603
 30
0.0
 11
2.1381905397575913
 21
25.56243331097538
 31
0.0
  0
LINE
  5
1EA
330
17
100
AcDbEntity
  8
SLOTS
100
AcDbLine
 10
1.9030364244323401
 20
25.477565519407563
 30
0.0
 11
1.0074229423373744
 21
27.959157088655786
 31
0.0
  0
ARC
  5
1EB
330
17
100
AcDbEntity
  8
SLOTS
100
AcDbCircle
 10
2.0206134820949657
 20
25.51999941519147
 30
0.0
 40
0.125
100
AcDbArc
 50
-160.15534205436958
 51
19.844657945630416
  0
ARC
  5
1EC
330
17
100
AcDbEntity
  8
SLOTS
100
AcDbCircle
 10
1.125
 20
28.001590984439694
 30
0.0
 40
0.125
100
AcDbArc
 50
19.844657945630416
 51
199.84465794563042
  0
LINE
  5
1ED
330
17
100
AcDbEntity
  8
SLOTS
100
AcDbLine
 10
1.3638078262874016
 20
29.91743389578391
 30
0.0
 11
2.7327925588721866
 21
26.124211664620898
 31
0.0
  0
LINE
  5
1EE
330
17
100
AcDbEntity
  8
SLOTS
100
AcDbLine
 10
2.4976384435469354
 20
26.03934387305308
 30
0.0
 11
1.1286537109621504
 21
29.83256610421609
 31
0.0
  0
ARC
  5
1EF
330
17
100
AcDbEntity
  8
SLOTS
100
AcDbCircle
 10
2.615215501209561
 20
26.08177776883699
 30
0.0
 40
0.125
100
AcDbArc
 50
-160.1553420543696
 51
19.844657945630402
  0
ARC
  5
1F0
330
17
100
AcDbEntity
  8
SLOTS
100
AcDbCircle
 10
1.246230768624776
 20
29.875
 30
0.0
 40
0.125
100
AcDbArc
 50
19.844657945630402
 51
199.8446579456304
  0
LINE
  5
1F1
330
17
100
AcDbEntity
  8
SLOTS
100
AcDbLine
 10
2.161157257066706
 20
29.91743389578391
 30
0.0
 11
3.3273945779867824
 21
26.685990018266416
 31
0.0
  0
LINE
  5
1F2
330
17
100
AcDbEntity
  8
SLOTS
100
AcDbLine
 10
3.092240462661531
 20
26.6011222266986
 30
0.0
 11
1.9260031417414547
 21
29.83256610421609
 31
0.0
  0
ARC
  5
1F3
330
17
100
AcDbEntity
  8
SLOTS
100
AcDbCircle
 10
3.209817520324157
 20
26.643556122482508
 30
0.0
 40
0.125
100
AcDbArc
 50
-160.1553420543696
 51
19.844657945630402
  0
ARC
  5
1F4
330
17
100
AcDbEntity
  8
SLOTS
100
AcDbCircle
 10
2.0435801994040803
 20
29.875
 30
0.0
 40
0.125
100
AcDbArc
 50
19.844657945630402
 51
199.8446579456304
  0
LINE
  5
1F5
330
17
100
AcDbEntity
  8
SLOTS
100
AcDbLine
 10
2.95850668784601
 20
29.91743389578391
 30
0.0
 11
3.921996597101378
 21
27.247768371911935
 31
0.0
  0
LINE
  5
1F6
330
17
100
AcDbEntity
  8
SLOTS
100
AcDbLine
 10
3.686842481776127
 20
27.162900580344118
 30
0.0
 11
2.7233525725207586
 21
29.83256610421609
 31
0.0
  0
ARC
  5
1F7
330
17
100
AcDbEntity
  8
SLOTS
100
AcDbCircle
 10
3.8044195394387526
 20
27.205334476128026
 30
0.0
 40
0.125
100
AcDbArc
 50
-160.15534205436958
 51
19.844657945630416
  0
ARC
  5
1F8
330
17
100
AcDbEntity
  8
SLOTS
100
AcDbCircle
 10
2.840929630183384
 20
29.875
 30
0.0
 40
0.125
100
AcDbArc
 50
19.844657945630416
 51
199.84465794563042
  0
LINE
  5
1F9
330
17
100
AcDbEntity
  8
SLOTS
100
AcDbLine
 10
3.755856118625314
 20
29.91743389578391
 30
0.0
 11
4.5165986162159735
 21
27.809546725557453
 31
0.0
  0
LINE
  5
1FA
330
17
100
AcDbEntity
  8
SLOTS
100
AcDbLine
 10
4.281444500890722
 20
27.724678933989637
 30
0.0
 11
3.520702003300063
 21
29.83256610421609
 31
0.0
  0
ARC
  5
1FB
330
17
100
AcDbEntity
  8
SLOTS
100
AcDbCircle
 10
4.399021558553348
 20
27.767112829773545
 30
0.0
 40
0.125
100
AcDbArc
 50
-160.1553420543696
 51
19.844657945630402
  0
ARC
  5
1FC
330
17
100
AcDbEntity
  8
SLOTS
100
AcDbCircle
 10
3.6382790609626885
 20
29.875
 30
0.0
 40
0.125
100
AcDbArc
 50
19.844657945630402
 51
199.8446579456304
  0
LINE
  5
1FD
330
17
100
AcDbEntity
  8
SLOTS
100
AcDbLine
 10
4.656192545377161
 20
29.632074568287134
 30
0.0
 11
5.111200635330569
 21
28.37132507920297
 31
0.0
  0
LINE
  5
1FE
330
17
100
AcDbEntity
  8
SLOTS
100
AcDbLine
 10
4.876046520005318
 20
28.28645728763515
 30
0.0
 11
4.42103843005191
 21
29.547206776719317
 31
0.0
  0
ARC
  5
1FF
330
17
100
AcDbEntity
  8
SLOTS
100
AcDbCircle
 10
4.993623577667943
 20
28.32889118341906
 30
0.0
 40
0.125
100
AcDbArc
 50
-160.15534205436967
 51
19.84465794563033
  0
ARC
  5
200
330
17
100
AcDbEntity
  8
SLOTS
100
AcDbCircle
 10
4.5386154877145355
 20
29.589640672503226
 30
0.0
 40
0.125
100
AcDbArc
 50
19.84465794563033
 51
199.84465794563033
  0
LINE
  5
201
330
17
100
AcDbEntity
  8
SLOTS
100
AcDbLine
 10
15.299978501913595
 20
27.069443587587138
 30
0.0
 11
14.985125502536647
 21
26.33312080130292
 31
0.0
  0
LINE
  5
202
330
17
100
AcDbEntity
  8
SLOTS
100
AcDbLine
 10
14.75525862797167
 20
26.431412306417705
 30
0.0
 11
15.070111627348618
 21
27.167735092701925
 31
0.0
  0
ARC
  5
203
330
17
100
AcDbEntity
  8
SLOTS
100
AcDbCircle
 10
14.870192065254159
 20
26.382266553860312
 30
0.0
 40
0.125
100
AcDbArc
 50
-203.15164244384147
 51
-23.151642443841453
  0
ARC
  5
204
330
17
100
AcDbEntity
  8
SLOTS
100
AcDbCircle
 10
15.185045064631106
 20
27.11858934014453
 30
0.0
 40
0.125
100
AcDbArc
 50
-23.151642443841453
 51
156.84835755615853
  0
LINE
  5
205
330
17
100
AcDbEntity
  8
SLOTS
100
AcDbLine
 10
17.15202341456059
 20
29.49308920524185
 30
0.0
 11
15.710526034074643
 21
26.121968810260043
 31
0.0
  0
LINE
  5
206
330
17
100
AcDbEntity
  8
SLOTS
100
AcDbLine
 10
15.480659159509667
 20
26.220260315374823
 30
0.0
 11
16.922156539995612
 21
29.59138071035663
 31
0.0
  0
ARC
  5
207
330
17
100
AcDbEntity
  8
SLOTS
100
AcDbCircle
 10
15.595592596792155
 20
26.171114562817433
 30
0.0
 40
0.125
100
AcDbArc
 50
-203.1516424438413
 51
-23.15164244384131
  0
ARC
  5
208
330
17
100
AcDbEntity
  8
SLOTS
100
AcDbCircle
 10
17.0370899772781
 20
29.54223495779924
 30
0.0
 40
0.125
100
AcDbArc
 50
-23.15164244384131
 51
156.8483575561587
  0
LINE
  5
209
330
17
100
AcDbEntity
  8
SLOTS
100
AcDbLine
 10
18.00180272089237
 20
29.572812404182898
 30
0.0
 11
16.435926565612643
 21
25.910816819217164
 31
0.0
  0
LINE
  5
20A
330
17
100
AcDbEntity
  8
SLOTS
100
AcDbLine
 10
16.206059691047667
 20
26.009108324331944
 30
0.0
 11
17.771935846327395
 21
29.671103909297678
 31
0.0
  0
ARC
  5
20B
330
17
100
AcDbEntity
  8
SLOTS
100
AcDbCircle
 10
16.320993128330155
 20
25.959962571774554
 30
0.0
 40
0.125
100
AcDbArc
 50
-203.1516424438413
 51
-23.151642443841283
  0
ARC
  5
20C
330
17
100
AcDbEntity
  8
SLOTS
100
AcDbCircle
 10
17.886869283609883
 20
29.621958156740288
 30
0.0
 40
0.125
100
AcDbArc
 50
-23.151642443841283
 51
156.8483575561587
  0
LINE
  5
20D
330
17
100
AcDbEntity
  8
SLOTS
100
AcDbLine
 10
18.851582027224158
 20
29.652535603123944
 30
0.0
 11
17.16132709715064
 21
25.69966482817428
 31
0.0
  0
LINE
  5
20E
330
17
100
AcDbEntity
  8
SLOTS
100
AcDbLine
 10
16.931460222585663
 20
25.79795633328906
 30
0.0
 11
18.62171515265918
 21
29.750827108238724
 31
0.0
  0
ARC
  5
20F
330
17
100
AcDbEntity
  8
SLOTS
100
AcDbCircle
 10
17.04639365986815
 20
25.74881058073167
 30
0.0
 40
0.125
100
AcDbArc
 50
-203.15164244384133
 51
-23.151642443841325
  0
ARC
  5
210
330
17
100
AcDbEntity
  8
SLOTS
100
AcDbCircle
 10
18.73664858994167
 20
29.701681355681334
 30
0.0
 40
0.125
100
AcDbArc
 50
-23.151642443841325
 51
156.84835755615867
  0
LINE
  5
211
330
17
100
AcDbEntity
  8
SLOTS
100
AcDbLine
 10
19.70136133355594
 20
29.732258802064987
 30
0.0
 11
17.88672762868864
 21
25.488512837131402
 31
0.0
  0
LINE
  5
212
330
17
100
AcDbEntity
  8
SLOTS
100
AcDbLine
 10
17.656860754123663
 20
25.586804342246182
 30
0.0
 11
19.471494458990964
 21
29.830550307179767
 31
0.0
  0
ARC
  5
213
330
17
100
AcDbEntity
  8
SLOTS
100
AcDbCircle
 10
17.77179419140615
 20
25.537658589688792
 30
0.0
 40
0.125
100
AcDbArc
 50
-203.1516424438413
 51
-23.15164244384131
  0
ARC
  5
214
330
17
100
AcDbEntity
  8
SLOTS
100
AcDbCircle
 10
19.586427896273452
 20
29.781404554622377
 30
0.0
 40
0.125
100
AcDbArc
 50
-23.15164244384131
 51
156.8483575561587
  0
LINE
  5
215
330
17
100
AcDbEntity
  8
SLOTS
100
AcDbLine
 10
20.551140639887723
 20
29.811982001006033
 30
0.0
 11
18.612128160226636
 21
25.277360846088524
 31
0.0
  0
LINE
  5
216
330
17
100
AcDbEntity
  8
SLOTS
100
AcDbLine
 10
18.38226128566166
 20
25.375652351203303
 30
0.0
 11
20.321273765322747
 21
29.910273506120813
 31
0.0
  0
ARC
  5
217
330
17
100
AcDbEntity
  8
SLOTS
100
AcDbCircle
 10
18.497194722944148
 20
25.326506598645913
 30
0.0
 40
0.125
100
AcDbArc
 50
-203.15164244384133
 51
-23.151642443841325
  0
ARC
  5
218
330
17
100
AcDbEntity
  8
SLOTS
100
AcDbCircle
 10
20.436207202605235
 20
29.861127753563423
 30
0.0
 40
0.125
100
AcDbArc
 50
-23.151642443841325
 51
156.84835755615867
  0
LINE
  5
219
330
17
100
AcDbEntity
  8
SLOTS
100
AcDbLine
 10
21.37276195587333
 20
29.82585424744261
 30
0.0
 11
19.337528691764636
 21
25.066208855045645
 31
0.0
  0
LINE
  5
21A
330
17
100
AcDbEntity
  8
SLOTS
100
AcDbLine
 10
19.10766181719966
 20
25.164500360160424
 30
0.0
 11
21.142895081308353
 21
29.92414575255739
 31
0.0
  0
ARC
  5
21B
330
17
100
AcDbEntity
  8
SLOTS
100
AcDbCircle
 10
19.222595254482147
 20
25.115354607603035
 30
0.0
 40
0.125
100
AcDbArc
 50
-203.1516424438413
 51
-23.151642443841283
  0
ARC
  5
21C
330
17
100
AcDbEntity
  8
SLOTS
100
AcDbCircle
 10
21.25782851859084
 20
29.875
 30
0.0
 40
0.125
100
AcDbArc
 50
-23.151642443841283
 51
156.8483575561587
  0
LINE
  5
21D
330
17
100
AcDbEntity
  8
SLOTS
100
AcDbLine
 10
22.188451473359677
 20
29.82585424744261
 30
0.0
 11
20.062929223302632
 21
24.855056864002766
 31
0.0
  0
LINE
  5
21E
330
17
100
AcDbEntity
  8
SLOTS
100
AcDbLine
 10
19.833062348737656
 20
24.953348369117546
 30
0.0
 11
21.9585845987947
 21
29.92414575255739
 31
0.0
  0
ARC
  5
21F
330
17
100
AcDbEntity
  8
SLOTS
100
AcDbCircle
 10
19.947995786020144
 20
24.904202616560156
 30
0.0
 40
0.125
100
AcDbArc
 50
-203.15164244384133
 51
-23.151642443841325
  0
ARC
  5
220
330
17
100
AcDbEntity
  8
SLOTS
100
AcDbCircle
 10
22.07351803607719
 20
29.875
 30
0.0
 40
0.125
100
AcDbArc
 50
-23.151642443841325
 51
156.84835755615867
  0
LINE
  5
221
330
17
100
AcDbEntity
  8
SLOTS
100
AcDbLine
 10
23.004140990846025
 20
29.82585424744261
 30
0.0
 11
20.788329754840632
 21
24.643904872959887
 31
0.0
  0
LINE
  5
222
330
17
100
AcDbEntity
  8
SLOTS
100
AcDbLine
 10
20.558462880275655
 20
24.742196378074667
 30
0.0
 11
22.77427411628105
 21
29.92414575255739
 31
0.0
  0
ARC
  5
223
330
17
100
AcDbEntity
  8
SLOTS
100
AcDbCircle
 10
20.673396317558144
 20
24.693050625517277
 30
0.0
 40
0.125
100
AcDbArc
 50
-203.15164244384133
 51
-23.151642443841325
  0
ARC
  5
224
330
17
100
AcDbEntity
  8
SLOTS
100
AcDbCircle
 10
22.889207553563537
 20
29.875
 30
0.0
 40
0.125
100
AcDbArc
 50
-23.151642443841325
 51
156.84835755615867
  0
LINE
  5
225
330
17
100
AcDbEntity
  8
SLOTS
100
AcDbLine
 10
23.71452297257426
 20
29.57957951510854
 30
0.0
 11
21.51373028637863
 21
24.432752881917008
 31
0.0
  0
LINE
  5
226
330
17
100
AcDbEntity
  8
SLOTS
100
AcDbLine
 10
21.283863411813655
 20
24.531044387031788
 30
0.0
 11
23.484656098009285
 21
29.67787102022332
 31
0.0
  0
ARC
  5
227
330
17
100
AcDbEntity
  8
SLOTS
100
AcDbCircle
 10
21.398796849096144
 20
24.481898634474398
 30
0.0
 40
0.125
100
AcDbArc
 50
-203.1516424438413
 51
-23.151642443841297
  0
ARC
  5
228
330
17
100
AcDbEntity
  8
SLOTS
100
AcDbCircle
 10
23.599589535291774
 20
29.62872526766593
 30
0.0
 40
0.125
100
AcDbArc
 50
-23.151642443841297
 51
156.8483575561587
  0
LINE
  5
229
330
17
100
AcDbEntity
  8
SLOTS
100
AcDbLine
 10
23.82183512844481
 20
27.922951203871932
 30
0.0
 11
22.239130817916628
 21
24.22160089087413
 31
0.0
  0
LINE
  5
22A
330
17
100
AcDbEntity
  8
SLOTS
100
AcDbLine
 10
22.00926394335165
 20
24.31989239598891
 30
0.0
 11
23.591968253879834
 21
28.021242708986712
 31
0.0
  0
ARC
  5
22B
330
17
100
AcDbEntity
  8
SLOTS
100
AcDbCircle
 10
22.12419738063414
 20
24.27074664343152
 30
0.0
 40
0.125
100
AcDbArc
 50
-203.15164244384135
 51
-23.151642443841354
  0
ARC
  5
22C
330
17
100
AcDbEntity
  8
SLOTS
100
AcDbCircle
 10
23.706901691162322
 20
27.972096956429322
 30
0.0
 40
0.125
100
AcDbArc
 50
-23.151642443841354
 51
156.84835755615865
  0
LINE
  5
22D
330
17
100
AcDbEntity
  8
SLOTS
100
AcDbLine
 10
23.929147284315356
 20
26.266322892635326
 30
0.0
 11
22.964531349454628
 21
24.010448899831246
 31
0.0
  0
LINE
  5
22E
330
17
100
AcDbEntity
  8
SLOTS
100
AcDbLine
 10
22.73466447488965
 20
24.108740404946026
 30
0.0
 11
23.69928040975038
 21
26.364614397750106
 31
0.0
  0
ARC
  5
22F
330
17
100
AcDbEntity
  8
SLOTS
100
AcDbCircle
 10
22.84959791217214
 20
24.059594652388636
 30
0.0
 40
0.125
100
AcDbArc
 50
-203.15164244384124
 51
-23.151642443841254
  0
ARC
  5
230
330
17
100
AcDbEntity
  8
SLOTS
100
AcDbCircle
 10
23.814213847032867
 20
26.315468645192716
 30
0.0
 40
0.125
100
AcDbArc
 50
-23.151642443841254
 51
156.84835755615876
  0
LINE
  5
231
330
17
100
AcDbEntity
  8
SLOTS
100
AcDbLine
 10
24.036459440185904
 20
24.60969458139872
 30
0.0
 11
23.85434077375663
 21
24.183787494075638
 31
0.0
  0
LINE
  5
232
330
17
100
AcDbEntity
  8
SLOTS
100
AcDbLine
 10
23.624473899191653
 20
24.282078999190418
 30
0.0
 11
23.806592565620928
 21
24.7079860865135
 31
0.0
  0
ARC
  5
233
330
17
100
AcDbEntity
  8
SLOTS
100
AcDbCircle
 10
23.73940733647414
 20
24.232933246633028
 30
0.0
 40
0.125
100
AcDbArc
 50
-203.15164244384118
 51
-23.151642443841197
  0
ARC
  5
234
330
17
100
AcDbEntity
  8
SLOTS
100
AcDbCircle
 10
23.921526002903416
 20
24.65884033395611
 30
0.0
 40
0.125
100
AcDbArc
 50
-23.151642443841197
 51
156.84835755615882
  0
LINE
  5
235
330
17
100
AcDbEntity
  8
SLOTS
100
AcDbLine
 10
12.98227520557623
 20
29.94479351659934
 30
0.0
 11
14.60731195498031
 21
27.530275799035078
 31
0.0
  0
LINE
  5
236
330
17
100
AcDbEntity
  8
SLOTS
100
AcDbLine
 10
14.399910267034455
 20
27.390688765836398
 30
0.0
 11
12.774873517630375
 21
29.80520648340066
 31
0.0
  0
ARC
  5
237
330
17
100
AcDbEntity
  8
SLOTS
100
AcDbCircle
 10
14.503611111007382
 20
27.460482282435738
 30
0.0
 40
0.125
100
AcDbArc
 50
-146.05836307338066
 51
33.94163692661934
  0
ARC
  5
238
330
17
100
AcDbEntity
  8
SLOTS
100
AcDbCircle
 10
12.878574361603302
 20
29.875
 30
0.0
 40
0.125
100
AcDbArc
 50
33.94163692661934
 51
213.94163692661934
  0
LINE
  5
239
330
17
100
AcDbEntity
  8
SLOTS
100
AcDbLine
 10
13.886317992580691
 20
29.94479351659934
 30
0.0
 11
15.084758570886772
 21
28.164122395882142
 31
0.0
  0
LINE
  5
23A
330
17
100
AcDbEntity
  8
SLOTS
100
AcDbLine
 10
14.877356882940918
 20
28.024535362683462
 30
0.0
 11
13.678916304634837
 21
29.80520648340066
 31
0.0
  0
ARC
  5
23B
330
17
100
AcDbEntity
  8
SLOTS
100
AcDbCircle
 10
14.981057726913845
 20
28.094328879282802
 30
0.0
 40
0.125
100
AcDbArc
 50
-146.0583630733807
 51
33.9416369266193
  0
ARC
  5
23C
330
17
100
AcDbEntity
  8
SLOTS
100
AcDbCircle
 10
13.782617148607764
 20
29.875
 30
0.0
 40
0.125
100
AcDbArc
 50
33.9416369266193
 51
213.9416369266193
  0
LINE
  5
23D
330
17
100
AcDbEntity
  8
SLOTS
100
AcDbLine
 10
14.79036077958515
 20
29.94479351659934
 30
0.0
 11
15.562205186793234
 21
28.797968992729206
 31
0.0
  0
LINE
  5
23E
330
17
100
AcDbEntity
  8
SLOTS
100
AcDbLine
 10
15.35480349884738
 20
28.658381959530526
 30
0.0
 11
14.582959091639296
 21
29.80520648340066
 31
0.0
  0
ARC
  5
23F
330
17
100
AcDbEntity
  8
SLOTS
100
AcDbCircle
 10
15.458504342820307
 20
28.728175476129866
 30
0.0
 40
0.125
100
AcDbArc
 50
-146.05836307338066
 51
33.941636926619346
  0
ARC
  5
240
330
17
100
AcDbEntity
  8
SLOTS
100
AcDbCircle
 10
14.686659935612223
 20
29.875
 30
0.0
 40
0.125
100
AcDbArc
 50
33.941636926619346
 51
213.94163692661934
  0
LINE
  5
241
330
17
100
AcDbEntity
  8
SLOTS
100
AcDbLine
 10
15.69440356658961
 20
29.94479351659934
 30
0.0
 11
16.039651802699698
 21
29.43181558957627
 31
0.0
  0
LINE
  5
242
330
17
100
AcDbEntity
  8
SLOTS
100
AcDbLine
 10
15.832250114753842
 20
29.29222855637759
 30
0.0
 11
15.487001878643756
 21
29.80520648340066
 31
0.0
  0
ARC
  5
243
330
17
100
AcDbEntity
  8
SLOTS
100
AcDbCircle
 10
15.93595095872677
 20
29.36202207297693
 30
0.0
 40
0.125
100
AcDbArc
 50
-146.05836307338063
 51
33.94163692661936
  0
ARC
  5
244
330
17
100
AcDbEntity
  8
SLOTS
100
AcDbCircle
 10
15.590702722616683
 20
29.875
 30
0.0
 40
0.125
100
AcDbArc
 50
33.94163692661936
 51
213.94163692661937
  0
LINE
  5
245
330
17
100
AcDbEntity
  8
SLOTS
100
AcDbLine
 10
22.65193811435553
 20
22.4046847846021
 30
0.0
 11
22.048643972797088
 21
23.41633764791255
 31
0.0
  0
LINE
  5
246
330
17
100
AcDbEntity
  8
SLOTS
100
AcDbLine
 10
22.263362660059364
 20
23.54438406660657
 30
0.0
 11
22.866656801617808
 21
22.53273120329612
 31
0.0
  0
ARC
  5
247
330
17
100
AcDbEntity
  8
SLOTS
100
AcDbCircle
 10
22.156003316428226
 20
23.48036085725956
 30
0.0
 40
0.125
100
AcDbArc
 50
30.80952641729307
 51
210.80952641729306
  0
ARC
  5
248
330
17
100
AcDbEntity
  8
SLOTS
100
AcDbCircle
 10
22.75929745798667
 20
22.46870799394911
 30
0.0
 40
0.125
100
AcDbArc
 50
210.80952641729306
 51
390.80952641729306
  0
LINE
  5
249
330
17
100
AcDbEntity
  8
SLOTS
100
AcDbLine
 10
22.444632520472467
 20
21.287999003947924
 30
0.0
 11
20.991987526726568
 21
23.7239127084974
 31
0.0
  0
LINE
  5
24A
330
17
100
AcDbEntity
  8
SLOTS
100
AcDbLine
 10
21.206706213988845
 20
23.85195912719142
 30
0.0
 11
22.659351207734744
 21
21.416045422641943
 31
0.0
  0
ARC
  5
24B
330
17
100
AcDbEntity
  8
SLOTS
100
AcDbCircle
 10
21.099346870357707
 20
23.78793591784441
 30
0.0
 40
0.125
100
AcDbArc
 50
30.809526417293128
 51
210.8095264172931
  0
ARC
  5
24C
330
17
100
AcDbEntity
  8
SLOTS
100
AcDbCircle
 10
22.551991864103606
 20
21.352022213294934
 30
0.0
 40
0.125
100
AcDbArc
 50
210.8095264172931
 51
390.8095264172931
  0
LINE
  5
24D
330
17
100
AcDbEntity
  8
SLOTS
100
AcDbLine
 10
22.237326926589404
 20
20.17131322329375
 30
0.0
 11
19.935331080656056
 21
24.03148776908225
 31
0.0
  0
LINE
  5
24E
330
17
100
AcDbEntity
  8
SLOTS
100
AcDbLine
 10
20.150049767918333
 20
24.15953418777627
 30
0.0
 11
22.45204561385168
 21
20.29935964198777
 31
0.0
  0
ARC
  5
24F
330
17
100
AcDbEntity
  8
SLOTS
100
AcDbCircle
 10
20.042690424287194
 20
24.09551097842926
 30
0.0
 40
0.125
100
AcDbArc
 50
30.809526417293128
 51
210.8095264172931
  0
ARC
  5
250
330
17
100
AcDbEntity
  8
SLOTS
100
AcDbCircle
 10
22.344686270220542
 20
20.23533643264076
 30
0.0
 40
0.125
100
AcDbArc
 50
210.8095264172931
 51
390.8095264172931
  0
LINE
  5
251
330
17
100
AcDbEntity
  8
SLOTS
100
AcDbLine
 10
22.03002133270634
 20
19.05462744263958
 30
0.0
 11
18.87867463458554
 21
24.3390628296671
 31
0.0
  0
LINE
  5
252
330
17
100
AcDbEntity
  8
SLOTS
100
AcDbLine
 10
19.093393321847817
 20
24.46710924836112
 30
0.0
 11
22.244740019968617
 21
19.182673861333598
 31
0.0
  0
ARC
  5
253
330
17
100
AcDbEntity
  8
SLOTS
100
AcDbCircle
 10
18.98603397821668
 20
24.40308603901411
 30
0.0
 40
0.125
100
AcDbArc
 50
30.809526417293156
 51
210.80952641729317
  0
ARC
  5
254
330
17
100
AcDbEntity
  8
SLOTS
100
AcDbCircle
 10
22.13738067633748
 20
19.118650651986588
 30
0.0
 40
0.125
100
AcDbArc
 50
210.80952641729317
 51
390.80952641729317
  0
LINE
  5
255
330
17
100
AcDbEntity
  8
SLOTS
100
AcDbLine
 10
21.822715738823277
 20
17.937941661985395
 30
0.0
 11
17.822018188515017
 21
24.646637890251952
 31
0.0
  0
LINE
  5
256
330
17
100
AcDbEntity
  8
SLOTS
100
AcDbLine
 10
18.036736875777294
 20
24.77468430894597
 30
0.0
 11
22.037434426085554
 21
18.065988080679414
 31
0.0
  0
ARC
  5
257
330
17
100
AcDbEntity
  8
SLOTS
100
AcDbCircle
 10
17.929377532146155
 20
24.710661099598962
 30
0.0
 40
0.125
100
AcDbArc
 50
30.809526417293156
 51
210.80952641729317
  0
ARC
  5
258
330
17
100
AcDbEntity
  8
SLOTS
100
AcDbCircle
 10
21.930075082454415
 20
18.001964871332405
 30
0.0
 40
0.125
100
AcDbArc
 50
210.80952641729317
 51
390.80952641729317
  0
LINE
  5
259
330
17
100
AcDbEntity
  8
SLOTS
100
AcDbLine
 10
21.33377015054973
 20
17.293532814125324
 30
0.0
 11
16.7653617424445
 21
24.9542129508368
 31
0.0
  0
LINE
  5
25A
330
17
100
AcDbEntity
  8
SLOTS
100
AcDbLine
 10
16.980080429706778
 20
25.08225936953082
 30
0.0
 11
21.548488837812005
 21
17.421579232819344
 31
0.0
  0
ARC
  5
25B
330
17
100
AcDbEntity
  8
SLOTS
100
AcDbCircle
 10
16.87272108607564
 20
25.01823616018381
 30
0.0
 40
0.125
100
AcDbArc
 50
30.809526417293156
 51
210.80952641729317
  0
ARC
  5
25C
330
17
100
AcDbEntity
  8
SLOTS
100
AcDbCircle
 10
21.441129494180867
 20
17.357556023472334
 30
0.0
 40
0.125
100
AcDbArc
 50
210.80952641729317
 51
390.80952641729317
  0
LINE
  5
25D
330
17
100
AcDbEntity
  8
SLOTS
100
AcDbLine
 10
19.970522092712606
 20
18.115225716314654
 30
0.0
 11
15.708705296373989
 21
25.26178801142165
 31
0.0
  0
LINE
  5
25E
330
17
100
AcDbEntity
  8
SLOTS
100
AcDbLine
 10
15.923423983636265
 20
25.38983443011567
 30
0.0
 11
20.185240779974883
 21
18.243272135008674
 31
0.0
  0
ARC
  5
25F
330
17
100
AcDbEntity
  8
SLOTS
100
AcDbCircle
 10
15.816064640005127
 20
25.32581122076866
 30
0.0
 40
0.125
100
AcDbArc
 50
30.809526417293156
 51
210.80952641729317
  0
ARC
  5
260
330
17
100
AcDbEntity
  8
SLOTS
100
AcDbCircle
 10
20.077881436343745
 20
18.179248925661664
 30
0.0
 40
0.125
100
AcDbArc
 50
210.80952641729317
 51
390.80952641729317
  0
LINE
  5
261
330
17
100
AcDbEntity
  8
SLOTS
100
AcDbLine
 10
18.60727403487547
 20
18.936918618503995
 30
0.0
 11
14.652048850303466
 21
25.5693630720065
 31
0.0
  0
LINE
  5
262
330
17
100
AcDbEntity
  8
SLOTS
100
AcDbLine
 10
14.866767537565742
 20
25.69740949070052
 30
0.0
 11
18.821992722137747
 21
19.064965037198014
 31
0.0
  0
ARC
  5
263
330
17
100
AcDbEntity
  8
SLOTS
100
AcDbCircle
 10
14.759408193934604
 20
25.63338628135351
 30
0.0
 40
0.125
100
AcDbArc
 50
30.80952641729317
 51
210.80952641729317
  0
ARC
  5
264
330
17
100
AcDbEntity
  8
SLOTS
100
AcDbCircle
 10
18.71463337850661
 20
19.000941827851005
 30
0.0
 40
0.125
100
AcDbArc
 50
210.80952641729317
 51
390.80952641729317
  0
LINE
  5
265
330
17
100
AcDbEntity
  8
SLOTS
100
AcDbLine
 10
17.244025977038344
 20
19.758611520693325
 30
0.0
 11
14.091944081603357
 21
25.04427974659124
 31
0.0
  0
LINE
  5
266
330
17
100
AcDbEntity
  8
SLOTS
100
AcDbLine
 10
14.306662768865634
 20
25.17232616528526
 30
0.0
 11
17.45874466430062
 21
19.886657939387344
 31
0.0
  0
ARC
  5
267
330
17
100
AcDbEntity
  8
SLOTS
100
AcDbCircle
 10
14.199303425234495
 20
25.10830295593825
 30
0.0
 40
0.125
100
AcDbArc
 50
30.809526417293156
 51
210.80952641729317
  0
ARC
  5
268
330
17
100
AcDbEntity
  8
SLOTS
100
AcDbCircle
 10
17.351385320669483
 20
19.822634730040335
 30
0.0
 40
0.125
100
AcDbArc
 50
210.80952641729317
 51
390.80952641729317
  0
LINE
  5
269
330
17
100
AcDbEntity
  8
SLOTS
100
AcDbLine
 10
15.247606258943463
 20
21.64205834844226
 30
0.0
 11
13.689646282163489
 21
24.25457281337819
 31
0.0
  0
LINE
  5
26A
330
17
100
AcDbEntity
  8
SLOTS
100
AcDbLine
 10
13.904364969425766
 20
24.38261923207221
 30
0.0
 11
15.46232494620574
 21
21.770104767136278
 31
0.0
  0
ARC
  5
26B
330
17
100
AcDbEntity
  8
SLOTS
100
AcDbCircle
 10
13.797005625794627
 20
24.3185960227252
 30
0.0
 40
0.125
100
AcDbArc
 50
30.809526417293128
 51
210.8095264172931
  0
ARC
  5
26C
330
17
100
AcDbEntity
  8
SLOTS
100
AcDbCircle
 10
15.354965602574602
 20
21.70608155778927
 30
0.0
 40
0.125
100
AcDbArc
 50
210.8095264172931
 51
390.8095264172931
  0
LINE
  5
26D
330
17
100
AcDbEntity
  8
SLOTS
100
AcDbLine
 10
22.64906371345992
 20
15.705460521887291
 30
0.0
 11
26.35075120963771
 21
18.15819849189066
 31
0.0
  0
LINE
  5
26E
330
17
100
AcDbEntity
  8
SLOTS
100
AcDbLine
 10
26.48883896625325
 20
17.949795585306113
 30
0.0
 11
22.78715147007546
 21
15.497057615302746
 31
0.0
  0
ARC
  5
26F
330
17
100
AcDbEntity
  8
SLOTS
100
AcDbCircle
 10
26.41979508794548
 20
18.053997038598386
 30
0.0
 40
0.125
100
AcDbArc
 50
-56.471546811084366
 51
123.52845318891563
  0
ARC
  5
270
330
17
100
AcDbEntity
  8
SLOTS
100
AcDbCircle
 10
22.71810759176769
 20
15.601259068595018
 30
0.0
 40
0.125
100
AcDbArc
 50
123.52845318891563
 51
303.52845318891565
  0
LINE
  5
271
330
17
100
AcDbEntity
  8
SLOTS
100
AcDbLine
 10
22.425837800589928
 20
16.45725058586015
 30
0.0
 11
29.838440111687675
 21
21.368840546854234
 31
0.0
  0
LINE
  5
272
330
17
100
AcDbEntity
  8
SLOTS
100
AcDbLine
 10
29.976527868303215
 20
21.160437640269688
 30
0.0
 11
22.56392555720547
 21
16.248847679275606
 31
0.0
  0
ARC
  5
273
330
17
100
AcDbEntity
  8
SLOTS
100
AcDbCircle
 10
29.907483989995445
 20
21.26463909356196
 30
0.0
 40
0.125
100
AcDbArc
 50
-56.47154681108437
 51
123.52845318891562
  0
ARC
  5
274
330
17
100
AcDbEntity
  8
SLOTS
100
AcDbCircle
 10
22.4948816788977
 20
16.35304913256788
 30
0.0
 40
0.125
100
AcDbArc
 50
123.52845318891562
 51
303.52845318891565
  0
LINE
  5
275
330
17
100
AcDbEntity
  8
SLOTS
100
AcDbLine
 10
22.493022586123757
 20
17.401466765653364
 30
0.0
 11
30.375144072586064
 21
22.624160111320094
 31
0.0
  0
LINE
  5
276
330
17
100
AcDbEntity
  8
SLOTS
100
AcDbLine
 10
30.513231829201604
 20
22.41575720473555
 30
0.0
 11
22.631110342739298
 21
17.19306385906882
 31
0.0
  0
ARC
  5
277
330
17
100
AcDbEntity
  8
SLOTS
100
AcDbCircle
 10
30.444187950893834
 20
22.51995865802782
 30
0.0
 40
0.125
100
AcDbArc
 50
-56.471546811084366
 51
123.52845318891563
  0
ARC
  5
278
330
17
100
AcDbEntity
  8
SLOTS
100
AcDbCircle
 10
22.562066464431528
 20
17.29726531236109
 30
0.0
 40
0.125
100
AcDbArc
 50
123.52845318891563
 51
303.52845318891565
  0
LINE
  5
279
330
17
100
AcDbEntity
  8
SLOTS
100
AcDbLine
 10
22.68347287440714
 20
18.427358662075154
 30
0.0
 11
30.195626949675596
 21
23.404911617572267
 31
0.0
  0
LINE
  5
27A
330
17
100
AcDbEntity
  8
SLOTS
100
AcDbLine
 10
30.333714706291136
 20
23.19650871098772
 30
0.0
 11
22.82156063102268
 21
18.218955755490608
 31
0.0
  0
ARC
  5
27B
330
17
100
AcDbEntity
  8
SLOTS
100
AcDbCircle
 10
30.264670827983366
 20
23.300710164279995
 30
0.0
 40
0.125
100
AcDbArc
 50
-56.47154681108437
 51
123.52845318891562
  0
ARC
  5
27C
330
17
100
AcDbEntity
  8
SLOTS
100
AcDbCircle
 10
22.75251675271491
 20
18.32315720878288
 30
0.0
 40
0.125
100
AcDbArc
 50
123.52845318891562
 51
303.52845318891565
  0
LINE
  5
27D
330
17
100
AcDbEntity
  8
SLOTS
100
AcDbLine
 10
22.873923162690524
 20
19.453250558496947
 30
0.0
 11
28.98828125985787
 21
23.504623961196415
 31
0.0
  0
LINE
  5
27E
330
17
100
AcDbEntity
  8
SLOTS
100
AcDbLine
 10
29.12636901647341
 20
23.29622105461187
 30
0.0
 11
23.012010919306064
 21
19.2448476519124
 31
0.0
  0
ARC
  5
27F
330
17
100
AcDbEntity
  8
SLOTS
100
AcDbCircle
 10
29.05732513816564
 20
23.400422507904143
 30
0.0
 40
0.125
100
AcDbArc
 50
-56.47154681108438
 51
123.52845318891562
  0
ARC
  5
280
330
17
100
AcDbEntity
  8
SLOTS
100
AcDbCircle
 10
22.942967040998294
 20
19.349049105204674
 30
0.0
 40
0.125
100
AcDbArc
 50
123.52845318891562
 51
303.5284531889156
  0
LINE
  5
281
330
17
100
AcDbEntity
  8
SLOTS
100
AcDbLine
 10
23.064373450973907
 20
20.47914245491874
 30
0.0
 11
27.780935570040143
 21
23.604336304820563
 31
0.0
  0
LINE
  5
282
330
17
100
AcDbEntity
  8
SLOTS
100
AcDbLine
 10
27.919023326655683
 20
23.395933398236018
 30
0.0
 11
23.202461207589447
 21
20.270739548334195
 31
0.0
  0
ARC
  5
283
330
17
100
AcDbEntity
  8
SLOTS
100
AcDbCircle
 10
27.849979448347913
 20
23.50013485152829
 30
0.0
 40
0.125
100
AcDbArc
 50
-56.47154681108435
 51
123.52845318891565
  0
ARC
  5
284
330
17
100
AcDbEntity
  8
SLOTS
100
AcDbCircle
 10
23.133417329281677
 20
20.374941001626468
 30
0.0
 40
0.125
100
AcDbArc
 50
123.52845318891565
 51
303.52845318891565
  0
LINE
  5
285
330
17
100
AcDbEntity
  8
SLOTS
100
AcDbLine
 10
23.25482373925729
 20
21.505034351340534
 30
0.0
 11
26.57358988022242
 21
23.70404864844471
 31
0.0
  0
LINE
  5
286
330
17
100
AcDbEntity
  8
SLOTS
100
AcDbLine
 10
26.711677636837962
 20
23.495645741860166
 30
0.0
 11
23.39291149587283
 21
21.296631444755988
 31
0.0
  0
ARC
  5
287
330
17
100
AcDbEntity
  8
SLOTS
100
AcDbCircle
 10
26.64263375853019
 20
23.59984719515244
 30
0.0
 40
0.125
100
AcDbArc
 50
-56.47154681108436
 51
123.52845318891565
  0
ARC
  5
288
330
17
100
AcDbEntity
  8
SLOTS
100
AcDbCircle
 10
23.32386761756506
 20
21.40083289804826
 30
0.0
 40
0.125
100
AcDbArc
 50
123.52845318891565
 51
303.52845318891565
  0
LINE
  5
289
330
17
100
AcDbEntity
  8
SLOTS
100
AcDbLine
 10
23.445274027540673
 20
22.530926247762327
 30
0.0
 11
25.366244190404693
 21
23.80376099206886
 31
0.0
  0
LINE
  5
28A
330
17
100
AcDbEntity
  8
SLOTS
100
AcDbLine
 10
25.504331947020233
 20
23.595358085484314
 30
0.0
 11
23.583361784156214
 21
22.32252334117778
 31
0.0
  0
ARC
  5
28B
330
17
100
AcDbEntity
  8
SLOTS
100
AcDbCircle
 10
25.435288068712463
 20
23.699559538776587
 30
0.0
 40
0.125
100
AcDbArc
 50
-56.4715468110843
 51
123.5284531889157
  0
ARC
  5
28C
330
17
100
AcDbEntity
  8
SLOTS
100
AcDbCircle
 10
23.514317905848444
 20
22.426724794470054
 30
0.0
 40
0.125
100
AcDbArc
 50
123.5284531889157
 51
303.5284531889157
  0
LINE
  5
28D
330
17
100
AcDbEntity
  8
SLOTS
100
AcDbLine
 10
24.63168579893944
 20
27.17115297334973
 30
0.0
 11
25.50651828923713
 21
24.49488102193374
 31
0.0
  0
LINE
  5
28E
330
17
100
AcDbEntity
  8
SLOTS
100
AcDbLine
 10
25.26889176820066
 20
24.41720453578699
 30
0.0
 11
24.394059277902972
 21
27.09347648720298
 31
0.0
  0
ARC
  5
28F
330
17
100
AcDbEntity
  8
SLOTS
100
AcDbCircle
 10
25.387705028718894
 20
24.456042778860365
 30
0.0
 40
0.125
100
AcDbArc
 50
-161.89822087004677
 51
18.101779129953243
  0
ARC
  5
290
330
17
100
AcDbEntity
  8
SLOTS
100
AcDbCircle
 10
24.512872538421206
 20
27.132314730276356
 30
0.0
 40
0.125
100
AcDbArc
 50
18.101779129953243
 51
198.10177912995323
  0
LINE
  5
291
330
17
100
AcDbEntity
  8
SLOTS
100
AcDbLine
 10
24.595585725618083
 20
29.695447577280056
 30
0.0
 11
26.317464566147315
 21
24.427906538564194
 31
0.0
  0
LINE
  5
292
330
17
100
AcDbEntity
  8
SLOTS
100
AcDbLine
 10
26.079838045110847
 20
24.350230052417444
 30
0.0
 11
24.357959204581615
 21
29.617771091133307
 31
0.0
  0
ARC
  5
293
330
17
100
AcDbEntity
  8
SLOTS
100
AcDbCircle
 10
26.19865130562908
 20
24.38906829549082
 30
0.0
 40
0.125
100
AcDbArc
 50
-161.89822087004674
 51
18.101779129953258
  0
ARC
  5
294
330
17
100
AcDbEntity
  8
SLOTS
100
AcDbCircle
 10
24.47677246509985
 20
29.65660933420668
 30
0.0
 40
0.125
100
AcDbArc
 50
18.101779129953258
 51
198.10177912995326
  0
LINE
  5
295
330
17
100
AcDbEntity
  8
SLOTS
100
AcDbLine
 10
25.320264905465756
 20
29.892379858644308
 30
0.0
 11
27.128410843057498
 21
24.360932055194645
 31
0.0
  0
LINE
  5
296
330
17
100
AcDbEntity
  8
SLOTS
100
AcDbLine
 10
26.89078432202103
 20
24.283255569047896
 30
0.0
 11
25.082638384429288
 21
29.814703372497558
 31
0.0
  0
ARC
  5
297
330
17
100
AcDbEntity
  8
SLOTS
100
AcDbCircle
 10
27.009597582539264
 20
24.32209381212127
 30
0.0
 40
0.125
100
AcDbArc
 50
-161.89822087004674
 51
18.101779129953258
  0
ARC
  5
298
330
17
100
AcDbEntity
  8
SLOTS
100
AcDbCircle
 10
25.20145164494752
 20
29.853541615570933
 30
0.0
 40
0.125
100
AcDbArc
 50
18.101779129953258
 51
198.10177912995326
  0
LINE
  5
299
330
17
100
AcDbEntity
  8
SLOTS
100
AcDbLine
 10
26.102303826410303
 20
29.913838243073375
 30
0.0
 11
27.93935711996768
 21
24.2939575718251
 31
0.0
  0
LINE
  5
29A
330
17
100
AcDbEntity
  8
SLOTS
100
AcDbLine
 10
27.701730598931213
 20
24.21628108567835
 30
0.0
 11
25.864677305373835
 21
29.836161756926625
 31
0.0
  0
ARC
  5
29B
330
17
100
AcDbEntity
  8
SLOTS
100
AcDbCircle
 10
27.820543859449447
 20
24.255119328751725
 30
0.0
 40
0.125
100
AcDbArc
 50
-161.89822087004674
 51
18.101779129953258
  0
ARC
  5
29C
330
17
100
AcDbEntity
  8
SLOTS
100
AcDbCircle
 10
25.98349056589207
 20
29.875
 30
0.0
 40
0.125
100
AcDbArc
 50
18.101779129953258
 51
198.10177912995326
  0
LINE
  5
29D
330
17
100
AcDbEntity
  8
SLOTS
100
AcDbLine
 10
26.891357166004614
 20
29.913838243073375
 30
0.0
 11
28.750303396877865
 21
24.22698308845555
 31
0.0
  0
LINE
  5
29E
330
17
100
AcDbEntity
  8
SLOTS
100
AcDbLine
 10
28.512676875841397
 20
24.1493066023088
 30
0.0
 11
26.653730644968146
 21
29.836161756926625
 31
0.0
  0
ARC
  5
29F
330
17
100
AcDbEntity
  8
SLOTS
100
AcDbCircle
 10
28.63149013635963
 20
24.188144845382176
 30
0.0
 40
0.125
100
AcDbArc
 50
-161.89822087004677
 51
18.101779129953243
  0
ARC
  5
2A0
330
17
100
AcDbEntity
  8
SLOTS
100
AcDbCircle
 10
26.77254390548638
 20
29.875
 30
0.0
 40
0.125
100
AcDbArc
 50
18.101779129953243
 51
198.10177912995323
  0
LINE
  5
2A1
330
17
100
AcDbEntity
  8
SLOTS
100
AcDbLine
 10
27.68041050559892
 20
29.913838243073375
 30
0.0
 11
29.561249673788048
 21
24.160008605086006
 31
0.0
  0
LINE
  5
2A2
330
17
100
AcDbEntity
  8
SLOTS
100
AcDbLine
 10
29.32362315275158
 20
24.082332118939256
 30
0.0
 11
27.442783984562453
 21
29.836161756926625
 31
0.0
  0
ARC
  5
2A3
330
17
100
AcDbEntity
  8
SLOTS
100
AcDbCircle
 10
29.442436413269814
 20
24.12117036201263
 30
0.0
 40
0.125
100
AcDbArc
 50
-161.89822087004674
 51
18.101779129953258
  0
ARC
  5
2A4
330
17
100
AcDbEntity
  8
SLOTS
100
AcDbCircle
 10
27.561597245080687
 20
29.875
 30
0.0
 40
0.125
100
AcDbArc
 50
18.101779129953258
 51
198.10177912995326
  0
LINE
  5
2A5
330
17
100
AcDbEntity
  8
SLOTS
100
AcDbLine
 10
29.538108339099374
 20
26.644660066914263
 30
0.0
 11
30.372195950698234
 21
24.093034121716457
 31
0.0
  0
LINE
  5
2A6
330
17
100
AcDbEntity
  8
SLOTS
100
AcDbLine
 10
30.134569429661767
 20
24.015357635569707
 30
0.0
 11
29.300481818062906
 21
26.566983580767513
 31
0.0
  0
ARC
  5
2A7
330
17
100
AcDbEntity
  8
SLOTS
100
AcDbCircle
 10
30.25338269018
 20
24.054195878643082
 30
0.0
 40
0.125
100
AcDbArc
 50
-161.89822087004677
 51
18.101779129953215
  0
ARC
  5
2A8
330
17
100
AcDbEntity
  8
SLOTS
100
AcDbCircle
 10
29.41929507858114
 20
26.605821823840888
 30
0.0
 40
0.125
100
AcDbArc
 50
18.101779129953215
 51
198.10177912995323
  0
LINE
  5
2A9
330
17
100
AcDbEntity
  8
SLOTS
100
AcDbLine
 10
33.07844816115665
 20
23.630156446943815
 30
0.0
 11
33.57333694009659
 21
22.249606454812685
 31
0.0
  0
LINE
  5
2AA
330
17
100
AcDbEntity
  8
SLOTS
100
AcDbLine
 10
33.33800071532098
 20
22.165244962955548
 30
0.0
 11
32.84311193638104
 21
23.545794955086677
 31
0.0
  0
ARC
  5
2AB
330
17
100
AcDbEntity
  8
SLOTS
100
AcDbCircle
 10
33.455668827708784
 20
22.207425708884116
 30
0.0
 40
0.125
100
AcDbArc
 50
-160.2786552147927
 51
19.72134478520728
  0
ARC
  5
2AC
330
17
100
AcDbEntity
  8
SLOTS
100
AcDbCircle
 10
32.96078004876885
 20
23.587975701015246
 30
0.0
 40
0.125
100
AcDbArc
 50
19.72134478520728
 51
199.7213447852073
  0
LINE
  5
2AD
330
17
100
AcDbEntity
  8
SLOTS
100
AcDbLine
 10
33.7944767263943
 20
23.855289267705626
 30
0.0
 11
34.992668112387804
 21
20.512794592340086
 31
0.0
  0
LINE
  5
2AE
330
17
100
AcDbEntity
  8
SLOTS
100
AcDbLine
 10
34.757331887612196
 20
20.42843310048295
 30
0.0
 11
33.55914050161869
 21
23.770927775848488
 31
0.0
  0
ARC
  5
2AF
330
17
100
AcDbEntity
  8
SLOTS
100
AcDbCircle
 10
34.875
 20
20.470613846411517
 30
0.0
 40
0.125
100
AcDbArc
 50
-160.27865521479248
 51
19.72134478520752
  0
ARC
  5
2B0
330
17
100
AcDbEntity
  8
SLOTS
100
AcDbCircle
 10
33.6768086140065
 20
23.813108521777057
 30
0.0
 40
0.125
100
AcDbArc
 50
19.72134478520752
 51
199.72134478520752
  0
LINE
  5
2B1
330
17
100
AcDbEntity
  8
SLOTS
100
AcDbLine
 10
34.51050529163196
 20
24.08042208846744
 30
0.0
 11
34.992668112387804
 21
22.73537264154679
 31
0.0
  0
LINE
  5
2B2
330
17
100
AcDbEntity
  8
SLOTS
100
AcDbLine
 10
34.757331887612196
 20
22.65101114968965
 30
0.0
 11
34.27516906685635
 21
23.996060596610302
 31
0.0
  0
ARC
  5
2B3
330
17
100
AcDbEntity
  8
SLOTS
100
AcDbCircle
 10
34.875
 20
22.69319189561822
 30
0.0
 40
0.125
100
AcDbArc
 50
-160.27865521479254
 51
19.721344785207464
  0
ARC
  5
2B4
330
17
100
AcDbEntity
  8
SLOTS
100
AcDbCircle
 10
34.392837179244154
 20
24.03824134253887
 30
0.0
 40
0.125
100
AcDbArc
 50
19.721344785207464
 51
199.72134478520746
  0
LINE
  5
2B5
330
17
100
AcDbEntity
  8
SLOTS
100
AcDbLine
 10
34.83281476444717
 20
29.680351725341183
 30
0.0
 11
34.618090922046356
 21
29.757333497114292
 31
0.0
  0
LINE
  5
2B6
330
17
100
AcDbEntity
  8
SLOTS
100
AcDbLine
 10
34.702461393152014
 20
29.992666502885708
 30
0.0
 11
34.91718523555283
 21
29.9156847311126
 31
0.0
  0
ARC
  5
2B7
330
17
100
AcDbEntity
  8
SLOTS
100
AcDbCircle
 10
34.660276157599185
 20
29.875
 30
0.0
 40
0.125
100
AcDbArc
 50
70.27646908062306
 51
250.27646908062306
  0
ARC
  5
2B8
330
17
100
AcDbEntity
  8
SLOTS
100
AcDbCircle
 10
34.875
 20
29.79801822822689
 30
0.0
 40
0.125
100
AcDbArc
 50
250.27646908062306
 51
430.2764690806231
  0
LINE
  5
2B9
330
17
100
AcDbEntity
  8
SLOTS
100
AcDbLine
 10
34.83281476444717
 20
28.883608406717514
 30
0.0
 11
33.27624476796553
 21
29.441662486219034
 31
0.0
  0
LINE
  5
2BA
330
17
100
AcDbEntity
  8
SLOTS
100
AcDbLine
 10
33.36061523907119
 20
29.67699549199045
 30
0.0
 11
34.91718523555283
 21
29.11894141248893
 31
0.0
  0
ARC
  5
2BB
330
17
100
AcDbEntity
  8
SLOTS
100
AcDbCircle
 10
33.31843000351836
 20
29.559328989104742
 30
0.0
 40
0.125
100
AcDbArc
 50
70.27646908062351
 51
250.2764690806235
  0
ARC
  5
2BC
330
17
100
AcDbEntity
  8
SLOTS
100
AcDbCircle
 10
34.875
 20
29.00127490960322
 30
0.0
 40
0.125
100
AcDbArc
 50
250.2764690806235
 51
430.27646908062354
  0
LINE
  5
2BD
330
17
100
AcDbEntity
  8
SLOTS
100
AcDbLine
 10
34.83281476444717
 20
28.086865088093845
 30
0.0
 11
33.13268444839581
 21
28.69638773127802
 31
0.0
  0
LINE
  5
2BE
330
17
100
AcDbEntity
  8
SLOTS
100
AcDbLine
 10
33.217054919501464
 20
28.931720737049435
 30
0.0
 11
34.91718523555283
 21
28.32219809386526
 31
0.0
  0
ARC
  5
2BF
330
17
100
AcDbEntity
  8
SLOTS
100
AcDbCircle
 10
33.174869683948636
 20
28.814054234163727
 30
0.0
 40
0.125
100
AcDbArc
 50
70.27646908062354
 51
250.27646908062354
  0
ARC
  5
2C0
330
17
100
AcDbEntity
  8
SLOTS
100
AcDbCircle
 10
34.875
 20
28.204531590979553
 30
0.0
 40
0.125
100
AcDbArc
 50
250.27646908062354
 51
430.27646908062354
  0
LINE
  5
2C1
330
17
100
AcDbEntity
  8
SLOTS
100
AcDbLine
 10
34.83281476444717
 20
27.290121769470176
 30
0.0
 11
32.989124128826084
 21
27.951112976337008
 31
0.0
  0
LINE
  5
2C2
330
17
100
AcDbEntity
  8
SLOTS
100
AcDbLine
 10
33.07349459993174
 20
28.186445982108424
 30
0.0
 11
34.91718523555283
 21
27.52545477524159
 31
0.0
  0
ARC
  5
2C3
330
17
100
AcDbEntity
  8
SLOTS
100
AcDbCircle
 10
33.03130936437891
 20
28.068779479222716
 30
0.0
 40
0.125
100
AcDbArc
 50
70.27646908062346
 51
250.27646908062346
  0
ARC
  5
2C4
330
17
100
AcDbEntity
  8
SLOTS
100
AcDbCircle
 10
34.875
 20
27.407788272355884
 30
0.0
 40
0.125
100
AcDbArc
 50
250.27646908062346
 51
430.27646908062343
  0
LINE
  5
2C5
330
17
100
AcDbEntity
  8
SLOTS
100
AcDbLine
 10
34.83281476444717
 20
26.49337845084651
 30
0.0
 11
32.84556380925636
 21
27.205838221395997
 31
0.0
  0
LINE
  5
2C6
330
17
100
AcDbEntity
  8
SLOTS
100
AcDbLine
 10
32.92993428036202
 20
27.441171227167413
 30
0.0
 11
34.91718523555283
 21
26.728711456617926
 31
0.0
  0
ARC
  5
2C7
330
17
100
AcDbEntity
  8
SLOTS
100
AcDbCircle
 10
32.88774904480919
 20
27.323504724281705
 30
0.0
 40
0.125
100
AcDbArc
 50
70.27646908062349
 51
250.27646908062349
  0
ARC
  5
2C8
330
17
100
AcDbEntity
  8
SLOTS
100
AcDbCircle
 10
34.875
 20
26.61104495373222
 30
0.0
 40
0.125
100
AcDbArc
 50
250.27646908062349
 51
430.2764690806235
  0
LINE
  5
2C9
330
17
100
AcDbEntity
  8
SLOTS
100
AcDbLine
 10
34.83281476444717
 20
25.696635132222845
 30
0.0
 11
32.70200348968664
 21
26.460563466454985
 31
0.0
  0
LINE
  5
2CA
330
17
100
AcDbEntity
  8
SLOTS
100
AcDbLine
 10
32.7863739607923
 20
26.6958964722264
 30
0.0
 11
34.91718523555283
 21
25.93196813799426
 31
0.0
  0
ARC
  5
2CB
330
17
100
AcDbEntity
  8
SLOTS
100
AcDbCircle
 10
32.74418872523947
 20
26.578229969340693
 30
0.0
 40
0.125
100
AcDbArc
 50
70.27646908062351
 51
250.2764690806235
  0
ARC
  5
2CC
330
17
100
AcDbEntity
  8
SLOTS
100
AcDbCircle
 10
34.875
 20
25.814301635108553
 30
0.0
 40
0.125
100
AcDbArc
 50
250.2764690806235
 51
430.27646908062354
  0
LINE
  5
2CD
330
17
100
AcDbEntity
  8
SLOTS
100
AcDbLine
 10
34.83281476444717
 20
24.899891813599176
 30
0.0
 11
32.55844317011691
 21
25.71528871151397
 31
0.0
  0
LINE
  5
2CE
330
17
100
AcDbEntity
  8
SLOTS
100
AcDbLine
 10
32.64281364122257
 20
25.950621717285387
 30
0.0
 11
34.91718523555283
 21
25.135224819370592
 31
0.0
  0
ARC
  5
2CF
330
17
100
AcDbEntity
  8
SLOTS
100
AcDbCircle
 10
32.60062840566974
 20
25.83295521439968
 30
0.0
 40
0.125
100
AcDbArc
 50
70.2764690806236
 51
250.2764690806236
  0
ARC
  5
2D0
330
17
100
AcDbEntity
  8
SLOTS
100
AcDbCircle
 10
34.875
 20
25.017558316484884
 30
0.0
 40
0.125
100
AcDbArc
 50
250.2764690806236
 51
430.2764690806236
  0
LINE
  5
2D1
330
17
100
AcDbEntity
  8
SLOTS
100
AcDbLine
 10
33.710526411610154
 20
24.505505982973716
 30
0.0
 11
32.41488285054719
 21
24.97001395657296
 31
0.0
  0
LINE
  5
2D2
330
17
100
AcDbEntity
  8
SLOTS
100
AcDbLine
 10
32.499253321652844
 20
25.205346962344375
 30
0.0
 11
33.79489688271581
 21
24.740838988745132
 31
0.0
  0
ARC
  5
2D3
330
17
100
AcDbEntity
  8
SLOTS
100
AcDbCircle
 10
32.457068086100016
 20
25.087680459458667
 30
0.0
 40
0.125
100
AcDbArc
 50
70.27646908062343
 51
250.27646908062343
  0
ARC
  5
2D4
330
17
100
AcDbEntity
  8
SLOTS
100
AcDbCircle
 10
33.75271164716298
 20
24.623172485859424
 30
0.0
 40
0.125
100
AcDbArc
 50
250.27646908062343
 51
430.27646908062343
  0
LINE
  5
2D5
330
17
100
AcDbEntity
  8
SLOTS
100
AcDbLine
 10
32.52654210346092
 20
24.133239093114526
 30
0.0
 11
32.271322530977464
 21
24.224739201631944
 31
0.0
  0
LINE
  5
2D6
330
17
100
AcDbEntity
  8
SLOTS
100
AcDbLine
 10
32.35569300208312
 20
24.46007220740336
 30
0.0
 11
32.610912574566576
 21
24.36857209888594
 31
0.0
  0
ARC
  5
2D7
330
17
100
AcDbEntity
  8
SLOTS
100
AcDbCircle
 10
32.31350776653029
 20
24.342405704517653
 30
0.0
 40
0.125
100
AcDbArc
 50
70.27646908062314
 51
250.27646908062314
  0
ARC
  5
2D8
330
17
100
AcDbEntity
  8
SLOTS
100
AcDbCircle
 10
32.56872733901375
 20
24.250905596000234
 30
0.0
 40
0.125
100
AcDbArc
 50
250.27646908062314
 51
430.27646908062314
  0
LINE
  5
2D9
330
17
100
AcDbEntity
  8
SLOTS
100
AcDbLine
 10
24.566482286935123
 20
6.44741398262761
 30
0.0
 11
24.701753047182724
 21
6.53783636157269
 31
0.0
  0
LINE
  5
2DA
330
17
100
AcDbEntity
  8
SLOTS
100
AcDbLine
 10
24.840685273716236
 20
6.32999546946904
 30
0.0
 11
24.705414513468636
 21
6.239573090523959
 31
0.0
  0
ARC
  5
2DB
330
17
100
AcDbEntity
  8
SLOTS
100
AcDbCircle
 10
24.77121916044948
 20
6.433915915520865
 30
0.0
 40
0.125
100
AcDbArc
 50
-56.23906528946182
 51
123.76093471053818
  0
ARC
  5
2DC
330
17
100
AcDbEntity
  8
SLOTS
100
AcDbCircle
 10
24.63594840020188
 20
6.343493536575784
 30
0.0
 40
0.125
100
AcDbArc
 50
123.76093471053818
 51
303.7609347105382
  0
LINE
  5
2DD
330
17
100
AcDbEntity
  8
SLOTS
100
AcDbLine
 10
22.13218702341232
 20
5.722330196295275
 30
0.0
 11
24.612097236094947
 21
7.380037897431249
 31
0.0
  0
LINE
  5
2DE
330
17
100
AcDbEntity
  8
SLOTS
100
AcDbLine
 10
24.75102946262846
 20
7.1721970053275985
 30
0.0
 11
22.271119249945833
 21
5.514489304191624
 31
0.0
  0
ARC
  5
2DF
330
17
100
AcDbEntity
  8
SLOTS
100
AcDbCircle
 10
24.681563349361703
 20
7.276117451379424
 30
0.0
 40
0.125
100
AcDbArc
 50
-56.23906528946176
 51
123.76093471053824
  0
ARC
  5
2E0
330
17
100
AcDbEntity
  8
SLOTS
100
AcDbCircle
 10
22.201653136679077
 20
5.618409750243449
 30
0.0
 40
0.125
100
AcDbArc
 50
123.76093471053824
 51
303.7609347105382
  0
LINE
  5
2E1
330
17
100
AcDbEntity
  8
SLOTS
100
AcDbLine
 10
20.871715889103125
 20
5.78189469635058
 30
0.0
 11
24.522441425007166
 21
8.222239433289813
 31
0.0
  0
LINE
  5
2E2
330
17
100
AcDbEntity
  8
SLOTS
100
AcDbLine
 10
24.66137365154068
 20
8.014398541186162
 30
0.0
 11
21.010648115636638
 21
5.57405380424693
 31
0.0
  0
ARC
  5
2E3
330
17
100
AcDbEntity
  8
SLOTS
100
AcDbCircle
 10
24.591907538273922
 20
8.118318987237988
 30
0.0
 40
0.125
100
AcDbArc
 50
-56.239065289461706
 51
123.7609347105383
  0
ARC
  5
2E4
330
17
100
AcDbEntity
  8
SLOTS
100
AcDbCircle
 10
20.94118200236988
 20
5.677974250298755
 30
0.0
 40
0.125
100
AcDbArc
 50
123.7609347105383
 51
303.7609347105383
  0
LINE
  5
2E5
330
17
100
AcDbEntity
  8
SLOTS
100
AcDbLine
 10
21.410166073930768
 20
7.043956653458965
 30
0.0
 11
24.43278561391939
 21
9.064440969148372
 31
0.0
  0
LINE
  5
2E6
330
17
100
AcDbEntity
  8
SLOTS
100
AcDbLine
 10
24.5717178404529
 20
8.856600077044721
 30
0.0
 11
21.54909830046428
 21
6.836115761355314
 31
0.0
  0
ARC
  5
2E7
330
17
100
AcDbEntity
  8
SLOTS
100
AcDbCircle
 10
24.502251727186145
 20
8.960520523096546
 30
0.0
 40
0.125
100
AcDbArc
 50
-56.239065289461706
 51
123.7609347105383
  0
ARC
  5
2E8
330
17
100
AcDbEntity
  8
SLOTS
100
AcDbCircle
 10
21.479632187197524
 20
6.94003620740714
 30
0.0
 40
0.125
100
AcDbArc
 50
123.7609347105383
 51
303.7609347105383
  0
LINE
  5
2E9
330
17
100
AcDbEntity
  8
SLOTS
100
AcDbLine
 10
21.94861625875841
 20
8.306018610567351
 30
0.0
 11
24.343129802831612
 21
9.906642505006932
 31
0.0
  0
LINE
  5
2EA
330
17
100
AcDbEntity
  8
SLOTS
100
AcDbLine
 10
24.482062029365125
 20
9.698801612903281
 30
0.0
 11
22.087548485291922
 21
8.0981777184637
 31
0.0
  0
ARC
  5
2EB
330
17
100
AcDbEntity
  8
SLOTS
100
AcDbCircle
 10
24.41259591609837
 20
9.802722058955107
 30
0.0
 40
0.125
100
AcDbArc
 50
-56.2390652894617
 51
123.7609347105383
  0
ARC
  5
2EC
330
17
100
AcDbEntity
  8
SLOTS
100
AcDbCircle
 10
22.018082372025166
 20
8.202098164515526
 30
0.0
 40
0.125
100
AcDbArc
 50
123.7609347105383
 51
303.7609347105383
  0
LINE
  5
2ED
330
17
100
AcDbEntity
  8
SLOTS
100
AcDbLine
 10
22.487066443586052
 20
9.56808056767574
 30
0.0
 11
24.253473991743835
 21
10.748844040865492
 31
0.0
  0
LINE
  5
2EE
330
17
100
AcDbEntity
  8
SLOTS
100
AcDbLine
 10
24.392406218277348
 20
10.541003148761842
 30
0.0
 11
22.625998670119564
 21
9.360239675572089
 31
0.0
  0
ARC
  5
2EF
330
17
100
AcDbEntity
  8
SLOTS
100
AcDbCircle
 10
24.32294010501059
 20
10.644923594813667
 30
0.0
 40
0.125
100
AcDbArc
 50
-56.239065289461735
 51
123.76093471053827
  0
ARC
  5
2F0
330
17
100
AcDbEntity
  8
SLOTS
100
AcDbCircle
 10
22.556532556852808
 20
9.464160121623914
 30
0.0
 40
0.125
100
AcDbArc
 50
123.76093471053827
 51
303.76093471053827
  0
LINE
  5
2F1
330
17
100
AcDbEntity
  8
SLOTS
100
AcDbLine
 10
23.025516628413694
 20
10.830142524784126
 30
0.0
 11
24.115554649381476
 21
11.558783591161541
 31
0.0
  0
LINE
  5
2F2
330
17
100
AcDbEntity
  8
SLOTS
100
AcDbLine
 10
24.25448687591499
 20
11.35094269905789
 30
0.0
 11
23.164448854947207
 21
10.622301632680475
 31
0.0
  0
ARC
  5
2F3
330
17
100
AcDbEntity
  8
SLOTS
100
AcDbCircle
 10
24.185020762648232
 20
11.454863145109716
 30
0.0
 40
0.125
100
AcDbArc
 50
-56.23906528946174
 51
123.76093471053827
  0
ARC
  5
2F4
330
17
100
AcDbEntity
  8
SLOTS
100
AcDbCircle
 10
23.09498274168045
 20
10.7262220787323
 30
0.0
 40
0.125
100
AcDbArc
 50
123.76093471053827
 51
303.76093471053827
  0
LINE
  5
2F5
330
17
100
AcDbEntity
  8
SLOTS
100
AcDbLine
 10
23.56396681324134
 20
12.092204481892514
 30
0.0
 11
23.60038903391813
 21
12.116551087426704
 31
0.0
  0
LINE
  5
2F6
330
17
100
AcDbEntity
  8
SLOTS
100
AcDbLine
 10
23.739321260451643
 20
11.908710195323057
 30
0.0
 11
23.702899039774852
 21
11.884363589788867
 31
0.0
  0
ARC
  5
2F7
330
17
100
AcDbEntity
  8
SLOTS
100
AcDbCircle
 10
23.669855147184887
 20
12.01263064137488
 30
0.0
 40
0.125
100
AcDbArc
 50
-56.23906528946087
 51
123.76093471053913
  0
ARC
  5
2F8
330
17
100
AcDbEntity
  8
SLOTS
100
AcDbCircle
 10
23.633432926508096
 20
11.98828403584069
 30
0.0
 40
0.125
100
AcDbArc
 50
123.76093471053913
 51
303.7609347105391
  0
LINE
  5
2F9
330
17
100
AcDbEntity
  8
SLOTS
100
AcDbLine
 10
30.61796975120062
 20
6.897848434306756
 30
0.0
 11
31.12033496549437
 21
8.355032873713373
 31
0.0
  0
LINE
  5
2FA
330
17
100
AcDbEntity
  8
SLOTS
100
AcDbLine
 10
31.35668381768787
 20
8.273551464380851
 30
0.0
 11
30.85431860339412
 21
6.816367024974234
 31
0.0
  0
ARC
  5
2FB
330
17
100
AcDbEntity
  8
SLOTS
100
AcDbCircle
 10
31.23850939159112
 20
8.314292169047112
 30
0.0
 40
0.125
100
AcDbArc
 50
-19.021663872383613
 51
160.9783361276164
  0
ARC
  5
2FC
330
17
100
AcDbEntity
  8
SLOTS
100
AcDbCircle
 10
30.73614417729737
 20
6.857107729640495
 30
0.0
 40
0.125
100
AcDbArc
 50
160.9783361276164
 51
340.9783361276164
  0
LINE
  5
2FD
330
17
100
AcDbEntity
  8
SLOTS
100
AcDbLine
 10
29.45559738424588
 20
5.827354250839273
 30
0.0
 11
30.54449338596003
 21
8.985857795039953
 31
0.0
  0
LINE
  5
2FE
330
17
100
AcDbEntity
  8
SLOTS
100
AcDbLine
 10
30.780842238153532
 20
8.904376385707431
 30
0.0
 11
29.69194623643938
 21
5.745872841506751
 31
0.0
  0
ARC
  5
2FF
330
17
100
AcDbEntity
  8
SLOTS
100
AcDbCircle
 10
30.66266781205678
 20
8.945117090373692
 30
0.0
 40
0.125
100
AcDbArc
 50
-19.0216638723836
 51
160.9783361276164
  0
ARC
  5
300
330
17
100
AcDbEntity
  8
SLOTS
100
AcDbCircle
 10
29.57377181034263
 20
5.786613546173012
 30
0.0
 40
0.125
100
AcDbArc
 50
160.9783361276164
 51
340.9783361276164
  0
LINE
  5
301
330
17
100
AcDbEntity
  8
SLOTS
100
AcDbLine
 10
28.424161789190133
 20
5.136661496946435
 30
0.0
 11
29.907576664372232
 21
9.439525253822119
 31
0.0
  0
LINE
  5
302
330
17
100
AcDbEntity
  8
SLOTS
100
AcDbLine
 10
30.143925516565734
 20
9.358043844489597
 30
0.0
 11
28.660510641383635
 21
5.0551800876139135
 31
0.0
  0
ARC
  5
303
330
17
100
AcDbEntity
  8
SLOTS
100
AcDbCircle
 10
30.025751090468983
 20
9.398784549155858
 30
0.0
 40
0.125
100
AcDbArc
 50
-19.021663872383627
 51
160.9783361276164
  0
ARC
  5
304
330
17
100
AcDbEntity
  8
SLOTS
100
AcDbCircle
 10
28.542336215286884
 20
5.095920792280174
 30
0.0
 40
0.125
100
AcDbArc
 50
160.9783361276164
 51
340.9783361276164
  0
LINE
  5
305
330
17
100
AcDbEntity
  8
SLOTS
100
AcDbLine
 10
27.58893043975784
 20
5.015088111857728
 30
0.0
 11
29.194163658809078
 21
9.671303952177233
 31
0.0
  0
LINE
  5
306
330
17
100
AcDbEntity
  8
SLOTS
100
AcDbLine
 10
29.43051251100258
 20
9.589822542844711
 30
0.0
 11
27.82527929195134
 21
4.933606702525206
 31
0.0
  0
ARC
  5
307
330
17
100
AcDbEntity
  8
SLOTS
100
AcDbCircle
 10
29.31233808490583
 20
9.630563247510972
 30
0.0
 40
0.125
100
AcDbArc
 50
-19.021663872383613
 51
160.9783361276164
  0
ARC
  5
308
330
17
100
AcDbEntity
  8
SLOTS
100
AcDbCircle
 10
27.70710486585459
 20
4.974347407191467
 30
0.0
 40
0.125
100
AcDbArc
 50
160.9783361276164
 51
340.9783361276164
  0
LINE
  5
309
330
17
100
AcDbEntity
  8
SLOTS
100
AcDbLine
 10
26.76751152032739
 20
4.933579718325768
 30
0.0
 11
28.480750653245927
 21
9.903082650532346
 31
0.0
  0
LINE
  5
30A
330
17
100
AcDbEntity
  8
SLOTS
100
AcDbLine
 10
28.71709950543943
 20
9.821601241199824
 30
0.0
 11
27.00386037252089
 21
4.852098308993246
 31
0.0
  0
ARC
  5
30B
330
17
100
AcDbEntity
  8
SLOTS
100
AcDbCircle
 10
28.598925079342678
 20
9.862341945866085
 30
0.0
 40
0.125
100
AcDbArc
 50
-19.02166387238364
 51
160.97833612761636
  0
ARC
  5
30C
330
17
100
AcDbEntity
  8
SLOTS
100
AcDbCircle
 10
26.88568594642414
 20
4.892839013659507
 30
0.0
 40
0.125
100
AcDbArc
 50
160.97833612761636
 51
340.97833612761633
  0
LINE
  5
30D
330
17
100
AcDbEntity
  8
SLOTS
100
AcDbLine
 10
26.182694693941993
 20
5.538370611660204
 30
0.0
 11
27.767337647682773
 21
10.134861348887458
 31
0.0
  0
LINE
  5
30E
330
17
100
AcDbEntity
  8
SLOTS
100
AcDbLine
 10
28.003686499876274
 20
10.053379939554937
 30
0.0
 11
26.419043546135494
 21
5.456889202327682
 31
0.0
  0
ARC
  5
30F
330
17
100
AcDbEntity
  8
SLOTS
100
AcDbCircle
 10
27.885512073779523
 20
10.094120644221197
 30
0.0
 40
0.125
100
AcDbArc
 50
-19.0216638723836
 51
160.9783361276164
  0
ARC
  5
310
330
17
100
AcDbEntity
  8
SLOTS
100
AcDbCircle
 10
26.300869120038744
 20
5.497629906993943
 30
0.0
 40
0.125
100
AcDbArc
 50
160.9783361276164
 51
340.9783361276164
  0
LINE
  5
311
330
17
100
AcDbEntity
  8
SLOTS
100
AcDbLine
 10
25.597877867556594
 20
6.143161504994642
 30
0.0
 11
27.05392464211962
 21
10.366640047242573
 31
0.0
  0
LINE
  5
312
330
17
100
AcDbEntity
  8
SLOTS
100
AcDbLine
 10
27.29027349431312
 20
10.285158637910051
 30
0.0
 11
25.834226719750095
 21
6.06168009566212
 31
0.0
  0
ARC
  5
313
330
17
100
AcDbEntity
  8
SLOTS
100
AcDbCircle
 10
27.17209906821637
 20
10.325899342576312
 30
0.0
 40
0.125
100
AcDbArc
 50
-19.0216638723836
 51
160.9783361276164
  0
ARC
  5
314
330
17
100
AcDbEntity
  8
SLOTS
100
AcDbCircle
 10
25.716052293653345
 20
6.102420800328381
 30
0.0
 40
0.125
100
AcDbArc
 50
160.9783361276164
 51
340.9783361276164
  0
LINE
  5
315
330
17
100
AcDbEntity
  8
SLOTS
100
AcDbLine
 10
25.292043232415025
 20
7.557181414162887
 30
0.0
 11
26.340511636556467
 21
10.598418745597685
 31
0.0
  0
LINE
  5
316
330
17
100
AcDbEntity
  8
SLOTS
100
AcDbLine
 10
26.57686048874997
 20
10.516937336265164
 30
0.0
 11
25.528392084608527
 21
7.475700004830365
 31
0.0
  0
ARC
  5
317
330
17
100
AcDbEntity
  8
SLOTS
100
AcDbCircle
 10
26.458686062653218
 20
10.557678040931425
 30
0.0
 40
0.125
100
AcDbArc
 50
-19.021663872383655
 51
160.97833612761633
  0
ARC
  5
318
330
17
100
AcDbEntity
  8
SLOTS
100
AcDbCircle
 10
25.410217658511776
 20
7.516440709496626
 30
0.0
 40
0.125
100
AcDbArc
 50
160.97833612761633
 51
340.97833612761633
  0
LINE
  5
319
330
17
100
AcDbEntity
  8
SLOTS
100
AcDbLine
 10
25.104873091963395
 20
9.315405201808893
 30
0.0
 11
25.627098630993316
 21
10.830197443952798
 31
0.0
  0
LINE
  5
31A
330
17
100
AcDbEntity
  8
SLOTS
100
AcDbLine
 10
25.863447483186818
 20
10.748716034620276
 30
0.0
 11
25.341221944156896
 21
9.233923792476372
 31
0.0
  0
ARC
  5
31B
330
17
100
AcDbEntity
  8
SLOTS
100
AcDbCircle
 10
25.745273057090067
 20
10.789456739286537
 30
0.0
 40
0.125
100
AcDbArc
 50
-19.021663872383684
 51
160.97833612761633
  0
ARC
  5
31C
330
17
100
AcDbEntity
  8
SLOTS
100
AcDbCircle
 10
25.223047518060145
 20
9.274664497142632
 30
0.0
 40
0.125
100
AcDbArc
 50
160.97833612761633
 51
340.97833612761633
  0
LINE
  5
31D
330
17
100
AcDbEntity
  8
SLOTS
100
AcDbLine
 10
23.904282767035824
 20
14.023431828377614
 30
0.0
 11
23.532569398368864
 21
13.602238887185184
 31
0.0
  0
LINE
  5
31E
330
17
100
AcDbEntity
  8
SLOTS
100
AcDbLine
 10
23.34512595063091
 20
13.767662446269458
 30
0.0
 11
23.71683931929787
 21
14.188855387461889
 31
0.0
  0
ARC
  5
31F
330
17
100
AcDbEntity
  8
SLOTS
100
AcDbCircle
 10
23.438847674499886
 20
13.684950666727321
 30
0.0
 40
0.125
100
AcDbArc
 50
-221.42921323546827
 51
-41.42921323546827
  0
ARC
  5
320
330
17
100
AcDbEntity
  8
SLOTS
100
AcDbCircle
 10
23.810561043166846
 20
14.106143607919751
 30
0.0
 40
0.125
100
AcDbArc
 50
-41.42921323546827
 51
138.57078676453173
  0
LINE
  5
321
330
17
100
AcDbEntity
  8
SLOTS
100
AcDbLine
 10
25.04032280554497
 20
14.1772385879913
 30
0.0
 11
23.910285638139847
 21
12.896779722863501
 31
0.0
  0
LINE
  5
322
330
17
100
AcDbEntity
  8
SLOTS
100
AcDbLine
 10
23.72284219040189
 20
13.062203281947776
 30
0.0
 11
24.852879357807016
 21
14.342662147075574
 31
0.0
  0
ARC
  5
323
330
17
100
AcDbEntity
  8
SLOTS
100
AcDbCircle
 10
23.81656391427087
 20
12.979491502405638
 30
0.0
 40
0.125
100
AcDbArc
 50
-221.42921323546832
 51
-41.429213235468325
  0
ARC
  5
324
330
17
100
AcDbEntity
  8
SLOTS
100
AcDbCircle
 10
24.946601081675993
 20
14.259950367533436
 30
0.0
 40
0.125
100
AcDbArc
 50
-41.429213235468325
 51
138.57078676453168
  0
LINE
  5
325
330
17
100
AcDbEntity
  8
SLOTS
100
AcDbLine
 10
26.17636284405412
 20
14.331045347604984
 30
0.0
 11
24.412648129274785
 21
12.332558742707405
 31
0.0
  0
LINE
  5
326
330
17
100
AcDbEntity
  8
SLOTS
100
AcDbLine
 10
24.22520468153683
 20
12.49798230179168
 30
0.0
 11
25.988919396316163
 21
14.496468906689259
 31
0.0
  0
ARC
  5
327
330
17
100
AcDbEntity
  8
SLOTS
100
AcDbCircle
 10
24.318926405405808
 20
12.415270522249543
 30
0.0
 40
0.125
100
AcDbArc
 50
-221.42921323546832
 51
-41.429213235468325
  0
ARC
  5
328
330
17
100
AcDbEntity
  8
SLOTS
100
AcDbCircle
 10
26.08264112018514
 20
14.413757127147122
 30
0.0
 40
0.125
100
AcDbArc
 50
-41.429213235468325
 51
138.57078676453168
  0
LINE
  5
329
330
17
100
AcDbEntity
  8
SLOTS
100
AcDbLine
 10
27.312402882563276
 20
14.484852107218671
 30
0.0
 11
24.93365731755242
 21
11.789466561984113
 31
0.0
  0
LINE
  5
32A
330
17
100
AcDbEntity
  8
SLOTS
100
AcDbLine
 10
24.746213869814465
 20
11.954890121068388
 30
0.0
 11
27.12495943482532
 21
14.650275666302946
 31
0.0
  0
ARC
  5
32B
330
17
100
AcDbEntity
  8
SLOTS
100
AcDbCircle
 10
24.839935593683443
 20
11.87217834152625
 30
0.0
 40
0.125
100
AcDbArc
 50
-221.4292132354684
 51
-41.42921323546841
  0
ARC
  5
32C
330
17
100
AcDbEntity
  8
SLOTS
100
AcDbCircle
 10
27.2186811586943
 20
14.567563886760809
 30
0.0
 40
0.125
100
AcDbArc
 50
-41.42921323546841
 51
138.5707867645316
  0
LINE
  5
32D
330
17
100
AcDbEntity
  8
SLOTS
100
AcDbLine
 10
28.44844292107242
 20
14.638658866832357
 30
0.0
 11
25.711061009773797
 21
11.536898113589633
 31
0.0
  0
LINE
  5
32E
330
17
100
AcDbEntity
  8
SLOTS
100
AcDbLine
 10
25.52361756203584
 20
11.702321672673907
 30
0.0
 11
28.260999473334465
 21
14.804082425916631
 31
0.0
  0
ARC
  5
32F
330
17
100
AcDbEntity
  8
SLOTS
100
AcDbCircle
 10
25.61733928590482
 20
11.61960989313177
 30
0.0
 40
0.125
100
AcDbArc
 50
-221.42921323546838
 51
-41.42921323546838
  0
ARC
  5
330
330
17
100
AcDbEntity
  8
SLOTS
100
AcDbCircle
 10
28.354721197203443
 20
14.721370646374494
 30
0.0
 40
0.125
100
AcDbArc
 50
-41.42921323546838
 51
138.57078676453162
  0
LINE
  5
331
330
17
100
AcDbEntity
  8
SLOTS
100
AcDbLine
 10
29.58448295958157
 20
14.792465626446042
 30
0.0
 11
26.488464701995177
 21
11.284329665195148
 31
0.0
  0
LINE
  5
332
330
17
100
AcDbEntity
  8
SLOTS
100
AcDbLine
 10
26.301021254257222
 20
11.449753224279423
 30
0.0
 11
29.397039511843616
 21
14.957889185530316
 31
0.0
  0
ARC
  5
333
330
17
100
AcDbEntity
  8
SLOTS
100
AcDbCircle
 10
26.3947429781262
 20
11.367041444737286
 30
0.0
 40
0.125
100
AcDbArc
 50
-221.42921323546835
 51
-41.42921323546835
  0
ARC
  5
334
330
17
100
AcDbEntity
  8
SLOTS
100
AcDbCircle
 10
29.490761235712593
 20
14.875177405988179
 30
0.0
 40
0.125
100
AcDbArc
 50
-41.42921323546835
 51
138.57078676453165
  0
LINE
  5
335
330
17
100
AcDbEntity
  8
SLOTS
100
AcDbLine
 10
30.575574983098555
 20
14.782030026487087
 30
0.0
 11
27.265868394216557
 21
11.031761216800666
 31
0.0
  0
LINE
  5
336
330
17
100
AcDbEntity
  8
SLOTS
100
AcDbLine
 10
27.078424946478602
 20
11.19718477588494
 30
0.0
 11
30.3881315353606
 21
14.947453585571362
 31
0.0
  0
ARC
  5
337
330
17
100
AcDbEntity
  8
SLOTS
100
AcDbCircle
 10
27.17214667034758
 20
11.114472996342803
 30
0.0
 40
0.125
100
AcDbArc
 50
-221.42921323546838
 51
-41.42921323546838
  0
ARC
  5
338
330
17
100
AcDbEntity
  8
SLOTS
100
AcDbCircle
 10
30.481853259229577
 20
14.864741806029224
 30
0.0
 40
0.125
100
AcDbArc
 50
-41.42921323546838
 51
138.57078676453162
  0
LINE
  5
339
330
17
100
AcDbEntity
  8
SLOTS
100
AcDbLine
 10
30.941655948224984
 20
14.06338679088302
 30
0.0
 11
28.043272086437934
 21
10.779192768406183
 31
0.0
  0
LINE
  5
33A
330
17
100
AcDbEntity
  8
SLOTS
100
AcDbLine
 10
27.85582863869998
 20
10.944616327490458
 30
0.0
 11
30.75421250048703
 21
14.228810349967295
 31
0.0
  0
ARC
  5
33B
330
17
100
AcDbEntity
  8
SLOTS
100
AcDbCircle
 10
27.949550362568957
 20
10.86190454794832
 30
0.0
 40
0.125
100
AcDbArc
 50
-221.42921323546835
 51
-41.42921323546835
  0
ARC
  5
33C
330
17
100
AcDbEntity
  8
SLOTS
100
AcDbCircle
 10
30.847934224356006
 20
14.146098570425158
 30
0.0
 40
0.125
100
AcDbArc
 50
-41.42921323546835
 51
138.57078676453165
  0
LINE
  5
33D
330
17
100
AcDbEntity
  8
SLOTS
100
AcDbLine
 10
30.738333678244828
 20
12.699545820854972
 30
0.0
 11
28.820675778659314
 21
10.5266243200117
 31
0.0
  0
LINE
  5
33E
330
17
100
AcDbEntity
  8
SLOTS
100
AcDbLine
 10
28.63323233092136
 20
10.692047879095975
 30
0.0
 11
30.550890230506873
 21
12.864969379939247
 31
0.0
  0
ARC
  5
33F
330
17
100
AcDbEntity
  8
SLOTS
100
AcDbCircle
 10
28.726954054790337
 20
10.609336099553838
 30
0.0
 40
0.125
100
AcDbArc
 50
-221.42921323546835
 51
-41.42921323546835
  0
ARC
  5
340
330
17
100
AcDbEntity
  8
SLOTS
100
AcDbCircle
 10
30.64461195437585
 20
12.78225760039711
 30
0.0
 40
0.125
100
AcDbArc
 50
-41.42921323546835
 51
138.57078676453165
  0
LINE
  5
341
330
17
100
AcDbEntity
  8
SLOTS
100
AcDbLine
 10
30.535011408264673
 20
11.335704850826927
 30
0.0
 11
29.59807947088069
 21
10.274055871617218
 31
0.0
  0
LINE
  5
342
330
17
100
AcDbEntity
  8
SLOTS
100
AcDbLine
 10
29.410636023142736
 20
10.439479430701493
 30
0.0
 11
30.347567960526717
 21
11.501128409911201
 31
0.0
  0
ARC
  5
343
330
17
100
AcDbEntity
  8
SLOTS
100
AcDbCircle
 10
29.504357747011714
 20
10.356767651159355
 30
0.0
 40
0.125
100
AcDbArc
 50
-221.42921323546835
 51
-41.42921323546835
  0
ARC
  5
344
330
17
100
AcDbEntity
  8
SLOTS
100
AcDbCircle
 10
30.441289684395695
 20
11.418416630369064
 30
0.0
 40
0.125
100
AcDbArc
 50
-41.42921323546835
 51
138.57078676453165
  0
LINE
  5
345
330
17
100
AcDbEntity
  8
SLOTS
100
AcDbLine
 10
17.759560706702967
 20
11.043203461911535
 30
0.0
 11
17.354204735798728
 21
12.574591212799438
 31
0.0
  0
LINE
  5
346
330
17
100
AcDbEntity
  8
SLOTS
100
AcDbLine
 10
17.59588148682656
 20
12.638562675285714
 30
0.0
 11
18.0012374577308
 21
11.10717492439781
 31
0.0
  0
ARC
  5
347
330
17
100
AcDbEntity
  8
SLOTS
100
AcDbCircle
 10
17.475043111312644
 20
12.606576944042576
 30
0.0
 40
0.125
100
AcDbArc
 50
14.826082252847485
 51
194.82608225284747
  0
ARC
  5
348
330
17
100
AcDbEntity
  8
SLOTS
100
AcDbCircle
 10
17.880399082216883
 20
11.075189193154673
 30
0.0
 40
0.125
100
AcDbArc
 50
194.82608225284747
 51
374.82608225284747
  0
LINE
  5
349
330
17
100
AcDbEntity
  8
SLOTS
100
AcDbLine
 10
17.346540602982095
 20
9.672550989453654
 30
0.0
 11
16.533461719683885
 21
12.744268521110865
 31
0.0
  0
LINE
  5
34A
330
17
100
AcDbEntity
  8
SLOTS
100
AcDbLine
 10
16.77513847071171
 20
12.80823998359714
 30
0.0
 11
17.58821735400992
 21
9.73652245193993
 31
0.0
  0
ARC
  5
34B
330
17
100
AcDbEntity
  8
SLOTS
100
AcDbCircle
 10
16.654300095197797
 20
12.776254252354002
 30
0.0
 40
0.125
100
AcDbArc
 50
14.826082252847655
 51
194.82608225284764
  0
ARC
  5
34C
330
17
100
AcDbEntity
  8
SLOTS
100
AcDbCircle
 10
17.467378978496008
 20
9.704536720696792
 30
0.0
 40
0.125
100
AcDbArc
 50
194.82608225284764
 51
374.82608225284764
  0
LINE
  5
34D
330
17
100
AcDbEntity
  8
SLOTS
100
AcDbLine
 10
16.93352049926121
 20
8.301898516995767
 30
0.0
 11
15.712718703569035
 21
12.913945829422294
 31
0.0
  0
LINE
  5
34E
330
17
100
AcDbEntity
  8
SLOTS
100
AcDbLine
 10
15.954395454596863
 20
12.97791729190857
 30
0.0
 11
17.17519725028904
 21
8.365869979482042
 31
0.0
  0
ARC
  5
34F
330
17
100
AcDbEntity
  8
SLOTS
100
AcDbCircle
 10
15.833557079082949
 20
12.945931560665432
 30
0.0
 40
0.125
100
AcDbArc
 50
14.826082252847613
 51
194.8260822528476
  0
ARC
  5
350
330
17
100
AcDbEntity
  8
SLOTS
100
AcDbCircle
 10
17.054358874775126
 20
8.333884248238904
 30
0.0
 40
0.125
100
AcDbArc
 50
194.8260822528476
 51
374.82608225284764
  0
LINE
  5
351
330
17
100
AcDbEntity
  8
SLOTS
100
AcDbLine
 10
16.52050039554033
 20
6.931246044537886
 30
0.0
 11
14.891975687454188
 21
13.083623137733722
 31
0.0
  0
LINE
  5
352
330
17
100
AcDbEntity
  8
SLOTS
100
AcDbLine
 10
15.133652438482017
 20
13.147594600219998
 30
0.0
 11
16.762177146568163
 21
6.995217507024162
 31
0.0
  0
ARC
  5
353
330
17
100
AcDbEntity
  8
SLOTS
100
AcDbCircle
 10
15.012814062968102
 20
13.11560886897686
 30
0.0
 40
0.125
100
AcDbArc
 50
14.826082252847627
 51
194.82608225284764
  0
ARC
  5
354
330
17
100
AcDbEntity
  8
SLOTS
100
AcDbCircle
 10
16.641338771054247
 20
6.963231775781024
 30
0.0
 40
0.125
100
AcDbArc
 50
194.82608225284764
 51
374.82608225284764
  0
LINE
  5
355
330
17
100
AcDbEntity
  8
SLOTS
100
AcDbLine
 10
16.10748029181945
 20
5.5605935720799975
 30
0.0
 11
14.154834180392067
 21
12.937463660334316
 31
0.0
  0
LINE
  5
356
330
17
100
AcDbEntity
  8
SLOTS
100
AcDbLine
 10
14.396510931419895
 20
13.001435122820592
 30
0.0
 11
16.34915704284728
 21
5.624565034566273
 31
0.0
  0
ARC
  5
357
330
17
100
AcDbEntity
  8
SLOTS
100
AcDbCircle
 10
14.275672555905981
 20
12.969449391577454
 30
0.0
 40
0.125
100
AcDbArc
 50
14.826082252847613
 51
194.8260822528476
  0
ARC
  5
358
330
17
100
AcDbEntity
  8
SLOTS
100
AcDbCircle
 10
16.228318667333365
 20
5.592579303323135
 30
0.0
 40
0.125
100
AcDbArc
 50
194.8260822528476
 51
374.82608225284764
  0
LINE
  5
359
330
17
100
AcDbEntity
  8
SLOTS
100
AcDbLine
 10
15.684297317409154
 20
4.228335244040211
 30
0.0
 11
13.45117466179091
 21
12.664813121534952
 31
0.0
  0
LINE
  5
35A
330
17
100
AcDbEntity
  8
SLOTS
100
AcDbLine
 10
13.692851412818738
 20
12.728784584021227
 30
0.0
 11
15.925974068436982
 21
4.292306706526486
 31
0.0
  0
ARC
  5
35B
330
17
100
AcDbEntity
  8
SLOTS
100
AcDbCircle
 10
13.572013037304824
 20
12.69679885277809
 30
0.0
 40
0.125
100
AcDbArc
 50
14.826082252847613
 51
194.8260822528476
  0
ARC
  5
35C
330
17
100
AcDbEntity
  8
SLOTS
100
AcDbCircle
 10
15.805135692923068
 20
4.260320975283348
 30
0.0
 40
0.125
100
AcDbArc
 50
194.8260822528476
 51
374.82608225284764
  0
LINE
  5
35D
330
17
100
AcDbEntity
  8
SLOTS
100
AcDbLine
 10
14.920471119126924
 20
4.182987428991658
 30
0.0
 11
13.316745742905825
 21
10.241675528378877
 31
0.0
  0
LINE
  5
35E
330
17
100
AcDbEntity
  8
SLOTS
100
AcDbLine
 10
13.558422493933653
 20
10.305646990865153
 30
0.0
 11
15.162147870154753
 21
4.2469588914779335
 31
0.0
  0
ARC
  5
35F
330
17
100
AcDbEntity
  8
SLOTS
100
AcDbCircle
 10
13.437584118419739
 20
10.273661259622015
 30
0.0
 40
0.125
100
AcDbArc
 50
14.826082252847613
 51
194.8260822528476
  0
ARC
  5
360
330
17
100
AcDbEntity
  8
SLOTS
100
AcDbCircle
 10
15.041309494640839
 20
4.214973160234796
 30
0.0
 40
0.125
100
AcDbArc
 50
194.8260822528476
 51
374.82608225284764
  0
LINE
  5
361
330
17
100
AcDbEntity
  8
SLOTS
100
AcDbLine
 10
14.156644920844695
 20
4.137639613943104
 30
0.0
 11
13.325752798352415
 21
7.276653493165111
 31
0.0
  0
LINE
  5
362
330
17
100
AcDbEntity
  8
SLOTS
100
AcDbLine
 10
13.567429549380243
 20
7.3406249556513865
 30
0.0
 11
14.398321671872523
 21
4.20161107642938
 31
0.0
  0
ARC
  5
363
330
17
100
AcDbEntity
  8
SLOTS
100
AcDbCircle
 10
13.446591173866329
 20
7.308639224408249
 30
0.0
 40
0.125
100
AcDbArc
 50
14.826082252847613
 51
194.8260822528476
  0
ARC
  5
364
330
17
100
AcDbEntity
  8
SLOTS
100
AcDbCircle
 10
14.277483296358609
 20
4.169625345186242
 30
0.0
 40
0.125
100
AcDbArc
 50
194.8260822528476
 51
374.82608225284764
  0
LINE
  5
365
330
17
100
AcDbEntity
  8
SLOTS
100
AcDbLine
 10
13.392818722562465
 20
4.092291798894552
 30
0.0
 11
13.334759853799003
 21
4.311631457951352
 31
0.0
  0
LINE
  5
366
330
17
100
AcDbEntity
  8
SLOTS
100
AcDbLine
 10
13.576436604826831
 20
4.375602920437627
 30
0.0
 11
13.634495473590293
 21
4.156263261380827
 31
0.0
  0
ARC
  5
367
330
17
100
AcDbEntity
  8
SLOTS
100
AcDbCircle
 10
13.455598229312917
 20
4.3436171891944895
 30
0.0
 40
0.125
100
AcDbArc
 50
14.826082252847513
 51
194.82608225284753
  0
ARC
  5
368
330
17
100
AcDbEntity
  8
SLOTS
100
AcDbCircle
 10
13.51365709807638
 20
4.1242775301376895
 30
0.0
 40
0.125
100
AcDbArc
 50
194.82608225284753
 51
374.8260822528475
  0
LINE
  5
369
330
17
100
AcDbEntity
  8
SLOTS
100
AcDbLine
 10
15.579107389742534
 20
14.354312911966831
 30
0.0
 11
18.939048752776397
 21
13.294558766322945
 31
0.0
  0
LINE
  5
36A
330
17
100
AcDbEntity
  8
SLOTS
100
AcDbLine
 10
18.8638485058467
 20
13.056137033123742
 30
0.0
 11
15.503907142812833
 21
14.115891178767628
 31
0.0
  0
ARC
  5
36B
330
17
100
AcDbEntity
  8
SLOTS
100
AcDbCircle
 10
18.90144862931155
 20
13.175347899723343
 30
0.0
 40
0.125
100
AcDbArc
 50
-107.50571864511141
 51
72.49428135488859
  0
ARC
  5
36C
330
17
100
AcDbEntity
  8
SLOTS
100
AcDbCircle
 10
15.541507266277684
 20
14.23510204536723
 30
0.0
 40
0.125
100
AcDbArc
 50
72.49428135488859
 51
252.49428135488859
  0
LINE
  5
36D
330
17
100
AcDbEntity
  8
SLOTS
100
AcDbLine
 10
15.81641418110774
 20
15.065885923431749
 30
0.0
 11
20.06108797439306
 21
13.7270796279319
 31
0.0
  0
LINE
  5
36E
330
17
100
AcDbEntity
  8
SLOTS
100
AcDbLine
 10
19.985887727463364
 20
13.488657894732697
 30
0.0
 11
15.74121393417804
 21
14.827464190232545
 31
0.0
  0
ARC
  5
36F
330
17
100
AcDbEntity
  8
SLOTS
100
AcDbCircle
 10
20.023487850928213
 20
13.607868761332298
 30
0.0
 40
0.125
100
AcDbArc
 50
-107.50571864511141
 51
72.49428135488859
  0
ARC
  5
370
330
17
100
AcDbEntity
  8
SLOTS
100
AcDbCircle
 10
15.77881405764289
 20
14.946675056832147
 30
0.0
 40
0.125
100
AcDbArc
 50
72.49428135488859
 51
252.49428135488859
  0
LINE
  5
371
330
17
100
AcDbEntity
  8
SLOTS
100
AcDbLine
 10
16.053720972472945
 20
15.777458934896663
 30
0.0
 11
21.18312719600972
 21
14.159600489540853
 31
0.0
  0
LINE
  5
372
330
17
100
AcDbEntity
  8
SLOTS
100
AcDbLine
 10
21.107926949080024
 20
13.92117875634165
 30
0.0
 11
15.978520725543246
 21
15.53903720169746
 31
0.0
  0
ARC
  5
373
330
17
100
AcDbEntity
  8
SLOTS
100
AcDbCircle
 10
21.145527072544873
 20
14.040389622941252
 30
0.0
 40
0.125
100
AcDbArc
 50
-107.5057186451114
 51
72.4942813548886
  0
ARC
  5
374
330
17
100
AcDbEntity
  8
SLOTS
100
AcDbCircle
 10
16.016120849008097
 20
15.65824806829706
 30
0.0
 40
0.125
100
AcDbArc
 50
72.4942813548886
 51
252.49428135488859
  0
LINE
  5
375
330
17
100
AcDbEntity
  8
SLOTS
100
AcDbLine
 10
16.29102776383815
 20
16.489031946361578
 30
0.0
 11
22.305166417626385
 21
14.592121351149807
 31
0.0
  0
LINE
  5
376
330
17
100
AcDbEntity
  8
SLOTS
100
AcDbLine
 10
22.229966170696688
 20
14.353699617950603
 30
0.0
 11
16.215827516908455
 21
16.250610213162375
 31
0.0
  0
ARC
  5
377
330
17
100
AcDbEntity
  8
SLOTS
100
AcDbCircle
 10
22.267566294161536
 20
14.472910484550205
 30
0.0
 40
0.125
100
AcDbArc
 50
-107.50571864511141
 51
72.49428135488859
  0
ARC
  5
378
330
17
100
AcDbEntity
  8
SLOTS
100
AcDbCircle
 10
16.253427640373303
 20
16.369821079761977
 30
0.0
 40
0.125
100
AcDbArc
 50
72.49428135488859
 51
252.49428135488859
  0
LINE
  5
379
330
17
100
AcDbEntity
  8
SLOTS
100
AcDbLine
 10
16.528334555203358
 20
17.200604957826496
 30
0.0
 11
22.051074642415234
 21
15.458685659136199
 31
0.0
  0
LINE
  5
37A
330
17
100
AcDbEntity
  8
SLOTS
100
AcDbLine
 10
21.975874395485537
 20
15.220263925936996
 30
0.0
 11
16.45313430827366
 21
16.962183224627292
 31
0.0
  0
ARC
  5
37B
330
17
100
AcDbEntity
  8
SLOTS
100
AcDbCircle
 10
22.013474518950385
 20
15.339474792536597
 30
0.0
 40
0.125
100
AcDbArc
 50
-107.50571864511143
 51
72.49428135488857
  0
ARC
  5
37C
330
17
100
AcDbEntity
  8
SLOTS
100
AcDbCircle
 10
16.49073443173851
 20
17.081394091226894
 30
0.0
 40
0.125
100
AcDbArc
 50
72.49428135488857
 51
252.49428135488856
  0
LINE
  5
37D
330
17
100
AcDbEntity
  8
SLOTS
100
AcDbLine
 10
16.76564134656856
 20
17.91217796929141
 30
0.0
 11
21.793437228695197
 21
16.326368291730898
 31
0.0
  0
LINE
  5
37E
330
17
100
AcDbEntity
  8
SLOTS
100
AcDbLine
 10
21.7182369817655
 20
16.087946558531694
 30
0.0
 11
16.690441099638864
 21
17.673756236092206
 31
0.0
  0
ARC
  5
37F
330
17
100
AcDbEntity
  8
SLOTS
100
AcDbCircle
 10
21.75583710523035
 20
16.207157425131296
 30
0.0
 40
0.125
100
AcDbArc
 50
-107.50571864511141
 51
72.49428135488859
  0
ARC
  5
380
330
17
100
AcDbEntity
  8
SLOTS
100
AcDbCircle
 10
16.728041223103713
 20
17.792967102691808
 30
0.0
 40
0.125
100
AcDbArc
 50
72.49428135488859
 51
252.49428135488859
  0
LINE
  5
381
330
17
100
AcDbEntity
  8
SLOTS
100
AcDbLine
 10
17.00294813793377
 20
18.623750980756327
 30
0.0
 11
19.35235234309182
 21
17.882728868405753
 31
0.0
  0
LINE
  5
382
330
17
100
AcDbEntity
  8
SLOTS
100
AcDbLine
 10
19.277152096162123
 20
17.64430713520655
 30
0.0
 11
16.927747891004074
 21
18.385329247557124
 31
0.0
  0
ARC
  5
383
330
17
100
AcDbEntity
  8
SLOTS
100
AcDbCircle
 10
19.31475221962697
 20
17.76351800180615
 30
0.0
 40
0.125
100
AcDbArc
 50
-107.50571864511141
 51
72.49428135488859
  0
ARC
  5
384
330
17
100
AcDbEntity
  8
SLOTS
100
AcDbCircle
 10
16.965348014468923
 20
18.504540114156725
 30
0.0
 40
0.125
100
AcDbArc
 50
72.49428135488859
 51
252.49428135488859
  0
LINE
  5
385
330
17
100
AcDbEntity
  8
SLOTS
100
AcDbLine
 10
29.70414908528104
 20
29.768861395778835
 30
0.0
 11
28.861391544367784
 21
29.244594503825073
 31
0.0
  0
LINE
  5
386
330
17
100
AcDbEntity
  8
SLOTS
100
AcDbLine
 10
28.729337060248803
 20
29.456871712267404
 30
0.0
 11
29.572094601162057
 21
29.981138604221165
 31
0.0
  0
ARC
  5
387
330
17
100
AcDbEntity
  8
SLOTS
100
AcDbCircle
 10
28.795364302308293
 20
29.35073310804624
 30
0.0
 40
0.125
100
AcDbArc
 50
-238.11487313363733
 51
-58.11487313363733
  0
ARC
  5
388
330
17
100
AcDbEntity
  8
SLOTS
100
AcDbCircle
 10
29.638121843221548
 20
29.875
 30
0.0
 40
0.125
100
AcDbArc
 50
-58.11487313363733
 51
121.88512686636267
  0
LINE
  5
389
330
17
100
AcDbEntity
  8
SLOTS
100
AcDbLine
 10
31.12401756798293
 20
29.768861395778835
 30
0.0
 11
29.21718988907615
 21
28.582652347291948
 31
0.0
  0
LINE
  5
38A
330
17
100
AcDbEntity
  8
SLOTS
100
AcDbLine
 10
29.085135404957168
 20
28.794929555734278
 30
0.0
 11
30.991963083863947
 21
29.981138604221165
 31
0.0
  0
ARC
  5
38B
330
17
100
AcDbEntity
  8
SLOTS
100
AcDbCircle
 10
29.15116264701666
 20
28.688790951513113
 30
0.0
 40
0.125
100
AcDbArc
 50
-238.11487313363736
 51
-58.11487313363736
  0
ARC
  5
38C
330
17
100
AcDbEntity
  8
SLOTS
100
AcDbCircle
 10
31.057990325923438
 20
29.875
 30
0.0
 40
0.125
100
AcDbArc
 50
-58.11487313363736
 51
121.88512686636264
  0
LINE
  5
38D
330
17
100
AcDbEntity
  8
SLOTS
100
AcDbLine
 10
32.54388605068481
 20
29.768861395778835
 30
0.0
 11
29.572988233784514
 21
27.92071019075882
 31
0.0
  0
LINE
  5
38E
330
17
100
AcDbEntity
  8
SLOTS
100
AcDbLine
 10
29.440933749665533
 20
28.132987399201152
 30
0.0
 11
32.41183156656583
 21
29.981138604221165
 31
0.0
  0
ARC
  5
38F
330
17
100
AcDbEntity
  8
SLOTS
100
AcDbCircle
 10
29.506960991725023
 20
28.026848794979987
 30
0.0
 40
0.125
100
AcDbArc
 50
-238.11487313363733
 51
-58.11487313363733
  0
ARC
  5
390
330
17
100
AcDbEntity
  8
SLOTS
100
AcDbCircle
 10
32.47785880862532
 20
29.875
 30
0.0
 40
0.125
100
AcDbArc
 50
-58.11487313363733
 51
121.88512686636267
  0
LINE
  5
391
330
17
100
AcDbEntity
  8
SLOTS
100
AcDbLine
 10
32.50690067378806
 20
28.862574346510844
 30
0.0
 11
29.92878657849288
 21
27.258768034225696
 31
0.0
  0
LINE
  5
392
330
17
100
AcDbEntity
  8
SLOTS
100
AcDbLine
 10
29.796732094373898
 20
27.471045242668026
 30
0.0
 11
32.37484618966908
 21
29.074851554953174
 31
0.0
  0
ARC
  5
393
330
17
100
AcDbEntity
  8
SLOTS
100
AcDbCircle
 10
29.86275933643339
 20
27.36490663844686
 30
0.0
 40
0.125
100
AcDbArc
 50
-238.11487313363733
 51
-58.11487313363733
  0
ARC
  5
394
330
17
100
AcDbEntity
  8
SLOTS
100
AcDbCircle
 10
32.44087343172857
 20
28.96871295073201
 30
0.0
 40
0.125
100
AcDbArc
 50
-58.11487313363733
 51
121.88512686636267
  0
LINE
  5
395
330
17
100
AcDbEntity
  8
SLOTS
100
AcDbLine
 10
32.313592751804364
 20
27.85904137433338
 30
0.0
 11
30.284584923201244
 21
26.59682587769257
 31
0.0
  0
LINE
  5
396
330
17
100
AcDbEntity
  8
SLOTS
100
AcDbLine
 10
30.152530439082263
 20
26.8091030861349
 30
0.0
 11
32.18153826768538
 21
28.07131858277571
 31
0.0
  0
ARC
  5
397
330
17
100
AcDbEntity
  8
SLOTS
100
AcDbCircle
 10
30.218557681141753
 20
26.702964481913735
 30
0.0
 40
0.125
100
AcDbArc
 50
-238.11487313363725
 51
-58.114873133637246
  0
ARC
  5
398
330
17
100
AcDbEntity
  8
SLOTS
100
AcDbCircle
 10
32.247565509744874
 20
27.965179978554545
 30
0.0
 40
0.125
100
AcDbArc
 50
-58.114873133637246
 51
121.88512686636275
  0
LINE
  5
399
330
17
100
AcDbEntity
  8
SLOTS
100
AcDbLine
 10
32.120284829820676
 20
26.855508402155916
 30
0.0
 11
30.640383267909606
 21
25.934883721159448
 31
0.0
  0
LINE
  5
39A
330
17
100
AcDbEntity
  8
SLOTS
100
AcDbLine
 10
30.508328783790624
 20
26.147160929601778
 30
0.0
 11
31.988230345701695
 21
27.067785610598246
 31
0.0
  0
ARC
  5
39B
330
17
100
AcDbEntity
  8
SLOTS
100
AcDbCircle
 10
30.574356025850115
 20
26.041022325380613
 30
0.0
 40
0.125
100
AcDbArc
 50
-238.11487313363733
 51
-58.11487313363733
  0
ARC
  5
39C
330
17
100
AcDbEntity
  8
SLOTS
100
AcDbCircle
 10
32.054257587761185
 20
26.96164700637708
 30
0.0
 40
0.125
100
AcDbArc
 50
-58.11487313363733
 51
121.88512686636267
  0
LINE
  5
39D
330
17
100
AcDbEntity
  8
SLOTS
100
AcDbLine
 10
31.926976907836984
 20
25.851975429978452
 30
0.0
 11
30.99618161261797
 21
25.272941564626322
 31
0.0
  0
LINE
  5
39E
330
17
100
AcDbEntity
  8
SLOTS
100
AcDbLine
 10
30.86412712849899
 20
25.485218773068652
 30
0.0
 11
31.794922423718003
 21
26.064252638420783
 31
0.0
  0
ARC
  5
39F
330
17
100
AcDbEntity
  8
SLOTS
100
AcDbCircle
 10
30.93015437055848
 20
25.379080168847487
 30
0.0
 40
0.125
100
AcDbArc
 50
-238.11487313363722
 51
-58.11487313363722
  0
ARC
  5
3A0
330
17
100
AcDbEntity
  8
SLOTS
100
AcDbCircle
 10
31.860949665777493
 20
25.958114034199617
 30
0.0
 40
0.125
100
AcDbArc
 50
-58.11487313363722
 51
121.88512686636278
  0
LINE
  5
3A1
330
17
100
AcDbEntity
  8
SLOTS
100
AcDbLine
 10
31.733668985853296
 20
24.848442457800985
 30
0.0
 11
31.351979957326336
 21
24.610999408093196
 31
0.0
  0
LINE
  5
3A2
330
17
100
AcDbEntity
  8
SLOTS
100
AcDbLine
 10
31.219925473207354
 20
24.823276616535527
 30
0.0
 11
31.601614501734314
 21
25.060719666243315
 31
0.0
  0
ARC
  5
3A3
330
17
100
AcDbEntity
  8
SLOTS
100
AcDbCircle
 10
31.285952715266845
 20
24.71713801231436
 30
0.0
 40
0.125
100
AcDbArc
 50
-238.11487313363733
 51
-58.11487313363733
  0
ARC
  5
3A4
330
17
100
AcDbEntity
  8
SLOTS
100
AcDbCircle
 10
31.667641743793805
 20
24.95458106202215
 30
0.0
 40
0.125
100
AcDbArc
 50
-58.11487313363733
 51
121.88512686636267
  0
LINE
  5
3A5
330
17
100
AcDbEntity
  8
SLOTS
100
AcDbLine
 10
33.17216093223525
 20
19.521062230358954
 30
0.0
 11
33.54125370072839
 21
20.67861183619821
 31
0.0
  0
LINE
  5
3A6
330
17
100
AcDbEntity
  8
SLOTS
100
AcDbLine
 10
33.779438637253946
 20
20.60266490727862
 30
0.0
 11
33.41034586876081
 21
19.445115301439362
 31
0.0
  0
ARC
  5
3A7
330
17
100
AcDbEntity
  8
SLOTS
100
AcDbCircle
 10
33.66034616899117
 20
20.640638371738415
 30
0.0
 40
0.125
100
AcDbArc
 50
-17.68524484302465
 51
162.31475515697537
  0
ARC
  5
3A8
330
17
100
AcDbEntity
  8
SLOTS
100
AcDbCircle
 10
33.29125340049803
 20
19.483088765899158
 30
0.0
 40
0.125
100
AcDbArc
 50
162.31475515697537
 51
342.31475515697537
  0
LINE
  5
3A9
330
17
100
AcDbEntity
  8
SLOTS
100
AcDbLine
 10
31.663092842851125
 20
17.257148606350217
 30
0.0
 11
32.995509346012014
 21
21.435876367244486
 31
0.0
  0
LINE
  5
3AA
330
17
100
AcDbEntity
  8
SLOTS
100
AcDbLine
 10
33.23369428253757
 20
21.359929438324894
 30
0.0
 11
31.90127777937668
 21
17.181201677430625
 31
0.0
  0
ARC
  5
3AB
330
17
100
AcDbEntity
  8
SLOTS
100
AcDbCircle
 10
33.11460181427479
 20
21.39790290278469
 30
0.0
 40
0.125
100
AcDbArc
 50
-17.68524484302472
 51
162.31475515697528
  0
ARC
  5
3AC
330
17
100
AcDbEntity
  8
SLOTS
100
AcDbCircle
 10
31.782185311113903
 20
17.21917514189042
 30
0.0
 40
0.125
100
AcDbArc
 50
162.31475515697528
 51
342.31475515697525
  0
LINE
  5
3AD
330
17
100
AcDbEntity
  8
SLOTS
100
AcDbLine
 10
30.61307299657046
 20
16.432903158542757
 30
0.0
 11
32.449764991295645
 21
22.193140898290746
 31
0.0
  0
LINE
  5
3AE
330
17
100
AcDbEntity
  8
SLOTS
100
AcDbLine
 10
32.6879499278212
 20
22.117193969371154
 30
0.0
 11
30.851257933096015
 21
16.356956229623165
 31
0.0
  0
ARC
  5
3AF
330
17
100
AcDbEntity
  8
SLOTS
100
AcDbCircle
 10
32.56885745955842
 20
22.15516743383095
 30
0.0
 40
0.125
100
AcDbArc
 50
-17.68524484302472
 51
162.31475515697528
  0
ARC
  5
3B0
330
17
100
AcDbEntity
  8
SLOTS
100
AcDbCircle
 10
30.732165464833237
 20
16.39492969408296
 30
0.0
 40
0.125
100
AcDbArc
 50
162.31475515697528
 51
342.31475515697525
  0
LINE
  5
3B1
330
17
100
AcDbEntity
  8
SLOTS
100
AcDbLine
 10
30.541426704994482
 20
18.677035146672573
 30
0.0
 11
31.90402063657927
 21
22.950405429337017
 31
0.0
  0
LINE
  5
3B2
330
17
100
AcDbEntity
  8
SLOTS
100
AcDbLine
 10
32.142205573104825
 20
22.874458500417425
 30
0.0
 11
30.779611641520038
 21
18.60108821775298
 31
0.0
  0
ARC
  5
3B3
330
17
100
AcDbEntity
  8
SLOTS
100
AcDbCircle
 10
32.02311310484205
 20
22.91243196487722
 30
0.0
 40
0.125
100
AcDbArc
 50
-17.68524484302469
 51
162.3147551569753
  0
ARC
  5
3B4
330
17
100
AcDbEntity
  8
SLOTS
100
AcDbCircle
 10
30.66051917325726
 20
18.639061682212777
 30
0.0
 40
0.125
100
AcDbArc
 50
162.3147551569753
 51
342.3147551569753
  0
LINE
  5
3B5
330
17
100
AcDbEntity
  8
SLOTS
100
AcDbLine
 10
30.469780413418505
 20
20.92116713480238
 30
0.0
 11
30.554274969624817
 21
21.18615916006336
 31
0.0
  0
LINE
  5
3B6
330
17
100
AcDbEntity
  8
SLOTS
100
AcDbLine
 10
30.792459906150373
 20
21.11021223114377
 30
0.0
 11
30.70796534994406
 21
20.84522020588279
 31
0.0
  0
ARC
  5
3B7
330
17
100
AcDbEntity
  8
SLOTS
100
AcDbCircle
 10
30.673367437887595
 20
21.148185695603566
 30
0.0
 40
0.125
100
AcDbArc
 50
-17.685244843024776
 51
162.31475515697522
  0
ARC
  5
3B8
330
17
100
AcDbEntity
  8
SLOTS
100
AcDbCircle
 10
30.588872881681283
 20
20.883193670342585
 30
0.0
 40
0.125
100
AcDbArc
 50
162.31475515697522
 51
342.31475515697525
  0
LINE
  5
3B9
330
17
100
AcDbEntity
  8
SLOTS
100
AcDbLine
 10
1.7085218615263695
 20
7.994520069202625
 30
0.0
 11
1.2285630851351592
 21
7.2844115373351395
 31
0.0
  0
LINE
  5
3BA
330
17
100
AcDbEntity
  8
SLOTS
100
AcDbLine
 10
1.0214369148648408
 20
7.42440707151088
 30
0.0
 11
1.501395691256051
 21
8.134515603378365
 31
0.0
  0
ARC
  5
3BB
330
17
100
AcDbEntity
  8
SLOTS
100
AcDbCircle
 10
1.125
 20
7.35440930442301
 30
0.0
 40
0.125
100
AcDbArc
 50
-214.05456238565372
 51
-34.054562385653725
  0
ARC
  5
3BC
330
17
100
AcDbEntity
  8
SLOTS
100
AcDbCircle
 10
1.6049587763912103
 20
8.064517836290495
 30
0.0
 40
0.125
100
AcDbArc
 50
-34.054562385653725
 51
145.94543761434628
  0
LINE
  5
3BD
330
17
100
AcDbEntity
  8
SLOTS
100
AcDbLine
 10
2.525456437496506
 20
7.8638625448351895
 30
0.0
 11
1.2285630851351592
 21
5.945083100153527
 31
0.0
  0
LINE
  5
3BE
330
17
100
AcDbEntity
  8
SLOTS
100
AcDbLine
 10
1.0214369148648408
 20
6.0850786343292675
 30
0.0
 11
2.3183302672261874
 21
8.00385807901093
 31
0.0
  0
ARC
  5
3BF
330
17
100
AcDbEntity
  8
SLOTS
100
AcDbCircle
 10
1.125
 20
6.015080867241397
 30
0.0
 40
0.125
100
AcDbArc
 50
-214.05456238565372
 51
-34.054562385653725
  0
ARC
  5
3C0
330
17
100
AcDbEntity
  8
SLOTS
100
AcDbCircle
 10
2.4218933523613466
 20
7.93386031192306
 30
0.0
 40
0.125
100
AcDbArc
 50
-34.054562385653725
 51
145.94543761434628
  0
LINE
  5
3C1
330
17
100
AcDbEntity
  8
SLOTS
100
AcDbLine
 10
3.3423910134666417
 20
7.733205020467754
 30
0.0
 11
1.2445819081763383
 21
4.629454829468598
 31
0.0
  0
LINE
  5
3C2
330
17
100
AcDbEntity
  8
SLOTS
100
AcDbLine
 10
1.0374557379060199
 20
4.769450363644339
 30
0.0
 11
3.1352648431963233
 21
7.873200554643494
 31
0.0
  0
ARC
  5
3C3
330
17
100
AcDbEntity
  8
SLOTS
100
AcDbCircle
 10
1.141018823041179
 20
4.699452596556468
 30
0.0
 40
0.125
100
AcDbArc
 50
-214.0545623856537
 51
-34.054562385653696
  0
ARC
  5
3C4
330
17
100
AcDbEntity
  8
SLOTS
100
AcDbCircle
 10
3.2388279283314825
 20
7.803202787555624
 30
0.0
 40
0.125
100
AcDbArc
 50
-34.054562385653696
 51
145.9454376143463
  0
LINE
  5
3C5
330
17
100
AcDbEntity
  8
SLOTS
100
AcDbLine
 10
4.159325589436779
 20
7.602547496100318
 30
0.0
 11
1.8217849629132514
 21
4.144109763255847
 31
0.0
  0
LINE
  5
3C6
330
17
100
AcDbEntity
  8
SLOTS
100
AcDbLine
 10
1.614658792642933
 20
4.284105297431588
 30
0.0
 11
3.9521994191664604
 21
7.7425430302760585
 31
0.0
  0
ARC
  5
3C7
330
17
100
AcDbEntity
  8
SLOTS
100
AcDbCircle
 10
1.7182218777780922
 20
4.214107530343718
 30
0.0
 40
0.125
100
AcDbArc
 50
-214.05456238565372
 51
-34.054562385653725
  0
ARC
  5
3C8
330
17
100
AcDbEntity
  8
SLOTS
100
AcDbCircle
 10
4.05576250430162
 20
7.672545263188188
 30
0.0
 40
0.125
100
AcDbArc
 50
-34.054562385653725
 51
145.94543761434628
  0
LINE
  5
3C9
330
17
100
AcDbEntity
  8
SLOTS
100
AcDbLine
 10
3.8548223582731547
 20
10.9361517912557
 30
0.0
 11
3.7968585339329177
 21
11.005878770680631
 31
0.0
  0
LINE
  5
3CA
330
17
100
AcDbEntity
  8
SLOTS
100
AcDbLine
 10
3.9891062522874776
 20
11.165693709868009
 30
0.0
 11
4.047070076627715
 21
11.095966730443077
 31
0.0
  0
ARC
  5
3CB
330
17
100
AcDbEntity
  8
SLOTS
100
AcDbCircle
 10
3.8929823931101977
 20
11.08578624027432
 30
0.0
 40
0.125
100
AcDbArc
 50
39.736643546915275
 51
219.73664354691527
  0
ARC
  5
3CC
330
17
100
AcDbEntity
  8
SLOTS
100
AcDbCircle
 10
3.9509462174504346
 20
11.016059260849389
 30
0.0
 40
0.125
100
AcDbArc
 50
219.73664354691527
 51
399.7366435469153
  0
LINE
  5
3CD
330
17
100
AcDbEntity
  8
SLOTS
100
AcDbLine
 10
5.032002200822077
 20
8.346843551818608
 30
0.0
 11
2.5548557235966776
 21
11.326701133957831
 31
0.0
  0
LINE
  5
3CE
330
17
100
AcDbEntity
  8
SLOTS
100
AcDbLine
 10
2.7471034419512392
 20
11.486516073145209
 30
0.0
 11
5.224249919176638
 21
8.506658491005986
 31
0.0
  0
ARC
  5
3CF
330
17
100
AcDbEntity
  8
SLOTS
100
AcDbCircle
 10
2.6509795827739584
 20
11.40660860355152
 30
0.0
 40
0.125
100
AcDbArc
 50
39.73664354691459
 51
219.7366435469146
  0
ARC
  5
3D0
330
17
100
AcDbEntity
  8
SLOTS
100
AcDbCircle
 10
5.1281260599993574
 20
8.426751021412297
 30
0.0
 40
0.125
100
AcDbArc
 50
219.7366435469146
 51
399.7366435469146
  0
LINE
  5
3D1
330
17
100
AcDbEntity
  8
SLOTS
100
AcDbLine
 10
4.066474891524073
 20
8.33508258761841
 30
0.0
 11
1.3128529132604358
 21
11.64752349723503
 31
0.0
  0
LINE
  5
3D2
330
17
100
AcDbEntity
  8
SLOTS
100
AcDbLine
 10
1.505100631614998
 20
11.807338436422407
 30
0.0
 11
4.258722609878634
 21
8.494897526805788
 31
0.0
  0
ARC
  5
3D3
330
17
100
AcDbEntity
  8
SLOTS
100
AcDbCircle
 10
1.408976772437717
 20
11.727430966828718
 30
0.0
 40
0.125
100
AcDbArc
 50
39.73664354691459
 51
219.7366435469146
  0
ARC
  5
3D4
330
17
100
AcDbEntity
  8
SLOTS
100
AcDbCircle
 10
4.1625987507013535
 20
8.4149900572121
 30
0.0
 40
0.125
100
AcDbArc
 50
219.7366435469146
 51
399.7366435469146
  0
LINE
  5
3D5
330
17
100
AcDbEntity
  8
SLOTS
100
AcDbLine
 10
2.9416155140817124
 20
8.514988477075446
 30
0.0
 11
1.028876140822719
 21
10.815898405682553
 31
0.0
  0
LINE
  5
3D6
330
17
100
AcDbEntity
  8
SLOTS
100
AcDbLine
 10
1.221123859177281
 20
10.97571334486993
 30
0.0
 11
3.133863232436274
 21
8.674803416262824
 31
0.0
  0
ARC
  5
3D7
330
17
100
AcDbEntity
  8
SLOTS
100
AcDbCircle
 10
1.125
 20
10.895805875276242
 30
0.0
 40
0.125
100
AcDbArc
 50
39.736643546914564
 51
219.73664354691456
  0
ARC
  5
3D8
330
17
100
AcDbEntity
  8
SLOTS
100
AcDbCircle
 10
3.0377393732589932
 20
8.594895946669135
 30
0.0
 40
0.125
100
AcDbArc
 50
219.73664354691456
 51
399.7366435469146
  0
LINE
  5
3D9
330
17
100
AcDbEntity
  8
SLOTS
100
AcDbLine
 10
1.8167561366393497
 20
8.694894366532482
 30
0.0
 11
1.028876140822719
 21
9.642666410267132
 31
0.0
  0
LINE
  5
3DA
330
17
100
AcDbEntity
  8
SLOTS
100
AcDbLine
 10
1.221123859177281
 20
9.80248134945451
 30
0.0
 11
2.0090038549939115
 21
8.85470930571986
 31
0.0
  0
ARC
  5
3DB
330
17
100
AcDbEntity
  8
SLOTS
100
AcDbCircle
 10
1.125
 20
9.722573879860821
 30
0.0
 40
0.125
100
AcDbArc
 50
39.73664354691462
 51
219.73664354691462
  0
ARC
  5
3DC
330
17
100
AcDbEntity
  8
SLOTS
100
AcDbCircle
 10
1.9128799958166307
 20
8.774801836126171
 30
0.0
 40
0.125
100
AcDbArc
 50
219.73664354691462
 51
399.7366435469146
  0
LINE
  5
3DD
330
17
100
AcDbEntity
  8
SLOTS
100
AcDbLine
 10
1.8928241755013477
 20
17.39729522737003
 30
0.0
 11
4.445231912998451
 21
16.249415715489988
 31
0.0
  0
LINE
  5
3DE
330
17
100
AcDbEntity
  8
SLOTS
100
AcDbLine
 10
4.342693041500707
 20
16.021411812383114
 30
0.0
 11
1.7902853040036035
 21
17.169291324263156
 31
0.0
  0
ARC
  5
3DF
330
17
100
AcDbEntity
  8
SLOTS
100
AcDbCircle
 10
4.393962477249579
 20
16.13541376393655
 30
0.0
 40
0.125
100
AcDbArc
 50
-114.2146025614418
 51
65.7853974385582
  0
ARC
  5
3E0
330
17
100
AcDbEntity
  8
SLOTS
100
AcDbCircle
 10
1.8415547397524756
 20
17.283293275816593
 30
0.0
 40
0.125
100
AcDbArc
 50
65.7853974385582
 51
245.78539743855822
  0
LINE
  5
3E1
330
17
100
AcDbEntity
  8
SLOTS
100
AcDbLine
 10
2.3632627608761148
 20
18.008081957110345
 30
0.0
 11
5.210936345859821
 21
16.72741425002599
 31
0.0
  0
LINE
  5
3E2
330
17
100
AcDbEntity
  8
SLOTS
100
AcDbLine
 10
5.108397474362077
 20
16.499410346919117
 30
0.0
 11
2.2607238893783705
 21
17.78007805400347
 31
0.0
  0
ARC
  5
3E3
330
17
100
AcDbEntity
  8
SLOTS
100
AcDbCircle
 10
5.159666910110949
 20
16.613412298472554
 30
0.0
 40
0.125
100
AcDbArc
 50
-114.21460256144175
 51
65.78539743855825
  0
ARC
  5
3E4
330
17
100
AcDbEntity
  8
SLOTS
100
AcDbCircle
 10
2.3119933251272426
 20
17.89408000555691
 30
0.0
 40
0.125
100
AcDbArc
 50
65.78539743855825
 51
245.78539743855825
  0
LINE
  5
3E5
330
17
100
AcDbEntity
  8
SLOTS
100
AcDbLine
 10
2.8337013462508844
 20
18.61886868685066
 30
0.0
 11
5.976640778721194
 21
17.205412784561993
 31
0.0
  0
LINE
  5
3E6
330
17
100
AcDbEntity
  8
SLOTS
100
AcDbLine
 10
5.87410190722345
 20
16.97740888145512
 30
0.0
 11
2.7311624747531402
 21
18.390864783743787
 31
0.0
  0
ARC
  5
3E7
330
17
100
AcDbEntity
  8
SLOTS
100
AcDbCircle
 10
5.925371342972322
 20
17.091410833008556
 30
0.0
 40
0.125
100
AcDbArc
 50
-114.21460256144172
 51
65.78539743855828
  0
ARC
  5
3E8
330
17
100
AcDbEntity
  8
SLOTS
100
AcDbCircle
 10
2.7824319105020123
 20
18.504866735297224
 30
0.0
 40
0.125
100
AcDbArc
 50
65.78539743855828
 51
245.78539743855828
  0
LINE
  5
3E9
330
17
100
AcDbEntity
  8
SLOTS
100
AcDbLine
 10
3.3041399316256537
 20
19.22965541659098
 30
0.0
 11
6.675604430134644
 21
17.713426263225244
 31
0.0
  0
LINE
  5
3EA
330
17
100
AcDbEntity
  8
SLOTS
100
AcDbLine
 10
6.5730655586369
 20
17.48542236011837
 30
0.0
 11
3.2016010601279095
 21
19.001651513484106
 31
0.0
  0
ARC
  5
3EB
330
17
100
AcDbEntity
  8
SLOTS
100
AcDbCircle
 10
6.624334994385772
 20
17.599424311671807
 30
0.0
 40
0.125
100
AcDbArc
 50
-114.21460256144175
 51
65.78539743855825
  0
ARC
  5
3EC
330
17
100
AcDbEntity
  8
SLOTS
100
AcDbCircle
 10
3.2528704958767816
 20
19.115653465037543
 30
0.0
 40
0.125
100
AcDbArc
 50
65.78539743855825
 51
245.78539743855825
  0
LINE
  5
3ED
330
17
100
AcDbEntity
  8
SLOTS
100
AcDbLine
 10
3.7745785170004207
 20
19.840442146331295
 30
0.0
 11
5.4831470055592835
 21
19.072057560338873
 31
0.0
  0
LINE
  5
3EE
330
17
100
AcDbEntity
  8
SLOTS
100
AcDbLine
 10
5.380608134061539
 20
18.844053657232
 30
0.0
 11
3.6720396455026765
 21
19.61243824322442
 31
0.0
  0
ARC
  5
3EF
330
17
100
AcDbEntity
  8
SLOTS
100
AcDbCircle
 10
5.431877569810411
 20
18.958055608785436
 30
0.0
 40
0.125
100
AcDbArc
 50
-114.21460256144177
 51
65.78539743855823
  0
ARC
  5
3F0
330
17
100
AcDbEntity
  8
SLOTS
100
AcDbCircle
 10
3.7233090812515486
 20
19.726440194777858
 30
0.0
 40
0.125
100
AcDbArc
 50
65.78539743855823
 51
245.78539743855822
  0
LINE
  5
3F1
330
17
100
AcDbEntity
  8
SLOTS
100
AcDbLine
 10
4.2450171023751935
 20
20.451228876071614
 30
0.0
 11
4.290689580983918
 21
20.43068885745251
 31
0.0
  0
LINE
  5
3F2
330
17
100
AcDbEntity
  8
SLOTS
100
AcDbLine
 10
4.188150709486169
 20
20.202684954345635
 30
0.0
 11
4.142478230877444
 21
20.22322497296474
 31
0.0
  0
ARC
  5
3F3
330
17
100
AcDbEntity
  8
SLOTS
100
AcDbCircle
 10
4.2394201452350435
 20
20.316686905899072
 30
0.0
 40
0.125
100
AcDbArc
 50
-114.21460256144313
 51
65.78539743855687
  0
ARC
  5
3F4
330
17
100
AcDbEntity
  8
SLOTS
100
AcDbCircle
 10
4.193747666626319
 20
20.337226924518177
 30
0.0
 40
0.125
100
AcDbArc
 50
65.78539743855687
 51
245.78539743855686
  0
LINE
  5
3F5
330
17
100
AcDbEntity
  8
SLOTS
100
AcDbLine
 10
13.400067087992323
 20
17.431924986803704
 30
0.0
 11
14.19844742641086
 21
16.921811181376686
 31
0.0
  0
LINE
  5
3F6
330
17
100
AcDbEntity
  8
SLOTS
100
AcDbLine
 10
14.063843084386852
 20
16.71114160334444
 30
0.0
 11
13.265462745968314
 21
17.22125540877146
 31
0.0
  0
ARC
  5
3F7
330
17
100
AcDbEntity
  8
SLOTS
100
AcDbCircle
 10
14.131145255398856
 20
16.816476392360563
 30
0.0
 40
0.125
100
AcDbArc
 50
-122.57596709027679
 51
57.42403290972321
  0
ARC
  5
3F8
330
17
100
AcDbEntity
  8
SLOTS
100
AcDbCircle
 10
13.332764916980318
 20
17.32659019778758
 30
0.0
 40
0.125
100
AcDbArc
 50
57.42403290972321
 51
237.42403290972322
  0
LINE
  5
3F9
330
17
100
AcDbEntity
  8
SLOTS
100
AcDbLine
 10
12.32874825059782
 20
19.00644832474215
 30
0.0
 11
14.269309896561467
 21
17.766553955788773
 31
0.0
  0
LINE
  5
3FA
330
17
100
AcDbEntity
  8
SLOTS
100
AcDbLine
 10
14.134705554537458
 20
17.555884377756527
 30
0.0
 11
12.194143908573812
 21
18.795778746709903
 31
0.0
  0
ARC
  5
3FB
330
17
100
AcDbEntity
  8
SLOTS
100
AcDbCircle
 10
14.202007725549462
 20
17.66121916677265
 30
0.0
 40
0.125
100
AcDbArc
 50
-122.57596709027683
 51
57.42403290972316
  0
ARC
  5
3FC
330
17
100
AcDbEntity
  8
SLOTS
100
AcDbCircle
 10
12.261446079585816
 20
18.901113535726026
 30
0.0
 40
0.125
100
AcDbArc
 50
57.42403290972316
 51
237.42403290972317
  0
LINE
  5
3FD
330
17
100
AcDbEntity
  8
SLOTS
100
AcDbLine
 10
11.41431243058491
 20
20.48073348151255
 30
0.0
 11
14.340172366712073
 21
18.61129673020086
 31
0.0
  0
LINE
  5
3FE
330
17
100
AcDbEntity
  8
SLOTS
100
AcDbLine
 10
14.205568024688064
 20
18.400627152168614
 30
0.0
 11
11.279708088560902
 21
20.270063903480306
 31
0.0
  0
ARC
  5
3FF
330
17
100
AcDbEntity
  8
SLOTS
100
AcDbCircle
 10
14.272870195700069
 20
18.505961941184736
 30
0.0
 40
0.125
100
AcDbArc
 50
-122.5759670902768
 51
57.42403290972319
  0
ARC
  5
400
330
17
100
AcDbEntity
  8
SLOTS
100
AcDbCircle
 10
11.347010259572906
 20
20.37539869249643
 30
0.0
 40
0.125
100
AcDbArc
 50
57.42403290972319
 51
237.4240329097232
  0
LINE
  5
401
330
17
100
AcDbEntity
  8
SLOTS
100
AcDbLine
 10
11.8440347888459
 20
21.096187814902017
 30
0.0
 11
14.411034836862681
 21
19.45603950461295
 31
0.0
  0
LINE
  5
402
330
17
100
AcDbEntity
  8
SLOTS
100
AcDbLine
 10
14.276430494838673
 20
19.245369926580704
 30
0.0
 11
11.70943044682189
 21
20.88551823686977
 31
0.0
  0
ARC
  5
403
330
17
100
AcDbEntity
  8
SLOTS
100
AcDbCircle
 10
14.343732665850677
 20
19.350704715596827
 30
0.0
 40
0.125
100
AcDbArc
 50
-122.57596709027678
 51
57.42403290972322
  0
ARC
  5
404
330
17
100
AcDbEntity
  8
SLOTS
100
AcDbCircle
 10
11.776732617833895
 20
20.990853025885894
 30
0.0
 40
0.125
100
AcDbArc
 50
57.42403290972322
 51
237.42403290972322
  0
LINE
  5
405
330
17
100
AcDbEntity
  8
SLOTS
100
AcDbLine
 10
12.273757147106885
 20
21.71164214829148
 30
0.0
 11
14.481897307013288
 21
20.300782279025032
 31
0.0
  0
LINE
  5
406
330
17
100
AcDbEntity
  8
SLOTS
100
AcDbLine
 10
14.347292964989279
 20
20.090112700992787
 30
0.0
 11
12.139152805082876
 21
21.500972570259236
 31
0.0
  0
ARC
  5
407
330
17
100
AcDbEntity
  8
SLOTS
100
AcDbCircle
 10
14.414595136001283
 20
20.19544749000891
 30
0.0
 40
0.125
100
AcDbArc
 50
-122.57596709027683
 51
57.42403290972317
  0
ARC
  5
408
330
17
100
AcDbEntity
  8
SLOTS
100
AcDbCircle
 10
12.20645497609488
 20
21.60630735927536
 30
0.0
 40
0.125
100
AcDbArc
 50
57.42403290972317
 51
237.42403290972317
  0
LINE
  5
409
330
17
100
AcDbEntity
  8
SLOTS
100
AcDbLine
 10
12.703479505367872
 20
22.327096481680947
 30
0.0
 11
14.552759777163894
 21
21.145525053437122
 31
0.0
  0
LINE
  5
40A
330
17
100
AcDbEntity
  8
SLOTS
100
AcDbLine
 10
14.418155435139886
 20
20.934855475404877
 30
0.0
 11
12.568875163343863
 21
22.1164269036487
 31
0.0
  0
ARC
  5
40B
330
17
100
AcDbEntity
  8
SLOTS
100
AcDbCircle
 10
14.48545760615189
 20
21.040190264421
 30
0.0
 40
0.125
100
AcDbArc
 50
-122.57596709027679
 51
57.42403290972321
  0
ARC
  5
40C
330
17
100
AcDbEntity
  8
SLOTS
100
AcDbCircle
 10
12.636177334355867
 20
22.221761692664824
 30
0.0
 40
0.125
100
AcDbArc
 50
57.42403290972321
 51
237.42403290972322
  0
LINE
  5
40D
330
17
100
AcDbEntity
  8
SLOTS
100
AcDbLine
 10
13.133201863628859
 20
22.942550815070412
 30
0.0
 11
14.173532046317176
 21
22.27784658469955
 31
0.0
  0
LINE
  5
40E
330
17
100
AcDbEntity
  8
SLOTS
100
AcDbLine
 10
14.038927704293167
 20
22.067177006667304
 30
0.0
 11
12.99859752160485
 21
22.731881237038166
 31
0.0
  0
ARC
  5
40F
330
17
100
AcDbEntity
  8
SLOTS
100
AcDbCircle
 10
14.106229875305171
 20
22.172511795683427
 30
0.0
 40
0.125
100
AcDbArc
 50
-122.5759670902768
 51
57.42403290972319
  0
ARC
  5
410
330
17
100
AcDbEntity
  8
SLOTS
100
AcDbCircle
 10
13.065899692616854
 20
22.83721602605429
 30
0.0
 40
0.125
100
AcDbArc
 50
57.42403290972319
 51
237.4240329097232
  0
LINE
  5
411
330
17
100
AcDbEntity
  8
SLOTS
100
AcDbLine
 10
11.244617782378372
 20
18.954732632725992
 30
0.0
 11
10.049551161036723
 21
18.84440780821026
 31
0.0
  0
LINE
  5
412
330
17
100
AcDbEntity
  8
SLOTS
100
AcDbLine
 10
10.026569661564208
 20
19.093349268561877
 30
0.0
 11
11.221636282905857
 21
19.20367409307761
 31
0.0
  0
ARC
  5
413
330
17
100
AcDbEntity
  8
SLOTS
100
AcDbCircle
 10
10.038060411300465
 20
18.96887853838607
 30
0.0
 40
0.125
100
AcDbArc
 50
-264.7255819490716
 51
-84.72558194907162
  0
ARC
  5
414
330
17
100
AcDbEntity
  8
SLOTS
100
AcDbCircle
 10
11.233127032642114
 20
19.0792033629018
 30
0.0
 40
0.125
100
AcDbArc
 50
-84.72558194907162
 51
95.27441805092838
  0
LINE
  5
415
330
17
100
AcDbEntity
  8
SLOTS
100
AcDbLine
 10
11.726806170390127
 20
18.246057639150898
 30
0.0
 11
9.224851414571278
 21
18.01508497666273
 31
0.0
  0
LINE
  5
416
330
17
100
AcDbEntity
  8
SLOTS
100
AcDbLine
 10
9.201869915098763
 20
18.264026437014348
 30
0.0
 11
11.703824670917612
 21
18.494999099502515
 31
0.0
  0
ARC
  5
417
330
17
100
AcDbEntity
  8
SLOTS
100
AcDbCircle
 10
9.21336066483502
 20
18.13955570683854
 30
0.0
 40
0.125
100
AcDbArc
 50
-264.72558194907157
 51
-84.72558194907157
  0
ARC
  5
418
330
17
100
AcDbEntity
  8
SLOTS
100
AcDbCircle
 10
11.71531542065387
 20
18.370528369326706
 30
0.0
 40
0.125
100
AcDbArc
 50
-84.72558194907157
 51
95.27441805092843
  0
LINE
  5
419
330
17
100
AcDbEntity
  8
SLOTS
100
AcDbLine
 10
12.208994558401878
 20
17.537382645575807
 30
0.0
 11
8.400151668105837
 21
17.185762145115206
 31
0.0
  0
LINE
  5
41A
330
17
100
AcDbEntity
  8
SLOTS
100
AcDbLine
 10
8.377170168633322
 20
17.434703605466822
 30
0.0
 11
12.186013058929364
 21
17.786324105927424
 31
0.0
  0
ARC
  5
41B
330
17
100
AcDbEntity
  8
SLOTS
100
AcDbCircle
 10
8.38866091836958
 20
17.310232875291014
 30
0.0
 40
0.125
100
AcDbArc
 50
-264.7255819490715
 51
-84.72558194907154
  0
ARC
  5
41C
330
17
100
AcDbEntity
  8
SLOTS
100
AcDbCircle
 10
12.197503808665621
 20
17.661853375751615
 30
0.0
 40
0.125
100
AcDbArc
 50
-84.72558194907154
 51
95.27441805092846
  0
LINE
  5
41D
330
17
100
AcDbEntity
  8
SLOTS
100
AcDbLine
 10
12.691182946413633
 20
16.828707652000713
 30
0.0
 11
8.74178945355504
 21
16.464111958118774
 31
0.0
  0
LINE
  5
41E
330
17
100
AcDbEntity
  8
SLOTS
100
AcDbLine
 10
8.718807954082525
 20
16.71305341847039
 30
0.0
 11
12.668201446941119
 21
17.07764911235233
 31
0.0
  0
ARC
  5
41F
330
17
100
AcDbEntity
  8
SLOTS
100
AcDbCircle
 10
8.730298703818782
 20
16.588582688294583
 30
0.0
 40
0.125
100
AcDbArc
 50
-264.7255819490716
 51
-84.7255819490716
  0
ARC
  5
420
330
17
100
AcDbEntity
  8
SLOTS
100
AcDbCircle
 10
12.679692196677376
 20
16.95317838217652
 30
0.0
 40
0.125
100
AcDbArc
 50
-84.7255819490716
 51
95.2744180509284
  0
LINE
  5
421
330
17
100
AcDbEntity
  8
SLOTS
100
AcDbLine
 10
13.173371334425388
 20
16.12003265842562
 30
0.0
 11
9.115988617005241
 21
15.74546773601986
 31
0.0
  0
LINE
  5
422
330
17
100
AcDbEntity
  8
SLOTS
100
AcDbLine
 10
9.093007117532727
 20
15.994409196371477
 30
0.0
 11
13.150389834952874
 21
16.36897411877724
 31
0.0
  0
ARC
  5
423
330
17
100
AcDbEntity
  8
SLOTS
100
AcDbCircle
 10
9.104497867268984
 20
15.869938466195668
 30
0.0
 40
0.125
100
AcDbArc
 50
-264.7255819490715
 51
-84.72558194907151
  0
ARC
  5
424
330
17
100
AcDbEntity
  8
SLOTS
100
AcDbCircle
 10
13.161880584689131
 20
16.24450338860143
 30
0.0
 40
0.125
100
AcDbArc
 50
-84.72558194907151
 51
95.27441805092849
  0
LINE
  5
425
330
17
100
AcDbEntity
  8
SLOTS
100
AcDbLine
 10
13.655559722437143
 20
15.411357664850525
 30
0.0
 11
9.490187780455445
 21
15.026823513920947
 31
0.0
  0
LINE
  5
426
330
17
100
AcDbEntity
  8
SLOTS
100
AcDbLine
 10
9.46720628098293
 20
15.275764974272564
 30
0.0
 11
13.632578222964629
 21
15.660299125202142
 31
0.0
  0
ARC
  5
427
330
17
100
AcDbEntity
  8
SLOTS
100
AcDbCircle
 10
9.478697030719188
 20
15.151294244096755
 30
0.0
 40
0.125
100
AcDbArc
 50
-264.72558194907157
 51
-84.72558194907157
  0
ARC
  5
428
330
17
100
AcDbEntity
  8
SLOTS
100
AcDbCircle
 10
13.644068972700886
 20
15.535828395026334
 30
0.0
 40
0.125
100
AcDbArc
 50
-84.72558194907157
 51
95.27441805092843
  0
LINE
  5
429
330
17
100
AcDbEntity
  8
SLOTS
100
AcDbLine
 10
14.059171601097285
 20
14.695428732917131
 30
0.0
 11
9.864386943905647
 21
14.308179291822034
 31
0.0
  0
LINE
  5
42A
330
17
100
AcDbEntity
  8
SLOTS
100
AcDbLine
 10
9.841405444433132
 20
14.55712075217365
 30
0.0
 11
14.03619010162477
 21
14.944370193268748
 31
0.0
  0
ARC
  5
42B
330
17
100
AcDbEntity
  8
SLOTS
100
AcDbCircle
 10
9.85289619416939
 20
14.432650021997842
 30
0.0
 40
0.125
100
AcDbArc
 50
-264.7255819490715
 51
-84.72558194907154
  0
ARC
  5
42C
330
17
100
AcDbEntity
  8
SLOTS
100
AcDbCircle
 10
14.047680851361028
 20
14.81989946309294
 30
0.0
 40
0.125
100
AcDbArc
 50
-84.72558194907154
 51
95.27441805092846
  0
LINE
  5
42D
330
17
100
AcDbEntity
  8
SLOTS
100
AcDbLine
 10
14.2047503727271
 20
13.955678989035686
 30
0.0
 11
10.833816744535689
 21
13.644484906343552
 31
0.0
  0
LINE
  5
42E
330
17
100
AcDbEntity
  8
SLOTS
100
AcDbLine
 10
10.810835245063174
 20
13.893426366695168
 30
0.0
 11
14.181768873254585
 21
14.204620449387303
 31
0.0
  0
ARC
  5
42F
330
17
100
AcDbEntity
  8
SLOTS
100
AcDbCircle
 10
10.822325994799431
 20
13.76895563651936
 30
0.0
 40
0.125
100
AcDbArc
 50
-264.7255819490715
 51
-84.72558194907154
  0
ARC
  5
430
330
17
100
AcDbEntity
  8
SLOTS
100
AcDbCircle
 10
14.193259622990842
 20
14.080149719211494
 30
0.0
 40
0.125
100
AcDbArc
 50
-84.72558194907154
 51
95.27441805092846
  0
LINE
  5
431
330
17
100
AcDbEntity
  8
SLOTS
100
AcDbLine
 10
6.138489089642177
 20
16.201902344901736
 30
0.0
 11
4.542152841606225
 21
14.155311317188586
 31
0.0
  0
LINE
  5
432
330
17
100
AcDbEntity
  8
SLOTS
100
AcDbLine
 10
4.345027043060678
 20
14.309068982193553
 30
0.0
 11
5.941363291096629
 21
16.355660009906703
 31
0.0
  0
ARC
  5
433
330
17
100
AcDbEntity
  8
SLOTS
100
AcDbCircle
 10
4.4435899423334515
 20
14.23219014969107
 30
0.0
 40
0.125
100
AcDbArc
 50
-217.95414813450193
 51
-37.954148134501935
  0
ARC
  5
434
330
17
100
AcDbEntity
  8
SLOTS
100
AcDbCircle
 10
6.039926190369403
 20
16.27878117740422
 30
0.0
 40
0.125
100
AcDbArc
 50
-37.954148134501935
 51
142.04585186549807
  0
LINE
  5
435
330
17
100
AcDbEntity
  8
SLOTS
100
AcDbLine
 10
7.677227808248454
 20
16.955198765307667
 30
0.0
 11
4.575741783702165
 21
12.978922790729149
 31
0.0
  0
LINE
  5
436
330
17
100
AcDbEntity
  8
SLOTS
100
AcDbLine
 10
4.3786159851566175
 20
13.132680455734116
 30
0.0
 11
7.4801020097029065
 21
17.108956430312634
 31
0.0
  0
ARC
  5
437
330
17
100
AcDbEntity
  8
SLOTS
100
AcDbCircle
 10
4.477178884429391
 20
13.055801623231632
 30
0.0
 40
0.125
100
AcDbArc
 50
-217.9541481345019
 51
-37.95414813450189
  0
ARC
  5
438
330
17
100
AcDbEntity
  8
SLOTS
100
AcDbCircle
 10
7.57866490897568
 20
17.03207759781015
 30
0.0
 40
0.125
100
AcDbArc
 50
-37.95414813450189
 51
142.0458518654981
  0
LINE
  5
439
330
17
100
AcDbEntity
  8
SLOTS
100
AcDbLine
 10
8.103053001304076
 20
16.281678724698615
 30
0.0
 11
4.609330725798106
 21
11.802534264269713
 31
0.0
  0
LINE
  5
43A
330
17
100
AcDbEntity
  8
SLOTS
100
AcDbLine
 10
4.412204927252558
 20
11.95629192927468
 30
0.0
 11
7.9059272027585275
 21
16.435436389703582
 31
0.0
  0
ARC
  5
43B
330
17
100
AcDbEntity
  8
SLOTS
100
AcDbCircle
 10
4.510767826525332
 20
11.879413096772197
 30
0.0
 40
0.125
100
AcDbArc
 50
-217.9541481345019
 51
-37.95414813450191
  0
ARC
  5
43C
330
17
100
AcDbEntity
  8
SLOTS
100
AcDbCircle
 10
8.004490102031301
 20
16.3585575572011
 30
0.0
 40
0.125
100
AcDbArc
 50
-37.95414813450191
 51
142.0458518654981
  0
LINE
  5
43D
330
17
100
AcDbEntity
  8
SLOTS
100
AcDbLine
 10
8.483829202475635
 20
15.55040339430593
 30
0.0
 11
4.9128486162029175
 21
10.972209522560307
 31
0.0
  0
LINE
  5
43E
330
17
100
AcDbEntity
  8
SLOTS
100
AcDbLine
 10
4.71572281765737
 20
11.125967187565275
 30
0.0
 11
8.286703403930085
 21
15.704161059310897
 31
0.0
  0
ARC
  5
43F
330
17
100
AcDbEntity
  8
SLOTS
100
AcDbCircle
 10
4.814285716930144
 20
11.049088355062791
 30
0.0
 40
0.125
100
AcDbArc
 50
-217.9541481345019
 51
-37.95414813450189
  0
ARC
  5
440
330
17
100
AcDbEntity
  8
SLOTS
100
AcDbCircle
 10
8.38526630320286
 20
15.627282226808413
 30
0.0
 40
0.125
100
AcDbArc
 50
-37.95414813450189
 51
142.0458518654981
  0
LINE
  5
441
330
17
100
AcDbEntity
  8
SLOTS
100
AcDbLine
 10
8.864605403647195
 20
14.819128063913242
 30
0.0
 11
5.335499357039547
 21
10.294619659294982
 31
0.0
  0
LINE
  5
442
330
17
100
AcDbEntity
  8
SLOTS
100
AcDbLine
 10
5.138373558493999
 20
10.44837732429995
 30
0.0
 11
8.667479605101645
 21
14.97288572891821
 31
0.0
  0
ARC
  5
443
330
17
100
AcDbEntity
  8
SLOTS
100
AcDbCircle
 10
5.236936457766773
 20
10.371498491797466
 30
0.0
 40
0.125
100
AcDbArc
 50
-217.9541481345019
 51
-37.95414813450191
  0
ARC
  5
444
330
17
100
AcDbEntity
  8
SLOTS
100
AcDbCircle
 10
8.76604250437442
 20
14.896006896415726
 30
0.0
 40
0.125
100
AcDbArc
 50
-37.95414813450191
 51
142.0458518654981
  0
LINE
  5
445
330
17
100
AcDbEntity
  8
SLOTS
100
AcDbLine
 10
9.245381604818753
 20
14.087852733520553
 30
0.0
 11
5.758150097876176
 21
9.617029796029655
 31
0.0
  0
LINE
  5
446
330
17
100
AcDbEntity
  8
SLOTS
100
AcDbLine
 10
5.5610242993306285
 20
9.770787461034622
 30
0.0
 11
9.048255806273204
 21
14.24161039852552
 31
0.0
  0
ARC
  5
447
330
17
100
AcDbEntity
  8
SLOTS
100
AcDbCircle
 10
5.659587198603402
 20
9.693908628532139
 30
0.0
 40
0.125
100
AcDbArc
 50
-217.9541481345019
 51
-37.95414813450189
  0
ARC
  5
448
330
17
100
AcDbEntity
  8
SLOTS
100
AcDbCircle
 10
9.146818705545979
 20
14.164731566023036
 30
0.0
 40
0.125
100
AcDbArc
 50
-37.95414813450189
 51
142.0458518654981
  0
LINE
  5
449
330
17
100
AcDbEntity
  8
SLOTS
100
AcDbLine
 10
7.321119679477882
 20
10.40139151791026
 30
0.0
 11
6.180800838712805
 21
8.939439932764328
 31
0.0
  0
LINE
  5
44A
330
17
100
AcDbEntity
  8
SLOTS
100
AcDbLine
 10
5.983675040167257
 20
9.093197597769295
 30
0.0
 11
7.123993880932335
 21
10.555149182915228
 31
0.0
  0
ARC
  5
44B
330
17
100
AcDbEntity
  8
SLOTS
100
AcDbCircle
 10
6.082237939440031
 20
9.016318765266812
 30
0.0
 40
0.125
100
AcDbArc
 50
-217.9541481345019
 51
-37.95414813450191
  0
ARC
  5
44C
330
17
100
AcDbEntity
  8
SLOTS
100
AcDbCircle
 10
7.2225567802051085
 20
10.478270350412744
 30
0.0
 40
0.125
100
AcDbArc
 50
-37.95414813450191
 51
142.0458518654981
  0
LINE
  5
44D
330
17
100
AcDbEntity
  8
SLOTS
100
AcDbLine
 10
1.2424751729801882
 20
15.182439681163993
 30
0.0
 11
1.4797710104179802
 21
14.529828795098025
 31
0.0
  0
LINE
  5
44E
330
17
100
AcDbEntity
  8
SLOTS
100
AcDbLine
 10
1.2448206644576039
 20
14.444398502267559
 30
0.0
 11
1.0075248270198118
 21
15.097009388333527
 31
0.0
  0
ARC
  5
44F
330
17
100
AcDbEntity
  8
SLOTS
100
AcDbCircle
 10
1.362295837437792
 20
14.487113648682792
 30
0.0
 40
0.125
100
AcDbArc
 50
-160.01822813355466
 51
19.981771866445328
  0
ARC
  5
450
330
17
100
AcDbEntity
  8
SLOTS
100
AcDbCircle
 10
1.125
 20
15.13972453474876
 30
0.0
 40
0.125
100
AcDbArc
 50
19.981771866445328
 51
199.98177186644534
  0
LINE
  5
451
330
17
100
AcDbEntity
  8
SLOTS
100
AcDbLine
 10
1.4995414822364537
 20
16.670227882448888
 30
0.0
 11
2.135391639855457
 21
14.921513116739158
 31
0.0
  0
LINE
  5
452
330
17
100
AcDbEntity
  8
SLOTS
100
AcDbLine
 10
1.9004412938950805
 20
14.836082823908692
 30
0.0
 11
1.2645911362760773
 21
16.58479758961842
 31
0.0
  0
ARC
  5
453
330
17
100
AcDbEntity
  8
SLOTS
100
AcDbCircle
 10
2.0179164668752687
 20
14.878797970323925
 30
0.0
 40
0.125
100
AcDbArc
 50
-160.01822813355463
 51
19.98177186644537
  0
ARC
  5
454
330
17
100
AcDbEntity
  8
SLOTS
100
AcDbCircle
 10
1.3820663092562655
 20
16.627512736033655
 30
0.0
 40
0.125
100
AcDbArc
 50
19.98177186644537
 51
199.98177186644537
  0
LINE
  5
455
330
17
100
AcDbEntity
  8
SLOTS
100
AcDbLine
 10
2.5509774124079176
 20
15.973341174275003
 30
0.0
 11
2.7910122692929336
 21
15.313197438380291
 31
0.0
  0
LINE
  5
456
330
17
100
AcDbEntity
  8
SLOTS
100
AcDbLine
 10
2.556061923332557
 20
15.227767145549825
 30
0.0
 11
2.3160270664475413
 21
15.887910881444537
 31
0.0
  0
ARC
  5
457
330
17
100
AcDbEntity
  8
SLOTS
100
AcDbCircle
 10
2.6735370963127454
 20
15.270482291965058
 30
0.0
 40
0.125
100
AcDbArc
 50
-160.0182281335547
 51
19.981771866445314
  0
ARC
  5
458
330
17
100
AcDbEntity
  8
SLOTS
100
AcDbCircle
 10
2.4335022394277295
 20
15.93062602785977
 30
0.0
 40
0.125
100
AcDbArc
 50
19.981771866445314
 51
199.9817718664453
  0
LINE
  5
459
330
17
100
AcDbEntity
  8
SLOTS
100
AcDbLine
 10
15.308060776844249
 20
20.676242462925778
 30
0.0
 11
15.289391127291529
 21
20.662362487231743
 31
0.0
  0
LINE
  5
45A
330
17
100
AcDbEntity
  8
SLOTS
100
AcDbLine
 10
15.140233319189294
 20
20.86299136920574
 30
0.0
 11
15.158902968742014
 21
20.876871344899776
 31
0.0
  0
ARC
  5
45B
330
17
100
AcDbEntity
  8
SLOTS
100
AcDbCircle
 10
15.214812223240411
 20
20.762676928218742
 30
0.0
 40
0.125
100
AcDbArc
 50
-233.3709934749567
 51
-53.37099347495669
  0
ARC
  5
45C
330
17
100
AcDbEntity
  8
SLOTS
100
AcDbCircle
 10
15.233481872793131
 20
20.776556903912777
 30
0.0
 40
0.125
100
AcDbArc
 50
-53.37099347495669
 51
126.62900652504331
  0
LINE
  5
45D
330
17
100
AcDbEntity
  8
SLOTS
100
AcDbLine
 10
15.851518409310899
 20
20.145715403722797
 30
0.0
 11
15.205779622971496
 21
19.665640047526338
 31
0.0
  0
LINE
  5
45E
330
17
100
AcDbEntity
  8
SLOTS
100
AcDbLine
 10
15.05662181486928
 20
19.86626892950035
 30
0.0
 11
15.702360601208682
 21
20.34634428569681
 31
0.0
  0
ARC
  5
45F
330
17
100
AcDbEntity
  8
SLOTS
100
AcDbCircle
 10
15.131200718920388
 20
19.765954488513344
 30
0.0
 40
0.125
100
AcDbArc
 50
-233.37099347496118
 51
-53.37099347496118
  0
ARC
  5
460
330
17
100
AcDbEntity
  8
SLOTS
100
AcDbCircle
 10
15.77693950525979
 20
20.246029844709803
 30
0.0
 40
0.125
100
AcDbArc
 50
-53.37099347496118
 51
126.62900652503882
  0
LINE
  5
461
330
17
100
AcDbEntity
  8
SLOTS
100
AcDbLine
 10
16.394976041777557
 20
19.615188344519826
 30
0.0
 11
15.122168118651475
 21
18.66891760782094
 31
0.0
  0
LINE
  5
462
330
17
100
AcDbEntity
  8
SLOTS
100
AcDbLine
 10
14.973010310549258
 20
18.869546489794953
 30
0.0
 11
16.24581823367534
 21
19.815817226493838
 31
0.0
  0
ARC
  5
463
330
17
100
AcDbEntity
  8
SLOTS
100
AcDbCircle
 10
15.047589214600366
 20
18.769232048807947
 30
0.0
 40
0.125
100
AcDbArc
 50
-233.3709934749611
 51
-53.3709934749611
  0
ARC
  5
464
330
17
100
AcDbEntity
  8
SLOTS
100
AcDbCircle
 10
16.32039713772645
 20
19.715502785506832
 30
0.0
 40
0.125
100
AcDbArc
 50
-53.3709934749611
 51
126.6290065250389
  0
LINE
  5
465
330
17
100
AcDbEntity
  8
SLOTS
100
AcDbLine
 10
16.323867014449526
 20
18.62776088789775
 30
0.0
 11
15.038556614331453
 21
17.672195168115543
 31
0.0
  0
LINE
  5
466
330
17
100
AcDbEntity
  8
SLOTS
100
AcDbLine
 10
14.889398806229236
 20
17.872824050089555
 30
0.0
 11
16.17470920634731
 21
18.828389769871762
 31
0.0
  0
ARC
  5
467
330
17
100
AcDbEntity
  8
SLOTS
100
AcDbCircle
 10
14.963977710280345
 20
17.77250960910255
 30
0.0
 40
0.125
100
AcDbArc
 50
-233.37099347496104
 51
-53.37099347496104
  0
ARC
  5
468
330
17
100
AcDbEntity
  8
SLOTS
100
AcDbCircle
 10
16.249288110398417
 20
18.728075328884756
 30
0.0
 40
0.125
100
AcDbArc
 50
-53.37099347496104
 51
126.62900652503896
  0
LINE
  5
469
330
17
100
AcDbEntity
  8
SLOTS
100
AcDbLine
 10
15.909442992531682
 20
17.385095443714768
 30
0.0
 11
14.95494511001143
 21
16.675472728410146
 31
0.0
  0
LINE
  5
46A
330
17
100
AcDbEntity
  8
SLOTS
100
AcDbLine
 10
14.805787301909213
 20
16.876101610384158
 30
0.0
 11
15.760285184429465
 21
17.58572432568878
 31
0.0
  0
ARC
  5
46B
330
17
100
AcDbEntity
  8
SLOTS
100
AcDbCircle
 10
14.880366205960321
 20
16.77578716939715
 30
0.0
 40
0.125
100
AcDbArc
 50
-233.37099347496107
 51
-53.37099347496107
  0
ARC
  5
46C
330
17
100
AcDbEntity
  8
SLOTS
100
AcDbCircle
 10
15.834864088480574
 20
17.485409884701774
 30
0.0
 40
0.125
100
AcDbArc
 50
-53.37099347496107
 51
126.62900652503893
  0
LINE
  5
46D
330
17
100
AcDbEntity
  8
SLOTS
100
AcDbLine
 10
15.495018970613838
 20
16.14242999953178
 30
0.0
 11
14.871333605691408
 21
15.678750288704748
 31
0.0
  0
LINE
  5
46E
330
17
100
AcDbEntity
  8
SLOTS
100
AcDbLine
 10
14.722175797589191
 20
15.87937917067876
 30
0.0
 11
15.345861162511621
 21
16.343058881505794
 31
0.0
  0
ARC
  5
46F
330
17
100
AcDbEntity
  8
SLOTS
100
AcDbCircle
 10
14.7967547016403
 20
15.779064729691754
 30
0.0
 40
0.125
100
AcDbArc
 50
-233.3709934749612
 51
-53.37099347496121
  0
ARC
  5
470
330
17
100
AcDbEntity
  8
SLOTS
100
AcDbCircle
 10
15.42044006656273
 20
16.242744440518788
 30
0.0
 40
0.125
100
AcDbArc
 50
-53.37099347496121
 51
126.62900652503879
  0
LINE
  5
471
330
17
100
AcDbEntity
  8
SLOTS
100
AcDbLine
 10
15.080594948695994
 20
14.899764555348801
 30
0.0
 11
14.880466693749723
 21
14.750978939073601
 31
0.0
  0
LINE
  5
472
330
17
100
AcDbEntity
  8
SLOTS
100
AcDbLine
 10
14.731308885647506
 20
14.951607821047613
 30
0.0
 11
14.931437140593777
 21
15.100393437322813
 31
0.0
  0
ARC
  5
473
330
17
100
AcDbEntity
  8
SLOTS
100
AcDbCircle
 10
14.805887789698614
 20
14.851293380060607
 30
0.0
 40
0.125
100
AcDbArc
 50
-233.370993474961
 51
-53.37099347496101
  0
ARC
  5
474
330
17
100
AcDbEntity
  8
SLOTS
100
AcDbCircle
 10
15.006016044644886
 20
15.000078996335807
 30
0.0
 40
0.125
100
AcDbArc
 50
-53.37099347496101
 51
126.62900652503899
  0
LINE
  5
475
330
17
100
AcDbEntity
  8
SLOTS
100
AcDbLine
 10
29.806699399969155
 20
18.147707572920933
 30
0.0
 11
29.255168682820404
 21
19.70029028159572
 31
0.0
  0
LINE
  5
476
330
17
100
AcDbEntity
  8
SLOTS
100
AcDbLine
 10
29.490746230377567
 20
19.78397551976203
 30
0.0
 11
30.042276947526318
 21
18.231392811087243
 31
0.0
  0
ARC
  5
477
330
17
100
AcDbEntity
  8
SLOTS
100
AcDbCircle
 10
29.372957456598986
 20
19.742132900678875
 30
0.0
 40
0.125
100
AcDbArc
 50
19.55678618443514
 51
199.55678618443514
  0
ARC
  5
478
330
17
100
AcDbEntity
  8
SLOTS
100
AcDbCircle
 10
29.924488173747736
 20
18.189550192004088
 30
0.0
 40
0.125
100
AcDbArc
 50
199.55678618443514
 51
379.55678618443517
  0
LINE
  5
479
330
17
100
AcDbEntity
  8
SLOTS
100
AcDbLine
 10
29.88529456817739
 20
15.685920267411728
 30
0.0
 11
28.654664434372236
 21
19.150197064899178
 31
0.0
  0
LINE
  5
47A
330
17
100
AcDbEntity
  8
SLOTS
100
AcDbLine
 10
28.8902419819294
 20
19.23388230306549
 30
0.0
 11
30.120872115734553
 21
15.769605505578038
 31
0.0
  0
ARC
  5
47B
330
17
100
AcDbEntity
  8
SLOTS
100
AcDbCircle
 10
28.772453208150818
 20
19.192039683982333
 30
0.0
 40
0.125
100
AcDbArc
 50
19.55678618443504
 51
199.55678618443505
  0
ARC
  5
47C
330
17
100
AcDbEntity
  8
SLOTS
100
AcDbCircle
 10
30.00308334195597
 20
15.727762886494883
 30
0.0
 40
0.125
100
AcDbArc
 50
199.55678618443505
 51
379.55678618443505
  0
LINE
  5
47D
330
17
100
AcDbEntity
  8
SLOTS
100
AcDbLine
 10
29.134842274885955
 20
15.557937251261729
 30
0.0
 11
28.054160185924065
 21
18.600103848202632
 31
0.0
  0
LINE
  5
47E
330
17
100
AcDbEntity
  8
SLOTS
100
AcDbLine
 10
28.28973773348123
 20
18.683789086368943
 30
0.0
 11
29.370419822443118
 21
15.64162248942804
 31
0.0
  0
ARC
  5
47F
330
17
100
AcDbEntity
  8
SLOTS
100
AcDbCircle
 10
28.171948959702647
 20
18.641946467285788
 30
0.0
 40
0.125
100
AcDbArc
 50
19.556786184434998
 51
199.556786184435
  0
ARC
  5
480
330
17
100
AcDbEntity
  8
SLOTS
100
AcDbCircle
 10
29.252631048664536
 20
15.599779870344884
 30
0.0
 40
0.125
100
AcDbArc
 50
199.556786184435
 51
379.556786184435
  0
LINE
  5
481
330
17
100
AcDbEntity
  8
SLOTS
100
AcDbLine
 10
28.375448779760983
 20
15.455124103135223
 30
0.0
 11
27.453655937475897
 21
18.05001063150609
 31
0.0
  0
LINE
  5
482
330
17
100
AcDbEntity
  8
SLOTS
100
AcDbLine
 10
27.68923348503306
 20
18.1336958696724
 30
0.0
 11
28.611026327318147
 21
15.538809341301533
 31
0.0
  0
ARC
  5
483
330
17
100
AcDbEntity
  8
SLOTS
100
AcDbCircle
 10
27.57144471125448
 20
18.091853250589246
 30
0.0
 40
0.125
100
AcDbArc
 50
19.556786184435055
 51
199.55678618443505
  0
ARC
  5
484
330
17
100
AcDbEntity
  8
SLOTS
100
AcDbCircle
 10
28.493237553539565
 20
15.496966722218378
 30
0.0
 40
0.125
100
AcDbArc
 50
199.55678618443505
 51
379.55678618443505
  0
LINE
  5
485
330
17
100
AcDbEntity
  8
SLOTS
100
AcDbLine
 10
27.61605528463601
 20
15.352310955008715
 30
0.0
 11
26.85315168902773
 21
17.499917414809545
 31
0.0
  0
LINE
  5
486
330
17
100
AcDbEntity
  8
SLOTS
100
AcDbLine
 10
27.088729236584893
 20
17.583602652975856
 30
0.0
 11
27.85163283219317
 21
15.435996193175026
 31
0.0
  0
ARC
  5
487
330
17
100
AcDbEntity
  8
SLOTS
100
AcDbCircle
 10
26.97094046280631
 20
17.5417600338927
 30
0.0
 40
0.125
100
AcDbArc
 50
19.55678618443507
 51
199.55678618443505
  0
ARC
  5
488
330
17
100
AcDbEntity
  8
SLOTS
100
AcDbCircle
 10
27.73384405841459
 20
15.39415357409187
 30
0.0
 40
0.125
100
AcDbArc
 50
199.55678618443505
 51
379.55678618443505
  0
LINE
  5
489
330
17
100
AcDbEntity
  8
SLOTS
100
AcDbLine
 10
26.856661789511026
 20
15.249497806882207
 30
0.0
 11
26.25264744057956
 21
16.949824198113
 31
0.0
  0
LINE
  5
48A
330
17
100
AcDbEntity
  8
SLOTS
100
AcDbLine
 10
26.48822498813672
 20
17.03350943627931
 30
0.0
 11
27.09223933706819
 21
15.333183045048518
 31
0.0
  0
ARC
  5
48B
330
17
100
AcDbEntity
  8
SLOTS
100
AcDbCircle
 10
26.37043621435814
 20
16.991666817196155
 30
0.0
 40
0.125
100
AcDbArc
 50
19.55678618443497
 51
199.55678618443497
  0
ARC
  5
48C
330
17
100
AcDbEntity
  8
SLOTS
100
AcDbCircle
 10
26.974450563289608
 20
15.291340425965362
 30
0.0
 40
0.125
100
AcDbArc
 50
199.55678618443497
 51
379.55678618443494
  0
LINE
  5
48D
330
17
100
AcDbEntity
  8
SLOTS
100
AcDbLine
 10
26.097268294386055
 20
15.146684658755701
 30
0.0
 11
25.65214319213139
 21
16.399730981416457
 31
0.0
  0
LINE
  5
48E
330
17
100
AcDbEntity
  8
SLOTS
100
AcDbLine
 10
25.887720739688554
 20
16.483416219582768
 30
0.0
 11
26.332845841943218
 21
15.230369896922012
 31
0.0
  0
ARC
  5
48F
330
17
100
AcDbEntity
  8
SLOTS
100
AcDbCircle
 10
25.769931965909972
 20
16.441573600499613
 30
0.0
 40
0.125
100
AcDbArc
 50
19.556786184435055
 51
199.55678618443505
  0
ARC
  5
490
330
17
100
AcDbEntity
  8
SLOTS
100
AcDbCircle
 10
26.215057068164636
 20
15.188527277838856
 30
0.0
 40
0.125
100
AcDbArc
 50
199.55678618443505
 51
379.55678618443505
  0
LINE
  5
491
330
17
100
AcDbEntity
  8
SLOTS
100
AcDbLine
 10
25.337874799261076
 20
15.043871510629193
 30
0.0
 11
25.05163894368322
 21
15.849637764719912
 31
0.0
  0
LINE
  5
492
330
17
100
AcDbEntity
  8
SLOTS
100
AcDbLine
 10
25.287216491240383
 20
15.933323002886222
 30
0.0
 11
25.57345234681824
 21
15.127556748795504
 31
0.0
  0
ARC
  5
493
330
17
100
AcDbEntity
  8
SLOTS
100
AcDbCircle
 10
25.1694277174618
 20
15.891480383803067
 30
0.0
 40
0.125
100
AcDbArc
 50
19.55678618443507
 51
199.55678618443505
  0
ARC
  5
494
330
17
100
AcDbEntity
  8
SLOTS
100
AcDbCircle
 10
25.455663573039658
 20
15.085714129712349
 30
0.0
 40
0.125
100
AcDbArc
 50
199.55678618443505
 51
379.55678618443505
  0
LINE
  5
495
330
17
100
AcDbEntity
  8
SLOTS
100
AcDbLine
 10
24.5784813041361
 20
14.941058362502684
 30
0.0
 11
24.451134695235048
 21
15.299544548023368
 31
0.0
  0
LINE
  5
496
330
17
100
AcDbEntity
  8
SLOTS
100
AcDbLine
 10
24.68671224279221
 20
15.383229786189682
 30
0.0
 11
24.814058851693265
 21
15.024743600668998
 31
0.0
  0
ARC
  5
497
330
17
100
AcDbEntity
  8
SLOTS
100
AcDbCircle
 10
24.56892346901363
 20
15.341387167106525
 30
0.0
 40
0.125
100
AcDbArc
 50
19.556786184435424
 51
199.55678618443542
  0
ARC
  5
498
330
17
100
AcDbEntity
  8
SLOTS
100
AcDbCircle
 10
24.696270077914683
 20
14.982900981585841
 30
0.0
 40
0.125
100
AcDbArc
 50
199.55678618443542
 51
379.5567861844354
  0
LINE
  5
499
330
17
100
AcDbEntity
  8
SLOTS
100
AcDbLine
 10
34.719205150495014
 20
19.270357587672382
 30
0.0
 11
33.806017738988054
 21
18.69759556787014
 31
0.0
  0
LINE
  5
49A
330
17
100
AcDbEntity
  8
SLOTS
100
AcDbLine
 10
33.67318130294003
 20
18.90938433352606
 30
0.0
 11
34.58636871444699
 21
19.4821463533283
 31
0.0
  0
ARC
  5
49B
330
17
100
AcDbEntity
  8
SLOTS
100
AcDbCircle
 10
33.73959952096404
 20
18.8034899506981
 30
0.0
 40
0.125
100
AcDbArc
 50
-237.90357349030296
 51
-57.90357349030296
  0
ARC
  5
49C
330
17
100
AcDbEntity
  8
SLOTS
100
AcDbCircle
 10
34.652786932471
 20
19.37625197050034
 30
0.0
 40
0.125
100
AcDbArc
 50
-57.90357349030296
 51
122.09642650969704
  0
LINE
  5
49D
330
17
100
AcDbEntity
  8
SLOTS
100
AcDbLine
 10
34.94141821802401
 20
18.524416189048754
 30
0.0
 11
32.79190358595726
 21
17.17621501287909
 31
0.0
  0
LINE
  5
49E
330
17
100
AcDbEntity
  8
SLOTS
100
AcDbLine
 10
32.659067149909234
 20
17.38800377853501
 30
0.0
 11
34.80858178197599
 21
18.73620495470467
 31
0.0
  0
ARC
  5
49F
330
17
100
AcDbEntity
  8
SLOTS
100
AcDbCircle
 10
32.725485367933246
 20
17.28210939570705
 30
0.0
 40
0.125
100
AcDbArc
 50
-237.90357349030316
 51
-57.90357349030316
  0
ARC
  5
4A0
330
17
100
AcDbEntity
  8
SLOTS
100
AcDbCircle
 10
34.875
 20
18.630310571876713
 30
0.0
 40
0.125
100
AcDbArc
 50
-57.90357349030316
 51
122.09642650969684
  0
LINE
  5
4A1
330
17
100
AcDbEntity
  8
SLOTS
100
AcDbLine
 10
34.94141821802401
 20
17.639100108097516
 30
0.0
 11
31.777789432926465
 21
15.654834457888038
 31
0.0
  0
LINE
  5
4A2
330
17
100
AcDbEntity
  8
SLOTS
100
AcDbLine
 10
31.64495299687844
 20
15.866623223543959
 30
0.0
 11
34.80858178197599
 21
17.850888873753433
 31
0.0
  0
ARC
  5
4A3
330
17
100
AcDbEntity
  8
SLOTS
100
AcDbCircle
 10
31.711371214902453
 20
15.760728840715998
 30
0.0
 40
0.125
100
AcDbArc
 50
-237.90357349030313
 51
-57.90357349030313
  0
ARC
  5
4A4
330
17
100
AcDbEntity
  8
SLOTS
100
AcDbCircle
 10
34.875
 20
17.744994490925475
 30
0.0
 40
0.125
100
AcDbArc
 50
-57.90357349030313
 51
122.09642650969687
  0
LINE
  5
4A5
330
17
100
AcDbEntity
  8
SLOTS
100
AcDbLine
 10
34.94141821802401
 20
16.753784027146278
 30
0.0
 11
32.20649832069055
 21
15.038409696909904
 31
0.0
  0
LINE
  5
4A6
330
17
100
AcDbEntity
  8
SLOTS
100
AcDbLine
 10
32.073661884642526
 20
15.250198462565825
 30
0.0
 11
34.80858178197599
 21
16.965572792802195
 31
0.0
  0
ARC
  5
4A7
330
17
100
AcDbEntity
  8
SLOTS
100
AcDbCircle
 10
32.14008010266654
 20
15.144304079737864
 30
0.0
 40
0.125
100
AcDbArc
 50
-237.90357349030316
 51
-57.90357349030316
  0
ARC
  5
4A8
330
17
100
AcDbEntity
  8
SLOTS
100
AcDbCircle
 10
34.875
 20
16.859678409974237
 30
0.0
 40
0.125
100
AcDbArc
 50
-57.90357349030316
 51
122.09642650969684
  0
LINE
  5
4A9
330
17
100
AcDbEntity
  8
SLOTS
100
AcDbLine
 10
3.3602719149663254
 20
12.08643322137541
 30
0.0
 11
3.6849399707245363
 21
12.291580614993848
 31
0.0
  0
LINE
  5
4AA
330
17
100
AcDbEntity
  8
SLOTS
100
AcDbLine
 10
3.8184819037425033
 20
12.080235986186242
 30
0.0
 11
3.4938138479842924
 21
11.875088592567804
 31
0.0
  0
ARC
  5
4AB
330
17
100
AcDbEntity
  8
SLOTS
100
AcDbCircle
 10
3.75171093723352
 20
12.185908300590045
 30
0.0
 40
0.125
100
AcDbArc
 50
-57.71251335697943
 51
122.28748664302057
  0
ARC
  5
4AC
330
17
100
AcDbEntity
  8
SLOTS
100
AcDbCircle
 10
3.427042881475309
 20
11.980760906971607
 30
0.0
 40
0.125
100
AcDbArc
 50
122.28748664302057
 51
302.28748664302054
  0
LINE
  5
4AD
330
17
100
AcDbEntity
  8
SLOTS
100
AcDbLine
 10
2.3636443386233195
 20
12.343872585995712
 30
0.0
 11
3.6600576930625155
 21
13.163034853420633
 31
0.0
  0
LINE
  5
4AE
330
17
100
AcDbEntity
  8
SLOTS
100
AcDbLine
 10
3.7935996260804825
 20
12.951690224613028
 30
0.0
 11
2.4971862716412865
 21
12.132527957188106
 31
0.0
  0
ARC
  5
4AF
330
17
100
AcDbEntity
  8
SLOTS
100
AcDbCircle
 10
3.726828659571499
 20
13.05736253901683
 30
0.0
 40
0.125
100
AcDbArc
 50
-57.71251335697941
 51
122.2874866430206
  0
ARC
  5
4B0
330
17
100
AcDbEntity
  8
SLOTS
100
AcDbCircle
 10
2.430415305132303
 20
12.238200271591909
 30
0.0
 40
0.125
100
AcDbArc
 50
122.2874866430206
 51
302.2874866430206
  0
LINE
  5
4B1
330
17
100
AcDbEntity
  8
SLOTS
100
AcDbLine
 10
1.3670167622803144
 20
12.601311950616013
 30
0.0
 11
3.635175415400495
 21
14.03448909184742
 31
0.0
  0
LINE
  5
4B2
330
17
100
AcDbEntity
  8
SLOTS
100
AcDbLine
 10
3.768717348418462
 20
13.823144463039814
 30
0.0
 11
1.5005586952982815
 21
12.389967321808408
 31
0.0
  0
ARC
  5
4B3
330
17
100
AcDbEntity
  8
SLOTS
100
AcDbCircle
 10
3.7019463819094787
 20
13.928816777443616
 30
0.0
 40
0.125
100
AcDbArc
 50
-57.7125133569794
 51
122.2874866430206
  0
ARC
  5
4B4
330
17
100
AcDbEntity
  8
SLOTS
100
AcDbCircle
 10
1.433787728789298
 20
12.49563963621221
 30
0.0
 40
0.125
100
AcDbArc
 50
122.2874866430206
 51
302.2874866430206
  0
LINE
  5
4B5
330
17
100
AcDbEntity
  8
SLOTS
100
AcDbLine
 10
1.0582290334910165
 20
13.293375385728897
 30
0.0
 11
3.6102931377384744
 21
14.905943330274205
 31
0.0
  0
LINE
  5
4B6
330
17
100
AcDbEntity
  8
SLOTS
100
AcDbLine
 10
3.7438350707564414
 20
14.6945987014666
 30
0.0
 11
1.1917709665089835
 21
13.082030756921291
 31
0.0
  0
ARC
  5
4B7
330
17
100
AcDbEntity
  8
SLOTS
100
AcDbCircle
 10
3.677064104247458
 20
14.800271015870402
 30
0.0
 40
0.125
100
AcDbArc
 50
-57.71251335697937
 51
122.28748664302063
  0
ARC
  5
4B8
330
17
100
AcDbEntity
  8
SLOTS
100
AcDbCircle
 10
1.125
 20
13.187703071325094
 30
0.0
 40
0.125
100
AcDbArc
 50
122.28748664302063
 51
302.28748664302066
  0
LINE
  5
4B9
330
17
100
AcDbEntity
  8
SLOTS
100
AcDbLine
 10
7.095317359259157
 20
8.960782566828374
 30
0.0
 11
12.46631217050227
 21
3.9220873790063693
 31
0.0
  0
LINE
  5
4BA
330
17
100
AcDbEntity
  8
SLOTS
100
AcDbLine
 10
12.295265694313244
 20
3.739760466611856
 30
0.0
 11
6.924270883070131
 21
8.77845565443386
 31
0.0
  0
ARC
  5
4BB
330
17
100
AcDbEntity
  8
SLOTS
100
AcDbCircle
 10
12.380788932407757
 20
3.8309239228091125
 30
0.0
 40
0.125
100
AcDbArc
 50
-133.17161676062716
 51
46.828383239372826
  0
ARC
  5
4BC
330
17
100
AcDbEntity
  8
SLOTS
100
AcDbCircle
 10
7.009794121164644
 20
8.869619110631117
 30
0.0
 40
0.125
100
AcDbArc
 50
46.828383239372826
 51
226.82838323937284
  0
LINE
  5
4BD
330
17
100
AcDbEntity
  8
SLOTS
100
AcDbLine
 10
7.530532902560546
 20
9.580866093998369
 30
0.0
 11
12.790475299970044
 21
4.646352586264404
 31
0.0
  0
LINE
  5
4BE
330
17
100
AcDbEntity
  8
SLOTS
100
AcDbLine
 10
12.619428823781018
 20
4.464025673869891
 30
0.0
 11
7.35948642637152
 21
9.398539181603853
 31
0.0
  0
ARC
  5
4BF
330
17
100
AcDbEntity
  8
SLOTS
100
AcDbCircle
 10
12.704952061875531
 20
4.555189130067148
 30
0.0
 40
0.125
100
AcDbArc
 50
-133.17161676062716
 51
46.828383239372826
  0
ARC
  5
4C0
330
17
100
AcDbEntity
  8
SLOTS
100
AcDbCircle
 10
7.445009664466033
 20
9.489702637801111
 30
0.0
 40
0.125
100
AcDbArc
 50
46.828383239372826
 51
226.82838323937284
  0
LINE
  5
4C1
330
17
100
AcDbEntity
  8
SLOTS
100
AcDbLine
 10
7.9657484458619345
 20
10.20094962116836
 30
0.0
 11
12.78734241221031
 21
5.677664239284292
 31
0.0
  0
LINE
  5
4C2
330
17
100
AcDbEntity
  8
SLOTS
100
AcDbLine
 10
12.616295936021283
 20
5.4953373268897785
 30
0.0
 11
7.794701969672908
 21
10.018622708773846
 31
0.0
  0
ARC
  5
4C3
330
17
100
AcDbEntity
  8
SLOTS
100
AcDbCircle
 10
12.701819174115796
 20
5.586500783087035
 30
0.0
 40
0.125
100
AcDbArc
 50
-133.17161676062716
 51
46.82838323937284
  0
ARC
  5
4C4
330
17
100
AcDbEntity
  8
SLOTS
100
AcDbCircle
 10
7.880225207767421
 20
10.109786164971103
 30
0.0
 40
0.125
100
AcDbArc
 50
46.82838323937284
 51
226.82838323937284
  0
LINE
  5
4C5
330
17
100
AcDbEntity
  8
SLOTS
100
AcDbLine
 10
8.400963989163325
 20
10.821033148338355
 30
0.0
 11
12.784209524450574
 21
6.70897589230418
 31
0.0
  0
LINE
  5
4C6
330
17
100
AcDbEntity
  8
SLOTS
100
AcDbLine
 10
12.613163048261548
 20
6.526648979909666
 30
0.0
 11
8.229917512974298
 21
10.63870623594384
 31
0.0
  0
ARC
  5
4C7
330
17
100
AcDbEntity
  8
SLOTS
100
AcDbCircle
 10
12.698686286356061
 20
6.617812436106923
 30
0.0
 40
0.125
100
AcDbArc
 50
-133.17161676062716
 51
46.82838323937283
  0
ARC
  5
4C8
330
17
100
AcDbEntity
  8
SLOTS
100
AcDbCircle
 10
8.315440751068811
 20
10.729869692141097
 30
0.0
 40
0.125
100
AcDbArc
 50
46.82838323937283
 51
226.82838323937284
  0
LINE
  5
4C9
330
17
100
AcDbEntity
  8
SLOTS
100
AcDbLine
 10
8.836179532464714
 20
11.441116675508349
 30
0.0
 11
12.781076636690841
 21
7.740287545324067
 31
0.0
  0
LINE
  5
4CA
330
17
100
AcDbEntity
  8
SLOTS
100
AcDbLine
 10
12.610030160501815
 20
7.557960632929554
 30
0.0
 11
8.665133056275687
 21
11.258789763113834
 31
0.0
  0
ARC
  5
4CB
330
17
100
AcDbEntity
  8
SLOTS
100
AcDbCircle
 10
12.695553398596328
 20
7.64912408912681
 30
0.0
 40
0.125
100
AcDbArc
 50
-133.17161676062716
 51
46.82838323937284
  0
ARC
  5
4CC
330
17
100
AcDbEntity
  8
SLOTS
100
AcDbCircle
 10
8.7506562943702
 20
11.349953219311091
 30
0.0
 40
0.125
100
AcDbArc
 50
46.82838323937284
 51
226.82838323937284
  0
LINE
  5
4CD
330
17
100
AcDbEntity
  8
SLOTS
100
AcDbLine
 10
9.271395075766103
 20
12.061200202678343
 30
0.0
 11
12.777943748931106
 21
8.771599198343955
 31
0.0
  0
LINE
  5
4CE
330
17
100
AcDbEntity
  8
SLOTS
100
AcDbLine
 10
12.60689727274208
 20
8.58927228594944
 30
0.0
 11
9.100348599577076
 21
11.878873290283828
 31
0.0
  0
ARC
  5
4CF
330
17
100
AcDbEntity
  8
SLOTS
100
AcDbCircle
 10
12.692420510836593
 20
8.680435742146697
 30
0.0
 40
0.125
100
AcDbArc
 50
-133.17161676062716
 51
46.82838323937284
  0
ARC
  5
4D0
330
17
100
AcDbEntity
  8
SLOTS
100
AcDbCircle
 10
9.18587183767159
 20
11.970036746481085
 30
0.0
 40
0.125
100
AcDbArc
 50
46.82838323937284
 51
226.82838323937284
  0
LINE
  5
4D1
330
17
100
AcDbEntity
  8
SLOTS
100
AcDbLine
 10
9.706610619067492
 20
12.681283729848337
 30
0.0
 11
12.774810861171371
 21
9.802910851363842
 31
0.0
  0
LINE
  5
4D2
330
17
100
AcDbEntity
  8
SLOTS
100
AcDbLine
 10
12.603764384982345
 20
9.620583938969327
 30
0.0
 11
9.535564142878465
 21
12.498956817453822
 31
0.0
  0
ARC
  5
4D3
330
17
100
AcDbEntity
  8
SLOTS
100
AcDbCircle
 10
12.689287623076858
 20
9.711747395166585
 30
0.0
 40
0.125
100
AcDbArc
 50
-133.17161676062716
 51
46.828383239372826
  0
ARC
  5
4D4
330
17
100
AcDbEntity
  8
SLOTS
100
AcDbCircle
 10
9.621087380972979
 20
12.59012027365108
 30
0.0
 40
0.125
100
AcDbArc
 50
46.828383239372826
 51
226.82838323937284
  0
LINE
  5
4D5
330
17
100
AcDbEntity
  8
SLOTS
100
AcDbLine
 10
10.199959383383504
 20
13.24683069698185
 30
0.0
 11
12.771677973411638
 21
10.834222504383728
 31
0.0
  0
LINE
  5
4D6
330
17
100
AcDbEntity
  8
SLOTS
100
AcDbLine
 10
12.600631497222611
 20
10.651895591989213
 30
0.0
 11
10.028912907194478
 21
13.064503784587334
 31
0.0
  0
ARC
  5
4D7
330
17
100
AcDbEntity
  8
SLOTS
100
AcDbCircle
 10
12.686154735317125
 20
10.74305904818647
 30
0.0
 40
0.125
100
AcDbArc
 50
-133.17161676062713
 51
46.82838323937286
  0
ARC
  5
4D8
330
17
100
AcDbEntity
  8
SLOTS
100
AcDbCircle
 10
10.114436145288991
 20
13.155667240784592
 30
0.0
 40
0.125
100
AcDbArc
 50
46.82838323937286
 51
226.82838323937287
  0
LINE
  5
4D9
330
17
100
AcDbEntity
  8
SLOTS
100
AcDbLine
 10
11.62801807233743
 20
12.935497576757312
 30
0.0
 11
12.768545085651903
 21
11.865534157403616
 31
0.0
  0
LINE
  5
4DA
330
17
100
AcDbEntity
  8
SLOTS
100
AcDbLine
 10
12.597498609462876
 20
11.6832072450091
 30
0.0
 11
11.456971596148403
 21
12.753170664362797
 31
0.0
  0
ARC
  5
4DB
330
17
100
AcDbEntity
  8
SLOTS
100
AcDbCircle
 10
12.68302184755739
 20
11.774370701206358
 30
0.0
 40
0.125
100
AcDbArc
 50
-133.17161676062716
 51
46.828383239372826
  0
ARC
  5
4DC
330
17
100
AcDbEntity
  8
SLOTS
100
AcDbCircle
 10
11.542494834242916
 20
12.844334120560054
 30
0.0
 40
0.125
100
AcDbArc
 50
46.828383239372826
 51
226.82838323937284
  0
LINE
  5
4DD
330
17
100
AcDbEntity
  8
SLOTS
100
AcDbLine
 10
34.26250806694972
 20
6.857210786949666
 30
0.0
 11
31.520543573360587
 21
6.4182770993164
 31
0.0
  0
LINE
  5
4DE
330
17
100
AcDbEntity
  8
SLOTS
100
AcDbLine
 10
31.48102669157247
 20
6.665134175483448
 30
0.0
 11
34.222991185161604
 21
7.104067863116714
 31
0.0
  0
ARC
  5
4DF
330
17
100
AcDbEntity
  8
SLOTS
100
AcDbCircle
 10
31.50078513246653
 20
6.541705637399924
 30
0.0
 40
0.125
100
AcDbArc
 50
-260.9052536511037
 51
-80.90525365110369
  0
ARC
  5
4E0
330
17
100
AcDbEntity
  8
SLOTS
100
AcDbCircle
 10
34.24274962605566
 20
6.98063932503319
 30
0.0
 40
0.125
100
AcDbArc
 50
-80.90525365110369
 51
99.09474634889631
  0
LINE
  5
4E1
330
17
100
AcDbEntity
  8
SLOTS
100
AcDbLine
 10
34.68311679962193
 20
6.164993018331562
 30
0.0
 11
30.522288278197053
 21
5.49892757117178
 31
0.0
  0
LINE
  5
4E2
330
17
100
AcDbEntity
  8
SLOTS
100
AcDbLine
 10
30.482771396408936
 20
5.745784647338828
 30
0.0
 11
34.64359991783381
 21
6.41185009449861
 31
0.0
  0
ARC
  5
4E3
330
17
100
AcDbEntity
  8
SLOTS
100
AcDbCircle
 10
30.502529837302994
 20
5.622356109255304
 30
0.0
 40
0.125
100
AcDbArc
 50
-260.9052536511037
 51
-80.90525365110369
  0
ARC
  5
4E4
330
17
100
AcDbEntity
  8
SLOTS
100
AcDbCircle
 10
34.66335835872787
 20
6.288421556415086
 30
0.0
 40
0.125
100
AcDbArc
 50
-80.90525365110369
 51
99.09474634889631
  0
LINE
  5
4E5
330
17
100
AcDbEntity
  8
SLOTS
100
AcDbLine
 10
34.34726825051123
 20
5.3516815648731475
 30
0.0
 11
29.524032983033514
 21
4.579578043027162
 31
0.0
  0
LINE
  5
4E6
330
17
100
AcDbEntity
  8
SLOTS
100
AcDbLine
 10
29.484516101245397
 20
4.82643511919421
 30
0.0
 11
34.30775136872311
 21
5.598538641040196
 31
0.0
  0
ARC
  5
4E7
330
17
100
AcDbEntity
  8
SLOTS
100
AcDbCircle
 10
29.504274542139456
 20
4.703006581110686
 30
0.0
 40
0.125
100
AcDbArc
 50
-260.9052536511037
 51
-80.90525365110369
  0
ARC
  5
4E8
330
17
100
AcDbEntity
  8
SLOTS
100
AcDbCircle
 10
34.32750980961717
 20
5.4751101029566716
 30
0.0
 40
0.125
100
AcDbArc
 50
-80.90525365110369
 51
99.09474634889631
  0
LINE
  5
4E9
330
17
100
AcDbEntity
  8
SLOTS
100
AcDbLine
 10
34.01141970140053
 20
4.538370111414732
 30
0.0
 11
29.771363710047535
 21
3.859621930536585
 31
0.0
  0
LINE
  5
4EA
330
17
100
AcDbEntity
  8
SLOTS
100
AcDbLine
 10
29.731846828259417
 20
4.106479006703633
 30
0.0
 11
33.97190281961241
 21
4.78522718758178
 31
0.0
  0
ARC
  5
4EB
330
17
100
AcDbEntity
  8
SLOTS
100
AcDbCircle
 10
29.751605269153476
 20
3.9830504686201094
 30
0.0
 40
0.125
100
AcDbArc
 50
-260.90525365110364
 51
-80.90525365110366
  0
ARC
  5
4EC
330
17
100
AcDbEntity
  8
SLOTS
100
AcDbCircle
 10
33.99166126050647
 20
4.661798649498256
 30
0.0
 40
0.125
100
AcDbArc
 50
-80.90525365110366
 51
99.09474634889634
  0
LINE
  5
4ED
330
17
100
AcDbEntity
  8
SLOTS
100
AcDbLine
 10
33.67557115228983
 20
3.725058657956316
 30
0.0
 11
30.042252429821513
 21
3.1434369816258223
 31
0.0
  0
LINE
  5
4EE
330
17
100
AcDbEntity
  8
SLOTS
100
AcDbLine
 10
30.002735548033396
 20
3.3902940577928713
 30
0.0
 11
33.63605427050171
 21
3.971915734123365
 31
0.0
  0
ARC
  5
4EF
330
17
100
AcDbEntity
  8
SLOTS
100
AcDbCircle
 10
30.022493988927454
 20
3.266865519709347
 30
0.0
 40
0.125
100
AcDbArc
 50
-260.90525365110364
 51
-80.90525365110366
  0
ARC
  5
4F0
330
17
100
AcDbEntity
  8
SLOTS
100
AcDbCircle
 10
33.65581271139577
 20
3.8484871960398404
 30
0.0
 40
0.125
100
AcDbArc
 50
-80.90525365110366
 51
99.09474634889634
  0
LINE
  5
4F1
330
17
100
AcDbEntity
  8
SLOTS
100
AcDbLine
 10
33.339722603179126
 20
2.911747204497901
 30
0.0
 11
30.31314114959549
 21
2.4272520327150606
 31
0.0
  0
LINE
  5
4F2
330
17
100
AcDbEntity
  8
SLOTS
100
AcDbLine
 10
30.273624267807374
 20
2.6741091088821096
 30
0.0
 11
33.30020572139101
 21
3.15860428066495
 31
0.0
  0
ARC
  5
4F3
330
17
100
AcDbEntity
  8
SLOTS
100
AcDbCircle
 10
30.293382708701433
 20
2.550680570798585
 30
0.0
 40
0.125
100
AcDbArc
 50
-260.90525365110364
 51
-80.90525365110366
  0
ARC
  5
4F4
330
17
100
AcDbEntity
  8
SLOTS
100
AcDbCircle
 10
33.31996416228507
 20
3.0351757425814254
 30
0.0
 40
0.125
100
AcDbArc
 50
-80.90525365110366
 51
99.09474634889634
  0
LINE
  5
4F5
330
17
100
AcDbEntity
  8
SLOTS
100
AcDbLine
 10
33.003874054068426
 20
2.0984357510394855
 30
0.0
 11
30.58402986936947
 21
1.7110670838042983
 31
0.0
  0
LINE
  5
4F6
330
17
100
AcDbEntity
  8
SLOTS
100
AcDbLine
 10
30.544512987581353
 20
1.9579241599713473
 30
0.0
 11
32.96435717228031
 21
2.3452928272065345
 31
0.0
  0
ARC
  5
4F7
330
17
100
AcDbEntity
  8
SLOTS
100
AcDbCircle
 10
30.56427142847541
 20
1.8344956218878228
 30
0.0
 40
0.125
100
AcDbArc
 50
-260.90525365110364
 51
-80.90525365110366
  0
ARC
  5
4F8
330
17
100
AcDbEntity
  8
SLOTS
100
AcDbCircle
 10
32.98411561317437
 20
2.22186428912301
 30
0.0
 40
0.125
100
AcDbArc
 50
-80.90525365110366
 51
99.09474634889634
  0
LINE
  5
4F9
330
17
100
AcDbEntity
  8
SLOTS
100
AcDbLine
 10
32.668025504957726
 20
1.28512429758107
 30
0.0
 11
30.896705988241948
 21
1.0015714619164755
 31
0.0
  0
LINE
  5
4FA
330
17
100
AcDbEntity
  8
SLOTS
100
AcDbLine
 10
30.85718910645383
 20
1.2484285380835245
 30
0.0
 11
32.62850862316961
 21
1.531981373748119
 31
0.0
  0
ARC
  5
4FB
330
17
100
AcDbEntity
  8
SLOTS
100
AcDbCircle
 10
30.87694754734789
 20
1.125
 30
0.0
 40
0.125
100
AcDbArc
 50
-260.90525365110364
 51
-80.90525365110366
  0
ARC
  5
4FC
330
17
100
AcDbEntity
  8
SLOTS
100
AcDbCircle
 10
32.64826706406367
 20
1.4085528356645944
 30
0.0
 40
0.125
100
AcDbArc
 50
-80.90525365110366
 51
99.09474634889634
  0
LINE
  5
4FD
330
17
100
AcDbEntity
  8
SLOTS
100
AcDbLine
 10
34.02902384875699
 20
1.21781016702022
 30
0.0
 11
34.79126665599847
 21
1.9055057206500148
 31
0.0
  0
LINE
  5
4FE
330
17
100
AcDbEntity
  8
SLOTS
100
AcDbLine
 10
34.95873334400153
 20
1.719885386609575
 30
0.0
 11
34.19649053676005
 21
1.03218983297978
 31
0.0
  0
ARC
  5
4FF
330
17
100
AcDbEntity
  8
SLOTS
100
AcDbCircle
 10
34.875
 20
1.8126955536297948
 30
0.0
 40
0.125
100
AcDbArc
 50
-47.943218507207845
 51
132.05678149279214
  0
ARC
  5
500
330
17
100
AcDbEntity
  8
SLOTS
100
AcDbCircle
 10
34.11275719275852
 20
1.125
 30
0.0
 40
0.125
100
AcDbArc
 50
132.05678149279214
 51
312.05678149279214
  0
LINE
  5
501
330
17
100
AcDbEntity
  8
SLOTS
100
AcDbLine
 10
33.466377491893795
 20
1.7203169563831175
 30
0.0
 11
34.79126665599847
 21
2.91563212177561
 31
0.0
  0
LINE
  5
502
330
17
100
AcDbEntity
  8
SLOTS
100
AcDbLine
 10
34.95873334400153
 20
2.73001178773517
 30
0.0
 11
33.633844179896855
 21
1.5346966223426777
 31
0.0
  0
ARC
  5
503
330
17
100
AcDbEntity
  8
SLOTS
100
AcDbCircle
 10
34.875
 20
2.82282195475539
 30
0.0
 40
0.125
100
AcDbArc
 50
-47.943218507207725
 51
132.05678149279228
  0
ARC
  5
504
330
17
100
AcDbEntity
  8
SLOTS
100
AcDbCircle
 10
33.550110835895325
 20
1.6275067893628976
 30
0.0
 40
0.125
100
AcDbArc
 50
132.05678149279228
 51
312.05678149279225
  0
LINE
  5
505
330
17
100
AcDbEntity
  8
SLOTS
100
AcDbLine
 10
34.13116997048333
 20
3.3302192127470893
 30
0.0
 11
34.79126665599847
 21
3.925758522901206
 31
0.0
  0
LINE
  5
506
330
17
100
AcDbEntity
  8
SLOTS
100
AcDbLine
 10
34.95873334400153
 20
3.740138188860765
 30
0.0
 11
34.29863665848639
 21
3.1445988787066486
 31
0.0
  0
ARC
  5
507
330
17
100
AcDbEntity
  8
SLOTS
100
AcDbCircle
 10
34.875
 20
3.8329483558809856
 30
0.0
 40
0.125
100
AcDbArc
 50
-47.943218507207945
 51
132.05678149279206
  0
ARC
  5
508
330
17
100
AcDbEntity
  8
SLOTS
100
AcDbCircle
 10
34.21490331448486
 20
3.237409045726869
 30
0.0
 40
0.125
100
AcDbArc
 50
132.05678149279206
 51
312.0567814927921
  0
LINE
  5
509
330
17
100
AcDbEntity
  8
SLOTS
100
AcDbLine
 10
33.43229584585836
 20
13.953619708564903
 30
0.0
 11
31.611147879049604
 21
14.140277101453703
 31
0.0
  0
LINE
  5
50A
330
17
100
AcDbEntity
  8
SLOTS
100
AcDbLine
 10
31.636637930816875
 20
14.388974220980453
 30
0.0
 11
33.45778589762564
 21
14.202316828091652
 31
0.0
  0
ARC
  5
50B
330
17
100
AcDbEntity
  8
SLOTS
100
AcDbCircle
 10
31.62389290493324
 20
14.264625661217078
 30
0.0
 40
0.125
100
AcDbArc
 50
84.14794087548515
 51
264.1479408754851
  0
ARC
  5
50C
330
17
100
AcDbEntity
  8
SLOTS
100
AcDbCircle
 10
33.445040871742
 20
14.077968268328277
 30
0.0
 40
0.125
100
AcDbArc
 50
264.1479408754851
 51
444.1479408754851
  0
LINE
  5
50D
330
17
100
AcDbEntity
  8
SLOTS
100
AcDbLine
 10
33.49591991666538
 20
13.193169482127217
 30
0.0
 11
31.500443210591566
 21
13.39769458734355
 31
0.0
  0
LINE
  5
50E
330
17
100
AcDbEntity
  8
SLOTS
100
AcDbLine
 10
31.525933262358837
 20
13.646391706870299
 30
0.0
 11
33.52140996843266
 21
13.441866601653967
 31
0.0
  0
ARC
  5
50F
330
17
100
AcDbEntity
  8
SLOTS
100
AcDbCircle
 10
31.5131882364752
 20
13.522043147106924
 30
0.0
 40
0.125
100
AcDbArc
 50
84.14794087548512
 51
264.1479408754851
  0
ARC
  5
510
330
17
100
AcDbEntity
  8
SLOTS
100
AcDbCircle
 10
33.50866494254902
 20
13.317518041890592
 30
0.0
 40
0.125
100
AcDbArc
 50
264.1479408754851
 51
444.1479408754851
  0
LINE
  5
511
330
17
100
AcDbEntity
  8
SLOTS
100
AcDbLine
 10
33.5595439874724
 20
12.432719255689536
 30
0.0
 11
31.389738542133525
 21
12.655112073233399
 31
0.0
  0
LINE
  5
512
330
17
100
AcDbEntity
  8
SLOTS
100
AcDbLine
 10
31.415228593900796
 20
12.903809192760148
 30
0.0
 11
33.58503403923968
 21
12.681416375216285
 31
0.0
  0
ARC
  5
513
330
17
100
AcDbEntity
  8
SLOTS
100
AcDbCircle
 10
31.40248356801716
 20
12.779460632996773
 30
0.0
 40
0.125
100
AcDbArc
 50
84.14794087548515
 51
264.1479408754851
  0
ARC
  5
514
330
17
100
AcDbEntity
  8
SLOTS
100
AcDbCircle
 10
33.57228901335604
 20
12.55706781545291
 30
0.0
 40
0.125
100
AcDbArc
 50
264.1479408754851
 51
444.1479408754851
  0
LINE
  5
515
330
17
100
AcDbEntity
  8
SLOTS
100
AcDbLine
 10
33.62316805827942
 20
11.672269029251853
 30
0.0
 11
31.279033873675484
 21
11.912529559123247
 31
0.0
  0
LINE
  5
516
330
17
100
AcDbEntity
  8
SLOTS
100
AcDbLine
 10
31.304523925442755
 20
12.161226678649996
 30
0.0
 11
33.648658110046696
 21
11.920966148778602
 31
0.0
  0
ARC
  5
517
330
17
100
AcDbEntity
  8
SLOTS
100
AcDbCircle
 10
31.29177889955912
 20
12.036878118886621
 30
0.0
 40
0.125
100
AcDbArc
 50
84.14794087548515
 51
264.1479408754851
  0
ARC
  5
518
330
17
100
AcDbEntity
  8
SLOTS
100
AcDbCircle
 10
33.63591308416306
 20
11.796617589015227
 30
0.0
 40
0.125
100
AcDbArc
 50
264.1479408754851
 51
444.1479408754851
  0
LINE
  5
519
330
17
100
AcDbEntity
  8
SLOTS
100
AcDbLine
 10
33.686792129086434
 20
10.91181880281417
 30
0.0
 11
31.168329205217443
 21
11.169947045013094
 31
0.0
  0
LINE
  5
51A
330
17
100
AcDbEntity
  8
SLOTS
100
AcDbLine
 10
31.193819256984714
 20
11.418644164539844
 30
0.0
 11
33.71228218085371
 21
11.160515922340918
 31
0.0
  0
ARC
  5
51B
330
17
100
AcDbEntity
  8
SLOTS
100
AcDbCircle
 10
31.18107423110108
 20
11.294295604776469
 30
0.0
 40
0.125
100
AcDbArc
 50
84.14794087548515
 51
264.1479408754851
  0
ARC
  5
51C
330
17
100
AcDbEntity
  8
SLOTS
100
AcDbCircle
 10
33.69953715497007
 20
11.036167362577544
 30
0.0
 40
0.125
100
AcDbArc
 50
264.1479408754851
 51
444.1479408754851
  0
LINE
  5
51D
330
17
100
AcDbEntity
  8
SLOTS
100
AcDbLine
 10
33.75041619989346
 20
10.151368576376484
 30
0.0
 11
31.057624536759402
 21
10.427364530902942
 31
0.0
  0
LINE
  5
51E
330
17
100
AcDbEntity
  8
SLOTS
100
AcDbLine
 10
31.083114588526673
 20
10.676061650429691
 30
0.0
 11
33.775906251660736
 21
10.400065695903233
 31
0.0
  0
ARC
  5
51F
330
17
100
AcDbEntity
  8
SLOTS
100
AcDbCircle
 10
31.070369562643037
 20
10.551713090666317
 30
0.0
 40
0.125
100
AcDbArc
 50
84.14794087548512
 51
264.1479408754851
  0
ARC
  5
520
330
17
100
AcDbEntity
  8
SLOTS
100
AcDbCircle
 10
33.7631612257771
 20
10.275717136139859
 30
0.0
 40
0.125
100
AcDbArc
 50
264.1479408754851
 51
444.1479408754851
  0
LINE
  5
521
330
17
100
AcDbEntity
  8
SLOTS
100
AcDbLine
 10
33.814040270700474
 20
9.3909183499388
 30
0.0
 11
30.946919868301364
 21
9.68478201679279
 31
0.0
  0
LINE
  5
522
330
17
100
AcDbEntity
  8
SLOTS
100
AcDbLine
 10
30.972409920068635
 20
9.933479136319539
 30
0.0
 11
33.83953032246775
 21
9.63961546946555
 31
0.0
  0
ARC
  5
523
330
17
100
AcDbEntity
  8
SLOTS
100
AcDbCircle
 10
30.959664894185
 20
9.809130576556164
 30
0.0
 40
0.125
100
AcDbArc
 50
84.14794087548512
 51
264.1479408754851
  0
ARC
  5
524
330
17
100
AcDbEntity
  8
SLOTS
100
AcDbCircle
 10
33.82678529658411
 20
9.515266909702175
 30
0.0
 40
0.125
100
AcDbArc
 50
264.1479408754851
 51
444.1479408754851
  0
LINE
  5
525
330
17
100
AcDbEntity
  8
SLOTS
100
AcDbLine
 10
33.8776643415075
 20
8.63046812350112
 30
0.0
 11
31.6287110946723
 21
8.860973144198947
 31
0.0
  0
LINE
  5
526
330
17
100
AcDbEntity
  8
SLOTS
100
AcDbLine
 10
31.654201146439572
 20
9.109670263725697
 30
0.0
 11
33.903154393274775
 21
8.879165243027868
 31
0.0
  0
ARC
  5
527
330
17
100
AcDbEntity
  8
SLOTS
100
AcDbCircle
 10
31.641456120555937
 20
8.985321703962322
 30
0.0
 40
0.125
100
AcDbArc
 50
84.14794087548515
 51
264.1479408754851
  0
ARC
  5
528
330
17
100
AcDbEntity
  8
SLOTS
100
AcDbCircle
 10
33.890409367391136
 20
8.754816683264494
 30
0.0
 40
0.125
100
AcDbArc
 50
264.1479408754851
 51
444.1479408754851
  0
LINE
  5
529
330
17
100
AcDbEntity
  8
SLOTS
100
AcDbLine
 10
33.94128841231451
 20
7.870017897063435
 30
0.0
 11
32.38796325886944
 21
8.029224962461157
 31
0.0
  0
LINE
  5
52A
330
17
100
AcDbEntity
  8
SLOTS
100
AcDbLine
 10
32.41345331063672
 20
8.277922081987906
 30
0.0
 11
33.96677846408179
 21
8.118715016590183
 31
0.0
  0
ARC
  5
52B
330
17
100
AcDbEntity
  8
SLOTS
100
AcDbCircle
 10
32.40070828475308
 20
8.153573522224532
 30
0.0
 40
0.125
100
AcDbArc
 50
84.14794087548518
 51
264.1479408754852
  0
ARC
  5
52C
330
17
100
AcDbEntity
  8
SLOTS
100
AcDbCircle
 10
33.95403343819815
 20
7.99436645682681
 30
0.0
 40
0.125
100
AcDbArc
 50
264.1479408754852
 51
444.1479408754852
  0
LINE
  5
52D
330
17
100
AcDbEntity
  8
SLOTS
100
AcDbLine
 10
34.70977666403756
 20
7.558826473603675
 30
0.0
 11
34.77964106901157
 21
7.641260227758694
 31
0.0
  0
LINE
  5
52E
330
17
100
AcDbEntity
  8
SLOTS
100
AcDbLine
 10
34.97035893098843
 20
7.479622679141513
 30
0.0
 11
34.90049452601443
 21
7.397188924986494
 31
0.0
  0
ARC
  5
52F
330
17
100
AcDbEntity
  8
SLOTS
100
AcDbCircle
 10
34.875
 20
7.560441453450103
 30
0.0
 40
0.125
100
AcDbArc
 50
-40.282003469441264
 51
139.71799653055874
  0
ARC
  5
530
330
17
100
AcDbEntity
  8
SLOTS
100
AcDbCircle
 10
34.805135595025995
 20
7.478007699295085
 30
0.0
 40
0.125
100
AcDbArc
 50
139.71799653055874
 51
319.7179965305587
  0
LINE
  5
531
330
17
100
AcDbEntity
  8
SLOTS
100
AcDbLine
 10
34.84423136555691
 20
15.021929805395796
 30
0.0
 11
34.35510861958641
 21
13.571834736948194
 31
0.0
  0
LINE
  5
532
330
17
100
AcDbEntity
  8
SLOTS
100
AcDbLine
 10
34.11822147983437
 20
13.651737696969054
 30
0.0
 11
34.607344225804866
 21
15.101832765416656
 31
0.0
  0
ARC
  5
533
330
17
100
AcDbEntity
  8
SLOTS
100
AcDbCircle
 10
34.23666504971039
 20
13.611786216958624
 30
0.0
 40
0.125
100
AcDbArc
 50
-198.639452249031
 51
-18.639452249030995
  0
ARC
  5
534
330
17
100
AcDbEntity
  8
SLOTS
100
AcDbCircle
 10
34.72578779568089
 20
15.061881285406226
 30
0.0
 40
0.125
100
AcDbArc
 50
-18.639452249030995
 51
161.360547750969
  0
LINE
  5
535
330
17
100
AcDbEntity
  8
SLOTS
100
AcDbLine
 10
34.99344356987602
 20
13.117700629617786
 30
0.0
 11
34.51241960708551
 21
11.691615905498823
 31
0.0
  0
LINE
  5
536
330
17
100
AcDbEntity
  8
SLOTS
100
AcDbLine
 10
34.27553246733347
 20
11.771518865519683
 30
0.0
 11
34.75655643012398
 21
13.197603589638646
 31
0.0
  0
ARC
  5
537
330
17
100
AcDbEntity
  8
SLOTS
100
AcDbCircle
 10
34.39397603720949
 20
11.731567385509253
 30
0.0
 40
0.125
100
AcDbArc
 50
-198.63945224903082
 51
-18.639452249030825
  0
ARC
  5
538
330
17
100
AcDbEntity
  8
SLOTS
100
AcDbCircle
 10
34.875
 20
13.157652109628216
 30
0.0
 40
0.125
100
AcDbArc
 50
-18.639452249030825
 51
161.36054775096918
  0
LINE
  5
539
330
17
100
AcDbEntity
  8
SLOTS
100
AcDbLine
 10
34.99344356987602
 20
10.771104208771199
 30
0.0
 11
34.66973059458461
 21
9.81139707404945
 31
0.0
  0
LINE
  5
53A
330
17
100
AcDbEntity
  8
SLOTS
100
AcDbLine
 10
34.432843454832565
 20
9.89130003407031
 30
0.0
 11
34.75655643012398
 21
10.851007168792059
 31
0.0
  0
ARC
  5
53B
330
17
100
AcDbEntity
  8
SLOTS
100
AcDbCircle
 10
34.551287024708586
 20
9.85134855405988
 30
0.0
 40
0.125
100
AcDbArc
 50
-198.63945224903102
 51
-18.63945224903101
  0
ARC
  5
53C
330
17
100
AcDbEntity
  8
SLOTS
100
AcDbCircle
 10
34.875
 20
10.811055688781629
 30
0.0
 40
0.125
100
AcDbArc
 50
-18.63945224903101
 51
161.36054775096898
  0
ENDSEC
  0
SECTION
  2
OBJECTS
  0
DICTIONARY
  5
A
330
0
100
AcDbDictionary
281
1
  3
ACAD_COLOR
350
B
  3
ACAD_GROUP
350
C
  3
ACAD_LAYOUT
350
D
  3
ACAD_MATERIAL
350
E
  3
ACAD_MLEADERSTYLE
350
F
  3
ACAD_MLINESTYLE
350
10
  3
ACAD_PLOTSETTINGS
350
11
  3
ACAD_PLOTSTYLENAME
350
12
  3
ACAD_SCALELIST
350
14
  3
ACAD_TABLESTYLE
350
15
  3
ACAD_VISUALSTYLE
350
16
  3
EZDXF_META
350
2D
  0
DICTIONARY
  5
B
330
A
100
AcDbDictionary
281
1
  0
DICTIONARY
  5
C
330
A
100
AcDbDictionary
281
1
  0
DICTIONARY
  5
D
330
A
100
AcDbDictionary
281
1
  3
Model
350
1A
  3
Layout1
350
1E
  0
DICTIONARY
  5
E
330
A
100
AcDbDictionary
281
1
  3
ByBlock
350
1F
  3
ByLayer
350
20
  3
Global
350
21
  0
DICTIONARY
  5
F
330
A
100
AcDbDictionary
281
1
  3
Standard
350
2C
  0
DICTIONARY
  5
10
330
A
100
AcDbDictionary
281
1
  3
Standard
350
22
  0
DICTIONARY
  5
11
330
A
100
AcDbDictionary
281
1
  0
ACDBDICTIONARYWDFLT
  5
12
330
A
100
AcDbDictionary
281
1
  3
Normal
350
13
100
AcDbDictionaryWithDefault
340
13
  0
ACDBPLACEHOLDER
  5
13
330
12
  0
DICTIONARY
  5
14
330
A
100
AcDbDictionary
281
1
  0
DICTIONARY
  5
15
330
A
100
AcDbDictionary
281
1
  0
DICTIONARY
  5
16
330
A
100
AcDbDictionary
281
1
  3
2dWireframe
350
5A
  3
Basic
350
5B
  3
Brighten
350
5C
  3
ColorChange
350
5D
  3
Conceptual
350
5E
  3
Dim
350
5F
  3
EdgeColorOff
350
60
  3
Facepattern
350
61
  3
Flat
350
62
  3
FlatWithEdges
350
63
  3
Gouraud
350
64
  3
GouraudWithEdges
350
65
  3
Hidden
350
66
  3
JitterOff
350
67
  3
Linepattern
350
68
  3
Modeling
350
69
  3
OverhangOff
350
6A
  3
Realistic
350
6B
  3
Shaded
350
6C
  3
Shaded with edges
350
6D
  3
Shades of Gray
350
6E
  3
Sketchy
350
6F
  3
Thicken
350
70
  3
Wireframe
350
71
  3
X-Ray
350
72
  0
LAYOUT
  5
1A
330
D
100
AcDbPlotSettings
  1

  4
A3
  6

 40
7.5
 41
20.0
 42
7.5
 43
20.0
 44
420.0
 45
297.0
 46
0.0
 47
0.0
 48
0.0
 49
0.0
140
0.0
141
0.0
142
1.0
143
1.0
 70
1024
 72
1
 73
0
 74
5
  7

 75
16
 76
0
 77
2
 78
300
147
1.0
148
0.0
149
0.0
100
AcDbLayout
  1
Model
 70
1
 71
0
 10
0.0
 20
0.0
 11
420.0
 21
297.0
 12
0.0
 22
0.0
 32
0.0
 14
1e+20
 24
1e+20
 34
1e+20
 15
-1e+20
 25
-1e+20
 35
-1e+20
146
0.0
 13
0.0
 23
0.0
 33
0.0
 16
1.0
 26
0.0
 36
0.0
 17
0.0
 27
1.0
 37
0.0
 76
1
330
17
  0
LAYOUT
  5
1E
330
D
100
AcDbPlotSettings
  1

  4
A3
  6

 40
7.5
 41
20.0
 42
7.5
 43
20.0
 44
420.0
 45
297.0
 46
0.0
 47
0.0
 48
0.0
 49
0.0
140
0.0
141
0.0
142
1.0
143
1.0
 70
0
 72
1
 73
0
 74
5
  7

 75
16
 76
0
 77
2
 78
300
147
1.0
148
0.0
149
0.0
100
AcDbLayout
  1
Layout1
 70
1
 71
1
 10
0.0
 20
0.0
 11
420.0
 21
297.0
 12
0.0
 22
0.0
 32
0.0
 14
1e+20
 24
1e+20
 34
1e+20
 15
-1e+20
 25
-1e+20
 35
-1e+20
146
0.0
 13
0.0
 23
0.0
 33
0.0
 16
1.0
 26
0.0
 36
0.0
 17
0.0
 27
1.0
 37
0.0
 76
1
330
1B
  0
MATERIAL
  5
1F
102
{ACAD_REACTORS
330
E
102
}
330
E
100
AcDbMaterial
  1
ByBlock
  2

 70
0
 40
1.0
 71
1
 41
1.0
 91
-1023410177
 42
1.0
 72
1
  3

 73
1
 74
1
 75
1
 44
0.5
 73
0
 45
1.0
 46
1.0
 77
1
  4

 78
1
 79
1
170
1
 48
1.0
171
1
  6

172
1
173
1
174
1
140
1.0
141
1.0
175
1
  7

176
1
177
1
178
1
143
1.0
179
1
  8

270
1
271
1
272
1
145
1.0
146
1.0
273
1
  9

274
1
275
1
276
1
 42
1.0
 72
1
  3

 73
1
 74
1
 75
1
 94
63
  0
MATERIAL
  5
20
102
{ACAD_REACTORS
330
E
102
}
330
E
100
AcDbMaterial
  1
ByLayer
  2

 70
0
 40
1.0
 71
1
 41
1.0
 91
-1023410177
 42
1.0
 72
1
  3

 73
1
 74
1
 75
1
 44
0.5
 73
0
 45
1.0
 46
1.0
 77
1
  4

 78
1
 79
1
170
1
 48
1.0
171
1
  6

172
1
173
1
174
1
140
1.0
141
1.0
175
1
  7

176
1
177
1
178
1
143
1.0
179
1
  8

270
1
271
1
272
1
145
1.0
146
1.0
273
1
  9

274
1
275
1
276
1
 42
1.0
 72
1
  3

 73
1
 74
1
 75
1
 94
63
  0
MATERIAL
  5
21
102
{ACAD_REACTORS
330
E
102
}
330
E
100
AcDbMaterial
  1
Global
  2

 70
0
 40
1.0
 71
1
 41
1.0
 91
-1023410177
 42
1.0
 72
1
  3

 73
1
 74
1
 75
1
 44
0.5
 73
0
 45
1.0
 46
1.0
 77
1
  4

 78
1
 79
1
170
1
 48
1.0
171
1
  6

172
1
173
1
174
1
140
1.0
141
1.0
175
1
  7

176
1
177
1
178
1
143
1.0
179
1
  8

270
1
271
1
272
1
145
1.0
146
1.0
273
1
  9

274
1
275
1
276
1
 42
1.0
 72
1
  3

 73
1
 74
1
 75
1
 94
63
  0
MLINESTYLE
  5
22
102
{ACAD_REACTORS
330
10
102
}
330
10
100
AcDbMlineStyle
  2
Standard
 70
0
  3

 62
256
 51
90.0
 52
90.0
 71
2
 49
0.5
 62
256
  6
BYLAYER
 49
-0.5
 62
256
  6
BYLAYER
  0
MLEADERSTYLE
  5
2C
102
{ACAD_REACTORS
330
F
102
}
330
F
100
AcDbMLeaderStyle
179
2
170
2
171
1
172
0
 90
2
 40
0.0
 41
0.0
173
1
 91
-1056964608
 92
-2
290
1
 42
2.0
291
1
 43
8.0
  3
Standard
 44
4.0
300

342
29
174
1
175
1
176
0
178
1
 93
-1056964608
 45
4.0
292
0
297
0
 46
4.0
 94
-1056964608
 47
1.0
 49
1.0
140
1.0
294
1
141
0.0
177
0
142
1.0
295
0
296
0
143
3.75
271
0
272
9
273
9
  0
DICTIONARY
  5
2D
330
A
100
AcDbDictionary
280
1
281
1
  3
CREATED_BY_EZDXF
350
2E
  3
WRITTEN_BY_EZDXF
350
53F
  0
DICTIONARYVAR
  5
2E
330
2D
100
DictionaryVariables
280
0
  1
1.4.4 @ 2026-09-19T23:28:53.577761+00:00
  0
VISUALSTYLE
  5
5A
102
{ACAD_REACTORS
330
16
102
}
330
16
100
AcDbVisualStyle
  2
2dWireframe
 70
4
 90
0
 40
0.6
 62
7
290
0
291
0
  0
VISUALSTYLE
  5
5B
102
{ACAD_REACTORS
330
16
102
}
330
16
100
AcDbVisualStyle
  2
Basic
 70
7
 90
1
 40
0.6
 62
7
290
0
291
1
  0
VISUALSTYLE
  5
5C
102
{ACAD_REACTORS
330
16
102
}
330
16
100
AcDbVisualStyle
  2
Brighten
 70
12
 90
2
 40
0.6
 62
7
290
0
291
1
  0
VISUALSTYLE
  5
5D
102
{ACAD_REACTORS
330
16
102
}
330
16
100
AcDbVisualStyle
  2
ColorChange
 70
16
 90
2
 40
0.6
 62
8
290
0
291
1
  0
VISUALSTYLE
  5
5E
102
{ACAD_REACTORS
330
16
102
}
330
16
100
AcDbVisualStyle
  2
Conceptual
 70
9
 90
3
 40
0.6
 62
7
290
0
291
0
  0
VISUALSTYLE
  5
5F
102
{ACAD_REACTORS
330
16
102
}
330
16
100
AcDbVisualStyle
  2
Dim
 70
11
 90
2
 40
0.6
 62
7
290
0
291
1
  0
VISUALSTYLE
  5
60
102
{ACAD_REACTORS
330
16
102
}
330
16
100
AcDbVisualStyle
  2
EdgeColorOff
 70
22
 90
2
 40
0.6
 62
7
290
0
291
1
  0
VISUALSTYLE
  5
61
102
{ACAD_REACTORS
330
16
102
}
330
16
100
AcDbVisualStyle
  2
Facepattern
 70
15
 90
2
 40
0.6
 62
7
290
0
291
1
  0
VISUALSTYLE
  5
62
102
{ACAD_REACTORS
330
16
102
}
330
16
100
AcDbVisualStyle
  2
Flat
 70
0
 90
2
 40
0.6
 62
7
290
0
291
1
  0
VISUALSTYLE
  5
63
102
{ACAD_REACTORS
330
16
102
}
330
16
100
AcDbVisualStyle
  2
FlatWithEdges
 70
1
 90
2
 40
0.6
 62
7
290
0
291
1
  0
VISUALSTYLE
  5
64
102
{ACAD_REACTORS
330
16
102
}
330
16
100
AcDbVisualStyle
  2
Gouraud
 70
2
 90
2
 40
0.6
 62
7
290
0
291
1
  0
VISUALSTYLE
  5
65
102
{ACAD_REACTORS
330
16
102
}
330
16
100
AcDbVisualStyle
  2
GouraudWithEdges
 70
3
 90
2
 40
0.6
 62
7
290
0
291
1
  0
VISUALSTYLE
  5
66
102
{ACAD_REACTORS
330
16
102
}
330
16
100
AcDbVisualStyle
  2
Hidden
 70
6
 90
1
 40
0.6
 62
7
290
0
291
0
  0
VISUALSTYLE
  5
67
102
{ACAD_REACTORS
330
16
102
}
330
16
100
AcDbVisualStyle
  2
JitterOff
 70
20
 90
2
 40
0.6
 62
7
290
0
291
1
  0
VISUALSTYLE
  5
68
102
{ACAD_REACTORS
330
16
102
}
330
16
100
AcDbVisualStyle
  2
Linepattern
 70
14
 90
2
 40
0.6
 62
7
290
0
291
1
  0
VISUALSTYLE
  5
69
102
{ACAD_REACTORS
330
16
102
}
330
16
100
AcDbVisualStyle
  2
Modeling
 70
10
 90
2
 40
0.6
 62
7
290
0
291
0
  0
VISUALSTYLE
  5
6A
102
{ACAD_REACTORS
330
16
102
}
330
16
100
AcDbVisualStyle
  2
OverhangOff
 70
21
 90
2
 40
0.6
 62
7
290
0
291
1
  0
VISUALSTYLE
  5
6B
102
{ACAD_REACTORS
330
16
102
}
330
16
100
AcDbVisualStyle
  2
Realistic
 70
8
 90
2
 40
0.6
 62
7
290
0
291
0
  0
VISUALSTYLE
  5
6C
102
{ACAD_REACTORS
330
16
102
}
330
16
100
AcDbVisualStyle
  2
Shaded
 70
27
 90
2
 40
0.6
 62
7
290
0
291
0
  0
VISUALSTYLE
  5
6D
102
{ACAD_REACTORS
330
16
102
}
330
16
100
AcDbVisualStyle
  2
Shaded with edges
 70
26
 90
2
 40
0.6
 62
7
290
0
291
0
  0
VISUALSTYLE
  5
6E
102
{ACAD_REACTORS
330
16
102
}
330
16
100
AcDbVisualStyle
  2
Shades of Gray
 70
23
 90
2
 40
0.6
 62
7
290
0
291
0
  0
VISUALSTYLE
  5
6F
102
{ACAD_REACTORS
330
16
102
}
330
16
100
AcDbVisualStyle
  2
Sketchy
 70
24
 90
1
 40
0.6
 62
7
290
0
291
0
  0
VISUALSTYLE
  5
70
102
{ACAD_REACTORS
330
16
102
}
330
16
100
AcDbVisualStyle
  2
Thicken
 70
13
 90
2
 40
0.6
 62
7
290
0
291
1
  0
VISUALSTYLE
  5
71
102
{ACAD_REACTORS
330
16
102
}
330
16
100
AcDbVisualStyle
  2
Wireframe
 70
5
 90
0
 40
0.6
 62
7
290
0
291
0
  0
VISUALSTYLE
  5
72
102
{ACAD_REACTORS
330
16
102
}
330
16
100
AcDbVisualStyle
  2
X-Ray
 70
25
 90
2
 40
0.5
 62
7
290
0
291
0
  0
DICTIONARYVAR
  5
53F
330
2D
100
DictionaryVariables
280
0
  1
1.4.4 @ 2026-09-19T23:28:53.621443+00:00
  0
ENDSEC
  0
EOF
