  0
SECTION
  2
HEADER
  9
$ACADVER
  1
AC1024
  9
$ACADMAINTVER
 70
6
  9
$DWGCODEPAGE
  3
ANSI_1252
  9
$LASTSAVEDBY
  1
ezdxf
  9
$INSBASE
 10
0.0
 20
0.0
 30
0.0
  9
$EXTMIN
 10
1e+20
 20
1e+20
 30
1e+20
  9
$EXTMAX
 10
-1e+20
 20
-1e+20
 30
-1e+20
  9
$LIMMIN
 10
0.0
 20
0.0
  9
$LIMMAX
 10
420.0
 20
297.0
  9
$ORTHOMODE
 70
0
  9
$REGENMODE
 70
1
  9
$FILLMODE
 70
1
  9
$QTEXTMODE
 70
0
  9
$MIRRTEXT
 70
1
  9
$LTSCALE
 40
1.0
  9
$ATTMODE
 70
1
  9
$TEXTSIZE
 40
2.5
  9
$TRACEWID
 40
1.0
  9
$TEXTSTYLE
  7
OpenSans
  9
$CLAYER
  8
0
  9
$CELTYPE
  6
ByLayer
  9
$CECOLOR
 62
256
  9
$CELTSCALE
 40
1.0
  9
$DISPSILH
 70
0
  9
$DIMSCALE
 40
1.0
  9
$DIMASZ
 40
0.175
  9
$DIMEXO
 40
0.125
  9
$DIMDLI
 40
3.75
  9
$DIMRND
 40
0.0
  9
$DIMDLE
 40
0.0
  9
$DIMEXE
 40
0.375
  9
$DIMTP
 40
0.0
  9
$DIMTM
 40
0.0
  9
$DIMTXT
 40
0.25
  9
$DIMCEN
 40
2.5
  9
$DIMTSZ
 40
0.0
  9
$DIMTOL
 70
0
  9
$DIMLIM
 70
0
  9
$DIMTIH
 70
0
  9
$DIMTOH
 70
0
  9
$DIMSE1
 70
0
  9
$DIMSE2
 70
0
  9
$DIMTAD
 70
1
  9
$DIMZIN
 70
12
  9
$DIMBLK
  1
ARCHTICK
  9
$DIMASO
 70
1
  9
$DIMSHO
 70
1
  9
$DIMPOST
  1

  9
$DIMAPOST
  1

  9
$DIMALT
 70
0
  9
$DIMALTD
 70
3
  9
$DIMALTF
 40
0.03937007874
  9
$DIMLFAC
 40
100.0
  9
$DIMTOFL
 70
1
  9
$DIMTVP
 40
0.0
  9
$DIMTIX
 70
0
  9
$DIMSOXD
 70
0
  9
$DIMSAH
 70
0
  9
$DIMBLK1
  1

  9
$DIMBLK2
  1

  9
$DIMSTYLE
  2
EZDXF
  9
$DIMCLRD
 70
0
  9
$DIMCLRE
 70
0
  9
$DIMCLRT
 70
0
  9
$DIMTFAC
 40
0.5
  9
$DIMGAP
 40
0.1
  9
$DIMJUST
 70
0
  9
$DIMSD1
 70
0
  9
$DIMSD2
 70
0
  9
$DIMTOLJ
 70
0
  9
$DIMTZIN
 70
8
  9
$DIMALTZ
 70
0
  9
$DIMALTTZ
 70
0
  9
$DIMUPT
 70
1
  9
$DIMDEC
 70
2
  9
$DIMTDEC
 70
2
  9
$DIMALTU
 70
2
  9
$DIMALTTD
 70
3
  9
$DIMTXSTY
  7
OpenSansCondensed-Light
  9
$DIMAUNIT
 70
0
  9
$DIMADEC
 70
2
  9
$DIMALTRND
 40
0.0
  9
$DIMAZIN
 70
3
  9
$DIMDSEP
 70
46
  9
$DIMATFIT
 70
3
  9
$DIMFRAC
 70
0
  9
$DIMLDRBLK
  1

  9
$DIMLUNIT
 70
2
  9
$DIMLWD
 70
-2
  9
$DIMLWE
 70
-2
  9
$DIMTMOVE
 70
2
  9
$DIMFXL
 40
1.0
  9
$DIMFXLON
 70
0
  9
$DIMJOGANG
 40
0.785398163397
  9
$DIMTFILL
 70
0
  9
$DIMTFILLCLR
 70
0
  9
$DIMARCSYM
 70
0
  9
$DIMLTYPE
  6

  9
$DIMLTEX1
  6

  9
$DIMLTEX2
  6

  9
$DIMTXTDIRECTION
 70
0
  9
$LUNITS
 70
2
  9
$LUPREC
 70
4
  9
$SKETCHINC
 40
1.0
  9
$FILLETRAD
 40
10.0
  9
$AUNITS
 70
0
  9
$AUPREC
 70
2
  9
$MENU
  1
.
  9
$ELEVATION
 40
0.0
  9
$PELEVATION
 40
0.0
  9
$THICKNESS
 40
0.0
  9
$LIMCHECK
 70
0
  9
$CHAMFERA
 40
0.0
  9
$CHAMFERB
 40
0.0
  9
$CHAMFERC
 40
0.0
  9
$CHAMFERD
 40
0.0
  9
$SKPOLY
 70
0
  9
$TDCREATE
 40
2461303.6868171296
  9
$TDUCREATE
 40
2458532.153996898
  9
$TDUPDATE
 40
2461303.6868171296
  9
$TDUUPDATE
 40
2458532.1544311
  9
$TDINDWG
 40
0.0
  9
$TDUSRTIMER
 40
0.0
  9
$USRTIMER
 70
1
  9
$ANGBASE
 50
0.0
  9
$ANGDIR
 70
0
  9
$PDMODE
 70
0
  9
$PDSIZE
 40
0.0
  9
$PLINEWID
 40
0.0
  9
$SPLFRAME
 70
0
  9
$SPLINETYPE
 70
6
  9
$SPLINESEGS
 70
8
  9
$HANDSEED
  5
598
  9
$SURFTAB1
 70
6
  9
$SURFTAB2
 70
6
  9
$SURFTYPE
 70
6
  9
$SURFU
 70
6
  9
$SURFV
 70
6
  9
$UCSBASE
  2

  9
$UCSNAME
  2

  9
$UCSORG
 10
0.0
 20
0.0
 30
0.0
  9
$UCSXDIR
 10
1.0
 20
0.0
 30
0.0
  9
$UCSYDIR
 10
0.0
 20
1.0
 30
0.0
  9
$UCSORTHOREF
  2

  9
$UCSORTHOVIEW
 70
0
  9
$UCSORGTOP
 10
0.0
 20
0.0
 30
0.0
  9
$UCSORGBOTTOM
 10
0.0
 20
0.0
 30
0.0
  9
$UCSORGLEFT
 10
0.0
 20
0.0
 30
0.0
  9
$UCSORGRIGHT
 10
0.0
 20
0.0
 30
0.0
  9
$UCSORGFRONT
 10
0.0
 20
0.0
 30
0.0
  9
$UCSORGBACK
 10
0.0
 20
0.0
 30
0.0
  9
$PUCSBASE
  2

  9
$PUCSNAME
  2

  9
$PUCSORG
 10
0.0
 20
0.0
 30
0.0
  9
$PUCSXDIR
 10
1.0
 20
0.0
 30
0.0
  9
$PUCSYDIR
 10
0.0
 20
1.0
 30
0.0
  9
$PUCSORTHOREF
  2

  9
$PUCSORTHOVIEW
 70
0
  9
$PUCSORGTOP
 10
0.0
 20
0.0
 30
0.0
  9
$PUCSORGBOTTOM
 10
0.0
 20
0.0
 30
0.0
  9
$PUCSORGLEFT
 10
0.0
 20
0.0
 30
0.0
  9
$PUCSORGRIGHT
 10
0.0
 20
0.0
 30
0.0
  9
$PUCSORGFRONT
 10
0.0
 20
0.0
 30
0.0
  9
$PUCSORGBACK
 10
0.0
 20
0.0
 30
0.0
  9
$USERI1
 70
0
  9
$USERI2
 70
0
  9
$USERI3
 70
0
  9
$USERI4
 70
0
  9
$USERI5
 70
0
  9
$USERR1
 40
0.0
  9
$USERR2
 40
0.0
  9
$USERR3
 40
0.0
  9
$USERR4
 40
0.0
  9
$USERR5
 40
0.0
  9
$WORLDVIEW
 70
1
  9
$SHADEDGE
 70
3
  9
$SHADEDIF
 70
70
  9
$TILEMODE
 70
1
  9
$MAXACTVP
 70
64
  9
$PINSBASE
 10
0.0
 20
0.0
 30
0.0
  9
$PLIMCHECK
 70
0
  9
$PEXTMIN
 10
1e+20
 20
1e+20
 30
1e+20
  9
$PEXTMAX
 10
-1e+20
 20
-1e+20
 30
-1e+20
  9
$PLIMMIN
 10
0.0
 20
0.0
  9
$PLIMMAX
 10
420.0
 20
297.0
  9
$UNITMODE
 70
0
  9
$VISRETAIN
 70
1
  9
$PLINEGEN
 70
0
  9
$PSLTSCALE
 70
1
  9
$TREEDEPTH
 70
3020
  9
$CMLSTYLE
  2
Standard
  9
$CMLJUST
 70
0
  9
$CMLSCALE
 40
20.0
  9
$PROXYGRAPHICS
 70
1
  9
$MEASUREMENT
 70
1
  9
$CELWEIGHT
370
-1
  9
$ENDCAPS
280
0
  9
$JOINSTYLE
280
0
  9
$LWDISPLAY
290
0
  9
$INSUNITS
 70
1
  9
$HYPERLINKBASE
  1

  9
$STYLESHEET
  1

  9
$XEDIT
290
1
  9
$CEPSNTYPE
380
0
  9
$PSTYLEMODE
290
1
  9
$FINGERPRINTGUID
  2
{ECE375C4-CCA1-475C-A7C1-6DC8EF90F806}
  9
$VERSIONGUID
  2
{8F6C452B-1B8F-4204-AB15-6B5FEEDDFC7E}
  9
$EXTNAMES
290
1
  9
$PSVPSCALE
 40
0.0
  9
$OLESTARTUP
290
0
  9
$SORTENTS
280
127
  9
$INDEXCTL
280
0
  9
$HIDETEXT
280
1
  9
$XCLIPFRAME
280
1
  9
$HALOGAP
280
0
  9
$OBSCOLOR
 70
257
  9
$OBSLTYPE
280
0
  9
$INTERSECTIONDISPLAY
280
0
  9
$INTERSECTIONCOLOR
 70
257
  9
$DIMASSOC
280
2
  9
$PROJECTNAME
  1

  9
$CAMERADISPLAY
290
0
  9
$LENSLENGTH
 40
50.0
  9
$CAMERAHEIGHT
 40
0.0
  9
$STEPSPERSEC
 40
24.0
  9
$STEPSIZE
 40
100.0
  9
$3DDWFPREC
 40
2.0
  9
$PSOLWIDTH
 40
0.005
  9
$PSOLHEIGHT
 40
0.08
  9
$LOFTANG1
 40
1.570796326795
  9
$LOFTANG2
 40
1.570796326795
  9
$LOFTMAG1
 40
0.0
  9
$LOFTMAG2
 40
0.0
  9
$LOFTPARAM
 70
7
  9
$LOFTNORMALS
280
1
  9
$LATITUDE
 40
37.795
  9
$LONGITUDE
 40
-122.394
  9
$NORTHDIRECTION
 40
0.0
  9
$TIMEZONE
 70
-8000
  9
$LIGHTGLYPHDISPLAY
280
1
  9
$TILEMODELIGHTSYNCH
280
1
  9
$CMATERIAL
347
20
  9
$SOLIDHIST
280
0
  9
$SHOWHIST
280
1
  9
$DWFFRAME
280
2
  9
$DGNFRAME
280
2
  9
$REALWORLDSCALE
290
1
  9
$INTERFERECOLOR
 62
256
  9
$CSHADOW
280
0
  9
$SHADOWPLANELOCATION
 40
0.0
  0
ENDSEC
  0
SECTION
  2
CLASSES
  0
CLASS
  1
ACDBDICTIONARYWDFLT
  2
AcDbDictionaryWithDefault
  3
ObjectDBX Classes
 90
0
 91
0
280
0
281
0
  0
CLASS
  1
SUN
  2
AcDbSun
  3
SCENEOE
 90
1153
 91
0
280
0
281
0
  0
CLASS
  1
VISUALSTYLE
  2
AcDbVisualStyle
  3
ObjectDBX Classes
 90
4095
 91
0
280
0
281
0
  0
CLASS
  1
MATERIAL
  2
AcDbMaterial
  3
ObjectDBX Classes
 90
1153
 91
0
280
0
281
0
  0
CLASS
  1
SCALE
  2
AcDbScale
  3
ObjectDBX Classes
 90
1153
 91
0
280
0
281
0
  0
CLASS
  1
TABLESTYLE
  2
AcDbTableStyle
  3
ObjectDBX Classes
 90
4095
 91
0
280
0
281
0
  0
CLASS
  1
MLEADERSTYLE
  2
AcDbMLeaderStyle
  3
ACDB_MLEADERSTYLE_CLASS
 90
4095
 91
0
280
0
281
0
  0
CLASS
  1
DICTIONARYVAR
  2
AcDbDictionaryVar
  3
ObjectDBX Classes
 90
0
 91
0
280
0
281
0
  0
CLASS
  1
CELLSTYLEMAP
  2
AcDbCellStyleMap
  3
ObjectDBX Classes
 90
1152
 91
0
280
0
281
0
  0
CLASS
  1
MENTALRAYRENDERSETTINGS
  2
AcDbMentalRayRenderSettings
  3
SCENEOE
 90
1024
 91
0
280
0
281
0
  0
CLASS
  1
ACDBDETAILVIEWSTYLE
  2
AcDbDetailViewStyle
  3
ObjectDBX Classes
 90
1025
 91
0
280
0
281
0
  0
CLASS
  1
ACDBSECTIONVIEWSTYLE
  2
AcDbSectionViewStyle
  3
ObjectDBX Classes
 90
1025
 91
0
280
0
281
0
  0
CLASS
  1
RASTERVARIABLES
  2
AcDbRasterVariables
  3
ISM
 90
0
 91
0
280
0
281
0
  0
CLASS
  1
ACDBPLACEHOLDER
  2
AcDbPlaceHolder
  3
ObjectDBX Classes
 90
0
 91
0
280
0
281
0
  0
CLASS
  1
LAYOUT
  2
AcDbLayout
  3
ObjectDBX Classes
 90
0
 91
0
280
0
281
0
  0
ENDSEC
  0
SECTION
  2
TABLES
  0
TABLE
  2
VPORT
  5
8
330
0
100
AcDbSymbolTable
 70
1
  0
VPORT
  5
23
330
8
100
AcDbSymbolTableRecord
100
AcDbViewportTableRecord
  2
*Active
 70
0
 10
0.0
 20
0.0
 11
1.0
 21
1.0
 12
0.0
 22
0.0
 13
0.0
 23
0.0
 14
0.5
 24
0.5
 15
0.5
 25
0.5
 16
0.0
 26
0.0
 36
1.0
 17
0.0
 27
0.0
 37
0.0
 40
1000.0
 41
1.34
 42
50.0
 43
0.0
 44
0.0
 50
0.0
 51
0.0
 71
0
 72
1000
 73
1
 74
3
 75
0
 76
0
 77
0
 78
0
281
0
 65
0
146
0.0
  0
ENDTAB
  0
TABLE
  2
LTYPE
  5
2
330
0
100
AcDbSymbolTable
 70
21
  0
LTYPE
  5
24
330
2
100
AcDbSymbolTableRecord
100
AcDbLinetypeTableRecord
  2
ByBlock
 70
0
  3

 72
65
 73
0
 40
0.0
  0
LTYPE
  5
25
330
2
100
AcDbSymbolTableRecord
100
AcDbLinetypeTableRecord
  2
ByLayer
 70
0
  3

 72
65
 73
0
 40
0.0
  0
LTYPE
  5
26
330
2
100
AcDbSymbolTableRecord
100
AcDbLinetypeTableRecord
  2
Continuous
 70
0
  3

 72
65
 73
0
 40
0.0
  0
LTYPE
  5
2F
330
2
100
AcDbSymbolTableRecord
100
AcDbLinetypeTableRecord
  2
CENTER
 70
0
  3
Center ____ _ ____ _ ____ _ ____ _ ____ _ ____
 72
65
 73
4
 40
5.08
 49
3.175
 74
0
 49
-0.635
 74
0
 49
0.635
 74
0
 49
-0.635
 74
0
  0
LTYPE
  5
30
330
2
100
AcDbSymbolTableRecord
100
AcDbLinetypeTableRecord
  2
CENTERX2
 70
0
  3
Center (2x) ________  __  ________  __  ________
 72
65
 73
4
 40
8.89
 49
6.35
 74
0
 49
-0.635
 74
0
 49
1.27
 74
0
 49
-0.635
 74
0
  0
LTYPE
  5
31
330
2
100
AcDbSymbolTableRecord
100
AcDbLinetypeTableRecord
  2
CENTER2
 70
0
  3
Center (.5x) ____ _ ____ _ ____ _ ____ _ ____
 72
65
 73
4
 40
2.54
 49
1.587
 74
0
 49
-0.318
 74
0
 49
0.318
 74
0
 49
-0.318
 74
0
  0
LTYPE
  5
32
330
2
100
AcDbSymbolTableRecord
100
AcDbLinetypeTableRecord
  2
DASHED
 70
0
  3
Dashed __ __ __ __ __ __ __ __ __ __ __ __ __ _
 72
65
 73
2
 40
1.524
 49
1.27
 74
0
 49
-0.254
 74
0
  0
LTYPE
  5
33
330
2
100
AcDbSymbolTableRecord
100
AcDbLinetypeTableRecord
  2
DASHEDX2
 70
0
  3
Dashed (2x) ____  ____  ____  ____  ____  ____
 72
65
 73
2
 40
3.048
 49
2.54
 74
0
 49
-0.508
 74
0
  0
LTYPE
  5
34
330
2
100
AcDbSymbolTableRecord
100
AcDbLinetypeTableRecord
  2
DASHED2
 70
0
  3
Dashed (.5x) _ _ _ _ _ _ _ _ _ _ _ _ _ _
 72
65
 73
2
 40
0.762
 49
0.635
 74
0
 49
-0.127
 74
0
  0
LTYPE
  5
35
330
2
100
AcDbSymbolTableRecord
100
AcDbLinetypeTableRecord
  2
PHANTOM
 70
0
  3
Phantom ______  __  __  ______  __  __  ______
 72
65
 73
6
 40
6.35
 49
3.175
 74
0
 49
-0.635
 74
0
 49
0.635
 74
0
 49
-0.635
 74
0
 49
0.635
 74
0
 49
-0.635
 74
0
  0
LTYPE
  5
36
330
2
100
AcDbSymbolTableRecord
100
AcDbLinetypeTableRecord
  2
PHANTOMX2
 70
0
  3
Phantom (2x)____________    ____    ____    ____________
 72
65
 73
6
 40
10.795
 49
6.35
 74
0
 49
-0.635
 74
0
 49
1.27
 74
0
 49
-0.635
 74
0
 49
1.27
 74
0
 49
-0.635
 74
0
  0
LTYPE
  5
37
330
2
100
AcDbSymbolTableRecord
100
AcDbLinetypeTableRecord
  2
PHANTOM2
 70
0
  3
Phantom (.5x) ___ _ _ ___ _ _ ___ _ _ ___ _ _ ___
 72
65
 73
6
 40
3.175
 49
1.587
 74
0
 49
-0.318
 74
0
 49
0.318
 74
0
 49
-0.318
 74
0
 49
0.318
 74
0
 49
-0.318
 74
0
  0
LTYPE
  5
38
330
2
100
AcDbSymbolTableRecord
100
AcDbLinetypeTableRecord
  2
DASHDOT
 70
0
  3
Dash dot __ . __ . __ . __ . __ . __ . __ . __
 72
65
 73
4
 40
3.556
 49
2.54
 74
0
 49
-0.508
 74
0
 49
0.0
 74
0
 49
-0.508
 74
0
  0
LTYPE
  5
39
330
2
100
AcDbSymbolTableRecord
100
AcDbLinetypeTableRecord
  2
DASHDOTX2
 70
0
  3
Dash dot (2x) ____  .  ____  .  ____  .  ____
 72
65
 73
4
 40
6.096
 49
5.08
 74
0
 49
-0.508
 74
0
 49
0.0
 74
0
 49
-0.508
 74
0
  0
LTYPE
  5
3A
330
2
100
AcDbSymbolTableRecord
100
AcDbLinetypeTableRecord
  2
DASHDOT2
 70
0
  3
Dash dot (.5x) _ . _ . _ . _ . _ . _ . _ . _
 72
65
 73
4
 40
1.778
 49
1.27
 74
0
 49
-0.254
 74
0
 49
0.0
 74
0
 49
-0.254
 74
0
  0
LTYPE
  5
3B
330
2
100
AcDbSymbolTableRecord
100
AcDbLinetypeTableRecord
  2
DOT
 70
0
  3
Dot .  .  .  .  .  .  .  .  .  .  .  .  .  .  .  .
 72
65
 73
2
 40
0.508
 49
0.0
 74
0
 49
-0.508
 74
0
  0
LTYPE
  5
3C
330
2
100
AcDbSymbolTableRecord
100
AcDbLinetypeTableRecord
  2
DOTX2
 70
0
  3
Dot (2x) .    .    .    .    .    .    .    . 
 72
65
 73
2
 40
1.016
 49
0.0
 74
0
 49
-1.016
 74
0
  0
LTYPE
  5
3D
330
2
100
AcDbSymbolTableRecord
100
AcDbLinetypeTableRecord
  2
DOT2
 70
0
  3
Dot (.5) . . . . . . . . . . . . . . . . . . . 
 72
65
 73
2
 40
0.254
 49
0.0
 74
0
 49
-0.254
 74
0
  0
LTYPE
  5
3E
330
2
100
AcDbSymbolTableRecord
100
AcDbLinetypeTableRecord
  2
DIVIDE
 70
0
  3
Divide __ . . __ . . __ . . __ . . __ . . __
 72
65
 73
6
 40
4.064
 49
2.54
 74
0
 49
-0.508
 74
0
 49
0.0
 74
0
 49
-0.508
 74
0
 49
0.0
 74
0
 49
-0.508
 74
0
  0
LTYPE
  5
3F
330
2
100
AcDbSymbolTableRecord
100
AcDbLinetypeTableRecord
  2
DIVIDEX2
 70
0
  3
Divide (2x) ____  . .  ____  . .  ____  . .  ____
 72
65
 73
6
 40
6.604
 49
5.08
 74
0
 49
-0.508
 74
0
 49
0.0
 74
0
 49
-0.508
 74
0
 49
0.0
 74
0
 49
-0.508
 74
0
  0
LTYPE
  5
40
330
2
100
AcDbSymbolTableRecord
100
AcDbLinetypeTableRecord
  2
DIVIDE2
 70
0
  3
Divide(.5x) _ . _ . _ . _ . _ . _ . _ . _
 72
65
 73
6
 40
2.032
 49
1.27
 74
0
 49
-0.254
 74
0
 49
0.0
 74
0
 49
-0.254
 74
0
 49
0.0
 74
0
 49
-0.254
 74
0
  0
ENDTAB
  0
TABLE
  2
LAYER
  5
1
330
0
100
AcDbSymbolTable
 70
4
  0
LAYER
  5
27
330
1
100
AcDbSymbolTableRecord
100
AcDbLayerTableRecord
  2
0
 70
0
 62
7
  6
Continuous
370
-3
390
13
347
21
  0
LAYER
  5
28
330
1
100
AcDbSymbolTableRecord
100
AcDbLayerTableRecord
  2
Defpoints
 70
0
 62
7
  6
Continuous
290
0
370
-3
390
13
347
21
  0
LAYER
  5
8A
330
1
100
AcDbSymbolTableRecord
100
AcDbLayerTableRecord
  2
PROFILE
 70
0
 62
1
  6
Continuous
370
-3
390
13
347
21
  0
LAYER
  5
8B
330
1
100
AcDbSymbolTableRecord
100
AcDbLayerTableRecord
  2
SLOTS
 70
0
 62
3
  6
Continuous
370
-3
390
13
347
21
  0
ENDTAB
  0
TABLE
  2
STYLE
  5
5
330
0
100
AcDbSymbolTable
 70
26
  0
STYLE
  5
29
330
5
100
AcDbSymbolTableRecord
100
AcDbTextStyleTableRecord
  2
Standard
 70
0
 40
0.0
 41
1.0
 50
0.0
 71
0
 42
2.5
  3
txt
  4

  0
STYLE
  5
41
330
5
100
AcDbSymbolTableRecord
100
AcDbTextStyleTableRecord
  2
OpenSans-Light
 70
0
 40
0.0
 41
1.0
 50
0.0
 71
0
 42
2.5
  3
OpenSans-Light.ttf
  4

  0
STYLE
  5
42
330
5
100
AcDbSymbolTableRecord
100
AcDbTextStyleTableRecord
  2
OpenSans-Light-Italic
 70
0
 40
0.0
 41
1.0
 50
0.0
 71
0
 42
2.5
  3
OpenSans-LightItalic.ttf
  4

  0
STYLE
  5
43
330
5
100
AcDbSymbolTableRecord
100
AcDbTextStyleTableRecord
  2
OpenSans
 70
0
 40
0.0
 41
1.0
 50
0.0
 71
0
 42
2.5
  3
OpenSans-Regular.ttf
  4

  0
STYLE
  5
44
330
5
100
AcDbSymbolTableRecord
100
AcDbTextStyleTableRecord
  2
OpenSans-Italic
 70
0
 40
0.0
 41
1.0
 50
0.0
 71
0
 42
2.5
  3
OpenSans-Italic.ttf
  4

  0
STYLE
  5
45
330
5
100
AcDbSymbolTableRecord
100
AcDbTextStyleTableRecord
  2
OpenSans-SemiBold
 70
0
 40
0.0
 41
1.0
 50
0.0
 71
0
 42
2.5
  3
OpenSans-SemiBold.ttf
  4

  0
STYLE
  5
46
330
5
100
AcDbSymbolTableRecord
100
AcDbTextStyleTableRecord
  2
OpenSans-SemiBoldItalic
 70
0
 40
0.0
 41
1.0
 50
0.0
 71
0
 42
2.5
  3
OpenSans-SemiBoldItalic.ttf
  4

  0
STYLE
  5
47
330
5
100
AcDbSymbolTableRecord
100
AcDbTextStyleTableRecord
  2
OpenSans-Bold
 70
0
 40
0.0
 41
1.0
 50
0.0
 71
0
 42
2.5
  3
OpenSans-Bold.ttf
  4

  0
STYLE
  5
48
330
5
100
AcDbSymbolTableRecord
100
AcDbTextStyleTableRecord
  2
OpenSans-BoldItalic
 70
0
 40
0.0
 41
1.0
 50
0.0
 71
0
 42
2.5
  3
OpenSans-BoldItalic.ttf
  4

  0
STYLE
  5
49
330
5
100
AcDbSymbolTableRecord
100
AcDbTextStyleTableRecord
  2
OpenSans-ExtraBold
 70
0
 40
0.0
 41
1.0
 50
0.0
 71
0
 42
2.5
  3
OpenSans-ExtraBold.ttf
  4

  0
STYLE
  5
4A
330
5
100
AcDbSymbolTableRecord
100
AcDbTextStyleTableRecord
  2
OpenSans-ExtraBoldItalic
 70
0
 40
0.0
 41
1.0
 50
0.0
 71
0
 42
2.5
  3
OpenSans-ExtraBoldItalic.ttf
  4

  0
STYLE
  5
4B
330
5
100
AcDbSymbolTableRecord
100
AcDbTextStyleTableRecord
  2
OpenSansCondensed-Bold
 70
0
 40
0.0
 41
1.0
 50
0.0
 71
0
 42
2.5
  3
OpenSansCondensed-Bold.ttf
  4

  0
STYLE
  5
4C
330
5
100
AcDbSymbolTableRecord
100
AcDbTextStyleTableRecord
  2
OpenSansCondensed-Light
 70
0
 40
0.0
 41
1.0
 50
0.0
 71
0
 42
2.5
  3
OpenSansCondensed-Light.ttf
  4

  0
STYLE
  5
4D
330
5
100
AcDbSymbolTableRecord
100
AcDbTextStyleTableRecord
  2
OpenSansCondensed-Italic
 70
0
 40
0.0
 41
1.0
 50
0.0
 71
0
 42
2.5
  3
OpenSansCondensed-LightItalic.ttf
  4

  0
STYLE
  5
4E
330
5
100
AcDbSymbolTableRecord
100
AcDbTextStyleTableRecord
  2
LiberationSans
 70
0
 40
0.0
 41
1.0
 50
0.0
 71
0
 42
2.5
  3
LiberationSans-Regular.ttf
  4

  0
STYLE
  5
4F
330
5
100
AcDbSymbolTableRecord
100
AcDbTextStyleTableRecord
  2
LiberationSans-Bold
 70
0
 40
0.0
 41
1.0
 50
0.0
 71
0
 42
2.5
  3
LiberationSans-Bold.ttf
  4

  0
STYLE
  5
50
330
5
100
AcDbSymbolTableRecord
100
AcDbTextStyleTableRecord
  2
LiberationSans-BoldItalic
 70
0
 40
0.0
 41
1.0
 50
0.0
 71
0
 42
2.5
  3
LiberationSans-BoldItalic.ttf
  4

  0
STYLE
  5
51
330
5
100
AcDbSymbolTableRecord
100
AcDbTextStyleTableRecord
  2
LiberationSans-Italic
 70
0
 40
0.0
 41
1.0
 50
0.0
 71
0
 42
2.5
  3
LiberationSans-Italic.ttf
  4

  0
STYLE
  5
52
330
5
100
AcDbSymbolTableRecord
100
AcDbTextStyleTableRecord
  2
LiberationSerif
 70
0
 40
0.0
 41
1.0
 50
0.0
 71
0
 42
2.5
  3
LiberationSerif-Regular.ttf
  4

  0
STYLE
  5
53
330
5
100
AcDbSymbolTableRecord
100
AcDbTextStyleTableRecord
  2
LiberationSerif-Bold
 70
0
 40
0.0
 41
1.0
 50
0.0
 71
0
 42
2.5
  3
LiberationSerif-Bold.ttf
  4

  0
STYLE
  5
54
330
5
100
AcDbSymbolTableRecord
100
AcDbTextStyleTableRecord
  2
LiberationSerif-BoldItalic
 70
0
 40
0.0
 41
1.0
 50
0.0
 71
0
 42
2.5
  3
LiberationSerif-BoldItalic.ttf
  4

  0
STYLE
  5
55
330
5
100
AcDbSymbolTableRecord
100
AcDbTextStyleTableRecord
  2
LiberationSerif-Italic
 70
0
 40
0.0
 41
1.0
 50
0.0
 71
0
 42
2.5
  3
LiberationSerif-Italic.ttf
  4

  0
STYLE
  5
56
330
5
100
AcDbSymbolTableRecord
100
AcDbTextStyleTableRecord
  2
LiberationMono
 70
0
 40
0.0
 41
1.0
 50
0.0
 71
0
 42
2.5
  3
LiberationMono-Regular.ttf
  4

  0
STYLE
  5
57
330
5
100
AcDbSymbolTableRecord
100
AcDbTextStyleTableRecord
  2
LiberationMono-Bold
 70
0
 40
0.0
 41
1.0
 50
0.0
 71
0
 42
2.5
  3
LiberationMono-Bold.ttf
  4

  0
STYLE
  5
58
330
5
100
AcDbSymbolTableRecord
100
AcDbTextStyleTableRecord
  2
LiberationMono-BoldItalic
 70
0
 40
0.0
 41
1.0
 50
0.0
 71
0
 42
2.5
  3
LiberationMono-BoldItalic.ttf
  4

  0
STYLE
  5
59
330
5
100
AcDbSymbolTableRecord
100
AcDbTextStyleTableRecord
  2
LiberationMono-Italic
 70
0
 40
0.0
 41
1.0
 50
0.0
 71
0
 42
2.5
  3
LiberationMono-Italic.ttf
  4

  0
ENDTAB
  0
TABLE
  2
VIEW
  5
7
330
0
100
AcDbSymbolTable
 70
0
  0
ENDTAB
  0
TABLE
  2
UCS
  5
6
330
0
100
AcDbSymbolTable
 70
0
  0
ENDTAB
  0
TABLE
  2
APPID
  5
3
330
0
100
AcDbSymbolTable
 70
3
  0
APPID
  5
2A
330
3
100
AcDbSymbolTableRecord
100
AcDbRegAppTableRecord
  2
ACAD
 70
0
  0
APPID
  5
595
330
3
100
AcDbSymbolTableRecord
100
AcDbRegAppTableRecord
  2
HATCHBACKGROUNDCOLOR
 70
0
  0
APPID
  5
596
330
3
100
AcDbSymbolTableRecord
100
AcDbRegAppTableRecord
  2
EZDXF
 70
0
  0
ENDTAB
  0
TABLE
  2
DIMSTYLE
  5
4
330
0
100
AcDbSymbolTable
 70
12
100
AcDbDimStyleTable
  0
DIMSTYLE
105
2B
330
4
100
AcDbSymbolTableRecord
100
AcDbDimStyleTableRecord
  2
Standard
 70
0
 40
1.0
 41
2.5
 42
0.625
 43
3.75
 44
1.25
 45
0.0
 46
0.0
 47
0.0
 48
0.0
 49
2.5
140
2.5
141
2.5
142
0.0
143
0.03937007874
144
1.0
145
0.0
146
1.0
147
0.625
148
0.0
 69
0
 70
0
 71
0
 72
0
 73
0
 74
0
 75
0
 76
0
 77
1
 78
8
 79
3
170
0
171
3
172
1
173
0
174
0
175
0
176
0
177
0
178
0
179
2
271
2
272
2
273
2
274
3
275
0
276
0
277
2
278
44
279
0
280
0
281
0
282
0
283
0
284
8
285
0
286
0
288
0
289
3
290
0
371
-2
372
-2
  0
DIMSTYLE
105
73
330
4
100
AcDbSymbolTableRecord
100
AcDbDimStyleTableRecord
  2
EZDXF
 70
0
 40
1.0
 41
0.175
 42
0.125
 43
3.75
 44
0.375
 45
0.0
 46
0.0
 47
0.0
 48
0.0
 49
2.5
140
0.25
141
2.5
142
0.0
143
0.03937007874
144
100.0
145
0.0
146
0.5
147
0.1
148
0.0
 69
0
 70
0
 71
0
 72
0
 73
0
 74
0
 75
0
 76
0
 77
1
 78
12
 79
3
170
0
171
3
172
1
173
0
174
0
175
0
176
0
177
0
178
0
179
2
271
2
272
2
273
2
274
3
275
0
276
0
277
2
278
46
279
2
280
0
281
0
282
0
283
0
284
8
285
0
286
0
288
1
289
3
290
0
340
4C
342
74
371
-2
372
-2
  0
DIMSTYLE
105
7C
330
4
100
AcDbSymbolTableRecord
100
AcDbDimStyleTableRecord
  2
EZ_M_100_H25_CM
 70
0
 40
1.0
 41
0.25
 42
0.125
 43
3.75
 44
0.375
 45
0.0
 46
0.0
 47
0.0
 48
0.0
 49
2.5
140
0.25
141
2.5
142
0.125
143
0.03937007874
144
100.0
145
0.0
146
0.5
147
0.1
148
0.0
 69
0
 70
0
 71
0
 72
0
 73
0
 74
0
 75
0
 76
0
 77
1
 78
12
 79
3
170
0
171
3
172
1
173
0
174
0
175
0
176
0
177
0
178
0
179
2
271
2
272
2
273
2
274
3
275
0
276
0
277
2
278
46
279
2
280
0
281
0
282
0
283
0
284
8
285
0
286
0
288
1
289
3
290
0
340
4C
371
-2
372
-2
  0
DIMSTYLE
105
7D
330
4
100
AcDbSymbolTableRecord
100
AcDbDimStyleTableRecord
  2
EZ_M_50_H25_CM
 70
0
 40
1.0
 41
0.125
 42
0.0625
 43
3.75
 44
0.1875
 45
0.0
 46
0.0
 47
0.0
 48
0.0
 49
2.5
140
0.125
141
2.5
142
0.0625
143
0.03937007874
144
100.0
145
0.0
146
0.5
147
0.05
148
0.0
 69
0
 70
0
 71
0
 72
0
 73
0
 74
0
 75
0
 76
0
 77
1
 78
12
 79
3
170
0
171
3
172
1
173
0
174
0
175
0
176
0
177
0
178
0
179
2
271
2
272
2
273
2
274
3
275
0
276
0
277
2
278
46
279
2
280
0
281
0
282
0
283
0
284
8
285
0
286
0
288
1
289
3
290
0
340
4C
371
-2
372
-2
  0
DIMSTYLE
105
7E
330
4
100
AcDbSymbolTableRecord
100
AcDbDimStyleTableRecord
  2
EZ_M_25_H25_CM
 70
0
 40
1.0
 41
0.0625
 42
0.03125
 43
3.75
 44
0.09375
 45
0.0
 46
0.0
 47
0.0
 48
0.0
 49
2.5
140
0.0625
141
2.5
142
0.03125
143
0.03937007874
144
100.0
145
0.0
146
0.5
147
0.025
148
0.0
 69
0
 70
0
 71
0
 72
0
 73
0
 74
0
 75
0
 76
0
 77
1
 78
12
 79
3
170
0
171
3
172
1
173
0
174
0
175
0
176
0
177
0
178
0
179
2
271
2
272
2
273
2
274
3
275
0
276
0
277
2
278
46
279
2
280
0
281
0
282
0
283
0
284
8
285
0
286
0
288
1
289
3
290
0
340
4C
371
-2
372
-2
  0
DIMSTYLE
105
7F
330
4
100
AcDbSymbolTableRecord
100
AcDbDimStyleTableRecord
  2
EZ_M_20_H25_CM
 70
0
 40
1.0
 41
0.05
 42
0.025
 43
3.75
 44
0.07500000000000001
 45
0.0
 46
0.0
 47
0.0
 48
0.0
 49
2.5
140
0.05
141
2.5
142
0.025
143
0.03937007874
144
100.0
145
0.0
146
0.5
147
0.020000000000000004
148
0.0
 69
0
 70
0
 71
0
 72
0
 73
0
 74
0
 75
0
 76
0
 77
1
 78
12
 79
3
170
0
171
3
172
1
173
0
174
0
175
0
176
0
177
0
178
0
179
2
271
2
272
2
273
2
274
3
275
0
276
0
277
2
278
46
279
2
280
0
281
0
282
0
283
0
284
8
285
0
286
0
288
1
289
3
290
0
340
4C
371
-2
372
-2
  0
DIMSTYLE
105
80
330
4
100
AcDbSymbolTableRecord
100
AcDbDimStyleTableRecord
  2
EZ_M_10_H25_CM
 70
0
 40
1.0
 41
0.025
 42
0.0125
 43
3.75
 44
0.037500000000000006
 45
0.0
 46
0.0
 47
0.0
 48
0.0
 49
2.5
140
0.025
141
2.5
142
0.0125
143
0.03937007874
144
100.0
145
0.0
146
0.5
147
0.010000000000000002
148
0.0
 69
0
 70
0
 71
0
 72
0
 73
0
 74
0
 75
0
 76
0
 77
1
 78
12
 79
3
170
0
171
3
172
1
173
0
174
0
175
0
176
0
177
0
178
0
179
2
271
2
272
2
273
2
274
3
275
0
276
0
277
2
278
46
279
2
280
0
281
0
282
0
283
0
284
8
285
0
286
0
288
1
289
3
290
0
340
4C
371
-2
372
-2
  0
DIMSTYLE
105
81
330
4
100
AcDbSymbolTableRecord
100
AcDbDimStyleTableRecord
  2
EZ_M_5_H25_CM
 70
0
 40
1.0
 41
0.0125
 42
0.00625
 43
3.75
 44
0.018750000000000003
 45
0.0
 46
0.0
 47
0.0
 48
0.0
 49
2.5
140
0.0125
141
2.5
142
0.00625
143
0.03937007874
144
100.0
145
0.0
146
0.5
147
0.005000000000000001
148
0.0
 69
0
 70
0
 71
0
 72
0
 73
0
 74
0
 75
0
 76
0
 77
1
 78
12
 79
3
170
0
171
3
172
1
173
0
174
0
175
0
176
0
177
0
178
0
179
2
271
2
272
2
273
2
274
3
275
0
276
0
277
2
278
46
279
2
280
0
281
0
282
0
283
0
284
8
285
0
286
0
288
1
289
3
290
0
340
4C
371
-2
372
-2
  0
DIMSTYLE
105
82
330
4
100
AcDbSymbolTableRecord
100
AcDbDimStyleTableRecord
  2
EZ_M_1_H25_CM
 70
0
 40
1.0
 41
0.0025
 42
0.00125
 43
3.75
 44
0.00375
 45
0.0
 46
0.0
 47
0.0
 48
0.0
 49
2.5
140
0.0025
141
2.5
142
0.00125
143
0.03937007874
144
100.0
145
0.0
146
0.5
147
0.001
148
0.0
 69
0
 70
0
 71
0
 72
0
 73
0
 74
0
 75
0
 76
0
 77
1
 78
12
 79
3
170
0
171
3
172
1
173
0
174
0
175
0
176
0
177
0
178
0
179
2
271
2
272
2
273
2
274
3
275
0
276
0
277
2
278
46
279
2
280
0
281
0
282
0
283
0
284
8
285
0
286
0
288
1
289
3
290
0
340
4C
371
-2
372
-2
  0
DIMSTYLE
105
83
330
4
100
AcDbSymbolTableRecord
100
AcDbDimStyleTableRecord
  2
EZ_RADIUS
 70
0
 40
1.0
 41
0.25
 42
0.125
 43
3.75
 44
0.375
 45
0.0
 46
0.0
 47
0.0
 48
0.0
 49
2.5
140
0.25
141
0.0
142
0.0
143
0.03937007874
144
100.0
145
0.0
146
0.5
147
0.1
148
0.0
 69
0
 70
0
 71
0
 72
0
 73
0
 74
0
 75
0
 76
0
 77
1
 78
12
 79
3
170
0
171
3
172
0
173
0
174
0
175
0
176
0
177
0
178
0
179
2
271
2
272
2
273
2
274
3
275
0
276
0
277
2
278
46
279
1
280
0
281
0
282
0
283
0
284
8
285
0
286
0
288
1
289
3
290
0
340
4C
342
84
371
-2
372
-2
  0
DIMSTYLE
105
88
330
4
100
AcDbSymbolTableRecord
100
AcDbDimStyleTableRecord
  2
EZ_RADIUS_INSIDE
 70
0
 40
1.0
 41
0.25
 42
0.125
 43
3.75
 44
0.375
 45
0.0
 46
0.0
 47
0.0
 48
0.0
 49
2.5
140
0.25
141
0.0
142
0.0
143
0.03937007874
144
100.0
145
0.0
146
0.5
147
0.1
148
0.0
 69
0
 70
0
 71
0
 72
0
 73
0
 74
0
 75
0
 76
0
 77
0
 78
12
 79
3
170
0
171
3
172
0
173
0
174
1
175
0
176
0
177
0
178
0
179
2
271
2
272
2
273
2
274
3
275
0
276
0
277
2
278
46
279
0
280
0
281
0
282
0
283
0
284
8
285
0
286
0
288
1
289
0
290
0
340
4C
342
84
371
-2
372
-2
  0
DIMSTYLE
105
89
330
4
100
AcDbSymbolTableRecord
100
AcDbDimStyleTableRecord
  2
EZ_CURVED
 70
0
 40
1.0
 41
0.25
 42
0.125
 43
3.75
 44
0.375
 45
0.0
 46
0.0
 47
0.0
 48
0.0
 49
2.5
140
0.25
141
2.5
142
0.0
143
0.03937007874
144
100.0
145
0.0
146
0.5
147
0.1
148
0.0
 69
0
 70
0
 71
0
 72
0
 73
0
 74
0
 75
0
 76
0
 77
1
 78
12
 79
2
 90
2
170
0
171
3
172
1
173
0
174
0
175
0
176
0
177
0
178
0
179
2
271
2
272
2
273
2
274
3
275
0
276
0
277
2
278
46
279
2
280
0
281
0
282
0
283
0
284
8
285
0
286
0
288
1
289
3
290
0
340
4C
371
-2
372
-2
  0
ENDTAB
  0
TABLE
  2
BLOCK_RECORD
  5
9
330
0
100
AcDbSymbolTable
 70
5
  0
BLOCK_RECORD
  5
17
330
9
100
AcDbSymbolTableRecord
100
AcDbBlockTableRecord
  2
*Model_Space
340
1A
 70
0
280
1
281
0
  0
BLOCK_RECORD
  5
1B
330
9
100
AcDbSymbolTableRecord
100
AcDbBlockTableRecord
  2
*Paper_Space
340
1E
 70
0
280
1
281
0
  0
BLOCK_RECORD
  5
74
330
9
100
AcDbSymbolTableRecord
100
AcDbBlockTableRecord
  2
_ARCHTICK
340
0
 70
0
280
1
281
0
  0
BLOCK_RECORD
  5
78
330
9
100
AcDbSymbolTableRecord
100
AcDbBlockTableRecord
  2
_CLOSEDFILLED
340
0
 70
0
280
1
281
0
  0
BLOCK_RECORD
  5
84
330
9
100
AcDbSymbolTableRecord
100
AcDbBlockTableRecord
  2
_CLOSEDBLANK
340
0
 70
0
280
1
281
0
  0
ENDTAB
  0
ENDSEC
  0
SECTION
  2
BLOCKS
  0
BLOCK
  5
18
330
17
100
AcDbEntity
  8
0
100
AcDbBlockBegin
  2
*Model_Space
 70
0
 10
0.0
 20
0.0
 30
0.0
  3
*Model_Space
  1

  0
ENDBLK
  5
19
330
17
100
AcDbEntity
  8
0
100
AcDbBlockEnd
  0
BLOCK
  5
1C
330
1B
100
AcDbEntity
  8
0
100
AcDbBlockBegin
  2
*Paper_Space
 70
0
 10
0.0
 20
0.0
 30
0.0
  3
*Paper_Space
  1

  0
ENDBLK
  5
1D
330
1B
100
AcDbEntity
  8
0
100
AcDbBlockEnd
  0
BLOCK
  5
75
330
74
100
AcDbEntity
  8
0
100
AcDbBlockBegin
  2
_ARCHTICK
 70
0
 10
0.0
 20
0.0
 30
0.0
  3
_ARCHTICK
  1

  0
LWPOLYLINE
  5
77
330
74
100
AcDbEntity
  8
0
  6
BYBLOCK
 62
0
100
AcDbPolyline
 90
2
 70
0
 43
0.15
 10
-0.5
 20
-0.5
 10
0.5
 20
0.5
  0
ENDBLK
  5
76
330
74
100
AcDbEntity
  8
0
100
AcDbBlockEnd
  0
BLOCK
  5
79
330
78
100
AcDbEntity
  8
0
100
AcDbBlockBegin
  2
_CLOSEDFILLED
 70
0
 10
0.0
 20
0.0
 30
0.0
  3
_CLOSEDFILLED
  1

  0
SOLID
  5
7B
330
78
100
AcDbEntity
  8
0
  6
BYBLOCK
 62
0
100
AcDbTrace
 10
-1.0
 20
0.16439898372402537
 30
0.0
 11
0.0
 21
0.0
 31
0.0
 12
-1.0
 22
-0.16439898372402537
 32
0.0
 13
-1.0
 23
-0.16439898372402537
 33
0.0
  0
ENDBLK
  5
7A
330
78
100
AcDbEntity
  8
0
100
AcDbBlockEnd
  0
BLOCK
  5
85
330
84
100
AcDbEntity
  8
0
100
AcDbBlockBegin
  2
_CLOSEDBLANK
 70
0
 10
0.0
 20
0.0
 30
0.0
  3
_CLOSEDBLANK
  1

  0
LWPOLYLINE
  5
87
330
84
100
AcDbEntity
  8
0
  6
BYBLOCK
 62
0
100
AcDbPolyline
 90
3
 70
1
 10
-1.0
 20
0.16439898372402537
 10
0.0
 20
0.0
 10
-1.0
 20
-0.16439898372402537
  0
ENDBLK
  5
86
330
84
100
AcDbEntity
  8
0
100
AcDbBlockEnd
  0
ENDSEC
  0
SECTION
  2
ENTITIES
  0
LWPOLYLINE
  5
8C
330
17
100
AcDbEntity
  8
PROFILE
100
AcDbPolyline
 90
4
 70
1
 10
0.0
 20
0.0
 10
36.0
 20
0.0
 10
36.0
 20
31.0
 10
0.0
 20
31.0
  0
LINE
  5
8D
330
17
100
AcDbEntity
  8
SLOTS
100
AcDbLine
 10
10.066538155413772
 20
29.78820005447838
 30
0.0
 11
10.062020537208614
 21
29.867928524482735
 31
0.0
  0
LINE
  5
8E
330
17
100
AcDbEntity
  8
SLOTS
100
AcDbLine
 10
10.311620170493672
 20
29.882071475517265
 30
0.0
 11
10.31613778869883
 21
29.80234300551291
 31
0.0
  0
ARC
  5
8F
330
17
100
AcDbEntity
  8
SLOTS
100
AcDbCircle
 10
10.186820353851143
 20
29.875
 30
0.0
 40
0.125
100
AcDbArc
 50
3.2430570175698534
 51
183.24305701756987
  0
ARC
  5
90
330
17
100
AcDbEntity
  8
SLOTS
100
AcDbCircle
 10
10.191337972056301
 20
29.795271529995645
 30
0.0
 40
0.125
100
AcDbArc
 50
183.24305701756987
 51
363.24305701756987
  0
LINE
  5
91
330
17
100
AcDbEntity
  8
SLOTS
100
AcDbLine
 10
9.330894871017536
 20
29.51359640375496
 30
0.0
 11
9.310817510456308
 21
29.867928524482735
 31
0.0
  0
LINE
  5
92
330
17
100
AcDbEntity
  8
SLOTS
100
AcDbLine
 10
9.560417143741367
 20
29.882071475517265
 30
0.0
 11
9.580494504302594
 21
29.52773935478949
 31
0.0
  0
ARC
  5
93
330
17
100
AcDbEntity
  8
SLOTS
100
AcDbCircle
 10
9.435617327098837
 20
29.875
 30
0.0
 40
0.125
100
AcDbArc
 50
3.2430570175706492
 51
183.24305701757066
  0
ARC
  5
94
330
17
100
AcDbEntity
  8
SLOTS
100
AcDbCircle
 10
9.455694687660065
 20
29.520667879272224
 30
0.0
 40
0.125
100
AcDbArc
 50
183.24305701757066
 51
363.24305701757066
  0
LINE
  5
95
330
17
100
AcDbEntity
  8
SLOTS
100
AcDbLine
 10
1.410028173391517
 20
22.40155836854319
 30
0.0
 11
1.243006983472218
 21
22.01387217216757
 31
0.0
  0
LINE
  5
96
330
17
100
AcDbEntity
  8
SLOTS
100
AcDbLine
 10
1.0134076826388594
 20
22.112787090439955
 30
0.0
 11
1.1804288725581584
 21
22.500473286815573
 31
0.0
  0
ARC
  5
97
330
17
100
AcDbEntity
  8
SLOTS
100
AcDbCircle
 10
1.1282073330555387
 20
22.063329631303763
 30
0.0
 40
0.125
100
AcDbArc
 50
-203.30712253276658
 51
-23.30712253276657
  0
ARC
  5
98
330
17
100
AcDbEntity
  8
SLOTS
100
AcDbCircle
 10
1.2952285229748377
 20
22.45101582767938
 30
0.0
 40
0.125
100
AcDbArc
 50
-23.30712253276657
 51
156.69287746723342
  0
LINE
  5
99
330
17
100
AcDbEntity
  8
SLOTS
100
AcDbLine
 10
34.989431053721006
 20
6.544679320871814
 30
0.0
 11
34.885802787313914
 21
6.308948674853246
 31
0.0
  0
LINE
  5
9A
330
17
100
AcDbEntity
  8
SLOTS
100
AcDbLine
 10
34.6569406798719
 20
6.409557500396538
 30
0.0
 11
34.760568946278994
 21
6.645288146415106
 31
0.0
  0
ARC
  5
9B
330
17
100
AcDbEntity
  8
SLOTS
100
AcDbCircle
 10
34.77137173359291
 20
6.359253087624892
 30
0.0
 40
0.125
100
AcDbArc
 50
-203.7305095142002
 51
-23.73050951420022
  0
ARC
  5
9C
330
17
100
AcDbEntity
  8
SLOTS
100
AcDbCircle
 10
34.875
 20
6.59498373364346
 30
0.0
 40
0.125
100
AcDbArc
 50
-23.73050951420022
 51
156.2694904857998
  0
LINE
  5
9D
330
17
100
AcDbEntity
  8
SLOTS
100
AcDbLine
 10
4.988048055671136
 20
2.9195866128931582
 30
0.0
 11
5.675522176150558
 21
1.9650120108541809
 31
0.0
  0
LINE
  5
9E
330
17
100
AcDbEntity
  8
SLOTS
100
AcDbLine
 10
5.472656772524266
 20
1.8189105802946508
 30
0.0
 11
4.785182652044844
 21
2.773485182333628
 31
0.0
  0
ARC
  5
9F
330
17
100
AcDbEntity
  8
SLOTS
100
AcDbCircle
 10
5.574089474337412
 20
1.8919612955744158
 30
0.0
 40
0.125
100
AcDbArc
 50
-144.23898189962517
 51
35.76101810037483
  0
ARC
  5
A0
330
17
100
AcDbEntity
  8
SLOTS
100
AcDbCircle
 10
4.88661535385799
 20
2.846535897613393
 30
0.0
 40
0.125
100
AcDbArc
 50
35.76101810037483
 51
215.76101810037483
  0
LINE
  5
A1
330
17
100
AcDbEntity
  8
SLOTS
100
AcDbLine
 10
5.587023140747753
 20
3.3712500726629875
 30
0.0
 11
6.721556051171758
 21
1.7959234251480674
 31
0.0
  0
LINE
  5
A2
330
17
100
AcDbEntity
  8
SLOTS
100
AcDbLine
 10
6.518690647545466
 20
1.6498219945885373
 30
0.0
 11
5.384157737121461
 21
3.2251486421034574
 31
0.0
  0
ARC
  5
A3
330
17
100
AcDbEntity
  8
SLOTS
100
AcDbCircle
 10
6.620123349358612
 20
1.7228727098683023
 30
0.0
 40
0.125
100
AcDbArc
 50
-144.23898189962514
 51
35.76101810037486
  0
ARC
  5
A4
330
17
100
AcDbEntity
  8
SLOTS
100
AcDbCircle
 10
5.485590438934607
 20
3.2981993573832225
 30
0.0
 40
0.125
100
AcDbArc
 50
35.76101810037486
 51
215.76101810037486
  0
LINE
  5
A5
330
17
100
AcDbEntity
  8
SLOTS
100
AcDbLine
 10
6.185998225824371
 20
3.822913532432817
 30
0.0
 11
7.494605895517767
 21
2.005879831365496
 31
0.0
  0
LINE
  5
A6
330
17
100
AcDbEntity
  8
SLOTS
100
AcDbLine
 10
7.291740491891474
 20
1.8597784008059661
 30
0.0
 11
5.983132822198079
 21
3.676812101873287
 31
0.0
  0
ARC
  5
A7
330
17
100
AcDbEntity
  8
SLOTS
100
AcDbCircle
 10
7.39317319370462
 20
1.9328291160857312
 30
0.0
 40
0.125
100
AcDbArc
 50
-144.23898189962514
 51
35.76101810037485
  0
ARC
  5
A8
330
17
100
AcDbEntity
  8
SLOTS
100
AcDbCircle
 10
6.084565524011225
 20
3.749862817153052
 30
0.0
 40
0.125
100
AcDbArc
 50
35.76101810037485
 51
215.76101810037486
  0
LINE
  5
A9
330
17
100
AcDbEntity
  8
SLOTS
100
AcDbLine
 10
6.784973310900987
 20
4.274576992202646
 30
0.0
 11
8.267655739863773
 21
2.2158362375829244
 31
0.0
  0
LINE
  5
AA
330
17
100
AcDbEntity
  8
SLOTS
100
AcDbLine
 10
8.064790336237479
 20
2.0697348070233943
 30
0.0
 11
6.582107907274694
 21
4.128475561643115
 31
0.0
  0
ARC
  5
AB
330
17
100
AcDbEntity
  8
SLOTS
100
AcDbCircle
 10
8.166223038050626
 20
2.1427855223031593
 30
0.0
 40
0.125
100
AcDbArc
 50
-144.23898189962514
 51
35.761018100374855
  0
ARC
  5
AC
330
17
100
AcDbEntity
  8
SLOTS
100
AcDbCircle
 10
6.68354060908784
 20
4.2015262769228805
 30
0.0
 40
0.125
100
AcDbArc
 50
35.761018100374855
 51
215.76101810037486
  0
LINE
  5
AD
330
17
100
AcDbEntity
  8
SLOTS
100
AcDbLine
 10
7.383948395977605
 20
4.726240451972475
 30
0.0
 11
9.040705584209782
 21
2.425792643800353
 31
0.0
  0
LINE
  5
AE
330
17
100
AcDbEntity
  8
SLOTS
100
AcDbLine
 10
8.837840180583488
 20
2.279691213240823
 30
0.0
 11
7.181082992351312
 21
4.580139021412944
 31
0.0
  0
ARC
  5
AF
330
17
100
AcDbEntity
  8
SLOTS
100
AcDbCircle
 10
8.939272882396635
 20
2.352741928520588
 30
0.0
 40
0.125
100
AcDbArc
 50
-144.23898189962514
 51
35.761018100374855
  0
ARC
  5
B0
330
17
100
AcDbEntity
  8
SLOTS
100
AcDbCircle
 10
7.282515694164458
 20
4.65318973669271
 30
0.0
 40
0.125
100
AcDbArc
 50
35.761018100374855
 51
215.76101810037486
  0
LINE
  5
B1
330
17
100
AcDbEntity
  8
SLOTS
100
AcDbLine
 10
7.982923481054222
 20
5.1779039117423045
 30
0.0
 11
9.813755428555789
 21
2.635749050017782
 31
0.0
  0
LINE
  5
B2
330
17
100
AcDbEntity
  8
SLOTS
100
AcDbLine
 10
9.610890024929494
 20
2.489647619458252
 30
0.0
 11
7.780058077427929
 21
5.0318024811827735
 31
0.0
  0
ARC
  5
B3
330
17
100
AcDbEntity
  8
SLOTS
100
AcDbCircle
 10
9.712322726742642
 20
2.562698334738017
 30
0.0
 40
0.125
100
AcDbArc
 50
-144.23898189962514
 51
35.76101810037485
  0
ARC
  5
B4
330
17
100
AcDbEntity
  8
SLOTS
100
AcDbCircle
 10
7.8814907792410756
 20
5.104853196462539
 30
0.0
 40
0.125
100
AcDbArc
 50
35.76101810037485
 51
215.76101810037486
  0
LINE
  5
B5
330
17
100
AcDbEntity
  8
SLOTS
100
AcDbLine
 10
8.58189856613084
 20
5.629567371512134
 30
0.0
 11
10.586805272901797
 21
2.845705456235211
 31
0.0
  0
LINE
  5
B6
330
17
100
AcDbEntity
  8
SLOTS
100
AcDbLine
 10
10.383939869275503
 20
2.699604025675681
 30
0.0
 11
8.379033162504546
 21
5.483465940952603
 31
0.0
  0
ARC
  5
B7
330
17
100
AcDbEntity
  8
SLOTS
100
AcDbCircle
 10
10.48537257108865
 20
2.772654740955446
 30
0.0
 40
0.125
100
AcDbArc
 50
-144.23898189962514
 51
35.76101810037485
  0
ARC
  5
B8
330
17
100
AcDbEntity
  8
SLOTS
100
AcDbCircle
 10
8.480465864317694
 20
5.556516656232368
 30
0.0
 40
0.125
100
AcDbArc
 50
35.76101810037485
 51
215.76101810037486
  0
LINE
  5
B9
330
17
100
AcDbEntity
  8
SLOTS
100
AcDbLine
 10
9.180873651207458
 20
6.081230831281963
 30
0.0
 11
11.359855117247806
 21
3.0556618624526397
 31
0.0
  0
LINE
  5
BA
330
17
100
AcDbEntity
  8
SLOTS
100
AcDbLine
 10
11.156989713621511
 20
2.9095604318931096
 30
0.0
 11
8.978008247581164
 21
5.935129400722432
 31
0.0
  0
ARC
  5
BB
330
17
100
AcDbEntity
  8
SLOTS
100
AcDbCircle
 10
11.258422415434659
 20
2.9826111471728747
 30
0.0
 40
0.125
100
AcDbArc
 50
-144.23898189962514
 51
35.76101810037486
  0
ARC
  5
BC
330
17
100
AcDbEntity
  8
SLOTS
100
AcDbCircle
 10
9.07944094939431
 20
6.0081801160021975
 30
0.0
 40
0.125
100
AcDbArc
 50
35.76101810037486
 51
215.76101810037486
  0
LINE
  5
BD
330
17
100
AcDbEntity
  8
SLOTS
100
AcDbLine
 10
9.779848736284075
 20
6.532894291051792
 30
0.0
 11
12.132904961593812
 21
3.2656182686700683
 31
0.0
  0
LINE
  5
BE
330
17
100
AcDbEntity
  8
SLOTS
100
AcDbLine
 10
11.930039557967518
 20
3.1195168381105383
 30
0.0
 11
9.57698333265778
 21
6.386792860492261
 31
0.0
  0
ARC
  5
BF
330
17
100
AcDbEntity
  8
SLOTS
100
AcDbCircle
 10
12.031472259780665
 20
3.1925675533903033
 30
0.0
 40
0.125
100
AcDbArc
 50
-144.23898189962514
 51
35.76101810037485
  0
ARC
  5
C0
330
17
100
AcDbEntity
  8
SLOTS
100
AcDbCircle
 10
9.678416034470928
 20
6.459843575772027
 30
0.0
 40
0.125
100
AcDbArc
 50
35.76101810037485
 51
215.76101810037486
  0
LINE
  5
C1
330
17
100
AcDbEntity
  8
SLOTS
100
AcDbLine
 10
10.378823821360692
 20
6.9845577508216214
 30
0.0
 11
12.905954805939821
 21
3.475574674887497
 31
0.0
  0
LINE
  5
C2
330
17
100
AcDbEntity
  8
SLOTS
100
AcDbLine
 10
12.703089402313527
 20
3.329473244327967
 30
0.0
 11
10.175958417734398
 21
6.8384563202620905
 31
0.0
  0
ARC
  5
C3
330
17
100
AcDbEntity
  8
SLOTS
100
AcDbCircle
 10
12.804522104126674
 20
3.402523959607732
 30
0.0
 40
0.125
100
AcDbArc
 50
-144.23898189962514
 51
35.76101810037486
  0
ARC
  5
C4
330
17
100
AcDbEntity
  8
SLOTS
100
AcDbCircle
 10
10.277391119547545
 20
6.911507035541856
 30
0.0
 40
0.125
100
AcDbArc
 50
35.76101810037486
 51
215.76101810037486
  0
LINE
  5
C5
330
17
100
AcDbEntity
  8
SLOTS
100
AcDbLine
 10
10.977798906437311
 20
7.436221210591451
 30
0.0
 11
13.67900465028583
 21
3.685531081104926
 31
0.0
  0
LINE
  5
C6
330
17
100
AcDbEntity
  8
SLOTS
100
AcDbLine
 10
13.476139246659535
 20
3.539429650545396
 30
0.0
 11
10.774933502811017
 21
7.29011978003192
 31
0.0
  0
ARC
  5
C7
330
17
100
AcDbEntity
  8
SLOTS
100
AcDbCircle
 10
13.577571948472682
 20
3.612480365825161
 30
0.0
 40
0.125
100
AcDbArc
 50
-144.23898189962514
 51
35.76101810037485
  0
ARC
  5
C8
330
17
100
AcDbEntity
  8
SLOTS
100
AcDbCircle
 10
10.876366204624164
 20
7.363170495311685
 30
0.0
 40
0.125
100
AcDbArc
 50
35.76101810037485
 51
215.76101810037486
  0
LINE
  5
C9
330
17
100
AcDbEntity
  8
SLOTS
100
AcDbLine
 10
11.66688797051506
 20
7.762759210244807
 30
0.0
 11
14.369371320282486
 21
4.010295093745138
 31
0.0
  0
LINE
  5
CA
330
17
100
AcDbEntity
  8
SLOTS
100
AcDbLine
 10
14.166505916656192
 20
3.8641936631856075
 30
0.0
 11
11.464022566888765
 21
7.616657779685276
 31
0.0
  0
ARC
  5
CB
330
17
100
AcDbEntity
  8
SLOTS
100
AcDbCircle
 10
14.267938618469339
 20
3.9372443784653726
 30
0.0
 40
0.125
100
AcDbArc
 50
-144.23898189962514
 51
35.761018100374855
  0
ARC
  5
CC
330
17
100
AcDbEntity
  8
SLOTS
100
AcDbCircle
 10
11.565455268701912
 20
7.689708494965042
 30
0.0
 40
0.125
100
AcDbArc
 50
35.761018100374855
 51
215.76101810037486
  0
LINE
  5
CD
330
17
100
AcDbEntity
  8
SLOTS
100
AcDbLine
 10
12.98476917378814
 20
7.2162039716842825
 30
0.0
 11
14.86444288070445
 21
4.606231134464627
 31
0.0
  0
LINE
  5
CE
330
17
100
AcDbEntity
  8
SLOTS
100
AcDbLine
 10
14.661577477078156
 20
4.460129703905096
 30
0.0
 11
12.781903770161845
 21
7.070102541124752
 31
0.0
  0
ARC
  5
CF
330
17
100
AcDbEntity
  8
SLOTS
100
AcDbCircle
 10
14.763010178891303
 20
4.533180419184862
 30
0.0
 40
0.125
100
AcDbArc
 50
-144.23898189962512
 51
35.76101810037487
  0
ARC
  5
D0
330
17
100
AcDbEntity
  8
SLOTS
100
AcDbCircle
 10
12.883336471974992
 20
7.143153256404517
 30
0.0
 40
0.125
100
AcDbArc
 50
35.76101810037487
 51
215.76101810037488
  0
LINE
  5
D1
330
17
100
AcDbEntity
  8
SLOTS
100
AcDbLine
 10
4.650178721239316
 20
1.174120987678423
 30
0.0
 11
4.778860803653818
 21
1.47523945091736
 31
0.0
  0
LINE
  5
D2
330
17
100
AcDbEntity
  8
SLOTS
100
AcDbLine
 10
5.008748850924625
 20
1.3769974755605139
 30
0.0
 11
4.880066768510122
 21
1.075879012321577
 31
0.0
  0
ARC
  5
D3
330
17
100
AcDbEntity
  8
SLOTS
100
AcDbCircle
 10
4.893804827289221
 20
1.426118463238937
 30
0.0
 40
0.125
100
AcDbArc
 50
-23.139297405455224
 51
156.86070259454476
  0
ARC
  5
D4
330
17
100
AcDbEntity
  8
SLOTS
100
AcDbCircle
 10
4.765122744874719
 20
1.125
 30
0.0
 40
0.125
100
AcDbArc
 50
156.86070259454476
 51
336.86070259454476
  0
LINE
  5
D5
330
17
100
AcDbEntity
  8
SLOTS
100
AcDbLine
 10
3.834564328816704
 20
1.174120987678423
 30
0.0
 11
4.130169601862132
 21
1.8658428177467716
 31
0.0
  0
LINE
  5
D6
330
17
100
AcDbEntity
  8
SLOTS
100
AcDbLine
 10
4.360057649132939
 20
1.7676008423899254
 30
0.0
 11
4.064452376087511
 21
1.075879012321577
 31
0.0
  0
ARC
  5
D7
330
17
100
AcDbEntity
  8
SLOTS
100
AcDbCircle
 10
4.2451136254975355
 20
1.8167218300683485
 30
0.0
 40
0.125
100
AcDbArc
 50
-23.139297405455252
 51
156.86070259454476
  0
ARC
  5
D8
330
17
100
AcDbEntity
  8
SLOTS
100
AcDbCircle
 10
3.9495083524521073
 20
1.125
 30
0.0
 40
0.125
100
AcDbArc
 50
156.86070259454476
 51
336.86070259454476
  0
LINE
  5
D9
330
17
100
AcDbEntity
  8
SLOTS
100
AcDbLine
 10
3.018949936394092
 20
1.1741209876784233
 30
0.0
 11
3.150226579281864
 21
1.4813107706211757
 31
0.0
  0
LINE
  5
DA
330
17
100
AcDbEntity
  8
SLOTS
100
AcDbLine
 10
3.3801146265526705
 20
1.383068795264329
 30
0.0
 11
3.248837983664899
 21
1.0758790123215767
 31
0.0
  0
ARC
  5
DB
330
17
100
AcDbEntity
  8
SLOTS
100
AcDbCircle
 10
3.265170602917267
 20
1.4321897829427523
 30
0.0
 40
0.125
100
AcDbArc
 50
-23.139297405455324
 51
156.86070259454468
  0
ARC
  5
DC
330
17
100
AcDbEntity
  8
SLOTS
100
AcDbCircle
 10
3.1338939600294955
 20
1.125
 30
0.0
 40
0.125
100
AcDbArc
 50
156.86070259454468
 51
336.8607025945447
  0
LINE
  5
DD
330
17
100
AcDbEntity
  8
SLOTS
100
AcDbLine
 10
12.992461599516632
 20
1.1402312876556935
 30
0.0
 11
13.193767886381455
 21
2.779999502588262
 31
0.0
  0
LINE
  5
DE
330
17
100
AcDbEntity
  8
SLOTS
100
AcDbLine
 10
13.44190500876623
 20
2.749536927276875
 30
0.0
 11
13.240598721901408
 21
1.1097687123443065
 31
0.0
  0
ARC
  5
DF
330
17
100
AcDbEntity
  8
SLOTS
100
AcDbCircle
 10
13.317836447573843
 20
2.7647682149325683
 30
0.0
 40
0.125
100
AcDbArc
 50
-6.9989007724314405
 51
173.00109922756855
  0
ARC
  5
E0
330
17
100
AcDbEntity
  8
SLOTS
100
AcDbCircle
 10
13.11653016070902
 20
1.125
 30
0.0
 40
0.125
100
AcDbArc
 50
173.00109922756855
 51
353.00109922756855
  0
LINE
  5
E1
330
17
100
AcDbEntity
  8
SLOTS
100
AcDbLine
 10
12.23683101027634
 20
1.1402312876556935
 30
0.0
 11
12.412073759873877
 21
2.567695353298059
 31
0.0
  0
LINE
  5
E2
330
17
100
AcDbEntity
  8
SLOTS
100
AcDbLine
 10
12.660210882258653
 20
2.537232777986672
 30
0.0
 11
12.484968132661116
 21
1.1097687123443065
 31
0.0
  0
ARC
  5
E3
330
17
100
AcDbEntity
  8
SLOTS
100
AcDbCircle
 10
12.536142321066265
 20
2.5524640656423654
 30
0.0
 40
0.125
100
AcDbArc
 50
-6.998900772431455
 51
173.00109922756855
  0
ARC
  5
E4
330
17
100
AcDbEntity
  8
SLOTS
100
AcDbCircle
 10
12.360899571468728
 20
1.125
 30
0.0
 40
0.125
100
AcDbArc
 50
173.00109922756855
 51
353.00109922756855
  0
LINE
  5
E5
330
17
100
AcDbEntity
  8
SLOTS
100
AcDbLine
 10
11.481200421036048
 20
1.1402312876556935
 30
0.0
 11
11.6303796333663
 21
2.3553912040078555
 31
0.0
  0
LINE
  5
E6
330
17
100
AcDbEntity
  8
SLOTS
100
AcDbLine
 10
11.878516755751075
 20
2.3249286286964685
 30
0.0
 11
11.729337543420824
 21
1.1097687123443065
 31
0.0
  0
ARC
  5
E7
330
17
100
AcDbEntity
  8
SLOTS
100
AcDbCircle
 10
11.754448194558687
 20
2.340159916352162
 30
0.0
 40
0.125
100
AcDbArc
 50
-6.998900772431469
 51
173.00109922756855
  0
ARC
  5
E8
330
17
100
AcDbEntity
  8
SLOTS
100
AcDbCircle
 10
11.605268982228436
 20
1.125
 30
0.0
 40
0.125
100
AcDbArc
 50
173.00109922756855
 51
353.00109922756855
  0
LINE
  5
E9
330
17
100
AcDbEntity
  8
SLOTS
100
AcDbLine
 10
10.725569831795756
 20
1.1402312876556933
 30
0.0
 11
10.84868550685872
 21
2.143087054717652
 31
0.0
  0
LINE
  5
EA
330
17
100
AcDbEntity
  8
SLOTS
100
AcDbLine
 10
11.096822629243496
 20
2.112624479406265
 30
0.0
 11
10.973706954180532
 21
1.1097687123443067
 31
0.0
  0
ARC
  5
EB
330
17
100
AcDbEntity
  8
SLOTS
100
AcDbCircle
 10
10.972754068051108
 20
2.1278557670619587
 30
0.0
 40
0.125
100
AcDbArc
 50
-6.998900772431398
 51
173.0010992275686
  0
ARC
  5
EC
330
17
100
AcDbEntity
  8
SLOTS
100
AcDbCircle
 10
10.849638392988144
 20
1.125
 30
0.0
 40
0.125
100
AcDbArc
 50
173.0010992275686
 51
353.0010992275686
  0
LINE
  5
ED
330
17
100
AcDbEntity
  8
SLOTS
100
AcDbLine
 10
9.969939242555464
 20
1.1402312876556935
 30
0.0
 11
10.066991380351144
 21
1.9307829054274492
 31
0.0
  0
LINE
  5
EE
330
17
100
AcDbEntity
  8
SLOTS
100
AcDbLine
 10
10.31512850273592
 20
1.9003203301160623
 30
0.0
 11
10.21807636494024
 21
1.1097687123443065
 31
0.0
  0
ARC
  5
EF
330
17
100
AcDbEntity
  8
SLOTS
100
AcDbCircle
 10
10.191059941543532
 20
1.9155516177717558
 30
0.0
 40
0.125
100
AcDbArc
 50
-6.998900772431526
 51
173.0010992275685
  0
ARC
  5
F0
330
17
100
AcDbEntity
  8
SLOTS
100
AcDbCircle
 10
10.094007803747852
 20
1.125
 30
0.0
 40
0.125
100
AcDbArc
 50
173.0010992275685
 51
353.0010992275685
  0
LINE
  5
F1
330
17
100
AcDbEntity
  8
SLOTS
100
AcDbLine
 10
9.214308653315172
 20
1.1402312876556933
 30
0.0
 11
9.285297253843565
 21
1.7184787561372457
 31
0.0
  0
LINE
  5
F2
330
17
100
AcDbEntity
  8
SLOTS
100
AcDbLine
 10
9.53343437622834
 20
1.6880161808258591
 30
0.0
 11
9.462445775699948
 21
1.1097687123443067
 31
0.0
  0
ARC
  5
F3
330
17
100
AcDbEntity
  8
SLOTS
100
AcDbCircle
 10
9.409365815035953
 20
1.7032474684815524
 30
0.0
 40
0.125
100
AcDbArc
 50
-6.998900772431412
 51
173.0010992275686
  0
ARC
  5
F4
330
17
100
AcDbEntity
  8
SLOTS
100
AcDbCircle
 10
9.33837721450756
 20
1.125
 30
0.0
 40
0.125
100
AcDbArc
 50
173.0010992275686
 51
353.0010992275686
  0
LINE
  5
F5
330
17
100
AcDbEntity
  8
SLOTS
100
AcDbLine
 10
8.458678064074878
 20
1.1402312876556935
 30
0.0
 11
8.503603127335985
 21
1.5061746068470425
 31
0.0
  0
LINE
  5
F6
330
17
100
AcDbEntity
  8
SLOTS
100
AcDbLine
 10
8.751740249720761
 20
1.4757120315356556
 30
0.0
 11
8.706815186459654
 21
1.1097687123443065
 31
0.0
  0
ARC
  5
F7
330
17
100
AcDbEntity
  8
SLOTS
100
AcDbCircle
 10
8.627671688528373
 20
1.490943319191349
 30
0.0
 40
0.125
100
AcDbArc
 50
-6.998900772431455
 51
173.00109922756855
  0
ARC
  5
F8
330
17
100
AcDbEntity
  8
SLOTS
100
AcDbCircle
 10
8.582746625267266
 20
1.125
 30
0.0
 40
0.125
100
AcDbArc
 50
173.00109922756855
 51
353.00109922756855
  0
LINE
  5
F9
330
17
100
AcDbEntity
  8
SLOTS
100
AcDbLine
 10
7.703047474834585
 20
1.1402312876556937
 30
0.0
 11
7.721909000828407
 21
1.2938704575568394
 31
0.0
  0
LINE
  5
FA
330
17
100
AcDbEntity
  8
SLOTS
100
AcDbLine
 10
7.9700461232131845
 20
1.263407882245452
 30
0.0
 11
7.951184597219362
 21
1.1097687123443063
 31
0.0
  0
ARC
  5
FB
330
17
100
AcDbEntity
  8
SLOTS
100
AcDbCircle
 10
7.845977562020796
 20
1.2786391699011457
 30
0.0
 40
0.125
100
AcDbArc
 50
-6.998900772431583
 51
173.00109922756843
  0
ARC
  5
FC
330
17
100
AcDbEntity
  8
SLOTS
100
AcDbCircle
 10
7.827116036026974
 20
1.125
 30
0.0
 40
0.125
100
AcDbArc
 50
173.00109922756843
 51
353.00109922756843
  0
LINE
  5
FD
330
17
100
AcDbEntity
  8
SLOTS
100
AcDbLine
 10
3.6769914596828315
 20
2.542656493784068
 30
0.0
 11
3.8920825362874236
 21
2.827859630164309
 31
0.0
  0
LINE
  5
FE
330
17
100
AcDbEntity
  8
SLOTS
100
AcDbLine
 10
4.091682500684028
 20
2.677327725862017
 30
0.0
 11
3.876591424079436
 21
2.392124589481776
 31
0.0
  0
ARC
  5
FF
330
17
100
AcDbEntity
  8
SLOTS
100
AcDbCircle
 10
3.991882518485726
 20
2.752593678013163
 30
0.0
 40
0.125
100
AcDbArc
 50
-37.02242945936955
 51
142.97757054063044
  0
ARC
  5
100
330
17
100
AcDbEntity
  8
SLOTS
100
AcDbCircle
 10
3.7767914418811337
 20
2.467390541632922
 30
0.0
 40
0.125
100
AcDbArc
 50
142.97757054063044
 51
322.97757054063044
  0
LINE
  5
101
330
17
100
AcDbEntity
  8
SLOTS
100
AcDbLine
 10
2.2890683543023576
 20
1.9479028245593843
 30
0.0
 11
3.8626472278480124
 21
4.034412582014031
 31
0.0
  0
LINE
  5
102
330
17
100
AcDbEntity
  8
SLOTS
100
AcDbLine
 10
4.062247192244617
 20
3.8838806777117396
 30
0.0
 11
2.488668318698962
 21
1.7973709202570927
 31
0.0
  0
ARC
  5
103
330
17
100
AcDbEntity
  8
SLOTS
100
AcDbCircle
 10
3.9624472100463146
 20
3.9591466298628855
 30
0.0
 40
0.125
100
AcDbArc
 50
-37.0224294593696
 51
142.9775705406304
  0
ARC
  5
104
330
17
100
AcDbEntity
  8
SLOTS
100
AcDbCircle
 10
2.3888683365006598
 20
1.8726368724082385
 30
0.0
 40
0.125
100
AcDbArc
 50
142.9775705406304
 51
322.9775705406304
  0
LINE
  5
105
330
17
100
AcDbEntity
  8
SLOTS
100
AcDbLine
 10
1.025200017801698
 20
1.517641377541067
 30
0.0
 11
3.7404692574302274
 21
5.117992054489205
 31
0.0
  0
LINE
  5
106
330
17
100
AcDbEntity
  8
SLOTS
100
AcDbLine
 10
3.940069221826832
 20
4.967460150186913
 30
0.0
 11
1.224799982198302
 21
1.3671094732387754
 31
0.0
  0
ARC
  5
107
330
17
100
AcDbEntity
  8
SLOTS
100
AcDbCircle
 10
3.8402692396285296
 20
5.042726102338059
 30
0.0
 40
0.125
100
AcDbArc
 50
-37.0224294593696
 51
142.9775705406304
  0
ARC
  5
108
330
17
100
AcDbEntity
  8
SLOTS
100
AcDbCircle
 10
1.125
 20
1.4423754253899213
 30
0.0
 40
0.125
100
AcDbArc
 50
142.9775705406304
 51
322.9775705406304
  0
LINE
  5
109
330
17
100
AcDbEntity
  8
SLOTS
100
AcDbLine
 10
1.025200017801698
 20
2.763224504048723
 30
0.0
 11
3.6182912870124424
 21
6.201571526964379
 31
0.0
  0
LINE
  5
10A
330
17
100
AcDbEntity
  8
SLOTS
100
AcDbLine
 10
3.817891251409047
 20
6.051039622662087
 30
0.0
 11
1.224799982198302
 21
2.612692599746431
 31
0.0
  0
ARC
  5
10B
330
17
100
AcDbEntity
  8
SLOTS
100
AcDbCircle
 10
3.7180912692107446
 20
6.126305574813233
 30
0.0
 40
0.125
100
AcDbArc
 50
-37.0224294593696
 51
142.9775705406304
  0
ARC
  5
10C
330
17
100
AcDbEntity
  8
SLOTS
100
AcDbCircle
 10
1.125
 20
2.687958551897577
 30
0.0
 40
0.125
100
AcDbArc
 50
142.9775705406304
 51
322.9775705406304
  0
LINE
  5
10D
330
17
100
AcDbEntity
  8
SLOTS
100
AcDbLine
 10
1.025200017801698
 20
4.0088076305563805
 30
0.0
 11
3.496113316594657
 21
7.285150999439553
 31
0.0
  0
LINE
  5
10E
330
17
100
AcDbEntity
  8
SLOTS
100
AcDbLine
 10
3.6957132809912614
 20
7.134619095137261
 30
0.0
 11
1.224799982198302
 21
3.8582757262540883
 31
0.0
  0
ARC
  5
10F
330
17
100
AcDbEntity
  8
SLOTS
100
AcDbCircle
 10
3.595913298792959
 20
7.209885047288407
 30
0.0
 40
0.125
100
AcDbArc
 50
-37.0224294593696
 51
142.9775705406304
  0
ARC
  5
110
330
17
100
AcDbEntity
  8
SLOTS
100
AcDbCircle
 10
1.125
 20
3.933541678405234
 30
0.0
 40
0.125
100
AcDbArc
 50
142.9775705406304
 51
322.9775705406304
  0
LINE
  5
111
330
17
100
AcDbEntity
  8
SLOTS
100
AcDbLine
 10
1.025200017801698
 20
5.254390757064036
 30
0.0
 11
3.2017766380907293
 21
8.14045413299621
 31
0.0
  0
LINE
  5
112
330
17
100
AcDbEntity
  8
SLOTS
100
AcDbLine
 10
3.4013766024873338
 20
7.989922228693918
 30
0.0
 11
1.224799982198302
 21
5.103858852761744
 31
0.0
  0
ARC
  5
113
330
17
100
AcDbEntity
  8
SLOTS
100
AcDbCircle
 10
3.3015766202890315
 20
8.065188180845064
 30
0.0
 40
0.125
100
AcDbArc
 50
-37.02242945936961
 51
142.97757054063038
  0
ARC
  5
114
330
17
100
AcDbEntity
  8
SLOTS
100
AcDbCircle
 10
1.125
 20
5.17912480491289
 30
0.0
 40
0.125
100
AcDbArc
 50
142.97757054063038
 51
322.9775705406304
  0
LINE
  5
115
330
17
100
AcDbEntity
  8
SLOTS
100
AcDbLine
 10
1.025200017801698
 20
6.499973883571692
 30
0.0
 11
2.7294358058644534
 21
8.759730074110799
 31
0.0
  0
LINE
  5
116
330
17
100
AcDbEntity
  8
SLOTS
100
AcDbLine
 10
2.929035770261058
 20
8.609198169808508
 30
0.0
 11
1.224799982198302
 21
6.3494419792693995
 31
0.0
  0
ARC
  5
117
330
17
100
AcDbEntity
  8
SLOTS
100
AcDbCircle
 10
2.8292357880627557
 20
8.684464121959653
 30
0.0
 40
0.125
100
AcDbArc
 50
-37.0224294593696
 51
142.9775705406304
  0
ARC
  5
118
330
17
100
AcDbEntity
  8
SLOTS
100
AcDbCircle
 10
1.125
 20
6.424707931420546
 30
0.0
 40
0.125
100
AcDbArc
 50
142.9775705406304
 51
322.9775705406304
  0
LINE
  5
119
330
17
100
AcDbEntity
  8
SLOTS
100
AcDbLine
 10
1.025200017801698
 20
7.745557010079348
 30
0.0
 11
2.2570949736381776
 21
9.379006015225388
 31
0.0
  0
LINE
  5
11A
330
17
100
AcDbEntity
  8
SLOTS
100
AcDbLine
 10
2.456694938034782
 20
9.228474110923097
 30
0.0
 11
1.224799982198302
 21
7.595025105777055
 31
0.0
  0
ARC
  5
11B
330
17
100
AcDbEntity
  8
SLOTS
100
AcDbCircle
 10
2.35689495583648
 20
9.303740063074242
 30
0.0
 40
0.125
100
AcDbArc
 50
-37.02242945936959
 51
142.9775705406304
  0
ARC
  5
11C
330
17
100
AcDbEntity
  8
SLOTS
100
AcDbCircle
 10
1.125
 20
7.6702910579282015
 30
0.0
 40
0.125
100
AcDbArc
 50
142.9775705406304
 51
322.9775705406304
  0
LINE
  5
11D
330
17
100
AcDbEntity
  8
SLOTS
100
AcDbLine
 10
1.025200017801698
 20
8.991140136587003
 30
0.0
 11
1.7847541414119021
 21
9.998281956339975
 31
0.0
  0
LINE
  5
11E
330
17
100
AcDbEntity
  8
SLOTS
100
AcDbLine
 10
1.9843541058085061
 20
9.847750052037684
 30
0.0
 11
1.224799982198302
 21
8.840608232284712
 31
0.0
  0
ARC
  5
11F
330
17
100
AcDbEntity
  8
SLOTS
100
AcDbCircle
 10
1.8845541236102041
 20
9.92301600418883
 30
0.0
 40
0.125
100
AcDbArc
 50
-37.022429459369626
 51
142.97757054063038
  0
ARC
  5
120
330
17
100
AcDbEntity
  8
SLOTS
100
AcDbCircle
 10
1.125
 20
8.915874184435857
 30
0.0
 40
0.125
100
AcDbArc
 50
142.97757054063038
 51
322.9775705406304
  0
LINE
  5
121
330
17
100
AcDbEntity
  8
SLOTS
100
AcDbLine
 10
1.025200017801698
 20
10.236723263094659
 30
0.0
 11
1.3124133091856263
 21
10.617557897454564
 31
0.0
  0
LINE
  5
122
330
17
100
AcDbEntity
  8
SLOTS
100
AcDbLine
 10
1.5120132735822303
 20
10.467025993152273
 30
0.0
 11
1.224799982198302
 21
10.086191358792368
 31
0.0
  0
ARC
  5
123
330
17
100
AcDbEntity
  8
SLOTS
100
AcDbCircle
 10
1.4122132913839283
 20
10.542291945303418
 30
0.0
 40
0.125
100
AcDbArc
 50
-37.0224294593696
 51
142.9775705406304
  0
ARC
  5
124
330
17
100
AcDbEntity
  8
SLOTS
100
AcDbCircle
 10
1.125
 20
10.161457310943513
 30
0.0
 40
0.125
100
AcDbArc
 50
142.9775705406304
 51
322.9775705406304
  0
LINE
  5
125
330
17
100
AcDbEntity
  8
SLOTS
100
AcDbLine
 10
10.330374406132854
 20
8.003330077808263
 30
0.0
 11
10.50738352550178
 21
9.128374876112819
 31
0.0
  0
LINE
  5
126
330
17
100
AcDbEntity
  8
SLOTS
100
AcDbLine
 10
10.754345518862639
 20
9.08951906785676
 30
0.0
 11
10.577336399493714
 21
7.964474269552203
 31
0.0
  0
ARC
  5
127
330
17
100
AcDbEntity
  8
SLOTS
100
AcDbCircle
 10
10.63086452218221
 20
9.108946971984789
 30
0.0
 40
0.125
100
AcDbArc
 50
-8.94134319763944
 51
171.05865680236056
  0
ARC
  5
128
330
17
100
AcDbEntity
  8
SLOTS
100
AcDbCircle
 10
10.453855402813284
 20
7.983902173680233
 30
0.0
 40
0.125
100
AcDbArc
 50
171.05865680236056
 51
351.0586568023606
  0
LINE
  5
129
330
17
100
AcDbEntity
  8
SLOTS
100
AcDbLine
 10
9.468948490762088
 20
7.353762810378461
 30
0.0
 11
9.985923309191818
 21
10.639581260876412
 31
0.0
  0
LINE
  5
12A
330
17
100
AcDbEntity
  8
SLOTS
100
AcDbLine
 10
10.232885302552678
 20
10.600725452620352
 30
0.0
 11
9.715910484122947
 21
7.3149070021224
 31
0.0
  0
ARC
  5
12B
330
17
100
AcDbEntity
  8
SLOTS
100
AcDbCircle
 10
10.109404305872248
 20
10.620153356748382
 30
0.0
 40
0.125
100
AcDbArc
 50
-8.941343197639455
 51
171.05865680236053
  0
ARC
  5
12C
330
17
100
AcDbEntity
  8
SLOTS
100
AcDbCircle
 10
9.592429487442518
 20
7.33433490625043
 30
0.0
 40
0.125
100
AcDbArc
 50
171.05865680236053
 51
351.05865680236053
  0
LINE
  5
12D
330
17
100
AcDbEntity
  8
SLOTS
100
AcDbLine
 10
8.607522575391325
 20
6.704195542948659
 30
0.0
 11
9.464463092881859
 21
12.150787645640001
 31
0.0
  0
LINE
  5
12E
330
17
100
AcDbEntity
  8
SLOTS
100
AcDbLine
 10
9.711425086242718
 20
12.111931837383942
 30
0.0
 11
8.854484568752184
 21
6.665339734692598
 31
0.0
  0
ARC
  5
12F
330
17
100
AcDbEntity
  8
SLOTS
100
AcDbCircle
 10
9.587944089562288
 20
12.131359741511972
 30
0.0
 40
0.125
100
AcDbArc
 50
-8.941343197639455
 51
171.05865680236053
  0
ARC
  5
130
330
17
100
AcDbEntity
  8
SLOTS
100
AcDbCircle
 10
8.731003572071755
 20
6.684767638820628
 30
0.0
 40
0.125
100
AcDbArc
 50
171.05865680236053
 51
351.05865680236053
  0
LINE
  5
131
330
17
100
AcDbEntity
  8
SLOTS
100
AcDbLine
 10
7.746096660020562
 20
6.054628275518858
 30
0.0
 11
8.704020675554222
 21
12.143057135508718
 31
0.0
  0
LINE
  5
132
330
17
100
AcDbEntity
  8
SLOTS
100
AcDbLine
 10
8.950982668915081
 20
12.104201327252659
 30
0.0
 11
7.99305865338142
 21
6.015772467262797
 31
0.0
  0
ARC
  5
133
330
17
100
AcDbEntity
  8
SLOTS
100
AcDbCircle
 10
8.827501672234652
 20
12.123629231380688
 30
0.0
 40
0.125
100
AcDbArc
 50
-8.941343197639455
 51
171.05865680236053
  0
ARC
  5
134
330
17
100
AcDbEntity
  8
SLOTS
100
AcDbCircle
 10
7.869577656700991
 20
6.035200371390827
 30
0.0
 40
0.125
100
AcDbArc
 50
171.05865680236053
 51
351.05865680236053
  0
LINE
  5
135
330
17
100
AcDbEntity
  8
SLOTS
100
AcDbLine
 10
6.884670744649797
 20
5.405061008089055
 30
0.0
 11
7.825207192404118
 21
11.382976959167468
 31
0.0
  0
LINE
  5
136
330
17
100
AcDbEntity
  8
SLOTS
100
AcDbLine
 10
8.072169185764976
 20
11.344121150911409
 30
0.0
 11
7.131632738010654
 21
5.366205199832994
 31
0.0
  0
ARC
  5
137
330
17
100
AcDbEntity
  8
SLOTS
100
AcDbCircle
 10
7.948688189084547
 20
11.363549055039439
 30
0.0
 40
0.125
100
AcDbArc
 50
-8.941343197639455
 51
171.05865680236053
  0
ARC
  5
138
330
17
100
AcDbEntity
  8
SLOTS
100
AcDbCircle
 10
7.0081517413302254
 20
5.385633103961024
 30
0.0
 40
0.125
100
AcDbArc
 50
171.05865680236053
 51
351.05865680236053
  0
LINE
  5
139
330
17
100
AcDbEntity
  8
SLOTS
100
AcDbLine
 10
6.023244829279031
 20
4.755493740659252
 30
0.0
 11
6.927132106654391
 21
10.500472775018189
 31
0.0
  0
LINE
  5
13A
330
17
100
AcDbEntity
  8
SLOTS
100
AcDbLine
 10
7.174094100015249
 20
10.46161696676213
 30
0.0
 11
6.270206822639889
 21
4.716637932403191
 31
0.0
  0
ARC
  5
13B
330
17
100
AcDbEntity
  8
SLOTS
100
AcDbCircle
 10
7.05061310333482
 20
10.481044870890159
 30
0.0
 40
0.125
100
AcDbArc
 50
-8.941343197639455
 51
171.05865680236053
  0
ARC
  5
13C
330
17
100
AcDbEntity
  8
SLOTS
100
AcDbCircle
 10
6.14672582595946
 20
4.736065836531221
 30
0.0
 40
0.125
100
AcDbArc
 50
171.05865680236053
 51
351.05865680236053
  0
LINE
  5
13D
330
17
100
AcDbEntity
  8
SLOTS
100
AcDbLine
 10
5.1618189139082675
 20
4.10592647322945
 30
0.0
 11
6.029057020904667
 21
9.61796859086891
 31
0.0
  0
LINE
  5
13E
330
17
100
AcDbEntity
  8
SLOTS
100
AcDbLine
 10
6.2760190142655246
 20
9.579112782612851
 30
0.0
 11
5.408780907269125
 21
4.0670706649733885
 31
0.0
  0
ARC
  5
13F
330
17
100
AcDbEntity
  8
SLOTS
100
AcDbCircle
 10
6.152538017585096
 20
9.598540686740881
 30
0.0
 40
0.125
100
AcDbArc
 50
-8.941343197639455
 51
171.05865680236053
  0
ARC
  5
140
330
17
100
AcDbEntity
  8
SLOTS
100
AcDbCircle
 10
5.285299910588696
 20
4.086498569101419
 30
0.0
 40
0.125
100
AcDbArc
 50
171.05865680236053
 51
351.05865680236053
  0
LINE
  5
141
330
17
100
AcDbEntity
  8
SLOTS
100
AcDbLine
 10
4.505564623819127
 20
4.760400887978112
 30
0.0
 11
5.130981935154941
 21
8.73546440671963
 31
0.0
  0
LINE
  5
142
330
17
100
AcDbEntity
  8
SLOTS
100
AcDbLine
 10
5.377943928515799
 20
8.696608598463571
 30
0.0
 11
4.752526617179984
 21
4.721545079722051
 31
0.0
  0
ARC
  5
143
330
17
100
AcDbEntity
  8
SLOTS
100
AcDbCircle
 10
5.25446293183537
 20
8.716036502591601
 30
0.0
 40
0.125
100
AcDbArc
 50
-8.941343197639455
 51
171.05865680236053
  0
ARC
  5
144
330
17
100
AcDbEntity
  8
SLOTS
100
AcDbCircle
 10
4.629045620499555
 20
4.740972983850082
 30
0.0
 40
0.125
100
AcDbArc
 50
171.05865680236053
 51
351.05865680236053
  0
LINE
  5
145
330
17
100
AcDbEntity
  8
SLOTS
100
AcDbLine
 10
4.1886107709203
 20
7.571420645047921
 30
0.0
 11
4.232906849405216
 21
7.852960222570353
 31
0.0
  0
LINE
  5
146
330
17
100
AcDbEntity
  8
SLOTS
100
AcDbLine
 10
4.4798688427660736
 20
7.814104414314292
 30
0.0
 11
4.435572764281157
 21
7.53256483679186
 31
0.0
  0
ARC
  5
147
330
17
100
AcDbEntity
  8
SLOTS
100
AcDbCircle
 10
4.356387846085645
 20
7.833532318442322
 30
0.0
 40
0.125
100
AcDbArc
 50
-8.94134319763954
 51
171.05865680236047
  0
ARC
  5
148
330
17
100
AcDbEntity
  8
SLOTS
100
AcDbCircle
 10
4.312091767600728
 20
7.55199274091989
 30
0.0
 40
0.125
100
AcDbArc
 50
171.05865680236047
 51
351.0586568023605
  0
LINE
  5
149
330
17
100
AcDbEntity
  8
SLOTS
100
AcDbLine
 10
10.928871032500732
 20
12.237739240385896
 30
0.0
 11
10.823990730752683
 21
11.19644610313599
 31
0.0
  0
LINE
  5
14A
330
17
100
AcDbEntity
  8
SLOTS
100
AcDbLine
 10
10.575249258405268
 20
11.22149964449126
 30
0.0
 11
10.680129560153317
 21
12.262792781741165
 31
0.0
  0
ARC
  5
14B
330
17
100
AcDbEntity
  8
SLOTS
100
AcDbCircle
 10
10.699619994578976
 20
11.208972873813625
 30
0.0
 40
0.125
100
AcDbArc
 50
-185.75150320340168
 51
-5.751503203401683
  0
ARC
  5
14C
330
17
100
AcDbEntity
  8
SLOTS
100
AcDbCircle
 10
10.804500296327024
 20
12.25026601106353
 30
0.0
 40
0.125
100
AcDbArc
 50
-5.751503203401683
 51
174.24849679659832
  0
LINE
  5
14D
330
17
100
AcDbEntity
  8
SLOTS
100
AcDbLine
 10
11.673523485973572
 20
12.146971539971632
 30
0.0
 11
11.40747152063574
 21
9.505502350422065
 31
0.0
  0
LINE
  5
14E
330
17
100
AcDbEntity
  8
SLOTS
100
AcDbLine
 10
11.158730048288325
 20
9.530555891777338
 30
0.0
 11
11.424782013626157
 21
12.172025081326906
 31
0.0
  0
ARC
  5
14F
330
17
100
AcDbEntity
  8
SLOTS
100
AcDbCircle
 10
11.283100784462032
 20
9.518029121099701
 30
0.0
 40
0.125
100
AcDbArc
 50
-185.75150320340174
 51
-5.7515032034017395
  0
ARC
  5
150
330
17
100
AcDbEntity
  8
SLOTS
100
AcDbCircle
 10
11.549152749799864
 20
12.15949831064927
 30
0.0
 40
0.125
100
AcDbArc
 50
-5.7515032034017395
 51
174.24849679659826
  0
LINE
  5
151
330
17
100
AcDbEntity
  8
SLOTS
100
AcDbLine
 10
12.418175939446408
 20
12.056203839557373
 30
0.0
 11
12.044096782718709
 21
8.342197947158905
 31
0.0
  0
LINE
  5
152
330
17
100
AcDbEntity
  8
SLOTS
100
AcDbLine
 10
11.795355310371294
 20
8.367251488514178
 30
0.0
 11
12.169434467098993
 21
12.081257380912646
 31
0.0
  0
ARC
  5
153
330
17
100
AcDbEntity
  8
SLOTS
100
AcDbCircle
 10
11.919726046545001
 20
8.354724717836541
 30
0.0
 40
0.125
100
AcDbArc
 50
-185.75150320340174
 51
-5.7515032034017395
  0
ARC
  5
154
330
17
100
AcDbEntity
  8
SLOTS
100
AcDbCircle
 10
12.2938052032727
 20
12.06873061023501
 30
0.0
 40
0.125
100
AcDbArc
 50
-5.7515032034017395
 51
174.24849679659826
  0
LINE
  5
155
330
17
100
AcDbEntity
  8
SLOTS
100
AcDbLine
 10
13.162828392919247
 20
11.965436139143112
 30
0.0
 11
12.767666951297269
 21
8.042116979981785
 31
0.0
  0
LINE
  5
156
330
17
100
AcDbEntity
  8
SLOTS
100
AcDbLine
 10
12.518925478949853
 20
8.067170521337058
 30
0.0
 11
12.914086920571831
 21
11.990489680498385
 31
0.0
  0
ARC
  5
157
330
17
100
AcDbEntity
  8
SLOTS
100
AcDbCircle
 10
12.643296215123561
 20
8.054643750659421
 30
0.0
 40
0.125
100
AcDbArc
 50
-185.75150320340174
 51
-5.751503203401754
  0
ARC
  5
158
330
17
100
AcDbEntity
  8
SLOTS
100
AcDbCircle
 10
13.038457656745539
 20
11.977962909820748
 30
0.0
 40
0.125
100
AcDbArc
 50
-5.751503203401754
 51
174.24849679659826
  0
LINE
  5
159
330
17
100
AcDbEntity
  8
SLOTS
100
AcDbLine
 10
13.907480846392085
 20
11.874668438728852
 30
0.0
 11
13.49123711987583
 21
7.742036012804664
 31
0.0
  0
LINE
  5
15A
330
17
100
AcDbEntity
  8
SLOTS
100
AcDbLine
 10
13.242495647528415
 20
7.767089554159935
 30
0.0
 11
13.65873937404467
 21
11.899721980084125
 31
0.0
  0
ARC
  5
15B
330
17
100
AcDbEntity
  8
SLOTS
100
AcDbCircle
 10
13.366866383702122
 20
7.754562783482299
 30
0.0
 40
0.125
100
AcDbArc
 50
-185.75150320340174
 51
-5.7515032034017395
  0
ARC
  5
15C
330
17
100
AcDbEntity
  8
SLOTS
100
AcDbCircle
 10
13.783110110218377
 20
11.887195209406489
 30
0.0
 40
0.125
100
AcDbArc
 50
-5.7515032034017395
 51
174.24849679659826
  0
LINE
  5
15D
330
17
100
AcDbEntity
  8
SLOTS
100
AcDbLine
 10
14.652133299864921
 20
11.78390073831459
 30
0.0
 11
14.39175265907921
 21
9.198738703081052
 31
0.0
  0
LINE
  5
15E
330
17
100
AcDbEntity
  8
SLOTS
100
AcDbLine
 10
14.143011186731794
 20
9.223792244436325
 30
0.0
 11
14.403391827517506
 21
11.808954279669864
 31
0.0
  0
ARC
  5
15F
330
17
100
AcDbEntity
  8
SLOTS
100
AcDbCircle
 10
14.267381922905502
 20
9.211265473758688
 30
0.0
 40
0.125
100
AcDbArc
 50
-185.75150320340174
 51
-5.751503203401725
  0
ARC
  5
160
330
17
100
AcDbEntity
  8
SLOTS
100
AcDbCircle
 10
14.527762563691214
 20
11.796427508992227
 30
0.0
 40
0.125
100
AcDbArc
 50
-5.751503203401725
 51
174.24849679659826
  0
LINE
  5
161
330
17
100
AcDbEntity
  8
SLOTS
100
AcDbLine
 10
15.396785753337761
 20
11.693133037900331
 30
0.0
 11
15.294892638021546
 21
10.68149786958559
 31
0.0
  0
LINE
  5
162
330
17
100
AcDbEntity
  8
SLOTS
100
AcDbLine
 10
15.04615116567413
 20
10.70655141094086
 30
0.0
 11
15.148044280990346
 21
11.718186579255601
 31
0.0
  0
ARC
  5
163
330
17
100
AcDbEntity
  8
SLOTS
100
AcDbCircle
 10
15.170521901847838
 20
10.694024640263224
 30
0.0
 40
0.125
100
AcDbArc
 50
-185.75150320340174
 51
-5.751503203401725
  0
ARC
  5
164
330
17
100
AcDbEntity
  8
SLOTS
100
AcDbCircle
 10
15.272415017164054
 20
11.705659808577966
 30
0.0
 40
0.125
100
AcDbArc
 50
-5.751503203401725
 51
174.24849679659826
  0
LINE
  5
165
330
17
100
AcDbEntity
  8
SLOTS
100
AcDbLine
 10
6.694378023044187
 20
11.357591718850378
 30
0.0
 11
7.684131401253161
 21
12.414403054543401
 31
0.0
  0
LINE
  5
166
330
17
100
AcDbEntity
  8
SLOTS
100
AcDbLine
 10
7.866602454780777
 20
12.243510355388283
 30
0.0
 11
6.876849076571803
 21
11.18669901969526
 31
0.0
  0
ARC
  5
167
330
17
100
AcDbEntity
  8
SLOTS
100
AcDbCircle
 10
7.775366928016969
 20
12.328956704965842
 30
0.0
 40
0.125
100
AcDbArc
 50
-43.12331180648756
 51
136.87668819351245
  0
ARC
  5
168
330
17
100
AcDbEntity
  8
SLOTS
100
AcDbCircle
 10
6.785613549807995
 20
11.272145369272819
 30
0.0
 40
0.125
100
AcDbArc
 50
136.87668819351245
 51
316.87668819351245
  0
LINE
  5
169
330
17
100
AcDbEntity
  8
SLOTS
100
AcDbLine
 10
3.4846938857517737
 20
9.027624154459582
 30
0.0
 11
6.946843429883668
 21
12.724341907243554
 31
0.0
  0
LINE
  5
16A
330
17
100
AcDbEntity
  8
SLOTS
100
AcDbLine
 10
7.129314483411283
 20
12.553449208088436
 30
0.0
 11
3.6671649392793895
 21
8.856731455304464
 31
0.0
  0
ARC
  5
16B
330
17
100
AcDbEntity
  8
SLOTS
100
AcDbCircle
 10
7.0380789566474755
 20
12.638895557665995
 30
0.0
 40
0.125
100
AcDbArc
 50
-43.12331180648752
 51
136.87668819351248
  0
ARC
  5
16C
330
17
100
AcDbEntity
  8
SLOTS
100
AcDbCircle
 10
3.5759294125155816
 20
8.942177804882023
 30
0.0
 40
0.125
100
AcDbArc
 50
136.87668819351248
 51
316.87668819351245
  0
LINE
  5
16D
330
17
100
AcDbEntity
  8
SLOTS
100
AcDbLine
 10
3.0234674216638937
 20
9.632328285730084
 30
0.0
 11
6.209555458514175
 21
13.034280759943707
 31
0.0
  0
LINE
  5
16E
330
17
100
AcDbEntity
  8
SLOTS
100
AcDbLine
 10
6.392026512041791
 20
12.863388060788589
 30
0.0
 11
3.2059384751915094
 21
9.461435586574966
 31
0.0
  0
ARC
  5
16F
330
17
100
AcDbEntity
  8
SLOTS
100
AcDbCircle
 10
6.300790985277983
 20
12.948834410366148
 30
0.0
 40
0.125
100
AcDbArc
 50
-43.123311806487536
 51
136.87668819351245
  0
ARC
  5
170
330
17
100
AcDbEntity
  8
SLOTS
100
AcDbCircle
 10
3.1147029484277016
 20
9.546881936152525
 30
0.0
 40
0.125
100
AcDbArc
 50
136.87668819351245
 51
316.87668819351245
  0
LINE
  5
171
330
17
100
AcDbEntity
  8
SLOTS
100
AcDbLine
 10
2.5622409575760132
 20
10.237032417000586
 30
0.0
 11
5.472267487144681
 21
13.344219612643862
 31
0.0
  0
LINE
  5
172
330
17
100
AcDbEntity
  8
SLOTS
100
AcDbLine
 10
5.654738540672296
 20
13.173326913488744
 30
0.0
 11
2.744712011103629
 21
10.066139717845468
 31
0.0
  0
ARC
  5
173
330
17
100
AcDbEntity
  8
SLOTS
100
AcDbCircle
 10
5.5635030139084884
 20
13.258773263066303
 30
0.0
 40
0.125
100
AcDbArc
 50
-43.12331180648753
 51
136.87668819351248
  0
ARC
  5
174
330
17
100
AcDbEntity
  8
SLOTS
100
AcDbCircle
 10
2.653476484339821
 20
10.151586067423027
 30
0.0
 40
0.125
100
AcDbArc
 50
136.87668819351248
 51
316.87668819351245
  0
LINE
  5
175
330
17
100
AcDbEntity
  8
SLOTS
100
AcDbLine
 10
2.1010144934881327
 20
10.841736548271088
 30
0.0
 11
4.734979515775186
 21
13.654158465344015
 31
0.0
  0
LINE
  5
176
330
17
100
AcDbEntity
  8
SLOTS
100
AcDbLine
 10
4.917450569302802
 20
13.483265766188897
 30
0.0
 11
2.2834855470157485
 21
10.67084384911597
 31
0.0
  0
ARC
  5
177
330
17
100
AcDbEntity
  8
SLOTS
100
AcDbCircle
 10
4.826215042538994
 20
13.568712115766456
 30
0.0
 40
0.125
100
AcDbArc
 50
-43.12331180648752
 51
136.87668819351248
  0
ARC
  5
178
330
17
100
AcDbEntity
  8
SLOTS
100
AcDbCircle
 10
2.1922500202519406
 20
10.756290198693529
 30
0.0
 40
0.125
100
AcDbArc
 50
136.87668819351248
 51
316.87668819351245
  0
LINE
  5
179
330
17
100
AcDbEntity
  8
SLOTS
100
AcDbLine
 10
1.639788029400253
 20
11.446440679541588
 30
0.0
 11
3.9976915444056926
 21
13.964097318044168
 31
0.0
  0
LINE
  5
17A
330
17
100
AcDbEntity
  8
SLOTS
100
AcDbLine
 10
4.180162597933308
 20
13.79320461888905
 30
0.0
 11
1.8222590829278682
 21
11.27554798038647
 31
0.0
  0
ARC
  5
17B
330
17
100
AcDbEntity
  8
SLOTS
100
AcDbCircle
 10
4.0889270711695005
 20
13.878650968466609
 30
0.0
 40
0.125
100
AcDbArc
 50
-43.12331180648751
 51
136.8766881935125
  0
ARC
  5
17C
330
17
100
AcDbEntity
  8
SLOTS
100
AcDbCircle
 10
1.7310235561640606
 20
11.36099432996403
 30
0.0
 40
0.125
100
AcDbArc
 50
136.8766881935125
 51
316.8766881935125
  0
LINE
  5
17D
330
17
100
AcDbEntity
  8
SLOTS
100
AcDbLine
 10
1.4438540658906722
 20
12.33441145890662
 30
0.0
 11
3.2604035730361995
 21
14.27403617074432
 31
0.0
  0
LINE
  5
17E
330
17
100
AcDbEntity
  8
SLOTS
100
AcDbLine
 10
3.4428746265638153
 20
14.103143471589203
 30
0.0
 11
1.6263251194182875
 21
12.163518759751502
 31
0.0
  0
ARC
  5
17F
330
17
100
AcDbEntity
  8
SLOTS
100
AcDbCircle
 10
3.3516390998000074
 20
14.188589821166762
 30
0.0
 40
0.125
100
AcDbArc
 50
-43.12331180648751
 51
136.8766881935125
  0
ARC
  5
180
330
17
100
AcDbEntity
  8
SLOTS
100
AcDbCircle
 10
1.5350895926544799
 20
12.248965109329061
 30
0.0
 40
0.125
100
AcDbArc
 50
136.8766881935125
 51
316.8766881935125
  0
LINE
  5
181
330
17
100
AcDbEntity
  8
SLOTS
100
AcDbLine
 10
1.4227054175583762
 20
13.409009641076068
 30
0.0
 11
1.9105943559210152
 21
13.929954122775031
 31
0.0
  0
LINE
  5
182
330
17
100
AcDbEntity
  8
SLOTS
100
AcDbLine
 10
2.0930654094486307
 20
13.759061423619913
 30
0.0
 11
1.6051764710859915
 21
13.23811694192095
 31
0.0
  0
ARC
  5
183
330
17
100
AcDbEntity
  8
SLOTS
100
AcDbCircle
 10
2.001829882684823
 20
13.844507773197472
 30
0.0
 40
0.125
100
AcDbArc
 50
-43.123311806487536
 51
136.87668819351245
  0
ARC
  5
184
330
17
100
AcDbEntity
  8
SLOTS
100
AcDbCircle
 10
1.5139409443221838
 20
13.323563291498509
 30
0.0
 40
0.125
100
AcDbArc
 50
136.87668819351245
 51
316.87668819351245
  0
LINE
  5
185
330
17
100
AcDbEntity
  8
SLOTS
100
AcDbLine
 10
6.173793562928632
 20
16.996033736187364
 30
0.0
 11
5.504374554888673
 21
16.862594866010102
 31
0.0
  0
LINE
  5
186
330
17
100
AcDbEntity
  8
SLOTS
100
AcDbLine
 10
5.455502220827346
 20
17.107771322798673
 30
0.0
 11
6.124921228867304
 21
17.241210192975934
 31
0.0
  0
ARC
  5
187
330
17
100
AcDbEntity
  8
SLOTS
100
AcDbCircle
 10
5.4799383878580095
 20
16.985183094404388
 30
0.0
 40
0.125
100
AcDbArc
 50
-258.7266893350734
 51
-78.72668933507342
  0
ARC
  5
188
330
17
100
AcDbEntity
  8
SLOTS
100
AcDbCircle
 10
6.149357395897968
 20
17.11862196458165
 30
0.0
 40
0.125
100
AcDbArc
 50
-78.72668933507342
 51
101.27331066492658
  0
LINE
  5
189
330
17
100
AcDbEntity
  8
SLOTS
100
AcDbLine
 10
6.713994482607724
 20
16.33895955254284
 30
0.0
 11
4.8307541903212075
 21
15.963563195617152
 31
0.0
  0
LINE
  5
18A
330
17
100
AcDbEntity
  8
SLOTS
100
AcDbLine
 10
4.78188185625988
 20
16.208739652405722
 30
0.0
 11
6.665122148546397
 21
16.58413600933141
 31
0.0
  0
ARC
  5
18B
330
17
100
AcDbEntity
  8
SLOTS
100
AcDbCircle
 10
4.806318023290544
 20
16.086151424011437
 30
0.0
 40
0.125
100
AcDbArc
 50
-258.7266893350735
 51
-78.72668933507347
  0
ARC
  5
18C
330
17
100
AcDbEntity
  8
SLOTS
100
AcDbCircle
 10
6.68955831557706
 20
16.461547780937124
 30
0.0
 40
0.125
100
AcDbArc
 50
-78.72668933507347
 51
101.27331066492653
  0
LINE
  5
18D
330
17
100
AcDbEntity
  8
SLOTS
100
AcDbLine
 10
7.254195402286816
 20
15.681885368898316
 30
0.0
 11
4.1571338257537445
 21
15.0645315252242
 31
0.0
  0
LINE
  5
18E
330
17
100
AcDbEntity
  8
SLOTS
100
AcDbLine
 10
4.108261491692417
 20
15.309707982012771
 30
0.0
 11
7.205323068225488
 21
15.927061825686886
 31
0.0
  0
ARC
  5
18F
330
17
100
AcDbEntity
  8
SLOTS
100
AcDbCircle
 10
4.132697658723081
 20
15.187119753618486
 30
0.0
 40
0.125
100
AcDbArc
 50
-258.72668933507344
 51
-78.72668933507344
  0
ARC
  5
190
330
17
100
AcDbEntity
  8
SLOTS
100
AcDbCircle
 10
7.229759235256152
 20
15.804473597292601
 30
0.0
 40
0.125
100
AcDbArc
 50
-78.72668933507344
 51
101.27331066492656
  0
LINE
  5
191
330
17
100
AcDbEntity
  8
SLOTS
100
AcDbLine
 10
7.794396321965906
 20
15.02481118525379
 30
0.0
 11
4.562903928770323
 21
14.380660528108582
 31
0.0
  0
LINE
  5
192
330
17
100
AcDbEntity
  8
SLOTS
100
AcDbLine
 10
4.514031594708996
 20
14.625836984897152
 30
0.0
 11
7.745523987904579
 21
15.269987642042361
 31
0.0
  0
ARC
  5
193
330
17
100
AcDbEntity
  8
SLOTS
100
AcDbCircle
 10
4.53846776173966
 20
14.503248756502867
 30
0.0
 40
0.125
100
AcDbArc
 50
-258.72668933507344
 51
-78.72668933507344
  0
ARC
  5
194
330
17
100
AcDbEntity
  8
SLOTS
100
AcDbCircle
 10
7.769960154935243
 20
15.147399413648076
 30
0.0
 40
0.125
100
AcDbArc
 50
-78.72668933507344
 51
101.27331066492656
  0
LINE
  5
195
330
17
100
AcDbEntity
  8
SLOTS
100
AcDbLine
 10
8.334597241644996
 20
14.367737001609267
 30
0.0
 11
5.796952941420433
 21
13.861894794760069
 31
0.0
  0
LINE
  5
196
330
17
100
AcDbEntity
  8
SLOTS
100
AcDbLine
 10
5.748080607359106
 20
14.10707125154864
 30
0.0
 11
8.28572490758367
 21
14.612913458397838
 31
0.0
  0
ARC
  5
197
330
17
100
AcDbEntity
  8
SLOTS
100
AcDbCircle
 10
5.77251677438977
 20
13.984483023154354
 30
0.0
 40
0.125
100
AcDbArc
 50
-258.7266893350734
 51
-78.72668933507342
  0
ARC
  5
198
330
17
100
AcDbEntity
  8
SLOTS
100
AcDbCircle
 10
8.310161074614333
 20
14.490325230003553
 30
0.0
 40
0.125
100
AcDbArc
 50
-78.72668933507342
 51
101.27331066492658
  0
LINE
  5
199
330
17
100
AcDbEntity
  8
SLOTS
100
AcDbLine
 10
8.874798161324087
 20
13.710662817964744
 30
0.0
 11
7.031001954070543
 21
13.343129061411558
 31
0.0
  0
LINE
  5
19A
330
17
100
AcDbEntity
  8
SLOTS
100
AcDbLine
 10
6.982129620009216
 20
13.588305518200128
 30
0.0
 11
8.825925827262761
 21
13.955839274753314
 31
0.0
  0
ARC
  5
19B
330
17
100
AcDbEntity
  8
SLOTS
100
AcDbCircle
 10
7.00656578703988
 20
13.465717289805843
 30
0.0
 40
0.125
100
AcDbArc
 50
-258.7266893350734
 51
-78.72668933507342
  0
ARC
  5
19C
330
17
100
AcDbEntity
  8
SLOTS
100
AcDbCircle
 10
8.850361994293424
 20
13.83325104635903
 30
0.0
 40
0.125
100
AcDbArc
 50
-78.72668933507342
 51
101.27331066492658
  0
LINE
  5
19D
330
17
100
AcDbEntity
  8
SLOTS
100
AcDbLine
 10
9.414999081003181
 20
13.053588634320219
 30
0.0
 11
8.265050966720654
 21
12.824363328063045
 31
0.0
  0
LINE
  5
19E
330
17
100
AcDbEntity
  8
SLOTS
100
AcDbLine
 10
8.216178632659329
 20
13.069539784851615
 30
0.0
 11
9.366126746941852
 21
13.29876509110879
 31
0.0
  0
ARC
  5
19F
330
17
100
AcDbEntity
  8
SLOTS
100
AcDbCircle
 10
8.240614799689991
 20
12.94695155645733
 30
0.0
 40
0.125
100
AcDbArc
 50
-258.7266893350734
 51
-78.72668933507342
  0
ARC
  5
1A0
330
17
100
AcDbEntity
  8
SLOTS
100
AcDbCircle
 10
9.390562913972516
 20
13.176176862714504
 30
0.0
 40
0.125
100
AcDbArc
 50
-78.72668933507342
 51
101.27331066492658
  0
LINE
  5
1A1
330
17
100
AcDbEntity
  8
SLOTS
100
AcDbLine
 10
18.338865862854675
 20
9.897754279138413
 30
0.0
 11
18.013958066377455
 21
11.025164133015895
 31
0.0
  0
LINE
  5
1A2
330
17
100
AcDbEntity
  8
SLOTS
100
AcDbLine
 10
18.254181352971933
 20
11.094393986242288
 30
0.0
 11
18.579089149449153
 21
9.966984132364805
 31
0.0
  0
ARC
  5
1A3
330
17
100
AcDbEntity
  8
SLOTS
100
AcDbCircle
 10
18.134069709674694
 20
11.059779059629092
 30
0.0
 40
0.125
100
AcDbArc
 50
16.07643135481065
 51
196.07643135481067
  0
ARC
  5
1A4
330
17
100
AcDbEntity
  8
SLOTS
100
AcDbCircle
 10
18.458977506151914
 20
9.932369205751609
 30
0.0
 40
0.125
100
AcDbArc
 50
196.07643135481067
 51
376.07643135481067
  0
LINE
  5
1A5
330
17
100
AcDbEntity
  8
SLOTS
100
AcDbLine
 10
18.18750991183979
 20
7.714580850945255
 30
0.0
 11
17.051547074899478
 21
11.656301270987349
 31
0.0
  0
LINE
  5
1A6
330
17
100
AcDbEntity
  8
SLOTS
100
AcDbLine
 10
17.291770361493956
 20
11.725531124213742
 30
0.0
 11
18.427733198434268
 21
7.783810704171648
 31
0.0
  0
ARC
  5
1A7
330
17
100
AcDbEntity
  8
SLOTS
100
AcDbCircle
 10
17.171658718196717
 20
11.690916197600545
 30
0.0
 40
0.125
100
AcDbArc
 50
16.076431354810524
 51
196.07643135481052
  0
ARC
  5
1A8
330
17
100
AcDbEntity
  8
SLOTS
100
AcDbCircle
 10
18.30762155513703
 20
7.749195777558452
 30
0.0
 40
0.125
100
AcDbArc
 50
196.07643135481052
 51
376.07643135481055
  0
LINE
  5
1A9
330
17
100
AcDbEntity
  8
SLOTS
100
AcDbLine
 10
17.58829911002351
 20
7.0854359113720315
 30
0.0
 11
16.35605863752994
 21
11.361233741090494
 31
0.0
  0
LINE
  5
1AA
330
17
100
AcDbEntity
  8
SLOTS
100
AcDbLine
 10
16.59628192412442
 20
11.430463594316887
 30
0.0
 11
17.828522396617988
 21
7.154665764598424
 31
0.0
  0
ARC
  5
1AB
330
17
100
AcDbEntity
  8
SLOTS
100
AcDbCircle
 10
16.47617028082718
 20
11.39584866770369
 30
0.0
 40
0.125
100
AcDbArc
 50
16.076431354810538
 51
196.07643135481055
  0
ARC
  5
1AC
330
17
100
AcDbEntity
  8
SLOTS
100
AcDbCircle
 10
17.70841075332075
 20
7.120050837985228
 30
0.0
 40
0.125
100
AcDbArc
 50
196.07643135481055
 51
376.07643135481055
  0
LINE
  5
1AD
330
17
100
AcDbEntity
  8
SLOTS
100
AcDbLine
 10
16.946261556025796
 20
6.604897139279019
 30
0.0
 11
15.82622344735604
 21
10.491359742281295
 31
0.0
  0
LINE
  5
1AE
330
17
100
AcDbEntity
  8
SLOTS
100
AcDbLine
 10
16.066446733950517
 20
10.560589595507688
 30
0.0
 11
17.186484842620274
 21
6.674126992505411
 31
0.0
  0
ARC
  5
1AF
330
17
100
AcDbEntity
  8
SLOTS
100
AcDbCircle
 10
15.94633509065328
 20
10.525974668894492
 30
0.0
 40
0.125
100
AcDbArc
 50
16.076431354810538
 51
196.07643135481055
  0
ARC
  5
1B0
330
17
100
AcDbEntity
  8
SLOTS
100
AcDbCircle
 10
17.066373199323035
 20
6.639512065892215
 30
0.0
 40
0.125
100
AcDbArc
 50
196.07643135481055
 51
376.07643135481055
  0
LINE
  5
1B1
330
17
100
AcDbEntity
  8
SLOTS
100
AcDbLine
 10
16.30422400202808
 20
6.124358367186005
 30
0.0
 11
15.296388257182139
 21
9.621485743472096
 31
0.0
  0
LINE
  5
1B2
330
17
100
AcDbEntity
  8
SLOTS
100
AcDbLine
 10
15.536611543776617
 20
9.690715596698489
 30
0.0
 11
16.544447288622557
 21
6.193588220412398
 31
0.0
  0
ARC
  5
1B3
330
17
100
AcDbEntity
  8
SLOTS
100
AcDbCircle
 10
15.416499900479378
 20
9.656100670085292
 30
0.0
 40
0.125
100
AcDbArc
 50
16.07643135481051
 51
196.0764313548105
  0
ARC
  5
1B4
330
17
100
AcDbEntity
  8
SLOTS
100
AcDbCircle
 10
16.424335645325318
 20
6.158973293799201
 30
0.0
 40
0.125
100
AcDbArc
 50
196.0764313548105
 51
376.0764313548105
  0
LINE
  5
1B5
330
17
100
AcDbEntity
  8
SLOTS
100
AcDbLine
 10
15.662186448030363
 20
5.6438195950929915
 30
0.0
 11
14.766553067008237
 21
8.751611744662897
 31
0.0
  0
LINE
  5
1B6
330
17
100
AcDbEntity
  8
SLOTS
100
AcDbLine
 10
15.006776353602715
 20
8.82084159788929
 30
0.0
 11
15.902409734624841
 21
5.713049448319384
 31
0.0
  0
ARC
  5
1B7
330
17
100
AcDbEntity
  8
SLOTS
100
AcDbCircle
 10
14.886664710305476
 20
8.786226671276093
 30
0.0
 40
0.125
100
AcDbArc
 50
16.07643135481051
 51
196.0764313548105
  0
ARC
  5
1B8
330
17
100
AcDbEntity
  8
SLOTS
100
AcDbCircle
 10
15.782298091327602
 20
5.678434521706188
 30
0.0
 40
0.125
100
AcDbArc
 50
196.0764313548105
 51
376.0764313548105
  0
LINE
  5
1B9
330
17
100
AcDbEntity
  8
SLOTS
100
AcDbLine
 10
14.742408969826
 20
6.127021092580484
 30
0.0
 11
14.236717876834335
 21
7.881737745853698
 31
0.0
  0
LINE
  5
1BA
330
17
100
AcDbEntity
  8
SLOTS
100
AcDbLine
 10
14.476941163428814
 20
7.950967599080091
 30
0.0
 11
14.982632256420478
 21
6.196250945806876
 31
0.0
  0
ARC
  5
1BB
330
17
100
AcDbEntity
  8
SLOTS
100
AcDbCircle
 10
14.356829520131575
 20
7.9163526724668944
 30
0.0
 40
0.125
100
AcDbArc
 50
16.076431354810524
 51
196.07643135481052
  0
ARC
  5
1BC
330
17
100
AcDbEntity
  8
SLOTS
100
AcDbCircle
 10
14.86252061312324
 20
6.16163601919368
 30
0.0
 40
0.125
100
AcDbArc
 50
196.07643135481052
 51
376.07643135481055
  0
LINE
  5
1BD
330
17
100
AcDbEntity
  8
SLOTS
100
AcDbLine
 10
15.917476131929083
 20
18.13566624125407
 30
0.0
 11
15.635187829054209
 21
18.265093197897922
 31
0.0
  0
LINE
  5
1BE
330
17
100
AcDbEntity
  8
SLOTS
100
AcDbLine
 10
15.739381322259776
 20
18.492345735779505
 30
0.0
 11
16.021669625134653
 21
18.362918779135654
 31
0.0
  0
ARC
  5
1BF
330
17
100
AcDbEntity
  8
SLOTS
100
AcDbCircle
 10
15.687284575656992
 20
18.378719466838714
 30
0.0
 40
0.125
100
AcDbArc
 50
65.36891822119688
 51
245.36891822119688
  0
ARC
  5
1C0
330
17
100
AcDbEntity
  8
SLOTS
100
AcDbCircle
 10
15.969572878531867
 20
18.249292510194863
 30
0.0
 40
0.125
100
AcDbArc
 50
245.36891822119688
 51
425.36891822119685
  0
LINE
  5
1C1
330
17
100
AcDbEntity
  8
SLOTS
100
AcDbLine
 10
16.374699810825717
 20
17.100959502783812
 30
0.0
 11
14.739865430056524
 21
17.850518150325378
 31
0.0
  0
LINE
  5
1C2
330
17
100
AcDbEntity
  8
SLOTS
100
AcDbLine
 10
14.844058923262095
 20
18.07777068820696
 30
0.0
 11
16.47889330403129
 21
17.328212040665395
 31
0.0
  0
ARC
  5
1C3
330
17
100
AcDbEntity
  8
SLOTS
100
AcDbCircle
 10
14.79196217665931
 20
17.96414441926617
 30
0.0
 40
0.125
100
AcDbArc
 50
65.36891822119648
 51
245.36891822119648
  0
ARC
  5
1C4
330
17
100
AcDbEntity
  8
SLOTS
100
AcDbCircle
 10
16.426796557428503
 20
17.214585771724604
 30
0.0
 40
0.125
100
AcDbArc
 50
245.36891822119648
 51
425.3689182211965
  0
LINE
  5
1C5
330
17
100
AcDbEntity
  8
SLOTS
100
AcDbLine
 10
16.40044858144149
 20
16.26408060088435
 30
0.0
 11
13.890117011811387
 21
17.415047792635914
 31
0.0
  0
LINE
  5
1C6
330
17
100
AcDbEntity
  8
SLOTS
100
AcDbLine
 10
13.994310505016959
 20
17.642300330517497
 30
0.0
 11
16.504642074647062
 21
16.49133313876593
 31
0.0
  0
ARC
  5
1C7
330
17
100
AcDbEntity
  8
SLOTS
100
AcDbCircle
 10
13.942213758414173
 20
17.528674061576705
 30
0.0
 40
0.125
100
AcDbArc
 50
65.36891822119657
 51
245.36891822119657
  0
ARC
  5
1C8
330
17
100
AcDbEntity
  8
SLOTS
100
AcDbCircle
 10
16.452545328044277
 20
16.37770686982514
 30
0.0
 40
0.125
100
AcDbArc
 50
245.36891822119657
 51
425.36891822119657
  0
LINE
  5
1C9
330
17
100
AcDbEntity
  8
SLOTS
100
AcDbLine
 10
16.42619735205727
 20
15.427201698984883
 30
0.0
 11
13.040368593566255
 21
16.979577434946453
 31
0.0
  0
LINE
  5
1CA
330
17
100
AcDbEntity
  8
SLOTS
100
AcDbLine
 10
13.144562086771826
 20
17.206829972828036
 30
0.0
 11
16.53039084526284
 21
15.654454236866465
 31
0.0
  0
ARC
  5
1CB
330
17
100
AcDbEntity
  8
SLOTS
100
AcDbCircle
 10
13.09246534016904
 20
17.093203703887244
 30
0.0
 40
0.125
100
AcDbArc
 50
65.36891822119654
 51
245.36891822119654
  0
ARC
  5
1CC
330
17
100
AcDbEntity
  8
SLOTS
100
AcDbCircle
 10
16.478294098660054
 20
15.540827967925674
 30
0.0
 40
0.125
100
AcDbArc
 50
245.36891822119654
 51
425.3689182211965
  0
LINE
  5
1CD
330
17
100
AcDbEntity
  8
SLOTS
100
AcDbLine
 10
16.451946122673043
 20
14.590322797085419
 30
0.0
 11
12.330988450558293
 21
16.479749332043063
 31
0.0
  0
LINE
  5
1CE
330
17
100
AcDbEntity
  8
SLOTS
100
AcDbLine
 10
12.435181943763864
 20
16.707001869924646
 30
0.0
 11
16.556139615878614
 21
14.817575334967001
 31
0.0
  0
ARC
  5
1CF
330
17
100
AcDbEntity
  8
SLOTS
100
AcDbCircle
 10
12.383085197161078
 20
16.593375600983855
 30
0.0
 40
0.125
100
AcDbArc
 50
65.36891822119654
 51
245.36891822119654
  0
ARC
  5
1D0
330
17
100
AcDbEntity
  8
SLOTS
100
AcDbCircle
 10
16.50404286927583
 20
14.70394906602621
 30
0.0
 40
0.125
100
AcDbArc
 50
245.36891822119654
 51
425.3689182211965
  0
LINE
  5
1D1
330
17
100
AcDbEntity
  8
SLOTS
100
AcDbLine
 10
16.47769489328882
 20
13.753443895185953
 30
0.0
 11
11.940669769767126
 21
15.833634069464614
 31
0.0
  0
LINE
  5
1D2
330
17
100
AcDbEntity
  8
SLOTS
100
AcDbLine
 10
12.044863262972697
 20
16.060886607346198
 30
0.0
 11
16.58188838649439
 21
13.980696433067536
 31
0.0
  0
ARC
  5
1D3
330
17
100
AcDbEntity
  8
SLOTS
100
AcDbCircle
 10
11.992766516369912
 20
15.947260338405405
 30
0.0
 40
0.125
100
AcDbArc
 50
65.36891822119654
 51
245.36891822119654
  0
ARC
  5
1D4
330
17
100
AcDbEntity
  8
SLOTS
100
AcDbCircle
 10
16.529791639891606
 20
13.867070164126744
 30
0.0
 40
0.125
100
AcDbArc
 50
245.36891822119654
 51
425.3689182211965
  0
LINE
  5
1D5
330
17
100
AcDbEntity
  8
SLOTS
100
AcDbLine
 10
16.503443663904594
 20
12.916564993286489
 30
0.0
 11
11.550351088975958
 21
15.187518806886166
 31
0.0
  0
LINE
  5
1D6
330
17
100
AcDbEntity
  8
SLOTS
100
AcDbLine
 10
11.65454458218153
 20
15.414771344767749
 30
0.0
 11
16.607637157110165
 21
13.143817531168072
 31
0.0
  0
ARC
  5
1D7
330
17
100
AcDbEntity
  8
SLOTS
100
AcDbCircle
 10
11.602447835578744
 20
15.301145075826957
 30
0.0
 40
0.125
100
AcDbArc
 50
65.36891822119657
 51
245.36891822119657
  0
ARC
  5
1D8
330
17
100
AcDbEntity
  8
SLOTS
100
AcDbCircle
 10
16.55554041050738
 20
13.03019126222728
 30
0.0
 40
0.125
100
AcDbArc
 50
245.36891822119657
 51
425.36891822119657
  0
LINE
  5
1D9
330
17
100
AcDbEntity
  8
SLOTS
100
AcDbLine
 10
16.20727747342838
 20
12.227281557752232
 30
0.0
 11
11.160032408184792
 21
14.541403544307718
 31
0.0
  0
LINE
  5
1DA
330
17
100
AcDbEntity
  8
SLOTS
100
AcDbLine
 10
11.264225901390363
 20
14.7686560821893
 30
0.0
 11
16.31147096663395
 21
12.454534095633814
 31
0.0
  0
ARC
  5
1DB
330
17
100
AcDbEntity
  8
SLOTS
100
AcDbCircle
 10
11.212129154787577
 20
14.65502981324851
 30
0.0
 40
0.125
100
AcDbArc
 50
65.36891822119654
 51
245.36891822119654
  0
ARC
  5
1DC
330
17
100
AcDbEntity
  8
SLOTS
100
AcDbCircle
 10
16.259374220031166
 20
12.340907826693023
 30
0.0
 40
0.125
100
AcDbArc
 50
245.36891822119654
 51
425.3689182211965
  0
LINE
  5
1DD
330
17
100
AcDbEntity
  8
SLOTS
100
AcDbLine
 10
13.756074937590036
 20
12.526065260659571
 30
0.0
 11
10.769713727393626
 21
13.895288281729272
 31
0.0
  0
LINE
  5
1DE
330
17
100
AcDbEntity
  8
SLOTS
100
AcDbLine
 10
10.873907220599197
 20
14.122540819610855
 30
0.0
 11
13.860268430795607
 21
12.753317798541154
 31
0.0
  0
ARC
  5
1DF
330
17
100
AcDbEntity
  8
SLOTS
100
AcDbCircle
 10
10.821810473996411
 20
14.008914550670063
 30
0.0
 40
0.125
100
AcDbArc
 50
65.36891822119654
 51
245.36891822119654
  0
ARC
  5
1E0
330
17
100
AcDbEntity
  8
SLOTS
100
AcDbCircle
 10
13.808171684192821
 20
12.639691529600363
 30
0.0
 40
0.125
100
AcDbArc
 50
245.36891822119654
 51
425.3689182211965
  0
LINE
  5
1E1
330
17
100
AcDbEntity
  8
SLOTS
100
AcDbLine
 10
11.304872401751682
 20
12.824848963566913
 30
0.0
 11
10.379395046602458
 21
13.249173019150822
 31
0.0
  0
LINE
  5
1E2
330
17
100
AcDbEntity
  8
SLOTS
100
AcDbLine
 10
10.483588539808029
 20
13.476425557032405
 30
0.0
 11
11.409065894957253
 21
13.052101501448496
 31
0.0
  0
ARC
  5
1E3
330
17
100
AcDbEntity
  8
SLOTS
100
AcDbCircle
 10
10.431491793205243
 20
13.362799288091614
 30
0.0
 40
0.125
100
AcDbArc
 50
65.36891822119662
 51
245.36891822119662
  0
ARC
  5
1E4
330
17
100
AcDbEntity
  8
SLOTS
100
AcDbCircle
 10
11.356969148354468
 20
12.938475232507704
 30
0.0
 40
0.125
100
AcDbArc
 50
245.36891822119662
 51
425.3689182211966
  0
LINE
  5
1E5
330
17
100
AcDbEntity
  8
SLOTS
100
AcDbLine
 10
21.62041119077173
 20
21.283846933684096
 30
0.0
 11
21.6491805726551
 21
21.237003032888616
 31
0.0
  0
LINE
  5
1E6
330
17
100
AcDbEntity
  8
SLOTS
100
AcDbLine
 10
21.436149088860322
 20
21.106168836624057
 30
0.0
 11
21.40737970697695
 21
21.153012737419537
 31
0.0
  0
ARC
  5
1E7
330
17
100
AcDbEntity
  8
SLOTS
100
AcDbCircle
 10
21.54266483075771
 20
21.171585934756337
 30
0.0
 40
0.125
100
AcDbArc
 50
-148.44365621881138
 51
31.55634378118861
  0
ARC
  5
1E8
330
17
100
AcDbEntity
  8
SLOTS
100
AcDbCircle
 10
21.51389544887434
 20
21.218429835551817
 30
0.0
 40
0.125
100
AcDbArc
 50
31.55634378118861
 51
211.55634378118862
  0
LINE
  5
1E9
330
17
100
AcDbEntity
  8
SLOTS
100
AcDbLine
 10
22.016704667731638
 20
22.07169151505492
 30
0.0
 11
22.884992244861685
 21
20.65789759727392
 31
0.0
  0
LINE
  5
1EA
330
17
100
AcDbEntity
  8
SLOTS
100
AcDbLine
 10
22.6719607610669
 20
20.527063401009368
 30
0.0
 11
21.80367318393685
 21
21.940857318790368
 31
0.0
  0
ARC
  5
1EB
330
17
100
AcDbEntity
  8
SLOTS
100
AcDbCircle
 10
22.778476502964292
 20
20.592480499141644
 30
0.0
 40
0.125
100
AcDbArc
 50
-148.44365621881272
 51
31.55634378118728
  0
ARC
  5
1EC
330
17
100
AcDbEntity
  8
SLOTS
100
AcDbCircle
 10
21.910188925834245
 20
22.006274416922643
 30
0.0
 40
0.125
100
AcDbArc
 50
31.55634378118728
 51
211.55634378118728
  0
LINE
  5
1ED
330
17
100
AcDbEntity
  8
SLOTS
100
AcDbLine
 10
22.412998144691542
 20
22.859536096425746
 30
0.0
 11
24.12080391706827
 21
20.078792161659223
 31
0.0
  0
LINE
  5
1EE
330
17
100
AcDbEntity
  8
SLOTS
100
AcDbLine
 10
23.907772433273482
 20
19.94795796539467
 30
0.0
 11
22.199966660896756
 21
22.728701900161195
 31
0.0
  0
ARC
  5
1EF
330
17
100
AcDbEntity
  8
SLOTS
100
AcDbCircle
 10
24.014288175170876
 20
20.013375063526947
 30
0.0
 40
0.125
100
AcDbArc
 50
-148.44365621881272
 51
31.556343781187273
  0
ARC
  5
1F0
330
17
100
AcDbEntity
  8
SLOTS
100
AcDbCircle
 10
22.30648240279415
 20
22.79411899829347
 30
0.0
 40
0.125
100
AcDbArc
 50
31.556343781187273
 51
211.55634378118728
  0
LINE
  5
1F1
330
17
100
AcDbEntity
  8
SLOTS
100
AcDbLine
 10
23.986326579460407
 20
21.73086717674405
 30
0.0
 11
25.252963455508723
 21
19.668458870370202
 31
0.0
  0
LINE
  5
1F2
330
17
100
AcDbEntity
  8
SLOTS
100
AcDbLine
 10
25.039931971713937
 20
19.537624674105643
 30
0.0
 11
23.77329509566562
 21
21.60003298047949
 31
0.0
  0
ARC
  5
1F3
330
17
100
AcDbEntity
  8
SLOTS
100
AcDbCircle
 10
25.14644771361133
 20
19.603041772237923
 30
0.0
 40
0.125
100
AcDbArc
 50
-148.44365621881266
 51
31.556343781187337
  0
ARC
  5
1F4
330
17
100
AcDbEntity
  8
SLOTS
100
AcDbCircle
 10
23.879810837563014
 20
21.66545007861177
 30
0.0
 40
0.125
100
AcDbArc
 50
31.556343781187337
 51
211.55634378118734
  0
LINE
  5
1F5
330
17
100
AcDbEntity
  8
SLOTS
100
AcDbLine
 10
19.43241886720225
 20
26.44285301506843
 30
0.0
 11
19.127891493788503
 21
26.19603352161542
 31
0.0
  0
LINE
  5
1F6
330
17
100
AcDbEntity
  8
SLOTS
100
AcDbLine
 10
18.97047740620833
 20
26.39025196829673
 30
0.0
 11
19.27500477962208
 21
26.63707146174974
 31
0.0
  0
ARC
  5
1F7
330
17
100
AcDbEntity
  8
SLOTS
100
AcDbCircle
 10
19.049184449998418
 20
26.293142744956075
 30
0.0
 40
0.125
100
AcDbArc
 50
-230.97522676525708
 51
-50.97522676525708
  0
ARC
  5
1F8
330
17
100
AcDbEntity
  8
SLOTS
100
AcDbCircle
 10
19.353711823412166
 20
26.539962238409085
 30
0.0
 40
0.125
100
AcDbArc
 50
-50.97522676525708
 51
129.02477323474292
  0
LINE
  5
1F9
330
17
100
AcDbEntity
  8
SLOTS
100
AcDbLine
 10
20.25164855189476
 20
26.141431045807213
 30
0.0
 11
18.63678648411415
 21
24.832585036011697
 31
0.0
  0
LINE
  5
1FA
330
17
100
AcDbEntity
  8
SLOTS
100
AcDbLine
 10
18.47937239653398
 20
25.02680348269301
 30
0.0
 11
20.09423446431459
 21
26.335649492488525
 31
0.0
  0
ARC
  5
1FB
330
17
100
AcDbEntity
  8
SLOTS
100
AcDbCircle
 10
18.558079440324065
 20
24.929694259352353
 30
0.0
 40
0.125
100
AcDbArc
 50
-230.9752267652569
 51
-50.975226765256906
  0
ARC
  5
1FC
330
17
100
AcDbEntity
  8
SLOTS
100
AcDbCircle
 10
20.172941508104675
 20
26.23854026914787
 30
0.0
 40
0.125
100
AcDbArc
 50
-50.975226765256906
 51
129.0247732347431
  0
LINE
  5
1FD
330
17
100
AcDbEntity
  8
SLOTS
100
AcDbLine
 10
21.070878236587266
 20
25.840009076545993
 30
0.0
 11
18.1456814744398
 21
23.46913655040798
 31
0.0
  0
LINE
  5
1FE
330
17
100
AcDbEntity
  8
SLOTS
100
AcDbLine
 10
17.98826738685963
 20
23.663354997089293
 30
0.0
 11
20.913464149007094
 21
26.034227523227305
 31
0.0
  0
ARC
  5
1FF
330
17
100
AcDbEntity
  8
SLOTS
100
AcDbCircle
 10
18.066974430649715
 20
23.566245773748637
 30
0.0
 40
0.125
100
AcDbArc
 50
-230.97522676525693
 51
-50.975226765256934
  0
ARC
  5
200
330
17
100
AcDbEntity
  8
SLOTS
100
AcDbCircle
 10
20.99217119279718
 20
25.93711829988665
 30
0.0
 40
0.125
100
AcDbArc
 50
-50.975226765256934
 51
129.02477323474307
  0
LINE
  5
201
330
17
100
AcDbEntity
  8
SLOTS
100
AcDbLine
 10
21.89010792127977
 20
25.538587107284776
 30
0.0
 11
17.65457646476545
 21
22.105688064804266
 31
0.0
  0
LINE
  5
202
330
17
100
AcDbEntity
  8
SLOTS
100
AcDbLine
 10
17.49716237718528
 20
22.299906511485577
 30
0.0
 11
21.7326938336996
 21
25.732805553966088
 31
0.0
  0
ARC
  5
203
330
17
100
AcDbEntity
  8
SLOTS
100
AcDbCircle
 10
17.575869420975366
 20
22.20279728814492
 30
0.0
 40
0.125
100
AcDbArc
 50
-230.97522676525693
 51
-50.975226765256934
  0
ARC
  5
204
330
17
100
AcDbEntity
  8
SLOTS
100
AcDbCircle
 10
21.811400877489685
 20
25.635696330625432
 30
0.0
 40
0.125
100
AcDbArc
 50
-50.975226765256934
 51
129.02477323474307
  0
LINE
  5
205
330
17
100
AcDbEntity
  8
SLOTS
100
AcDbLine
 10
22.27291787440807
 20
24.88344686347217
 30
0.0
 11
17.1634714550911
 21
20.742239579200543
 31
0.0
  0
LINE
  5
206
330
17
100
AcDbEntity
  8
SLOTS
100
AcDbLine
 10
17.006057367510927
 20
20.936458025881855
 30
0.0
 11
22.115503786827897
 21
25.07766531015348
 31
0.0
  0
ARC
  5
207
330
17
100
AcDbEntity
  8
SLOTS
100
AcDbCircle
 10
17.084764411301013
 20
20.8393488025412
 30
0.0
 40
0.125
100
AcDbArc
 50
-230.9752267652569
 51
-50.975226765256906
  0
ARC
  5
208
330
17
100
AcDbEntity
  8
SLOTS
100
AcDbCircle
 10
22.194210830617983
 20
24.980556086812825
 30
0.0
 40
0.125
100
AcDbArc
 50
-50.975226765256906
 51
129.0247732347431
  0
LINE
  5
209
330
17
100
AcDbEntity
  8
SLOTS
100
AcDbLine
 10
22.082010861238945
 20
23.763308910522472
 30
0.0
 11
16.67236644541675
 21
19.378791093596824
 31
0.0
  0
LINE
  5
20A
330
17
100
AcDbEntity
  8
SLOTS
100
AcDbLine
 10
16.514952357836577
 20
19.573009540278136
 30
0.0
 11
21.924596773658774
 21
23.957527357203784
 31
0.0
  0
ARC
  5
20B
330
17
100
AcDbEntity
  8
SLOTS
100
AcDbCircle
 10
16.593659401626663
 20
19.47590031693748
 30
0.0
 40
0.125
100
AcDbArc
 50
-230.9752267652569
 51
-50.975226765256906
  0
ARC
  5
20C
330
17
100
AcDbEntity
  8
SLOTS
100
AcDbCircle
 10
22.00330381744886
 20
23.860418133863128
 30
0.0
 40
0.125
100
AcDbArc
 50
-50.975226765256906
 51
129.0247732347431
  0
LINE
  5
20D
330
17
100
AcDbEntity
  8
SLOTS
100
AcDbLine
 10
21.262154611585625
 20
22.13340748305657
 30
0.0
 11
16.83399847369534
 21
18.54438610007575
 31
0.0
  0
LINE
  5
20E
330
17
100
AcDbEntity
  8
SLOTS
100
AcDbLine
 10
16.676584386115167
 20
18.738604546757063
 30
0.0
 11
21.104740524005454
 21
22.32762592973788
 31
0.0
  0
ARC
  5
20F
330
17
100
AcDbEntity
  8
SLOTS
100
AcDbCircle
 10
16.755291429905252
 20
18.641495323416407
 30
0.0
 40
0.125
100
AcDbArc
 50
-230.97522676525688
 51
-50.97522676525688
  0
ARC
  5
210
330
17
100
AcDbEntity
  8
SLOTS
100
AcDbCircle
 10
21.18344756779554
 20
22.230516706397225
 30
0.0
 40
0.125
100
AcDbArc
 50
-50.97522676525688
 51
129.02477323474312
  0
LINE
  5
211
330
17
100
AcDbEntity
  8
SLOTS
100
AcDbLine
 10
21.262949780531503
 20
17.134112231796014
 30
0.0
 11
23.037293024847067
 21
17.295454648665142
 31
0.0
  0
LINE
  5
212
330
17
100
AcDbEntity
  8
SLOTS
100
AcDbLine
 10
23.05993231731744
 20
17.046481834011736
 30
0.0
 11
21.285589073001876
 21
16.885139417142607
 31
0.0
  0
ARC
  5
213
330
17
100
AcDbEntity
  8
SLOTS
100
AcDbCircle
 10
23.048612671082253
 20
17.17096824133844
 30
0.0
 40
0.125
100
AcDbArc
 50
-84.80433853364688
 51
95.19566146635312
  0
ARC
  5
214
330
17
100
AcDbEntity
  8
SLOTS
100
AcDbCircle
 10
21.27426942676669
 20
17.00962582446931
 30
0.0
 40
0.125
100
AcDbArc
 50
95.19566146635312
 51
275.1956614663531
  0
LINE
  5
215
330
17
100
AcDbEntity
  8
SLOTS
100
AcDbLine
 10
19.91744987238719
 20
17.76485914398107
 30
0.0
 11
23.685705268071693
 21
18.107509549908812
 31
0.0
  0
LINE
  5
216
330
17
100
AcDbEntity
  8
SLOTS
100
AcDbLine
 10
23.708344560542066
 20
17.858536735255406
 30
0.0
 11
19.940089164857564
 21
17.515886329327664
 31
0.0
  0
ARC
  5
217
330
17
100
AcDbEntity
  8
SLOTS
100
AcDbCircle
 10
23.69702491430688
 20
17.98302314258211
 30
0.0
 40
0.125
100
AcDbArc
 50
-84.80433853364687
 51
95.19566146635313
  0
ARC
  5
218
330
17
100
AcDbEntity
  8
SLOTS
100
AcDbCircle
 10
19.928769518622378
 20
17.640372736654367
 30
0.0
 40
0.125
100
AcDbArc
 50
95.19566146635313
 51
275.1956614663531
  0
LINE
  5
219
330
17
100
AcDbEntity
  8
SLOTS
100
AcDbLine
 10
18.571949964242872
 20
18.39560605616613
 30
0.0
 11
24.334117511296323
 21
18.919564451152482
 31
0.0
  0
LINE
  5
21A
330
17
100
AcDbEntity
  8
SLOTS
100
AcDbLine
 10
24.356756803766697
 20
18.670591636499076
 30
0.0
 11
18.594589256713245
 21
18.146633241512724
 31
0.0
  0
ARC
  5
21B
330
17
100
AcDbEntity
  8
SLOTS
100
AcDbCircle
 10
24.34543715753151
 20
18.79507804382578
 30
0.0
 40
0.125
100
AcDbArc
 50
-84.80433853364691
 51
95.19566146635309
  0
ARC
  5
21C
330
17
100
AcDbEntity
  8
SLOTS
100
AcDbCircle
 10
18.58326961047806
 20
18.271119648839427
 30
0.0
 40
0.125
100
AcDbArc
 50
95.19566146635309
 51
275.1956614663531
  0
LINE
  5
21D
330
17
100
AcDbEntity
  8
SLOTS
100
AcDbLine
 10
19.370013767559808
 20
19.22126889063855
 30
0.0
 11
23.40792317220842
 21
19.5884391461862
 31
0.0
  0
LINE
  5
21E
330
17
100
AcDbEntity
  8
SLOTS
100
AcDbLine
 10
23.430562464678793
 20
19.339466331532794
 30
0.0
 11
19.39265306003018
 21
18.972296075985145
 31
0.0
  0
ARC
  5
21F
330
17
100
AcDbEntity
  8
SLOTS
100
AcDbCircle
 10
23.419242818443607
 20
19.463952738859497
 30
0.0
 40
0.125
100
AcDbArc
 50
-84.80433853364691
 51
95.19566146635309
  0
ARC
  5
220
330
17
100
AcDbEntity
  8
SLOTS
100
AcDbCircle
 10
19.381333413794994
 20
19.09678248331185
 30
0.0
 40
0.125
100
AcDbArc
 50
95.19566146635309
 51
275.1956614663531
  0
LINE
  5
221
330
17
100
AcDbEntity
  8
SLOTS
100
AcDbLine
 10
20.323284894903278
 20
20.061044848293
 30
0.0
 11
22.06199217943787
 21
20.21914685950954
 31
0.0
  0
LINE
  5
222
330
17
100
AcDbEntity
  8
SLOTS
100
AcDbLine
 10
22.084631471908242
 20
19.970174044856133
 30
0.0
 11
20.34592418737365
 21
19.812072033639595
 31
0.0
  0
ARC
  5
223
330
17
100
AcDbEntity
  8
SLOTS
100
AcDbCircle
 10
22.073311825673056
 20
20.094660452182836
 30
0.0
 40
0.125
100
AcDbArc
 50
-84.80433853364694
 51
95.19566146635306
  0
ARC
  5
224
330
17
100
AcDbEntity
  8
SLOTS
100
AcDbCircle
 10
20.334604541138464
 20
19.936558440966298
 30
0.0
 40
0.125
100
AcDbArc
 50
95.19566146635306
 51
275.19566146635304
  0
LINE
  5
225
330
17
100
AcDbEntity
  8
SLOTS
100
AcDbLine
 10
27.866589752993814
 20
22.330336924168773
 30
0.0
 11
27.68166829912403
 21
23.459428325800108
 31
0.0
  0
LINE
  5
226
330
17
100
AcDbEntity
  8
SLOTS
100
AcDbLine
 10
27.928381334471243
 20
23.49983473853084
 30
0.0
 11
28.113302788341027
 21
22.370743336899505
 31
0.0
  0
ARC
  5
227
330
17
100
AcDbEntity
  8
SLOTS
100
AcDbCircle
 10
27.805024816797637
 20
23.479631532165474
 30
0.0
 40
0.125
100
AcDbArc
 50
9.301267418096486
 51
189.30126741809647
  0
ARC
  5
228
330
17
100
AcDbEntity
  8
SLOTS
100
AcDbCircle
 10
27.98994627066742
 20
22.35054013053414
 30
0.0
 40
0.125
100
AcDbArc
 50
189.30126741809647
 51
369.3012674180965
  0
LINE
  5
229
330
17
100
AcDbEntity
  8
SLOTS
100
AcDbLine
 10
27.35280783673541
 20
20.827028418705066
 30
0.0
 11
26.843619879531033
 21
23.936022709321726
 31
0.0
  0
LINE
  5
22A
330
17
100
AcDbEntity
  8
SLOTS
100
AcDbLine
 10
27.090332914878246
 20
23.97642912205246
 30
0.0
 11
27.59952087208262
 21
20.867434831435798
 31
0.0
  0
ARC
  5
22B
330
17
100
AcDbEntity
  8
SLOTS
100
AcDbCircle
 10
26.96697639720464
 20
23.956225915687092
 30
0.0
 40
0.125
100
AcDbArc
 50
9.301267418096401
 51
189.30126741809642
  0
ARC
  5
22C
330
17
100
AcDbEntity
  8
SLOTS
100
AcDbCircle
 10
27.476164354409015
 20
20.84723162507043
 30
0.0
 40
0.125
100
AcDbArc
 50
189.30126741809642
 51
369.3012674180964
  0
LINE
  5
22D
330
17
100
AcDbEntity
  8
SLOTS
100
AcDbLine
 10
26.718595600111893
 20
20.059042053395533
 30
0.0
 11
26.00557145993803
 21
24.412617092843348
 31
0.0
  0
LINE
  5
22E
330
17
100
AcDbEntity
  8
SLOTS
100
AcDbLine
 10
26.25228449528524
 20
24.45302350557408
 30
0.0
 11
26.965308635459106
 21
20.099448466126265
 31
0.0
  0
ARC
  5
22F
330
17
100
AcDbEntity
  8
SLOTS
100
AcDbCircle
 10
26.128927977611635
 20
24.432820299208714
 30
0.0
 40
0.125
100
AcDbArc
 50
9.30126741809643
 51
189.30126741809642
  0
ARC
  5
230
330
17
100
AcDbEntity
  8
SLOTS
100
AcDbCircle
 10
26.8419521177855
 20
20.0792452597609
 30
0.0
 40
0.125
100
AcDbArc
 50
189.30126741809642
 51
369.3012674180964
  0
LINE
  5
231
330
17
100
AcDbEntity
  8
SLOTS
100
AcDbLine
 10
25.96955260705498
 20
19.992188071692897
 30
0.0
 11
25.16752304034503
 21
24.889211476364967
 31
0.0
  0
LINE
  5
232
330
17
100
AcDbEntity
  8
SLOTS
100
AcDbLine
 10
25.414236075692244
 20
24.9296178890957
 30
0.0
 11
26.216265642402192
 21
20.03259448442363
 31
0.0
  0
ARC
  5
233
330
17
100
AcDbEntity
  8
SLOTS
100
AcDbCircle
 10
25.290879558018638
 20
24.909414682730333
 30
0.0
 40
0.125
100
AcDbArc
 50
9.301267418096387
 51
189.3012674180964
  0
ARC
  5
234
330
17
100
AcDbEntity
  8
SLOTS
100
AcDbCircle
 10
26.092909124728585
 20
20.012391278058264
 30
0.0
 40
0.125
100
AcDbArc
 50
189.3012674180964
 51
369.30126741809636
  0
LINE
  5
235
330
17
100
AcDbEntity
  8
SLOTS
100
AcDbLine
 10
25.012349040079116
 20
21.196318658043882
 30
0.0
 11
24.32947462075203
 21
25.36580585988659
 31
0.0
  0
LINE
  5
236
330
17
100
AcDbEntity
  8
SLOTS
100
AcDbLine
 10
24.576187656099243
 20
25.40621227261732
 30
0.0
 11
25.25906207542633
 21
21.236725070774614
 31
0.0
  0
ARC
  5
237
330
17
100
AcDbEntity
  8
SLOTS
100
AcDbCircle
 10
24.452831138425637
 20
25.386009066251955
 30
0.0
 40
0.125
100
AcDbArc
 50
9.301267418096415
 51
189.30126741809642
  0
ARC
  5
238
330
17
100
AcDbEntity
  8
SLOTS
100
AcDbCircle
 10
25.135705557752722
 20
21.21652186440925
 30
0.0
 40
0.125
100
AcDbArc
 50
189.30126741809642
 51
369.3012674180964
  0
LINE
  5
239
330
17
100
AcDbEntity
  8
SLOTS
100
AcDbLine
 10
24.03235498151625
 20
22.53960318003261
 30
0.0
 11
23.50444273380545
 21
25.76292403995764
 31
0.0
  0
LINE
  5
23A
330
17
100
AcDbEntity
  8
SLOTS
100
AcDbLine
 10
23.751155769152664
 20
25.80333045268837
 30
0.0
 11
24.279068016863462
 21
22.580009592763343
 31
0.0
  0
ARC
  5
23B
330
17
100
AcDbEntity
  8
SLOTS
100
AcDbCircle
 10
23.627799251479058
 20
25.783127246323005
 30
0.0
 40
0.125
100
AcDbArc
 50
9.301267418096415
 51
189.30126741809642
  0
ARC
  5
23C
330
17
100
AcDbEntity
  8
SLOTS
100
AcDbCircle
 10
24.155711499189856
 20
22.559806386397977
 30
0.0
 40
0.125
100
AcDbArc
 50
189.30126741809642
 51
369.3012674180964
  0
LINE
  5
23D
330
17
100
AcDbEntity
  8
SLOTS
100
AcDbLine
 10
23.052360922953383
 20
23.88288770202134
 30
0.0
 11
22.826506928989602
 21
25.261904561731804
 31
0.0
  0
LINE
  5
23E
330
17
100
AcDbEntity
  8
SLOTS
100
AcDbLine
 10
23.073219964336815
 20
25.302310974462536
 30
0.0
 11
23.299073958300596
 21
23.92329411475207
 31
0.0
  0
ARC
  5
23F
330
17
100
AcDbEntity
  8
SLOTS
100
AcDbCircle
 10
22.94986344666321
 20
25.28210776809717
 30
0.0
 40
0.125
100
AcDbArc
 50
9.301267418096415
 51
189.30126741809642
  0
ARC
  5
240
330
17
100
AcDbEntity
  8
SLOTS
100
AcDbCircle
 10
23.17571744062699
 20
23.903090908386705
 30
0.0
 40
0.125
100
AcDbArc
 50
189.30126741809642
 51
369.3012674180964
  0
LINE
  5
241
330
17
100
AcDbEntity
  8
SLOTS
100
AcDbLine
 10
27.484188154706946
 20
15.759700321745013
 30
0.0
 11
27.85920603618988
 21
16.254049642559696
 31
0.0
  0
LINE
  5
242
330
17
100
AcDbEntity
  8
SLOTS
100
AcDbLine
 10
28.058379967707822
 20
16.10295449040819
 30
0.0
 11
27.683362086224886
 21
15.608605169593512
 31
0.0
  0
ARC
  5
243
330
17
100
AcDbEntity
  8
SLOTS
100
AcDbCircle
 10
27.95879300194885
 20
16.178502066483944
 30
0.0
 40
0.125
100
AcDbArc
 50
-37.18428410155871
 51
142.81571589844128
  0
ARC
  5
244
330
17
100
AcDbEntity
  8
SLOTS
100
AcDbCircle
 10
27.583775120465916
 20
15.684152745669262
 30
0.0
 40
0.125
100
AcDbArc
 50
142.81571589844128
 51
322.8157158984413
  0
LINE
  5
245
330
17
100
AcDbEntity
  8
SLOTS
100
AcDbLine
 10
26.370594598615376
 20
15.532698950811465
 30
0.0
 11
27.57571585693572
 21
17.121292201869824
 31
0.0
  0
LINE
  5
246
330
17
100
AcDbEntity
  8
SLOTS
100
AcDbLine
 10
27.77488978845366
 20
16.97019704971832
 30
0.0
 11
26.569768530133317
 21
15.381603798659963
 31
0.0
  0
ARC
  5
247
330
17
100
AcDbEntity
  8
SLOTS
100
AcDbCircle
 10
27.67530282269469
 20
17.04574462579407
 30
0.0
 40
0.125
100
AcDbArc
 50
-37.18428410155872
 51
142.81571589844128
  0
ARC
  5
248
330
17
100
AcDbEntity
  8
SLOTS
100
AcDbCircle
 10
26.470181564374347
 20
15.457151374735714
 30
0.0
 40
0.125
100
AcDbArc
 50
142.81571589844128
 51
322.8157158984413
  0
LINE
  5
249
330
17
100
AcDbEntity
  8
SLOTS
100
AcDbLine
 10
25.25700104252381
 20
15.30569757987792
 30
0.0
 11
27.292225677681557
 21
17.98853476117995
 31
0.0
  0
LINE
  5
24A
330
17
100
AcDbEntity
  8
SLOTS
100
AcDbLine
 10
27.491399609199497
 20
17.837439609028443
 30
0.0
 11
25.45617497404175
 21
15.154602427726418
 31
0.0
  0
ARC
  5
24B
330
17
100
AcDbEntity
  8
SLOTS
100
AcDbCircle
 10
27.391812643440527
 20
17.912987185104196
 30
0.0
 40
0.125
100
AcDbArc
 50
-37.18428410155874
 51
142.81571589844125
  0
ARC
  5
24C
330
17
100
AcDbEntity
  8
SLOTS
100
AcDbCircle
 10
25.35658800828278
 20
15.23015000380217
 30
0.0
 40
0.125
100
AcDbArc
 50
142.81571589844125
 51
322.8157158984413
  0
LINE
  5
24D
330
17
100
AcDbEntity
  8
SLOTS
100
AcDbLine
 10
24.143407486432245
 20
15.078696208944374
 30
0.0
 11
27.008735498427395
 21
18.855777320490073
 31
0.0
  0
LINE
  5
24E
330
17
100
AcDbEntity
  8
SLOTS
100
AcDbLine
 10
27.207909429945335
 20
18.704682168338568
 30
0.0
 11
24.342581417950186
 21
14.927601056792872
 31
0.0
  0
ARC
  5
24F
330
17
100
AcDbEntity
  8
SLOTS
100
AcDbCircle
 10
27.108322464186365
 20
18.78022974441432
 30
0.0
 40
0.125
100
AcDbArc
 50
-37.18428410155874
 51
142.81571589844125
  0
ARC
  5
250
330
17
100
AcDbEntity
  8
SLOTS
100
AcDbCircle
 10
24.242994452191216
 20
15.003148632868623
 30
0.0
 40
0.125
100
AcDbArc
 50
142.81571589844125
 51
322.8157158984413
  0
LINE
  5
251
330
17
100
AcDbEntity
  8
SLOTS
100
AcDbLine
 10
23.28588415075205
 20
15.18924711429338
 30
0.0
 11
26.462633738992025
 21
19.376844769996648
 31
0.0
  0
LINE
  5
252
330
17
100
AcDbEntity
  8
SLOTS
100
AcDbLine
 10
26.661807670509965
 20
19.225749617845143
 30
0.0
 11
23.48505808226999
 21
15.038151962141878
 31
0.0
  0
ARC
  5
253
330
17
100
AcDbEntity
  8
SLOTS
100
AcDbCircle
 10
26.562220704750995
 20
19.301297193920895
 30
0.0
 40
0.125
100
AcDbArc
 50
-37.184284101558724
 51
142.81571589844128
  0
ARC
  5
254
330
17
100
AcDbEntity
  8
SLOTS
100
AcDbCircle
 10
23.38547111651102
 20
15.11369953821763
 30
0.0
 40
0.125
100
AcDbArc
 50
142.81571589844128
 51
322.8157158984413
  0
LINE
  5
255
330
17
100
AcDbEntity
  8
SLOTS
100
AcDbLine
 10
22.934051969776856
 20
15.966401110358701
 30
0.0
 11
23.836182812264024
 21
17.155591789763143
 31
0.0
  0
LINE
  5
256
330
17
100
AcDbEntity
  8
SLOTS
100
AcDbLine
 10
24.035356743781964
 20
17.004496637611638
 30
0.0
 11
23.133225901294797
 21
15.8153059582072
 31
0.0
  0
ARC
  5
257
330
17
100
AcDbEntity
  8
SLOTS
100
AcDbCircle
 10
23.935769778022994
 20
17.08004421368739
 30
0.0
 40
0.125
100
AcDbArc
 50
-37.18428410155876
 51
142.81571589844123
  0
ARC
  5
258
330
17
100
AcDbEntity
  8
SLOTS
100
AcDbCircle
 10
23.033638935535826
 20
15.89085353428295
 30
0.0
 40
0.125
100
AcDbArc
 50
142.81571589844123
 51
322.8157158984412
  0
LINE
  5
259
330
17
100
AcDbEntity
  8
SLOTS
100
AcDbLine
 10
18.116303105709036
 20
29.072316108418388
 30
0.0
 11
19.8200516737692
 21
27.287107450535842
 31
0.0
  0
LINE
  5
25A
330
17
100
AcDbEntity
  8
SLOTS
100
AcDbLine
 10
19.639196888207387
 20
27.11450517204743
 30
0.0
 11
17.935448320147223
 21
28.899713829929976
 31
0.0
  0
ARC
  5
25B
330
17
100
AcDbEntity
  8
SLOTS
100
AcDbCircle
 10
19.729624280988293
 20
27.200806311291636
 30
0.0
 40
0.125
100
AcDbArc
 50
-136.33749748856172
 51
43.66250251143829
  0
ARC
  5
25C
330
17
100
AcDbEntity
  8
SLOTS
100
AcDbCircle
 10
18.02587571292813
 20
28.98601496917418
 30
0.0
 40
0.125
100
AcDbArc
 50
43.66250251143829
 51
223.66250251143828
  0
LINE
  5
25D
330
17
100
AcDbEntity
  8
SLOTS
100
AcDbLine
 10
18.551390198177334
 20
29.702738940282917
 30
0.0
 11
21.4178545813995
 21
26.69922238251613
 31
0.0
  0
LINE
  5
25E
330
17
100
AcDbEntity
  8
SLOTS
100
AcDbLine
 10
21.236999795837686
 20
26.526620104027717
 30
0.0
 11
18.37053541261552
 21
29.530136661794504
 31
0.0
  0
ARC
  5
25F
330
17
100
AcDbEntity
  8
SLOTS
100
AcDbCircle
 10
21.327427188618593
 20
26.612921243271924
 30
0.0
 40
0.125
100
AcDbArc
 50
-136.33749748856167
 51
43.66250251143833
  0
ARC
  5
260
330
17
100
AcDbEntity
  8
SLOTS
100
AcDbCircle
 10
18.460962805396427
 20
29.61643780103871
 30
0.0
 40
0.125
100
AcDbArc
 50
43.66250251143833
 51
223.66250251143833
  0
LINE
  5
261
330
17
100
AcDbEntity
  8
SLOTS
100
AcDbLine
 10
19.341369710660167
 20
29.961301139244206
 30
0.0
 11
22.827289097028
 21
26.308712027278062
 31
0.0
  0
LINE
  5
262
330
17
100
AcDbEntity
  8
SLOTS
100
AcDbLine
 10
22.646434311466187
 20
26.13610974878965
 30
0.0
 11
19.160514925098354
 21
29.788698860755794
 31
0.0
  0
ARC
  5
263
330
17
100
AcDbEntity
  8
SLOTS
100
AcDbCircle
 10
22.736861704247094
 20
26.222410888033856
 30
0.0
 40
0.125
100
AcDbArc
 50
-136.3374974885617
 51
43.66250251143831
  0
ARC
  5
264
330
17
100
AcDbEntity
  8
SLOTS
100
AcDbCircle
 10
19.25094231787926
 20
29.875
 30
0.0
 40
0.125
100
AcDbArc
 50
43.66250251143831
 51
223.6625025114383
  0
LINE
  5
265
330
17
100
AcDbEntity
  8
SLOTS
100
AcDbLine
 10
20.37811308141226
 20
29.961301139244206
 30
0.0
 11
23.56453522157733
 21
26.622528917256087
 31
0.0
  0
LINE
  5
266
330
17
100
AcDbEntity
  8
SLOTS
100
AcDbLine
 10
23.383680436015517
 20
26.449926638767675
 30
0.0
 11
20.197258295850446
 21
29.788698860755794
 31
0.0
  0
ARC
  5
267
330
17
100
AcDbEntity
  8
SLOTS
100
AcDbCircle
 10
23.474107828796424
 20
26.53622777801188
 30
0.0
 40
0.125
100
AcDbArc
 50
-136.33749748856167
 51
43.66250251143832
  0
ARC
  5
268
330
17
100
AcDbEntity
  8
SLOTS
100
AcDbCircle
 10
20.287685688631353
 20
29.875
 30
0.0
 40
0.125
100
AcDbArc
 50
43.66250251143832
 51
223.66250251143833
  0
LINE
  5
269
330
17
100
AcDbEntity
  8
SLOTS
100
AcDbLine
 10
21.414856452164354
 20
29.961301139244206
 30
0.0
 11
23.974347379942973
 21
27.279435135245393
 31
0.0
  0
LINE
  5
26A
330
17
100
AcDbEntity
  8
SLOTS
100
AcDbLine
 10
23.79349259438116
 20
27.10683285675698
 30
0.0
 11
21.23400166660254
 21
29.788698860755794
 31
0.0
  0
ARC
  5
26B
330
17
100
AcDbEntity
  8
SLOTS
100
AcDbCircle
 10
23.883919987162066
 20
27.193133996001187
 30
0.0
 40
0.125
100
AcDbArc
 50
-136.33749748856167
 51
43.66250251143835
  0
ARC
  5
26C
330
17
100
AcDbEntity
  8
SLOTS
100
AcDbCircle
 10
21.324429059383448
 20
29.875
 30
0.0
 40
0.125
100
AcDbArc
 50
43.66250251143835
 51
223.66250251143833
  0
LINE
  5
26D
330
17
100
AcDbEntity
  8
SLOTS
100
AcDbLine
 10
22.451599822916442
 20
29.961301139244206
 30
0.0
 11
24.384159538308612
 21
27.936341353234695
 31
0.0
  0
LINE
  5
26E
330
17
100
AcDbEntity
  8
SLOTS
100
AcDbLine
 10
24.2033047527468
 20
27.763739074746283
 30
0.0
 11
22.27074503735463
 21
29.788698860755794
 31
0.0
  0
ARC
  5
26F
330
17
100
AcDbEntity
  8
SLOTS
100
AcDbCircle
 10
24.293732145527706
 20
27.85004021399049
 30
0.0
 40
0.125
100
AcDbArc
 50
-136.3374974885616
 51
43.66250251143838
  0
ARC
  5
270
330
17
100
AcDbEntity
  8
SLOTS
100
AcDbCircle
 10
22.361172430135536
 20
29.875
 30
0.0
 40
0.125
100
AcDbArc
 50
43.66250251143838
 51
223.6625025114384
  0
LINE
  5
271
330
17
100
AcDbEntity
  8
SLOTS
100
AcDbLine
 10
23.48834319366854
 20
29.961301139244206
 30
0.0
 11
24.793971696674255
 21
28.593247571224
 31
0.0
  0
LINE
  5
272
330
17
100
AcDbEntity
  8
SLOTS
100
AcDbLine
 10
24.613116911112442
 20
28.42064529273559
 30
0.0
 11
23.307488408106728
 21
29.788698860755794
 31
0.0
  0
ARC
  5
273
330
17
100
AcDbEntity
  8
SLOTS
100
AcDbCircle
 10
24.70354430389335
 20
28.506946431979795
 30
0.0
 40
0.125
100
AcDbArc
 50
-136.3374974885616
 51
43.662502511438376
  0
ARC
  5
274
330
17
100
AcDbEntity
  8
SLOTS
100
AcDbCircle
 10
23.397915800887635
 20
29.875
 30
0.0
 40
0.125
100
AcDbArc
 50
43.662502511438376
 51
223.6625025114384
  0
LINE
  5
275
330
17
100
AcDbEntity
  8
SLOTS
100
AcDbLine
 10
24.525086564420633
 20
29.961301139244206
 30
0.0
 11
25.203783855039894
 21
29.250153789213304
 31
0.0
  0
LINE
  5
276
330
17
100
AcDbEntity
  8
SLOTS
100
AcDbLine
 10
25.02292906947808
 20
29.07755151072489
 30
0.0
 11
24.34423177885882
 21
29.788698860755794
 31
0.0
  0
ARC
  5
277
330
17
100
AcDbEntity
  8
SLOTS
100
AcDbCircle
 10
25.113356462258988
 20
29.163852649969098
 30
0.0
 40
0.125
100
AcDbArc
 50
-136.33749748856167
 51
43.66250251143834
  0
ARC
  5
278
330
17
100
AcDbEntity
  8
SLOTS
100
AcDbCircle
 10
24.434659171639726
 20
29.875
 30
0.0
 40
0.125
100
AcDbArc
 50
43.66250251143834
 51
223.66250251143833
  0
LINE
  5
279
330
17
100
AcDbEntity
  8
SLOTS
100
AcDbLine
 10
25.561829935172728
 20
29.961301139244206
 30
0.0
 11
25.613596013405537
 21
29.907060007202606
 31
0.0
  0
LINE
  5
27A
330
17
100
AcDbEntity
  8
SLOTS
100
AcDbLine
 10
25.432741227843724
 20
29.734457728714194
 30
0.0
 11
25.380975149610915
 21
29.788698860755794
 31
0.0
  0
ARC
  5
27B
330
17
100
AcDbEntity
  8
SLOTS
100
AcDbCircle
 10
25.52316862062463
 20
29.8207588679584
 30
0.0
 40
0.125
100
AcDbArc
 50
-136.33749748856232
 51
43.66250251143767
  0
ARC
  5
27C
330
17
100
AcDbEntity
  8
SLOTS
100
AcDbCircle
 10
25.47140254239182
 20
29.875
 30
0.0
 40
0.125
100
AcDbArc
 50
43.66250251143767
 51
223.66250251143768
  0
LINE
  5
27D
330
17
100
AcDbEntity
  8
SLOTS
100
AcDbLine
 10
12.735291574437602
 20
23.945591466844693
 30
0.0
 11
13.057999910584387
 21
23.126611046042257
 31
0.0
  0
LINE
  5
27E
330
17
100
AcDbEntity
  8
SLOTS
100
AcDbLine
 10
12.825405530796873
 20
23.03496032596182
 30
0.0
 11
12.502697194650088
 21
23.853940746764255
 31
0.0
  0
ARC
  5
27F
330
17
100
AcDbEntity
  8
SLOTS
100
AcDbCircle
 10
12.94170272069063
 20
23.080785686002038
 30
0.0
 40
0.125
100
AcDbArc
 50
-158.49373996401812
 51
21.506260035981896
  0
ARC
  5
280
330
17
100
AcDbEntity
  8
SLOTS
100
AcDbCircle
 10
12.618994384543845
 20
23.899766106804474
 30
0.0
 40
0.125
100
AcDbArc
 50
21.506260035981896
 51
201.50626003598188
  0
LINE
  5
281
330
17
100
AcDbEntity
  8
SLOTS
100
AcDbLine
 10
13.254605256291741
 20
24.67346961330573
 30
0.0
 11
14.852221035480412
 21
20.618984815226582
 31
0.0
  0
LINE
  5
282
330
17
100
AcDbEntity
  8
SLOTS
100
AcDbLine
 10
14.619626655692898
 20
20.527334095146145
 30
0.0
 11
13.022010876504227
 21
24.581818893225293
 31
0.0
  0
ARC
  5
283
330
17
100
AcDbEntity
  8
SLOTS
100
AcDbCircle
 10
14.735923845586655
 20
20.573159455186364
 30
0.0
 40
0.125
100
AcDbArc
 50
-158.49373996401823
 51
21.506260035981768
  0
ARC
  5
284
330
17
100
AcDbEntity
  8
SLOTS
100
AcDbCircle
 10
13.138308066397984
 20
24.62764425326551
 30
0.0
 40
0.125
100
AcDbArc
 50
21.506260035981768
 51
201.50626003598177
  0
LINE
  5
285
330
17
100
AcDbEntity
  8
SLOTS
100
AcDbLine
 10
13.773918938145883
 20
25.40134775976677
 30
0.0
 11
15.997754995570784
 21
19.757619395473544
 31
0.0
  0
LINE
  5
286
330
17
100
AcDbEntity
  8
SLOTS
100
AcDbLine
 10
15.76516061578327
 20
19.665968675393106
 30
0.0
 11
13.541324558358369
 21
25.309697039686334
 31
0.0
  0
ARC
  5
287
330
17
100
AcDbEntity
  8
SLOTS
100
AcDbCircle
 10
15.881457805677027
 20
19.711794035433325
 30
0.0
 40
0.125
100
AcDbArc
 50
-158.49373996401823
 51
21.506260035981782
  0
ARC
  5
288
330
17
100
AcDbEntity
  8
SLOTS
100
AcDbCircle
 10
13.657621748252126
 20
25.355522399726553
 30
0.0
 40
0.125
100
AcDbArc
 50
21.506260035981782
 51
201.50626003598177
  0
LINE
  5
289
330
17
100
AcDbEntity
  8
SLOTS
100
AcDbLine
 10
14.29323262000002
 20
26.129225906227806
 30
0.0
 11
16.3827312009023
 21
20.826423854423734
 31
0.0
  0
LINE
  5
28A
330
17
100
AcDbEntity
  8
SLOTS
100
AcDbLine
 10
16.150136821114785
 20
20.734773134343296
 30
0.0
 11
14.060638240212507
 21
26.037575186147368
 31
0.0
  0
ARC
  5
28B
330
17
100
AcDbEntity
  8
SLOTS
100
AcDbCircle
 10
16.266434011008542
 20
20.780598494383515
 30
0.0
 40
0.125
100
AcDbArc
 50
-158.49373996401823
 51
21.506260035981768
  0
ARC
  5
28C
330
17
100
AcDbEntity
  8
SLOTS
100
AcDbCircle
 10
14.176935430106264
 20
26.083400546187587
 30
0.0
 40
0.125
100
AcDbArc
 50
21.506260035981768
 51
201.50626003598177
  0
LINE
  5
28D
330
17
100
AcDbEntity
  8
SLOTS
100
AcDbLine
 10
14.812546301854162
 20
26.857104052688843
 30
0.0
 11
16.76770740623382
 21
21.895228313373927
 31
0.0
  0
LINE
  5
28E
330
17
100
AcDbEntity
  8
SLOTS
100
AcDbLine
 10
16.535113026446307
 20
21.80357759329349
 30
0.0
 11
14.579951922066648
 21
26.765453332608406
 31
0.0
  0
ARC
  5
28F
330
17
100
AcDbEntity
  8
SLOTS
100
AcDbCircle
 10
16.651410216340064
 20
21.84940295333371
 30
0.0
 40
0.125
100
AcDbArc
 50
-158.49373996401823
 51
21.506260035981782
  0
ARC
  5
290
330
17
100
AcDbEntity
  8
SLOTS
100
AcDbCircle
 10
14.696249111960405
 20
26.811278692648624
 30
0.0
 40
0.125
100
AcDbArc
 50
21.506260035981782
 51
201.50626003598177
  0
LINE
  5
291
330
17
100
AcDbEntity
  8
SLOTS
100
AcDbLine
 10
15.3318599837083
 20
27.584982199149877
 30
0.0
 11
17.152683611565337
 21
22.96403277232412
 31
0.0
  0
LINE
  5
292
330
17
100
AcDbEntity
  8
SLOTS
100
AcDbLine
 10
16.920089231777823
 20
22.872382052243683
 30
0.0
 11
15.099265603920786
 21
27.49333147906944
 31
0.0
  0
ARC
  5
293
330
17
100
AcDbEntity
  8
SLOTS
100
AcDbCircle
 10
17.03638642167158
 20
22.918207412283902
 30
0.0
 40
0.125
100
AcDbArc
 50
-158.4937399640182
 51
21.506260035981796
  0
ARC
  5
294
330
17
100
AcDbEntity
  8
SLOTS
100
AcDbCircle
 10
15.215562793814543
 20
27.53915683910966
 30
0.0
 40
0.125
100
AcDbArc
 50
21.506260035981796
 51
201.5062600359818
  0
LINE
  5
295
330
17
100
AcDbEntity
  8
SLOTS
100
AcDbLine
 10
15.906986039423295
 20
28.17121776526631
 30
0.0
 11
17.537659816896856
 21
24.03283723127431
 31
0.0
  0
LINE
  5
296
330
17
100
AcDbEntity
  8
SLOTS
100
AcDbLine
 10
17.30506543710934
 20
23.941186511193873
 30
0.0
 11
15.67439165963578
 21
28.079567045185872
 31
0.0
  0
ARC
  5
297
330
17
100
AcDbEntity
  8
SLOTS
100
AcDbCircle
 10
17.4213626270031
 20
23.987011871234092
 30
0.0
 40
0.125
100
AcDbArc
 50
-158.49373996401823
 51
21.506260035981768
  0
ARC
  5
298
330
17
100
AcDbEntity
  8
SLOTS
100
AcDbCircle
 10
15.790688849529538
 20
28.12539240522609
 30
0.0
 40
0.125
100
AcDbArc
 50
21.506260035981768
 51
201.50626003598177
  0
LINE
  5
299
330
17
100
AcDbEntity
  8
SLOTS
100
AcDbLine
 10
16.546401614212165
 20
28.594297157566523
 30
0.0
 11
17.922636022228374
 21
25.101641690224508
 31
0.0
  0
LINE
  5
29A
330
17
100
AcDbEntity
  8
SLOTS
100
AcDbLine
 10
17.69004164244086
 20
25.00999097014407
 30
0.0
 11
16.31380723442465
 21
28.502646437486085
 31
0.0
  0
ARC
  5
29B
330
17
100
AcDbEntity
  8
SLOTS
100
AcDbCircle
 10
17.806338832334617
 20
25.05581633018429
 30
0.0
 40
0.125
100
AcDbArc
 50
-158.49373996401823
 51
21.506260035981768
  0
ARC
  5
29C
330
17
100
AcDbEntity
  8
SLOTS
100
AcDbCircle
 10
16.430104424318408
 20
28.548471797526304
 30
0.0
 40
0.125
100
AcDbArc
 50
21.506260035981768
 51
201.50626003598177
  0
LINE
  5
29D
330
17
100
AcDbEntity
  8
SLOTS
100
AcDbLine
 10
17.416351087268037
 20
28.43231961806792
 30
0.0
 11
18.307612227559893
 21
26.1704461491747
 31
0.0
  0
LINE
  5
29E
330
17
100
AcDbEntity
  8
SLOTS
100
AcDbLine
 10
18.07501784777238
 20
26.078795429094264
 30
0.0
 11
17.183756707480523
 21
28.34066889798748
 31
0.0
  0
ARC
  5
29F
330
17
100
AcDbEntity
  8
SLOTS
100
AcDbCircle
 10
18.191315037666136
 20
26.124620789134482
 30
0.0
 40
0.125
100
AcDbArc
 50
-158.49373996401823
 51
21.506260035981782
  0
ARC
  5
2A0
330
17
100
AcDbEntity
  8
SLOTS
100
AcDbCircle
 10
17.30005389737428
 20
28.3864942580277
 30
0.0
 40
0.125
100
AcDbArc
 50
21.506260035981782
 51
201.50626003598177
  0
LINE
  5
2A1
330
17
100
AcDbEntity
  8
SLOTS
100
AcDbLine
 10
17.372849071742685
 20
14.710589083524575
 30
0.0
 11
18.406323408339304
 21
11.898183824884084
 31
0.0
  0
LINE
  5
2A2
330
17
100
AcDbEntity
  8
SLOTS
100
AcDbLine
 10
18.171665310505787
 20
11.811954032346025
 30
0.0
 11
17.13819097390917
 21
14.624359290986515
 31
0.0
  0
ARC
  5
2A3
330
17
100
AcDbEntity
  8
SLOTS
100
AcDbCircle
 10
18.288994359422546
 20
11.855068928615054
 30
0.0
 40
0.125
100
AcDbArc
 50
-159.82313830791315
 51
20.176861692086845
  0
ARC
  5
2A4
330
17
100
AcDbEntity
  8
SLOTS
100
AcDbCircle
 10
17.255520022825927
 20
14.667474187255545
 30
0.0
 40
0.125
100
AcDbArc
 50
20.176861692086845
 51
200.17686169208685
  0
LINE
  5
2A5
330
17
100
AcDbEntity
  8
SLOTS
100
AcDbLine
 10
17.299833831340347
 20
17.083708760640246
 30
0.0
 11
19.35550792414592
 21
11.489579884933109
 31
0.0
  0
LINE
  5
2A6
330
17
100
AcDbEntity
  8
SLOTS
100
AcDbLine
 10
19.1208498263124
 20
11.40335009239505
 30
0.0
 11
17.06517573350683
 21
16.99747896810219
 31
0.0
  0
ARC
  5
2A7
330
17
100
AcDbEntity
  8
SLOTS
100
AcDbCircle
 10
19.23817887522916
 20
11.44646498866408
 30
0.0
 40
0.125
100
AcDbArc
 50
-159.8231383079132
 51
20.17686169208679
  0
ARC
  5
2A8
330
17
100
AcDbEntity
  8
SLOTS
100
AcDbCircle
 10
17.18250478242359
 20
17.040593864371218
 30
0.0
 40
0.125
100
AcDbArc
 50
20.17686169208679
 51
200.1768616920868
  0
LINE
  5
2A9
330
17
100
AcDbEntity
  8
SLOTS
100
AcDbLine
 10
17.805727905862422
 20
17.881436051205657
 30
0.0
 11
20.101054536653823
 21
11.635138046367109
 31
0.0
  0
LINE
  5
2AA
330
17
100
AcDbEntity
  8
SLOTS
100
AcDbLine
 10
19.866396438820306
 20
11.54890825382905
 30
0.0
 11
17.571069808028906
 21
17.7952062586676
 31
0.0
  0
ARC
  5
2AB
330
17
100
AcDbEntity
  8
SLOTS
100
AcDbCircle
 10
19.983725487737065
 20
11.592023150098079
 30
0.0
 40
0.125
100
AcDbArc
 50
-159.82313830791318
 51
20.176861692086817
  0
ARC
  5
2AC
330
17
100
AcDbEntity
  8
SLOTS
100
AcDbCircle
 10
17.688398856945664
 20
17.83832115493663
 30
0.0
 40
0.125
100
AcDbArc
 50
20.176861692086817
 51
200.17686169208682
  0
LINE
  5
2AD
330
17
100
AcDbEntity
  8
SLOTS
100
AcDbLine
 10
18.760407809380364
 20
17.4578774512788
 30
0.0
 11
20.846601149161724
 21
11.780696207801107
 31
0.0
  0
LINE
  5
2AE
330
17
100
AcDbEntity
  8
SLOTS
100
AcDbLine
 10
20.611943051328208
 20
11.694466415263047
 30
0.0
 11
18.525749711546847
 21
17.371647658740745
 31
0.0
  0
ARC
  5
2AF
330
17
100
AcDbEntity
  8
SLOTS
100
AcDbCircle
 10
20.729272100244966
 20
11.737581311532077
 30
0.0
 40
0.125
100
AcDbArc
 50
-159.8231383079132
 51
20.17686169208679
  0
ARC
  5
2B0
330
17
100
AcDbEntity
  8
SLOTS
100
AcDbCircle
 10
18.643078760463606
 20
17.414762555009773
 30
0.0
 40
0.125
100
AcDbArc
 50
20.17686169208679
 51
200.1768616920868
  0
LINE
  5
2B1
330
17
100
AcDbEntity
  8
SLOTS
100
AcDbLine
 10
19.725732951316225
 20
17.005349845111667
 30
0.0
 11
21.59214776166963
 21
11.926254369235105
 31
0.0
  0
LINE
  5
2B2
330
17
100
AcDbEntity
  8
SLOTS
100
AcDbLine
 10
21.357489663836112
 20
11.840024576697045
 30
0.0
 11
19.491074853482708
 21
16.91912005257361
 31
0.0
  0
ARC
  5
2B3
330
17
100
AcDbEntity
  8
SLOTS
100
AcDbCircle
 10
21.47481871275287
 20
11.883139472966075
 30
0.0
 40
0.125
100
AcDbArc
 50
-159.8231383079132
 51
20.176861692086803
  0
ARC
  5
2B4
330
17
100
AcDbEntity
  8
SLOTS
100
AcDbCircle
 10
19.608403902399466
 20
16.96223494884264
 30
0.0
 40
0.125
100
AcDbArc
 50
20.176861692086803
 51
200.1768616920868
  0
LINE
  5
2B5
330
17
100
AcDbEntity
  8
SLOTS
100
AcDbLine
 10
20.691058093252085
 20
16.55282223894453
 30
0.0
 11
22.33769437417753
 21
12.071812530669105
 31
0.0
  0
LINE
  5
2B6
330
17
100
AcDbEntity
  8
SLOTS
100
AcDbLine
 10
22.103036276344014
 20
11.985582738131045
 30
0.0
 11
20.45639999541857
 21
16.466592446406473
 31
0.0
  0
ARC
  5
2B7
330
17
100
AcDbEntity
  8
SLOTS
100
AcDbCircle
 10
22.220365325260772
 20
12.028697634400075
 30
0.0
 40
0.125
100
AcDbArc
 50
-159.8231383079132
 51
20.17686169208679
  0
ARC
  5
2B8
330
17
100
AcDbEntity
  8
SLOTS
100
AcDbCircle
 10
20.573729044335327
 20
16.5097073426755
 30
0.0
 40
0.125
100
AcDbArc
 50
20.17686169208679
 51
200.1768616920868
  0
LINE
  5
2B9
330
17
100
AcDbEntity
  8
SLOTS
100
AcDbLine
 10
21.656383235187946
 20
16.100294632777395
 30
0.0
 11
22.91565160992604
 21
12.673433535465575
 31
0.0
  0
LINE
  5
2BA
330
17
100
AcDbEntity
  8
SLOTS
100
AcDbLine
 10
22.680993512092524
 20
12.587203742927516
 30
0.0
 11
21.42172513735443
 21
16.01406484023934
 31
0.0
  0
ARC
  5
2BB
330
17
100
AcDbEntity
  8
SLOTS
100
AcDbCircle
 10
22.798322561009282
 20
12.630318639196545
 30
0.0
 40
0.125
100
AcDbArc
 50
-159.82313830791324
 51
20.17686169208676
  0
ARC
  5
2BC
330
17
100
AcDbEntity
  8
SLOTS
100
AcDbCircle
 10
21.539054186271187
 20
16.057179736508367
 30
0.0
 40
0.125
100
AcDbArc
 50
20.17686169208676
 51
200.17686169208676
  0
LINE
  5
2BD
330
17
100
AcDbEntity
  8
SLOTS
100
AcDbLine
 10
28.546437841153896
 20
21.39297364082432
 30
0.0
 11
29.16498582614375
 21
20.204324645272212
 31
0.0
  0
LINE
  5
2BE
330
17
100
AcDbEntity
  8
SLOTS
100
AcDbLine
 10
28.94321604005976
 20
20.08892030401824
 30
0.0
 11
28.324668055069907
 21
21.27756929957035
 31
0.0
  0
ARC
  5
2BF
330
17
100
AcDbEntity
  8
SLOTS
100
AcDbCircle
 10
29.054100933101754
 20
20.146622474645227
 30
0.0
 40
0.125
100
AcDbArc
 50
-152.50847755086633
 51
27.49152244913367
  0
ARC
  5
2C0
330
17
100
AcDbEntity
  8
SLOTS
100
AcDbCircle
 10
28.4355529481119
 20
21.335271470197334
 30
0.0
 40
0.125
100
AcDbArc
 50
27.49152244913367
 51
207.49152244913367
  0
LINE
  5
2C1
330
17
100
AcDbEntity
  8
SLOTS
100
AcDbLine
 10
28.881595034747765
 20
22.373632250738495
 30
0.0
 11
30.169491444389617
 21
19.898712259331422
 31
0.0
  0
LINE
  5
2C2
330
17
100
AcDbEntity
  8
SLOTS
100
AcDbLine
 10
29.94772165830563
 20
19.78330791807745
 30
0.0
 11
28.659825248663775
 21
22.258227909484525
 31
0.0
  0
ARC
  5
2C3
330
17
100
AcDbEntity
  8
SLOTS
100
AcDbCircle
 10
30.058606551347623
 20
19.841010088704436
 30
0.0
 40
0.125
100
AcDbArc
 50
-152.50847755086627
 51
27.491522449133733
  0
ARC
  5
2C4
330
17
100
AcDbEntity
  8
SLOTS
100
AcDbCircle
 10
28.77071014170577
 20
22.31593008011151
 30
0.0
 40
0.125
100
AcDbArc
 50
27.491522449133733
 51
207.49152244913373
  0
LINE
  5
2C5
330
17
100
AcDbEntity
  8
SLOTS
100
AcDbLine
 10
29.29759254204416
 20
23.19894194672129
 30
0.0
 11
31.173997062635486
 21
19.593099873390635
 31
0.0
  0
LINE
  5
2C6
330
17
100
AcDbEntity
  8
SLOTS
100
AcDbLine
 10
30.952227276551497
 20
19.477695532136664
 30
0.0
 11
29.07582275596017
 21
23.08353760546732
 31
0.0
  0
ARC
  5
2C7
330
17
100
AcDbEntity
  8
SLOTS
100
AcDbCircle
 10
31.06311216959349
 20
19.53539770276365
 30
0.0
 40
0.125
100
AcDbArc
 50
-152.50847755086633
 51
27.491522449133676
  0
ARC
  5
2C8
330
17
100
AcDbEntity
  8
SLOTS
100
AcDbCircle
 10
29.186707649002166
 20
23.141239776094306
 30
0.0
 40
0.125
100
AcDbArc
 50
27.491522449133676
 51
207.49152244913367
  0
LINE
  5
2C9
330
17
100
AcDbEntity
  8
SLOTS
100
AcDbLine
 10
30.110248705487763
 20
23.26200210887986
 30
0.0
 11
32.17850268088135
 21
19.287487487449845
 31
0.0
  0
LINE
  5
2CA
330
17
100
AcDbEntity
  8
SLOTS
100
AcDbLine
 10
31.956732894797366
 20
19.172083146195874
 30
0.0
 11
29.888478919403774
 21
23.146597767625888
 31
0.0
  0
ARC
  5
2CB
330
17
100
AcDbEntity
  8
SLOTS
100
AcDbCircle
 10
32.06761778783936
 20
19.22978531682286
 30
0.0
 40
0.125
100
AcDbArc
 50
-152.5084775508663
 51
27.49152244913369
  0
ARC
  5
2CC
330
17
100
AcDbEntity
  8
SLOTS
100
AcDbCircle
 10
29.999363812445768
 20
23.204299938252873
 30
0.0
 40
0.125
100
AcDbArc
 50
27.49152244913369
 51
207.4915224491337
  0
LINE
  5
2CD
330
17
100
AcDbEntity
  8
SLOTS
100
AcDbLine
 10
30.92290486893137
 20
23.325062271038423
 30
0.0
 11
33.16057972204866
 21
19.024975566247498
 31
0.0
  0
LINE
  5
2CE
330
17
100
AcDbEntity
  8
SLOTS
100
AcDbLine
 10
32.93880993596468
 20
18.909571224993527
 30
0.0
 11
30.70113508284738
 21
23.209657929784452
 31
0.0
  0
ARC
  5
2CF
330
17
100
AcDbEntity
  8
SLOTS
100
AcDbCircle
 10
33.04969482900667
 20
18.967273395620513
 30
0.0
 40
0.125
100
AcDbArc
 50
-152.50847755086636
 51
27.49152244913364
  0
ARC
  5
2D0
330
17
100
AcDbEntity
  8
SLOTS
100
AcDbCircle
 10
30.812019975889374
 20
23.267360100411437
 30
0.0
 40
0.125
100
AcDbArc
 50
27.49152244913364
 51
207.49152244913364
  0
LINE
  5
2D1
330
17
100
AcDbEntity
  8
SLOTS
100
AcDbLine
 10
31.73556103237497
 20
23.38812243319699
 30
0.0
 11
33.76052489415274
 21
19.49679739659382
 31
0.0
  0
LINE
  5
2D2
330
17
100
AcDbEntity
  8
SLOTS
100
AcDbLine
 10
33.538755108068756
 20
19.38139305533985
 30
0.0
 11
31.51379124629098
 21
23.27271809194302
 31
0.0
  0
ARC
  5
2D3
330
17
100
AcDbEntity
  8
SLOTS
100
AcDbCircle
 10
33.64964000111075
 20
19.439095225966835
 30
0.0
 40
0.125
100
AcDbArc
 50
-152.50847755086627
 51
27.491522449133733
  0
ARC
  5
2D4
330
17
100
AcDbEntity
  8
SLOTS
100
AcDbCircle
 10
31.624676139332976
 20
23.330420262570005
 30
0.0
 40
0.125
100
AcDbArc
 50
27.491522449133733
 51
207.49152244913373
  0
LINE
  5
2D5
330
17
100
AcDbEntity
  8
SLOTS
100
AcDbLine
 10
32.59683092353286
 20
23.357762747550886
 30
0.0
 11
34.36047006625681
 21
19.968619226940135
 31
0.0
  0
LINE
  5
2D6
330
17
100
AcDbEntity
  8
SLOTS
100
AcDbLine
 10
34.13870028017283
 20
19.853214885686164
 30
0.0
 11
32.37506113744888
 21
23.242358406296916
 31
0.0
  0
ARC
  5
2D7
330
17
100
AcDbEntity
  8
SLOTS
100
AcDbCircle
 10
34.24958517321482
 20
19.91091705631315
 30
0.0
 40
0.125
100
AcDbArc
 50
-152.50847755086633
 51
27.491522449133676
  0
ARC
  5
2D8
330
17
100
AcDbEntity
  8
SLOTS
100
AcDbCircle
 10
32.48594603049087
 20
23.3000605769239
 30
0.0
 40
0.125
100
AcDbArc
 50
27.491522449133676
 51
207.49152244913367
  0
LINE
  5
2D9
330
17
100
AcDbEntity
  8
SLOTS
100
AcDbLine
 10
33.47873046109316
 20
23.28775955958992
 30
0.0
 11
34.96041523836088
 21
20.44044105728646
 31
0.0
  0
LINE
  5
2DA
330
17
100
AcDbEntity
  8
SLOTS
100
AcDbLine
 10
34.7386454522769
 20
20.32503671603249
 30
0.0
 11
33.256960675009175
 21
23.172355218335948
 31
0.0
  0
ARC
  5
2DB
330
17
100
AcDbEntity
  8
SLOTS
100
AcDbCircle
 10
34.84953034531889
 20
20.382738886659475
 30
0.0
 40
0.125
100
AcDbArc
 50
-152.50847755086636
 51
27.491522449133626
  0
ARC
  5
2DC
330
17
100
AcDbEntity
  8
SLOTS
100
AcDbCircle
 10
33.367845568051166
 20
23.230057388962933
 30
0.0
 40
0.125
100
AcDbArc
 50
27.491522449133626
 51
207.49152244913364
  0
LINE
  5
2DD
330
17
100
AcDbEntity
  8
SLOTS
100
AcDbLine
 10
34.36062999865344
 20
23.21775637162895
 30
0.0
 11
34.98588489304199
 21
22.016218867321694
 31
0.0
  0
LINE
  5
2DE
330
17
100
AcDbEntity
  8
SLOTS
100
AcDbLine
 10
34.76411510695801
 20
21.900814526067723
 30
0.0
 11
34.138860212569455
 21
23.10235203037498
 31
0.0
  0
ARC
  5
2DF
330
17
100
AcDbEntity
  8
SLOTS
100
AcDbCircle
 10
34.875
 20
21.95851669669471
 30
0.0
 40
0.125
100
AcDbArc
 50
-152.50847755086625
 51
27.491522449133768
  0
ARC
  5
2E0
330
17
100
AcDbEntity
  8
SLOTS
100
AcDbCircle
 10
34.249745105611446
 20
23.160054201001966
 30
0.0
 40
0.125
100
AcDbArc
 50
27.491522449133768
 51
207.49152244913375
  0
LINE
  5
2E1
330
17
100
AcDbEntity
  8
SLOTS
100
AcDbLine
 10
24.926462307346963
 20
27.24291963383881
 30
0.0
 11
24.887706528780704
 21
26.068421363298
 31
0.0
  0
LINE
  5
2E2
330
17
100
AcDbEntity
  8
SLOTS
100
AcDbLine
 10
24.637842524017373
 20
26.076666308636085
 30
0.0
 11
24.67659830258363
 21
27.251164579176894
 31
0.0
  0
ARC
  5
2E3
330
17
100
AcDbEntity
  8
SLOTS
100
AcDbCircle
 10
24.76277452639904
 20
26.072543835967043
 30
0.0
 40
0.125
100
AcDbArc
 50
-181.88994499120525
 51
-1.8899449912052546
  0
ARC
  5
2E4
330
17
100
AcDbEntity
  8
SLOTS
100
AcDbCircle
 10
24.801530304965297
 20
27.247042106507852
 30
0.0
 40
0.125
100
AcDbArc
 50
-1.8899449912052546
 51
178.11005500879475
  0
LINE
  5
2E5
330
17
100
AcDbEntity
  8
SLOTS
100
AcDbLine
 10
25.71877894536076
 20
28.51295937156486
 30
0.0
 11
25.624292218362008
 21
25.6495283799936
 31
0.0
  0
LINE
  5
2E6
330
17
100
AcDbEntity
  8
SLOTS
100
AcDbLine
 10
25.374428213598677
 20
25.657773325331686
 30
0.0
 11
25.46891494059743
 21
28.521204316902946
 31
0.0
  0
ARC
  5
2E7
330
17
100
AcDbEntity
  8
SLOTS
100
AcDbCircle
 10
25.499360215980342
 20
25.653650852662643
 30
0.0
 40
0.125
100
AcDbArc
 50
-181.88994499120523
 51
-1.8899449912052262
  0
ARC
  5
2E8
330
17
100
AcDbEntity
  8
SLOTS
100
AcDbCircle
 10
25.593846942979095
 20
28.517081844233903
 30
0.0
 40
0.125
100
AcDbArc
 50
-1.8899449912052262
 51
178.11005500879477
  0
LINE
  5
2E9
330
17
100
AcDbEntity
  8
SLOTS
100
AcDbLine
 10
26.511095583374562
 20
29.78299910929091
 30
0.0
 11
26.360877907943312
 21
25.230635396689202
 31
0.0
  0
LINE
  5
2EA
330
17
100
AcDbEntity
  8
SLOTS
100
AcDbLine
 10
26.11101390317998
 20
25.238880342027286
 30
0.0
 11
26.261231578611223
 21
29.791244054628994
 31
0.0
  0
ARC
  5
2EB
330
17
100
AcDbEntity
  8
SLOTS
100
AcDbCircle
 10
26.235945905561646
 20
25.234757869358244
 30
0.0
 40
0.125
100
AcDbArc
 50
-181.8899449912052
 51
-1.889944991205212
  0
ARC
  5
2EC
330
17
100
AcDbEntity
  8
SLOTS
100
AcDbCircle
 10
26.386163580992893
 20
29.78712158195995
 30
0.0
 40
0.125
100
AcDbArc
 50
-1.889944991205212
 51
178.1100550087948
  0
LINE
  5
2ED
330
17
100
AcDbEntity
  8
SLOTS
100
AcDbLine
 10
27.264403579584013
 20
29.870877527330958
 30
0.0
 11
27.097463597524616
 21
24.811742413384803
 31
0.0
  0
LINE
  5
2EE
330
17
100
AcDbEntity
  8
SLOTS
100
AcDbLine
 10
26.847599592761284
 20
24.819987358722887
 30
0.0
 11
27.01453957482068
 21
29.879122472669042
 31
0.0
  0
ARC
  5
2EF
330
17
100
AcDbEntity
  8
SLOTS
100
AcDbCircle
 10
26.97253159514295
 20
24.815864886053845
 30
0.0
 40
0.125
100
AcDbArc
 50
-181.8899449912052
 51
-1.8899449912051836
  0
ARC
  5
2F0
330
17
100
AcDbEntity
  8
SLOTS
100
AcDbCircle
 10
27.139471577202347
 20
29.875
 30
0.0
 40
0.125
100
AcDbArc
 50
-1.8899449912051836
 51
178.1100550087948
  0
LINE
  5
2F1
330
17
100
AcDbEntity
  8
SLOTS
100
AcDbLine
 10
28.014811787351256
 20
29.870877527330958
 30
0.0
 11
27.834049287105916
 21
24.392849430080403
 31
0.0
  0
LINE
  5
2F2
330
17
100
AcDbEntity
  8
SLOTS
100
AcDbLine
 10
27.584185282342585
 20
24.401094375418488
 30
0.0
 11
27.764947782587925
 21
29.879122472669042
 31
0.0
  0
ARC
  5
2F3
330
17
100
AcDbEntity
  8
SLOTS
100
AcDbCircle
 10
27.70911728472425
 20
24.396971902749446
 30
0.0
 40
0.125
100
AcDbArc
 50
-181.88994499120525
 51
-1.8899449912052404
  0
ARC
  5
2F4
330
17
100
AcDbEntity
  8
SLOTS
100
AcDbCircle
 10
27.88987978496959
 20
29.875
 30
0.0
 40
0.125
100
AcDbArc
 50
-1.8899449912052404
 51
178.11005500879475
  0
LINE
  5
2F5
330
17
100
AcDbEntity
  8
SLOTS
100
AcDbLine
 10
28.7652199951185
 20
29.870877527330958
 30
0.0
 11
28.570634976687224
 21
23.973956446776008
 31
0.0
  0
LINE
  5
2F6
330
17
100
AcDbEntity
  8
SLOTS
100
AcDbLine
 10
28.320770971923885
 20
23.982201392114092
 30
0.0
 11
28.515355990355168
 21
29.879122472669042
 31
0.0
  0
ARC
  5
2F7
330
17
100
AcDbEntity
  8
SLOTS
100
AcDbCircle
 10
28.445702974305554
 20
23.97807891944505
 30
0.0
 40
0.125
100
AcDbArc
 50
-181.88994499120525
 51
-1.8899449912052404
  0
ARC
  5
2F8
330
17
100
AcDbEntity
  8
SLOTS
100
AcDbCircle
 10
28.640287992736834
 20
29.875
 30
0.0
 40
0.125
100
AcDbArc
 50
-1.8899449912052404
 51
178.11005500879475
  0
LINE
  5
2F9
330
17
100
AcDbEntity
  8
SLOTS
100
AcDbLine
 10
28.577003658768813
 20
16.939567507102577
 30
0.0
 11
29.614921330232278
 21
16.597442728672736
 31
0.0
  0
LINE
  5
2FA
330
17
100
AcDbEntity
  8
SLOTS
100
AcDbLine
 10
29.53665702421467
 20
16.36000916237769
 30
0.0
 11
28.498739352751205
 21
16.70213394080753
 31
0.0
  0
ARC
  5
2FB
330
17
100
AcDbEntity
  8
SLOTS
100
AcDbCircle
 10
29.575789177223474
 20
16.478725945525213
 30
0.0
 40
0.125
100
AcDbArc
 50
-108.24356995357145
 51
71.75643004642855
  0
ARC
  5
2FC
330
17
100
AcDbEntity
  8
SLOTS
100
AcDbCircle
 10
28.53787150576001
 20
16.820850723955054
 30
0.0
 40
0.125
100
AcDbArc
 50
71.75643004642855
 51
251.75643004642856
  0
LINE
  5
2FD
330
17
100
AcDbEntity
  8
SLOTS
100
AcDbLine
 10
28.28768912516864
 20
17.824627713509514
 30
0.0
 11
31.151199358319133
 21
16.88073993610338
 31
0.0
  0
LINE
  5
2FE
330
17
100
AcDbEntity
  8
SLOTS
100
AcDbLine
 10
31.072935052301524
 20
16.643306369808336
 30
0.0
 11
28.20942481915103
 21
17.58719414721447
 31
0.0
  0
ARC
  5
2FF
330
17
100
AcDbEntity
  8
SLOTS
100
AcDbCircle
 10
31.11206720531033
 20
16.76202315295586
 30
0.0
 40
0.125
100
AcDbArc
 50
-108.24356995357148
 51
71.75643004642852
  0
ARC
  5
300
330
17
100
AcDbEntity
  8
SLOTS
100
AcDbCircle
 10
28.248556972159836
 20
17.70591093036199
 30
0.0
 40
0.125
100
AcDbArc
 50
71.75643004642852
 51
251.75643004642853
  0
LINE
  5
301
330
17
100
AcDbEntity
  8
SLOTS
100
AcDbLine
 10
27.99837459156847
 20
18.709687919916448
 30
0.0
 11
31.94090814274782
 21
17.410125869154186
 31
0.0
  0
LINE
  5
302
330
17
100
AcDbEntity
  8
SLOTS
100
AcDbLine
 10
31.86264383673021
 20
17.17269230285914
 30
0.0
 11
27.920110285550862
 21
18.472254353621402
 31
0.0
  0
ARC
  5
303
330
17
100
AcDbEntity
  8
SLOTS
100
AcDbCircle
 10
31.901775989739015
 20
17.291409086006663
 30
0.0
 40
0.125
100
AcDbArc
 50
-108.24356995357145
 51
71.75643004642855
  0
ARC
  5
304
330
17
100
AcDbEntity
  8
SLOTS
100
AcDbCircle
 10
27.959242438559667
 20
18.590971136768925
 30
0.0
 40
0.125
100
AcDbArc
 50
71.75643004642855
 51
251.75643004642853
  0
LINE
  5
305
330
17
100
AcDbEntity
  8
SLOTS
100
AcDbLine
 10
27.709060057968298
 20
19.59474812632338
 30
0.0
 11
32.444965362355255
 21
18.033670020153824
 31
0.0
  0
LINE
  5
306
330
17
100
AcDbEntity
  8
SLOTS
100
AcDbLine
 10
32.366701056337654
 20
17.79623645385878
 30
0.0
 11
27.63079575195069
 21
19.357314560028335
 31
0.0
  0
ARC
  5
307
330
17
100
AcDbEntity
  8
SLOTS
100
AcDbCircle
 10
32.405833209346454
 20
17.9149532370063
 30
0.0
 40
0.125
100
AcDbArc
 50
-108.24356995357147
 51
71.75643004642853
  0
ARC
  5
308
330
17
100
AcDbEntity
  8
SLOTS
100
AcDbCircle
 10
27.669927904959494
 20
19.47603134317586
 30
0.0
 40
0.125
100
AcDbArc
 50
71.75643004642853
 51
251.75643004642853
  0
LINE
  5
309
330
17
100
AcDbEntity
  8
SLOTS
100
AcDbLine
 10
31.085124760535912
 20
29.908945590490976
 30
0.0
 11
32.730865062420214
 21
24.07647349020181
 31
0.0
  0
LINE
  5
30A
330
17
100
AcDbEntity
  8
SLOTS
100
AcDbLine
 10
32.490260017699875
 20
24.008582309219857
 30
0.0
 11
30.844519715815572
 21
29.841054409509024
 31
0.0
  0
ARC
  5
30B
330
17
100
AcDbEntity
  8
SLOTS
100
AcDbCircle
 10
32.610562540060045
 20
24.042527899710834
 30
0.0
 40
0.125
100
AcDbArc
 50
-164.24260172452554
 51
15.757398275474458
  0
ARC
  5
30C
330
17
100
AcDbEntity
  8
SLOTS
100
AcDbCircle
 10
30.964822238175742
 20
29.875
 30
0.0
 40
0.125
100
AcDbArc
 50
15.757398275474458
 51
195.75739827547446
  0
LINE
  5
30D
330
17
100
AcDbEntity
  8
SLOTS
100
AcDbLine
 10
31.93864602441236
 20
29.645855132991063
 30
0.0
 11
33.528004724529346
 21
24.013198349189555
 31
0.0
  0
LINE
  5
30E
330
17
100
AcDbEntity
  8
SLOTS
100
AcDbLine
 10
33.287399679809006
 20
23.945307168207602
 30
0.0
 11
31.69804097969202
 21
29.57796395200911
 31
0.0
  0
ARC
  5
30F
330
17
100
AcDbEntity
  8
SLOTS
100
AcDbCircle
 10
33.407702202169176
 20
23.97925275869858
 30
0.0
 40
0.125
100
AcDbArc
 50
-164.2426017245255
 51
15.757398275474486
  0
ARC
  5
310
330
17
100
AcDbEntity
  8
SLOTS
100
AcDbCircle
 10
31.81834350205219
 20
29.611909542500086
 30
0.0
 40
0.125
100
AcDbArc
 50
15.757398275474486
 51
195.7573982754745
  0
LINE
  5
311
330
17
100
AcDbEntity
  8
SLOTS
100
AcDbLine
 10
33.10909941819313
 20
28.259563278991514
 30
0.0
 11
34.32514438663848
 21
23.949923208177303
 31
0.0
  0
LINE
  5
312
330
17
100
AcDbEntity
  8
SLOTS
100
AcDbLine
 10
34.08453934191814
 20
23.88203202719535
 30
0.0
 11
32.86849437347279
 21
28.191672098009562
 31
0.0
  0
ARC
  5
313
330
17
100
AcDbEntity
  8
SLOTS
100
AcDbCircle
 10
34.20484186427831
 20
23.915977617686327
 30
0.0
 40
0.125
100
AcDbArc
 50
-164.24260172452546
 51
15.757398275474529
  0
ARC
  5
314
330
17
100
AcDbEntity
  8
SLOTS
100
AcDbCircle
 10
32.98879689583296
 20
28.225617688500538
 30
0.0
 40
0.125
100
AcDbArc
 50
15.757398275474529
 51
195.75739827547454
  0
LINE
  5
315
330
17
100
AcDbEntity
  8
SLOTS
100
AcDbLine
 10
34.279552811973915
 20
26.87327142499196
 30
0.0
 11
34.99530252236017
 21
24.336668163931765
 31
0.0
  0
LINE
  5
316
330
17
100
AcDbEntity
  8
SLOTS
100
AcDbLine
 10
34.75469747763983
 20
24.268776982949813
 30
0.0
 11
34.038947767253575
 21
26.805380244010006
 31
0.0
  0
ARC
  5
317
330
17
100
AcDbEntity
  8
SLOTS
100
AcDbCircle
 10
34.875
 20
24.30272257344079
 30
0.0
 40
0.125
100
AcDbArc
 50
-164.24260172452563
 51
15.757398275474372
  0
ARC
  5
318
330
17
100
AcDbEntity
  8
SLOTS
100
AcDbCircle
 10
34.159250289613745
 20
26.839325834500983
 30
0.0
 40
0.125
100
AcDbArc
 50
15.757398275474372
 51
195.75739827547437
  0
LINE
  5
319
330
17
100
AcDbEntity
  8
SLOTS
100
AcDbLine
 10
30.78771583839148
 20
24.022153001233193
 30
0.0
 11
30.722431335201787
 21
25.570190366814384
 31
0.0
  0
LINE
  5
31A
330
17
100
AcDbEntity
  8
SLOTS
100
AcDbLine
 10
30.97220931703409
 20
25.580724112196894
 30
0.0
 11
31.037493820223784
 21
24.032686746615703
 31
0.0
  0
ARC
  5
31B
330
17
100
AcDbEntity
  8
SLOTS
100
AcDbCircle
 10
30.847320326117938
 20
25.57545723950564
 30
0.0
 40
0.125
100
AcDbArc
 50
2.414871514330599
 51
182.4148715143306
  0
ARC
  5
31C
330
17
100
AcDbEntity
  8
SLOTS
100
AcDbCircle
 10
30.912604829307632
 20
24.027419873924448
 30
0.0
 40
0.125
100
AcDbArc
 50
182.4148715143306
 51
362.41487151433057
  0
LINE
  5
31D
330
17
100
AcDbEntity
  8
SLOTS
100
AcDbLine
 10
30.03949772019451
 20
23.964093076278534
 30
0.0
 11
29.864499145859167
 21
28.113689362665195
 31
0.0
  0
LINE
  5
31E
330
17
100
AcDbEntity
  8
SLOTS
100
AcDbLine
 10
30.11427712769147
 20
28.124223108047705
 30
0.0
 11
30.289275702026814
 21
23.974626821661044
 31
0.0
  0
ARC
  5
31F
330
17
100
AcDbEntity
  8
SLOTS
100
AcDbCircle
 10
29.989388136775318
 20
28.11895623535645
 30
0.0
 40
0.125
100
AcDbArc
 50
2.414871514330571
 51
182.41487151433057
  0
ARC
  5
320
330
17
100
AcDbEntity
  8
SLOTS
100
AcDbCircle
 10
30.164386711110662
 20
23.96935994896979
 30
0.0
 40
0.125
100
AcDbArc
 50
182.41487151433057
 51
362.41487151433057
  0
LINE
  5
321
330
17
100
AcDbEntity
  8
SLOTS
100
AcDbLine
 10
29.291279601997545
 20
23.90603315132387
 30
0.0
 11
29.258503659965587
 21
24.683221924747823
 31
0.0
  0
LINE
  5
322
330
17
100
AcDbEntity
  8
SLOTS
100
AcDbLine
 10
29.50828164179789
 20
24.693755670130333
 30
0.0
 11
29.541057583829847
 21
23.91656689670638
 31
0.0
  0
ARC
  5
323
330
17
100
AcDbEntity
  8
SLOTS
100
AcDbCircle
 10
29.38339265088174
 20
24.688488797439078
 30
0.0
 40
0.125
100
AcDbArc
 50
2.414871514330713
 51
182.4148715143307
  0
ARC
  5
324
330
17
100
AcDbEntity
  8
SLOTS
100
AcDbCircle
 10
29.416168592913696
 20
23.911300024015127
 30
0.0
 40
0.125
100
AcDbArc
 50
182.4148715143307
 51
362.4148715143307
  0
LINE
  5
325
330
17
100
AcDbEntity
  8
SLOTS
100
AcDbLine
 10
33.552013339614724
 20
29.94843439983609
 30
0.0
 11
34.976155271344176
 21
27.98669080475998
 31
0.0
  0
LINE
  5
326
330
17
100
AcDbEntity
  8
SLOTS
100
AcDbLine
 10
34.773844728655824
 20
27.839822005087804
 30
0.0
 11
33.34970279692637
 21
29.80156560016391
 31
0.0
  0
ARC
  5
327
330
17
100
AcDbEntity
  8
SLOTS
100
AcDbCircle
 10
34.875
 20
27.913256404923892
 30
0.0
 40
0.125
100
AcDbArc
 50
-144.02195539884258
 51
35.97804460115742
  0
ARC
  5
328
330
17
100
AcDbEntity
  8
SLOTS
100
AcDbCircle
 10
33.45085806827055
 20
29.875
 30
0.0
 40
0.125
100
AcDbArc
 50
35.97804460115742
 51
215.97804460115742
  0
LINE
  5
329
330
17
100
AcDbEntity
  8
SLOTS
100
AcDbLine
 10
34.47880636536839
 20
29.948434399836092
 30
0.0
 11
34.976155271344176
 21
29.26334044320267
 31
0.0
  0
LINE
  5
32A
330
17
100
AcDbEntity
  8
SLOTS
100
AcDbLine
 10
34.773844728655824
 20
29.116471643530485
 30
0.0
 11
34.27649582268004
 21
29.801565600163908
 31
0.0
  0
ARC
  5
32B
330
17
100
AcDbEntity
  8
SLOTS
100
AcDbCircle
 10
34.875
 20
29.189906043366577
 30
0.0
 40
0.125
100
AcDbArc
 50
-144.02195539884238
 51
35.97804460115761
  0
ARC
  5
32C
330
17
100
AcDbEntity
  8
SLOTS
100
AcDbCircle
 10
34.377651094024216
 20
29.875
 30
0.0
 40
0.125
100
AcDbArc
 50
35.97804460115761
 51
215.97804460115762
  0
LINE
  5
32D
330
17
100
AcDbEntity
  8
SLOTS
100
AcDbLine
 10
15.956756022019224
 20
3.620001549756194
 30
0.0
 11
15.129726119494013
 21
3.6888274087033643
 31
0.0
  0
LINE
  5
32E
330
17
100
AcDbEntity
  8
SLOTS
100
AcDbLine
 10
15.15045957710911
 20
3.937966172719169
 30
0.0
 11
15.977489479634322
 21
3.869140313771999
 31
0.0
  0
ARC
  5
32F
330
17
100
AcDbEntity
  8
SLOTS
100
AcDbCircle
 10
15.140092848301562
 20
3.8133967907112667
 30
0.0
 40
0.125
100
AcDbArc
 50
85.24277749185777
 51
265.24277749185774
  0
ARC
  5
330
330
17
100
AcDbEntity
  8
SLOTS
100
AcDbCircle
 10
15.967122750826773
 20
3.7445709317640965
 30
0.0
 40
0.125
100
AcDbArc
 50
265.24277749185774
 51
445.24277749185774
  0
LINE
  5
331
330
17
100
AcDbEntity
  8
SLOTS
100
AcDbLine
 10
16.858970995453802
 20
2.7923261106248907
 30
0.0
 11
14.67991093425478
 21
2.9736686230921765
 31
0.0
  0
LINE
  5
332
330
17
100
AcDbEntity
  8
SLOTS
100
AcDbLine
 10
14.700644391869877
 20
3.222807387107981
 30
0.0
 11
16.879704453068896
 21
3.0414648746406954
 31
0.0
  0
ARC
  5
333
330
17
100
AcDbEntity
  8
SLOTS
100
AcDbCircle
 10
14.690277663062329
 20
3.098238005100079
 30
0.0
 40
0.125
100
AcDbArc
 50
85.24277749185774
 51
265.24277749185774
  0
ARC
  5
334
330
17
100
AcDbEntity
  8
SLOTS
100
AcDbCircle
 10
16.86933772426135
 20
2.916895492632793
 30
0.0
 40
0.125
100
AcDbArc
 50
265.24277749185774
 51
445.24277749185774
  0
LINE
  5
335
330
17
100
AcDbEntity
  8
SLOTS
100
AcDbLine
 10
17.746067872444378
 20
1.9659088073484428
 30
0.0
 11
14.637589980413287
 21
2.224597955448269
 31
0.0
  0
LINE
  5
336
330
17
100
AcDbEntity
  8
SLOTS
100
AcDbLine
 10
14.658323438028384
 20
2.473736719464074
 30
0.0
 11
17.766801330059472
 21
2.2150475713642477
 31
0.0
  0
ARC
  5
337
330
17
100
AcDbEntity
  8
SLOTS
100
AcDbCircle
 10
14.647956709220836
 20
2.3491673374561715
 30
0.0
 40
0.125
100
AcDbArc
 50
85.24277749185774
 51
265.24277749185774
  0
ARC
  5
338
330
17
100
AcDbEntity
  8
SLOTS
100
AcDbCircle
 10
17.756434601251925
 20
2.0904781893563453
 30
0.0
 40
0.125
100
AcDbArc
 50
265.24277749185774
 51
445.24277749185774
  0
LINE
  5
339
330
17
100
AcDbEntity
  8
SLOTS
100
AcDbLine
 10
18.63316474943495
 20
1.1394915040719953
 30
0.0
 11
14.595269026571794
 21
1.475527287804362
 31
0.0
  0
LINE
  5
33A
330
17
100
AcDbEntity
  8
SLOTS
100
AcDbLine
 10
14.616002484186891
 20
1.724666051820167
 30
0.0
 11
18.653898207050045
 21
1.3886302680878004
 31
0.0
  0
ARC
  5
33B
330
17
100
AcDbEntity
  8
SLOTS
100
AcDbCircle
 10
14.605635755379343
 20
1.6000966698122645
 30
0.0
 40
0.125
100
AcDbArc
 50
85.24277749185774
 51
265.24277749185774
  0
ARC
  5
33C
330
17
100
AcDbEntity
  8
SLOTS
100
AcDbCircle
 10
18.643531478242497
 20
1.2640608860798979
 30
0.0
 40
0.125
100
AcDbArc
 50
265.24277749185774
 51
445.24277749185774
  0
LINE
  5
33D
330
17
100
AcDbEntity
  8
SLOTS
100
AcDbLine
 10
17.36438143915662
 20
3.6783705451620725
 30
0.0
 11
17.16779636192983
 21
3.594560877438203
 31
0.0
  0
LINE
  5
33E
330
17
100
AcDbEntity
  8
SLOTS
100
AcDbLine
 10
17.069752638510295
 20
3.8245335460273933
 30
0.0
 11
17.266337715737084
 21
3.908343213751263
 31
0.0
  0
ARC
  5
33F
330
17
100
AcDbEntity
  8
SLOTS
100
AcDbCircle
 10
17.118774500220063
 20
3.709547211732798
 30
0.0
 40
0.125
100
AcDbArc
 50
-246.9101045033952
 51
-66.91010450339519
  0
ARC
  5
340
330
17
100
AcDbEntity
  8
SLOTS
100
AcDbCircle
 10
17.315359577446852
 20
3.7933568794566677
 30
0.0
 40
0.125
100
AcDbArc
 50
-66.91010450339519
 51
113.08989549660481
  0
LINE
  5
341
330
17
100
AcDbEntity
  8
SLOTS
100
AcDbLine
 10
20.94830935399653
 20
4.390984084168631
 30
0.0
 11
17.768208091055122
 21
3.0352187639561126
 31
0.0
  0
LINE
  5
342
330
17
100
AcDbEntity
  8
SLOTS
100
AcDbLine
 10
17.670164367635586
 20
3.265191432545302
 30
0.0
 11
20.850265630576995
 21
4.62095675275782
 31
0.0
  0
ARC
  5
343
330
17
100
AcDbEntity
  8
SLOTS
100
AcDbCircle
 10
17.719186229345354
 20
3.1502050982507073
 30
0.0
 40
0.125
100
AcDbArc
 50
-246.91010450339496
 51
-66.91010450339496
  0
ARC
  5
344
330
17
100
AcDbEntity
  8
SLOTS
100
AcDbCircle
 10
20.899287492286764
 20
4.505970418463225
 30
0.0
 40
0.125
100
AcDbArc
 50
-66.91010450339496
 51
113.08989549660504
  0
LINE
  5
345
330
17
100
AcDbEntity
  8
SLOTS
100
AcDbLine
 10
22.877190461989937
 20
4.398005291824227
 30
0.0
 11
18.36861982018041
 21
2.4758766504740217
 31
0.0
  0
LINE
  5
346
330
17
100
AcDbEntity
  8
SLOTS
100
AcDbLine
 10
18.270576096760873
 20
2.705849319063211
 30
0.0
 11
22.7791467385704
 21
4.627977960413417
 31
0.0
  0
ARC
  5
347
330
17
100
AcDbEntity
  8
SLOTS
100
AcDbCircle
 10
18.31959795847064
 20
2.5908629847686164
 30
0.0
 40
0.125
100
AcDbArc
 50
-246.910104503395
 51
-66.91010450339499
  0
ARC
  5
348
330
17
100
AcDbEntity
  8
SLOTS
100
AcDbCircle
 10
22.82816860028017
 20
4.512991626118822
 30
0.0
 40
0.125
100
AcDbArc
 50
-66.91010450339499
 51
113.08989549660501
  0
LINE
  5
349
330
17
100
AcDbEntity
  8
SLOTS
100
AcDbLine
 10
21.60751888887053
 20
3.04139482823093
 30
0.0
 11
18.9690315493057
 21
1.9165345369919304
 31
0.0
  0
LINE
  5
34A
330
17
100
AcDbEntity
  8
SLOTS
100
AcDbLine
 10
18.870987825886164
 20
2.14650720558112
 30
0.0
 11
21.509475165450993
 21
3.2713674968201194
 31
0.0
  0
ARC
  5
34B
330
17
100
AcDbEntity
  8
SLOTS
100
AcDbCircle
 10
18.920009687595932
 20
2.031520871286525
 30
0.0
 40
0.125
100
AcDbArc
 50
-246.91010450339496
 51
-66.91010450339496
  0
ARC
  5
34C
330
17
100
AcDbEntity
  8
SLOTS
100
AcDbCircle
 10
21.55849702716076
 20
3.1563811625255247
 30
0.0
 40
0.125
100
AcDbArc
 50
-66.91010450339496
 51
113.08989549660504
  0
LINE
  5
34D
330
17
100
AcDbEntity
  8
SLOTS
100
AcDbLine
 10
20.337847315751127
 20
1.6847843646376328
 30
0.0
 11
19.56944327843099
 21
1.3571924235098392
 31
0.0
  0
LINE
  5
34E
330
17
100
AcDbEntity
  8
SLOTS
100
AcDbLine
 10
19.471399555011455
 20
1.5871650920990286
 30
0.0
 11
20.23980359233159
 21
1.9147570332268222
 31
0.0
  0
ARC
  5
34F
330
17
100
AcDbEntity
  8
SLOTS
100
AcDbCircle
 10
19.520421416721224
 20
1.4721787578044339
 30
0.0
 40
0.125
100
AcDbArc
 50
-246.91010450339496
 51
-66.91010450339496
  0
ARC
  5
350
330
17
100
AcDbEntity
  8
SLOTS
100
AcDbCircle
 10
20.28882545404136
 20
1.7997706989322275
 30
0.0
 40
0.125
100
AcDbArc
 50
-66.91010450339496
 51
113.08989549660504
  0
LINE
  5
351
330
17
100
AcDbEntity
  8
SLOTS
100
AcDbLine
 10
22.435531188055304
 20
5.473793424428339
 30
0.0
 11
21.49914451550614
 21
5.917462499353276
 31
0.0
  0
LINE
  5
352
330
17
100
AcDbEntity
  8
SLOTS
100
AcDbLine
 10
21.60618925394384
 20
6.143385990767525
 30
0.0
 11
22.542575926493004
 21
5.699716915842589
 31
0.0
  0
ARC
  5
353
330
17
100
AcDbEntity
  8
SLOTS
100
AcDbCircle
 10
21.55266688472499
 20
6.0304242450604
 30
0.0
 40
0.125
100
AcDbArc
 50
64.64795262710905
 51
244.64795262710905
  0
ARC
  5
354
330
17
100
AcDbEntity
  8
SLOTS
100
AcDbCircle
 10
22.489053557274154
 20
5.586755170135464
 30
0.0
 40
0.125
100
AcDbArc
 50
244.64795262710905
 51
424.647952627109
  0
LINE
  5
355
330
17
100
AcDbEntity
  8
SLOTS
100
AcDbLine
 10
21.201706137609154
 20
5.228464707834259
 30
0.0
 11
18.34107076068396
 21
6.583861456404829
 31
0.0
  0
LINE
  5
356
330
17
100
AcDbEntity
  8
SLOTS
100
AcDbLine
 10
18.44811549912166
 20
6.809784947819079
 30
0.0
 11
21.308750876046854
 21
5.454388199248509
 31
0.0
  0
ARC
  5
357
330
17
100
AcDbEntity
  8
SLOTS
100
AcDbCircle
 10
18.39459312990281
 20
6.696823202111954
 30
0.0
 40
0.125
100
AcDbArc
 50
64.64795262710894
 51
244.64795262710894
  0
ARC
  5
358
330
17
100
AcDbEntity
  8
SLOTS
100
AcDbCircle
 10
21.255228506828004
 20
5.341426453541384
 30
0.0
 40
0.125
100
AcDbArc
 50
244.64795262710894
 51
424.6479526271089
  0
LINE
  5
359
330
17
100
AcDbEntity
  8
SLOTS
100
AcDbLine
 10
19.967881087163004
 20
4.983135991240179
 30
0.0
 11
17.66206539964876
 21
6.075653797203655
 31
0.0
  0
LINE
  5
35A
330
17
100
AcDbEntity
  8
SLOTS
100
AcDbLine
 10
17.76911013808646
 20
6.301577288617905
 30
0.0
 11
20.074925825600705
 21
5.209059482654428
 31
0.0
  0
ARC
  5
35B
330
17
100
AcDbEntity
  8
SLOTS
100
AcDbCircle
 10
17.71558776886761
 20
6.18861554291078
 30
0.0
 40
0.125
100
AcDbArc
 50
64.64795262710896
 51
244.64795262710896
  0
ARC
  5
35C
330
17
100
AcDbEntity
  8
SLOTS
100
AcDbCircle
 10
20.021403456381854
 20
5.0960977369473035
 30
0.0
 40
0.125
100
AcDbArc
 50
244.64795262710896
 51
424.64795262710896
  0
LINE
  5
35D
330
17
100
AcDbEntity
  8
SLOTS
100
AcDbLine
 10
18.734056036716858
 20
4.737807274646098
 30
0.0
 11
16.983060038613566
 21
5.567446138002482
 31
0.0
  0
LINE
  5
35E
330
17
100
AcDbEntity
  8
SLOTS
100
AcDbLine
 10
17.090104777051266
 20
5.793369629416731
 30
0.0
 11
18.84110077515456
 21
4.963730766060348
 31
0.0
  0
ARC
  5
35F
330
17
100
AcDbEntity
  8
SLOTS
100
AcDbCircle
 10
17.036582407832416
 20
5.680407883709607
 30
0.0
 40
0.125
100
AcDbArc
 50
64.64795262710896
 51
244.64795262710896
  0
ARC
  5
360
330
17
100
AcDbEntity
  8
SLOTS
100
AcDbCircle
 10
18.787578405935708
 20
4.850769020353223
 30
0.0
 40
0.125
100
AcDbArc
 50
244.64795262710896
 51
424.64795262710896
  0
LINE
  5
361
330
17
100
AcDbEntity
  8
SLOTS
100
AcDbLine
 10
17.50023098627071
 20
4.492478558052018
 30
0.0
 11
16.30405467757837
 21
5.059238478801309
 31
0.0
  0
LINE
  5
362
330
17
100
AcDbEntity
  8
SLOTS
100
AcDbLine
 10
16.41109941601607
 20
5.285161970215559
 30
0.0
 11
17.607275724708412
 21
4.718402049466268
 31
0.0
  0
ARC
  5
363
330
17
100
AcDbEntity
  8
SLOTS
100
AcDbCircle
 10
16.35757704679722
 20
5.172200224508434
 30
0.0
 40
0.125
100
AcDbArc
 50
64.64795262710896
 51
244.64795262710896
  0
ARC
  5
364
330
17
100
AcDbEntity
  8
SLOTS
100
AcDbCircle
 10
17.55375335548956
 20
4.605440303759143
 30
0.0
 40
0.125
100
AcDbArc
 50
244.64795262710896
 51
424.64795262710896
  0
LINE
  5
365
330
17
100
AcDbEntity
  8
SLOTS
100
AcDbLine
 10
28.36831463441711
 20
1.0428068144005003
 30
0.0
 11
28.26291744371725
 21
1.1635707925637846
 31
0.0
  0
LINE
  5
366
330
17
100
AcDbEntity
  8
SLOTS
100
AcDbLine
 10
28.45127115608848
 20
1.327957163762784
 30
0.0
 11
28.556668346788342
 21
1.2071931855994997
 31
0.0
  0
ARC
  5
367
330
17
100
AcDbEntity
  8
SLOTS
100
AcDbCircle
 10
28.357094299902865
 20
1.2457639781632843
 30
0.0
 40
0.125
100
AcDbArc
 50
41.11294507910674
 51
221.11294507910674
  0
ARC
  5
368
330
17
100
AcDbEntity
  8
SLOTS
100
AcDbCircle
 10
28.462491490602726
 20
1.125
 30
0.0
 40
0.125
100
AcDbArc
 50
221.11294507910674
 51
401.11294507910674
  0
LINE
  5
369
330
17
100
AcDbEntity
  8
SLOTS
100
AcDbLine
 10
27.932329257418516
 20
2.347628164461542
 30
0.0
 11
24.729434109059717
 21
3.8591671948373847
 31
0.0
  0
LINE
  5
36A
330
17
100
AcDbEntity
  8
SLOTS
100
AcDbLine
 10
24.836131471779176
 20
4.085254949456498
 30
0.0
 11
28.039026620137975
 21
2.5737159190806556
 31
0.0
  0
ARC
  5
36B
330
17
100
AcDbEntity
  8
SLOTS
100
AcDbCircle
 10
24.782782790419446
 20
3.9722110721469415
 30
0.0
 40
0.125
100
AcDbArc
 50
64.73601750963974
 51
244.73601750963974
  0
ARC
  5
36C
330
17
100
AcDbEntity
  8
SLOTS
100
AcDbCircle
 10
27.985677938778245
 20
2.4606720417710988
 30
0.0
 40
0.125
100
AcDbArc
 50
244.73601750963974
 51
424.73601750963974
  0
LINE
  5
36D
330
17
100
AcDbEntity
  8
SLOTS
100
AcDbLine
 10
27.683873669213536
 20
1.6355575604748933
 30
0.0
 11
23.196728578474154
 21
3.753171352199344
 31
0.0
  0
LINE
  5
36E
330
17
100
AcDbEntity
  8
SLOTS
100
AcDbLine
 10
23.303425941193613
 20
3.9792591068184575
 30
0.0
 11
27.790571031932995
 21
1.8616453150940073
 31
0.0
  0
ARC
  5
36F
330
17
100
AcDbEntity
  8
SLOTS
100
AcDbCircle
 10
23.250077259833883
 20
3.8662152295089007
 30
0.0
 40
0.125
100
AcDbArc
 50
64.73601750963977
 51
244.73601750963977
  0
ARC
  5
370
330
17
100
AcDbEntity
  8
SLOTS
100
AcDbCircle
 10
27.737222350573266
 20
1.7486014377844503
 30
0.0
 40
0.125
100
AcDbArc
 50
244.73601750963977
 51
424.73601750963974
  0
LINE
  5
371
330
17
100
AcDbEntity
  8
SLOTS
100
AcDbLine
 10
26.909835809387
 20
1.17152446019381
 30
0.0
 11
22.658347218045645
 21
3.177925121265397
 31
0.0
  0
LINE
  5
372
330
17
100
AcDbEntity
  8
SLOTS
100
AcDbLine
 10
22.765044580765103
 20
3.4040128758845105
 30
0.0
 11
27.01653317210646
 21
1.397612214812924
 31
0.0
  0
ARC
  5
373
330
17
100
AcDbEntity
  8
SLOTS
100
AcDbCircle
 10
22.711695899405374
 20
3.2909689985749537
 30
0.0
 40
0.125
100
AcDbArc
 50
64.73601750963974
 51
244.73601750963974
  0
ARC
  5
374
330
17
100
AcDbEntity
  8
SLOTS
100
AcDbCircle
 10
26.96318449074673
 20
1.284568337503367
 30
0.0
 40
0.125
100
AcDbArc
 50
244.73601750963974
 51
424.73601750963974
  0
LINE
  5
375
330
17
100
AcDbEntity
  8
SLOTS
100
AcDbLine
 10
25.49064840862901
 20
1.011956122690443
 30
0.0
 11
22.11996585761713
 21
2.602678890331451
 31
0.0
  0
LINE
  5
376
330
17
100
AcDbEntity
  8
SLOTS
100
AcDbLine
 10
22.22666322033659
 20
2.8287666449505644
 30
0.0
 11
25.59734577134847
 21
1.238043877309557
 31
0.0
  0
ARC
  5
377
330
17
100
AcDbEntity
  8
SLOTS
100
AcDbCircle
 10
22.17331453897686
 20
2.7157227676410076
 30
0.0
 40
0.125
100
AcDbArc
 50
64.73601750963977
 51
244.73601750963977
  0
ARC
  5
378
330
17
100
AcDbEntity
  8
SLOTS
100
AcDbCircle
 10
25.54399708998874
 20
1.125
 30
0.0
 40
0.125
100
AcDbArc
 50
244.73601750963977
 51
424.73601750963974
  0
LINE
  5
379
330
17
100
AcDbEntity
  8
SLOTS
100
AcDbLine
 10
23.73334161846025
 20
1.011956122690443
 30
0.0
 11
21.58158449718862
 21
2.027432659397502
 31
0.0
  0
LINE
  5
37A
330
17
100
AcDbEntity
  8
SLOTS
100
AcDbLine
 10
21.688281859908077
 20
2.2535204140166156
 30
0.0
 11
23.84003898117971
 21
1.238043877309557
 31
0.0
  0
ARC
  5
37B
330
17
100
AcDbEntity
  8
SLOTS
100
AcDbCircle
 10
21.634933178548348
 20
2.140476536707059
 30
0.0
 40
0.125
100
AcDbArc
 50
64.73601750963977
 51
244.73601750963977
  0
ARC
  5
37C
330
17
100
AcDbEntity
  8
SLOTS
100
AcDbCircle
 10
23.78669029981998
 20
1.125
 30
0.0
 40
0.125
100
AcDbArc
 50
244.73601750963977
 51
424.73601750963974
  0
LINE
  5
37D
330
17
100
AcDbEntity
  8
SLOTS
100
AcDbLine
 10
21.976034828291496
 20
1.011956122690443
 30
0.0
 11
21.04320313676011
 21
1.4521864284635553
 31
0.0
  0
LINE
  5
37E
330
17
100
AcDbEntity
  8
SLOTS
100
AcDbLine
 10
21.149900499479568
 20
1.6782741830826693
 30
0.0
 11
22.082732191010955
 21
1.238043877309557
 31
0.0
  0
ARC
  5
37F
330
17
100
AcDbEntity
  8
SLOTS
100
AcDbCircle
 10
21.09655181811984
 20
1.5652303057731123
 30
0.0
 40
0.125
100
AcDbArc
 50
64.73601750963971
 51
244.7360175096397
  0
ARC
  5
380
330
17
100
AcDbEntity
  8
SLOTS
100
AcDbCircle
 10
22.029383509651225
 20
1.125
 30
0.0
 40
0.125
100
AcDbArc
 50
244.7360175096397
 51
424.73601750963974
  0
LINE
  5
381
330
17
100
AcDbEntity
  8
SLOTS
100
AcDbLine
 10
34.22936793525913
 20
1.076250819040955
 30
0.0
 11
33.968769395845655
 21
1.6915527716981134
 31
0.0
  0
LINE
  5
382
330
17
100
AcDbEntity
  8
SLOTS
100
AcDbLine
 10
34.19897380376021
 20
1.7890511336162034
 30
0.0
 11
34.45957234317368
 21
1.173749180959045
 31
0.0
  0
ARC
  5
383
330
17
100
AcDbEntity
  8
SLOTS
100
AcDbCircle
 10
34.08387159980293
 20
1.7403019526571584
 30
0.0
 40
0.125
100
AcDbArc
 50
22.954091697117235
 51
202.95409169711724
  0
ARC
  5
384
330
17
100
AcDbEntity
  8
SLOTS
100
AcDbCircle
 10
34.344470139216405
 20
1.125
 30
0.0
 40
0.125
100
AcDbArc
 50
202.95409169711724
 51
382.95409169711724
  0
LINE
  5
385
330
17
100
AcDbEntity
  8
SLOTS
100
AcDbLine
 10
33.414874408838045
 20
1.076250819040955
 30
0.0
 11
33.06672376522069
 21
1.8982729658985207
 31
0.0
  0
LINE
  5
386
330
17
100
AcDbEntity
  8
SLOTS
100
AcDbLine
 10
33.29692817313524
 20
1.9957713278166107
 30
0.0
 11
33.6450788167526
 21
1.173749180959045
 31
0.0
  0
ARC
  5
387
330
17
100
AcDbEntity
  8
SLOTS
100
AcDbCircle
 10
33.181825969177964
 20
1.9470221468575657
 30
0.0
 40
0.125
100
AcDbArc
 50
22.954091697117164
 51
202.95409169711718
  0
ARC
  5
388
330
17
100
AcDbEntity
  8
SLOTS
100
AcDbCircle
 10
33.52997661279532
 20
1.125
 30
0.0
 40
0.125
100
AcDbArc
 50
202.95409169711718
 51
382.9540916971172
  0
LINE
  5
389
330
17
100
AcDbEntity
  8
SLOTS
100
AcDbLine
 10
32.600380882416964
 20
1.0762508190409552
 30
0.0
 11
32.16467813459572
 21
2.1049931600989282
 31
0.0
  0
LINE
  5
38A
330
17
100
AcDbEntity
  8
SLOTS
100
AcDbLine
 10
32.394882542510274
 20
2.2024915220170183
 30
0.0
 11
32.83058529033152
 21
1.1737491809590448
 31
0.0
  0
ARC
  5
38B
330
17
100
AcDbEntity
  8
SLOTS
100
AcDbCircle
 10
32.279780338552996
 20
2.1537423410579732
 30
0.0
 40
0.125
100
AcDbArc
 50
22.954091697117107
 51
202.95409169711712
  0
ARC
  5
38C
330
17
100
AcDbEntity
  8
SLOTS
100
AcDbCircle
 10
32.71548308637424
 20
1.125
 30
0.0
 40
0.125
100
AcDbArc
 50
202.95409169711712
 51
382.9540916971171
  0
LINE
  5
38D
330
17
100
AcDbEntity
  8
SLOTS
100
AcDbLine
 10
31.78588735599589
 20
1.076250819040955
 30
0.0
 11
31.262632503970753
 21
2.3117133542993353
 31
0.0
  0
LINE
  5
38E
330
17
100
AcDbEntity
  8
SLOTS
100
AcDbLine
 10
31.492836911885302
 20
2.4092117162174254
 30
0.0
 11
32.01609176391044
 21
1.173749180959045
 31
0.0
  0
ARC
  5
38F
330
17
100
AcDbEntity
  8
SLOTS
100
AcDbCircle
 10
31.377734707928028
 20
2.3604625352583803
 30
0.0
 40
0.125
100
AcDbArc
 50
22.95409169711722
 51
202.95409169711724
  0
ARC
  5
390
330
17
100
AcDbEntity
  8
SLOTS
100
AcDbCircle
 10
31.900989559953164
 20
1.125
 30
0.0
 40
0.125
100
AcDbArc
 50
202.95409169711724
 51
382.95409169711724
  0
LINE
  5
391
330
17
100
AcDbEntity
  8
SLOTS
100
AcDbLine
 10
30.971393829574808
 20
1.0762508190409548
 30
0.0
 11
30.4368328468001
 21
2.3384083785418457
 31
0.0
  0
LINE
  5
392
330
17
100
AcDbEntity
  8
SLOTS
100
AcDbLine
 10
30.66703725471465
 20
2.4359067404599366
 30
0.0
 11
31.201598237489357
 21
1.1737491809590452
 31
0.0
  0
ARC
  5
393
330
17
100
AcDbEntity
  8
SLOTS
100
AcDbCircle
 10
30.551935050757375
 20
2.387157559500891
 30
0.0
 40
0.125
100
AcDbArc
 50
22.954091697117377
 51
202.95409169711738
  0
ARC
  5
394
330
17
100
AcDbEntity
  8
SLOTS
100
AcDbCircle
 10
31.086496033532082
 20
1.125
 30
0.0
 40
0.125
100
AcDbArc
 50
202.95409169711738
 51
382.9540916971174
  0
LINE
  5
395
330
17
100
AcDbEntity
  8
SLOTS
100
AcDbLine
 10
30.156900303153726
 20
1.0762508190409545
 30
0.0
 11
29.735229073403726
 21
2.071863195182712
 31
0.0
  0
LINE
  5
396
330
17
100
AcDbEntity
  8
SLOTS
100
AcDbLine
 10
29.965433481318275
 20
2.1693615571008027
 30
0.0
 11
30.387104711068275
 21
1.1737491809590455
 31
0.0
  0
ARC
  5
397
330
17
100
AcDbEntity
  8
SLOTS
100
AcDbCircle
 10
29.850331277361
 20
2.1206123761417572
 30
0.0
 40
0.125
100
AcDbArc
 50
22.95409169711742
 51
202.9540916971174
  0
ARC
  5
398
330
17
100
AcDbEntity
  8
SLOTS
100
AcDbCircle
 10
30.272002507111
 20
1.125
 30
0.0
 40
0.125
100
AcDbArc
 50
202.9540916971174
 51
382.9540916971174
  0
LINE
  5
399
330
17
100
AcDbEntity
  8
SLOTS
100
AcDbLine
 10
29.34240677673264
 20
1.076250819040955
 30
0.0
 11
29.03362530000735
 21
1.8053180118235785
 31
0.0
  0
LINE
  5
39A
330
17
100
AcDbEntity
  8
SLOTS
100
AcDbLine
 10
29.2638297079219
 20
1.9028163737416686
 30
0.0
 11
29.57261118464719
 21
1.173749180959045
 31
0.0
  0
ARC
  5
39B
330
17
100
AcDbEntity
  8
SLOTS
100
AcDbCircle
 10
29.148727503964626
 20
1.8540671927826236
 30
0.0
 40
0.125
100
AcDbArc
 50
22.954091697117235
 51
202.95409169711724
  0
ARC
  5
39C
330
17
100
AcDbEntity
  8
SLOTS
100
AcDbCircle
 10
29.457508980689916
 20
1.125
 30
0.0
 40
0.125
100
AcDbArc
 50
202.95409169711724
 51
382.95409169711724
  0
LINE
  5
39D
330
17
100
AcDbEntity
  8
SLOTS
100
AcDbLine
 10
16.386382006399472
 20
29.3920323379788
 30
0.0
 11
17.019961611066982
 21
29.96752782597774
 31
0.0
  0
LINE
  5
39E
330
17
100
AcDbEntity
  8
SLOTS
100
AcDbLine
 10
17.188052079801324
 20
29.78247217402226
 30
0.0
 11
16.554472475133814
 21
29.20697668602332
 31
0.0
  0
ARC
  5
39F
330
17
100
AcDbEntity
  8
SLOTS
100
AcDbCircle
 10
17.104006845434153
 20
29.875
 30
0.0
 40
0.125
100
AcDbArc
 50
-47.750381793435665
 51
132.24961820656432
  0
ARC
  5
3A0
330
17
100
AcDbEntity
  8
SLOTS
100
AcDbCircle
 10
16.470427240766643
 20
29.29950451200106
 30
0.0
 40
0.125
100
AcDbArc
 50
132.24961820656432
 51
312.2496182065643
  0
LINE
  5
3A1
330
17
100
AcDbEntity
  8
SLOTS
100
AcDbLine
 10
15.797187143049726
 20
29.870061289318013
 30
0.0
 11
15.904490868366327
 21
29.96752782597774
 31
0.0
  0
LINE
  5
3A2
330
17
100
AcDbEntity
  8
SLOTS
100
AcDbLine
 10
16.072581337100672
 20
29.78247217402226
 30
0.0
 11
15.965277611784071
 21
29.685005637362533
 31
0.0
  0
ARC
  5
3A3
330
17
100
AcDbEntity
  8
SLOTS
100
AcDbCircle
 10
15.9885361027335
 20
29.875
 30
0.0
 40
0.125
100
AcDbArc
 50
-47.750381793435814
 51
132.24961820656418
  0
ARC
  5
3A4
330
17
100
AcDbEntity
  8
SLOTS
100
AcDbCircle
 10
15.881232377416898
 20
29.777533463340273
 30
0.0
 40
0.125
100
AcDbArc
 50
132.24961820656418
 51
312.2496182065642
  0
LINE
  5
3A5
330
17
100
AcDbEntity
  8
SLOTS
100
AcDbLine
 10
6.594255847442971
 20
18.840386039755646
 30
0.0
 11
7.561773736980527
 21
16.772299081720277
 31
0.0
  0
LINE
  5
3A6
330
17
100
AcDbEntity
  8
SLOTS
100
AcDbLine
 10
7.3353292053652375
 20
16.666361014428432
 30
0.0
 11
6.367811315827682
 21
18.7344479724638
 31
0.0
  0
ARC
  5
3A7
330
17
100
AcDbEntity
  8
SLOTS
100
AcDbCircle
 10
7.448551471172882
 20
16.719330048074355
 30
0.0
 40
0.125
100
AcDbArc
 50
-154.9282883548509
 51
25.07171164514908
  0
ARC
  5
3A8
330
17
100
AcDbEntity
  8
SLOTS
100
AcDbCircle
 10
6.481033581635327
 20
18.787417006109724
 30
0.0
 40
0.125
100
AcDbArc
 50
25.07171164514908
 51
205.0717116451491
  0
LINE
  5
3A9
330
17
100
AcDbEntity
  8
SLOTS
100
AcDbLine
 10
7.3980205484926715
 20
18.892226505438
 30
0.0
 11
9.483143940212017
 21
14.43523760741322
 31
0.0
  0
LINE
  5
3AA
330
17
100
AcDbEntity
  8
SLOTS
100
AcDbLine
 10
9.256699408596727
 20
14.32929954012137
 30
0.0
 11
7.171576016877382
 21
18.786288438146155
 31
0.0
  0
ARC
  5
3AB
330
17
100
AcDbEntity
  8
SLOTS
100
AcDbCircle
 10
9.369921674404372
 20
14.382268573767295
 30
0.0
 40
0.125
100
AcDbArc
 50
-154.9282883548509
 51
25.07171164514908
  0
ARC
  5
3AC
330
17
100
AcDbEntity
  8
SLOTS
100
AcDbCircle
 10
7.284798282685027
 20
18.839257471792077
 30
0.0
 40
0.125
100
AcDbArc
 50
25.07171164514908
 51
205.0717116451491
  0
LINE
  5
3AD
330
17
100
AcDbEntity
  8
SLOTS
100
AcDbLine
 10
8.201785249542368
 20
18.944066971120353
 30
0.0
 11
10.299458542438048
 21
14.460252432734737
 31
0.0
  0
LINE
  5
3AE
330
17
100
AcDbEntity
  8
SLOTS
100
AcDbLine
 10
10.073014010822758
 20
14.354314365442889
 30
0.0
 11
7.975340717927079
 21
18.83812890382851
 31
0.0
  0
ARC
  5
3AF
330
17
100
AcDbEntity
  8
SLOTS
100
AcDbCircle
 10
10.186236276630403
 20
14.407283399088813
 30
0.0
 40
0.125
100
AcDbArc
 50
-154.9282883548509
 51
25.07171164514908
  0
ARC
  5
3B0
330
17
100
AcDbEntity
  8
SLOTS
100
AcDbCircle
 10
8.088562983734723
 20
18.89109793747443
 30
0.0
 40
0.125
100
AcDbArc
 50
25.07171164514908
 51
205.0717116451491
  0
LINE
  5
3B1
330
17
100
AcDbEntity
  8
SLOTS
100
AcDbLine
 10
9.199062342260854
 20
18.582271205621776
 30
0.0
 11
10.766097646412238
 21
15.232704949182367
 31
0.0
  0
LINE
  5
3B2
330
17
100
AcDbEntity
  8
SLOTS
100
AcDbLine
 10
10.539653114796948
 20
15.126766881890518
 30
0.0
 11
8.972617810645565
 21
18.47633313832993
 31
0.0
  0
ARC
  5
3B3
330
17
100
AcDbEntity
  8
SLOTS
100
AcDbCircle
 10
10.652875380604593
 20
15.179735915536442
 30
0.0
 40
0.125
100
AcDbArc
 50
-154.92828835485096
 51
25.07171164514905
  0
ARC
  5
3B4
330
17
100
AcDbEntity
  8
SLOTS
100
AcDbCircle
 10
9.08584007645321
 20
18.529302171975853
 30
0.0
 40
0.125
100
AcDbArc
 50
25.07171164514905
 51
205.07171164514904
  0
LINE
  5
3B5
330
17
100
AcDbEntity
  8
SLOTS
100
AcDbLine
 10
10.350291202038603
 20
17.89140075833726
 30
0.0
 11
11.232736750386428
 21
16.005157465629992
 31
0.0
  0
LINE
  5
3B6
330
17
100
AcDbEntity
  8
SLOTS
100
AcDbLine
 10
11.006292218771138
 20
15.899219398338145
 30
0.0
 11
10.123846670423314
 21
17.785462691045414
 31
0.0
  0
ARC
  5
3B7
330
17
100
AcDbEntity
  8
SLOTS
100
AcDbCircle
 10
11.119514484578783
 20
15.95218843198407
 30
0.0
 40
0.125
100
AcDbArc
 50
-154.9282883548509
 51
25.071711645149108
  0
ARC
  5
3B8
330
17
100
AcDbEntity
  8
SLOTS
100
AcDbCircle
 10
10.237068936230958
 20
17.838431724691336
 30
0.0
 40
0.125
100
AcDbArc
 50
25.071711645149108
 51
205.0717116451491
  0
LINE
  5
3B9
330
17
100
AcDbEntity
  8
SLOTS
100
AcDbLine
 10
11.501520061816349
 20
17.20053031105275
 30
0.0
 11
11.699375854360614
 21
16.777609982077617
 31
0.0
  0
LINE
  5
3BA
330
17
100
AcDbEntity
  8
SLOTS
100
AcDbLine
 10
11.472931322745325
 20
16.671671914785772
 30
0.0
 11
11.27507553020106
 21
17.094592243760903
 31
0.0
  0
ARC
  5
3BB
330
17
100
AcDbEntity
  8
SLOTS
100
AcDbCircle
 10
11.58615358855297
 20
16.724640948431695
 30
0.0
 40
0.125
100
AcDbArc
 50
-154.92828835485096
 51
25.07171164514905
  0
ARC
  5
3BC
330
17
100
AcDbEntity
  8
SLOTS
100
AcDbCircle
 10
11.388297796008704
 20
17.147561277406826
 30
0.0
 40
0.125
100
AcDbArc
 50
25.07171164514905
 51
205.07171164514904
  0
LINE
  5
3BD
330
17
100
AcDbEntity
  8
SLOTS
100
AcDbLine
 10
1.3954349970108688
 20
14.459454632293246
 30
0.0
 11
1.4016873375383934
 21
14.439470526120292
 31
0.0
  0
LINE
  5
3BE
330
17
100
AcDbEntity
  8
SLOTS
100
AcDbLine
 10
1.1630921944805908
 20
14.364822299689742
 30
0.0
 11
1.1568398539530662
 21
14.384806405862696
 31
0.0
  0
ARC
  5
3BF
330
17
100
AcDbEntity
  8
SLOTS
100
AcDbCircle
 10
1.282389766009492
 20
14.402146412905017
 30
0.0
 40
0.125
100
AcDbArc
 50
-162.62689062831848
 51
17.373109371681522
  0
ARC
  5
3C0
330
17
100
AcDbEntity
  8
SLOTS
100
AcDbCircle
 10
1.2761374254819675
 20
14.422130519077971
 30
0.0
 40
0.125
100
AcDbArc
 50
17.373109371681522
 51
197.37310937168152
  0
LINE
  5
3C1
330
17
100
AcDbEntity
  8
SLOTS
100
AcDbLine
 10
1.6226299528918195
 20
16.24506151638431
 30
0.0
 11
2.1161839771695385
 21
14.667534511923446
 31
0.0
  0
LINE
  5
3C2
330
17
100
AcDbEntity
  8
SLOTS
100
AcDbLine
 10
1.877588834111735
 20
14.592886285492899
 30
0.0
 11
1.384034809834016
 21
16.170413289953764
 31
0.0
  0
ARC
  5
3C3
330
17
100
AcDbEntity
  8
SLOTS
100
AcDbCircle
 10
1.9968864056406368
 20
14.630210398708172
 30
0.0
 40
0.125
100
AcDbArc
 50
-162.6268906283192
 51
17.373109371680826
  0
ARC
  5
3C4
330
17
100
AcDbEntity
  8
SLOTS
100
AcDbCircle
 10
1.5033323813629178
 20
16.207737403169038
 30
0.0
 40
0.125
100
AcDbArc
 50
17.373109371680826
 51
197.3731093716808
  0
LINE
  5
3C5
330
17
100
AcDbEntity
  8
SLOTS
100
AcDbLine
 10
1.84982490877277
 20
18.030668400475378
 30
0.0
 11
2.8306806168006835
 21
14.895598497726603
 31
0.0
  0
LINE
  5
3C6
330
17
100
AcDbEntity
  8
SLOTS
100
AcDbLine
 10
2.5920854737428796
 20
14.820950271296056
 30
0.0
 11
1.6112297657149666
 21
17.95602017404483
 31
0.0
  0
ARC
  5
3C7
330
17
100
AcDbEntity
  8
SLOTS
100
AcDbCircle
 10
2.7113830452717815
 20
14.85827438451133
 30
0.0
 40
0.125
100
AcDbArc
 50
-162.6268906283192
 51
17.373109371680826
  0
ARC
  5
3C8
330
17
100
AcDbEntity
  8
SLOTS
100
AcDbCircle
 10
1.7305273372438683
 20
17.993344287260104
 30
0.0
 40
0.125
100
AcDbArc
 50
17.373109371680826
 51
197.3731093716808
  0
LINE
  5
3C9
330
17
100
AcDbEntity
  8
SLOTS
100
AcDbLine
 10
2.0770198646537206
 20
19.81627528456644
 30
0.0
 11
3.4550802316933797
 21
15.411636003256355
 31
0.0
  0
LINE
  5
3CA
330
17
100
AcDbEntity
  8
SLOTS
100
AcDbLine
 10
3.216485088635576
 20
15.336987776825808
 30
0.0
 11
1.8384247215959169
 21
19.741627058135894
 31
0.0
  0
ARC
  5
3CB
330
17
100
AcDbEntity
  8
SLOTS
100
AcDbCircle
 10
3.3357826601644778
 20
15.374311890041081
 30
0.0
 40
0.125
100
AcDbArc
 50
-162.62689062831916
 51
17.37310937168084
  0
ARC
  5
3CC
330
17
100
AcDbEntity
  8
SLOTS
100
AcDbCircle
 10
1.9577222931248186
 20
19.778951171351167
 30
0.0
 40
0.125
100
AcDbArc
 50
17.37310937168084
 51
197.37310937168084
  0
LINE
  5
3CD
330
17
100
AcDbEntity
  8
SLOTS
100
AcDbLine
 10
2.3042148205346713
 20
21.60188216865751
 30
0.0
 11
4.009448776285712
 21
16.151511020215167
 31
0.0
  0
LINE
  5
3CE
330
17
100
AcDbEntity
  8
SLOTS
100
AcDbLine
 10
3.770853633227908
 20
16.07686279378462
 30
0.0
 11
2.0656196774768674
 21
21.527233942226964
 31
0.0
  0
ARC
  5
3CF
330
17
100
AcDbEntity
  8
SLOTS
100
AcDbCircle
 10
3.89015120475681
 20
16.114186906999894
 30
0.0
 40
0.125
100
AcDbArc
 50
-162.6268906283192
 51
17.373109371680826
  0
ARC
  5
3D0
330
17
100
AcDbEntity
  8
SLOTS
100
AcDbCircle
 10
2.1849172490057693
 20
21.564558055442237
 30
0.0
 40
0.125
100
AcDbArc
 50
17.373109371680826
 51
197.3731093716808
  0
LINE
  5
3D1
330
17
100
AcDbEntity
  8
SLOTS
100
AcDbLine
 10
2.975761370063275
 20
21.967225811089826
 30
0.0
 11
4.563817320878044
 21
16.891386037173977
 31
0.0
  0
LINE
  5
3D2
330
17
100
AcDbEntity
  8
SLOTS
100
AcDbLine
 10
4.32522217782024
 20
16.81673781074343
 30
0.0
 11
2.737166227005471
 21
21.89257758465928
 31
0.0
  0
ARC
  5
3D3
330
17
100
AcDbEntity
  8
SLOTS
100
AcDbCircle
 10
4.444519749349142
 20
16.854061923958703
 30
0.0
 40
0.125
100
AcDbArc
 50
-162.6268906283192
 51
17.373109371680826
  0
ARC
  5
3D4
330
17
100
AcDbEntity
  8
SLOTS
100
AcDbCircle
 10
2.856463798534373
 20
21.929901697874552
 30
0.0
 40
0.125
100
AcDbArc
 50
17.373109371680826
 51
197.3731093716808
  0
LINE
  5
3D5
330
17
100
AcDbEntity
  8
SLOTS
100
AcDbLine
 10
3.88833498670491
 20
21.562184270799253
 30
0.0
 11
5.118185865470377
 21
17.63126105413279
 31
0.0
  0
LINE
  5
3D6
330
17
100
AcDbEntity
  8
SLOTS
100
AcDbLine
 10
4.879590722412573
 20
17.556612827702242
 30
0.0
 11
3.6497398436471062
 21
21.487536044368706
 31
0.0
  0
ARC
  5
3D7
330
17
100
AcDbEntity
  8
SLOTS
100
AcDbCircle
 10
4.998888293941475
 20
17.593936940917516
 30
0.0
 40
0.125
100
AcDbArc
 50
-162.6268906283192
 51
17.373109371680826
  0
ARC
  5
3D8
330
17
100
AcDbEntity
  8
SLOTS
100
AcDbCircle
 10
3.769037415176008
 20
21.52486015758398
 30
0.0
 40
0.125
100
AcDbArc
 50
17.373109371680826
 51
197.3731093716808
  0
LINE
  5
3D9
330
17
100
AcDbEntity
  8
SLOTS
100
AcDbLine
 10
5.250464760431561
 20
19.720244350719135
 30
0.0
 11
5.633573355040197
 21
18.495729659504498
 31
0.0
  0
LINE
  5
3DA
330
17
100
AcDbEntity
  8
SLOTS
100
AcDbLine
 10
5.3949782119823935
 20
18.42108143307395
 30
0.0
 11
5.011869617373757
 21
19.645596124288588
 31
0.0
  0
ARC
  5
3DB
330
17
100
AcDbEntity
  8
SLOTS
100
AcDbCircle
 10
5.514275783511295
 20
18.458405546289224
 30
0.0
 40
0.125
100
AcDbArc
 50
-162.62689062831913
 51
17.373109371680854
  0
ARC
  5
3DC
330
17
100
AcDbEntity
  8
SLOTS
100
AcDbCircle
 10
5.131167188902659
 20
19.68292023750386
 30
0.0
 40
0.125
100
AcDbArc
 50
17.373109371680854
 51
197.37310937168087
  0
LINE
  5
3DD
330
17
100
AcDbEntity
  8
SLOTS
100
AcDbLine
 10
9.016326268631415
 20
28.671692857416556
 30
0.0
 11
11.895048178681387
 21
28.411999635278487
 31
0.0
  0
LINE
  5
3DE
330
17
100
AcDbEntity
  8
SLOTS
100
AcDbLine
 10
11.872586567705286
 20
28.163010727830066
 30
0.0
 11
8.993864657655314
 21
28.422703949968135
 31
0.0
  0
ARC
  5
3DF
330
17
100
AcDbEntity
  8
SLOTS
100
AcDbCircle
 10
11.883817373193336
 20
28.287505181554277
 30
0.0
 40
0.125
100
AcDbArc
 50
-95.1547731858467
 51
84.8452268141533
  0
ARC
  5
3E0
330
17
100
AcDbEntity
  8
SLOTS
100
AcDbCircle
 10
9.005095463143364
 20
28.547198403692345
 30
0.0
 40
0.125
100
AcDbArc
 50
84.8452268141533
 51
264.8452268141533
  0
LINE
  5
3E1
330
17
100
AcDbEntity
  8
SLOTS
100
AcDbLine
 10
10.630856646972425
 20
29.279089581561536
 30
0.0
 11
15.34726705909103
 21
28.853616105790003
 31
0.0
  0
LINE
  5
3E2
330
17
100
AcDbEntity
  8
SLOTS
100
AcDbLine
 10
15.324805448114928
 20
28.604627198341582
 30
0.0
 11
10.608395035996324
 21
29.030100674113115
 31
0.0
  0
ARC
  5
3E3
330
17
100
AcDbEntity
  8
SLOTS
100
AcDbCircle
 10
15.336036253602979
 20
28.729121652065793
 30
0.0
 40
0.125
100
AcDbArc
 50
-95.15477318584674
 51
84.84522681415326
  0
ARC
  5
3E4
330
17
100
AcDbEntity
  8
SLOTS
100
AcDbCircle
 10
10.619625841484375
 20
29.154595127837325
 30
0.0
 40
0.125
100
AcDbArc
 50
84.84522681415326
 51
264.84522681415325
  0
LINE
  5
3E5
330
17
100
AcDbEntity
  8
SLOTS
100
AcDbLine
 10
12.25556802573772
 20
29.885567864506783
 30
0.0
 11
15.125488486338117
 21
29.62666863249296
 31
0.0
  0
LINE
  5
3E6
330
17
100
AcDbEntity
  8
SLOTS
100
AcDbLine
 10
15.103026875362016
 20
29.37767972504454
 30
0.0
 11
12.233106414761618
 21
29.63657895705836
 31
0.0
  0
ARC
  5
3E7
330
17
100
AcDbEntity
  8
SLOTS
100
AcDbCircle
 10
15.114257680850066
 20
29.50217417876875
 30
0.0
 40
0.125
100
AcDbArc
 50
-95.15477318584676
 51
84.84522681415324
  0
ARC
  5
3E8
330
17
100
AcDbEntity
  8
SLOTS
100
AcDbCircle
 10
12.244337220249669
 20
29.761073410782572
 30
0.0
 40
0.125
100
AcDbArc
 50
84.84522681415324
 51
264.84522681415325
  0
LINE
  5
3E9
330
17
100
AcDbEntity
  8
SLOTS
100
AcDbLine
 10
1.6656925944486116
 20
29.603791533005282
 30
0.0
 11
1.2414868671720327
 21
28.51395332480973
 31
0.0
  0
LINE
  5
3EA
330
17
100
AcDbEntity
  8
SLOTS
100
AcDbLine
 10
1.0085131328279673
 20
28.60463540190207
 30
0.0
 11
1.4327188601045462
 21
29.69447361009762
 31
0.0
  0
ARC
  5
3EB
330
17
100
AcDbEntity
  8
SLOTS
100
AcDbCircle
 10
1.125
 20
28.5592943633559
 30
0.0
 40
0.125
100
AcDbArc
 50
-201.26784562009658
 51
-21.267845620096566
  0
ARC
  5
3EC
330
17
100
AcDbEntity
  8
SLOTS
100
AcDbCircle
 10
1.549205727276579
 20
29.64913257155145
 30
0.0
 40
0.125
100
AcDbArc
 50
-21.267845620096566
 51
158.73215437990342
  0
LINE
  5
3ED
330
17
100
AcDbEntity
  8
SLOTS
100
AcDbLine
 10
2.0306818530392405
 20
28.47383186824892
 30
0.0
 11
1.2414868671720327
 21
26.44629005537364
 31
0.0
  0
LINE
  5
3EE
330
17
100
AcDbEntity
  8
SLOTS
100
AcDbLine
 10
1.0085131328279673
 20
26.53697213246598
 30
0.0
 11
1.7977081186951749
 21
28.564513945341258
 31
0.0
  0
ARC
  5
3EF
330
17
100
AcDbEntity
  8
SLOTS
100
AcDbCircle
 10
1.125
 20
26.49163109391981
 30
0.0
 40
0.125
100
AcDbArc
 50
-201.26784562009658
 51
-21.26784562009658
  0
ARC
  5
3F0
330
17
100
AcDbEntity
  8
SLOTS
100
AcDbCircle
 10
1.9141949858672076
 20
28.519172906795088
 30
0.0
 40
0.125
100
AcDbArc
 50
-21.26784562009658
 51
158.73215437990342
  0
LINE
  5
3F1
330
17
100
AcDbEntity
  8
SLOTS
100
AcDbLine
 10
2.3956711116298703
 20
27.343872203492555
 30
0.0
 11
1.2414868671720327
 21
24.378626785937545
 31
0.0
  0
LINE
  5
3F2
330
17
100
AcDbEntity
  8
SLOTS
100
AcDbLine
 10
1.0085131328279673
 20
24.469308863029884
 30
0.0
 11
2.1626973772858045
 21
27.434554280584894
 31
0.0
  0
ARC
  5
3F3
330
17
100
AcDbEntity
  8
SLOTS
100
AcDbCircle
 10
1.125
 20
24.423967824483714
 30
0.0
 40
0.125
100
AcDbArc
 50
-201.26784562009658
 51
-21.267845620096566
  0
ARC
  5
3F4
330
17
100
AcDbEntity
  8
SLOTS
100
AcDbCircle
 10
2.2791842444578374
 20
27.389213242038725
 30
0.0
 40
0.125
100
AcDbArc
 50
-21.267845620096566
 51
158.73215437990342
  0
LINE
  5
3F5
330
17
100
AcDbEntity
  8
SLOTS
100
AcDbLine
 10
2.7606603702205
 20
26.213912538736192
 30
0.0
 11
1.5699242878017743
 21
23.154760822826148
 31
0.0
  0
LINE
  5
3F6
330
17
100
AcDbEntity
  8
SLOTS
100
AcDbLine
 10
1.3369505534577089
 20
23.245442899918487
 30
0.0
 11
2.5276866358764343
 21
26.30459461582853
 31
0.0
  0
ARC
  5
3F7
330
17
100
AcDbEntity
  8
SLOTS
100
AcDbCircle
 10
1.4534374206297416
 20
23.200101861372318
 30
0.0
 40
0.125
100
AcDbArc
 50
-201.26784562009658
 51
-21.267845620096566
  0
ARC
  5
3F8
330
17
100
AcDbEntity
  8
SLOTS
100
AcDbCircle
 10
2.644173503048467
 20
26.25925357728236
 30
0.0
 40
0.125
100
AcDbArc
 50
-21.267845620096566
 51
158.73215437990342
  0
LINE
  5
3F9
330
17
100
AcDbEntity
  8
SLOTS
100
AcDbLine
 10
4.222453310288886
 20
29.757185471337966
 30
0.0
 11
2.5030773894115455
 21
29.14759670463658
 31
0.0
  0
LINE
  5
3FA
330
17
100
AcDbEntity
  8
SLOTS
100
AcDbLine
 10
2.419537295177879
 20
29.38322576196065
 30
0.0
 11
4.138913216055219
 21
29.992814528662034
 31
0.0
  0
ARC
  5
3FB
330
17
100
AcDbEntity
  8
SLOTS
100
AcDbCircle
 10
2.4613073422947123
 20
29.265411233298614
 30
0.0
 40
0.125
100
AcDbArc
 50
-250.47851100543156
 51
-70.47851100543156
  0
ARC
  5
3FC
330
17
100
AcDbEntity
  8
SLOTS
100
AcDbCircle
 10
4.180683263172052
 20
29.875
 30
0.0
 40
0.125
100
AcDbArc
 50
-70.47851100543156
 51
109.52148899456844
  0
LINE
  5
3FD
330
17
100
AcDbEntity
  8
SLOTS
100
AcDbLine
 10
4.905807625649395
 20
29.203720132296873
 30
0.0
 11
2.7336997990015033
 21
28.43361947245218
 31
0.0
  0
LINE
  5
3FE
330
17
100
AcDbEntity
  8
SLOTS
100
AcDbLine
 10
2.650159704767837
 20
28.669248529776247
 30
0.0
 11
4.8222675314157275
 21
29.43934918962094
 31
0.0
  0
ARC
  5
3FF
330
17
100
AcDbEntity
  8
SLOTS
100
AcDbCircle
 10
2.69192975188467
 20
28.551434001114213
 30
0.0
 40
0.125
100
AcDbArc
 50
-250.47851100543153
 51
-70.47851100543153
  0
ARC
  5
400
330
17
100
AcDbEntity
  8
SLOTS
100
AcDbCircle
 10
4.864037578532561
 20
29.321534660958907
 30
0.0
 40
0.125
100
AcDbArc
 50
-70.47851100543153
 51
109.52148899456847
  0
LINE
  5
401
330
17
100
AcDbEntity
  8
SLOTS
100
AcDbLine
 10
5.4196633039644535
 20
28.590160625447854
 30
0.0
 11
2.9643222085914624
 21
27.719642240267778
 31
0.0
  0
LINE
  5
402
330
17
100
AcDbEntity
  8
SLOTS
100
AcDbLine
 10
2.880782114357796
 20
27.955271297591846
 30
0.0
 11
5.336123209730786
 21
28.825789682771923
 31
0.0
  0
ARC
  5
403
330
17
100
AcDbEntity
  8
SLOTS
100
AcDbCircle
 10
2.9225521614746293
 20
27.837456768929812
 30
0.0
 40
0.125
100
AcDbArc
 50
-250.47851100543159
 51
-70.47851100543159
  0
ARC
  5
404
330
17
100
AcDbEntity
  8
SLOTS
100
AcDbCircle
 10
5.37789325684762
 20
28.70797515410989
 30
0.0
 40
0.125
100
AcDbArc
 50
-70.47851100543159
 51
109.52148899456841
  0
LINE
  5
405
330
17
100
AcDbEntity
  8
SLOTS
100
AcDbLine
 10
5.933518982279512
 20
27.97660111859884
 30
0.0
 11
3.1949446181814216
 21
27.005665008083373
 31
0.0
  0
LINE
  5
406
330
17
100
AcDbEntity
  8
SLOTS
100
AcDbLine
 10
3.1114045239477544
 20
27.24129406540744
 30
0.0
 11
5.849978888045845
 21
28.212230175922908
 31
0.0
  0
ARC
  5
407
330
17
100
AcDbEntity
  8
SLOTS
100
AcDbCircle
 10
3.153174571064588
 20
27.123479536745407
 30
0.0
 40
0.125
100
AcDbArc
 50
-250.47851100543147
 51
-70.47851100543147
  0
ARC
  5
408
330
17
100
AcDbEntity
  8
SLOTS
100
AcDbCircle
 10
5.891748935162679
 20
28.094415647260874
 30
0.0
 40
0.125
100
AcDbArc
 50
-70.47851100543147
 51
109.52148899456853
  0
LINE
  5
409
330
17
100
AcDbEntity
  8
SLOTS
100
AcDbLine
 10
4.937571454678795
 20
26.827754905055475
 30
0.0
 11
3.425567027771379
 21
26.291687775898975
 31
0.0
  0
LINE
  5
40A
330
17
100
AcDbEntity
  8
SLOTS
100
AcDbLine
 10
3.3420269335377126
 20
26.527316833223043
 30
0.0
 11
4.854031360445128
 21
27.063383962379543
 31
0.0
  0
ARC
  5
40B
330
17
100
AcDbEntity
  8
SLOTS
100
AcDbCircle
 10
3.383796980654546
 20
26.40950230456101
 30
0.0
 40
0.125
100
AcDbArc
 50
-250.47851100543153
 51
-70.47851100543153
  0
ARC
  5
40C
330
17
100
AcDbEntity
  8
SLOTS
100
AcDbCircle
 10
4.895801407561962
 20
26.94556943371751
 30
0.0
 40
0.125
100
AcDbArc
 50
-70.47851100543153
 51
109.52148899456847
  0
LINE
  5
40D
330
17
100
AcDbEntity
  8
SLOTS
100
AcDbLine
 10
30.525260433173415
 20
12.846670910992245
 30
0.0
 11
31.05555860524165
 21
13.447063109393357
 31
0.0
  0
LINE
  5
40E
330
17
100
AcDbEntity
  8
SLOTS
100
AcDbLine
 10
31.24293438265238
 20
13.281562903835406
 30
0.0
 11
30.712636210584144
 21
12.681170705434294
 31
0.0
  0
ARC
  5
40F
330
17
100
AcDbEntity
  8
SLOTS
100
AcDbCircle
 10
31.149246493947015
 20
13.364313006614381
 30
0.0
 40
0.125
100
AcDbArc
 50
-41.45264596837253
 51
138.54735403162746
  0
ARC
  5
410
330
17
100
AcDbEntity
  8
SLOTS
100
AcDbCircle
 10
30.61894832187878
 20
12.76392080821327
 30
0.0
 40
0.125
100
AcDbArc
 50
138.54735403162746
 51
318.5473540316275
  0
LINE
  5
411
330
17
100
AcDbEntity
  8
SLOTS
100
AcDbLine
 10
29.98906290633852
 20
13.372528696305546
 30
0.0
 11
30.939331769949405
 21
14.44840268974268
 31
0.0
  0
LINE
  5
412
330
17
100
AcDbEntity
  8
SLOTS
100
AcDbLine
 10
31.126707547360134
 20
14.28290248418473
 30
0.0
 11
30.17643868374925
 21
13.207028490747595
 31
0.0
  0
ARC
  5
413
330
17
100
AcDbEntity
  8
SLOTS
100
AcDbCircle
 10
31.03301965865477
 20
14.365652586963705
 30
0.0
 40
0.125
100
AcDbArc
 50
-41.452645968372494
 51
138.5473540316275
  0
ARC
  5
414
330
17
100
AcDbEntity
  8
SLOTS
100
AcDbCircle
 10
30.082750795043886
 20
13.28977859352657
 30
0.0
 40
0.125
100
AcDbArc
 50
138.5473540316275
 51
318.5473540316275
  0
LINE
  5
415
330
17
100
AcDbEntity
  8
SLOTS
100
AcDbLine
 10
29.452865379503628
 20
13.898386481618843
 30
0.0
 11
30.82310493465716
 21
15.449742270091999
 31
0.0
  0
LINE
  5
416
330
17
100
AcDbEntity
  8
SLOTS
100
AcDbLine
 10
31.01048071206789
 20
15.284242064534048
 30
0.0
 11
29.640241156914357
 21
13.732886276060892
 31
0.0
  0
ARC
  5
417
330
17
100
AcDbEntity
  8
SLOTS
100
AcDbCircle
 10
30.916792823362524
 20
15.366992167313024
 30
0.0
 40
0.125
100
AcDbArc
 50
-41.452645968372515
 51
138.5473540316275
  0
ARC
  5
418
330
17
100
AcDbEntity
  8
SLOTS
100
AcDbCircle
 10
29.546553268208992
 20
13.815636378839868
 30
0.0
 40
0.125
100
AcDbArc
 50
138.5473540316275
 51
318.5473540316275
  0
LINE
  5
419
330
17
100
AcDbEntity
  8
SLOTS
100
AcDbLine
 10
28.916667852668734
 20
14.424244266932144
 30
0.0
 11
30.240828207386773
 21
15.923430174558584
 31
0.0
  0
LINE
  5
41A
330
17
100
AcDbEntity
  8
SLOTS
100
AcDbLine
 10
30.428203984797502
 20
15.757929969000633
 30
0.0
 11
29.104043630079463
 21
14.258744061374193
 31
0.0
  0
ARC
  5
41B
330
17
100
AcDbEntity
  8
SLOTS
100
AcDbCircle
 10
30.334516096092138
 20
15.840680071779609
 30
0.0
 40
0.125
100
AcDbArc
 50
-41.452645968372515
 51
138.5473540316275
  0
ARC
  5
41C
330
17
100
AcDbEntity
  8
SLOTS
100
AcDbCircle
 10
29.0103557413741
 20
14.341494164153168
 30
0.0
 40
0.125
100
AcDbArc
 50
138.5473540316275
 51
318.5473540316275
  0
LINE
  5
41D
330
17
100
AcDbEntity
  8
SLOTS
100
AcDbLine
 10
28.5880447122374
 20
15.185113313360187
 30
0.0
 11
29.075295369003864
 21
15.736768039695466
 31
0.0
  0
LINE
  5
41E
330
17
100
AcDbEntity
  8
SLOTS
100
AcDbLine
 10
29.262671146414593
 20
15.571267834137515
 30
0.0
 11
28.77542048964813
 21
15.019613107802236
 31
0.0
  0
ARC
  5
41F
330
17
100
AcDbEntity
  8
SLOTS
100
AcDbCircle
 10
29.16898325770923
 20
15.65401793691649
 30
0.0
 40
0.125
100
AcDbArc
 50
-41.45264596837263
 51
138.54735403162738
  0
ARC
  5
420
330
17
100
AcDbEntity
  8
SLOTS
100
AcDbCircle
 10
28.681732600942766
 20
15.102363210581212
 30
0.0
 40
0.125
100
AcDbArc
 50
138.54735403162738
 51
318.5473540316274
  0
LINE
  5
421
330
17
100
AcDbEntity
  8
SLOTS
100
AcDbLine
 10
24.567415133278086
 20
14.225551803678364
 30
0.0
 11
23.64913712643203
 21
12.371163299919782
 31
0.0
  0
LINE
  5
422
330
17
100
AcDbEntity
  8
SLOTS
100
AcDbLine
 10
23.42510110653027
 20
12.482104102993212
 30
0.0
 11
24.343379113376326
 21
14.336492606751793
 31
0.0
  0
ARC
  5
423
330
17
100
AcDbEntity
  8
SLOTS
100
AcDbCircle
 10
23.53711911648115
 20
12.426633701456497
 30
0.0
 40
0.125
100
AcDbArc
 50
-206.3442365644749
 51
-26.344236564474897
  0
ARC
  5
424
330
17
100
AcDbEntity
  8
SLOTS
100
AcDbCircle
 10
24.455397123327206
 20
14.281022205215079
 30
0.0
 40
0.125
100
AcDbArc
 50
-26.344236564474897
 51
153.6557634355251
  0
LINE
  5
425
330
17
100
AcDbEntity
  8
SLOTS
100
AcDbLine
 10
25.498300249744677
 20
14.415308826304468
 30
0.0
 11
24.06852466721195
 21
11.527992149397596
 31
0.0
  0
LINE
  5
426
330
17
100
AcDbEntity
  8
SLOTS
100
AcDbLine
 10
23.84448864731019
 20
11.638932952471025
 30
0.0
 11
25.274264229842917
 21
14.526249629377897
 31
0.0
  0
ARC
  5
427
330
17
100
AcDbEntity
  8
SLOTS
100
AcDbCircle
 10
23.95650665726107
 20
11.58346255093431
 30
0.0
 40
0.125
100
AcDbArc
 50
-206.3442365644749
 51
-26.344236564474897
  0
ARC
  5
428
330
17
100
AcDbEntity
  8
SLOTS
100
AcDbCircle
 10
25.386282239793797
 20
14.470779227841183
 30
0.0
 40
0.125
100
AcDbArc
 50
-26.344236564474897
 51
153.6557634355251
  0
LINE
  5
429
330
17
100
AcDbEntity
  8
SLOTS
100
AcDbLine
 10
26.429185366211264
 20
14.60506584893057
 30
0.0
 11
24.817970934597938
 21
11.351348024046878
 31
0.0
  0
LINE
  5
42A
330
17
100
AcDbEntity
  8
SLOTS
100
AcDbLine
 10
24.593934914696177
 20
11.462288827120307
 30
0.0
 11
26.205149346309504
 21
14.716006652004
 31
0.0
  0
ARC
  5
42B
330
17
100
AcDbEntity
  8
SLOTS
100
AcDbCircle
 10
24.705952924647058
 20
11.406818425583593
 30
0.0
 40
0.125
100
AcDbArc
 50
-206.34423656447484
 51
-26.34423656447484
  0
ARC
  5
42C
330
17
100
AcDbEntity
  8
SLOTS
100
AcDbCircle
 10
26.317167356260384
 20
14.660536250467285
 30
0.0
 40
0.125
100
AcDbArc
 50
-26.34423656447484
 51
153.65576343552516
  0
LINE
  5
42D
330
17
100
AcDbEntity
  8
SLOTS
100
AcDbLine
 10
27.360070482677855
 20
14.794822871556674
 30
0.0
 11
25.567417201983922
 21
11.174703898696158
 31
0.0
  0
LINE
  5
42E
330
17
100
AcDbEntity
  8
SLOTS
100
AcDbLine
 10
25.34338118208216
 20
11.285644701769588
 30
0.0
 11
27.136034462776095
 21
14.905763674630103
 31
0.0
  0
ARC
  5
42F
330
17
100
AcDbEntity
  8
SLOTS
100
AcDbCircle
 10
25.455399192033042
 20
11.230174300232873
 30
0.0
 40
0.125
100
AcDbArc
 50
-206.34423656447484
 51
-26.34423656447484
  0
ARC
  5
430
330
17
100
AcDbEntity
  8
SLOTS
100
AcDbCircle
 10
27.248052472726975
 20
14.850293273093389
 30
0.0
 40
0.125
100
AcDbArc
 50
-26.34423656447484
 51
153.65576343552516
  0
LINE
  5
431
330
17
100
AcDbEntity
  8
SLOTS
100
AcDbLine
 10
28.123249783752776
 20
14.645911502086673
 30
0.0
 11
27.320586674097893
 21
13.024997974986743
 31
0.0
  0
LINE
  5
432
330
17
100
AcDbEntity
  8
SLOTS
100
AcDbLine
 10
27.096550654196133
 20
13.135938778060172
 30
0.0
 11
27.899213763851016
 21
14.756852305160102
 31
0.0
  0
ARC
  5
433
330
17
100
AcDbEntity
  8
SLOTS
100
AcDbCircle
 10
27.208568664147013
 20
13.080468376523458
 30
0.0
 40
0.125
100
AcDbArc
 50
-206.34423656447484
 51
-26.34423656447484
  0
ARC
  5
434
330
17
100
AcDbEntity
  8
SLOTS
100
AcDbCircle
 10
28.011231773801896
 20
14.701381903623387
 30
0.0
 40
0.125
100
AcDbArc
 50
-26.34423656447484
 51
153.65576343552516
  0
LINE
  5
435
330
17
100
AcDbEntity
  8
SLOTS
100
AcDbLine
 10
29.638622977579246
 20
12.514997063874272
 30
0.0
 11
28.14315436621461
 21
13.070444389966502
 31
0.0
  0
LINE
  5
436
330
17
100
AcDbEntity
  8
SLOTS
100
AcDbLine
 10
28.23019928493847
 20
13.304801344470429
 30
0.0
 11
29.725667896303108
 21
12.749354018378199
 31
0.0
  0
ARC
  5
437
330
17
100
AcDbEntity
  8
SLOTS
100
AcDbCircle
 10
28.18667682557654
 20
13.187622867218465
 30
0.0
 40
0.125
100
AcDbArc
 50
69.62398374789458
 51
249.62398374789458
  0
ARC
  5
438
330
17
100
AcDbEntity
  8
SLOTS
100
AcDbCircle
 10
29.682145436941177
 20
12.632175541126236
 30
0.0
 40
0.125
100
AcDbArc
 50
249.62398374789458
 51
429.6239837478946
  0
LINE
  5
439
330
17
100
AcDbEntity
  8
SLOTS
100
AcDbLine
 10
30.518603527259085
 20
11.388092867732581
 30
0.0
 11
27.710484133581133
 21
12.431085276073969
 31
0.0
  0
LINE
  5
43A
330
17
100
AcDbEntity
  8
SLOTS
100
AcDbLine
 10
27.797529052304995
 20
12.665442230577895
 30
0.0
 11
30.605648445982947
 21
11.622449822236508
 31
0.0
  0
ARC
  5
43B
330
17
100
AcDbEntity
  8
SLOTS
100
AcDbCircle
 10
27.754006592943064
 20
12.548263753325932
 30
0.0
 40
0.125
100
AcDbArc
 50
69.62398374789458
 51
249.62398374789458
  0
ARC
  5
43C
330
17
100
AcDbEntity
  8
SLOTS
100
AcDbCircle
 10
30.562125986621016
 20
11.505271344984545
 30
0.0
 40
0.125
100
AcDbArc
 50
249.62398374789458
 51
429.6239837478946
  0
LINE
  5
43D
330
17
100
AcDbEntity
  8
SLOTS
100
AcDbLine
 10
30.31920165936344
 20
10.662093159399687
 30
0.0
 11
27.27781390094766
 21
11.791726162181435
 31
0.0
  0
LINE
  5
43E
330
17
100
AcDbEntity
  8
SLOTS
100
AcDbLine
 10
27.36485881967152
 20
12.026083116685362
 30
0.0
 11
30.406246578087302
 21
10.896450113903613
 31
0.0
  0
ARC
  5
43F
330
17
100
AcDbEntity
  8
SLOTS
100
AcDbCircle
 10
27.32133636030959
 20
11.908904639433398
 30
0.0
 40
0.125
100
AcDbArc
 50
69.62398374789461
 51
249.6239837478946
  0
ARC
  5
440
330
17
100
AcDbEntity
  8
SLOTS
100
AcDbCircle
 10
30.36272411872537
 20
10.77927163665165
 30
0.0
 40
0.125
100
AcDbArc
 50
249.6239837478946
 51
429.6239837478946
  0
LINE
  5
441
330
17
100
AcDbEntity
  8
SLOTS
100
AcDbLine
 10
29.743488170142097
 20
10.07586320768646
 30
0.0
 11
26.845143668314183
 21
11.152367048288902
 31
0.0
  0
LINE
  5
442
330
17
100
AcDbEntity
  8
SLOTS
100
AcDbLine
 10
26.932188587038045
 20
11.386724002792828
 30
0.0
 11
29.83053308886596
 21
10.310220162190387
 31
0.0
  0
ARC
  5
443
330
17
100
AcDbEntity
  8
SLOTS
100
AcDbCircle
 10
26.888666127676114
 20
11.269545525540865
 30
0.0
 40
0.125
100
AcDbArc
 50
69.62398374789458
 51
249.62398374789458
  0
ARC
  5
444
330
17
100
AcDbEntity
  8
SLOTS
100
AcDbCircle
 10
29.787010629504028
 20
10.193041684938423
 30
0.0
 40
0.125
100
AcDbArc
 50
249.62398374789458
 51
429.6239837478946
  0
LINE
  5
445
330
17
100
AcDbEntity
  8
SLOTS
100
AcDbLine
 10
28.823125241516454
 20
9.61764303705558
 30
0.0
 11
27.127221282839724
 21
10.24753611003465
 31
0.0
  0
LINE
  5
446
330
17
100
AcDbEntity
  8
SLOTS
100
AcDbLine
 10
27.214266201563586
 20
10.481893064538577
 30
0.0
 11
28.910170160240316
 21
9.851999991559506
 31
0.0
  0
ARC
  5
447
330
17
100
AcDbEntity
  8
SLOTS
100
AcDbCircle
 10
27.170743742201655
 20
10.364714587286613
 30
0.0
 40
0.125
100
AcDbArc
 50
69.62398374789464
 51
249.62398374789464
  0
ARC
  5
448
330
17
100
AcDbEntity
  8
SLOTS
100
AcDbCircle
 10
28.866647700878385
 20
9.734821514307543
 30
0.0
 40
0.125
100
AcDbArc
 50
249.62398374789464
 51
429.6239837478946
  0
LINE
  5
449
330
17
100
AcDbEntity
  8
SLOTS
100
AcDbLine
 10
33.41892039861345
 20
13.429483429410286
 30
0.0
 11
33.49034084355465
 21
13.573284293010564
 31
0.0
  0
LINE
  5
44A
330
17
100
AcDbEntity
  8
SLOTS
100
AcDbLine
 10
33.71424578712998
 20
13.462079184123768
 30
0.0
 11
33.642825342188786
 21
13.31827832052349
 31
0.0
  0
ARC
  5
44B
330
17
100
AcDbEntity
  8
SLOTS
100
AcDbCircle
 10
33.602293315342315
 20
13.517681738567166
 30
0.0
 40
0.125
100
AcDbArc
 50
-26.41185085780355
 51
153.58814914219644
  0
ARC
  5
44C
330
17
100
AcDbEntity
  8
SLOTS
100
AcDbCircle
 10
33.53087287040112
 20
13.373880874966888
 30
0.0
 40
0.125
100
AcDbArc
 50
153.58814914219644
 51
333.58814914219647
  0
LINE
  5
44D
330
17
100
AcDbEntity
  8
SLOTS
100
AcDbLine
 10
32.40734594223363
 20
13.078811396728103
 30
0.0
 11
33.19634380423556
 21
14.667412168230772
 31
0.0
  0
LINE
  5
44E
330
17
100
AcDbEntity
  8
SLOTS
100
AcDbLine
 10
33.420248747810895
 20
14.556207059343976
 30
0.0
 11
32.63125088580897
 21
12.967606287841306
 31
0.0
  0
ARC
  5
44F
330
17
100
AcDbEntity
  8
SLOTS
100
AcDbCircle
 10
33.30829627602323
 20
14.611809613787374
 30
0.0
 40
0.125
100
AcDbArc
 50
-26.41185085780384
 51
153.58814914219616
  0
ARC
  5
450
330
17
100
AcDbEntity
  8
SLOTS
100
AcDbCircle
 10
32.5192984140213
 20
13.023208842284705
 30
0.0
 40
0.125
100
AcDbArc
 50
153.58814914219616
 51
333.58814914219613
  0
LINE
  5
451
330
17
100
AcDbEntity
  8
SLOTS
100
AcDbLine
 10
31.782293447899036
 20
13.506378592159654
 30
0.0
 11
32.80491137415363
 21
15.565359617125402
 31
0.0
  0
LINE
  5
452
330
17
100
AcDbEntity
  8
SLOTS
100
AcDbLine
 10
33.02881631772897
 20
15.454154508238606
 30
0.0
 11
32.00619839147438
 21
13.395173483272858
 31
0.0
  0
ARC
  5
453
330
17
100
AcDbEntity
  8
SLOTS
100
AcDbCircle
 10
32.9168638459413
 20
15.509757062682004
 30
0.0
 40
0.125
100
AcDbArc
 50
-26.41185085780375
 51
153.58814914219624
  0
ARC
  5
454
330
17
100
AcDbEntity
  8
SLOTS
100
AcDbCircle
 10
31.894245919686707
 20
13.450776037716256
 30
0.0
 40
0.125
100
AcDbArc
 50
153.58814914219624
 51
333.58814914219624
  0
LINE
  5
455
330
17
100
AcDbEntity
  8
SLOTS
100
AcDbLine
 10
31.623661374434864
 20
14.873055861425017
 30
0.0
 11
32.399159586119886
 21
16.434475881316985
 31
0.0
  0
LINE
  5
456
330
17
100
AcDbEntity
  8
SLOTS
100
AcDbLine
 10
32.62306452969522
 20
16.323270772430185
 30
0.0
 11
31.847566318010205
 21
14.761850752538221
 31
0.0
  0
ARC
  5
457
330
17
100
AcDbEntity
  8
SLOTS
100
AcDbCircle
 10
32.51111205790755
 20
16.378873326873585
 30
0.0
 40
0.125
100
AcDbArc
 50
-26.4118508578037
 51
153.5881491421963
  0
ARC
  5
458
330
17
100
AcDbEntity
  8
SLOTS
100
AcDbCircle
 10
31.735613846222535
 20
14.81745330698162
 30
0.0
 40
0.125
100
AcDbArc
 50
153.5881491421963
 51
333.5881491421963
  0
LINE
  5
459
330
17
100
AcDbEntity
  8
SLOTS
100
AcDbLine
 10
33.756889835428346
 20
9.155383599752097
 30
0.0
 11
34.07297172541508
 21
10.185740152138997
 31
0.0
  0
LINE
  5
45A
330
17
100
AcDbEntity
  8
SLOTS
100
AcDbLine
 10
34.31197839194103
 20
10.112420213812847
 30
0.0
 11
33.9958965019543
 21
9.082063661425947
 31
0.0
  0
ARC
  5
45B
330
17
100
AcDbEntity
  8
SLOTS
100
AcDbCircle
 10
34.192475058678056
 20
10.149080182975922
 30
0.0
 40
0.125
100
AcDbArc
 50
-17.054412479785924
 51
162.94558752021408
  0
ARC
  5
45C
330
17
100
AcDbEntity
  8
SLOTS
100
AcDbCircle
 10
33.87639316869132
 20
9.118723630589022
 30
0.0
 40
0.125
100
AcDbArc
 50
162.94558752021408
 51
342.9455875202141
  0
LINE
  5
45D
330
17
100
AcDbEntity
  8
SLOTS
100
AcDbLine
 10
33.02914315086594
 20
9.340376811108733
 30
0.0
 11
33.71324142442769
 21
11.570384796287836
 31
0.0
  0
LINE
  5
45E
330
17
100
AcDbEntity
  8
SLOTS
100
AcDbLine
 10
33.952248090953645
 20
11.497064857961686
 30
0.0
 11
33.268149817391894
 21
9.267056872782582
 31
0.0
  0
ARC
  5
45F
330
17
100
AcDbEntity
  8
SLOTS
100
AcDbCircle
 10
33.83274475769067
 20
11.533724827124761
 30
0.0
 40
0.125
100
AcDbArc
 50
-17.05441247978588
 51
162.94558752021413
  0
ARC
  5
460
330
17
100
AcDbEntity
  8
SLOTS
100
AcDbCircle
 10
33.14864648412892
 20
9.303716841945658
 30
0.0
 40
0.125
100
AcDbArc
 50
162.94558752021413
 51
342.94558752021413
  0
LINE
  5
461
330
17
100
AcDbEntity
  8
SLOTS
100
AcDbLine
 10
32.30139646630355
 20
9.525370022465369
 30
0.0
 11
33.23050461330022
 21
12.55405561775289
 31
0.0
  0
LINE
  5
462
330
17
100
AcDbEntity
  8
SLOTS
100
AcDbLine
 10
33.46951127982617
 20
12.48073567942674
 30
0.0
 11
32.5404031328295
 21
9.452050084139218
 31
0.0
  0
ARC
  5
463
330
17
100
AcDbEntity
  8
SLOTS
100
AcDbCircle
 10
33.350007946563196
 20
12.517395648589815
 30
0.0
 40
0.125
100
AcDbArc
 50
-17.05441247978581
 51
162.9455875202142
  0
ARC
  5
464
330
17
100
AcDbEntity
  8
SLOTS
100
AcDbCircle
 10
32.42089979956653
 20
9.488710053302293
 30
0.0
 40
0.125
100
AcDbArc
 50
162.9455875202142
 51
342.9455875202142
  0
LINE
  5
465
330
17
100
AcDbEntity
  8
SLOTS
100
AcDbLine
 10
31.61582721525456
 20
9.847852271821685
 30
0.0
 11
32.35265289668772
 21
12.249739861343098
 31
0.0
  0
LINE
  5
466
330
17
100
AcDbEntity
  8
SLOTS
100
AcDbLine
 10
32.591659563213675
 20
12.176419923016947
 30
0.0
 11
31.85483388178051
 21
9.774532333495534
 31
0.0
  0
ARC
  5
467
330
17
100
AcDbEntity
  8
SLOTS
100
AcDbCircle
 10
32.4721562299507
 20
12.213079892180023
 30
0.0
 40
0.125
100
AcDbArc
 50
-17.05441247978581
 51
162.9455875202142
  0
ARC
  5
468
330
17
100
AcDbEntity
  8
SLOTS
100
AcDbCircle
 10
31.735330548517535
 20
9.81119230265861
 30
0.0
 40
0.125
100
AcDbArc
 50
162.9455875202142
 51
342.9455875202142
  0
LINE
  5
469
330
17
100
AcDbEntity
  8
SLOTS
100
AcDbLine
 10
30.972148929378307
 20
10.306889736199532
 30
0.0
 11
31.428651607195732
 21
11.794986777415952
 31
0.0
  0
LINE
  5
46A
330
17
100
AcDbEntity
  8
SLOTS
100
AcDbLine
 10
31.667658273721685
 20
11.721666839089801
 30
0.0
 11
31.21115559590426
 21
10.23356979787338
 31
0.0
  0
ARC
  5
46B
330
17
100
AcDbEntity
  8
SLOTS
100
AcDbCircle
 10
31.54815494045871
 20
11.758326808252876
 30
0.0
 40
0.125
100
AcDbArc
 50
-17.054412479785853
 51
162.94558752021413
  0
ARC
  5
46C
330
17
100
AcDbEntity
  8
SLOTS
100
AcDbCircle
 10
31.091652262641283
 20
10.270229767036456
 30
0.0
 40
0.125
100
AcDbArc
 50
162.94558752021413
 51
342.94558752021413
  0
LINE
  5
46D
330
17
100
AcDbEntity
  8
SLOTS
100
AcDbLine
 10
11.982205380919828
 20
23.033993355852385
 30
0.0
 11
11.638183370409916
 21
22.984605404597666
 31
0.0
  0
LINE
  5
46E
330
17
100
AcDbEntity
  8
SLOTS
100
AcDbLine
 10
11.602657480521568
 20
23.2320683536378
 30
0.0
 11
11.94667949103148
 21
23.28145630489252
 31
0.0
  0
ARC
  5
46F
330
17
100
AcDbEntity
  8
SLOTS
100
AcDbCircle
 10
11.620420425465742
 20
23.108336879117733
 30
0.0
 40
0.125
100
AcDbArc
 50
-261.83041149192013
 51
-81.83041149192013
  0
ARC
  5
470
330
17
100
AcDbEntity
  8
SLOTS
100
AcDbCircle
 10
11.964442435975654
 20
23.15772483037245
 30
0.0
 40
0.125
100
AcDbArc
 50
-81.83041149192013
 51
98.16958850807987
  0
LINE
  5
471
330
17
100
AcDbEntity
  8
SLOTS
100
AcDbLine
 10
12.473836830060137
 20
22.346882998800048
 30
0.0
 11
10.452628283229298
 21
22.056717410154867
 31
0.0
  0
LINE
  5
472
330
17
100
AcDbEntity
  8
SLOTS
100
AcDbLine
 10
10.417102393340947
 20
22.304180359195
 30
0.0
 11
12.438310940171785
 21
22.594345947840182
 31
0.0
  0
ARC
  5
473
330
17
100
AcDbEntity
  8
SLOTS
100
AcDbCircle
 10
10.434865338285123
 20
22.180448884674934
 30
0.0
 40
0.125
100
AcDbArc
 50
-261.8304114919198
 51
-81.83041149191976
  0
ARC
  5
474
330
17
100
AcDbEntity
  8
SLOTS
100
AcDbCircle
 10
12.456073885115961
 20
22.470614473320115
 30
0.0
 40
0.125
100
AcDbArc
 50
-81.83041149191976
 51
98.16958850808024
  0
LINE
  5
475
330
17
100
AcDbEntity
  8
SLOTS
100
AcDbLine
 10
12.96546827920044
 20
21.659772641747715
 30
0.0
 11
9.903978509162078
 21
21.220263822805077
 31
0.0
  0
LINE
  5
476
330
17
100
AcDbEntity
  8
SLOTS
100
AcDbLine
 10
9.868452619273727
 20
21.46772677184521
 30
0.0
 11
12.929942389312089
 21
21.90723559078785
 31
0.0
  0
ARC
  5
477
330
17
100
AcDbEntity
  8
SLOTS
100
AcDbCircle
 10
9.886215564217903
 20
21.343995297325144
 30
0.0
 40
0.125
100
AcDbArc
 50
-261.8304114919197
 51
-81.8304114919197
  0
ARC
  5
478
330
17
100
AcDbEntity
  8
SLOTS
100
AcDbCircle
 10
12.947705334256264
 20
21.783504116267782
 30
0.0
 40
0.125
100
AcDbArc
 50
-81.8304114919197
 51
98.1695885080803
  0
LINE
  5
479
330
17
100
AcDbEntity
  8
SLOTS
100
AcDbLine
 10
13.457099728340747
 20
20.972662284695375
 30
0.0
 11
9.533175735738125
 21
20.409342029149382
 31
0.0
  0
LINE
  5
47A
330
17
100
AcDbEntity
  8
SLOTS
100
AcDbLine
 10
9.497649845849773
 20
20.656804978189516
 30
0.0
 11
13.421573838452396
 21
21.22012523373551
 31
0.0
  0
ARC
  5
47B
330
17
100
AcDbEntity
  8
SLOTS
100
AcDbCircle
 10
9.515412790793949
 20
20.53307350366945
 30
0.0
 40
0.125
100
AcDbArc
 50
-261.83041149191973
 51
-81.83041149191973
  0
ARC
  5
47C
330
17
100
AcDbEntity
  8
SLOTS
100
AcDbCircle
 10
13.439336783396572
 20
21.09639375921544
 30
0.0
 40
0.125
100
AcDbArc
 50
-81.83041149191973
 51
98.16958850808027
  0
LINE
  5
47D
330
17
100
AcDbEntity
  8
SLOTS
100
AcDbLine
 10
13.94873117748105
 20
20.28555192764304
 30
0.0
 11
9.162372962314175
 21
19.59842023549369
 31
0.0
  0
LINE
  5
47E
330
17
100
AcDbEntity
  8
SLOTS
100
AcDbLine
 10
9.126847072425823
 20
19.845883184533825
 30
0.0
 11
13.9132052875927
 21
20.533014876683175
 31
0.0
  0
ARC
  5
47F
330
17
100
AcDbEntity
  8
SLOTS
100
AcDbCircle
 10
9.144610017369999
 20
19.722151710013758
 30
0.0
 40
0.125
100
AcDbArc
 50
-261.8304114919197
 51
-81.8304114919197
  0
ARC
  5
480
330
17
100
AcDbEntity
  8
SLOTS
100
AcDbCircle
 10
13.930968232536875
 20
20.40928340216311
 30
0.0
 40
0.125
100
AcDbArc
 50
-81.8304114919197
 51
98.1695885080803
  0
LINE
  5
481
330
17
100
AcDbEntity
  8
SLOTS
100
AcDbLine
 10
14.440362626621354
 20
19.59844157059071
 30
0.0
 11
9.705967553172698
 21
18.918769729938703
 31
0.0
  0
LINE
  5
482
330
17
100
AcDbEntity
  8
SLOTS
100
AcDbLine
 10
9.670441663284347
 20
19.166232678978837
 30
0.0
 11
14.404836736733003
 21
19.845904519630842
 31
0.0
  0
ARC
  5
483
330
17
100
AcDbEntity
  8
SLOTS
100
AcDbCircle
 10
9.688204608228522
 20
19.04250120445877
 30
0.0
 40
0.125
100
AcDbArc
 50
-261.83041149191973
 51
-81.83041149191973
  0
ARC
  5
484
330
17
100
AcDbEntity
  8
SLOTS
100
AcDbCircle
 10
14.422599681677179
 20
19.722173045110775
 30
0.0
 40
0.125
100
AcDbArc
 50
-81.83041149191973
 51
98.16958850808027
  0
LINE
  5
485
330
17
100
AcDbEntity
  8
SLOTS
100
AcDbLine
 10
14.931994075761661
 20
18.911331213538368
 30
0.0
 11
10.724810570405396
 21
18.307346097660975
 31
0.0
  0
LINE
  5
486
330
17
100
AcDbEntity
  8
SLOTS
100
AcDbLine
 10
10.689284680517044
 20
18.55480904670111
 30
0.0
 11
14.89646818587331
 21
19.158794162578502
 31
0.0
  0
ARC
  5
487
330
17
100
AcDbEntity
  8
SLOTS
100
AcDbCircle
 10
10.70704762546122
 20
18.431077572181042
 30
0.0
 40
0.125
100
AcDbArc
 50
-261.83041149191973
 51
-81.83041149191973
  0
ARC
  5
488
330
17
100
AcDbEntity
  8
SLOTS
100
AcDbCircle
 10
14.914231130817486
 20
19.035062688058435
 30
0.0
 40
0.125
100
AcDbArc
 50
-81.83041149191973
 51
98.16958850808027
  0
LINE
  5
489
330
17
100
AcDbEntity
  8
SLOTS
100
AcDbLine
 10
13.326776937533818
 20
17.923196350327334
 30
0.0
 11
11.743653587638086
 21
17.69592246538325
 31
0.0
  0
LINE
  5
48A
330
17
100
AcDbEntity
  8
SLOTS
100
AcDbLine
 10
11.708127697749735
 20
17.943385414423386
 30
0.0
 11
13.291251047645467
 21
18.17065929936747
 31
0.0
  0
ARC
  5
48B
330
17
100
AcDbEntity
  8
SLOTS
100
AcDbCircle
 10
11.72589064269391
 20
17.81965393990332
 30
0.0
 40
0.125
100
AcDbArc
 50
-261.83041149191973
 51
-81.83041149191973
  0
ARC
  5
48C
330
17
100
AcDbEntity
  8
SLOTS
100
AcDbCircle
 10
13.309013992589643
 20
18.0469278248474
 30
0.0
 40
0.125
100
AcDbArc
 50
-81.83041149191973
 51
98.16958850808027
  0
LINE
  5
48D
330
17
100
AcDbEntity
  8
SLOTS
100
AcDbLine
 10
9.115103046511488
 20
21.73187020160661
 30
0.0
 11
9.111545848792364
 21
21.90279580125124
 31
0.0
  0
LINE
  5
48E
330
17
100
AcDbEntity
  8
SLOTS
100
AcDbLine
 10
9.361491727176702
 20
21.907997520071252
 30
0.0
 11
9.365048924895826
 21
21.737071920426622
 31
0.0
  0
ARC
  5
48F
330
17
100
AcDbEntity
  8
SLOTS
100
AcDbCircle
 10
9.236518787984533
 20
21.905396660661246
 30
0.0
 40
0.125
100
AcDbArc
 50
1.1922321736852837
 51
181.19223217368528
  0
ARC
  5
490
330
17
100
AcDbEntity
  8
SLOTS
100
AcDbCircle
 10
9.240075985703657
 20
21.734471061016617
 30
0.0
 40
0.125
100
AcDbArc
 50
181.19223217368528
 51
361.1922321736853
  0
LINE
  5
491
330
17
100
AcDbEntity
  8
SLOTS
100
AcDbLine
 10
8.39759662373575
 20
20.16272984716934
 30
0.0
 11
8.359774498769081
 21
21.980106867009212
 31
0.0
  0
LINE
  5
492
330
17
100
AcDbEntity
  8
SLOTS
100
AcDbLine
 10
8.609720377153419
 20
21.985308585829223
 30
0.0
 11
8.647542502120087
 21
20.167931565989353
 31
0.0
  0
ARC
  5
493
330
17
100
AcDbEntity
  8
SLOTS
100
AcDbCircle
 10
8.48474743796125
 20
21.982707726419218
 30
0.0
 40
0.125
100
AcDbArc
 50
1.1922321736852695
 51
181.19223217368528
  0
ARC
  5
494
330
17
100
AcDbEntity
  8
SLOTS
100
AcDbCircle
 10
8.522569562927918
 20
20.165330706579347
 30
0.0
 40
0.125
100
AcDbArc
 50
181.19223217368528
 51
361.1922321736853
  0
LINE
  5
495
330
17
100
AcDbEntity
  8
SLOTS
100
AcDbLine
 10
7.658721017851289
 20
19.62039225298853
 30
0.0
 11
7.608003148745795
 21
22.057417932767184
 31
0.0
  0
LINE
  5
496
330
17
100
AcDbEntity
  8
SLOTS
100
AcDbLine
 10
7.8579490271301315
 20
22.062619651587195
 30
0.0
 11
7.9086668962356255
 21
19.62559397180854
 31
0.0
  0
ARC
  5
497
330
17
100
AcDbEntity
  8
SLOTS
100
AcDbCircle
 10
7.732976087937963
 20
22.06001879217719
 30
0.0
 40
0.125
100
AcDbArc
 50
1.192232173685312
 51
181.1922321736853
  0
ARC
  5
498
330
17
100
AcDbEntity
  8
SLOTS
100
AcDbCircle
 10
7.783693957043457
 20
19.622993112398536
 30
0.0
 40
0.125
100
AcDbArc
 50
181.1922321736853
 51
361.1922321736853
  0
LINE
  5
499
330
17
100
AcDbEntity
  8
SLOTS
100
AcDbLine
 10
6.9095641908364405
 20
19.572073835010183
 30
0.0
 11
6.856231798722511
 21
22.134728998525155
 31
0.0
  0
LINE
  5
49A
330
17
100
AcDbEntity
  8
SLOTS
100
AcDbLine
 10
7.106177677106848
 20
22.139930717345166
 30
0.0
 11
7.159510069220777
 21
19.577275553830194
 31
0.0
  0
ARC
  5
49B
330
17
100
AcDbEntity
  8
SLOTS
100
AcDbCircle
 10
6.9812047379146795
 20
22.13732985793516
 30
0.0
 40
0.125
100
AcDbArc
 50
1.192232173685312
 51
181.1922321736853
  0
ARC
  5
49C
330
17
100
AcDbEntity
  8
SLOTS
100
AcDbCircle
 10
7.034537130028609
 20
19.57467469442019
 30
0.0
 40
0.125
100
AcDbArc
 50
181.1922321736853
 51
361.1922321736853
  0
LINE
  5
49D
330
17
100
AcDbEntity
  8
SLOTS
100
AcDbLine
 10
6.160407363821592
 20
19.523755417031833
 30
0.0
 11
6.104460448699227
 21
22.212040064283123
 31
0.0
  0
LINE
  5
49E
330
17
100
AcDbEntity
  8
SLOTS
100
AcDbLine
 10
6.354406327083563
 20
22.217241783103134
 30
0.0
 11
6.410353242205928
 21
19.528957135851844
 31
0.0
  0
ARC
  5
49F
330
17
100
AcDbEntity
  8
SLOTS
100
AcDbCircle
 10
6.229433387891395
 20
22.21464092369313
 30
0.0
 40
0.125
100
AcDbArc
 50
1.192232173685312
 51
181.1922321736853
  0
ARC
  5
4A0
330
17
100
AcDbEntity
  8
SLOTS
100
AcDbCircle
 10
6.28538030301376
 20
19.526356276441838
 30
0.0
 40
0.125
100
AcDbArc
 50
181.1922321736853
 51
361.1922321736853
  0
LINE
  5
4A1
330
17
100
AcDbEntity
  8
SLOTS
100
AcDbLine
 10
5.391465501228602
 20
20.42612046879808
 30
0.0
 11
5.356730607323329
 21
22.09515408406028
 31
0.0
  0
LINE
  5
4A2
330
17
100
AcDbEntity
  8
SLOTS
100
AcDbLine
 10
5.606676485707665
 20
22.10035580288029
 30
0.0
 11
5.641411379612938
 21
20.43132218761809
 31
0.0
  0
ARC
  5
4A3
330
17
100
AcDbEntity
  8
SLOTS
100
AcDbCircle
 10
5.481703546515497
 20
22.097754943470285
 30
0.0
 40
0.125
100
AcDbArc
 50
1.1922321736852979
 51
181.19223217368528
  0
ARC
  5
4A4
330
17
100
AcDbEntity
  8
SLOTS
100
AcDbCircle
 10
5.51643844042077
 20
20.428721328208084
 30
0.0
 40
0.125
100
AcDbArc
 50
181.19223217368528
 51
361.1922321736853
  0
LINE
  5
4A5
330
17
100
AcDbEntity
  8
SLOTS
100
AcDbLine
 10
4.619173620280165
 20
21.489456020783376
 30
0.0
 11
4.614172399091697
 21
21.72976786119601
 31
0.0
  0
LINE
  5
4A6
330
17
100
AcDbEntity
  8
SLOTS
100
AcDbLine
 10
4.864118277476034
 20
21.73496958001602
 30
0.0
 11
4.869119498664501
 21
21.494657739603387
 31
0.0
  0
ARC
  5
4A7
330
17
100
AcDbEntity
  8
SLOTS
100
AcDbCircle
 10
4.7391453382838655
 20
21.732368720606015
 30
0.0
 40
0.125
100
AcDbArc
 50
1.1922321736853405
 51
181.19223217368534
  0
ARC
  5
4A8
330
17
100
AcDbEntity
  8
SLOTS
100
AcDbCircle
 10
4.744146559472333
 20
21.49205688019338
 30
0.0
 40
0.125
100
AcDbArc
 50
181.19223217368534
 51
361.19223217368534
  0
LINE
  5
4A9
330
17
100
AcDbEntity
  8
SLOTS
100
AcDbLine
 10
9.105001348255916
 20
25.119573437345476
 30
0.0
 11
8.882497942017165
 21
25.17750946891404
 31
0.0
  0
LINE
  5
4AA
330
17
100
AcDbEntity
  8
SLOTS
100
AcDbLine
 10
8.94549311986068
 20
25.419442533145585
 30
0.0
 11
9.167996526099431
 21
25.361506501577022
 31
0.0
  0
ARC
  5
4AB
330
17
100
AcDbEntity
  8
SLOTS
100
AcDbCircle
 10
8.913995530938923
 20
25.29847600102981
 30
0.0
 40
0.125
100
AcDbArc
 50
75.40524850960463
 51
255.40524850960463
  0
ARC
  5
4AC
330
17
100
AcDbEntity
  8
SLOTS
100
AcDbCircle
 10
9.136498937177674
 20
25.24053996946125
 30
0.0
 40
0.125
100
AcDbArc
 50
255.40524850960463
 51
435.40524850960463
  0
LINE
  5
4AD
330
17
100
AcDbEntity
  8
SLOTS
100
AcDbLine
 10
10.741913574009338
 20
23.918342106280164
 30
0.0
 11
8.269487432514588
 21
24.56211903269218
 31
0.0
  0
LINE
  5
4AE
330
17
100
AcDbEntity
  8
SLOTS
100
AcDbLine
 10
8.332482610358106
 20
24.804052096923726
 30
0.0
 11
10.804908751852857
 21
24.16027517051171
 31
0.0
  0
ARC
  5
4AF
330
17
100
AcDbEntity
  8
SLOTS
100
AcDbCircle
 10
8.300985021436347
 20
24.683085564807953
 30
0.0
 40
0.125
100
AcDbArc
 50
75.40524850960387
 51
255.40524850960387
  0
ARC
  5
4B0
330
17
100
AcDbEntity
  8
SLOTS
100
AcDbCircle
 10
10.773411162931097
 20
24.039308638395937
 30
0.0
 40
0.125
100
AcDbArc
 50
255.40524850960387
 51
435.4052485096039
  0
LINE
  5
4B1
330
17
100
AcDbEntity
  8
SLOTS
100
AcDbLine
 10
10.613909497091234
 20
23.176664398936623
 30
0.0
 11
7.656476923012012
 21
23.946728596470322
 31
0.0
  0
LINE
  5
4B2
330
17
100
AcDbEntity
  8
SLOTS
100
AcDbLine
 10
7.719472100855529
 20
24.188661660701868
 30
0.0
 11
10.676904674934752
 21
23.41859746316817
 31
0.0
  0
ARC
  5
4B3
330
17
100
AcDbEntity
  8
SLOTS
100
AcDbCircle
 10
7.687974511933771
 20
24.067695128586095
 30
0.0
 40
0.125
100
AcDbArc
 50
75.4052485096039
 51
255.4052485096039
  0
ARC
  5
4B4
330
17
100
AcDbEntity
  8
SLOTS
100
AcDbCircle
 10
10.645407086012993
 20
23.297630931052396
 30
0.0
 40
0.125
100
AcDbArc
 50
255.4052485096039
 51
435.4052485096039
  0
LINE
  5
4B5
330
17
100
AcDbEntity
  8
SLOTS
100
AcDbLine
 10
9.870884439077455
 20
22.595127498326868
 30
0.0
 11
7.043466413509436
 21
23.331338160248464
 31
0.0
  0
LINE
  5
4B6
330
17
100
AcDbEntity
  8
SLOTS
100
AcDbLine
 10
7.106461591352953
 20
23.57327122448001
 30
0.0
 11
9.933879616920974
 21
22.837060562558413
 31
0.0
  0
ARC
  5
4B7
330
17
100
AcDbEntity
  8
SLOTS
100
AcDbCircle
 10
7.074964002431194
 20
23.452304692364237
 30
0.0
 40
0.125
100
AcDbArc
 50
75.4052485096039
 51
255.4052485096039
  0
ARC
  5
4B8
330
17
100
AcDbEntity
  8
SLOTS
100
AcDbCircle
 10
9.902382027999215
 20
22.71609403044264
 30
0.0
 40
0.125
100
AcDbArc
 50
255.4052485096039
 51
435.4052485096039
  0
LINE
  5
4B9
330
17
100
AcDbEntity
  8
SLOTS
100
AcDbLine
 10
9.359283941632166
 20
27.46601683845221
 30
0.0
 11
8.873866269553819
 21
27.0870457849592
 31
0.0
  0
LINE
  5
4BA
330
17
100
AcDbEntity
  8
SLOTS
100
AcDbLine
 10
8.72002119011336
 20
27.28410336926379
 30
0.0
 11
9.205438862191707
 21
27.663074422756797
 31
0.0
  0
ARC
  5
4BB
330
17
100
AcDbEntity
  8
SLOTS
100
AcDbCircle
 10
8.79694372983359
 20
27.185574577111495
 30
0.0
 40
0.125
100
AcDbArc
 50
-232.02043994628505
 51
-52.02043994628505
  0
ARC
  5
4BC
330
17
100
AcDbEntity
  8
SLOTS
100
AcDbCircle
 10
9.282361401911936
 20
27.564545630604503
 30
0.0
 40
0.125
100
AcDbArc
 50
-52.02043994628505
 51
127.97956005371495
  0
LINE
  5
4BD
330
17
100
AcDbEntity
  8
SLOTS
100
AcDbLine
 10
10.562005413413448
 20
27.453496540703867
 30
0.0
 11
9.168595973397165
 21
26.365646069234334
 31
0.0
  0
LINE
  5
4BE
330
17
100
AcDbEntity
  8
SLOTS
100
AcDbLine
 10
9.014750893956707
 20
26.56270365353892
 30
0.0
 11
10.40816033397299
 21
27.650554125008455
 31
0.0
  0
ARC
  5
4BF
330
17
100
AcDbEntity
  8
SLOTS
100
AcDbCircle
 10
9.091673433676936
 20
26.464174861386628
 30
0.0
 40
0.125
100
AcDbArc
 50
-232.02043994628502
 51
-52.02043994628502
  0
ARC
  5
4C0
330
17
100
AcDbEntity
  8
SLOTS
100
AcDbCircle
 10
10.48508287369322
 20
27.55202533285616
 30
0.0
 40
0.125
100
AcDbArc
 50
-52.02043994628502
 51
127.97956005371498
  0
LINE
  5
4C1
330
17
100
AcDbEntity
  8
SLOTS
100
AcDbLine
 10
11.764726885194731
 20
27.440976242955525
 30
0.0
 11
9.624861078581567
 21
25.770358863918343
 31
0.0
  0
LINE
  5
4C2
330
17
100
AcDbEntity
  8
SLOTS
100
AcDbLine
 10
9.471015999141109
 20
25.96741644822293
 30
0.0
 11
11.610881805754273
 21
27.638033827260113
 31
0.0
  0
ARC
  5
4C3
330
17
100
AcDbEntity
  8
SLOTS
100
AcDbCircle
 10
9.547938538861338
 20
25.868887656070637
 30
0.0
 40
0.125
100
AcDbArc
 50
-232.0204399462849
 51
-52.02043994628491
  0
ARC
  5
4C4
330
17
100
AcDbEntity
  8
SLOTS
100
AcDbCircle
 10
11.687804345474502
 20
27.53950503510782
 30
0.0
 40
0.125
100
AcDbArc
 50
-52.02043994628491
 51
127.97956005371509
  0
LINE
  5
4C5
330
17
100
AcDbEntity
  8
SLOTS
100
AcDbLine
 10
12.967448356976012
 20
27.428455945207183
 30
0.0
 11
10.253099066223628
 21
25.309332828283647
 31
0.0
  0
LINE
  5
4C6
330
17
100
AcDbEntity
  8
SLOTS
100
AcDbLine
 10
10.09925398678317
 20
25.506390412588235
 30
0.0
 11
12.813603277535554
 21
27.62551352951177
 31
0.0
  0
ARC
  5
4C7
330
17
100
AcDbEntity
  8
SLOTS
100
AcDbCircle
 10
10.176176526503399
 20
25.40786162043594
 30
0.0
 40
0.125
100
AcDbArc
 50
-232.0204399462849
 51
-52.02043994628491
  0
ARC
  5
4C8
330
17
100
AcDbEntity
  8
SLOTS
100
AcDbCircle
 10
12.890525817255783
 20
27.526984737359477
 30
0.0
 40
0.125
100
AcDbArc
 50
-52.02043994628491
 51
127.97956005371509
  0
LINE
  5
4C9
330
17
100
AcDbEntity
  8
SLOTS
100
AcDbLine
 10
14.170169828757295
 20
27.415935647458838
 30
0.0
 11
10.88133705386569
 21
24.848306792648952
 31
0.0
  0
LINE
  5
4CA
330
17
100
AcDbEntity
  8
SLOTS
100
AcDbLine
 10
10.727491974425233
 20
25.04536437695354
 30
0.0
 11
14.016324749316837
 21
27.612993231763426
 31
0.0
  0
ARC
  5
4CB
330
17
100
AcDbEntity
  8
SLOTS
100
AcDbCircle
 10
10.804414514145462
 20
24.946835584801246
 30
0.0
 40
0.125
100
AcDbArc
 50
-232.02043994628494
 51
-52.02043994628494
  0
ARC
  5
4CC
330
17
100
AcDbEntity
  8
SLOTS
100
AcDbCircle
 10
14.093247289037066
 20
27.51446443961113
 30
0.0
 40
0.125
100
AcDbArc
 50
-52.02043994628494
 51
127.97956005371506
  0
LINE
  5
4CD
330
17
100
AcDbEntity
  8
SLOTS
100
AcDbLine
 10
13.051686674238338
 20
25.591224708122425
 30
0.0
 11
11.509575041507754
 21
24.387280757014256
 31
0.0
  0
LINE
  5
4CE
330
17
100
AcDbEntity
  8
SLOTS
100
AcDbLine
 10
11.355729962067295
 20
24.584338341318844
 30
0.0
 11
12.89784159479788
 21
25.788282292427013
 31
0.0
  0
ARC
  5
4CF
330
17
100
AcDbEntity
  8
SLOTS
100
AcDbCircle
 10
11.432652501787524
 20
24.48580954916655
 30
0.0
 40
0.125
100
AcDbArc
 50
-232.02043994628488
 51
-52.02043994628488
  0
ARC
  5
4D0
330
17
100
AcDbEntity
  8
SLOTS
100
AcDbCircle
 10
12.974764134518109
 20
25.68975350027472
 30
0.0
 40
0.125
100
AcDbArc
 50
-52.02043994628488
 51
127.97956005371512
  0
LINE
  5
4D1
330
17
100
AcDbEntity
  8
SLOTS
100
AcDbLine
 10
34.798857496720125
 20
14.968607194839032
 30
0.0
 11
34.70082182596574
 21
15.043906981218933
 31
0.0
  0
LINE
  5
4D2
330
17
100
AcDbEntity
  8
SLOTS
100
AcDbLine
 10
34.85310683252549
 20
15.242172653429472
 30
0.0
 11
34.951142503279875
 21
15.166872867049571
 31
0.0
  0
ARC
  5
4D3
330
17
100
AcDbEntity
  8
SLOTS
100
AcDbCircle
 10
34.776964329245615
 20
15.143039817324203
 30
0.0
 40
0.125
100
AcDbArc
 50
52.47265279394526
 51
232.47265279394526
  0
ARC
  5
4D4
330
17
100
AcDbEntity
  8
SLOTS
100
AcDbCircle
 10
34.875
 20
15.067740030944302
 30
0.0
 40
0.125
100
AcDbArc
 50
232.47265279394526
 51
412.47265279394526
  0
LINE
  5
4D5
330
17
100
AcDbEntity
  8
SLOTS
100
AcDbLine
 10
34.798857496720125
 20
14.022906419160163
 30
0.0
 11
34.01364800432024
 21
14.62601451834697
 31
0.0
  0
LINE
  5
4D6
330
17
100
AcDbEntity
  8
SLOTS
100
AcDbLine
 10
34.16593301087999
 20
14.82428019055751
 30
0.0
 11
34.951142503279875
 21
14.221172091370702
 31
0.0
  0
ARC
  5
4D7
330
17
100
AcDbEntity
  8
SLOTS
100
AcDbCircle
 10
34.089790507600114
 20
14.72514735445224
 30
0.0
 40
0.125
100
AcDbArc
 50
52.47265279394583
 51
232.47265279394583
  0
ARC
  5
4D8
330
17
100
AcDbEntity
  8
SLOTS
100
AcDbCircle
 10
34.875
 20
14.122039255265433
 30
0.0
 40
0.125
100
AcDbArc
 50
232.47265279394583
 51
412.4726527939458
  0
LINE
  5
4D9
330
17
100
AcDbEntity
  8
SLOTS
100
AcDbLine
 10
34.63331121991365
 20
11.16769515987858
 30
0.0
 11
34.78346014228915
 21
11.329168056988479
 31
0.0
  0
LINE
  5
4DA
330
17
100
AcDbEntity
  8
SLOTS
100
AcDbLine
 10
34.96653985771085
 20
11.158927586473652
 30
0.0
 11
34.81639093533535
 21
10.997454689363753
 31
0.0
  0
ARC
  5
4DB
330
17
100
AcDbEntity
  8
SLOTS
100
AcDbCircle
 10
34.875
 20
11.244047821731066
 30
0.0
 40
0.125
100
AcDbArc
 50
-42.91885370170433
 51
137.08114629829566
  0
ARC
  5
4DC
330
17
100
AcDbEntity
  8
SLOTS
100
AcDbCircle
 10
34.7248510776245
 20
11.082574924621166
 30
0.0
 40
0.125
100
AcDbArc
 50
137.08114629829566
 51
317.08114629829566
  0
LINE
  5
4DD
330
17
100
AcDbEntity
  8
SLOTS
100
AcDbLine
 10
34.4096590822592
 20
12.028558794956503
 30
0.0
 11
34.78346014228915
 21
12.430551291145317
 31
0.0
  0
LINE
  5
4DE
330
17
100
AcDbEntity
  8
SLOTS
100
AcDbLine
 10
34.96653985771085
 20
12.26031082063049
 30
0.0
 11
34.5927387976809
 21
11.858318324441676
 31
0.0
  0
ARC
  5
4DF
330
17
100
AcDbEntity
  8
SLOTS
100
AcDbCircle
 10
34.875
 20
12.345431055887904
 30
0.0
 40
0.125
100
AcDbArc
 50
-42.9188537017039
 51
137.0811462982961
  0
ARC
  5
4E0
330
17
100
AcDbEntity
  8
SLOTS
100
AcDbCircle
 10
34.50119893997005
 20
11.94343855969909
 30
0.0
 40
0.125
100
AcDbArc
 50
137.0811462982961
 51
317.0811462982961
  0
LINE
  5
4E1
330
17
100
AcDbEntity
  8
SLOTS
100
AcDbLine
 10
34.186006944604756
 20
12.889422430034422
 30
0.0
 11
34.29428025194818
 21
13.005861524899792
 31
0.0
  0
LINE
  5
4E2
330
17
100
AcDbEntity
  8
SLOTS
100
AcDbLine
 10
34.47735996736988
 20
12.83562105438497
 30
0.0
 11
34.369086660026454
 21
12.719181959519599
 31
0.0
  0
ARC
  5
4E3
330
17
100
AcDbEntity
  8
SLOTS
100
AcDbCircle
 10
34.38582010965903
 20
12.92074128964238
 30
0.0
 40
0.125
100
AcDbArc
 50
-42.91885370170302
 51
137.08114629829697
  0
ARC
  5
4E4
330
17
100
AcDbEntity
  8
SLOTS
100
AcDbCircle
 10
34.277546802315605
 20
12.80430219477701
 30
0.0
 40
0.125
100
AcDbArc
 50
137.08114629829697
 51
317.08114629829697
  0
LINE
  5
4E5
330
17
100
AcDbEntity
  8
SLOTS
100
AcDbLine
 10
31.499186912080834
 20
8.892573019482734
 30
0.0
 11
29.349526189174153
 21
9.016199116606941
 31
0.0
  0
LINE
  5
4E6
330
17
100
AcDbEntity
  8
SLOTS
100
AcDbLine
 10
29.36387986880249
 20
9.265786720227648
 30
0.0
 11
31.51354059170917
 21
9.142160623103441
 31
0.0
  0
ARC
  5
4E7
330
17
100
AcDbEntity
  8
SLOTS
100
AcDbCircle
 10
29.35670302898832
 20
9.140992918417295
 30
0.0
 40
0.125
100
AcDbArc
 50
86.70856891579578
 51
266.7085689157958
  0
ARC
  5
4E8
330
17
100
AcDbEntity
  8
SLOTS
100
AcDbCircle
 10
31.506363751895
 20
9.017366821293088
 30
0.0
 40
0.125
100
AcDbArc
 50
266.7085689157958
 51
446.7085689157958
  0
LINE
  5
4E9
330
17
100
AcDbEntity
  8
SLOTS
100
AcDbLine
 10
31.446019090145644
 20
8.144391445524494
 30
0.0
 11
28.628006979072552
 21
8.306454153945593
 31
0.0
  0
LINE
  5
4EA
330
17
100
AcDbEntity
  8
SLOTS
100
AcDbLine
 10
28.642360658700888
 20
8.5560417575663
 30
0.0
 11
31.46037276977398
 21
8.393979049145202
 31
0.0
  0
ARC
  5
4EB
330
17
100
AcDbEntity
  8
SLOTS
100
AcDbCircle
 10
28.63518381888672
 20
8.431247955755946
 30
0.0
 40
0.125
100
AcDbArc
 50
86.70856891579578
 51
266.7085689157958
  0
ARC
  5
4EC
330
17
100
AcDbEntity
  8
SLOTS
100
AcDbCircle
 10
31.45319592995981
 20
8.269185247334848
 30
0.0
 40
0.125
100
AcDbArc
 50
266.7085689157958
 51
446.7085689157958
  0
LINE
  5
4ED
330
17
100
AcDbEntity
  8
SLOTS
100
AcDbLine
 10
31.392851268210457
 20
7.396209871566253
 30
0.0
 11
28.51644500281723
 21
7.561630803597497
 31
0.0
  0
LINE
  5
4EE
330
17
100
AcDbEntity
  8
SLOTS
100
AcDbLine
 10
28.530798682445564
 20
7.811218407218204
 30
0.0
 11
31.407204947838792
 21
7.64579747518696
 31
0.0
  0
ARC
  5
4EF
330
17
100
AcDbEntity
  8
SLOTS
100
AcDbCircle
 10
28.523621842631396
 20
7.686424605407851
 30
0.0
 40
0.125
100
AcDbArc
 50
86.70856891579578
 51
266.7085689157958
  0
ARC
  5
4F0
330
17
100
AcDbEntity
  8
SLOTS
100
AcDbCircle
 10
31.400028108024625
 20
7.521003673376606
 30
0.0
 40
0.125
100
AcDbArc
 50
266.7085689157958
 51
446.7085689157958
  0
LINE
  5
4F1
330
17
100
AcDbEntity
  8
SLOTS
100
AcDbLine
 10
31.339683446275266
 20
6.648028297608013
 30
0.0
 11
28.404883026561908
 21
6.816807453249401
 31
0.0
  0
LINE
  5
4F2
330
17
100
AcDbEntity
  8
SLOTS
100
AcDbLine
 10
28.419236706190244
 20
7.066395056870109
 30
0.0
 11
31.354037125903602
 21
6.89761590122872
 31
0.0
  0
ARC
  5
4F3
330
17
100
AcDbEntity
  8
SLOTS
100
AcDbCircle
 10
28.412059866376076
 20
6.941601255059755
 30
0.0
 40
0.125
100
AcDbArc
 50
86.70856891579578
 51
266.7085689157958
  0
ARC
  5
4F4
330
17
100
AcDbEntity
  8
SLOTS
100
AcDbCircle
 10
31.346860286089434
 20
6.7728220994183665
 30
0.0
 40
0.125
100
AcDbArc
 50
266.7085689157958
 51
446.7085689157958
  0
LINE
  5
4F5
330
17
100
AcDbEntity
  8
SLOTS
100
AcDbLine
 10
31.286515624340076
 20
5.899846723649772
 30
0.0
 11
28.293321050306584
 21
6.071984102901306
 31
0.0
  0
LINE
  5
4F6
330
17
100
AcDbEntity
  8
SLOTS
100
AcDbLine
 10
28.30767472993492
 20
6.321571706522013
 30
0.0
 11
31.300869303968412
 21
6.1494343272704795
 31
0.0
  0
ARC
  5
4F7
330
17
100
AcDbEntity
  8
SLOTS
100
AcDbCircle
 10
28.300497890120752
 20
6.196777904711659
 30
0.0
 40
0.125
100
AcDbArc
 50
86.70856891579578
 51
266.7085689157958
  0
ARC
  5
4F8
330
17
100
AcDbEntity
  8
SLOTS
100
AcDbCircle
 10
31.293692464154244
 20
6.024640525460126
 30
0.0
 40
0.125
100
AcDbArc
 50
266.7085689157958
 51
446.7085689157958
  0
LINE
  5
4F9
330
17
100
AcDbEntity
  8
SLOTS
100
AcDbLine
 10
31.233347802404886
 20
5.1516651496915316
 30
0.0
 11
28.181759074051264
 21
5.32716075255321
 31
0.0
  0
LINE
  5
4FA
330
17
100
AcDbEntity
  8
SLOTS
100
AcDbLine
 10
28.1961127536796
 20
5.576748356173917
 30
0.0
 11
31.24770148203322
 21
5.401252753312239
 31
0.0
  0
ARC
  5
4FB
330
17
100
AcDbEntity
  8
SLOTS
100
AcDbCircle
 10
28.188935913865432
 20
5.451954554363564
 30
0.0
 40
0.125
100
AcDbArc
 50
86.70856891579578
 51
266.7085689157958
  0
ARC
  5
4FC
330
17
100
AcDbEntity
  8
SLOTS
100
AcDbCircle
 10
31.240524642219054
 20
5.276458951501885
 30
0.0
 40
0.125
100
AcDbArc
 50
266.7085689157958
 51
446.7085689157958
  0
LINE
  5
4FD
330
17
100
AcDbEntity
  8
SLOTS
100
AcDbLine
 10
31.1801799804697
 20
4.403483575733292
 30
0.0
 11
28.07019709779594
 21
4.582337402205115
 31
0.0
  0
LINE
  5
4FE
330
17
100
AcDbEntity
  8
SLOTS
100
AcDbLine
 10
28.084550777424276
 20
4.8319250058258225
 30
0.0
 11
31.194533660098035
 21
4.653071179353999
 31
0.0
  0
ARC
  5
4FF
330
17
100
AcDbEntity
  8
SLOTS
100
AcDbCircle
 10
28.07737393761011
 20
4.707131204015469
 30
0.0
 40
0.125
100
AcDbArc
 50
86.70856891579578
 51
266.7085689157958
  0
ARC
  5
500
330
17
100
AcDbEntity
  8
SLOTS
100
AcDbCircle
 10
31.187356820283867
 20
4.528277377543645
 30
0.0
 40
0.125
100
AcDbArc
 50
266.7085689157958
 51
446.7085689157958
  0
LINE
  5
501
330
17
100
AcDbEntity
  8
SLOTS
100
AcDbLine
 10
30.971084254373753
 20
3.6642693509100743
 30
0.0
 11
27.95863512154062
 21
3.8375140518570197
 31
0.0
  0
LINE
  5
502
330
17
100
AcDbEntity
  8
SLOTS
100
AcDbLine
 10
27.972988801168956
 20
4.087101655477727
 30
0.0
 11
30.98543793400209
 21
3.9138569545307815
 31
0.0
  0
ARC
  5
503
330
17
100
AcDbEntity
  8
SLOTS
100
AcDbCircle
 10
27.965811961354788
 20
3.9623078536673733
 30
0.0
 40
0.125
100
AcDbArc
 50
86.70856891579578
 51
266.7085689157958
  0
ARC
  5
504
330
17
100
AcDbEntity
  8
SLOTS
100
AcDbCircle
 10
30.97826109418792
 20
3.789063152720428
 30
0.0
 40
0.125
100
AcDbArc
 50
266.7085689157958
 51
446.7085689157958
  0
LINE
  5
505
330
17
100
AcDbEntity
  8
SLOTS
100
AcDbLine
 10
30.254152529246607
 20
2.9542605638893913
 30
0.0
 11
28.35047718368616
 21
3.0637401439251617
 31
0.0
  0
LINE
  5
506
330
17
100
AcDbEntity
  8
SLOTS
100
AcDbLine
 10
28.364830863314495
 20
3.313327747545869
 30
0.0
 11
30.268506208874943
 21
3.2038481675100985
 31
0.0
  0
ARC
  5
507
330
17
100
AcDbEntity
  8
SLOTS
100
AcDbCircle
 10
28.357654023500327
 20
3.1885339457355153
 30
0.0
 40
0.125
100
AcDbArc
 50
86.70856891579578
 51
266.7085689157958
  0
ARC
  5
508
330
17
100
AcDbEntity
  8
SLOTS
100
AcDbCircle
 10
30.261329369060775
 20
3.079054365699745
 30
0.0
 40
0.125
100
AcDbArc
 50
266.7085689157958
 51
446.7085689157958
  0
LINE
  5
509
330
17
100
AcDbEntity
  8
SLOTS
100
AcDbLine
 10
33.57607422489211
 20
6.241054205665468
 30
0.0
 11
33.76961758423435
 21
8.351785385171532
 31
0.0
  0
LINE
  5
50A
330
17
100
AcDbEntity
  8
SLOTS
100
AcDbLine
 10
34.01857317053213
 20
8.328957418746
 30
0.0
 11
33.82502981118989
 21
6.218226239239935
 31
0.0
  0
ARC
  5
50B
330
17
100
AcDbEntity
  8
SLOTS
100
AcDbCircle
 10
33.89409537738324
 20
8.340371401958766
 30
0.0
 40
0.125
100
AcDbArc
 50
-5.239082250532789
 51
174.7609177494672
  0
ARC
  5
50C
330
17
100
AcDbEntity
  8
SLOTS
100
AcDbCircle
 10
33.700552018041
 20
6.229640222452701
 30
0.0
 40
0.125
100
AcDbArc
 50
174.7609177494672
 51
354.76091774946724
  0
LINE
  5
50D
330
17
100
AcDbEntity
  8
SLOTS
100
AcDbLine
 10
32.75991209007126
 20
5.553821602640847
 30
0.0
 11
33.03362631110027
 21
8.538874370990003
 31
0.0
  0
LINE
  5
50E
330
17
100
AcDbEntity
  8
SLOTS
100
AcDbLine
 10
33.28258189739805
 20
8.516046404564468
 30
0.0
 11
33.00886767636904
 21
5.530993636215314
 31
0.0
  0
ARC
  5
50F
330
17
100
AcDbEntity
  8
SLOTS
100
AcDbCircle
 10
33.15810410424916
 20
8.527460387777236
 30
0.0
 40
0.125
100
AcDbArc
 50
-5.23908225053286
 51
174.76091774946713
  0
ARC
  5
510
330
17
100
AcDbEntity
  8
SLOTS
100
AcDbCircle
 10
32.88438988322015
 20
5.54240761942808
 30
0.0
 40
0.125
100
AcDbArc
 50
174.76091774946713
 51
354.7609177494671
  0
LINE
  5
511
330
17
100
AcDbEntity
  8
SLOTS
100
AcDbLine
 10
31.9437499552504
 20
4.866588999616223
 30
0.0
 11
32.29763503796619
 21
8.725963356808473
 31
0.0
  0
LINE
  5
512
330
17
100
AcDbEntity
  8
SLOTS
100
AcDbLine
 10
32.54659062426397
 20
8.703135390382938
 30
0.0
 11
32.192705541548186
 21
4.84376103319069
 31
0.0
  0
ARC
  5
513
330
17
100
AcDbEntity
  8
SLOTS
100
AcDbCircle
 10
32.42211283111508
 20
8.714549373595705
 30
0.0
 40
0.125
100
AcDbArc
 50
-5.239082250532917
 51
174.76091774946707
  0
ARC
  5
514
330
17
100
AcDbEntity
  8
SLOTS
100
AcDbCircle
 10
32.068227748399295
 20
4.855175016403456
 30
0.0
 40
0.125
100
AcDbArc
 50
174.76091774946707
 51
354.76091774946707
  0
LINE
  5
515
330
17
100
AcDbEntity
  8
SLOTS
100
AcDbLine
 10
34.594407707911145
 20
15.996759580870851
 30
0.0
 11
34.75050574785666
 21
17.726772923711774
 31
0.0
  0
LINE
  5
516
330
17
100
AcDbEntity
  8
SLOTS
100
AcDbLine
 10
34.99949425214334
 20
17.704306844100916
 30
0.0
 11
34.84339621219783
 21
15.97429350125999
 31
0.0
  0
ARC
  5
517
330
17
100
AcDbEntity
  8
SLOTS
100
AcDbCircle
 10
34.875
 20
17.715539883906345
 30
0.0
 40
0.125
100
AcDbArc
 50
-5.155801481130538
 51
174.84419851886946
  0
ARC
  5
518
330
17
100
AcDbEntity
  8
SLOTS
100
AcDbCircle
 10
34.71890196005449
 20
15.98552654106542
 30
0.0
 40
0.125
100
AcDbArc
 50
174.84419851886946
 51
354.84419851886946
  0
LINE
  5
519
330
17
100
AcDbEntity
  8
SLOTS
100
AcDbLine
 10
33.79764121155515
 20
15.512220294000517
 30
0.0
 11
34.1082598268499
 21
18.954764154143035
 31
0.0
  0
LINE
  5
51A
330
17
100
AcDbEntity
  8
SLOTS
100
AcDbLine
 10
34.35724833113659
 20
18.932298074532177
 30
0.0
 11
34.04662971584184
 21
15.489754214389656
 31
0.0
  0
ARC
  5
51B
330
17
100
AcDbEntity
  8
SLOTS
100
AcDbCircle
 10
34.232754078993246
 20
18.943531114337606
 30
0.0
 40
0.125
100
AcDbArc
 50
-5.1558014811304105
 51
174.84419851886958
  0
ARC
  5
51C
330
17
100
AcDbEntity
  8
SLOTS
100
AcDbCircle
 10
33.922135463698496
 20
15.500987254195087
 30
0.0
 40
0.125
100
AcDbArc
 50
174.84419851886958
 51
354.8441985188696
  0
LINE
  5
51D
330
17
100
AcDbEntity
  8
SLOTS
100
AcDbLine
 10
33.13846668755222
 20
16.552594120207626
 30
0.0
 11
33.29769523521817
 21
18.317302454274135
 31
0.0
  0
LINE
  5
51E
330
17
100
AcDbEntity
  8
SLOTS
100
AcDbLine
 10
33.54668373950486
 20
18.294836374663277
 30
0.0
 11
33.3874551918389
 21
16.530128040596768
 31
0.0
  0
ARC
  5
51F
330
17
100
AcDbEntity
  8
SLOTS
100
AcDbCircle
 10
33.422189487361514
 20
18.306069414468706
 30
0.0
 40
0.125
100
AcDbArc
 50
-5.155801481130382
 51
174.84419851886963
  0
ARC
  5
520
330
17
100
AcDbEntity
  8
SLOTS
100
AcDbCircle
 10
33.26296093969556
 20
16.541361080402197
 30
0.0
 40
0.125
100
AcDbArc
 50
174.84419851886963
 51
354.84419851886963
  0
LINE
  5
521
330
17
100
AcDbEntity
  8
SLOTS
100
AcDbLine
 10
34.57665463965181
 20
2.412628477477436
 30
0.0
 11
34.75753184093096
 21
2.90982269030779
 31
0.0
  0
LINE
  5
522
330
17
100
AcDbEntity
  8
SLOTS
100
AcDbLine
 10
34.99246815906904
 20
2.8243538280261142
 30
0.0
 11
34.81159095778989
 21
2.32715961519576
 31
0.0
  0
ARC
  5
523
330
17
100
AcDbEntity
  8
SLOTS
100
AcDbCircle
 10
34.875
 20
2.867088259166952
 30
0.0
 40
0.125
100
AcDbArc
 50
-19.99117782297178
 51
160.0088221770282
  0
ARC
  5
524
330
17
100
AcDbEntity
  8
SLOTS
100
AcDbCircle
 10
34.69412279872085
 20
2.369894046336598
 30
0.0
 40
0.125
100
AcDbArc
 50
160.0088221770282
 51
340.0088221770282
  0
LINE
  5
525
330
17
100
AcDbEntity
  8
SLOTS
100
AcDbLine
 10
33.83998270115225
 20
2.5814502765288987
 30
0.0
 11
34.75753184093096
 21
5.1036040861810665
 31
0.0
  0
LINE
  5
526
330
17
100
AcDbEntity
  8
SLOTS
100
AcDbLine
 10
34.99246815906904
 20
5.018135223899389
 30
0.0
 11
34.074919019290334
 21
2.495981414247221
 31
0.0
  0
ARC
  5
527
330
17
100
AcDbEntity
  8
SLOTS
100
AcDbCircle
 10
34.875
 20
5.060869655040228
 30
0.0
 40
0.125
100
AcDbArc
 50
-19.991177822972077
 51
160.00882217702792
  0
ARC
  5
528
330
17
100
AcDbEntity
  8
SLOTS
100
AcDbCircle
 10
33.95745086022129
 20
2.53871584538806
 30
0.0
 40
0.125
100
AcDbArc
 50
160.00882217702792
 51
340.0088221770279
  0
LINE
  5
529
330
17
100
AcDbEntity
  8
SLOTS
100
AcDbLine
 10
33.10331076265269
 20
2.7502720755803622
 30
0.0
 11
34.21017868149971
 21
5.792824258643897
 31
0.0
  0
LINE
  5
52A
330
17
100
AcDbEntity
  8
SLOTS
100
AcDbLine
 10
34.445114999637795
 20
5.707355396362219
 30
0.0
 11
33.33824708079077
 21
2.6648032132986845
 31
0.0
  0
ARC
  5
52B
330
17
100
AcDbEntity
  8
SLOTS
100
AcDbCircle
 10
34.327646840568754
 20
5.750089827503058
 30
0.0
 40
0.125
100
AcDbArc
 50
-19.991177822972148
 51
160.00882217702787
  0
ARC
  5
52C
330
17
100
AcDbEntity
  8
SLOTS
100
AcDbCircle
 10
33.22077892172173
 20
2.7075376444395234
 30
0.0
 40
0.125
100
AcDbArc
 50
160.00882217702787
 51
340.00882217702787
  0
LINE
  5
52D
330
17
100
AcDbEntity
  8
SLOTS
100
AcDbLine
 10
32.366638824153135
 20
2.919093874631825
 30
0.0
 11
33.07387278239675
 21
4.863134520269312
 31
0.0
  0
LINE
  5
52E
330
17
100
AcDbEntity
  8
SLOTS
100
AcDbLine
 10
33.30880910053483
 20
4.777665657987634
 30
0.0
 11
32.60157514229122
 21
2.833625012350148
 31
0.0
  0
ARC
  5
52F
330
17
100
AcDbEntity
  8
SLOTS
100
AcDbCircle
 10
33.19134094146579
 20
4.820400089128473
 30
0.0
 40
0.125
100
AcDbArc
 50
-19.99117782297199
 51
160.008822177028
  0
ARC
  5
530
330
17
100
AcDbEntity
  8
SLOTS
100
AcDbCircle
 10
32.484106983222176
 20
2.8763594434909865
 30
0.0
 40
0.125
100
AcDbArc
 50
160.008822177028
 51
340.00882217702804
  0
LINE
  5
531
330
17
100
AcDbEntity
  8
SLOTS
100
AcDbLine
 10
31.629966885653584
 20
3.087915673683287
 30
0.0
 11
31.92334732011332
 21
3.8943581282296265
 31
0.0
  0
LINE
  5
532
330
17
100
AcDbEntity
  8
SLOTS
100
AcDbLine
 10
32.1582836382514
 20
3.8088892659479487
 30
0.0
 11
31.86490320379166
 21
3.0024468114016094
 31
0.0
  0
ARC
  5
533
330
17
100
AcDbEntity
  8
SLOTS
100
AcDbCircle
 10
32.040815479182356
 20
3.8516236970887876
 30
0.0
 40
0.125
100
AcDbArc
 50
-19.99117782297222
 51
160.00882217702778
  0
ARC
  5
534
330
17
100
AcDbEntity
  8
SLOTS
100
AcDbCircle
 10
31.74743504472262
 20
3.0451812425424483
 30
0.0
 40
0.125
100
AcDbArc
 50
160.00882217702778
 51
340.0088221770278
  0
LINE
  5
535
330
17
100
AcDbEntity
  8
SLOTS
100
AcDbLine
 10
22.940610399128328
 20
10.26229435491221
 30
0.0
 11
22.117476912152863
 21
11.179100182311634
 31
0.0
  0
LINE
  5
536
330
17
100
AcDbEntity
  8
SLOTS
100
AcDbLine
 10
22.303501266822924
 20
11.346117964208014
 30
0.0
 11
23.12663475379839
 21
10.42931213680859
 31
0.0
  0
ARC
  5
537
330
17
100
AcDbEntity
  8
SLOTS
100
AcDbCircle
 10
22.210489089487893
 20
11.262609073259824
 30
0.0
 40
0.125
100
AcDbArc
 50
41.918367499087
 51
221.918367499087
  0
ARC
  5
538
330
17
100
AcDbEntity
  8
SLOTS
100
AcDbCircle
 10
23.033622576463358
 20
10.3458032458604
 30
0.0
 40
0.125
100
AcDbArc
 50
221.918367499087
 51
401.918367499087
  0
LINE
  5
539
330
17
100
AcDbEntity
  8
SLOTS
100
AcDbLine
 10
22.790589045148508
 20
9.306753138718909
 30
0.0
 11
21.259872920461365
 21
11.01166429275785
 31
0.0
  0
LINE
  5
53A
330
17
100
AcDbEntity
  8
SLOTS
100
AcDbLine
 10
21.445897275131426
 20
11.17868207465423
 30
0.0
 11
22.976613399818568
 21
9.473770920615289
 31
0.0
  0
ARC
  5
53B
330
17
100
AcDbEntity
  8
SLOTS
100
AcDbCircle
 10
21.352885097796396
 20
11.09517318370604
 30
0.0
 40
0.125
100
AcDbArc
 50
41.918367499087
 51
221.918367499087
  0
ARC
  5
53C
330
17
100
AcDbEntity
  8
SLOTS
100
AcDbCircle
 10
22.883601222483538
 20
9.390262029667099
 30
0.0
 40
0.125
100
AcDbArc
 50
221.918367499087
 51
401.918367499087
  0
LINE
  5
53D
330
17
100
AcDbEntity
  8
SLOTS
100
AcDbLine
 10
22.640567691168688
 20
8.351211922525614
 30
0.0
 11
20.402268928769875
 21
10.844228403204063
 31
0.0
  0
LINE
  5
53E
330
17
100
AcDbEntity
  8
SLOTS
100
AcDbLine
 10
20.588293283439935
 20
11.011246185100443
 30
0.0
 11
22.826592045838748
 21
8.518229704421994
 31
0.0
  0
ARC
  5
53F
330
17
100
AcDbEntity
  8
SLOTS
100
AcDbCircle
 10
20.495281106104905
 20
10.927737294152253
 30
0.0
 40
0.125
100
AcDbArc
 50
41.918367499087
 51
221.918367499087
  0
ARC
  5
540
330
17
100
AcDbEntity
  8
SLOTS
100
AcDbCircle
 10
22.733579868503718
 20
8.434720813473804
 30
0.0
 40
0.125
100
AcDbArc
 50
221.918367499087
 51
401.918367499087
  0
LINE
  5
541
330
17
100
AcDbEntity
  8
SLOTS
100
AcDbLine
 10
22.490546337188864
 20
7.395670706332317
 30
0.0
 11
19.54466493707838
 21
10.676792513650279
 31
0.0
  0
LINE
  5
542
330
17
100
AcDbEntity
  8
SLOTS
100
AcDbLine
 10
19.73068929174844
 20
10.843810295546659
 30
0.0
 11
22.676570691858924
 21
7.562688488228699
 31
0.0
  0
ARC
  5
543
330
17
100
AcDbEntity
  8
SLOTS
100
AcDbCircle
 10
19.63767711441341
 20
10.760301404598469
 30
0.0
 40
0.125
100
AcDbArc
 50
41.91836749908694
 51
221.91836749908694
  0
ARC
  5
544
330
17
100
AcDbEntity
  8
SLOTS
100
AcDbCircle
 10
22.583558514523894
 20
7.479179597280508
 30
0.0
 40
0.125
100
AcDbArc
 50
221.91836749908694
 51
401.9183674990869
  0
LINE
  5
545
330
17
100
AcDbEntity
  8
SLOTS
100
AcDbLine
 10
22.327734980723044
 20
6.454374991017262
 30
0.0
 11
19.129400202717267
 21
10.01667929383971
 31
0.0
  0
LINE
  5
546
330
17
100
AcDbEntity
  8
SLOTS
100
AcDbLine
 10
19.315424557387328
 20
10.18369707573609
 30
0.0
 11
22.513759335393104
 21
6.6213927729136435
 31
0.0
  0
ARC
  5
547
330
17
100
AcDbEntity
  8
SLOTS
100
AcDbCircle
 10
19.222412380052297
 20
10.1001881847879
 30
0.0
 40
0.125
100
AcDbArc
 50
41.91836749908697
 51
221.91836749908697
  0
ARC
  5
548
330
17
100
AcDbEntity
  8
SLOTS
100
AcDbCircle
 10
22.420747158058074
 20
6.537883881965453
 30
0.0
 40
0.125
100
AcDbArc
 50
221.91836749908697
 51
401.91836749908697
  0
LINE
  5
549
330
17
100
AcDbEntity
  8
SLOTS
100
AcDbLine
 10
20.907260175831503
 20
6.913864441982682
 30
0.0
 11
19.057148807723873
 21
8.974517920984631
 31
0.0
  0
LINE
  5
54A
330
17
100
AcDbEntity
  8
SLOTS
100
AcDbLine
 10
19.243173162393933
 20
9.141535702881011
 30
0.0
 11
21.093284530501563
 21
7.080882223879064
 31
0.0
  0
ARC
  5
54B
330
17
100
AcDbEntity
  8
SLOTS
100
AcDbCircle
 10
19.150160985058903
 20
9.058026811932821
 30
0.0
 40
0.125
100
AcDbArc
 50
41.918367499087
 51
221.918367499087
  0
ARC
  5
54C
330
17
100
AcDbEntity
  8
SLOTS
100
AcDbCircle
 10
21.000272353166533
 20
6.997373332930873
 30
0.0
 40
0.125
100
AcDbArc
 50
221.918367499087
 51
401.918367499087
  0
LINE
  5
54D
330
17
100
AcDbEntity
  8
SLOTS
100
AcDbLine
 10
19.48678537093996
 20
7.373353892948103
 30
0.0
 11
18.984897412730483
 21
7.932356548129548
 31
0.0
  0
LINE
  5
54E
330
17
100
AcDbEntity
  8
SLOTS
100
AcDbLine
 10
19.170921767400543
 20
8.09937433002593
 30
0.0
 11
19.67280972561002
 21
7.540371674844485
 31
0.0
  0
ARC
  5
54F
330
17
100
AcDbEntity
  8
SLOTS
100
AcDbCircle
 10
19.077909590065513
 20
8.01586543907774
 30
0.0
 40
0.125
100
AcDbArc
 50
41.918367499087
 51
221.918367499087
  0
ARC
  5
550
330
17
100
AcDbEntity
  8
SLOTS
100
AcDbCircle
 10
19.57979754827499
 20
7.456862783896294
 30
0.0
 40
0.125
100
AcDbArc
 50
221.918367499087
 51
401.918367499087
  0
LINE
  5
551
330
17
100
AcDbEntity
  8
SLOTS
100
AcDbLine
 10
1.069461095911608
 20
19.731554263908283
 30
0.0
 11
1.1296562065666795
 21
19.7614082486522
 31
0.0
  0
LINE
  5
552
330
17
100
AcDbEntity
  8
SLOTS
100
AcDbLine
 10
1.2407340147434636
 20
19.537440124735777
 30
0.0
 11
1.180538904088392
 21
19.50758613999186
 31
0.0
  0
ARC
  5
553
330
17
100
AcDbEntity
  8
SLOTS
100
AcDbCircle
 10
1.1851951106550715
 20
19.649424186693988
 30
0.0
 40
0.125
100
AcDbArc
 50
-63.620719947389766
 51
116.37928005261023
  0
ARC
  5
554
330
17
100
AcDbEntity
  8
SLOTS
100
AcDbCircle
 10
1.125
 20
19.619570201950072
 30
0.0
 40
0.125
100
AcDbArc
 50
116.37928005261023
 51
296.3792800526102
  0
LINE
  5
555
330
17
100
AcDbEntity
  8
SLOTS
100
AcDbLine
 10
1.0694610959116078
 20
20.56872696831496
 30
0.0
 11
1.2433498826504754
 21
20.65496774651017
 31
0.0
  0
LINE
  5
556
330
17
100
AcDbEntity
  8
SLOTS
100
AcDbLine
 10
1.35442769082726
 20
20.43099962259375
 30
0.0
 11
1.1805389040883922
 21
20.344758844398537
 31
0.0
  0
ARC
  5
557
330
17
100
AcDbEntity
  8
SLOTS
100
AcDbCircle
 10
1.2988887867388677
 20
20.54298368455196
 30
0.0
 40
0.125
100
AcDbArc
 50
-63.62071994738959
 51
116.37928005261041
  0
ARC
  5
558
330
17
100
AcDbEntity
  8
SLOTS
100
AcDbCircle
 10
1.125
 20
20.456742906356748
 30
0.0
 40
0.125
100
AcDbArc
 50
116.37928005261041
 51
296.3792800526104
  0
LINE
  5
559
330
17
100
AcDbEntity
  8
SLOTS
100
AcDbLine
 10
4.437619160387779
 20
25.6530345744458
 30
0.0
 11
3.2936238910344513
 21
24.052556792318033
 31
0.0
  0
LINE
  5
55A
330
17
100
AcDbEntity
  8
SLOTS
100
AcDbLine
 10
3.090238428722278
 20
24.19793338506963
 30
0.0
 11
4.234233698075606
 21
25.798411167197397
 31
0.0
  0
ARC
  5
55B
330
17
100
AcDbEntity
  8
SLOTS
100
AcDbCircle
 10
3.1919311598783646
 20
24.12524508869383
 30
0.0
 40
0.125
100
AcDbArc
 50
-215.55656264371473
 51
-35.55656264371473
  0
ARC
  5
55C
330
17
100
AcDbEntity
  8
SLOTS
100
AcDbCircle
 10
4.335926429231693
 20
25.7257228708216
 30
0.0
 40
0.125
100
AcDbArc
 50
-35.55656264371473
 51
144.44343735628527
  0
LINE
  5
55D
330
17
100
AcDbEntity
  8
SLOTS
100
AcDbLine
 10
6.071795886224797
 20
26.649534672172614
 30
0.0
 11
3.16668627678196
 21
22.585214207641823
 31
0.0
  0
LINE
  5
55E
330
17
100
AcDbEntity
  8
SLOTS
100
AcDbLine
 10
2.9633008144697865
 20
22.73059080039342
 30
0.0
 11
5.868410423912624
 21
26.79491126492421
 31
0.0
  0
ARC
  5
55F
330
17
100
AcDbEntity
  8
SLOTS
100
AcDbCircle
 10
3.0649935456258732
 20
22.65790250401762
 30
0.0
 40
0.125
100
AcDbArc
 50
-215.55656264371467
 51
-35.55656264371467
  0
ARC
  5
560
330
17
100
AcDbEntity
  8
SLOTS
100
AcDbCircle
 10
5.970103155068711
 20
26.72222296854841
 30
0.0
 40
0.125
100
AcDbArc
 50
-35.55656264371467
 51
144.44343735628533
  0
LINE
  5
561
330
17
100
AcDbEntity
  8
SLOTS
100
AcDbLine
 10
7.373300133803395
 20
27.180617714041357
 30
0.0
 11
3.866547688845027
 21
22.27458398651493
 31
0.0
  0
LINE
  5
562
330
17
100
AcDbEntity
  8
SLOTS
100
AcDbLine
 10
3.6631622265328536
 20
22.419960579266526
 30
0.0
 11
7.169914671491222
 21
27.325994306792953
 31
0.0
  0
ARC
  5
563
330
17
100
AcDbEntity
  8
SLOTS
100
AcDbCircle
 10
3.7648549576889403
 20
22.347272282890728
 30
0.0
 40
0.125
100
AcDbArc
 50
-215.55656264371467
 51
-35.55656264371467
  0
ARC
  5
564
330
17
100
AcDbEntity
  8
SLOTS
100
AcDbCircle
 10
7.271607402647309
 20
27.253306010417155
 30
0.0
 40
0.125
100
AcDbArc
 50
-35.55656264371467
 51
144.44343735628533
  0
LINE
  5
565
330
17
100
AcDbEntity
  8
SLOTS
100
AcDbLine
 10
8.146039363496222
 20
26.97194536900981
 30
0.0
 11
5.003661406952892
 21
22.575680596570145
 31
0.0
  0
LINE
  5
566
330
17
100
AcDbEntity
  8
SLOTS
100
AcDbLine
 10
4.800275944640719
 20
22.72105718932174
 30
0.0
 11
7.942653901184048
 21
27.117321961761405
 31
0.0
  0
ARC
  5
567
330
17
100
AcDbEntity
  8
SLOTS
100
AcDbCircle
 10
4.901968675796805
 20
22.648368892945943
 30
0.0
 40
0.125
100
AcDbArc
 50
-215.5565626437147
 51
-35.5565626437147
  0
ARC
  5
568
330
17
100
AcDbEntity
  8
SLOTS
100
AcDbCircle
 10
8.044346632340135
 20
27.044633665385607
 30
0.0
 40
0.125
100
AcDbArc
 50
-35.5565626437147
 51
144.4434373562853
  0
LINE
  5
569
330
17
100
AcDbEntity
  8
SLOTS
100
AcDbLine
 10
8.481328564281194
 20
26.151269573602164
 30
0.0
 11
7.471072571994593
 21
24.73789636024077
 31
0.0
  0
LINE
  5
56A
330
17
100
AcDbEntity
  8
SLOTS
100
AcDbLine
 10
7.26768710968242
 20
24.883272952992368
 30
0.0
 11
8.27794310196902
 21
26.29664616635376
 31
0.0
  0
ARC
  5
56B
330
17
100
AcDbEntity
  8
SLOTS
100
AcDbCircle
 10
7.369379840838507
 20
24.81058465661657
 30
0.0
 40
0.125
100
AcDbArc
 50
-215.55656264371473
 51
-35.55656264371473
  0
ARC
  5
56C
330
17
100
AcDbEntity
  8
SLOTS
100
AcDbCircle
 10
8.379635833125107
 20
26.223957869977962
 30
0.0
 40
0.125
100
AcDbArc
 50
-35.55656264371473
 51
144.44343735628527
  0
LINE
  5
56D
330
17
100
AcDbEntity
  8
SLOTS
100
AcDbLine
 10
23.368256206352424
 20
5.839859263198518
 30
0.0
 11
27.3288598559343
 21
4.653111081787505
 31
0.0
  0
LINE
  5
56E
330
17
100
AcDbEntity
  8
SLOTS
100
AcDbLine
 10
27.257102376591302
 20
4.413630677248137
 30
0.0
 11
23.296498727009425
 21
5.60037885865915
 31
0.0
  0
ARC
  5
56F
330
17
100
AcDbEntity
  8
SLOTS
100
AcDbCircle
 10
27.2929811162628
 20
4.533370879517821
 30
0.0
 40
0.125
100
AcDbArc
 50
-106.68022478435024
 51
73.31977521564976
  0
ARC
  5
570
330
17
100
AcDbEntity
  8
SLOTS
100
AcDbCircle
 10
23.332377466680924
 20
5.720119060928834
 30
0.0
 40
0.125
100
AcDbArc
 50
73.31977521564976
 51
253.31977521564977
  0
LINE
  5
571
330
17
100
AcDbEntity
  8
SLOTS
100
AcDbLine
 10
23.23179272441996
 20
6.6636939976742955
 30
0.0
 11
27.44109464023983
 21
5.402426313356404
 31
0.0
  0
LINE
  5
572
330
17
100
AcDbEntity
  8
SLOTS
100
AcDbLine
 10
27.36933716089683
 20
5.162945908817036
 30
0.0
 11
23.160035245076962
 21
6.424213593134928
 31
0.0
  0
ARC
  5
573
330
17
100
AcDbEntity
  8
SLOTS
100
AcDbCircle
 10
27.40521590056833
 20
5.28268611108672
 30
0.0
 40
0.125
100
AcDbArc
 50
-106.68022478435026
 51
73.31977521564974
  0
ARC
  5
574
330
17
100
AcDbEntity
  8
SLOTS
100
AcDbCircle
 10
23.19591398474846
 20
6.543953795404612
 30
0.0
 40
0.125
100
AcDbArc
 50
73.31977521564974
 51
253.31977521564974
  0
LINE
  5
575
330
17
100
AcDbEntity
  8
SLOTS
100
AcDbLine
 10
23.349193283514804
 20
7.4114613657407595
 30
0.0
 11
27.55332942454536
 21
6.151741544925303
 31
0.0
  0
LINE
  5
576
330
17
100
AcDbEntity
  8
SLOTS
100
AcDbLine
 10
27.48157194520236
 20
5.912261140385935
 30
0.0
 11
23.277435804171805
 21
7.171980961201392
 31
0.0
  0
ARC
  5
577
330
17
100
AcDbEntity
  8
SLOTS
100
AcDbCircle
 10
27.51745068487386
 20
6.032001342655619
 30
0.0
 40
0.125
100
AcDbArc
 50
-106.68022478435024
 51
73.31977521564976
  0
ARC
  5
578
330
17
100
AcDbEntity
  8
SLOTS
100
AcDbCircle
 10
23.313314543843305
 20
7.291721163471076
 30
0.0
 40
0.125
100
AcDbArc
 50
73.31977521564976
 51
253.31977521564977
  0
LINE
  5
579
330
17
100
AcDbEntity
  8
SLOTS
100
AcDbLine
 10
23.466593842609644
 20
8.159228733807225
 30
0.0
 11
27.665564208850892
 21
6.901056776494201
 31
0.0
  0
LINE
  5
57A
330
17
100
AcDbEntity
  8
SLOTS
100
AcDbLine
 10
27.593806729507893
 20
6.661576371954833
 30
0.0
 11
23.394836363266645
 21
7.919748329267858
 31
0.0
  0
ARC
  5
57B
330
17
100
AcDbEntity
  8
SLOTS
100
AcDbCircle
 10
27.629685469179392
 20
6.781316574224517
 30
0.0
 40
0.125
100
AcDbArc
 50
-106.68022478435026
 51
73.31977521564974
  0
ARC
  5
57C
330
17
100
AcDbEntity
  8
SLOTS
100
AcDbCircle
 10
23.430715102938144
 20
8.039488531537542
 30
0.0
 40
0.125
100
AcDbArc
 50
73.31977521564974
 51
253.31977521564974
  0
LINE
  5
57D
330
17
100
AcDbEntity
  8
SLOTS
100
AcDbLine
 10
23.583994401704487
 20
8.90699610187369
 30
0.0
 11
27.77779899315642
 21
7.650372008063101
 31
0.0
  0
LINE
  5
57E
330
17
100
AcDbEntity
  8
SLOTS
100
AcDbLine
 10
27.70604151381342
 20
7.4108916035237336
 30
0.0
 11
23.512236922361488
 21
8.667515697334322
 31
0.0
  0
ARC
  5
57F
330
17
100
AcDbEntity
  8
SLOTS
100
AcDbCircle
 10
27.74192025348492
 20
7.530631805793417
 30
0.0
 40
0.125
100
AcDbArc
 50
-106.68022478435024
 51
73.31977521564976
  0
ARC
  5
580
330
17
100
AcDbEntity
  8
SLOTS
100
AcDbCircle
 10
23.548115662032988
 20
8.787255899604006
 30
0.0
 40
0.125
100
AcDbArc
 50
73.31977521564976
 51
253.31977521564977
  0
LINE
  5
581
330
17
100
AcDbEntity
  8
SLOTS
100
AcDbLine
 10
23.70139496079933
 20
9.654763469940153
 30
0.0
 11
27.89003377746195
 21
8.399687239631998
 31
0.0
  0
LINE
  5
582
330
17
100
AcDbEntity
  8
SLOTS
100
AcDbLine
 10
27.818276298118953
 20
8.16020683509263
 30
0.0
 11
23.62963748145633
 21
9.415283065400786
 31
0.0
  0
ARC
  5
583
330
17
100
AcDbEntity
  8
SLOTS
100
AcDbCircle
 10
27.854155037790452
 20
8.279947037362314
 30
0.0
 40
0.125
100
AcDbArc
 50
-106.68022478435026
 51
73.31977521564974
  0
ARC
  5
584
330
17
100
AcDbEntity
  8
SLOTS
100
AcDbCircle
 10
23.66551622112783
 20
9.53502326767047
 30
0.0
 40
0.125
100
AcDbArc
 50
73.31977521564974
 51
253.31977521564974
  0
LINE
  5
585
330
17
100
AcDbEntity
  8
SLOTS
100
AcDbLine
 10
23.81879551989417
 20
10.40253083800662
 30
0.0
 11
27.625304352902752
 21
9.261955351344431
 31
0.0
  0
LINE
  5
586
330
17
100
AcDbEntity
  8
SLOTS
100
AcDbLine
 10
27.553546873559753
 20
9.022474946805064
 30
0.0
 11
23.74703804055117
 21
10.163050433467252
 31
0.0
  0
ARC
  5
587
330
17
100
AcDbEntity
  8
SLOTS
100
AcDbCircle
 10
27.589425613231253
 20
9.142215149074747
 30
0.0
 40
0.125
100
AcDbArc
 50
-106.68022478435023
 51
73.31977521564977
  0
ARC
  5
588
330
17
100
AcDbEntity
  8
SLOTS
100
AcDbCircle
 10
23.78291678022267
 20
10.282790635736935
 30
0.0
 40
0.125
100
AcDbArc
 50
73.31977521564977
 51
253.31977521564977
  0
LINE
  5
589
330
17
100
AcDbEntity
  8
SLOTS
100
AcDbLine
 10
8.20613176289984
 20
28.993060140218287
 30
0.0
 11
7.26005792373168
 21
29.77884184527963
 31
0.0
  0
LINE
  5
58A
330
17
100
AcDbEntity
  8
SLOTS
100
AcDbLine
 10
7.419790315947831
 20
29.97115815472037
 30
0.0
 11
8.36586415511599
 21
29.185376449659028
 31
0.0
  0
ARC
  5
58B
330
17
100
AcDbEntity
  8
SLOTS
100
AcDbCircle
 10
7.339924119839756
 20
29.875
 30
0.0
 40
0.125
100
AcDbArc
 50
50.287953621038525
 51
230.28795362103853
  0
ARC
  5
58C
330
17
100
AcDbEntity
  8
SLOTS
100
AcDbCircle
 10
8.285997959007915
 20
29.089218294938657
 30
0.0
 40
0.125
100
AcDbArc
 50
230.28795362103853
 51
410.2879536210385
  0
LINE
  5
58D
330
17
100
AcDbEntity
  8
SLOTS
100
AcDbLine
 10
8.047733100476279
 20
28.14966519779804
 30
0.0
 11
6.086219622066019
 21
29.77884184527963
 31
0.0
  0
LINE
  5
58E
330
17
100
AcDbEntity
  8
SLOTS
100
AcDbLine
 10
6.24595201428217
 20
29.97115815472037
 30
0.0
 11
8.207465492692428
 21
28.34198150723878
 31
0.0
  0
ARC
  5
58F
330
17
100
AcDbEntity
  8
SLOTS
100
AcDbCircle
 10
6.1660858181740945
 20
29.875
 30
0.0
 40
0.125
100
AcDbArc
 50
50.287953621038554
 51
230.28795362103855
  0
ARC
  5
590
330
17
100
AcDbEntity
  8
SLOTS
100
AcDbCircle
 10
8.127599296584354
 20
28.24582335251841
 30
0.0
 40
0.125
100
AcDbArc
 50
230.28795362103855
 51
410.2879536210386
  0
LINE
  5
591
330
17
100
AcDbEntity
  8
SLOTS
100
AcDbLine
 10
7.1646319307281185
 20
27.90818730274954
 30
0.0
 11
6.182260536309461
 21
28.72411671264476
 31
0.0
  0
LINE
  5
592
330
17
100
AcDbEntity
  8
SLOTS
100
AcDbLine
 10
6.341992928525612
 20
28.916433022085503
 30
0.0
 11
7.32436432294427
 21
28.10050361219028
 31
0.0
  0
ARC
  5
593
330
17
100
AcDbEntity
  8
SLOTS
100
AcDbCircle
 10
6.262126732417537
 20
28.820274867365132
 30
0.0
 40
0.125
100
AcDbArc
 50
50.28795362103844
 51
230.28795362103844
  0
ARC
  5
594
330
17
100
AcDbEntity
  8
SLOTS
100
AcDbCircle
 10
7.244498126836194
 20
28.00434545746991
 30
0.0
 40
0.125
100
AcDbArc
 50
230.28795362103844
 51
410.28795362103847
  0
ENDSEC
  0
SECTION
  2
OBJECTS
  0
DICTIONARY
  5
A
330
0
100
AcDbDictionary
281
1
  3
ACAD_COLOR
350
B
  3
ACAD_GROUP
350
C
  3
ACAD_LAYOUT
350
D
  3
ACAD_MATERIAL
350
E
  3
ACAD_MLEADERSTYLE
350
F
  3
ACAD_MLINESTYLE
350
10
  3
ACAD_PLOTSETTINGS
350
11
  3
ACAD_PLOTSTYLENAME
350
12
  3
ACAD_SCALELIST
350
14
  3
ACAD_TABLESTYLE
350
15
  3
ACAD_VISUALSTYLE
350
16
  3
EZDXF_META
350
2D
  0
DICTIONARY
  5
B
330
A
100
AcDbDictionary
281
1
  0
DICTIONARY
  5
C
330
A
100
AcDbDictionary
281
1
  0
DICTIONARY
  5
D
330
A
100
AcDbDictionary
281
1
  3
Model
350
1A
  3
Layout1
350
1E
  0
DICTIONARY
  5
E
330
A
100
AcDbDictionary
281
1
  3
ByBlock
350
1F
  3
ByLayer
350
20
  3
Global
350
21
  0
DICTIONARY
  5
F
330
A
100
AcDbDictionary
281
1
  3
Standard
350
2C
  0
DICTIONARY
  5
10
330
A
100
AcDbDictionary
281
1
  3
Standard
350
22
  0
DICTIONARY
  5
11
330
A
100
AcDbDictionary
281
1
  0
ACDBDICTIONARYWDFLT
  5
12
330
A
100
AcDbDictionary
281
1
  3
Normal
350
13
100
AcDbDictionaryWithDefault
340
13
  0
ACDBPLACEHOLDER
  5
13
330
12
  0
DICTIONARY
  5
14
330
A
100
AcDbDictionary
281
1
  0
DICTIONARY
  5
15
330
A
100
AcDbDictionary
281
1
  0
DICTIONARY
  5
16
330
A
100
AcDbDictionary
281
1
  3
2dWireframe
350
5A
  3
Basic
350
5B
  3
Brighten
350
5C
  3
ColorChange
350
5D
  3
Conceptual
350
5E
  3
Dim
350
5F
  3
EdgeColorOff
350
60
  3
Facepattern
350
61
  3
Flat
350
62
  3
FlatWithEdges
350
63
  3
Gouraud
350
64
  3
GouraudWithEdges
350
65
  3
Hidden
350
66
  3
JitterOff
350
67
  3
Linepattern
350
68
  3
Modeling
350
69
  3
OverhangOff
350
6A
  3
Realistic
350
6B
  3
Shaded
350
6C
  3
Shaded with edges
350
6D
  3
Shades of Gray
350
6E
  3
Sketchy
350
6F
  3
Thicken
350
70
  3
Wireframe
350
71
  3
X-Ray
350
72
  0
LAYOUT
  5
1A
330
D
100
AcDbPlotSettings
  1

  4
A3
  6

 40
7.5
 41
20.0
 42
7.5
 43
20.0
 44
420.0
 45
297.0
 46
0.0
 47
0.0
 48
0.0
 49
0.0
140
0.0
141
0.0
142
1.0
143
1.0
 70
1024
 72
1
 73
0
 74
5
  7

 75
16
 76
0
 77
2
 78
300
147
1.0
148
0.0
149
0.0
100
AcDbLayout
  1
Model
 70
1
 71
0
 10
0.0
 20
0.0
 11
420.0
 21
297.0
 12
0.0
 22
0.0
 32
0.0
 14
1e+20
 24
1e+20
 34
1e+20
 15
-1e+20
 25
-1e+20
 35
-1e+20
146
0.0
 13
0.0
 23
0.0
 33
0.0
 16
1.0
 26
0.0
 36
0.0
 17
0.0
 27
1.0
 37
0.0
 76
1
330
17
  0
LAYOUT
  5
1E
330
D
100
AcDbPlotSettings
  1

  4
A3
  6

 40
7.5
 41
20.0
 42
7.5
 43
20.0
 44
420.0
 45
297.0
 46
0.0
 47
0.0
 48
0.0
 49
0.0
140
0.0
141
0.0
142
1.0
143
1.0
 70
0
 72
1
 73
0
 74
5
  7

 75
16
 76
0
 77
2
 78
300
147
1.0
148
0.0
149
0.0
100
AcDbLayout
  1
Layout1
 70
1
 71
1
 10
0.0
 20
0.0
 11
420.0
 21
297.0
 12
0.0
 22
0.0
 32
0.0
 14
1e+20
 24
1e+20
 34
1e+20
 15
-1e+20
 25
-1e+20
 35
-1e+20
146
0.0
 13
0.0
 23
0.0
 33
0.0
 16
1.0
 26
0.0
 36
0.0
 17
0.0
 27
1.0
 37
0.0
 76
1
330
1B
  0
MATERIAL
  5
1F
102
{ACAD_REACTORS
330
E
102
}
330
E
100
AcDbMaterial
  1
ByBlock
  2

 70
0
 40
1.0
 71
1
 41
1.0
 91
-1023410177
 42
1.0
 72
1
  3

 73
1
 74
1
 75
1
 44
0.5
 73
0
 45
1.0
 46
1.0
 77
1
  4

 78
1
 79
1
170
1
 48
1.0
171
1
  6

172
1
173
1
174
1
140
1.0
141
1.0
175
1
  7

176
1
177
1
178
1
143
1.0
179
1
  8

270
1
271
1
272
1
145
1.0
146
1.0
273
1
  9

274
1
275
1
276
1
 42
1.0
 72
1
  3

 73
1
 74
1
 75
1
 94
63
  0
MATERIAL
  5
20
102
{ACAD_REACTORS
330
E
102
}
330
E
100
AcDbMaterial
  1
ByLayer
  2

 70
0
 40
1.0
 71
1
 41
1.0
 91
-1023410177
 42
1.0
 72
1
  3

 73
1
 74
1
 75
1
 44
0.5
 73
0
 45
1.0
 46
1.0
 77
1
  4

 78
1
 79
1
170
1
 48
1.0
171
1
  6

172
1
173
1
174
1
140
1.0
141
1.0
175
1
  7

176
1
177
1
178
1
143
1.0
179
1
  8

270
1
271
1
272
1
145
1.0
146
1.0
273
1
  9

274
1
275
1
276
1
 42
1.0
 72
1
  3

 73
1
 74
1
 75
1
 94
63
  0
MATERIAL
  5
21
102
{ACAD_REACTORS
330
E
102
}
330
E
100
AcDbMaterial
  1
Global
  2

 70
0
 40
1.0
 71
1
 41
1.0
 91
-1023410177
 42
1.0
 72
1
  3

 73
1
 74
1
 75
1
 44
0.5
 73
0
 45
1.0
 46
1.0
 77
1
  4

 78
1
 79
1
170
1
 48
1.0
171
1
  6

172
1
173
1
174
1
140
1.0
141
1.0
175
1
  7

176
1
177
1
178
1
143
1.0
179
1
  8

270
1
271
1
272
1
145
1.0
146
1.0
273
1
  9

274
1
275
1
276
1
 42
1.0
 72
1
  3

 73
1
 74
1
 75
1
 94
63
  0
MLINESTYLE
  5
22
102
{ACAD_REACTORS
330
10
102
}
330
10
100
AcDbMlineStyle
  2
Standard
 70
0
  3

 62
256
 51
90.0
 52
90.0
 71
2
 49
0.5
 62
256
  6
BYLAYER
 49
-0.5
 62
256
  6
BYLAYER
  0
MLEADERSTYLE
  5
2C
102
{ACAD_REACTORS
330
F
102
}
330
F
100
AcDbMLeaderStyle
179
2
170
2
171
1
172
0
 90
2
 40
0.0
 41
0.0
173
1
 91
-1056964608
 92
-2
290
1
 42
2.0
291
1
 43
8.0
  3
Standard
 44
4.0
300

342
29
174
1
175
1
176
0
178
1
 93
-1056964608
 45
4.0
292
0
297
0
 46
4.0
 94
-1056964608
 47
1.0
 49
1.0
140
1.0
294
1
141
0.0
177
0
142
1.0
295
0
296
0
143
3.75
271
0
272
9
273
9
  0
DICTIONARY
  5
2D
330
A
100
AcDbDictionary
280
1
281
1
  3
CREATED_BY_EZDXF
350
2E
  3
WRITTEN_BY_EZDXF
350
597
  0
DICTIONARYVAR
  5
2E
330
2D
100
DictionaryVariables
280
0
  1
1.4.4 @ 2026-09-19T23:29:01.429827+00:00
  0
VISUALSTYLE
  5
5A
102
{ACAD_REACTORS
330
16
102
}
330
16
100
AcDbVisualStyle
  2
2dWireframe
 70
4
 90
0
 40
0.6
 62
7
290
0
291
0
  0
VISUALSTYLE
  5
5B
102
{ACAD_REACTORS
330
16
102
}
330
16
100
AcDbVisualStyle
  2
Basic
 70
7
 90
1
 40
0.6
 62
7
290
0
291
1
  0
VISUALSTYLE
  5
5C
102
{ACAD_REACTORS
330
16
102
}
330
16
100
AcDbVisualStyle
  2
Brighten
 70
12
 90
2
 40
0.6
 62
7
290
0
291
1
  0
VISUALSTYLE
  5
5D
102
{ACAD_REACTORS
330
16
102
}
330
16
100
AcDbVisualStyle
  2
ColorChange
 70
16
 90
2
 40
0.6
 62
8
290
0
291
1
  0
VISUALSTYLE
  5
5E
102
{ACAD_REACTORS
330
16
102
}
330
16
100
AcDbVisualStyle
  2
Conceptual
 70
9
 90
3
 40
0.6
 62
7
290
0
291
0
  0
VISUALSTYLE
  5
5F
102
{ACAD_REACTORS
330
16
102
}
330
16
100
AcDbVisualStyle
  2
Dim
 70
11
 90
2
 40
0.6
 62
7
290
0
291
1
  0
VISUALSTYLE
  5
60
102
{ACAD_REACTORS
330
16
102
}
330
16
100
AcDbVisualStyle
  2
EdgeColorOff
 70
22
 90
2
 40
0.6
 62
7
290
0
291
1
  0
VISUALSTYLE
  5
61
102
{ACAD_REACTORS
330
16
102
}
330
16
100
AcDbVisualStyle
  2
Facepattern
 70
15
 90
2
 40
0.6
 62
7
290
0
291
1
  0
VISUALSTYLE
  5
62
102
{ACAD_REACTORS
330
16
102
}
330
16
100
AcDbVisualStyle
  2
Flat
 70
0
 90
2
 40
0.6
 62
7
290
0
291
1
  0
VISUALSTYLE
  5
63
102
{ACAD_REACTORS
330
16
102
}
330
16
100
AcDbVisualStyle
  2
FlatWithEdges
 70
1
 90
2
 40
0.6
 62
7
290
0
291
1
  0
VISUALSTYLE
  5
64
102
{ACAD_REACTORS
330
16
102
}
330
16
100
AcDbVisualStyle
  2
Gouraud
 70
2
 90
2
 40
0.6
 62
7
290
0
291
1
  0
VISUALSTYLE
  5
65
102
{ACAD_REACTORS
330
16
102
}
330
16
100
AcDbVisualStyle
  2
GouraudWithEdges
 70
3
 90
2
 40
0.6
 62
7
290
0
291
1
  0
VISUALSTYLE
  5
66
102
{ACAD_REACTORS
330
16
102
}
330
16
100
AcDbVisualStyle
  2
Hidden
 70
6
 90
1
 40
0.6
 62
7
290
0
291
0
  0
VISUALSTYLE
  5
67
102
{ACAD_REACTORS
330
16
102
}
330
16
100
AcDbVisualStyle
  2
JitterOff
 70
20
 90
2
 40
0.6
 62
7
290
0
291
1
  0
VISUALSTYLE
  5
68
102
{ACAD_REACTORS
330
16
102
}
330
16
100
AcDbVisualStyle
  2
Linepattern
 70
14
 90
2
 40
0.6
 62
7
290
0
291
1
  0
VISUALSTYLE
  5
69
102
{ACAD_REACTORS
330
16
102
}
330
16
100
AcDbVisualStyle
  2
Modeling
 70
10
 90
2
 40
0.6
 62
7
290
0
291
0
  0
VISUALSTYLE
  5
6A
102
{ACAD_REACTORS
330
16
102
}
330
16
100
AcDbVisualStyle
  2
OverhangOff
 70
21
 90
2
 40
0.6
 62
7
290
0
291
1
  0
VISUALSTYLE
  5
6B
102
{ACAD_REACTORS
330
16
102
}
330
16
100
AcDbVisualStyle
  2
Realistic
 70
8
 90
2
 40
0.6
 62
7
290
0
291
0
  0
VISUALSTYLE
  5
6C
102
{ACAD_REACTORS
330
16
102
}
330
16
100
AcDbVisualStyle
  2
Shaded
 70
27
 90
2
 40
0.6
 62
7
290
0
291
0
  0
VISUALSTYLE
  5
6D
102
{ACAD_REACTORS
330
16
102
}
330
16
100
AcDbVisualStyle
  2
Shaded with edges
 70
26
 90
2
 40
0.6
 62
7
290
0
291
0
  0
VISUALSTYLE
  5
6E
102
{ACAD_REACTORS
330
16
102
}
330
16
100
AcDbVisualStyle
  2
Shades of Gray
 70
23
 90
2
 40
0.6
 62
7
290
0
291
0
  0
VISUALSTYLE
  5
6F
102
{ACAD_REACTORS
330
16
102
}
330
16
100
AcDbVisualStyle
  2
Sketchy
 70
24
 90
1
 40
0.6
 62
7
290
0
291
0
  0
VISUALSTYLE
  5
70
102
{ACAD_REACTORS
330
16
102
}
330
16
100
AcDbVisualStyle
  2
Thicken
 70
13
 90
2
 40
0.6
 62
7
290
0
291
1
  0
VISUALSTYLE
  5
71
102
{ACAD_REACTORS
330
16
102
}
330
16
100
AcDbVisualStyle
  2
Wireframe
 70
5
 90
0
 40
0.6
 62
7
290
0
291
0
  0
VISUALSTYLE
  5
72
102
{ACAD_REACTORS
330
16
102
}
330
16
100
AcDbVisualStyle
  2
X-Ray
 70
25
 90
2
 40
0.5
 62
7
290
0
291
0
  0
DICTIONARYVAR
  5
597
330
2D
100
DictionaryVariables
280
0
  1
1.4.4 @ 2026-09-19T23:29:01.476386+00:00
  0
ENDSEC
  0
EOF
