  0
SECTION
  2
HEADER
  9
$ACADVER
  1
AC1024
  9
$ACADMAINTVER
 70
6
  9
$DWGCODEPAGE
  3
ANSI_1252
  9
$LASTSAVEDBY
  1
ezdxf
  9
$INSBASE
 10
0.0
 20
0.0
 30
0.0
  9
$EXTMIN
 10
1e+20
 20
1e+20
 30
1e+20
  9
$EXTMAX
 10
-1e+20
 20
-1e+20
 30
-1e+20
  9
$LIMMIN
 10
0.0
 20
0.0
  9
$LIMMAX
 10
420.0
 20
297.0
  9
$ORTHOMODE
 70
0
  9
$REGENMODE
 70
1
  9
$FILLMODE
 70
1
  9
$QTEXTMODE
 70
0
  9
$MIRRTEXT
 70
1
  9
$LTSCALE
 40
1.0
  9
$ATTMODE
 70
1
  9
$TEXTSIZE
 40
2.5
  9
$TRACEWID
 40
1.0
  9
$TEXTSTYLE
  7
OpenSans
  9
$CLAYER
  8
0
  9
$CELTYPE
  6
ByLayer
  9
$CECOLOR
 62
256
  9
$CELTSCALE
 40
1.0
  9
$DISPSILH
 70
0
  9
$DIMSCALE
 40
1.0
  9
$DIMASZ
 40
0.175
  9
$DIMEXO
 40
0.125
  9
$DIMDLI
 40
3.75
  9
$DIMRND
 40
0.0
  9
$DIMDLE
 40
0.0
  9
$DIMEXE
 40
0.375
  9
$DIMTP
 40
0.0
  9
$DIMTM
 40
0.0
  9
$DIMTXT
 40
0.25
  9
$DIMCEN
 40
2.5
  9
$DIMTSZ
 40
0.0
  9
$DIMTOL
 70
0
  9
$DIMLIM
 70
0
  9
$DIMTIH
 70
0
  9
$DIMTOH
 70
0
  9
$DIMSE1
 70
0
  9
$DIMSE2
 70
0
  9
$DIMTAD
 70
1
  9
$DIMZIN
 70
12
  9
$DIMBLK
  1
ARCHTICK
  9
$DIMASO
 70
1
  9
$DIMSHO
 70
1
  9
$DIMPOST
  1

  9
$DIMAPOST
  1

  9
$DIMALT
 70
0
  9
$DIMALTD
 70
3
  9
$DIMALTF
 40
0.03937007874
  9
$DIMLFAC
 40
100.0
  9
$DIMTOFL
 70
1
  9
$DIMTVP
 40
0.0
  9
$DIMTIX
 70
0
  9
$DIMSOXD
 70
0
  9
$DIMSAH
 70
0
  9
$DIMBLK1
  1

  9
$DIMBLK2
  1

  9
$DIMSTYLE
  2
EZDXF
  9
$DIMCLRD
 70
0
  9
$DIMCLRE
 70
0
  9
$DIMCLRT
 70
0
  9
$DIMTFAC
 40
0.5
  9
$DIMGAP
 40
0.1
  9
$DIMJUST
 70
0
  9
$DIMSD1
 70
0
  9
$DIMSD2
 70
0
  9
$DIMTOLJ
 70
0
  9
$DIMTZIN
 70
8
  9
$DIMALTZ
 70
0
  9
$DIMALTTZ
 70
0
  9
$DIMUPT
 70
1
  9
$DIMDEC
 70
2
  9
$DIMTDEC
 70
2
  9
$DIMALTU
 70
2
  9
$DIMALTTD
 70
3
  9
$DIMTXSTY
  7
OpenSansCondensed-Light
  9
$DIMAUNIT
 70
0
  9
$DIMADEC
 70
2
  9
$DIMALTRND
 40
0.0
  9
$DIMAZIN
 70
3
  9
$DIMDSEP
 70
46
  9
$DIMATFIT
 70
3
  9
$DIMFRAC
 70
0
  9
$DIMLDRBLK
  1

  9
$DIMLUNIT
 70
2
  9
$DIMLWD
 70
-2
  9
$DIMLWE
 70
-2
  9
$DIMTMOVE
 70
2
  9
$DIMFXL
 40
1.0
  9
$DIMFXLON
 70
0
  9
$DIMJOGANG
 40
0.785398163397
  9
$DIMTFILL
 70
0
  9
$DIMTFILLCLR
 70
0
  9
$DIMARCSYM
 70
0
  9
$DIMLTYPE
  6

  9
$DIMLTEX1
  6

  9
$DIMLTEX2
  6

  9
$DIMTXTDIRECTION
 70
0
  9
$LUNITS
 70
2
  9
$LUPREC
 70
4
  9
$SKETCHINC
 40
1.0
  9
$FILLETRAD
 40
10.0
  9
$AUNITS
 70
0
  9
$AUPREC
 70
2
  9
$MENU
  1
.
  9
$ELEVATION
 40
0.0
  9
$PELEVATION
 40
0.0
  9
$THICKNESS
 40
0.0
  9
$LIMCHECK
 70
0
  9
$CHAMFERA
 40
0.0
  9
$CHAMFERB
 40
0.0
  9
$CHAMFERC
 40
0.0
  9
$CHAMFERD
 40
0.0
  9
$SKPOLY
 70
0
  9
$TDCREATE
 40
2461303.6868287036
  9
$TDUCREATE
 40
2458532.153996898
  9
$TDUPDATE
 40
2461303.6868287036
  9
$TDUUPDATE
 40
2458532.1544311
  9
$TDINDWG
 40
0.0
  9
$TDUSRTIMER
 40
0.0
  9
$USRTIMER
 70
1
  9
$ANGBASE
 50
0.0
  9
$ANGDIR
 70
0
  9
$PDMODE
 70
0
  9
$PDSIZE
 40
0.0
  9
$PLINEWID
 40
0.0
  9
$SPLFRAME
 70
0
  9
$SPLINETYPE
 70
6
  9
$SPLINESEGS
 70
8
  9
$HANDSEED
  5
588
  9
$SURFTAB1
 70
6
  9
$SURFTAB2
 70
6
  9
$SURFTYPE
 70
6
  9
$SURFU
 70
6
  9
$SURFV
 70
6
  9
$UCSBASE
  2

  9
$UCSNAME
  2

  9
$UCSORG
 10
0.0
 20
0.0
 30
0.0
  9
$UCSXDIR
 10
1.0
 20
0.0
 30
0.0
  9
$UCSYDIR
 10
0.0
 20
1.0
 30
0.0
  9
$UCSORTHOREF
  2

  9
$UCSORTHOVIEW
 70
0
  9
$UCSORGTOP
 10
0.0
 20
0.0
 30
0.0
  9
$UCSORGBOTTOM
 10
0.0
 20
0.0
 30
0.0
  9
$UCSORGLEFT
 10
0.0
 20
0.0
 30
0.0
  9
$UCSORGRIGHT
 10
0.0
 20
0.0
 30
0.0
  9
$UCSORGFRONT
 10
0.0
 20
0.0
 30
0.0
  9
$UCSORGBACK
 10
0.0
 20
0.0
 30
0.0
  9
$PUCSBASE
  2

  9
$PUCSNAME
  2

  9
$PUCSORG
 10
0.0
 20
0.0
 30
0.0
  9
$PUCSXDIR
 10
1.0
 20
0.0
 30
0.0
  9
$PUCSYDIR
 10
0.0
 20
1.0
 30
0.0
  9
$PUCSORTHOREF
  2

  9
$PUCSORTHOVIEW
 70
0
  9
$PUCSORGTOP
 10
0.0
 20
0.0
 30
0.0
  9
$PUCSORGBOTTOM
 10
0.0
 20
0.0
 30
0.0
  9
$PUCSORGLEFT
 10
0.0
 20
0.0
 30
0.0
  9
$PUCSORGRIGHT
 10
0.0
 20
0.0
 30
0.0
  9
$PUCSORGFRONT
 10
0.0
 20
0.0
 30
0.0
  9
$PUCSORGBACK
 10
0.0
 20
0.0
 30
0.0
  9
$USERI1
 70
0
  9
$USERI2
 70
0
  9
$USERI3
 70
0
  9
$USERI4
 70
0
  9
$USERI5
 70
0
  9
$USERR1
 40
0.0
  9
$USERR2
 40
0.0
  9
$USERR3
 40
0.0
  9
$USERR4
 40
0.0
  9
$USERR5
 40
0.0
  9
$WORLDVIEW
 70
1
  9
$SHADEDGE
 70
3
  9
$SHADEDIF
 70
70
  9
$TILEMODE
 70
1
  9
$MAXACTVP
 70
64
  9
$PINSBASE
 10
0.0
 20
0.0
 30
0.0
  9
$PLIMCHECK
 70
0
  9
$PEXTMIN
 10
1e+20
 20
1e+20
 30
1e+20
  9
$PEXTMAX
 10
-1e+20
 20
-1e+20
 30
-1e+20
  9
$PLIMMIN
 10
0.0
 20
0.0
  9
$PLIMMAX
 10
420.0
 20
297.0
  9
$UNITMODE
 70
0
  9
$VISRETAIN
 70
1
  9
$PLINEGEN
 70
0
  9
$PSLTSCALE
 70
1
  9
$TREEDEPTH
 70
3020
  9
$CMLSTYLE
  2
Standard
  9
$CMLJUST
 70
0
  9
$CMLSCALE
 40
20.0
  9
$PROXYGRAPHICS
 70
1
  9
$MEASUREMENT
 70
1
  9
$CELWEIGHT
370
-1
  9
$ENDCAPS
280
0
  9
$JOINSTYLE
280
0
  9
$LWDISPLAY
290
0
  9
$INSUNITS
 70
1
  9
$HYPERLINKBASE
  1

  9
$STYLESHEET
  1

  9
$XEDIT
290
1
  9
$CEPSNTYPE
380
0
  9
$PSTYLEMODE
290
1
  9
$FINGERPRINTGUID
  2
{AB84D545-6EB4-42B6-BC46-FFBFD51CFA32}
  9
$VERSIONGUID
  2
{BAFB1703-ED7E-40BF-BAE5-AA63286F39DE}
  9
$EXTNAMES
290
1
  9
$PSVPSCALE
 40
0.0
  9
$OLESTARTUP
290
0
  9
$SORTENTS
280
127
  9
$INDEXCTL
280
0
  9
$HIDETEXT
280
1
  9
$XCLIPFRAME
280
1
  9
$HALOGAP
280
0
  9
$OBSCOLOR
 70
257
  9
$OBSLTYPE
280
0
  9
$INTERSECTIONDISPLAY
280
0
  9
$INTERSECTIONCOLOR
 70
257
  9
$DIMASSOC
280
2
  9
$PROJECTNAME
  1

  9
$CAMERADISPLAY
290
0
  9
$LENSLENGTH
 40
50.0
  9
$CAMERAHEIGHT
 40
0.0
  9
$STEPSPERSEC
 40
24.0
  9
$STEPSIZE
 40
100.0
  9
$3DDWFPREC
 40
2.0
  9
$PSOLWIDTH
 40
0.005
  9
$PSOLHEIGHT
 40
0.08
  9
$LOFTANG1
 40
1.570796326795
  9
$LOFTANG2
 40
1.570796326795
  9
$LOFTMAG1
 40
0.0
  9
$LOFTMAG2
 40
0.0
  9
$LOFTPARAM
 70
7
  9
$LOFTNORMALS
280
1
  9
$LATITUDE
 40
37.795
  9
$LONGITUDE
 40
-122.394
  9
$NORTHDIRECTION
 40
0.0
  9
$TIMEZONE
 70
-8000
  9
$LIGHTGLYPHDISPLAY
280
1
  9
$TILEMODELIGHTSYNCH
280
1
  9
$CMATERIAL
347
20
  9
$SOLIDHIST
280
0
  9
$SHOWHIST
280
1
  9
$DWFFRAME
280
2
  9
$DGNFRAME
280
2
  9
$REALWORLDSCALE
290
1
  9
$INTERFERECOLOR
 62
256
  9
$CSHADOW
280
0
  9
$SHADOWPLANELOCATION
 40
0.0
  0
ENDSEC
  0
SECTION
  2
CLASSES
  0
CLASS
  1
ACDBDICTIONARYWDFLT
  2
AcDbDictionaryWithDefault
  3
ObjectDBX Classes
 90
0
 91
0
280
0
281
0
  0
CLASS
  1
SUN
  2
AcDbSun
  3
SCENEOE
 90
1153
 91
0
280
0
281
0
  0
CLASS
  1
VISUALSTYLE
  2
AcDbVisualStyle
  3
ObjectDBX Classes
 90
4095
 91
0
280
0
281
0
  0
CLASS
  1
MATERIAL
  2
AcDbMaterial
  3
ObjectDBX Classes
 90
1153
 91
0
280
0
281
0
  0
CLASS
  1
SCALE
  2
AcDbScale
  3
ObjectDBX Classes
 90
1153
 91
0
280
0
281
0
  0
CLASS
  1
TABLESTYLE
  2
AcDbTableStyle
  3
ObjectDBX Classes
 90
4095
 91
0
280
0
281
0
  0
CLASS
  1
MLEADERSTYLE
  2
AcDbMLeaderStyle
  3
ACDB_MLEADERSTYLE_CLASS
 90
4095
 91
0
280
0
281
0
  0
CLASS
  1
DICTIONARYVAR
  2
AcDbDictionaryVar
  3
ObjectDBX Classes
 90
0
 91
0
280
0
281
0
  0
CLASS
  1
CELLSTYLEMAP
  2
AcDbCellStyleMap
  3
ObjectDBX Classes
 90
1152
 91
0
280
0
281
0
  0
CLASS
  1
MENTALRAYRENDERSETTINGS
  2
AcDbMentalRayRenderSettings
  3
SCENEOE
 90
1024
 91
0
280
0
281
0
  0
CLASS
  1
ACDBDETAILVIEWSTYLE
  2
AcDbDetailViewStyle
  3
ObjectDBX Classes
 90
1025
 91
0
280
0
281
0
  0
CLASS
  1
ACDBSECTIONVIEWSTYLE
  2
AcDbSectionViewStyle
  3
ObjectDBX Classes
 90
1025
 91
0
280
0
281
0
  0
CLASS
  1
RASTERVARIABLES
  2
AcDbRasterVariables
  3
ISM
 90
0
 91
0
280
0
281
0
  0
CLASS
  1
ACDBPLACEHOLDER
  2
AcDbPlaceHolder
  3
ObjectDBX Classes
 90
0
 91
0
280
0
281
0
  0
CLASS
  1
LAYOUT
  2
AcDbLayout
  3
ObjectDBX Classes
 90
0
 91
0
280
0
281
0
  0
ENDSEC
  0
SECTION
  2
TABLES
  0
TABLE
  2
VPORT
  5
8
330
0
100
AcDbSymbolTable
 70
1
  0
VPORT
  5
23
330
8
100
AcDbSymbolTableRecord
100
AcDbViewportTableRecord
  2
*Active
 70
0
 10
0.0
 20
0.0
 11
1.0
 21
1.0
 12
0.0
 22
0.0
 13
0.0
 23
0.0
 14
0.5
 24
0.5
 15
0.5
 25
0.5
 16
0.0
 26
0.0
 36
1.0
 17
0.0
 27
0.0
 37
0.0
 40
1000.0
 41
1.34
 42
50.0
 43
0.0
 44
0.0
 50
0.0
 51
0.0
 71
0
 72
1000
 73
1
 74
3
 75
0
 76
0
 77
0
 78
0
281
0
 65
0
146
0.0
  0
ENDTAB
  0
TABLE
  2
LTYPE
  5
2
330
0
100
AcDbSymbolTable
 70
21
  0
LTYPE
  5
24
330
2
100
AcDbSymbolTableRecord
100
AcDbLinetypeTableRecord
  2
ByBlock
 70
0
  3

 72
65
 73
0
 40
0.0
  0
LTYPE
  5
25
330
2
100
AcDbSymbolTableRecord
100
AcDbLinetypeTableRecord
  2
ByLayer
 70
0
  3

 72
65
 73
0
 40
0.0
  0
LTYPE
  5
26
330
2
100
AcDbSymbolTableRecord
100
AcDbLinetypeTableRecord
  2
Continuous
 70
0
  3

 72
65
 73
0
 40
0.0
  0
LTYPE
  5
2F
330
2
100
AcDbSymbolTableRecord
100
AcDbLinetypeTableRecord
  2
CENTER
 70
0
  3
Center ____ _ ____ _ ____ _ ____ _ ____ _ ____
 72
65
 73
4
 40
5.08
 49
3.175
 74
0
 49
-0.635
 74
0
 49
0.635
 74
0
 49
-0.635
 74
0
  0
LTYPE
  5
30
330
2
100
AcDbSymbolTableRecord
100
AcDbLinetypeTableRecord
  2
CENTERX2
 70
0
  3
Center (2x) ________  __  ________  __  ________
 72
65
 73
4
 40
8.89
 49
6.35
 74
0
 49
-0.635
 74
0
 49
1.27
 74
0
 49
-0.635
 74
0
  0
LTYPE
  5
31
330
2
100
AcDbSymbolTableRecord
100
AcDbLinetypeTableRecord
  2
CENTER2
 70
0
  3
Center (.5x) ____ _ ____ _ ____ _ ____ _ ____
 72
65
 73
4
 40
2.54
 49
1.587
 74
0
 49
-0.318
 74
0
 49
0.318
 74
0
 49
-0.318
 74
0
  0
LTYPE
  5
32
330
2
100
AcDbSymbolTableRecord
100
AcDbLinetypeTableRecord
  2
DASHED
 70
0
  3
Dashed __ __ __ __ __ __ __ __ __ __ __ __ __ _
 72
65
 73
2
 40
1.524
 49
1.27
 74
0
 49
-0.254
 74
0
  0
LTYPE
  5
33
330
2
100
AcDbSymbolTableRecord
100
AcDbLinetypeTableRecord
  2
DASHEDX2
 70
0
  3
Dashed (2x) ____  ____  ____  ____  ____  ____
 72
65
 73
2
 40
3.048
 49
2.54
 74
0
 49
-0.508
 74
0
  0
LTYPE
  5
34
330
2
100
AcDbSymbolTableRecord
100
AcDbLinetypeTableRecord
  2
DASHED2
 70
0
  3
Dashed (.5x) _ _ _ _ _ _ _ _ _ _ _ _ _ _
 72
65
 73
2
 40
0.762
 49
0.635
 74
0
 49
-0.127
 74
0
  0
LTYPE
  5
35
330
2
100
AcDbSymbolTableRecord
100
AcDbLinetypeTableRecord
  2
PHANTOM
 70
0
  3
Phantom ______  __  __  ______  __  __  ______
 72
65
 73
6
 40
6.35
 49
3.175
 74
0
 49
-0.635
 74
0
 49
0.635
 74
0
 49
-0.635
 74
0
 49
0.635
 74
0
 49
-0.635
 74
0
  0
LTYPE
  5
36
330
2
100
AcDbSymbolTableRecord
100
AcDbLinetypeTableRecord
  2
PHANTOMX2
 70
0
  3
Phantom (2x)____________    ____    ____    ____________
 72
65
 73
6
 40
10.795
 49
6.35
 74
0
 49
-0.635
 74
0
 49
1.27
 74
0
 49
-0.635
 74
0
 49
1.27
 74
0
 49
-0.635
 74
0
  0
LTYPE
  5
37
330
2
100
AcDbSymbolTableRecord
100
AcDbLinetypeTableRecord
  2
PHANTOM2
 70
0
  3
Phantom (.5x) ___ _ _ ___ _ _ ___ _ _ ___ _ _ ___
 72
65
 73
6
 40
3.175
 49
1.587
 74
0
 49
-0.318
 74
0
 49
0.318
 74
0
 49
-0.318
 74
0
 49
0.318
 74
0
 49
-0.318
 74
0
  0
LTYPE
  5
38
330
2
100
AcDbSymbolTableRecord
100
AcDbLinetypeTableRecord
  2
DASHDOT
 70
0
  3
Dash dot __ . __ . __ . __ . __ . __ . __ . __
 72
65
 73
4
 40
3.556
 49
2.54
 74
0
 49
-0.508
 74
0
 49
0.0
 74
0
 49
-0.508
 74
0
  0
LTYPE
  5
39
330
2
100
AcDbSymbolTableRecord
100
AcDbLinetypeTableRecord
  2
DASHDOTX2
 70
0
  3
Dash dot (2x) ____  .  ____  .  ____  .  ____
 72
65
 73
4
 40
6.096
 49
5.08
 74
0
 49
-0.508
 74
0
 49
0.0
 74
0
 49
-0.508
 74
0
  0
LTYPE
  5
3A
330
2
100
AcDbSymbolTableRecord
100
AcDbLinetypeTableRecord
  2
DASHDOT2
 70
0
  3
Dash dot (.5x) _ . _ . _ . _ . _ . _ . _ . _
 72
65
 73
4
 40
1.778
 49
1.27
 74
0
 49
-0.254
 74
0
 49
0.0
 74
0
 49
-0.254
 74
0
  0
LTYPE
  5
3B
330
2
100
AcDbSymbolTableRecord
100
AcDbLinetypeTableRecord
  2
DOT
 70
0
  3
Dot .  .  .  .  .  .  .  .  .  .  .  .  .  .  .  .
 72
65
 73
2
 40
0.508
 49
0.0
 74
0
 49
-0.508
 74
0
  0
LTYPE
  5
3C
330
2
100
AcDbSymbolTableRecord
100
AcDbLinetypeTableRecord
  2
DOTX2
 70
0
  3
Dot (2x) .    .    .    .    .    .    .    . 
 72
65
 73
2
 40
1.016
 49
0.0
 74
0
 49
-1.016
 74
0
  0
LTYPE
  5
3D
330
2
100
AcDbSymbolTableRecord
100
AcDbLinetypeTableRecord
  2
DOT2
 70
0
  3
Dot (.5) . . . . . . . . . . . . . . . . . . . 
 72
65
 73
2
 40
0.254
 49
0.0
 74
0
 49
-0.254
 74
0
  0
LTYPE
  5
3E
330
2
100
AcDbSymbolTableRecord
100
AcDbLinetypeTableRecord
  2
DIVIDE
 70
0
  3
Divide __ . . __ . . __ . . __ . . __ . . __
 72
65
 73
6
 40
4.064
 49
2.54
 74
0
 49
-0.508
 74
0
 49
0.0
 74
0
 49
-0.508
 74
0
 49
0.0
 74
0
 49
-0.508
 74
0
  0
LTYPE
  5
3F
330
2
100
AcDbSymbolTableRecord
100
AcDbLinetypeTableRecord
  2
DIVIDEX2
 70
0
  3
Divide (2x) ____  . .  ____  . .  ____  . .  ____
 72
65
 73
6
 40
6.604
 49
5.08
 74
0
 49
-0.508
 74
0
 49
0.0
 74
0
 49
-0.508
 74
0
 49
0.0
 74
0
 49
-0.508
 74
0
  0
LTYPE
  5
40
330
2
100
AcDbSymbolTableRecord
100
AcDbLinetypeTableRecord
  2
DIVIDE2
 70
0
  3
Divide(.5x) _ . _ . _ . _ . _ . _ . _ . _
 72
65
 73
6
 40
2.032
 49
1.27
 74
0
 49
-0.254
 74
0
 49
0.0
 74
0
 49
-0.254
 74
0
 49
0.0
 74
0
 49
-0.254
 74
0
  0
ENDTAB
  0
TABLE
  2
LAYER
  5
1
330
0
100
AcDbSymbolTable
 70
4
  0
LAYER
  5
27
330
1
100
AcDbSymbolTableRecord
100
AcDbLayerTableRecord
  2
0
 70
0
 62
7
  6
Continuous
370
-3
390
13
347
21
  0
LAYER
  5
28
330
1
100
AcDbSymbolTableRecord
100
AcDbLayerTableRecord
  2
Defpoints
 70
0
 62
7
  6
Continuous
290
0
370
-3
390
13
347
21
  0
LAYER
  5
8A
330
1
100
AcDbSymbolTableRecord
100
AcDbLayerTableRecord
  2
PROFILE
 70
0
 62
1
  6
Continuous
370
-3
390
13
347
21
  0
LAYER
  5
8B
330
1
100
AcDbSymbolTableRecord
100
AcDbLayerTableRecord
  2
SLOTS
 70
0
 62
3
  6
Continuous
370
-3
390
13
347
21
  0
ENDTAB
  0
TABLE
  2
STYLE
  5
5
330
0
100
AcDbSymbolTable
 70
26
  0
STYLE
  5
29
330
5
100
AcDbSymbolTableRecord
100
AcDbTextStyleTableRecord
  2
Standard
 70
0
 40
0.0
 41
1.0
 50
0.0
 71
0
 42
2.5
  3
txt
  4

  0
STYLE
  5
41
330
5
100
AcDbSymbolTableRecord
100
AcDbTextStyleTableRecord
  2
OpenSans-Light
 70
0
 40
0.0
 41
1.0
 50
0.0
 71
0
 42
2.5
  3
OpenSans-Light.ttf
  4

  0
STYLE
  5
42
330
5
100
AcDbSymbolTableRecord
100
AcDbTextStyleTableRecord
  2
OpenSans-Light-Italic
 70
0
 40
0.0
 41
1.0
 50
0.0
 71
0
 42
2.5
  3
OpenSans-LightItalic.ttf
  4

  0
STYLE
  5
43
330
5
100
AcDbSymbolTableRecord
100
AcDbTextStyleTableRecord
  2
OpenSans
 70
0
 40
0.0
 41
1.0
 50
0.0
 71
0
 42
2.5
  3
OpenSans-Regular.ttf
  4

  0
STYLE
  5
44
330
5
100
AcDbSymbolTableRecord
100
AcDbTextStyleTableRecord
  2
OpenSans-Italic
 70
0
 40
0.0
 41
1.0
 50
0.0
 71
0
 42
2.5
  3
OpenSans-Italic.ttf
  4

  0
STYLE
  5
45
330
5
100
AcDbSymbolTableRecord
100
AcDbTextStyleTableRecord
  2
OpenSans-SemiBold
 70
0
 40
0.0
 41
1.0
 50
0.0
 71
0
 42
2.5
  3
OpenSans-SemiBold.ttf
  4

  0
STYLE
  5
46
330
5
100
AcDbSymbolTableRecord
100
AcDbTextStyleTableRecord
  2
OpenSans-SemiBoldItalic
 70
0
 40
0.0
 41
1.0
 50
0.0
 71
0
 42
2.5
  3
OpenSans-SemiBoldItalic.ttf
  4

  0
STYLE
  5
47
330
5
100
AcDbSymbolTableRecord
100
AcDbTextStyleTableRecord
  2
OpenSans-Bold
 70
0
 40
0.0
 41
1.0
 50
0.0
 71
0
 42
2.5
  3
OpenSans-Bold.ttf
  4

  0
STYLE
  5
48
330
5
100
AcDbSymbolTableRecord
100
AcDbTextStyleTableRecord
  2
OpenSans-BoldItalic
 70
0
 40
0.0
 41
1.0
 50
0.0
 71
0
 42
2.5
  3
OpenSans-BoldItalic.ttf
  4

  0
STYLE
  5
49
330
5
100
AcDbSymbolTableRecord
100
AcDbTextStyleTableRecord
  2
OpenSans-ExtraBold
 70
0
 40
0.0
 41
1.0
 50
0.0
 71
0
 42
2.5
  3
OpenSans-ExtraBold.ttf
  4

  0
STYLE
  5
4A
330
5
100
AcDbSymbolTableRecord
100
AcDbTextStyleTableRecord
  2
OpenSans-ExtraBoldItalic
 70
0
 40
0.0
 41
1.0
 50
0.0
 71
0
 42
2.5
  3
OpenSans-ExtraBoldItalic.ttf
  4

  0
STYLE
  5
4B
330
5
100
AcDbSymbolTableRecord
100
AcDbTextStyleTableRecord
  2
OpenSansCondensed-Bold
 70
0
 40
0.0
 41
1.0
 50
0.0
 71
0
 42
2.5
  3
OpenSansCondensed-Bold.ttf
  4

  0
STYLE
  5
4C
330
5
100
AcDbSymbolTableRecord
100
AcDbTextStyleTableRecord
  2
OpenSansCondensed-Light
 70
0
 40
0.0
 41
1.0
 50
0.0
 71
0
 42
2.5
  3
OpenSansCondensed-Light.ttf
  4

  0
STYLE
  5
4D
330
5
100
AcDbSymbolTableRecord
100
AcDbTextStyleTableRecord
  2
OpenSansCondensed-Italic
 70
0
 40
0.0
 41
1.0
 50
0.0
 71
0
 42
2.5
  3
OpenSansCondensed-LightItalic.ttf
  4

  0
STYLE
  5
4E
330
5
100
AcDbSymbolTableRecord
100
AcDbTextStyleTableRecord
  2
LiberationSans
 70
0
 40
0.0
 41
1.0
 50
0.0
 71
0
 42
2.5
  3
LiberationSans-Regular.ttf
  4

  0
STYLE
  5
4F
330
5
100
AcDbSymbolTableRecord
100
AcDbTextStyleTableRecord
  2
LiberationSans-Bold
 70
0
 40
0.0
 41
1.0
 50
0.0
 71
0
 42
2.5
  3
LiberationSans-Bold.ttf
  4

  0
STYLE
  5
50
330
5
100
AcDbSymbolTableRecord
100
AcDbTextStyleTableRecord
  2
LiberationSans-BoldItalic
 70
0
 40
0.0
 41
1.0
 50
0.0
 71
0
 42
2.5
  3
LiberationSans-BoldItalic.ttf
  4

  0
STYLE
  5
51
330
5
100
AcDbSymbolTableRecord
100
AcDbTextStyleTableRecord
  2
LiberationSans-Italic
 70
0
 40
0.0
 41
1.0
 50
0.0
 71
0
 42
2.5
  3
LiberationSans-Italic.ttf
  4

  0
STYLE
  5
52
330
5
100
AcDbSymbolTableRecord
100
AcDbTextStyleTableRecord
  2
LiberationSerif
 70
0
 40
0.0
 41
1.0
 50
0.0
 71
0
 42
2.5
  3
LiberationSerif-Regular.ttf
  4

  0
STYLE
  5
53
330
5
100
AcDbSymbolTableRecord
100
AcDbTextStyleTableRecord
  2
LiberationSerif-Bold
 70
0
 40
0.0
 41
1.0
 50
0.0
 71
0
 42
2.5
  3
LiberationSerif-Bold.ttf
  4

  0
STYLE
  5
54
330
5
100
AcDbSymbolTableRecord
100
AcDbTextStyleTableRecord
  2
LiberationSerif-BoldItalic
 70
0
 40
0.0
 41
1.0
 50
0.0
 71
0
 42
2.5
  3
LiberationSerif-BoldItalic.ttf
  4

  0
STYLE
  5
55
330
5
100
AcDbSymbolTableRecord
100
AcDbTextStyleTableRecord
  2
LiberationSerif-Italic
 70
0
 40
0.0
 41
1.0
 50
0.0
 71
0
 42
2.5
  3
LiberationSerif-Italic.ttf
  4

  0
STYLE
  5
56
330
5
100
AcDbSymbolTableRecord
100
AcDbTextStyleTableRecord
  2
LiberationMono
 70
0
 40
0.0
 41
1.0
 50
0.0
 71
0
 42
2.5
  3
LiberationMono-Regular.ttf
  4

  0
STYLE
  5
57
330
5
100
AcDbSymbolTableRecord
100
AcDbTextStyleTableRecord
  2
LiberationMono-Bold
 70
0
 40
0.0
 41
1.0
 50
0.0
 71
0
 42
2.5
  3
LiberationMono-Bold.ttf
  4

  0
STYLE
  5
58
330
5
100
AcDbSymbolTableRecord
100
AcDbTextStyleTableRecord
  2
LiberationMono-BoldItalic
 70
0
 40
0.0
 41
1.0
 50
0.0
 71
0
 42
2.5
  3
LiberationMono-BoldItalic.ttf
  4

  0
STYLE
  5
59
330
5
100
AcDbSymbolTableRecord
100
AcDbTextStyleTableRecord
  2
LiberationMono-Italic
 70
0
 40
0.0
 41
1.0
 50
0.0
 71
0
 42
2.5
  3
LiberationMono-Italic.ttf
  4

  0
ENDTAB
  0
TABLE
  2
VIEW
  5
7
330
0
100
AcDbSymbolTable
 70
0
  0
ENDTAB
  0
TABLE
  2
UCS
  5
6
330
0
100
AcDbSymbolTable
 70
0
  0
ENDTAB
  0
TABLE
  2
APPID
  5
3
330
0
100
AcDbSymbolTable
 70
3
  0
APPID
  5
2A
330
3
100
AcDbSymbolTableRecord
100
AcDbRegAppTableRecord
  2
ACAD
 70
0
  0
APPID
  5
585
330
3
100
AcDbSymbolTableRecord
100
AcDbRegAppTableRecord
  2
HATCHBACKGROUNDCOLOR
 70
0
  0
APPID
  5
586
330
3
100
AcDbSymbolTableRecord
100
AcDbRegAppTableRecord
  2
EZDXF
 70
0
  0
ENDTAB
  0
TABLE
  2
DIMSTYLE
  5
4
330
0
100
AcDbSymbolTable
 70
12
100
AcDbDimStyleTable
  0
DIMSTYLE
105
2B
330
4
100
AcDbSymbolTableRecord
100
AcDbDimStyleTableRecord
  2
Standard
 70
0
 40
1.0
 41
2.5
 42
0.625
 43
3.75
 44
1.25
 45
0.0
 46
0.0
 47
0.0
 48
0.0
 49
2.5
140
2.5
141
2.5
142
0.0
143
0.03937007874
144
1.0
145
0.0
146
1.0
147
0.625
148
0.0
 69
0
 70
0
 71
0
 72
0
 73
0
 74
0
 75
0
 76
0
 77
1
 78
8
 79
3
170
0
171
3
172
1
173
0
174
0
175
0
176
0
177
0
178
0
179
2
271
2
272
2
273
2
274
3
275
0
276
0
277
2
278
44
279
0
280
0
281
0
282
0
283
0
284
8
285
0
286
0
288
0
289
3
290
0
371
-2
372
-2
  0
DIMSTYLE
105
73
330
4
100
AcDbSymbolTableRecord
100
AcDbDimStyleTableRecord
  2
EZDXF
 70
0
 40
1.0
 41
0.175
 42
0.125
 43
3.75
 44
0.375
 45
0.0
 46
0.0
 47
0.0
 48
0.0
 49
2.5
140
0.25
141
2.5
142
0.0
143
0.03937007874
144
100.0
145
0.0
146
0.5
147
0.1
148
0.0
 69
0
 70
0
 71
0
 72
0
 73
0
 74
0
 75
0
 76
0
 77
1
 78
12
 79
3
170
0
171
3
172
1
173
0
174
0
175
0
176
0
177
0
178
0
179
2
271
2
272
2
273
2
274
3
275
0
276
0
277
2
278
46
279
2
280
0
281
0
282
0
283
0
284
8
285
0
286
0
288
1
289
3
290
0
340
4C
342
74
371
-2
372
-2
  0
DIMSTYLE
105
7C
330
4
100
AcDbSymbolTableRecord
100
AcDbDimStyleTableRecord
  2
EZ_M_100_H25_CM
 70
0
 40
1.0
 41
0.25
 42
0.125
 43
3.75
 44
0.375
 45
0.0
 46
0.0
 47
0.0
 48
0.0
 49
2.5
140
0.25
141
2.5
142
0.125
143
0.03937007874
144
100.0
145
0.0
146
0.5
147
0.1
148
0.0
 69
0
 70
0
 71
0
 72
0
 73
0
 74
0
 75
0
 76
0
 77
1
 78
12
 79
3
170
0
171
3
172
1
173
0
174
0
175
0
176
0
177
0
178
0
179
2
271
2
272
2
273
2
274
3
275
0
276
0
277
2
278
46
279
2
280
0
281
0
282
0
283
0
284
8
285
0
286
0
288
1
289
3
290
0
340
4C
371
-2
372
-2
  0
DIMSTYLE
105
7D
330
4
100
AcDbSymbolTableRecord
100
AcDbDimStyleTableRecord
  2
EZ_M_50_H25_CM
 70
0
 40
1.0
 41
0.125
 42
0.0625
 43
3.75
 44
0.1875
 45
0.0
 46
0.0
 47
0.0
 48
0.0
 49
2.5
140
0.125
141
2.5
142
0.0625
143
0.03937007874
144
100.0
145
0.0
146
0.5
147
0.05
148
0.0
 69
0
 70
0
 71
0
 72
0
 73
0
 74
0
 75
0
 76
0
 77
1
 78
12
 79
3
170
0
171
3
172
1
173
0
174
0
175
0
176
0
177
0
178
0
179
2
271
2
272
2
273
2
274
3
275
0
276
0
277
2
278
46
279
2
280
0
281
0
282
0
283
0
284
8
285
0
286
0
288
1
289
3
290
0
340
4C
371
-2
372
-2
  0
DIMSTYLE
105
7E
330
4
100
AcDbSymbolTableRecord
100
AcDbDimStyleTableRecord
  2
EZ_M_25_H25_CM
 70
0
 40
1.0
 41
0.0625
 42
0.03125
 43
3.75
 44
0.09375
 45
0.0
 46
0.0
 47
0.0
 48
0.0
 49
2.5
140
0.0625
141
2.5
142
0.03125
143
0.03937007874
144
100.0
145
0.0
146
0.5
147
0.025
148
0.0
 69
0
 70
0
 71
0
 72
0
 73
0
 74
0
 75
0
 76
0
 77
1
 78
12
 79
3
170
0
171
3
172
1
173
0
174
0
175
0
176
0
177
0
178
0
179
2
271
2
272
2
273
2
274
3
275
0
276
0
277
2
278
46
279
2
280
0
281
0
282
0
283
0
284
8
285
0
286
0
288
1
289
3
290
0
340
4C
371
-2
372
-2
  0
DIMSTYLE
105
7F
330
4
100
AcDbSymbolTableRecord
100
AcDbDimStyleTableRecord
  2
EZ_M_20_H25_CM
 70
0
 40
1.0
 41
0.05
 42
0.025
 43
3.75
 44
0.07500000000000001
 45
0.0
 46
0.0
 47
0.0
 48
0.0
 49
2.5
140
0.05
141
2.5
142
0.025
143
0.03937007874
144
100.0
145
0.0
146
0.5
147
0.020000000000000004
148
0.0
 69
0
 70
0
 71
0
 72
0
 73
0
 74
0
 75
0
 76
0
 77
1
 78
12
 79
3
170
0
171
3
172
1
173
0
174
0
175
0
176
0
177
0
178
0
179
2
271
2
272
2
273
2
274
3
275
0
276
0
277
2
278
46
279
2
280
0
281
0
282
0
283
0
284
8
285
0
286
0
288
1
289
3
290
0
340
4C
371
-2
372
-2
  0
DIMSTYLE
105
80
330
4
100
AcDbSymbolTableRecord
100
AcDbDimStyleTableRecord
  2
EZ_M_10_H25_CM
 70
0
 40
1.0
 41
0.025
 42
0.0125
 43
3.75
 44
0.037500000000000006
 45
0.0
 46
0.0
 47
0.0
 48
0.0
 49
2.5
140
0.025
141
2.5
142
0.0125
143
0.03937007874
144
100.0
145
0.0
146
0.5
147
0.010000000000000002
148
0.0
 69
0
 70
0
 71
0
 72
0
 73
0
 74
0
 75
0
 76
0
 77
1
 78
12
 79
3
170
0
171
3
172
1
173
0
174
0
175
0
176
0
177
0
178
0
179
2
271
2
272
2
273
2
274
3
275
0
276
0
277
2
278
46
279
2
280
0
281
0
282
0
283
0
284
8
285
0
286
0
288
1
289
3
290
0
340
4C
371
-2
372
-2
  0
DIMSTYLE
105
81
330
4
100
AcDbSymbolTableRecord
100
AcDbDimStyleTableRecord
  2
EZ_M_5_H25_CM
 70
0
 40
1.0
 41
0.0125
 42
0.00625
 43
3.75
 44
0.018750000000000003
 45
0.0
 46
0.0
 47
0.0
 48
0.0
 49
2.5
140
0.0125
141
2.5
142
0.00625
143
0.03937007874
144
100.0
145
0.0
146
0.5
147
0.005000000000000001
148
0.0
 69
0
 70
0
 71
0
 72
0
 73
0
 74
0
 75
0
 76
0
 77
1
 78
12
 79
3
170
0
171
3
172
1
173
0
174
0
175
0
176
0
177
0
178
0
179
2
271
2
272
2
273
2
274
3
275
0
276
0
277
2
278
46
279
2
280
0
281
0
282
0
283
0
284
8
285
0
286
0
288
1
289
3
290
0
340
4C
371
-2
372
-2
  0
DIMSTYLE
105
82
330
4
100
AcDbSymbolTableRecord
100
AcDbDimStyleTableRecord
  2
EZ_M_1_H25_CM
 70
0
 40
1.0
 41
0.0025
 42
0.00125
 43
3.75
 44
0.00375
 45
0.0
 46
0.0
 47
0.0
 48
0.0
 49
2.5
140
0.0025
141
2.5
142
0.00125
143
0.03937007874
144
100.0
145
0.0
146
0.5
147
0.001
148
0.0
 69
0
 70
0
 71
0
 72
0
 73
0
 74
0
 75
0
 76
0
 77
1
 78
12
 79
3
170
0
171
3
172
1
173
0
174
0
175
0
176
0
177
0
178
0
179
2
271
2
272
2
273
2
274
3
275
0
276
0
277
2
278
46
279
2
280
0
281
0
282
0
283
0
284
8
285
0
286
0
288
1
289
3
290
0
340
4C
371
-2
372
-2
  0
DIMSTYLE
105
83
330
4
100
AcDbSymbolTableRecord
100
AcDbDimStyleTableRecord
  2
EZ_RADIUS
 70
0
 40
1.0
 41
0.25
 42
0.125
 43
3.75
 44
0.375
 45
0.0
 46
0.0
 47
0.0
 48
0.0
 49
2.5
140
0.25
141
0.0
142
0.0
143
0.03937007874
144
100.0
145
0.0
146
0.5
147
0.1
148
0.0
 69
0
 70
0
 71
0
 72
0
 73
0
 74
0
 75
0
 76
0
 77
1
 78
12
 79
3
170
0
171
3
172
0
173
0
174
0
175
0
176
0
177
0
178
0
179
2
271
2
272
2
273
2
274
3
275
0
276
0
277
2
278
46
279
1
280
0
281
0
282
0
283
0
284
8
285
0
286
0
288
1
289
3
290
0
340
4C
342
84
371
-2
372
-2
  0
DIMSTYLE
105
88
330
4
100
AcDbSymbolTableRecord
100
AcDbDimStyleTableRecord
  2
EZ_RADIUS_INSIDE
 70
0
 40
1.0
 41
0.25
 42
0.125
 43
3.75
 44
0.375
 45
0.0
 46
0.0
 47
0.0
 48
0.0
 49
2.5
140
0.25
141
0.0
142
0.0
143
0.03937007874
144
100.0
145
0.0
146
0.5
147
0.1
148
0.0
 69
0
 70
0
 71
0
 72
0
 73
0
 74
0
 75
0
 76
0
 77
0
 78
12
 79
3
170
0
171
3
172
0
173
0
174
1
175
0
176
0
177
0
178
0
179
2
271
2
272
2
273
2
274
3
275
0
276
0
277
2
278
46
279
0
280
0
281
0
282
0
283
0
284
8
285
0
286
0
288
1
289
0
290
0
340
4C
342
84
371
-2
372
-2
  0
DIMSTYLE
105
89
330
4
100
AcDbSymbolTableRecord
100
AcDbDimStyleTableRecord
  2
EZ_CURVED
 70
0
 40
1.0
 41
0.25
 42
0.125
 43
3.75
 44
0.375
 45
0.0
 46
0.0
 47
0.0
 48
0.0
 49
2.5
140
0.25
141
2.5
142
0.0
143
0.03937007874
144
100.0
145
0.0
146
0.5
147
0.1
148
0.0
 69
0
 70
0
 71
0
 72
0
 73
0
 74
0
 75
0
 76
0
 77
1
 78
12
 79
2
 90
2
170
0
171
3
172
1
173
0
174
0
175
0
176
0
177
0
178
0
179
2
271
2
272
2
273
2
274
3
275
0
276
0
277
2
278
46
279
2
280
0
281
0
282
0
283
0
284
8
285
0
286
0
288
1
289
3
290
0
340
4C
371
-2
372
-2
  0
ENDTAB
  0
TABLE
  2
BLOCK_RECORD
  5
9
330
0
100
AcDbSymbolTable
 70
5
  0
BLOCK_RECORD
  5
17
330
9
100
AcDbSymbolTableRecord
100
AcDbBlockTableRecord
  2
*Model_Space
340
1A
 70
0
280
1
281
0
  0
BLOCK_RECORD
  5
1B
330
9
100
AcDbSymbolTableRecord
100
AcDbBlockTableRecord
  2
*Paper_Space
340
1E
 70
0
280
1
281
0
  0
BLOCK_RECORD
  5
74
330
9
100
AcDbSymbolTableRecord
100
AcDbBlockTableRecord
  2
_ARCHTICK
340
0
 70
0
280
1
281
0
  0
BLOCK_RECORD
  5
78
330
9
100
AcDbSymbolTableRecord
100
AcDbBlockTableRecord
  2
_CLOSEDFILLED
340
0
 70
0
280
1
281
0
  0
BLOCK_RECORD
  5
84
330
9
100
AcDbSymbolTableRecord
100
AcDbBlockTableRecord
  2
_CLOSEDBLANK
340
0
 70
0
280
1
281
0
  0
ENDTAB
  0
ENDSEC
  0
SECTION
  2
BLOCKS
  0
BLOCK
  5
18
330
17
100
AcDbEntity
  8
0
100
AcDbBlockBegin
  2
*Model_Space
 70
0
 10
0.0
 20
0.0
 30
0.0
  3
*Model_Space
  1

  0
ENDBLK
  5
19
330
17
100
AcDbEntity
  8
0
100
AcDbBlockEnd
  0
BLOCK
  5
1C
330
1B
100
AcDbEntity
  8
0
100
AcDbBlockBegin
  2
*Paper_Space
 70
0
 10
0.0
 20
0.0
 30
0.0
  3
*Paper_Space
  1

  0
ENDBLK
  5
1D
330
1B
100
AcDbEntity
  8
0
100
AcDbBlockEnd
  0
BLOCK
  5
75
330
74
100
AcDbEntity
  8
0
100
AcDbBlockBegin
  2
_ARCHTICK
 70
0
 10
0.0
 20
0.0
 30
0.0
  3
_ARCHTICK
  1

  0
LWPOLYLINE
  5
77
330
74
100
AcDbEntity
  8
0
  6
BYBLOCK
 62
0
100
AcDbPolyline
 90
2
 70
0
 43
0.15
 10
-0.5
 20
-0.5
 10
0.5
 20
0.5
  0
ENDBLK
  5
76
330
74
100
AcDbEntity
  8
0
100
AcDbBlockEnd
  0
BLOCK
  5
79
330
78
100
AcDbEntity
  8
0
100
AcDbBlockBegin
  2
_CLOSEDFILLED
 70
0
 10
0.0
 20
0.0
 30
0.0
  3
_CLOSEDFILLED
  1

  0
SOLID
  5
7B
330
78
100
AcDbEntity
  8
0
  6
BYBLOCK
 62
0
100
AcDbTrace
 10
-1.0
 20
0.16439898372402537
 30
0.0
 11
0.0
 21
0.0
 31
0.0
 12
-1.0
 22
-0.16439898372402537
 32
0.0
 13
-1.0
 23
-0.16439898372402537
 33
0.0
  0
ENDBLK
  5
7A
330
78
100
AcDbEntity
  8
0
100
AcDbBlockEnd
  0
BLOCK
  5
85
330
84
100
AcDbEntity
  8
0
100
AcDbBlockBegin
  2
_CLOSEDBLANK
 70
0
 10
0.0
 20
0.0
 30
0.0
  3
_CLOSEDBLANK
  1

  0
LWPOLYLINE
  5
87
330
84
100
AcDbEntity
  8
0
  6
BYBLOCK
 62
0
100
AcDbPolyline
 90
3
 70
1
 10
-1.0
 20
0.16439898372402537
 10
0.0
 20
0.0
 10
-1.0
 20
-0.16439898372402537
  0
ENDBLK
  5
86
330
84
100
AcDbEntity
  8
0
100
AcDbBlockEnd
  0
ENDSEC
  0
SECTION
  2
ENTITIES
  0
LWPOLYLINE
  5
8C
330
17
100
AcDbEntity
  8
PROFILE
100
AcDbPolyline
 90
4
 70
1
 10
0.0
 20
0.0
 10
36.0
 20
0.0
 10
36.0
 20
31.0
 10
0.0
 20
31.0
  0
LINE
  5
8D
330
17
100
AcDbEntity
  8
SLOTS
100
AcDbLine
 10
32.04248409531798
 20
1.222882662999037
 30
0.0
 11
32.06171787672022
 21
1.2381590468636217
 31
0.0
  0
LINE
  5
8E
330
17
100
AcDbEntity
  8
SLOTS
100
AcDbLine
 10
32.21720400837468
 20
1.0423937208655476
 30
0.0
 11
32.19797022697244
 21
1.027117337000963
 31
0.0
  0
ARC
  5
8F
330
17
100
AcDbEntity
  8
SLOTS
100
AcDbCircle
 10
32.13946094254745
 20
1.1402763838645846
 30
0.0
 40
0.125
100
AcDbArc
 50
-51.54172642740366
 51
128.45827357259634
  0
ARC
  5
90
330
17
100
AcDbEntity
  8
SLOTS
100
AcDbCircle
 10
32.12022716114521
 20
1.125
 30
0.0
 40
0.125
100
AcDbArc
 50
128.45827357259634
 51
308.45827357259634
  0
LINE
  5
91
330
17
100
AcDbEntity
  8
SLOTS
100
AcDbLine
 10
30.836588765587308
 20
1.2228826629990375
 30
0.0
 11
31.49686152521948
 21
1.7473026883973541
 31
0.0
  0
LINE
  5
92
330
17
100
AcDbEntity
  8
SLOTS
100
AcDbLine
 10
31.652347656873935
 20
1.5515373623992792
 30
0.0
 11
30.992074897241764
 21
1.0271173370009625
 31
0.0
  0
ARC
  5
93
330
17
100
AcDbEntity
  8
SLOTS
100
AcDbCircle
 10
31.574604591046707
 20
1.6494200253983167
 30
0.0
 40
0.125
100
AcDbArc
 50
-51.5417264274039
 51
128.4582735725961
  0
ARC
  5
94
330
17
100
AcDbEntity
  8
SLOTS
100
AcDbCircle
 10
30.914331831414536
 20
1.125
 30
0.0
 40
0.125
100
AcDbArc
 50
128.4582735725961
 51
308.4582735725961
  0
LINE
  5
95
330
17
100
AcDbEntity
  8
SLOTS
100
AcDbLine
 10
29.630693435856628
 20
1.2228826629990375
 30
0.0
 11
30.932005173718732
 21
2.256446329931087
 31
0.0
  0
LINE
  5
96
330
17
100
AcDbEntity
  8
SLOTS
100
AcDbLine
 10
31.087491305373188
 20
2.0606810039330115
 30
0.0
 11
29.786179567511084
 21
1.0271173370009625
 31
0.0
  0
ARC
  5
97
330
17
100
AcDbEntity
  8
SLOTS
100
AcDbCircle
 10
31.00974823954596
 20
2.158563666932049
 30
0.0
 40
0.125
100
AcDbArc
 50
-51.54172642740397
 51
128.45827357259603
  0
ARC
  5
98
330
17
100
AcDbEntity
  8
SLOTS
100
AcDbCircle
 10
29.708436501683856
 20
1.125
 30
0.0
 40
0.125
100
AcDbArc
 50
128.45827357259603
 51
308.458273572596
  0
LINE
  5
99
330
17
100
AcDbEntity
  8
SLOTS
100
AcDbLine
 10
29.49028771594861
 20
2.0691451811682278
 30
0.0
 11
30.367148822217985
 21
2.7655899714648196
 31
0.0
  0
LINE
  5
9A
330
17
100
AcDbEntity
  8
SLOTS
100
AcDbLine
 10
30.52263495387244
 20
2.569824645466744
 30
0.0
 11
29.645773847603067
 21
1.8733798551701528
 31
0.0
  0
ARC
  5
9B
330
17
100
AcDbEntity
  8
SLOTS
100
AcDbCircle
 10
30.444891888045213
 20
2.667707308465782
 30
0.0
 40
0.125
100
AcDbArc
 50
-51.541726427404
 51
128.458273572596
  0
ARC
  5
9C
330
17
100
AcDbEntity
  8
SLOTS
100
AcDbCircle
 10
29.56803078177584
 20
1.9712625181691903
 30
0.0
 40
0.125
100
AcDbArc
 50
128.458273572596
 51
308.458273572596
  0
LINE
  5
9D
330
17
100
AcDbEntity
  8
SLOTS
100
AcDbLine
 10
31.40978193255802
 20
4.815236286001983
 30
0.0
 11
30.94406357713493
 21
3.2984955220803265
 31
0.0
  0
LINE
  5
9E
330
17
100
AcDbEntity
  8
SLOTS
100
AcDbLine
 10
30.705075856334428
 20
3.3718771908170098
 30
0.0
 11
31.170794211757517
 21
4.888617954738666
 31
0.0
  0
ARC
  5
9F
330
17
100
AcDbEntity
  8
SLOTS
100
AcDbCircle
 10
30.82456971673468
 20
3.335186356448668
 30
0.0
 40
0.125
100
AcDbArc
 50
-197.06921136473198
 51
-17.069211364732
  0
ARC
  5
A0
330
17
100
AcDbEntity
  8
SLOTS
100
AcDbCircle
 10
31.290288072157768
 20
4.851927120370324
 30
0.0
 40
0.125
100
AcDbArc
 50
-17.069211364732
 51
162.93078863526802
  0
LINE
  5
A1
330
17
100
AcDbEntity
  8
SLOTS
100
AcDbLine
 10
32.20754738526109
 20
4.858246309202909
 30
0.0
 11
31.558552468156805
 21
2.744614679941141
 31
0.0
  0
LINE
  5
A2
330
17
100
AcDbEntity
  8
SLOTS
100
AcDbLine
 10
31.319564747356303
 20
2.8179963486778243
 30
0.0
 11
31.96855966446058
 21
4.931627977939592
 31
0.0
  0
ARC
  5
A3
330
17
100
AcDbEntity
  8
SLOTS
100
AcDbCircle
 10
31.439058607756554
 20
2.7813055143094827
 30
0.0
 40
0.125
100
AcDbArc
 50
-197.069211364732
 51
-17.069211364732013
  0
ARC
  5
A4
330
17
100
AcDbEntity
  8
SLOTS
100
AcDbCircle
 10
32.08805352486083
 20
4.8949371435712505
 30
0.0
 40
0.125
100
AcDbArc
 50
-17.069211364732013
 51
162.930788635268
  0
LINE
  5
A5
330
17
100
AcDbEntity
  8
SLOTS
100
AcDbLine
 10
33.005312837964155
 20
4.901256332403836
 30
0.0
 11
32.17304135917868
 21
2.190733837801955
 31
0.0
  0
LINE
  5
A6
330
17
100
AcDbEntity
  8
SLOTS
100
AcDbLine
 10
31.934053638378177
 20
2.2641155065386394
 30
0.0
 11
32.766325117163646
 21
4.974638001140519
 31
0.0
  0
ARC
  5
A7
330
17
100
AcDbEntity
  8
SLOTS
100
AcDbCircle
 10
32.05354749877843
 20
2.2274246721702973
 30
0.0
 40
0.125
100
AcDbArc
 50
-197.0692113647321
 51
-17.069211364732084
  0
ARC
  5
A8
330
17
100
AcDbEntity
  8
SLOTS
100
AcDbCircle
 10
32.8858189775639
 20
4.937947166772178
 30
0.0
 40
0.125
100
AcDbArc
 50
-17.069211364732084
 51
162.9307886352679
  0
LINE
  5
A9
330
17
100
AcDbEntity
  8
SLOTS
100
AcDbLine
 10
33.803078290667216
 20
4.944266355604763
 30
0.0
 11
32.787530250200554
 21
1.6368529956627698
 31
0.0
  0
LINE
  5
AA
330
17
100
AcDbEntity
  8
SLOTS
100
AcDbLine
 10
32.548542529400045
 20
1.7102346643994535
 30
0.0
 11
33.56409056986671
 21
5.0176480243414465
 31
0.0
  0
ARC
  5
AB
330
17
100
AcDbEntity
  8
SLOTS
100
AcDbCircle
 10
32.6680363898003
 20
1.6735438300311116
 30
0.0
 40
0.125
100
AcDbArc
 50
-197.06921136473207
 51
-17.06921136473207
  0
ARC
  5
AC
330
17
100
AcDbEntity
  8
SLOTS
100
AcDbCircle
 10
33.68358443026696
 20
4.980957189973105
 30
0.0
 40
0.125
100
AcDbArc
 50
-17.06921136473207
 51
162.93078863526793
  0
LINE
  5
AD
330
17
100
AcDbEntity
  8
SLOTS
100
AcDbLine
 10
34.600843743370284
 20
4.9872763788056895
 30
0.0
 11
33.40365788171189
 21
1.0883091656316581
 31
0.0
  0
LINE
  5
AE
330
17
100
AcDbEntity
  8
SLOTS
100
AcDbLine
 10
33.16467016091138
 20
1.1616908343683419
 30
0.0
 11
34.361856022569775
 21
5.060658047542373
 31
0.0
  0
ARC
  5
AF
330
17
100
AcDbEntity
  8
SLOTS
100
AcDbCircle
 10
33.28416402131163
 20
1.125
 30
0.0
 40
0.125
100
AcDbArc
 50
-197.06921136473207
 51
-17.06921136473207
  0
ARC
  5
B0
330
17
100
AcDbEntity
  8
SLOTS
100
AcDbCircle
 10
34.48134988297003
 20
5.023967213174031
 30
0.0
 40
0.125
100
AcDbArc
 50
-17.06921136473207
 51
162.93078863526793
  0
LINE
  5
B1
330
17
100
AcDbEntity
  8
SLOTS
100
AcDbLine
 10
34.994493860400254
 20
3.7141729274057966
 30
0.0
 11
34.18821701877532
 21
1.0883091656316581
 31
0.0
  0
LINE
  5
B2
330
17
100
AcDbEntity
  8
SLOTS
100
AcDbLine
 10
33.94922929797481
 20
1.1616908343683419
 30
0.0
 11
34.755506139599746
 21
3.787554596142481
 31
0.0
  0
ARC
  5
B3
330
17
100
AcDbEntity
  8
SLOTS
100
AcDbCircle
 10
34.068723158375064
 20
1.125
 30
0.0
 40
0.125
100
AcDbArc
 50
-197.0692113647321
 51
-17.069211364732084
  0
ARC
  5
B4
330
17
100
AcDbEntity
  8
SLOTS
100
AcDbCircle
 10
34.875
 20
3.7508637617741387
 30
0.0
 40
0.125
100
AcDbArc
 50
-17.069211364732084
 51
162.9307886352679
  0
LINE
  5
B5
330
17
100
AcDbEntity
  8
SLOTS
100
AcDbLine
 10
34.994493860400254
 20
1.1590388833326284
 30
0.0
 11
34.97277615583876
 21
1.088309165631663
 31
0.0
  0
LINE
  5
B6
330
17
100
AcDbEntity
  8
SLOTS
100
AcDbLine
 10
34.73378843503825
 20
1.161690834368337
 30
0.0
 11
34.755506139599746
 21
1.2324205520693023
 31
0.0
  0
ARC
  5
B7
330
17
100
AcDbEntity
  8
SLOTS
100
AcDbCircle
 10
34.853282295438504
 20
1.125
 30
0.0
 40
0.125
100
AcDbArc
 50
-197.0692113647297
 51
-17.069211364729725
  0
ARC
  5
B8
330
17
100
AcDbEntity
  8
SLOTS
100
AcDbCircle
 10
34.875
 20
1.1957297177009654
 30
0.0
 40
0.125
100
AcDbArc
 50
-17.069211364729725
 51
162.9307886352703
  0
LINE
  5
B9
330
17
100
AcDbEntity
  8
SLOTS
100
AcDbLine
 10
26.667265197760283
 20
10.056885027878511
 30
0.0
 11
26.10761218784397
 21
9.265430304507893
 31
0.0
  0
LINE
  5
BA
330
17
100
AcDbEntity
  8
SLOTS
100
AcDbLine
 10
25.90348925938671
 20
9.409769592569154
 30
0.0
 11
26.463142269303024
 21
10.201224315939772
 31
0.0
  0
ARC
  5
BB
330
17
100
AcDbEntity
  8
SLOTS
100
AcDbCircle
 10
26.00555072361534
 20
9.337599948538523
 30
0.0
 40
0.125
100
AcDbArc
 50
-215.2648726868609
 51
-35.26487268686091
  0
ARC
  5
BC
330
17
100
AcDbEntity
  8
SLOTS
100
AcDbCircle
 10
26.565203733531654
 20
10.129054671909142
 30
0.0
 40
0.125
100
AcDbArc
 50
-35.26487268686091
 51
144.7351273131391
  0
LINE
  5
BD
330
17
100
AcDbEntity
  8
SLOTS
100
AcDbLine
 10
27.34796158485904
 20
9.720495256754543
 30
0.0
 11
23.962588641495014
 21
4.932940541740672
 31
0.0
  0
LINE
  5
BE
330
17
100
AcDbEntity
  8
SLOTS
100
AcDbLine
 10
23.758465713037754
 20
5.077279829801935
 30
0.0
 11
27.14383865640178
 21
9.864834544815803
 31
0.0
  0
ARC
  5
BF
330
17
100
AcDbEntity
  8
SLOTS
100
AcDbCircle
 10
23.860527177266384
 20
5.005110185771303
 30
0.0
 40
0.125
100
AcDbArc
 50
-215.26487268686088
 51
-35.26487268686088
  0
ARC
  5
C0
330
17
100
AcDbEntity
  8
SLOTS
100
AcDbCircle
 10
27.24590012063041
 20
9.792664900785173
 30
0.0
 40
0.125
100
AcDbArc
 50
-35.26487268686088
 51
144.73512731313912
  0
LINE
  5
C1
330
17
100
AcDbEntity
  8
SLOTS
100
AcDbLine
 10
27.901071324585107
 20
9.203673945170825
 30
0.0
 11
24.42906352057456
 21
4.293601226228948
 31
0.0
  0
LINE
  5
C2
330
17
100
AcDbEntity
  8
SLOTS
100
AcDbLine
 10
24.2249405921173
 20
4.437940514290211
 30
0.0
 11
27.696948396127848
 21
9.348013233232086
 31
0.0
  0
ARC
  5
C3
330
17
100
AcDbEntity
  8
SLOTS
100
AcDbCircle
 10
24.32700205634593
 20
4.365770870259579
 30
0.0
 40
0.125
100
AcDbArc
 50
-215.26487268686085
 51
-35.264872686860855
  0
ARC
  5
C4
330
17
100
AcDbEntity
  8
SLOTS
100
AcDbCircle
 10
27.799009860356477
 20
9.275843589201456
 30
0.0
 40
0.125
100
AcDbArc
 50
-35.264872686860855
 51
144.73512731313915
  0
LINE
  5
C5
330
17
100
AcDbEntity
  8
SLOTS
100
AcDbLine
 10
28.454181064311175
 20
8.686852633587106
 30
0.0
 11
25.105650121066105
 21
3.951399443082014
 31
0.0
  0
LINE
  5
C6
330
17
100
AcDbEntity
  8
SLOTS
100
AcDbLine
 10
24.901527192608846
 20
4.0957387311432765
 30
0.0
 11
28.250058135853916
 21
8.831191921648367
 31
0.0
  0
ARC
  5
C7
330
17
100
AcDbEntity
  8
SLOTS
100
AcDbCircle
 10
25.003588656837476
 20
4.023569087112645
 30
0.0
 40
0.125
100
AcDbArc
 50
-215.26487268686085
 51
-35.264872686860855
  0
ARC
  5
C8
330
17
100
AcDbEntity
  8
SLOTS
100
AcDbCircle
 10
28.352119600082546
 20
8.759022277617737
 30
0.0
 40
0.125
100
AcDbArc
 50
-35.264872686860855
 51
144.73512731313915
  0
LINE
  5
C9
330
17
100
AcDbEntity
  8
SLOTS
100
AcDbLine
 10
29.007290804037243
 20
8.17003132200339
 30
0.0
 11
25.78223672155765
 21
3.609197659935081
 31
0.0
  0
LINE
  5
CA
330
17
100
AcDbEntity
  8
SLOTS
100
AcDbLine
 10
25.57811379310039
 20
3.753536947996343
 30
0.0
 11
28.803167875579984
 21
8.314370610064652
 31
0.0
  0
ARC
  5
CB
330
17
100
AcDbEntity
  8
SLOTS
100
AcDbCircle
 10
25.68017525732902
 20
3.681367303965712
 30
0.0
 40
0.125
100
AcDbArc
 50
-215.26487268686088
 51
-35.26487268686088
  0
ARC
  5
CC
330
17
100
AcDbEntity
  8
SLOTS
100
AcDbCircle
 10
28.905229339808614
 20
8.242200966034021
 30
0.0
 40
0.125
100
AcDbArc
 50
-35.26487268686088
 51
144.73512731313912
  0
LINE
  5
CD
330
17
100
AcDbEntity
  8
SLOTS
100
AcDbLine
 10
29.51102080523505
 20
7.583377763287032
 30
0.0
 11
26.458823322049195
 21
3.2669958767881457
 31
0.0
  0
LINE
  5
CE
330
17
100
AcDbEntity
  8
SLOTS
100
AcDbLine
 10
26.254700393591936
 20
3.411335164849408
 30
0.0
 11
29.30689787677779
 21
7.727717051348295
 31
0.0
  0
ARC
  5
CF
330
17
100
AcDbEntity
  8
SLOTS
100
AcDbCircle
 10
26.356761857820565
 20
3.339165520818777
 30
0.0
 40
0.125
100
AcDbArc
 50
-215.26487268686088
 51
-35.26487268686088
  0
ARC
  5
D0
330
17
100
AcDbEntity
  8
SLOTS
100
AcDbCircle
 10
29.40895934100642
 20
7.6555474073176635
 30
0.0
 40
0.125
100
AcDbArc
 50
-35.26487268686088
 51
144.73512731313912
  0
LINE
  5
D1
330
17
100
AcDbEntity
  8
SLOTS
100
AcDbLine
 10
29.883053822001262
 20
6.810479873645632
 30
0.0
 11
27.13540992254074
 21
2.924794093641211
 31
0.0
  0
LINE
  5
D2
330
17
100
AcDbEntity
  8
SLOTS
100
AcDbLine
 10
26.931286994083482
 20
3.0691333817024735
 30
0.0
 11
29.678930893544003
 21
6.954819161706895
 31
0.0
  0
ARC
  5
D3
330
17
100
AcDbEntity
  8
SLOTS
100
AcDbCircle
 10
27.033348458312112
 20
2.9969637376718423
 30
0.0
 40
0.125
100
AcDbArc
 50
-215.26487268686088
 51
-35.26487268686088
  0
ARC
  5
D4
330
17
100
AcDbEntity
  8
SLOTS
100
AcDbCircle
 10
29.780992357772632
 20
6.882649517676263
 30
0.0
 40
0.125
100
AcDbArc
 50
-35.26487268686088
 51
144.73512731313912
  0
LINE
  5
D5
330
17
100
AcDbEntity
  8
SLOTS
100
AcDbLine
 10
30.255086838767475
 20
6.037581984004236
 30
0.0
 11
27.860789394095374
 21
2.6515946165400677
 31
0.0
  0
LINE
  5
D6
330
17
100
AcDbEntity
  8
SLOTS
100
AcDbLine
 10
27.656666465638114
 20
2.79593390460133
 30
0.0
 11
30.050963910310216
 21
6.181921272065498
 31
0.0
  0
ARC
  5
D7
330
17
100
AcDbEntity
  8
SLOTS
100
AcDbCircle
 10
27.758727929866744
 20
2.723764260570699
 30
0.0
 40
0.125
100
AcDbArc
 50
-215.26487268686088
 51
-35.26487268686088
  0
ARC
  5
D8
330
17
100
AcDbEntity
  8
SLOTS
100
AcDbCircle
 10
30.153025374538846
 20
6.109751628034867
 30
0.0
 40
0.125
100
AcDbArc
 50
-35.26487268686088
 51
144.73512731313912
  0
LINE
  5
D9
330
17
100
AcDbEntity
  8
SLOTS
100
AcDbLine
 10
30.627119855533685
 20
5.264684094362841
 30
0.0
 11
28.823051033212963
 21
2.713391122803703
 31
0.0
  0
LINE
  5
DA
330
17
100
AcDbEntity
  8
SLOTS
100
AcDbLine
 10
28.618928104755703
 20
2.8577304108649653
 30
0.0
 11
30.422996927076426
 21
5.409023382424103
 31
0.0
  0
ARC
  5
DB
330
17
100
AcDbEntity
  8
SLOTS
100
AcDbCircle
 10
28.720989568984333
 20
2.785560766834334
 30
0.0
 40
0.125
100
AcDbArc
 50
-215.26487268686083
 51
-35.264872686860826
  0
ARC
  5
DC
330
17
100
AcDbEntity
  8
SLOTS
100
AcDbCircle
 10
30.525058391305055
 20
5.336853738393472
 30
0.0
 40
0.125
100
AcDbArc
 50
-35.264872686860826
 51
144.73512731313917
  0
LINE
  5
DD
330
17
100
AcDbEntity
  8
SLOTS
100
AcDbLine
 10
28.072693980266113
 20
1.108464747350847
 30
0.0
 11
27.956868443231677
 21
1.976365578321198
 31
0.0
  0
LINE
  5
DE
330
17
100
AcDbEntity
  8
SLOTS
100
AcDbLine
 10
28.204671473235983
 20
2.0094360836195038
 30
0.0
 11
28.32049701027042
 21
1.141535252649153
 31
0.0
  0
ARC
  5
DF
330
17
100
AcDbEntity
  8
SLOTS
100
AcDbCircle
 10
28.08076995823383
 20
1.9929008309703509
 30
0.0
 40
0.125
100
AcDbArc
 50
7.601481561716383
 51
187.60148156171638
  0
ARC
  5
E0
330
17
100
AcDbEntity
  8
SLOTS
100
AcDbCircle
 10
28.196595495268266
 20
1.125
 30
0.0
 40
0.125
100
AcDbArc
 50
187.60148156171638
 51
367.60148156171635
  0
LINE
  5
E1
330
17
100
AcDbEntity
  8
SLOTS
100
AcDbLine
 10
27.316044636645326
 20
1.1084647473508464
 30
0.0
 11
27.26533974831085
 21
1.4884052669157593
 31
0.0
  0
LINE
  5
E2
330
17
100
AcDbEntity
  8
SLOTS
100
AcDbLine
 10
27.513142778315157
 20
1.5214757722140664
 30
0.0
 11
27.563847666649632
 21
1.1415352526491536
 31
0.0
  0
ARC
  5
E3
330
17
100
AcDbEntity
  8
SLOTS
100
AcDbCircle
 10
27.389241263313004
 20
1.5049405195649128
 30
0.0
 40
0.125
100
AcDbArc
 50
7.60148156171671
 51
187.6014815617167
  0
ARC
  5
E4
330
17
100
AcDbEntity
  8
SLOTS
100
AcDbCircle
 10
27.43994615164748
 20
1.125
 30
0.0
 40
0.125
100
AcDbArc
 50
187.6014815617167
 51
367.6014815617167
  0
LINE
  5
E5
330
17
100
AcDbEntity
  8
SLOTS
100
AcDbLine
 10
1.8340745485384096
 20
5.21746737942211
 30
0.0
 11
1.6474772445114971
 21
3.3606712548710242
 31
0.0
  0
LINE
  5
E6
330
17
100
AcDbEntity
  8
SLOTS
100
AcDbLine
 10
1.3987301489417434
 20
3.3856689036726997
 30
0.0
 11
1.5853274529686558
 21
5.242465028223786
 31
0.0
  0
ARC
  5
E7
330
17
100
AcDbEntity
  8
SLOTS
100
AcDbCircle
 10
1.5231036967266203
 20
3.373170079271862
 30
0.0
 40
0.125
100
AcDbArc
 50
-185.73862890790917
 51
-5.73862890790916
  0
ARC
  5
E8
330
17
100
AcDbEntity
  8
SLOTS
100
AcDbCircle
 10
1.7097010007535327
 20
5.229966203822948
 30
0.0
 40
0.125
100
AcDbArc
 50
-5.73862890790916
 51
174.26137109209083
  0
LINE
  5
E9
330
17
100
AcDbEntity
  8
SLOTS
100
AcDbLine
 10
2.483117277783413
 20
4.1752691148440055
 30
0.0
 11
2.428823118710375
 21
3.6349977284040484
 31
0.0
  0
LINE
  5
EA
330
17
100
AcDbEntity
  8
SLOTS
100
AcDbLine
 10
2.180076023140621
 20
3.659995377205724
 30
0.0
 11
2.2343701822136595
 21
4.200266763645682
 31
0.0
  0
ARC
  5
EB
330
17
100
AcDbEntity
  8
SLOTS
100
AcDbCircle
 10
2.304449570925498
 20
3.647496552804886
 30
0.0
 40
0.125
100
AcDbArc
 50
-185.73862890790915
 51
-5.7386289079091455
  0
ARC
  5
EC
330
17
100
AcDbEntity
  8
SLOTS
100
AcDbCircle
 10
2.3587437299985363
 20
4.187767939244844
 30
0.0
 40
0.125
100
AcDbArc
 50
-5.7386289079091455
 51
174.26137109209085
  0
LINE
  5
ED
330
17
100
AcDbEntity
  8
SLOTS
100
AcDbLine
 10
2.2836081362247382
 20
2.740469725529914
 30
0.0
 11
1.2298837057743544
 21
1.1152690712208726
 31
0.0
  0
LINE
  5
EE
330
17
100
AcDbEntity
  8
SLOTS
100
AcDbLine
 10
1.0201162942256456
 20
1.2512750749565706
 30
0.0
 11
2.07384072467603
 21
2.876475729265612
 31
0.0
  0
ARC
  5
EF
330
17
100
AcDbEntity
  8
SLOTS
100
AcDbCircle
 10
1.125
 20
1.1832720730887216
 30
0.0
 40
0.125
100
AcDbArc
 50
-212.95799343357274
 51
-32.95799343357274
  0
ARC
  5
F0
330
17
100
AcDbEntity
  8
SLOTS
100
AcDbCircle
 10
2.178724430450384
 20
2.808472727397763
 30
0.0
 40
0.125
100
AcDbArc
 50
-32.95799343357274
 51
147.04200656642726
  0
LINE
  5
F1
330
17
100
AcDbEntity
  8
SLOTS
100
AcDbLine
 10
3.3822746460487916
 20
3.056370705934711
 30
0.0
 11
2.0859492255994425
 21
1.056996998132151
 31
0.0
  0
LINE
  5
F2
330
17
100
AcDbEntity
  8
SLOTS
100
AcDbLine
 10
1.876181814050734
 20
1.193003001867849
 30
0.0
 11
3.1725072345000833
 21
3.192376709670409
 31
0.0
  0
ARC
  5
F3
330
17
100
AcDbEntity
  8
SLOTS
100
AcDbCircle
 10
1.9810655198250884
 20
1.125
 30
0.0
 40
0.125
100
AcDbArc
 50
-212.95799343357274
 51
-32.95799343357274
  0
ARC
  5
F4
330
17
100
AcDbEntity
  8
SLOTS
100
AcDbCircle
 10
3.2773909402744374
 20
3.12437370780256
 30
0.0
 40
0.125
100
AcDbArc
 50
-32.95799343357274
 51
147.04200656642726
  0
LINE
  5
F5
330
17
100
AcDbEntity
  8
SLOTS
100
AcDbLine
 10
4.088778788419364
 20
2.767424234991754
 30
0.0
 11
2.9797963614137766
 21
1.056996998132151
 31
0.0
  0
LINE
  5
F6
330
17
100
AcDbEntity
  8
SLOTS
100
AcDbLine
 10
2.7700289498650683
 20
1.193003001867849
 30
0.0
 11
3.879011376870656
 21
2.903430238727452
 31
0.0
  0
ARC
  5
F7
330
17
100
AcDbEntity
  8
SLOTS
100
AcDbCircle
 10
2.8749126556394224
 20
1.125
 30
0.0
 40
0.125
100
AcDbArc
 50
-212.95799343357274
 51
-32.95799343357274
  0
ARC
  5
F8
330
17
100
AcDbEntity
  8
SLOTS
100
AcDbCircle
 10
3.98389508264501
 20
2.835427236859603
 30
0.0
 40
0.125
100
AcDbArc
 50
-32.95799343357274
 51
147.04200656642726
  0
LINE
  5
F9
330
17
100
AcDbEntity
  8
SLOTS
100
AcDbLine
 10
28.494685948100823
 20
13.794388545128436
 30
0.0
 11
27.831614452294982
 21
15.711857637892969
 31
0.0
  0
LINE
  5
FA
330
17
100
AcDbEntity
  8
SLOTS
100
AcDbLine
 10
28.067886395517288
 20
15.793561792291356
 30
0.0
 11
28.73095789132313
 21
13.876092699526824
 31
0.0
  0
ARC
  5
FB
330
17
100
AcDbEntity
  8
SLOTS
100
AcDbCircle
 10
27.949750423906135
 20
15.752709715092163
 30
0.0
 40
0.125
100
AcDbArc
 50
19.075670599807836
 51
199.07567059980784
  0
ARC
  5
FC
330
17
100
AcDbEntity
  8
SLOTS
100
AcDbCircle
 10
28.612821919711976
 20
13.83524062232763
 30
0.0
 40
0.125
100
AcDbArc
 50
199.07567059980784
 51
379.07567059980784
  0
LINE
  5
FD
330
17
100
AcDbEntity
  8
SLOTS
100
AcDbLine
 10
27.978396883007697
 20
12.992527491569659
 30
0.0
 11
26.979242427495368
 21
15.881880750548921
 31
0.0
  0
LINE
  5
FE
330
17
100
AcDbEntity
  8
SLOTS
100
AcDbLine
 10
27.215514370717674
 20
15.963584904947309
 30
0.0
 11
28.214668826230003
 21
13.074231645968046
 31
0.0
  0
ARC
  5
FF
330
17
100
AcDbEntity
  8
SLOTS
100
AcDbCircle
 10
27.09737839910652
 20
15.922732827748115
 30
0.0
 40
0.125
100
AcDbArc
 50
19.07567059980788
 51
199.0756705998079
  0
ARC
  5
100
330
17
100
AcDbEntity
  8
SLOTS
100
AcDbCircle
 10
28.09653285461885
 20
13.033379568768853
 30
0.0
 40
0.125
100
AcDbArc
 50
199.0756705998079
 51
379.0756705998079
  0
LINE
  5
101
330
17
100
AcDbEntity
  8
SLOTS
100
AcDbLine
 10
27.462107817914568
 20
12.19066643801088
 30
0.0
 11
26.126870402695758
 21
16.051903863204874
 31
0.0
  0
LINE
  5
102
330
17
100
AcDbEntity
  8
SLOTS
100
AcDbLine
 10
26.363142345918064
 20
16.13360801760326
 30
0.0
 11
27.698379761136874
 21
12.272370592409267
 31
0.0
  0
ARC
  5
103
330
17
100
AcDbEntity
  8
SLOTS
100
AcDbCircle
 10
26.24500637430691
 20
16.092755940404068
 30
0.0
 40
0.125
100
AcDbArc
 50
19.075670599807808
 51
199.0756705998078
  0
ARC
  5
104
330
17
100
AcDbEntity
  8
SLOTS
100
AcDbCircle
 10
27.58024378952572
 20
12.231518515210073
 30
0.0
 40
0.125
100
AcDbArc
 50
199.0756705998078
 51
379.07567059980784
  0
LINE
  5
105
330
17
100
AcDbEntity
  8
SLOTS
100
AcDbLine
 10
26.94581875282144
 20
11.388805384452102
 30
0.0
 11
25.274498377896144
 21
16.22192697586083
 31
0.0
  0
LINE
  5
106
330
17
100
AcDbEntity
  8
SLOTS
100
AcDbLine
 10
25.51077032111845
 20
16.303631130259216
 30
0.0
 11
27.182090696043748
 21
11.47050953885049
 31
0.0
  0
ARC
  5
107
330
17
100
AcDbEntity
  8
SLOTS
100
AcDbCircle
 10
25.392634349507297
 20
16.262779053060022
 30
0.0
 40
0.125
100
AcDbArc
 50
19.075670599807836
 51
199.07567059980784
  0
ARC
  5
108
330
17
100
AcDbEntity
  8
SLOTS
100
AcDbCircle
 10
27.063954724432595
 20
11.429657461651296
 30
0.0
 40
0.125
100
AcDbArc
 50
199.07567059980784
 51
379.07567059980784
  0
LINE
  5
109
330
17
100
AcDbEntity
  8
SLOTS
100
AcDbLine
 10
26.344964388488645
 20
10.831490128198915
 30
0.0
 11
24.422126353096534
 21
16.39195008851678
 31
0.0
  0
LINE
  5
10A
330
17
100
AcDbEntity
  8
SLOTS
100
AcDbLine
 10
24.65839829631884
 20
16.473654242915167
 30
0.0
 11
26.58123633171095
 21
10.913194282597303
 31
0.0
  0
ARC
  5
10B
330
17
100
AcDbEntity
  8
SLOTS
100
AcDbCircle
 10
24.540262324707687
 20
16.432802165715973
 30
0.0
 40
0.125
100
AcDbArc
 50
19.075670599807808
 51
199.0756705998078
  0
ARC
  5
10C
330
17
100
AcDbEntity
  8
SLOTS
100
AcDbCircle
 10
26.463100360099798
 20
10.872342205398109
 30
0.0
 40
0.125
100
AcDbArc
 50
199.0756705998078
 51
379.07567059980784
  0
LINE
  5
10D
330
17
100
AcDbEntity
  8
SLOTS
100
AcDbLine
 10
24.951480983005194
 20
12.566298267458134
 30
0.0
 11
23.56975432829692
 21
16.561973201172734
 31
0.0
  0
LINE
  5
10E
330
17
100
AcDbEntity
  8
SLOTS
100
AcDbLine
 10
23.806026271519226
 20
16.64367735557112
 30
0.0
 11
25.1877529262275
 21
12.648002421856521
 31
0.0
  0
ARC
  5
10F
330
17
100
AcDbEntity
  8
SLOTS
100
AcDbCircle
 10
23.687890299908073
 20
16.602825278371927
 30
0.0
 40
0.125
100
AcDbArc
 50
19.07567059980785
 51
199.07567059980784
  0
ARC
  5
110
330
17
100
AcDbEntity
  8
SLOTS
100
AcDbCircle
 10
25.069616954616347
 20
12.607150344657327
 30
0.0
 40
0.125
100
AcDbArc
 50
199.07567059980784
 51
379.07567059980784
  0
LINE
  5
111
330
17
100
AcDbEntity
  8
SLOTS
100
AcDbLine
 10
22.72476601162773
 20
16.710644118447608
 30
0.0
 11
22.717382303497313
 21
16.73199631382867
 31
0.0
  0
LINE
  5
112
330
17
100
AcDbEntity
  8
SLOTS
100
AcDbLine
 10
22.953654246719605
 20
16.813700468227086
 30
0.0
 11
22.96103795485002
 21
16.792348272846024
 31
0.0
  0
ARC
  5
113
330
17
100
AcDbEntity
  8
SLOTS
100
AcDbCircle
 10
22.83551827510846
 20
16.77284839102788
 30
0.0
 40
0.125
100
AcDbArc
 50
19.075670599815595
 51
199.0756705998156
  0
ARC
  5
114
330
17
100
AcDbEntity
  8
SLOTS
100
AcDbCircle
 10
22.842901983238875
 20
16.751496195646816
 30
0.0
 40
0.125
100
AcDbArc
 50
199.0756705998156
 51
379.07567059981557
  0
LINE
  5
115
330
17
100
AcDbEntity
  8
SLOTS
100
AcDbLine
 10
19.898019033618684
 20
9.153767555851765
 30
0.0
 11
17.984318890256635
 21
4.78928589422482
 31
0.0
  0
LINE
  5
116
330
17
100
AcDbEntity
  8
SLOTS
100
AcDbLine
 10
17.75536129960386
 20
4.88967723689178
 30
0.0
 11
19.66906144296591
 21
9.254158898518725
 31
0.0
  0
ARC
  5
117
330
17
100
AcDbEntity
  8
SLOTS
100
AcDbCircle
 10
17.869840094930247
 20
4.8394815655583
 30
0.0
 40
0.125
100
AcDbArc
 50
-203.67607389229605
 51
-23.676073892296046
  0
ARC
  5
118
330
17
100
AcDbEntity
  8
SLOTS
100
AcDbCircle
 10
19.783540238292296
 20
9.203963227185245
 30
0.0
 40
0.125
100
AcDbArc
 50
-23.676073892296046
 51
156.32392610770395
  0
LINE
  5
119
330
17
100
AcDbEntity
  8
SLOTS
100
AcDbLine
 10
20.80017388556281
 20
9.3435767644013
 30
0.0
 11
18.27850051456798
 21
3.592520506974995
 31
0.0
  0
LINE
  5
11A
330
17
100
AcDbEntity
  8
SLOTS
100
AcDbLine
 10
18.049542923915205
 20
3.6929118496419546
 30
0.0
 11
20.571216294910034
 21
9.44396810706826
 31
0.0
  0
ARC
  5
11B
330
17
100
AcDbEntity
  8
SLOTS
100
AcDbCircle
 10
18.164021719241592
 20
3.6427161783084747
 30
0.0
 40
0.125
100
AcDbArc
 50
-203.67607389229605
 51
-23.676073892296046
  0
ARC
  5
11C
330
17
100
AcDbEntity
  8
SLOTS
100
AcDbCircle
 10
20.685695090236422
 20
9.39377243573478
 30
0.0
 40
0.125
100
AcDbArc
 50
-23.676073892296046
 51
156.32392610770395
  0
LINE
  5
11D
330
17
100
AcDbEntity
  8
SLOTS
100
AcDbLine
 10
21.702328737506935
 20
9.533385972950835
 30
0.0
 11
18.78904680892987
 21
2.889207366115538
 31
0.0
  0
LINE
  5
11E
330
17
100
AcDbEntity
  8
SLOTS
100
AcDbLine
 10
18.560089218277096
 20
2.989598708782498
 30
0.0
 11
21.47337114685416
 21
9.633777315617795
 31
0.0
  0
ARC
  5
11F
330
17
100
AcDbEntity
  8
SLOTS
100
AcDbCircle
 10
18.674568013603484
 20
2.939403037449018
 30
0.0
 40
0.125
100
AcDbArc
 50
-203.67607389229607
 51
-23.67607389229606
  0
ARC
  5
120
330
17
100
AcDbEntity
  8
SLOTS
100
AcDbCircle
 10
21.587849942180547
 20
9.583581644284315
 30
0.0
 40
0.125
100
AcDbArc
 50
-23.67607389229606
 51
156.32392610770393
  0
LINE
  5
121
330
17
100
AcDbEntity
  8
SLOTS
100
AcDbLine
 10
22.60448358945106
 20
9.723195181500373
 30
0.0
 11
19.765728386390418
 21
3.2489860068907856
 31
0.0
  0
LINE
  5
122
330
17
100
AcDbEntity
  8
SLOTS
100
AcDbLine
 10
19.53677079573764
 20
3.3493773495577446
 30
0.0
 11
22.375525998798285
 21
9.823586524167332
 31
0.0
  0
ARC
  5
123
330
17
100
AcDbEntity
  8
SLOTS
100
AcDbCircle
 10
19.65124959106403
 20
3.299181678224265
 30
0.0
 40
0.125
100
AcDbArc
 50
-203.67607389229602
 51
-23.67607389229603
  0
ARC
  5
124
330
17
100
AcDbEntity
  8
SLOTS
100
AcDbCircle
 10
22.490004794124673
 20
9.773390852833852
 30
0.0
 40
0.125
100
AcDbArc
 50
-23.67607389229603
 51
156.32392610770398
  0
LINE
  5
125
330
17
100
AcDbEntity
  8
SLOTS
100
AcDbLine
 10
23.506638441395186
 20
9.913004390049908
 30
0.0
 11
20.79105814277979
 21
3.7197141532836717
 31
0.0
  0
LINE
  5
126
330
17
100
AcDbEntity
  8
SLOTS
100
AcDbLine
 10
20.562100552127013
 20
3.8201054959506315
 30
0.0
 11
23.27768085074241
 21
10.013395732716868
 31
0.0
  0
ARC
  5
127
330
17
100
AcDbEntity
  8
SLOTS
100
AcDbCircle
 10
20.6765793474534
 20
3.7699098246171516
 30
0.0
 40
0.125
100
AcDbArc
 50
-203.67607389229602
 51
-23.67607389229603
  0
ARC
  5
128
330
17
100
AcDbEntity
  8
SLOTS
100
AcDbCircle
 10
23.392159646068798
 20
9.963200061383388
 30
0.0
 40
0.125
100
AcDbArc
 50
-23.67607389229603
 51
156.32392610770398
  0
LINE
  5
129
330
17
100
AcDbEntity
  8
SLOTS
100
AcDbLine
 10
24.408793293339315
 20
10.102813598599445
 30
0.0
 11
21.816387899169165
 21
4.190442299676558
 31
0.0
  0
LINE
  5
12A
330
17
100
AcDbEntity
  8
SLOTS
100
AcDbLine
 10
21.58743030851639
 20
4.290833642343518
 30
0.0
 11
24.17983570268654
 21
10.203204941266405
 31
0.0
  0
ARC
  5
12B
330
17
100
AcDbEntity
  8
SLOTS
100
AcDbCircle
 10
21.701909103842777
 20
4.240637971010038
 30
0.0
 40
0.125
100
AcDbArc
 50
-203.67607389229602
 51
-23.67607389229603
  0
ARC
  5
12C
330
17
100
AcDbEntity
  8
SLOTS
100
AcDbCircle
 10
24.294314498012927
 20
10.153009269932925
 30
0.0
 40
0.125
100
AcDbArc
 50
-23.67607389229603
 51
156.32392610770398
  0
LINE
  5
12D
330
17
100
AcDbEntity
  8
SLOTS
100
AcDbLine
 10
25.288800178751764
 20
10.24211103073243
 30
0.0
 11
22.841717655558536
 21
4.661170446069445
 31
0.0
  0
LINE
  5
12E
330
17
100
AcDbEntity
  8
SLOTS
100
AcDbLine
 10
22.61276006490576
 20
4.761561788736405
 30
0.0
 11
25.059842588098988
 21
10.34250237339939
 31
0.0
  0
ARC
  5
12F
330
17
100
AcDbEntity
  8
SLOTS
100
AcDbCircle
 10
22.72723886023215
 20
4.711366117402925
 30
0.0
 40
0.125
100
AcDbArc
 50
-203.67607389229605
 51
-23.676073892296046
  0
ARC
  5
130
330
17
100
AcDbEntity
  8
SLOTS
100
AcDbCircle
 10
25.174321383425376
 20
10.29230670206591
 30
0.0
 40
0.125
100
AcDbArc
 50
-23.676073892296046
 51
156.32392610770395
  0
LINE
  5
131
330
17
100
AcDbEntity
  8
SLOTS
100
AcDbLine
 10
32.90668594167032
 20
13.6722207592446
 30
0.0
 11
32.01871172301953
 21
14.346168511886914
 31
0.0
  0
LINE
  5
132
330
17
100
AcDbEntity
  8
SLOTS
100
AcDbLine
 10
32.16985277035368
 20
14.545307618570503
 30
0.0
 11
33.05782698900447
 21
13.87135986592819
 31
0.0
  0
ARC
  5
133
330
17
100
AcDbEntity
  8
SLOTS
100
AcDbCircle
 10
32.0942822466866
 20
14.445738065228708
 30
0.0
 40
0.125
100
AcDbArc
 50
52.80251221188493
 51
232.80251221188493
  0
ARC
  5
134
330
17
100
AcDbEntity
  8
SLOTS
100
AcDbCircle
 10
32.98225646533739
 20
13.771790312586395
 30
0.0
 40
0.125
100
AcDbArc
 50
232.80251221188493
 51
412.80251221188496
  0
LINE
  5
135
330
17
100
AcDbEntity
  8
SLOTS
100
AcDbLine
 10
33.61398197858302
 20
12.193849842064322
 30
0.0
 11
31.044992966652856
 21
14.143641102652724
 31
0.0
  0
LINE
  5
136
330
17
100
AcDbEntity
  8
SLOTS
100
AcDbLine
 10
31.196134013987006
 20
14.342780209336313
 30
0.0
 11
33.76512302591717
 21
12.392988948747911
 31
0.0
  0
ARC
  5
137
330
17
100
AcDbEntity
  8
SLOTS
100
AcDbCircle
 10
31.12056349031993
 20
14.243210655994519
 30
0.0
 40
0.125
100
AcDbArc
 50
52.802512211885016
 51
232.80251221188502
  0
ARC
  5
138
330
17
100
AcDbEntity
  8
SLOTS
100
AcDbCircle
 10
33.689552502250095
 20
12.293419395406117
 30
0.0
 40
0.125
100
AcDbArc
 50
232.80251221188502
 51
412.802512211885
  0
LINE
  5
139
330
17
100
AcDbEntity
  8
SLOTS
100
AcDbLine
 10
34.068894986445386
 20
10.907030629495434
 30
0.0
 11
30.071274210286177
 21
13.941113693418535
 31
0.0
  0
LINE
  5
13A
330
17
100
AcDbEntity
  8
SLOTS
100
AcDbLine
 10
30.222415257620327
 20
14.140252800102123
 30
0.0
 11
34.220036033779536
 21
11.106169736179023
 31
0.0
  0
ARC
  5
13B
330
17
100
AcDbEntity
  8
SLOTS
100
AcDbCircle
 10
30.14684473395325
 20
14.040683246760329
 30
0.0
 40
0.125
100
AcDbArc
 50
52.802512211885016
 51
232.80251221188502
  0
ARC
  5
13C
330
17
100
AcDbEntity
  8
SLOTS
100
AcDbCircle
 10
34.14446551011246
 20
11.006600182837229
 30
0.0
 40
0.125
100
AcDbArc
 50
232.80251221188502
 51
412.802512211885
  0
LINE
  5
13D
330
17
100
AcDbEntity
  8
SLOTS
100
AcDbLine
 10
33.458601196269676
 20
10.428673771529436
 30
0.0
 11
29.321639081075226
 21
13.568513039090583
 31
0.0
  0
LINE
  5
13E
330
17
100
AcDbEntity
  8
SLOTS
100
AcDbLine
 10
29.472780128409376
 20
13.767652145774171
 30
0.0
 11
33.609742243603826
 21
10.627812878213025
 31
0.0
  0
ARC
  5
13F
330
17
100
AcDbEntity
  8
SLOTS
100
AcDbCircle
 10
29.3972096047423
 20
13.668082592432377
 30
0.0
 40
0.125
100
AcDbArc
 50
52.802512211885045
 51
232.80251221188504
  0
ARC
  5
140
330
17
100
AcDbEntity
  8
SLOTS
100
AcDbCircle
 10
33.53417171993675
 20
10.52824332487123
 30
0.0
 40
0.125
100
AcDbArc
 50
232.80251221188504
 51
412.8025122118851
  0
LINE
  5
141
330
17
100
AcDbEntity
  8
SLOTS
100
AcDbLine
 10
32.71892188805796
 20
10.048516925763469
 30
0.0
 11
28.91441000955217
 21
12.936035703409766
 31
0.0
  0
LINE
  5
142
330
17
100
AcDbEntity
  8
SLOTS
100
AcDbLine
 10
29.06555105688632
 20
13.135174810093355
 30
0.0
 11
32.87006293539211
 21
10.247656032447058
 31
0.0
  0
ARC
  5
143
330
17
100
AcDbEntity
  8
SLOTS
100
AcDbCircle
 10
28.989980533219246
 20
13.03560525675156
 30
0.0
 40
0.125
100
AcDbArc
 50
52.802512211885016
 51
232.80251221188502
  0
ARC
  5
144
330
17
100
AcDbEntity
  8
SLOTS
100
AcDbCircle
 10
32.79449241172504
 20
10.148086479105263
 30
0.0
 40
0.125
100
AcDbArc
 50
232.80251221188502
 51
412.802512211885
  0
LINE
  5
145
330
17
100
AcDbEntity
  8
SLOTS
100
AcDbLine
 10
31.97924257984625
 20
9.668360079997502
 30
0.0
 11
28.507180938029116
 21
12.303558367728948
 31
0.0
  0
LINE
  5
146
330
17
100
AcDbEntity
  8
SLOTS
100
AcDbLine
 10
28.658321985363266
 20
12.502697474412537
 30
0.0
 11
32.1303836271804
 21
9.86749918668109
 31
0.0
  0
ARC
  5
147
330
17
100
AcDbEntity
  8
SLOTS
100
AcDbCircle
 10
28.58275146169619
 20
12.403127921070743
 30
0.0
 40
0.125
100
AcDbArc
 50
52.802512211885016
 51
232.80251221188502
  0
ARC
  5
148
330
17
100
AcDbEntity
  8
SLOTS
100
AcDbCircle
 10
32.054813103513325
 20
9.767929633339296
 30
0.0
 40
0.125
100
AcDbArc
 50
232.80251221188502
 51
412.802512211885
  0
LINE
  5
149
330
17
100
AcDbEntity
  8
SLOTS
100
AcDbLine
 10
31.239563271634545
 20
9.288203234231537
 30
0.0
 11
28.09995186650606
 21
11.671081032048132
 31
0.0
  0
LINE
  5
14A
330
17
100
AcDbEntity
  8
SLOTS
100
AcDbLine
 10
28.25109291384021
 20
11.870220138731721
 30
0.0
 11
31.390704318968695
 21
9.487342340915125
 31
0.0
  0
ARC
  5
14B
330
17
100
AcDbEntity
  8
SLOTS
100
AcDbCircle
 10
28.175522390173136
 20
11.770650585389927
 30
0.0
 40
0.125
100
AcDbArc
 50
52.802512211885045
 51
232.80251221188504
  0
ARC
  5
14C
330
17
100
AcDbEntity
  8
SLOTS
100
AcDbCircle
 10
31.31513379530162
 20
9.387772787573331
 30
0.0
 40
0.125
100
AcDbArc
 50
232.80251221188504
 51
412.8025122118851
  0
LINE
  5
14D
330
17
100
AcDbEntity
  8
SLOTS
100
AcDbLine
 10
30.499883963422832
 20
8.90804638846557
 30
0.0
 11
27.692722794983005
 21
11.038603696367316
 31
0.0
  0
LINE
  5
14E
330
17
100
AcDbEntity
  8
SLOTS
100
AcDbLine
 10
27.843863842317155
 20
11.237742803050905
 30
0.0
 11
30.65102501075698
 21
9.107185495149158
 31
0.0
  0
ARC
  5
14F
330
17
100
AcDbEntity
  8
SLOTS
100
AcDbCircle
 10
27.76829331865008
 20
11.13817324970911
 30
0.0
 40
0.125
100
AcDbArc
 50
52.802512211885016
 51
232.80251221188502
  0
ARC
  5
150
330
17
100
AcDbEntity
  8
SLOTS
100
AcDbCircle
 10
30.575454487089907
 20
9.007615941807364
 30
0.0
 40
0.125
100
AcDbArc
 50
232.80251221188502
 51
412.802512211885
  0
LINE
  5
151
330
17
100
AcDbEntity
  8
SLOTS
100
AcDbLine
 10
29.76020465521112
 20
8.527889542699604
 30
0.0
 11
28.458774698731894
 21
9.515638709249997
 31
0.0
  0
LINE
  5
152
330
17
100
AcDbEntity
  8
SLOTS
100
AcDbLine
 10
28.609915746066044
 20
9.714777815933585
 30
0.0
 11
29.91134570254527
 21
8.727028649383193
 31
0.0
  0
ARC
  5
153
330
17
100
AcDbEntity
  8
SLOTS
100
AcDbCircle
 10
28.53434522239897
 20
9.615208262591791
 30
0.0
 40
0.125
100
AcDbArc
 50
52.802512211885045
 51
232.80251221188504
  0
ARC
  5
154
330
17
100
AcDbEntity
  8
SLOTS
100
AcDbCircle
 10
29.835775178878194
 20
8.627459096041399
 30
0.0
 40
0.125
100
AcDbArc
 50
232.80251221188504
 51
412.8025122118851
  0
LINE
  5
155
330
17
100
AcDbEntity
  8
SLOTS
100
AcDbLine
 10
19.320192963470898
 20
2.286902760516462
 30
0.0
 11
19.420253090711356
 21
1.7139366755568797
 31
0.0
  0
LINE
  5
156
330
17
100
AcDbEntity
  8
SLOTS
100
AcDbLine
 10
19.173980240328767
 20
1.6709287325179996
 30
0.0
 11
19.07392011308831
 21
2.2438948174775817
 31
0.0
  0
ARC
  5
157
330
17
100
AcDbEntity
  8
SLOTS
100
AcDbCircle
 10
19.29711666552006
 20
1.6924327040374396
 30
0.0
 40
0.125
100
AcDbArc
 50
-170.09402835955967
 51
9.905971640440342
  0
ARC
  5
158
330
17
100
AcDbEntity
  8
SLOTS
100
AcDbCircle
 10
19.197056538279604
 20
2.2653987889970217
 30
0.0
 40
0.125
100
AcDbArc
 50
9.905971640440342
 51
189.90597164044033
  0
LINE
  5
159
330
17
100
AcDbEntity
  8
SLOTS
100
AcDbLine
 10
20.02503310616448
 20
2.6104943580546203
 30
0.0
 11
20.280697565546664
 21
1.1465039715194403
 31
0.0
  0
LINE
  5
15A
330
17
100
AcDbEntity
  8
SLOTS
100
AcDbLine
 10
20.034424715164075
 20
1.1034960284805597
 30
0.0
 11
19.77876025578189
 21
2.5674864150157393
 31
0.0
  0
ARC
  5
15B
330
17
100
AcDbEntity
  8
SLOTS
100
AcDbCircle
 10
20.15756114035537
 20
1.125
 30
0.0
 40
0.125
100
AcDbArc
 50
-170.0940283595595
 51
9.905971640440484
  0
ARC
  5
15C
330
17
100
AcDbEntity
  8
SLOTS
100
AcDbCircle
 10
19.901896680973184
 20
2.5889903865351798
 30
0.0
 40
0.125
100
AcDbArc
 50
9.905971640440484
 51
189.9059716404405
  0
LINE
  5
15D
330
17
100
AcDbEntity
  8
SLOTS
100
AcDbLine
 10
20.729873248858066
 20
2.9340859555927796
 30
0.0
 11
21.042048237001993
 21
1.1465039715194403
 31
0.0
  0
LINE
  5
15E
330
17
100
AcDbEntity
  8
SLOTS
100
AcDbLine
 10
20.795775386619404
 20
1.1034960284805597
 30
0.0
 11
20.483600398475478
 21
2.8910780125538986
 31
0.0
  0
ARC
  5
15F
330
17
100
AcDbEntity
  8
SLOTS
100
AcDbCircle
 10
20.9189118118107
 20
1.125
 30
0.0
 40
0.125
100
AcDbArc
 50
-170.09402835955956
 51
9.905971640440441
  0
ARC
  5
160
330
17
100
AcDbEntity
  8
SLOTS
100
AcDbCircle
 10
20.606736823666772
 20
2.912581984073339
 30
0.0
 40
0.125
100
AcDbArc
 50
9.905971640440441
 51
189.90597164044044
  0
LINE
  5
161
330
17
100
AcDbEntity
  8
SLOTS
100
AcDbLine
 10
21.43471339155165
 20
3.257677553130937
 30
0.0
 11
21.803398908457314
 21
1.14650397151944
 31
0.0
  0
LINE
  5
162
330
17
100
AcDbEntity
  8
SLOTS
100
AcDbLine
 10
21.557126058074726
 20
1.10349602848056
 30
0.0
 11
21.18844054116906
 21
3.214669610092057
 31
0.0
  0
ARC
  5
163
330
17
100
AcDbEntity
  8
SLOTS
100
AcDbCircle
 10
21.68026248326602
 20
1.125
 30
0.0
 40
0.125
100
AcDbArc
 50
-170.09402835955967
 51
9.905971640440328
  0
ARC
  5
164
330
17
100
AcDbEntity
  8
SLOTS
100
AcDbCircle
 10
21.311576966360356
 20
3.236173581611497
 30
0.0
 40
0.125
100
AcDbArc
 50
9.905971640440328
 51
189.90597164044033
  0
LINE
  5
165
330
17
100
AcDbEntity
  8
SLOTS
100
AcDbLine
 10
22.13955353424523
 20
3.5812691506690952
 30
0.0
 11
22.56474957991264
 21
1.1465039715194403
 31
0.0
  0
LINE
  5
166
330
17
100
AcDbEntity
  8
SLOTS
100
AcDbLine
 10
22.31847672953005
 20
1.1034960284805597
 30
0.0
 11
21.893280683862642
 21
3.538261207630215
 31
0.0
  0
ARC
  5
167
330
17
100
AcDbEntity
  8
SLOTS
100
AcDbCircle
 10
22.441613154721345
 20
1.125
 30
0.0
 40
0.125
100
AcDbArc
 50
-170.09402835955962
 51
9.905971640440399
  0
ARC
  5
168
330
17
100
AcDbEntity
  8
SLOTS
100
AcDbCircle
 10
22.016417109053936
 20
3.559765179149655
 30
0.0
 40
0.125
100
AcDbArc
 50
9.905971640440399
 51
189.90597164044038
  0
LINE
  5
169
330
17
100
AcDbEntity
  8
SLOTS
100
AcDbLine
 10
22.844393676938815
 20
3.9048607482072533
 30
0.0
 11
23.326100251367965
 21
1.14650397151944
 31
0.0
  0
LINE
  5
16A
330
17
100
AcDbEntity
  8
SLOTS
100
AcDbLine
 10
23.079827400985376
 20
1.10349602848056
 30
0.0
 11
22.598120826556226
 21
3.861852805168373
 31
0.0
  0
ARC
  5
16B
330
17
100
AcDbEntity
  8
SLOTS
100
AcDbCircle
 10
23.20296382617667
 20
1.125
 30
0.0
 40
0.125
100
AcDbArc
 50
-170.09402835955962
 51
9.905971640440384
  0
ARC
  5
16C
330
17
100
AcDbEntity
  8
SLOTS
100
AcDbCircle
 10
22.72125725174752
 20
3.883356776687813
 30
0.0
 40
0.125
100
AcDbArc
 50
9.905971640440384
 51
189.90597164044038
  0
LINE
  5
16D
330
17
100
AcDbEntity
  8
SLOTS
100
AcDbLine
 10
23.592523814835317
 20
3.980564403231302
 30
0.0
 11
24.08745092282329
 21
1.1465039715194403
 31
0.0
  0
LINE
  5
16E
330
17
100
AcDbEntity
  8
SLOTS
100
AcDbLine
 10
23.8411780724407
 20
1.1034960284805597
 30
0.0
 11
23.34625096445273
 21
3.937556460192422
 31
0.0
  0
ARC
  5
16F
330
17
100
AcDbEntity
  8
SLOTS
100
AcDbCircle
 10
23.964314497631996
 20
1.125
 30
0.0
 40
0.125
100
AcDbArc
 50
-170.09402835955956
 51
9.905971640440441
  0
ARC
  5
170
330
17
100
AcDbEntity
  8
SLOTS
100
AcDbCircle
 10
23.469387389644023
 20
3.959060431711862
 30
0.0
 40
0.125
100
AcDbArc
 50
9.905971640440441
 51
189.90597164044044
  0
LINE
  5
171
330
17
100
AcDbEntity
  8
SLOTS
100
AcDbLine
 10
24.42763711975465
 20
3.5581834960931684
 30
0.0
 11
24.848801594278616
 21
1.1465039715194403
 31
0.0
  0
LINE
  5
172
330
17
100
AcDbEntity
  8
SLOTS
100
AcDbLine
 10
24.602528743896027
 20
1.1034960284805597
 30
0.0
 11
24.18136426937206
 21
3.5151755530542874
 31
0.0
  0
ARC
  5
173
330
17
100
AcDbEntity
  8
SLOTS
100
AcDbCircle
 10
24.72566516908732
 20
1.125
 30
0.0
 40
0.125
100
AcDbArc
 50
-170.0940283595595
 51
9.905971640440484
  0
ARC
  5
174
330
17
100
AcDbEntity
  8
SLOTS
100
AcDbCircle
 10
24.304500694563355
 20
3.536679524573728
 30
0.0
 40
0.125
100
AcDbArc
 50
9.905971640440484
 51
189.9059716404405
  0
LINE
  5
175
330
17
100
AcDbEntity
  8
SLOTS
100
AcDbLine
 10
25.262750424673985
 20
3.135802588955034
 30
0.0
 11
25.610152265733937
 21
1.14650397151944
 31
0.0
  0
LINE
  5
176
330
17
100
AcDbEntity
  8
SLOTS
100
AcDbLine
 10
25.36387941535135
 20
1.10349602848056
 30
0.0
 11
25.016477574291397
 21
3.092794645916154
 31
0.0
  0
ARC
  5
177
330
17
100
AcDbEntity
  8
SLOTS
100
AcDbCircle
 10
25.487015840542643
 20
1.125
 30
0.0
 40
0.125
100
AcDbArc
 50
-170.09402835955964
 51
9.905971640440356
  0
ARC
  5
178
330
17
100
AcDbEntity
  8
SLOTS
100
AcDbCircle
 10
25.13961399948269
 20
3.114298617435594
 30
0.0
 40
0.125
100
AcDbArc
 50
9.905971640440356
 51
189.90597164044036
  0
LINE
  5
179
330
17
100
AcDbEntity
  8
SLOTS
100
AcDbLine
 10
26.09786372959332
 20
2.713421681816898
 30
0.0
 11
26.362008225597485
 21
1.200872758353879
 31
0.0
  0
LINE
  5
17A
330
17
100
AcDbEntity
  8
SLOTS
100
AcDbLine
 10
26.115735375214896
 20
1.1578648153149984
 30
0.0
 11
25.851590879210733
 21
2.670413738778018
 31
0.0
  0
ARC
  5
17B
330
17
100
AcDbEntity
  8
SLOTS
100
AcDbCircle
 10
26.23887180040619
 20
1.1793687868344387
 30
0.0
 40
0.125
100
AcDbArc
 50
-170.09402835955956
 51
9.905971640440427
  0
ARC
  5
17C
330
17
100
AcDbEntity
  8
SLOTS
100
AcDbCircle
 10
25.974727304402027
 20
2.691917710297458
 30
0.0
 40
0.125
100
AcDbArc
 50
9.905971640440427
 51
189.90597164044044
  0
LINE
  5
17D
330
17
100
AcDbEntity
  8
SLOTS
100
AcDbLine
 10
26.932977034512657
 20
2.2910407746787635
 30
0.0
 11
26.972926873742708
 21
2.0622792928609375
 31
0.0
  0
LINE
  5
17E
330
17
100
AcDbEntity
  8
SLOTS
100
AcDbLine
 10
26.72665402336012
 20
2.0192713498220582
 30
0.0
 11
26.68670418413007
 21
2.2480328316398843
 31
0.0
  0
ARC
  5
17F
330
17
100
AcDbEntity
  8
SLOTS
100
AcDbCircle
 10
26.849790448551413
 20
2.040775321341498
 30
0.0
 40
0.125
100
AcDbArc
 50
-170.0940283595598
 51
9.905971640440214
  0
ARC
  5
180
330
17
100
AcDbEntity
  8
SLOTS
100
AcDbCircle
 10
26.809840609321363
 20
2.269536803159324
 30
0.0
 40
0.125
100
AcDbArc
 50
9.905971640440214
 51
189.9059716404402
  0
LINE
  5
181
330
17
100
AcDbEntity
  8
SLOTS
100
AcDbLine
 10
34.17098981013962
 20
5.854864468425403
 30
0.0
 11
34.7715809482159
 21
6.407597810018575
 31
0.0
  0
LINE
  5
182
330
17
100
AcDbEntity
  8
SLOTS
100
AcDbLine
 10
34.940876512539674
 20
6.223643979125344
 30
0.0
 11
34.3402853744634
 21
5.670910637532173
 31
0.0
  0
ARC
  5
183
330
17
100
AcDbEntity
  8
SLOTS
100
AcDbCircle
 10
34.85622873037779
 20
6.31562089457196
 30
0.0
 40
0.125
100
AcDbArc
 50
-47.37615484844241
 51
132.6238451515576
  0
ARC
  5
184
330
17
100
AcDbEntity
  8
SLOTS
100
AcDbCircle
 10
34.25563759230151
 20
5.762887552978788
 30
0.0
 40
0.125
100
AcDbArc
 50
132.6238451515576
 51
312.6238451515576
  0
LINE
  5
185
330
17
100
AcDbEntity
  8
SLOTS
100
AcDbLine
 10
32.99454165973727
 20
5.791438480157738
 30
0.0
 11
34.580951547919256
 21
7.251436110891879
 31
0.0
  0
LINE
  5
186
330
17
100
AcDbEntity
  8
SLOTS
100
AcDbLine
 10
34.75024711224303
 20
7.06748227999865
 30
0.0
 11
33.16383722406105
 21
5.607484649264509
 31
0.0
  0
ARC
  5
187
330
17
100
AcDbEntity
  8
SLOTS
100
AcDbCircle
 10
34.66559933008114
 20
7.159459195445264
 30
0.0
 40
0.125
100
AcDbArc
 50
-47.3761548484422
 51
132.62384515155782
  0
ARC
  5
188
330
17
100
AcDbEntity
  8
SLOTS
100
AcDbCircle
 10
33.07918944189916
 20
5.6994615647111235
 30
0.0
 40
0.125
100
AcDbArc
 50
132.62384515155782
 51
312.6238451515578
  0
LINE
  5
189
330
17
100
AcDbEntity
  8
SLOTS
100
AcDbLine
 10
31.818093509334936
 20
5.728012491890074
 30
0.0
 11
34.39032214762261
 21
8.095274411765175
 31
0.0
  0
LINE
  5
18A
330
17
100
AcDbEntity
  8
SLOTS
100
AcDbLine
 10
34.55961771194639
 20
7.911320580871945
 30
0.0
 11
31.98738907365871
 21
5.544058660996845
 31
0.0
  0
ARC
  5
18B
330
17
100
AcDbEntity
  8
SLOTS
100
AcDbCircle
 10
34.4749699297845
 20
8.00329749631856
 30
0.0
 40
0.125
100
AcDbArc
 50
-47.37615484844212
 51
132.62384515155787
  0
ARC
  5
18C
330
17
100
AcDbEntity
  8
SLOTS
100
AcDbCircle
 10
31.902741291496824
 20
5.63603557644346
 30
0.0
 40
0.125
100
AcDbArc
 50
132.62384515155787
 51
312.6238451515579
  0
LINE
  5
18D
330
17
100
AcDbEntity
  8
SLOTS
100
AcDbLine
 10
31.000377804248103
 20
5.994733538212778
 30
0.0
 11
34.19969274732597
 21
8.93911271263848
 31
0.0
  0
LINE
  5
18E
330
17
100
AcDbEntity
  8
SLOTS
100
AcDbLine
 10
34.368988311649744
 20
8.755158881745249
 30
0.0
 11
31.16967336857188
 21
5.81077970731955
 31
0.0
  0
ARC
  5
18F
330
17
100
AcDbEntity
  8
SLOTS
100
AcDbCircle
 10
34.28434052948786
 20
8.847135797191864
 30
0.0
 40
0.125
100
AcDbArc
 50
-47.3761548484421
 51
132.6238451515579
  0
ARC
  5
190
330
17
100
AcDbEntity
  8
SLOTS
100
AcDbCircle
 10
31.08502558640999
 20
5.902756622766164
 30
0.0
 40
0.125
100
AcDbArc
 50
132.6238451515579
 51
312.62384515155793
  0
LINE
  5
191
330
17
100
AcDbEntity
  8
SLOTS
100
AcDbLine
 10
30.660370844874624
 20
6.701097354111106
 30
0.0
 11
34.009063347029326
 21
9.782951013511783
 31
0.0
  0
LINE
  5
192
330
17
100
AcDbEntity
  8
SLOTS
100
AcDbLine
 10
34.1783589113531
 20
9.598997182618552
 30
0.0
 11
30.8296664091984
 21
6.517143523217877
 31
0.0
  0
ARC
  5
193
330
17
100
AcDbEntity
  8
SLOTS
100
AcDbCircle
 10
34.09371112919121
 20
9.690974098065167
 30
0.0
 40
0.125
100
AcDbArc
 50
-47.37615484844212
 51
132.62384515155787
  0
ARC
  5
194
330
17
100
AcDbEntity
  8
SLOTS
100
AcDbCircle
 10
30.74501862703651
 20
6.609120438664491
 30
0.0
 40
0.125
100
AcDbArc
 50
132.62384515155787
 51
312.6238451515579
  0
LINE
  5
195
330
17
100
AcDbEntity
  8
SLOTS
100
AcDbLine
 10
30.32036388550115
 20
7.407461170009429
 30
0.0
 11
32.19373584031213
 21
9.131554442424832
 31
0.0
  0
LINE
  5
196
330
17
100
AcDbEntity
  8
SLOTS
100
AcDbLine
 10
32.363031404635905
 20
8.947600611531602
 30
0.0
 11
30.489659449824924
 21
7.223507339116201
 31
0.0
  0
ARC
  5
197
330
17
100
AcDbEntity
  8
SLOTS
100
AcDbCircle
 10
32.27838362247402
 20
9.039577526978217
 30
0.0
 40
0.125
100
AcDbArc
 50
-47.37615484844211
 51
132.62384515155787
  0
ARC
  5
198
330
17
100
AcDbEntity
  8
SLOTS
100
AcDbCircle
 10
30.405011667663036
 20
7.315484254562815
 30
0.0
 40
0.125
100
AcDbArc
 50
132.62384515155787
 51
312.6238451515579
  0
LINE
  5
199
330
17
100
AcDbEntity
  8
SLOTS
100
AcDbLine
 10
21.347195874435997
 20
29.51281325284868
 30
0.0
 11
21.94226263632911
 21
29.088774681762196
 31
0.0
  0
LINE
  5
19A
330
17
100
AcDbEntity
  8
SLOTS
100
AcDbLine
 10
21.797181797508237
 20
28.88517814395511
 30
0.0
 11
21.202115035615122
 21
29.309216715041593
 31
0.0
  0
ARC
  5
19B
330
17
100
AcDbEntity
  8
SLOTS
100
AcDbCircle
 10
21.869722216918674
 20
28.986976412858652
 30
0.0
 40
0.125
100
AcDbArc
 50
-125.47328894110834
 51
54.526711058891664
  0
ARC
  5
19C
330
17
100
AcDbEntity
  8
SLOTS
100
AcDbCircle
 10
21.27465545502556
 20
29.411014983945137
 30
0.0
 40
0.125
100
AcDbArc
 50
54.526711058891664
 51
234.52671105889166
  0
LINE
  5
19D
330
17
100
AcDbEntity
  8
SLOTS
100
AcDbLine
 10
21.98845393368759
 20
29.976798268903543
 30
0.0
 11
22.825086500307386
 21
29.380622342449094
 31
0.0
  0
LINE
  5
19E
330
17
100
AcDbEntity
  8
SLOTS
100
AcDbLine
 10
22.68000566148651
 20
29.177025804642007
 30
0.0
 11
21.843373094866717
 21
29.773201731096457
 31
0.0
  0
ARC
  5
19F
330
17
100
AcDbEntity
  8
SLOTS
100
AcDbCircle
 10
22.75254608089695
 20
29.27882407354555
 30
0.0
 40
0.125
100
AcDbArc
 50
-125.47328894110848
 51
54.52671105889153
  0
ARC
  5
1A0
330
17
100
AcDbEntity
  8
SLOTS
100
AcDbCircle
 10
21.915913514277154
 20
29.875
 30
0.0
 40
0.125
100
AcDbArc
 50
54.52671105889153
 51
234.52671105889152
  0
LINE
  5
1A1
330
17
100
AcDbEntity
  8
SLOTS
100
AcDbLine
 10
23.28083686670539
 20
29.976798268903543
 30
0.0
 11
23.707910364285656
 21
29.67247000313599
 31
0.0
  0
LINE
  5
1A2
330
17
100
AcDbEntity
  8
SLOTS
100
AcDbLine
 10
23.56282952546478
 20
29.468873465328905
 30
0.0
 11
23.135756027884515
 21
29.773201731096457
 31
0.0
  0
ARC
  5
1A3
330
17
100
AcDbEntity
  8
SLOTS
100
AcDbCircle
 10
23.63536994487522
 20
29.570671734232448
 30
0.0
 40
0.125
100
AcDbArc
 50
-125.47328894110848
 51
54.526711058891514
  0
ARC
  5
1A4
330
17
100
AcDbEntity
  8
SLOTS
100
AcDbCircle
 10
23.208296447294952
 20
29.875
 30
0.0
 40
0.125
100
AcDbArc
 50
54.526711058891514
 51
234.52671105889152
  0
LINE
  5
1A5
330
17
100
AcDbEntity
  8
SLOTS
100
AcDbLine
 10
24.573219799723187
 20
29.976798268903543
 30
0.0
 11
24.590734228263923
 21
29.964317663822893
 31
0.0
  0
LINE
  5
1A6
330
17
100
AcDbEntity
  8
SLOTS
100
AcDbLine
 10
24.445653389443056
 20
29.760721126015806
 30
0.0
 11
24.42813896090232
 21
29.773201731096457
 31
0.0
  0
ARC
  5
1A7
330
17
100
AcDbEntity
  8
SLOTS
100
AcDbCircle
 10
24.51819380885349
 20
29.86251939491935
 30
0.0
 40
0.125
100
AcDbArc
 50
-125.47328894110689
 51
54.526711058893106
  0
ARC
  5
1A8
330
17
100
AcDbEntity
  8
SLOTS
100
AcDbCircle
 10
24.500679380312754
 20
29.875
 30
0.0
 40
0.125
100
AcDbArc
 50
54.526711058893106
 51
234.5267110588931
  0
LINE
  5
1A9
330
17
100
AcDbEntity
  8
SLOTS
100
AcDbLine
 10
20.823600459036278
 20
28.062842714259748
 30
0.0
 11
19.425111751018633
 21
29.796518601081893
 31
0.0
  0
LINE
  5
1AA
330
17
100
AcDbEntity
  8
SLOTS
100
AcDbLine
 10
19.619695101014017
 20
29.953481398918107
 30
0.0
 11
21.01818380903166
 21
28.219805512095963
 31
0.0
  0
ARC
  5
1AB
330
17
100
AcDbEntity
  8
SLOTS
100
AcDbCircle
 10
19.522403426016325
 20
29.875
 30
0.0
 40
0.125
100
AcDbArc
 50
38.891764661865636
 51
218.89176466186564
  0
ARC
  5
1AC
330
17
100
AcDbEntity
  8
SLOTS
100
AcDbCircle
 10
20.92089213403397
 20
28.141324113177856
 30
0.0
 40
0.125
100
AcDbArc
 50
218.89176466186564
 51
398.89176466186564
  0
LINE
  5
1AD
330
17
100
AcDbEntity
  8
SLOTS
100
AcDbLine
 10
20.604368354058977
 20
27.140069391003173
 30
0.0
 11
18.461514403124035
 21
29.796518601081893
 31
0.0
  0
LINE
  5
1AE
330
17
100
AcDbEntity
  8
SLOTS
100
AcDbLine
 10
18.65609775311942
 20
29.953481398918107
 30
0.0
 11
20.79895170405436
 21
27.29703218883939
 31
0.0
  0
ARC
  5
1AF
330
17
100
AcDbEntity
  8
SLOTS
100
AcDbCircle
 10
18.558806078121727
 20
29.875
 30
0.0
 40
0.125
100
AcDbArc
 50
38.89176466186558
 51
218.89176466186558
  0
ARC
  5
1B0
330
17
100
AcDbEntity
  8
SLOTS
100
AcDbCircle
 10
20.70166002905667
 20
27.21855078992128
 30
0.0
 40
0.125
100
AcDbArc
 50
218.89176466186558
 51
398.8917646618656
  0
LINE
  5
1B1
330
17
100
AcDbEntity
  8
SLOTS
100
AcDbLine
 10
20.385136249081675
 20
26.2172960677466
 30
0.0
 11
17.49791705522943
 21
29.796518601081893
 31
0.0
  0
LINE
  5
1B2
330
17
100
AcDbEntity
  8
SLOTS
100
AcDbLine
 10
17.692500405224813
 20
29.953481398918107
 30
0.0
 11
20.57971959907706
 21
26.374258865582814
 31
0.0
  0
ARC
  5
1B3
330
17
100
AcDbEntity
  8
SLOTS
100
AcDbCircle
 10
17.59520873022712
 20
29.875
 30
0.0
 40
0.125
100
AcDbArc
 50
38.89176466186558
 51
218.89176466186558
  0
ARC
  5
1B4
330
17
100
AcDbEntity
  8
SLOTS
100
AcDbCircle
 10
20.482427924079367
 20
26.295777466664706
 30
0.0
 40
0.125
100
AcDbArc
 50
218.89176466186558
 51
398.8917646618656
  0
LINE
  5
1B5
330
17
100
AcDbEntity
  8
SLOTS
100
AcDbLine
 10
20.165904144104378
 20
25.294522744490024
 30
0.0
 11
16.53431970733483
 21
29.796518601081893
 31
0.0
  0
LINE
  5
1B6
330
17
100
AcDbEntity
  8
SLOTS
100
AcDbLine
 10
16.728903057330214
 20
29.953481398918107
 30
0.0
 11
20.36048749409976
 21
25.45148554232624
 31
0.0
  0
ARC
  5
1B7
330
17
100
AcDbEntity
  8
SLOTS
100
AcDbCircle
 10
16.631611382332522
 20
29.875
 30
0.0
 40
0.125
100
AcDbArc
 50
38.89176466186558
 51
218.89176466186558
  0
ARC
  5
1B8
330
17
100
AcDbEntity
  8
SLOTS
100
AcDbCircle
 10
20.26319581910207
 20
25.37300414340813
 30
0.0
 40
0.125
100
AcDbArc
 50
218.89176466186558
 51
398.8917646618656
  0
LINE
  5
1B9
330
17
100
AcDbEntity
  8
SLOTS
100
AcDbLine
 10
19.946672039127076
 20
24.37174942123345
 30
0.0
 11
15.570722359440227
 21
29.796518601081893
 31
0.0
  0
LINE
  5
1BA
330
17
100
AcDbEntity
  8
SLOTS
100
AcDbLine
 10
15.76530570943561
 20
29.953481398918107
 30
0.0
 11
20.14125538912246
 21
24.528712219069664
 31
0.0
  0
ARC
  5
1BB
330
17
100
AcDbEntity
  8
SLOTS
100
AcDbCircle
 10
15.668014034437919
 20
29.875
 30
0.0
 40
0.125
100
AcDbArc
 50
38.89176466186558
 51
218.89176466186558
  0
ARC
  5
1BC
330
17
100
AcDbEntity
  8
SLOTS
100
AcDbCircle
 10
20.043963714124768
 20
24.450230820151557
 30
0.0
 40
0.125
100
AcDbArc
 50
218.89176466186558
 51
398.8917646618656
  0
LINE
  5
1BD
330
17
100
AcDbEntity
  8
SLOTS
100
AcDbLine
 10
19.11046042833656
 20
24.213832107009683
 30
0.0
 11
14.607125011545627
 21
29.796518601081893
 31
0.0
  0
LINE
  5
1BE
330
17
100
AcDbEntity
  8
SLOTS
100
AcDbLine
 10
14.80170836154101
 20
29.953481398918107
 30
0.0
 11
19.305043778331942
 21
24.370794904845898
 31
0.0
  0
ARC
  5
1BF
330
17
100
AcDbEntity
  8
SLOTS
100
AcDbCircle
 10
14.704416686543318
 20
29.875
 30
0.0
 40
0.125
100
AcDbArc
 50
38.89176466186558
 51
218.89176466186558
  0
ARC
  5
1C0
330
17
100
AcDbEntity
  8
SLOTS
100
AcDbCircle
 10
19.20775210333425
 20
24.29231350592779
 30
0.0
 40
0.125
100
AcDbArc
 50
218.89176466186558
 51
398.8917646618656
  0
LINE
  5
1C1
330
17
100
AcDbEntity
  8
SLOTS
100
AcDbLine
 10
18.12440682669017
 20
24.24167063399573
 30
0.0
 11
13.643527663651025
 21
29.796518601081893
 31
0.0
  0
LINE
  5
1C2
330
17
100
AcDbEntity
  8
SLOTS
100
AcDbLine
 10
13.838111013646408
 20
29.953481398918107
 30
0.0
 11
18.318990176685553
 21
24.398633431831946
 31
0.0
  0
ARC
  5
1C3
330
17
100
AcDbEntity
  8
SLOTS
100
AcDbCircle
 10
13.740819338648716
 20
29.875
 30
0.0
 40
0.125
100
AcDbArc
 50
38.89176466186561
 51
218.8917646618656
  0
ARC
  5
1C4
330
17
100
AcDbEntity
  8
SLOTS
100
AcDbCircle
 10
18.22169850168786
 20
24.32015203291384
 30
0.0
 40
0.125
100
AcDbArc
 50
218.8917646618656
 51
398.89176466186564
  0
LINE
  5
1C5
330
17
100
AcDbEntity
  8
SLOTS
100
AcDbLine
 10
17.13835322504378
 20
24.26950916098178
 30
0.0
 11
14.153613622750912
 21
27.969625613314967
 31
0.0
  0
LINE
  5
1C6
330
17
100
AcDbEntity
  8
SLOTS
100
AcDbLine
 10
14.348196972746296
 20
28.126588411151182
 30
0.0
 11
17.332936575039163
 21
24.426471958817995
 31
0.0
  0
ARC
  5
1C7
330
17
100
AcDbEntity
  8
SLOTS
100
AcDbCircle
 10
14.250905297748604
 20
28.048107012233075
 30
0.0
 40
0.125
100
AcDbArc
 50
38.89176466186558
 51
218.89176466186558
  0
ARC
  5
1C8
330
17
100
AcDbEntity
  8
SLOTS
100
AcDbCircle
 10
17.23564490004147
 20
24.347990559899888
 30
0.0
 40
0.125
100
AcDbArc
 50
218.89176466186558
 51
398.8917646618656
  0
LINE
  5
1C9
330
17
100
AcDbEntity
  8
SLOTS
100
AcDbLine
 10
9.654427011499735
 20
29.688757270987654
 30
0.0
 11
9.642771233150206
 21
29.866835843231726
 31
0.0
  0
LINE
  5
1CA
330
17
100
AcDbEntity
  8
SLOTS
100
AcDbLine
 10
9.892237435624715
 20
29.883164156768274
 30
0.0
 11
9.903893213974243
 21
29.705085584524202
 31
0.0
  0
ARC
  5
1CB
330
17
100
AcDbEntity
  8
SLOTS
100
AcDbCircle
 10
9.76750433438746
 20
29.875
 30
0.0
 40
0.125
100
AcDbArc
 50
3.744839503178099
 51
183.7448395031781
  0
ARC
  5
1CC
330
17
100
AcDbEntity
  8
SLOTS
100
AcDbCircle
 10
9.779160112736989
 20
29.696921427755928
 30
0.0
 40
0.125
100
AcDbArc
 50
183.7448395031781
 51
363.7448395031781
  0
LINE
  5
1CD
330
17
100
AcDbEntity
  8
SLOTS
100
AcDbLine
 10
8.938633668451118
 20
29.14162465174111
 30
0.0
 11
8.891166413979722
 21
29.866835843231726
 31
0.0
  0
LINE
  5
1CE
330
17
100
AcDbEntity
  8
SLOTS
100
AcDbLine
 10
9.14063261645423
 20
29.883164156768274
 30
0.0
 11
9.188099870925626
 21
29.15795296527766
 31
0.0
  0
ARC
  5
1CF
330
17
100
AcDbEntity
  8
SLOTS
100
AcDbCircle
 10
9.015899515216976
 20
29.875
 30
0.0
 40
0.125
100
AcDbArc
 50
3.7448395031782837
 51
183.7448395031783
  0
ARC
  5
1D0
330
17
100
AcDbEntity
  8
SLOTS
100
AcDbCircle
 10
9.063366769688372
 20
29.149788808509385
 30
0.0
 40
0.125
100
AcDbArc
 50
183.7448395031783
 51
363.7448395031783
  0
LINE
  5
1D1
330
17
100
AcDbEntity
  8
SLOTS
100
AcDbLine
 10
8.222840325402501
 20
28.594492032494568
 30
0.0
 11
8.139561594809237
 21
29.866835843231726
 31
0.0
  0
LINE
  5
1D2
330
17
100
AcDbEntity
  8
SLOTS
100
AcDbLine
 10
8.389027797283745
 20
29.883164156768274
 30
0.0
 11
8.47230652787701
 21
28.610820346031115
 31
0.0
  0
ARC
  5
1D3
330
17
100
AcDbEntity
  8
SLOTS
100
AcDbCircle
 10
8.264294696046491
 20
29.875
 30
0.0
 40
0.125
100
AcDbArc
 50
3.744839503178312
 51
183.7448395031783
  0
ARC
  5
1D4
330
17
100
AcDbEntity
  8
SLOTS
100
AcDbCircle
 10
8.347573426639755
 20
28.60265618926284
 30
0.0
 40
0.125
100
AcDbArc
 50
183.7448395031783
 51
363.7448395031783
  0
LINE
  5
1D5
330
17
100
AcDbEntity
  8
SLOTS
100
AcDbLine
 10
7.50543990131743
 20
28.07191261663524
 30
0.0
 11
7.387956775638753
 21
29.866835843231726
 31
0.0
  0
LINE
  5
1D6
330
17
100
AcDbEntity
  8
SLOTS
100
AcDbLine
 10
7.637422978113261
 20
29.883164156768274
 30
0.0
 11
7.754906103791939
 21
28.08824093017179
 31
0.0
  0
ARC
  5
1D7
330
17
100
AcDbEntity
  8
SLOTS
100
AcDbCircle
 10
7.512689876876007
 20
29.875
 30
0.0
 40
0.125
100
AcDbArc
 50
3.744839503178312
 51
183.7448395031783
  0
ARC
  5
1D8
330
17
100
AcDbEntity
  8
SLOTS
100
AcDbCircle
 10
7.630173002554685
 20
28.080076773403515
 30
0.0
 40
0.125
100
AcDbArc
 50
183.7448395031783
 51
363.7448395031783
  0
LINE
  5
1D9
330
17
100
AcDbEntity
  8
SLOTS
100
AcDbLine
 10
6.758083283327429
 20
28.007008019263882
 30
0.0
 11
6.63635195646827
 21
29.866835843231726
 31
0.0
  0
LINE
  5
1DA
330
17
100
AcDbEntity
  8
SLOTS
100
AcDbLine
 10
6.8858181589427785
 20
29.883164156768274
 30
0.0
 11
7.007549485801937
 21
28.02333633280043
 31
0.0
  0
ARC
  5
1DB
330
17
100
AcDbEntity
  8
SLOTS
100
AcDbCircle
 10
6.761085057705524
 20
29.875
 30
0.0
 40
0.125
100
AcDbArc
 50
3.7448395031782695
 51
183.74483950317827
  0
ARC
  5
1DC
330
17
100
AcDbEntity
  8
SLOTS
100
AcDbCircle
 10
6.882816384564683
 20
28.015172176032156
 30
0.0
 40
0.125
100
AcDbArc
 50
183.74483950317827
 51
363.74483950317824
  0
LINE
  5
1DD
330
17
100
AcDbEntity
  8
SLOTS
100
AcDbLine
 10
5.932585269618482
 20
29.135958329347204
 30
0.0
 11
5.8847471372977855
 21
29.866835843231726
 31
0.0
  0
LINE
  5
1DE
330
17
100
AcDbEntity
  8
SLOTS
100
AcDbLine
 10
6.134213339772294
 20
29.883164156768274
 30
0.0
 11
6.18205147209299
 21
29.15228664288375
 31
0.0
  0
ARC
  5
1DF
330
17
100
AcDbEntity
  8
SLOTS
100
AcDbCircle
 10
6.00948023853504
 20
29.875
 30
0.0
 40
0.125
100
AcDbArc
 50
3.7448395031782695
 51
183.74483950317827
  0
ARC
  5
1E0
330
17
100
AcDbEntity
  8
SLOTS
100
AcDbCircle
 10
6.057318370855736
 20
29.144122486115478
 30
0.0
 40
0.125
100
AcDbArc
 50
183.74483950317827
 51
363.74483950317824
  0
LINE
  5
1E1
330
17
100
AcDbEntity
  8
SLOTS
100
AcDbLine
 10
4.7908751206192575
 20
2.488266824813213
 30
0.0
 11
5.259898551668481
 21
1.16681070351046
 31
0.0
  0
LINE
  5
1E2
330
17
100
AcDbEntity
  8
SLOTS
100
AcDbLine
 10
5.024298338833599
 20
1.08318929648954
 30
0.0
 11
4.5552749077843755
 21
2.404645417792293
 31
0.0
  0
ARC
  5
1E3
330
17
100
AcDbEntity
  8
SLOTS
100
AcDbCircle
 10
5.14209844525104
 20
1.125
 30
0.0
 40
0.125
100
AcDbArc
 50
-160.45873770280014
 51
19.54126229719988
  0
ARC
  5
1E4
330
17
100
AcDbEntity
  8
SLOTS
100
AcDbCircle
 10
4.6730750142018165
 20
2.446456121302753
 30
0.0
 40
0.125
100
AcDbArc
 50
19.54126229719988
 51
199.54126229719986
  0
LINE
  5
1E5
330
17
100
AcDbEntity
  8
SLOTS
100
AcDbLine
 10
5.3858810723774955
 20
3.054108429414535
 30
0.0
 11
6.055738240197996
 21
1.16681070351046
 31
0.0
  0
LINE
  5
1E6
330
17
100
AcDbEntity
  8
SLOTS
100
AcDbLine
 10
5.820138027363114
 20
1.08318929648954
 30
0.0
 11
5.1502808595426135
 21
2.970487022393615
 31
0.0
  0
ARC
  5
1E7
330
17
100
AcDbEntity
  8
SLOTS
100
AcDbCircle
 10
5.937938133780555
 20
1.125
 30
0.0
 40
0.125
100
AcDbArc
 50
-160.45873770280014
 51
19.54126229719985
  0
ARC
  5
1E8
330
17
100
AcDbEntity
  8
SLOTS
100
AcDbCircle
 10
5.2680809659600545
 20
3.012297725904075
 30
0.0
 40
0.125
100
AcDbArc
 50
19.54126229719985
 51
199.54126229719986
  0
LINE
  5
1E9
330
17
100
AcDbEntity
  8
SLOTS
100
AcDbLine
 10
6.0850891221360826
 20
3.3263644876666842
 30
0.0
 11
6.851577928727512
 21
1.16681070351046
 31
0.0
  0
LINE
  5
1EA
330
17
100
AcDbEntity
  8
SLOTS
100
AcDbLine
 10
6.61597771589263
 20
1.08318929648954
 30
0.0
 11
5.849488909301201
 21
3.242743080645764
 31
0.0
  0
ARC
  5
1EB
330
17
100
AcDbEntity
  8
SLOTS
100
AcDbCircle
 10
6.733777822310071
 20
1.125
 30
0.0
 40
0.125
100
AcDbArc
 50
-160.45873770280014
 51
19.54126229719985
  0
ARC
  5
1EC
330
17
100
AcDbEntity
  8
SLOTS
100
AcDbCircle
 10
5.967289015718642
 20
3.2845537841562242
 30
0.0
 40
0.125
100
AcDbArc
 50
19.54126229719985
 51
199.54126229719986
  0
LINE
  5
1ED
330
17
100
AcDbEntity
  8
SLOTS
100
AcDbLine
 10
6.9775824691385795
 20
3.054046389720693
 30
0.0
 11
7.647417617257028
 21
1.16681070351046
 31
0.0
  0
LINE
  5
1EE
330
17
100
AcDbEntity
  8
SLOTS
100
AcDbLine
 10
7.411817404422146
 20
1.08318929648954
 30
0.0
 11
6.7419822563036975
 21
2.970424982699773
 31
0.0
  0
ARC
  5
1EF
330
17
100
AcDbEntity
  8
SLOTS
100
AcDbCircle
 10
7.529617510839587
 20
1.125
 30
0.0
 40
0.125
100
AcDbArc
 50
-160.45873770280014
 51
19.54126229719988
  0
ARC
  5
1F0
330
17
100
AcDbEntity
  8
SLOTS
100
AcDbCircle
 10
6.8597823627211385
 20
3.012235686210233
 30
0.0
 40
0.125
100
AcDbArc
 50
19.54126229719988
 51
199.54126229719986
  0
LINE
  5
1F1
330
17
100
AcDbEntity
  8
SLOTS
100
AcDbLine
 10
7.902156020401522
 20
2.6913435060982716
 30
0.0
 11
8.355294084763461
 21
1.4146438162622612
 31
0.0
  0
LINE
  5
1F2
330
17
100
AcDbEntity
  8
SLOTS
100
AcDbLine
 10
8.119693871928579
 20
1.3310224092413412
 30
0.0
 11
7.66655580756664
 21
2.6077220990773515
 31
0.0
  0
ARC
  5
1F3
330
17
100
AcDbEntity
  8
SLOTS
100
AcDbCircle
 10
8.23749397834602
 20
1.3728331127518012
 30
0.0
 40
0.125
100
AcDbArc
 50
-160.45873770280014
 51
19.54126229719988
  0
ARC
  5
1F4
330
17
100
AcDbEntity
  8
SLOTS
100
AcDbCircle
 10
7.784355913984081
 20
2.6495328025878115
 30
0.0
 40
0.125
100
AcDbArc
 50
19.54126229719988
 51
199.54126229719986
  0
LINE
  5
1F5
330
17
100
AcDbEntity
  8
SLOTS
100
AcDbLine
 10
9.29325181762353
 20
1.2246412223402463
 30
0.0
 11
9.123817274195073
 21
1.0403889172275615
 31
0.0
  0
LINE
  5
1F6
330
17
100
AcDbEntity
  8
SLOTS
100
AcDbLine
 10
8.939795920302917
 20
1.2096110827724385
 30
0.0
 11
9.109230463731373
 21
1.3938633878851232
 31
0.0
  0
ARC
  5
1F7
330
17
100
AcDbEntity
  8
SLOTS
100
AcDbCircle
 10
9.031806597248995
 20
1.125
 30
0.0
 40
0.125
100
AcDbArc
 50
-222.60098795699517
 51
-42.60098795699517
  0
ARC
  5
1F8
330
17
100
AcDbEntity
  8
SLOTS
100
AcDbCircle
 10
9.201241140677451
 20
1.3092523051126848
 30
0.0
 40
0.125
100
AcDbArc
 50
-42.60098795699517
 51
137.39901204300483
  0
LINE
  5
1F9
330
17
100
AcDbEntity
  8
SLOTS
100
AcDbLine
 10
17.858235400322098
 20
1.9723654097510743
 30
0.0
 11
18.121908402450824
 21
2.3338622832013223
 31
0.0
  0
LINE
  5
1FA
330
17
100
AcDbEntity
  8
SLOTS
100
AcDbLine
 10
18.323888596316262
 20
2.1865395039508626
 30
0.0
 11
18.060215594187536
 21
1.8250426305006142
 31
0.0
  0
ARC
  5
1FB
330
17
100
AcDbEntity
  8
SLOTS
100
AcDbCircle
 10
18.222898499383543
 20
2.2602008935760924
 30
0.0
 40
0.125
100
AcDbArc
 50
-36.10671983675509
 51
143.89328016324492
  0
ARC
  5
1FC
330
17
100
AcDbEntity
  8
SLOTS
100
AcDbCircle
 10
17.959225497254817
 20
1.8987040201258443
 30
0.0
 40
0.125
100
AcDbArc
 50
143.89328016324492
 51
323.8932801632449
  0
LINE
  5
1FD
330
17
100
AcDbEntity
  8
SLOTS
100
AcDbLine
 10
16.365592875367167
 20
1.1986613896252305
 30
0.0
 11
17.667853270531655
 21
2.984066256522503
 31
0.0
  0
LINE
  5
1FE
330
17
100
AcDbEntity
  8
SLOTS
100
AcDbLine
 10
17.869833464397093
 20
2.8367434772720426
 30
0.0
 11
16.567573069232605
 21
1.0513386103747695
 31
0.0
  0
ARC
  5
1FF
330
17
100
AcDbEntity
  8
SLOTS
100
AcDbCircle
 10
17.768843367464374
 20
2.910404866897273
 30
0.0
 40
0.125
100
AcDbArc
 50
-36.10671983675533
 51
143.89328016324467
  0
ARC
  5
200
330
17
100
AcDbEntity
  8
SLOTS
100
AcDbCircle
 10
16.466582972299886
 20
1.125
 30
0.0
 40
0.125
100
AcDbArc
 50
143.89328016324467
 51
323.89328016324464
  0
LINE
  5
201
330
17
100
AcDbEntity
  8
SLOTS
100
AcDbLine
 10
15.43728403274414
 20
1.1986613896252303
 30
0.0
 11
17.204807531987935
 21
3.6219440676694914
 31
0.0
  0
LINE
  5
202
330
17
100
AcDbEntity
  8
SLOTS
100
AcDbLine
 10
17.406787725853373
 20
3.474621288419031
 30
0.0
 11
15.639264226609578
 21
1.0513386103747697
 31
0.0
  0
ARC
  5
203
330
17
100
AcDbEntity
  8
SLOTS
100
AcDbCircle
 10
17.305797628920654
 20
3.548282678044261
 30
0.0
 40
0.125
100
AcDbArc
 50
-36.10671983675527
 51
143.89328016324473
  0
ARC
  5
204
330
17
100
AcDbEntity
  8
SLOTS
100
AcDbCircle
 10
15.538274129676859
 20
1.125
 30
0.0
 40
0.125
100
AcDbArc
 50
143.89328016324473
 51
323.89328016324475
  0
LINE
  5
205
330
17
100
AcDbEntity
  8
SLOTS
100
AcDbLine
 10
14.50897519012111
 20
1.1986613896252303
 30
0.0
 11
16.56627154243643
 21
4.019223954310949
 31
0.0
  0
LINE
  5
206
330
17
100
AcDbEntity
  8
SLOTS
100
AcDbLine
 10
16.768251736301867
 20
3.8719011750604877
 30
0.0
 11
14.710955383986548
 21
1.0513386103747697
 31
0.0
  0
ARC
  5
207
330
17
100
AcDbEntity
  8
SLOTS
100
AcDbCircle
 10
16.667261639369148
 20
3.945562564685718
 30
0.0
 40
0.125
100
AcDbArc
 50
-36.10671983675527
 51
143.89328016324473
  0
ARC
  5
208
330
17
100
AcDbEntity
  8
SLOTS
100
AcDbCircle
 10
14.609965287053829
 20
1.125
 30
0.0
 40
0.125
100
AcDbArc
 50
143.89328016324473
 51
323.89328016324475
  0
LINE
  5
209
330
17
100
AcDbEntity
  8
SLOTS
100
AcDbLine
 10
13.58066634749808
 20
1.1986613896252303
 30
0.0
 11
15.806727468713783
 21
4.250601212556966
 31
0.0
  0
LINE
  5
20A
330
17
100
AcDbEntity
  8
SLOTS
100
AcDbLine
 10
16.008707662579223
 20
4.103278433306506
 30
0.0
 11
13.782646541363519
 21
1.0513386103747697
 31
0.0
  0
ARC
  5
20B
330
17
100
AcDbEntity
  8
SLOTS
100
AcDbCircle
 10
15.907717565646502
 20
4.176939822931736
 30
0.0
 40
0.125
100
AcDbArc
 50
-36.10671983675529
 51
143.8932801632447
  0
ARC
  5
20C
330
17
100
AcDbEntity
  8
SLOTS
100
AcDbCircle
 10
13.6816564444308
 20
1.125
 30
0.0
 40
0.125
100
AcDbArc
 50
143.8932801632447
 51
323.8932801632447
  0
LINE
  5
20D
330
17
100
AcDbEntity
  8
SLOTS
100
AcDbLine
 10
12.652357504875052
 20
1.1986613896252303
 30
0.0
 11
15.047183394991137
 21
4.481978470802985
 31
0.0
  0
LINE
  5
20E
330
17
100
AcDbEntity
  8
SLOTS
100
AcDbLine
 10
15.249163588856575
 20
4.334655691552524
 30
0.0
 11
12.85433769874049
 21
1.0513386103747697
 31
0.0
  0
ARC
  5
20F
330
17
100
AcDbEntity
  8
SLOTS
100
AcDbCircle
 10
15.148173491923856
 20
4.408317081177755
 30
0.0
 40
0.125
100
AcDbArc
 50
-36.1067198367553
 51
143.8932801632447
  0
ARC
  5
210
330
17
100
AcDbEntity
  8
SLOTS
100
AcDbCircle
 10
12.753347601807771
 20
1.125
 30
0.0
 40
0.125
100
AcDbArc
 50
143.8932801632447
 51
323.8932801632447
  0
LINE
  5
211
330
17
100
AcDbEntity
  8
SLOTS
100
AcDbLine
 10
11.724048662252024
 20
1.1986613896252303
 30
0.0
 11
14.28763932126849
 21
4.713355729049003
 31
0.0
  0
LINE
  5
212
330
17
100
AcDbEntity
  8
SLOTS
100
AcDbLine
 10
14.489619515133928
 20
4.566032949798543
 30
0.0
 11
11.926028856117462
 21
1.0513386103747697
 31
0.0
  0
ARC
  5
213
330
17
100
AcDbEntity
  8
SLOTS
100
AcDbCircle
 10
14.388629418201209
 20
4.639694339423773
 30
0.0
 40
0.125
100
AcDbArc
 50
-36.106719836755296
 51
143.8932801632447
  0
ARC
  5
214
330
17
100
AcDbEntity
  8
SLOTS
100
AcDbCircle
 10
11.825038759184743
 20
1.125
 30
0.0
 40
0.125
100
AcDbArc
 50
143.8932801632447
 51
323.8932801632447
  0
LINE
  5
215
330
17
100
AcDbEntity
  8
SLOTS
100
AcDbLine
 10
10.795739819628995
 20
1.1986613896252303
 30
0.0
 11
13.528095247545842
 21
4.944732987295022
 31
0.0
  0
LINE
  5
216
330
17
100
AcDbEntity
  8
SLOTS
100
AcDbLine
 10
13.73007544141128
 20
4.797410208044561
 30
0.0
 11
10.997720013494433
 21
1.0513386103747697
 31
0.0
  0
ARC
  5
217
330
17
100
AcDbEntity
  8
SLOTS
100
AcDbCircle
 10
13.629085344478561
 20
4.871071597669792
 30
0.0
 40
0.125
100
AcDbArc
 50
-36.106719836755275
 51
143.89328016324473
  0
ARC
  5
218
330
17
100
AcDbEntity
  8
SLOTS
100
AcDbCircle
 10
10.896729916561714
 20
1.125
 30
0.0
 40
0.125
100
AcDbArc
 50
143.89328016324473
 51
323.89328016324475
  0
LINE
  5
219
330
17
100
AcDbEntity
  8
SLOTS
100
AcDbLine
 10
10.012453332269958
 20
1.3974876918445578
 30
0.0
 11
12.343082313138511
 21
4.592790521313593
 31
0.0
  0
LINE
  5
21A
330
17
100
AcDbEntity
  8
SLOTS
100
AcDbLine
 10
12.54506250700395
 20
4.4454677420631326
 30
0.0
 11
10.214433526135396
 21
1.2501649125940972
 31
0.0
  0
ARC
  5
21B
330
17
100
AcDbEntity
  8
SLOTS
100
AcDbCircle
 10
12.44407241007123
 20
4.519129131688363
 30
0.0
 40
0.125
100
AcDbArc
 50
-36.10671983675528
 51
143.89328016324473
  0
ARC
  5
21C
330
17
100
AcDbEntity
  8
SLOTS
100
AcDbCircle
 10
10.113443429202677
 20
1.3238263022193275
 30
0.0
 40
0.125
100
AcDbArc
 50
143.89328016324473
 51
323.8932801632447
  0
LINE
  5
21D
330
17
100
AcDbEntity
  8
SLOTS
100
AcDbLine
 10
9.55243706192319
 20
2.039518917533697
 30
0.0
 11
10.507882814638258
 21
3.3494393476473303
 31
0.0
  0
LINE
  5
21E
330
17
100
AcDbEntity
  8
SLOTS
100
AcDbLine
 10
10.709863008503696
 20
3.2021165683968698
 30
0.0
 11
9.754417255788628
 21
1.8921961382832366
 31
0.0
  0
ARC
  5
21F
330
17
100
AcDbEntity
  8
SLOTS
100
AcDbCircle
 10
10.608872911570977
 20
3.2757779580221
 30
0.0
 40
0.125
100
AcDbArc
 50
-36.10671983675525
 51
143.89328016324475
  0
ARC
  5
220
330
17
100
AcDbEntity
  8
SLOTS
100
AcDbCircle
 10
9.653427158855909
 20
1.965857527908467
 30
0.0
 40
0.125
100
AcDbArc
 50
143.89328016324475
 51
323.89328016324475
  0
LINE
  5
221
330
17
100
AcDbEntity
  8
SLOTS
100
AcDbLine
 10
10.331850620070721
 20
10.11921060117189
 30
0.0
 11
7.007497768600846
 21
9.008203224156976
 31
0.0
  0
LINE
  5
222
330
17
100
AcDbEntity
  8
SLOTS
100
AcDbLine
 10
6.928255350797357
 20
9.245312142632553
 30
0.0
 11
10.252608202267233
 21
10.356319519647467
 31
0.0
  0
ARC
  5
223
330
17
100
AcDbEntity
  8
SLOTS
100
AcDbCircle
 10
6.967876559699102
 20
9.126757683394764
 30
0.0
 40
0.125
100
AcDbArc
 50
-251.52023792597996
 51
-71.52023792597996
  0
ARC
  5
224
330
17
100
AcDbEntity
  8
SLOTS
100
AcDbCircle
 10
10.292229411168977
 20
10.237765060409679
 30
0.0
 40
0.125
100
AcDbArc
 50
-71.52023792597996
 51
108.47976207402004
  0
LINE
  5
225
330
17
100
AcDbEntity
  8
SLOTS
100
AcDbLine
 10
10.669283859029726
 20
9.441205845673053
 30
0.0
 11
6.928236897939666
 21
8.190938212472641
 31
0.0
  0
LINE
  5
226
330
17
100
AcDbEntity
  8
SLOTS
100
AcDbLine
 10
6.848994480136177
 20
8.428047130948219
 30
0.0
 11
10.590041441226237
 21
9.678314764148631
 31
0.0
  0
ARC
  5
227
330
17
100
AcDbEntity
  8
SLOTS
100
AcDbCircle
 10
6.8886156890379215
 20
8.30949267171043
 30
0.0
 40
0.125
100
AcDbArc
 50
-251.52023792597996
 51
-71.52023792597996
  0
ARC
  5
228
330
17
100
AcDbEntity
  8
SLOTS
100
AcDbCircle
 10
10.629662650127981
 20
9.559760304910842
 30
0.0
 40
0.125
100
AcDbArc
 50
-71.52023792597996
 51
108.47976207402004
  0
LINE
  5
229
330
17
100
AcDbEntity
  8
SLOTS
100
AcDbLine
 10
11.006717097988727
 20
8.763201090174219
 30
0.0
 11
6.848976027278486
 21
7.3736732007883115
 31
0.0
  0
LINE
  5
22A
330
17
100
AcDbEntity
  8
SLOTS
100
AcDbLine
 10
6.769733609474997
 20
7.610782119263887
 30
0.0
 11
10.927474680185238
 21
9.000310008649796
 31
0.0
  0
ARC
  5
22B
330
17
100
AcDbEntity
  8
SLOTS
100
AcDbCircle
 10
6.809354818376741
 20
7.492227660026099
 30
0.0
 40
0.125
100
AcDbArc
 50
-251.52023792597998
 51
-71.52023792597998
  0
ARC
  5
22C
330
17
100
AcDbEntity
  8
SLOTS
100
AcDbCircle
 10
10.967095889086982
 20
8.881755549412008
 30
0.0
 40
0.125
100
AcDbArc
 50
-71.52023792597998
 51
108.47976207402002
  0
LINE
  5
22D
330
17
100
AcDbEntity
  8
SLOTS
100
AcDbLine
 10
11.34415033694773
 20
8.085196334675382
 30
0.0
 11
6.7697151566173055
 21
6.556408189103977
 31
0.0
  0
LINE
  5
22E
330
17
100
AcDbEntity
  8
SLOTS
100
AcDbLine
 10
6.690472738813817
 20
6.793517107579553
 30
0.0
 11
11.26490791914424
 21
8.32230525315096
 31
0.0
  0
ARC
  5
22F
330
17
100
AcDbEntity
  8
SLOTS
100
AcDbCircle
 10
6.730093947715561
 20
6.674962648341765
 30
0.0
 40
0.125
100
AcDbArc
 50
-251.52023792597998
 51
-71.52023792597998
  0
ARC
  5
230
330
17
100
AcDbEntity
  8
SLOTS
100
AcDbCircle
 10
11.304529128045985
 20
8.203750793913171
 30
0.0
 40
0.125
100
AcDbArc
 50
-71.52023792597998
 51
108.47976207402002
  0
LINE
  5
231
330
17
100
AcDbEntity
  8
SLOTS
100
AcDbLine
 10
11.681583575906732
 20
7.407191579176547
 30
0.0
 11
6.690454285956125
 21
5.739143177419643
 31
0.0
  0
LINE
  5
232
330
17
100
AcDbEntity
  8
SLOTS
100
AcDbLine
 10
6.611211868152637
 20
5.9762520958952186
 30
0.0
 11
11.602341158103243
 21
7.6443004976521225
 31
0.0
  0
ARC
  5
233
330
17
100
AcDbEntity
  8
SLOTS
100
AcDbCircle
 10
6.650833077054381
 20
5.857697636657431
 30
0.0
 40
0.125
100
AcDbArc
 50
-251.52023792597996
 51
-71.52023792597996
  0
ARC
  5
234
330
17
100
AcDbEntity
  8
SLOTS
100
AcDbCircle
 10
11.641962367004988
 20
7.525746038414335
 30
0.0
 40
0.125
100
AcDbArc
 50
-71.52023792597996
 51
108.47976207402004
  0
LINE
  5
235
330
17
100
AcDbEntity
  8
SLOTS
100
AcDbLine
 10
12.019016814865735
 20
6.72918682367771
 30
0.0
 11
6.611193415294945
 21
4.9218781657353095
 31
0.0
  0
LINE
  5
236
330
17
100
AcDbEntity
  8
SLOTS
100
AcDbLine
 10
6.531950997491457
 20
5.158987084210885
 30
0.0
 11
11.939774397062246
 21
6.966295742153286
 31
0.0
  0
ARC
  5
237
330
17
100
AcDbEntity
  8
SLOTS
100
AcDbCircle
 10
6.571572206393201
 20
5.040432624973097
 30
0.0
 40
0.125
100
AcDbArc
 50
-251.52023792597998
 51
-71.52023792597998
  0
ARC
  5
238
330
17
100
AcDbEntity
  8
SLOTS
100
AcDbCircle
 10
11.97939560596399
 20
6.847741282915498
 30
0.0
 40
0.125
100
AcDbArc
 50
-71.52023792597998
 51
108.47976207402002
  0
LINE
  5
239
330
17
100
AcDbEntity
  8
SLOTS
100
AcDbLine
 10
12.356450053824737
 20
6.051182068178874
 30
0.0
 11
6.531932544633765
 21
4.104613154050975
 31
0.0
  0
LINE
  5
23A
330
17
100
AcDbEntity
  8
SLOTS
100
AcDbLine
 10
6.4526901268302765
 20
4.341722072526551
 30
0.0
 11
12.277207636021249
 21
6.28829098665445
 31
0.0
  0
ARC
  5
23B
330
17
100
AcDbEntity
  8
SLOTS
100
AcDbCircle
 10
6.492311335732021
 20
4.223167613288763
 30
0.0
 40
0.125
100
AcDbArc
 50
-251.52023792597996
 51
-71.52023792597996
  0
ARC
  5
23C
330
17
100
AcDbEntity
  8
SLOTS
100
AcDbCircle
 10
12.316828844922993
 20
6.169736527416662
 30
0.0
 40
0.125
100
AcDbArc
 50
-71.52023792597996
 51
108.47976207402004
  0
LINE
  5
23D
330
17
100
AcDbEntity
  8
SLOTS
100
AcDbLine
 10
12.473311762123503
 20
5.299461732935053
 30
0.0
 11
7.260975020493014
 21
3.557485224972951
 31
0.0
  0
LINE
  5
23E
330
17
100
AcDbEntity
  8
SLOTS
100
AcDbLine
 10
7.181732602689525
 20
3.7945941434485277
 30
0.0
 11
12.394069344320014
 21
5.536570651410629
 31
0.0
  0
ARC
  5
23F
330
17
100
AcDbEntity
  8
SLOTS
100
AcDbCircle
 10
7.221353811591269
 20
3.6760396842107395
 30
0.0
 40
0.125
100
AcDbArc
 50
-251.52023792597998
 51
-71.52023792597998
  0
ARC
  5
240
330
17
100
AcDbEntity
  8
SLOTS
100
AcDbCircle
 10
12.433690553221759
 20
5.418016192172841
 30
0.0
 40
0.125
100
AcDbArc
 50
-71.52023792597998
 51
108.47976207402002
  0
LINE
  5
241
330
17
100
AcDbEntity
  8
SLOTS
100
AcDbLine
 10
10.169852953772175
 20
3.7388639803768067
 30
0.0
 11
8.34945624158847
 21
3.130482660254442
 31
0.0
  0
LINE
  5
242
330
17
100
AcDbEntity
  8
SLOTS
100
AcDbLine
 10
8.270213823784982
 20
3.3675915787300186
 30
0.0
 11
10.090610535968686
 21
3.9759728988523833
 31
0.0
  0
ARC
  5
243
330
17
100
AcDbEntity
  8
SLOTS
100
AcDbCircle
 10
8.309835032686726
 20
3.2490371194922303
 30
0.0
 40
0.125
100
AcDbArc
 50
-251.52023792597996
 51
-71.52023792597996
  0
ARC
  5
244
330
17
100
AcDbEntity
  8
SLOTS
100
AcDbCircle
 10
10.13023174487043
 20
3.857418439614595
 30
0.0
 40
0.125
100
AcDbArc
 50
-71.52023792597996
 51
108.47976207402004
  0
LINE
  5
245
330
17
100
AcDbEntity
  8
SLOTS
100
AcDbLine
 10
2.624318920330203
 20
8.307890813296659
 30
0.0
 11
1.7015160673753473
 21
6.7696782178907915
 31
0.0
  0
LINE
  5
246
330
17
100
AcDbEntity
  8
SLOTS
100
AcDbLine
 10
1.4871351686573817
 20
6.898289377067893
 30
0.0
 11
2.4099380216122377
 21
8.43650197247376
 31
0.0
  0
ARC
  5
247
330
17
100
AcDbEntity
  8
SLOTS
100
AcDbCircle
 10
1.5943256180163645
 20
6.833983797479342
 30
0.0
 40
0.125
100
AcDbArc
 50
-210.96034095347824
 51
-30.960340953478237
  0
ARC
  5
248
330
17
100
AcDbEntity
  8
SLOTS
100
AcDbCircle
 10
2.5171284709712203
 20
8.37219639288521
 30
0.0
 40
0.125
100
AcDbArc
 50
-30.960340953478237
 51
149.03965904652176
  0
LINE
  5
249
330
17
100
AcDbEntity
  8
SLOTS
100
AcDbLine
 10
3.938912100864095
 20
9.041292705441016
 30
0.0
 11
2.1469923252688385
 21
6.054356156695514
 31
0.0
  0
LINE
  5
24A
330
17
100
AcDbEntity
  8
SLOTS
100
AcDbLine
 10
1.9326114265508731
 20
6.182967315872615
 30
0.0
 11
3.72453120214613
 21
9.169903864618117
 31
0.0
  0
ARC
  5
24B
330
17
100
AcDbEntity
  8
SLOTS
100
AcDbCircle
 10
2.039801875909856
 20
6.118661736284064
 30
0.0
 40
0.125
100
AcDbArc
 50
-210.96034095347824
 51
-30.960340953478237
  0
ARC
  5
24C
330
17
100
AcDbEntity
  8
SLOTS
100
AcDbCircle
 10
3.8317216515051125
 20
9.105598285029567
 30
0.0
 40
0.125
100
AcDbArc
 50
-30.960340953478237
 51
149.03965904652176
  0
LINE
  5
24D
330
17
100
AcDbEntity
  8
SLOTS
100
AcDbLine
 10
5.178195096614747
 20
9.649160661030031
 30
0.0
 11
2.5924685831623293
 21
5.339034095500237
 31
0.0
  0
LINE
  5
24E
330
17
100
AcDbEntity
  8
SLOTS
100
AcDbLine
 10
2.378087684444364
 20
5.467645254677338
 30
0.0
 11
4.963814197896781
 21
9.777771820207132
 31
0.0
  0
ARC
  5
24F
330
17
100
AcDbEntity
  8
SLOTS
100
AcDbCircle
 10
2.4852781338033467
 20
5.403339675088787
 30
0.0
 40
0.125
100
AcDbArc
 50
-210.96034095347824
 51
-30.960340953478237
  0
ARC
  5
250
330
17
100
AcDbEntity
  8
SLOTS
100
AcDbCircle
 10
5.071004647255764
 20
9.713466240618581
 30
0.0
 40
0.125
100
AcDbArc
 50
-30.960340953478237
 51
149.03965904652176
  0
LINE
  5
251
330
17
100
AcDbEntity
  8
SLOTS
100
AcDbLine
 10
5.931292939694745
 20
9.446610526620024
 30
0.0
 11
3.03794484105582
 21
4.62371203430496
 31
0.0
  0
LINE
  5
252
330
17
100
AcDbEntity
  8
SLOTS
100
AcDbLine
 10
2.823563942337855
 20
4.752323193482061
 30
0.0
 11
5.716912040976779
 21
9.575221685797125
 31
0.0
  0
ARC
  5
253
330
17
100
AcDbEntity
  8
SLOTS
100
AcDbCircle
 10
2.9307543916968375
 20
4.688017613893511
 30
0.0
 40
0.125
100
AcDbArc
 50
-210.96034095347824
 51
-30.960340953478237
  0
ARC
  5
254
330
17
100
AcDbEntity
  8
SLOTS
100
AcDbCircle
 10
5.824102490335762
 20
9.510916106208574
 30
0.0
 40
0.125
100
AcDbArc
 50
-30.960340953478237
 51
149.03965904652176
  0
LINE
  5
255
330
17
100
AcDbEntity
  8
SLOTS
100
AcDbLine
 10
6.272589062577551
 20
8.557631442853362
 30
0.0
 11
3.483421098949311
 21
3.908389973109683
 31
0.0
  0
LINE
  5
256
330
17
100
AcDbEntity
  8
SLOTS
100
AcDbLine
 10
3.2690402002313457
 20
4.037001132286783
 30
0.0
 11
6.058208163859585
 21
8.686242602030463
 31
0.0
  0
ARC
  5
257
330
17
100
AcDbEntity
  8
SLOTS
100
AcDbCircle
 10
3.3762306495903283
 20
3.9726955526982333
 30
0.0
 40
0.125
100
AcDbArc
 50
-210.96034095347824
 51
-30.960340953478237
  0
ARC
  5
258
330
17
100
AcDbEntity
  8
SLOTS
100
AcDbCircle
 10
6.165398613218568
 20
8.621937022441912
 30
0.0
 40
0.125
100
AcDbArc
 50
-30.960340953478237
 51
149.03965904652176
  0
LINE
  5
259
330
17
100
AcDbEntity
  8
SLOTS
100
AcDbLine
 10
6.103934336298164
 20
6.818619422249242
 30
0.0
 11
4.151839463459381
 21
3.5646883022782347
 31
0.0
  0
LINE
  5
25A
330
17
100
AcDbEntity
  8
SLOTS
100
AcDbLine
 10
3.9374585647414153
 20
3.693299461455335
 30
0.0
 11
5.889553437580198
 21
6.947230581426341
 31
0.0
  0
ARC
  5
25B
330
17
100
AcDbEntity
  8
SLOTS
100
AcDbCircle
 10
4.044649014100398
 20
3.628993881866785
 30
0.0
 40
0.125
100
AcDbArc
 50
-210.9603409534782
 51
-30.96034095347821
  0
ARC
  5
25C
330
17
100
AcDbEntity
  8
SLOTS
100
AcDbCircle
 10
5.996743886939181
 20
6.882925001837791
 30
0.0
 40
0.125
100
AcDbArc
 50
-30.96034095347821
 51
149.0396590465218
  0
LINE
  5
25D
330
17
100
AcDbEntity
  8
SLOTS
100
AcDbLine
 10
5.935279610018778
 20
5.07960740164512
 30
0.0
 11
5.067414020225186
 21
3.632969284884602
 31
0.0
  0
LINE
  5
25E
330
17
100
AcDbEntity
  8
SLOTS
100
AcDbLine
 10
4.85303312150722
 20
3.761580444061702
 30
0.0
 11
5.720898711300812
 21
5.208218560822219
 31
0.0
  0
ARC
  5
25F
330
17
100
AcDbEntity
  8
SLOTS
100
AcDbCircle
 10
4.960223570866203
 20
3.697274864473152
 30
0.0
 40
0.125
100
AcDbArc
 50
-210.9603409534782
 51
-30.96034095347821
  0
ARC
  5
260
330
17
100
AcDbEntity
  8
SLOTS
100
AcDbCircle
 10
5.828089160659795
 20
5.14391298123367
 30
0.0
 40
0.125
100
AcDbArc
 50
-30.96034095347821
 51
149.0396590465218
  0
LINE
  5
261
330
17
100
AcDbEntity
  8
SLOTS
100
AcDbLine
 10
18.359762764788137
 20
1.1886651596310793
 30
0.0
 11
18.499644923214504
 21
1.4250175320743355
 31
0.0
  0
LINE
  5
262
330
17
100
AcDbEntity
  8
SLOTS
100
AcDbLine
 10
18.71478903723252
 20
1.2976872128121768
 30
0.0
 11
18.574906878806154
 21
1.0613348403689207
 31
0.0
  0
ARC
  5
263
330
17
100
AcDbEntity
  8
SLOTS
100
AcDbCircle
 10
18.607216980223512
 20
1.3613523724432561
 30
0.0
 40
0.125
100
AcDbArc
 50
-30.618630917236864
 51
149.38136908276314
  0
ARC
  5
264
330
17
100
AcDbEntity
  8
SLOTS
100
AcDbCircle
 10
18.467334821797145
 20
1.125
 30
0.0
 40
0.125
100
AcDbArc
 50
149.38136908276314
 51
329.3813690827631
  0
LINE
  5
265
330
17
100
AcDbEntity
  8
SLOTS
100
AcDbLine
 10
11.130767122706594
 20
11.11327910106972
 30
0.0
 11
10.912821431293114
 21
10.806470627408437
 31
0.0
  0
LINE
  5
266
330
17
100
AcDbEntity
  8
SLOTS
100
AcDbLine
 10
10.709010709619367
 20
10.951250424793383
 30
0.0
 11
10.926956401032847
 21
11.258058898454665
 31
0.0
  0
ARC
  5
267
330
17
100
AcDbEntity
  8
SLOTS
100
AcDbCircle
 10
10.81091607045624
 20
10.87886052610091
 30
0.0
 40
0.125
100
AcDbArc
 50
-215.38861494379285
 51
-35.38861494379286
  0
ARC
  5
268
330
17
100
AcDbEntity
  8
SLOTS
100
AcDbCircle
 10
11.02886176186972
 20
11.185668999762193
 30
0.0
 40
0.125
100
AcDbArc
 50
-35.38861494379286
 51
144.61138505620715
  0
LINE
  5
269
330
17
100
AcDbEntity
  8
SLOTS
100
AcDbLine
 10
12.375733193826175
 20
11.570783770993353
 30
0.0
 11
11.291826122005773
 21
10.044936335611032
 31
0.0
  0
LINE
  5
26A
330
17
100
AcDbEntity
  8
SLOTS
100
AcDbLine
 10
11.088015400332026
 20
10.189716132995981
 30
0.0
 11
12.171922472152428
 21
11.715563568378302
 31
0.0
  0
ARC
  5
26B
330
17
100
AcDbEntity
  8
SLOTS
100
AcDbCircle
 10
11.1899207611689
 20
10.117326234303507
 30
0.0
 40
0.125
100
AcDbArc
 50
-215.38861494379313
 51
-35.388614943793144
  0
ARC
  5
26C
330
17
100
AcDbEntity
  8
SLOTS
100
AcDbCircle
 10
12.273827832989301
 20
11.643173669685828
 30
0.0
 40
0.125
100
AcDbArc
 50
-35.388614943793144
 51
144.61138505620687
  0
LINE
  5
26D
330
17
100
AcDbEntity
  8
SLOTS
100
AcDbLine
 10
13.094457477704143
 20
11.28748260771483
 30
0.0
 11
11.670830812718432
 21
9.283402043813627
 31
0.0
  0
LINE
  5
26E
330
17
100
AcDbEntity
  8
SLOTS
100
AcDbLine
 10
11.467020091044684
 20
9.428181841198576
 30
0.0
 11
12.890646756030396
 21
11.43226240509978
 31
0.0
  0
ARC
  5
26F
330
17
100
AcDbEntity
  8
SLOTS
100
AcDbCircle
 10
11.568925451881558
 20
9.355791942506102
 30
0.0
 40
0.125
100
AcDbArc
 50
-215.38861494379313
 51
-35.388614943793144
  0
ARC
  5
270
330
17
100
AcDbEntity
  8
SLOTS
100
AcDbCircle
 10
12.99255211686727
 20
11.359872506407305
 30
0.0
 40
0.125
100
AcDbArc
 50
-35.388614943793144
 51
144.61138505620687
  0
LINE
  5
271
330
17
100
AcDbEntity
  8
SLOTS
100
AcDbLine
 10
13.674332939451368
 20
10.808719928719624
 30
0.0
 11
12.04983550343109
 21
8.521867752016224
 31
0.0
  0
LINE
  5
272
330
17
100
AcDbEntity
  8
SLOTS
100
AcDbLine
 10
11.846024781757343
 20
8.666647549401173
 30
0.0
 11
13.47052221777762
 21
10.953499726104573
 31
0.0
  0
ARC
  5
273
330
17
100
AcDbEntity
  8
SLOTS
100
AcDbCircle
 10
11.947930142594217
 20
8.594257650708698
 30
0.0
 40
0.125
100
AcDbArc
 50
-215.38861494379313
 51
-35.388614943793144
  0
ARC
  5
274
330
17
100
AcDbEntity
  8
SLOTS
100
AcDbCircle
 10
13.572427578614494
 20
10.881109827412098
 30
0.0
 40
0.125
100
AcDbArc
 50
-35.388614943793144
 51
144.61138505620687
  0
LINE
  5
275
330
17
100
AcDbEntity
  8
SLOTS
100
AcDbLine
 10
14.254208401198593
 20
10.329957249724417
 30
0.0
 11
12.428840194143751
 21
7.7603334602188205
 31
0.0
  0
LINE
  5
276
330
17
100
AcDbEntity
  8
SLOTS
100
AcDbLine
 10
12.225029472470004
 20
7.905113257603768
 30
0.0
 11
14.050397679524846
 21
10.474737047109366
 31
0.0
  0
ARC
  5
277
330
17
100
AcDbEntity
  8
SLOTS
100
AcDbCircle
 10
12.326934833306877
 20
7.832723358911294
 30
0.0
 40
0.125
100
AcDbArc
 50
-215.38861494379313
 51
-35.388614943793115
  0
ARC
  5
278
330
17
100
AcDbEntity
  8
SLOTS
100
AcDbCircle
 10
14.15230304036172
 20
10.402347148416892
 30
0.0
 40
0.125
100
AcDbArc
 50
-35.388614943793115
 51
144.61138505620687
  0
LINE
  5
279
330
17
100
AcDbEntity
  8
SLOTS
100
AcDbLine
 10
14.83408386294582
 20
9.851194570729207
 30
0.0
 11
12.80784488485641
 21
6.998799168421415
 31
0.0
  0
LINE
  5
27A
330
17
100
AcDbEntity
  8
SLOTS
100
AcDbLine
 10
12.604034163182662
 20
7.143578965806362
 30
0.0
 11
14.630273141272072
 21
9.995974368114156
 31
0.0
  0
ARC
  5
27B
330
17
100
AcDbEntity
  8
SLOTS
100
AcDbCircle
 10
12.705939524019536
 20
7.071189067113888
 30
0.0
 40
0.125
100
AcDbArc
 50
-215.3886149437932
 51
-35.38861494379317
  0
ARC
  5
27C
330
17
100
AcDbEntity
  8
SLOTS
100
AcDbCircle
 10
14.732178502108946
 20
9.923584469421682
 30
0.0
 40
0.125
100
AcDbArc
 50
-35.38861494379317
 51
144.6113850562068
  0
LINE
  5
27D
330
17
100
AcDbEntity
  8
SLOTS
100
AcDbLine
 10
15.413959324693042
 20
9.372431891734001
 30
0.0
 11
13.186849575569068
 21
6.237264876624011
 31
0.0
  0
LINE
  5
27E
330
17
100
AcDbEntity
  8
SLOTS
100
AcDbLine
 10
12.983038853895321
 20
6.3820446740089585
 30
0.0
 11
15.210148603019295
 21
9.51721168911895
 31
0.0
  0
ARC
  5
27F
330
17
100
AcDbEntity
  8
SLOTS
100
AcDbCircle
 10
13.084944214732195
 20
6.309654775316485
 30
0.0
 40
0.125
100
AcDbArc
 50
-215.38861494379313
 51
-35.388614943793144
  0
ARC
  5
280
330
17
100
AcDbEntity
  8
SLOTS
100
AcDbCircle
 10
15.312053963856169
 20
9.444821790426476
 30
0.0
 40
0.125
100
AcDbArc
 50
-35.388614943793144
 51
144.61138505620687
  0
LINE
  5
281
330
17
100
AcDbEntity
  8
SLOTS
100
AcDbLine
 10
15.993834786440269
 20
8.893669212738793
 30
0.0
 11
13.65770618840447
 21
5.6050332007515475
 31
0.0
  0
LINE
  5
282
330
17
100
AcDbEntity
  8
SLOTS
100
AcDbLine
 10
13.453895466730723
 20
5.749812998136495
 30
0.0
 11
15.790024064766522
 21
9.038449010123742
 31
0.0
  0
ARC
  5
283
330
17
100
AcDbEntity
  8
SLOTS
100
AcDbCircle
 10
13.555800827567596
 20
5.677423099444021
 30
0.0
 40
0.125
100
AcDbArc
 50
-215.38861494379313
 51
-35.388614943793144
  0
ARC
  5
284
330
17
100
AcDbEntity
  8
SLOTS
100
AcDbCircle
 10
15.891929425603395
 20
8.966059111431267
 30
0.0
 40
0.125
100
AcDbArc
 50
-35.388614943793144
 51
144.61138505620687
  0
LINE
  5
285
330
17
100
AcDbEntity
  8
SLOTS
100
AcDbLine
 10
16.573710248187492
 20
8.414906533743586
 30
0.0
 11
14.414015362905223
 21
5.374641378556653
 31
0.0
  0
LINE
  5
286
330
17
100
AcDbEntity
  8
SLOTS
100
AcDbLine
 10
14.210204641231476
 20
5.5194211759416
 30
0.0
 11
16.369899526513745
 21
8.559686331128535
 31
0.0
  0
ARC
  5
287
330
17
100
AcDbEntity
  8
SLOTS
100
AcDbCircle
 10
14.31211000206835
 20
5.447031277249127
 30
0.0
 40
0.125
100
AcDbArc
 50
-215.38861494379307
 51
-35.38861494379309
  0
ARC
  5
288
330
17
100
AcDbEntity
  8
SLOTS
100
AcDbCircle
 10
16.47180488735062
 20
8.487296432436061
 30
0.0
 40
0.125
100
AcDbArc
 50
-35.38861494379309
 51
144.61138505620693
  0
LINE
  5
289
330
17
100
AcDbEntity
  8
SLOTS
100
AcDbLine
 10
17.153585709934717
 20
7.936143854748379
 30
0.0
 11
15.170324537405975
 21
5.144249556361759
 31
0.0
  0
LINE
  5
28A
330
17
100
AcDbEntity
  8
SLOTS
100
AcDbLine
 10
14.966513815732227
 20
5.289029353746706
 30
0.0
 11
16.94977498826097
 21
8.080923652133327
 31
0.0
  0
ARC
  5
28B
330
17
100
AcDbEntity
  8
SLOTS
100
AcDbCircle
 10
15.068419176569101
 20
5.216639455054232
 30
0.0
 40
0.125
100
AcDbArc
 50
-215.38861494379313
 51
-35.388614943793115
  0
ARC
  5
28C
330
17
100
AcDbEntity
  8
SLOTS
100
AcDbCircle
 10
17.051680349097843
 20
8.008533753440853
 30
0.0
 40
0.125
100
AcDbArc
 50
-35.388614943793115
 51
144.61138505620687
  0
LINE
  5
28D
330
17
100
AcDbEntity
  8
SLOTS
100
AcDbLine
 10
17.733461171681945
 20
7.457381175753172
 30
0.0
 11
15.92663371190673
 21
4.913857734166864
 31
0.0
  0
LINE
  5
28E
330
17
100
AcDbEntity
  8
SLOTS
100
AcDbLine
 10
15.722822990232983
 20
5.0586375315518115
 30
0.0
 11
17.529650450008198
 21
7.602160973138119
 31
0.0
  0
ARC
  5
28F
330
17
100
AcDbEntity
  8
SLOTS
100
AcDbCircle
 10
15.824728351069856
 20
4.986247632859338
 30
0.0
 40
0.125
100
AcDbArc
 50
-215.38861494379313
 51
-35.388614943793144
  0
ARC
  5
290
330
17
100
AcDbEntity
  8
SLOTS
100
AcDbCircle
 10
17.63155581084507
 20
7.529771074445645
 30
0.0
 40
0.125
100
AcDbArc
 50
-35.388614943793144
 51
144.61138505620687
  0
LINE
  5
291
330
17
100
AcDbEntity
  8
SLOTS
100
AcDbLine
 10
17.38791983037954
 20
5.675882411438882
 30
0.0
 11
16.68294288640748
 21
4.68346591197197
 31
0.0
  0
LINE
  5
292
330
17
100
AcDbEntity
  8
SLOTS
100
AcDbLine
 10
16.479132164733734
 20
4.828245709356917
 30
0.0
 11
17.184109108705794
 21
5.820662208823829
 31
0.0
  0
ARC
  5
293
330
17
100
AcDbEntity
  8
SLOTS
100
AcDbCircle
 10
16.581037525570608
 20
4.7558558106644435
 30
0.0
 40
0.125
100
AcDbArc
 50
-215.38861494379313
 51
-35.388614943793144
  0
ARC
  5
294
330
17
100
AcDbEntity
  8
SLOTS
100
AcDbCircle
 10
17.286014469542668
 20
5.748272310131355
 30
0.0
 40
0.125
100
AcDbArc
 50
-35.388614943793144
 51
144.61138505620687
  0
LINE
  5
295
330
17
100
AcDbEntity
  8
SLOTS
100
AcDbLine
 10
34.66286768032761
 20
10.278255684381431
 30
0.0
 11
34.78771450979937
 21
10.400043876577813
 31
0.0
  0
LINE
  5
296
330
17
100
AcDbEntity
  8
SLOTS
100
AcDbLine
 10
34.96228549020063
 20
10.22108865088786
 30
0.0
 11
34.837438660728864
 21
10.099300458691477
 31
0.0
  0
ARC
  5
297
330
17
100
AcDbEntity
  8
SLOTS
100
AcDbCircle
 10
34.875
 20
10.310566263732836
 30
0.0
 40
0.125
100
AcDbArc
 50
-45.710515572601295
 51
134.2894844273987
  0
ARC
  5
298
330
17
100
AcDbEntity
  8
SLOTS
100
AcDbCircle
 10
34.750153170528236
 20
10.188778071536454
 30
0.0
 40
0.125
100
AcDbArc
 50
134.2894844273987
 51
314.2894844273987
  0
LINE
  5
299
330
17
100
AcDbEntity
  8
SLOTS
100
AcDbLine
 10
17.57610695861223
 20
12.047779389274234
 30
0.0
 11
16.345961568283585
 21
14.067530001178856
 31
0.0
  0
LINE
  5
29A
330
17
100
AcDbEntity
  8
SLOTS
100
AcDbLine
 10
16.559476832461733
 20
14.197573193860883
 30
0.0
 11
17.789622222790378
 21
12.177822581956262
 31
0.0
  0
ARC
  5
29B
330
17
100
AcDbEntity
  8
SLOTS
100
AcDbCircle
 10
16.45271920037266
 20
14.13255159751987
 30
0.0
 40
0.125
100
AcDbArc
 50
31.343841329243006
 51
211.343841329243
  0
ARC
  5
29C
330
17
100
AcDbEntity
  8
SLOTS
100
AcDbCircle
 10
17.682864590701303
 20
12.112800985615248
 30
0.0
 40
0.125
100
AcDbArc
 50
211.343841329243
 51
391.343841329243
  0
LINE
  5
29D
330
17
100
AcDbEntity
  8
SLOTS
100
AcDbLine
 10
18.305138179995257
 20
9.408969262036063
 30
0.0
 11
15.71093571656781
 21
13.668337344952057
 31
0.0
  0
LINE
  5
29E
330
17
100
AcDbEntity
  8
SLOTS
100
AcDbLine
 10
15.92445098074596
 20
13.798380537634085
 30
0.0
 11
18.518653444173406
 21
9.53901245471809
 31
0.0
  0
ARC
  5
29F
330
17
100
AcDbEntity
  8
SLOTS
100
AcDbCircle
 10
15.817693348656885
 20
13.733358941293071
 30
0.0
 40
0.125
100
AcDbArc
 50
31.34384132924299
 51
211.343841329243
  0
ARC
  5
2A0
330
17
100
AcDbEntity
  8
SLOTS
100
AcDbCircle
 10
18.41189581208433
 20
9.473990858377077
 30
0.0
 40
0.125
100
AcDbArc
 50
211.343841329243
 51
391.343841329243
  0
LINE
  5
2A1
330
17
100
AcDbEntity
  8
SLOTS
100
AcDbLine
 10
17.955412013406324
 20
8.54134887511868
 30
0.0
 11
15.075909864852036
 21
13.26914468872526
 31
0.0
  0
LINE
  5
2A2
330
17
100
AcDbEntity
  8
SLOTS
100
AcDbLine
 10
15.289425129030185
 20
13.399187881407288
 30
0.0
 11
18.168927277584473
 21
8.671392067800708
 31
0.0
  0
ARC
  5
2A3
330
17
100
AcDbEntity
  8
SLOTS
100
AcDbCircle
 10
15.18266749694111
 20
13.334166285066274
 30
0.0
 40
0.125
100
AcDbArc
 50
31.343841329243006
 51
211.343841329243
  0
ARC
  5
2A4
330
17
100
AcDbEntity
  8
SLOTS
100
AcDbCircle
 10
18.0621696454954
 20
8.606370471459694
 30
0.0
 40
0.125
100
AcDbArc
 50
211.343841329243
 51
391.343841329243
  0
LINE
  5
2A5
330
17
100
AcDbEntity
  8
SLOTS
100
AcDbLine
 10
16.751987907578535
 20
9.075397712599841
 30
0.0
 11
14.440884013136262
 21
12.869952032498462
 31
0.0
  0
LINE
  5
2A6
330
17
100
AcDbEntity
  8
SLOTS
100
AcDbLine
 10
14.654399277314411
 20
12.99999522518049
 30
0.0
 11
16.965503171756684
 21
9.205440905281868
 31
0.0
  0
ARC
  5
2A7
330
17
100
AcDbEntity
  8
SLOTS
100
AcDbCircle
 10
14.547641645225337
 20
12.934973628839476
 30
0.0
 40
0.125
100
AcDbArc
 50
31.343841329243006
 51
211.343841329243
  0
ARC
  5
2A8
330
17
100
AcDbEntity
  8
SLOTS
100
AcDbCircle
 10
16.85874553966761
 20
9.140419308940855
 30
0.0
 40
0.125
100
AcDbArc
 50
211.343841329243
 51
391.343841329243
  0
LINE
  5
2A9
330
17
100
AcDbEntity
  8
SLOTS
100
AcDbLine
 10
14.9855809585218
 20
10.533796591176285
 30
0.0
 11
13.805858161420486
 21
12.470759376271664
 31
0.0
  0
LINE
  5
2AA
330
17
100
AcDbEntity
  8
SLOTS
100
AcDbLine
 10
14.019373425598635
 20
12.600802568953691
 30
0.0
 11
15.199096222699948
 21
10.663839783858313
 31
0.0
  0
ARC
  5
2AB
330
17
100
AcDbEntity
  8
SLOTS
100
AcDbCircle
 10
13.912615793509561
 20
12.535780972612677
 30
0.0
 40
0.125
100
AcDbArc
 50
31.343841329242963
 51
211.34384132924296
  0
ARC
  5
2AC
330
17
100
AcDbEntity
  8
SLOTS
100
AcDbCircle
 10
15.092338590610874
 20
10.598818187517299
 30
0.0
 40
0.125
100
AcDbArc
 50
211.34384132924296
 51
391.343841329243
  0
LINE
  5
2AD
330
17
100
AcDbEntity
  8
SLOTS
100
AcDbLine
 10
13.219174009465071
 20
11.992195469752728
 30
0.0
 11
13.170832309704712
 21
12.071566720044865
 31
0.0
  0
LINE
  5
2AE
330
17
100
AcDbEntity
  8
SLOTS
100
AcDbLine
 10
13.384347573882861
 20
12.201609912726893
 30
0.0
 11
13.43268927364322
 21
12.122238662434755
 31
0.0
  0
ARC
  5
2AF
330
17
100
AcDbEntity
  8
SLOTS
100
AcDbCircle
 10
13.277589941793787
 20
12.136588316385879
 30
0.0
 40
0.125
100
AcDbArc
 50
31.34384132924309
 51
211.3438413292431
  0
ARC
  5
2B0
330
17
100
AcDbEntity
  8
SLOTS
100
AcDbCircle
 10
13.325931641554146
 20
12.057217066093742
 30
0.0
 40
0.125
100
AcDbArc
 50
211.3438413292431
 51
391.3438413292431
  0
LINE
  5
2B1
330
17
100
AcDbEntity
  8
SLOTS
100
AcDbLine
 10
11.535949550469413
 20
12.902500899501872
 30
0.0
 11
15.635670303364485
 21
15.265173212895958
 31
0.0
  0
LINE
  5
2B2
330
17
100
AcDbEntity
  8
SLOTS
100
AcDbLine
 10
15.760499773187913
 20
15.048568495810658
 30
0.0
 11
11.660779020292841
 21
12.685896182416572
 31
0.0
  0
ARC
  5
2B3
330
17
100
AcDbEntity
  8
SLOTS
100
AcDbCircle
 10
15.698085038276199
 20
15.156870854353308
 30
0.0
 40
0.125
100
AcDbArc
 50
-60.045118490906994
 51
119.95488150909301
  0
ARC
  5
2B4
330
17
100
AcDbEntity
  8
SLOTS
100
AcDbCircle
 10
11.598364285381127
 20
12.794198540959222
 30
0.0
 40
0.125
100
AcDbArc
 50
119.95488150909301
 51
299.954881509093
  0
LINE
  5
2B5
330
17
100
AcDbEntity
  8
SLOTS
100
AcDbLine
 10
11.737456274139593
 20
13.884261501686089
 30
0.0
 11
15.152976854711445
 21
15.85262871446424
 31
0.0
  0
LINE
  5
2B6
330
17
100
AcDbEntity
  8
SLOTS
100
AcDbLine
 10
15.277806324534874
 20
15.63602399737894
 30
0.0
 11
11.862285743963021
 21
13.667656784600789
 31
0.0
  0
ARC
  5
2B7
330
17
100
AcDbEntity
  8
SLOTS
100
AcDbCircle
 10
15.21539158962316
 20
15.74432635592159
 30
0.0
 40
0.125
100
AcDbArc
 50
-60.04511849090697
 51
119.95488150909303
  0
ARC
  5
2B8
330
17
100
AcDbEntity
  8
SLOTS
100
AcDbCircle
 10
11.799871009051307
 20
13.775959143143439
 30
0.0
 40
0.125
100
AcDbArc
 50
119.95488150909303
 51
299.954881509093
  0
LINE
  5
2B9
330
17
100
AcDbEntity
  8
SLOTS
100
AcDbLine
 10
11.938962997809773
 20
14.866022103870305
 30
0.0
 11
14.660747876962015
 21
16.434588883070216
 31
0.0
  0
LINE
  5
2BA
330
17
100
AcDbEntity
  8
SLOTS
100
AcDbLine
 10
14.785577346785443
 20
16.21798416598492
 30
0.0
 11
12.063792467633201
 21
14.649417386785005
 31
0.0
  0
ARC
  5
2BB
330
17
100
AcDbEntity
  8
SLOTS
100
AcDbCircle
 10
14.723162611873729
 20
16.326286524527568
 30
0.0
 40
0.125
100
AcDbArc
 50
-60.04511849090703
 51
119.95488150909297
  0
ARC
  5
2BC
330
17
100
AcDbEntity
  8
SLOTS
100
AcDbCircle
 10
12.001377732721487
 20
14.757719745327655
 30
0.0
 40
0.125
100
AcDbArc
 50
119.95488150909297
 51
299.95488150909296
  0
LINE
  5
2BD
330
17
100
AcDbEntity
  8
SLOTS
100
AcDbLine
 10
12.14046972147995
 20
15.84778270605452
 30
0.0
 11
13.646831129848568
 21
16.7158999774576
 31
0.0
  0
LINE
  5
2BE
330
17
100
AcDbEntity
  8
SLOTS
100
AcDbLine
 10
13.771660599671996
 20
16.499295260372303
 30
0.0
 11
12.265299191303379
 21
15.63117798896922
 31
0.0
  0
ARC
  5
2BF
330
17
100
AcDbEntity
  8
SLOTS
100
AcDbCircle
 10
13.709245864760282
 20
16.60759761891495
 30
0.0
 40
0.125
100
AcDbArc
 50
-60.04511849090699
 51
119.95488150909301
  0
ARC
  5
2C0
330
17
100
AcDbEntity
  8
SLOTS
100
AcDbCircle
 10
12.202884456391665
 20
15.73948034751187
 30
0.0
 40
0.125
100
AcDbArc
 50
119.95488150909301
 51
299.954881509093
  0
LINE
  5
2C1
330
17
100
AcDbEntity
  8
SLOTS
100
AcDbLine
 10
12.341976445150133
 20
16.829543308238737
 30
0.0
 11
12.63291438273512
 21
16.99721107184498
 31
0.0
  0
LINE
  5
2C2
330
17
100
AcDbEntity
  8
SLOTS
100
AcDbLine
 10
12.757743852558544
 20
16.780606354759684
 30
0.0
 11
12.466805914973557
 21
16.61293859115344
 31
0.0
  0
ARC
  5
2C3
330
17
100
AcDbEntity
  8
SLOTS
100
AcDbCircle
 10
12.695329117646832
 20
16.88890871330233
 30
0.0
 40
0.125
100
AcDbArc
 50
-60.045118490907214
 51
119.95488150909279
  0
ARC
  5
2C4
330
17
100
AcDbEntity
  8
SLOTS
100
AcDbCircle
 10
12.404391180061845
 20
16.72124094969609
 30
0.0
 40
0.125
100
AcDbArc
 50
119.95488150909279
 51
299.9548815090928
  0
LINE
  5
2C5
330
17
100
AcDbEntity
  8
SLOTS
100
AcDbLine
 10
10.367676485232614
 20
13.575152131866032
 30
0.0
 11
11.502212369123724
 21
17.427941305521095
 31
0.0
  0
LINE
  5
2C6
330
17
100
AcDbEntity
  8
SLOTS
100
AcDbLine
 10
11.742030772222476
 20
17.357321665652535
 30
0.0
 11
10.607494888331367
 21
13.504532491997475
 31
0.0
  0
ARC
  5
2C7
330
17
100
AcDbEntity
  8
SLOTS
100
AcDbCircle
 10
11.6221215706731
 20
17.392631485586815
 30
0.0
 40
0.125
100
AcDbArc
 50
-16.40818873443854
 51
163.59181126556146
  0
ARC
  5
2C8
330
17
100
AcDbEntity
  8
SLOTS
100
AcDbCircle
 10
10.48758568678199
 20
13.539842311931753
 30
0.0
 40
0.125
100
AcDbArc
 50
163.59181126556146
 51
343.59181126556143
  0
LINE
  5
2C9
330
17
100
AcDbEntity
  8
SLOTS
100
AcDbLine
 10
10.015579729403669
 20
15.034529699815625
 30
0.0
 11
10.875695582643935
 21
17.955411352397395
 31
0.0
  0
LINE
  5
2CA
330
17
100
AcDbEntity
  8
SLOTS
100
AcDbLine
 10
11.115513985742687
 20
17.884791712528834
 30
0.0
 11
10.255398132502421
 21
14.963910059947068
 31
0.0
  0
ARC
  5
2CB
330
17
100
AcDbEntity
  8
SLOTS
100
AcDbCircle
 10
10.995604784193311
 20
17.920101532463114
 30
0.0
 40
0.125
100
AcDbArc
 50
-16.408188734438568
 51
163.59181126556143
  0
ARC
  5
2CC
330
17
100
AcDbEntity
  8
SLOTS
100
AcDbCircle
 10
10.135488930953045
 20
14.999219879881347
 30
0.0
 40
0.125
100
AcDbArc
 50
163.59181126556143
 51
343.59181126556143
  0
LINE
  5
2CD
330
17
100
AcDbEntity
  8
SLOTS
100
AcDbLine
 10
9.663482973574723
 20
16.49390726776522
 30
0.0
 11
10.249178796164145
 21
18.482881399273698
 31
0.0
  0
LINE
  5
2CE
330
17
100
AcDbEntity
  8
SLOTS
100
AcDbLine
 10
10.488997199262897
 20
18.412261759405137
 30
0.0
 11
9.903301376673475
 21
16.42328762789666
 31
0.0
  0
ARC
  5
2CF
330
17
100
AcDbEntity
  8
SLOTS
100
AcDbCircle
 10
10.369087997713521
 20
18.447571579339417
 30
0.0
 40
0.125
100
AcDbArc
 50
-16.408188734438525
 51
163.5918112655615
  0
ARC
  5
2D0
330
17
100
AcDbEntity
  8
SLOTS
100
AcDbCircle
 10
9.7833921751241
 20
16.45859744783094
 30
0.0
 40
0.125
100
AcDbArc
 50
163.5918112655615
 51
343.5918112655615
  0
LINE
  5
2D1
330
17
100
AcDbEntity
  8
SLOTS
100
AcDbLine
 10
9.311386217745778
 20
17.953284835714815
 30
0.0
 11
9.622662009684355
 21
19.010351446149997
 31
0.0
  0
LINE
  5
2D2
330
17
100
AcDbEntity
  8
SLOTS
100
AcDbLine
 10
9.862480412783107
 20
18.939731806281436
 30
0.0
 11
9.55120462084453
 21
17.882665195846254
 31
0.0
  0
ARC
  5
2D3
330
17
100
AcDbEntity
  8
SLOTS
100
AcDbCircle
 10
9.74257121123373
 20
18.975041626215717
 30
0.0
 40
0.125
100
AcDbArc
 50
-16.40818873443851
 51
163.5918112655615
  0
ARC
  5
2D4
330
17
100
AcDbEntity
  8
SLOTS
100
AcDbCircle
 10
9.431295419295154
 20
17.917975015780534
 30
0.0
 40
0.125
100
AcDbArc
 50
163.5918112655615
 51
343.5918112655615
  0
LINE
  5
2D5
330
17
100
AcDbEntity
  8
SLOTS
100
AcDbLine
 10
9.190073764947218
 20
11.789372261514131
 30
0.0
 11
10.220059207839821
 21
11.646080420501217
 31
0.0
  0
LINE
  5
2D6
330
17
100
AcDbEntity
  8
SLOTS
100
AcDbLine
 10
10.185610909503097
 20
11.39846516503075
 30
0.0
 11
9.155625466610495
 21
11.541757006043664
 31
0.0
  0
ARC
  5
2D7
330
17
100
AcDbEntity
  8
SLOTS
100
AcDbCircle
 10
10.20283505867146
 20
11.522272792765984
 30
0.0
 40
0.125
100
AcDbArc
 50
-97.9201679119712
 51
82.0798320880288
  0
ARC
  5
2D8
330
17
100
AcDbEntity
  8
SLOTS
100
AcDbCircle
 10
9.172849615778857
 20
11.665564633778898
 30
0.0
 40
0.125
100
AcDbArc
 50
82.0798320880288
 51
262.0798320880288
  0
LINE
  5
2D9
330
17
100
AcDbEntity
  8
SLOTS
100
AcDbLine
 10
8.596559103902843
 20
12.629165309465806
 30
0.0
 11
10.031022774379911
 21
12.429602352894747
 31
0.0
  0
LINE
  5
2DA
330
17
100
AcDbEntity
  8
SLOTS
100
AcDbLine
 10
9.996574476043188
 20
12.18198709742428
 30
0.0
 11
8.56211080556612
 21
12.381550053995339
 31
0.0
  0
ARC
  5
2DB
330
17
100
AcDbEntity
  8
SLOTS
100
AcDbCircle
 10
10.01379862521155
 20
12.305794725159513
 30
0.0
 40
0.125
100
AcDbArc
 50
-97.92016791197115
 51
82.07983208802885
  0
ARC
  5
2DC
330
17
100
AcDbEntity
  8
SLOTS
100
AcDbCircle
 10
8.579334954734481
 20
12.505357681730572
 30
0.0
 40
0.125
100
AcDbArc
 50
82.07983208802885
 51
262.07983208802887
  0
LINE
  5
2DD
330
17
100
AcDbEntity
  8
SLOTS
100
AcDbLine
 10
8.003044442858469
 20
13.468958357417483
 30
0.0
 11
9.84198634092
 21
13.213124285288275
 31
0.0
  0
LINE
  5
2DE
330
17
100
AcDbEntity
  8
SLOTS
100
AcDbLine
 10
9.807538042583277
 20
12.965509029817808
 30
0.0
 11
7.9685961445217455
 21
13.221343101947015
 31
0.0
  0
ARC
  5
2DF
330
17
100
AcDbEntity
  8
SLOTS
100
AcDbCircle
 10
9.824762191751638
 20
13.089316657553042
 30
0.0
 40
0.125
100
AcDbArc
 50
-97.92016791197123
 51
82.07983208802877
  0
ARC
  5
2E0
330
17
100
AcDbEntity
  8
SLOTS
100
AcDbCircle
 10
7.985820293690107
 20
13.34515072968225
 30
0.0
 40
0.125
100
AcDbArc
 50
82.07983208802877
 51
262.07983208802875
  0
LINE
  5
2E1
330
17
100
AcDbEntity
  8
SLOTS
100
AcDbLine
 10
7.4095297818140935
 20
14.30875140536916
 30
0.0
 11
9.65294990746009
 21
13.996646217681807
 31
0.0
  0
LINE
  5
2E2
330
17
100
AcDbEntity
  8
SLOTS
100
AcDbLine
 10
9.618501609123367
 20
13.74903096221134
 30
0.0
 11
7.37508148347737
 21
14.061136149898692
 31
0.0
  0
ARC
  5
2E3
330
17
100
AcDbEntity
  8
SLOTS
100
AcDbCircle
 10
9.635725758291729
 20
13.872838589946573
 30
0.0
 40
0.125
100
AcDbArc
 50
-97.92016791197119
 51
82.07983208802881
  0
ARC
  5
2E4
330
17
100
AcDbEntity
  8
SLOTS
100
AcDbCircle
 10
7.392305632645732
 20
14.184943777633926
 30
0.0
 40
0.125
100
AcDbArc
 50
82.07983208802881
 51
262.0798320880288
  0
LINE
  5
2E5
330
17
100
AcDbEntity
  8
SLOTS
100
AcDbLine
 10
6.81601512076972
 20
15.148544453320834
 30
0.0
 11
9.463913474000181
 21
14.780168150075337
 31
0.0
  0
LINE
  5
2E6
330
17
100
AcDbEntity
  8
SLOTS
100
AcDbLine
 10
9.429465175663458
 20
14.53255289460487
 30
0.0
 11
6.781566822432996
 21
14.900929197850367
 31
0.0
  0
ARC
  5
2E7
330
17
100
AcDbEntity
  8
SLOTS
100
AcDbCircle
 10
9.44668932483182
 20
14.656360522340103
 30
0.0
 40
0.125
100
AcDbArc
 50
-97.92016791197116
 51
82.07983208802884
  0
ARC
  5
2E8
330
17
100
AcDbEntity
  8
SLOTS
100
AcDbCircle
 10
6.798790971601358
 20
15.0247368255856
 30
0.0
 40
0.125
100
AcDbArc
 50
82.07983208802884
 51
262.07983208802887
  0
LINE
  5
2E9
330
17
100
AcDbEntity
  8
SLOTS
100
AcDbLine
 10
6.222500459725345
 20
15.988337501272511
 30
0.0
 11
9.274877040540272
 21
15.563690082468865
 31
0.0
  0
LINE
  5
2EA
330
17
100
AcDbEntity
  8
SLOTS
100
AcDbLine
 10
9.240428742203548
 20
15.316074826998397
 30
0.0
 11
6.1880521613886215
 21
15.740722245802043
 31
0.0
  0
ARC
  5
2EB
330
17
100
AcDbEntity
  8
SLOTS
100
AcDbCircle
 10
9.25765289137191
 20
15.439882454733631
 30
0.0
 40
0.125
100
AcDbArc
 50
-97.9201679119712
 51
82.0798320880288
  0
ARC
  5
2EC
330
17
100
AcDbEntity
  8
SLOTS
100
AcDbCircle
 10
6.205276310556983
 20
15.864529873537277
 30
0.0
 40
0.125
100
AcDbArc
 50
82.0798320880288
 51
262.0798320880288
  0
LINE
  5
2ED
330
17
100
AcDbEntity
  8
SLOTS
100
AcDbLine
 10
5.728947598514765
 20
16.81422383779638
 30
0.0
 11
9.08584060708036
 21
16.347212014862393
 31
0.0
  0
LINE
  5
2EE
330
17
100
AcDbEntity
  8
SLOTS
100
AcDbLine
 10
9.051392308743637
 20
16.09959675939193
 30
0.0
 11
5.694499300178041
 21
16.566608582325916
 31
0.0
  0
ARC
  5
2EF
330
17
100
AcDbEntity
  8
SLOTS
100
AcDbCircle
 10
9.068616457911999
 20
16.22340438712716
 30
0.0
 40
0.125
100
AcDbArc
 50
-97.92016791197122
 51
82.07983208802878
  0
ARC
  5
2F0
330
17
100
AcDbEntity
  8
SLOTS
100
AcDbCircle
 10
5.711723449346403
 20
16.690416210061148
 30
0.0
 40
0.125
100
AcDbArc
 50
82.07983208802878
 51
262.0798320880288
  0
LINE
  5
2F1
330
17
100
AcDbEntity
  8
SLOTS
100
AcDbLine
 10
5.829455145418317
 20
17.557464336809673
 30
0.0
 11
8.89680417362045
 21
17.130733947255923
 31
0.0
  0
LINE
  5
2F2
330
17
100
AcDbEntity
  8
SLOTS
100
AcDbLine
 10
8.862355875283727
 20
16.88311869178546
 30
0.0
 11
5.795006847081595
 21
17.30984908133921
 31
0.0
  0
ARC
  5
2F3
330
17
100
AcDbEntity
  8
SLOTS
100
AcDbCircle
 10
8.879580024452089
 20
17.00692631952069
 30
0.0
 40
0.125
100
AcDbArc
 50
-97.92016791197113
 51
82.07983208802887
  0
ARC
  5
2F4
330
17
100
AcDbEntity
  8
SLOTS
100
AcDbCircle
 10
5.812230996249956
 20
17.43365670907444
 30
0.0
 40
0.125
100
AcDbArc
 50
82.07983208802887
 51
262.07983208802887
  0
LINE
  5
2F5
330
17
100
AcDbEntity
  8
SLOTS
100
AcDbLine
 10
5.929962692321872
 20
18.300704835822973
 30
0.0
 11
8.707767740160541
 21
17.914255879649453
 31
0.0
  0
LINE
  5
2F6
330
17
100
AcDbEntity
  8
SLOTS
100
AcDbLine
 10
8.673319441823818
 20
17.66664062417899
 30
0.0
 11
5.895514393985148
 21
18.05308958035251
 31
0.0
  0
ARC
  5
2F7
330
17
100
AcDbEntity
  8
SLOTS
100
AcDbCircle
 10
8.69054359099218
 20
17.79044825191422
 30
0.0
 40
0.125
100
AcDbArc
 50
-97.92016791197119
 51
82.07983208802881
  0
ARC
  5
2F8
330
17
100
AcDbEntity
  8
SLOTS
100
AcDbCircle
 10
5.91273854315351
 20
18.17689720808774
 30
0.0
 40
0.125
100
AcDbArc
 50
82.07983208802881
 51
262.0798320880288
  0
LINE
  5
2F9
330
17
100
AcDbEntity
  8
SLOTS
100
AcDbLine
 10
7.3871622246592645
 20
18.85520199518836
 30
0.0
 11
8.518731306700632
 21
18.69777781204298
 31
0.0
  0
LINE
  5
2FA
330
17
100
AcDbEntity
  8
SLOTS
100
AcDbLine
 10
8.484283008363908
 20
18.450162556572515
 30
0.0
 11
7.352713926322541
 21
18.607586739717895
 31
0.0
  0
ARC
  5
2FB
330
17
100
AcDbEntity
  8
SLOTS
100
AcDbCircle
 10
8.50150715753227
 20
18.573970184307747
 30
0.0
 40
0.125
100
AcDbArc
 50
-97.92016791197122
 51
82.07983208802878
  0
ARC
  5
2FC
330
17
100
AcDbEntity
  8
SLOTS
100
AcDbCircle
 10
7.369938075490903
 20
18.731394367453127
 30
0.0
 40
0.125
100
AcDbArc
 50
82.07983208802878
 51
262.0798320880288
  0
LINE
  5
2FD
330
17
100
AcDbEntity
  8
SLOTS
100
AcDbLine
 10
29.74499038886861
 20
21.5197865683025
 30
0.0
 11
29.640645951942513
 21
21.59197535496548
 31
0.0
  0
LINE
  5
2FE
330
17
100
AcDbEntity
  8
SLOTS
100
AcDbLine
 10
29.782882281827366
 20
21.797569193542632
 30
0.0
 11
29.887226718753464
 21
21.72538040687965
 31
0.0
  0
ARC
  5
2FF
330
17
100
AcDbEntity
  8
SLOTS
100
AcDbCircle
 10
29.71176411688494
 20
21.694772274254056
 30
0.0
 40
0.125
100
AcDbArc
 50
55.32328762101244
 51
235.32328762101244
  0
ARC
  5
300
330
17
100
AcDbEntity
  8
SLOTS
100
AcDbCircle
 10
29.816108553811038
 20
21.622583487591076
 30
0.0
 40
0.125
100
AcDbArc
 50
235.32328762101244
 51
415.32328762101247
  0
LINE
  5
301
330
17
100
AcDbEntity
  8
SLOTS
100
AcDbLine
 10
30.40729343599589
 20
20.149592030156228
 30
0.0
 11
29.008411036685747
 21
21.11738318477162
 31
0.0
  0
LINE
  5
302
330
17
100
AcDbEntity
  8
SLOTS
100
AcDbLine
 10
29.1506473665706
 20
21.32297702334877
 30
0.0
 11
30.54952976588074
 21
20.35518586873338
 31
0.0
  0
ARC
  5
303
330
17
100
AcDbEntity
  8
SLOTS
100
AcDbCircle
 10
29.079529201628173
 20
21.220180104060194
 30
0.0
 40
0.125
100
AcDbArc
 50
55.32328762101167
 51
235.32328762101167
  0
ARC
  5
304
330
17
100
AcDbEntity
  8
SLOTS
100
AcDbCircle
 10
30.478411600938315
 20
20.252388949444804
 30
0.0
 40
0.125
100
AcDbArc
 50
235.32328762101167
 51
415.3232876210117
  0
LINE
  5
305
330
17
100
AcDbEntity
  8
SLOTS
100
AcDbLine
 10
31.069596483123174
 20
18.77939749200995
 30
0.0
 11
28.376176121428976
 21
20.642791014577757
 31
0.0
  0
LINE
  5
306
330
17
100
AcDbEntity
  8
SLOTS
100
AcDbLine
 10
28.51841245131383
 20
20.848384853154908
 30
0.0
 11
31.211832813008026
 21
18.9849913305871
 31
0.0
  0
ARC
  5
307
330
17
100
AcDbEntity
  8
SLOTS
100
AcDbCircle
 10
28.447294286371402
 20
20.745587933866332
 30
0.0
 40
0.125
100
AcDbArc
 50
55.323287621011644
 51
235.32328762101164
  0
ARC
  5
308
330
17
100
AcDbEntity
  8
SLOTS
100
AcDbCircle
 10
31.1407146480656
 20
18.882194411298524
 30
0.0
 40
0.125
100
AcDbArc
 50
235.32328762101164
 51
415.3232876210117
  0
LINE
  5
309
330
17
100
AcDbEntity
  8
SLOTS
100
AcDbLine
 10
31.731899530250452
 20
17.409202953863677
 30
0.0
 11
28.230099061505985
 21
19.83185944060639
 31
0.0
  0
LINE
  5
30A
330
17
100
AcDbEntity
  8
SLOTS
100
AcDbLine
 10
28.372335391390838
 20
20.03745327918354
 30
0.0
 11
31.874135860135304
 21
17.614796792440828
 31
0.0
  0
ARC
  5
30B
330
17
100
AcDbEntity
  8
SLOTS
100
AcDbCircle
 10
28.30121722644841
 20
19.934656359894966
 30
0.0
 40
0.125
100
AcDbArc
 50
55.323287621011644
 51
235.32328762101164
  0
ARC
  5
30C
330
17
100
AcDbEntity
  8
SLOTS
100
AcDbCircle
 10
31.803017695192878
 20
17.511999873152252
 30
0.0
 40
0.125
100
AcDbArc
 50
235.32328762101164
 51
415.3232876210117
  0
LINE
  5
30D
330
17
100
AcDbEntity
  8
SLOTS
100
AcDbLine
 10
32.39420257737773
 20
16.039008415717397
 30
0.0
 11
28.35285977591984
 21
18.83493737868693
 31
0.0
  0
LINE
  5
30E
330
17
100
AcDbEntity
  8
SLOTS
100
AcDbLine
 10
28.49509610580469
 20
19.040531217264082
 30
0.0
 11
32.536438907262585
 21
16.24460225429455
 31
0.0
  0
ARC
  5
30F
330
17
100
AcDbEntity
  8
SLOTS
100
AcDbCircle
 10
28.423977940862265
 20
18.937734297975506
 30
0.0
 40
0.125
100
AcDbArc
 50
55.323287621011616
 51
235.32328762101162
  0
ARC
  5
310
330
17
100
AcDbEntity
  8
SLOTS
100
AcDbCircle
 10
32.46532074232016
 20
16.141805335005973
 30
0.0
 40
0.125
100
AcDbArc
 50
235.32328762101162
 51
415.3232876210116
  0
LINE
  5
311
330
17
100
AcDbEntity
  8
SLOTS
100
AcDbLine
 10
32.32846761616796
 20
15.172493632952897
 30
0.0
 11
28.475620490333696
 21
17.83801531676747
 31
0.0
  0
LINE
  5
312
330
17
100
AcDbEntity
  8
SLOTS
100
AcDbLine
 10
28.61785682021855
 20
18.043609155344623
 30
0.0
 11
32.470703946052815
 21
15.378087471530048
 31
0.0
  0
ARC
  5
313
330
17
100
AcDbEntity
  8
SLOTS
100
AcDbCircle
 10
28.546738655276123
 20
17.940812236056047
 30
0.0
 40
0.125
100
AcDbArc
 50
55.32328762101159
 51
235.3232876210116
  0
ARC
  5
314
330
17
100
AcDbEntity
  8
SLOTS
100
AcDbCircle
 10
32.39958578111039
 20
15.275290552241472
 30
0.0
 40
0.125
100
AcDbArc
 50
235.3232876210116
 51
415.32328762101156
  0
LINE
  5
315
330
17
100
AcDbEntity
  8
SLOTS
100
AcDbLine
 10
31.31494622461899
 20
14.96168752462674
 30
0.0
 11
28.59838120474755
 21
16.841093254848015
 31
0.0
  0
LINE
  5
316
330
17
100
AcDbEntity
  8
SLOTS
100
AcDbLine
 10
28.740617534632403
 20
17.046687093425167
 30
0.0
 11
31.45718255450384
 21
15.167281363203891
 31
0.0
  0
ARC
  5
317
330
17
100
AcDbEntity
  8
SLOTS
100
AcDbCircle
 10
28.669499369689976
 20
16.94389017413659
 30
0.0
 40
0.125
100
AcDbArc
 50
55.32328762101159
 51
235.3232876210116
  0
ARC
  5
318
330
17
100
AcDbEntity
  8
SLOTS
100
AcDbCircle
 10
31.386064389561415
 20
15.064484443915315
 30
0.0
 40
0.125
100
AcDbArc
 50
235.3232876210116
 51
415.32328762101156
  0
LINE
  5
319
330
17
100
AcDbEntity
  8
SLOTS
100
AcDbLine
 10
30.301424833070016
 20
14.750881416300581
 30
0.0
 11
28.84999274235308
 21
15.75502811198672
 31
0.0
  0
LINE
  5
31A
330
17
100
AcDbEntity
  8
SLOTS
100
AcDbLine
 10
28.992229072237933
 20
15.960621950563871
 30
0.0
 11
30.443661162954868
 21
14.956475254877732
 31
0.0
  0
ARC
  5
31B
330
17
100
AcDbEntity
  8
SLOTS
100
AcDbCircle
 10
28.921110907295507
 20
15.857825031275295
 30
0.0
 40
0.125
100
AcDbArc
 50
55.32328762101159
 51
235.3232876210116
  0
ARC
  5
31C
330
17
100
AcDbEntity
  8
SLOTS
100
AcDbCircle
 10
30.37254299801244
 20
14.853678335589157
 30
0.0
 40
0.125
100
AcDbArc
 50
235.3232876210116
 51
415.32328762101156
  0
LINE
  5
31D
330
17
100
AcDbEntity
  8
SLOTS
100
AcDbLine
 10
23.92380546207746
 20
11.917642058707493
 30
0.0
 11
24.687942055289763
 21
11.87165169940646
 31
0.0
  0
LINE
  5
31E
330
17
100
AcDbEntity
  8
SLOTS
100
AcDbLine
 10
24.672922722193032
 20
11.622103267968132
 30
0.0
 11
23.90878612898073
 21
11.668093627269165
 31
0.0
  0
ARC
  5
31F
330
17
100
AcDbEntity
  8
SLOTS
100
AcDbCircle
 10
24.680432388741398
 20
11.746877483687296
 30
0.0
 40
0.125
100
AcDbArc
 50
-93.44425159431906
 51
86.55574840568094
  0
ARC
  5
320
330
17
100
AcDbEntity
  8
SLOTS
100
AcDbCircle
 10
23.916295795529095
 20
11.79286784298833
 30
0.0
 40
0.125
100
AcDbArc
 50
86.55574840568094
 51
266.55574840568096
  0
LINE
  5
321
330
17
100
AcDbEntity
  8
SLOTS
100
AcDbLine
 10
23.150033623785273
 20
12.715569482384337
 30
0.0
 11
24.270754746603313
 21
12.648117710577434
 31
0.0
  0
LINE
  5
322
330
17
100
AcDbEntity
  8
SLOTS
100
AcDbLine
 10
24.25573541350658
 20
12.398569279139107
 30
0.0
 11
23.13501429068854
 21
12.46602105094601
 31
0.0
  0
ARC
  5
323
330
17
100
AcDbEntity
  8
SLOTS
100
AcDbCircle
 10
24.263245080054947
 20
12.52334349485827
 30
0.0
 40
0.125
100
AcDbArc
 50
-93.44425159431916
 51
86.55574840568084
  0
ARC
  5
324
330
17
100
AcDbEntity
  8
SLOTS
100
AcDbCircle
 10
23.142523957236907
 20
12.590795266665173
 30
0.0
 40
0.125
100
AcDbArc
 50
86.55574840568084
 51
266.55574840568084
  0
LINE
  5
325
330
17
100
AcDbEntity
  8
SLOTS
100
AcDbLine
 10
22.376261785493085
 20
13.51349690606118
 30
0.0
 11
23.853567437916865
 21
13.424583721748409
 31
0.0
  0
LINE
  5
326
330
17
100
AcDbEntity
  8
SLOTS
100
AcDbLine
 10
23.838548104820134
 20
13.175035290310081
 30
0.0
 11
22.361242452396354
 21
13.263948474622852
 31
0.0
  0
ARC
  5
327
330
17
100
AcDbEntity
  8
SLOTS
100
AcDbCircle
 10
23.8460577713685
 20
13.299809506029245
 30
0.0
 40
0.125
100
AcDbArc
 50
-93.44425159431914
 51
86.55574840568086
  0
ARC
  5
328
330
17
100
AcDbEntity
  8
SLOTS
100
AcDbCircle
 10
22.36875211894472
 20
13.388722690342016
 30
0.0
 40
0.125
100
AcDbArc
 50
86.55574840568086
 51
266.55574840568084
  0
LINE
  5
329
330
17
100
AcDbEntity
  8
SLOTS
100
AcDbLine
 10
21.602489947200894
 20
14.311424329738022
 30
0.0
 11
23.436380129230415
 21
14.201049732919383
 31
0.0
  0
LINE
  5
32A
330
17
100
AcDbEntity
  8
SLOTS
100
AcDbLine
 10
23.421360796133683
 20
13.951501301481056
 30
0.0
 11
21.587470614104163
 21
14.061875898299695
 31
0.0
  0
ARC
  5
32B
330
17
100
AcDbEntity
  8
SLOTS
100
AcDbCircle
 10
23.42887046268205
 20
14.07627551720022
 30
0.0
 40
0.125
100
AcDbArc
 50
-93.44425159431913
 51
86.55574840568087
  0
ARC
  5
32C
330
17
100
AcDbEntity
  8
SLOTS
100
AcDbCircle
 10
21.59498028065253
 20
14.186650114018859
 30
0.0
 40
0.125
100
AcDbArc
 50
86.55574840568087
 51
266.5557484056809
  0
LINE
  5
32D
330
17
100
AcDbEntity
  8
SLOTS
100
AcDbLine
 10
20.828718108908706
 20
15.109351753414865
 30
0.0
 11
23.019192820543967
 21
14.97751574409036
 31
0.0
  0
LINE
  5
32E
330
17
100
AcDbEntity
  8
SLOTS
100
AcDbLine
 10
23.004173487447236
 20
14.727967312652032
 30
0.0
 11
20.813698775811975
 21
14.859803321976537
 31
0.0
  0
ARC
  5
32F
330
17
100
AcDbEntity
  8
SLOTS
100
AcDbCircle
 10
23.0116831539956
 20
14.852741528371196
 30
0.0
 40
0.125
100
AcDbArc
 50
-93.44425159431907
 51
86.55574840568093
  0
ARC
  5
330
330
17
100
AcDbEntity
  8
SLOTS
100
AcDbCircle
 10
20.82120844236034
 20
14.984577537695701
 30
0.0
 40
0.125
100
AcDbArc
 50
86.55574840568093
 51
266.55574840568096
  0
LINE
  5
331
330
17
100
AcDbEntity
  8
SLOTS
100
AcDbLine
 10
20.05494627061652
 20
15.907279177091707
 30
0.0
 11
22.602005511857516
 21
15.753981755261334
 31
0.0
  0
LINE
  5
332
330
17
100
AcDbEntity
  8
SLOTS
100
AcDbLine
 10
22.586986178760785
 20
15.504433323823006
 30
0.0
 11
20.039926937519787
 21
15.65773074565338
 31
0.0
  0
ARC
  5
333
330
17
100
AcDbEntity
  8
SLOTS
100
AcDbCircle
 10
22.59449584530915
 20
15.62920753954217
 30
0.0
 40
0.125
100
AcDbArc
 50
-93.44425159431907
 51
86.55574840568093
  0
ARC
  5
334
330
17
100
AcDbEntity
  8
SLOTS
100
AcDbCircle
 10
20.047436604068153
 20
15.782504961372544
 30
0.0
 40
0.125
100
AcDbArc
 50
86.55574840568093
 51
266.5557484056809
  0
LINE
  5
335
330
17
100
AcDbEntity
  8
SLOTS
100
AcDbLine
 10
19.78432193367827
 20
16.67492414266586
 30
0.0
 11
22.18481820317107
 21
16.530447766432307
 31
0.0
  0
LINE
  5
336
330
17
100
AcDbEntity
  8
SLOTS
100
AcDbLine
 10
22.169798870074338
 20
16.28089933499398
 30
0.0
 11
19.76930260058154
 21
16.42537571122753
 31
0.0
  0
ARC
  5
337
330
17
100
AcDbEntity
  8
SLOTS
100
AcDbCircle
 10
22.177308536622704
 20
16.405673550713143
 30
0.0
 40
0.125
100
AcDbArc
 50
-93.44425159431911
 51
86.55574840568089
  0
ARC
  5
338
330
17
100
AcDbEntity
  8
SLOTS
100
AcDbCircle
 10
19.776812267129905
 20
16.550149926946695
 30
0.0
 40
0.125
100
AcDbArc
 50
86.55574840568089
 51
266.5557484056809
  0
LINE
  5
339
330
17
100
AcDbEntity
  8
SLOTS
100
AcDbLine
 10
20.425080355470467
 20
17.387716584611248
 30
0.0
 11
21.70155505262368
 21
17.31089062118766
 31
0.0
  0
LINE
  5
33A
330
17
100
AcDbEntity
  8
SLOTS
100
AcDbLine
 10
21.686535719526947
 20
17.061342189749332
 30
0.0
 11
20.410061022373736
 21
17.13816815317292
 31
0.0
  0
ARC
  5
33B
330
17
100
AcDbEntity
  8
SLOTS
100
AcDbCircle
 10
21.694045386075313
 20
17.186116405468496
 30
0.0
 40
0.125
100
AcDbArc
 50
-93.44425159431903
 51
86.55574840568097
  0
ARC
  5
33C
330
17
100
AcDbEntity
  8
SLOTS
100
AcDbCircle
 10
20.4175706889221
 20
17.262942368892084
 30
0.0
 40
0.125
100
AcDbArc
 50
86.55574840568097
 51
266.55574840568096
  0
LINE
  5
33D
330
17
100
AcDbEntity
  8
SLOTS
100
AcDbLine
 10
27.464188661920296
 20
20.097882567325613
 30
0.0
 11
26.821567799354103
 21
20.35865010819238
 31
0.0
  0
LINE
  5
33E
330
17
100
AcDbEntity
  8
SLOTS
100
AcDbLine
 10
26.91557009966377
 20
20.590304090537792
 30
0.0
 11
27.558190962229965
 21
20.329536549671026
 31
0.0
  0
ARC
  5
33F
330
17
100
AcDbEntity
  8
SLOTS
100
AcDbCircle
 10
26.868568949508937
 20
20.474477099365085
 30
0.0
 40
0.125
100
AcDbArc
 50
67.91329862704939
 51
247.9132986270494
  0
ARC
  5
340
330
17
100
AcDbEntity
  8
SLOTS
100
AcDbCircle
 10
27.51118981207513
 20
20.21370955849832
 30
0.0
 40
0.125
100
AcDbArc
 50
247.9132986270494
 51
427.91329862704936
  0
LINE
  5
341
330
17
100
AcDbEntity
  8
SLOTS
100
AcDbLine
 10
27.569099831278663
 20
19.245914087225927
 30
0.0
 11
24.08000387388135
 21
20.661745762882035
 31
0.0
  0
LINE
  5
342
330
17
100
AcDbEntity
  8
SLOTS
100
AcDbLine
 10
24.174006174191017
 20
20.89339974522745
 30
0.0
 11
27.66310213158833
 21
19.47756806957134
 31
0.0
  0
ARC
  5
343
330
17
100
AcDbEntity
  8
SLOTS
100
AcDbCircle
 10
24.127005024036183
 20
20.77757275405474
 30
0.0
 40
0.125
100
AcDbArc
 50
67.9132986270495
 51
247.9132986270495
  0
ARC
  5
344
330
17
100
AcDbEntity
  8
SLOTS
100
AcDbCircle
 10
27.616100981433497
 20
19.361741078398634
 30
0.0
 40
0.125
100
AcDbArc
 50
247.9132986270495
 51
427.91329862704947
  0
LINE
  5
345
330
17
100
AcDbEntity
  8
SLOTS
100
AcDbLine
 10
27.67401100063703
 20
18.39394560712624
 30
0.0
 11
21.621509229492336
 21
20.849975429517144
 31
0.0
  0
LINE
  5
346
330
17
100
AcDbEntity
  8
SLOTS
100
AcDbLine
 10
21.715511529802004
 20
21.081629411862558
 30
0.0
 11
27.7680133009467
 21
18.625599589471655
 31
0.0
  0
ARC
  5
347
330
17
100
AcDbEntity
  8
SLOTS
100
AcDbCircle
 10
21.66851037964717
 20
20.96580242068985
 30
0.0
 40
0.125
100
AcDbArc
 50
67.91329862704953
 51
247.91329862704953
  0
ARC
  5
348
330
17
100
AcDbEntity
  8
SLOTS
100
AcDbCircle
 10
27.721012150791864
 20
18.509772598298948
 30
0.0
 40
0.125
100
AcDbArc
 50
247.91329862704953
 51
427.9132986270495
  0
LINE
  5
349
330
17
100
AcDbEntity
  8
SLOTS
100
AcDbLine
 10
27.778922169995393
 20
17.541977127026556
 30
0.0
 11
21.49991493886671
 21
20.08992004348828
 31
0.0
  0
LINE
  5
34A
330
17
100
AcDbEntity
  8
SLOTS
100
AcDbLine
 10
21.593917239176378
 20
20.321574025833694
 30
0.0
 11
27.872924470305062
 21
17.77363110937197
 31
0.0
  0
ARC
  5
34B
330
17
100
AcDbEntity
  8
SLOTS
100
AcDbCircle
 10
21.546916089021543
 20
20.205747034660988
 30
0.0
 40
0.125
100
AcDbArc
 50
67.91329862704956
 51
247.91329862704956
  0
ARC
  5
34C
330
17
100
AcDbEntity
  8
SLOTS
100
AcDbCircle
 10
27.825923320150228
 20
17.657804118199262
 30
0.0
 40
0.125
100
AcDbArc
 50
247.91329862704956
 51
427.9132986270496
  0
LINE
  5
34D
330
17
100
AcDbEntity
  8
SLOTS
100
AcDbLine
 10
27.88383333935376
 20
16.69000864692687
 30
0.0
 11
21.394419573317446
 21
19.32333191420861
 31
0.0
  0
LINE
  5
34E
330
17
100
AcDbEntity
  8
SLOTS
100
AcDbLine
 10
21.488421873627114
 20
19.554985896554022
 30
0.0
 11
27.97783563966343
 21
16.921662629272284
 31
0.0
  0
ARC
  5
34F
330
17
100
AcDbEntity
  8
SLOTS
100
AcDbCircle
 10
21.44142072347228
 20
19.439158905381316
 30
0.0
 40
0.125
100
AcDbArc
 50
67.91329862704953
 51
247.91329862704953
  0
ARC
  5
350
330
17
100
AcDbEntity
  8
SLOTS
100
AcDbCircle
 10
27.930834489508594
 20
16.805835638099577
 30
0.0
 40
0.125
100
AcDbArc
 50
247.91329862704953
 51
427.9132986270495
  0
LINE
  5
351
330
17
100
AcDbEntity
  8
SLOTS
100
AcDbLine
 10
25.3400815417868
 20
16.912834604268653
 30
0.0
 11
21.302430756032738
 21
18.551262995894973
 31
0.0
  0
LINE
  5
352
330
17
100
AcDbEntity
  8
SLOTS
100
AcDbLine
 10
21.396433056342406
 20
18.782916978240387
 30
0.0
 11
25.43408384209647
 21
17.144488586614067
 31
0.0
  0
ARC
  5
353
330
17
100
AcDbEntity
  8
SLOTS
100
AcDbCircle
 10
21.349431906187572
 20
18.66708998706768
 30
0.0
 40
0.125
100
AcDbArc
 50
67.9132986270495
 51
247.9132986270495
  0
ARC
  5
354
330
17
100
AcDbEntity
  8
SLOTS
100
AcDbCircle
 10
25.387082691941636
 20
17.02866159544136
 30
0.0
 40
0.125
100
AcDbArc
 50
247.9132986270495
 51
427.91329862704947
  0
LINE
  5
355
330
17
100
AcDbEntity
  8
SLOTS
100
AcDbLine
 10
22.05306403985607
 20
24.106420733415938
 30
0.0
 11
20.963851517495268
 21
23.233446180958932
 31
0.0
  0
LINE
  5
356
330
17
100
AcDbEntity
  8
SLOTS
100
AcDbLine
 10
20.80750259252017
 20
23.428523123879234
 30
0.0
 11
21.896715114880973
 21
24.30149767633624
 31
0.0
  0
ARC
  5
357
330
17
100
AcDbEntity
  8
SLOTS
100
AcDbCircle
 10
20.88567705500772
 20
23.330984652419083
 30
0.0
 40
0.125
100
AcDbArc
 50
-231.28876332952098
 51
-51.288763329520975
  0
ARC
  5
358
330
17
100
AcDbEntity
  8
SLOTS
100
AcDbCircle
 10
21.974889577368522
 20
24.20395920487609
 30
0.0
 40
0.125
100
AcDbArc
 50
-51.288763329520975
 51
128.71123667047902
  0
LINE
  5
359
330
17
100
AcDbEntity
  8
SLOTS
100
AcDbLine
 10
23.587675068818424
 20
24.375211005850232
 30
0.0
 11
21.29701842371115
 21
22.539311290649582
 31
0.0
  0
LINE
  5
35A
330
17
100
AcDbEntity
  8
SLOTS
100
AcDbLine
 10
21.140669498736052
 20
22.734388233569884
 30
0.0
 11
23.431326143843325
 21
24.570287948770535
 31
0.0
  0
ARC
  5
35B
330
17
100
AcDbEntity
  8
SLOTS
100
AcDbCircle
 10
21.2188439612236
 20
22.636849762109733
 30
0.0
 40
0.125
100
AcDbArc
 50
-231.28876332952106
 51
-51.28876332952106
  0
ARC
  5
35C
330
17
100
AcDbEntity
  8
SLOTS
100
AcDbCircle
 10
23.509500606330874
 20
24.472749477310384
 30
0.0
 40
0.125
100
AcDbArc
 50
-51.28876332952106
 51
128.71123667047894
  0
LINE
  5
35D
330
17
100
AcDbEntity
  8
SLOTS
100
AcDbLine
 10
25.122286097780773
 20
24.64400127828453
 30
0.0
 11
21.630185329927034
 21
21.845176400340232
 31
0.0
  0
LINE
  5
35E
330
17
100
AcDbEntity
  8
SLOTS
100
AcDbLine
 10
21.473836404951935
 20
22.040253343260535
 30
0.0
 11
24.965937172805674
 21
24.839078221204833
 31
0.0
  0
ARC
  5
35F
330
17
100
AcDbEntity
  8
SLOTS
100
AcDbCircle
 10
21.552010867439485
 20
21.942714871800383
 30
0.0
 40
0.125
100
AcDbArc
 50
-231.28876332952103
 51
-51.28876332952103
  0
ARC
  5
360
330
17
100
AcDbEntity
  8
SLOTS
100
AcDbCircle
 10
25.044111635293223
 20
24.741539749744682
 30
0.0
 40
0.125
100
AcDbArc
 50
-51.28876332952103
 51
128.71123667047897
  0
LINE
  5
361
330
17
100
AcDbEntity
  8
SLOTS
100
AcDbLine
 10
26.656897126743125
 20
24.91279155071883
 30
0.0
 11
22.546019331767486
 21
21.61803352177511
 31
0.0
  0
LINE
  5
362
330
17
100
AcDbEntity
  8
SLOTS
100
AcDbLine
 10
22.389670406792387
 20
21.813110464695413
 30
0.0
 11
26.500548201768027
 21
25.10786849363913
 31
0.0
  0
ARC
  5
363
330
17
100
AcDbEntity
  8
SLOTS
100
AcDbCircle
 10
22.467844869279936
 20
21.71557199323526
 30
0.0
 40
0.125
100
AcDbArc
 50
-231.28876332952103
 51
-51.28876332952103
  0
ARC
  5
364
330
17
100
AcDbEntity
  8
SLOTS
100
AcDbCircle
 10
26.578722664255576
 20
25.01033002217898
 30
0.0
 40
0.125
100
AcDbArc
 50
-51.28876332952103
 51
128.71123667047897
  0
LINE
  5
365
330
17
100
AcDbEntity
  8
SLOTS
100
AcDbLine
 10
28.191508155705478
 20
25.181581823153124
 30
0.0
 11
23.599888618483867
 21
21.501522212866075
 31
0.0
  0
LINE
  5
366
330
17
100
AcDbEntity
  8
SLOTS
100
AcDbLine
 10
23.443539693508768
 20
21.696599155786377
 30
0.0
 11
28.03515923073038
 21
25.376658766073426
 31
0.0
  0
ARC
  5
367
330
17
100
AcDbEntity
  8
SLOTS
100
AcDbCircle
 10
23.521714155996317
 20
21.599060684326226
 30
0.0
 40
0.125
100
AcDbArc
 50
-231.28876332952103
 51
-51.28876332952103
  0
ARC
  5
368
330
17
100
AcDbEntity
  8
SLOTS
100
AcDbCircle
 10
28.11333369321793
 20
25.279120294613275
 30
0.0
 40
0.125
100
AcDbArc
 50
-51.28876332952103
 51
128.71123667047897
  0
LINE
  5
369
330
17
100
AcDbEntity
  8
SLOTS
100
AcDbLine
 10
28.930685390247305
 20
24.8128532951348
 30
0.0
 11
24.653757905200244
 21
21.38501090395704
 31
0.0
  0
LINE
  5
36A
330
17
100
AcDbEntity
  8
SLOTS
100
AcDbLine
 10
24.497408980225146
 20
21.58008784687734
 30
0.0
 11
28.774336465272206
 21
25.007930238055103
 31
0.0
  0
ARC
  5
36B
330
17
100
AcDbEntity
  8
SLOTS
100
AcDbCircle
 10
24.575583442712695
 20
21.48254937541719
 30
0.0
 40
0.125
100
AcDbArc
 50
-231.28876332952103
 51
-51.28876332952103
  0
ARC
  5
36C
330
17
100
AcDbEntity
  8
SLOTS
100
AcDbCircle
 10
28.852510927759756
 20
24.91039176659495
 30
0.0
 40
0.125
100
AcDbArc
 50
-51.28876332952103
 51
128.71123667047897
  0
LINE
  5
36D
330
17
100
AcDbEntity
  8
SLOTS
100
AcDbLine
 10
29.12534949830763
 20
24.00771213584515
 30
0.0
 11
25.707627191916625
 21
21.268499595048002
 31
0.0
  0
LINE
  5
36E
330
17
100
AcDbEntity
  8
SLOTS
100
AcDbLine
 10
25.551278266941527
 20
21.463576537968304
 30
0.0
 11
28.969000573332533
 21
24.202789078765452
 31
0.0
  0
ARC
  5
36F
330
17
100
AcDbEntity
  8
SLOTS
100
AcDbCircle
 10
25.629452729429076
 20
21.366038066508153
 30
0.0
 40
0.125
100
AcDbArc
 50
-231.28876332952106
 51
-51.28876332952106
  0
ARC
  5
370
330
17
100
AcDbEntity
  8
SLOTS
100
AcDbCircle
 10
29.047175035820082
 20
24.1052506073053
 30
0.0
 40
0.125
100
AcDbArc
 50
-51.28876332952106
 51
128.71123667047894
  0
LINE
  5
371
330
17
100
AcDbEntity
  8
SLOTS
100
AcDbLine
 10
29.320013606367954
 20
23.202570976555506
 30
0.0
 11
26.761496478633003
 21
21.15198828613897
 31
0.0
  0
LINE
  5
372
330
17
100
AcDbEntity
  8
SLOTS
100
AcDbLine
 10
26.605147553657904
 20
21.34706522905927
 30
0.0
 11
29.163664681392856
 21
23.39764791947581
 31
0.0
  0
ARC
  5
373
330
17
100
AcDbEntity
  8
SLOTS
100
AcDbCircle
 10
26.683322016145453
 20
21.24952675759912
 30
0.0
 40
0.125
100
AcDbArc
 50
-231.28876332952103
 51
-51.28876332952103
  0
ARC
  5
374
330
17
100
AcDbEntity
  8
SLOTS
100
AcDbCircle
 10
29.241839143880405
 20
23.300109448015657
 30
0.0
 40
0.125
100
AcDbArc
 50
-51.28876332952103
 51
128.71123667047897
  0
LINE
  5
375
330
17
100
AcDbEntity
  8
SLOTS
100
AcDbLine
 10
29.51467771442828
 20
22.397429817265856
 30
0.0
 11
28.156291485474686
 21
21.308719775891845
 31
0.0
  0
LINE
  5
376
330
17
100
AcDbEntity
  8
SLOTS
100
AcDbLine
 10
27.999942560499587
 20
21.503796718812147
 30
0.0
 11
29.358328789453182
 21
22.592506760186158
 31
0.0
  0
ARC
  5
377
330
17
100
AcDbEntity
  8
SLOTS
100
AcDbCircle
 10
28.078117022987136
 20
21.406258247351996
 30
0.0
 40
0.125
100
AcDbArc
 50
-231.28876332952106
 51
-51.28876332952106
  0
ARC
  5
378
330
17
100
AcDbEntity
  8
SLOTS
100
AcDbCircle
 10
29.43650325194073
 20
22.494968288726007
 30
0.0
 40
0.125
100
AcDbArc
 50
-51.28876332952106
 51
128.71123667047894
  0
LINE
  5
379
330
17
100
AcDbEntity
  8
SLOTS
100
AcDbLine
 10
14.934822045017317
 20
20.178963579598552
 30
0.0
 11
15.663332724131221
 21
19.428099834069922
 31
0.0
  0
LINE
  5
37A
330
17
100
AcDbEntity
  8
SLOTS
100
AcDbLine
 10
15.483905447588457
 20
19.254014072353325
 30
0.0
 11
14.755394768474552
 21
20.004877817881955
 31
0.0
  0
ARC
  5
37B
330
17
100
AcDbEntity
  8
SLOTS
100
AcDbCircle
 10
15.57361908585984
 20
19.341056953211623
 30
0.0
 40
0.125
100
AcDbArc
 50
-135.86566246516446
 51
44.134337534835524
  0
ARC
  5
37C
330
17
100
AcDbEntity
  8
SLOTS
100
AcDbCircle
 10
14.845108406745934
 20
20.091920698740253
 30
0.0
 40
0.125
100
AcDbArc
 50
44.134337534835524
 51
224.13433753483554
  0
LINE
  5
37D
330
17
100
AcDbEntity
  8
SLOTS
100
AcDbLine
 10
14.605467976535142
 20
21.59547864145343
 30
0.0
 11
16.5593794556989
 21
19.58161483171387
 31
0.0
  0
LINE
  5
37E
330
17
100
AcDbEntity
  8
SLOTS
100
AcDbLine
 10
16.379952179156138
 20
19.407529069997274
 30
0.0
 11
14.426040699992377
 21
21.421392879736832
 31
0.0
  0
ARC
  5
37F
330
17
100
AcDbEntity
  8
SLOTS
100
AcDbCircle
 10
16.46966581742752
 20
19.494571950855573
 30
0.0
 40
0.125
100
AcDbArc
 50
-135.86566246516438
 51
44.13433753483562
  0
ARC
  5
380
330
17
100
AcDbEntity
  8
SLOTS
100
AcDbCircle
 10
14.51575433826376
 20
21.50843576059513
 30
0.0
 40
0.125
100
AcDbArc
 50
44.13433753483562
 51
224.13433753483562
  0
LINE
  5
381
330
17
100
AcDbEntity
  8
SLOTS
100
AcDbLine
 10
14.790083169974302
 20
22.482254200296158
 30
0.0
 11
17.45542618726657
 21
19.735129829357817
 31
0.0
  0
LINE
  5
382
330
17
100
AcDbEntity
  8
SLOTS
100
AcDbLine
 10
17.27599891072381
 20
19.56104406764122
 30
0.0
 11
14.610655893431538
 21
22.30816843857956
 31
0.0
  0
ARC
  5
383
330
17
100
AcDbEntity
  8
SLOTS
100
AcDbCircle
 10
17.36571254899519
 20
19.648086948499518
 30
0.0
 40
0.125
100
AcDbArc
 50
-135.8656624651644
 51
44.134337534835595
  0
ARC
  5
384
330
17
100
AcDbEntity
  8
SLOTS
100
AcDbCircle
 10
14.70036953170292
 20
22.39521131943786
 30
0.0
 40
0.125
100
AcDbArc
 50
44.134337534835595
 51
224.1343375348356
  0
LINE
  5
385
330
17
100
AcDbEntity
  8
SLOTS
100
AcDbLine
 10
15.451491777892521
 20
22.877606778936908
 30
0.0
 11
18.351472918834247
 21
19.888644827001766
 31
0.0
  0
LINE
  5
386
330
17
100
AcDbEntity
  8
SLOTS
100
AcDbLine
 10
18.172045642291486
 20
19.71455906528517
 30
0.0
 11
15.272064501349757
 21
22.70352101722031
 31
0.0
  0
ARC
  5
387
330
17
100
AcDbEntity
  8
SLOTS
100
AcDbCircle
 10
18.261759280562867
 20
19.801601946143467
 30
0.0
 40
0.125
100
AcDbArc
 50
-135.86566246516443
 51
44.134337534835566
  0
ARC
  5
388
330
17
100
AcDbEntity
  8
SLOTS
100
AcDbCircle
 10
15.361778139621139
 20
22.79056389807861
 30
0.0
 40
0.125
100
AcDbArc
 50
44.134337534835566
 51
224.13433753483557
  0
LINE
  5
389
330
17
100
AcDbEntity
  8
SLOTS
100
AcDbLine
 10
16.112900385810736
 20
23.272959357577655
 30
0.0
 11
19.247519650401927
 21
20.042159824645715
 31
0.0
  0
LINE
  5
38A
330
17
100
AcDbEntity
  8
SLOTS
100
AcDbLine
 10
19.068092373859166
 20
19.868074062929118
 30
0.0
 11
15.933473109267974
 21
23.098873595861058
 31
0.0
  0
ARC
  5
38B
330
17
100
AcDbEntity
  8
SLOTS
100
AcDbCircle
 10
19.157806012130546
 20
19.955116943787417
 30
0.0
 40
0.125
100
AcDbArc
 50
-135.8656624651644
 51
44.13433753483561
  0
ARC
  5
38C
330
17
100
AcDbEntity
  8
SLOTS
100
AcDbCircle
 10
16.023186747539356
 20
23.185916476719356
 30
0.0
 40
0.125
100
AcDbArc
 50
44.13433753483561
 51
224.1343375348356
  0
LINE
  5
38D
330
17
100
AcDbEntity
  8
SLOTS
100
AcDbLine
 10
16.774308993728955
 20
23.6683119362184
 30
0.0
 11
20.143566381969602
 21
20.19567482228966
 31
0.0
  0
LINE
  5
38E
330
17
100
AcDbEntity
  8
SLOTS
100
AcDbLine
 10
19.964139105426842
 20
20.021589060573064
 30
0.0
 11
16.594881717186194
 21
23.494226174501804
 31
0.0
  0
ARC
  5
38F
330
17
100
AcDbEntity
  8
SLOTS
100
AcDbCircle
 10
20.053852743698222
 20
20.108631941431362
 30
0.0
 40
0.125
100
AcDbArc
 50
-135.86566246516443
 51
44.13433753483557
  0
ARC
  5
390
330
17
100
AcDbEntity
  8
SLOTS
100
AcDbCircle
 10
16.684595355457574
 20
23.581269055360103
 30
0.0
 40
0.125
100
AcDbArc
 50
44.13433753483557
 51
224.13433753483557
  0
LINE
  5
391
330
17
100
AcDbEntity
  8
SLOTS
100
AcDbLine
 10
17.816829106599915
 20
23.670859274967636
 30
0.0
 11
20.907843072158066
 21
20.485002992828758
 31
0.0
  0
LINE
  5
392
330
17
100
AcDbEntity
  8
SLOTS
100
AcDbLine
 10
20.728415795615305
 20
20.31091723111216
 30
0.0
 11
17.637401830057154
 21
23.49677351325104
 31
0.0
  0
ARC
  5
393
330
17
100
AcDbEntity
  8
SLOTS
100
AcDbCircle
 10
20.818129433886686
 20
20.39796011197046
 30
0.0
 40
0.125
100
AcDbArc
 50
-135.86566246516446
 51
44.13433753483555
  0
ARC
  5
394
330
17
100
AcDbEntity
  8
SLOTS
100
AcDbCircle
 10
17.727115468328535
 20
23.583816394109338
 30
0.0
 40
0.125
100
AcDbArc
 50
44.13433753483555
 51
224.13433753483554
  0
LINE
  5
395
330
17
100
AcDbEntity
  8
SLOTS
100
AcDbLine
 10
18.891251072176942
 20
23.640525908877617
 30
0.0
 11
21.05576113476847
 21
21.409601669292424
 31
0.0
  0
LINE
  5
396
330
17
100
AcDbEntity
  8
SLOTS
100
AcDbLine
 10
20.87633385822571
 20
21.235515907575827
 30
0.0
 11
18.71182379563418
 21
23.46644014716102
 31
0.0
  0
ARC
  5
397
330
17
100
AcDbEntity
  8
SLOTS
100
AcDbCircle
 10
20.96604749649709
 20
21.322558788434126
 30
0.0
 40
0.125
100
AcDbArc
 50
-135.8656624651644
 51
44.13433753483559
  0
ARC
  5
398
330
17
100
AcDbEntity
  8
SLOTS
100
AcDbCircle
 10
18.801537433905562
 20
23.55348302801932
 30
0.0
 40
0.125
100
AcDbArc
 50
44.13433753483559
 51
224.1343375348356
  0
LINE
  5
399
330
17
100
AcDbEntity
  8
SLOTS
100
AcDbLine
 10
19.965673037753984
 20
23.610192542787594
 30
0.0
 11
20.135011058689955
 21
23.435658683084885
 31
0.0
  0
LINE
  5
39A
330
17
100
AcDbEntity
  8
SLOTS
100
AcDbLine
 10
19.955583782147187
 20
23.261572921368295
 30
0.0
 11
19.786245761211216
 21
23.436106781071004
 31
0.0
  0
ARC
  5
39B
330
17
100
AcDbEntity
  8
SLOTS
100
AcDbCircle
 10
20.04529742041857
 20
23.34861580222659
 30
0.0
 40
0.125
100
AcDbArc
 50
-135.86566246516514
 51
44.13433753483484
  0
ARC
  5
39C
330
17
100
AcDbEntity
  8
SLOTS
100
AcDbCircle
 10
19.8759593994826
 20
23.5231496619293
 30
0.0
 40
0.125
100
AcDbArc
 50
44.13433753483484
 51
224.13433753483486
  0
LINE
  5
39D
330
17
100
AcDbEntity
  8
SLOTS
100
AcDbLine
 10
22.26444751655203
 20
28.241148175178772
 30
0.0
 11
21.28863403601589
 21
25.91089772973226
 31
0.0
  0
LINE
  5
39E
330
17
100
AcDbEntity
  8
SLOTS
100
AcDbLine
 10
21.058036473328887
 20
26.00746254777079
 30
0.0
 11
22.033849953865026
 21
28.337712993217302
 31
0.0
  0
ARC
  5
39F
330
17
100
AcDbEntity
  8
SLOTS
100
AcDbCircle
 10
21.173335254672388
 20
25.959180138751524
 30
0.0
 40
0.125
100
AcDbArc
 50
-202.7219396902937
 51
-22.721939690293695
  0
ARC
  5
3A0
330
17
100
AcDbEntity
  8
SLOTS
100
AcDbCircle
 10
22.149148735208527
 20
28.289430584198037
 30
0.0
 40
0.125
100
AcDbArc
 50
-22.721939690293695
 51
157.2780603097063
  0
LINE
  5
3A1
330
17
100
AcDbEntity
  8
SLOTS
100
AcDbLine
 10
23.208201038761548
 20
28.55313822094021
 30
0.0
 11
21.65354868887138
 21
24.840615896637406
 31
0.0
  0
LINE
  5
3A2
330
17
100
AcDbEntity
  8
SLOTS
100
AcDbLine
 10
21.422951126184376
 20
24.937180714675936
 30
0.0
 11
22.977603476074545
 21
28.64970303897874
 31
0.0
  0
ARC
  5
3A3
330
17
100
AcDbEntity
  8
SLOTS
100
AcDbCircle
 10
21.538249907527877
 20
24.88889830565667
 30
0.0
 40
0.125
100
AcDbArc
 50
-202.7219396902937
 51
-22.721939690293695
  0
ARC
  5
3A4
330
17
100
AcDbEntity
  8
SLOTS
100
AcDbCircle
 10
23.092902257418046
 20
28.601420629959474
 30
0.0
 40
0.125
100
AcDbArc
 50
-22.721939690293695
 51
157.2780603097063
  0
LINE
  5
3A5
330
17
100
AcDbEntity
  8
SLOTS
100
AcDbLine
 10
24.15195456097106
 20
28.865128266701646
 30
0.0
 11
22.53101245746662
 21
24.99430547722866
 31
0.0
  0
LINE
  5
3A6
330
17
100
AcDbEntity
  8
SLOTS
100
AcDbLine
 10
22.300414894779617
 20
25.09087029526719
 30
0.0
 11
23.921356998284057
 21
28.961693084740176
 31
0.0
  0
ARC
  5
3A7
330
17
100
AcDbEntity
  8
SLOTS
100
AcDbCircle
 10
22.41571367612312
 20
25.042587886247926
 30
0.0
 40
0.125
100
AcDbArc
 50
-202.72193969029365
 51
-22.721939690293638
  0
ARC
  5
3A8
330
17
100
AcDbEntity
  8
SLOTS
100
AcDbCircle
 10
24.03665577962756
 20
28.91341067572091
 30
0.0
 40
0.125
100
AcDbArc
 50
-22.721939690293638
 51
157.27806030970635
  0
LINE
  5
3A9
330
17
100
AcDbEntity
  8
SLOTS
100
AcDbLine
 10
25.095708083180583
 20
29.177118312463083
 30
0.0
 11
23.408476226061865
 21
25.14799505781992
 31
0.0
  0
LINE
  5
3AA
330
17
100
AcDbEntity
  8
SLOTS
100
AcDbLine
 10
23.177878663374862
 20
25.24455987585845
 30
0.0
 11
24.86511052049358
 21
29.273683130501613
 31
0.0
  0
ARC
  5
3AB
330
17
100
AcDbEntity
  8
SLOTS
100
AcDbCircle
 10
23.293177444718363
 20
25.196277466839184
 30
0.0
 40
0.125
100
AcDbArc
 50
-202.7219396902937
 51
-22.721939690293695
  0
ARC
  5
3AC
330
17
100
AcDbEntity
  8
SLOTS
100
AcDbCircle
 10
24.98040930183708
 20
29.225400721482348
 30
0.0
 40
0.125
100
AcDbArc
 50
-22.721939690293695
 51
157.2780603097063
  0
LINE
  5
3AD
330
17
100
AcDbEntity
  8
SLOTS
100
AcDbLine
 10
26.039461605390095
 20
29.48910835822452
 30
0.0
 11
24.285939994657106
 21
25.301684638411174
 31
0.0
  0
LINE
  5
3AE
330
17
100
AcDbEntity
  8
SLOTS
100
AcDbLine
 10
24.055342431970104
 20
25.398249456449705
 30
0.0
 11
25.808864042703092
 21
29.58567317626305
 31
0.0
  0
ARC
  5
3AF
330
17
100
AcDbEntity
  8
SLOTS
100
AcDbCircle
 10
24.170641213313605
 20
25.34996704743044
 30
0.0
 40
0.125
100
AcDbArc
 50
-202.72193969029365
 51
-22.721939690293638
  0
ARC
  5
3B0
330
17
100
AcDbEntity
  8
SLOTS
100
AcDbCircle
 10
25.924162824046594
 20
29.537390767243785
 30
0.0
 40
0.125
100
AcDbArc
 50
-22.721939690293638
 51
157.27806030970635
  0
LINE
  5
3B1
330
17
100
AcDbEntity
  8
SLOTS
100
AcDbLine
 10
26.772794728261317
 20
29.298612796777814
 30
0.0
 11
25.163403763252344
 21
25.45537421900243
 31
0.0
  0
LINE
  5
3B2
330
17
100
AcDbEntity
  8
SLOTS
100
AcDbLine
 10
24.93280620056534
 20
25.55193903704096
 30
0.0
 11
26.542197165574315
 21
29.395177614816344
 31
0.0
  0
ARC
  5
3B3
330
17
100
AcDbEntity
  8
SLOTS
100
AcDbCircle
 10
25.048104981908843
 20
25.503656628021695
 30
0.0
 40
0.125
100
AcDbArc
 50
-202.72193969029368
 51
-22.72193969029368
  0
ARC
  5
3B4
330
17
100
AcDbEntity
  8
SLOTS
100
AcDbCircle
 10
26.657495946917816
 20
29.34689520579708
 30
0.0
 40
0.125
100
AcDbArc
 50
-22.72193969029368
 51
157.27806030970632
  0
LINE
  5
3B5
330
17
100
AcDbEntity
  8
SLOTS
100
AcDbLine
 10
27.439834754398216
 20
28.949808786763334
 30
0.0
 11
26.04086753184759
 21
25.609063799593688
 31
0.0
  0
LINE
  5
3B6
330
17
100
AcDbEntity
  8
SLOTS
100
AcDbLine
 10
25.810269969160586
 20
25.705628617632218
 30
0.0
 11
27.209237191711214
 21
29.046373604801865
 31
0.0
  0
ARC
  5
3B7
330
17
100
AcDbEntity
  8
SLOTS
100
AcDbCircle
 10
25.925568750504087
 20
25.657346208612953
 30
0.0
 40
0.125
100
AcDbArc
 50
-202.7219396902937
 51
-22.721939690293695
  0
ARC
  5
3B8
330
17
100
AcDbEntity
  8
SLOTS
100
AcDbCircle
 10
27.324535973054715
 20
28.9980911957826
 30
0.0
 40
0.125
100
AcDbArc
 50
-22.721939690293695
 51
157.2780603097063
  0
LINE
  5
3B9
330
17
100
AcDbEntity
  8
SLOTS
100
AcDbLine
 10
28.10687478053511
 20
28.60100477674886
 30
0.0
 11
26.91833130044283
 21
25.762753380184943
 31
0.0
  0
LINE
  5
3BA
330
17
100
AcDbEntity
  8
SLOTS
100
AcDbLine
 10
26.687733737755828
 20
25.859318198223473
 30
0.0
 11
27.87627721784811
 21
28.69756959478739
 31
0.0
  0
ARC
  5
3BB
330
17
100
AcDbEntity
  8
SLOTS
100
AcDbCircle
 10
26.80303251909933
 20
25.811035789204208
 30
0.0
 40
0.125
100
AcDbArc
 50
-202.72193969029368
 51
-22.72193969029368
  0
ARC
  5
3BC
330
17
100
AcDbEntity
  8
SLOTS
100
AcDbCircle
 10
27.99157599919161
 20
28.649287185768124
 30
0.0
 40
0.125
100
AcDbArc
 50
-22.72193969029368
 51
157.27806030970632
  0
LINE
  5
3BD
330
17
100
AcDbEntity
  8
SLOTS
100
AcDbLine
 10
28.77391480667201
 20
28.25220076673438
 30
0.0
 11
27.795795069038075
 21
25.916442960776198
 31
0.0
  0
LINE
  5
3BE
330
17
100
AcDbEntity
  8
SLOTS
100
AcDbLine
 10
27.565197506351073
 20
26.01300777881473
 30
0.0
 11
28.54331724398501
 21
28.34876558477291
 31
0.0
  0
ARC
  5
3BF
330
17
100
AcDbEntity
  8
SLOTS
100
AcDbCircle
 10
27.680496287694574
 20
25.964725369795463
 30
0.0
 40
0.125
100
AcDbArc
 50
-202.72193969029365
 51
-22.721939690293667
  0
ARC
  5
3C0
330
17
100
AcDbEntity
  8
SLOTS
100
AcDbCircle
 10
28.65861602532851
 20
28.300483175753644
 30
0.0
 40
0.125
100
AcDbArc
 50
-22.721939690293667
 51
157.27806030970635
  0
LINE
  5
3C1
330
17
100
AcDbEntity
  8
SLOTS
100
AcDbLine
 10
28.867535785068153
 20
26.534067455498057
 30
0.0
 11
28.673258837633316
 21
26.070132541367457
 31
0.0
  0
LINE
  5
3C2
330
17
100
AcDbEntity
  8
SLOTS
100
AcDbLine
 10
28.442661274946314
 20
26.166697359405987
 30
0.0
 11
28.63693822238115
 21
26.630632273536587
 31
0.0
  0
ARC
  5
3C3
330
17
100
AcDbEntity
  8
SLOTS
100
AcDbCircle
 10
28.557960056289815
 20
26.118414950386722
 30
0.0
 40
0.125
100
AcDbArc
 50
-202.72193969029374
 51
-22.721939690293738
  0
ARC
  5
3C4
330
17
100
AcDbEntity
  8
SLOTS
100
AcDbCircle
 10
28.75223700372465
 20
26.582349864517322
 30
0.0
 40
0.125
100
AcDbArc
 50
-22.721939690293738
 51
157.27806030970626
  0
LINE
  5
3C5
330
17
100
AcDbEntity
  8
SLOTS
100
AcDbLine
 10
33.25333166993596
 20
22.93108965188306
 30
0.0
 11
33.92774971908132
 21
23.500035671307568
 31
0.0
  0
LINE
  5
3C6
330
17
100
AcDbEntity
  8
SLOTS
100
AcDbLine
 10
34.088951860957394
 20
23.308949644988093
 30
0.0
 11
33.414533811812035
 21
22.740003625563585
 31
0.0
  0
ARC
  5
3C7
330
17
100
AcDbEntity
  8
SLOTS
100
AcDbCircle
 10
34.00835079001936
 20
23.40449265814783
 30
0.0
 40
0.125
100
AcDbArc
 50
-49.84867596357353
 51
130.15132403642647
  0
ARC
  5
3C8
330
17
100
AcDbEntity
  8
SLOTS
100
AcDbCircle
 10
33.333932740874
 20
22.835546638723322
 30
0.0
 40
0.125
100
AcDbArc
 50
130.15132403642647
 51
310.15132403642644
  0
LINE
  5
3C9
330
17
100
AcDbEntity
  8
SLOTS
100
AcDbLine
 10
32.0107672241204
 20
22.86408292024945
 30
0.0
 11
33.74308323977941
 21
24.325482571020206
 31
0.0
  0
LINE
  5
3CA
330
17
100
AcDbEntity
  8
SLOTS
100
AcDbLine
 10
33.904285381655484
 20
24.13439654470073
 30
0.0
 11
32.171969365996475
 21
22.672996893929977
 31
0.0
  0
ARC
  5
3CB
330
17
100
AcDbEntity
  8
SLOTS
100
AcDbCircle
 10
33.82368431071745
 20
24.22993955786047
 30
0.0
 40
0.125
100
AcDbArc
 50
-49.84867596357342
 51
130.1513240364266
  0
ARC
  5
3CC
330
17
100
AcDbEntity
  8
SLOTS
100
AcDbCircle
 10
32.09136829505844
 20
22.768539907089714
 30
0.0
 40
0.125
100
AcDbArc
 50
130.1513240364266
 51
310.15132403642656
  0
LINE
  5
3CD
330
17
100
AcDbEntity
  8
SLOTS
100
AcDbLine
 10
30.76820277830483
 20
22.797076188615844
 30
0.0
 11
33.558416760477506
 21
25.15092947073285
 31
0.0
  0
LINE
  5
3CE
330
17
100
AcDbEntity
  8
SLOTS
100
AcDbLine
 10
33.71961890235358
 20
24.959843444413377
 30
0.0
 11
30.929404920180897
 21
22.60599016229637
 31
0.0
  0
ARC
  5
3CF
330
17
100
AcDbEntity
  8
SLOTS
100
AcDbCircle
 10
33.63901783141554
 20
25.055386457573114
 30
0.0
 40
0.125
100
AcDbArc
 50
-49.848675963573534
 51
130.15132403642647
  0
ARC
  5
3D0
330
17
100
AcDbEntity
  8
SLOTS
100
AcDbCircle
 10
30.848803849242863
 20
22.701533175456106
 30
0.0
 40
0.125
100
AcDbArc
 50
130.15132403642647
 51
310.15132403642644
  0
LINE
  5
3D1
330
17
100
AcDbEntity
  8
SLOTS
100
AcDbLine
 10
29.997522132004644
 20
23.128155495316186
 30
0.0
 11
33.373750281175596
 21
25.97637637044549
 31
0.0
  0
LINE
  5
3D2
330
17
100
AcDbEntity
  8
SLOTS
100
AcDbLine
 10
33.53495242305167
 20
25.785290344126015
 30
0.0
 11
30.15872427388071
 21
22.93706946899671
 31
0.0
  0
ARC
  5
3D3
330
17
100
AcDbEntity
  8
SLOTS
100
AcDbCircle
 10
33.45435135211363
 20
25.880833357285752
 30
0.0
 40
0.125
100
AcDbArc
 50
-49.848675963573505
 51
130.1513240364265
  0
ARC
  5
3D4
330
17
100
AcDbEntity
  8
SLOTS
100
AcDbCircle
 10
30.078123202942677
 20
23.03261248215645
 30
0.0
 40
0.125
100
AcDbArc
 50
130.1513240364265
 51
310.1513240364265
  0
LINE
  5
3D5
330
17
100
AcDbEntity
  8
SLOTS
100
AcDbLine
 10
29.80047399999069
 20
23.943157105147662
 30
0.0
 11
32.93808127450781
 21
26.590074950267713
 31
0.0
  0
LINE
  5
3D6
330
17
100
AcDbEntity
  8
SLOTS
100
AcDbLine
 10
33.099283416383884
 20
26.398988923948238
 30
0.0
 11
29.961676141866757
 21
23.752071078828187
 31
0.0
  0
ARC
  5
3D7
330
17
100
AcDbEntity
  8
SLOTS
100
AcDbCircle
 10
33.018682345445846
 20
26.494531937107975
 30
0.0
 40
0.125
100
AcDbArc
 50
-49.84867596357347
 51
130.15132403642653
  0
ARC
  5
3D8
330
17
100
AcDbEntity
  8
SLOTS
100
AcDbCircle
 10
29.881075070928723
 20
23.847614091987925
 30
0.0
 40
0.125
100
AcDbArc
 50
130.15132403642653
 51
310.15132403642656
  0
LINE
  5
3D9
330
17
100
AcDbEntity
  8
SLOTS
100
AcDbLine
 10
29.60342586797674
 20
24.75815871497914
 30
0.0
 11
32.37926189320221
 21
27.099882604380557
 31
0.0
  0
LINE
  5
3DA
330
17
100
AcDbEntity
  8
SLOTS
100
AcDbLine
 10
32.54046403507829
 20
26.908796578061082
 30
0.0
 11
29.764628009852807
 21
24.567072688659664
 31
0.0
  0
ARC
  5
3DB
330
17
100
AcDbEntity
  8
SLOTS
100
AcDbCircle
 10
32.45986296414025
 20
27.00433959122082
 30
0.0
 40
0.125
100
AcDbArc
 50
-49.848675963573484
 51
130.1513240364265
  0
ARC
  5
3DC
330
17
100
AcDbEntity
  8
SLOTS
100
AcDbCircle
 10
29.684026938914773
 20
24.6626157018194
 30
0.0
 40
0.125
100
AcDbArc
 50
130.1513240364265
 51
310.1513240364265
  0
LINE
  5
3DD
330
17
100
AcDbEntity
  8
SLOTS
100
AcDbLine
 10
29.40637773596279
 20
25.573160324810612
 30
0.0
 11
31.820442511896616
 21
27.609690258493398
 31
0.0
  0
LINE
  5
3DE
330
17
100
AcDbEntity
  8
SLOTS
100
AcDbLine
 10
31.981644653772683
 20
27.418604232173923
 30
0.0
 11
29.567579877838856
 21
25.382074298491137
 31
0.0
  0
ARC
  5
3DF
330
17
100
AcDbEntity
  8
SLOTS
100
AcDbCircle
 10
31.90104358283465
 20
27.51414724533366
 30
0.0
 40
0.125
100
AcDbArc
 50
-49.84867596357347
 51
130.15132403642653
  0
ARC
  5
3E0
330
17
100
AcDbEntity
  8
SLOTS
100
AcDbCircle
 10
29.486978806900822
 20
25.477617311650874
 30
0.0
 40
0.125
100
AcDbArc
 50
130.15132403642653
 51
310.15132403642656
  0
LINE
  5
3E1
330
17
100
AcDbEntity
  8
SLOTS
100
AcDbLine
 10
29.412269758060496
 20
26.55936434093822
 30
0.0
 11
31.261623130591015
 21
28.119497912606242
 31
0.0
  0
LINE
  5
3E2
330
17
100
AcDbEntity
  8
SLOTS
100
AcDbLine
 10
31.422825272467083
 20
27.928411886286767
 30
0.0
 11
29.573471899936564
 21
26.368278314618745
 31
0.0
  0
ARC
  5
3E3
330
17
100
AcDbEntity
  8
SLOTS
100
AcDbCircle
 10
31.34222420152905
 20
28.023954899446505
 30
0.0
 40
0.125
100
AcDbArc
 50
-49.84867596357354
 51
130.15132403642644
  0
ARC
  5
3E4
330
17
100
AcDbEntity
  8
SLOTS
100
AcDbCircle
 10
29.49287082899853
 20
26.463821327778483
 30
0.0
 40
0.125
100
AcDbArc
 50
130.15132403642644
 51
310.15132403642644
  0
LINE
  5
3E5
330
17
100
AcDbEntity
  8
SLOTS
100
AcDbLine
 10
29.577278893728845
 20
27.679801194551498
 30
0.0
 11
30.702803749285415
 21
28.629305566719086
 31
0.0
  0
LINE
  5
3E6
330
17
100
AcDbEntity
  8
SLOTS
100
AcDbLine
 10
30.864005891161483
 20
28.43821954039961
 30
0.0
 11
29.738481035604913
 21
27.488715168232023
 31
0.0
  0
ARC
  5
3E7
330
17
100
AcDbEntity
  8
SLOTS
100
AcDbCircle
 10
30.78340482022345
 20
28.53376255355935
 30
0.0
 40
0.125
100
AcDbArc
 50
-49.8486759635736
 51
130.1513240364264
  0
ARC
  5
3E8
330
17
100
AcDbEntity
  8
SLOTS
100
AcDbCircle
 10
29.65787996466688
 20
27.58425818139176
 30
0.0
 40
0.125
100
AcDbArc
 50
130.1513240364264
 51
310.1513240364264
  0
LINE
  5
3E9
330
17
100
AcDbEntity
  8
SLOTS
100
AcDbLine
 10
28.589903841529804
 20
29.76907534247889
 30
0.0
 11
28.017884692862122
 21
29.41066145833295
 31
0.0
  0
LINE
  5
3EA
330
17
100
AcDbEntity
  8
SLOTS
100
AcDbLine
 10
27.885144843095215
 20
29.622510773375172
 30
0.0
 11
28.457163991762897
 21
29.98092465752111
 31
0.0
  0
ARC
  5
3EB
330
17
100
AcDbEntity
  8
SLOTS
100
AcDbCircle
 10
27.95151476797867
 20
29.51658611585406
 30
0.0
 40
0.125
100
AcDbArc
 50
-237.9296994993824
 51
-57.929699499382394
  0
ARC
  5
3EC
330
17
100
AcDbEntity
  8
SLOTS
100
AcDbCircle
 10
28.52353391664635
 20
29.875
 30
0.0
 40
0.125
100
AcDbArc
 50
-57.929699499382394
 51
122.0703005006176
  0
LINE
  5
3ED
330
17
100
AcDbEntity
  8
SLOTS
100
AcDbLine
 10
30.00244122445781
 20
29.76907534247889
 30
0.0
 11
28.787846269483413
 21
29.008038414798442
 31
0.0
  0
LINE
  5
3EE
330
17
100
AcDbEntity
  8
SLOTS
100
AcDbLine
 10
28.655106419716507
 20
29.219887729840664
 30
0.0
 11
29.869701374690905
 21
29.98092465752111
 31
0.0
  0
ARC
  5
3EF
330
17
100
AcDbEntity
  8
SLOTS
100
AcDbCircle
 10
28.72147634459996
 20
29.113963072319553
 30
0.0
 40
0.125
100
AcDbArc
 50
-237.9296994993823
 51
-57.92969949938231
  0
ARC
  5
3F0
330
17
100
AcDbEntity
  8
SLOTS
100
AcDbCircle
 10
29.93607129957436
 20
29.875
 30
0.0
 40
0.125
100
AcDbArc
 50
-57.92969949938231
 51
122.07030050061769
  0
LINE
  5
3F1
330
17
100
AcDbEntity
  8
SLOTS
100
AcDbLine
 10
30.72515393621042
 20
29.3368472599898
 30
0.0
 11
30.207468334936387
 21
29.01247751196438
 31
0.0
  0
LINE
  5
3F2
330
17
100
AcDbEntity
  8
SLOTS
100
AcDbLine
 10
30.07472848516948
 20
29.224326827006603
 30
0.0
 11
30.59241408644351
 21
29.54869657503202
 31
0.0
  0
ARC
  5
3F3
330
17
100
AcDbEntity
  8
SLOTS
100
AcDbCircle
 10
30.141098410052933
 20
29.118402169485492
 30
0.0
 40
0.125
100
AcDbArc
 50
-237.92969949938256
 51
-57.929699499382565
  0
ARC
  5
3F4
330
17
100
AcDbEntity
  8
SLOTS
100
AcDbCircle
 10
30.658784011326965
 20
29.44277191751091
 30
0.0
 40
0.125
100
AcDbArc
 50
-57.929699499382565
 51
122.07030050061744
  0
LINE
  5
3F5
330
17
100
AcDbEntity
  8
SLOTS
100
AcDbLine
 10
34.950247221199156
 20
15.867205041800291
 30
0.0
 11
33.590491446805785
 21
14.349465194515803
 31
0.0
  0
LINE
  5
3F6
330
17
100
AcDbEntity
  8
SLOTS
100
AcDbLine
 10
33.4042895534141
 20
14.516285022166324
 30
0.0
 11
34.76404532780747
 21
16.034024869450814
 31
0.0
  0
ARC
  5
3F7
330
17
100
AcDbEntity
  8
SLOTS
100
AcDbCircle
 10
33.497390500109944
 20
14.432875108341063
 30
0.0
 40
0.125
100
AcDbArc
 50
-221.85742638161227
 51
-41.85742638161227
  0
ARC
  5
3F8
330
17
100
AcDbEntity
  8
SLOTS
100
AcDbCircle
 10
34.857146274503314
 20
15.950614955625552
 30
0.0
 40
0.125
100
AcDbArc
 50
-41.85742638161227
 51
138.14257361838773
  0
LINE
  5
3F9
330
17
100
AcDbEntity
  8
SLOTS
100
AcDbLine
 10
34.96810094669584
 20
14.763166000983999
 30
0.0
 11
33.94103464075053
 21
13.61676935557764
 31
0.0
  0
LINE
  5
3FA
330
17
100
AcDbEntity
  8
SLOTS
100
AcDbLine
 10
33.75483274735885
 20
13.78358918322816
 30
0.0
 11
34.78189905330416
 21
14.92998582863452
 31
0.0
  0
ARC
  5
3FB
330
17
100
AcDbEntity
  8
SLOTS
100
AcDbCircle
 10
33.84793369405469
 20
13.7001792694029
 30
0.0
 40
0.125
100
AcDbArc
 50
-221.85742638161219
 51
-41.857426381612186
  0
ARC
  5
3FC
330
17
100
AcDbEntity
  8
SLOTS
100
AcDbCircle
 10
34.875
 20
14.846575914809259
 30
0.0
 40
0.125
100
AcDbArc
 50
-41.857426381612186
 51
138.14257361838781
  0
LINE
  5
3FD
330
17
100
AcDbEntity
  8
SLOTS
100
AcDbLine
 10
34.96810094669584
 20
13.639198888436672
 30
0.0
 11
34.29157783469527
 21
12.884073516639475
 31
0.0
  0
LINE
  5
3FE
330
17
100
AcDbEntity
  8
SLOTS
100
AcDbLine
 10
34.105375941303585
 20
13.050893344289996
 30
0.0
 11
34.78189905330416
 21
13.806018716087193
 31
0.0
  0
ARC
  5
3FF
330
17
100
AcDbEntity
  8
SLOTS
100
AcDbCircle
 10
34.198476887999426
 20
12.967483430464736
 30
0.0
 40
0.125
100
AcDbArc
 50
-221.85742638161224
 51
-41.85742638161224
  0
ARC
  5
400
330
17
100
AcDbEntity
  8
SLOTS
100
AcDbCircle
 10
34.875
 20
13.722608802261933
 30
0.0
 40
0.125
100
AcDbArc
 50
-41.85742638161224
 51
138.14257361838776
  0
LINE
  5
401
330
17
100
AcDbEntity
  8
SLOTS
100
AcDbLine
 10
34.96810094669585
 20
12.515231775889344
 30
0.0
 11
34.64212102864002
 21
12.15137767770131
 31
0.0
  0
LINE
  5
402
330
17
100
AcDbEntity
  8
SLOTS
100
AcDbLine
 10
34.45591913524832
 20
12.318197505351831
 30
0.0
 11
34.78189905330415
 21
12.682051603539865
 31
0.0
  0
ARC
  5
403
330
17
100
AcDbEntity
  8
SLOTS
100
AcDbCircle
 10
34.54902008194417
 20
12.23478759152657
 30
0.0
 40
0.125
100
AcDbArc
 50
-221.85742638161184
 51
-41.857426381611845
  0
ARC
  5
404
330
17
100
AcDbEntity
  8
SLOTS
100
AcDbCircle
 10
34.875
 20
12.598641689714604
 30
0.0
 40
0.125
100
AcDbArc
 50
-41.857426381611845
 51
138.14257361838816
  0
LINE
  5
405
330
17
100
AcDbEntity
  8
SLOTS
100
AcDbLine
 10
34.16330485697987
 20
16.528935716338204
 30
0.0
 11
34.761499195463806
 21
17.825406057676314
 31
0.0
  0
LINE
  5
406
330
17
100
AcDbEntity
  8
SLOTS
100
AcDbLine
 10
34.988500804536194
 20
17.720667003458
 30
0.0
 11
34.39030646605226
 21
16.42419666211989
 31
0.0
  0
ARC
  5
407
330
17
100
AcDbEntity
  8
SLOTS
100
AcDbCircle
 10
34.875
 20
17.773036530567158
 30
0.0
 40
0.125
100
AcDbArc
 50
-24.76870662461934
 51
155.23129337538066
  0
ARC
  5
408
330
17
100
AcDbEntity
  8
SLOTS
100
AcDbCircle
 10
34.276805661516065
 20
16.476566189229047
 30
0.0
 40
0.125
100
AcDbArc
 50
155.23129337538066
 51
335.2312933753807
  0
LINE
  5
409
330
17
100
AcDbEntity
  8
SLOTS
100
AcDbLine
 10
33.183827228493705
 20
16.196270904947582
 30
0.0
 11
34.761499195463806
 21
19.61556925324218
 31
0.0
  0
LINE
  5
40A
330
17
100
AcDbEntity
  8
SLOTS
100
AcDbLine
 10
34.988500804536194
 20
19.510830199023868
 30
0.0
 11
33.41082883756609
 21
16.091531850729268
 31
0.0
  0
ARC
  5
40B
330
17
100
AcDbEntity
  8
SLOTS
100
AcDbCircle
 10
34.875
 20
19.563199726133025
 30
0.0
 40
0.125
100
AcDbArc
 50
-24.768706624619284
 51
155.23129337538072
  0
ARC
  5
40C
330
17
100
AcDbEntity
  8
SLOTS
100
AcDbCircle
 10
33.2973280330299
 20
16.143901377838425
 30
0.0
 40
0.125
100
AcDbArc
 50
155.23129337538072
 51
335.2312933753807
  0
LINE
  5
40D
330
17
100
AcDbEntity
  8
SLOTS
100
AcDbLine
 10
32.76123415667903
 20
17.070545485701015
 30
0.0
 11
34.761499195463806
 21
21.405732448808052
 31
0.0
  0
LINE
  5
40E
330
17
100
AcDbEntity
  8
SLOTS
100
AcDbLine
 10
34.988500804536194
 20
21.30099339458974
 30
0.0
 11
32.98823576575142
 21
16.9658064314827
 31
0.0
  0
ARC
  5
40F
330
17
100
AcDbEntity
  8
SLOTS
100
AcDbCircle
 10
34.875
 20
21.353362921698896
 30
0.0
 40
0.125
100
AcDbArc
 50
-24.768706624619284
 51
155.23129337538072
  0
ARC
  5
410
330
17
100
AcDbEntity
  8
SLOTS
100
AcDbCircle
 10
32.874734961215225
 20
17.018175958591858
 30
0.0
 40
0.125
100
AcDbArc
 50
155.23129337538072
 51
335.2312933753807
  0
LINE
  5
411
330
17
100
AcDbEntity
  8
SLOTS
100
AcDbLine
 10
32.33864108486436
 20
17.944820066454444
 30
0.0
 11
34.29969615708463
 21
22.195027023123156
 31
0.0
  0
LINE
  5
412
330
17
100
AcDbEntity
  8
SLOTS
100
AcDbLine
 10
34.52669776615702
 20
22.090287968904843
 30
0.0
 11
32.56564269393675
 21
17.84008101223613
 31
0.0
  0
ARC
  5
413
330
17
100
AcDbEntity
  8
SLOTS
100
AcDbCircle
 10
34.41319696162083
 20
22.142657496014
 30
0.0
 40
0.125
100
AcDbArc
 50
-24.768706624619213
 51
155.2312933753808
  0
ARC
  5
414
330
17
100
AcDbEntity
  8
SLOTS
100
AcDbCircle
 10
32.45214188940056
 20
17.892450539345287
 30
0.0
 40
0.125
100
AcDbArc
 50
155.2312933753808
 51
335.2312933753808
  0
LINE
  5
415
330
17
100
AcDbEntity
  8
SLOTS
100
AcDbLine
 10
31.91604801304969
 20
18.819094647207876
 30
0.0
 11
33.452634529320946
 21
22.14934824053781
 31
0.0
  0
LINE
  5
416
330
17
100
AcDbEntity
  8
SLOTS
100
AcDbLine
 10
33.679636138393334
 20
22.044609186319498
 30
0.0
 11
32.14304962212208
 21
18.714355592989563
 31
0.0
  0
ARC
  5
417
330
17
100
AcDbEntity
  8
SLOTS
100
AcDbCircle
 10
33.56613533385714
 20
22.096978713428655
 30
0.0
 40
0.125
100
AcDbArc
 50
-24.768706624619185
 51
155.2312933753808
  0
ARC
  5
418
330
17
100
AcDbEntity
  8
SLOTS
100
AcDbCircle
 10
32.029548817585884
 20
18.76672512009872
 30
0.0
 40
0.125
100
AcDbArc
 50
155.2312933753808
 51
335.2312933753808
  0
LINE
  5
419
330
17
100
AcDbEntity
  8
SLOTS
100
AcDbLine
 10
31.49345494123501
 20
19.69336922796131
 30
0.0
 11
32.60557290155727
 21
22.103669457952467
 31
0.0
  0
LINE
  5
41A
330
17
100
AcDbEntity
  8
SLOTS
100
AcDbLine
 10
32.832574510629655
 20
21.998930403734153
 30
0.0
 11
31.7204565503074
 21
19.588630173742995
 31
0.0
  0
ARC
  5
41B
330
17
100
AcDbEntity
  8
SLOTS
100
AcDbCircle
 10
32.71907370609346
 20
22.05129993084331
 30
0.0
 40
0.125
100
AcDbArc
 50
-24.76870662461934
 51
155.23129337538066
  0
ARC
  5
41C
330
17
100
AcDbEntity
  8
SLOTS
100
AcDbCircle
 10
31.606955745771206
 20
19.640999700852152
 30
0.0
 40
0.125
100
AcDbArc
 50
155.23129337538066
 51
335.2312933753807
  0
LINE
  5
41D
330
17
100
AcDbEntity
  8
SLOTS
100
AcDbLine
 10
31.070861869420337
 20
20.567643808714738
 30
0.0
 11
31.75851127379358
 21
22.057990675367126
 31
0.0
  0
LINE
  5
41E
330
17
100
AcDbEntity
  8
SLOTS
100
AcDbLine
 10
31.98551288286597
 20
21.953251621148812
 30
0.0
 11
31.297863478492726
 21
20.462904754496424
 31
0.0
  0
ARC
  5
41F
330
17
100
AcDbEntity
  8
SLOTS
100
AcDbCircle
 10
31.872012078329774
 20
22.00562114825797
 30
0.0
 40
0.125
100
AcDbArc
 50
-24.76870662461924
 51
155.23129337538074
  0
ARC
  5
420
330
17
100
AcDbEntity
  8
SLOTS
100
AcDbCircle
 10
31.18436267395653
 20
20.51527428160558
 30
0.0
 40
0.125
100
AcDbArc
 50
155.23129337538074
 51
335.23129337538074
  0
LINE
  5
421
330
17
100
AcDbEntity
  8
SLOTS
100
AcDbLine
 10
30.648268797605663
 20
21.44191838946817
 30
0.0
 11
30.911449646029897
 21
22.01231189278178
 31
0.0
  0
LINE
  5
422
330
17
100
AcDbEntity
  8
SLOTS
100
AcDbLine
 10
31.138451255102286
 20
21.907572838563468
 30
0.0
 11
30.87527040667805
 21
21.337179335249857
 31
0.0
  0
ARC
  5
423
330
17
100
AcDbEntity
  8
SLOTS
100
AcDbCircle
 10
31.02495045056609
 20
21.959942365672624
 30
0.0
 40
0.125
100
AcDbArc
 50
-24.768706624619398
 51
155.2312933753806
  0
ARC
  5
424
330
17
100
AcDbEntity
  8
SLOTS
100
AcDbCircle
 10
30.761769602141857
 20
21.389548862359014
 30
0.0
 40
0.125
100
AcDbArc
 50
155.2312933753806
 51
335.2312933753806
  0
LINE
  5
425
330
17
100
AcDbEntity
  8
SLOTS
100
AcDbLine
 10
23.278712695588233
 20
10.8240185398592
 30
0.0
 11
23.653762276307557
 21
11.077775347780738
 31
0.0
  0
LINE
  5
426
330
17
100
AcDbEntity
  8
SLOTS
100
AcDbLine
 10
23.793857342674432
 20
10.87071648566742
 30
0.0
 11
23.418807761955108
 21
10.616959677745882
 31
0.0
  0
ARC
  5
427
330
17
100
AcDbEntity
  8
SLOTS
100
AcDbCircle
 10
23.723809809490994
 20
10.97424591672408
 30
0.0
 40
0.125
100
AcDbArc
 50
-55.9179002872008
 51
124.08209971279919
  0
ARC
  5
428
330
17
100
AcDbEntity
  8
SLOTS
100
AcDbCircle
 10
23.34876022877167
 20
10.720489108802541
 30
0.0
 40
0.125
100
AcDbArc
 50
124.08209971279919
 51
304.0820997127992
  0
LINE
  5
429
330
17
100
AcDbEntity
  8
SLOTS
100
AcDbLine
 10
21.336328259792676
 20
10.415349837736954
 30
0.0
 11
22.86603286700729
 21
11.450340884641092
 31
0.0
  0
LINE
  5
42A
330
17
100
AcDbEntity
  8
SLOTS
100
AcDbLine
 10
23.006127933374167
 20
11.243282022527774
 30
0.0
 11
21.47642332615955
 21
10.208290975623637
 31
0.0
  0
ARC
  5
42B
330
17
100
AcDbEntity
  8
SLOTS
100
AcDbCircle
 10
22.93608040019073
 20
11.346811453584433
 30
0.0
 40
0.125
100
AcDbArc
 50
-55.91790028720087
 51
124.08209971279913
  0
ARC
  5
42C
330
17
100
AcDbEntity
  8
SLOTS
100
AcDbCircle
 10
21.406375792976114
 20
10.311820406680296
 30
0.0
 40
0.125
100
AcDbArc
 50
124.08209971279913
 51
304.0820997127991
  0
LINE
  5
42D
330
17
100
AcDbEntity
  8
SLOTS
100
AcDbLine
 10
19.393943823997112
 20
10.006681135614711
 30
0.0
 11
22.069958655000967
 21
11.817260366669542
 31
0.0
  0
LINE
  5
42E
330
17
100
AcDbEntity
  8
SLOTS
100
AcDbLine
 10
22.210053721367842
 20
11.610201504556224
 30
0.0
 11
19.534038890363988
 21
9.799622273501393
 31
0.0
  0
ARC
  5
42F
330
17
100
AcDbEntity
  8
SLOTS
100
AcDbCircle
 10
22.140006188184405
 20
11.713730935612883
 30
0.0
 40
0.125
100
AcDbArc
 50
-55.917900287200936
 51
124.08209971279906
  0
ARC
  5
430
330
17
100
AcDbEntity
  8
SLOTS
100
AcDbCircle
 10
19.46399135718055
 20
9.903151704558052
 30
0.0
 40
0.125
100
AcDbArc
 50
124.08209971279906
 51
304.08209971279905
  0
LINE
  5
431
330
17
100
AcDbEntity
  8
SLOTS
100
AcDbLine
 10
18.852426264132443
 20
10.545832468586093
 30
0.0
 11
21.27388444299464
 21
12.184179848697992
 31
0.0
  0
LINE
  5
432
330
17
100
AcDbEntity
  8
SLOTS
100
AcDbLine
 10
21.413979509361514
 20
11.977120986584675
 30
0.0
 11
18.99252133049932
 21
10.338773606472776
 31
0.0
  0
ARC
  5
433
330
17
100
AcDbEntity
  8
SLOTS
100
AcDbCircle
 10
21.343931976178077
 20
12.080650417641333
 30
0.0
 40
0.125
100
AcDbArc
 50
-55.91790028720091
 51
124.08209971279909
  0
ARC
  5
434
330
17
100
AcDbEntity
  8
SLOTS
100
AcDbCircle
 10
18.92247379731588
 20
10.442303037529435
 30
0.0
 40
0.125
100
AcDbArc
 50
124.08209971279909
 51
304.0820997127991
  0
LINE
  5
435
330
17
100
AcDbEntity
  8
SLOTS
100
AcDbLine
 10
18.641649749927243
 20
11.308761660032104
 30
0.0
 11
20.477810230988315
 21
12.55109933072644
 31
0.0
  0
LINE
  5
436
330
17
100
AcDbEntity
  8
SLOTS
100
AcDbLine
 10
20.61790529735519
 20
12.344040468613123
 30
0.0
 11
18.78174481629412
 21
11.101702797918787
 31
0.0
  0
ARC
  5
437
330
17
100
AcDbEntity
  8
SLOTS
100
AcDbCircle
 10
20.547857764171752
 20
12.447569899669782
 30
0.0
 40
0.125
100
AcDbArc
 50
-55.91790028720091
 51
124.08209971279909
  0
ARC
  5
438
330
17
100
AcDbEntity
  8
SLOTS
100
AcDbCircle
 10
18.71169728311068
 20
11.205232228975445
 30
0.0
 40
0.125
100
AcDbArc
 50
124.08209971279909
 51
304.0820997127991
  0
LINE
  5
439
330
17
100
AcDbEntity
  8
SLOTS
100
AcDbLine
 10
18.43087323572204
 20
12.071690851478115
 30
0.0
 11
19.68173601898199
 21
12.918018812754891
 31
0.0
  0
LINE
  5
43A
330
17
100
AcDbEntity
  8
SLOTS
100
AcDbLine
 10
19.821831085348865
 20
12.710959950641573
 30
0.0
 11
18.570968302088914
 21
11.864631989364797
 31
0.0
  0
ARC
  5
43B
330
17
100
AcDbEntity
  8
SLOTS
100
AcDbCircle
 10
19.751783552165428
 20
12.814489381698232
 30
0.0
 40
0.125
100
AcDbArc
 50
-55.91790028720093
 51
124.08209971279908
  0
ARC
  5
43C
330
17
100
AcDbEntity
  8
SLOTS
100
AcDbCircle
 10
18.500920768905477
 20
11.968161420421456
 30
0.0
 40
0.125
100
AcDbArc
 50
124.08209971279908
 51
304.08209971279905
  0
LINE
  5
43D
330
17
100
AcDbEntity
  8
SLOTS
100
AcDbLine
 10
18.220096721516835
 20
12.834620042924124
 30
0.0
 11
18.885661806975666
 21
13.284938294783341
 31
0.0
  0
LINE
  5
43E
330
17
100
AcDbEntity
  8
SLOTS
100
AcDbLine
 10
19.02575687334254
 20
13.077879432670024
 30
0.0
 11
18.36019178788371
 21
12.627561180810806
 31
0.0
  0
ARC
  5
43F
330
17
100
AcDbEntity
  8
SLOTS
100
AcDbCircle
 10
18.955709340159103
 20
13.181408863726682
 30
0.0
 40
0.125
100
AcDbArc
 50
-55.91790028720087
 51
124.08209971279913
  0
ARC
  5
440
330
17
100
AcDbEntity
  8
SLOTS
100
AcDbCircle
 10
18.290144254700273
 20
12.731090611867465
 30
0.0
 40
0.125
100
AcDbArc
 50
124.08209971279913
 51
304.0820997127991
  0
LINE
  5
441
330
17
100
AcDbEntity
  8
SLOTS
100
AcDbLine
 10
18.00932020731163
 20
13.597549234370135
 30
0.0
 11
18.08958759496934
 21
13.651857776811791
 31
0.0
  0
LINE
  5
442
330
17
100
AcDbEntity
  8
SLOTS
100
AcDbLine
 10
18.229682661336216
 20
13.444798914698474
 30
0.0
 11
18.149415273678507
 21
13.390490372256817
 31
0.0
  0
ARC
  5
443
330
17
100
AcDbEntity
  8
SLOTS
100
AcDbCircle
 10
18.15963512815278
 20
13.548328345755133
 30
0.0
 40
0.125
100
AcDbArc
 50
-55.917900287200965
 51
124.08209971279904
  0
ARC
  5
444
330
17
100
AcDbEntity
  8
SLOTS
100
AcDbCircle
 10
18.07936774049507
 20
13.494019803313476
 30
0.0
 40
0.125
100
AcDbArc
 50
124.08209971279904
 51
304.08209971279905
  0
LINE
  5
445
330
17
100
AcDbEntity
  8
SLOTS
100
AcDbLine
 10
10.501086431066712
 20
24.65210975789732
 30
0.0
 11
12.526711462732413
 21
22.62123222069866
 31
0.0
  0
LINE
  5
446
330
17
100
AcDbEntity
  8
SLOTS
100
AcDbLine
 10
12.349706018991556
 20
22.444684570229718
 30
0.0
 11
10.324080987325855
 21
24.47556210742838
 31
0.0
  0
ARC
  5
447
330
17
100
AcDbEntity
  8
SLOTS
100
AcDbCircle
 10
12.438208740861985
 20
22.53295839546419
 30
0.0
 40
0.125
100
AcDbArc
 50
-135.07418859611454
 51
44.92581140388546
  0
ARC
  5
448
330
17
100
AcDbEntity
  8
SLOTS
100
AcDbCircle
 10
10.412583709196284
 20
24.56383593266285
 30
0.0
 40
0.125
100
AcDbArc
 50
44.92581140388546
 51
224.92581140388546
  0
LINE
  5
449
330
17
100
AcDbEntity
  8
SLOTS
100
AcDbLine
 10
8.457348673479823
 20
27.763183211509993
 30
0.0
 11
13.451435550431142
 21
22.756146519788803
 31
0.0
  0
LINE
  5
44A
330
17
100
AcDbEntity
  8
SLOTS
100
AcDbLine
 10
13.274430106690286
 20
22.579598869319863
 30
0.0
 11
8.280343229738966
 21
27.586635561041053
 31
0.0
  0
ARC
  5
44B
330
17
100
AcDbEntity
  8
SLOTS
100
AcDbCircle
 10
13.362932828560714
 20
22.667872694554333
 30
0.0
 40
0.125
100
AcDbArc
 50
-135.07418859611454
 51
44.925811403885454
  0
ARC
  5
44C
330
17
100
AcDbEntity
  8
SLOTS
100
AcDbCircle
 10
8.368845951609394
 20
27.674909386275523
 30
0.0
 40
0.125
100
AcDbArc
 50
44.925811403885454
 51
224.92581140388546
  0
LINE
  5
44D
330
17
100
AcDbEntity
  8
SLOTS
100
AcDbLine
 10
9.058399635297775
 20
28.22260993045585
 30
0.0
 11
14.239000148597686
 21
23.028575967018426
 31
0.0
  0
LINE
  5
44E
330
17
100
AcDbEntity
  8
SLOTS
100
AcDbLine
 10
14.06199470485683
 20
22.852028316549486
 30
0.0
 11
8.881394191556918
 21
28.04606227998691
 31
0.0
  0
ARC
  5
44F
330
17
100
AcDbEntity
  8
SLOTS
100
AcDbCircle
 10
14.150497426727258
 20
22.940302141783956
 30
0.0
 40
0.125
100
AcDbArc
 50
-135.07418859611454
 51
44.925811403885454
  0
ARC
  5
450
330
17
100
AcDbEntity
  8
SLOTS
100
AcDbCircle
 10
8.969896913427347
 20
28.13433610522138
 30
0.0
 40
0.125
100
AcDbArc
 50
44.925811403885454
 51
224.92581140388546
  0
LINE
  5
451
330
17
100
AcDbEntity
  8
SLOTS
100
AcDbLine
 10
9.65945059711573
 20
28.682036649401706
 30
0.0
 11
14.902633279530692
 21
23.425258239436385
 31
0.0
  0
LINE
  5
452
330
17
100
AcDbEntity
  8
SLOTS
100
AcDbLine
 10
14.725627835789835
 20
23.248710588967445
 30
0.0
 11
9.482445153374874
 21
28.505488998932766
 31
0.0
  0
ARC
  5
453
330
17
100
AcDbEntity
  8
SLOTS
100
AcDbCircle
 10
14.814130557660263
 20
23.336984414201915
 30
0.0
 40
0.125
100
AcDbArc
 50
-135.07418859611454
 51
44.925811403885454
  0
ARC
  5
454
330
17
100
AcDbEntity
  8
SLOTS
100
AcDbCircle
 10
9.570947875245302
 20
28.593762824167236
 30
0.0
 40
0.125
100
AcDbArc
 50
44.925811403885454
 51
224.92581140388546
  0
LINE
  5
455
330
17
100
AcDbEntity
  8
SLOTS
100
AcDbLine
 10
10.260501558933687
 20
29.141463368347562
 30
0.0
 11
15.566266410463697
 21
23.821940511854343
 31
0.0
  0
LINE
  5
456
330
17
100
AcDbEntity
  8
SLOTS
100
AcDbLine
 10
15.38926096672284
 20
23.645392861385403
 30
0.0
 11
10.08349611519283
 21
28.964915717878622
 31
0.0
  0
ARC
  5
457
330
17
100
AcDbEntity
  8
SLOTS
100
AcDbCircle
 10
15.477763688593269
 20
23.733666686619873
 30
0.0
 40
0.125
100
AcDbArc
 50
-135.07418859611454
 51
44.92581140388546
  0
ARC
  5
458
330
17
100
AcDbEntity
  8
SLOTS
100
AcDbCircle
 10
10.171998837063258
 20
29.053189543113092
 30
0.0
 40
0.125
100
AcDbArc
 50
44.92581140388546
 51
224.92581140388546
  0
LINE
  5
459
330
17
100
AcDbEntity
  8
SLOTS
100
AcDbLine
 10
10.861552520751642
 20
29.60089008729342
 30
0.0
 11
16.025482099999536
 21
24.423570286132378
 31
0.0
  0
LINE
  5
45A
330
17
100
AcDbEntity
  8
SLOTS
100
AcDbLine
 10
15.84847665625868
 20
24.247022635663438
 30
0.0
 11
10.684547077010786
 21
29.424342436824478
 31
0.0
  0
ARC
  5
45B
330
17
100
AcDbEntity
  8
SLOTS
100
AcDbCircle
 10
15.936979378129108
 20
24.335296460897908
 30
0.0
 40
0.125
100
AcDbArc
 50
-135.07418859611454
 51
44.925811403885454
  0
ARC
  5
45C
330
17
100
AcDbEntity
  8
SLOTS
100
AcDbCircle
 10
10.773049798881214
 20
29.51261626205895
 30
0.0
 40
0.125
100
AcDbArc
 50
44.925811403885454
 51
224.92581140388546
  0
LINE
  5
45D
330
17
100
AcDbEntity
  8
SLOTS
100
AcDbLine
 10
11.559395479068778
 20
29.96327382523447
 30
0.0
 11
13.522832770532244
 21
27.99474528288507
 31
0.0
  0
LINE
  5
45E
330
17
100
AcDbEntity
  8
SLOTS
100
AcDbLine
 10
13.345827326791387
 20
27.81819763241613
 30
0.0
 11
11.382390035327921
 21
29.78672617476553
 31
0.0
  0
ARC
  5
45F
330
17
100
AcDbEntity
  8
SLOTS
100
AcDbCircle
 10
13.434330048661815
 20
27.9064714576506
 30
0.0
 40
0.125
100
AcDbArc
 50
-135.07418859611457
 51
44.92581140388544
  0
ARC
  5
460
330
17
100
AcDbEntity
  8
SLOTS
100
AcDbCircle
 10
11.47089275719835
 20
29.875
 30
0.0
 40
0.125
100
AcDbArc
 50
44.92581140388544
 51
224.92581140388543
  0
LINE
  5
461
330
17
100
AcDbEntity
  8
SLOTS
100
AcDbLine
 10
7.993102169075385
 20
26.67469771388523
 30
0.0
 11
5.972359463806142
 21
26.49928004218701
 31
0.0
  0
LINE
  5
462
330
17
100
AcDbEntity
  8
SLOTS
100
AcDbLine
 10
5.950738646566765
 20
26.748343367993726
 30
0.0
 11
7.971481351836008
 21
26.923761039691946
 31
0.0
  0
ARC
  5
463
330
17
100
AcDbEntity
  8
SLOTS
100
AcDbCircle
 10
5.961549055186453
 20
26.623811705090368
 30
0.0
 40
0.125
100
AcDbArc
 50
-265.03867594890346
 51
-85.03867594890349
  0
ARC
  5
464
330
17
100
AcDbEntity
  8
SLOTS
100
AcDbCircle
 10
7.982291760455697
 20
26.79922937678859
 30
0.0
 40
0.125
100
AcDbArc
 50
-85.03867594890349
 51
94.96132405109651
  0
LINE
  5
465
330
17
100
AcDbEntity
  8
SLOTS
100
AcDbLine
 10
8.477307319871022
 20
25.963910253086333
 30
0.0
 11
5.767426972469656
 21
25.72866956663854
 31
0.0
  0
LINE
  5
466
330
17
100
AcDbEntity
  8
SLOTS
100
AcDbLine
 10
5.745806155230281
 20
25.977732892445257
 30
0.0
 11
8.455686502631645
 21
26.21297357889305
 31
0.0
  0
ARC
  5
467
330
17
100
AcDbEntity
  8
SLOTS
100
AcDbCircle
 10
5.756616563849969
 20
25.8532012295419
 30
0.0
 40
0.125
100
AcDbArc
 50
-265.0386759489036
 51
-85.03867594890355
  0
ARC
  5
468
330
17
100
AcDbEntity
  8
SLOTS
100
AcDbCircle
 10
8.466496911251333
 20
26.08844191598969
 30
0.0
 40
0.125
100
AcDbArc
 50
-85.03867594890355
 51
94.96132405109645
  0
LINE
  5
469
330
17
100
AcDbEntity
  8
SLOTS
100
AcDbLine
 10
8.96151247066666
 20
25.253122792287435
 30
0.0
 11
5.832834453368463
 21
24.98152690239173
 31
0.0
  0
LINE
  5
46A
330
17
100
AcDbEntity
  8
SLOTS
100
AcDbLine
 10
5.811213636129086
 20
25.230590228198448
 30
0.0
 11
8.939891653427283
 21
25.50218611809415
 31
0.0
  0
ARC
  5
46B
330
17
100
AcDbEntity
  8
SLOTS
100
AcDbCircle
 10
5.822024044748774
 20
25.10605856529509
 30
0.0
 40
0.125
100
AcDbArc
 50
-265.0386759489035
 51
-85.03867594890352
  0
ARC
  5
46C
330
17
100
AcDbEntity
  8
SLOTS
100
AcDbCircle
 10
8.950702062046972
 20
25.377654455190793
 30
0.0
 40
0.125
100
AcDbArc
 50
-85.03867594890352
 51
94.96132405109648
  0
LINE
  5
46D
330
17
100
AcDbEntity
  8
SLOTS
100
AcDbLine
 10
9.445717621462299
 20
24.542335331488534
 30
0.0
 11
5.898241934267267
 21
24.234384238144923
 31
0.0
  0
LINE
  5
46E
330
17
100
AcDbEntity
  8
SLOTS
100
AcDbLine
 10
5.8766211170278915
 20
24.48344756395164
 30
0.0
 11
9.424096804222922
 21
24.79139865729525
 31
0.0
  0
ARC
  5
46F
330
17
100
AcDbEntity
  8
SLOTS
100
AcDbCircle
 10
5.887431525647579
 20
24.35891590104828
 30
0.0
 40
0.125
100
AcDbArc
 50
-265.0386759489036
 51
-85.03867594890355
  0
ARC
  5
470
330
17
100
AcDbEntity
  8
SLOTS
100
AcDbCircle
 10
9.43490721284261
 20
24.666866994391892
 30
0.0
 40
0.125
100
AcDbArc
 50
-85.03867594890355
 51
94.96132405109645
  0
LINE
  5
471
330
17
100
AcDbEntity
  8
SLOTS
100
AcDbLine
 10
9.929922772257937
 20
23.83154787068964
 30
0.0
 11
5.963649415166072
 21
23.487241573898118
 31
0.0
  0
LINE
  5
472
330
17
100
AcDbEntity
  8
SLOTS
100
AcDbLine
 10
5.942028597926695
 20
23.736304899704834
 30
0.0
 11
9.90830195501856
 21
24.080611196496356
 31
0.0
  0
ARC
  5
473
330
17
100
AcDbEntity
  8
SLOTS
100
AcDbCircle
 10
5.952839006546384
 20
23.611773236801476
 30
0.0
 40
0.125
100
AcDbArc
 50
-265.0386759489035
 51
-85.03867594890352
  0
ARC
  5
474
330
17
100
AcDbEntity
  8
SLOTS
100
AcDbCircle
 10
9.919112363638249
 20
23.956079533592998
 30
0.0
 40
0.125
100
AcDbArc
 50
-85.03867594890352
 51
94.96132405109648
  0
LINE
  5
475
330
17
100
AcDbEntity
  8
SLOTS
100
AcDbLine
 10
10.414127923053574
 20
23.120760409890742
 30
0.0
 11
6.029056896064876
 21
22.740098909651312
 31
0.0
  0
LINE
  5
476
330
17
100
AcDbEntity
  8
SLOTS
100
AcDbLine
 10
6.007436078825501
 20
22.98916223545803
 30
0.0
 11
10.392507105814197
 21
23.36982373569746
 31
0.0
  0
ARC
  5
477
330
17
100
AcDbEntity
  8
SLOTS
100
AcDbCircle
 10
6.018246487445189
 20
22.86463057255467
 30
0.0
 40
0.125
100
AcDbArc
 50
-265.0386759489035
 51
-85.03867594890352
  0
ARC
  5
478
330
17
100
AcDbEntity
  8
SLOTS
100
AcDbCircle
 10
10.403317514433885
 20
23.2452920727941
 30
0.0
 40
0.125
100
AcDbArc
 50
-85.03867594890352
 51
94.96132405109648
  0
LINE
  5
479
330
17
100
AcDbEntity
  8
SLOTS
100
AcDbLine
 10
10.89833307384921
 20
22.409972949091845
 30
0.0
 11
6.094464376963681
 21
21.992956245404507
 31
0.0
  0
LINE
  5
47A
330
17
100
AcDbEntity
  8
SLOTS
100
AcDbLine
 10
6.072843559724306
 20
22.242019571211223
 30
0.0
 11
10.876712256609833
 21
22.65903627489856
 31
0.0
  0
ARC
  5
47B
330
17
100
AcDbEntity
  8
SLOTS
100
AcDbCircle
 10
6.083653968343993
 20
22.117487908307865
 30
0.0
 40
0.125
100
AcDbArc
 50
-265.0386759489036
 51
-85.03867594890355
  0
ARC
  5
47C
330
17
100
AcDbEntity
  8
SLOTS
100
AcDbCircle
 10
10.887522665229522
 20
22.534504611995203
 30
0.0
 40
0.125
100
AcDbArc
 50
-85.03867594890355
 51
94.96132405109645
  0
LINE
  5
47D
330
17
100
AcDbEntity
  8
SLOTS
100
AcDbLine
 10
11.003405511490017
 20
21.666273540803132
 30
0.0
 11
6.159871857862487
 21
21.2458135811577
 31
0.0
  0
LINE
  5
47E
330
17
100
AcDbEntity
  8
SLOTS
100
AcDbLine
 10
6.138251040623111
 20
21.494876906964418
 30
0.0
 11
10.98178469425064
 21
21.91533686660985
 31
0.0
  0
ARC
  5
47F
330
17
100
AcDbEntity
  8
SLOTS
100
AcDbCircle
 10
6.149061449242799
 20
21.37034524406106
 30
0.0
 40
0.125
100
AcDbArc
 50
-265.0386759489036
 51
-85.03867594890355
  0
ARC
  5
480
330
17
100
AcDbEntity
  8
SLOTS
100
AcDbCircle
 10
10.992595102870329
 20
21.79080520370649
 30
0.0
 40
0.125
100
AcDbArc
 50
-85.03867594890355
 51
94.96132405109645
  0
LINE
  5
481
330
17
100
AcDbEntity
  8
SLOTS
100
AcDbLine
 10
10.353023531606373
 20
20.856994257030657
 30
0.0
 11
6.2252793387612915
 21
20.498670916910893
 31
0.0
  0
LINE
  5
482
330
17
100
AcDbEntity
  8
SLOTS
100
AcDbLine
 10
6.203658521521916
 20
20.74773424271761
 30
0.0
 11
10.331402714366996
 21
21.106057582837373
 31
0.0
  0
ARC
  5
483
330
17
100
AcDbEntity
  8
SLOTS
100
AcDbCircle
 10
6.214468930141604
 20
20.62320257981425
 30
0.0
 40
0.125
100
AcDbArc
 50
-265.0386759489036
 51
-85.03867594890355
  0
ARC
  5
484
330
17
100
AcDbEntity
  8
SLOTS
100
AcDbCircle
 10
10.342213122986685
 20
20.981525919934015
 30
0.0
 40
0.125
100
AcDbArc
 50
-85.03867594890355
 51
94.96132405109645
  0
LINE
  5
485
330
17
100
AcDbEntity
  8
SLOTS
100
AcDbLine
 10
9.702641551722733
 20
20.047714973258184
 30
0.0
 11
6.290686819660096
 21
19.751528252664084
 31
0.0
  0
LINE
  5
486
330
17
100
AcDbEntity
  8
SLOTS
100
AcDbLine
 10
6.269066002420721
 20
20.0005915784708
 30
0.0
 11
9.681020734483356
 21
20.2967782990649
 31
0.0
  0
ARC
  5
487
330
17
100
AcDbEntity
  8
SLOTS
100
AcDbCircle
 10
6.279876411040409
 20
19.876059915567442
 30
0.0
 40
0.125
100
AcDbArc
 50
-265.0386759489035
 51
-85.03867594890352
  0
ARC
  5
488
330
17
100
AcDbEntity
  8
SLOTS
100
AcDbCircle
 10
9.691831143103045
 20
20.172246636161542
 30
0.0
 40
0.125
100
AcDbArc
 50
-85.03867594890352
 51
94.96132405109648
  0
LINE
  5
489
330
17
100
AcDbEntity
  8
SLOTS
100
AcDbLine
 10
5.0554723165675055
 20
26.967840008089297
 30
0.0
 11
5.559515616202265
 21
28.33645787776472
 31
0.0
  0
LINE
  5
48A
330
17
100
AcDbEntity
  8
SLOTS
100
AcDbLine
 10
5.794111643611618
 20
28.25005935970017
 30
0.0
 11
5.290068343976858
 21
26.88144149002475
 31
0.0
  0
ARC
  5
48B
330
17
100
AcDbEntity
  8
SLOTS
100
AcDbCircle
 10
5.676813629906942
 20
28.293258618732445
 30
0.0
 40
0.125
100
AcDbArc
 50
-20.2180643566021
 51
159.7819356433979
  0
ARC
  5
48C
330
17
100
AcDbEntity
  8
SLOTS
100
AcDbCircle
 10
5.172770330272182
 20
26.924640749057023
 30
0.0
 40
0.125
100
AcDbArc
 50
159.7819356433979
 51
339.7819356433979
  0
LINE
  5
48D
330
17
100
AcDbEntity
  8
SLOTS
100
AcDbLine
 10
4.187311634892919
 20
26.780718198178445
 30
0.0
 11
5.0755296229673155
 21
29.19247729015852
 31
0.0
  0
LINE
  5
48E
330
17
100
AcDbEntity
  8
SLOTS
100
AcDbLine
 10
5.310125650376668
 20
29.106078772093973
 30
0.0
 11
4.421907662302272
 21
26.694319680113896
 31
0.0
  0
ARC
  5
48F
330
17
100
AcDbEntity
  8
SLOTS
100
AcDbCircle
 10
5.192827636671992
 20
29.149278031126247
 30
0.0
 40
0.125
100
AcDbArc
 50
-20.2180643566021
 51
159.7819356433979
  0
ARC
  5
490
330
17
100
AcDbEntity
  8
SLOTS
100
AcDbCircle
 10
4.304609648597595
 20
26.73751893914617
 30
0.0
 40
0.125
100
AcDbArc
 50
159.7819356433979
 51
339.7819356433979
  0
LINE
  5
491
330
17
100
AcDbEntity
  8
SLOTS
100
AcDbLine
 10
3.3265601206630695
 20
26.613714340379314
 30
0.0
 11
4.543556857952603
 21
29.918199259032274
 31
0.0
  0
LINE
  5
492
330
17
100
AcDbEntity
  8
SLOTS
100
AcDbLine
 10
4.778152885361956
 20
29.831800740967726
 30
0.0
 11
3.5611561480724223
 21
26.527315822314765
 31
0.0
  0
ARC
  5
493
330
17
100
AcDbEntity
  8
SLOTS
100
AcDbCircle
 10
4.660854871657279
 20
29.875
 30
0.0
 40
0.125
100
AcDbArc
 50
-20.218064356602113
 51
159.7819356433979
  0
ARC
  5
494
330
17
100
AcDbEntity
  8
SLOTS
100
AcDbCircle
 10
3.443858134367746
 20
26.57051508134704
 30
0.0
 40
0.125
100
AcDbArc
 50
159.7819356433979
 51
339.7819356433979
  0
LINE
  5
495
330
17
100
AcDbEntity
  8
SLOTS
100
AcDbLine
 10
2.4658086064332188
 20
26.446710482580183
 30
0.0
 11
3.7443105873717863
 21
29.918199259032274
 31
0.0
  0
LINE
  5
496
330
17
100
AcDbEntity
  8
SLOTS
100
AcDbLine
 10
3.978906614781139
 20
29.831800740967726
 30
0.0
 11
2.7004046338425716
 21
26.360311964515635
 31
0.0
  0
ARC
  5
497
330
17
100
AcDbEntity
  8
SLOTS
100
AcDbCircle
 10
3.8616086010764628
 20
29.875
 30
0.0
 40
0.125
100
AcDbArc
 50
-20.218064356602127
 51
159.78193564339787
  0
ARC
  5
498
330
17
100
AcDbEntity
  8
SLOTS
100
AcDbCircle
 10
2.583106620137895
 20
26.40351122354791
 30
0.0
 40
0.125
100
AcDbArc
 50
159.78193564339787
 51
339.7819356433979
  0
LINE
  5
499
330
17
100
AcDbEntity
  8
SLOTS
100
AcDbLine
 10
1.605057092203369
 20
26.279706624781053
 30
0.0
 11
2.9450643167909694
 21
29.918199259032274
 31
0.0
  0
LINE
  5
49A
330
17
100
AcDbEntity
  8
SLOTS
100
AcDbLine
 10
3.179660344200322
 20
29.831800740967726
 30
0.0
 11
1.8396531196127217
 21
26.193308106716504
 31
0.0
  0
ARC
  5
49B
330
17
100
AcDbEntity
  8
SLOTS
100
AcDbCircle
 10
3.0623623304956458
 20
29.875
 30
0.0
 40
0.125
100
AcDbArc
 50
-20.218064356602113
 51
159.7819356433979
  0
ARC
  5
49C
330
17
100
AcDbEntity
  8
SLOTS
100
AcDbCircle
 10
1.7223551059080453
 20
26.23650736574878
 30
0.0
 40
0.125
100
AcDbArc
 50
159.7819356433979
 51
339.7819356433979
  0
LINE
  5
49D
330
17
100
AcDbEntity
  8
SLOTS
100
AcDbLine
 10
1.0077019862953236
 20
26.827897337564966
 30
0.0
 11
2.1458180462101546
 21
29.918199259032274
 31
0.0
  0
LINE
  5
49E
330
17
100
AcDbEntity
  8
SLOTS
100
AcDbLine
 10
2.3804140736195074
 20
29.831800740967726
 30
0.0
 11
1.2422980137046764
 21
26.741498819500418
 31
0.0
  0
ARC
  5
49F
330
17
100
AcDbEntity
  8
SLOTS
100
AcDbCircle
 10
2.263116059914831
 20
29.875
 30
0.0
 40
0.125
100
AcDbArc
 50
-20.2180643566021
 51
159.7819356433979
  0
ARC
  5
4A0
330
17
100
AcDbEntity
  8
SLOTS
100
AcDbCircle
 10
1.125
 20
26.784698078532692
 30
0.0
 40
0.125
100
AcDbArc
 50
159.7819356433979
 51
339.7819356433979
  0
LINE
  5
4A1
330
17
100
AcDbEntity
  8
SLOTS
100
AcDbLine
 10
1.0077019862953236
 20
28.99807344938111
 30
0.0
 11
1.346571775629338
 21
29.918199259032274
 31
0.0
  0
LINE
  5
4A2
330
17
100
AcDbEntity
  8
SLOTS
100
AcDbLine
 10
1.5811678030386909
 20
29.831800740967726
 30
0.0
 11
1.2422980137046764
 21
28.91167493131656
 31
0.0
  0
ARC
  5
4A3
330
17
100
AcDbEntity
  8
SLOTS
100
AcDbCircle
 10
1.4638697893340145
 20
29.875
 30
0.0
 40
0.125
100
AcDbArc
 50
-20.2180643566021
 51
159.7819356433979
  0
ARC
  5
4A4
330
17
100
AcDbEntity
  8
SLOTS
100
AcDbCircle
 10
1.125
 20
28.954874190348836
 30
0.0
 40
0.125
100
AcDbArc
 50
159.7819356433979
 51
339.7819356433979
  0
LINE
  5
4A5
330
17
100
AcDbEntity
  8
SLOTS
100
AcDbLine
 10
34.83832071649664
 20
11.309068574992367
 30
0.0
 11
34.82494748079205
 21
11.31317343984348
 31
0.0
  0
LINE
  5
4A6
330
17
100
AcDbEntity
  8
SLOTS
100
AcDbLine
 10
34.89830604779877
 20
11.552168252855646
 30
0.0
 11
34.91167928350336
 21
11.548063388004532
 31
0.0
  0
ARC
  5
4A7
330
17
100
AcDbEntity
  8
SLOTS
100
AcDbCircle
 10
34.86162676429541
 20
11.432670846349563
 30
0.0
 40
0.125
100
AcDbArc
 50
72.936327045278
 51
252.936327045278
  0
ARC
  5
4A8
330
17
100
AcDbEntity
  8
SLOTS
100
AcDbCircle
 10
34.875
 20
11.42856598149845
 30
0.0
 40
0.125
100
AcDbArc
 50
252.936327045278
 51
432.936327045278
  0
LINE
  5
4A9
330
17
100
AcDbEntity
  8
SLOTS
100
AcDbLine
 10
19.912513260858045
 20
17.98407468099972
 30
0.0
 11
20.203230987440236
 21
19.41910501445198
 31
0.0
  0
LINE
  5
4AA
330
17
100
AcDbEntity
  8
SLOTS
100
AcDbLine
 10
20.448253525354865
 20
19.369466763940174
 30
0.0
 11
20.157535798772674
 21
17.934436430487914
 31
0.0
  0
ARC
  5
4AB
330
17
100
AcDbEntity
  8
SLOTS
100
AcDbCircle
 10
20.32574225639755
 20
19.394285889196077
 30
0.0
 40
0.125
100
AcDbArc
 50
-11.452355276748634
 51
168.54764472325138
  0
ARC
  5
4AC
330
17
100
AcDbEntity
  8
SLOTS
100
AcDbCircle
 10
20.03502452981536
 20
17.959255555743816
 30
0.0
 40
0.125
100
AcDbArc
 50
168.54764472325138
 51
348.5476447232514
  0
LINE
  5
4AD
330
17
100
AcDbEntity
  8
SLOTS
100
AcDbLine
 10
18.92465188285002
 20
16.885157991049077
 30
0.0
 11
19.41048041015114
 21
19.283287206387598
 31
0.0
  0
LINE
  5
4AE
330
17
100
AcDbEntity
  8
SLOTS
100
AcDbLine
 10
19.65550294806577
 20
19.233648955875793
 30
0.0
 11
19.16967442076465
 21
16.835519740537272
 31
0.0
  0
ARC
  5
4AF
330
17
100
AcDbEntity
  8
SLOTS
100
AcDbCircle
 10
19.532991679108456
 20
19.258468081131696
 30
0.0
 40
0.125
100
AcDbArc
 50
-11.45235527674862
 51
168.54764472325138
  0
ARC
  5
4B0
330
17
100
AcDbEntity
  8
SLOTS
100
AcDbCircle
 10
19.047163151807336
 20
16.860338865793175
 30
0.0
 40
0.125
100
AcDbArc
 50
168.54764472325138
 51
348.5476447232514
  0
LINE
  5
4B1
330
17
100
AcDbEntity
  8
SLOTS
100
AcDbLine
 10
17.96593023382127
 20
15.930079777979252
 30
0.0
 11
18.617729832862047
 21
19.147469398323217
 31
0.0
  0
LINE
  5
4B2
330
17
100
AcDbEntity
  8
SLOTS
100
AcDbLine
 10
18.862752370776676
 20
19.097831147811412
 30
0.0
 11
18.210952771735897
 21
15.880441527467447
 31
0.0
  0
ARC
  5
4B3
330
17
100
AcDbEntity
  8
SLOTS
100
AcDbCircle
 10
18.74024110181936
 20
19.122650273067315
 30
0.0
 40
0.125
100
AcDbArc
 50
-11.452355276748662
 51
168.54764472325132
  0
ARC
  5
4B4
330
17
100
AcDbEntity
  8
SLOTS
100
AcDbCircle
 10
18.088441502778583
 20
15.90526065272335
 30
0.0
 40
0.125
100
AcDbArc
 50
168.54764472325132
 51
348.5476447232513
  0
LINE
  5
4B5
330
17
100
AcDbEntity
  8
SLOTS
100
AcDbLine
 10
17.020294184265232
 20
15.039594228024667
 30
0.0
 11
17.824979255572952
 21
19.011651590258836
 31
0.0
  0
LINE
  5
4B6
330
17
100
AcDbEntity
  8
SLOTS
100
AcDbLine
 10
18.07000179348758
 20
18.96201333974703
 30
0.0
 11
17.26531672217986
 21
14.989955977512862
 31
0.0
  0
ARC
  5
4B7
330
17
100
AcDbEntity
  8
SLOTS
100
AcDbCircle
 10
17.947490524530266
 20
18.986832465002934
 30
0.0
 40
0.125
100
AcDbArc
 50
-11.452355276748662
 51
168.54764472325132
  0
ARC
  5
4B8
330
17
100
AcDbEntity
  8
SLOTS
100
AcDbCircle
 10
17.142805453222547
 20
15.014775102768764
 30
0.0
 40
0.125
100
AcDbArc
 50
168.54764472325132
 51
348.5476447232513
  0
LINE
  5
4B9
330
17
100
AcDbEntity
  8
SLOTS
100
AcDbLine
 10
16.335751380211267
 20
15.437907718843562
 30
0.0
 11
17.032228678283857
 21
18.875833782194455
 31
0.0
  0
LINE
  5
4BA
330
17
100
AcDbEntity
  8
SLOTS
100
AcDbLine
 10
17.277251216198486
 20
18.82619553168265
 30
0.0
 11
16.580773918125896
 21
15.388269468331757
 31
0.0
  0
ARC
  5
4BB
330
17
100
AcDbEntity
  8
SLOTS
100
AcDbCircle
 10
17.154739947241172
 20
18.851014656938553
 30
0.0
 40
0.125
100
AcDbArc
 50
-11.452355276748719
 51
168.54764472325127
  0
ARC
  5
4BC
330
17
100
AcDbEntity
  8
SLOTS
100
AcDbCircle
 10
16.45826264916858
 20
15.41308859358766
 30
0.0
 40
0.125
100
AcDbArc
 50
168.54764472325127
 51
348.54764472325127
  0
LINE
  5
4BD
330
17
100
AcDbEntity
  8
SLOTS
100
AcDbLine
 10
15.7218709968362
 20
16.18502249640034
 30
0.0
 11
16.23947810099476
 21
18.740015974130078
 31
0.0
  0
LINE
  5
4BE
330
17
100
AcDbEntity
  8
SLOTS
100
AcDbLine
 10
16.484500638909388
 20
18.690377723618273
 30
0.0
 11
15.966893534750833
 21
16.135384245888535
 31
0.0
  0
ARC
  5
4BF
330
17
100
AcDbEntity
  8
SLOTS
100
AcDbCircle
 10
16.361989369952074
 20
18.715196848874175
 30
0.0
 40
0.125
100
AcDbArc
 50
-11.45235527674862
 51
168.54764472325138
  0
ARC
  5
4C0
330
17
100
AcDbEntity
  8
SLOTS
100
AcDbCircle
 10
15.844382265793516
 20
16.160203371144437
 30
0.0
 40
0.125
100
AcDbArc
 50
168.54764472325138
 51
348.5476447232514
  0
LINE
  5
4C1
330
17
100
AcDbEntity
  8
SLOTS
100
AcDbLine
 10
15.161782689423523
 20
17.19766377491361
 30
0.0
 11
15.446727523705665
 21
18.604198166065697
 31
0.0
  0
LINE
  5
4C2
330
17
100
AcDbEntity
  8
SLOTS
100
AcDbLine
 10
15.691750061620297
 20
18.55455991555389
 30
0.0
 11
15.406805227338156
 21
17.148025524401806
 31
0.0
  0
ARC
  5
4C3
330
17
100
AcDbEntity
  8
SLOTS
100
AcDbCircle
 10
15.569238792662981
 20
18.579379040809794
 30
0.0
 40
0.125
100
AcDbArc
 50
-11.452355276748648
 51
168.54764472325135
  0
ARC
  5
4C4
330
17
100
AcDbEntity
  8
SLOTS
100
AcDbCircle
 10
15.28429395838084
 20
17.17284464965771
 30
0.0
 40
0.125
100
AcDbArc
 50
168.54764472325135
 51
348.5476447232513
  0
LINE
  5
4C5
330
17
100
AcDbEntity
  8
SLOTS
100
AcDbLine
 10
10.396521009620306
 20
19.74070640551101
 30
0.0
 11
10.480607041384996
 21
19.471846371657033
 31
0.0
  0
LINE
  5
4C6
330
17
100
AcDbEntity
  8
SLOTS
100
AcDbLine
 10
10.242004049687637
 20
19.39722323614887
 30
0.0
 11
10.157918017922947
 21
19.666083270002847
 31
0.0
  0
ARC
  5
4C7
330
17
100
AcDbEntity
  8
SLOTS
100
AcDbCircle
 10
10.361305545536316
 20
19.434534803902952
 30
0.0
 40
0.125
100
AcDbArc
 50
-162.6329158151367
 51
17.367084184863316
  0
ARC
  5
4C8
330
17
100
AcDbEntity
  8
SLOTS
100
AcDbCircle
 10
10.277219513771627
 20
19.703394837756928
 30
0.0
 40
0.125
100
AcDbArc
 50
17.367084184863316
 51
197.3670841848633
  0
LINE
  5
4C9
330
17
100
AcDbEntity
  8
SLOTS
100
AcDbLine
 10
10.962204238810525
 20
20.44459386352924
 30
0.0
 11
11.547298823761682
 21
18.57378908637
 31
0.0
  0
LINE
  5
4CA
330
17
100
AcDbEntity
  8
SLOTS
100
AcDbLine
 10
11.308695832064323
 20
18.499165950861837
 30
0.0
 11
10.723601247113166
 21
20.369970728021077
 31
0.0
  0
ARC
  5
4CB
330
17
100
AcDbEntity
  8
SLOTS
100
AcDbCircle
 10
11.427997327913003
 20
18.536477518615918
 30
0.0
 40
0.125
100
AcDbArc
 50
-162.63291581513656
 51
17.367084184863444
  0
ARC
  5
4CC
330
17
100
AcDbEntity
  8
SLOTS
100
AcDbCircle
 10
10.842902742961845
 20
20.407282295775158
 30
0.0
 40
0.125
100
AcDbArc
 50
17.367084184863444
 51
197.36708418486344
  0
LINE
  5
4CD
330
17
100
AcDbEntity
  8
SLOTS
100
AcDbLine
 10
11.527887468000744
 20
21.148481321547468
 30
0.0
 11
12.585056322817769
 21
17.768247433345007
 31
0.0
  0
LINE
  5
4CE
330
17
100
AcDbEntity
  8
SLOTS
100
AcDbLine
 10
12.34645333112041
 20
17.693624297836845
 30
0.0
 11
11.289284476303385
 21
21.073858186039306
 31
0.0
  0
ARC
  5
4CF
330
17
100
AcDbEntity
  8
SLOTS
100
AcDbCircle
 10
12.46575482696909
 20
17.730935865590926
 30
0.0
 40
0.125
100
AcDbArc
 50
-162.63291581513658
 51
17.3670841848634
  0
ARC
  5
4D0
330
17
100
AcDbEntity
  8
SLOTS
100
AcDbCircle
 10
11.408585972152064
 20
21.111169753793387
 30
0.0
 40
0.125
100
AcDbArc
 50
17.3670841848634
 51
197.36708418486342
  0
LINE
  5
4D1
330
17
100
AcDbEntity
  8
SLOTS
100
AcDbLine
 10
12.125791888371877
 20
21.749343456929967
 30
0.0
 11
13.445547481329857
 21
17.529504252308847
 31
0.0
  0
LINE
  5
4D2
330
17
100
AcDbEntity
  8
SLOTS
100
AcDbLine
 10
13.206944489632498
 20
17.454881116800685
 30
0.0
 11
11.887188896674518
 21
21.674720321421805
 31
0.0
  0
ARC
  5
4D3
330
17
100
AcDbEntity
  8
SLOTS
100
AcDbCircle
 10
13.326245985481178
 20
17.492192684554766
 30
0.0
 40
0.125
100
AcDbArc
 50
-162.63291581513658
 51
17.367084184863415
  0
ARC
  5
4D4
330
17
100
AcDbEntity
  8
SLOTS
100
AcDbCircle
 10
12.006490392523197
 20
21.712031889175886
 30
0.0
 40
0.125
100
AcDbArc
 50
17.367084184863415
 51
197.36708418486342
  0
LINE
  5
4D5
330
17
100
AcDbEntity
  8
SLOTS
100
AcDbLine
 10
12.877324204178668
 20
21.8589896281279
 30
0.0
 11
14.306038639841944
 21
17.290761071272684
 31
0.0
  0
LINE
  5
4D6
330
17
100
AcDbEntity
  8
SLOTS
100
AcDbLine
 10
14.067435648144585
 20
17.21613793576452
 30
0.0
 11
12.63872121248131
 21
21.78436649261974
 31
0.0
  0
ARC
  5
4D7
330
17
100
AcDbEntity
  8
SLOTS
100
AcDbCircle
 10
14.186737143993264
 20
17.253449503518603
 30
0.0
 40
0.125
100
AcDbArc
 50
-162.63291581513658
 51
17.3670841848634
  0
ARC
  5
4D8
330
17
100
AcDbEntity
  8
SLOTS
100
AcDbCircle
 10
12.758022708329989
 20
21.82167806037382
 30
0.0
 40
0.125
100
AcDbArc
 50
17.3670841848634
 51
197.36708418486342
  0
LINE
  5
4D9
330
17
100
AcDbEntity
  8
SLOTS
100
AcDbLine
 10
13.628856519985456
 20
21.96863579932584
 30
0.0
 11
14.166219635691911
 21
20.250449526901644
 31
0.0
  0
LINE
  5
4DA
330
17
100
AcDbEntity
  8
SLOTS
100
AcDbLine
 10
13.927616643994552
 20
20.175826391393482
 30
0.0
 11
13.390253528288097
 21
21.894012663817676
 31
0.0
  0
ARC
  5
4DB
330
17
100
AcDbEntity
  8
SLOTS
100
AcDbCircle
 10
14.046918139843232
 20
20.213137959147563
 30
0.0
 40
0.125
100
AcDbArc
 50
-162.63291581513658
 51
17.367084184863415
  0
ARC
  5
4DC
330
17
100
AcDbEntity
  8
SLOTS
100
AcDbCircle
 10
13.509555024136777
 20
21.931324231571757
 30
0.0
 40
0.125
100
AcDbArc
 50
17.367084184863415
 51
197.36708418486342
  0
LINE
  5
4DD
330
17
100
AcDbEntity
  8
SLOTS
100
AcDbLine
 10
5.026136307009846
 20
25.47677114827438
 30
0.0
 11
2.3472413266950234
 21
25.46868966685907
 31
0.0
  0
LINE
  5
4DE
330
17
100
AcDbEntity
  8
SLOTS
100
AcDbLine
 10
2.3464871496274515
 20
25.718688529290382
 30
0.0
 11
5.025382129942274
 21
25.726770010705692
 31
0.0
  0
ARC
  5
4DF
330
17
100
AcDbEntity
  8
SLOTS
100
AcDbCircle
 10
2.3468642381612375
 20
25.593689098074726
 30
0.0
 40
0.125
100
AcDbArc
 50
-269.8271550859263
 51
-89.82715508592625
  0
ARC
  5
4E0
330
17
100
AcDbEntity
  8
SLOTS
100
AcDbCircle
 10
5.02575921847606
 20
25.601770579490037
 30
0.0
 40
0.125
100
AcDbArc
 50
-89.82715508592625
 51
90.17284491407375
  0
LINE
  5
4E1
330
17
100
AcDbEntity
  8
SLOTS
100
AcDbLine
 10
5.0917768925211275
 20
24.726965754951014
 30
0.0
 11
1.125377088533786
 21
24.715000229412627
 31
0.0
  0
LINE
  5
4E2
330
17
100
AcDbEntity
  8
SLOTS
100
AcDbLine
 10
1.124622911466214
 20
24.96499909184394
 30
0.0
 11
5.091022715453556
 21
24.976964617382325
 31
0.0
  0
ARC
  5
4E3
330
17
100
AcDbEntity
  8
SLOTS
100
AcDbCircle
 10
1.125
 20
24.839999660628283
 30
0.0
 40
0.125
100
AcDbArc
 50
-269.8271550859263
 51
-89.82715508592625
  0
ARC
  5
4E4
330
17
100
AcDbEntity
  8
SLOTS
100
AcDbCircle
 10
5.091399803987342
 20
24.85196518616667
 30
0.0
 40
0.125
100
AcDbArc
 50
-89.82715508592625
 51
90.17284491407375
  0
LINE
  5
4E5
330
17
100
AcDbEntity
  8
SLOTS
100
AcDbLine
 10
5.157417478032408
 20
23.977160361627647
 30
0.0
 11
1.125377088533786
 21
23.96499681669104
 31
0.0
  0
LINE
  5
4E6
330
17
100
AcDbEntity
  8
SLOTS
100
AcDbLine
 10
1.124622911466214
 20
24.214995679122353
 30
0.0
 11
5.156663300964836
 21
24.22715922405896
 31
0.0
  0
ARC
  5
4E7
330
17
100
AcDbEntity
  8
SLOTS
100
AcDbCircle
 10
1.125
 20
24.089996247906697
 30
0.0
 40
0.125
100
AcDbArc
 50
-269.8271550859263
 51
-89.82715508592628
  0
ARC
  5
4E8
330
17
100
AcDbEntity
  8
SLOTS
100
AcDbCircle
 10
5.157040389498622
 20
24.102159792843302
 30
0.0
 40
0.125
100
AcDbArc
 50
-89.82715508592628
 51
90.17284491407372
  0
LINE
  5
4E9
330
17
100
AcDbEntity
  8
SLOTS
100
AcDbLine
 10
5.22305806354369
 20
23.227354968304276
 30
0.0
 11
1.125377088533786
 21
23.214993403969448
 31
0.0
  0
LINE
  5
4EA
330
17
100
AcDbEntity
  8
SLOTS
100
AcDbLine
 10
1.124622911466214
 20
23.46499226640076
 30
0.0
 11
5.222303886476118
 21
23.477353830735588
 31
0.0
  0
ARC
  5
4EB
330
17
100
AcDbEntity
  8
SLOTS
100
AcDbCircle
 10
1.125
 20
23.339992835185104
 30
0.0
 40
0.125
100
AcDbArc
 50
-269.8271550859263
 51
-89.82715508592625
  0
ARC
  5
4EC
330
17
100
AcDbEntity
  8
SLOTS
100
AcDbCircle
 10
5.222680975009904
 20
23.352354399519932
 30
0.0
 40
0.125
100
AcDbArc
 50
-89.82715508592625
 51
90.17284491407375
  0
LINE
  5
4ED
330
17
100
AcDbEntity
  8
SLOTS
100
AcDbLine
 10
5.288698649054971
 20
22.47754957498091
 30
0.0
 11
1.125377088533786
 21
22.46498999124786
 31
0.0
  0
LINE
  5
4EE
330
17
100
AcDbEntity
  8
SLOTS
100
AcDbLine
 10
1.124622911466214
 20
22.714988853679174
 30
0.0
 11
5.287944471987399
 21
22.72754843741222
 31
0.0
  0
ARC
  5
4EF
330
17
100
AcDbEntity
  8
SLOTS
100
AcDbCircle
 10
1.125
 20
22.589989422463518
 30
0.0
 40
0.125
100
AcDbArc
 50
-269.8271550859263
 51
-89.82715508592631
  0
ARC
  5
4F0
330
17
100
AcDbEntity
  8
SLOTS
100
AcDbCircle
 10
5.288321560521185
 20
22.602549006196565
 30
0.0
 40
0.125
100
AcDbArc
 50
-89.82715508592631
 51
90.17284491407369
  0
LINE
  5
4F1
330
17
100
AcDbEntity
  8
SLOTS
100
AcDbLine
 10
5.354339234566252
 20
21.727744181657542
 30
0.0
 11
1.125377088533786
 21
21.714986578526272
 31
0.0
  0
LINE
  5
4F2
330
17
100
AcDbEntity
  8
SLOTS
100
AcDbLine
 10
1.124622911466214
 20
21.964985440957584
 30
0.0
 11
5.35358505749868
 21
21.977743044088854
 31
0.0
  0
ARC
  5
4F3
330
17
100
AcDbEntity
  8
SLOTS
100
AcDbCircle
 10
1.125
 20
21.839986009741928
 30
0.0
 40
0.125
100
AcDbArc
 50
-269.8271550859263
 51
-89.82715508592628
  0
ARC
  5
4F4
330
17
100
AcDbEntity
  8
SLOTS
100
AcDbCircle
 10
5.353962146032466
 20
21.852743612873198
 30
0.0
 40
0.125
100
AcDbArc
 50
-89.82715508592628
 51
90.17284491407372
  0
LINE
  5
4F5
330
17
100
AcDbEntity
  8
SLOTS
100
AcDbLine
 10
5.4199798200775335
 20
20.977938788334175
 30
0.0
 11
1.125377088533786
 21
20.964983165804682
 31
0.0
  0
LINE
  5
4F6
330
17
100
AcDbEntity
  8
SLOTS
100
AcDbLine
 10
1.124622911466214
 20
21.214982028235994
 30
0.0
 11
5.419225643009962
 21
21.227937650765487
 31
0.0
  0
ARC
  5
4F7
330
17
100
AcDbEntity
  8
SLOTS
100
AcDbCircle
 10
1.125
 20
21.089982597020338
 30
0.0
 40
0.125
100
AcDbArc
 50
-269.8271550859263
 51
-89.82715508592625
  0
ARC
  5
4F8
330
17
100
AcDbEntity
  8
SLOTS
100
AcDbCircle
 10
5.419602731543748
 20
21.10293821954983
 30
0.0
 40
0.125
100
AcDbArc
 50
-89.82715508592625
 51
90.17284491407375
  0
LINE
  5
4F9
330
17
100
AcDbEntity
  8
SLOTS
100
AcDbLine
 10
5.485620405588815
 20
20.228133395010808
 30
0.0
 11
1.1253770885337862
 21
20.214979753083092
 31
0.0
  0
LINE
  5
4FA
330
17
100
AcDbEntity
  8
SLOTS
100
AcDbLine
 10
1.1246229114662138
 20
20.464978615514404
 30
0.0
 11
5.484866228521243
 21
20.47813225744212
 31
0.0
  0
ARC
  5
4FB
330
17
100
AcDbEntity
  8
SLOTS
100
AcDbCircle
 10
1.125
 20
20.33997918429875
 30
0.0
 40
0.125
100
AcDbArc
 50
-269.8271550859262
 51
-89.82715508592622
  0
ARC
  5
4FC
330
17
100
AcDbEntity
  8
SLOTS
100
AcDbCircle
 10
5.485243317055029
 20
20.353132826226464
 30
0.0
 40
0.125
100
AcDbArc
 50
-89.82715508592622
 51
90.17284491407378
  0
LINE
  5
4FD
330
17
100
AcDbEntity
  8
SLOTS
100
AcDbLine
 10
5.551260991100096
 20
19.47832800168744
 30
0.0
 11
3.309669770366438
 21
19.471565744143117
 31
0.0
  0
LINE
  5
4FE
330
17
100
AcDbEntity
  8
SLOTS
100
AcDbLine
 10
3.3089155932988663
 20
19.72156460657443
 30
0.0
 11
5.550506814032524
 21
19.728326864118753
 31
0.0
  0
ARC
  5
4FF
330
17
100
AcDbEntity
  8
SLOTS
100
AcDbCircle
 10
3.3092926818326522
 20
19.596565175358773
 30
0.0
 40
0.125
100
AcDbArc
 50
-269.8271550859262
 51
-89.82715508592622
  0
ARC
  5
500
330
17
100
AcDbEntity
  8
SLOTS
100
AcDbCircle
 10
5.55088390256631
 20
19.603327432903097
 30
0.0
 40
0.125
100
AcDbArc
 50
-89.82715508592622
 51
90.17284491407378
  0
LINE
  5
501
330
17
100
AcDbEntity
  8
SLOTS
100
AcDbLine
 10
6.234736749572231
 20
10.256947335147839
 30
0.0
 11
8.202472109227932
 21
11.73297382861577
 31
0.0
  0
LINE
  5
502
330
17
100
AcDbEntity
  8
SLOTS
100
AcDbLine
 10
8.352486742428686
 20
11.532984804352829
 30
0.0
 11
6.384751382772984
 21
10.056958310884898
 31
0.0
  0
ARC
  5
503
330
17
100
AcDbEntity
  8
SLOTS
100
AcDbCircle
 10
8.277479425828309
 20
11.632979316484299
 30
0.0
 40
0.125
100
AcDbArc
 50
-53.12591013590647
 51
126.87408986409352
  0
ARC
  5
504
330
17
100
AcDbEntity
  8
SLOTS
100
AcDbCircle
 10
6.309744066172607
 20
10.156952823016368
 30
0.0
 40
0.125
100
AcDbArc
 50
126.87408986409352
 51
306.87408986409355
  0
LINE
  5
505
330
17
100
AcDbEntity
  8
SLOTS
100
AcDbLine
 10
5.314730070198225
 20
10.50438859165601
 30
0.0
 11
7.769435631431457
 21
12.345698412239443
 31
0.0
  0
LINE
  5
506
330
17
100
AcDbEntity
  8
SLOTS
100
AcDbLine
 10
7.91945026463221
 20
12.145709387976503
 30
0.0
 11
5.464744703398978
 21
10.30439956739307
 31
0.0
  0
ARC
  5
507
330
17
100
AcDbEntity
  8
SLOTS
100
AcDbCircle
 10
7.844442948031833
 20
12.245703900107973
 30
0.0
 40
0.125
100
AcDbArc
 50
-53.12591013590645
 51
126.87408986409355
  0
ARC
  5
508
330
17
100
AcDbEntity
  8
SLOTS
100
AcDbCircle
 10
5.389737386798601
 20
10.40439407952454
 30
0.0
 40
0.125
100
AcDbArc
 50
126.87408986409355
 51
306.87408986409355
  0
LINE
  5
509
330
17
100
AcDbEntity
  8
SLOTS
100
AcDbLine
 10
4.762369307496056
 20
11.027606319100741
 30
0.0
 11
7.336399153634981
 21
12.958422995863117
 31
0.0
  0
LINE
  5
50A
330
17
100
AcDbEntity
  8
SLOTS
100
AcDbLine
 10
7.486413786835734
 20
12.758433971600176
 30
0.0
 11
4.912383940696809
 21
10.8276172948378
 31
0.0
  0
ARC
  5
50B
330
17
100
AcDbEntity
  8
SLOTS
100
AcDbCircle
 10
7.411406470235358
 20
12.858428483731647
 30
0.0
 40
0.125
100
AcDbArc
 50
-53.12591013590642
 51
126.87408986409358
  0
ARC
  5
50C
330
17
100
AcDbEntity
  8
SLOTS
100
AcDbCircle
 10
4.837376624096432
 20
10.92761180696927
 30
0.0
 40
0.125
100
AcDbArc
 50
126.87408986409358
 51
306.87408986409355
  0
LINE
  5
50D
330
17
100
AcDbEntity
  8
SLOTS
100
AcDbLine
 10
4.338451365668429
 20
11.647170847235051
 30
0.0
 11
6.9033626758385065
 21
13.57114757948679
 31
0.0
  0
LINE
  5
50E
330
17
100
AcDbEntity
  8
SLOTS
100
AcDbLine
 10
7.053377309039259
 20
13.37115855522385
 30
0.0
 11
4.488465998869182
 21
11.44718182297211
 31
0.0
  0
ARC
  5
50F
330
17
100
AcDbEntity
  8
SLOTS
100
AcDbCircle
 10
6.978369992438883
 20
13.47115306735532
 30
0.0
 40
0.125
100
AcDbArc
 50
-53.12591013590644
 51
126.87408986409356
  0
ARC
  5
510
330
17
100
AcDbEntity
  8
SLOTS
100
AcDbCircle
 10
4.413458682268805
 20
11.54717633510358
 30
0.0
 40
0.125
100
AcDbArc
 50
126.87408986409356
 51
306.87408986409355
  0
LINE
  5
511
330
17
100
AcDbEntity
  8
SLOTS
100
AcDbLine
 10
3.9145334238408007
 20
12.26673537536936
 30
0.0
 11
6.470326198042031
 21
14.183872163110465
 31
0.0
  0
LINE
  5
512
330
17
100
AcDbEntity
  8
SLOTS
100
AcDbLine
 10
6.620340831242784
 20
13.983883138847524
 30
0.0
 11
4.064548057041554
 21
12.066746351106419
 31
0.0
  0
ARC
  5
513
330
17
100
AcDbEntity
  8
SLOTS
100
AcDbCircle
 10
6.545333514642407
 20
14.083877650978994
 30
0.0
 40
0.125
100
AcDbArc
 50
-53.12591013590642
 51
126.87408986409358
  0
ARC
  5
514
330
17
100
AcDbEntity
  8
SLOTS
100
AcDbCircle
 10
3.9895407404411776
 20
12.166740863237889
 30
0.0
 40
0.125
100
AcDbArc
 50
126.87408986409358
 51
306.87408986409355
  0
LINE
  5
515
330
17
100
AcDbEntity
  8
SLOTS
100
AcDbLine
 10
3.4906154820131743
 20
12.886299903503668
 30
0.0
 11
6.037289720245556
 21
14.796596746734139
 31
0.0
  0
LINE
  5
516
330
17
100
AcDbEntity
  8
SLOTS
100
AcDbLine
 10
6.187304353446309
 20
14.596607722471198
 30
0.0
 11
3.640630115213928
 21
12.686310879240727
 31
0.0
  0
ARC
  5
517
330
17
100
AcDbEntity
  8
SLOTS
100
AcDbCircle
 10
6.112297036845932
 20
14.696602234602668
 30
0.0
 40
0.125
100
AcDbArc
 50
-53.12591013590641
 51
126.87408986409359
  0
ARC
  5
518
330
17
100
AcDbEntity
  8
SLOTS
100
AcDbCircle
 10
3.565622798613551
 20
12.786305391372197
 30
0.0
 40
0.125
100
AcDbArc
 50
126.87408986409359
 51
306.8740898640936
  0
LINE
  5
519
330
17
100
AcDbEntity
  8
SLOTS
100
AcDbLine
 10
3.5073773997760385
 20
13.83642470982859
 30
0.0
 11
5.604253242449081
 21
15.40932133035781
 31
0.0
  0
LINE
  5
51A
330
17
100
AcDbEntity
  8
SLOTS
100
AcDbLine
 10
5.754267875649834
 20
15.20933230609487
 30
0.0
 11
3.657392032976792
 21
13.63643568556565
 31
0.0
  0
ARC
  5
51B
330
17
100
AcDbEntity
  8
SLOTS
100
AcDbCircle
 10
5.679260559049458
 20
15.30932681822634
 30
0.0
 40
0.125
100
AcDbArc
 50
-53.12591013590645
 51
126.87408986409355
  0
ARC
  5
51C
330
17
100
AcDbEntity
  8
SLOTS
100
AcDbCircle
 10
3.5823847163764153
 20
13.73643019769712
 30
0.0
 40
0.125
100
AcDbArc
 50
126.87408986409355
 51
306.87408986409355
  0
LINE
  5
51D
330
17
100
AcDbEntity
  8
SLOTS
100
AcDbLine
 10
18.308908612726146
 20
14.954853834346272
 30
0.0
 11
18.273469830168914
 21
14.37161826652563
 31
0.0
  0
LINE
  5
51E
330
17
100
AcDbEntity
  8
SLOTS
100
AcDbLine
 10
18.023930064536387
 20
14.386780897170187
 30
0.0
 11
18.05936884709362
 21
14.97001646499083
 31
0.0
  0
ARC
  5
51F
330
17
100
AcDbEntity
  8
SLOTS
100
AcDbCircle
 10
18.14869994735265
 20
14.379199581847908
 30
0.0
 40
0.125
100
AcDbArc
 50
-183.47715297138063
 51
-3.4771529713806473
  0
ARC
  5
520
330
17
100
AcDbEntity
  8
SLOTS
100
AcDbCircle
 10
18.184138729909883
 20
14.96243514966855
 30
0.0
 40
0.125
100
AcDbArc
 50
-3.4771529713806473
 51
176.52284702861937
  0
LINE
  5
521
330
17
100
AcDbEntity
  8
SLOTS
100
AcDbLine
 10
19.106230806904627
 20
15.710896353460576
 30
0.0
 11
19.004383079698457
 21
14.034732198769198
 31
0.0
  0
LINE
  5
522
330
17
100
AcDbEntity
  8
SLOTS
100
AcDbLine
 10
18.75484331406593
 20
14.049894829413756
 30
0.0
 11
18.8566910412721
 21
15.726058984105133
 31
0.0
  0
ARC
  5
523
330
17
100
AcDbEntity
  8
SLOTS
100
AcDbCircle
 10
18.879613196882193
 20
14.042313514091477
 30
0.0
 40
0.125
100
AcDbArc
 50
-183.47715297138052
 51
-3.477152971380505
  0
ARC
  5
524
330
17
100
AcDbEntity
  8
SLOTS
100
AcDbCircle
 10
18.981460924088363
 20
15.718477668782855
 30
0.0
 40
0.125
100
AcDbArc
 50
-3.477152971380505
 51
176.52284702861948
  0
LINE
  5
525
330
17
100
AcDbEntity
  8
SLOTS
100
AcDbLine
 10
19.818222915697394
 20
15.062614648915327
 30
0.0
 11
19.735296329228
 21
13.697846131012765
 31
0.0
  0
LINE
  5
526
330
17
100
AcDbEntity
  8
SLOTS
100
AcDbLine
 10
19.485756563595473
 20
13.713008761657322
 30
0.0
 11
19.568683150064867
 21
15.077777279559884
 31
0.0
  0
ARC
  5
527
330
17
100
AcDbEntity
  8
SLOTS
100
AcDbCircle
 10
19.610526446411736
 20
13.705427446335044
 30
0.0
 40
0.125
100
AcDbArc
 50
-183.47715297138063
 51
-3.477152971380619
  0
ARC
  5
528
330
17
100
AcDbEntity
  8
SLOTS
100
AcDbCircle
 10
19.69345303288113
 20
15.070195964237605
 30
0.0
 40
0.125
100
AcDbArc
 50
-3.477152971380619
 51
176.52284702861937
  0
LINE
  5
529
330
17
100
AcDbEntity
  8
SLOTS
100
AcDbLine
 10
20.525301165053982
 20
14.333462852576643
 30
0.0
 11
20.466209578757546
 21
13.360960063256332
 31
0.0
  0
LINE
  5
52A
330
17
100
AcDbEntity
  8
SLOTS
100
AcDbLine
 10
20.21666981312502
 20
13.37612269390089
 30
0.0
 11
20.275761399421455
 21
14.3486254832212
 31
0.0
  0
ARC
  5
52B
330
17
100
AcDbEntity
  8
SLOTS
100
AcDbCircle
 10
20.341439695941283
 20
13.36854137857861
 30
0.0
 40
0.125
100
AcDbArc
 50
-183.47715297138063
 51
-3.477152971380619
  0
ARC
  5
52C
330
17
100
AcDbEntity
  8
SLOTS
100
AcDbCircle
 10
20.40053128223772
 20
14.341044167898922
 30
0.0
 40
0.125
100
AcDbArc
 50
-3.477152971380619
 51
176.52284702861937
  0
LINE
  5
52D
330
17
100
AcDbEntity
  8
SLOTS
100
AcDbLine
 10
21.232379414410566
 20
13.604311056237963
 30
0.0
 11
21.19712282828709
 21
13.0240739954999
 31
0.0
  0
LINE
  5
52E
330
17
100
AcDbEntity
  8
SLOTS
100
AcDbLine
 10
20.947583062654562
 20
13.039236626144458
 30
0.0
 11
20.98283964877804
 21
13.61947368688252
 31
0.0
  0
ARC
  5
52F
330
17
100
AcDbEntity
  8
SLOTS
100
AcDbCircle
 10
21.072352945470826
 20
13.03165531082218
 30
0.0
 40
0.125
100
AcDbArc
 50
-183.4771529713806
 51
-3.4771529713806046
  0
ARC
  5
530
330
17
100
AcDbEntity
  8
SLOTS
100
AcDbCircle
 10
21.107609531594303
 20
13.611892371560241
 30
0.0
 40
0.125
100
AcDbArc
 50
-3.4771529713806046
 51
176.5228470286194
  0
LINE
  5
531
330
17
100
AcDbEntity
  8
SLOTS
100
AcDbLine
 10
21.939457663767154
 20
12.87515925989928
 30
0.0
 11
21.928036077816635
 21
12.687187927743468
 31
0.0
  0
LINE
  5
532
330
17
100
AcDbEntity
  8
SLOTS
100
AcDbLine
 10
21.67849631218411
 20
12.702350558388025
 30
0.0
 11
21.689917898134627
 21
12.890321890543838
 31
0.0
  0
ARC
  5
533
330
17
100
AcDbEntity
  8
SLOTS
100
AcDbCircle
 10
21.803266195000372
 20
12.694769243065746
 30
0.0
 40
0.125
100
AcDbArc
 50
-183.47715297138058
 51
-3.477152971380562
  0
ARC
  5
534
330
17
100
AcDbEntity
  8
SLOTS
100
AcDbCircle
 10
21.81468778095089
 20
12.88274057522156
 30
0.0
 40
0.125
100
AcDbArc
 50
-3.477152971380562
 51
176.52284702861942
  0
LINE
  5
535
330
17
100
AcDbEntity
  8
SLOTS
100
AcDbLine
 10
1.7514882813827337
 20
13.951843810144439
 30
0.0
 11
4.665265395583089
 21
16.484292992963276
 31
0.0
  0
LINE
  5
536
330
17
100
AcDbEntity
  8
SLOTS
100
AcDbLine
 10
4.829263235705544
 20
16.29560089340643
 30
0.0
 11
1.9154861215051886
 21
13.763151710587596
 31
0.0
  0
ARC
  5
537
330
17
100
AcDbEntity
  8
SLOTS
100
AcDbCircle
 10
4.747264315644316
 20
16.389946943184853
 30
0.0
 40
0.125
100
AcDbArc
 50
-49.005137033528285
 51
130.99486296647171
  0
ARC
  5
538
330
17
100
AcDbEntity
  8
SLOTS
100
AcDbCircle
 10
1.8334872014439612
 20
13.857497760366018
 30
0.0
 40
0.125
100
AcDbArc
 50
130.99486296647171
 51
310.9948629664717
  0
LINE
  5
539
330
17
100
AcDbEntity
  8
SLOTS
100
AcDbLine
 10
1.0430010799387726
 20
14.32975909847004
 30
0.0
 11
5.006778975308055
 21
17.774794768179493
 31
0.0
  0
LINE
  5
53A
330
17
100
AcDbEntity
  8
SLOTS
100
AcDbLine
 10
5.170776815430511
 20
17.586102668622647
 30
0.0
 11
1.2069989200612274
 21
14.141066998913198
 31
0.0
  0
ARC
  5
53B
330
17
100
AcDbEntity
  8
SLOTS
100
AcDbCircle
 10
5.088777895369283
 20
17.68044871840107
 30
0.0
 40
0.125
100
AcDbArc
 50
-49.005137033528314
 51
130.9948629664717
  0
ARC
  5
53C
330
17
100
AcDbEntity
  8
SLOTS
100
AcDbCircle
 10
1.125
 20
14.235413048691619
 30
0.0
 40
0.125
100
AcDbArc
 50
130.9948629664717
 51
310.9948629664717
  0
LINE
  5
53D
330
17
100
AcDbEntity
  8
SLOTS
100
AcDbLine
 10
1.0430010799387726
 20
15.323441401228646
 30
0.0
 11
4.921552293828831
 21
18.694404061436256
 31
0.0
  0
LINE
  5
53E
330
17
100
AcDbEntity
  8
SLOTS
100
AcDbLine
 10
5.085550133951286
 20
18.50571196187941
 30
0.0
 11
1.2069989200612274
 21
15.134749301671803
 31
0.0
  0
ARC
  5
53F
330
17
100
AcDbEntity
  8
SLOTS
100
AcDbCircle
 10
5.003551213890058
 20
18.600058011657833
 30
0.0
 40
0.125
100
AcDbArc
 50
-49.00513703352829
 51
130.99486296647171
  0
ARC
  5
540
330
17
100
AcDbEntity
  8
SLOTS
100
AcDbCircle
 10
1.125
 20
15.229095351450225
 30
0.0
 40
0.125
100
AcDbArc
 50
130.99486296647171
 51
310.9948629664717
  0
LINE
  5
541
330
17
100
AcDbEntity
  8
SLOTS
100
AcDbLine
 10
1.0430010799387726
 20
16.317123703987253
 30
0.0
 11
3.9379415904766075
 21
18.83320144187993
 31
0.0
  0
LINE
  5
542
330
17
100
AcDbEntity
  8
SLOTS
100
AcDbLine
 10
4.101939430599063
 20
18.644509342323083
 30
0.0
 11
1.2069989200612274
 21
16.128431604430407
 31
0.0
  0
ARC
  5
543
330
17
100
AcDbEntity
  8
SLOTS
100
AcDbCircle
 10
4.019940510537835
 20
18.738855392101506
 30
0.0
 40
0.125
100
AcDbArc
 50
-49.00513703352829
 51
130.99486296647171
  0
ARC
  5
544
330
17
100
AcDbEntity
  8
SLOTS
100
AcDbCircle
 10
1.125
 20
16.22277765420883
 30
0.0
 40
0.125
100
AcDbArc
 50
130.99486296647171
 51
310.9948629664717
  0
LINE
  5
545
330
17
100
AcDbEntity
  8
SLOTS
100
AcDbLine
 10
1.0430010799387726
 20
17.310806006745857
 30
0.0
 11
2.9543308871243843
 21
18.971998822323602
 31
0.0
  0
LINE
  5
546
330
17
100
AcDbEntity
  8
SLOTS
100
AcDbLine
 10
3.1183287272468396
 20
18.783306722766756
 30
0.0
 11
1.2069989200612274
 21
17.12211390718901
 31
0.0
  0
ARC
  5
547
330
17
100
AcDbEntity
  8
SLOTS
100
AcDbCircle
 10
3.036329807185612
 20
18.87765277254518
 30
0.0
 40
0.125
100
AcDbArc
 50
-49.00513703352828
 51
130.99486296647171
  0
ARC
  5
548
330
17
100
AcDbEntity
  8
SLOTS
100
AcDbCircle
 10
1.125
 20
17.216459956967434
 30
0.0
 40
0.125
100
AcDbArc
 50
130.99486296647171
 51
310.9948629664717
  0
LINE
  5
549
330
17
100
AcDbEntity
  8
SLOTS
100
AcDbLine
 10
1.0430010799387726
 20
18.30448830950446
 30
0.0
 11
1.9707201837721644
 21
19.110796202767276
 31
0.0
  0
LINE
  5
54A
330
17
100
AcDbEntity
  8
SLOTS
100
AcDbLine
 10
2.1347180238946195
 20
18.92210410321043
 30
0.0
 11
1.2069989200612274
 21
18.115796209947614
 31
0.0
  0
ARC
  5
54B
330
17
100
AcDbEntity
  8
SLOTS
100
AcDbCircle
 10
2.052719103833392
 20
19.016450152988853
 30
0.0
 40
0.125
100
AcDbArc
 50
-49.005137033528314
 51
130.9948629664717
  0
ARC
  5
54C
330
17
100
AcDbEntity
  8
SLOTS
100
AcDbCircle
 10
1.125
 20
18.210142259726037
 30
0.0
 40
0.125
100
AcDbArc
 50
130.9948629664717
 51
310.9948629664717
  0
LINE
  5
54D
330
17
100
AcDbEntity
  8
SLOTS
100
AcDbLine
 10
1.7823328823433662
 20
12.984573981323292
 30
0.0
 11
1.1451471705911407
 21
12.880513524512494
 31
0.0
  0
LINE
  5
54E
330
17
100
AcDbEntity
  8
SLOTS
100
AcDbLine
 10
1.1048528294088593
 20
13.127244888689582
 30
0.0
 11
1.7420385411610848
 21
13.23130534550038
 31
0.0
  0
ARC
  5
54F
330
17
100
AcDbEntity
  8
SLOTS
100
AcDbCircle
 10
1.125
 20
13.003879206601038
 30
0.0
 40
0.125
100
AcDbArc
 50
-260.7247587223374
 51
-80.72475872233741
  0
ARC
  5
550
330
17
100
AcDbEntity
  8
SLOTS
100
AcDbCircle
 10
1.7621857117522255
 20
13.107939663411836
 30
0.0
 40
0.125
100
AcDbArc
 50
-80.72475872233741
 51
99.27524127766259
  0
LINE
  5
551
330
17
100
AcDbEntity
  8
SLOTS
100
AcDbLine
 10
2.8568409063836993
 20
12.400118869354955
 30
0.0
 11
1.1451471705911407
 21
12.120577710817459
 31
0.0
  0
LINE
  5
552
330
17
100
AcDbEntity
  8
SLOTS
100
AcDbLine
 10
1.1048528294088593
 20
12.367309074994546
 30
0.0
 11
2.8165465652014174
 21
12.646850233532042
 31
0.0
  0
ARC
  5
553
330
17
100
AcDbEntity
  8
SLOTS
100
AcDbCircle
 10
1.125
 20
12.243943392906003
 30
0.0
 40
0.125
100
AcDbArc
 50
-260.72475872233736
 51
-80.72475872233733
  0
ARC
  5
554
330
17
100
AcDbEntity
  8
SLOTS
100
AcDbCircle
 10
2.8366937357925583
 20
12.523484551443499
 30
0.0
 40
0.125
100
AcDbArc
 50
-80.72475872233733
 51
99.27524127766267
  0
LINE
  5
555
330
17
100
AcDbEntity
  8
SLOTS
100
AcDbLine
 10
3.324541909590096
 20
11.716564523647783
 30
0.0
 11
1.1451471705911407
 21
11.360641897122424
 31
0.0
  0
LINE
  5
556
330
17
100
AcDbEntity
  8
SLOTS
100
AcDbLine
 10
1.1048528294088593
 20
11.60737326129951
 30
0.0
 11
3.2842475684078143
 21
11.96329588782487
 31
0.0
  0
ARC
  5
557
330
17
100
AcDbEntity
  8
SLOTS
100
AcDbCircle
 10
1.125
 20
11.484007579210967
 30
0.0
 40
0.125
100
AcDbArc
 50
-260.72475872233736
 51
-80.72475872233733
  0
ARC
  5
558
330
17
100
AcDbEntity
  8
SLOTS
100
AcDbCircle
 10
3.304394738998955
 20
11.839930205736326
 30
0.0
 40
0.125
100
AcDbArc
 50
-80.72475872233733
 51
99.27524127766267
  0
LINE
  5
559
330
17
100
AcDbEntity
  8
SLOTS
100
AcDbLine
 10
3.7922429127964934
 20
11.033010177940612
 30
0.0
 11
1.145147170591141
 21
10.600706083427388
 31
0.0
  0
LINE
  5
55A
330
17
100
AcDbEntity
  8
SLOTS
100
AcDbLine
 10
1.104852829408859
 20
10.847437447604475
 30
0.0
 11
3.7519485716142116
 21
11.2797415421177
 31
0.0
  0
ARC
  5
55B
330
17
100
AcDbEntity
  8
SLOTS
100
AcDbCircle
 10
1.125
 20
10.724071765515932
 30
0.0
 40
0.125
100
AcDbArc
 50
-260.7247587223373
 51
-80.7247587223373
  0
ARC
  5
55C
330
17
100
AcDbEntity
  8
SLOTS
100
AcDbCircle
 10
3.7720957422053525
 20
11.156375860029156
 30
0.0
 40
0.125
100
AcDbArc
 50
-80.7247587223373
 51
99.2752412776627
  0
LINE
  5
55D
330
17
100
AcDbEntity
  8
SLOTS
100
AcDbLine
 10
4.25994391600289
 20
10.34945583223344
 30
0.0
 11
1.1451471705911407
 21
9.840770269732355
 31
0.0
  0
LINE
  5
55E
330
17
100
AcDbEntity
  8
SLOTS
100
AcDbLine
 10
1.1048528294088593
 20
10.087501633909442
 30
0.0
 11
4.219649574820608
 21
10.596187196410527
 31
0.0
  0
ARC
  5
55F
330
17
100
AcDbEntity
  8
SLOTS
100
AcDbCircle
 10
1.125
 20
9.964135951820898
 30
0.0
 40
0.125
100
AcDbArc
 50
-260.72475872233736
 51
-80.72475872233733
  0
ARC
  5
560
330
17
100
AcDbEntity
  8
SLOTS
100
AcDbCircle
 10
4.239796745411749
 20
10.472821514321984
 30
0.0
 40
0.125
100
AcDbArc
 50
-80.72475872233733
 51
99.27524127766267
  0
LINE
  5
561
330
17
100
AcDbEntity
  8
SLOTS
100
AcDbLine
 10
3.0454971470231564
 20
9.39118555619633
 30
0.0
 11
1.1451471705911407
 21
9.08083445603732
 31
0.0
  0
LINE
  5
562
330
17
100
AcDbEntity
  8
SLOTS
100
AcDbLine
 10
1.1048528294088593
 20
9.327565820214407
 30
0.0
 11
3.0052028058408746
 21
9.637916920373417
 31
0.0
  0
ARC
  5
563
330
17
100
AcDbEntity
  8
SLOTS
100
AcDbCircle
 10
1.125
 20
9.204200138125863
 30
0.0
 40
0.125
100
AcDbArc
 50
-260.72475872233736
 51
-80.72475872233736
  0
ARC
  5
564
330
17
100
AcDbEntity
  8
SLOTS
100
AcDbCircle
 10
3.0253499764320155
 20
9.514551238284874
 30
0.0
 40
0.125
100
AcDbArc
 50
-80.72475872233736
 51
99.27524127766264
  0
LINE
  5
565
330
17
100
AcDbEntity
  8
SLOTS
100
AcDbLine
 10
34.677227213121505
 20
23.646066350123686
 30
0.0
 11
34.8060549469831
 21
23.731251943127017
 31
0.0
  0
LINE
  5
566
330
17
100
AcDbEntity
  8
SLOTS
100
AcDbLine
 10
34.9439450530169
 20
23.522718208067214
 30
0.0
 11
34.8151173191553
 21
23.437532615063883
 31
0.0
  0
ARC
  5
567
330
17
100
AcDbEntity
  8
SLOTS
100
AcDbCircle
 10
34.875
 20
23.626985075597116
 30
0.0
 40
0.125
100
AcDbArc
 50
-56.52586942115602
 51
123.47413057884398
  0
ARC
  5
568
330
17
100
AcDbEntity
  8
SLOTS
100
AcDbCircle
 10
34.7461722661384
 20
23.541799482593785
 30
0.0
 40
0.125
100
AcDbArc
 50
123.47413057884398
 51
303.474130578844
  0
LINE
  5
569
330
17
100
AcDbEntity
  8
SLOTS
100
AcDbLine
 10
34.50199717997875
 20
24.429332962131582
 30
0.0
 11
34.8060549469831
 21
24.630387039643818
 31
0.0
  0
LINE
  5
56A
330
17
100
AcDbEntity
  8
SLOTS
100
AcDbLine
 10
34.9439450530169
 20
24.421853304584022
 30
0.0
 11
34.639887286012545
 21
24.220799227071787
 31
0.0
  0
ARC
  5
56B
330
17
100
AcDbEntity
  8
SLOTS
100
AcDbCircle
 10
34.875
 20
24.52612017211392
 30
0.0
 40
0.125
100
AcDbArc
 50
-56.525869421154844
 51
123.47413057884515
  0
ARC
  5
56C
330
17
100
AcDbEntity
  8
SLOTS
100
AcDbCircle
 10
34.57094223299565
 20
24.325066094601684
 30
0.0
 40
0.125
100
AcDbArc
 50
123.47413057884515
 51
303.4741305788452
  0
LINE
  5
56D
330
17
100
AcDbEntity
  8
SLOTS
100
AcDbLine
 10
34.326767146836
 20
25.212599574139485
 30
0.0
 11
34.8060549469831
 21
25.529522136160626
 31
0.0
  0
LINE
  5
56E
330
17
100
AcDbEntity
  8
SLOTS
100
AcDbLine
 10
34.9439450530169
 20
25.32098840110083
 30
0.0
 11
34.46465725286979
 21
25.00406583907969
 31
0.0
  0
ARC
  5
56F
330
17
100
AcDbEntity
  8
SLOTS
100
AcDbCircle
 10
34.875
 20
25.42525526863073
 30
0.0
 40
0.125
100
AcDbArc
 50
-56.52586942115453
 51
123.47413057884546
  0
ARC
  5
570
330
17
100
AcDbEntity
  8
SLOTS
100
AcDbCircle
 10
34.395712199852895
 20
25.108332706609588
 30
0.0
 40
0.125
100
AcDbArc
 50
123.47413057884546
 51
303.47413057884546
  0
LINE
  5
571
330
17
100
AcDbEntity
  8
SLOTS
100
AcDbLine
 10
34.15153711369324
 20
25.995866186147392
 30
0.0
 11
34.8060549469831
 21
26.42865723267743
 31
0.0
  0
LINE
  5
572
330
17
100
AcDbEntity
  8
SLOTS
100
AcDbLine
 10
34.9439450530169
 20
26.220123497617635
 30
0.0
 11
34.28942721972703
 21
25.787332451087597
 31
0.0
  0
ARC
  5
573
330
17
100
AcDbEntity
  8
SLOTS
100
AcDbCircle
 10
34.875
 20
26.324390365147533
 30
0.0
 40
0.125
100
AcDbArc
 50
-56.52586942115511
 51
123.47413057884489
  0
ARC
  5
574
330
17
100
AcDbEntity
  8
SLOTS
100
AcDbCircle
 10
34.220482166710134
 20
25.891599318617494
 30
0.0
 40
0.125
100
AcDbArc
 50
123.47413057884489
 51
303.4741305788449
  0
LINE
  5
575
330
17
100
AcDbEntity
  8
SLOTS
100
AcDbLine
 10
34.85967425032053
 20
28.89803319949658
 30
0.0
 11
31.58422323554172
 21
29.302675996393344
 31
0.0
  0
LINE
  5
576
330
17
100
AcDbEntity
  8
SLOTS
100
AcDbLine
 10
31.614874734900653
 20
29.550789852489796
 30
0.0
 11
34.89032574967947
 21
29.146147055593033
 31
0.0
  0
ARC
  5
577
330
17
100
AcDbEntity
  8
SLOTS
100
AcDbCircle
 10
31.599548985221187
 20
29.42673292444157
 30
0.0
 40
0.125
100
AcDbArc
 50
82.95747392295723
 51
262.9574739229572
  0
ARC
  5
578
330
17
100
AcDbEntity
  8
SLOTS
100
AcDbCircle
 10
34.875
 20
29.022090127544807
 30
0.0
 40
0.125
100
AcDbArc
 50
262.9574739229572
 51
442.9574739229572
  0
LINE
  5
579
330
17
100
AcDbEntity
  8
SLOTS
100
AcDbLine
 10
34.85967425032053
 20
28.14233175279014
 30
0.0
 11
31.75332586166125
 21
28.526083942779074
 31
0.0
  0
LINE
  5
57A
330
17
100
AcDbEntity
  8
SLOTS
100
AcDbLine
 10
31.78397736102018
 20
28.774197798875527
 30
0.0
 11
34.89032574967947
 21
28.390445608886587
 31
0.0
  0
ARC
  5
57B
330
17
100
AcDbEntity
  8
SLOTS
100
AcDbCircle
 10
31.768651611340715
 20
28.6501408708273
 30
0.0
 40
0.125
100
AcDbArc
 50
82.95747392295718
 51
262.9574739229572
  0
ARC
  5
57C
330
17
100
AcDbEntity
  8
SLOTS
100
AcDbCircle
 10
34.875
 20
28.266388680838364
 30
0.0
 40
0.125
100
AcDbArc
 50
262.9574739229572
 51
442.9574739229572
  0
LINE
  5
57D
330
17
100
AcDbEntity
  8
SLOTS
100
AcDbLine
 10
34.80447256963927
 20
27.393449813493056
 30
0.0
 11
32.71141852661582
 21
27.6520216065694
 31
0.0
  0
LINE
  5
57E
330
17
100
AcDbEntity
  8
SLOTS
100
AcDbLine
 10
32.74207002597476
 20
27.90013546266585
 30
0.0
 11
34.83512406899821
 21
27.64156366958951
 31
0.0
  0
ARC
  5
57F
330
17
100
AcDbEntity
  8
SLOTS
100
AcDbCircle
 10
32.72674427629529
 20
27.776078534617625
 30
0.0
 40
0.125
100
AcDbArc
 50
82.95747392295726
 51
262.95747392295726
  0
ARC
  5
580
330
17
100
AcDbEntity
  8
SLOTS
100
AcDbCircle
 10
34.81979831931874
 20
27.517506741541283
 30
0.0
 40
0.125
100
AcDbArc
 50
262.95747392295726
 51
442.95747392295726
  0
LINE
  5
581
330
17
100
AcDbEntity
  8
SLOTS
100
AcDbLine
 10
33.84145763542906
 20
26.756717343783663
 30
0.0
 11
33.66951119157041
 21
26.777959270359727
 31
0.0
  0
LINE
  5
582
330
17
100
AcDbEntity
  8
SLOTS
100
AcDbLine
 10
33.700162690929346
 20
27.026073126456172
 30
0.0
 11
33.872109134788
 21
27.00483119988011
 31
0.0
  0
ARC
  5
583
330
17
100
AcDbEntity
  8
SLOTS
100
AcDbCircle
 10
33.68483694124988
 20
26.90201619840795
 30
0.0
 40
0.125
100
AcDbArc
 50
82.95747392295641
 51
262.9574739229564
  0
ARC
  5
584
330
17
100
AcDbEntity
  8
SLOTS
100
AcDbCircle
 10
33.85678338510853
 20
26.880774271831886
 30
0.0
 40
0.125
100
AcDbArc
 50
262.9574739229564
 51
442.9574739229564
  0
ENDSEC
  0
SECTION
  2
OBJECTS
  0
DICTIONARY
  5
A
330
0
100
AcDbDictionary
281
1
  3
ACAD_COLOR
350
B
  3
ACAD_GROUP
350
C
  3
ACAD_LAYOUT
350
D
  3
ACAD_MATERIAL
350
E
  3
ACAD_MLEADERSTYLE
350
F
  3
ACAD_MLINESTYLE
350
10
  3
ACAD_PLOTSETTINGS
350
11
  3
ACAD_PLOTSTYLENAME
350
12
  3
ACAD_SCALELIST
350
14
  3
ACAD_TABLESTYLE
350
15
  3
ACAD_VISUALSTYLE
350
16
  3
EZDXF_META
350
2D
  0
DICTIONARY
  5
B
330
A
100
AcDbDictionary
281
1
  0
DICTIONARY
  5
C
330
A
100
AcDbDictionary
281
1
  0
DICTIONARY
  5
D
330
A
100
AcDbDictionary
281
1
  3
Model
350
1A
  3
Layout1
350
1E
  0
DICTIONARY
  5
E
330
A
100
AcDbDictionary
281
1
  3
ByBlock
350
1F
  3
ByLayer
350
20
  3
Global
350
21
  0
DICTIONARY
  5
F
330
A
100
AcDbDictionary
281
1
  3
Standard
350
2C
  0
DICTIONARY
  5
10
330
A
100
AcDbDictionary
281
1
  3
Standard
350
22
  0
DICTIONARY
  5
11
330
A
100
AcDbDictionary
281
1
  0
ACDBDICTIONARYWDFLT
  5
12
330
A
100
AcDbDictionary
281
1
  3
Normal
350
13
100
AcDbDictionaryWithDefault
340
13
  0
ACDBPLACEHOLDER
  5
13
330
12
  0
DICTIONARY
  5
14
330
A
100
AcDbDictionary
281
1
  0
DICTIONARY
  5
15
330
A
100
AcDbDictionary
281
1
  0
DICTIONARY
  5
16
330
A
100
AcDbDictionary
281
1
  3
2dWireframe
350
5A
  3
Basic
350
5B
  3
Brighten
350
5C
  3
ColorChange
350
5D
  3
Conceptual
350
5E
  3
Dim
350
5F
  3
EdgeColorOff
350
60
  3
Facepattern
350
61
  3
Flat
350
62
  3
FlatWithEdges
350
63
  3
Gouraud
350
64
  3
GouraudWithEdges
350
65
  3
Hidden
350
66
  3
JitterOff
350
67
  3
Linepattern
350
68
  3
Modeling
350
69
  3
OverhangOff
350
6A
  3
Realistic
350
6B
  3
Shaded
350
6C
  3
Shaded with edges
350
6D
  3
Shades of Gray
350
6E
  3
Sketchy
350
6F
  3
Thicken
350
70
  3
Wireframe
350
71
  3
X-Ray
350
72
  0
LAYOUT
  5
1A
330
D
100
AcDbPlotSettings
  1

  4
A3
  6

 40
7.5
 41
20.0
 42
7.5
 43
20.0
 44
420.0
 45
297.0
 46
0.0
 47
0.0
 48
0.0
 49
0.0
140
0.0
141
0.0
142
1.0
143
1.0
 70
1024
 72
1
 73
0
 74
5
  7

 75
16
 76
0
 77
2
 78
300
147
1.0
148
0.0
149
0.0
100
AcDbLayout
  1
Model
 70
1
 71
0
 10
0.0
 20
0.0
 11
420.0
 21
297.0
 12
0.0
 22
0.0
 32
0.0
 14
1e+20
 24
1e+20
 34
1e+20
 15
-1e+20
 25
-1e+20
 35
-1e+20
146
0.0
 13
0.0
 23
0.0
 33
0.0
 16
1.0
 26
0.0
 36
0.0
 17
0.0
 27
1.0
 37
0.0
 76
1
330
17
  0
LAYOUT
  5
1E
330
D
100
AcDbPlotSettings
  1

  4
A3
  6

 40
7.5
 41
20.0
 42
7.5
 43
20.0
 44
420.0
 45
297.0
 46
0.0
 47
0.0
 48
0.0
 49
0.0
140
0.0
141
0.0
142
1.0
143
1.0
 70
0
 72
1
 73
0
 74
5
  7

 75
16
 76
0
 77
2
 78
300
147
1.0
148
0.0
149
0.0
100
AcDbLayout
  1
Layout1
 70
1
 71
1
 10
0.0
 20
0.0
 11
420.0
 21
297.0
 12
0.0
 22
0.0
 32
0.0
 14
1e+20
 24
1e+20
 34
1e+20
 15
-1e+20
 25
-1e+20
 35
-1e+20
146
0.0
 13
0.0
 23
0.0
 33
0.0
 16
1.0
 26
0.0
 36
0.0
 17
0.0
 27
1.0
 37
0.0
 76
1
330
1B
  0
MATERIAL
  5
1F
102
{ACAD_REACTORS
330
E
102
}
330
E
100
AcDbMaterial
  1
ByBlock
  2

 70
0
 40
1.0
 71
1
 41
1.0
 91
-1023410177
 42
1.0
 72
1
  3

 73
1
 74
1
 75
1
 44
0.5
 73
0
 45
1.0
 46
1.0
 77
1
  4

 78
1
 79
1
170
1
 48
1.0
171
1
  6

172
1
173
1
174
1
140
1.0
141
1.0
175
1
  7

176
1
177
1
178
1
143
1.0
179
1
  8

270
1
271
1
272
1
145
1.0
146
1.0
273
1
  9

274
1
275
1
276
1
 42
1.0
 72
1
  3

 73
1
 74
1
 75
1
 94
63
  0
MATERIAL
  5
20
102
{ACAD_REACTORS
330
E
102
}
330
E
100
AcDbMaterial
  1
ByLayer
  2

 70
0
 40
1.0
 71
1
 41
1.0
 91
-1023410177
 42
1.0
 72
1
  3

 73
1
 74
1
 75
1
 44
0.5
 73
0
 45
1.0
 46
1.0
 77
1
  4

 78
1
 79
1
170
1
 48
1.0
171
1
  6

172
1
173
1
174
1
140
1.0
141
1.0
175
1
  7

176
1
177
1
178
1
143
1.0
179
1
  8

270
1
271
1
272
1
145
1.0
146
1.0
273
1
  9

274
1
275
1
276
1
 42
1.0
 72
1
  3

 73
1
 74
1
 75
1
 94
63
  0
MATERIAL
  5
21
102
{ACAD_REACTORS
330
E
102
}
330
E
100
AcDbMaterial
  1
Global
  2

 70
0
 40
1.0
 71
1
 41
1.0
 91
-1023410177
 42
1.0
 72
1
  3

 73
1
 74
1
 75
1
 44
0.5
 73
0
 45
1.0
 46
1.0
 77
1
  4

 78
1
 79
1
170
1
 48
1.0
171
1
  6

172
1
173
1
174
1
140
1.0
141
1.0
175
1
  7

176
1
177
1
178
1
143
1.0
179
1
  8

270
1
271
1
272
1
145
1.0
146
1.0
273
1
  9

274
1
275
1
276
1
 42
1.0
 72
1
  3

 73
1
 74
1
 75
1
 94
63
  0
MLINESTYLE
  5
22
102
{ACAD_REACTORS
330
10
102
}
330
10
100
AcDbMlineStyle
  2
Standard
 70
0
  3

 62
256
 51
90.0
 52
90.0
 71
2
 49
0.5
 62
256
  6
BYLAYER
 49
-0.5
 62
256
  6
BYLAYER
  0
MLEADERSTYLE
  5
2C
102
{ACAD_REACTORS
330
F
102
}
330
F
100
AcDbMLeaderStyle
179
2
170
2
171
1
172
0
 90
2
 40
0.0
 41
0.0
173
1
 91
-1056964608
 92
-2
290
1
 42
2.0
291
1
 43
8.0
  3
Standard
 44
4.0
300

342
29
174
1
175
1
176
0
178
1
 93
-1056964608
 45
4.0
292
0
297
0
 46
4.0
 94
-1056964608
 47
1.0
 49
1.0
140
1.0
294
1
141
0.0
177
0
142
1.0
295
0
296
0
143
3.75
271
0
272
9
273
9
  0
DICTIONARY
  5
2D
330
A
100
AcDbDictionary
280
1
281
1
  3
CREATED_BY_EZDXF
350
2E
  3
WRITTEN_BY_EZDXF
350
587
  0
DICTIONARYVAR
  5
2E
330
2D
100
DictionaryVariables
280
0
  1
1.4.4 @ 2026-09-19T23:29:02.549680+00:00
  0
VISUALSTYLE
  5
5A
102
{ACAD_REACTORS
330
16
102
}
330
16
100
AcDbVisualStyle
  2
2dWireframe
 70
4
 90
0
 40
0.6
 62
7
290
0
291
0
  0
VISUALSTYLE
  5
5B
102
{ACAD_REACTORS
330
16
102
}
330
16
100
AcDbVisualStyle
  2
Basic
 70
7
 90
1
 40
0.6
 62
7
290
0
291
1
  0
VISUALSTYLE
  5
5C
102
{ACAD_REACTORS
330
16
102
}
330
16
100
AcDbVisualStyle
  2
Brighten
 70
12
 90
2
 40
0.6
 62
7
290
0
291
1
  0
VISUALSTYLE
  5
5D
102
{ACAD_REACTORS
330
16
102
}
330
16
100
AcDbVisualStyle
  2
ColorChange
 70
16
 90
2
 40
0.6
 62
8
290
0
291
1
  0
VISUALSTYLE
  5
5E
102
{ACAD_REACTORS
330
16
102
}
330
16
100
AcDbVisualStyle
  2
Conceptual
 70
9
 90
3
 40
0.6
 62
7
290
0
291
0
  0
VISUALSTYLE
  5
5F
102
{ACAD_REACTORS
330
16
102
}
330
16
100
AcDbVisualStyle
  2
Dim
 70
11
 90
2
 40
0.6
 62
7
290
0
291
1
  0
VISUALSTYLE
  5
60
102
{ACAD_REACTORS
330
16
102
}
330
16
100
AcDbVisualStyle
  2
EdgeColorOff
 70
22
 90
2
 40
0.6
 62
7
290
0
291
1
  0
VISUALSTYLE
  5
61
102
{ACAD_REACTORS
330
16
102
}
330
16
100
AcDbVisualStyle
  2
Facepattern
 70
15
 90
2
 40
0.6
 62
7
290
0
291
1
  0
VISUALSTYLE
  5
62
102
{ACAD_REACTORS
330
16
102
}
330
16
100
AcDbVisualStyle
  2
Flat
 70
0
 90
2
 40
0.6
 62
7
290
0
291
1
  0
VISUALSTYLE
  5
63
102
{ACAD_REACTORS
330
16
102
}
330
16
100
AcDbVisualStyle
  2
FlatWithEdges
 70
1
 90
2
 40
0.6
 62
7
290
0
291
1
  0
VISUALSTYLE
  5
64
102
{ACAD_REACTORS
330
16
102
}
330
16
100
AcDbVisualStyle
  2
Gouraud
 70
2
 90
2
 40
0.6
 62
7
290
0
291
1
  0
VISUALSTYLE
  5
65
102
{ACAD_REACTORS
330
16
102
}
330
16
100
AcDbVisualStyle
  2
GouraudWithEdges
 70
3
 90
2
 40
0.6
 62
7
290
0
291
1
  0
VISUALSTYLE
  5
66
102
{ACAD_REACTORS
330
16
102
}
330
16
100
AcDbVisualStyle
  2
Hidden
 70
6
 90
1
 40
0.6
 62
7
290
0
291
0
  0
VISUALSTYLE
  5
67
102
{ACAD_REACTORS
330
16
102
}
330
16
100
AcDbVisualStyle
  2
JitterOff
 70
20
 90
2
 40
0.6
 62
7
290
0
291
1
  0
VISUALSTYLE
  5
68
102
{ACAD_REACTORS
330
16
102
}
330
16
100
AcDbVisualStyle
  2
Linepattern
 70
14
 90
2
 40
0.6
 62
7
290
0
291
1
  0
VISUALSTYLE
  5
69
102
{ACAD_REACTORS
330
16
102
}
330
16
100
AcDbVisualStyle
  2
Modeling
 70
10
 90
2
 40
0.6
 62
7
290
0
291
0
  0
VISUALSTYLE
  5
6A
102
{ACAD_REACTORS
330
16
102
}
330
16
100
AcDbVisualStyle
  2
OverhangOff
 70
21
 90
2
 40
0.6
 62
7
290
0
291
1
  0
VISUALSTYLE
  5
6B
102
{ACAD_REACTORS
330
16
102
}
330
16
100
AcDbVisualStyle
  2
Realistic
 70
8
 90
2
 40
0.6
 62
7
290
0
291
0
  0
VISUALSTYLE
  5
6C
102
{ACAD_REACTORS
330
16
102
}
330
16
100
AcDbVisualStyle
  2
Shaded
 70
27
 90
2
 40
0.6
 62
7
290
0
291
0
  0
VISUALSTYLE
  5
6D
102
{ACAD_REACTORS
330
16
102
}
330
16
100
AcDbVisualStyle
  2
Shaded with edges
 70
26
 90
2
 40
0.6
 62
7
290
0
291
0
  0
VISUALSTYLE
  5
6E
102
{ACAD_REACTORS
330
16
102
}
330
16
100
AcDbVisualStyle
  2
Shades of Gray
 70
23
 90
2
 40
0.6
 62
7
290
0
291
0
  0
VISUALSTYLE
  5
6F
102
{ACAD_REACTORS
330
16
102
}
330
16
100
AcDbVisualStyle
  2
Sketchy
 70
24
 90
1
 40
0.6
 62
7
290
0
291
0
  0
VISUALSTYLE
  5
70
102
{ACAD_REACTORS
330
16
102
}
330
16
100
AcDbVisualStyle
  2
Thicken
 70
13
 90
2
 40
0.6
 62
7
290
0
291
1
  0
VISUALSTYLE
  5
71
102
{ACAD_REACTORS
330
16
102
}
330
16
100
AcDbVisualStyle
  2
Wireframe
 70
5
 90
0
 40
0.6
 62
7
290
0
291
0
  0
VISUALSTYLE
  5
72
102
{ACAD_REACTORS
330
16
102
}
330
16
100
AcDbVisualStyle
  2
X-Ray
 70
25
 90
2
 40
0.5
 62
7
290
0
291
0
  0
DICTIONARYVAR
  5
587
330
2D
100
DictionaryVariables
280
0
  1
1.4.4 @ 2026-09-19T23:29:02.595691+00:00
  0
ENDSEC
  0
EOF
