  0
SECTION
  2
HEADER
  9
$ACADVER
  1
AC1024
  9
$ACADMAINTVER
 70
6
  9
$DWGCODEPAGE
  3
ANSI_1252
  9
$LASTSAVEDBY
  1
ezdxf
  9
$INSBASE
 10
0.0
 20
0.0
 30
0.0
  9
$EXTMIN
 10
1e+20
 20
1e+20
 30
1e+20
  9
$EXTMAX
 10
-1e+20
 20
-1e+20
 30
-1e+20
  9
$LIMMIN
 10
0.0
 20
0.0
  9
$LIMMAX
 10
420.0
 20
297.0
  9
$ORTHOMODE
 70
0
  9
$REGENMODE
 70
1
  9
$FILLMODE
 70
1
  9
$QTEXTMODE
 70
0
  9
$MIRRTEXT
 70
1
  9
$LTSCALE
 40
1.0
  9
$ATTMODE
 70
1
  9
$TEXTSIZE
 40
2.5
  9
$TRACEWID
 40
1.0
  9
$TEXTSTYLE
  7
OpenSans
  9
$CLAYER
  8
0
  9
$CELTYPE
  6
ByLayer
  9
$CECOLOR
 62
256
  9
$CELTSCALE
 40
1.0
  9
$DISPSILH
 70
0
  9
$DIMSCALE
 40
1.0
  9
$DIMASZ
 40
0.175
  9
$DIMEXO
 40
0.125
  9
$DIMDLI
 40
3.75
  9
$DIMRND
 40
0.0
  9
$DIMDLE
 40
0.0
  9
$DIMEXE
 40
0.375
  9
$DIMTP
 40
0.0
  9
$DIMTM
 40
0.0
  9
$DIMTXT
 40
0.25
  9
$DIMCEN
 40
2.5
  9
$DIMTSZ
 40
0.0
  9
$DIMTOL
 70
0
  9
$DIMLIM
 70
0
  9
$DIMTIH
 70
0
  9
$DIMTOH
 70
0
  9
$DIMSE1
 70
0
  9
$DIMSE2
 70
0
  9
$DIMTAD
 70
1
  9
$DIMZIN
 70
12
  9
$DIMBLK
  1
ARCHTICK
  9
$DIMASO
 70
1
  9
$DIMSHO
 70
1
  9
$DIMPOST
  1

  9
$DIMAPOST
  1

  9
$DIMALT
 70
0
  9
$DIMALTD
 70
3
  9
$DIMALTF
 40
0.03937007874
  9
$DIMLFAC
 40
100.0
  9
$DIMTOFL
 70
1
  9
$DIMTVP
 40
0.0
  9
$DIMTIX
 70
0
  9
$DIMSOXD
 70
0
  9
$DIMSAH
 70
0
  9
$DIMBLK1
  1

  9
$DIMBLK2
  1

  9
$DIMSTYLE
  2
EZDXF
  9
$DIMCLRD
 70
0
  9
$DIMCLRE
 70
0
  9
$DIMCLRT
 70
0
  9
$DIMTFAC
 40
0.5
  9
$DIMGAP
 40
0.1
  9
$DIMJUST
 70
0
  9
$DIMSD1
 70
0
  9
$DIMSD2
 70
0
  9
$DIMTOLJ
 70
0
  9
$DIMTZIN
 70
8
  9
$DIMALTZ
 70
0
  9
$DIMALTTZ
 70
0
  9
$DIMUPT
 70
1
  9
$DIMDEC
 70
2
  9
$DIMTDEC
 70
2
  9
$DIMALTU
 70
2
  9
$DIMALTTD
 70
3
  9
$DIMTXSTY
  7
OpenSansCondensed-Light
  9
$DIMAUNIT
 70
0
  9
$DIMADEC
 70
2
  9
$DIMALTRND
 40
0.0
  9
$DIMAZIN
 70
3
  9
$DIMDSEP
 70
46
  9
$DIMATFIT
 70
3
  9
$DIMFRAC
 70
0
  9
$DIMLDRBLK
  1

  9
$DIMLUNIT
 70
2
  9
$DIMLWD
 70
-2
  9
$DIMLWE
 70
-2
  9
$DIMTMOVE
 70
2
  9
$DIMFXL
 40
1.0
  9
$DIMFXLON
 70
0
  9
$DIMJOGANG
 40
0.785398163397
  9
$DIMTFILL
 70
0
  9
$DIMTFILLCLR
 70
0
  9
$DIMARCSYM
 70
0
  9
$DIMLTYPE
  6

  9
$DIMLTEX1
  6

  9
$DIMLTEX2
  6

  9
$DIMTXTDIRECTION
 70
0
  9
$LUNITS
 70
2
  9
$LUPREC
 70
4
  9
$SKETCHINC
 40
1.0
  9
$FILLETRAD
 40
10.0
  9
$AUNITS
 70
0
  9
$AUPREC
 70
2
  9
$MENU
  1
.
  9
$ELEVATION
 40
0.0
  9
$PELEVATION
 40
0.0
  9
$THICKNESS
 40
0.0
  9
$LIMCHECK
 70
0
  9
$CHAMFERA
 40
0.0
  9
$CHAMFERB
 40
0.0
  9
$CHAMFERC
 40
0.0
  9
$CHAMFERD
 40
0.0
  9
$SKPOLY
 70
0
  9
$TDCREATE
 40
2461303.686712963
  9
$TDUCREATE
 40
2458532.153996898
  9
$TDUPDATE
 40
2461303.686712963
  9
$TDUUPDATE
 40
2458532.1544311
  9
$TDINDWG
 40
0.0
  9
$TDUSRTIMER
 40
0.0
  9
$USRTIMER
 70
1
  9
$ANGBASE
 50
0.0
  9
$ANGDIR
 70
0
  9
$PDMODE
 70
0
  9
$PDSIZE
 40
0.0
  9
$PLINEWID
 40
0.0
  9
$SPLFRAME
 70
0
  9
$SPLINETYPE
 70
6
  9
$SPLINESEGS
 70
8
  9
$HANDSEED
  5
5C4
  9
$SURFTAB1
 70
6
  9
$SURFTAB2
 70
6
  9
$SURFTYPE
 70
6
  9
$SURFU
 70
6
  9
$SURFV
 70
6
  9
$UCSBASE
  2

  9
$UCSNAME
  2

  9
$UCSORG
 10
0.0
 20
0.0
 30
0.0
  9
$UCSXDIR
 10
1.0
 20
0.0
 30
0.0
  9
$UCSYDIR
 10
0.0
 20
1.0
 30
0.0
  9
$UCSORTHOREF
  2

  9
$UCSORTHOVIEW
 70
0
  9
$UCSORGTOP
 10
0.0
 20
0.0
 30
0.0
  9
$UCSORGBOTTOM
 10
0.0
 20
0.0
 30
0.0
  9
$UCSORGLEFT
 10
0.0
 20
0.0
 30
0.0
  9
$UCSORGRIGHT
 10
0.0
 20
0.0
 30
0.0
  9
$UCSORGFRONT
 10
0.0
 20
0.0
 30
0.0
  9
$UCSORGBACK
 10
0.0
 20
0.0
 30
0.0
  9
$PUCSBASE
  2

  9
$PUCSNAME
  2

  9
$PUCSORG
 10
0.0
 20
0.0
 30
0.0
  9
$PUCSXDIR
 10
1.0
 20
0.0
 30
0.0
  9
$PUCSYDIR
 10
0.0
 20
1.0
 30
0.0
  9
$PUCSORTHOREF
  2

  9
$PUCSORTHOVIEW
 70
0
  9
$PUCSORGTOP
 10
0.0
 20
0.0
 30
0.0
  9
$PUCSORGBOTTOM
 10
0.0
 20
0.0
 30
0.0
  9
$PUCSORGLEFT
 10
0.0
 20
0.0
 30
0.0
  9
$PUCSORGRIGHT
 10
0.0
 20
0.0
 30
0.0
  9
$PUCSORGFRONT
 10
0.0
 20
0.0
 30
0.0
  9
$PUCSORGBACK
 10
0.0
 20
0.0
 30
0.0
  9
$USERI1
 70
0
  9
$USERI2
 70
0
  9
$USERI3
 70
0
  9
$USERI4
 70
0
  9
$USERI5
 70
0
  9
$USERR1
 40
0.0
  9
$USERR2
 40
0.0
  9
$USERR3
 40
0.0
  9
$USERR4
 40
0.0
  9
$USERR5
 40
0.0
  9
$WORLDVIEW
 70
1
  9
$SHADEDGE
 70
3
  9
$SHADEDIF
 70
70
  9
$TILEMODE
 70
1
  9
$MAXACTVP
 70
64
  9
$PINSBASE
 10
0.0
 20
0.0
 30
0.0
  9
$PLIMCHECK
 70
0
  9
$PEXTMIN
 10
1e+20
 20
1e+20
 30
1e+20
  9
$PEXTMAX
 10
-1e+20
 20
-1e+20
 30
-1e+20
  9
$PLIMMIN
 10
0.0
 20
0.0
  9
$PLIMMAX
 10
420.0
 20
297.0
  9
$UNITMODE
 70
0
  9
$VISRETAIN
 70
1
  9
$PLINEGEN
 70
0
  9
$PSLTSCALE
 70
1
  9
$TREEDEPTH
 70
3020
  9
$CMLSTYLE
  2
Standard
  9
$CMLJUST
 70
0
  9
$CMLSCALE
 40
20.0
  9
$PROXYGRAPHICS
 70
1
  9
$MEASUREMENT
 70
1
  9
$CELWEIGHT
370
-1
  9
$ENDCAPS
280
0
  9
$JOINSTYLE
280
0
  9
$LWDISPLAY
290
0
  9
$INSUNITS
 70
1
  9
$HYPERLINKBASE
  1

  9
$STYLESHEET
  1

  9
$XEDIT
290
1
  9
$CEPSNTYPE
380
0
  9
$PSTYLEMODE
290
1
  9
$FINGERPRINTGUID
  2
{48578253-BB5C-4949-BBF3-4CC40237B633}
  9
$VERSIONGUID
  2
{EFBD944E-2D42-48D0-B65B-68AAAF9DC843}
  9
$EXTNAMES
290
1
  9
$PSVPSCALE
 40
0.0
  9
$OLESTARTUP
290
0
  9
$SORTENTS
280
127
  9
$INDEXCTL
280
0
  9
$HIDETEXT
280
1
  9
$XCLIPFRAME
280
1
  9
$HALOGAP
280
0
  9
$OBSCOLOR
 70
257
  9
$OBSLTYPE
280
0
  9
$INTERSECTIONDISPLAY
280
0
  9
$INTERSECTIONCOLOR
 70
257
  9
$DIMASSOC
280
2
  9
$PROJECTNAME
  1

  9
$CAMERADISPLAY
290
0
  9
$LENSLENGTH
 40
50.0
  9
$CAMERAHEIGHT
 40
0.0
  9
$STEPSPERSEC
 40
24.0
  9
$STEPSIZE
 40
100.0
  9
$3DDWFPREC
 40
2.0
  9
$PSOLWIDTH
 40
0.005
  9
$PSOLHEIGHT
 40
0.08
  9
$LOFTANG1
 40
1.570796326795
  9
$LOFTANG2
 40
1.570796326795
  9
$LOFTMAG1
 40
0.0
  9
$LOFTMAG2
 40
0.0
  9
$LOFTPARAM
 70
7
  9
$LOFTNORMALS
280
1
  9
$LATITUDE
 40
37.795
  9
$LONGITUDE
 40
-122.394
  9
$NORTHDIRECTION
 40
0.0
  9
$TIMEZONE
 70
-8000
  9
$LIGHTGLYPHDISPLAY
280
1
  9
$TILEMODELIGHTSYNCH
280
1
  9
$CMATERIAL
347
20
  9
$SOLIDHIST
280
0
  9
$SHOWHIST
280
1
  9
$DWFFRAME
280
2
  9
$DGNFRAME
280
2
  9
$REALWORLDSCALE
290
1
  9
$INTERFERECOLOR
 62
256
  9
$CSHADOW
280
0
  9
$SHADOWPLANELOCATION
 40
0.0
  0
ENDSEC
  0
SECTION
  2
CLASSES
  0
CLASS
  1
ACDBDICTIONARYWDFLT
  2
AcDbDictionaryWithDefault
  3
ObjectDBX Classes
 90
0
 91
0
280
0
281
0
  0
CLASS
  1
SUN
  2
AcDbSun
  3
SCENEOE
 90
1153
 91
0
280
0
281
0
  0
CLASS
  1
VISUALSTYLE
  2
AcDbVisualStyle
  3
ObjectDBX Classes
 90
4095
 91
0
280
0
281
0
  0
CLASS
  1
MATERIAL
  2
AcDbMaterial
  3
ObjectDBX Classes
 90
1153
 91
0
280
0
281
0
  0
CLASS
  1
SCALE
  2
AcDbScale
  3
ObjectDBX Classes
 90
1153
 91
0
280
0
281
0
  0
CLASS
  1
TABLESTYLE
  2
AcDbTableStyle
  3
ObjectDBX Classes
 90
4095
 91
0
280
0
281
0
  0
CLASS
  1
MLEADERSTYLE
  2
AcDbMLeaderStyle
  3
ACDB_MLEADERSTYLE_CLASS
 90
4095
 91
0
280
0
281
0
  0
CLASS
  1
DICTIONARYVAR
  2
AcDbDictionaryVar
  3
ObjectDBX Classes
 90
0
 91
0
280
0
281
0
  0
CLASS
  1
CELLSTYLEMAP
  2
AcDbCellStyleMap
  3
ObjectDBX Classes
 90
1152
 91
0
280
0
281
0
  0
CLASS
  1
MENTALRAYRENDERSETTINGS
  2
AcDbMentalRayRenderSettings
  3
SCENEOE
 90
1024
 91
0
280
0
281
0
  0
CLASS
  1
ACDBDETAILVIEWSTYLE
  2
AcDbDetailViewStyle
  3
ObjectDBX Classes
 90
1025
 91
0
280
0
281
0
  0
CLASS
  1
ACDBSECTIONVIEWSTYLE
  2
AcDbSectionViewStyle
  3
ObjectDBX Classes
 90
1025
 91
0
280
0
281
0
  0
CLASS
  1
RASTERVARIABLES
  2
AcDbRasterVariables
  3
ISM
 90
0
 91
0
280
0
281
0
  0
CLASS
  1
ACDBPLACEHOLDER
  2
AcDbPlaceHolder
  3
ObjectDBX Classes
 90
0
 91
0
280
0
281
0
  0
CLASS
  1
LAYOUT
  2
AcDbLayout
  3
ObjectDBX Classes
 90
0
 91
0
280
0
281
0
  0
ENDSEC
  0
SECTION
  2
TABLES
  0
TABLE
  2
VPORT
  5
8
330
0
100
AcDbSymbolTable
 70
1
  0
VPORT
  5
23
330
8
100
AcDbSymbolTableRecord
100
AcDbViewportTableRecord
  2
*Active
 70
0
 10
0.0
 20
0.0
 11
1.0
 21
1.0
 12
0.0
 22
0.0
 13
0.0
 23
0.0
 14
0.5
 24
0.5
 15
0.5
 25
0.5
 16
0.0
 26
0.0
 36
1.0
 17
0.0
 27
0.0
 37
0.0
 40
1000.0
 41
1.34
 42
50.0
 43
0.0
 44
0.0
 50
0.0
 51
0.0
 71
0
 72
1000
 73
1
 74
3
 75
0
 76
0
 77
0
 78
0
281
0
 65
0
146
0.0
  0
ENDTAB
  0
TABLE
  2
LTYPE
  5
2
330
0
100
AcDbSymbolTable
 70
21
  0
LTYPE
  5
24
330
2
100
AcDbSymbolTableRecord
100
AcDbLinetypeTableRecord
  2
ByBlock
 70
0
  3

 72
65
 73
0
 40
0.0
  0
LTYPE
  5
25
330
2
100
AcDbSymbolTableRecord
100
AcDbLinetypeTableRecord
  2
ByLayer
 70
0
  3

 72
65
 73
0
 40
0.0
  0
LTYPE
  5
26
330
2
100
AcDbSymbolTableRecord
100
AcDbLinetypeTableRecord
  2
Continuous
 70
0
  3

 72
65
 73
0
 40
0.0
  0
LTYPE
  5
2F
330
2
100
AcDbSymbolTableRecord
100
AcDbLinetypeTableRecord
  2
CENTER
 70
0
  3
Center ____ _ ____ _ ____ _ ____ _ ____ _ ____
 72
65
 73
4
 40
5.08
 49
3.175
 74
0
 49
-0.635
 74
0
 49
0.635
 74
0
 49
-0.635
 74
0
  0
LTYPE
  5
30
330
2
100
AcDbSymbolTableRecord
100
AcDbLinetypeTableRecord
  2
CENTERX2
 70
0
  3
Center (2x) ________  __  ________  __  ________
 72
65
 73
4
 40
8.89
 49
6.35
 74
0
 49
-0.635
 74
0
 49
1.27
 74
0
 49
-0.635
 74
0
  0
LTYPE
  5
31
330
2
100
AcDbSymbolTableRecord
100
AcDbLinetypeTableRecord
  2
CENTER2
 70
0
  3
Center (.5x) ____ _ ____ _ ____ _ ____ _ ____
 72
65
 73
4
 40
2.54
 49
1.587
 74
0
 49
-0.318
 74
0
 49
0.318
 74
0
 49
-0.318
 74
0
  0
LTYPE
  5
32
330
2
100
AcDbSymbolTableRecord
100
AcDbLinetypeTableRecord
  2
DASHED
 70
0
  3
Dashed __ __ __ __ __ __ __ __ __ __ __ __ __ _
 72
65
 73
2
 40
1.524
 49
1.27
 74
0
 49
-0.254
 74
0
  0
LTYPE
  5
33
330
2
100
AcDbSymbolTableRecord
100
AcDbLinetypeTableRecord
  2
DASHEDX2
 70
0
  3
Dashed (2x) ____  ____  ____  ____  ____  ____
 72
65
 73
2
 40
3.048
 49
2.54
 74
0
 49
-0.508
 74
0
  0
LTYPE
  5
34
330
2
100
AcDbSymbolTableRecord
100
AcDbLinetypeTableRecord
  2
DASHED2
 70
0
  3
Dashed (.5x) _ _ _ _ _ _ _ _ _ _ _ _ _ _
 72
65
 73
2
 40
0.762
 49
0.635
 74
0
 49
-0.127
 74
0
  0
LTYPE
  5
35
330
2
100
AcDbSymbolTableRecord
100
AcDbLinetypeTableRecord
  2
PHANTOM
 70
0
  3
Phantom ______  __  __  ______  __  __  ______
 72
65
 73
6
 40
6.35
 49
3.175
 74
0
 49
-0.635
 74
0
 49
0.635
 74
0
 49
-0.635
 74
0
 49
0.635
 74
0
 49
-0.635
 74
0
  0
LTYPE
  5
36
330
2
100
AcDbSymbolTableRecord
100
AcDbLinetypeTableRecord
  2
PHANTOMX2
 70
0
  3
Phantom (2x)____________    ____    ____    ____________
 72
65
 73
6
 40
10.795
 49
6.35
 74
0
 49
-0.635
 74
0
 49
1.27
 74
0
 49
-0.635
 74
0
 49
1.27
 74
0
 49
-0.635
 74
0
  0
LTYPE
  5
37
330
2
100
AcDbSymbolTableRecord
100
AcDbLinetypeTableRecord
  2
PHANTOM2
 70
0
  3
Phantom (.5x) ___ _ _ ___ _ _ ___ _ _ ___ _ _ ___
 72
65
 73
6
 40
3.175
 49
1.587
 74
0
 49
-0.318
 74
0
 49
0.318
 74
0
 49
-0.318
 74
0
 49
0.318
 74
0
 49
-0.318
 74
0
  0
LTYPE
  5
38
330
2
100
AcDbSymbolTableRecord
100
AcDbLinetypeTableRecord
  2
DASHDOT
 70
0
  3
Dash dot __ . __ . __ . __ . __ . __ . __ . __
 72
65
 73
4
 40
3.556
 49
2.54
 74
0
 49
-0.508
 74
0
 49
0.0
 74
0
 49
-0.508
 74
0
  0
LTYPE
  5
39
330
2
100
AcDbSymbolTableRecord
100
AcDbLinetypeTableRecord
  2
DASHDOTX2
 70
0
  3
Dash dot (2x) ____  .  ____  .  ____  .  ____
 72
65
 73
4
 40
6.096
 49
5.08
 74
0
 49
-0.508
 74
0
 49
0.0
 74
0
 49
-0.508
 74
0
  0
LTYPE
  5
3A
330
2
100
AcDbSymbolTableRecord
100
AcDbLinetypeTableRecord
  2
DASHDOT2
 70
0
  3
Dash dot (.5x) _ . _ . _ . _ . _ . _ . _ . _
 72
65
 73
4
 40
1.778
 49
1.27
 74
0
 49
-0.254
 74
0
 49
0.0
 74
0
 49
-0.254
 74
0
  0
LTYPE
  5
3B
330
2
100
AcDbSymbolTableRecord
100
AcDbLinetypeTableRecord
  2
DOT
 70
0
  3
Dot .  .  .  .  .  .  .  .  .  .  .  .  .  .  .  .
 72
65
 73
2
 40
0.508
 49
0.0
 74
0
 49
-0.508
 74
0
  0
LTYPE
  5
3C
330
2
100
AcDbSymbolTableRecord
100
AcDbLinetypeTableRecord
  2
DOTX2
 70
0
  3
Dot (2x) .    .    .    .    .    .    .    . 
 72
65
 73
2
 40
1.016
 49
0.0
 74
0
 49
-1.016
 74
0
  0
LTYPE
  5
3D
330
2
100
AcDbSymbolTableRecord
100
AcDbLinetypeTableRecord
  2
DOT2
 70
0
  3
Dot (.5) . . . . . . . . . . . . . . . . . . . 
 72
65
 73
2
 40
0.254
 49
0.0
 74
0
 49
-0.254
 74
0
  0
LTYPE
  5
3E
330
2
100
AcDbSymbolTableRecord
100
AcDbLinetypeTableRecord
  2
DIVIDE
 70
0
  3
Divide __ . . __ . . __ . . __ . . __ . . __
 72
65
 73
6
 40
4.064
 49
2.54
 74
0
 49
-0.508
 74
0
 49
0.0
 74
0
 49
-0.508
 74
0
 49
0.0
 74
0
 49
-0.508
 74
0
  0
LTYPE
  5
3F
330
2
100
AcDbSymbolTableRecord
100
AcDbLinetypeTableRecord
  2
DIVIDEX2
 70
0
  3
Divide (2x) ____  . .  ____  . .  ____  . .  ____
 72
65
 73
6
 40
6.604
 49
5.08
 74
0
 49
-0.508
 74
0
 49
0.0
 74
0
 49
-0.508
 74
0
 49
0.0
 74
0
 49
-0.508
 74
0
  0
LTYPE
  5
40
330
2
100
AcDbSymbolTableRecord
100
AcDbLinetypeTableRecord
  2
DIVIDE2
 70
0
  3
Divide(.5x) _ . _ . _ . _ . _ . _ . _ . _
 72
65
 73
6
 40
2.032
 49
1.27
 74
0
 49
-0.254
 74
0
 49
0.0
 74
0
 49
-0.254
 74
0
 49
0.0
 74
0
 49
-0.254
 74
0
  0
ENDTAB
  0
TABLE
  2
LAYER
  5
1
330
0
100
AcDbSymbolTable
 70
4
  0
LAYER
  5
27
330
1
100
AcDbSymbolTableRecord
100
AcDbLayerTableRecord
  2
0
 70
0
 62
7
  6
Continuous
370
-3
390
13
347
21
  0
LAYER
  5
28
330
1
100
AcDbSymbolTableRecord
100
AcDbLayerTableRecord
  2
Defpoints
 70
0
 62
7
  6
Continuous
290
0
370
-3
390
13
347
21
  0
LAYER
  5
8A
330
1
100
AcDbSymbolTableRecord
100
AcDbLayerTableRecord
  2
PROFILE
 70
0
 62
1
  6
Continuous
370
-3
390
13
347
21
  0
LAYER
  5
8B
330
1
100
AcDbSymbolTableRecord
100
AcDbLayerTableRecord
  2
SLOTS
 70
0
 62
3
  6
Continuous
370
-3
390
13
347
21
  0
ENDTAB
  0
TABLE
  2
STYLE
  5
5
330
0
100
AcDbSymbolTable
 70
26
  0
STYLE
  5
29
330
5
100
AcDbSymbolTableRecord
100
AcDbTextStyleTableRecord
  2
Standard
 70
0
 40
0.0
 41
1.0
 50
0.0
 71
0
 42
2.5
  3
txt
  4

  0
STYLE
  5
41
330
5
100
AcDbSymbolTableRecord
100
AcDbTextStyleTableRecord
  2
OpenSans-Light
 70
0
 40
0.0
 41
1.0
 50
0.0
 71
0
 42
2.5
  3
OpenSans-Light.ttf
  4

  0
STYLE
  5
42
330
5
100
AcDbSymbolTableRecord
100
AcDbTextStyleTableRecord
  2
OpenSans-Light-Italic
 70
0
 40
0.0
 41
1.0
 50
0.0
 71
0
 42
2.5
  3
OpenSans-LightItalic.ttf
  4

  0
STYLE
  5
43
330
5
100
AcDbSymbolTableRecord
100
AcDbTextStyleTableRecord
  2
OpenSans
 70
0
 40
0.0
 41
1.0
 50
0.0
 71
0
 42
2.5
  3
OpenSans-Regular.ttf
  4

  0
STYLE
  5
44
330
5
100
AcDbSymbolTableRecord
100
AcDbTextStyleTableRecord
  2
OpenSans-Italic
 70
0
 40
0.0
 41
1.0
 50
0.0
 71
0
 42
2.5
  3
OpenSans-Italic.ttf
  4

  0
STYLE
  5
45
330
5
100
AcDbSymbolTableRecord
100
AcDbTextStyleTableRecord
  2
OpenSans-SemiBold
 70
0
 40
0.0
 41
1.0
 50
0.0
 71
0
 42
2.5
  3
OpenSans-SemiBold.ttf
  4

  0
STYLE
  5
46
330
5
100
AcDbSymbolTableRecord
100
AcDbTextStyleTableRecord
  2
OpenSans-SemiBoldItalic
 70
0
 40
0.0
 41
1.0
 50
0.0
 71
0
 42
2.5
  3
OpenSans-SemiBoldItalic.ttf
  4

  0
STYLE
  5
47
330
5
100
AcDbSymbolTableRecord
100
AcDbTextStyleTableRecord
  2
OpenSans-Bold
 70
0
 40
0.0
 41
1.0
 50
0.0
 71
0
 42
2.5
  3
OpenSans-Bold.ttf
  4

  0
STYLE
  5
48
330
5
100
AcDbSymbolTableRecord
100
AcDbTextStyleTableRecord
  2
OpenSans-BoldItalic
 70
0
 40
0.0
 41
1.0
 50
0.0
 71
0
 42
2.5
  3
OpenSans-BoldItalic.ttf
  4

  0
STYLE
  5
49
330
5
100
AcDbSymbolTableRecord
100
AcDbTextStyleTableRecord
  2
OpenSans-ExtraBold
 70
0
 40
0.0
 41
1.0
 50
0.0
 71
0
 42
2.5
  3
OpenSans-ExtraBold.ttf
  4

  0
STYLE
  5
4A
330
5
100
AcDbSymbolTableRecord
100
AcDbTextStyleTableRecord
  2
OpenSans-ExtraBoldItalic
 70
0
 40
0.0
 41
1.0
 50
0.0
 71
0
 42
2.5
  3
OpenSans-ExtraBoldItalic.ttf
  4

  0
STYLE
  5
4B
330
5
100
AcDbSymbolTableRecord
100
AcDbTextStyleTableRecord
  2
OpenSansCondensed-Bold
 70
0
 40
0.0
 41
1.0
 50
0.0
 71
0
 42
2.5
  3
OpenSansCondensed-Bold.ttf
  4

  0
STYLE
  5
4C
330
5
100
AcDbSymbolTableRecord
100
AcDbTextStyleTableRecord
  2
OpenSansCondensed-Light
 70
0
 40
0.0
 41
1.0
 50
0.0
 71
0
 42
2.5
  3
OpenSansCondensed-Light.ttf
  4

  0
STYLE
  5
4D
330
5
100
AcDbSymbolTableRecord
100
AcDbTextStyleTableRecord
  2
OpenSansCondensed-Italic
 70
0
 40
0.0
 41
1.0
 50
0.0
 71
0
 42
2.5
  3
OpenSansCondensed-LightItalic.ttf
  4

  0
STYLE
  5
4E
330
5
100
AcDbSymbolTableRecord
100
AcDbTextStyleTableRecord
  2
LiberationSans
 70
0
 40
0.0
 41
1.0
 50
0.0
 71
0
 42
2.5
  3
LiberationSans-Regular.ttf
  4

  0
STYLE
  5
4F
330
5
100
AcDbSymbolTableRecord
100
AcDbTextStyleTableRecord
  2
LiberationSans-Bold
 70
0
 40
0.0
 41
1.0
 50
0.0
 71
0
 42
2.5
  3
LiberationSans-Bold.ttf
  4

  0
STYLE
  5
50
330
5
100
AcDbSymbolTableRecord
100
AcDbTextStyleTableRecord
  2
LiberationSans-BoldItalic
 70
0
 40
0.0
 41
1.0
 50
0.0
 71
0
 42
2.5
  3
LiberationSans-BoldItalic.ttf
  4

  0
STYLE
  5
51
330
5
100
AcDbSymbolTableRecord
100
AcDbTextStyleTableRecord
  2
LiberationSans-Italic
 70
0
 40
0.0
 41
1.0
 50
0.0
 71
0
 42
2.5
  3
LiberationSans-Italic.ttf
  4

  0
STYLE
  5
52
330
5
100
AcDbSymbolTableRecord
100
AcDbTextStyleTableRecord
  2
LiberationSerif
 70
0
 40
0.0
 41
1.0
 50
0.0
 71
0
 42
2.5
  3
LiberationSerif-Regular.ttf
  4

  0
STYLE
  5
53
330
5
100
AcDbSymbolTableRecord
100
AcDbTextStyleTableRecord
  2
LiberationSerif-Bold
 70
0
 40
0.0
 41
1.0
 50
0.0
 71
0
 42
2.5
  3
LiberationSerif-Bold.ttf
  4

  0
STYLE
  5
54
330
5
100
AcDbSymbolTableRecord
100
AcDbTextStyleTableRecord
  2
LiberationSerif-BoldItalic
 70
0
 40
0.0
 41
1.0
 50
0.0
 71
0
 42
2.5
  3
LiberationSerif-BoldItalic.ttf
  4

  0
STYLE
  5
55
330
5
100
AcDbSymbolTableRecord
100
AcDbTextStyleTableRecord
  2
LiberationSerif-Italic
 70
0
 40
0.0
 41
1.0
 50
0.0
 71
0
 42
2.5
  3
LiberationSerif-Italic.ttf
  4

  0
STYLE
  5
56
330
5
100
AcDbSymbolTableRecord
100
AcDbTextStyleTableRecord
  2
LiberationMono
 70
0
 40
0.0
 41
1.0
 50
0.0
 71
0
 42
2.5
  3
LiberationMono-Regular.ttf
  4

  0
STYLE
  5
57
330
5
100
AcDbSymbolTableRecord
100
AcDbTextStyleTableRecord
  2
LiberationMono-Bold
 70
0
 40
0.0
 41
1.0
 50
0.0
 71
0
 42
2.5
  3
LiberationMono-Bold.ttf
  4

  0
STYLE
  5
58
330
5
100
AcDbSymbolTableRecord
100
AcDbTextStyleTableRecord
  2
LiberationMono-BoldItalic
 70
0
 40
0.0
 41
1.0
 50
0.0
 71
0
 42
2.5
  3
LiberationMono-BoldItalic.ttf
  4

  0
STYLE
  5
59
330
5
100
AcDbSymbolTableRecord
100
AcDbTextStyleTableRecord
  2
LiberationMono-Italic
 70
0
 40
0.0
 41
1.0
 50
0.0
 71
0
 42
2.5
  3
LiberationMono-Italic.ttf
  4

  0
ENDTAB
  0
TABLE
  2
VIEW
  5
7
330
0
100
AcDbSymbolTable
 70
0
  0
ENDTAB
  0
TABLE
  2
UCS
  5
6
330
0
100
AcDbSymbolTable
 70
0
  0
ENDTAB
  0
TABLE
  2
APPID
  5
3
330
0
100
AcDbSymbolTable
 70
3
  0
APPID
  5
2A
330
3
100
AcDbSymbolTableRecord
100
AcDbRegAppTableRecord
  2
ACAD
 70
0
  0
APPID
  5
5C1
330
3
100
AcDbSymbolTableRecord
100
AcDbRegAppTableRecord
  2
HATCHBACKGROUNDCOLOR
 70
0
  0
APPID
  5
5C2
330
3
100
AcDbSymbolTableRecord
100
AcDbRegAppTableRecord
  2
EZDXF
 70
0
  0
ENDTAB
  0
TABLE
  2
DIMSTYLE
  5
4
330
0
100
AcDbSymbolTable
 70
12
100
AcDbDimStyleTable
  0
DIMSTYLE
105
2B
330
4
100
AcDbSymbolTableRecord
100
AcDbDimStyleTableRecord
  2
Standard
 70
0
 40
1.0
 41
2.5
 42
0.625
 43
3.75
 44
1.25
 45
0.0
 46
0.0
 47
0.0
 48
0.0
 49
2.5
140
2.5
141
2.5
142
0.0
143
0.03937007874
144
1.0
145
0.0
146
1.0
147
0.625
148
0.0
 69
0
 70
0
 71
0
 72
0
 73
0
 74
0
 75
0
 76
0
 77
1
 78
8
 79
3
170
0
171
3
172
1
173
0
174
0
175
0
176
0
177
0
178
0
179
2
271
2
272
2
273
2
274
3
275
0
276
0
277
2
278
44
279
0
280
0
281
0
282
0
283
0
284
8
285
0
286
0
288
0
289
3
290
0
371
-2
372
-2
  0
DIMSTYLE
105
73
330
4
100
AcDbSymbolTableRecord
100
AcDbDimStyleTableRecord
  2
EZDXF
 70
0
 40
1.0
 41
0.175
 42
0.125
 43
3.75
 44
0.375
 45
0.0
 46
0.0
 47
0.0
 48
0.0
 49
2.5
140
0.25
141
2.5
142
0.0
143
0.03937007874
144
100.0
145
0.0
146
0.5
147
0.1
148
0.0
 69
0
 70
0
 71
0
 72
0
 73
0
 74
0
 75
0
 76
0
 77
1
 78
12
 79
3
170
0
171
3
172
1
173
0
174
0
175
0
176
0
177
0
178
0
179
2
271
2
272
2
273
2
274
3
275
0
276
0
277
2
278
46
279
2
280
0
281
0
282
0
283
0
284
8
285
0
286
0
288
1
289
3
290
0
340
4C
342
74
371
-2
372
-2
  0
DIMSTYLE
105
7C
330
4
100
AcDbSymbolTableRecord
100
AcDbDimStyleTableRecord
  2
EZ_M_100_H25_CM
 70
0
 40
1.0
 41
0.25
 42
0.125
 43
3.75
 44
0.375
 45
0.0
 46
0.0
 47
0.0
 48
0.0
 49
2.5
140
0.25
141
2.5
142
0.125
143
0.03937007874
144
100.0
145
0.0
146
0.5
147
0.1
148
0.0
 69
0
 70
0
 71
0
 72
0
 73
0
 74
0
 75
0
 76
0
 77
1
 78
12
 79
3
170
0
171
3
172
1
173
0
174
0
175
0
176
0
177
0
178
0
179
2
271
2
272
2
273
2
274
3
275
0
276
0
277
2
278
46
279
2
280
0
281
0
282
0
283
0
284
8
285
0
286
0
288
1
289
3
290
0
340
4C
371
-2
372
-2
  0
DIMSTYLE
105
7D
330
4
100
AcDbSymbolTableRecord
100
AcDbDimStyleTableRecord
  2
EZ_M_50_H25_CM
 70
0
 40
1.0
 41
0.125
 42
0.0625
 43
3.75
 44
0.1875
 45
0.0
 46
0.0
 47
0.0
 48
0.0
 49
2.5
140
0.125
141
2.5
142
0.0625
143
0.03937007874
144
100.0
145
0.0
146
0.5
147
0.05
148
0.0
 69
0
 70
0
 71
0
 72
0
 73
0
 74
0
 75
0
 76
0
 77
1
 78
12
 79
3
170
0
171
3
172
1
173
0
174
0
175
0
176
0
177
0
178
0
179
2
271
2
272
2
273
2
274
3
275
0
276
0
277
2
278
46
279
2
280
0
281
0
282
0
283
0
284
8
285
0
286
0
288
1
289
3
290
0
340
4C
371
-2
372
-2
  0
DIMSTYLE
105
7E
330
4
100
AcDbSymbolTableRecord
100
AcDbDimStyleTableRecord
  2
EZ_M_25_H25_CM
 70
0
 40
1.0
 41
0.0625
 42
0.03125
 43
3.75
 44
0.09375
 45
0.0
 46
0.0
 47
0.0
 48
0.0
 49
2.5
140
0.0625
141
2.5
142
0.03125
143
0.03937007874
144
100.0
145
0.0
146
0.5
147
0.025
148
0.0
 69
0
 70
0
 71
0
 72
0
 73
0
 74
0
 75
0
 76
0
 77
1
 78
12
 79
3
170
0
171
3
172
1
173
0
174
0
175
0
176
0
177
0
178
0
179
2
271
2
272
2
273
2
274
3
275
0
276
0
277
2
278
46
279
2
280
0
281
0
282
0
283
0
284
8
285
0
286
0
288
1
289
3
290
0
340
4C
371
-2
372
-2
  0
DIMSTYLE
105
7F
330
4
100
AcDbSymbolTableRecord
100
AcDbDimStyleTableRecord
  2
EZ_M_20_H25_CM
 70
0
 40
1.0
 41
0.05
 42
0.025
 43
3.75
 44
0.07500000000000001
 45
0.0
 46
0.0
 47
0.0
 48
0.0
 49
2.5
140
0.05
141
2.5
142
0.025
143
0.03937007874
144
100.0
145
0.0
146
0.5
147
0.020000000000000004
148
0.0
 69
0
 70
0
 71
0
 72
0
 73
0
 74
0
 75
0
 76
0
 77
1
 78
12
 79
3
170
0
171
3
172
1
173
0
174
0
175
0
176
0
177
0
178
0
179
2
271
2
272
2
273
2
274
3
275
0
276
0
277
2
278
46
279
2
280
0
281
0
282
0
283
0
284
8
285
0
286
0
288
1
289
3
290
0
340
4C
371
-2
372
-2
  0
DIMSTYLE
105
80
330
4
100
AcDbSymbolTableRecord
100
AcDbDimStyleTableRecord
  2
EZ_M_10_H25_CM
 70
0
 40
1.0
 41
0.025
 42
0.0125
 43
3.75
 44
0.037500000000000006
 45
0.0
 46
0.0
 47
0.0
 48
0.0
 49
2.5
140
0.025
141
2.5
142
0.0125
143
0.03937007874
144
100.0
145
0.0
146
0.5
147
0.010000000000000002
148
0.0
 69
0
 70
0
 71
0
 72
0
 73
0
 74
0
 75
0
 76
0
 77
1
 78
12
 79
3
170
0
171
3
172
1
173
0
174
0
175
0
176
0
177
0
178
0
179
2
271
2
272
2
273
2
274
3
275
0
276
0
277
2
278
46
279
2
280
0
281
0
282
0
283
0
284
8
285
0
286
0
288
1
289
3
290
0
340
4C
371
-2
372
-2
  0
DIMSTYLE
105
81
330
4
100
AcDbSymbolTableRecord
100
AcDbDimStyleTableRecord
  2
EZ_M_5_H25_CM
 70
0
 40
1.0
 41
0.0125
 42
0.00625
 43
3.75
 44
0.018750000000000003
 45
0.0
 46
0.0
 47
0.0
 48
0.0
 49
2.5
140
0.0125
141
2.5
142
0.00625
143
0.03937007874
144
100.0
145
0.0
146
0.5
147
0.005000000000000001
148
0.0
 69
0
 70
0
 71
0
 72
0
 73
0
 74
0
 75
0
 76
0
 77
1
 78
12
 79
3
170
0
171
3
172
1
173
0
174
0
175
0
176
0
177
0
178
0
179
2
271
2
272
2
273
2
274
3
275
0
276
0
277
2
278
46
279
2
280
0
281
0
282
0
283
0
284
8
285
0
286
0
288
1
289
3
290
0
340
4C
371
-2
372
-2
  0
DIMSTYLE
105
82
330
4
100
AcDbSymbolTableRecord
100
AcDbDimStyleTableRecord
  2
EZ_M_1_H25_CM
 70
0
 40
1.0
 41
0.0025
 42
0.00125
 43
3.75
 44
0.00375
 45
0.0
 46
0.0
 47
0.0
 48
0.0
 49
2.5
140
0.0025
141
2.5
142
0.00125
143
0.03937007874
144
100.0
145
0.0
146
0.5
147
0.001
148
0.0
 69
0
 70
0
 71
0
 72
0
 73
0
 74
0
 75
0
 76
0
 77
1
 78
12
 79
3
170
0
171
3
172
1
173
0
174
0
175
0
176
0
177
0
178
0
179
2
271
2
272
2
273
2
274
3
275
0
276
0
277
2
278
46
279
2
280
0
281
0
282
0
283
0
284
8
285
0
286
0
288
1
289
3
290
0
340
4C
371
-2
372
-2
  0
DIMSTYLE
105
83
330
4
100
AcDbSymbolTableRecord
100
AcDbDimStyleTableRecord
  2
EZ_RADIUS
 70
0
 40
1.0
 41
0.25
 42
0.125
 43
3.75
 44
0.375
 45
0.0
 46
0.0
 47
0.0
 48
0.0
 49
2.5
140
0.25
141
0.0
142
0.0
143
0.03937007874
144
100.0
145
0.0
146
0.5
147
0.1
148
0.0
 69
0
 70
0
 71
0
 72
0
 73
0
 74
0
 75
0
 76
0
 77
1
 78
12
 79
3
170
0
171
3
172
0
173
0
174
0
175
0
176
0
177
0
178
0
179
2
271
2
272
2
273
2
274
3
275
0
276
0
277
2
278
46
279
1
280
0
281
0
282
0
283
0
284
8
285
0
286
0
288
1
289
3
290
0
340
4C
342
84
371
-2
372
-2
  0
DIMSTYLE
105
88
330
4
100
AcDbSymbolTableRecord
100
AcDbDimStyleTableRecord
  2
EZ_RADIUS_INSIDE
 70
0
 40
1.0
 41
0.25
 42
0.125
 43
3.75
 44
0.375
 45
0.0
 46
0.0
 47
0.0
 48
0.0
 49
2.5
140
0.25
141
0.0
142
0.0
143
0.03937007874
144
100.0
145
0.0
146
0.5
147
0.1
148
0.0
 69
0
 70
0
 71
0
 72
0
 73
0
 74
0
 75
0
 76
0
 77
0
 78
12
 79
3
170
0
171
3
172
0
173
0
174
1
175
0
176
0
177
0
178
0
179
2
271
2
272
2
273
2
274
3
275
0
276
0
277
2
278
46
279
0
280
0
281
0
282
0
283
0
284
8
285
0
286
0
288
1
289
0
290
0
340
4C
342
84
371
-2
372
-2
  0
DIMSTYLE
105
89
330
4
100
AcDbSymbolTableRecord
100
AcDbDimStyleTableRecord
  2
EZ_CURVED
 70
0
 40
1.0
 41
0.25
 42
0.125
 43
3.75
 44
0.375
 45
0.0
 46
0.0
 47
0.0
 48
0.0
 49
2.5
140
0.25
141
2.5
142
0.0
143
0.03937007874
144
100.0
145
0.0
146
0.5
147
0.1
148
0.0
 69
0
 70
0
 71
0
 72
0
 73
0
 74
0
 75
0
 76
0
 77
1
 78
12
 79
2
 90
2
170
0
171
3
172
1
173
0
174
0
175
0
176
0
177
0
178
0
179
2
271
2
272
2
273
2
274
3
275
0
276
0
277
2
278
46
279
2
280
0
281
0
282
0
283
0
284
8
285
0
286
0
288
1
289
3
290
0
340
4C
371
-2
372
-2
  0
ENDTAB
  0
TABLE
  2
BLOCK_RECORD
  5
9
330
0
100
AcDbSymbolTable
 70
5
  0
BLOCK_RECORD
  5
17
330
9
100
AcDbSymbolTableRecord
100
AcDbBlockTableRecord
  2
*Model_Space
340
1A
 70
0
280
1
281
0
  0
BLOCK_RECORD
  5
1B
330
9
100
AcDbSymbolTableRecord
100
AcDbBlockTableRecord
  2
*Paper_Space
340
1E
 70
0
280
1
281
0
  0
BLOCK_RECORD
  5
74
330
9
100
AcDbSymbolTableRecord
100
AcDbBlockTableRecord
  2
_ARCHTICK
340
0
 70
0
280
1
281
0
  0
BLOCK_RECORD
  5
78
330
9
100
AcDbSymbolTableRecord
100
AcDbBlockTableRecord
  2
_CLOSEDFILLED
340
0
 70
0
280
1
281
0
  0
BLOCK_RECORD
  5
84
330
9
100
AcDbSymbolTableRecord
100
AcDbBlockTableRecord
  2
_CLOSEDBLANK
340
0
 70
0
280
1
281
0
  0
ENDTAB
  0
ENDSEC
  0
SECTION
  2
BLOCKS
  0
BLOCK
  5
18
330
17
100
AcDbEntity
  8
0
100
AcDbBlockBegin
  2
*Model_Space
 70
0
 10
0.0
 20
0.0
 30
0.0
  3
*Model_Space
  1

  0
ENDBLK
  5
19
330
17
100
AcDbEntity
  8
0
100
AcDbBlockEnd
  0
BLOCK
  5
1C
330
1B
100
AcDbEntity
  8
0
100
AcDbBlockBegin
  2
*Paper_Space
 70
0
 10
0.0
 20
0.0
 30
0.0
  3
*Paper_Space
  1

  0
ENDBLK
  5
1D
330
1B
100
AcDbEntity
  8
0
100
AcDbBlockEnd
  0
BLOCK
  5
75
330
74
100
AcDbEntity
  8
0
100
AcDbBlockBegin
  2
_ARCHTICK
 70
0
 10
0.0
 20
0.0
 30
0.0
  3
_ARCHTICK
  1

  0
LWPOLYLINE
  5
77
330
74
100
AcDbEntity
  8
0
  6
BYBLOCK
 62
0
100
AcDbPolyline
 90
2
 70
0
 43
0.15
 10
-0.5
 20
-0.5
 10
0.5
 20
0.5
  0
ENDBLK
  5
76
330
74
100
AcDbEntity
  8
0
100
AcDbBlockEnd
  0
BLOCK
  5
79
330
78
100
AcDbEntity
  8
0
100
AcDbBlockBegin
  2
_CLOSEDFILLED
 70
0
 10
0.0
 20
0.0
 30
0.0
  3
_CLOSEDFILLED
  1

  0
SOLID
  5
7B
330
78
100
AcDbEntity
  8
0
  6
BYBLOCK
 62
0
100
AcDbTrace
 10
-1.0
 20
0.16439898372402537
 30
0.0
 11
0.0
 21
0.0
 31
0.0
 12
-1.0
 22
-0.16439898372402537
 32
0.0
 13
-1.0
 23
-0.16439898372402537
 33
0.0
  0
ENDBLK
  5
7A
330
78
100
AcDbEntity
  8
0
100
AcDbBlockEnd
  0
BLOCK
  5
85
330
84
100
AcDbEntity
  8
0
100
AcDbBlockBegin
  2
_CLOSEDBLANK
 70
0
 10
0.0
 20
0.0
 30
0.0
  3
_CLOSEDBLANK
  1

  0
LWPOLYLINE
  5
87
330
84
100
AcDbEntity
  8
0
  6
BYBLOCK
 62
0
100
AcDbPolyline
 90
3
 70
1
 10
-1.0
 20
0.16439898372402537
 10
0.0
 20
0.0
 10
-1.0
 20
-0.16439898372402537
  0
ENDBLK
  5
86
330
84
100
AcDbEntity
  8
0
100
AcDbBlockEnd
  0
ENDSEC
  0
SECTION
  2
ENTITIES
  0
LWPOLYLINE
  5
8C
330
17
100
AcDbEntity
  8
PROFILE
100
AcDbPolyline
 90
4
 70
1
 10
0.0
 20
0.0
 10
36.0
 20
0.0
 10
36.0
 20
31.0
 10
0.0
 20
31.0
  0
LINE
  5
8D
330
17
100
AcDbEntity
  8
SLOTS
100
AcDbLine
 10
10.378560258439943
 20
1.7649455519217756
 30
0.0
 11
9.681861058300072
 21
1.0863789613646373
 31
0.0
  0
LINE
  5
8E
330
17
100
AcDbEntity
  8
SLOTS
100
AcDbLine
 10
9.50743028982286
 20
1.2654708567939095
 30
0.0
 11
10.204129489962732
 21
1.9440374473510478
 31
0.0
  0
ARC
  5
8F
330
17
100
AcDbEntity
  8
SLOTS
100
AcDbCircle
 10
9.594645674061466
 20
1.1759249090792734
 30
0.0
 40
0.125
100
AcDbArc
 50
-225.75538983970728
 51
-45.75538983970728
  0
ARC
  5
90
330
17
100
AcDbEntity
  8
SLOTS
100
AcDbCircle
 10
10.291344874201338
 20
1.8544914996364117
 30
0.0
 40
0.125
100
AcDbArc
 50
-45.75538983970728
 51
134.24461016029272
  0
LINE
  5
91
330
17
100
AcDbEntity
  8
SLOTS
100
AcDbLine
 10
11.571463963380602
 20
1.8798536549533804
 30
0.0
 11
10.704500372829798
 21
1.035454052285364
 31
0.0
  0
LINE
  5
92
330
17
100
AcDbEntity
  8
SLOTS
100
AcDbLine
 10
10.530069604352587
 20
1.214545947714636
 30
0.0
 11
11.39703319490339
 21
2.0589455503826524
 31
0.0
  0
ARC
  5
93
330
17
100
AcDbEntity
  8
SLOTS
100
AcDbCircle
 10
10.617284988591193
 20
1.125
 30
0.0
 40
0.125
100
AcDbArc
 50
-225.7553898397073
 51
-45.755389839707306
  0
ARC
  5
94
330
17
100
AcDbEntity
  8
SLOTS
100
AcDbCircle
 10
11.484248579141996
 20
1.9693996026680165
 30
0.0
 40
0.125
100
AcDbArc
 50
-45.755389839707306
 51
134.2446101602927
  0
LINE
  5
95
330
17
100
AcDbEntity
  8
SLOTS
100
AcDbLine
 10
12.188468670989373
 20
1.4338513693318662
 30
0.0
 11
11.779425408343219
 21
1.035454052285364
 31
0.0
  0
LINE
  5
96
330
17
100
AcDbEntity
  8
SLOTS
100
AcDbLine
 10
11.604994639866007
 20
1.214545947714636
 30
0.0
 11
12.014037902512161
 21
1.6129432647611384
 31
0.0
  0
ARC
  5
97
330
17
100
AcDbEntity
  8
SLOTS
100
AcDbCircle
 10
11.692210024104613
 20
1.125
 30
0.0
 40
0.125
100
AcDbArc
 50
-225.75538983970728
 51
-45.75538983970728
  0
ARC
  5
98
330
17
100
AcDbEntity
  8
SLOTS
100
AcDbCircle
 10
12.101253286750767
 20
1.5233973170465023
 30
0.0
 40
0.125
100
AcDbArc
 50
-45.75538983970728
 51
134.24461016029272
  0
LINE
  5
99
330
17
100
AcDbEntity
  8
SLOTS
100
AcDbLine
 10
1.8331940434070875
 20
4.060765180502632
 30
0.0
 11
1.681229565487809
 21
1.1185523789640381
 31
0.0
  0
LINE
  5
9A
330
17
100
AcDbEntity
  8
SLOTS
100
AcDbLine
 10
1.4315623615304083
 20
1.1314476210359619
 30
0.0
 11
1.5835268394496862
 21
4.073660422574556
 31
0.0
  0
ARC
  5
9B
330
17
100
AcDbEntity
  8
SLOTS
100
AcDbCircle
 10
1.5563959635091087
 20
1.125
 30
0.0
 40
0.125
100
AcDbArc
 50
-182.95668386613744
 51
-2.956683866137425
  0
ARC
  5
9C
330
17
100
AcDbEntity
  8
SLOTS
100
AcDbCircle
 10
1.7083604414283868
 20
4.067212801538594
 30
0.0
 40
0.125
100
AcDbArc
 50
-2.956683866137425
 51
177.04331613386256
  0
LINE
  5
9D
330
17
100
AcDbEntity
  8
SLOTS
100
AcDbLine
 10
2.5895193127245126
 20
4.163874161737249
 30
0.0
 11
2.432229284425631
 21
1.1185523789640381
 31
0.0
  0
LINE
  5
9E
330
17
100
AcDbEntity
  8
SLOTS
100
AcDbLine
 10
2.18256208046823
 20
1.1314476210359619
 30
0.0
 11
2.339852108767112
 21
4.176769403809173
 31
0.0
  0
ARC
  5
9F
330
17
100
AcDbEntity
  8
SLOTS
100
AcDbCircle
 10
2.3073956824469306
 20
1.125
 30
0.0
 40
0.125
100
AcDbArc
 50
-182.95668386613744
 51
-2.956683866137439
  0
ARC
  5
A0
330
17
100
AcDbEntity
  8
SLOTS
100
AcDbCircle
 10
2.464685710745812
 20
4.170321782773211
 30
0.0
 40
0.125
100
AcDbArc
 50
-2.956683866137439
 51
177.04331613386256
  0
LINE
  5
A1
330
17
100
AcDbEntity
  8
SLOTS
100
AcDbLine
 10
3.332157750336893
 20
4.001989823437842
 30
0.0
 11
3.1832290033634525
 21
1.1185523789640381
 31
0.0
  0
LINE
  5
A2
330
17
100
AcDbEntity
  8
SLOTS
100
AcDbLine
 10
2.9335617994060517
 20
1.1314476210359619
 30
0.0
 11
3.0824905463794923
 21
4.014885065509766
 31
0.0
  0
ARC
  5
A3
330
17
100
AcDbEntity
  8
SLOTS
100
AcDbCircle
 10
3.058395401384752
 20
1.125
 30
0.0
 40
0.125
100
AcDbArc
 50
-182.95668386613744
 51
-2.956683866137425
  0
ARC
  5
A4
330
17
100
AcDbEntity
  8
SLOTS
100
AcDbCircle
 10
3.2073241483581927
 20
4.008437444473804
 30
0.0
 40
0.125
100
AcDbArc
 50
-2.956683866137425
 51
177.04331613386256
  0
LINE
  5
A5
330
17
100
AcDbEntity
  8
SLOTS
100
AcDbLine
 10
4.074796187949274
 20
3.8401054851384364
 30
0.0
 11
3.934228722301274
 21
1.1185523789640381
 31
0.0
  0
LINE
  5
A6
330
17
100
AcDbEntity
  8
SLOTS
100
AcDbLine
 10
3.684561518343873
 20
1.1314476210359619
 30
0.0
 11
3.825128983991873
 21
3.85300072721036
 31
0.0
  0
ARC
  5
A7
330
17
100
AcDbEntity
  8
SLOTS
100
AcDbCircle
 10
3.8093951203225735
 20
1.125
 30
0.0
 40
0.125
100
AcDbArc
 50
-182.95668386613744
 51
-2.956683866137425
  0
ARC
  5
A8
330
17
100
AcDbEntity
  8
SLOTS
100
AcDbCircle
 10
3.9499625859705736
 20
3.8465531061743983
 30
0.0
 40
0.125
100
AcDbArc
 50
-2.956683866137425
 51
177.04331613386256
  0
LINE
  5
A9
330
17
100
AcDbEntity
  8
SLOTS
100
AcDbLine
 10
4.817434625561655
 20
3.67822114683903
 30
0.0
 11
4.685228441239096
 21
1.1185523789640384
 31
0.0
  0
LINE
  5
AA
330
17
100
AcDbEntity
  8
SLOTS
100
AcDbLine
 10
4.4355612372816955
 20
1.1314476210359616
 30
0.0
 11
4.5677674216042545
 21
3.6911163889109537
 31
0.0
  0
ARC
  5
AB
330
17
100
AcDbEntity
  8
SLOTS
100
AcDbCircle
 10
4.560394839260396
 20
1.125
 30
0.0
 40
0.125
100
AcDbArc
 50
-182.95668386613744
 51
-2.956683866137425
  0
ARC
  5
AC
330
17
100
AcDbEntity
  8
SLOTS
100
AcDbCircle
 10
4.692601023582955
 20
3.684668767874992
 30
0.0
 40
0.125
100
AcDbArc
 50
-2.956683866137425
 51
177.04331613386256
  0
LINE
  5
AD
330
17
100
AcDbEntity
  8
SLOTS
100
AcDbLine
 10
5.560073063174037
 20
3.5163368085396236
 30
0.0
 11
5.436228160176918
 21
1.1185523789640381
 31
0.0
  0
LINE
  5
AE
330
17
100
AcDbEntity
  8
SLOTS
100
AcDbLine
 10
5.186560956219517
 20
1.1314476210359619
 30
0.0
 11
5.310405859216636
 21
3.5292320506115473
 31
0.0
  0
ARC
  5
AF
330
17
100
AcDbEntity
  8
SLOTS
100
AcDbCircle
 10
5.311394558198217
 20
1.125
 30
0.0
 40
0.125
100
AcDbArc
 50
-182.95668386613744
 51
-2.956683866137439
  0
ARC
  5
B0
330
17
100
AcDbEntity
  8
SLOTS
100
AcDbCircle
 10
5.435239461195336
 20
3.5227844295755855
 30
0.0
 40
0.125
100
AcDbArc
 50
-2.956683866137439
 51
177.04331613386256
  0
LINE
  5
B1
330
17
100
AcDbEntity
  8
SLOTS
100
AcDbLine
 10
6.302711500786417
 20
3.354452470240217
 30
0.0
 11
6.187227879114739
 21
1.1185523789640384
 31
0.0
  0
LINE
  5
B2
330
17
100
AcDbEntity
  8
SLOTS
100
AcDbLine
 10
5.937560675157338
 20
1.1314476210359616
 30
0.0
 11
6.053044296829016
 21
3.367347712312141
 31
0.0
  0
ARC
  5
B3
330
17
100
AcDbEntity
  8
SLOTS
100
AcDbCircle
 10
6.062394277136039
 20
1.125
 30
0.0
 40
0.125
100
AcDbArc
 50
-182.95668386613744
 51
-2.956683866137425
  0
ARC
  5
B4
330
17
100
AcDbEntity
  8
SLOTS
100
AcDbCircle
 10
6.177877898807717
 20
3.360900091276179
 30
0.0
 40
0.125
100
AcDbArc
 50
-2.956683866137425
 51
177.04331613386256
  0
LINE
  5
B5
330
17
100
AcDbEntity
  8
SLOTS
100
AcDbLine
 10
7.0453499383987985
 20
3.192568131940811
 30
0.0
 11
6.938227598052561
 21
1.1185523789640381
 31
0.0
  0
LINE
  5
B6
330
17
100
AcDbEntity
  8
SLOTS
100
AcDbLine
 10
6.68856039409516
 20
1.1314476210359619
 30
0.0
 11
6.795682734441398
 21
3.2054633740127345
 31
0.0
  0
ARC
  5
B7
330
17
100
AcDbEntity
  8
SLOTS
100
AcDbCircle
 10
6.81339399607386
 20
1.125
 30
0.0
 40
0.125
100
AcDbArc
 50
-182.95668386613744
 51
-2.956683866137439
  0
ARC
  5
B8
330
17
100
AcDbEntity
  8
SLOTS
100
AcDbCircle
 10
6.920516336420098
 20
3.1990157529767727
 30
0.0
 40
0.125
100
AcDbArc
 50
-2.956683866137439
 51
177.04331613386256
  0
LINE
  5
B9
330
17
100
AcDbEntity
  8
SLOTS
100
AcDbLine
 10
7.787988376011179
 20
3.030683793641405
 30
0.0
 11
7.689227316990382
 21
1.1185523789640381
 31
0.0
  0
LINE
  5
BA
330
17
100
AcDbEntity
  8
SLOTS
100
AcDbLine
 10
7.439560113032981
 20
1.1314476210359619
 30
0.0
 11
7.538321172053778
 21
3.0435790357133286
 31
0.0
  0
ARC
  5
BB
330
17
100
AcDbEntity
  8
SLOTS
100
AcDbCircle
 10
7.564393715011682
 20
1.125
 30
0.0
 40
0.125
100
AcDbArc
 50
-182.95668386613744
 51
-2.956683866137425
  0
ARC
  5
BC
330
17
100
AcDbEntity
  8
SLOTS
100
AcDbCircle
 10
7.663154774032479
 20
3.0371314146773667
 30
0.0
 40
0.125
100
AcDbArc
 50
-2.956683866137425
 51
177.04331613386256
  0
LINE
  5
BD
330
17
100
AcDbEntity
  8
SLOTS
100
AcDbLine
 10
8.529085822076343
 20
2.838964028541181
 30
0.0
 11
8.440227035928203
 21
1.1185523789640381
 31
0.0
  0
LINE
  5
BE
330
17
100
AcDbEntity
  8
SLOTS
100
AcDbLine
 10
8.190559831970802
 20
1.1314476210359619
 30
0.0
 11
8.279418618118942
 21
2.8518592706131045
 31
0.0
  0
ARC
  5
BF
330
17
100
AcDbEntity
  8
SLOTS
100
AcDbCircle
 10
8.315393433949502
 20
1.125
 30
0.0
 40
0.125
100
AcDbArc
 50
-182.9566838661375
 51
-2.9566838661374817
  0
ARC
  5
C0
330
17
100
AcDbEntity
  8
SLOTS
100
AcDbCircle
 10
8.404252220097643
 20
2.8454116495771427
 30
0.0
 40
0.125
100
AcDbArc
 50
-2.9566838661374817
 51
177.0433161338625
  0
LINE
  5
C1
330
17
100
AcDbEntity
  8
SLOTS
100
AcDbLine
 10
9.244365654487131
 20
2.147384595976918
 30
0.0
 11
9.227139161005915
 21
1.8138592199151593
 31
0.0
  0
LINE
  5
C2
330
17
100
AcDbEntity
  8
SLOTS
100
AcDbLine
 10
8.977471957048515
 20
1.8267544619870826
 30
0.0
 11
8.99469845052973
 21
2.160279838048841
 31
0.0
  0
ARC
  5
C3
330
17
100
AcDbEntity
  8
SLOTS
100
AcDbCircle
 10
9.102305559027215
 20
1.820306840951121
 30
0.0
 40
0.125
100
AcDbArc
 50
-182.95668386613733
 51
-2.9566838661373396
  0
ARC
  5
C4
330
17
100
AcDbEntity
  8
SLOTS
100
AcDbCircle
 10
9.119532052508431
 20
2.1538322170128796
 30
0.0
 40
0.125
100
AcDbArc
 50
-2.9566838661373396
 51
177.04331613386267
  0
LINE
  5
C5
330
17
100
AcDbEntity
  8
SLOTS
100
AcDbLine
 10
1.2449942080301848
 20
15.434789574366343
 30
0.0
 11
1.2946121253032021
 21
15.264775644127955
 31
0.0
  0
LINE
  5
C6
330
17
100
AcDbEntity
  8
SLOTS
100
AcDbLine
 10
1.0546237092428326
 20
15.194735939982127
 30
0.0
 11
1.0050057919698152
 21
15.364749870220516
 31
0.0
  0
ARC
  5
C7
330
17
100
AcDbEntity
  8
SLOTS
100
AcDbCircle
 10
1.1746179172730173
 20
15.229755792055041
 30
0.0
 40
0.125
100
AcDbArc
 50
-163.73031639634925
 51
16.269683603650748
  0
ARC
  5
C8
330
17
100
AcDbEntity
  8
SLOTS
100
AcDbCircle
 10
1.125
 20
15.39976972229343
 30
0.0
 40
0.125
100
AcDbArc
 50
16.269683603650748
 51
196.26968360365075
  0
LINE
  5
C9
330
17
100
AcDbEntity
  8
SLOTS
100
AcDbLine
 10
1.2449942080301848
 20
18.111842572900066
 30
0.0
 11
1.660500145876597
 21
16.688127080329977
 31
0.0
  0
LINE
  5
CA
330
17
100
AcDbEntity
  8
SLOTS
100
AcDbLine
 10
1.4205117298162273
 20
16.61808737618415
 30
0.0
 11
1.0050057919698152
 21
18.04180286875424
 31
0.0
  0
ARC
  5
CB
330
17
100
AcDbEntity
  8
SLOTS
100
AcDbCircle
 10
1.540505937846412
 20
16.653107228257063
 30
0.0
 40
0.125
100
AcDbArc
 50
-163.7303163963492
 51
16.269683603650805
  0
ARC
  5
CC
330
17
100
AcDbEntity
  8
SLOTS
100
AcDbCircle
 10
1.125
 20
18.076822720827153
 30
0.0
 40
0.125
100
AcDbArc
 50
16.269683603650805
 51
196.2696836036508
  0
LINE
  5
CD
330
17
100
AcDbEntity
  8
SLOTS
100
AcDbLine
 10
1.1692208796274028
 20
24.589263642756237
 30
0.0
 11
1.305578605893323
 21
24.53768966910274
 31
0.0
  0
LINE
  5
CE
330
17
100
AcDbEntity
  8
SLOTS
100
AcDbLine
 10
1.2171368466385173
 20
24.303856277090574
 30
0.0
 11
1.0807791203725972
 21
24.35543025074407
 31
0.0
  0
ARC
  5
CF
330
17
100
AcDbEntity
  8
SLOTS
100
AcDbCircle
 10
1.2613577262659201
 20
24.420772973096657
 30
0.0
 40
0.125
100
AcDbArc
 50
-110.71789784026299
 51
69.28210215973701
  0
ARC
  5
D0
330
17
100
AcDbEntity
  8
SLOTS
100
AcDbCircle
 10
1.125
 20
24.472346946750154
 30
0.0
 40
0.125
100
AcDbArc
 50
69.28210215973701
 51
249.282102159737
  0
LINE
  5
D1
330
17
100
AcDbEntity
  8
SLOTS
100
AcDbLine
 10
1.1692208796274006
 20
25.39111661331163
 30
0.0
 11
1.73955377062966
 21
25.175402151800967
 31
0.0
  0
LINE
  5
D2
330
17
100
AcDbEntity
  8
SLOTS
100
AcDbLine
 10
1.6511120113748587
 20
24.9415687597888
 30
0.0
 11
1.0807791203725994
 21
25.157283221299465
 31
0.0
  0
ARC
  5
D3
330
17
100
AcDbEntity
  8
SLOTS
100
AcDbCircle
 10
1.6953328910022594
 20
25.058485455794884
 30
0.0
 40
0.125
100
AcDbArc
 50
-110.71789784026194
 51
69.28210215973806
  0
ARC
  5
D4
330
17
100
AcDbEntity
  8
SLOTS
100
AcDbCircle
 10
1.125
 20
25.27419991730555
 30
0.0
 40
0.125
100
AcDbArc
 50
69.28210215973806
 51
249.28210215973806
  0
LINE
  5
D5
330
17
100
AcDbEntity
  8
SLOTS
100
AcDbLine
 10
1.1692208796274008
 20
26.192969583867026
 30
0.0
 11
2.1735289353659972
 21
25.81311463449919
 31
0.0
  0
LINE
  5
D6
330
17
100
AcDbEntity
  8
SLOTS
100
AcDbLine
 10
2.0850871761111955
 20
25.579281242487024
 30
0.0
 11
1.0807791203725992
 21
25.95913619185486
 31
0.0
  0
ARC
  5
D7
330
17
100
AcDbEntity
  8
SLOTS
100
AcDbCircle
 10
2.1293080557385964
 20
25.696197938493107
 30
0.0
 40
0.125
100
AcDbArc
 50
-110.71789784026203
 51
69.28210215973797
  0
ARC
  5
D8
330
17
100
AcDbEntity
  8
SLOTS
100
AcDbCircle
 10
1.125
 20
26.076052887860943
 30
0.0
 40
0.125
100
AcDbArc
 50
69.28210215973797
 51
249.28210215973797
  0
LINE
  5
D9
330
17
100
AcDbEntity
  8
SLOTS
100
AcDbLine
 10
1.1692208796274008
 20
26.99482255442242
 30
0.0
 11
2.6075041001023345
 21
26.450827117197413
 31
0.0
  0
LINE
  5
DA
330
17
100
AcDbEntity
  8
SLOTS
100
AcDbLine
 10
2.5190623408475328
 20
26.216993725185247
 30
0.0
 11
1.0807791203725992
 21
26.760989162410254
 31
0.0
  0
ARC
  5
DB
330
17
100
AcDbEntity
  8
SLOTS
100
AcDbCircle
 10
2.5632832204749336
 20
26.33391042119133
 30
0.0
 40
0.125
100
AcDbArc
 50
-110.71789784026204
 51
69.28210215973796
  0
ARC
  5
DC
330
17
100
AcDbEntity
  8
SLOTS
100
AcDbCircle
 10
1.125
 20
26.877905858416337
 30
0.0
 40
0.125
100
AcDbArc
 50
69.28210215973796
 51
249.28210215973795
  0
LINE
  5
DD
330
17
100
AcDbEntity
  8
SLOTS
100
AcDbLine
 10
1.1692208796274008
 20
27.79667552497781
 30
0.0
 11
3.0414792648386717
 21
27.088539599895636
 31
0.0
  0
LINE
  5
DE
330
17
100
AcDbEntity
  8
SLOTS
100
AcDbLine
 10
2.95303750558387
 20
26.85470620788347
 30
0.0
 11
1.0807791203725992
 21
27.562842132965645
 31
0.0
  0
ARC
  5
DF
330
17
100
AcDbEntity
  8
SLOTS
100
AcDbCircle
 10
2.997258385211271
 20
26.971622903889553
 30
0.0
 40
0.125
100
AcDbArc
 50
-110.71789784026197
 51
69.28210215973803
  0
ARC
  5
E0
330
17
100
AcDbEntity
  8
SLOTS
100
AcDbCircle
 10
1.125
 20
27.67975882897173
 30
0.0
 40
0.125
100
AcDbArc
 50
69.28210215973803
 51
249.28210215973803
  0
LINE
  5
E1
330
17
100
AcDbEntity
  8
SLOTS
100
AcDbLine
 10
31.591793651182215
 20
28.561316451556255
 30
0.0
 11
34.93361266259557
 21
26.78720689096776
 31
0.0
  0
LINE
  5
E2
330
17
100
AcDbEntity
  8
SLOTS
100
AcDbLine
 10
34.81638733740443
 20
26.5663942483636
 30
0.0
 11
31.47456832599108
 21
28.340503808952096
 31
0.0
  0
ARC
  5
E3
330
17
100
AcDbEntity
  8
SLOTS
100
AcDbCircle
 10
34.875
 20
26.67680056966568
 30
0.0
 40
0.125
100
AcDbArc
 50
-117.9630012004499
 51
62.036998799550105
  0
ARC
  5
E4
330
17
100
AcDbEntity
  8
SLOTS
100
AcDbCircle
 10
31.533180988586647
 20
28.450910130254176
 30
0.0
 40
0.125
100
AcDbArc
 50
62.036998799550105
 51
242.0369987995501
  0
LINE
  5
E5
330
17
100
AcDbEntity
  8
SLOTS
100
AcDbLine
 10
31.85497397072733
 20
29.27073507727432
 30
0.0
 11
34.93361266259557
 21
27.636343053592842
 31
0.0
  0
LINE
  5
E6
330
17
100
AcDbEntity
  8
SLOTS
100
AcDbLine
 10
34.81638733740443
 20
27.415530410988683
 30
0.0
 11
31.737748645536193
 21
29.04992243467016
 31
0.0
  0
ARC
  5
E7
330
17
100
AcDbEntity
  8
SLOTS
100
AcDbCircle
 10
34.875
 20
27.525936732290763
 30
0.0
 40
0.125
100
AcDbArc
 50
-117.96300120044991
 51
62.03699879955009
  0
ARC
  5
E8
330
17
100
AcDbEntity
  8
SLOTS
100
AcDbCircle
 10
31.79636130813176
 20
29.16032875597224
 30
0.0
 40
0.125
100
AcDbArc
 50
62.03699879955009
 51
242.03699879955008
  0
LINE
  5
E9
330
17
100
AcDbEntity
  8
SLOTS
100
AcDbLine
 10
32.11815429027244
 20
29.980153702992382
 30
0.0
 11
34.93361266259557
 21
28.48547921621792
 31
0.0
  0
LINE
  5
EA
330
17
100
AcDbEntity
  8
SLOTS
100
AcDbLine
 10
34.81638733740443
 20
28.264666573613763
 30
0.0
 11
32.0009289650813
 21
29.759341060388223
 31
0.0
  0
ARC
  5
EB
330
17
100
AcDbEntity
  8
SLOTS
100
AcDbCircle
 10
34.875
 20
28.375072894915842
 30
0.0
 40
0.125
100
AcDbArc
 50
-117.96300120044991
 51
62.03699879955009
  0
ARC
  5
EC
330
17
100
AcDbEntity
  8
SLOTS
100
AcDbCircle
 10
32.05954162767687
 20
29.869747381690303
 30
0.0
 40
0.125
100
AcDbArc
 50
62.03699879955009
 51
242.0369987995501
  0
LINE
  5
ED
330
17
100
AcDbEntity
  8
SLOTS
100
AcDbLine
 10
33.70774387056678
 20
29.98540632130208
 30
0.0
 11
34.93361266259557
 21
29.334615378843004
 31
0.0
  0
LINE
  5
EE
330
17
100
AcDbEntity
  8
SLOTS
100
AcDbLine
 10
34.81638733740443
 20
29.113802736238846
 30
0.0
 11
33.59051854537564
 21
29.76459367869792
 31
0.0
  0
ARC
  5
EF
330
17
100
AcDbEntity
  8
SLOTS
100
AcDbCircle
 10
34.875
 20
29.224209057540925
 30
0.0
 40
0.125
100
AcDbArc
 50
-117.96300120044991
 51
62.03699879955009
  0
ARC
  5
F0
330
17
100
AcDbEntity
  8
SLOTS
100
AcDbCircle
 10
33.64913120797121
 20
29.875
 30
0.0
 40
0.125
100
AcDbArc
 50
62.03699879955009
 51
242.03699879955008
  0
LINE
  5
F1
330
17
100
AcDbEntity
  8
SLOTS
100
AcDbLine
 10
27.727955721019494
 20
27.994439842912957
 30
0.0
 11
30.698739914540838
 21
28.54192581376096
 31
0.0
  0
LINE
  5
F2
330
17
100
AcDbEntity
  8
SLOTS
100
AcDbLine
 10
30.74404943203448
 20
28.296066000809567
 30
0.0
 11
27.773265238513137
 21
27.748580029961563
 31
0.0
  0
ARC
  5
F3
330
17
100
AcDbEntity
  8
SLOTS
100
AcDbCircle
 10
30.72139467328766
 20
28.418995907285264
 30
0.0
 40
0.125
100
AcDbArc
 50
-79.55811781789873
 51
100.44188218210127
  0
ARC
  5
F4
330
17
100
AcDbEntity
  8
SLOTS
100
AcDbCircle
 10
27.750610479766316
 20
27.87150993643726
 30
0.0
 40
0.125
100
AcDbArc
 50
100.44188218210127
 51
280.44188218210127
  0
LINE
  5
F5
330
17
100
AcDbEntity
  8
SLOTS
100
AcDbLine
 10
27.197273831256485
 20
28.659270169065277
 30
0.0
 11
31.002422675475703
 21
29.360521244031172
 31
0.0
  0
LINE
  5
F6
330
17
100
AcDbEntity
  8
SLOTS
100
AcDbLine
 10
31.047732192969352
 20
29.114661431079778
 30
0.0
 11
27.242583348750134
 21
28.413410356113882
 31
0.0
  0
ARC
  5
F7
330
17
100
AcDbEntity
  8
SLOTS
100
AcDbCircle
 10
31.025077434222528
 20
29.237591337555475
 30
0.0
 40
0.125
100
AcDbArc
 50
-79.55811781789868
 51
100.44188218210132
  0
ARC
  5
F8
330
17
100
AcDbEntity
  8
SLOTS
100
AcDbCircle
 10
27.21992859000331
 20
28.53634026258958
 30
0.0
 40
0.125
100
AcDbArc
 50
100.44188218210132
 51
280.4418821821013
  0
LINE
  5
F9
330
17
100
AcDbEntity
  8
SLOTS
100
AcDbLine
 10
27.355110483909755
 20
29.450987612586705
 30
0.0
 11
30.32294456180764
 21
29.997929906475697
 31
0.0
  0
LINE
  5
FA
330
17
100
AcDbEntity
  8
SLOTS
100
AcDbLine
 10
30.368254079301288
 20
29.752070093524303
 30
0.0
 11
27.400420001403404
 21
29.20512779963531
 31
0.0
  0
ARC
  5
FB
330
17
100
AcDbEntity
  8
SLOTS
100
AcDbCircle
 10
30.345599320554463
 20
29.875
 30
0.0
 40
0.125
100
AcDbArc
 50
-79.55811781789868
 51
100.44188218210132
  0
ARC
  5
FC
330
17
100
AcDbEntity
  8
SLOTS
100
AcDbCircle
 10
27.37776524265658
 20
29.328057706111007
 30
0.0
 40
0.125
100
AcDbArc
 50
100.44188218210132
 51
280.4418821821013
  0
LINE
  5
FD
330
17
100
AcDbEntity
  8
SLOTS
100
AcDbLine
 10
30.794935744642782
 20
27.231591228339077
 30
0.0
 11
30.776545847725252
 21
27.235626382296054
 31
0.0
  0
LINE
  5
FE
330
17
100
AcDbEntity
  8
SLOTS
100
AcDbLine
 10
30.83012673487395
 20
27.479817062978917
 30
0.0
 11
30.84851663179148
 21
27.47578190902194
 31
0.0
  0
ARC
  5
FF
330
17
100
AcDbEntity
  8
SLOTS
100
AcDbCircle
 10
30.8033362912996
 20
27.357721722637486
 30
0.0
 40
0.125
100
AcDbArc
 50
77.62415557612385
 51
257.6241555761238
  0
ARC
  5
100
330
17
100
AcDbEntity
  8
SLOTS
100
AcDbCircle
 10
30.82172618821713
 20
27.35368656868051
 30
0.0
 40
0.125
100
AcDbArc
 50
257.6241555761238
 51
437.6241555761238
  0
LINE
  5
101
330
17
100
AcDbEntity
  8
SLOTS
100
AcDbLine
 10
33.09767812346375
 20
25.958475568630703
 30
0.0
 11
28.906880746746246
 21
26.87803007692375
 31
0.0
  0
LINE
  5
102
330
17
100
AcDbEntity
  8
SLOTS
100
AcDbLine
 10
28.960461633894973
 20
27.122220757606605
 30
0.0
 11
33.15125901061248
 21
26.20266624931356
 31
0.0
  0
ARC
  5
103
330
17
100
AcDbEntity
  8
SLOTS
100
AcDbCircle
 10
28.93367119032061
 20
27.000125417265178
 30
0.0
 40
0.125
100
AcDbArc
 50
77.62415557611789
 51
257.6241555761179
  0
ARC
  5
104
330
17
100
AcDbEntity
  8
SLOTS
100
AcDbCircle
 10
33.124468567038114
 20
26.08057090897213
 30
0.0
 40
0.125
100
AcDbArc
 50
257.6241555761179
 51
437.6241555761179
  0
LINE
  5
105
330
17
100
AcDbEntity
  8
SLOTS
100
AcDbLine
 10
34.84820955642564
 20
24.806527319118434
 30
0.0
 11
27.935567466484933
 21
26.32331532546201
 31
0.0
  0
LINE
  5
106
330
17
100
AcDbEntity
  8
SLOTS
100
AcDbLine
 10
27.98914835363366
 20
26.567506006144864
 30
0.0
 11
34.90179044357436
 21
25.05071799980129
 31
0.0
  0
ARC
  5
107
330
17
100
AcDbEntity
  8
SLOTS
100
AcDbCircle
 10
27.962357910059296
 20
26.445410665803436
 30
0.0
 40
0.125
100
AcDbArc
 50
77.62415557611791
 51
257.6241555761179
  0
ARC
  5
108
330
17
100
AcDbEntity
  8
SLOTS
100
AcDbCircle
 10
34.875
 20
24.92862265945986
 30
0.0
 40
0.125
100
AcDbArc
 50
257.6241555761179
 51
437.6241555761179
  0
LINE
  5
109
330
17
100
AcDbEntity
  8
SLOTS
100
AcDbLine
 10
34.84820955642564
 20
24.038684748404126
 30
0.0
 11
27.673733179963435
 21
25.612925042928982
 31
0.0
  0
LINE
  5
10A
330
17
100
AcDbEntity
  8
SLOTS
100
AcDbLine
 10
27.72731406711216
 20
25.857115723611837
 30
0.0
 11
34.90179044357436
 21
24.28287542908698
 31
0.0
  0
ARC
  5
10B
330
17
100
AcDbEntity
  8
SLOTS
100
AcDbCircle
 10
27.700523623537798
 20
25.73502038327041
 30
0.0
 40
0.125
100
AcDbArc
 50
77.62415557611794
 51
257.6241555761179
  0
ARC
  5
10C
330
17
100
AcDbEntity
  8
SLOTS
100
AcDbCircle
 10
34.875
 20
24.160780088745554
 30
0.0
 40
0.125
100
AcDbArc
 50
257.6241555761179
 51
437.6241555761179
  0
LINE
  5
10D
330
17
100
AcDbEntity
  8
SLOTS
100
AcDbLine
 10
34.84820955642564
 20
23.270842177689815
 30
0.0
 11
27.411898893441936
 21
24.90253476039596
 31
0.0
  0
LINE
  5
10E
330
17
100
AcDbEntity
  8
SLOTS
100
AcDbLine
 10
27.465479780590663
 20
25.146725441078814
 30
0.0
 11
34.90179044357436
 21
23.51503285837267
 31
0.0
  0
ARC
  5
10F
330
17
100
AcDbEntity
  8
SLOTS
100
AcDbCircle
 10
27.4386893370163
 20
25.024630100737387
 30
0.0
 40
0.125
100
AcDbArc
 50
77.62415557611789
 51
257.6241555761179
  0
ARC
  5
110
330
17
100
AcDbEntity
  8
SLOTS
100
AcDbCircle
 10
34.875
 20
23.392937518031243
 30
0.0
 40
0.125
100
AcDbArc
 50
257.6241555761179
 51
437.6241555761179
  0
LINE
  5
111
330
17
100
AcDbEntity
  8
SLOTS
100
AcDbLine
 10
34.84820955642564
 20
22.502999606975507
 30
0.0
 11
27.150064606920438
 21
24.19214447786293
 31
0.0
  0
LINE
  5
112
330
17
100
AcDbEntity
  8
SLOTS
100
AcDbLine
 10
27.203645494069164
 20
24.436335158545784
 30
0.0
 11
34.90179044357436
 21
22.747190287658363
 31
0.0
  0
ARC
  5
113
330
17
100
AcDbEntity
  8
SLOTS
100
AcDbCircle
 10
27.1768550504948
 20
24.314239818204356
 30
0.0
 40
0.125
100
AcDbArc
 50
77.62415557611791
 51
257.6241555761179
  0
ARC
  5
114
330
17
100
AcDbEntity
  8
SLOTS
100
AcDbCircle
 10
34.875
 20
22.625094947316935
 30
0.0
 40
0.125
100
AcDbArc
 50
257.6241555761179
 51
437.6241555761179
  0
LINE
  5
115
330
17
100
AcDbEntity
  8
SLOTS
100
AcDbLine
 10
34.84820955642564
 20
21.735157036261196
 30
0.0
 11
26.88823032039894
 21
23.481754195329902
 31
0.0
  0
LINE
  5
116
330
17
100
AcDbEntity
  8
SLOTS
100
AcDbLine
 10
26.941811207547666
 20
23.725944876012758
 30
0.0
 11
34.90179044357436
 21
21.97934771694405
 31
0.0
  0
ARC
  5
117
330
17
100
AcDbEntity
  8
SLOTS
100
AcDbCircle
 10
26.915020763973303
 20
23.60384953567133
 30
0.0
 40
0.125
100
AcDbArc
 50
77.62415557611791
 51
257.6241555761179
  0
ARC
  5
118
330
17
100
AcDbEntity
  8
SLOTS
100
AcDbCircle
 10
34.875
 20
21.857252376602624
 30
0.0
 40
0.125
100
AcDbArc
 50
257.6241555761179
 51
437.6241555761179
  0
LINE
  5
119
330
17
100
AcDbEntity
  8
SLOTS
100
AcDbLine
 10
34.84820955642564
 20
20.967314465546888
 30
0.0
 11
26.626396033877445
 21
22.771363912796875
 31
0.0
  0
LINE
  5
11A
330
17
100
AcDbEntity
  8
SLOTS
100
AcDbLine
 10
26.67997692102617
 20
23.01555459347973
 30
0.0
 11
34.90179044357436
 21
21.211505146229744
 31
0.0
  0
ARC
  5
11B
330
17
100
AcDbEntity
  8
SLOTS
100
AcDbCircle
 10
26.653186477451808
 20
22.893459253138303
 30
0.0
 40
0.125
100
AcDbArc
 50
77.62415557611791
 51
257.6241555761179
  0
ARC
  5
11C
330
17
100
AcDbEntity
  8
SLOTS
100
AcDbCircle
 10
34.875
 20
21.089409805888316
 30
0.0
 40
0.125
100
AcDbArc
 50
257.6241555761179
 51
437.6241555761179
  0
LINE
  5
11D
330
17
100
AcDbEntity
  8
SLOTS
100
AcDbLine
 10
33.698237012980854
 20
20.451801545178533
 30
0.0
 11
26.364561747355946
 21
22.06097363026385
 31
0.0
  0
LINE
  5
11E
330
17
100
AcDbEntity
  8
SLOTS
100
AcDbLine
 10
26.418142634504672
 20
22.305164310946704
 30
0.0
 11
33.75181790012958
 21
20.69599222586139
 31
0.0
  0
ARC
  5
11F
330
17
100
AcDbEntity
  8
SLOTS
100
AcDbCircle
 10
26.39135219093031
 20
22.183068970605277
 30
0.0
 40
0.125
100
AcDbArc
 50
77.62415557611791
 51
257.6241555761179
  0
ARC
  5
120
330
17
100
AcDbEntity
  8
SLOTS
100
AcDbCircle
 10
33.72502745655522
 20
20.57389688551996
 30
0.0
 40
0.125
100
AcDbArc
 50
257.6241555761179
 51
437.6241555761179
  0
LINE
  5
121
330
17
100
AcDbEntity
  8
SLOTS
100
AcDbLine
 10
30.374348296786344
 20
20.413294368015293
 30
0.0
 11
26.306672154681582
 21
21.30583332862671
 31
0.0
  0
LINE
  5
122
330
17
100
AcDbEntity
  8
SLOTS
100
AcDbLine
 10
26.36025304183031
 20
21.550024009309567
 30
0.0
 11
30.42792918393507
 21
20.65748504869815
 31
0.0
  0
ARC
  5
123
330
17
100
AcDbEntity
  8
SLOTS
100
AcDbCircle
 10
26.333462598255945
 20
21.42792866896814
 30
0.0
 40
0.125
100
AcDbArc
 50
77.62415557611791
 51
257.6241555761179
  0
ARC
  5
124
330
17
100
AcDbEntity
  8
SLOTS
100
AcDbCircle
 10
30.401138740360707
 20
20.53538970835672
 30
0.0
 40
0.125
100
AcDbArc
 50
257.6241555761179
 51
437.6241555761179
  0
LINE
  5
125
330
17
100
AcDbEntity
  8
SLOTS
100
AcDbLine
 10
32.21824984931075
 20
14.026778427529068
 30
0.0
 11
32.5272592622013
 21
13.911910534312984
 31
0.0
  0
LINE
  5
126
330
17
100
AcDbEntity
  8
SLOTS
100
AcDbLine
 10
32.44015067859266
 20
13.677577236077976
 30
0.0
 11
32.13114126570211
 21
13.79244512929406
 31
0.0
  0
ARC
  5
127
330
17
100
AcDbEntity
  8
SLOTS
100
AcDbCircle
 10
32.48370497039698
 20
13.79474388519548
 30
0.0
 40
0.125
100
AcDbArc
 50
-110.39158188060688
 51
69.60841811939312
  0
ARC
  5
128
330
17
100
AcDbEntity
  8
SLOTS
100
AcDbCircle
 10
32.17469555750643
 20
13.909611778411564
 30
0.0
 40
0.125
100
AcDbArc
 50
69.60841811939312
 51
249.60841811939312
  0
LINE
  5
129
330
17
100
AcDbEntity
  8
SLOTS
100
AcDbLine
 10
32.37855628477376
 20
14.76733017485024
 30
0.0
 11
34.91855429180432
 21
13.823138161049021
 31
0.0
  0
LINE
  5
12A
330
17
100
AcDbEntity
  8
SLOTS
100
AcDbLine
 10
34.83144570819568
 20
13.588804862814014
 30
0.0
 11
32.29144770116512
 21
14.532996876615233
 31
0.0
  0
ARC
  5
12B
330
17
100
AcDbEntity
  8
SLOTS
100
AcDbCircle
 10
34.875
 20
13.705971511931518
 30
0.0
 40
0.125
100
AcDbArc
 50
-110.39158188060709
 51
69.60841811939291
  0
ARC
  5
12C
330
17
100
AcDbEntity
  8
SLOTS
100
AcDbCircle
 10
32.33500199296944
 20
14.650163525732737
 30
0.0
 40
0.125
100
AcDbArc
 50
69.60841811939291
 51
249.6084181193929
  0
LINE
  5
12D
330
17
100
AcDbEntity
  8
SLOTS
100
AcDbLine
 10
32.538862720236764
 20
15.507881922171412
 30
0.0
 11
34.91855429180432
 21
14.623280528404601
 31
0.0
  0
LINE
  5
12E
330
17
100
AcDbEntity
  8
SLOTS
100
AcDbLine
 10
34.83144570819568
 20
14.388947230169594
 30
0.0
 11
32.451754136628125
 21
15.273548623936405
 31
0.0
  0
ARC
  5
12F
330
17
100
AcDbEntity
  8
SLOTS
100
AcDbCircle
 10
34.875
 20
14.506113879287097
 30
0.0
 40
0.125
100
AcDbArc
 50
-110.39158188060709
 51
69.60841811939291
  0
ARC
  5
130
330
17
100
AcDbEntity
  8
SLOTS
100
AcDbCircle
 10
32.495308428432445
 20
15.390715273053909
 30
0.0
 40
0.125
100
AcDbArc
 50
69.60841811939291
 51
249.6084181193929
  0
LINE
  5
131
330
17
100
AcDbEntity
  8
SLOTS
100
AcDbLine
 10
32.69916915569977
 20
16.248433669492584
 30
0.0
 11
34.91855429180432
 21
15.42342289576018
 31
0.0
  0
LINE
  5
132
330
17
100
AcDbEntity
  8
SLOTS
100
AcDbLine
 10
34.83144570819568
 20
15.189089597525172
 30
0.0
 11
32.61206057209113
 21
16.014100371257577
 31
0.0
  0
ARC
  5
133
330
17
100
AcDbEntity
  8
SLOTS
100
AcDbCircle
 10
34.875
 20
15.306256246642675
 30
0.0
 40
0.125
100
AcDbArc
 50
-110.39158188060713
 51
69.60841811939287
  0
ARC
  5
134
330
17
100
AcDbEntity
  8
SLOTS
100
AcDbCircle
 10
32.65561486389545
 20
16.13126702037508
 30
0.0
 40
0.125
100
AcDbArc
 50
69.60841811939287
 51
249.60841811939287
  0
LINE
  5
135
330
17
100
AcDbEntity
  8
SLOTS
100
AcDbLine
 10
32.85947559116277
 20
16.988985416813755
 30
0.0
 11
34.91855429180432
 21
16.22356526311576
 31
0.0
  0
LINE
  5
136
330
17
100
AcDbEntity
  8
SLOTS
100
AcDbLine
 10
34.83144570819568
 20
15.989231964880751
 30
0.0
 11
32.77236700755413
 21
16.754652118578747
 31
0.0
  0
ARC
  5
137
330
17
100
AcDbEntity
  8
SLOTS
100
AcDbCircle
 10
34.875
 20
16.106398613998255
 30
0.0
 40
0.125
100
AcDbArc
 50
-110.39158188060702
 51
69.60841811939298
  0
ARC
  5
138
330
17
100
AcDbEntity
  8
SLOTS
100
AcDbCircle
 10
32.81592129935845
 20
16.87181876769625
 30
0.0
 40
0.125
100
AcDbArc
 50
69.60841811939298
 51
249.60841811939298
  0
LINE
  5
139
330
17
100
AcDbEntity
  8
SLOTS
100
AcDbLine
 10
33.019782026625776
 20
17.72953716413493
 30
0.0
 11
34.91855429180432
 21
17.02370763047134
 31
0.0
  0
LINE
  5
13A
330
17
100
AcDbEntity
  8
SLOTS
100
AcDbLine
 10
34.83144570819568
 20
16.78937433223633
 30
0.0
 11
32.93267344301714
 21
17.49520386589992
 31
0.0
  0
ARC
  5
13B
330
17
100
AcDbEntity
  8
SLOTS
100
AcDbCircle
 10
34.875
 20
16.906540981353835
 30
0.0
 40
0.125
100
AcDbArc
 50
-110.39158188060706
 51
69.60841811939294
  0
ARC
  5
13C
330
17
100
AcDbEntity
  8
SLOTS
100
AcDbCircle
 10
32.97622773482146
 20
17.612370515017425
 30
0.0
 40
0.125
100
AcDbArc
 50
69.60841811939294
 51
249.60841811939295
  0
LINE
  5
13D
330
17
100
AcDbEntity
  8
SLOTS
100
AcDbLine
 10
33.18008846208878
 20
18.4700889114561
 30
0.0
 11
34.91855429180432
 21
17.823849997826915
 31
0.0
  0
LINE
  5
13E
330
17
100
AcDbEntity
  8
SLOTS
100
AcDbLine
 10
34.83144570819568
 20
17.589516699591908
 30
0.0
 11
33.09297987848014
 21
18.23575561322109
 31
0.0
  0
ARC
  5
13F
330
17
100
AcDbEntity
  8
SLOTS
100
AcDbCircle
 10
34.875
 20
17.70668334870941
 30
0.0
 40
0.125
100
AcDbArc
 50
-110.3915818806071
 51
69.6084181193929
  0
ARC
  5
140
330
17
100
AcDbEntity
  8
SLOTS
100
AcDbCircle
 10
33.13653417028446
 20
18.352922262338595
 30
0.0
 40
0.125
100
AcDbArc
 50
69.6084181193929
 51
249.6084181193929
  0
LINE
  5
141
330
17
100
AcDbEntity
  8
SLOTS
100
AcDbLine
 10
33.34039489755179
 20
19.21064065877727
 30
0.0
 11
34.91855429180432
 21
18.623992365182495
 31
0.0
  0
LINE
  5
142
330
17
100
AcDbEntity
  8
SLOTS
100
AcDbLine
 10
34.83144570819568
 20
18.389659066947488
 30
0.0
 11
33.25328631394315
 21
18.97630736054226
 31
0.0
  0
ARC
  5
143
330
17
100
AcDbEntity
  8
SLOTS
100
AcDbCircle
 10
34.875
 20
18.50682571606499
 30
0.0
 40
0.125
100
AcDbArc
 50
-110.39158188060705
 51
69.60841811939295
  0
ARC
  5
144
330
17
100
AcDbEntity
  8
SLOTS
100
AcDbCircle
 10
33.29684060574747
 20
19.093474009659765
 30
0.0
 40
0.125
100
AcDbArc
 50
69.60841811939295
 51
249.60841811939295
  0
LINE
  5
145
330
17
100
AcDbEntity
  8
SLOTS
100
AcDbLine
 10
33.729902989654306
 20
19.865991404700004
 30
0.0
 11
34.91855429180432
 21
19.424134732538075
 31
0.0
  0
LINE
  5
146
330
17
100
AcDbEntity
  8
SLOTS
100
AcDbLine
 10
34.83144570819568
 20
19.189801434303067
 30
0.0
 11
33.64279440604567
 21
19.631658106464997
 31
0.0
  0
ARC
  5
147
330
17
100
AcDbEntity
  8
SLOTS
100
AcDbCircle
 10
34.875
 20
19.30696808342057
 30
0.0
 40
0.125
100
AcDbArc
 50
-110.39158188060699
 51
69.60841811939301
  0
ARC
  5
148
330
17
100
AcDbEntity
  8
SLOTS
100
AcDbCircle
 10
33.686348697849986
 20
19.7488247555825
 30
0.0
 40
0.125
100
AcDbArc
 50
69.60841811939301
 51
249.608418119393
  0
LINE
  5
149
330
17
100
AcDbEntity
  8
SLOTS
100
AcDbLine
 10
34.75908535665709
 20
20.283556396412244
 30
0.0
 11
34.91855429180432
 21
20.22427709989365
 31
0.0
  0
LINE
  5
14A
330
17
100
AcDbEntity
  8
SLOTS
100
AcDbLine
 10
34.83144570819568
 20
19.989943801658644
 30
0.0
 11
34.67197677304845
 21
20.049223098177237
 31
0.0
  0
ARC
  5
14B
330
17
100
AcDbEntity
  8
SLOTS
100
AcDbCircle
 10
34.875
 20
20.107110450776148
 30
0.0
 40
0.125
100
AcDbArc
 50
-110.39158188060702
 51
69.60841811939298
  0
ARC
  5
14C
330
17
100
AcDbEntity
  8
SLOTS
100
AcDbCircle
 10
34.71553106485277
 20
20.16638974729474
 30
0.0
 40
0.125
100
AcDbArc
 50
69.60841811939298
 51
249.60841811939298
  0
LINE
  5
14D
330
17
100
AcDbEntity
  8
SLOTS
100
AcDbLine
 10
28.619136422421025
 20
19.88112756266707
 30
0.0
 11
28.230034949502453
 21
19.35276799932854
 31
0.0
  0
LINE
  5
14E
330
17
100
AcDbEntity
  8
SLOTS
100
AcDbLine
 10
28.028731678225327
 20
19.501014392111387
 30
0.0
 11
28.4178331511439
 21
20.029373955449916
 31
0.0
  0
ARC
  5
14F
330
17
100
AcDbEntity
  8
SLOTS
100
AcDbCircle
 10
28.12938331386389
 20
19.426891195719964
 30
0.0
 40
0.125
100
AcDbArc
 50
-216.36916087070742
 51
-36.36916087070742
  0
ARC
  5
150
330
17
100
AcDbEntity
  8
SLOTS
100
AcDbCircle
 10
28.518484786782462
 20
19.955250759058494
 30
0.0
 40
0.125
100
AcDbArc
 50
-36.36916087070742
 51
143.63083912929258
  0
LINE
  5
151
330
17
100
AcDbEntity
  8
SLOTS
100
AcDbLine
 10
29.49152332973663
 20
19.800952514121768
 30
0.0
 11
28.54972166718166
 21
18.52208324784381
 31
0.0
  0
LINE
  5
152
330
17
100
AcDbEntity
  8
SLOTS
100
AcDbLine
 10
28.348418395904535
 20
18.670329640626655
 30
0.0
 11
29.290220058459504
 21
19.949198906904613
 31
0.0
  0
ARC
  5
153
330
17
100
AcDbEntity
  8
SLOTS
100
AcDbCircle
 10
28.449070031543098
 20
18.596206444235232
 30
0.0
 40
0.125
100
AcDbArc
 50
-216.36916087070728
 51
-36.36916087070729
  0
ARC
  5
154
330
17
100
AcDbEntity
  8
SLOTS
100
AcDbCircle
 10
29.390871694098067
 20
19.87507571051319
 30
0.0
 40
0.125
100
AcDbArc
 50
-36.36916087070729
 51
143.63083912929272
  0
LINE
  5
155
330
17
100
AcDbEntity
  8
SLOTS
100
AcDbLine
 10
30.363910237052238
 20
19.720777465576468
 30
0.0
 11
28.869408384860865
 21
17.691398496359078
 31
0.0
  0
LINE
  5
156
330
17
100
AcDbEntity
  8
SLOTS
100
AcDbLine
 10
28.66810511358374
 20
17.839644889141923
 30
0.0
 11
30.16260696577511
 21
19.869023858359313
 31
0.0
  0
ARC
  5
157
330
17
100
AcDbEntity
  8
SLOTS
100
AcDbCircle
 10
28.7687567492223
 20
17.7655216927505
 30
0.0
 40
0.125
100
AcDbArc
 50
-216.36916087070733
 51
-36.36916087070735
  0
ARC
  5
158
330
17
100
AcDbEntity
  8
SLOTS
100
AcDbCircle
 10
30.263258601413675
 20
19.79490066196789
 30
0.0
 40
0.125
100
AcDbArc
 50
-36.36916087070735
 51
143.63083912929267
  0
LINE
  5
159
330
17
100
AcDbEntity
  8
SLOTS
100
AcDbLine
 10
31.23629714436784
 20
19.640602417031165
 30
0.0
 11
29.18909510254007
 21
16.860713744874353
 31
0.0
  0
LINE
  5
15A
330
17
100
AcDbEntity
  8
SLOTS
100
AcDbLine
 10
28.987791831262943
 20
17.008960137657198
 30
0.0
 11
31.034993873090713
 21
19.78884880981401
 31
0.0
  0
ARC
  5
15B
330
17
100
AcDbEntity
  8
SLOTS
100
AcDbCircle
 10
29.088443466901506
 20
16.934836941265775
 30
0.0
 40
0.125
100
AcDbArc
 50
-216.36916087070736
 51
-36.36916087070736
  0
ARC
  5
15C
330
17
100
AcDbEntity
  8
SLOTS
100
AcDbCircle
 10
31.135645508729276
 20
19.714725613422587
 30
0.0
 40
0.125
100
AcDbArc
 50
-36.36916087070736
 51
143.63083912929264
  0
LINE
  5
15D
330
17
100
AcDbEntity
  8
SLOTS
100
AcDbLine
 10
32.10868405168345
 20
19.560427368485865
 30
0.0
 11
29.508781820219276
 21
16.030028993389617
 31
0.0
  0
LINE
  5
15E
330
17
100
AcDbEntity
  8
SLOTS
100
AcDbLine
 10
29.30747854894215
 20
16.178275386172462
 30
0.0
 11
31.90738078040632
 21
19.70867376126871
 31
0.0
  0
ARC
  5
15F
330
17
100
AcDbEntity
  8
SLOTS
100
AcDbCircle
 10
29.408130184580713
 20
16.10415218978104
 30
0.0
 40
0.125
100
AcDbArc
 50
-216.36916087070733
 51
-36.36916087070732
  0
ARC
  5
160
330
17
100
AcDbEntity
  8
SLOTS
100
AcDbCircle
 10
32.008032416044884
 20
19.634550564877287
 30
0.0
 40
0.125
100
AcDbArc
 50
-36.36916087070732
 51
143.63083912929267
  0
LINE
  5
161
330
17
100
AcDbEntity
  8
SLOTS
100
AcDbLine
 10
32.62532271507484
 20
18.997182992527396
 30
0.0
 11
29.82846853789848
 21
15.199344241904884
 31
0.0
  0
LINE
  5
162
330
17
100
AcDbEntity
  8
SLOTS
100
AcDbLine
 10
29.627165266621354
 20
15.347590634687732
 30
0.0
 11
32.42401944379771
 21
19.14542938531024
 31
0.0
  0
ARC
  5
163
330
17
100
AcDbEntity
  8
SLOTS
100
AcDbCircle
 10
29.727816902259917
 20
15.273467438296308
 30
0.0
 40
0.125
100
AcDbArc
 50
-216.36916087070733
 51
-36.36916087070732
  0
ARC
  5
164
330
17
100
AcDbEntity
  8
SLOTS
100
AcDbCircle
 10
32.524671079436274
 20
19.07130618891882
 30
0.0
 40
0.125
100
AcDbArc
 50
-36.36916087070732
 51
143.63083912929267
  0
LINE
  5
165
330
17
100
AcDbEntity
  8
SLOTS
100
AcDbLine
 10
32.23755418969521
 20
17.205847178736505
 30
0.0
 11
30.386593054203693
 21
14.692433364161834
 31
0.0
  0
LINE
  5
166
330
17
100
AcDbEntity
  8
SLOTS
100
AcDbLine
 10
30.185289782926567
 20
14.840679756944683
 30
0.0
 11
32.036250918418084
 21
17.35409357151935
 31
0.0
  0
ARC
  5
167
330
17
100
AcDbEntity
  8
SLOTS
100
AcDbCircle
 10
30.28594141856513
 20
14.766556560553258
 30
0.0
 40
0.125
100
AcDbArc
 50
-216.36916087070733
 51
-36.36916087070732
  0
ARC
  5
168
330
17
100
AcDbEntity
  8
SLOTS
100
AcDbCircle
 10
32.13690255405665
 20
17.279970375127927
 30
0.0
 40
0.125
100
AcDbArc
 50
-36.36916087070732
 51
143.63083912929267
  0
LINE
  5
169
330
17
100
AcDbEntity
  8
SLOTS
100
AcDbLine
 10
31.849785664315583
 20
15.4145113649456
 30
0.0
 11
30.955577779513085
 21
14.200269527194981
 31
0.0
  0
LINE
  5
16A
330
17
100
AcDbEntity
  8
SLOTS
100
AcDbLine
 10
30.75427450823596
 20
14.34851591997783
 30
0.0
 11
31.648482393038456
 21
15.562757757728448
 31
0.0
  0
ARC
  5
16B
330
17
100
AcDbEntity
  8
SLOTS
100
AcDbCircle
 10
30.854926143874522
 20
14.274392723586406
 30
0.0
 40
0.125
100
AcDbArc
 50
-216.36916087070733
 51
-36.36916087070732
  0
ARC
  5
16C
330
17
100
AcDbEntity
  8
SLOTS
100
AcDbCircle
 10
31.74913402867702
 20
15.488634561337024
 30
0.0
 40
0.125
100
AcDbArc
 50
-36.36916087070732
 51
143.63083912929267
  0
LINE
  5
16D
330
17
100
AcDbEntity
  8
SLOTS
100
AcDbLine
 10
30.197049988648402
 20
9.055129037176965
 30
0.0
 11
30.653678487349453
 21
8.727300260368121
 31
0.0
  0
LINE
  5
16E
330
17
100
AcDbEntity
  8
SLOTS
100
AcDbLine
 10
30.507878865969808
 20
8.524217837678336
 30
0.0
 11
30.051250367268757
 21
8.852046614487179
 31
0.0
  0
ARC
  5
16F
330
17
100
AcDbEntity
  8
SLOTS
100
AcDbCircle
 10
30.58077867665963
 20
8.625759049023229
 30
0.0
 40
0.125
100
AcDbArc
 50
-125.67582296977594
 51
54.32417703022407
  0
ARC
  5
170
330
17
100
AcDbEntity
  8
SLOTS
100
AcDbCircle
 10
30.12415017795858
 20
8.953587825832072
 30
0.0
 40
0.125
100
AcDbArc
 50
54.32417703022407
 51
234.32417703022406
  0
LINE
  5
171
330
17
100
AcDbEntity
  8
SLOTS
100
AcDbLine
 10
30.166059790212245
 20
10.000648381762417
 30
0.0
 11
31.68564969990596
 21
8.909684276887106
 31
0.0
  0
LINE
  5
172
330
17
100
AcDbEntity
  8
SLOTS
100
AcDbLine
 10
31.539850078526314
 20
8.70660185419732
 30
0.0
 11
30.0202601688326
 21
9.797565959072632
 31
0.0
  0
ARC
  5
173
330
17
100
AcDbEntity
  8
SLOTS
100
AcDbCircle
 10
31.612749889216136
 20
8.808143065542213
 30
0.0
 40
0.125
100
AcDbArc
 50
-125.67582296977582
 51
54.32417703022418
  0
ARC
  5
174
330
17
100
AcDbEntity
  8
SLOTS
100
AcDbCircle
 10
30.093159979522422
 20
9.899107170417524
 30
0.0
 40
0.125
100
AcDbArc
 50
54.32417703022418
 51
234.32417703022418
  0
LINE
  5
175
330
17
100
AcDbEntity
  8
SLOTS
100
AcDbLine
 10
30.510786483714615
 20
10.676428081404545
 30
0.0
 11
32.71762091246247
 21
9.092068293406088
 31
0.0
  0
LINE
  5
176
330
17
100
AcDbEntity
  8
SLOTS
100
AcDbLine
 10
32.571821291082834
 20
8.888985870716303
 30
0.0
 11
30.36498686233497
 21
10.47334565871476
 31
0.0
  0
ARC
  5
177
330
17
100
AcDbEntity
  8
SLOTS
100
AcDbCircle
 10
32.64472110177265
 20
8.990527082061195
 30
0.0
 40
0.125
100
AcDbArc
 50
-125.6758229697758
 51
54.324177030224206
  0
ARC
  5
178
330
17
100
AcDbEntity
  8
SLOTS
100
AcDbCircle
 10
30.437886673024792
 20
10.574886870059652
 30
0.0
 40
0.125
100
AcDbArc
 50
54.324177030224206
 51
234.3241770302242
  0
LINE
  5
179
330
17
100
AcDbEntity
  8
SLOTS
100
AcDbLine
 10
30.85551317721698
 20
11.352207781046669
 30
0.0
 11
33.74959212501897
 21
9.274452309925072
 31
0.0
  0
LINE
  5
17A
330
17
100
AcDbEntity
  8
SLOTS
100
AcDbLine
 10
33.60379250363933
 20
9.071369887235287
 30
0.0
 11
30.709713555837336
 21
11.149125358356883
 31
0.0
  0
ARC
  5
17B
330
17
100
AcDbEntity
  8
SLOTS
100
AcDbCircle
 10
33.67669231432915
 20
9.17291109858018
 30
0.0
 40
0.125
100
AcDbArc
 50
-125.67582296977584
 51
54.32417703022416
  0
ARC
  5
17C
330
17
100
AcDbEntity
  8
SLOTS
100
AcDbCircle
 10
30.78261336652716
 20
11.250666569701776
 30
0.0
 40
0.125
100
AcDbArc
 50
54.32417703022416
 51
234.32417703022418
  0
LINE
  5
17D
330
17
100
AcDbEntity
  8
SLOTS
100
AcDbLine
 10
31.20023987071935
 20
12.027987480688797
 30
0.0
 11
34.781563337575484
 21
9.456836326444055
 31
0.0
  0
LINE
  5
17E
330
17
100
AcDbEntity
  8
SLOTS
100
AcDbLine
 10
34.63576371619585
 20
9.25375390375427
 30
0.0
 11
31.054440249339706
 21
11.824905057999011
 31
0.0
  0
ARC
  5
17F
330
17
100
AcDbEntity
  8
SLOTS
100
AcDbCircle
 10
34.708663526885665
 20
9.355295115099162
 30
0.0
 40
0.125
100
AcDbArc
 50
-125.67582296977584
 51
54.32417703022416
  0
ARC
  5
180
330
17
100
AcDbEntity
  8
SLOTS
100
AcDbCircle
 10
31.12734006002953
 20
11.926446269343904
 30
0.0
 40
0.125
100
AcDbArc
 50
54.32417703022416
 51
234.32417703022418
  0
LINE
  5
181
330
17
100
AcDbEntity
  8
SLOTS
100
AcDbLine
 10
31.54496656422172
 20
12.703767180330924
 30
0.0
 11
34.94789981068982
 21
10.26068829470461
 31
0.0
  0
LINE
  5
182
330
17
100
AcDbEntity
  8
SLOTS
100
AcDbLine
 10
34.80210018931018
 20
10.057605872014824
 30
0.0
 11
31.399166942842076
 21
12.500684757641139
 31
0.0
  0
ARC
  5
183
330
17
100
AcDbEntity
  8
SLOTS
100
AcDbCircle
 10
34.875
 20
10.159147083359716
 30
0.0
 40
0.125
100
AcDbArc
 50
-125.67582296977582
 51
54.32417703022417
  0
ARC
  5
184
330
17
100
AcDbEntity
  8
SLOTS
100
AcDbCircle
 10
31.472066753531898
 20
12.602225968986032
 30
0.0
 40
0.125
100
AcDbArc
 50
54.32417703022417
 51
234.32417703022418
  0
LINE
  5
185
330
17
100
AcDbEntity
  8
SLOTS
100
AcDbLine
 10
32.182038745114944
 20
13.169662337484876
 30
0.0
 11
34.94789981068982
 21
11.183958745768766
 31
0.0
  0
LINE
  5
186
330
17
100
AcDbEntity
  8
SLOTS
100
AcDbLine
 10
34.80210018931018
 20
10.98087632307898
 30
0.0
 11
32.03623912373531
 21
12.96657991479509
 31
0.0
  0
ARC
  5
187
330
17
100
AcDbEntity
  8
SLOTS
100
AcDbCircle
 10
34.875
 20
11.082417534423874
 30
0.0
 40
0.125
100
AcDbArc
 50
-125.67582296977581
 51
54.32417703022419
  0
ARC
  5
188
330
17
100
AcDbEntity
  8
SLOTS
100
AcDbCircle
 10
32.109138934425125
 20
13.068121126139983
 30
0.0
 40
0.125
100
AcDbArc
 50
54.32417703022419
 51
234.32417703022418
  0
LINE
  5
189
330
17
100
AcDbEntity
  8
SLOTS
100
AcDbLine
 10
33.600168653931576
 20
13.074810190669403
 30
0.0
 11
34.94789981068982
 21
12.107229196832927
 31
0.0
  0
LINE
  5
18A
330
17
100
AcDbEntity
  8
SLOTS
100
AcDbLine
 10
34.80210018931018
 20
11.904146774143141
 30
0.0
 11
33.45436903255194
 21
12.871727767979618
 31
0.0
  0
ARC
  5
18B
330
17
100
AcDbEntity
  8
SLOTS
100
AcDbCircle
 10
34.875
 20
12.005687985488034
 30
0.0
 40
0.125
100
AcDbArc
 50
-125.67582296977582
 51
54.324177030224185
  0
ARC
  5
18C
330
17
100
AcDbEntity
  8
SLOTS
100
AcDbCircle
 10
33.52726884324176
 20
12.97326897932451
 30
0.0
 40
0.125
100
AcDbArc
 50
54.324177030224185
 51
234.32417703022418
  0
LINE
  5
18D
330
17
100
AcDbEntity
  8
SLOTS
100
AcDbLine
 10
4.118730753126482
 20
27.829569445440214
 30
0.0
 11
4.732375711608493
 21
28.35839717044066
 31
0.0
  0
LINE
  5
18E
330
17
100
AcDbEntity
  8
SLOTS
100
AcDbLine
 10
4.895579358118
 20
28.169017737116974
 30
0.0
 11
4.281934399635989
 21
27.640190012116527
 31
0.0
  0
ARC
  5
18F
330
17
100
AcDbEntity
  8
SLOTS
100
AcDbCircle
 10
4.8139775348632465
 20
28.263707453778817
 30
0.0
 40
0.125
100
AcDbArc
 50
-49.245852724868
 51
130.754147275132
  0
ARC
  5
190
330
17
100
AcDbEntity
  8
SLOTS
100
AcDbCircle
 10
4.200332576381236
 20
27.73487972877837
 30
0.0
 40
0.125
100
AcDbArc
 50
130.754147275132
 51
310.754147275132
  0
LINE
  5
191
330
17
100
AcDbEntity
  8
SLOTS
100
AcDbLine
 10
3.2856142221139883
 20
28.101681064252233
 30
0.0
 11
5.259074083595281
 21
29.802371788589767
 31
0.0
  0
LINE
  5
192
330
17
100
AcDbEntity
  8
SLOTS
100
AcDbLine
 10
5.422277730104786
 20
29.61299235526608
 30
0.0
 11
3.448817868623494
 21
27.912301630928546
 31
0.0
  0
ARC
  5
193
330
17
100
AcDbEntity
  8
SLOTS
100
AcDbCircle
 10
5.340675906850033
 20
29.707682071927923
 30
0.0
 40
0.125
100
AcDbArc
 50
-49.24585272486805
 51
130.75414727513194
  0
ARC
  5
194
330
17
100
AcDbEntity
  8
SLOTS
100
AcDbCircle
 10
3.367216045368741
 20
28.00699134759039
 30
0.0
 40
0.125
100
AcDbArc
 50
130.75414727513194
 51
310.75414727513197
  0
LINE
  5
195
330
17
100
AcDbEntity
  8
SLOTS
100
AcDbLine
 10
2.5840229469115075
 20
28.48713868362811
 30
0.0
 11
4.304356288195155
 21
29.969689716661843
 31
0.0
  0
LINE
  5
196
330
17
100
AcDbEntity
  8
SLOTS
100
AcDbLine
 10
4.46755993470466
 20
29.780310283338157
 30
0.0
 11
2.747226593421013
 21
28.297759250304424
 31
0.0
  0
ARC
  5
197
330
17
100
AcDbEntity
  8
SLOTS
100
AcDbCircle
 10
4.3859581114499075
 20
29.875
 30
0.0
 40
0.125
100
AcDbArc
 50
-49.24585272486804
 51
130.75414727513197
  0
ARC
  5
198
330
17
100
AcDbEntity
  8
SLOTS
100
AcDbCircle
 10
2.6656247701662603
 20
28.392448966966267
 30
0.0
 40
0.125
100
AcDbArc
 50
130.75414727513197
 51
310.75414727513197
  0
LINE
  5
199
330
17
100
AcDbEntity
  8
SLOTS
100
AcDbLine
 10
1.8824316717090237
 20
28.87259630300399
 30
0.0
 11
3.1554848995336293
 21
29.969689716661843
 31
0.0
  0
LINE
  5
19A
330
17
100
AcDbEntity
  8
SLOTS
100
AcDbLine
 10
3.318688546043135
 20
29.780310283338157
 30
0.0
 11
2.045635318218529
 21
28.683216869680304
 31
0.0
  0
ARC
  5
19B
330
17
100
AcDbEntity
  8
SLOTS
100
AcDbCircle
 10
3.237086722788382
 20
29.875
 30
0.0
 40
0.125
100
AcDbArc
 50
-49.245852724868065
 51
130.75414727513194
  0
ARC
  5
19C
330
17
100
AcDbEntity
  8
SLOTS
100
AcDbCircle
 10
1.9640334949637765
 20
28.777906586342148
 30
0.0
 40
0.125
100
AcDbArc
 50
130.75414727513194
 51
310.7541472751319
  0
LINE
  5
19D
330
17
100
AcDbEntity
  8
SLOTS
100
AcDbLine
 10
1.1808403965065426
 20
29.25805392237987
 30
0.0
 11
2.0066135108721093
 21
29.969689716661843
 31
0.0
  0
LINE
  5
19E
330
17
100
AcDbEntity
  8
SLOTS
100
AcDbLine
 10
2.169817157381615
 20
29.780310283338157
 30
0.0
 11
1.3440440430160483
 21
29.068674489056182
 31
0.0
  0
ARC
  5
19F
330
17
100
AcDbEntity
  8
SLOTS
100
AcDbCircle
 10
2.088215334126862
 20
29.875
 30
0.0
 40
0.125
100
AcDbArc
 50
-49.24585272486809
 51
130.7541472751319
  0
ARC
  5
1A0
330
17
100
AcDbEntity
  8
SLOTS
100
AcDbCircle
 10
1.2624422197612954
 20
29.163364205718025
 30
0.0
 40
0.125
100
AcDbArc
 50
130.7541472751319
 51
310.7541472751319
  0
LINE
  5
1A1
330
17
100
AcDbEntity
  8
SLOTS
100
AcDbLine
 10
4.898263381438363
 20
26.69830620286376
 30
0.0
 11
4.0381348535419095
 21
26.867604650055586
 31
0.0
  0
LINE
  5
1A2
330
17
100
AcDbEntity
  8
SLOTS
100
AcDbLine
 10
4.0864158069242285
 20
27.11289824870931
 30
0.0
 11
4.946544334820682
 21
26.943599801517482
 31
0.0
  0
ARC
  5
1A3
330
17
100
AcDbEntity
  8
SLOTS
100
AcDbCircle
 10
4.062275330233069
 20
26.99025144938245
 30
0.0
 40
0.125
100
AcDbArc
 50
78.86485720157879
 51
258.8648572015788
  0
ARC
  5
1A4
330
17
100
AcDbEntity
  8
SLOTS
100
AcDbCircle
 10
4.922403858129522
 20
26.82095300219062
 30
0.0
 40
0.125
100
AcDbArc
 50
258.8648572015788
 51
438.8648572015788
  0
LINE
  5
1A5
330
17
100
AcDbEntity
  8
SLOTS
100
AcDbLine
 10
5.8704357943811125
 20
25.742564136068875
 30
0.0
 11
3.451396320220444
 21
26.2187018450142
 31
0.0
  0
LINE
  5
1A6
330
17
100
AcDbEntity
  8
SLOTS
100
AcDbLine
 10
3.499677273602762
 20
26.463995443667923
 30
0.0
 11
5.91871674776343
 21
25.9878577347226
 31
0.0
  0
ARC
  5
1A7
330
17
100
AcDbEntity
  8
SLOTS
100
AcDbCircle
 10
3.475536796911603
 20
26.34134864434106
 30
0.0
 40
0.125
100
AcDbArc
 50
78.86485720157896
 51
258.86485720157896
  0
ARC
  5
1A8
330
17
100
AcDbEntity
  8
SLOTS
100
AcDbCircle
 10
5.894576271072271
 20
25.865210935395737
 30
0.0
 40
0.125
100
AcDbArc
 50
258.86485720157896
 51
438.86485720157896
  0
LINE
  5
1A9
330
17
100
AcDbEntity
  8
SLOTS
100
AcDbLine
 10
6.174204868477381
 20
24.918383392604692
 30
0.0
 11
2.9926604902297194
 21
25.54460436474998
 31
0.0
  0
LINE
  5
1AA
330
17
100
AcDbEntity
  8
SLOTS
100
AcDbLine
 10
3.0409414436120374
 20
25.789897963403703
 30
0.0
 11
6.222485821859698
 21
25.163676991258416
 31
0.0
  0
ARC
  5
1AB
330
17
100
AcDbEntity
  8
SLOTS
100
AcDbCircle
 10
3.0168009669208784
 20
25.66725116407684
 30
0.0
 40
0.125
100
AcDbArc
 50
78.86485720157896
 51
258.86485720157896
  0
ARC
  5
1AC
330
17
100
AcDbEntity
  8
SLOTS
100
AcDbCircle
 10
6.19834534516854
 20
25.041030191931554
 30
0.0
 40
0.125
100
AcDbArc
 50
258.86485720157896
 51
438.86485720157896
  0
LINE
  5
1AD
330
17
100
AcDbEntity
  8
SLOTS
100
AcDbLine
 10
6.477973942573649
 20
24.09420264914051
 30
0.0
 11
2.533924660238995
 21
24.87050688448576
 31
0.0
  0
LINE
  5
1AE
330
17
100
AcDbEntity
  8
SLOTS
100
AcDbLine
 10
2.582205613621313
 20
25.115800483139484
 30
0.0
 11
6.526254895955966
 21
24.339496247794234
 31
0.0
  0
ARC
  5
1AF
330
17
100
AcDbEntity
  8
SLOTS
100
AcDbCircle
 10
2.558065136930154
 20
24.993153683812622
 30
0.0
 40
0.125
100
AcDbArc
 50
78.86485720157893
 51
258.86485720157896
  0
ARC
  5
1B0
330
17
100
AcDbEntity
  8
SLOTS
100
AcDbCircle
 10
6.5021144192648075
 20
24.21684944846737
 30
0.0
 40
0.125
100
AcDbArc
 50
258.86485720157896
 51
438.86485720157896
  0
LINE
  5
1B1
330
17
100
AcDbEntity
  8
SLOTS
100
AcDbLine
 10
6.781743016669919
 20
23.270021905676323
 30
0.0
 11
2.075188830248268
 21
24.196409404221534
 31
0.0
  0
LINE
  5
1B2
330
17
100
AcDbEntity
  8
SLOTS
100
AcDbLine
 10
2.1234697836305862
 20
24.441703002875258
 30
0.0
 11
6.8300239700522365
 21
23.515315504330047
 31
0.0
  0
ARC
  5
1B3
330
17
100
AcDbEntity
  8
SLOTS
100
AcDbCircle
 10
2.099329306939427
 20
24.319056203548396
 30
0.0
 40
0.125
100
AcDbArc
 50
78.86485720157899
 51
258.86485720157896
  0
ARC
  5
1B4
330
17
100
AcDbEntity
  8
SLOTS
100
AcDbCircle
 10
6.805883493361078
 20
23.392668705003185
 30
0.0
 40
0.125
100
AcDbArc
 50
258.86485720157896
 51
438.86485720157896
  0
LINE
  5
1B5
330
17
100
AcDbEntity
  8
SLOTS
100
AcDbLine
 10
7.085512090766188
 20
22.44584116221214
 30
0.0
 11
1.6164530002575435
 21
23.522311923957314
 31
0.0
  0
LINE
  5
1B6
330
17
100
AcDbEntity
  8
SLOTS
100
AcDbLine
 10
1.6647339536398615
 20
23.76760552261104
 30
0.0
 11
7.133793044148505
 21
22.691134760865864
 31
0.0
  0
ARC
  5
1B7
330
17
100
AcDbEntity
  8
SLOTS
100
AcDbCircle
 10
1.6405934769487025
 20
23.644958723284176
 30
0.0
 40
0.125
100
AcDbArc
 50
78.86485720157896
 51
258.86485720157896
  0
ARC
  5
1B8
330
17
100
AcDbEntity
  8
SLOTS
100
AcDbCircle
 10
7.1096525674573465
 20
22.568487961539002
 30
0.0
 40
0.125
100
AcDbArc
 50
258.86485720157896
 51
438.86485720157896
  0
LINE
  5
1B9
330
17
100
AcDbEntity
  8
SLOTS
100
AcDbLine
 10
7.389281164862457
 20
21.621660418747958
 30
0.0
 11
1.1577171702668188
 21
22.848214443693095
 31
0.0
  0
LINE
  5
1BA
330
17
100
AcDbEntity
  8
SLOTS
100
AcDbLine
 10
1.2059981236491368
 20
23.09350804234682
 30
0.0
 11
7.437562118244774
 21
21.86695401740168
 31
0.0
  0
ARC
  5
1BB
330
17
100
AcDbEntity
  8
SLOTS
100
AcDbCircle
 10
1.1818576469579778
 20
22.970861243019957
 30
0.0
 40
0.125
100
AcDbArc
 50
78.86485720157896
 51
258.86485720157896
  0
ARC
  5
1BC
330
17
100
AcDbEntity
  8
SLOTS
100
AcDbCircle
 10
7.413421641553615
 20
21.74430721807482
 30
0.0
 40
0.125
100
AcDbArc
 50
258.86485720157896
 51
438.86485720157896
  0
LINE
  5
1BD
330
17
100
AcDbEntity
  8
SLOTS
100
AcDbLine
 10
7.693050238958725
 20
20.797479675283775
 30
0.0
 11
1.100859523308841
 21
22.095015584808042
 31
0.0
  0
LINE
  5
1BE
330
17
100
AcDbEntity
  8
SLOTS
100
AcDbLine
 10
1.149140476691159
 20
22.340309183461766
 30
0.0
 11
7.741331192341042
 21
21.0427732739375
 31
0.0
  0
ARC
  5
1BF
330
17
100
AcDbEntity
  8
SLOTS
100
AcDbCircle
 10
1.125
 20
22.217662384134904
 30
0.0
 40
0.125
100
AcDbArc
 50
78.86485720157896
 51
258.86485720157896
  0
ARC
  5
1C0
330
17
100
AcDbEntity
  8
SLOTS
100
AcDbCircle
 10
7.717190715649884
 20
20.920126474610637
 30
0.0
 40
0.125
100
AcDbArc
 50
258.86485720157896
 51
438.86485720157896
  0
LINE
  5
1C1
330
17
100
AcDbEntity
  8
SLOTS
100
AcDbLine
 10
7.470772278435533
 20
20.076840371525982
 30
0.0
 11
1.100859523308841
 21
21.330625478302697
 31
0.0
  0
LINE
  5
1C2
330
17
100
AcDbEntity
  8
SLOTS
100
AcDbLine
 10
1.149140476691159
 20
21.57591907695642
 30
0.0
 11
7.51905323181785
 21
20.322133970179706
 31
0.0
  0
ARC
  5
1C3
330
17
100
AcDbEntity
  8
SLOTS
100
AcDbCircle
 10
1.125
 20
21.45327227762956
 30
0.0
 40
0.125
100
AcDbArc
 50
78.86485720157896
 51
258.86485720157896
  0
ARC
  5
1C4
330
17
100
AcDbEntity
  8
SLOTS
100
AcDbCircle
 10
7.494912755126691
 20
20.199487170852844
 30
0.0
 40
0.125
100
AcDbArc
 50
258.86485720157896
 51
438.86485720157896
  0
LINE
  5
1C5
330
17
100
AcDbEntity
  8
SLOTS
100
AcDbLine
 10
6.278155365119998
 20
19.5471921494839
 30
0.0
 11
1.1008595233088412
 21
20.566235371797347
 31
0.0
  0
LINE
  5
1C6
330
17
100
AcDbEntity
  8
SLOTS
100
AcDbLine
 10
1.1491404766911588
 20
20.81152897045107
 30
0.0
 11
6.326436318502315
 21
19.792485748137626
 31
0.0
  0
ARC
  5
1C7
330
17
100
AcDbEntity
  8
SLOTS
100
AcDbCircle
 10
1.125
 20
20.68888217112421
 30
0.0
 40
0.125
100
AcDbArc
 50
78.86485720157899
 51
258.86485720157896
  0
ARC
  5
1C8
330
17
100
AcDbEntity
  8
SLOTS
100
AcDbCircle
 10
6.302295841811157
 20
19.669838948810764
 30
0.0
 40
0.125
100
AcDbArc
 50
258.86485720157896
 51
438.86485720157896
  0
LINE
  5
1C9
330
17
100
AcDbEntity
  8
SLOTS
100
AcDbLine
 10
4.752895534829815
 20
19.083017781042393
 30
0.0
 11
1.1008595233088412
 21
19.801845265292002
 31
0.0
  0
LINE
  5
1CA
330
17
100
AcDbEntity
  8
SLOTS
100
AcDbLine
 10
1.1491404766911588
 20
20.047138863945726
 30
0.0
 11
4.801176488212132
 21
19.328311379696117
 31
0.0
  0
ARC
  5
1CB
330
17
100
AcDbEntity
  8
SLOTS
100
AcDbCircle
 10
1.125
 20
19.924492064618864
 30
0.0
 40
0.125
100
AcDbArc
 50
78.86485720157899
 51
258.86485720157896
  0
ARC
  5
1CC
330
17
100
AcDbEntity
  8
SLOTS
100
AcDbCircle
 10
4.777036011520973
 20
19.205664580369255
 30
0.0
 40
0.125
100
AcDbArc
 50
258.86485720157896
 51
438.86485720157896
  0
LINE
  5
1CD
330
17
100
AcDbEntity
  8
SLOTS
100
AcDbLine
 10
3.157322515763713
 20
18.63268310433391
 30
0.0
 11
1.7795850842642469
 21
18.903862120290224
 31
0.0
  0
LINE
  5
1CE
330
17
100
AcDbEntity
  8
SLOTS
100
AcDbLine
 10
1.8278660376465645
 20
19.14915571894395
 30
0.0
 11
3.205603469146031
 21
18.877976702987635
 31
0.0
  0
ARC
  5
1CF
330
17
100
AcDbEntity
  8
SLOTS
100
AcDbCircle
 10
1.8037255609554057
 20
19.026508919617086
 30
0.0
 40
0.125
100
AcDbArc
 50
78.86485720157899
 51
258.86485720157896
  0
ARC
  5
1D0
330
17
100
AcDbEntity
  8
SLOTS
100
AcDbCircle
 10
3.181462992454872
 20
18.755329903660773
 30
0.0
 40
0.125
100
AcDbArc
 50
258.86485720157896
 51
438.86485720157896
  0
LINE
  5
1D1
330
17
100
AcDbEntity
  8
SLOTS
100
AcDbLine
 10
9.760476983432557
 20
28.944045600202116
 30
0.0
 11
9.780584780980346
 21
29.877691482951235
 31
0.0
  0
LINE
  5
1D2
330
17
100
AcDbEntity
  8
SLOTS
100
AcDbLine
 10
10.030526821617956
 20
29.872308517048765
 30
0.0
 11
10.010419024070167
 21
28.938662634299646
 31
0.0
  0
ARC
  5
1D3
330
17
100
AcDbEntity
  8
SLOTS
100
AcDbCircle
 10
9.905555801299151
 20
29.875
 30
0.0
 40
0.125
100
AcDbArc
 50
-1.2337802568610812
 51
178.76621974313892
  0
ARC
  5
1D4
330
17
100
AcDbEntity
  8
SLOTS
100
AcDbCircle
 10
9.885448003751362
 20
28.94135411725088
 30
0.0
 40
0.125
100
AcDbArc
 50
178.76621974313892
 51
358.7662197431389
  0
LINE
  5
1D5
330
17
100
AcDbEntity
  8
SLOTS
100
AcDbLine
 10
8.986407913986032
 20
27.834545202070714
 30
0.0
 11
9.030410862572378
 21
29.877691482951235
 31
0.0
  0
LINE
  5
1D6
330
17
100
AcDbEntity
  8
SLOTS
100
AcDbLine
 10
9.280352903209987
 20
29.872308517048765
 30
0.0
 11
9.236349954623641
 21
27.829162236168244
 31
0.0
  0
ARC
  5
1D7
330
17
100
AcDbEntity
  8
SLOTS
100
AcDbCircle
 10
9.155381882891183
 20
29.875
 30
0.0
 40
0.125
100
AcDbArc
 50
-1.2337802568610812
 51
178.76621974313892
  0
ARC
  5
1D8
330
17
100
AcDbEntity
  8
SLOTS
100
AcDbCircle
 10
9.111378934304836
 20
27.83185371911948
 30
0.0
 40
0.125
100
AcDbArc
 50
178.76621974313892
 51
358.7662197431389
  0
LINE
  5
1D9
330
17
100
AcDbEntity
  8
SLOTS
100
AcDbLine
 10
8.230316391356885
 20
27.559778818347652
 30
0.0
 11
8.28023694416441
 21
29.877691482951235
 31
0.0
  0
LINE
  5
1DA
330
17
100
AcDbEntity
  8
SLOTS
100
AcDbLine
 10
8.530178984802019
 20
29.872308517048765
 30
0.0
 11
8.480258431994494
 21
27.554395852445182
 31
0.0
  0
ARC
  5
1DB
330
17
100
AcDbEntity
  8
SLOTS
100
AcDbCircle
 10
8.405207964483214
 20
29.875
 30
0.0
 40
0.125
100
AcDbArc
 50
-1.2337802568610954
 51
178.7662197431389
  0
ARC
  5
1DC
330
17
100
AcDbEntity
  8
SLOTS
100
AcDbCircle
 10
8.35528741167569
 20
27.557087335396417
 30
0.0
 40
0.125
100
AcDbArc
 50
178.7662197431389
 51
358.7662197431389
  0
LINE
  5
1DD
330
17
100
AcDbEntity
  8
SLOTS
100
AcDbLine
 10
7.47465029304327
 20
27.304765749709237
 30
0.0
 11
7.530063025756438
 21
29.877691482951235
 31
0.0
  0
LINE
  5
1DE
330
17
100
AcDbEntity
  8
SLOTS
100
AcDbLine
 10
7.780005066394048
 20
29.872308517048765
 30
0.0
 11
7.72459233368088
 21
27.299382783806767
 31
0.0
  0
ARC
  5
1DF
330
17
100
AcDbEntity
  8
SLOTS
100
AcDbCircle
 10
7.655034046075243
 20
29.875
 30
0.0
 40
0.125
100
AcDbArc
 50
-1.2337802568610812
 51
178.76621974313892
  0
ARC
  5
1E0
330
17
100
AcDbEntity
  8
SLOTS
100
AcDbCircle
 10
7.599621313362075
 20
27.302074266758
 30
0.0
 40
0.125
100
AcDbArc
 50
178.76621974313892
 51
358.7662197431389
  0
LINE
  5
1E1
330
17
100
AcDbEntity
  8
SLOTS
100
AcDbLine
 10
6.718984194729658
 20
27.04975268107082
 30
0.0
 11
6.779889107348469
 21
29.877691482951235
 31
0.0
  0
LINE
  5
1E2
330
17
100
AcDbEntity
  8
SLOTS
100
AcDbLine
 10
7.029831147986078
 20
29.872308517048765
 30
0.0
 11
6.968926235367268
 21
27.04436971516835
 31
0.0
  0
ARC
  5
1E3
330
17
100
AcDbEntity
  8
SLOTS
100
AcDbCircle
 10
6.904860127667273
 20
29.875
 30
0.0
 40
0.125
100
AcDbArc
 50
-1.233780256861067
 51
178.76621974313895
  0
ARC
  5
1E4
330
17
100
AcDbEntity
  8
SLOTS
100
AcDbCircle
 10
6.843955215048463
 20
27.047061198119586
 30
0.0
 40
0.125
100
AcDbArc
 50
178.76621974313895
 51
358.76621974313895
  0
LINE
  5
1E5
330
17
100
AcDbEntity
  8
SLOTS
100
AcDbLine
 10
5.965121683306455
 20
26.87848381516822
 30
0.0
 11
6.0268691823534795
 21
29.745545616357326
 31
0.0
  0
LINE
  5
1E6
330
17
100
AcDbEntity
  8
SLOTS
100
AcDbLine
 10
6.276811222991089
 20
29.740162650454856
 30
0.0
 11
6.2150637239440645
 21
26.87310084926575
 31
0.0
  0
ARC
  5
1E7
330
17
100
AcDbEntity
  8
SLOTS
100
AcDbCircle
 10
6.151840202672284
 20
29.74285413340609
 30
0.0
 40
0.125
100
AcDbArc
 50
-1.2337802568610812
 51
178.76621974313892
  0
ARC
  5
1E8
330
17
100
AcDbEntity
  8
SLOTS
100
AcDbCircle
 10
6.09009270362526
 20
26.875792332216985
 30
0.0
 40
0.125
100
AcDbArc
 50
178.76621974313892
 51
358.7662197431389
  0
LINE
  5
1E9
330
17
100
AcDbEntity
  8
SLOTS
100
AcDbLine
 10
5.227023098316375
 20
27.439166072965993
 30
0.0
 11
5.229622163370991
 21
27.559845942627117
 31
0.0
  0
LINE
  5
1EA
330
17
100
AcDbEntity
  8
SLOTS
100
AcDbLine
 10
5.479564204008601
 20
27.55446297672464
 30
0.0
 11
5.476965138953984
 21
27.433783107063515
 31
0.0
  0
ARC
  5
1EB
330
17
100
AcDbEntity
  8
SLOTS
100
AcDbCircle
 10
5.354593183689796
 20
27.55715445967588
 30
0.0
 40
0.125
100
AcDbArc
 50
-1.2337802568614222
 51
178.76621974313858
  0
ARC
  5
1EC
330
17
100
AcDbEntity
  8
SLOTS
100
AcDbCircle
 10
5.351994118635179
 20
27.436474590014754
 30
0.0
 40
0.125
100
AcDbArc
 50
178.76621974313858
 51
358.76621974313855
  0
LINE
  5
1ED
330
17
100
AcDbEntity
  8
SLOTS
100
AcDbLine
 10
19.574317554931465
 20
29.754695410791143
 30
0.0
 11
17.49855094349938
 21
29.169115780676535
 31
0.0
  0
LINE
  5
1EE
330
17
100
AcDbEntity
  8
SLOTS
100
AcDbLine
 10
17.430674413968532
 20
29.409724959094248
 30
0.0
 11
19.506441025400616
 21
29.995304589208857
 31
0.0
  0
ARC
  5
1EF
330
17
100
AcDbEntity
  8
SLOTS
100
AcDbCircle
 10
17.464612678733957
 20
29.28942036988539
 30
0.0
 40
0.125
100
AcDbArc
 50
-254.246090675065
 51
-74.246090675065
  0
ARC
  5
1F0
330
17
100
AcDbEntity
  8
SLOTS
100
AcDbCircle
 10
19.54037929016604
 20
29.875
 30
0.0
 40
0.125
100
AcDbArc
 50
-74.246090675065
 51
105.753909324935
  0
LINE
  5
1F1
330
17
100
AcDbEntity
  8
SLOTS
100
AcDbLine
 10
1.1147117909071567
 20
4.949230966185739
 30
0.0
 11
1.5605729184907224
 21
4.986052797843094
 31
0.0
  0
LINE
  5
1F2
330
17
100
AcDbEntity
  8
SLOTS
100
AcDbLine
 10
1.5811493366764091
 20
4.736901014757667
 30
0.0
 11
1.1352882090928433
 21
4.700079183100312
 31
0.0
  0
ARC
  5
1F3
330
17
100
AcDbEntity
  8
SLOTS
100
AcDbCircle
 10
1.5708611275835658
 20
4.86147690630038
 30
0.0
 40
0.125
100
AcDbArc
 50
-85.27889174799523
 51
94.72110825200477
  0
ARC
  5
1F4
330
17
100
AcDbEntity
  8
SLOTS
100
AcDbCircle
 10
1.125
 20
4.824655074643026
 30
0.0
 40
0.125
100
AcDbArc
 50
94.72110825200477
 51
274.7211082520048
  0
LINE
  5
1F5
330
17
100
AcDbEntity
  8
SLOTS
100
AcDbLine
 10
1.1147117909071567
 20
5.7017842799852705
 30
0.0
 11
1.4888558869819444
 21
5.732683297793628
 31
0.0
  0
LINE
  5
1F6
330
17
100
AcDbEntity
  8
SLOTS
100
AcDbLine
 10
1.509432305167631
 20
5.483531514708201
 30
0.0
 11
1.1352882090928433
 21
5.452632496899843
 31
0.0
  0
ARC
  5
1F7
330
17
100
AcDbEntity
  8
SLOTS
100
AcDbCircle
 10
1.4991440960747877
 20
5.608107406250914
 30
0.0
 40
0.125
100
AcDbArc
 50
-85.27889174799523
 51
94.72110825200477
  0
ARC
  5
1F8
330
17
100
AcDbEntity
  8
SLOTS
100
AcDbCircle
 10
1.125
 20
5.577208388442557
 30
0.0
 40
0.125
100
AcDbArc
 50
94.72110825200477
 51
274.7211082520048
  0
LINE
  5
1F9
330
17
100
AcDbEntity
  8
SLOTS
100
AcDbLine
 10
1.1147117909071567
 20
6.454337593784801
 30
0.0
 11
1.4171388554731665
 21
6.479313797744161
 31
0.0
  0
LINE
  5
1FA
330
17
100
AcDbEntity
  8
SLOTS
100
AcDbLine
 10
1.4377152736588532
 20
6.230162014658734
 30
0.0
 11
1.1352882090928433
 21
6.205185810699374
 31
0.0
  0
ARC
  5
1FB
330
17
100
AcDbEntity
  8
SLOTS
100
AcDbCircle
 10
1.4274270645660099
 20
6.354737906201447
 30
0.0
 40
0.125
100
AcDbArc
 50
-85.27889174799523
 51
94.72110825200477
  0
ARC
  5
1FC
330
17
100
AcDbEntity
  8
SLOTS
100
AcDbCircle
 10
1.125
 20
6.329761702242087
 30
0.0
 40
0.125
100
AcDbArc
 50
94.72110825200477
 51
274.7211082520048
  0
LINE
  5
1FD
330
17
100
AcDbEntity
  8
SLOTS
100
AcDbLine
 10
1.1147117909071567
 20
7.206890907584331
 30
0.0
 11
1.3454218239643885
 21
7.225944297694694
 31
0.0
  0
LINE
  5
1FE
330
17
100
AcDbEntity
  8
SLOTS
100
AcDbLine
 10
1.3659982421500751
 20
6.976792514609267
 30
0.0
 11
1.1352882090928433
 21
6.957739124498904
 31
0.0
  0
ARC
  5
1FF
330
17
100
AcDbEntity
  8
SLOTS
100
AcDbCircle
 10
1.3557100330572318
 20
7.10136840615198
 30
0.0
 40
0.125
100
AcDbArc
 50
-85.27889174799522
 51
94.72110825200478
  0
ARC
  5
200
330
17
100
AcDbEntity
  8
SLOTS
100
AcDbCircle
 10
1.125
 20
7.082315016041617
 30
0.0
 40
0.125
100
AcDbArc
 50
94.72110825200478
 51
274.7211082520048
  0
LINE
  5
201
330
17
100
AcDbEntity
  8
SLOTS
100
AcDbLine
 10
1.1147117909071567
 20
7.959444221383862
 30
0.0
 11
1.2737047924556104
 21
7.972574797645228
 31
0.0
  0
LINE
  5
202
330
17
100
AcDbEntity
  8
SLOTS
100
AcDbLine
 10
1.294281210641297
 20
7.723423014559801
 30
0.0
 11
1.1352882090928433
 21
7.710292438298435
 31
0.0
  0
ARC
  5
203
330
17
100
AcDbEntity
  8
SLOTS
100
AcDbCircle
 10
1.2839930015484537
 20
7.847998906102514
 30
0.0
 40
0.125
100
AcDbArc
 50
-85.2788917479952
 51
94.7211082520048
  0
ARC
  5
204
330
17
100
AcDbEntity
  8
SLOTS
100
AcDbCircle
 10
1.125
 20
7.834868329841148
 30
0.0
 40
0.125
100
AcDbArc
 50
94.7211082520048
 51
274.7211082520048
  0
LINE
  5
205
330
17
100
AcDbEntity
  8
SLOTS
100
AcDbLine
 10
1.1147117909071567
 20
8.711997535183393
 30
0.0
 11
1.2019877609468326
 21
8.719205297595762
 31
0.0
  0
LINE
  5
206
330
17
100
AcDbEntity
  8
SLOTS
100
AcDbLine
 10
1.2225641791325192
 20
8.470053514510335
 30
0.0
 11
1.1352882090928433
 21
8.462845752097966
 31
0.0
  0
ARC
  5
207
330
17
100
AcDbEntity
  8
SLOTS
100
AcDbCircle
 10
1.212275970039676
 20
8.594629406053048
 30
0.0
 40
0.125
100
AcDbArc
 50
-85.27889174799519
 51
94.72110825200481
  0
ARC
  5
208
330
17
100
AcDbEntity
  8
SLOTS
100
AcDbCircle
 10
1.125
 20
8.58742164364068
 30
0.0
 40
0.125
100
AcDbArc
 50
94.72110825200481
 51
274.7211082520048
  0
LINE
  5
209
330
17
100
AcDbEntity
  8
SLOTS
100
AcDbLine
 10
1.114711790907156
 20
9.464550848982922
 30
0.0
 11
1.1302707294380538
 21
9.465835797546294
 31
0.0
  0
LINE
  5
20A
330
17
100
AcDbEntity
  8
SLOTS
100
AcDbLine
 10
1.1508471476237419
 20
9.216684014460867
 30
0.0
 11
1.135288209092844
 21
9.215399065897495
 31
0.0
  0
ARC
  5
20B
330
17
100
AcDbEntity
  8
SLOTS
100
AcDbCircle
 10
1.1405589385308978
 20
9.34125990600358
 30
0.0
 40
0.125
100
AcDbArc
 50
-85.2788917479949
 51
94.7211082520051
  0
ARC
  5
20C
330
17
100
AcDbEntity
  8
SLOTS
100
AcDbCircle
 10
1.125
 20
9.339974957440209
 30
0.0
 40
0.125
100
AcDbArc
 50
94.7211082520051
 51
274.7211082520051
  0
LINE
  5
20D
330
17
100
AcDbEntity
  8
SLOTS
100
AcDbLine
 10
4.4964881256783364
 20
13.406972973039235
 30
0.0
 11
5.030330336359291
 21
15.923411151714726
 31
0.0
  0
LINE
  5
20E
330
17
100
AcDbEntity
  8
SLOTS
100
AcDbLine
 10
5.2748878359749005
 20
15.871530236324178
 30
0.0
 11
4.741045625293946
 21
13.355092057648687
 31
0.0
  0
ARC
  5
20F
330
17
100
AcDbEntity
  8
SLOTS
100
AcDbCircle
 10
5.152609086167096
 20
15.897470694019452
 30
0.0
 40
0.125
100
AcDbArc
 50
-11.977271833014669
 51
168.02272816698533
  0
ARC
  5
210
330
17
100
AcDbEntity
  8
SLOTS
100
AcDbCircle
 10
4.618766875486141
 20
13.38103251534396
 30
0.0
 40
0.125
100
AcDbArc
 50
168.02272816698533
 51
348.0227281669853
  0
LINE
  5
211
330
17
100
AcDbEntity
  8
SLOTS
100
AcDbLine
 10
3.5584209078911737
 20
12.59913500530289
 30
0.0
 11
4.809382236267398
 21
18.495946429706887
 31
0.0
  0
LINE
  5
212
330
17
100
AcDbEntity
  8
SLOTS
100
AcDbLine
 10
5.053939735883008
 20
18.44406551431634
 30
0.0
 11
3.8029784075067834
 21
12.547254089912341
 31
0.0
  0
ARC
  5
213
330
17
100
AcDbEntity
  8
SLOTS
100
AcDbCircle
 10
4.931660986075203
 20
18.470005972011613
 30
0.0
 40
0.125
100
AcDbArc
 50
-11.977271833014669
 51
168.02272816698533
  0
ARC
  5
214
330
17
100
AcDbEntity
  8
SLOTS
100
AcDbCircle
 10
3.6806996576989786
 20
12.573194547607615
 30
0.0
 40
0.125
100
AcDbArc
 50
168.02272816698533
 51
348.0227281669853
  0
LINE
  5
215
330
17
100
AcDbEntity
  8
SLOTS
100
AcDbLine
 10
2.649390431703777
 20
11.92817112448594
 30
0.0
 11
3.993862128330269
 21
18.265773958896315
 31
0.0
  0
LINE
  5
216
330
17
100
AcDbEntity
  8
SLOTS
100
AcDbLine
 10
4.238419627945879
 20
18.213893043505767
 30
0.0
 11
2.8939479313193868
 21
11.876290209095393
 31
0.0
  0
ARC
  5
217
330
17
100
AcDbEntity
  8
SLOTS
100
AcDbCircle
 10
4.116140878138074
 20
18.23983350120104
 30
0.0
 40
0.125
100
AcDbArc
 50
-11.977271833014669
 51
168.02272816698533
  0
ARC
  5
218
330
17
100
AcDbEntity
  8
SLOTS
100
AcDbCircle
 10
2.771669181511582
 20
11.902230666790667
 30
0.0
 40
0.125
100
AcDbArc
 50
168.02272816698533
 51
348.0227281669853
  0
LINE
  5
219
330
17
100
AcDbEntity
  8
SLOTS
100
AcDbLine
 10
1.9401828273556863
 20
12.199137075383865
 30
0.0
 11
3.1783420203931403
 21
18.03560148808574
 31
0.0
  0
LINE
  5
21A
330
17
100
AcDbEntity
  8
SLOTS
100
AcDbLine
 10
3.42289952000875
 20
17.98372057269519
 30
0.0
 11
2.184740326971296
 21
12.147256159993317
 31
0.0
  0
ARC
  5
21B
330
17
100
AcDbEntity
  8
SLOTS
100
AcDbCircle
 10
3.300620770200945
 20
18.009661030390465
 30
0.0
 40
0.125
100
AcDbArc
 50
-11.977271833014669
 51
168.02272816698533
  0
ARC
  5
21C
330
17
100
AcDbEntity
  8
SLOTS
100
AcDbCircle
 10
2.062461577163491
 20
12.17319661768859
 30
0.0
 40
0.125
100
AcDbArc
 50
168.02272816698533
 51
348.0227281669853
  0
LINE
  5
21D
330
17
100
AcDbEntity
  8
SLOTS
100
AcDbLine
 10
1.2315406955756263
 20
12.472768564395333
 30
0.0
 11
1.7992170386652713
 21
15.148694885507119
 31
0.0
  0
LINE
  5
21E
330
17
100
AcDbEntity
  8
SLOTS
100
AcDbLine
 10
2.043774538280881
 20
15.096813970116571
 30
0.0
 11
1.476098195191236
 21
12.420887649004785
 31
0.0
  0
ARC
  5
21F
330
17
100
AcDbEntity
  8
SLOTS
100
AcDbCircle
 10
1.9214957884730761
 20
15.122754427811845
 30
0.0
 40
0.125
100
AcDbArc
 50
-11.977271833014669
 51
168.02272816698533
  0
ARC
  5
220
330
17
100
AcDbEntity
  8
SLOTS
100
AcDbCircle
 10
1.3538194453834311
 20
12.446828106700059
 30
0.0
 40
0.125
100
AcDbArc
 50
168.02272816698533
 51
348.0227281669853
  0
LINE
  5
221
330
17
100
AcDbEntity
  8
SLOTS
100
AcDbLine
 10
29.032354200143274
 20
10.823269658830345
 30
0.0
 11
29.570865352413634
 21
10.510908910527894
 31
0.0
  0
LINE
  5
222
330
17
100
AcDbEntity
  8
SLOTS
100
AcDbLine
 10
29.44542853411415
 20
10.294655344973696
 30
0.0
 11
28.90691738184379
 21
10.607016093276147
 31
0.0
  0
ARC
  5
223
330
17
100
AcDbEntity
  8
SLOTS
100
AcDbCircle
 10
29.508146943263892
 20
10.402782127750795
 30
0.0
 40
0.125
100
AcDbArc
 50
-120.11566614892143
 51
59.884333851078566
  0
ARC
  5
224
330
17
100
AcDbEntity
  8
SLOTS
100
AcDbCircle
 10
28.969635790993532
 20
10.715142876053246
 30
0.0
 40
0.125
100
AcDbArc
 50
59.884333851078566
 51
239.88433385107857
  0
LINE
  5
225
330
17
100
AcDbEntity
  8
SLOTS
100
AcDbLine
 10
25.19802623945019
 20
13.91439048263269
 30
0.0
 11
29.91216775582162
 21
11.179975855471632
 31
0.0
  0
LINE
  5
226
330
17
100
AcDbEntity
  8
SLOTS
100
AcDbLine
 10
29.786730937522137
 20
10.963722289917435
 30
0.0
 11
25.072589421150706
 21
13.698136917078493
 31
0.0
  0
ARC
  5
227
330
17
100
AcDbEntity
  8
SLOTS
100
AcDbCircle
 10
29.84944934667188
 20
11.071849072694533
 30
0.0
 40
0.125
100
AcDbArc
 50
-120.11566614892136
 51
59.88433385107864
  0
ARC
  5
228
330
17
100
AcDbEntity
  8
SLOTS
100
AcDbCircle
 10
25.135307830300448
 20
13.806263699855592
 30
0.0
 40
0.125
100
AcDbArc
 50
59.88433385107864
 51
239.88433385107862
  0
LINE
  5
229
330
17
100
AcDbEntity
  8
SLOTS
100
AcDbLine
 10
26.31999570787861
 20
14.130635331735343
 30
0.0
 11
30.253470159229607
 21
11.849042800415369
 31
0.0
  0
LINE
  5
22A
330
17
100
AcDbEntity
  8
SLOTS
100
AcDbLine
 10
30.128033340930124
 20
11.632789234861171
 30
0.0
 11
26.194558889579127
 21
13.914381766181146
 31
0.0
  0
ARC
  5
22B
330
17
100
AcDbEntity
  8
SLOTS
100
AcDbCircle
 10
30.190751750079865
 20
11.74091601763827
 30
0.0
 40
0.125
100
AcDbArc
 50
-120.11566614892135
 51
59.88433385107865
  0
ARC
  5
22C
330
17
100
AcDbEntity
  8
SLOTS
100
AcDbCircle
 10
26.25727729872887
 20
14.022508548958244
 30
0.0
 40
0.125
100
AcDbArc
 50
59.88433385107865
 51
239.88433385107865
  0
LINE
  5
22D
330
17
100
AcDbEntity
  8
SLOTS
100
AcDbLine
 10
27.441965176307033
 20
14.346880180837998
 30
0.0
 11
30.594772562637594
 21
12.518109745359105
 31
0.0
  0
LINE
  5
22E
330
17
100
AcDbEntity
  8
SLOTS
100
AcDbLine
 10
30.46933574433811
 20
12.301856179804908
 30
0.0
 11
27.31652835800755
 21
14.1306266152838
 31
0.0
  0
ARC
  5
22F
330
17
100
AcDbEntity
  8
SLOTS
100
AcDbCircle
 10
30.532054153487852
 20
12.409982962582006
 30
0.0
 40
0.125
100
AcDbArc
 50
-120.11566614892135
 51
59.88433385107865
  0
ARC
  5
230
330
17
100
AcDbEntity
  8
SLOTS
100
AcDbCircle
 10
27.37924676715729
 20
14.238753398060899
 30
0.0
 40
0.125
100
AcDbArc
 50
59.88433385107865
 51
239.88433385107865
  0
LINE
  5
231
330
17
100
AcDbEntity
  8
SLOTS
100
AcDbLine
 10
28.563934644735458
 20
14.563125029940652
 30
0.0
 11
30.93607496604558
 21
13.187176690302842
 31
0.0
  0
LINE
  5
232
330
17
100
AcDbEntity
  8
SLOTS
100
AcDbLine
 10
30.810638147746097
 20
12.970923124748644
 30
0.0
 11
28.438497826435974
 21
14.346871464386455
 31
0.0
  0
ARC
  5
233
330
17
100
AcDbEntity
  8
SLOTS
100
AcDbCircle
 10
30.87335655689584
 20
13.079049907525743
 30
0.0
 40
0.125
100
AcDbArc
 50
-120.11566614892138
 51
59.884333851078615
  0
ARC
  5
234
330
17
100
AcDbEntity
  8
SLOTS
100
AcDbCircle
 10
28.501216235585716
 20
14.454998247163553
 30
0.0
 40
0.125
100
AcDbArc
 50
59.884333851078615
 51
239.88433385107862
  0
LINE
  5
235
330
17
100
AcDbEntity
  8
SLOTS
100
AcDbLine
 10
24.810183020079517
 20
19.459217554495957
 30
0.0
 11
25.292980068553007
 21
14.58881229174184
 31
0.0
  0
LINE
  5
236
330
17
100
AcDbEntity
  8
SLOTS
100
AcDbLine
 10
25.044199402470383
 20
14.564150982297944
 30
0.0
 11
24.561402353996893
 21
19.434556245052065
 31
0.0
  0
ARC
  5
237
330
17
100
AcDbEntity
  8
SLOTS
100
AcDbCircle
 10
25.168589735511695
 20
14.576481637019892
 30
0.0
 40
0.125
100
AcDbArc
 50
-174.338837413509
 51
5.661162586490988
  0
ARC
  5
238
330
17
100
AcDbEntity
  8
SLOTS
100
AcDbCircle
 10
24.685792687038205
 20
19.44688689977401
 30
0.0
 40
0.125
100
AcDbArc
 50
5.661162586490988
 51
185.661162586491
  0
LINE
  5
239
330
17
100
AcDbEntity
  8
SLOTS
100
AcDbLine
 10
25.505139454319202
 20
20.05157358590143
 30
0.0
 11
26.032526406774537
 21
14.731350115464569
 31
0.0
  0
LINE
  5
23A
330
17
100
AcDbEntity
  8
SLOTS
100
AcDbLine
 10
25.783745740691913
 20
14.706688806020672
 30
0.0
 11
25.25635878823658
 21
20.026912276457537
 31
0.0
  0
ARC
  5
23B
330
17
100
AcDbEntity
  8
SLOTS
100
AcDbCircle
 10
25.908136073733225
 20
14.71901946074262
 30
0.0
 40
0.125
100
AcDbArc
 50
-174.338837413509
 51
5.6611625864910025
  0
ARC
  5
23C
330
17
100
AcDbEntity
  8
SLOTS
100
AcDbCircle
 10
25.38074912127789
 20
20.039242931179484
 30
0.0
 40
0.125
100
AcDbArc
 50
5.6611625864910025
 51
185.661162586491
  0
LINE
  5
23D
330
17
100
AcDbEntity
  8
SLOTS
100
AcDbLine
 10
26.20633973303827
 20
20.58094237844876
 30
0.0
 11
26.77207274499606
 21
14.873887939187297
 31
0.0
  0
LINE
  5
23E
330
17
100
AcDbEntity
  8
SLOTS
100
AcDbLine
 10
26.523292078913435
 20
14.8492266297434
 30
0.0
 11
25.957559066955646
 21
20.556281069004868
 31
0.0
  0
ARC
  5
23F
330
17
100
AcDbEntity
  8
SLOTS
100
AcDbCircle
 10
26.647682411954747
 20
14.861557284465349
 30
0.0
 40
0.125
100
AcDbArc
 50
-174.33883741350903
 51
5.661162586490974
  0
ARC
  5
240
330
17
100
AcDbEntity
  8
SLOTS
100
AcDbCircle
 10
26.081949399996958
 20
20.568611723726814
 30
0.0
 40
0.125
100
AcDbArc
 50
5.661162586490974
 51
185.66116258649097
  0
LINE
  5
241
330
17
100
AcDbEntity
  8
SLOTS
100
AcDbLine
 10
26.993317480642933
 20
20.24499719029331
 30
0.0
 11
27.511619083217585
 21
15.016425762910027
 31
0.0
  0
LINE
  5
242
330
17
100
AcDbEntity
  8
SLOTS
100
AcDbLine
 10
27.26283841713496
 20
14.99176445346613
 30
0.0
 11
26.74453681456031
 21
20.22033588084942
 31
0.0
  0
ARC
  5
243
330
17
100
AcDbEntity
  8
SLOTS
100
AcDbCircle
 10
27.387228750176273
 20
15.004095108188078
 30
0.0
 40
0.125
100
AcDbArc
 50
-174.338837413509
 51
5.6611625864910025
  0
ARC
  5
244
330
17
100
AcDbEntity
  8
SLOTS
100
AcDbCircle
 10
26.86892714760162
 20
20.232666535571365
 30
0.0
 40
0.125
100
AcDbArc
 50
5.6611625864910025
 51
185.661162586491
  0
LINE
  5
245
330
17
100
AcDbEntity
  8
SLOTS
100
AcDbLine
 10
27.957569659364275
 20
18.12072640033006
 30
0.0
 11
28.25116542143911
 21
15.158963586632755
 31
0.0
  0
LINE
  5
246
330
17
100
AcDbEntity
  8
SLOTS
100
AcDbLine
 10
28.002384755356488
 20
15.134302277188858
 30
0.0
 11
27.70878899328165
 21
18.096065090886167
 31
0.0
  0
ARC
  5
247
330
17
100
AcDbEntity
  8
SLOTS
100
AcDbCircle
 10
28.1267750883978
 20
15.146632931910807
 30
0.0
 40
0.125
100
AcDbArc
 50
-174.33883741350905
 51
5.66116258649096
  0
ARC
  5
248
330
17
100
AcDbEntity
  8
SLOTS
100
AcDbCircle
 10
27.833179326322963
 20
18.108395745608114
 30
0.0
 40
0.125
100
AcDbArc
 50
5.66116258649096
 51
185.66116258649095
  0
LINE
  5
249
330
17
100
AcDbEntity
  8
SLOTS
100
AcDbLine
 10
28.97272999504394
 20
15.48289953882304
 30
0.0
 11
28.990711759660634
 21
15.301501410355481
 31
0.0
  0
LINE
  5
24A
330
17
100
AcDbEntity
  8
SLOTS
100
AcDbLine
 10
28.74193109357801
 20
15.276840100911588
 30
0.0
 11
28.723949328961318
 21
15.458238229379146
 31
0.0
  0
ARC
  5
24B
330
17
100
AcDbEntity
  8
SLOTS
100
AcDbCircle
 10
28.866321426619322
 20
15.289170755633535
 30
0.0
 40
0.125
100
AcDbArc
 50
-174.3388374135095
 51
5.661162586490505
  0
ARC
  5
24C
330
17
100
AcDbEntity
  8
SLOTS
100
AcDbCircle
 10
28.84833966200263
 20
15.470568884101093
 30
0.0
 40
0.125
100
AcDbArc
 50
5.661162586490505
 51
185.6611625864905
  0
LINE
  5
24D
330
17
100
AcDbEntity
  8
SLOTS
100
AcDbLine
 10
25.119733466534562
 20
23.148316893363265
 30
0.0
 11
26.772003034681344
 21
25.737621823387546
 31
0.0
  0
LINE
  5
24E
330
17
100
AcDbEntity
  8
SLOTS
100
AcDbLine
 10
26.982751239243843
 20
25.60314061922249
 30
0.0
 11
25.33048167109706
 21
23.01383568919821
 31
0.0
  0
ARC
  5
24F
330
17
100
AcDbEntity
  8
SLOTS
100
AcDbCircle
 10
26.877377136962593
 20
25.670381221305018
 30
0.0
 40
0.125
100
AcDbArc
 50
-32.54248355110626
 51
147.45751644889373
  0
ARC
  5
250
330
17
100
AcDbEntity
  8
SLOTS
100
AcDbCircle
 10
25.22510756881581
 20
23.081076291280738
 30
0.0
 40
0.125
100
AcDbArc
 50
147.45751644889373
 51
327.4575164488937
  0
LINE
  5
251
330
17
100
AcDbEntity
  8
SLOTS
100
AcDbLine
 10
24.515269384853664
 20
23.59529593728568
 30
0.0
 11
27.019755312007597
 21
27.52012629389007
 31
0.0
  0
LINE
  5
252
330
17
100
AcDbEntity
  8
SLOTS
100
AcDbLine
 10
27.230503516570096
 20
27.385645089725013
 30
0.0
 11
24.726017589416163
 21
23.460814733120625
 31
0.0
  0
ARC
  5
253
330
17
100
AcDbEntity
  8
SLOTS
100
AcDbCircle
 10
27.125129414288846
 20
27.45288569180754
 30
0.0
 40
0.125
100
AcDbArc
 50
-32.542483551106244
 51
147.45751644889376
  0
ARC
  5
254
330
17
100
AcDbEntity
  8
SLOTS
100
AcDbCircle
 10
24.620643487134913
 20
23.528055335203153
 30
0.0
 40
0.125
100
AcDbArc
 50
147.45751644889376
 51
327.4575164488938
  0
LINE
  5
255
330
17
100
AcDbEntity
  8
SLOTS
100
AcDbLine
 10
23.910805303172765
 20
24.04227498120809
 30
0.0
 11
26.525324897503303
 21
28.139541314593554
 31
0.0
  0
LINE
  5
256
330
17
100
AcDbEntity
  8
SLOTS
100
AcDbLine
 10
26.736073102065802
 20
28.0050601104285
 30
0.0
 11
24.121553507735264
 21
23.907793777043036
 31
0.0
  0
ARC
  5
257
330
17
100
AcDbEntity
  8
SLOTS
100
AcDbCircle
 10
26.630698999784553
 20
28.072300712511026
 30
0.0
 40
0.125
100
AcDbArc
 50
-32.54248355110626
 51
147.45751644889373
  0
ARC
  5
258
330
17
100
AcDbEntity
  8
SLOTS
100
AcDbCircle
 10
24.016179405454015
 20
23.975034379125564
 30
0.0
 40
0.125
100
AcDbArc
 50
147.45751644889373
 51
327.4575164488937
  0
LINE
  5
259
330
17
100
AcDbEntity
  8
SLOTS
100
AcDbLine
 10
23.306341221491866
 20
24.489254025130503
 30
0.0
 11
25.987879058866515
 21
28.69154599746804
 31
0.0
  0
LINE
  5
25A
330
17
100
AcDbEntity
  8
SLOTS
100
AcDbLine
 10
26.198627263429014
 20
28.557064793302985
 30
0.0
 11
23.517089426054365
 21
24.354772820965447
 31
0.0
  0
ARC
  5
25B
330
17
100
AcDbEntity
  8
SLOTS
100
AcDbCircle
 10
26.093253161147764
 20
28.624305395385512
 30
0.0
 40
0.125
100
AcDbArc
 50
-32.542483551106244
 51
147.45751644889376
  0
ARC
  5
25C
330
17
100
AcDbEntity
  8
SLOTS
100
AcDbCircle
 10
23.411715323773116
 20
24.422013423047975
 30
0.0
 40
0.125
100
AcDbArc
 50
147.45751644889376
 51
327.4575164488938
  0
LINE
  5
25D
330
17
100
AcDbEntity
  8
SLOTS
100
AcDbLine
 10
22.70187713981097
 20
24.936233069052914
 30
0.0
 11
25.38497034962005
 21
29.140962496869964
 31
0.0
  0
LINE
  5
25E
330
17
100
AcDbEntity
  8
SLOTS
100
AcDbLine
 10
25.59571855418255
 20
29.00648129270491
 30
0.0
 11
22.91262534437347
 21
24.80175186488786
 31
0.0
  0
ARC
  5
25F
330
17
100
AcDbEntity
  8
SLOTS
100
AcDbCircle
 10
25.4903444519013
 20
29.073721894787436
 30
0.0
 40
0.125
100
AcDbArc
 50
-32.542483551106194
 51
147.4575164488938
  0
ARC
  5
260
330
17
100
AcDbEntity
  8
SLOTS
100
AcDbCircle
 10
22.80725124209222
 20
24.868992466970386
 30
0.0
 40
0.125
100
AcDbArc
 50
147.4575164488938
 51
327.4575164488938
  0
LINE
  5
261
330
17
100
AcDbEntity
  8
SLOTS
100
AcDbLine
 10
22.097413058130073
 20
25.38321211297533
 30
0.0
 11
24.78206164037359
 21
29.590378996271884
 31
0.0
  0
LINE
  5
262
330
17
100
AcDbEntity
  8
SLOTS
100
AcDbLine
 10
24.99280984493609
 20
29.45589779210683
 30
0.0
 11
22.308161262692572
 21
25.248730908810273
 31
0.0
  0
ARC
  5
263
330
17
100
AcDbEntity
  8
SLOTS
100
AcDbCircle
 10
24.88743574265484
 20
29.523138394189356
 30
0.0
 40
0.125
100
AcDbArc
 50
-32.542483551106244
 51
147.45751644889376
  0
ARC
  5
264
330
17
100
AcDbEntity
  8
SLOTS
100
AcDbCircle
 10
22.202787160411322
 20
25.3159715108928
 30
0.0
 40
0.125
100
AcDbArc
 50
147.45751644889376
 51
327.4575164488938
  0
LINE
  5
265
330
17
100
AcDbEntity
  8
SLOTS
100
AcDbLine
 10
21.492948976449174
 20
25.83019115689774
 30
0.0
 11
23.928896693069447
 21
29.647613902873015
 31
0.0
  0
LINE
  5
266
330
17
100
AcDbEntity
  8
SLOTS
100
AcDbLine
 10
24.139644897631946
 20
29.51313269870796
 30
0.0
 11
21.703697181011673
 21
25.695709952732685
 31
0.0
  0
ARC
  5
267
330
17
100
AcDbEntity
  8
SLOTS
100
AcDbCircle
 10
24.034270795350697
 20
29.580373300790487
 30
0.0
 40
0.125
100
AcDbArc
 50
-32.54248355110623
 51
147.45751644889378
  0
ARC
  5
268
330
17
100
AcDbEntity
  8
SLOTS
100
AcDbCircle
 10
21.598323078730424
 20
25.762950554815212
 30
0.0
 40
0.125
100
AcDbArc
 50
147.45751644889378
 51
327.4575164488938
  0
LINE
  5
269
330
17
100
AcDbEntity
  8
SLOTS
100
AcDbLine
 10
20.945017057540433
 20
26.36576289210543
 30
0.0
 11
23.068775522695365
 21
29.693947572147877
 31
0.0
  0
LINE
  5
26A
330
17
100
AcDbEntity
  8
SLOTS
100
AcDbLine
 10
23.279523727257864
 20
29.55946636798282
 30
0.0
 11
21.155765262102932
 21
26.231281687940374
 31
0.0
  0
ARC
  5
26B
330
17
100
AcDbEntity
  8
SLOTS
100
AcDbCircle
 10
23.174149624976614
 20
29.62670697006535
 30
0.0
 40
0.125
100
AcDbArc
 50
-32.542483551106244
 51
147.45751644889376
  0
ARC
  5
26C
330
17
100
AcDbEntity
  8
SLOTS
100
AcDbCircle
 10
21.050391159821682
 20
26.298522290022902
 30
0.0
 40
0.125
100
AcDbArc
 50
147.45751644889376
 51
327.4575164488938
  0
LINE
  5
26D
330
17
100
AcDbEntity
  8
SLOTS
100
AcDbLine
 10
20.806805181870747
 20
27.54341516207631
 30
0.0
 11
22.208654352321282
 21
29.740281241422736
 31
0.0
  0
LINE
  5
26E
330
17
100
AcDbEntity
  8
SLOTS
100
AcDbLine
 10
22.41940255688378
 20
29.60580003725768
 30
0.0
 11
21.017553386433246
 21
27.408933957911255
 31
0.0
  0
ARC
  5
26F
330
17
100
AcDbEntity
  8
SLOTS
100
AcDbCircle
 10
22.314028454602532
 20
29.673040639340208
 30
0.0
 40
0.125
100
AcDbArc
 50
-32.542483551106194
 51
147.4575164488938
  0
ARC
  5
270
330
17
100
AcDbEntity
  8
SLOTS
100
AcDbCircle
 10
20.912179284151996
 20
27.476174559993783
 30
0.0
 40
0.125
100
AcDbArc
 50
147.4575164488938
 51
327.4575164488938
  0
LINE
  5
271
330
17
100
AcDbEntity
  8
SLOTS
100
AcDbLine
 10
20.668593306201057
 20
28.721067432047192
 30
0.0
 11
21.3485331819472
 21
29.786614910697594
 31
0.0
  0
LINE
  5
272
330
17
100
AcDbEntity
  8
SLOTS
100
AcDbLine
 10
21.5592813865097
 20
29.65213370653254
 30
0.0
 11
20.879341510763556
 21
28.586586227882137
 31
0.0
  0
ARC
  5
273
330
17
100
AcDbEntity
  8
SLOTS
100
AcDbCircle
 10
21.45390728422845
 20
29.719374308615066
 30
0.0
 40
0.125
100
AcDbArc
 50
-32.54248355110618
 51
147.4575164488938
  0
ARC
  5
274
330
17
100
AcDbEntity
  8
SLOTS
100
AcDbCircle
 10
20.773967408482306
 20
28.653826829964665
 30
0.0
 40
0.125
100
AcDbArc
 50
147.4575164488938
 51
327.45751644889384
  0
LINE
  5
275
330
17
100
AcDbEntity
  8
SLOTS
100
AcDbLine
 10
19.7171902765785
 20
23.16412568756566
 30
0.0
 11
20.252221928945822
 21
21.41115283824185
 31
0.0
  0
LINE
  5
276
330
17
100
AcDbEntity
  8
SLOTS
100
AcDbLine
 10
20.013111216443093
 20
21.338172928907593
 30
0.0
 11
19.47807956407577
 21
23.091145778231404
 31
0.0
  0
ARC
  5
277
330
17
100
AcDbEntity
  8
SLOTS
100
AcDbCircle
 10
20.132666572694458
 20
21.37466288357472
 30
0.0
 40
0.125
100
AcDbArc
 50
-163.02708308476633
 51
16.972916915233682
  0
ARC
  5
278
330
17
100
AcDbEntity
  8
SLOTS
100
AcDbCircle
 10
19.597634920327135
 20
23.127635732898533
 30
0.0
 40
0.125
100
AcDbArc
 50
16.972916915233682
 51
196.97291691523367
  0
LINE
  5
279
330
17
100
AcDbEntity
  8
SLOTS
100
AcDbLine
 10
20.111644770853154
 20
24.440938795092297
 30
0.0
 11
21.364967245437636
 21
20.334564415795622
 31
0.0
  0
LINE
  5
27A
330
17
100
AcDbEntity
  8
SLOTS
100
AcDbLine
 10
21.125856532934908
 20
20.261584506461364
 30
0.0
 11
19.872534058350425
 21
24.36795888575804
 31
0.0
  0
ARC
  5
27B
330
17
100
AcDbEntity
  8
SLOTS
100
AcDbCircle
 10
21.245411889186272
 20
20.298074461128493
 30
0.0
 40
0.125
100
AcDbArc
 50
-163.0270830847664
 51
16.972916915233625
  0
ARC
  5
27C
330
17
100
AcDbEntity
  8
SLOTS
100
AcDbCircle
 10
19.99208941460179
 20
24.404448840425168
 30
0.0
 40
0.125
100
AcDbArc
 50
16.972916915233625
 51
196.9729169152336
  0
LINE
  5
27D
330
17
100
AcDbEntity
  8
SLOTS
100
AcDbLine
 10
20.648008672976385
 20
25.252801206858248
 30
0.0
 11
22.31197024114418
 21
19.801012628724056
 31
0.0
  0
LINE
  5
27E
330
17
100
AcDbEntity
  8
SLOTS
100
AcDbLine
 10
22.07285952864145
 20
19.728032719389798
 30
0.0
 11
20.408897960473656
 21
25.17982129752399
 31
0.0
  0
ARC
  5
27F
330
17
100
AcDbEntity
  8
SLOTS
100
AcDbCircle
 10
22.192414884892816
 20
19.764522674056927
 30
0.0
 40
0.125
100
AcDbArc
 50
-163.0270830847664
 51
16.972916915233597
  0
ARC
  5
280
330
17
100
AcDbEntity
  8
SLOTS
100
AcDbCircle
 10
20.52845331672502
 20
25.21631125219112
 30
0.0
 40
0.125
100
AcDbArc
 50
16.972916915233597
 51
196.9729169152336
  0
LINE
  5
281
330
17
100
AcDbEntity
  8
SLOTS
100
AcDbLine
 10
21.501092304273932
 20
25.02696597282846
 30
0.0
 11
23.080404313320695
 21
19.852522441832765
 31
0.0
  0
LINE
  5
282
330
17
100
AcDbEntity
  8
SLOTS
100
AcDbLine
 10
22.841293600817966
 20
19.779542532498507
 30
0.0
 11
21.261981591771203
 21
24.953986063494202
 31
0.0
  0
ARC
  5
283
330
17
100
AcDbEntity
  8
SLOTS
100
AcDbCircle
 10
22.96084895706933
 20
19.816032487165636
 30
0.0
 40
0.125
100
AcDbArc
 50
-163.0270830847664
 51
16.97291691523361
  0
ARC
  5
284
330
17
100
AcDbEntity
  8
SLOTS
100
AcDbCircle
 10
21.381536948022568
 20
24.99047601816133
 30
0.0
 40
0.125
100
AcDbArc
 50
16.97291691523361
 51
196.9729169152336
  0
LINE
  5
285
330
17
100
AcDbEntity
  8
SLOTS
100
AcDbLine
 10
22.513813469337112
 20
24.278095772201887
 30
0.0
 11
23.84883838549721
 21
19.904032254941473
 31
0.0
  0
LINE
  5
286
330
17
100
AcDbEntity
  8
SLOTS
100
AcDbLine
 10
23.60972767299448
 20
19.831052345607215
 30
0.0
 11
22.274702756834383
 21
24.20511586286763
 31
0.0
  0
ARC
  5
287
330
17
100
AcDbEntity
  8
SLOTS
100
AcDbCircle
 10
23.729283029245845
 20
19.867542300274344
 30
0.0
 40
0.125
100
AcDbArc
 50
-163.0270830847664
 51
16.972916915233597
  0
ARC
  5
288
330
17
100
AcDbEntity
  8
SLOTS
100
AcDbCircle
 10
22.394258113085748
 20
24.241605817534758
 30
0.0
 40
0.125
100
AcDbArc
 50
16.972916915233597
 51
196.9729169152336
  0
LINE
  5
289
330
17
100
AcDbEntity
  8
SLOTS
100
AcDbLine
 10
23.526534634400292
 20
23.529225571575314
 30
0.0
 11
24.53177318391953
 21
20.235671112499904
 31
0.0
  0
LINE
  5
28A
330
17
100
AcDbEntity
  8
SLOTS
100
AcDbLine
 10
24.2926624714168
 20
20.162691203165647
 30
0.0
 11
23.287423921897563
 21
23.456245662241056
 31
0.0
  0
ARC
  5
28B
330
17
100
AcDbEntity
  8
SLOTS
100
AcDbCircle
 10
24.412217827668165
 20
20.199181157832776
 30
0.0
 40
0.125
100
AcDbArc
 50
-163.0270830847664
 51
16.972916915233625
  0
ARC
  5
28C
330
17
100
AcDbEntity
  8
SLOTS
100
AcDbCircle
 10
23.406979278148928
 20
23.492735616908185
 30
0.0
 40
0.125
100
AcDbArc
 50
16.972916915233625
 51
196.9729169152336
  0
LINE
  5
28D
330
17
100
AcDbEntity
  8
SLOTS
100
AcDbLine
 10
24.539255799463472
 20
22.78035537094874
 30
0.0
 11
25.15404312101012
 21
20.76607177106951
 31
0.0
  0
LINE
  5
28E
330
17
100
AcDbEntity
  8
SLOTS
100
AcDbLine
 10
24.91493240850739
 20
20.69309186173525
 30
0.0
 11
24.300145086960743
 21
22.707375461614483
 31
0.0
  0
ARC
  5
28F
330
17
100
AcDbEntity
  8
SLOTS
100
AcDbCircle
 10
25.034487764758754
 20
20.72958181640238
 30
0.0
 40
0.125
100
AcDbArc
 50
-163.0270830847664
 51
16.97291691523361
  0
ARC
  5
290
330
17
100
AcDbEntity
  8
SLOTS
100
AcDbCircle
 10
24.419700443212108
 20
22.74386541628161
 30
0.0
 40
0.125
100
AcDbArc
 50
16.97291691523361
 51
196.9729169152336
  0
LINE
  5
291
330
17
100
AcDbEntity
  8
SLOTS
100
AcDbLine
 10
25.551976964526656
 20
22.031485170322163
 30
0.0
 11
25.70230584744698
 21
21.538948982860145
 31
0.0
  0
LINE
  5
292
330
17
100
AcDbEntity
  8
SLOTS
100
AcDbLine
 10
25.46319513494425
 20
21.465969073525887
 30
0.0
 11
25.312866252023927
 21
21.958505260987906
 31
0.0
  0
ARC
  5
293
330
17
100
AcDbEntity
  8
SLOTS
100
AcDbCircle
 10
25.582750491195615
 20
21.502459028193016
 30
0.0
 40
0.125
100
AcDbArc
 50
-163.02708308476633
 51
16.972916915233668
  0
ARC
  5
294
330
17
100
AcDbEntity
  8
SLOTS
100
AcDbCircle
 10
25.43242160827529
 20
21.994995215655035
 30
0.0
 40
0.125
100
AcDbArc
 50
16.972916915233668
 51
196.97291691523367
  0
LINE
  5
295
330
17
100
AcDbEntity
  8
SLOTS
100
AcDbLine
 10
13.697096286191753
 20
1.4192518925607225
 30
0.0
 11
19.445512773949527
 21
1.4833596727728529
 31
0.0
  0
LINE
  5
296
330
17
100
AcDbEntity
  8
SLOTS
100
AcDbLine
 10
19.44830066319224
 20
1.2333752179090147
 30
0.0
 11
13.699884175434468
 21
1.1692674376968843
 31
0.0
  0
ARC
  5
297
330
17
100
AcDbEntity
  8
SLOTS
100
AcDbCircle
 10
19.446906718570883
 20
1.3583674453409338
 30
0.0
 40
0.125
100
AcDbArc
 50
-89.36104960708752
 51
90.63895039291248
  0
ARC
  5
298
330
17
100
AcDbEntity
  8
SLOTS
100
AcDbCircle
 10
13.69849023081311
 20
1.2942596651288034
 30
0.0
 40
0.125
100
AcDbArc
 50
90.63895039291248
 51
270.6389503929125
  0
LINE
  5
299
330
17
100
AcDbEntity
  8
SLOTS
100
AcDbLine
 10
12.675238490508542
 20
2.157902516834169
 30
0.0
 11
19.394410936410043
 21
2.232836410591974
 31
0.0
  0
LINE
  5
29A
330
17
100
AcDbEntity
  8
SLOTS
100
AcDbLine
 10
19.397198825652755
 20
1.9828519557281357
 30
0.0
 11
12.678026379751257
 21
1.9079180619703304
 31
0.0
  0
ARC
  5
29B
330
17
100
AcDbEntity
  8
SLOTS
100
AcDbCircle
 10
19.3958048810314
 20
2.1078441831600547
 30
0.0
 40
0.125
100
AcDbArc
 50
-89.36104960708752
 51
90.63895039291248
  0
ARC
  5
29C
330
17
100
AcDbEntity
  8
SLOTS
100
AcDbCircle
 10
12.6766324351299
 20
2.0329102894022495
 30
0.0
 40
0.125
100
AcDbArc
 50
90.63895039291248
 51
270.6389503929125
  0
LINE
  5
29D
330
17
100
AcDbEntity
  8
SLOTS
100
AcDbLine
 10
12.078369579330534
 20
2.9012927235749753
 30
0.0
 11
19.343309098870556
 21
2.982313148411095
 31
0.0
  0
LINE
  5
29E
330
17
100
AcDbEntity
  8
SLOTS
100
AcDbLine
 10
19.346096988113267
 20
2.7323286935472564
 30
0.0
 11
12.081157468573249
 21
2.6513082687111367
 31
0.0
  0
ARC
  5
29F
330
17
100
AcDbEntity
  8
SLOTS
100
AcDbCircle
 10
19.34470304349191
 20
2.8573209209791757
 30
0.0
 40
0.125
100
AcDbArc
 50
-89.36104960708754
 51
90.63895039291246
  0
ARC
  5
2A0
330
17
100
AcDbEntity
  8
SLOTS
100
AcDbCircle
 10
12.079763523951891
 20
2.776300496143056
 30
0.0
 40
0.125
100
AcDbArc
 50
90.63895039291246
 51
270.6389503929125
  0
LINE
  5
2A1
330
17
100
AcDbEntity
  8
SLOTS
100
AcDbLine
 10
12.618748824076748
 20
3.657365806544723
 30
0.0
 11
19.292207261331072
 21
3.7317898862302163
 31
0.0
  0
LINE
  5
2A2
330
17
100
AcDbEntity
  8
SLOTS
100
AcDbLine
 10
19.294995150573783
 20
3.4818054313663778
 30
0.0
 11
12.621536713319463
 21
3.4073813516808844
 31
0.0
  0
ARC
  5
2A3
330
17
100
AcDbEntity
  8
SLOTS
100
AcDbCircle
 10
19.293601205952427
 20
3.606797658798297
 30
0.0
 40
0.125
100
AcDbArc
 50
-89.36104960708752
 51
90.63895039291248
  0
ARC
  5
2A4
330
17
100
AcDbEntity
  8
SLOTS
100
AcDbCircle
 10
12.620142768698106
 20
3.5323735791128037
 30
0.0
 40
0.125
100
AcDbArc
 50
90.63895039291248
 51
270.6389503929125
  0
LINE
  5
2A5
330
17
100
AcDbEntity
  8
SLOTS
100
AcDbLine
 10
13.159128068822962
 20
4.413438889514471
 30
0.0
 11
17.016689712528628
 21
4.456459382990561
 31
0.0
  0
LINE
  5
2A6
330
17
100
AcDbEntity
  8
SLOTS
100
AcDbLine
 10
17.01947760177134
 20
4.206474928126722
 30
0.0
 11
13.161915958065677
 21
4.163454434650633
 31
0.0
  0
ARC
  5
2A7
330
17
100
AcDbEntity
  8
SLOTS
100
AcDbCircle
 10
17.018083657149983
 20
4.3314671555586415
 30
0.0
 40
0.125
100
AcDbArc
 50
-89.36104960708752
 51
90.63895039291248
  0
ARC
  5
2A8
330
17
100
AcDbEntity
  8
SLOTS
100
AcDbCircle
 10
13.16052201344432
 20
4.288446662082552
 30
0.0
 40
0.125
100
AcDbArc
 50
90.63895039291248
 51
270.6389503929125
  0
LINE
  5
2A9
330
17
100
AcDbEntity
  8
SLOTS
100
AcDbLine
 10
8.629561188152978
 20
4.468254454114863
 30
0.0
 11
10.323476614448186
 21
2.696026728221417
 31
0.0
  0
LINE
  5
2AA
330
17
100
AcDbEntity
  8
SLOTS
100
AcDbLine
 10
10.142752036184014
 20
2.5232881198814265
 30
0.0
 11
8.448836609888806
 21
4.295515845774872
 31
0.0
  0
ARC
  5
2AB
330
17
100
AcDbEntity
  8
SLOTS
100
AcDbCircle
 10
10.2331143253161
 20
2.609657424051422
 30
0.0
 40
0.125
100
AcDbArc
 50
-136.29429189925844
 51
43.705708100741546
  0
ARC
  5
2AC
330
17
100
AcDbEntity
  8
SLOTS
100
AcDbCircle
 10
8.539198899020892
 20
4.381885149944868
 30
0.0
 40
0.125
100
AcDbArc
 50
43.705708100741546
 51
223.70570810074156
  0
LINE
  5
2AD
330
17
100
AcDbEntity
  8
SLOTS
100
AcDbLine
 10
8.024227168283955
 20
6.187029071457036
 30
0.0
 11
11.180439403015706
 21
2.884900320301245
 31
0.0
  0
LINE
  5
2AE
330
17
100
AcDbEntity
  8
SLOTS
100
AcDbLine
 10
10.999714824751534
 20
2.7121617119612544
 30
0.0
 11
7.8435025900197815
 21
6.014290463117045
 31
0.0
  0
ARC
  5
2AF
330
17
100
AcDbEntity
  8
SLOTS
100
AcDbCircle
 10
11.09007711388362
 20
2.7985310161312498
 30
0.0
 40
0.125
100
AcDbArc
 50
-136.29429189925844
 51
43.70570810074155
  0
ARC
  5
2B0
330
17
100
AcDbEntity
  8
SLOTS
100
AcDbCircle
 10
7.933864879151868
 20
6.10065976728704
 30
0.0
 40
0.125
100
AcDbArc
 50
43.70570810074155
 51
223.70570810074156
  0
LINE
  5
2B1
330
17
100
AcDbEntity
  8
SLOTS
100
AcDbLine
 10
7.41981320345625
 20
7.904841098206869
 30
0.0
 11
11.672213359288504
 21
3.4558459826466206
 31
0.0
  0
LINE
  5
2B2
330
17
100
AcDbEntity
  8
SLOTS
100
AcDbLine
 10
11.491488781024332
 20
3.283107374306631
 30
0.0
 11
7.239088625192076
 21
7.732102489866878
 31
0.0
  0
ARC
  5
2B3
330
17
100
AcDbEntity
  8
SLOTS
100
AcDbCircle
 10
11.581851070156418
 20
3.3694766784766257
 30
0.0
 40
0.125
100
AcDbArc
 50
-136.29429189925844
 51
43.705708100741546
  0
ARC
  5
2B4
330
17
100
AcDbEntity
  8
SLOTS
100
AcDbCircle
 10
7.329450914324163
 20
7.818471794036873
 30
0.0
 40
0.125
100
AcDbArc
 50
43.705708100741546
 51
223.70570810074156
  0
LINE
  5
2B5
330
17
100
AcDbEntity
  8
SLOTS
100
AcDbLine
 10
7.9379029461594035
 20
8.448254355087016
 30
0.0
 11
12.11609251113922
 21
4.076900699437943
 31
0.0
  0
LINE
  5
2B6
330
17
100
AcDbEntity
  8
SLOTS
100
AcDbLine
 10
11.935367932875048
 20
3.9041620910979535
 30
0.0
 11
7.7571783678952295
 21
8.275515746747026
 31
0.0
  0
ARC
  5
2B7
330
17
100
AcDbEntity
  8
SLOTS
100
AcDbCircle
 10
12.025730222007134
 20
3.9905313952679484
 30
0.0
 40
0.125
100
AcDbArc
 50
-136.29429189925847
 51
43.70570810074154
  0
ARC
  5
2B8
330
17
100
AcDbEntity
  8
SLOTS
100
AcDbCircle
 10
7.8475406570273165
 20
8.36188505091702
 30
0.0
 40
0.125
100
AcDbArc
 50
43.70570810074154
 51
223.70570810074153
  0
LINE
  5
2B9
330
17
100
AcDbEntity
  8
SLOTS
100
AcDbLine
 10
8.455992688862557
 20
8.991667611967161
 30
0.0
 11
12.559971662989938
 21
4.6979554162292665
 31
0.0
  0
LINE
  5
2BA
330
17
100
AcDbEntity
  8
SLOTS
100
AcDbLine
 10
12.379247084725765
 20
4.525216807889276
 30
0.0
 11
8.275268110598384
 21
8.81892900362717
 31
0.0
  0
ARC
  5
2BB
330
17
100
AcDbEntity
  8
SLOTS
100
AcDbCircle
 10
12.469609373857852
 20
4.611586112059271
 30
0.0
 40
0.125
100
AcDbArc
 50
-136.29429189925844
 51
43.705708100741546
  0
ARC
  5
2BC
330
17
100
AcDbEntity
  8
SLOTS
100
AcDbCircle
 10
8.36563039973047
 20
8.905298307797166
 30
0.0
 40
0.125
100
AcDbArc
 50
43.705708100741546
 51
223.70570810074156
  0
LINE
  5
2BD
330
17
100
AcDbEntity
  8
SLOTS
100
AcDbLine
 10
8.974082431565712
 20
9.53508086884731
 30
0.0
 11
13.003850814840655
 21
5.319010133020591
 31
0.0
  0
LINE
  5
2BE
330
17
100
AcDbEntity
  8
SLOTS
100
AcDbLine
 10
12.823126236576483
 20
5.1462715246806
 30
0.0
 11
8.79335785330154
 21
9.362342260507319
 31
0.0
  0
ARC
  5
2BF
330
17
100
AcDbEntity
  8
SLOTS
100
AcDbCircle
 10
12.91348852570857
 20
5.232640828850595
 30
0.0
 40
0.125
100
AcDbArc
 50
-136.29429189925847
 51
43.70570810074154
  0
ARC
  5
2C0
330
17
100
AcDbEntity
  8
SLOTS
100
AcDbCircle
 10
8.883720142433626
 20
9.448711564677314
 30
0.0
 40
0.125
100
AcDbArc
 50
43.70570810074154
 51
223.70570810074153
  0
LINE
  5
2C1
330
17
100
AcDbEntity
  8
SLOTS
100
AcDbLine
 10
9.492172174268866
 20
10.078494125727456
 30
0.0
 11
13.401472268980902
 21
5.988461111600376
 31
0.0
  0
LINE
  5
2C2
330
17
100
AcDbEntity
  8
SLOTS
100
AcDbLine
 10
13.22074769071673
 20
5.815722503260385
 30
0.0
 11
9.311447596004694
 21
9.905755517387465
 31
0.0
  0
ARC
  5
2C3
330
17
100
AcDbEntity
  8
SLOTS
100
AcDbCircle
 10
13.311109979848815
 20
5.902091807430381
 30
0.0
 40
0.125
100
AcDbArc
 50
-136.29429189925844
 51
43.705708100741546
  0
ARC
  5
2C4
330
17
100
AcDbEntity
  8
SLOTS
100
AcDbCircle
 10
9.40180988513678
 20
9.99212482155746
 30
0.0
 40
0.125
100
AcDbArc
 50
43.705708100741546
 51
223.70570810074156
  0
LINE
  5
2C5
330
17
100
AcDbEntity
  8
SLOTS
100
AcDbLine
 10
10.01026191697202
 20
10.621907382607603
 30
0.0
 11
13.717443114530282
 21
6.743337531223159
 31
0.0
  0
LINE
  5
2C6
330
17
100
AcDbEntity
  8
SLOTS
100
AcDbLine
 10
13.53671853626611
 20
6.5705989228831685
 30
0.0
 11
9.829537338707848
 21
10.449168774267612
 31
0.0
  0
ARC
  5
2C7
330
17
100
AcDbEntity
  8
SLOTS
100
AcDbCircle
 10
13.627080825398195
 20
6.656968227053164
 30
0.0
 40
0.125
100
AcDbArc
 50
-136.29429189925844
 51
43.705708100741546
  0
ARC
  5
2C8
330
17
100
AcDbEntity
  8
SLOTS
100
AcDbCircle
 10
9.919899627839934
 20
10.535538078437607
 30
0.0
 40
0.125
100
AcDbArc
 50
43.705708100741546
 51
223.70570810074156
  0
LINE
  5
2C9
330
17
100
AcDbEntity
  8
SLOTS
100
AcDbLine
 10
10.528351659675174
 20
11.165320639487751
 30
0.0
 11
14.033413960079661
 21
7.498213950845941
 31
0.0
  0
LINE
  5
2CA
330
17
100
AcDbEntity
  8
SLOTS
100
AcDbLine
 10
13.85268938181549
 20
7.325475342505951
 30
0.0
 11
10.347627081411002
 21
10.99258203114776
 31
0.0
  0
ARC
  5
2CB
330
17
100
AcDbEntity
  8
SLOTS
100
AcDbCircle
 10
13.943051670947575
 20
7.411844646675946
 30
0.0
 40
0.125
100
AcDbArc
 50
-136.29429189925847
 51
43.70570810074154
  0
ARC
  5
2CC
330
17
100
AcDbEntity
  8
SLOTS
100
AcDbCircle
 10
10.437989370543088
 20
11.078951335317756
 30
0.0
 40
0.125
100
AcDbArc
 50
43.70570810074154
 51
223.70570810074153
  0
LINE
  5
2CD
330
17
100
AcDbEntity
  8
SLOTS
100
AcDbLine
 10
11.046441402378328
 20
11.708733896367896
 30
0.0
 11
14.34938480562904
 21
8.253090370468723
 31
0.0
  0
LINE
  5
2CE
330
17
100
AcDbEntity
  8
SLOTS
100
AcDbLine
 10
14.168660227364867
 20
8.080351762128732
 30
0.0
 11
10.865716824114156
 21
11.535995288027905
 31
0.0
  0
ARC
  5
2CF
330
17
100
AcDbEntity
  8
SLOTS
100
AcDbCircle
 10
14.259022516496954
 20
8.166721066298727
 30
0.0
 40
0.125
100
AcDbArc
 50
-136.29429189925847
 51
43.70570810074153
  0
ARC
  5
2D0
330
17
100
AcDbEntity
  8
SLOTS
100
AcDbCircle
 10
10.956079113246242
 20
11.6223645921979
 30
0.0
 40
0.125
100
AcDbArc
 50
43.70570810074153
 51
223.70570810074153
  0
LINE
  5
2D1
330
17
100
AcDbEntity
  8
SLOTS
100
AcDbLine
 10
12.347711061555556
 20
11.432759632010383
 30
0.0
 11
14.386532819456262
 21
9.299680027552759
 31
0.0
  0
LINE
  5
2D2
330
17
100
AcDbEntity
  8
SLOTS
100
AcDbLine
 10
14.20580824119209
 20
9.126941419212768
 30
0.0
 11
12.166986483291383
 21
11.260021023670392
 31
0.0
  0
ARC
  5
2D3
330
17
100
AcDbEntity
  8
SLOTS
100
AcDbCircle
 10
14.296170530324176
 20
9.213310723382763
 30
0.0
 40
0.125
100
AcDbArc
 50
-136.29429189925847
 51
43.70570810074154
  0
ARC
  5
2D4
330
17
100
AcDbEntity
  8
SLOTS
100
AcDbCircle
 10
12.25734877242347
 20
11.346390327840387
 30
0.0
 40
0.125
100
AcDbArc
 50
43.70570810074154
 51
223.70570810074153
  0
LINE
  5
2D5
330
17
100
AcDbEntity
  8
SLOTS
100
AcDbLine
 10
26.142244433721867
 20
29.46455675824339
 30
0.0
 11
26.2573265222361
 21
29.906499596331475
 31
0.0
  0
LINE
  5
2D6
330
17
100
AcDbEntity
  8
SLOTS
100
AcDbLine
 10
26.499258541042657
 20
29.843500403668525
 30
0.0
 11
26.384176452528425
 21
29.40155756558044
 31
0.0
  0
ARC
  5
2D7
330
17
100
AcDbEntity
  8
SLOTS
100
AcDbCircle
 10
26.378292531639378
 20
29.875
 30
0.0
 40
0.125
100
AcDbArc
 50
-14.595702301757214
 51
165.40429769824277
  0
ARC
  5
2D8
330
17
100
AcDbEntity
  8
SLOTS
100
AcDbCircle
 10
26.263210443125146
 20
29.433057161911915
 30
0.0
 40
0.125
100
AcDbArc
 50
165.40429769824277
 51
345.4042976982428
  0
LINE
  5
2D9
330
17
100
AcDbEntity
  8
SLOTS
100
AcDbLine
 10
19.543323630475232
 20
25.427131279913983
 30
0.0
 11
20.023077318047427
 21
27.60432372547205
 31
0.0
  0
LINE
  5
2DA
330
17
100
AcDbEntity
  8
SLOTS
100
AcDbLine
 10
20.267220270047225
 20
27.550525779518473
 30
0.0
 11
19.78746658247503
 21
25.373333333960407
 31
0.0
  0
ARC
  5
2DB
330
17
100
AcDbEntity
  8
SLOTS
100
AcDbCircle
 10
20.145148794047326
 20
27.57742475249526
 30
0.0
 40
0.125
100
AcDbArc
 50
-12.426779079096463
 51
167.57322092090354
  0
ARC
  5
2DC
330
17
100
AcDbEntity
  8
SLOTS
100
AcDbCircle
 10
19.66539510647513
 20
25.400232306937195
 30
0.0
 40
0.125
100
AcDbArc
 50
167.57322092090354
 51
347.5732209209035
  0
LINE
  5
2DD
330
17
100
AcDbEntity
  8
SLOTS
100
AcDbLine
 10
18.788514732669555
 20
25.48696121276652
 30
0.0
 11
19.508556565723634
 21
28.75461642839262
 31
0.0
  0
LINE
  5
2DE
330
17
100
AcDbEntity
  8
SLOTS
100
AcDbLine
 10
19.752699517723432
 20
28.700818482439043
 30
0.0
 11
19.032657684669353
 21
25.433163266812944
 31
0.0
  0
ARC
  5
2DF
330
17
100
AcDbEntity
  8
SLOTS
100
AcDbCircle
 10
19.630628041723533
 20
28.72771745541583
 30
0.0
 40
0.125
100
AcDbArc
 50
-12.426779079096363
 51
167.57322092090362
  0
ARC
  5
2E0
330
17
100
AcDbEntity
  8
SLOTS
100
AcDbCircle
 10
18.910586208669454
 20
25.460062239789732
 30
0.0
 40
0.125
100
AcDbArc
 50
167.57322092090362
 51
347.5732209209036
  0
LINE
  5
2E1
330
17
100
AcDbEntity
  8
SLOTS
100
AcDbLine
 10
18.041255025272076
 20
25.5810504765061
 30
0.0
 11
18.686025013820334
 21
28.50711104582395
 31
0.0
  0
LINE
  5
2E2
330
17
100
AcDbEntity
  8
SLOTS
100
AcDbLine
 10
18.930167965820132
 20
28.453313099870375
 30
0.0
 11
18.285397977271874
 21
25.527252530552524
 31
0.0
  0
ARC
  5
2E3
330
17
100
AcDbEntity
  8
SLOTS
100
AcDbCircle
 10
18.808096489820233
 20
28.480212072847163
 30
0.0
 40
0.125
100
AcDbArc
 50
-12.42677907909642
 51
167.57322092090357
  0
ARC
  5
2E4
330
17
100
AcDbEntity
  8
SLOTS
100
AcDbCircle
 10
18.163326501271975
 20
25.55415150352931
 30
0.0
 40
0.125
100
AcDbArc
 50
167.57322092090357
 51
347.57322092090357
  0
LINE
  5
2E5
330
17
100
AcDbEntity
  8
SLOTS
100
AcDbLine
 10
17.293995317874597
 20
25.67513974024568
 30
0.0
 11
17.86349346191703
 21
28.259605663255282
 31
0.0
  0
LINE
  5
2E6
330
17
100
AcDbEntity
  8
SLOTS
100
AcDbLine
 10
18.10763641391683
 20
28.205807717301706
 30
0.0
 11
17.538138269874395
 21
25.621341794292103
 31
0.0
  0
ARC
  5
2E7
330
17
100
AcDbEntity
  8
SLOTS
100
AcDbCircle
 10
17.98556493791693
 20
28.232706690278494
 30
0.0
 40
0.125
100
AcDbArc
 50
-12.426779079096406
 51
167.5732209209036
  0
ARC
  5
2E8
330
17
100
AcDbEntity
  8
SLOTS
100
AcDbCircle
 10
17.416066793874496
 20
25.64824076726889
 30
0.0
 40
0.125
100
AcDbArc
 50
167.5732209209036
 51
347.5732209209036
  0
LINE
  5
2E9
330
17
100
AcDbEntity
  8
SLOTS
100
AcDbLine
 10
16.546735610477118
 20
25.769229003985256
 30
0.0
 11
16.92347897903621
 21
27.478945546429816
 31
0.0
  0
LINE
  5
2EA
330
17
100
AcDbEntity
  8
SLOTS
100
AcDbLine
 10
17.16762193103601
 20
27.42514760047624
 30
0.0
 11
16.790878562476916
 21
25.71543105803168
 31
0.0
  0
ARC
  5
2EB
330
17
100
AcDbEntity
  8
SLOTS
100
AcDbCircle
 10
17.04555045503611
 20
27.45204657345303
 30
0.0
 40
0.125
100
AcDbArc
 50
-12.426779079096406
 51
167.5732209209036
  0
ARC
  5
2EC
330
17
100
AcDbEntity
  8
SLOTS
100
AcDbCircle
 10
16.668807086477017
 20
25.742330031008468
 30
0.0
 40
0.125
100
AcDbArc
 50
167.5732209209036
 51
347.5732209209036
  0
LINE
  5
2ED
330
17
100
AcDbEntity
  8
SLOTS
100
AcDbLine
 10
15.855979070395392
 20
26.11973791017198
 30
0.0
 11
15.967472150109028
 21
26.625709822785996
 31
0.0
  0
LINE
  5
2EE
330
17
100
AcDbEntity
  8
SLOTS
100
AcDbLine
 10
16.211615102108826
 20
26.57191187683242
 30
0.0
 11
16.10012202239519
 21
26.065939964218405
 31
0.0
  0
ARC
  5
2EF
330
17
100
AcDbEntity
  8
SLOTS
100
AcDbCircle
 10
16.089543626108927
 20
26.598810849809208
 30
0.0
 40
0.125
100
AcDbArc
 50
-12.426779079096534
 51
167.57322092090345
  0
ARC
  5
2F0
330
17
100
AcDbEntity
  8
SLOTS
100
AcDbCircle
 10
15.978050546395291
 20
26.092838937195193
 30
0.0
 40
0.125
100
AcDbArc
 50
167.57322092090345
 51
347.57322092090345
  0
LINE
  5
2F1
330
17
100
AcDbEntity
  8
SLOTS
100
AcDbLine
 10
17.51965047567772
 20
23.302789613437902
 30
0.0
 11
18.798356810703964
 21
23.16097751992085
 31
0.0
  0
LINE
  5
2F2
330
17
100
AcDbEntity
  8
SLOTS
100
AcDbLine
 10
18.77080006271037
 20
22.91250091007594
 30
0.0
 11
17.49209372768413
 21
23.054313003592995
 31
0.0
  0
ARC
  5
2F3
330
17
100
AcDbEntity
  8
SLOTS
100
AcDbCircle
 10
18.784578436707168
 20
23.036739214998395
 30
0.0
 40
0.125
100
AcDbArc
 50
-96.3284008226668
 51
83.6715991773332
  0
ARC
  5
2F4
330
17
100
AcDbEntity
  8
SLOTS
100
AcDbCircle
 10
17.505872101680925
 20
23.17855130851545
 30
0.0
 40
0.125
100
AcDbArc
 50
83.6715991773332
 51
263.67159917733323
  0
LINE
  5
2F5
330
17
100
AcDbEntity
  8
SLOTS
100
AcDbLine
 10
17.171010925730933
 20
24.096052900237865
 30
0.0
 11
19.023757266222418
 21
23.890578171518573
 31
0.0
  0
LINE
  5
2F6
330
17
100
AcDbEntity
  8
SLOTS
100
AcDbLine
 10
18.996200518228825
 20
23.642101561673666
 30
0.0
 11
17.14345417773734
 21
23.847576290392958
 31
0.0
  0
ARC
  5
2F7
330
17
100
AcDbEntity
  8
SLOTS
100
AcDbCircle
 10
19.00997889222562
 20
23.76633986659612
 30
0.0
 40
0.125
100
AcDbArc
 50
-96.3284008226668
 51
83.6715991773332
  0
ARC
  5
2F8
330
17
100
AcDbEntity
  8
SLOTS
100
AcDbCircle
 10
17.157232551734136
 20
23.97181459531541
 30
0.0
 40
0.125
100
AcDbArc
 50
83.6715991773332
 51
263.67159917733323
  0
LINE
  5
2F9
330
17
100
AcDbEntity
  8
SLOTS
100
AcDbLine
 10
16.822371375784147
 20
24.88931618703783
 30
0.0
 11
19.249157721740875
 21
24.620178823116298
 31
0.0
  0
LINE
  5
2FA
330
17
100
AcDbEntity
  8
SLOTS
100
AcDbLine
 10
19.221600973747282
 20
24.37170221327139
 30
0.0
 11
16.794814627790554
 21
24.640839577192924
 31
0.0
  0
ARC
  5
2FB
330
17
100
AcDbEntity
  8
SLOTS
100
AcDbCircle
 10
19.23537934774408
 20
24.495940518193844
 30
0.0
 40
0.125
100
AcDbArc
 50
-96.32840082266686
 51
83.67159917733314
  0
ARC
  5
2FC
330
17
100
AcDbEntity
  8
SLOTS
100
AcDbCircle
 10
16.80859300178735
 20
24.765077882115378
 30
0.0
 40
0.125
100
AcDbArc
 50
83.67159917733314
 51
263.6715991773331
  0
LINE
  5
2FD
330
17
100
AcDbEntity
  8
SLOTS
100
AcDbLine
 10
14.264752351540519
 20
21.19059273299766
 30
0.0
 11
14.450258918434292
 21
20.998942688256438
 31
0.0
  0
LINE
  5
2FE
330
17
100
AcDbEntity
  8
SLOTS
100
AcDbLine
 10
14.270626549108977
 20
20.82506856168617
 30
0.0
 11
14.085119982215204
 21
21.016718606427393
 31
0.0
  0
ARC
  5
2FF
330
17
100
AcDbEntity
  8
SLOTS
100
AcDbCircle
 10
14.360442733771634
 20
20.912005624971304
 30
0.0
 40
0.125
100
AcDbArc
 50
-135.93320444275167
 51
44.06679555724833
  0
ARC
  5
300
330
17
100
AcDbEntity
  8
SLOTS
100
AcDbCircle
 10
14.174936166877862
 20
21.103655669712527
 30
0.0
 40
0.125
100
AcDbArc
 50
44.06679555724833
 51
224.06679555724833
  0
LINE
  5
301
330
17
100
AcDbEntity
  8
SLOTS
100
AcDbLine
 10
14.51319245996857
 20
22.012291265757163
 30
0.0
 11
15.182588057168447
 21
21.32072708934504
 31
0.0
  0
LINE
  5
302
330
17
100
AcDbEntity
  8
SLOTS
100
AcDbLine
 10
15.002955687843135
 20
21.146852962774773
 30
0.0
 11
14.333560090643259
 21
21.838417139186895
 31
0.0
  0
ARC
  5
303
330
17
100
AcDbEntity
  8
SLOTS
100
AcDbCircle
 10
15.092771872505791
 20
21.233790026059907
 30
0.0
 40
0.125
100
AcDbArc
 50
-135.93320444275122
 51
44.06679555724877
  0
ARC
  5
304
330
17
100
AcDbEntity
  8
SLOTS
100
AcDbCircle
 10
14.423376275305914
 20
21.92535420247203
 30
0.0
 40
0.125
100
AcDbArc
 50
44.06679555724877
 51
224.06679555724878
  0
LINE
  5
305
330
17
100
AcDbEntity
  8
SLOTS
100
AcDbLine
 10
14.761632568396621
 20
22.833989798516665
 30
0.0
 11
15.841342195675336
 21
21.718523096499666
 31
0.0
  0
LINE
  5
306
330
17
100
AcDbEntity
  8
SLOTS
100
AcDbLine
 10
15.661709826350025
 20
21.544648969929398
 30
0.0
 11
14.58200019907131
 21
22.660115671946397
 31
0.0
  0
ARC
  5
307
330
17
100
AcDbEntity
  8
SLOTS
100
AcDbCircle
 10
15.75152601101268
 20
21.631586033214532
 30
0.0
 40
0.125
100
AcDbArc
 50
-135.93320444275133
 51
44.06679555724868
  0
ARC
  5
308
330
17
100
AcDbEntity
  8
SLOTS
100
AcDbCircle
 10
14.671816383733965
 20
22.74705273523153
 30
0.0
 40
0.125
100
AcDbArc
 50
44.06679555724868
 51
224.06679555724867
  0
LINE
  5
309
330
17
100
AcDbEntity
  8
SLOTS
100
AcDbLine
 10
15.010072676824674
 20
23.65568833127617
 30
0.0
 11
16.500096334182228
 21
22.116319103654295
 31
0.0
  0
LINE
  5
30A
330
17
100
AcDbEntity
  8
SLOTS
100
AcDbLine
 10
16.320463964856916
 20
21.942444977084026
 30
0.0
 11
14.830440307499362
 21
23.481814204705902
 31
0.0
  0
ARC
  5
30B
330
17
100
AcDbEntity
  8
SLOTS
100
AcDbCircle
 10
16.410280149519572
 20
22.02938204036916
 30
0.0
 40
0.125
100
AcDbArc
 50
-135.93320444275136
 51
44.066795557248646
  0
ARC
  5
30C
330
17
100
AcDbEntity
  8
SLOTS
100
AcDbCircle
 10
14.920256492162018
 20
23.568751267991036
 30
0.0
 40
0.125
100
AcDbArc
 50
44.066795557248646
 51
224.06679555724864
  0
LINE
  5
30D
330
17
100
AcDbEntity
  8
SLOTS
100
AcDbLine
 10
15.258512785252726
 20
24.477386864035672
 30
0.0
 11
17.063286712401638
 21
22.61284368544328
 31
0.0
  0
LINE
  5
30E
330
17
100
AcDbEntity
  8
SLOTS
100
AcDbLine
 10
16.883654343076326
 20
22.438969558873012
 30
0.0
 11
15.078880415927415
 21
24.303512737465404
 31
0.0
  0
ARC
  5
30F
330
17
100
AcDbEntity
  8
SLOTS
100
AcDbCircle
 10
16.973470527738982
 20
22.525906622158146
 30
0.0
 40
0.125
100
AcDbArc
 50
-135.9332044427513
 51
44.06679555724869
  0
ARC
  5
310
330
17
100
AcDbEntity
  8
SLOTS
100
AcDbCircle
 10
15.16869660059007
 20
24.390449800750538
 30
0.0
 40
0.125
100
AcDbArc
 50
44.06679555724869
 51
224.0667955572487
  0
LINE
  5
311
330
17
100
AcDbEntity
  8
SLOTS
100
AcDbLine
 10
15.506952893680777
 20
25.299085396795174
 30
0.0
 11
16.19517201858019
 21
24.58807430814587
 31
0.0
  0
LINE
  5
312
330
17
100
AcDbEntity
  8
SLOTS
100
AcDbLine
 10
16.01553964925488
 20
24.414200181575602
 30
0.0
 11
15.327320524355466
 21
25.125211270224906
 31
0.0
  0
ARC
  5
313
330
17
100
AcDbEntity
  8
SLOTS
100
AcDbCircle
 10
16.105355833917535
 20
24.501137244860736
 30
0.0
 40
0.125
100
AcDbArc
 50
-135.9332044427513
 51
44.06679555724869
  0
ARC
  5
314
330
17
100
AcDbEntity
  8
SLOTS
100
AcDbCircle
 10
15.417136709018122
 20
25.21214833351004
 30
0.0
 40
0.125
100
AcDbArc
 50
44.06679555724869
 51
224.0667955572487
  0
LINE
  5
315
330
17
100
AcDbEntity
  8
SLOTS
100
AcDbLine
 10
20.80260647088568
 20
19.202406619331168
 30
0.0
 11
20.6916751294694
 21
19.642421822604057
 31
0.0
  0
LINE
  5
316
330
17
100
AcDbEntity
  8
SLOTS
100
AcDbLine
 10
20.934090041338944
 20
19.70353655489734
 30
0.0
 11
21.045021382755227
 21
19.26352135162445
 31
0.0
  0
ARC
  5
317
330
17
100
AcDbEntity
  8
SLOTS
100
AcDbCircle
 10
20.81288258540417
 20
19.6729791887507
 30
0.0
 40
0.125
100
AcDbArc
 50
14.149860388893657
 51
194.14986038889367
  0
ARC
  5
318
330
17
100
AcDbEntity
  8
SLOTS
100
AcDbCircle
 10
20.923813926820454
 20
19.23296398547781
 30
0.0
 40
0.125
100
AcDbArc
 50
194.14986038889367
 51
374.14986038889367
  0
LINE
  5
319
330
17
100
AcDbEntity
  8
SLOTS
100
AcDbLine
 10
20.157819033674404
 20
18.691991060540218
 30
0.0
 11
19.668683771689743
 21
20.63217269886059
 31
0.0
  0
LINE
  5
31A
330
17
100
AcDbEntity
  8
SLOTS
100
AcDbLine
 10
19.91109868355929
 20
20.693287431153873
 30
0.0
 11
20.40023394554395
 21
18.7531057928335
 31
0.0
  0
ARC
  5
31B
330
17
100
AcDbEntity
  8
SLOTS
100
AcDbCircle
 10
19.789891227624516
 20
20.66273006500723
 30
0.0
 40
0.125
100
AcDbArc
 50
14.149860388893558
 51
194.14986038889356
  0
ARC
  5
31C
330
17
100
AcDbEntity
  8
SLOTS
100
AcDbCircle
 10
20.279026489609176
 20
18.72254842668686
 30
0.0
 40
0.125
100
AcDbArc
 50
194.14986038889356
 51
374.14986038889356
  0
LINE
  5
31D
330
17
100
AcDbEntity
  8
SLOTS
100
AcDbLine
 10
19.513031596463122
 20
18.18157550174927
 30
0.0
 11
18.645692413910083
 21
21.62192357511712
 31
0.0
  0
LINE
  5
31E
330
17
100
AcDbEntity
  8
SLOTS
100
AcDbLine
 10
18.88810732577963
 20
21.683038307410403
 30
0.0
 11
19.755446508332668
 21
18.242690234042552
 31
0.0
  0
ARC
  5
31F
330
17
100
AcDbEntity
  8
SLOTS
100
AcDbCircle
 10
18.766899869844856
 20
21.65248094126376
 30
0.0
 40
0.125
100
AcDbArc
 50
14.149860388893558
 51
194.14986038889356
  0
ARC
  5
320
330
17
100
AcDbEntity
  8
SLOTS
100
AcDbCircle
 10
19.634239052397895
 20
18.21213286789591
 30
0.0
 40
0.125
100
AcDbArc
 50
194.14986038889356
 51
374.14986038889356
  0
LINE
  5
321
330
17
100
AcDbEntity
  8
SLOTS
100
AcDbLine
 10
18.868244159251844
 20
17.67115994295832
 30
0.0
 11
17.831778705428267
 21
21.782356576181126
 31
0.0
  0
LINE
  5
322
330
17
100
AcDbEntity
  8
SLOTS
100
AcDbLine
 10
18.074193617297812
 20
21.84347130847441
 30
0.0
 11
19.11065907112139
 21
17.732274675251603
 31
0.0
  0
ARC
  5
323
330
17
100
AcDbEntity
  8
SLOTS
100
AcDbCircle
 10
17.95298616136304
 20
21.812913942327768
 30
0.0
 40
0.125
100
AcDbArc
 50
14.149860388893586
 51
194.1498603888936
  0
ARC
  5
324
330
17
100
AcDbEntity
  8
SLOTS
100
AcDbCircle
 10
18.989451615186617
 20
17.70171730910496
 30
0.0
 40
0.125
100
AcDbArc
 50
194.1498603888936
 51
374.14986038889356
  0
LINE
  5
325
330
17
100
AcDbEntity
  8
SLOTS
100
AcDbLine
 10
18.223456722040563
 20
17.160744384167366
 30
0.0
 11
17.101010996741596
 21
21.612986443756487
 31
0.0
  0
LINE
  5
326
330
17
100
AcDbEntity
  8
SLOTS
100
AcDbLine
 10
17.34342590861114
 20
21.67410117604977
 30
0.0
 11
18.46587163391011
 21
17.22185911646065
 31
0.0
  0
ARC
  5
327
330
17
100
AcDbEntity
  8
SLOTS
100
AcDbCircle
 10
17.22221845267637
 20
21.64354380990313
 30
0.0
 40
0.125
100
AcDbArc
 50
14.149860388893543
 51
194.14986038889356
  0
ARC
  5
328
330
17
100
AcDbEntity
  8
SLOTS
100
AcDbCircle
 10
18.344664177975336
 20
17.191301750314008
 30
0.0
 40
0.125
100
AcDbArc
 50
194.14986038889356
 51
374.14986038889356
  0
LINE
  5
329
330
17
100
AcDbEntity
  8
SLOTS
100
AcDbLine
 10
17.57866928482928
 20
16.650328825376416
 30
0.0
 11
16.429737237138873
 21
21.207630324274827
 31
0.0
  0
LINE
  5
32A
330
17
100
AcDbEntity
  8
SLOTS
100
AcDbLine
 10
16.67215214900842
 20
21.26874505656811
 30
0.0
 11
17.821084196698827
 21
16.7114435576697
 31
0.0
  0
ARC
  5
32B
330
17
100
AcDbEntity
  8
SLOTS
100
AcDbCircle
 10
16.550944693073646
 20
21.23818769042147
 30
0.0
 40
0.125
100
AcDbArc
 50
14.14986038889353
 51
194.14986038889353
  0
ARC
  5
32C
330
17
100
AcDbEntity
  8
SLOTS
100
AcDbCircle
 10
17.699876740764054
 20
16.680886191523058
 30
0.0
 40
0.125
100
AcDbArc
 50
194.14986038889353
 51
374.14986038889356
  0
LINE
  5
32D
330
17
100
AcDbEntity
  8
SLOTS
100
AcDbLine
 10
16.825380509754872
 20
16.570289728509493
 30
0.0
 11
15.75846347753615
 21
20.802274204793168
 31
0.0
  0
LINE
  5
32E
330
17
100
AcDbEntity
  8
SLOTS
100
AcDbLine
 10
16.000878389405695
 20
20.86338893708645
 30
0.0
 11
17.067795421624417
 21
16.631404460802777
 31
0.0
  0
ARC
  5
32F
330
17
100
AcDbEntity
  8
SLOTS
100
AcDbCircle
 10
15.879670933470923
 20
20.83283157093981
 30
0.0
 40
0.125
100
AcDbArc
 50
14.14986038889353
 51
194.14986038889353
  0
ARC
  5
330
330
17
100
AcDbEntity
  8
SLOTS
100
AcDbCircle
 10
16.946587965689645
 20
16.600847094656135
 30
0.0
 40
0.125
100
AcDbArc
 50
194.14986038889353
 51
374.14986038889356
  0
LINE
  5
331
330
17
100
AcDbEntity
  8
SLOTS
100
AcDbLine
 10
15.549305564641088
 20
18.563910428245084
 30
0.0
 11
15.087189717933429
 21
20.39691808531151
 31
0.0
  0
LINE
  5
332
330
17
100
AcDbEntity
  8
SLOTS
100
AcDbLine
 10
15.329604629802974
 20
20.458032817604792
 30
0.0
 11
15.791720476510633
 21
18.625025160538367
 31
0.0
  0
ARC
  5
333
330
17
100
AcDbEntity
  8
SLOTS
100
AcDbCircle
 10
15.208397173868201
 20
20.42747545145815
 30
0.0
 40
0.125
100
AcDbArc
 50
14.14986038889353
 51
194.14986038889353
  0
ARC
  5
334
330
17
100
AcDbEntity
  8
SLOTS
100
AcDbCircle
 10
15.67051302057586
 20
18.594467794391726
 30
0.0
 40
0.125
100
AcDbArc
 50
194.14986038889353
 51
374.14986038889356
  0
LINE
  5
335
330
17
100
AcDbEntity
  8
SLOTS
100
AcDbLine
 10
5.720961217058571
 20
14.78926837260965
 30
0.0
 11
6.600485315636901
 21
14.5721306325419
 31
0.0
  0
LINE
  5
336
330
17
100
AcDbEntity
  8
SLOTS
100
AcDbLine
 10
6.5405641740065255
 20
14.32941792833029
 30
0.0
 11
5.661040075428195
 21
14.54655566839804
 31
0.0
  0
ARC
  5
337
330
17
100
AcDbEntity
  8
SLOTS
100
AcDbCircle
 10
6.5705247448217134
 20
14.450774280436095
 30
0.0
 40
0.125
100
AcDbArc
 50
-103.86792397797001
 51
76.13207602202999
  0
ARC
  5
338
330
17
100
AcDbEntity
  8
SLOTS
100
AcDbCircle
 10
5.691000646243383
 20
14.667912020503845
 30
0.0
 40
0.125
100
AcDbArc
 50
76.13207602202999
 51
256.13207602203
  0
LINE
  5
339
330
17
100
AcDbEntity
  8
SLOTS
100
AcDbLine
 10
5.855610077756903
 20
15.528544411457986
 30
0.0
 11
7.62466132905545
 21
15.091799367869188
 31
0.0
  0
LINE
  5
33A
330
17
100
AcDbEntity
  8
SLOTS
100
AcDbLine
 10
7.564740187425074
 20
14.849086663657578
 30
0.0
 11
5.795688936126527
 21
15.285831707246377
 31
0.0
  0
ARC
  5
33B
330
17
100
AcDbEntity
  8
SLOTS
100
AcDbCircle
 10
7.594700758240262
 20
14.970443015763383
 30
0.0
 40
0.125
100
AcDbArc
 50
-103.86792397796997
 51
76.13207602203003
  0
ARC
  5
33C
330
17
100
AcDbEntity
  8
SLOTS
100
AcDbCircle
 10
5.825649506941715
 20
15.407188059352181
 30
0.0
 40
0.125
100
AcDbArc
 50
76.13207602203003
 51
256.13207602203005
  0
LINE
  5
33D
330
17
100
AcDbEntity
  8
SLOTS
100
AcDbLine
 10
5.990258938455233
 20
16.26782045030632
 30
0.0
 11
8.64257694614194
 21
15.613013675755166
 31
0.0
  0
LINE
  5
33E
330
17
100
AcDbEntity
  8
SLOTS
100
AcDbLine
 10
8.582655804511564
 20
15.370300971543557
 30
0.0
 11
5.930337796824857
 21
16.025107746094708
 31
0.0
  0
ARC
  5
33F
330
17
100
AcDbEntity
  8
SLOTS
100
AcDbCircle
 10
8.612616375326752
 20
15.491657323649362
 30
0.0
 40
0.125
100
AcDbArc
 50
-103.86792397796994
 51
76.13207602203006
  0
ARC
  5
340
330
17
100
AcDbEntity
  8
SLOTS
100
AcDbCircle
 10
5.960298367640045
 20
16.146464098200514
 30
0.0
 40
0.125
100
AcDbArc
 50
76.13207602203006
 51
256.13207602203005
  0
LINE
  5
341
330
17
100
AcDbEntity
  8
SLOTS
100
AcDbLine
 10
6.124907799153565
 20
17.007096489154655
 30
0.0
 11
8.61600961152358
 21
16.392090921153695
 31
0.0
  0
LINE
  5
342
330
17
100
AcDbEntity
  8
SLOTS
100
AcDbLine
 10
8.556088469893204
 20
16.149378216942083
 30
0.0
 11
6.064986657523189
 21
16.764383784943043
 31
0.0
  0
ARC
  5
343
330
17
100
AcDbEntity
  8
SLOTS
100
AcDbCircle
 10
8.586049040708392
 20
16.27073456904789
 30
0.0
 40
0.125
100
AcDbArc
 50
-103.86792397796991
 51
76.13207602203009
  0
ARC
  5
344
330
17
100
AcDbEntity
  8
SLOTS
100
AcDbCircle
 10
6.094947228338377
 20
16.88574013704885
 30
0.0
 40
0.125
100
AcDbArc
 50
76.13207602203009
 51
256.1320760220301
  0
LINE
  5
345
330
17
100
AcDbEntity
  8
SLOTS
100
AcDbLine
 10
6.259556659851897
 20
17.746372528002993
 30
0.0
 11
8.589442276905222
 21
17.171168166552224
 31
0.0
  0
LINE
  5
346
330
17
100
AcDbEntity
  8
SLOTS
100
AcDbLine
 10
8.529521135274846
 20
16.92845546234061
 30
0.0
 11
6.199635518221521
 21
17.50365982379138
 31
0.0
  0
ARC
  5
347
330
17
100
AcDbEntity
  8
SLOTS
100
AcDbCircle
 10
8.559481706090034
 20
17.049811814446418
 30
0.0
 40
0.125
100
AcDbArc
 50
-103.86792397796991
 51
76.13207602203009
  0
ARC
  5
348
330
17
100
AcDbEntity
  8
SLOTS
100
AcDbCircle
 10
6.229596089036709
 20
17.625016175897187
 30
0.0
 40
0.125
100
AcDbArc
 50
76.13207602203009
 51
256.1320760220301
  0
LINE
  5
349
330
17
100
AcDbEntity
  8
SLOTS
100
AcDbLine
 10
6.394205520550228
 20
18.485648566851324
 30
0.0
 11
8.224001531551332
 21
18.033906799620627
 31
0.0
  0
LINE
  5
34A
330
17
100
AcDbEntity
  8
SLOTS
100
AcDbLine
 10
8.164080389920956
 20
17.791194095409015
 30
0.0
 11
6.334284378919852
 21
18.242935862639712
 31
0.0
  0
ARC
  5
34B
330
17
100
AcDbEntity
  8
SLOTS
100
AcDbCircle
 10
8.194040960736144
 20
17.91255044751482
 30
0.0
 40
0.125
100
AcDbArc
 50
-103.86792397796988
 51
76.13207602203012
  0
ARC
  5
34C
330
17
100
AcDbEntity
  8
SLOTS
100
AcDbCircle
 10
6.36424494973504
 20
18.364292214745518
 30
0.0
 40
0.125
100
AcDbArc
 50
76.13207602203012
 51
256.1320760220301
  0
LINE
  5
34D
330
17
100
AcDbEntity
  8
SLOTS
100
AcDbLine
 10
6.780824511288552
 20
19.162717982038185
 30
0.0
 11
7.842196970936015
 21
18.90068534685454
 31
0.0
  0
LINE
  5
34E
330
17
100
AcDbEntity
  8
SLOTS
100
AcDbLine
 10
7.782275829305639
 20
18.657972642642928
 30
0.0
 11
6.720903369658176
 21
18.920005277826572
 31
0.0
  0
ARC
  5
34F
330
17
100
AcDbEntity
  8
SLOTS
100
AcDbCircle
 10
7.812236400120827
 20
18.779328994748735
 30
0.0
 40
0.125
100
AcDbArc
 50
-103.86792397796997
 51
76.13207602203003
  0
ARC
  5
350
330
17
100
AcDbEntity
  8
SLOTS
100
AcDbCircle
 10
6.750863940473364
 20
19.04136162993238
 30
0.0
 40
0.125
100
AcDbArc
 50
76.13207602203003
 51
256.13207602203005
  0
LINE
  5
351
330
17
100
AcDbEntity
  8
SLOTS
100
AcDbLine
 10
10.963229666419036
 20
20.736193632880465
 30
0.0
 11
8.338152044681923
 21
20.07582362257002
 31
0.0
  0
LINE
  5
352
330
17
100
AcDbEntity
  8
SLOTS
100
AcDbLine
 10
8.277161759082698
 20
20.31826987447449
 30
0.0
 11
10.902239380819811
 21
20.978639884784933
 31
0.0
  0
ARC
  5
353
330
17
100
AcDbEntity
  8
SLOTS
100
AcDbCircle
 10
8.30765690188231
 20
20.197046748522254
 30
0.0
 40
0.125
100
AcDbArc
 50
-255.87955120650815
 51
-75.87955120650815
  0
ARC
  5
354
330
17
100
AcDbEntity
  8
SLOTS
100
AcDbCircle
 10
10.932734523619423
 20
20.8574167588327
 30
0.0
 40
0.125
100
AcDbArc
 50
-75.87955120650815
 51
104.12044879349185
  0
LINE
  5
355
330
17
100
AcDbEntity
  8
SLOTS
100
AcDbLine
 10
12.929393737639932
 20
20.45743868727738
 30
0.0
 11
8.374421735132627
 21
19.311580414991685
 31
0.0
  0
LINE
  5
356
330
17
100
AcDbEntity
  8
SLOTS
100
AcDbLine
 10
8.313431449533402
 20
19.554026666896153
 30
0.0
 11
12.868403452040708
 21
20.69988493918185
 31
0.0
  0
ARC
  5
357
330
17
100
AcDbEntity
  8
SLOTS
100
AcDbCircle
 10
8.343926592333014
 20
19.43280354094392
 30
0.0
 40
0.125
100
AcDbArc
 50
-255.87955120650815
 51
-75.87955120650815
  0
ARC
  5
358
330
17
100
AcDbEntity
  8
SLOTS
100
AcDbCircle
 10
12.89889859484032
 20
20.578661813229616
 30
0.0
 40
0.125
100
AcDbArc
 50
-75.87955120650815
 51
104.12044879349185
  0
LINE
  5
359
330
17
100
AcDbEntity
  8
SLOTS
100
AcDbLine
 10
14.222344471739353
 20
20.009328788245586
 30
0.0
 11
8.681097215840108
 21
18.61536105288795
 31
0.0
  0
LINE
  5
35A
330
17
100
AcDbEntity
  8
SLOTS
100
AcDbLine
 10
8.620106930240883
 20
18.857807304792416
 30
0.0
 11
14.161354186140128
 21
20.251775040150054
 31
0.0
  0
ARC
  5
35B
330
17
100
AcDbEntity
  8
SLOTS
100
AcDbCircle
 10
8.650602073040496
 20
18.736584178840182
 30
0.0
 40
0.125
100
AcDbArc
 50
-255.87955120650818
 51
-75.87955120650818
  0
ARC
  5
35C
330
17
100
AcDbEntity
  8
SLOTS
100
AcDbCircle
 10
14.19184932893974
 20
20.13055191419782
 30
0.0
 40
0.125
100
AcDbArc
 50
-75.87955120650818
 51
104.12044879349182
  0
LINE
  5
35D
330
17
100
AcDbEntity
  8
SLOTS
100
AcDbLine
 10
14.523032431094784
 20
19.311603192762597
 30
0.0
 11
8.987772696547589
 21
17.919141690784212
 31
0.0
  0
LINE
  5
35E
330
17
100
AcDbEntity
  8
SLOTS
100
AcDbLine
 10
8.926782410948364
 20
18.16158794268868
 30
0.0
 11
14.462042145495559
 21
19.554049444667065
 31
0.0
  0
ARC
  5
35F
330
17
100
AcDbEntity
  8
SLOTS
100
AcDbCircle
 10
8.957277553747977
 20
18.040364816736446
 30
0.0
 40
0.125
100
AcDbArc
 50
-255.87955120650818
 51
-75.87955120650818
  0
ARC
  5
360
330
17
100
AcDbEntity
  8
SLOTS
100
AcDbCircle
 10
14.492537288295171
 20
19.43282631871483
 30
0.0
 40
0.125
100
AcDbArc
 50
-75.87955120650818
 51
104.12044879349182
  0
LINE
  5
361
330
17
100
AcDbEntity
  8
SLOTS
100
AcDbLine
 10
14.823720390450214
 20
18.61387759727961
 30
0.0
 11
9.650801147917006
 21
17.312567226401427
 31
0.0
  0
LINE
  5
362
330
17
100
AcDbEntity
  8
SLOTS
100
AcDbLine
 10
9.589810862317782
 20
17.555013478305895
 30
0.0
 11
14.76273010485099
 21
18.85632384918408
 31
0.0
  0
ARC
  5
363
330
17
100
AcDbEntity
  8
SLOTS
100
AcDbCircle
 10
9.620306005117394
 20
17.43379035235366
 30
0.0
 40
0.125
100
AcDbArc
 50
-255.87955120650815
 51
-75.87955120650815
  0
ARC
  5
364
330
17
100
AcDbEntity
  8
SLOTS
100
AcDbCircle
 10
14.793225247650602
 20
18.735100723231845
 30
0.0
 40
0.125
100
AcDbArc
 50
-75.87955120650815
 51
104.12044879349185
  0
LINE
  5
365
330
17
100
AcDbEntity
  8
SLOTS
100
AcDbLine
 10
15.124408349805645
 20
17.916152001796622
 30
0.0
 11
11.484949807509379
 21
17.000602208068923
 31
0.0
  0
LINE
  5
366
330
17
100
AcDbEntity
  8
SLOTS
100
AcDbLine
 10
11.423959521910154
 20
17.24304845997339
 30
0.0
 11
15.06341806420642
 21
18.15859825370109
 31
0.0
  0
ARC
  5
367
330
17
100
AcDbEntity
  8
SLOTS
100
AcDbCircle
 10
11.454454664709766
 20
17.121825334021157
 30
0.0
 40
0.125
100
AcDbArc
 50
-255.87955120650818
 51
-75.87955120650818
  0
ARC
  5
368
330
17
100
AcDbEntity
  8
SLOTS
100
AcDbCircle
 10
15.093913207006032
 20
18.037375127748856
 30
0.0
 40
0.125
100
AcDbArc
 50
-75.87955120650818
 51
104.12044879349182
  0
LINE
  5
369
330
17
100
AcDbEntity
  8
SLOTS
100
AcDbLine
 10
15.425096309161075
 20
17.218426406313633
 30
0.0
 11
13.319098467101753
 21
16.68863718973642
 31
0.0
  0
LINE
  5
36A
330
17
100
AcDbEntity
  8
SLOTS
100
AcDbLine
 10
13.258108181502529
 20
16.931083441640887
 30
0.0
 11
15.36410602356185
 21
17.4608726582181
 31
0.0
  0
ARC
  5
36B
330
17
100
AcDbEntity
  8
SLOTS
100
AcDbCircle
 10
13.28860332430214
 20
16.809860315688653
 30
0.0
 40
0.125
100
AcDbArc
 50
-255.8795512065082
 51
-75.87955120650821
  0
ARC
  5
36C
330
17
100
AcDbEntity
  8
SLOTS
100
AcDbCircle
 10
15.394601166361463
 20
17.339649532265867
 30
0.0
 40
0.125
100
AcDbArc
 50
-75.87955120650821
 51
104.12044879349179
  0
LINE
  5
36D
330
17
100
AcDbEntity
  8
SLOTS
100
AcDbLine
 10
15.725784268516506
 20
16.52070081083064
 30
0.0
 11
15.153247126694135
 21
16.37667217140391
 31
0.0
  0
LINE
  5
36E
330
17
100
AcDbEntity
  8
SLOTS
100
AcDbLine
 10
15.09225684109491
 20
16.61911842330838
 30
0.0
 11
15.664793982917281
 21
16.763147062735108
 31
0.0
  0
ARC
  5
36F
330
17
100
AcDbEntity
  8
SLOTS
100
AcDbCircle
 10
15.122751983894522
 20
16.497895297356145
 30
0.0
 40
0.125
100
AcDbArc
 50
-255.8795512065082
 51
-75.87955120650821
  0
ARC
  5
370
330
17
100
AcDbEntity
  8
SLOTS
100
AcDbCircle
 10
15.695289125716894
 20
16.641923936782874
 30
0.0
 40
0.125
100
AcDbArc
 50
-75.87955120650821
 51
104.12044879349179
  0
LINE
  5
371
330
17
100
AcDbEntity
  8
SLOTS
100
AcDbLine
 10
6.96379508050095
 20
26.20326824269281
 30
0.0
 11
6.791666731344276
 21
25.850056036958055
 31
0.0
  0
LINE
  5
372
330
17
100
AcDbEntity
  8
SLOTS
100
AcDbLine
 10
6.566931943664044
 20
25.959574415353284
 30
0.0
 11
6.739060292820718
 21
26.31278662108804
 31
0.0
  0
ARC
  5
373
330
17
100
AcDbEntity
  8
SLOTS
100
AcDbCircle
 10
6.67929933750416
 20
25.90481522615567
 30
0.0
 40
0.125
100
AcDbArc
 50
-205.9810281897868
 51
-25.981028189786812
  0
ARC
  5
374
330
17
100
AcDbEntity
  8
SLOTS
100
AcDbCircle
 10
6.851427686660834
 20
26.258027431890426
 30
0.0
 40
0.125
100
AcDbArc
 50
-25.981028189786812
 51
154.0189718102132
  0
LINE
  5
375
330
17
100
AcDbEntity
  8
SLOTS
100
AcDbLine
 10
7.962326052392464
 20
26.540240415774043
 30
0.0
 11
7.150946057715536
 21
24.87526588361238
 31
0.0
  0
LINE
  5
376
330
17
100
AcDbEntity
  8
SLOTS
100
AcDbLine
 10
6.926211270035304
 20
24.984784262007608
 30
0.0
 11
7.737591264712232
 21
26.649758794169273
 31
0.0
  0
ARC
  5
377
330
17
100
AcDbEntity
  8
SLOTS
100
AcDbCircle
 10
7.03857866387542
 20
24.930025072809993
 30
0.0
 40
0.125
100
AcDbArc
 50
-205.98102818978674
 51
-25.981028189786755
  0
ARC
  5
378
330
17
100
AcDbEntity
  8
SLOTS
100
AcDbCircle
 10
7.849958658552348
 20
26.594999604971658
 30
0.0
 40
0.125
100
AcDbArc
 50
-25.981028189786755
 51
154.01897181021326
  0
LINE
  5
379
330
17
100
AcDbEntity
  8
SLOTS
100
AcDbLine
 10
8.960857024283976
 20
26.877212588855276
 30
0.0
 11
7.5102253840867945
 21
23.900475730266702
 31
0.0
  0
LINE
  5
37A
330
17
100
AcDbEntity
  8
SLOTS
100
AcDbLine
 10
7.285490596406563
 20
24.00999410866193
 30
0.0
 11
8.736122236603746
 21
26.986730967250505
 31
0.0
  0
ARC
  5
37B
330
17
100
AcDbEntity
  8
SLOTS
100
AcDbCircle
 10
7.397857990246679
 20
23.955234919464317
 30
0.0
 40
0.125
100
AcDbArc
 50
-205.9810281897868
 51
-25.981028189786784
  0
ARC
  5
37C
330
17
100
AcDbEntity
  8
SLOTS
100
AcDbCircle
 10
8.848489630443861
 20
26.93197177805289
 30
0.0
 40
0.125
100
AcDbArc
 50
-25.981028189786784
 51
154.0189718102132
  0
LINE
  5
37D
330
17
100
AcDbEntity
  8
SLOTS
100
AcDbLine
 10
9.56244039164541
 20
26.399637131379855
 30
0.0
 11
7.869504710458053
 21
22.925685576921026
 31
0.0
  0
LINE
  5
37E
330
17
100
AcDbEntity
  8
SLOTS
100
AcDbLine
 10
7.644769922777821
 20
23.035203955316256
 30
0.0
 11
9.33770560396518
 21
26.509155509775084
 31
0.0
  0
ARC
  5
37F
330
17
100
AcDbEntity
  8
SLOTS
100
AcDbCircle
 10
7.757137316617937
 20
22.98044476611864
 30
0.0
 40
0.125
100
AcDbArc
 50
-205.98102818978674
 51
-25.981028189786755
  0
ARC
  5
380
330
17
100
AcDbEntity
  8
SLOTS
100
AcDbCircle
 10
9.450072997805295
 20
26.45439632057747
 30
0.0
 40
0.125
100
AcDbArc
 50
-25.981028189786755
 51
154.01897181021326
  0
LINE
  5
381
330
17
100
AcDbEntity
  8
SLOTS
100
AcDbLine
 10
10.151309299913494
 20
25.895971246830165
 30
0.0
 11
8.228784036829312
 21
21.95089542357535
 31
0.0
  0
LINE
  5
382
330
17
100
AcDbEntity
  8
SLOTS
100
AcDbLine
 10
8.004049249149082
 20
22.06041380197058
 30
0.0
 11
9.926574512233264
 21
26.005489625225394
 31
0.0
  0
ARC
  5
383
330
17
100
AcDbEntity
  8
SLOTS
100
AcDbCircle
 10
8.116416642989197
 20
22.005654612772965
 30
0.0
 40
0.125
100
AcDbArc
 50
-205.98102818978674
 51
-25.981028189786755
  0
ARC
  5
384
330
17
100
AcDbEntity
  8
SLOTS
100
AcDbCircle
 10
10.03894190607338
 20
25.95073043602778
 30
0.0
 40
0.125
100
AcDbArc
 50
-25.981028189786755
 51
154.01897181021326
  0
LINE
  5
385
330
17
100
AcDbEntity
  8
SLOTS
100
AcDbLine
 10
10.740178208181579
 20
25.39230536228047
 30
0.0
 11
8.706725889922794
 21
21.219604107039327
 31
0.0
  0
LINE
  5
386
330
17
100
AcDbEntity
  8
SLOTS
100
AcDbLine
 10
8.481991102242564
 20
21.329122485434556
 30
0.0
 11
10.515443420501349
 21
25.5018237406757
 31
0.0
  0
ARC
  5
387
330
17
100
AcDbEntity
  8
SLOTS
100
AcDbCircle
 10
8.594358496082679
 20
21.274363296236942
 30
0.0
 40
0.125
100
AcDbArc
 50
-205.9810281897868
 51
-25.981028189786812
  0
ARC
  5
388
330
17
100
AcDbEntity
  8
SLOTS
100
AcDbCircle
 10
10.627810814341464
 20
25.447064551478086
 30
0.0
 40
0.125
100
AcDbArc
 50
-25.981028189786812
 51
154.0189718102132
  0
LINE
  5
389
330
17
100
AcDbEntity
  8
SLOTS
100
AcDbLine
 10
11.329047116449662
 20
24.888639477730784
 30
0.0
 11
9.62770012229849
 21
21.397427672885367
 31
0.0
  0
LINE
  5
38A
330
17
100
AcDbEntity
  8
SLOTS
100
AcDbLine
 10
9.40296533461826
 20
21.506946051280597
 30
0.0
 11
11.104312328769431
 21
24.998157856126014
 31
0.0
  0
ARC
  5
38B
330
17
100
AcDbEntity
  8
SLOTS
100
AcDbCircle
 10
9.515332728458375
 20
21.452186862082982
 30
0.0
 40
0.125
100
AcDbArc
 50
-205.98102818978674
 51
-25.981028189786755
  0
ARC
  5
38C
330
17
100
AcDbEntity
  8
SLOTS
100
AcDbCircle
 10
11.216679722609546
 20
24.9433986669284
 30
0.0
 40
0.125
100
AcDbArc
 50
-25.981028189786755
 51
154.01897181021326
  0
LINE
  5
38D
330
17
100
AcDbEntity
  8
SLOTS
100
AcDbLine
 10
11.917916024717746
 20
24.38497359318109
 30
0.0
 11
10.99131834417549
 21
22.48356913437728
 31
0.0
  0
LINE
  5
38E
330
17
100
AcDbEntity
  8
SLOTS
100
AcDbLine
 10
10.76658355649526
 20
22.59308751277251
 30
0.0
 11
11.693181237037516
 21
24.49449197157632
 31
0.0
  0
ARC
  5
38F
330
17
100
AcDbEntity
  8
SLOTS
100
AcDbCircle
 10
10.878950950335375
 20
22.538328323574895
 30
0.0
 40
0.125
100
AcDbArc
 50
-205.98102818978683
 51
-25.981028189786826
  0
ARC
  5
390
330
17
100
AcDbEntity
  8
SLOTS
100
AcDbCircle
 10
11.805548630877631
 20
24.439732782378705
 30
0.0
 40
0.125
100
AcDbArc
 50
-25.981028189786826
 51
154.01897181021317
  0
LINE
  5
391
330
17
100
AcDbEntity
  8
SLOTS
100
AcDbLine
 10
16.608945004903013
 20
28.20977340016106
 30
0.0
 11
16.787244384547407
 21
28.820325518492062
 31
0.0
  0
LINE
  5
392
330
17
100
AcDbEntity
  8
SLOTS
100
AcDbLine
 10
17.027220950468582
 20
28.75024522305406
 30
0.0
 11
16.84892157082419
 21
28.139693104723055
 31
0.0
  0
ARC
  5
393
330
17
100
AcDbEntity
  8
SLOTS
100
AcDbCircle
 10
16.907232667507994
 20
28.78528537077306
 30
0.0
 40
0.125
100
AcDbArc
 50
-16.27937476783444
 51
163.72062523216556
  0
ARC
  5
394
330
17
100
AcDbEntity
  8
SLOTS
100
AcDbCircle
 10
16.7289332878636
 20
28.174733252442056
 30
0.0
 40
0.125
100
AcDbArc
 50
163.72062523216556
 51
343.72062523216556
  0
LINE
  5
395
330
17
100
AcDbEntity
  8
SLOTS
100
AcDbLine
 10
15.552189808193017
 20
27.266619797387065
 30
0.0
 11
16.178697000331695
 21
29.411973830994906
 31
0.0
  0
LINE
  5
396
330
17
100
AcDbEntity
  8
SLOTS
100
AcDbLine
 10
16.41867356625287
 20
29.341893535556896
 30
0.0
 11
15.792166374114196
 21
27.196539501949054
 31
0.0
  0
ARC
  5
397
330
17
100
AcDbEntity
  8
SLOTS
100
AcDbCircle
 10
16.298685283292283
 20
29.3769336832759
 30
0.0
 40
0.125
100
AcDbArc
 50
-16.279374767834568
 51
163.72062523216545
  0
ARC
  5
398
330
17
100
AcDbEntity
  8
SLOTS
100
AcDbCircle
 10
15.672178091153606
 20
27.23157964966806
 30
0.0
 40
0.125
100
AcDbArc
 50
163.72062523216545
 51
343.72062523216545
  0
LINE
  5
399
330
17
100
AcDbEntity
  8
SLOTS
100
AcDbLine
 10
14.674498663967945
 20
26.936636788810592
 30
0.0
 11
15.542820889718561
 21
29.910040147719005
 31
0.0
  0
LINE
  5
39A
330
17
100
AcDbEntity
  8
SLOTS
100
AcDbLine
 10
15.78279745563974
 20
29.839959852280995
 30
0.0
 11
14.914475229889124
 21
26.86655649337258
 31
0.0
  0
ARC
  5
39B
330
17
100
AcDbEntity
  8
SLOTS
100
AcDbCircle
 10
15.66280917267915
 20
29.875
 30
0.0
 40
0.125
100
AcDbArc
 50
-16.279374767834582
 51
163.72062523216542
  0
ARC
  5
39C
330
17
100
AcDbEntity
  8
SLOTS
100
AcDbCircle
 10
14.794486946928535
 20
26.901596641091587
 30
0.0
 40
0.125
100
AcDbArc
 50
163.72062523216542
 51
343.7206252321654
  0
LINE
  5
39D
330
17
100
AcDbEntity
  8
SLOTS
100
AcDbLine
 10
13.993547792031958
 20
27.28035320782993
 30
0.0
 11
14.761494599460763
 21
29.910040147719005
 31
0.0
  0
LINE
  5
39E
330
17
100
AcDbEntity
  8
SLOTS
100
AcDbLine
 10
15.001471165381941
 20
29.839959852280995
 30
0.0
 11
14.233524357953137
 21
27.21027291239192
 31
0.0
  0
ARC
  5
39F
330
17
100
AcDbEntity
  8
SLOTS
100
AcDbCircle
 10
14.881482882421352
 20
29.875
 30
0.0
 40
0.125
100
AcDbArc
 50
-16.279374767834554
 51
163.72062523216545
  0
ARC
  5
3A0
330
17
100
AcDbEntity
  8
SLOTS
100
AcDbCircle
 10
14.113536074992547
 20
27.245313060110924
 30
0.0
 40
0.125
100
AcDbArc
 50
163.72062523216545
 51
343.72062523216545
  0
LINE
  5
3A1
330
17
100
AcDbEntity
  8
SLOTS
100
AcDbLine
 10
13.904574192193806
 20
29.651182554577883
 30
0.0
 11
13.980168309202964
 21
29.910040147719005
 31
0.0
  0
LINE
  5
3A2
330
17
100
AcDbEntity
  8
SLOTS
100
AcDbLine
 10
14.220144875124143
 20
29.839959852280995
 30
0.0
 11
14.144550758114985
 21
29.581102259139872
 31
0.0
  0
ARC
  5
3A3
330
17
100
AcDbEntity
  8
SLOTS
100
AcDbCircle
 10
14.100156592163554
 20
29.875
 30
0.0
 40
0.125
100
AcDbArc
 50
-16.27937476783464
 51
163.72062523216536
  0
ARC
  5
3A4
330
17
100
AcDbEntity
  8
SLOTS
100
AcDbCircle
 10
14.024562475154395
 20
29.616142406858877
 30
0.0
 40
0.125
100
AcDbArc
 50
163.72062523216536
 51
343.7206252321654
  0
LINE
  5
3A5
330
17
100
AcDbEntity
  8
SLOTS
100
AcDbLine
 10
10.566724907257102
 20
28.645693528241818
 30
0.0
 11
12.902029191207124
 21
27.737607192277373
 31
0.0
  0
LINE
  5
3A6
330
17
100
AcDbEntity
  8
SLOTS
100
AcDbLine
 10
12.811425213900595
 20
27.50460307365232
 30
0.0
 11
10.476120929950573
 21
28.412689409616764
 31
0.0
  0
ARC
  5
3A7
330
17
100
AcDbEntity
  8
SLOTS
100
AcDbCircle
 10
12.85672720255386
 20
27.621105132964846
 30
0.0
 40
0.125
100
AcDbArc
 50
-111.24863960832029
 51
68.75136039167971
  0
ARC
  5
3A8
330
17
100
AcDbEntity
  8
SLOTS
100
AcDbCircle
 10
10.521422918603838
 20
28.52919146892929
 30
0.0
 40
0.125
100
AcDbArc
 50
68.75136039167971
 51
248.75136039167973
  0
LINE
  5
3A9
330
17
100
AcDbEntity
  8
SLOTS
100
AcDbLine
 10
10.88058107571965
 20
29.328356923952292
 30
0.0
 11
13.340065952141803
 21
28.37198279097958
 31
0.0
  0
LINE
  5
3AA
330
17
100
AcDbEntity
  8
SLOTS
100
AcDbLine
 10
13.249461974835274
 20
28.138978672354526
 30
0.0
 11
10.789977098413122
 21
29.095352805327238
 31
0.0
  0
ARC
  5
3AB
330
17
100
AcDbEntity
  8
SLOTS
100
AcDbCircle
 10
13.294763963488538
 20
28.255480731667053
 30
0.0
 40
0.125
100
AcDbArc
 50
-111.24863960832033
 51
68.75136039167967
  0
ARC
  5
3AC
330
17
100
AcDbEntity
  8
SLOTS
100
AcDbCircle
 10
10.835279087066386
 20
29.211854864639765
 30
0.0
 40
0.125
100
AcDbArc
 50
68.75136039167967
 51
248.75136039167967
  0
LINE
  5
3AD
330
17
100
AcDbEntity
  8
SLOTS
100
AcDbLine
 10
11.24463189551208
 20
29.991502059312527
 30
0.0
 11
13.327999383669631
 21
29.181381698642248
 31
0.0
  0
LINE
  5
3AE
330
17
100
AcDbEntity
  8
SLOTS
100
AcDbLine
 10
13.237395406363103
 20
28.948377580017194
 30
0.0
 11
11.154027918205552
 21
29.758497940687473
 31
0.0
  0
ARC
  5
3AF
330
17
100
AcDbEntity
  8
SLOTS
100
AcDbCircle
 10
13.282697395016367
 20
29.06487963932972
 30
0.0
 40
0.125
100
AcDbArc
 50
-111.24863960832027
 51
68.75136039167973
  0
ARC
  5
3B0
330
17
100
AcDbEntity
  8
SLOTS
100
AcDbCircle
 10
11.199329906858816
 20
29.875
 30
0.0
 40
0.125
100
AcDbArc
 50
68.75136039167973
 51
248.75136039167973
  0
LINE
  5
3B1
330
17
100
AcDbEntity
  8
SLOTS
100
AcDbLine
 10
13.314077471456766
 20
29.991502059312566
 30
0.0
 11
13.315932815197364
 21
29.990780606304952
 31
0.0
  0
LINE
  5
3B2
330
17
100
AcDbEntity
  8
SLOTS
100
AcDbLine
 10
13.22532883789103
 20
29.75777648767982
 30
0.0
 11
13.223473494150433
 21
29.758497940687434
 31
0.0
  0
ARC
  5
3B3
330
17
100
AcDbEntity
  8
SLOTS
100
AcDbCircle
 10
13.270630826544197
 20
29.874278546992386
 30
0.0
 40
0.125
100
AcDbArc
 50
-111.24863960827207
 51
68.75136039172793
  0
ARC
  5
3B4
330
17
100
AcDbEntity
  8
SLOTS
100
AcDbCircle
 10
13.2687754828036
 20
29.875
 30
0.0
 40
0.125
100
AcDbArc
 50
68.75136039172793
 51
248.75136039172793
  0
LINE
  5
3B5
330
17
100
AcDbEntity
  8
SLOTS
100
AcDbLine
 10
4.204234044641225
 20
10.185357837509175
 30
0.0
 11
3.508781781835653
 21
8.407933610306376
 31
0.0
  0
LINE
  5
3B6
330
17
100
AcDbEntity
  8
SLOTS
100
AcDbLine
 10
3.2759683505299835
 20
8.499026454172842
 30
0.0
 11
3.9714206133355554
 21
10.27645068137564
 31
0.0
  0
ARC
  5
3B7
330
17
100
AcDbEntity
  8
SLOTS
100
AcDbCircle
 10
3.3923750661828183
 20
8.453480032239609
 30
0.0
 40
0.125
100
AcDbArc
 50
-201.36890120151304
 51
-21.368901201513054
  0
ARC
  5
3B8
330
17
100
AcDbEntity
  8
SLOTS
100
AcDbCircle
 10
4.08782732898839
 20
10.230904259442408
 30
0.0
 40
0.125
100
AcDbArc
 50
-21.368901201513054
 51
158.63109879848696
  0
LINE
  5
3B9
330
17
100
AcDbEntity
  8
SLOTS
100
AcDbLine
 10
4.853491517583741
 20
9.786378747815997
 30
0.0
 11
3.071597854745443
 21
5.232247377459987
 31
0.0
  0
LINE
  5
3BA
330
17
100
AcDbEntity
  8
SLOTS
100
AcDbLine
 10
2.8387844234397734
 20
5.323340221326453
 30
0.0
 11
4.620678086278071
 21
9.877471591682463
 31
0.0
  0
ARC
  5
3BB
330
17
100
AcDbEntity
  8
SLOTS
100
AcDbCircle
 10
2.955191139092608
 20
5.27779379939322
 30
0.0
 40
0.125
100
AcDbArc
 50
-201.36890120151304
 51
-21.36890120151304
  0
ARC
  5
3BC
330
17
100
AcDbEntity
  8
SLOTS
100
AcDbCircle
 10
4.737084801930906
 20
9.83192516974923
 30
0.0
 40
0.125
100
AcDbArc
 50
-21.36890120151304
 51
158.63109879848696
  0
LINE
  5
3BD
330
17
100
AcDbEntity
  8
SLOTS
100
AcDbLine
 10
5.408378718497016
 20
9.146209835609602
 30
0.0
 11
3.6525971536374686
 21
4.658815289695418
 31
0.0
  0
LINE
  5
3BE
330
17
100
AcDbEntity
  8
SLOTS
100
AcDbLine
 10
3.419783722331799
 20
4.749908133561884
 30
0.0
 11
5.175565287191345
 21
9.237302679476068
 31
0.0
  0
ARC
  5
3BF
330
17
100
AcDbEntity
  8
SLOTS
100
AcDbCircle
 10
3.536190437984634
 20
4.704361711628651
 30
0.0
 40
0.125
100
AcDbArc
 50
-201.36890120151304
 51
-21.368901201513054
  0
ARC
  5
3C0
330
17
100
AcDbEntity
  8
SLOTS
100
AcDbCircle
 10
5.29197200284418
 20
9.191756257542835
 30
0.0
 40
0.125
100
AcDbArc
 50
-21.368901201513054
 51
158.63109879848696
  0
LINE
  5
3C1
330
17
100
AcDbEntity
  8
SLOTS
100
AcDbLine
 10
5.963265919410289
 20
8.506040923403209
 30
0.0
 11
4.394670793528385
 21
4.497054069054325
 31
0.0
  0
LINE
  5
3C2
330
17
100
AcDbEntity
  8
SLOTS
100
AcDbLine
 10
4.161857362222714
 20
4.5881469129207915
 30
0.0
 11
5.730452488104619
 21
8.597133767269675
 31
0.0
  0
ARC
  5
3C3
330
17
100
AcDbEntity
  8
SLOTS
100
AcDbCircle
 10
4.27826407787555
 20
4.542600490987558
 30
0.0
 40
0.125
100
AcDbArc
 50
-201.36890120151304
 51
-21.36890120151304
  0
ARC
  5
3C4
330
17
100
AcDbEntity
  8
SLOTS
100
AcDbCircle
 10
5.846859203757454
 20
8.551587345336442
 30
0.0
 40
0.125
100
AcDbArc
 50
-21.36890120151304
 51
158.63109879848696
  0
LINE
  5
3C5
330
17
100
AcDbEntity
  8
SLOTS
100
AcDbLine
 10
6.518153120323564
 20
7.865872011196814
 30
0.0
 11
5.1367444334193015
 21
4.335292848413232
 31
0.0
  0
LINE
  5
3C6
330
17
100
AcDbEntity
  8
SLOTS
100
AcDbLine
 10
4.903931002113631
 20
4.426385692279698
 30
0.0
 11
6.285339689017894
 21
7.95696485506328
 31
0.0
  0
ARC
  5
3C7
330
17
100
AcDbEntity
  8
SLOTS
100
AcDbCircle
 10
5.020337717766466
 20
4.380839270346465
 30
0.0
 40
0.125
100
AcDbArc
 50
-201.36890120151304
 51
-21.36890120151304
  0
ARC
  5
3C8
330
17
100
AcDbEntity
  8
SLOTS
100
AcDbCircle
 10
6.401746404670729
 20
7.911418433130047
 30
0.0
 40
0.125
100
AcDbArc
 50
-21.36890120151304
 51
158.63109879848696
  0
LINE
  5
3C9
330
17
100
AcDbEntity
  8
SLOTS
100
AcDbLine
 10
6.95189391008267
 20
6.91607930776797
 30
0.0
 11
5.878818073310218
 21
4.173531627772139
 31
0.0
  0
LINE
  5
3CA
330
17
100
AcDbEntity
  8
SLOTS
100
AcDbLine
 10
5.646004642004548
 20
4.264624471638605
 30
0.0
 11
6.719080478776999
 21
7.007172151634436
 31
0.0
  0
ARC
  5
3CB
330
17
100
AcDbEntity
  8
SLOTS
100
AcDbCircle
 10
5.762411357657383
 20
4.219078049705372
 30
0.0
 40
0.125
100
AcDbArc
 50
-201.36890120151304
 51
-21.36890120151304
  0
ARC
  5
3CC
330
17
100
AcDbEntity
  8
SLOTS
100
AcDbCircle
 10
6.8354871944298345
 20
6.961625729701203
 30
0.0
 40
0.125
100
AcDbArc
 50
-21.36890120151304
 51
158.63109879848696
  0
LINE
  5
3CD
330
17
100
AcDbEntity
  8
SLOTS
100
AcDbLine
 10
7.333409566345125
 20
5.8328105593099995
 30
0.0
 11
6.620891713201134
 21
4.011770407131046
 31
0.0
  0
LINE
  5
3CE
330
17
100
AcDbEntity
  8
SLOTS
100
AcDbLine
 10
6.388078281895464
 20
4.102863250997512
 30
0.0
 11
7.100596135039455
 21
5.923903403176466
 31
0.0
  0
ARC
  5
3CF
330
17
100
AcDbEntity
  8
SLOTS
100
AcDbCircle
 10
6.504484997548299
 20
4.057316829064279
 30
0.0
 40
0.125
100
AcDbArc
 50
-201.36890120151304
 51
-21.36890120151304
  0
ARC
  5
3D0
330
17
100
AcDbEntity
  8
SLOTS
100
AcDbCircle
 10
7.21700285069229
 20
5.878356981243233
 30
0.0
 40
0.125
100
AcDbArc
 50
-21.36890120151304
 51
158.63109879848696
  0
LINE
  5
3D1
330
17
100
AcDbEntity
  8
SLOTS
100
AcDbLine
 10
7.71492522260758
 20
4.749541810852028
 30
0.0
 11
7.36296535309205
 21
3.8500091864899533
 31
0.0
  0
LINE
  5
3D2
330
17
100
AcDbEntity
  8
SLOTS
100
AcDbLine
 10
7.130151921786379
 20
3.9411020303564186
 30
0.0
 11
7.48211179130191
 21
4.840634654718494
 31
0.0
  0
ARC
  5
3D3
330
17
100
AcDbEntity
  8
SLOTS
100
AcDbCircle
 10
7.246558637439215
 20
3.895555608423186
 30
0.0
 40
0.125
100
AcDbArc
 50
-201.36890120151304
 51
-21.368901201513054
  0
ARC
  5
3D4
330
17
100
AcDbEntity
  8
SLOTS
100
AcDbCircle
 10
7.598518506954745
 20
4.795088232785261
 30
0.0
 40
0.125
100
AcDbArc
 50
-21.368901201513054
 51
158.63109879848696
  0
LINE
  5
3D5
330
17
100
AcDbEntity
  8
SLOTS
100
AcDbLine
 10
2.207891588425017
 20
6.467151710838935
 30
0.0
 11
2.3664353752783294
 21
6.433345606097368
 31
0.0
  0
LINE
  5
3D6
330
17
100
AcDbEntity
  8
SLOTS
100
AcDbLine
 10
2.3143001988788496
 20
6.188842184072654
 30
0.0
 11
2.1557564120255375
 21
6.222648288814221
 31
0.0
  0
ARC
  5
3D7
330
17
100
AcDbEntity
  8
SLOTS
100
AcDbCircle
 10
2.3403677870785895
 20
6.311093895085011
 30
0.0
 40
0.125
100
AcDbArc
 50
-102.03684756580975
 51
77.96315243419025
  0
ARC
  5
3D8
330
17
100
AcDbEntity
  8
SLOTS
100
AcDbCircle
 10
2.1818240002252773
 20
6.344899999826578
 30
0.0
 40
0.125
100
AcDbArc
 50
77.96315243419025
 51
257.96315243419025
  0
LINE
  5
3D9
330
17
100
AcDbEntity
  8
SLOTS
100
AcDbLine
 10
2.132691165914161
 20
7.250047040923806
 30
0.0
 11
2.4689953784477665
 21
7.178337290200745
 31
0.0
  0
LINE
  5
3DA
330
17
100
AcDbEntity
  8
SLOTS
100
AcDbLine
 10
2.4168602020482868
 20
6.933833868176031
 30
0.0
 11
2.0805559895146812
 21
7.005543618899092
 31
0.0
  0
ARC
  5
3DB
330
17
100
AcDbEntity
  8
SLOTS
100
AcDbCircle
 10
2.4429277902480266
 20
7.056085579188388
 30
0.0
 40
0.125
100
AcDbArc
 50
-102.03684756580965
 51
77.96315243419035
  0
ARC
  5
3DC
330
17
100
AcDbEntity
  8
SLOTS
100
AcDbCircle
 10
2.106623577714421
 20
7.127795329911449
 30
0.0
 40
0.125
100
AcDbArc
 50
77.96315243419035
 51
257.96315243419036
  0
LINE
  5
3DD
330
17
100
AcDbEntity
  8
SLOTS
100
AcDbLine
 10
2.0574907434033047
 20
8.032942371008678
 30
0.0
 11
2.5715553816172037
 21
7.923328974304123
 31
0.0
  0
LINE
  5
3DE
330
17
100
AcDbEntity
  8
SLOTS
100
AcDbLine
 10
2.519420205217725
 20
7.6788255522794095
 30
0.0
 11
2.005355567003825
 21
7.7884389489839645
 31
0.0
  0
ARC
  5
3DF
330
17
100
AcDbEntity
  8
SLOTS
100
AcDbCircle
 10
2.5454877934174642
 20
7.801077263291766
 30
0.0
 40
0.125
100
AcDbArc
 50
-102.03684756580961
 51
77.96315243419039
  0
ARC
  5
3E0
330
17
100
AcDbEntity
  8
SLOTS
100
AcDbCircle
 10
2.031423155203565
 20
7.910690659996321
 30
0.0
 40
0.125
100
AcDbArc
 50
77.96315243419039
 51
257.96315243419036
  0
LINE
  5
3E1
330
17
100
AcDbEntity
  8
SLOTS
100
AcDbLine
 10
1.9822903208924483
 20
8.81583770109355
 30
0.0
 11
2.674115384786641
 21
8.6683206584075
 31
0.0
  0
LINE
  5
3E2
330
17
100
AcDbEntity
  8
SLOTS
100
AcDbLine
 10
2.621980208387162
 20
8.423817236382787
 30
0.0
 11
1.930155144492969
 21
8.571334279068836
 31
0.0
  0
ARC
  5
3E3
330
17
100
AcDbEntity
  8
SLOTS
100
AcDbCircle
 10
2.6480477965869014
 20
8.546068947395144
 30
0.0
 40
0.125
100
AcDbArc
 50
-102.03684756580961
 51
77.96315243419039
  0
ARC
  5
3E4
330
17
100
AcDbEntity
  8
SLOTS
100
AcDbCircle
 10
1.9562227326927086
 20
8.693585990081193
 30
0.0
 40
0.125
100
AcDbArc
 50
77.96315243419039
 51
257.9631524341904
  0
LINE
  5
3E5
330
17
100
AcDbEntity
  8
SLOTS
100
AcDbLine
 10
1.907089898381592
 20
9.598733031178423
 30
0.0
 11
2.7766753879560784
 21
9.41331234251088
 31
0.0
  0
LINE
  5
3E6
330
17
100
AcDbEntity
  8
SLOTS
100
AcDbLine
 10
2.7245402115565995
 20
9.168808920486166
 30
0.0
 11
1.8549547219821128
 21
9.354229609153709
 31
0.0
  0
ARC
  5
3E7
330
17
100
AcDbEntity
  8
SLOTS
100
AcDbCircle
 10
2.750607799756339
 20
9.291060631498523
 30
0.0
 40
0.125
100
AcDbArc
 50
-102.0368475658096
 51
77.9631524341904
  0
ARC
  5
3E8
330
17
100
AcDbEntity
  8
SLOTS
100
AcDbCircle
 10
1.8810223101818524
 20
9.476481320166066
 30
0.0
 40
0.125
100
AcDbArc
 50
77.9631524341904
 51
257.9631524341904
  0
LINE
  5
3E9
330
17
100
AcDbEntity
  8
SLOTS
100
AcDbLine
 10
1.831889475870736
 20
10.381628361263296
 30
0.0
 11
2.879235391125516
 21
10.158304026614257
 31
0.0
  0
LINE
  5
3EA
330
17
100
AcDbEntity
  8
SLOTS
100
AcDbLine
 10
2.8271002147260362
 20
9.913800604589543
 30
0.0
 11
1.7797542994712563
 21
10.137124939238582
 31
0.0
  0
ARC
  5
3EB
330
17
100
AcDbEntity
  8
SLOTS
100
AcDbCircle
 10
2.853167802925776
 20
10.0360523156019
 30
0.0
 40
0.125
100
AcDbArc
 50
-102.03684756580968
 51
77.96315243419032
  0
ARC
  5
3EC
330
17
100
AcDbEntity
  8
SLOTS
100
AcDbCircle
 10
1.8058218876709962
 20
10.259376650250939
 30
0.0
 40
0.125
100
AcDbArc
 50
77.96315243419032
 51
257.9631524341903
  0
LINE
  5
3ED
330
17
100
AcDbEntity
  8
SLOTS
100
AcDbLine
 10
1.7566890533598796
 20
11.164523691348167
 30
0.0
 11
2.981795394294953
 21
10.903295710717634
 31
0.0
  0
LINE
  5
3EE
330
17
100
AcDbEntity
  8
SLOTS
100
AcDbLine
 10
2.9296602178954734
 20
10.65879228869292
 30
0.0
 11
1.7045538769604003
 21
10.920020269323453
 31
0.0
  0
ARC
  5
3EF
330
17
100
AcDbEntity
  8
SLOTS
100
AcDbCircle
 10
2.9557278060952132
 20
10.781043999705277
 30
0.0
 40
0.125
100
AcDbArc
 50
-102.03684756580967
 51
77.96315243419033
  0
ARC
  5
3F0
330
17
100
AcDbEntity
  8
SLOTS
100
AcDbCircle
 10
1.73062146516014
 20
11.04227198033581
 30
0.0
 40
0.125
100
AcDbArc
 50
77.96315243419033
 51
257.96315243419036
  0
LINE
  5
3F1
330
17
100
AcDbEntity
  8
SLOTS
100
AcDbLine
 10
34.75582744409559
 20
7.4746868967472615
 30
0.0
 11
34.422897289004894
 21
8.526508058754349
 31
0.0
  0
LINE
  5
3F2
330
17
100
AcDbEntity
  8
SLOTS
100
AcDbLine
 10
34.66124240081372
 20
8.60195080311614
 30
0.0
 11
34.99417255590441
 21
7.55012964110905
 31
0.0
  0
ARC
  5
3F3
330
17
100
AcDbEntity
  8
SLOTS
100
AcDbCircle
 10
34.54206984490931
 20
8.564229430935244
 30
0.0
 40
0.125
100
AcDbArc
 50
17.564003227392504
 51
197.5640032273925
  0
ARC
  5
3F4
330
17
100
AcDbEntity
  8
SLOTS
100
AcDbCircle
 10
34.875
 20
7.512408268928156
 30
0.0
 40
0.125
100
AcDbArc
 50
197.5640032273925
 51
377.5640032273925
  0
LINE
  5
3F5
330
17
100
AcDbEntity
  8
SLOTS
100
AcDbLine
 10
34.75582744409559
 20
4.989358432278421
 30
0.0
 11
33.67789885605723
 21
8.394841782749676
 31
0.0
  0
LINE
  5
3F6
330
17
100
AcDbEntity
  8
SLOTS
100
AcDbLine
 10
33.91624396786606
 20
8.470284527111467
 30
0.0
 11
34.99417255590441
 21
5.06480117664021
 31
0.0
  0
ARC
  5
3F7
330
17
100
AcDbEntity
  8
SLOTS
100
AcDbCircle
 10
33.797071411961646
 20
8.432563154930572
 30
0.0
 40
0.125
100
AcDbArc
 50
17.56400322739239
 51
197.5640032273924
  0
ARC
  5
3F8
330
17
100
AcDbEntity
  8
SLOTS
100
AcDbCircle
 10
34.875
 20
5.027079804459316
 30
0.0
 40
0.125
100
AcDbArc
 50
197.5640032273924
 51
377.5640032273924
  0
LINE
  5
3F9
330
17
100
AcDbEntity
  8
SLOTS
100
AcDbLine
 10
34.13601713289076
 20
4.46218723229002
 30
0.0
 11
32.93290042310957
 21
8.263175506745004
 31
0.0
  0
LINE
  5
3FA
330
17
100
AcDbEntity
  8
SLOTS
100
AcDbLine
 10
33.1712455349184
 20
8.33861825110679
 30
0.0
 11
34.37436224469958
 21
4.537629976651809
 31
0.0
  0
ARC
  5
3FB
330
17
100
AcDbEntity
  8
SLOTS
100
AcDbCircle
 10
33.052072979013985
 20
8.300896878925897
 30
0.0
 40
0.125
100
AcDbArc
 50
17.56400322739232
 51
197.56400322739233
  0
ARC
  5
3FC
330
17
100
AcDbEntity
  8
SLOTS
100
AcDbCircle
 10
34.25518968879517
 20
4.499908604470915
 30
0.0
 40
0.125
100
AcDbArc
 50
197.56400322739233
 51
377.56400322739233
  0
LINE
  5
3FD
330
17
100
AcDbEntity
  8
SLOTS
100
AcDbLine
 10
33.15206580135587
 20
5.085441204913818
 30
0.0
 11
32.187901990161905
 21
8.131509230740328
 31
0.0
  0
LINE
  5
3FE
330
17
100
AcDbEntity
  8
SLOTS
100
AcDbLine
 10
32.42624710197073
 20
8.206951975102118
 30
0.0
 11
33.39041091316469
 21
5.160883949275607
 31
0.0
  0
ARC
  5
3FF
330
17
100
AcDbEntity
  8
SLOTS
100
AcDbCircle
 10
32.30707454606632
 20
8.169230602921223
 30
0.0
 40
0.125
100
AcDbArc
 50
17.564003227392405
 51
197.5640032273924
  0
ARC
  5
400
330
17
100
AcDbEntity
  8
SLOTS
100
AcDbCircle
 10
33.27123835726028
 20
5.123162577094712
 30
0.0
 40
0.125
100
AcDbArc
 50
197.5640032273924
 51
377.5640032273924
  0
LINE
  5
401
330
17
100
AcDbEntity
  8
SLOTS
100
AcDbLine
 10
31.81078265288607
 20
6.837608137699483
 30
0.0
 11
31.442903557214244
 21
7.999842954735654
 31
0.0
  0
LINE
  5
402
330
17
100
AcDbEntity
  8
SLOTS
100
AcDbLine
 10
31.68124866902307
 20
8.075285699097444
 30
0.0
 11
32.049127764694894
 21
6.913050882061272
 31
0.0
  0
ARC
  5
403
330
17
100
AcDbEntity
  8
SLOTS
100
AcDbCircle
 10
31.562076113118657
 20
8.037564326916549
 30
0.0
 40
0.125
100
AcDbArc
 50
17.564003227392462
 51
197.56400322739245
  0
ARC
  5
404
330
17
100
AcDbEntity
  8
SLOTS
100
AcDbCircle
 10
31.92995520879048
 20
6.875329509880378
 30
0.0
 40
0.125
100
AcDbArc
 50
197.56400322739245
 51
377.56400322739245
  0
LINE
  5
405
330
17
100
AcDbEntity
  8
SLOTS
100
AcDbLine
 10
29.207350973782226
 20
8.496844637963997
 30
0.0
 11
27.309564846705864
 21
10.756264587076744
 31
0.0
  0
LINE
  5
406
330
17
100
AcDbEntity
  8
SLOTS
100
AcDbLine
 10
27.500996346714157
 20
10.917056318221645
 30
0.0
 11
29.39878247379052
 21
8.657636369108898
 31
0.0
  0
ARC
  5
407
330
17
100
AcDbEntity
  8
SLOTS
100
AcDbCircle
 10
27.40528059671001
 20
10.836660452649195
 30
0.0
 40
0.125
100
AcDbArc
 50
40.02837650005833
 51
220.02837650005833
  0
ARC
  5
408
330
17
100
AcDbEntity
  8
SLOTS
100
AcDbCircle
 10
29.303066723786372
 20
8.577240503536448
 30
0.0
 40
0.125
100
AcDbArc
 50
220.02837650005833
 51
400.02837650005836
  0
LINE
  5
409
330
17
100
AcDbEntity
  8
SLOTS
100
AcDbLine
 10
28.577600895380883
 20
8.080492395316899
 30
0.0
 11
25.155085832842992
 21
12.155186955525272
 31
0.0
  0
LINE
  5
40A
330
17
100
AcDbEntity
  8
SLOTS
100
AcDbLine
 10
25.346517332851285
 20
12.315978686670173
 30
0.0
 11
28.769032395389175
 21
8.2412841264618
 31
0.0
  0
ARC
  5
40B
330
17
100
AcDbEntity
  8
SLOTS
100
AcDbCircle
 10
25.25080158284714
 20
12.235582821097722
 30
0.0
 40
0.125
100
AcDbArc
 50
40.02837650005833
 51
220.02837650005833
  0
ARC
  5
40C
330
17
100
AcDbEntity
  8
SLOTS
100
AcDbCircle
 10
28.67331664538503
 20
8.16088826088935
 30
0.0
 40
0.125
100
AcDbArc
 50
220.02837650005833
 51
400.02837650005836
  0
LINE
  5
40D
330
17
100
AcDbEntity
  8
SLOTS
100
AcDbLine
 10
27.885952527918434
 20
7.7378335089048615
 30
0.0
 11
24.024637096623703
 21
12.334944316498602
 31
0.0
  0
LINE
  5
40E
330
17
100
AcDbEntity
  8
SLOTS
100
AcDbLine
 10
24.216068596631995
 20
12.495736047643502
 30
0.0
 11
28.077384027926726
 21
7.898625240049762
 31
0.0
  0
ARC
  5
40F
330
17
100
AcDbEntity
  8
SLOTS
100
AcDbCircle
 10
24.12035284662785
 20
12.415340182071052
 30
0.0
 40
0.125
100
AcDbArc
 50
40.0283765000583
 51
220.0283765000583
  0
ARC
  5
410
330
17
100
AcDbEntity
  8
SLOTS
100
AcDbCircle
 10
27.98166827792258
 20
7.818229374477312
 30
0.0
 40
0.125
100
AcDbArc
 50
220.0283765000583
 51
400.0283765000583
  0
LINE
  5
411
330
17
100
AcDbEntity
  8
SLOTS
100
AcDbLine
 10
27.19430416045599
 20
7.395174622492824
 30
0.0
 11
23.557983096414997
 21
11.724417120502991
 31
0.0
  0
LINE
  5
412
330
17
100
AcDbEntity
  8
SLOTS
100
AcDbLine
 10
23.74941459642329
 20
11.885208851647892
 30
0.0
 11
27.38573566046428
 21
7.555966353637725
 31
0.0
  0
ARC
  5
413
330
17
100
AcDbEntity
  8
SLOTS
100
AcDbCircle
 10
23.653698846419143
 20
11.804812986075442
 30
0.0
 40
0.125
100
AcDbArc
 50
40.0283765000583
 51
220.0283765000583
  0
ARC
  5
414
330
17
100
AcDbEntity
  8
SLOTS
100
AcDbCircle
 10
27.290019910460135
 20
7.475570488065275
 30
0.0
 40
0.125
100
AcDbArc
 50
220.0283765000583
 51
400.0283765000583
  0
LINE
  5
415
330
17
100
AcDbEntity
  8
SLOTS
100
AcDbLine
 10
26.50265579299354
 20
7.052515736080786
 30
0.0
 11
23.09132909620629
 21
11.113889924507381
 31
0.0
  0
LINE
  5
416
330
17
100
AcDbEntity
  8
SLOTS
100
AcDbLine
 10
23.282760596214583
 20
11.274681655652282
 30
0.0
 11
26.694087293001832
 21
7.213307467225687
 31
0.0
  0
ARC
  5
417
330
17
100
AcDbEntity
  8
SLOTS
100
AcDbCircle
 10
23.187044846210437
 20
11.194285790079832
 30
0.0
 40
0.125
100
AcDbArc
 50
40.02837650005827
 51
220.02837650005827
  0
ARC
  5
418
330
17
100
AcDbEntity
  8
SLOTS
100
AcDbCircle
 10
26.598371542997686
 20
7.132911601653237
 30
0.0
 40
0.125
100
AcDbArc
 50
220.02837650005827
 51
400.02837650005824
  0
LINE
  5
419
330
17
100
AcDbEntity
  8
SLOTS
100
AcDbLine
 10
25.656642637142433
 20
6.893636716825442
 30
0.0
 11
22.624675095997585
 21
10.503362728511771
 31
0.0
  0
LINE
  5
41A
330
17
100
AcDbEntity
  8
SLOTS
100
AcDbLine
 10
22.816106596005877
 20
10.664154459656672
 30
0.0
 11
25.848074137150725
 21
7.054428447970343
 31
0.0
  0
ARC
  5
41B
330
17
100
AcDbEntity
  8
SLOTS
100
AcDbCircle
 10
22.72039084600173
 20
10.583758594084221
 30
0.0
 40
0.125
100
AcDbArc
 50
40.02837650005827
 51
220.02837650005827
  0
ARC
  5
41C
330
17
100
AcDbEntity
  8
SLOTS
100
AcDbCircle
 10
25.75235838714658
 20
6.974032582397893
 30
0.0
 40
0.125
100
AcDbArc
 50
220.02837650005827
 51
400.02837650005824
  0
LINE
  5
41D
330
17
100
AcDbEntity
  8
SLOTS
100
AcDbLine
 10
24.499818199233648
 20
7.104795817815129
 30
0.0
 11
22.15802109578888
 21
9.892835532516163
 31
0.0
  0
LINE
  5
41E
330
17
100
AcDbEntity
  8
SLOTS
100
AcDbLine
 10
22.34945259579717
 20
10.053627263661063
 30
0.0
 11
24.69124969924194
 21
7.2655875489600295
 31
0.0
  0
ARC
  5
41F
330
17
100
AcDbEntity
  8
SLOTS
100
AcDbCircle
 10
22.253736845793025
 20
9.973231398088613
 30
0.0
 40
0.125
100
AcDbArc
 50
40.0283765000583
 51
220.0283765000583
  0
ARC
  5
420
330
17
100
AcDbEntity
  8
SLOTS
100
AcDbCircle
 10
24.595533949237794
 20
7.185191683387579
 30
0.0
 40
0.125
100
AcDbArc
 50
220.0283765000583
 51
400.0283765000583
  0
LINE
  5
421
330
17
100
AcDbEntity
  8
SLOTS
100
AcDbLine
 10
23.62599554863293
 20
13.549294725940547
 30
0.0
 11
24.099675336543577
 21
14.36133733497875
 31
0.0
  0
LINE
  5
422
330
17
100
AcDbEntity
  8
SLOTS
100
AcDbLine
 10
24.315621419867746
 20
14.23537190679724
 30
0.0
 11
23.8419416319571
 21
13.423329297759038
 31
0.0
  0
ARC
  5
423
330
17
100
AcDbEntity
  8
SLOTS
100
AcDbCircle
 10
24.20764837820566
 20
14.298354620887995
 30
0.0
 40
0.125
100
AcDbArc
 50
-30.255819433291627
 51
149.74418056670837
  0
ARC
  5
424
330
17
100
AcDbEntity
  8
SLOTS
100
AcDbCircle
 10
23.733968590295014
 20
13.486312011849792
 30
0.0
 40
0.125
100
AcDbArc
 50
149.74418056670837
 51
329.7441805667084
  0
LINE
  5
425
330
17
100
AcDbEntity
  8
SLOTS
100
AcDbLine
 10
22.92897510507595
 20
13.842876590035095
 30
0.0
 11
24.00193214424533
 21
15.682277078952234
 31
0.0
  0
LINE
  5
426
330
17
100
AcDbEntity
  8
SLOTS
100
AcDbLine
 10
24.2178782275695
 20
15.556311650770725
 30
0.0
 11
23.14492118840012
 21
13.716911161853586
 31
0.0
  0
ARC
  5
427
330
17
100
AcDbEntity
  8
SLOTS
100
AcDbCircle
 10
24.109905185907415
 20
15.61929436486148
 30
0.0
 40
0.125
100
AcDbArc
 50
-30.255819433291563
 51
149.74418056670845
  0
ARC
  5
428
330
17
100
AcDbEntity
  8
SLOTS
100
AcDbCircle
 10
23.036948146738034
 20
13.77989387594434
 30
0.0
 40
0.125
100
AcDbArc
 50
149.74418056670845
 51
329.74418056670845
  0
LINE
  5
429
330
17
100
AcDbEntity
  8
SLOTS
100
AcDbLine
 10
22.231954661518973
 20
14.136458454129645
 30
0.0
 11
23.904188951947088
 21
17.00321682292572
 31
0.0
  0
LINE
  5
42A
330
17
100
AcDbEntity
  8
SLOTS
100
AcDbLine
 10
24.120135035271257
 20
16.87725139474421
 30
0.0
 11
22.447900744843142
 21
14.010493025948136
 31
0.0
  0
ARC
  5
42B
330
17
100
AcDbEntity
  8
SLOTS
100
AcDbCircle
 10
24.012161993609173
 20
16.940234108834964
 30
0.0
 40
0.125
100
AcDbArc
 50
-30.255819433291563
 51
149.74418056670845
  0
ARC
  5
42C
330
17
100
AcDbEntity
  8
SLOTS
100
AcDbCircle
 10
22.339927703181058
 20
14.07347574003889
 30
0.0
 40
0.125
100
AcDbArc
 50
149.74418056670845
 51
329.74418056670845
  0
LINE
  5
42D
330
17
100
AcDbEntity
  8
SLOTS
100
AcDbLine
 10
21.534934217961993
 20
14.430040318224192
 30
0.0
 11
23.806445759648845
 21
18.324156566899198
 31
0.0
  0
LINE
  5
42E
330
17
100
AcDbEntity
  8
SLOTS
100
AcDbLine
 10
24.022391842973015
 20
18.19819113871769
 30
0.0
 11
21.750880301286163
 21
14.304074890042683
 31
0.0
  0
ARC
  5
42F
330
17
100
AcDbEntity
  8
SLOTS
100
AcDbCircle
 10
23.91441880131093
 20
18.261173852808444
 30
0.0
 40
0.125
100
AcDbArc
 50
-30.255819433291606
 51
149.7441805667084
  0
ARC
  5
430
330
17
100
AcDbEntity
  8
SLOTS
100
AcDbCircle
 10
21.642907259624078
 20
14.367057604133437
 30
0.0
 40
0.125
100
AcDbArc
 50
149.7441805667084
 51
329.7441805667084
  0
LINE
  5
431
330
17
100
AcDbEntity
  8
SLOTS
100
AcDbLine
 10
20.837913774405017
 20
14.72362218231874
 30
0.0
 11
23.429216497025426
 21
19.1659654644041
 31
0.0
  0
LINE
  5
432
330
17
100
AcDbEntity
  8
SLOTS
100
AcDbLine
 10
23.645162580349595
 20
19.04000003622259
 30
0.0
 11
21.053859857729186
 21
14.597656754137232
 31
0.0
  0
ARC
  5
433
330
17
100
AcDbEntity
  8
SLOTS
100
AcDbCircle
 10
23.53718953868751
 20
19.102982750313345
 30
0.0
 40
0.125
100
AcDbArc
 50
-30.255819433291542
 51
149.74418056670845
  0
ARC
  5
434
330
17
100
AcDbEntity
  8
SLOTS
100
AcDbCircle
 10
20.9458868160671
 20
14.660639468227986
 30
0.0
 40
0.125
100
AcDbArc
 50
149.74418056670845
 51
329.74418056670845
  0
LINE
  5
435
330
17
100
AcDbEntity
  8
SLOTS
100
AcDbLine
 10
20.140893330848037
 20
15.017204046413289
 30
0.0
 11
22.52561225419018
 21
19.10539489972202
 31
0.0
  0
LINE
  5
436
330
17
100
AcDbEntity
  8
SLOTS
100
AcDbLine
 10
22.74155833751435
 20
18.979429471540513
 30
0.0
 11
20.356839414172207
 21
14.89123861823178
 31
0.0
  0
ARC
  5
437
330
17
100
AcDbEntity
  8
SLOTS
100
AcDbCircle
 10
22.633585295852264
 20
19.042412185631267
 30
0.0
 40
0.125
100
AcDbArc
 50
-30.25581943329159
 51
149.7441805667084
  0
ARC
  5
438
330
17
100
AcDbEntity
  8
SLOTS
100
AcDbCircle
 10
20.248866372510122
 20
14.954221332322534
 30
0.0
 40
0.125
100
AcDbArc
 50
149.7441805667084
 51
329.7441805667084
  0
LINE
  5
439
330
17
100
AcDbEntity
  8
SLOTS
100
AcDbLine
 10
19.44387288729106
 20
15.310785910507837
 30
0.0
 11
21.54911472627673
 21
18.91986132224736
 31
0.0
  0
LINE
  5
43A
330
17
100
AcDbEntity
  8
SLOTS
100
AcDbLine
 10
21.7650608096009
 20
18.79389589406585
 30
0.0
 11
19.65981897061523
 21
15.184820482326328
 31
0.0
  0
ARC
  5
43B
330
17
100
AcDbEntity
  8
SLOTS
100
AcDbCircle
 10
21.657087767938815
 20
18.856878608156606
 30
0.0
 40
0.125
100
AcDbArc
 50
-30.255819433291578
 51
149.74418056670842
  0
ARC
  5
43C
330
17
100
AcDbEntity
  8
SLOTS
100
AcDbCircle
 10
19.551845928953146
 20
15.247803196417083
 30
0.0
 40
0.125
100
AcDbArc
 50
149.74418056670842
 51
329.74418056670845
  0
LINE
  5
43D
330
17
100
AcDbEntity
  8
SLOTS
100
AcDbLine
 10
18.772743290293967
 20
15.648753182481903
 30
0.0
 11
19.935954701192774
 21
17.642879284285215
 31
0.0
  0
LINE
  5
43E
330
17
100
AcDbEntity
  8
SLOTS
100
AcDbLine
 10
20.151900784516943
 20
17.516913856103706
 30
0.0
 11
18.988689373618136
 21
15.522787754300394
 31
0.0
  0
ARC
  5
43F
330
17
100
AcDbEntity
  8
SLOTS
100
AcDbCircle
 10
20.04392774285486
 20
17.57989657019446
 30
0.0
 40
0.125
100
AcDbArc
 50
-30.25581943329155
 51
149.74418056670845
  0
ARC
  5
440
330
17
100
AcDbEntity
  8
SLOTS
100
AcDbCircle
 10
18.88071633195605
 20
15.585770468391148
 30
0.0
 40
0.125
100
AcDbArc
 50
149.74418056670845
 51
329.74418056670845
  0
LINE
  5
441
330
17
100
AcDbEntity
  8
SLOTS
100
AcDbLine
 10
18.27184049580029
 20
16.278545059096228
 30
0.0
 11
18.322794676108824
 21
16.365897246323076
 31
0.0
  0
LINE
  5
442
330
17
100
AcDbEntity
  8
SLOTS
100
AcDbLine
 10
18.538740759432994
 20
16.239931818141567
 30
0.0
 11
18.48778657912446
 21
16.15257963091472
 31
0.0
  0
ARC
  5
443
330
17
100
AcDbEntity
  8
SLOTS
100
AcDbCircle
 10
18.43076771777091
 20
16.30291453223232
 30
0.0
 40
0.125
100
AcDbArc
 50
-30.255819433291492
 51
149.7441805667085
  0
ARC
  5
444
330
17
100
AcDbEntity
  8
SLOTS
100
AcDbCircle
 10
18.379813537462375
 20
16.215562345005473
 30
0.0
 40
0.125
100
AcDbArc
 50
149.7441805667085
 51
329.7441805667085
  0
LINE
  5
445
330
17
100
AcDbEntity
  8
SLOTS
100
AcDbLine
 10
19.187572998915353
 20
10.297021793274677
 30
0.0
 11
19.600955965570957
 21
10.83483284264
 31
0.0
  0
LINE
  5
446
330
17
100
AcDbEntity
  8
SLOTS
100
AcDbLine
 10
19.79916856032067
 20
10.682478757422084
 30
0.0
 11
19.385785593665066
 21
10.144667708056762
 31
0.0
  0
ARC
  5
447
330
17
100
AcDbEntity
  8
SLOTS
100
AcDbCircle
 10
19.700062262945814
 20
10.758655800031041
 30
0.0
 40
0.125
100
AcDbArc
 50
-37.547312565354204
 51
142.45268743464578
  0
ARC
  5
448
330
17
100
AcDbEntity
  8
SLOTS
100
AcDbCircle
 10
19.28667929629021
 20
10.22084475066572
 30
0.0
 40
0.125
100
AcDbArc
 50
142.45268743464578
 51
322.4526874346458
  0
LINE
  5
449
330
17
100
AcDbEntity
  8
SLOTS
100
AcDbLine
 10
17.952313843912993
 20
9.920635940415327
 30
0.0
 11
19.32841776914038
 21
11.710946513803934
 31
0.0
  0
LINE
  5
44A
330
17
100
AcDbEntity
  8
SLOTS
100
AcDbLine
 10
19.526630363890092
 20
11.558592428586019
 30
0.0
 11
18.150526438662705
 21
9.768281855197412
 31
0.0
  0
ARC
  5
44B
330
17
100
AcDbEntity
  8
SLOTS
100
AcDbCircle
 10
19.427524066515236
 20
11.634769471194977
 30
0.0
 40
0.125
100
AcDbArc
 50
-37.54731256535427
 51
142.45268743464572
  0
ARC
  5
44C
330
17
100
AcDbEntity
  8
SLOTS
100
AcDbCircle
 10
18.05142014128785
 20
9.84445889780637
 30
0.0
 40
0.125
100
AcDbArc
 50
142.45268743464572
 51
322.4526874346457
  0
LINE
  5
44D
330
17
100
AcDbEntity
  8
SLOTS
100
AcDbLine
 10
16.717054688910636
 20
9.544250087555977
 30
0.0
 11
19.055879572709806
 21
12.587060184967868
 31
0.0
  0
LINE
  5
44E
330
17
100
AcDbEntity
  8
SLOTS
100
AcDbLine
 10
19.25409216745952
 20
12.434706099749953
 30
0.0
 11
16.91526728366035
 21
9.391896002338061
 31
0.0
  0
ARC
  5
44F
330
17
100
AcDbEntity
  8
SLOTS
100
AcDbCircle
 10
19.154985870084662
 20
12.51088314235891
 30
0.0
 40
0.125
100
AcDbArc
 50
-37.5473125653543
 51
142.4526874346457
  0
ARC
  5
450
330
17
100
AcDbEntity
  8
SLOTS
100
AcDbCircle
 10
16.816160986285492
 20
9.468073044947019
 30
0.0
 40
0.125
100
AcDbArc
 50
142.4526874346457
 51
322.4526874346457
  0
LINE
  5
451
330
17
100
AcDbEntity
  8
SLOTS
100
AcDbLine
 10
15.533982699708533
 20
9.235759713384358
 30
0.0
 11
18.78334137627923
 21
13.463173856131801
 31
0.0
  0
LINE
  5
452
330
17
100
AcDbEntity
  8
SLOTS
100
AcDbLine
 10
18.98155397102894
 20
13.310819770913886
 30
0.0
 11
15.732195294458242
 21
9.083405628166442
 31
0.0
  0
ARC
  5
453
330
17
100
AcDbEntity
  8
SLOTS
100
AcDbCircle
 10
18.882447673654084
 20
13.386996813522844
 30
0.0
 40
0.125
100
AcDbArc
 50
-37.547312565354304
 51
142.4526874346457
  0
ARC
  5
454
330
17
100
AcDbEntity
  8
SLOTS
100
AcDbCircle
 10
15.633088997083387
 20
9.1595826707754
 30
0.0
 40
0.125
100
AcDbArc
 50
142.4526874346457
 51
322.45268743464567
  0
LINE
  5
455
330
17
100
AcDbEntity
  8
SLOTS
100
AcDbLine
 10
14.876509590415168
 20
9.61107324007461
 30
0.0
 11
18.51080317984865
 21
14.339287527295733
 31
0.0
  0
LINE
  5
456
330
17
100
AcDbEntity
  8
SLOTS
100
AcDbLine
 10
18.709015774598363
 20
14.186933442077818
 30
0.0
 11
15.074722185164877
 21
9.458719154856695
 31
0.0
  0
ARC
  5
457
330
17
100
AcDbEntity
  8
SLOTS
100
AcDbCircle
 10
18.609909477223507
 20
14.263110484686775
 30
0.0
 40
0.125
100
AcDbArc
 50
-37.54731256535429
 51
142.45268743464572
  0
ARC
  5
458
330
17
100
AcDbEntity
  8
SLOTS
100
AcDbCircle
 10
14.975615887790022
 20
9.534896197465653
 30
0.0
 40
0.125
100
AcDbArc
 50
142.45268743464572
 51
322.4526874346457
  0
LINE
  5
459
330
17
100
AcDbEntity
  8
SLOTS
100
AcDbLine
 10
14.556351263135221
 20
10.425233142919994
 30
0.0
 11
18.208881382161177
 21
15.17717314674782
 31
0.0
  0
LINE
  5
45A
330
17
100
AcDbEntity
  8
SLOTS
100
AcDbLine
 10
18.40709397691089
 20
15.024819061529906
 30
0.0
 11
14.75456385788493
 21
10.27287905770208
 31
0.0
  0
ARC
  5
45B
330
17
100
AcDbEntity
  8
SLOTS
100
AcDbCircle
 10
18.307987679536033
 20
15.100996104138863
 30
0.0
 40
0.125
100
AcDbArc
 50
-37.5473125653543
 51
142.4526874346457
  0
ARC
  5
45C
330
17
100
AcDbEntity
  8
SLOTS
100
AcDbCircle
 10
14.655457560510076
 20
10.349056100311037
 30
0.0
 40
0.125
100
AcDbArc
 50
142.4526874346457
 51
322.4526874346457
  0
LINE
  5
45D
330
17
100
AcDbEntity
  8
SLOTS
100
AcDbLine
 10
14.417120290913056
 20
11.474779451426322
 30
0.0
 11
17.72782777751049
 21
15.782008367783641
 31
0.0
  0
LINE
  5
45E
330
17
100
AcDbEntity
  8
SLOTS
100
AcDbLine
 10
17.926040372260204
 20
15.629654282565726
 30
0.0
 11
14.615332885662765
 21
11.322425366208407
 31
0.0
  0
ARC
  5
45F
330
17
100
AcDbEntity
  8
SLOTS
100
AcDbCircle
 10
17.826934074885347
 20
15.705831325174683
 30
0.0
 40
0.125
100
AcDbArc
 50
-37.547312565354275
 51
142.45268743464572
  0
ARC
  5
460
330
17
100
AcDbEntity
  8
SLOTS
100
AcDbCircle
 10
14.51622658828791
 20
11.398602408817364
 30
0.0
 40
0.125
100
AcDbArc
 50
142.45268743464572
 51
322.4526874346457
  0
LINE
  5
461
330
17
100
AcDbEntity
  8
SLOTS
100
AcDbLine
 10
15.665956904856994
 20
14.330201050696418
 30
0.0
 11
16.894215431059283
 21
15.928164827997113
 31
0.0
  0
LINE
  5
462
330
17
100
AcDbEntity
  8
SLOTS
100
AcDbLine
 10
17.092428025808996
 20
15.775810742779198
 30
0.0
 11
15.864169499606703
 21
14.177846965478503
 31
0.0
  0
ARC
  5
463
330
17
100
AcDbEntity
  8
SLOTS
100
AcDbCircle
 10
16.99332172843414
 20
15.851987785388156
 30
0.0
 40
0.125
100
AcDbArc
 50
-37.54731256535429
 51
142.45268743464572
  0
ARC
  5
464
330
17
100
AcDbEntity
  8
SLOTS
100
AcDbCircle
 10
15.765063202231849
 20
14.25402400808746
 30
0.0
 40
0.125
100
AcDbArc
 50
142.45268743464572
 51
322.4526874346457
  0
LINE
  5
465
330
17
100
AcDbEntity
  8
SLOTS
100
AcDbLine
 10
29.813940080882794
 20
1.5717857009568628
 30
0.0
 11
31.52747232054956
 21
2.315083894249647
 31
0.0
  0
LINE
  5
466
330
17
100
AcDbEntity
  8
SLOTS
100
AcDbLine
 10
31.626960666510588
 20
2.08573248479695
 30
0.0
 11
29.913428426843822
 21
1.3424342915041658
 31
0.0
  0
ARC
  5
467
330
17
100
AcDbEntity
  8
SLOTS
100
AcDbCircle
 10
31.577216493530074
 20
2.2004081895232983
 30
0.0
 40
0.125
100
AcDbArc
 50
-66.54970318475658
 51
113.45029681524342
  0
ARC
  5
468
330
17
100
AcDbEntity
  8
SLOTS
100
AcDbCircle
 10
29.86368425386331
 20
1.4571099962305143
 30
0.0
 40
0.125
100
AcDbArc
 50
113.45029681524342
 51
293.4502968152434
  0
LINE
  5
469
330
17
100
AcDbEntity
  8
SLOTS
100
AcDbLine
 10
29.785825772661923
 20
2.377113012517864
 30
0.0
 11
32.43168074499715
 21
3.5248353460258537
 31
0.0
  0
LINE
  5
46A
330
17
100
AcDbEntity
  8
SLOTS
100
AcDbLine
 10
32.53116909095819
 20
3.2954839365731567
 30
0.0
 11
29.88531411862295
 21
2.147761603065167
 31
0.0
  0
ARC
  5
46B
330
17
100
AcDbEntity
  8
SLOTS
100
AcDbCircle
 10
32.48142491797767
 20
3.410159641299505
 30
0.0
 40
0.125
100
AcDbArc
 50
-66.54970318475654
 51
113.45029681524346
  0
ARC
  5
46C
330
17
100
AcDbEntity
  8
SLOTS
100
AcDbCircle
 10
29.835569945642437
 20
2.2624373077915156
 30
0.0
 40
0.125
100
AcDbArc
 50
113.45029681524346
 51
293.45029681524346
  0
LINE
  5
46D
330
17
100
AcDbEntity
  8
SLOTS
100
AcDbLine
 10
29.75771146444105
 20
3.182440324078865
 30
0.0
 11
32.830148378095984
 21
4.515205914395332
 31
0.0
  0
LINE
  5
46E
330
17
100
AcDbEntity
  8
SLOTS
100
AcDbLine
 10
32.92963672405702
 20
4.285854504942635
 30
0.0
 11
29.85719981040208
 21
2.953088914626168
 31
0.0
  0
ARC
  5
46F
330
17
100
AcDbEntity
  8
SLOTS
100
AcDbCircle
 10
32.8798925510765
 20
4.400530209668983
 30
0.0
 40
0.125
100
AcDbArc
 50
-66.54970318475655
 51
113.45029681524345
  0
ARC
  5
470
330
17
100
AcDbEntity
  8
SLOTS
100
AcDbCircle
 10
29.807455637421565
 20
3.0677646193525163
 30
0.0
 40
0.125
100
AcDbArc
 50
113.45029681524345
 51
293.45029681524346
  0
LINE
  5
471
330
17
100
AcDbEntity
  8
SLOTS
100
AcDbLine
 10
29.72959715622018
 20
3.987767635639867
 30
0.0
 11
32.36033946298418
 21
5.1289343778640175
 31
0.0
  0
LINE
  5
472
330
17
100
AcDbEntity
  8
SLOTS
100
AcDbLine
 10
32.459827808945214
 20
4.899582968411321
 30
0.0
 11
29.829085502181208
 21
3.75841622618717
 31
0.0
  0
ARC
  5
473
330
17
100
AcDbEntity
  8
SLOTS
100
AcDbCircle
 10
32.410083635964696
 20
5.014258673137669
 30
0.0
 40
0.125
100
AcDbArc
 50
-66.54970318475657
 51
113.45029681524343
  0
ARC
  5
474
330
17
100
AcDbEntity
  8
SLOTS
100
AcDbCircle
 10
29.779341329200694
 20
3.8730919309135183
 30
0.0
 40
0.125
100
AcDbArc
 50
113.45029681524343
 51
293.45029681524346
  0
LINE
  5
475
330
17
100
AcDbEntity
  8
SLOTS
100
AcDbLine
 10
29.701482847999305
 20
4.793094947200868
 30
0.0
 11
31.890530547872377
 21
5.742662841332703
 31
0.0
  0
LINE
  5
476
330
17
100
AcDbEntity
  8
SLOTS
100
AcDbLine
 10
31.990018893833405
 20
5.513311431880006
 30
0.0
 11
29.800971193960333
 21
4.563743537748171
 31
0.0
  0
ARC
  5
477
330
17
100
AcDbEntity
  8
SLOTS
100
AcDbCircle
 10
31.94027472085289
 20
5.627987136606355
 30
0.0
 40
0.125
100
AcDbArc
 50
-66.5497031847566
 51
113.4502968152434
  0
ARC
  5
478
330
17
100
AcDbEntity
  8
SLOTS
100
AcDbCircle
 10
29.75122702097982
 20
4.6784192424745195
 30
0.0
 40
0.125
100
AcDbArc
 50
113.4502968152434
 51
293.4502968152434
  0
LINE
  5
479
330
17
100
AcDbEntity
  8
SLOTS
100
AcDbLine
 10
29.673368539778433
 20
5.598422258761867
 30
0.0
 11
31.42072163276057
 21
6.356391304801388
 31
0.0
  0
LINE
  5
47A
330
17
100
AcDbEntity
  8
SLOTS
100
AcDbLine
 10
31.5202099787216
 20
6.127039895348691
 30
0.0
 11
29.77285688573946
 21
5.36907084930917
 31
0.0
  0
ARC
  5
47B
330
17
100
AcDbEntity
  8
SLOTS
100
AcDbCircle
 10
31.470465805741085
 20
6.24171560007504
 30
0.0
 40
0.125
100
AcDbArc
 50
-66.54970318475657
 51
113.45029681524343
  0
ARC
  5
47C
330
17
100
AcDbEntity
  8
SLOTS
100
AcDbCircle
 10
29.723112712758947
 20
5.483746554035519
 30
0.0
 40
0.125
100
AcDbArc
 50
113.45029681524343
 51
293.4502968152434
  0
LINE
  5
47D
330
17
100
AcDbEntity
  8
SLOTS
100
AcDbLine
 10
29.645254231557562
 20
6.40374957032287
 30
0.0
 11
30.950912717648766
 21
6.9701197682700755
 31
0.0
  0
LINE
  5
47E
330
17
100
AcDbEntity
  8
SLOTS
100
AcDbLine
 10
31.050401063609794
 20
6.740768358817379
 30
0.0
 11
29.74474257751859
 21
6.174398160870173
 31
0.0
  0
ARC
  5
47F
330
17
100
AcDbEntity
  8
SLOTS
100
AcDbCircle
 10
31.00065689062928
 20
6.855444063543727
 30
0.0
 40
0.125
100
AcDbArc
 50
-66.54970318475657
 51
113.45029681524343
  0
ARC
  5
480
330
17
100
AcDbEntity
  8
SLOTS
100
AcDbCircle
 10
29.694998404538076
 20
6.289073865596522
 30
0.0
 40
0.125
100
AcDbArc
 50
113.45029681524343
 51
293.4502968152434
  0
LINE
  5
481
330
17
100
AcDbEntity
  8
SLOTS
100
AcDbLine
 10
29.61713992333669
 20
7.209076881883872
 30
0.0
 11
30.48110380253696
 21
7.583848231738762
 31
0.0
  0
LINE
  5
482
330
17
100
AcDbEntity
  8
SLOTS
100
AcDbLine
 10
30.58059214849799
 20
7.354496822286065
 30
0.0
 11
29.71662826929772
 21
6.979725472431175
 31
0.0
  0
ARC
  5
483
330
17
100
AcDbEntity
  8
SLOTS
100
AcDbCircle
 10
30.530847975517474
 20
7.469172527012414
 30
0.0
 40
0.125
100
AcDbArc
 50
-66.54970318475657
 51
113.45029681524343
  0
ARC
  5
484
330
17
100
AcDbEntity
  8
SLOTS
100
AcDbCircle
 10
29.666884096317204
 20
7.094401177157524
 30
0.0
 40
0.125
100
AcDbArc
 50
113.45029681524343
 51
293.45029681524346
  0
LINE
  5
485
330
17
100
AcDbEntity
  8
SLOTS
100
AcDbLine
 10
29.652395844417793
 20
8.04189301207245
 30
0.0
 11
29.897314984086336
 21
8.148134347837368
 31
0.0
  0
LINE
  5
486
330
17
100
AcDbEntity
  8
SLOTS
100
AcDbLine
 10
29.996803330047364
 20
7.9187829383846715
 30
0.0
 11
29.75188419037882
 21
7.812541602619753
 31
0.0
  0
ARC
  5
487
330
17
100
AcDbEntity
  8
SLOTS
100
AcDbCircle
 10
29.94705915706685
 20
8.03345864311102
 30
0.0
 40
0.125
100
AcDbArc
 50
-66.54970318475667
 51
113.45029681524333
  0
ARC
  5
488
330
17
100
AcDbEntity
  8
SLOTS
100
AcDbCircle
 10
29.702140017398307
 20
7.927217307346101
 30
0.0
 40
0.125
100
AcDbArc
 50
113.45029681524333
 51
293.45029681524335
  0
LINE
  5
489
330
17
100
AcDbEntity
  8
SLOTS
100
AcDbLine
 10
27.387487507420918
 20
1.0853591051825342
 30
0.0
 11
26.035058392692857
 21
5.129859182430945
 31
0.0
  0
LINE
  5
48A
330
17
100
AcDbEntity
  8
SLOTS
100
AcDbLine
 10
26.27215414936573
 20
5.209140972065876
 30
0.0
 11
27.62458326409379
 21
1.1646408948174658
 31
0.0
  0
ARC
  5
48B
330
17
100
AcDbEntity
  8
SLOTS
100
AcDbCircle
 10
26.153606271029293
 20
5.1695000772484105
 30
0.0
 40
0.125
100
AcDbArc
 50
18.489276277006496
 51
198.4892762770065
  0
ARC
  5
48C
330
17
100
AcDbEntity
  8
SLOTS
100
AcDbCircle
 10
27.506035385757354
 20
1.125
 30
0.0
 40
0.125
100
AcDbArc
 50
198.4892762770065
 51
378.4892762770065
  0
LINE
  5
48D
330
17
100
AcDbEntity
  8
SLOTS
100
AcDbLine
 10
26.596667787021207
 20
1.0853591051825342
 30
0.0
 11
25.651121266484026
 21
3.9130584897255574
 31
0.0
  0
LINE
  5
48E
330
17
100
AcDbEntity
  8
SLOTS
100
AcDbLine
 10
25.888217023156898
 20
3.992340279360489
 30
0.0
 11
26.83376354369408
 21
1.1646408948174658
 31
0.0
  0
ARC
  5
48F
330
17
100
AcDbEntity
  8
SLOTS
100
AcDbCircle
 10
25.769669144820462
 20
3.952699384543023
 30
0.0
 40
0.125
100
AcDbArc
 50
18.489276277006468
 51
198.48927627700647
  0
ARC
  5
490
330
17
100
AcDbEntity
  8
SLOTS
100
AcDbCircle
 10
26.715215665357643
 20
1.125
 30
0.0
 40
0.125
100
AcDbArc
 50
198.48927627700647
 51
378.48927627700647
  0
LINE
  5
491
330
17
100
AcDbEntity
  8
SLOTS
100
AcDbLine
 10
25.805848066621493
 20
1.0853591051825342
 30
0.0
 11
25.26718414027519
 21
2.69625779702017
 31
0.0
  0
LINE
  5
492
330
17
100
AcDbEntity
  8
SLOTS
100
AcDbLine
 10
25.504279896948063
 20
2.7755395866551016
 30
0.0
 11
26.042943823294365
 21
1.1646408948174658
 31
0.0
  0
ARC
  5
493
330
17
100
AcDbEntity
  8
SLOTS
100
AcDbCircle
 10
25.385732018611627
 20
2.735898691837636
 30
0.0
 40
0.125
100
AcDbArc
 50
18.489276277006397
 51
198.4892762770064
  0
ARC
  5
494
330
17
100
AcDbEntity
  8
SLOTS
100
AcDbCircle
 10
25.92439594495793
 20
1.125
 30
0.0
 40
0.125
100
AcDbArc
 50
198.4892762770064
 51
378.4892762770064
  0
LINE
  5
495
330
17
100
AcDbEntity
  8
SLOTS
100
AcDbLine
 10
25.01502834622178
 20
1.085359105182534
 30
0.0
 11
24.883247014066352
 21
1.4794571043147775
 31
0.0
  0
LINE
  5
496
330
17
100
AcDbEntity
  8
SLOTS
100
AcDbLine
 10
25.120342770739224
 20
1.5587388939497095
 30
0.0
 11
25.25212410289465
 21
1.164640894817466
 31
0.0
  0
ARC
  5
497
330
17
100
AcDbEntity
  8
SLOTS
100
AcDbCircle
 10
25.00179489240279
 20
1.5190979991322435
 30
0.0
 40
0.125
100
AcDbArc
 50
18.48927627700658
 51
198.48927627700658
  0
ARC
  5
498
330
17
100
AcDbEntity
  8
SLOTS
100
AcDbCircle
 10
25.133576224558215
 20
1.125
 30
0.0
 40
0.125
100
AcDbArc
 50
198.48927627700658
 51
378.4892762770066
  0
LINE
  5
499
330
17
100
AcDbEntity
  8
SLOTS
100
AcDbLine
 10
27.194990608764595
 20
6.454450085846454
 30
0.0
 11
26.767308748755973
 21
6.130766800927915
 31
0.0
  0
LINE
  5
49A
330
17
100
AcDbEntity
  8
SLOTS
100
AcDbLine
 10
26.616438553609967
 20
6.330111186895032
 30
0.0
 11
27.04412041361859
 21
6.653794471813572
 31
0.0
  0
ARC
  5
49B
330
17
100
AcDbEntity
  8
SLOTS
100
AcDbCircle
 10
26.69187365118297
 20
6.2304389939114735
 30
0.0
 40
0.125
100
AcDbArc
 50
-232.88040093324443
 51
-52.88040093324443
  0
ARC
  5
49C
330
17
100
AcDbEntity
  8
SLOTS
100
AcDbCircle
 10
27.119555511191592
 20
6.554122278830013
 30
0.0
 40
0.125
100
AcDbArc
 50
-52.88040093324443
 51
127.11959906675557
  0
LINE
  5
49D
330
17
100
AcDbEntity
  8
SLOTS
100
AcDbLine
 10
28.995975430143243
 20
6.876909595041136
 30
0.0
 11
27.023888122015517
 21
5.384370963573172
 31
0.0
  0
LINE
  5
49E
330
17
100
AcDbEntity
  8
SLOTS
100
AcDbLine
 10
26.87301792686951
 20
5.58371534954029
 30
0.0
 11
28.845105234997238
 21
7.076253981008254
 31
0.0
  0
ARC
  5
49F
330
17
100
AcDbEntity
  8
SLOTS
100
AcDbCircle
 10
26.948453024442514
 20
5.484043156556731
 30
0.0
 40
0.125
100
AcDbArc
 50
-232.88040093324443
 51
-52.88040093324443
  0
ARC
  5
4A0
330
17
100
AcDbEntity
  8
SLOTS
100
AcDbCircle
 10
28.92054033257024
 20
6.976581788024695
 30
0.0
 40
0.125
100
AcDbArc
 50
-52.88040093324443
 51
127.11959906675557
  0
LINE
  5
4A1
330
17
100
AcDbEntity
  8
SLOTS
100
AcDbLine
 10
29.02796633872529
 20
5.960538037883457
 30
0.0
 11
27.28046749527506
 21
4.63797512621843
 31
0.0
  0
LINE
  5
4A2
330
17
100
AcDbEntity
  8
SLOTS
100
AcDbLine
 10
27.129597300129056
 20
4.837319512185548
 30
0.0
 11
28.877096143579283
 21
6.159882423850575
 31
0.0
  0
ARC
  5
4A3
330
17
100
AcDbEntity
  8
SLOTS
100
AcDbCircle
 10
27.20503239770206
 20
4.737647319201989
 30
0.0
 40
0.125
100
AcDbArc
 50
-232.88040093324443
 51
-52.88040093324443
  0
ARC
  5
4A4
330
17
100
AcDbEntity
  8
SLOTS
100
AcDbCircle
 10
28.952531241152286
 20
6.060210230867016
 30
0.0
 40
0.125
100
AcDbArc
 50
-52.88040093324443
 51
127.11959906675557
  0
LINE
  5
4A5
330
17
100
AcDbEntity
  8
SLOTS
100
AcDbLine
 10
29.05995724730733
 20
5.04416648072578
 30
0.0
 11
27.5370468685346
 21
3.891579288863689
 31
0.0
  0
LINE
  5
4A6
330
17
100
AcDbEntity
  8
SLOTS
100
AcDbLine
 10
27.3861766733886
 20
4.090923674830807
 30
0.0
 11
28.909087052161333
 21
5.243510866692898
 31
0.0
  0
ARC
  5
4A7
330
17
100
AcDbEntity
  8
SLOTS
100
AcDbCircle
 10
27.4616117709616
 20
3.991251481847248
 30
0.0
 40
0.125
100
AcDbArc
 50
-232.88040093324452
 51
-52.880400933244516
  0
ARC
  5
4A8
330
17
100
AcDbEntity
  8
SLOTS
100
AcDbCircle
 10
28.98452214973433
 20
5.143838673709339
 30
0.0
 40
0.125
100
AcDbArc
 50
-52.880400933244516
 51
127.11959906675548
  0
LINE
  5
4A9
330
17
100
AcDbEntity
  8
SLOTS
100
AcDbLine
 10
29.091948155889376
 20
4.1277949235681035
 30
0.0
 11
27.793626241794147
 21
3.1451834515089483
 31
0.0
  0
LINE
  5
4AA
330
17
100
AcDbEntity
  8
SLOTS
100
AcDbLine
 10
27.64275604664814
 20
3.344527837476066
 30
0.0
 11
28.94107796074337
 21
4.327139309535221
 31
0.0
  0
ARC
  5
4AB
330
17
100
AcDbEntity
  8
SLOTS
100
AcDbCircle
 10
27.718191144221144
 20
3.244855644492507
 30
0.0
 40
0.125
100
AcDbArc
 50
-232.8804009332444
 51
-52.8804009332444
  0
ARC
  5
4AC
330
17
100
AcDbEntity
  8
SLOTS
100
AcDbCircle
 10
29.016513058316374
 20
4.227467116551662
 30
0.0
 40
0.125
100
AcDbArc
 50
-52.8804009332444
 51
127.1195990667556
  0
LINE
  5
4AD
330
17
100
AcDbEntity
  8
SLOTS
100
AcDbLine
 10
29.123939064471422
 20
3.211423366410424
 30
0.0
 11
28.05020561505369
 21
2.398787614154206
 31
0.0
  0
LINE
  5
4AE
330
17
100
AcDbEntity
  8
SLOTS
100
AcDbLine
 10
27.899335419907686
 20
2.598132000121324
 30
0.0
 11
28.973068869325417
 21
3.410767752377542
 31
0.0
  0
ARC
  5
4AF
330
17
100
AcDbEntity
  8
SLOTS
100
AcDbCircle
 10
27.97477051748069
 20
2.498459807137765
 30
0.0
 40
0.125
100
AcDbArc
 50
-232.88040093324443
 51
-52.88040093324443
  0
ARC
  5
4B0
330
17
100
AcDbEntity
  8
SLOTS
100
AcDbCircle
 10
29.04850396689842
 20
3.311095559393983
 30
0.0
 40
0.125
100
AcDbArc
 50
-52.88040093324443
 51
127.11959906675557
  0
LINE
  5
4B1
330
17
100
AcDbEntity
  8
SLOTS
100
AcDbLine
 10
29.15592997305346
 20
2.295051809252745
 30
0.0
 11
28.30678498831323
 21
1.6523917767994638
 31
0.0
  0
LINE
  5
4B2
330
17
100
AcDbEntity
  8
SLOTS
100
AcDbLine
 10
28.15591479316723
 20
1.851736162766582
 30
0.0
 11
29.005059777907462
 21
2.494396195219863
 31
0.0
  0
ARC
  5
4B3
330
17
100
AcDbEntity
  8
SLOTS
100
AcDbCircle
 10
28.23134989074023
 20
1.752063969783023
 30
0.0
 40
0.125
100
AcDbArc
 50
-232.88040093324446
 51
-52.88040093324446
  0
ARC
  5
4B4
330
17
100
AcDbEntity
  8
SLOTS
100
AcDbCircle
 10
29.08049487548046
 20
2.394724002236304
 30
0.0
 40
0.125
100
AcDbArc
 50
-52.88040093324446
 51
127.11959906675554
  0
LINE
  5
4B5
330
17
100
AcDbEntity
  8
SLOTS
100
AcDbLine
 10
29.187920881635506
 20
1.3786802520950678
 30
0.0
 11
28.721037239535004
 21
1.0253278070164409
 31
0.0
  0
LINE
  5
4B6
330
17
100
AcDbEntity
  8
SLOTS
100
AcDbLine
 10
28.570167044389006
 20
1.2246721929835591
 30
0.0
 11
29.037050686489508
 21
1.578024638062186
 31
0.0
  0
ARC
  5
4B7
330
17
100
AcDbEntity
  8
SLOTS
100
AcDbCircle
 10
28.645602141962005
 20
1.125
 30
0.0
 40
0.125
100
AcDbArc
 50
-232.88040093324452
 51
-52.880400933244516
  0
ARC
  5
4B8
330
17
100
AcDbEntity
  8
SLOTS
100
AcDbCircle
 10
29.112485784062507
 20
1.478352445078627
 30
0.0
 40
0.125
100
AcDbArc
 50
-52.880400933244516
 51
127.11959906675548
  0
LINE
  5
4B9
330
17
100
AcDbEntity
  8
SLOTS
100
AcDbLine
 10
23.207725681052857
 20
1.960084453580438
 30
0.0
 11
24.31986148980614
 21
1.983728425450882
 31
0.0
  0
LINE
  5
4BA
330
17
100
AcDbEntity
  8
SLOTS
100
AcDbLine
 10
24.32517528109854
 20
1.733784904586466
 30
0.0
 11
23.213039472345258
 21
1.710140932716022
 31
0.0
  0
ARC
  5
4BB
330
17
100
AcDbEntity
  8
SLOTS
100
AcDbCircle
 10
24.32251838545234
 20
1.858756665018674
 30
0.0
 40
0.125
100
AcDbArc
 50
-88.78207702523156
 51
91.21792297476844
  0
ARC
  5
4BC
330
17
100
AcDbEntity
  8
SLOTS
100
AcDbCircle
 10
23.210382576699057
 20
1.83511269314823
 30
0.0
 40
0.125
100
AcDbArc
 50
91.21792297476844
 51
271.21792297476844
  0
LINE
  5
4BD
330
17
100
AcDbEntity
  8
SLOTS
100
AcDbLine
 10
23.120510186978564
 20
2.7083997306485132
 30
0.0
 11
24.558161017554678
 21
2.738964141514635
 31
0.0
  0
LINE
  5
4BE
330
17
100
AcDbEntity
  8
SLOTS
100
AcDbLine
 10
24.56347480884708
 20
2.4890206206502183
 30
0.0
 11
23.125823978270965
 21
2.4584562097840967
 31
0.0
  0
ARC
  5
4BF
330
17
100
AcDbEntity
  8
SLOTS
100
AcDbCircle
 10
24.56081791320088
 20
2.6139923810824266
 30
0.0
 40
0.125
100
AcDbArc
 50
-88.78207702523157
 51
91.21792297476843
  0
ARC
  5
4C0
330
17
100
AcDbEntity
  8
SLOTS
100
AcDbCircle
 10
23.123167082624764
 20
2.583427970216305
 30
0.0
 40
0.125
100
AcDbArc
 50
91.21792297476843
 51
271.21792297476844
  0
LINE
  5
4C1
330
17
100
AcDbEntity
  8
SLOTS
100
AcDbLine
 10
23.03329469290427
 20
3.456715007716588
 30
0.0
 11
24.796460545303216
 21
3.4941998575783875
 31
0.0
  0
LINE
  5
4C2
330
17
100
AcDbEntity
  8
SLOTS
100
AcDbLine
 10
24.801774336595617
 20
3.244256336713971
 30
0.0
 11
23.038608484196672
 21
3.2067714868521713
 31
0.0
  0
ARC
  5
4C3
330
17
100
AcDbEntity
  8
SLOTS
100
AcDbCircle
 10
24.799117440949416
 20
3.369228097146179
 30
0.0
 40
0.125
100
AcDbArc
 50
-88.78207702523156
 51
91.21792297476844
  0
ARC
  5
4C4
330
17
100
AcDbEntity
  8
SLOTS
100
AcDbCircle
 10
23.03595158855047
 20
3.3317432472843795
 30
0.0
 40
0.125
100
AcDbArc
 50
91.21792297476844
 51
271.21792297476844
  0
LINE
  5
4C5
330
17
100
AcDbEntity
  8
SLOTS
100
AcDbLine
 10
22.946079198829974
 20
4.205030284784663
 30
0.0
 11
25.034760073051753
 21
4.249435573642141
 31
0.0
  0
LINE
  5
4C6
330
17
100
AcDbEntity
  8
SLOTS
100
AcDbLine
 10
25.040073864344155
 20
3.9994920527777245
 30
0.0
 11
22.951392990122375
 21
3.9550867639202467
 31
0.0
  0
ARC
  5
4C7
330
17
100
AcDbEntity
  8
SLOTS
100
AcDbCircle
 10
25.037416968697954
 20
4.124463813209933
 30
0.0
 40
0.125
100
AcDbArc
 50
-88.78207702523156
 51
91.21792297476844
  0
ARC
  5
4C8
330
17
100
AcDbEntity
  8
SLOTS
100
AcDbCircle
 10
22.948736094476175
 20
4.080058524352455
 30
0.0
 40
0.125
100
AcDbArc
 50
91.21792297476844
 51
271.21792297476844
  0
LINE
  5
4C9
330
17
100
AcDbEntity
  8
SLOTS
100
AcDbLine
 10
23.174853203215598
 20
4.960063488525127
 30
0.0
 11
25.273059600800295
 21
5.004671289705894
 31
0.0
  0
LINE
  5
4CA
330
17
100
AcDbEntity
  8
SLOTS
100
AcDbLine
 10
25.278373392092696
 20
4.7547277688414775
 30
0.0
 11
23.180166994508
 21
4.71011996766071
 31
0.0
  0
ARC
  5
4CB
330
17
100
AcDbEntity
  8
SLOTS
100
AcDbCircle
 10
25.275716496446496
 20
4.879699529273686
 30
0.0
 40
0.125
100
AcDbArc
 50
-88.78207702523156
 51
91.21792297476844
  0
ARC
  5
4CC
330
17
100
AcDbEntity
  8
SLOTS
100
AcDbCircle
 10
23.1775100988618
 20
4.835091728092919
 30
0.0
 40
0.125
100
AcDbArc
 50
91.21792297476844
 51
271.21792297476844
  0
LINE
  5
4CD
330
17
100
AcDbEntity
  8
SLOTS
100
AcDbLine
 10
23.429433887224505
 20
5.715645341452389
 30
0.0
 11
25.511359128548833
 21
5.759907005769647
 31
0.0
  0
LINE
  5
4CE
330
17
100
AcDbEntity
  8
SLOTS
100
AcDbLine
 10
25.516672919841234
 20
5.509963484905231
 30
0.0
 11
23.434747678516906
 21
5.465701820587973
 31
0.0
  0
ARC
  5
4CF
330
17
100
AcDbEntity
  8
SLOTS
100
AcDbCircle
 10
25.514016024195033
 20
5.634935245337439
 30
0.0
 40
0.125
100
AcDbArc
 50
-88.78207702523156
 51
91.21792297476844
  0
ARC
  5
4D0
330
17
100
AcDbEntity
  8
SLOTS
100
AcDbCircle
 10
23.432090782870706
 20
5.590673581020181
 30
0.0
 40
0.125
100
AcDbArc
 50
91.21792297476844
 51
271.21792297476844
  0
LINE
  5
4D1
330
17
100
AcDbEntity
  8
SLOTS
100
AcDbLine
 10
23.684014571233416
 20
6.471227194379652
 30
0.0
 11
24.873660578245573
 21
6.4965190305962315
 31
0.0
  0
LINE
  5
4D2
330
17
100
AcDbEntity
  8
SLOTS
100
AcDbLine
 10
24.878974369537975
 20
6.246575509731815
 30
0.0
 11
23.689328362525817
 21
6.221283673515235
 31
0.0
  0
ARC
  5
4D3
330
17
100
AcDbEntity
  8
SLOTS
100
AcDbCircle
 10
24.876317473891774
 20
6.371547270164023
 30
0.0
 40
0.125
100
AcDbArc
 50
-88.78207702523156
 51
91.21792297476844
  0
ARC
  5
4D4
330
17
100
AcDbEntity
  8
SLOTS
100
AcDbCircle
 10
23.686671466879616
 20
6.3462554339474435
 30
0.0
 40
0.125
100
AcDbArc
 50
91.21792297476844
 51
271.21792297476844
  0
LINE
  5
4D5
330
17
100
AcDbEntity
  8
SLOTS
100
AcDbLine
 10
20.343344644990484
 20
3.6981896622088826
 30
0.0
 11
20.171823555819298
 21
3.3456400367629855
 31
0.0
  0
LINE
  5
4D6
330
17
100
AcDbEntity
  8
SLOTS
100
AcDbLine
 10
19.947017407679194
 20
3.4550118601838755
 30
0.0
 11
20.11853849685038
 21
3.8075614856297726
 31
0.0
  0
ARC
  5
4D7
330
17
100
AcDbEntity
  8
SLOTS
100
AcDbCircle
 10
20.059420481749246
 20
3.4003259484734305
 30
0.0
 40
0.125
100
AcDbArc
 50
-205.94367016283115
 51
-25.94367016283114
  0
ARC
  5
4D8
330
17
100
AcDbEntity
  8
SLOTS
100
AcDbCircle
 10
20.230941570920432
 20
3.7528755739193276
 30
0.0
 40
0.125
100
AcDbArc
 50
-25.94367016283114
 51
154.05632983716885
  0
LINE
  5
4D9
330
17
100
AcDbEntity
  8
SLOTS
100
AcDbLine
 10
21.185965292274872
 20
3.7158020782688217
 30
0.0
 11
20.274344751686755
 21
1.8420296944404815
 31
0.0
  0
LINE
  5
4DA
330
17
100
AcDbEntity
  8
SLOTS
100
AcDbLine
 10
20.04953860354665
 20
1.951401517861371
 30
0.0
 11
20.96115914413477
 21
3.8251739016897117
 31
0.0
  0
ARC
  5
4DB
330
17
100
AcDbEntity
  8
SLOTS
100
AcDbCircle
 10
20.161941677616703
 20
1.8967156061509263
 30
0.0
 40
0.125
100
AcDbArc
 50
-205.94367016283115
 51
-25.94367016283114
  0
ARC
  5
4DC
330
17
100
AcDbEntity
  8
SLOTS
100
AcDbCircle
 10
21.07356221820482
 20
3.7704879899792667
 30
0.0
 40
0.125
100
AcDbArc
 50
-25.94367016283114
 51
154.05632983716885
  0
LINE
  5
4DD
330
17
100
AcDbEntity
  8
SLOTS
100
AcDbLine
 10
22.028585939559257
 20
3.7334144943287613
 30
0.0
 11
20.73294456243866
 21
1.0703140882895552
 31
0.0
  0
LINE
  5
4DE
330
17
100
AcDbEntity
  8
SLOTS
100
AcDbLine
 10
20.508138414298557
 20
1.1796859117104448
 30
0.0
 11
21.803779791419153
 21
3.8427863177496504
 31
0.0
  0
ARC
  5
4DF
330
17
100
AcDbEntity
  8
SLOTS
100
AcDbCircle
 10
20.62054148836861
 20
1.125
 30
0.0
 40
0.125
100
AcDbArc
 50
-205.9436701628311
 51
-25.94367016283111
  0
ARC
  5
4E0
330
17
100
AcDbEntity
  8
SLOTS
100
AcDbCircle
 10
21.916182865489205
 20
3.788100406039206
 30
0.0
 40
0.125
100
AcDbArc
 50
-25.94367016283111
 51
154.0563298371689
  0
LINE
  5
4E1
330
17
100
AcDbEntity
  8
SLOTS
100
AcDbLine
 10
22.44107817573605
 20
2.8669279872628297
 30
0.0
 11
21.566996484733718
 21
1.070314088289555
 31
0.0
  0
LINE
  5
4E2
330
17
100
AcDbEntity
  8
SLOTS
100
AcDbLine
 10
21.342190336593614
 20
1.179685911710445
 30
0.0
 11
22.216272027595945
 21
2.9762998106837197
 31
0.0
  0
ARC
  5
4E3
330
17
100
AcDbEntity
  8
SLOTS
100
AcDbCircle
 10
21.454593410663666
 20
1.125
 30
0.0
 40
0.125
100
AcDbArc
 50
-205.9436701628312
 51
-25.943670162831197
  0
ARC
  5
4E4
330
17
100
AcDbEntity
  8
SLOTS
100
AcDbCircle
 10
22.328675101665997
 20
2.9216138989732747
 30
0.0
 40
0.125
100
AcDbArc
 50
-25.943670162831197
 51
154.0563298371688
  0
LINE
  5
4E5
330
17
100
AcDbEntity
  8
SLOTS
100
AcDbLine
 10
22.602268062653227
 20
1.4839070439170217
 30
0.0
 11
22.401048407028775
 21
1.0703140882895552
 31
0.0
  0
LINE
  5
4E6
330
17
100
AcDbEntity
  8
SLOTS
100
AcDbLine
 10
22.17624225888867
 20
1.1796859117104448
 30
0.0
 11
22.377461914513123
 21
1.5932788673379112
 31
0.0
  0
ARC
  5
4E7
330
17
100
AcDbEntity
  8
SLOTS
100
AcDbCircle
 10
22.288645332958723
 20
1.125
 30
0.0
 40
0.125
100
AcDbArc
 50
-205.94367016283115
 51
-25.94367016283114
  0
ARC
  5
4E8
330
17
100
AcDbEntity
  8
SLOTS
100
AcDbCircle
 10
22.489864988583175
 20
1.5385929556274665
 30
0.0
 40
0.125
100
AcDbArc
 50
-25.94367016283114
 51
154.05632983716885
  0
LINE
  5
4E9
330
17
100
AcDbEntity
  8
SLOTS
100
AcDbLine
 10
13.411579550462058
 20
26.465286380797508
 30
0.0
 11
13.248235210215167
 21
26.730354216055712
 31
0.0
  0
LINE
  5
4EA
330
17
100
AcDbEntity
  8
SLOTS
100
AcDbLine
 10
13.461068869199863
 20
26.861509976902067
 30
0.0
 11
13.624413209446754
 21
26.596442141643863
 31
0.0
  0
ARC
  5
4EB
330
17
100
AcDbEntity
  8
SLOTS
100
AcDbCircle
 10
13.354652039707515
 20
26.79593209647889
 30
0.0
 40
0.125
100
AcDbArc
 50
31.642870186031544
 51
211.64287018603153
  0
ARC
  5
4EC
330
17
100
AcDbEntity
  8
SLOTS
100
AcDbCircle
 10
13.517996379954406
 20
26.530864261220685
 30
0.0
 40
0.125
100
AcDbArc
 50
211.64287018603153
 51
391.64287018603153
  0
LINE
  5
4ED
330
17
100
AcDbEntity
  8
SLOTS
100
AcDbLine
 10
12.918995968561752
 20
25.835030924422966
 30
0.0
 11
12.286084366396114
 21
26.86209135420141
 31
0.0
  0
LINE
  5
4EE
330
17
100
AcDbEntity
  8
SLOTS
100
AcDbLine
 10
12.49891802538081
 20
26.993247115047765
 30
0.0
 11
13.131829627546448
 21
25.96618668526932
 31
0.0
  0
ARC
  5
4EF
330
17
100
AcDbEntity
  8
SLOTS
100
AcDbCircle
 10
12.392501195888462
 20
26.927669234624588
 30
0.0
 40
0.125
100
AcDbArc
 50
31.642870186031473
 51
211.64287018603147
  0
ARC
  5
4F0
330
17
100
AcDbEntity
  8
SLOTS
100
AcDbCircle
 10
13.0254127980541
 20
25.900608804846144
 30
0.0
 40
0.125
100
AcDbArc
 50
211.64287018603147
 51
391.6428701860315
  0
LINE
  5
4F1
330
17
100
AcDbEntity
  8
SLOTS
100
AcDbLine
 10
12.426412386661447
 20
25.20477546804842
 30
0.0
 11
11.32393352257706
 21
26.99382849234711
 31
0.0
  0
LINE
  5
4F2
330
17
100
AcDbEntity
  8
SLOTS
100
AcDbLine
 10
11.536767181561755
 20
27.124984253193464
 30
0.0
 11
12.639246045646143
 21
25.335931228894776
 31
0.0
  0
ARC
  5
4F3
330
17
100
AcDbEntity
  8
SLOTS
100
AcDbCircle
 10
11.430350352069407
 20
27.059406372770287
 30
0.0
 40
0.125
100
AcDbArc
 50
31.642870186031445
 51
211.64287018603144
  0
ARC
  5
4F4
330
17
100
AcDbEntity
  8
SLOTS
100
AcDbCircle
 10
12.532829216153795
 20
25.2703533484716
 30
0.0
 40
0.125
100
AcDbArc
 50
211.64287018603144
 51
391.6428701860315
  0
LINE
  5
4F5
330
17
100
AcDbEntity
  8
SLOTS
100
AcDbLine
 10
11.170502124139967
 20
25.81321215442743
 30
0.0
 11
10.361782678758004
 21
27.125565630492808
 31
0.0
  0
LINE
  5
4F6
330
17
100
AcDbEntity
  8
SLOTS
100
AcDbLine
 10
10.5746163377427
 20
27.256721391339163
 30
0.0
 11
11.383335783124663
 21
25.944367915273784
 31
0.0
  0
ARC
  5
4F7
330
17
100
AcDbEntity
  8
SLOTS
100
AcDbCircle
 10
10.468199508250352
 20
27.191143510915985
 30
0.0
 40
0.125
100
AcDbArc
 50
31.642870186031473
 51
211.64287018603147
  0
ARC
  5
4F8
330
17
100
AcDbEntity
  8
SLOTS
100
AcDbCircle
 10
11.276918953632315
 20
25.878790034850606
 30
0.0
 40
0.125
100
AcDbArc
 50
211.64287018603147
 51
391.6428701860315
  0
LINE
  5
4F9
330
17
100
AcDbEntity
  8
SLOTS
100
AcDbLine
 10
8.591467332869156
 20
13.100067311793579
 30
0.0
 11
8.081393736183287
 21
14.389361721342418
 31
0.0
  0
LINE
  5
4FA
330
17
100
AcDbEntity
  8
SLOTS
100
AcDbLine
 10
8.313862175530588
 20
14.481331415847897
 30
0.0
 11
8.823935772216457
 21
13.192037006299058
 31
0.0
  0
ARC
  5
4FB
330
17
100
AcDbEntity
  8
SLOTS
100
AcDbCircle
 10
8.197627955856937
 20
14.435346568595158
 30
0.0
 40
0.125
100
AcDbArc
 50
21.58485537712633
 51
201.58485537712633
  0
ARC
  5
4FC
330
17
100
AcDbEntity
  8
SLOTS
100
AcDbCircle
 10
8.707701552542806
 20
13.146052159046318
 30
0.0
 40
0.125
100
AcDbArc
 50
201.58485537712633
 51
381.58485537712636
  0
LINE
  5
4FD
330
17
100
AcDbEntity
  8
SLOTS
100
AcDbLine
 10
7.950763054961395
 20
12.680837079063522
 30
0.0
 11
7.409673407170554
 21
14.04852962871556
 31
0.0
  0
LINE
  5
4FE
330
17
100
AcDbEntity
  8
SLOTS
100
AcDbLine
 10
7.642141846517853
 20
14.14049932322104
 30
0.0
 11
8.183231494308695
 21
12.772806773569002
 31
0.0
  0
ARC
  5
4FF
330
17
100
AcDbEntity
  8
SLOTS
100
AcDbCircle
 10
7.525907626844203
 20
14.0945144759683
 30
0.0
 40
0.125
100
AcDbArc
 50
21.58485537712633
 51
201.58485537712633
  0
ARC
  5
500
330
17
100
AcDbEntity
  8
SLOTS
100
AcDbCircle
 10
8.066997274635044
 20
12.726821926316262
 30
0.0
 40
0.125
100
AcDbArc
 50
201.58485537712633
 51
381.58485537712636
  0
LINE
  5
501
330
17
100
AcDbEntity
  8
SLOTS
100
AcDbLine
 10
7.310058777053632
 20
12.261606846333464
 30
0.0
 11
6.737953078157818
 21
13.707697536088702
 31
0.0
  0
LINE
  5
502
330
17
100
AcDbEntity
  8
SLOTS
100
AcDbLine
 10
6.970421517505117
 20
13.799667230594181
 30
0.0
 11
7.542527216400931
 21
12.353576540838944
 31
0.0
  0
ARC
  5
503
330
17
100
AcDbEntity
  8
SLOTS
100
AcDbCircle
 10
6.8541872978314675
 20
13.753682383341442
 30
0.0
 40
0.125
100
AcDbArc
 50
21.58485537712636
 51
201.58485537712636
  0
ARC
  5
504
330
17
100
AcDbEntity
  8
SLOTS
100
AcDbCircle
 10
7.426292996727281
 20
12.307591693586204
 30
0.0
 40
0.125
100
AcDbArc
 50
201.58485537712636
 51
381.58485537712636
  0
LINE
  5
505
330
17
100
AcDbEntity
  8
SLOTS
100
AcDbLine
 10
6.669354499145869
 20
11.842376613603408
 30
0.0
 11
6.066232749145083
 21
13.366865443461844
 31
0.0
  0
LINE
  5
506
330
17
100
AcDbEntity
  8
SLOTS
100
AcDbLine
 10
6.298701188492382
 20
13.458835137967323
 30
0.0
 11
6.901822938493168
 21
11.934346308108887
 31
0.0
  0
ARC
  5
507
330
17
100
AcDbEntity
  8
SLOTS
100
AcDbCircle
 10
6.182466968818733
 20
13.412850290714584
 30
0.0
 40
0.125
100
AcDbArc
 50
21.584855377126374
 51
201.58485537712636
  0
ARC
  5
508
330
17
100
AcDbEntity
  8
SLOTS
100
AcDbCircle
 10
6.785588718819518
 20
11.888361460856148
 30
0.0
 40
0.125
100
AcDbArc
 50
201.58485537712636
 51
381.58485537712636
  0
LINE
  5
509
330
17
100
AcDbEntity
  8
SLOTS
100
AcDbLine
 10
6.028650221238107
 20
11.423146380873352
 30
0.0
 11
5.394512420132349
 21
13.026033350834986
 31
0.0
  0
LINE
  5
50A
330
17
100
AcDbEntity
  8
SLOTS
100
AcDbLine
 10
5.626980859479648
 20
13.118003045340465
 30
0.0
 11
6.261118660585406
 21
11.515116075378831
 31
0.0
  0
ARC
  5
50B
330
17
100
AcDbEntity
  8
SLOTS
100
AcDbCircle
 10
5.5107466398059985
 20
13.072018198087726
 30
0.0
 40
0.125
100
AcDbArc
 50
21.584855377126374
 51
201.58485537712636
  0
ARC
  5
50C
330
17
100
AcDbEntity
  8
SLOTS
100
AcDbCircle
 10
6.144884440911756
 20
11.469131228126091
 30
0.0
 40
0.125
100
AcDbArc
 50
201.58485537712636
 51
381.58485537712636
  0
LINE
  5
50D
330
17
100
AcDbEntity
  8
SLOTS
100
AcDbLine
 10
5.387945943330343
 20
11.003916148143293
 30
0.0
 11
4.767128885626718
 21
12.573132761295652
 31
0.0
  0
LINE
  5
50E
330
17
100
AcDbEntity
  8
SLOTS
100
AcDbLine
 10
4.999597324974017
 20
12.665102455801131
 30
0.0
 11
5.620414382677642
 21
11.095885842648773
 31
0.0
  0
ARC
  5
50F
330
17
100
AcDbEntity
  8
SLOTS
100
AcDbCircle
 10
4.883363105300368
 20
12.619117608548391
 30
0.0
 40
0.125
100
AcDbArc
 50
21.58485537712636
 51
201.58485537712636
  0
ARC
  5
510
330
17
100
AcDbEntity
  8
SLOTS
100
AcDbCircle
 10
5.504180163003992
 20
11.049900995396033
 30
0.0
 40
0.125
100
AcDbArc
 50
201.58485537712636
 51
381.58485537712636
  0
LINE
  5
511
330
17
100
AcDbEntity
  8
SLOTS
100
AcDbLine
 10
4.731981856282544
 20
10.6232575779005
 30
0.0
 11
4.165531501554985
 21
12.055053460656158
 31
0.0
  0
LINE
  5
512
330
17
100
AcDbEntity
  8
SLOTS
100
AcDbLine
 10
4.397999940902284
 20
12.147023155161637
 30
0.0
 11
4.964450295629843
 21
10.71522727240598
 31
0.0
  0
ARC
  5
513
330
17
100
AcDbEntity
  8
SLOTS
100
AcDbCircle
 10
4.281765721228634
 20
12.101038307908897
 30
0.0
 40
0.125
100
AcDbArc
 50
21.584855377126374
 51
201.58485537712636
  0
ARC
  5
514
330
17
100
AcDbEntity
  8
SLOTS
100
AcDbCircle
 10
4.848216075956193
 20
10.66924242515324
 30
0.0
 40
0.125
100
AcDbArc
 50
201.58485537712636
 51
381.58485537712636
  0
LINE
  5
515
330
17
100
AcDbEntity
  8
SLOTS
100
AcDbLine
 10
3.7018920404074525
 20
11.18826295454589
 30
0.0
 11
3.563934117483251
 21
11.536974160016664
 31
0.0
  0
LINE
  5
516
330
17
100
AcDbEntity
  8
SLOTS
100
AcDbLine
 10
3.7964025568305506
 20
11.628943854522143
 30
0.0
 11
3.9343604797547522
 21
11.280232649051369
 31
0.0
  0
ARC
  5
517
330
17
100
AcDbEntity
  8
SLOTS
100
AcDbCircle
 10
3.6801683371569007
 20
11.582959007269404
 30
0.0
 40
0.125
100
AcDbArc
 50
21.584855377126317
 51
201.5848553771263
  0
ARC
  5
518
330
17
100
AcDbEntity
  8
SLOTS
100
AcDbCircle
 10
3.8181262600811023
 20
11.23424780179863
 30
0.0
 40
0.125
100
AcDbArc
 50
201.5848553771263
 51
381.5848553771263
  0
LINE
  5
519
330
17
100
AcDbEntity
  8
SLOTS
100
AcDbLine
 10
9.47814063913483
 20
15.500005286014941
 30
0.0
 11
10.383141027549858
 21
13.529359725562516
 31
0.0
  0
LINE
  5
51A
330
17
100
AcDbEntity
  8
SLOTS
100
AcDbLine
 10
10.155952954325777
 20
13.425025745552508
 30
0.0
 11
9.25095256591075
 21
15.395671306004933
 31
0.0
  0
ARC
  5
51B
330
17
100
AcDbEntity
  8
SLOTS
100
AcDbCircle
 10
10.269546990937817
 20
13.477192735557512
 30
0.0
 40
0.125
100
AcDbArc
 50
-155.3334931270545
 51
24.666506872945476
  0
ARC
  5
51C
330
17
100
AcDbEntity
  8
SLOTS
100
AcDbCircle
 10
9.36454660252279
 20
15.447838296009937
 30
0.0
 40
0.125
100
AcDbArc
 50
24.666506872945476
 51
204.6665068729455
  0
LINE
  5
51D
330
17
100
AcDbEntity
  8
SLOTS
100
AcDbLine
 10
9.741379553571797
 20
16.723913913091344
 30
0.0
 11
11.69466454175013
 21
12.470620279711412
 31
0.0
  0
LINE
  5
51E
330
17
100
AcDbEntity
  8
SLOTS
100
AcDbLine
 10
11.46747646852605
 20
12.366286299701404
 30
0.0
 11
9.514191480347716
 21
16.619579933081333
 31
0.0
  0
ARC
  5
51F
330
17
100
AcDbEntity
  8
SLOTS
100
AcDbCircle
 10
11.58107050513809
 20
12.418453289706408
 30
0.0
 40
0.125
100
AcDbArc
 50
-155.3334931270545
 51
24.666506872945476
  0
ARC
  5
520
330
17
100
AcDbEntity
  8
SLOTS
100
AcDbCircle
 10
9.627785516959756
 20
16.67174692308634
 30
0.0
 40
0.125
100
AcDbArc
 50
24.666506872945476
 51
204.6665068729455
  0
LINE
  5
521
330
17
100
AcDbEntity
  8
SLOTS
100
AcDbLine
 10
10.636614570245667
 20
16.57164598926306
 30
0.0
 11
12.701993155330317
 21
12.074267655007537
 31
0.0
  0
LINE
  5
522
330
17
100
AcDbEntity
  8
SLOTS
100
AcDbLine
 10
12.474805082106236
 20
11.96993367499753
 30
0.0
 11
10.409426497021586
 21
16.46731200925305
 31
0.0
  0
ARC
  5
523
330
17
100
AcDbEntity
  8
SLOTS
100
AcDbCircle
 10
12.588399118718277
 20
12.022100665002533
 30
0.0
 40
0.125
100
AcDbArc
 50
-155.3334931270545
 51
24.666506872945476
  0
ARC
  5
524
330
17
100
AcDbEntity
  8
SLOTS
100
AcDbCircle
 10
10.523020533633627
 20
16.519478999258055
 30
0.0
 40
0.125
100
AcDbArc
 50
24.666506872945476
 51
204.6665068729455
  0
LINE
  5
525
330
17
100
AcDbEntity
  8
SLOTS
100
AcDbLine
 10
11.531849586919536
 20
16.419378065434774
 30
0.0
 11
13.7093217689105
 21
11.677915030303662
 31
0.0
  0
LINE
  5
526
330
17
100
AcDbEntity
  8
SLOTS
100
AcDbLine
 10
13.48213369568642
 20
11.573581050293654
 30
0.0
 11
11.304661513695455
 21
16.315044085424763
 31
0.0
  0
ARC
  5
527
330
17
100
AcDbEntity
  8
SLOTS
100
AcDbCircle
 10
13.59572773229846
 20
11.625748040298658
 30
0.0
 40
0.125
100
AcDbArc
 50
-155.3334931270545
 51
24.666506872945476
  0
ARC
  5
528
330
17
100
AcDbEntity
  8
SLOTS
100
AcDbCircle
 10
11.418255550307496
 20
16.36721107542977
 30
0.0
 40
0.125
100
AcDbArc
 50
24.666506872945476
 51
204.6665068729455
  0
LINE
  5
529
330
17
100
AcDbEntity
  8
SLOTS
100
AcDbLine
 10
12.427084603593407
 20
16.26711014160649
 30
0.0
 11
14.214983886335697
 21
12.373945200271239
 31
0.0
  0
LINE
  5
52A
330
17
100
AcDbEntity
  8
SLOTS
100
AcDbLine
 10
13.987795813111616
 20
12.26961122026123
 30
0.0
 11
12.199896530369326
 21
16.16277616159648
 31
0.0
  0
ARC
  5
52B
330
17
100
AcDbEntity
  8
SLOTS
100
AcDbCircle
 10
14.101389849723656
 20
12.321778210266235
 30
0.0
 40
0.125
100
AcDbArc
 50
-155.3334931270545
 51
24.666506872945476
  0
ARC
  5
52C
330
17
100
AcDbEntity
  8
SLOTS
100
AcDbCircle
 10
12.313490566981367
 20
16.214943151601485
 30
0.0
 40
0.125
100
AcDbArc
 50
24.666506872945476
 51
204.6665068729455
  0
LINE
  5
52D
330
17
100
AcDbEntity
  8
SLOTS
100
AcDbLine
 10
13.322319620267278
 20
16.114842217778204
 30
0.0
 11
14.617565476121994
 21
13.294434040932257
 31
0.0
  0
LINE
  5
52E
330
17
100
AcDbEntity
  8
SLOTS
100
AcDbLine
 10
14.390377402897913
 20
13.19010006092225
 30
0.0
 11
13.095131547043197
 21
16.010508237768192
 31
0.0
  0
ARC
  5
52F
330
17
100
AcDbEntity
  8
SLOTS
100
AcDbCircle
 10
14.503971439509954
 20
13.242267050927254
 30
0.0
 40
0.125
100
AcDbArc
 50
-155.3334931270545
 51
24.666506872945476
  0
ARC
  5
530
330
17
100
AcDbEntity
  8
SLOTS
100
AcDbCircle
 10
13.208725583655237
 20
16.062675227773198
 30
0.0
 40
0.125
100
AcDbArc
 50
24.666506872945476
 51
204.6665068729455
  0
LINE
  5
531
330
17
100
AcDbEntity
  8
SLOTS
100
AcDbLine
 10
14.217554636941147
 20
15.962574293949917
 30
0.0
 11
15.020147065908292
 21
14.214922881593276
 31
0.0
  0
LINE
  5
532
330
17
100
AcDbEntity
  8
SLOTS
100
AcDbLine
 10
14.79295899268421
 20
14.110588901583268
 30
0.0
 11
13.990366563717066
 21
15.858240313939909
 31
0.0
  0
ARC
  5
533
330
17
100
AcDbEntity
  8
SLOTS
100
AcDbCircle
 10
14.906553029296251
 20
14.162755891588272
 30
0.0
 40
0.125
100
AcDbArc
 50
-155.3334931270545
 51
24.666506872945504
  0
ARC
  5
534
330
17
100
AcDbEntity
  8
SLOTS
100
AcDbCircle
 10
14.103960600329106
 20
15.910407303944913
 30
0.0
 40
0.125
100
AcDbArc
 50
24.666506872945504
 51
204.6665068729455
  0
LINE
  5
535
330
17
100
AcDbEntity
  8
SLOTS
100
AcDbLine
 10
15.112789653615016
 20
15.810306370121632
 30
0.0
 11
15.42272865569459
 21
15.135411722254293
 31
0.0
  0
LINE
  5
536
330
17
100
AcDbEntity
  8
SLOTS
100
AcDbLine
 10
15.195540582470509
 20
15.031077742244285
 30
0.0
 11
14.885601580390935
 21
15.705972390111624
 31
0.0
  0
ARC
  5
537
330
17
100
AcDbEntity
  8
SLOTS
100
AcDbCircle
 10
15.309134619082549
 20
15.08324473224929
 30
0.0
 40
0.125
100
AcDbArc
 50
-155.33349312705445
 51
24.66650687294556
  0
ARC
  5
538
330
17
100
AcDbEntity
  8
SLOTS
100
AcDbCircle
 10
14.999195617002975
 20
15.758139380116628
 30
0.0
 40
0.125
100
AcDbArc
 50
24.66650687294556
 51
204.66650687294555
  0
LINE
  5
539
330
17
100
AcDbEntity
  8
SLOTS
100
AcDbLine
 10
9.9215560456406
 20
12.633148536476922
 30
0.0
 11
9.539215473038068
 21
12.679631701377673
 31
0.0
  0
LINE
  5
53A
330
17
100
AcDbEntity
  8
SLOTS
100
AcDbLine
 10
9.569387135828906
 20
12.92780436458705
 30
0.0
 11
9.951727708431438
 21
12.8813211996863
 31
0.0
  0
ARC
  5
53B
330
17
100
AcDbEntity
  8
SLOTS
100
AcDbCircle
 10
9.554301304433487
 20
12.803718032982362
 30
0.0
 40
0.125
100
AcDbArc
 50
83.06826718681404
 51
263.06826718681407
  0
ARC
  5
53C
330
17
100
AcDbEntity
  8
SLOTS
100
AcDbCircle
 10
9.936641877036019
 20
12.75723486808161
 30
0.0
 40
0.125
100
AcDbArc
 50
263.06826718681407
 51
443.06826718681407
  0
LINE
  5
53D
330
17
100
AcDbEntity
  8
SLOTS
100
AcDbLine
 10
10.230600845466885
 20
11.84005395086753
 30
0.0
 11
8.56548179759603
 21
12.04249127724049
 31
0.0
  0
LINE
  5
53E
330
17
100
AcDbEntity
  8
SLOTS
100
AcDbLine
 10
8.595653460386869
 20
12.290663940449868
 30
0.0
 11
10.260772508257723
 21
12.088226614076907
 31
0.0
  0
ARC
  5
53F
330
17
100
AcDbEntity
  8
SLOTS
100
AcDbCircle
 10
8.58056762899145
 20
12.166577608845179
 30
0.0
 40
0.125
100
AcDbArc
 50
83.06826718681398
 51
263.06826718681396
  0
ARC
  5
540
330
17
100
AcDbEntity
  8
SLOTS
100
AcDbCircle
 10
10.245686676862304
 20
11.964140282472219
 30
0.0
 40
0.125
100
AcDbArc
 50
263.06826718681396
 51
443.06826718681396
  0
LINE
  5
541
330
17
100
AcDbEntity
  8
SLOTS
100
AcDbLine
 10
9.585105651181454
 20
11.163007839132199
 30
0.0
 11
7.591748122153993
 21
11.40535085310331
 31
0.0
  0
LINE
  5
542
330
17
100
AcDbEntity
  8
SLOTS
100
AcDbLine
 10
7.621919784944833
 20
11.653523516312687
 30
0.0
 11
9.615277313972292
 21
11.411180502341576
 31
0.0
  0
ARC
  5
543
330
17
100
AcDbEntity
  8
SLOTS
100
AcDbCircle
 10
7.606833953549413
 20
11.529437184707998
 30
0.0
 40
0.125
100
AcDbArc
 50
83.06826718681401
 51
263.068267186814
  0
ARC
  5
544
330
17
100
AcDbEntity
  8
SLOTS
100
AcDbCircle
 10
9.600191482576873
 20
11.287094170736887
 30
0.0
 40
0.125
100
AcDbArc
 50
263.068267186814
 51
443.068267186814
  0
LINE
  5
545
330
17
100
AcDbEntity
  8
SLOTS
100
AcDbLine
 10
8.939610456896022
 20
10.485961727396864
 30
0.0
 11
6.618014446711953
 21
10.768210428966125
 31
0.0
  0
LINE
  5
546
330
17
100
AcDbEntity
  8
SLOTS
100
AcDbLine
 10
6.648186109502793
 20
11.016383092175502
 30
0.0
 11
8.96978211968686
 21
10.734134390606242
 31
0.0
  0
ARC
  5
547
330
17
100
AcDbEntity
  8
SLOTS
100
AcDbCircle
 10
6.633100278107373
 20
10.892296760570813
 30
0.0
 40
0.125
100
AcDbArc
 50
83.06826718681404
 51
263.06826718681407
  0
ARC
  5
548
330
17
100
AcDbEntity
  8
SLOTS
100
AcDbCircle
 10
8.95469628829144
 20
10.610048059001553
 30
0.0
 40
0.125
100
AcDbArc
 50
263.06826718681407
 51
443.06826718681407
  0
LINE
  5
549
330
17
100
AcDbEntity
  8
SLOTS
100
AcDbLine
 10
8.29411526261059
 20
9.808915615661531
 30
0.0
 11
5.644280771269915
 21
10.131070004828942
 31
0.0
  0
LINE
  5
54A
330
17
100
AcDbEntity
  8
SLOTS
100
AcDbLine
 10
5.674452434060755
 20
10.37924266803832
 30
0.0
 11
8.32428692540143
 21
10.057088278870909
 31
0.0
  0
ARC
  5
54B
330
17
100
AcDbEntity
  8
SLOTS
100
AcDbCircle
 10
5.659366602665335
 20
10.25515633643363
 30
0.0
 40
0.125
100
AcDbArc
 50
83.06826718681404
 51
263.06826718681407
  0
ARC
  5
54C
330
17
100
AcDbEntity
  8
SLOTS
100
AcDbCircle
 10
8.30920109400601
 20
9.93300194726622
 30
0.0
 40
0.125
100
AcDbArc
 50
263.06826718681407
 51
443.06826718681407
  0
LINE
  5
54D
330
17
100
AcDbEntity
  8
SLOTS
100
AcDbLine
 10
7.648620068325159
 20
9.131869503926199
 30
0.0
 11
6.0447532453790025
 21
9.326860073465761
 31
0.0
  0
LINE
  5
54E
330
17
100
AcDbEntity
  8
SLOTS
100
AcDbLine
 10
6.074924908169843
 20
9.575032736675139
 30
0.0
 11
7.678791731115999
 21
9.380042167135576
 31
0.0
  0
ARC
  5
54F
330
17
100
AcDbEntity
  8
SLOTS
100
AcDbCircle
 10
6.059839076774423
 20
9.45094640507045
 30
0.0
 40
0.125
100
AcDbArc
 50
83.06826718681401
 51
263.068267186814
  0
ARC
  5
550
330
17
100
AcDbEntity
  8
SLOTS
100
AcDbCircle
 10
7.663705899720579
 20
9.255955835530887
 30
0.0
 40
0.125
100
AcDbArc
 50
263.068267186814
 51
443.068267186814
  0
LINE
  5
551
330
17
100
AcDbEntity
  8
SLOTS
100
AcDbLine
 10
7.003124874039727
 20
8.454823392190866
 30
0.0
 11
6.776765800028793
 21
8.482343061611274
 31
0.0
  0
LINE
  5
552
330
17
100
AcDbEntity
  8
SLOTS
100
AcDbLine
 10
6.806937462819631
 20
8.730515724820652
 30
0.0
 11
7.033296536830566
 21
8.702996055400243
 31
0.0
  0
ARC
  5
553
330
17
100
AcDbEntity
  8
SLOTS
100
AcDbCircle
 10
6.791851631424212
 20
8.606429393215963
 30
0.0
 40
0.125
100
AcDbArc
 50
83.06826718681415
 51
263.0682671868142
  0
ARC
  5
554
330
17
100
AcDbEntity
  8
SLOTS
100
AcDbCircle
 10
7.018210705435147
 20
8.578909723795554
 30
0.0
 40
0.125
100
AcDbArc
 50
263.0682671868142
 51
443.0682671868142
  0
LINE
  5
555
330
17
100
AcDbEntity
  8
SLOTS
100
AcDbLine
 10
22.859498614697817
 20
12.100338762937103
 30
0.0
 11
22.406399465684554
 21
13.133236697342497
 31
0.0
  0
LINE
  5
556
330
17
100
AcDbEntity
  8
SLOTS
100
AcDbLine
 10
22.635340505460807
 20
13.233665778320908
 30
0.0
 11
23.08843965447407
 21
12.200767843915514
 31
0.0
  0
ARC
  5
557
330
17
100
AcDbEntity
  8
SLOTS
100
AcDbCircle
 10
22.52086998557268
 20
13.183451237831703
 30
0.0
 40
0.125
100
AcDbArc
 50
23.685518104719847
 51
203.68551810471985
  0
ARC
  5
558
330
17
100
AcDbEntity
  8
SLOTS
100
AcDbCircle
 10
22.973969134585943
 20
12.150553303426308
 30
0.0
 40
0.125
100
AcDbArc
 50
203.68551810471985
 51
383.68551810471985
  0
LINE
  5
559
330
17
100
AcDbEntity
  8
SLOTS
100
AcDbLine
 10
22.339146920674185
 20
11.419558440596079
 30
0.0
 11
21.401795778256254
 21
13.556371235156593
 31
0.0
  0
LINE
  5
55A
330
17
100
AcDbEntity
  8
SLOTS
100
AcDbLine
 10
21.630736818032506
 20
13.656800316135001
 30
0.0
 11
22.568087960450438
 21
11.519987521574487
 31
0.0
  0
ARC
  5
55B
330
17
100
AcDbEntity
  8
SLOTS
100
AcDbCircle
 10
21.51626629814438
 20
13.606585775645797
 30
0.0
 40
0.125
100
AcDbArc
 50
23.68551810471982
 51
203.68551810471982
  0
ARC
  5
55C
330
17
100
AcDbEntity
  8
SLOTS
100
AcDbCircle
 10
22.45361744056231
 20
11.469772981085283
 30
0.0
 40
0.125
100
AcDbArc
 50
203.68551810471982
 51
383.6855181047198
  0
LINE
  5
55D
330
17
100
AcDbEntity
  8
SLOTS
100
AcDbLine
 10
21.818795226650554
 20
10.738778118255048
 30
0.0
 11
20.397192090827946
 21
13.979505772970688
 31
0.0
  0
LINE
  5
55E
330
17
100
AcDbEntity
  8
SLOTS
100
AcDbLine
 10
20.6261331306042
 20
14.0799348539491
 30
0.0
 11
22.047736266426806
 21
10.83920719923346
 31
0.0
  0
ARC
  5
55F
330
17
100
AcDbEntity
  8
SLOTS
100
AcDbCircle
 10
20.511662610716073
 20
14.029720313459894
 30
0.0
 40
0.125
100
AcDbArc
 50
23.685518104719876
 51
203.68551810471988
  0
ARC
  5
560
330
17
100
AcDbEntity
  8
SLOTS
100
AcDbCircle
 10
21.93326574653868
 20
10.788992658744254
 30
0.0
 40
0.125
100
AcDbArc
 50
203.68551810471988
 51
383.6855181047199
  0
LINE
  5
561
330
17
100
AcDbEntity
  8
SLOTS
100
AcDbLine
 10
21.173850756080167
 20
10.342023095491907
 30
0.0
 11
19.392588403399643
 21
14.402640310784784
 31
0.0
  0
LINE
  5
562
330
17
100
AcDbEntity
  8
SLOTS
100
AcDbLine
 10
19.621529443175895
 20
14.503069391763196
 30
0.0
 11
21.40279179585642
 21
10.442452176470319
 31
0.0
  0
ARC
  5
563
330
17
100
AcDbEntity
  8
SLOTS
100
AcDbCircle
 10
19.50705892328777
 20
14.45285485127399
 30
0.0
 40
0.125
100
AcDbArc
 50
23.685518104719876
 51
203.68551810471988
  0
ARC
  5
564
330
17
100
AcDbEntity
  8
SLOTS
100
AcDbCircle
 10
21.288321275968293
 20
10.392237635981113
 30
0.0
 40
0.125
100
AcDbArc
 50
203.68551810471988
 51
383.6855181047199
  0
LINE
  5
565
330
17
100
AcDbEntity
  8
SLOTS
100
AcDbLine
 10
21.59696631121729
 20
9.322759764761535
 30
0.0
 11
19.947053660714225
 21
9.518372125146056
 31
0.0
  0
LINE
  5
566
330
17
100
AcDbEntity
  8
SLOTS
100
AcDbLine
 10
19.976487324069687
 20
9.766633397722908
 30
0.0
 11
21.626399974572752
 21
9.571021037338387
 31
0.0
  0
ARC
  5
567
330
17
100
AcDbEntity
  8
SLOTS
100
AcDbCircle
 10
19.961770492391956
 20
9.642502761434482
 30
0.0
 40
0.125
100
AcDbArc
 50
83.23861904527098
 51
263.238619045271
  0
ARC
  5
568
330
17
100
AcDbEntity
  8
SLOTS
100
AcDbCircle
 10
21.61168314289502
 20
9.446890401049961
 30
0.0
 40
0.125
100
AcDbArc
 50
263.238619045271
 51
443.238619045271
  0
LINE
  5
569
330
17
100
AcDbEntity
  8
SLOTS
100
AcDbLine
 10
22.01378162932537
 20
8.51808975046137
 30
0.0
 11
18.16268789861761
 21
8.974672427426771
 31
0.0
  0
LINE
  5
56A
330
17
100
AcDbEntity
  8
SLOTS
100
AcDbLine
 10
18.19212156197307
 20
9.222933700003622
 30
0.0
 11
22.04321529268083
 21
8.76635102303822
 31
0.0
  0
ARC
  5
56B
330
17
100
AcDbEntity
  8
SLOTS
100
AcDbCircle
 10
18.17740473029534
 20
9.098803063715197
 30
0.0
 40
0.125
100
AcDbArc
 50
83.23861904527101
 51
263.238619045271
  0
ARC
  5
56C
330
17
100
AcDbEntity
  8
SLOTS
100
AcDbCircle
 10
22.0284984610031
 20
8.642220386749795
 30
0.0
 40
0.125
100
AcDbArc
 50
263.238619045271
 51
443.238619045271
  0
LINE
  5
56D
330
17
100
AcDbEntity
  8
SLOTS
100
AcDbLine
 10
22.43059694743345
 20
7.7134197361612005
 30
0.0
 11
16.997499653826395
 21
8.357563524910974
 31
0.0
  0
LINE
  5
56E
330
17
100
AcDbEntity
  8
SLOTS
100
AcDbLine
 10
17.026933317181857
 20
8.605824797487825
 30
0.0
 11
22.460030610788912
 21
7.961681008738052
 31
0.0
  0
ARC
  5
56F
330
17
100
AcDbEntity
  8
SLOTS
100
AcDbCircle
 10
17.012216485504126
 20
8.4816941611994
 30
0.0
 40
0.125
100
AcDbArc
 50
83.23861904527101
 51
263.238619045271
  0
ARC
  5
570
330
17
100
AcDbEntity
  8
SLOTS
100
AcDbCircle
 10
22.44531377911118
 20
7.837550372449626
 30
0.0
 40
0.125
100
AcDbArc
 50
263.238619045271
 51
443.238619045271
  0
LINE
  5
571
330
17
100
AcDbEntity
  8
SLOTS
100
AcDbLine
 10
21.93362797158908
 20
7.017087276923624
 30
0.0
 11
18.18738503234248
 21
7.461238925616318
 31
0.0
  0
LINE
  5
572
330
17
100
AcDbEntity
  8
SLOTS
100
AcDbLine
 10
18.216818695697942
 20
7.709500198193169
 30
0.0
 11
21.96306163494454
 21
7.265348549500475
 31
0.0
  0
ARC
  5
573
330
17
100
AcDbEntity
  8
SLOTS
100
AcDbCircle
 10
18.20210186402021
 20
7.585369561904743
 30
0.0
 40
0.125
100
AcDbArc
 50
83.23861904527101
 51
263.238619045271
  0
ARC
  5
574
330
17
100
AcDbEntity
  8
SLOTS
100
AcDbCircle
 10
21.94834480326681
 20
7.141217913212049
 30
0.0
 40
0.125
100
AcDbArc
 50
263.238619045271
 51
443.238619045271
  0
LINE
  5
575
330
17
100
AcDbEntity
  8
SLOTS
100
AcDbLine
 10
20.779130581015288
 20
6.398710875048173
 30
0.0
 11
19.377270410858568
 21
6.564914326321663
 31
0.0
  0
LINE
  5
576
330
17
100
AcDbEntity
  8
SLOTS
100
AcDbLine
 10
19.40670407421403
 20
6.813175598898514
 30
0.0
 11
20.80856424437075
 21
6.646972147625024
 31
0.0
  0
ARC
  5
577
330
17
100
AcDbEntity
  8
SLOTS
100
AcDbCircle
 10
19.3919872425363
 20
6.6890449626100885
 30
0.0
 40
0.125
100
AcDbArc
 50
83.23861904527101
 51
263.238619045271
  0
ARC
  5
578
330
17
100
AcDbEntity
  8
SLOTS
100
AcDbCircle
 10
20.79384741269302
 20
6.5228415113365985
 30
0.0
 40
0.125
100
AcDbArc
 50
263.238619045271
 51
443.238619045271
  0
LINE
  5
579
330
17
100
AcDbEntity
  8
SLOTS
100
AcDbLine
 10
32.0071492320311
 20
1.3272468494551861
 30
0.0
 11
31.937651369790313
 21
1.0898766439855032
 31
0.0
  0
LINE
  5
57A
330
17
100
AcDbEntity
  8
SLOTS
100
AcDbLine
 10
31.697723465099937
 20
1.1601233560144968
 30
0.0
 11
31.76722132734072
 21
1.3974935614841797
 31
0.0
  0
ARC
  5
57B
330
17
100
AcDbEntity
  8
SLOTS
100
AcDbCircle
 10
31.817687417445125
 20
1.125
 30
0.0
 40
0.125
100
AcDbArc
 50
-196.31911170927253
 51
-16.319111709272534
  0
ARC
  5
57C
330
17
100
AcDbEntity
  8
SLOTS
100
AcDbCircle
 10
31.88718527968591
 20
1.362370205469683
 30
0.0
 40
0.125
100
AcDbArc
 50
-16.319111709272534
 51
163.68088829072747
  0
LINE
  5
57D
330
17
100
AcDbEntity
  8
SLOTS
100
AcDbLine
 10
33.291888812663615
 20
3.0461155646787335
 30
0.0
 11
32.71913612556295
 21
1.089876643985503
 31
0.0
  0
LINE
  5
57E
330
17
100
AcDbEntity
  8
SLOTS
100
AcDbLine
 10
32.47920822087257
 20
1.160123356014497
 30
0.0
 11
33.05196090797324
 21
3.1163622767077275
 31
0.0
  0
ARC
  5
57F
330
17
100
AcDbEntity
  8
SLOTS
100
AcDbCircle
 10
32.59917217321776
 20
1.125
 30
0.0
 40
0.125
100
AcDbArc
 50
-196.3191117092726
 51
-16.319111709272605
  0
ARC
  5
580
330
17
100
AcDbEntity
  8
SLOTS
100
AcDbCircle
 10
33.17192486031843
 20
3.0812389206932305
 30
0.0
 40
0.125
100
AcDbArc
 50
-16.319111709272605
 51
163.6808882907274
  0
LINE
  5
581
330
17
100
AcDbEntity
  8
SLOTS
100
AcDbLine
 10
34.270794048315075
 20
3.720405943718041
 30
0.0
 11
33.50062088133558
 21
1.0898766439855028
 31
0.0
  0
LINE
  5
582
330
17
100
AcDbEntity
  8
SLOTS
100
AcDbLine
 10
33.2606929766452
 20
1.1601233560144972
 30
0.0
 11
34.0308661436247
 21
3.790652655747035
 31
0.0
  0
ARC
  5
583
330
17
100
AcDbEntity
  8
SLOTS
100
AcDbCircle
 10
33.38065692899039
 20
1.125
 30
0.0
 40
0.125
100
AcDbArc
 50
-196.3191117092727
 51
-16.31911170927272
  0
ARC
  5
584
330
17
100
AcDbEntity
  8
SLOTS
100
AcDbCircle
 10
34.15083009596989
 20
3.755529299732538
 30
0.0
 40
0.125
100
AcDbArc
 50
-16.31911170927272
 51
163.6808882907273
  0
LINE
  5
585
330
17
100
AcDbEntity
  8
SLOTS
100
AcDbLine
 10
34.99496395234519
 20
3.52464685565503
 30
0.0
 11
34.28210563710821
 21
1.089876643985503
 31
0.0
  0
LINE
  5
586
330
17
100
AcDbEntity
  8
SLOTS
100
AcDbLine
 10
34.042177732417834
 20
1.160123356014497
 30
0.0
 11
34.75503604765481
 21
3.594893567684024
 31
0.0
  0
ARC
  5
587
330
17
100
AcDbEntity
  8
SLOTS
100
AcDbCircle
 10
34.16214168476302
 20
1.125
 30
0.0
 40
0.125
100
AcDbArc
 50
-196.3191117092726
 51
-16.319111709272605
  0
ARC
  5
588
330
17
100
AcDbEntity
  8
SLOTS
100
AcDbCircle
 10
34.875
 20
3.559770211669527
 30
0.0
 40
0.125
100
AcDbArc
 50
-16.319111709272605
 51
163.6808882907274
  0
LINE
  5
589
330
17
100
AcDbEntity
  8
SLOTS
100
AcDbLine
 10
21.390109236171853
 20
4.645252607560474
 30
0.0
 11
22.36134031786543
 21
5.008773962399813
 31
0.0
  0
LINE
  5
58A
330
17
100
AcDbEntity
  8
SLOTS
100
AcDbLine
 10
22.448975265378923
 20
4.774637002535917
 30
0.0
 11
21.477744183685346
 21
4.411115647696578
 31
0.0
  0
ARC
  5
58B
330
17
100
AcDbEntity
  8
SLOTS
100
AcDbCircle
 10
22.405157791622177
 20
4.891705482467865
 30
0.0
 40
0.125
100
AcDbArc
 50
-69.47966536711562
 51
110.52033463288438
  0
ARC
  5
58C
330
17
100
AcDbEntity
  8
SLOTS
100
AcDbCircle
 10
21.4339267099286
 20
4.528184127628526
 30
0.0
 40
0.125
100
AcDbArc
 50
110.52033463288438
 51
290.5203346328844
  0
LINE
  5
58D
330
17
100
AcDbEntity
  8
SLOTS
100
AcDbLine
 10
20.159716582991635
 20
4.9855431984346446
 30
0.0
 11
22.670098668053164
 21
5.925152230648348
 31
0.0
  0
LINE
  5
58E
330
17
100
AcDbEntity
  8
SLOTS
100
AcDbLine
 10
22.757733615566657
 20
5.691015270784452
 30
0.0
 11
20.247351530505128
 21
4.751406238570748
 31
0.0
  0
ARC
  5
58F
330
17
100
AcDbEntity
  8
SLOTS
100
AcDbCircle
 10
22.71391614180991
 20
5.8080837507164
 30
0.0
 40
0.125
100
AcDbArc
 50
-69.47966536711562
 51
110.52033463288438
  0
ARC
  5
590
330
17
100
AcDbEntity
  8
SLOTS
100
AcDbCircle
 10
20.20353405674838
 20
4.868474718502696
 30
0.0
 40
0.125
100
AcDbArc
 50
110.52033463288438
 51
290.5203346328844
  0
LINE
  5
591
330
17
100
AcDbEntity
  8
SLOTS
100
AcDbLine
 10
22.10252470526019
 20
6.5135287331906815
 30
0.0
 11
22.978857018240898
 21
6.8415304988968835
 31
0.0
  0
LINE
  5
592
330
17
100
AcDbEntity
  8
SLOTS
100
AcDbLine
 10
23.06649196575439
 20
6.607393539032987
 30
0.0
 11
22.190159652773684
 21
6.279391773326785
 31
0.0
  0
ARC
  5
593
330
17
100
AcDbEntity
  8
SLOTS
100
AcDbCircle
 10
23.022674491997645
 20
6.724462018964935
 30
0.0
 40
0.125
100
AcDbArc
 50
-69.47966536711563
 51
110.52033463288437
  0
ARC
  5
594
330
17
100
AcDbEntity
  8
SLOTS
100
AcDbCircle
 10
22.146342179016937
 20
6.396460253258733
 30
0.0
 40
0.125
100
AcDbArc
 50
110.52033463288437
 51
290.5203346328844
  0
LINE
  5
595
330
17
100
AcDbEntity
  8
SLOTS
100
AcDbLine
 10
11.551540782196138
 20
22.2930517389063
 30
0.0
 11
13.633850476547183
 21
21.964581466915465
 31
0.0
  0
LINE
  5
596
330
17
100
AcDbEntity
  8
SLOTS
100
AcDbLine
 10
13.594896335888192
 20
21.717634964762635
 30
0.0
 11
11.512586641537148
 21
22.04610523675347
 31
0.0
  0
ARC
  5
597
330
17
100
AcDbEntity
  8
SLOTS
100
AcDbCircle
 10
13.614373406217688
 20
21.84110821583905
 30
0.0
 40
0.125
100
AcDbArc
 50
-98.96415726807525
 51
81.03584273192475
  0
ARC
  5
598
330
17
100
AcDbEntity
  8
SLOTS
100
AcDbCircle
 10
11.532063711866643
 20
22.169578487829884
 30
0.0
 40
0.125
100
AcDbArc
 50
81.03584273192475
 51
261.03584273192473
  0
LINE
  5
599
330
17
100
AcDbEntity
  8
SLOTS
100
AcDbLine
 10
11.93875114287638
 20
22.991245686349767
 30
0.0
 11
13.85296608132861
 21
22.689291225306796
 31
0.0
  0
LINE
  5
59A
330
17
100
AcDbEntity
  8
SLOTS
100
AcDbLine
 10
13.81401194066962
 20
22.442344723153965
 30
0.0
 11
11.89979700221739
 21
22.744299184196937
 31
0.0
  0
ARC
  5
59B
330
17
100
AcDbEntity
  8
SLOTS
100
AcDbCircle
 10
13.833489010999115
 20
22.56581797423038
 30
0.0
 40
0.125
100
AcDbArc
 50
-98.96415726807527
 51
81.03584273192473
  0
ARC
  5
59C
330
17
100
AcDbEntity
  8
SLOTS
100
AcDbCircle
 10
11.919274072546886
 20
22.867772435273352
 30
0.0
 40
0.125
100
AcDbArc
 50
81.03584273192473
 51
261.03584273192473
  0
LINE
  5
59D
330
17
100
AcDbEntity
  8
SLOTS
100
AcDbLine
 10
12.32596150355662
 20
23.689439633793235
 30
0.0
 11
14.072081686110035
 21
23.41400098369813
 31
0.0
  0
LINE
  5
59E
330
17
100
AcDbEntity
  8
SLOTS
100
AcDbLine
 10
14.033127545451048
 20
23.1670544815453
 30
0.0
 11
12.287007362897633
 21
23.442493131640404
 31
0.0
  0
ARC
  5
59F
330
17
100
AcDbEntity
  8
SLOTS
100
AcDbCircle
 10
14.052604615780542
 20
23.290527732621715
 30
0.0
 40
0.125
100
AcDbArc
 50
-98.96415726807518
 51
81.03584273192482
  0
ARC
  5
5A0
330
17
100
AcDbEntity
  8
SLOTS
100
AcDbCircle
 10
12.306484433227126
 20
23.56596638271682
 30
0.0
 40
0.125
100
AcDbArc
 50
81.03584273192482
 51
261.03584273192484
  0
LINE
  5
5A1
330
17
100
AcDbEntity
  8
SLOTS
100
AcDbLine
 10
12.717288000971367
 20
24.386984288503545
 30
0.0
 11
14.291197290891464
 21
24.13871074208946
 31
0.0
  0
LINE
  5
5A2
330
17
100
AcDbEntity
  8
SLOTS
100
AcDbLine
 10
14.252243150232474
 20
23.89176423993663
 30
0.0
 11
12.678333860312376
 21
24.140037786350714
 31
0.0
  0
ARC
  5
5A3
330
17
100
AcDbEntity
  8
SLOTS
100
AcDbCircle
 10
14.271720220561969
 20
24.015237491013046
 30
0.0
 40
0.125
100
AcDbArc
 50
-98.96415726807531
 51
81.03584273192469
  0
ARC
  5
5A4
330
17
100
AcDbEntity
  8
SLOTS
100
AcDbCircle
 10
12.697810930641872
 20
24.26351103742713
 30
0.0
 40
0.125
100
AcDbArc
 50
81.03584273192469
 51
261.0358427319247
  0
LINE
  5
5A5
330
17
100
AcDbEntity
  8
SLOTS
100
AcDbLine
 10
13.245576713566743
 20
25.0629240800204
 30
0.0
 11
14.510312895672891
 21
24.863420500480792
 31
0.0
  0
LINE
  5
5A6
330
17
100
AcDbEntity
  8
SLOTS
100
AcDbLine
 10
14.4713587550139
 20
24.61647399832796
 30
0.0
 11
13.206622572907753
 21
24.81597757786757
 31
0.0
  0
ARC
  5
5A7
330
17
100
AcDbEntity
  8
SLOTS
100
AcDbCircle
 10
14.490835825343396
 20
24.739947249404377
 30
0.0
 40
0.125
100
AcDbArc
 50
-98.9641572680754
 51
81.0358427319246
  0
ARC
  5
5A8
330
17
100
AcDbEntity
  8
SLOTS
100
AcDbCircle
 10
13.226099643237248
 20
24.939450828943986
 30
0.0
 40
0.125
100
AcDbArc
 50
81.0358427319246
 51
261.0358427319246
  0
LINE
  5
5A9
330
17
100
AcDbEntity
  8
SLOTS
100
AcDbLine
 10
13.773865426162118
 20
25.738863871537255
 30
0.0
 11
14.729428500454317
 21
25.588130258872127
 31
0.0
  0
LINE
  5
5AA
330
17
100
AcDbEntity
  8
SLOTS
100
AcDbLine
 10
14.69047435979533
 20
25.341183756719296
 30
0.0
 11
13.73491128550313
 21
25.491917369384424
 31
0.0
  0
ARC
  5
5AB
330
17
100
AcDbEntity
  8
SLOTS
100
AcDbCircle
 10
14.709951430124823
 20
25.46465700779571
 30
0.0
 40
0.125
100
AcDbArc
 50
-98.96415726807513
 51
81.03584273192487
  0
ARC
  5
5AC
330
17
100
AcDbEntity
  8
SLOTS
100
AcDbCircle
 10
13.754388355832624
 20
25.61539062046084
 30
0.0
 40
0.125
100
AcDbArc
 50
81.03584273192487
 51
261.0358427319249
  0
LINE
  5
5AD
330
17
100
AcDbEntity
  8
SLOTS
100
AcDbLine
 10
17.63314924669991
 20
5.088953707001527
 30
0.0
 11
19.514320644136205
 21
5.3610938792697285
 31
0.0
  0
LINE
  5
5AE
330
17
100
AcDbEntity
  8
SLOTS
100
AcDbLine
 10
19.550114355445984
 20
5.113669526728043
 30
0.0
 11
17.66894295800969
 21
4.8415293544598414
 31
0.0
  0
ARC
  5
5AF
330
17
100
AcDbEntity
  8
SLOTS
100
AcDbCircle
 10
19.532217499791095
 20
5.237381702998886
 30
0.0
 40
0.125
100
AcDbArc
 50
-81.76839722902055
 51
98.23160277097945
  0
ARC
  5
5B0
330
17
100
AcDbEntity
  8
SLOTS
100
AcDbCircle
 10
17.6510461023548
 20
4.965241530730684
 30
0.0
 40
0.125
100
AcDbArc
 50
98.23160277097945
 51
278.23160277097946
  0
LINE
  5
5B1
330
17
100
AcDbEntity
  8
SLOTS
100
AcDbLine
 10
15.492214512757332
 20
5.5370421795438896
 30
0.0
 11
19.12369980428393
 21
6.062391987739109
 31
0.0
  0
LINE
  5
5B2
330
17
100
AcDbEntity
  8
SLOTS
100
AcDbLine
 10
19.15949351559371
 20
5.814967635197424
 30
0.0
 11
15.528008224067108
 21
5.289617827002204
 31
0.0
  0
ARC
  5
5B3
330
17
100
AcDbEntity
  8
SLOTS
100
AcDbCircle
 10
19.14159665993882
 20
5.938679811468266
 30
0.0
 40
0.125
100
AcDbArc
 50
-81.76839722902055
 51
98.23160277097945
  0
ARC
  5
5B4
330
17
100
AcDbEntity
  8
SLOTS
100
AcDbCircle
 10
15.51011136841222
 20
5.413330003273047
 30
0.0
 40
0.125
100
AcDbArc
 50
98.23160277097945
 51
278.23160277097946
  0
LINE
  5
5B5
330
17
100
AcDbEntity
  8
SLOTS
100
AcDbLine
 10
14.136805224809653
 20
6.098768904552478
 30
0.0
 11
18.279770990943966
 21
6.698112174832685
 31
0.0
  0
LINE
  5
5B6
330
17
100
AcDbEntity
  8
SLOTS
100
AcDbLine
 10
18.315564702253745
 20
6.450687822291
 30
0.0
 11
14.172598936119428
 21
5.851344552010793
 31
0.0
  0
ARC
  5
5B7
330
17
100
AcDbEntity
  8
SLOTS
100
AcDbCircle
 10
18.297667846598856
 20
6.574399998561843
 30
0.0
 40
0.125
100
AcDbArc
 50
-81.76839722902054
 51
98.23160277097946
  0
ARC
  5
5B8
330
17
100
AcDbEntity
  8
SLOTS
100
AcDbCircle
 10
14.15470208046454
 20
5.975056728281635
 30
0.0
 40
0.125
100
AcDbArc
 50
98.23160277097946
 51
278.23160277097946
  0
LINE
  5
5B9
330
17
100
AcDbEntity
  8
SLOTS
100
AcDbLine
 10
14.474448173462717
 20
6.905421492220635
 30
0.0
 11
17.435842177604002
 21
7.3338323619262615
 31
0.0
  0
LINE
  5
5BA
330
17
100
AcDbEntity
  8
SLOTS
100
AcDbLine
 10
17.47163588891378
 20
7.086408009384576
 30
0.0
 11
14.510241884772492
 21
6.65799713967895
 31
0.0
  0
ARC
  5
5BB
330
17
100
AcDbEntity
  8
SLOTS
100
AcDbCircle
 10
17.45373903325889
 20
7.210120185655419
 30
0.0
 40
0.125
100
AcDbArc
 50
-81.76839722902054
 51
98.23160277097946
  0
ARC
  5
5BC
330
17
100
AcDbEntity
  8
SLOTS
100
AcDbCircle
 10
14.492345029117605
 20
6.781709315949793
 30
0.0
 40
0.125
100
AcDbArc
 50
98.23160277097946
 51
278.23160277097946
  0
LINE
  5
5BD
330
17
100
AcDbEntity
  8
SLOTS
100
AcDbLine
 10
14.81209112211578
 20
7.712074079888794
 30
0.0
 11
16.591913364264038
 21
7.969552549019839
 31
0.0
  0
LINE
  5
5BE
330
17
100
AcDbEntity
  8
SLOTS
100
AcDbLine
 10
16.627707075573817
 20
7.722128196478153
 30
0.0
 11
14.847884833425555
 21
7.464649727347108
 31
0.0
  0
ARC
  5
5BF
330
17
100
AcDbEntity
  8
SLOTS
100
AcDbCircle
 10
16.609810219918927
 20
7.845840372748996
 30
0.0
 40
0.125
100
AcDbArc
 50
-81.76839722902054
 51
98.23160277097946
  0
ARC
  5
5C0
330
17
100
AcDbEntity
  8
SLOTS
100
AcDbCircle
 10
14.829987977770667
 20
7.588361903617951
 30
0.0
 40
0.125
100
AcDbArc
 50
98.23160277097946
 51
278.23160277097946
  0
ENDSEC
  0
SECTION
  2
OBJECTS
  0
DICTIONARY
  5
A
330
0
100
AcDbDictionary
281
1
  3
ACAD_COLOR
350
B
  3
ACAD_GROUP
350
C
  3
ACAD_LAYOUT
350
D
  3
ACAD_MATERIAL
350
E
  3
ACAD_MLEADERSTYLE
350
F
  3
ACAD_MLINESTYLE
350
10
  3
ACAD_PLOTSETTINGS
350
11
  3
ACAD_PLOTSTYLENAME
350
12
  3
ACAD_SCALELIST
350
14
  3
ACAD_TABLESTYLE
350
15
  3
ACAD_VISUALSTYLE
350
16
  3
EZDXF_META
350
2D
  0
DICTIONARY
  5
B
330
A
100
AcDbDictionary
281
1
  0
DICTIONARY
  5
C
330
A
100
AcDbDictionary
281
1
  0
DICTIONARY
  5
D
330
A
100
AcDbDictionary
281
1
  3
Model
350
1A
  3
Layout1
350
1E
  0
DICTIONARY
  5
E
330
A
100
AcDbDictionary
281
1
  3
ByBlock
350
1F
  3
ByLayer
350
20
  3
Global
350
21
  0
DICTIONARY
  5
F
330
A
100
AcDbDictionary
281
1
  3
Standard
350
2C
  0
DICTIONARY
  5
10
330
A
100
AcDbDictionary
281
1
  3
Standard
350
22
  0
DICTIONARY
  5
11
330
A
100
AcDbDictionary
281
1
  0
ACDBDICTIONARYWDFLT
  5
12
330
A
100
AcDbDictionary
281
1
  3
Normal
350
13
100
AcDbDictionaryWithDefault
340
13
  0
ACDBPLACEHOLDER
  5
13
330
12
  0
DICTIONARY
  5
14
330
A
100
AcDbDictionary
281
1
  0
DICTIONARY
  5
15
330
A
100
AcDbDictionary
281
1
  0
DICTIONARY
  5
16
330
A
100
AcDbDictionary
281
1
  3
2dWireframe
350
5A
  3
Basic
350
5B
  3
Brighten
350
5C
  3
ColorChange
350
5D
  3
Conceptual
350
5E
  3
Dim
350
5F
  3
EdgeColorOff
350
60
  3
Facepattern
350
61
  3
Flat
350
62
  3
FlatWithEdges
350
63
  3
Gouraud
350
64
  3
GouraudWithEdges
350
65
  3
Hidden
350
66
  3
JitterOff
350
67
  3
Linepattern
350
68
  3
Modeling
350
69
  3
OverhangOff
350
6A
  3
Realistic
350
6B
  3
Shaded
350
6C
  3
Shaded with edges
350
6D
  3
Shades of Gray
350
6E
  3
Sketchy
350
6F
  3
Thicken
350
70
  3
Wireframe
350
71
  3
X-Ray
350
72
  0
LAYOUT
  5
1A
330
D
100
AcDbPlotSettings
  1

  4
A3
  6

 40
7.5
 41
20.0
 42
7.5
 43
20.0
 44
420.0
 45
297.0
 46
0.0
 47
0.0
 48
0.0
 49
0.0
140
0.0
141
0.0
142
1.0
143
1.0
 70
1024
 72
1
 73
0
 74
5
  7

 75
16
 76
0
 77
2
 78
300
147
1.0
148
0.0
149
0.0
100
AcDbLayout
  1
Model
 70
1
 71
0
 10
0.0
 20
0.0
 11
420.0
 21
297.0
 12
0.0
 22
0.0
 32
0.0
 14
1e+20
 24
1e+20
 34
1e+20
 15
-1e+20
 25
-1e+20
 35
-1e+20
146
0.0
 13
0.0
 23
0.0
 33
0.0
 16
1.0
 26
0.0
 36
0.0
 17
0.0
 27
1.0
 37
0.0
 76
1
330
17
  0
LAYOUT
  5
1E
330
D
100
AcDbPlotSettings
  1

  4
A3
  6

 40
7.5
 41
20.0
 42
7.5
 43
20.0
 44
420.0
 45
297.0
 46
0.0
 47
0.0
 48
0.0
 49
0.0
140
0.0
141
0.0
142
1.0
143
1.0
 70
0
 72
1
 73
0
 74
5
  7

 75
16
 76
0
 77
2
 78
300
147
1.0
148
0.0
149
0.0
100
AcDbLayout
  1
Layout1
 70
1
 71
1
 10
0.0
 20
0.0
 11
420.0
 21
297.0
 12
0.0
 22
0.0
 32
0.0
 14
1e+20
 24
1e+20
 34
1e+20
 15
-1e+20
 25
-1e+20
 35
-1e+20
146
0.0
 13
0.0
 23
0.0
 33
0.0
 16
1.0
 26
0.0
 36
0.0
 17
0.0
 27
1.0
 37
0.0
 76
1
330
1B
  0
MATERIAL
  5
1F
102
{ACAD_REACTORS
330
E
102
}
330
E
100
AcDbMaterial
  1
ByBlock
  2

 70
0
 40
1.0
 71
1
 41
1.0
 91
-1023410177
 42
1.0
 72
1
  3

 73
1
 74
1
 75
1
 44
0.5
 73
0
 45
1.0
 46
1.0
 77
1
  4

 78
1
 79
1
170
1
 48
1.0
171
1
  6

172
1
173
1
174
1
140
1.0
141
1.0
175
1
  7

176
1
177
1
178
1
143
1.0
179
1
  8

270
1
271
1
272
1
145
1.0
146
1.0
273
1
  9

274
1
275
1
276
1
 42
1.0
 72
1
  3

 73
1
 74
1
 75
1
 94
63
  0
MATERIAL
  5
20
102
{ACAD_REACTORS
330
E
102
}
330
E
100
AcDbMaterial
  1
ByLayer
  2

 70
0
 40
1.0
 71
1
 41
1.0
 91
-1023410177
 42
1.0
 72
1
  3

 73
1
 74
1
 75
1
 44
0.5
 73
0
 45
1.0
 46
1.0
 77
1
  4

 78
1
 79
1
170
1
 48
1.0
171
1
  6

172
1
173
1
174
1
140
1.0
141
1.0
175
1
  7

176
1
177
1
178
1
143
1.0
179
1
  8

270
1
271
1
272
1
145
1.0
146
1.0
273
1
  9

274
1
275
1
276
1
 42
1.0
 72
1
  3

 73
1
 74
1
 75
1
 94
63
  0
MATERIAL
  5
21
102
{ACAD_REACTORS
330
E
102
}
330
E
100
AcDbMaterial
  1
Global
  2

 70
0
 40
1.0
 71
1
 41
1.0
 91
-1023410177
 42
1.0
 72
1
  3

 73
1
 74
1
 75
1
 44
0.5
 73
0
 45
1.0
 46
1.0
 77
1
  4

 78
1
 79
1
170
1
 48
1.0
171
1
  6

172
1
173
1
174
1
140
1.0
141
1.0
175
1
  7

176
1
177
1
178
1
143
1.0
179
1
  8

270
1
271
1
272
1
145
1.0
146
1.0
273
1
  9

274
1
275
1
276
1
 42
1.0
 72
1
  3

 73
1
 74
1
 75
1
 94
63
  0
MLINESTYLE
  5
22
102
{ACAD_REACTORS
330
10
102
}
330
10
100
AcDbMlineStyle
  2
Standard
 70
0
  3

 62
256
 51
90.0
 52
90.0
 71
2
 49
0.5
 62
256
  6
BYLAYER
 49
-0.5
 62
256
  6
BYLAYER
  0
MLEADERSTYLE
  5
2C
102
{ACAD_REACTORS
330
F
102
}
330
F
100
AcDbMLeaderStyle
179
2
170
2
171
1
172
0
 90
2
 40
0.0
 41
0.0
173
1
 91
-1056964608
 92
-2
290
1
 42
2.0
291
1
 43
8.0
  3
Standard
 44
4.0
300

342
29
174
1
175
1
176
0
178
1
 93
-1056964608
 45
4.0
292
0
297
0
 46
4.0
 94
-1056964608
 47
1.0
 49
1.0
140
1.0
294
1
141
0.0
177
0
142
1.0
295
0
296
0
143
3.75
271
0
272
9
273
9
  0
DICTIONARY
  5
2D
330
A
100
AcDbDictionary
280
1
281
1
  3
CREATED_BY_EZDXF
350
2E
  3
WRITTEN_BY_EZDXF
350
5C3
  0
DICTIONARYVAR
  5
2E
330
2D
100
DictionaryVariables
280
0
  1
1.4.4 @ 2026-09-19T23:28:52.446524+00:00
  0
VISUALSTYLE
  5
5A
102
{ACAD_REACTORS
330
16
102
}
330
16
100
AcDbVisualStyle
  2
2dWireframe
 70
4
 90
0
 40
0.6
 62
7
290
0
291
0
  0
VISUALSTYLE
  5
5B
102
{ACAD_REACTORS
330
16
102
}
330
16
100
AcDbVisualStyle
  2
Basic
 70
7
 90
1
 40
0.6
 62
7
290
0
291
1
  0
VISUALSTYLE
  5
5C
102
{ACAD_REACTORS
330
16
102
}
330
16
100
AcDbVisualStyle
  2
Brighten
 70
12
 90
2
 40
0.6
 62
7
290
0
291
1
  0
VISUALSTYLE
  5
5D
102
{ACAD_REACTORS
330
16
102
}
330
16
100
AcDbVisualStyle
  2
ColorChange
 70
16
 90
2
 40
0.6
 62
8
290
0
291
1
  0
VISUALSTYLE
  5
5E
102
{ACAD_REACTORS
330
16
102
}
330
16
100
AcDbVisualStyle
  2
Conceptual
 70
9
 90
3
 40
0.6
 62
7
290
0
291
0
  0
VISUALSTYLE
  5
5F
102
{ACAD_REACTORS
330
16
102
}
330
16
100
AcDbVisualStyle
  2
Dim
 70
11
 90
2
 40
0.6
 62
7
290
0
291
1
  0
VISUALSTYLE
  5
60
102
{ACAD_REACTORS
330
16
102
}
330
16
100
AcDbVisualStyle
  2
EdgeColorOff
 70
22
 90
2
 40
0.6
 62
7
290
0
291
1
  0
VISUALSTYLE
  5
61
102
{ACAD_REACTORS
330
16
102
}
330
16
100
AcDbVisualStyle
  2
Facepattern
 70
15
 90
2
 40
0.6
 62
7
290
0
291
1
  0
VISUALSTYLE
  5
62
102
{ACAD_REACTORS
330
16
102
}
330
16
100
AcDbVisualStyle
  2
Flat
 70
0
 90
2
 40
0.6
 62
7
290
0
291
1
  0
VISUALSTYLE
  5
63
102
{ACAD_REACTORS
330
16
102
}
330
16
100
AcDbVisualStyle
  2
FlatWithEdges
 70
1
 90
2
 40
0.6
 62
7
290
0
291
1
  0
VISUALSTYLE
  5
64
102
{ACAD_REACTORS
330
16
102
}
330
16
100
AcDbVisualStyle
  2
Gouraud
 70
2
 90
2
 40
0.6
 62
7
290
0
291
1
  0
VISUALSTYLE
  5
65
102
{ACAD_REACTORS
330
16
102
}
330
16
100
AcDbVisualStyle
  2
GouraudWithEdges
 70
3
 90
2
 40
0.6
 62
7
290
0
291
1
  0
VISUALSTYLE
  5
66
102
{ACAD_REACTORS
330
16
102
}
330
16
100
AcDbVisualStyle
  2
Hidden
 70
6
 90
1
 40
0.6
 62
7
290
0
291
0
  0
VISUALSTYLE
  5
67
102
{ACAD_REACTORS
330
16
102
}
330
16
100
AcDbVisualStyle
  2
JitterOff
 70
20
 90
2
 40
0.6
 62
7
290
0
291
1
  0
VISUALSTYLE
  5
68
102
{ACAD_REACTORS
330
16
102
}
330
16
100
AcDbVisualStyle
  2
Linepattern
 70
14
 90
2
 40
0.6
 62
7
290
0
291
1
  0
VISUALSTYLE
  5
69
102
{ACAD_REACTORS
330
16
102
}
330
16
100
AcDbVisualStyle
  2
Modeling
 70
10
 90
2
 40
0.6
 62
7
290
0
291
0
  0
VISUALSTYLE
  5
6A
102
{ACAD_REACTORS
330
16
102
}
330
16
100
AcDbVisualStyle
  2
OverhangOff
 70
21
 90
2
 40
0.6
 62
7
290
0
291
1
  0
VISUALSTYLE
  5
6B
102
{ACAD_REACTORS
330
16
102
}
330
16
100
AcDbVisualStyle
  2
Realistic
 70
8
 90
2
 40
0.6
 62
7
290
0
291
0
  0
VISUALSTYLE
  5
6C
102
{ACAD_REACTORS
330
16
102
}
330
16
100
AcDbVisualStyle
  2
Shaded
 70
27
 90
2
 40
0.6
 62
7
290
0
291
0
  0
VISUALSTYLE
  5
6D
102
{ACAD_REACTORS
330
16
102
}
330
16
100
AcDbVisualStyle
  2
Shaded with edges
 70
26
 90
2
 40
0.6
 62
7
290
0
291
0
  0
VISUALSTYLE
  5
6E
102
{ACAD_REACTORS
330
16
102
}
330
16
100
AcDbVisualStyle
  2
Shades of Gray
 70
23
 90
2
 40
0.6
 62
7
290
0
291
0
  0
VISUALSTYLE
  5
6F
102
{ACAD_REACTORS
330
16
102
}
330
16
100
AcDbVisualStyle
  2
Sketchy
 70
24
 90
1
 40
0.6
 62
7
290
0
291
0
  0
VISUALSTYLE
  5
70
102
{ACAD_REACTORS
330
16
102
}
330
16
100
AcDbVisualStyle
  2
Thicken
 70
13
 90
2
 40
0.6
 62
7
290
0
291
1
  0
VISUALSTYLE
  5
71
102
{ACAD_REACTORS
330
16
102
}
330
16
100
AcDbVisualStyle
  2
Wireframe
 70
5
 90
0
 40
0.6
 62
7
290
0
291
0
  0
VISUALSTYLE
  5
72
102
{ACAD_REACTORS
330
16
102
}
330
16
100
AcDbVisualStyle
  2
X-Ray
 70
25
 90
2
 40
0.5
 62
7
290
0
291
0
  0
DICTIONARYVAR
  5
5C3
330
2D
100
DictionaryVariables
280
0
  1
1.4.4 @ 2026-09-19T23:28:52.493144+00:00
  0
ENDSEC
  0
EOF
