  0
SECTION
  2
HEADER
  9
$ACADVER
  1
AC1024
  9
$ACADMAINTVER
 70
6
  9
$DWGCODEPAGE
  3
ANSI_1252
  9
$LASTSAVEDBY
  1
ezdxf
  9
$INSBASE
 10
0.0
 20
0.0
 30
0.0
  9
$EXTMIN
 10
1e+20
 20
1e+20
 30
1e+20
  9
$EXTMAX
 10
-1e+20
 20
-1e+20
 30
-1e+20
  9
$LIMMIN
 10
0.0
 20
0.0
  9
$LIMMAX
 10
420.0
 20
297.0
  9
$ORTHOMODE
 70
0
  9
$REGENMODE
 70
1
  9
$FILLMODE
 70
1
  9
$QTEXTMODE
 70
0
  9
$MIRRTEXT
 70
1
  9
$LTSCALE
 40
1.0
  9
$ATTMODE
 70
1
  9
$TEXTSIZE
 40
2.5
  9
$TRACEWID
 40
1.0
  9
$TEXTSTYLE
  7
OpenSans
  9
$CLAYER
  8
0
  9
$CELTYPE
  6
ByLayer
  9
$CECOLOR
 62
256
  9
$CELTSCALE
 40
1.0
  9
$DISPSILH
 70
0
  9
$DIMSCALE
 40
1.0
  9
$DIMASZ
 40
0.175
  9
$DIMEXO
 40
0.125
  9
$DIMDLI
 40
3.75
  9
$DIMRND
 40
0.0
  9
$DIMDLE
 40
0.0
  9
$DIMEXE
 40
0.375
  9
$DIMTP
 40
0.0
  9
$DIMTM
 40
0.0
  9
$DIMTXT
 40
0.25
  9
$DIMCEN
 40
2.5
  9
$DIMTSZ
 40
0.0
  9
$DIMTOL
 70
0
  9
$DIMLIM
 70
0
  9
$DIMTIH
 70
0
  9
$DIMTOH
 70
0
  9
$DIMSE1
 70
0
  9
$DIMSE2
 70
0
  9
$DIMTAD
 70
1
  9
$DIMZIN
 70
12
  9
$DIMBLK
  1
ARCHTICK
  9
$DIMASO
 70
1
  9
$DIMSHO
 70
1
  9
$DIMPOST
  1

  9
$DIMAPOST
  1

  9
$DIMALT
 70
0
  9
$DIMALTD
 70
3
  9
$DIMALTF
 40
0.03937007874
  9
$DIMLFAC
 40
100.0
  9
$DIMTOFL
 70
1
  9
$DIMTVP
 40
0.0
  9
$DIMTIX
 70
0
  9
$DIMSOXD
 70
0
  9
$DIMSAH
 70
0
  9
$DIMBLK1
  1

  9
$DIMBLK2
  1

  9
$DIMSTYLE
  2
EZDXF
  9
$DIMCLRD
 70
0
  9
$DIMCLRE
 70
0
  9
$DIMCLRT
 70
0
  9
$DIMTFAC
 40
0.5
  9
$DIMGAP
 40
0.1
  9
$DIMJUST
 70
0
  9
$DIMSD1
 70
0
  9
$DIMSD2
 70
0
  9
$DIMTOLJ
 70
0
  9
$DIMTZIN
 70
8
  9
$DIMALTZ
 70
0
  9
$DIMALTTZ
 70
0
  9
$DIMUPT
 70
1
  9
$DIMDEC
 70
2
  9
$DIMTDEC
 70
2
  9
$DIMALTU
 70
2
  9
$DIMALTTD
 70
3
  9
$DIMTXSTY
  7
OpenSansCondensed-Light
  9
$DIMAUNIT
 70
0
  9
$DIMADEC
 70
2
  9
$DIMALTRND
 40
0.0
  9
$DIMAZIN
 70
3
  9
$DIMDSEP
 70
46
  9
$DIMATFIT
 70
3
  9
$DIMFRAC
 70
0
  9
$DIMLDRBLK
  1

  9
$DIMLUNIT
 70
2
  9
$DIMLWD
 70
-2
  9
$DIMLWE
 70
-2
  9
$DIMTMOVE
 70
2
  9
$DIMFXL
 40
1.0
  9
$DIMFXLON
 70
0
  9
$DIMJOGANG
 40
0.785398163397
  9
$DIMTFILL
 70
0
  9
$DIMTFILLCLR
 70
0
  9
$DIMARCSYM
 70
0
  9
$DIMLTYPE
  6

  9
$DIMLTEX1
  6

  9
$DIMLTEX2
  6

  9
$DIMTXTDIRECTION
 70
0
  9
$LUNITS
 70
2
  9
$LUPREC
 70
4
  9
$SKETCHINC
 40
1.0
  9
$FILLETRAD
 40
10.0
  9
$AUNITS
 70
0
  9
$AUPREC
 70
2
  9
$MENU
  1
.
  9
$ELEVATION
 40
0.0
  9
$PELEVATION
 40
0.0
  9
$THICKNESS
 40
0.0
  9
$LIMCHECK
 70
0
  9
$CHAMFERA
 40
0.0
  9
$CHAMFERB
 40
0.0
  9
$CHAMFERC
 40
0.0
  9
$CHAMFERD
 40
0.0
  9
$SKPOLY
 70
0
  9
$TDCREATE
 40
2461303.6868518516
  9
$TDUCREATE
 40
2458532.153996898
  9
$TDUPDATE
 40
2461303.6868518516
  9
$TDUUPDATE
 40
2458532.1544311
  9
$TDINDWG
 40
0.0
  9
$TDUSRTIMER
 40
0.0
  9
$USRTIMER
 70
1
  9
$ANGBASE
 50
0.0
  9
$ANGDIR
 70
0
  9
$PDMODE
 70
0
  9
$PDSIZE
 40
0.0
  9
$PLINEWID
 40
0.0
  9
$SPLFRAME
 70
0
  9
$SPLINETYPE
 70
6
  9
$SPLINESEGS
 70
8
  9
$HANDSEED
  5
618
  9
$SURFTAB1
 70
6
  9
$SURFTAB2
 70
6
  9
$SURFTYPE
 70
6
  9
$SURFU
 70
6
  9
$SURFV
 70
6
  9
$UCSBASE
  2

  9
$UCSNAME
  2

  9
$UCSORG
 10
0.0
 20
0.0
 30
0.0
  9
$UCSXDIR
 10
1.0
 20
0.0
 30
0.0
  9
$UCSYDIR
 10
0.0
 20
1.0
 30
0.0
  9
$UCSORTHOREF
  2

  9
$UCSORTHOVIEW
 70
0
  9
$UCSORGTOP
 10
0.0
 20
0.0
 30
0.0
  9
$UCSORGBOTTOM
 10
0.0
 20
0.0
 30
0.0
  9
$UCSORGLEFT
 10
0.0
 20
0.0
 30
0.0
  9
$UCSORGRIGHT
 10
0.0
 20
0.0
 30
0.0
  9
$UCSORGFRONT
 10
0.0
 20
0.0
 30
0.0
  9
$UCSORGBACK
 10
0.0
 20
0.0
 30
0.0
  9
$PUCSBASE
  2

  9
$PUCSNAME
  2

  9
$PUCSORG
 10
0.0
 20
0.0
 30
0.0
  9
$PUCSXDIR
 10
1.0
 20
0.0
 30
0.0
  9
$PUCSYDIR
 10
0.0
 20
1.0
 30
0.0
  9
$PUCSORTHOREF
  2

  9
$PUCSORTHOVIEW
 70
0
  9
$PUCSORGTOP
 10
0.0
 20
0.0
 30
0.0
  9
$PUCSORGBOTTOM
 10
0.0
 20
0.0
 30
0.0
  9
$PUCSORGLEFT
 10
0.0
 20
0.0
 30
0.0
  9
$PUCSORGRIGHT
 10
0.0
 20
0.0
 30
0.0
  9
$PUCSORGFRONT
 10
0.0
 20
0.0
 30
0.0
  9
$PUCSORGBACK
 10
0.0
 20
0.0
 30
0.0
  9
$USERI1
 70
0
  9
$USERI2
 70
0
  9
$USERI3
 70
0
  9
$USERI4
 70
0
  9
$USERI5
 70
0
  9
$USERR1
 40
0.0
  9
$USERR2
 40
0.0
  9
$USERR3
 40
0.0
  9
$USERR4
 40
0.0
  9
$USERR5
 40
0.0
  9
$WORLDVIEW
 70
1
  9
$SHADEDGE
 70
3
  9
$SHADEDIF
 70
70
  9
$TILEMODE
 70
1
  9
$MAXACTVP
 70
64
  9
$PINSBASE
 10
0.0
 20
0.0
 30
0.0
  9
$PLIMCHECK
 70
0
  9
$PEXTMIN
 10
1e+20
 20
1e+20
 30
1e+20
  9
$PEXTMAX
 10
-1e+20
 20
-1e+20
 30
-1e+20
  9
$PLIMMIN
 10
0.0
 20
0.0
  9
$PLIMMAX
 10
420.0
 20
297.0
  9
$UNITMODE
 70
0
  9
$VISRETAIN
 70
1
  9
$PLINEGEN
 70
0
  9
$PSLTSCALE
 70
1
  9
$TREEDEPTH
 70
3020
  9
$CMLSTYLE
  2
Standard
  9
$CMLJUST
 70
0
  9
$CMLSCALE
 40
20.0
  9
$PROXYGRAPHICS
 70
1
  9
$MEASUREMENT
 70
1
  9
$CELWEIGHT
370
-1
  9
$ENDCAPS
280
0
  9
$JOINSTYLE
280
0
  9
$LWDISPLAY
290
0
  9
$INSUNITS
 70
1
  9
$HYPERLINKBASE
  1

  9
$STYLESHEET
  1

  9
$XEDIT
290
1
  9
$CEPSNTYPE
380
0
  9
$PSTYLEMODE
290
1
  9
$FINGERPRINTGUID
  2
{8FE3AB21-40C2-49A4-80A1-AB9EDD108BDA}
  9
$VERSIONGUID
  2
{02DA5C2B-E2A4-408E-B5FD-8B65DD46BF7F}
  9
$EXTNAMES
290
1
  9
$PSVPSCALE
 40
0.0
  9
$OLESTARTUP
290
0
  9
$SORTENTS
280
127
  9
$INDEXCTL
280
0
  9
$HIDETEXT
280
1
  9
$XCLIPFRAME
280
1
  9
$HALOGAP
280
0
  9
$OBSCOLOR
 70
257
  9
$OBSLTYPE
280
0
  9
$INTERSECTIONDISPLAY
280
0
  9
$INTERSECTIONCOLOR
 70
257
  9
$DIMASSOC
280
2
  9
$PROJECTNAME
  1

  9
$CAMERADISPLAY
290
0
  9
$LENSLENGTH
 40
50.0
  9
$CAMERAHEIGHT
 40
0.0
  9
$STEPSPERSEC
 40
24.0
  9
$STEPSIZE
 40
100.0
  9
$3DDWFPREC
 40
2.0
  9
$PSOLWIDTH
 40
0.005
  9
$PSOLHEIGHT
 40
0.08
  9
$LOFTANG1
 40
1.570796326795
  9
$LOFTANG2
 40
1.570796326795
  9
$LOFTMAG1
 40
0.0
  9
$LOFTMAG2
 40
0.0
  9
$LOFTPARAM
 70
7
  9
$LOFTNORMALS
280
1
  9
$LATITUDE
 40
37.795
  9
$LONGITUDE
 40
-122.394
  9
$NORTHDIRECTION
 40
0.0
  9
$TIMEZONE
 70
-8000
  9
$LIGHTGLYPHDISPLAY
280
1
  9
$TILEMODELIGHTSYNCH
280
1
  9
$CMATERIAL
347
20
  9
$SOLIDHIST
280
0
  9
$SHOWHIST
280
1
  9
$DWFFRAME
280
2
  9
$DGNFRAME
280
2
  9
$REALWORLDSCALE
290
1
  9
$INTERFERECOLOR
 62
256
  9
$CSHADOW
280
0
  9
$SHADOWPLANELOCATION
 40
0.0
  0
ENDSEC
  0
SECTION
  2
CLASSES
  0
CLASS
  1
ACDBDICTIONARYWDFLT
  2
AcDbDictionaryWithDefault
  3
ObjectDBX Classes
 90
0
 91
0
280
0
281
0
  0
CLASS
  1
SUN
  2
AcDbSun
  3
SCENEOE
 90
1153
 91
0
280
0
281
0
  0
CLASS
  1
VISUALSTYLE
  2
AcDbVisualStyle
  3
ObjectDBX Classes
 90
4095
 91
0
280
0
281
0
  0
CLASS
  1
MATERIAL
  2
AcDbMaterial
  3
ObjectDBX Classes
 90
1153
 91
0
280
0
281
0
  0
CLASS
  1
SCALE
  2
AcDbScale
  3
ObjectDBX Classes
 90
1153
 91
0
280
0
281
0
  0
CLASS
  1
TABLESTYLE
  2
AcDbTableStyle
  3
ObjectDBX Classes
 90
4095
 91
0
280
0
281
0
  0
CLASS
  1
MLEADERSTYLE
  2
AcDbMLeaderStyle
  3
ACDB_MLEADERSTYLE_CLASS
 90
4095
 91
0
280
0
281
0
  0
CLASS
  1
DICTIONARYVAR
  2
AcDbDictionaryVar
  3
ObjectDBX Classes
 90
0
 91
0
280
0
281
0
  0
CLASS
  1
CELLSTYLEMAP
  2
AcDbCellStyleMap
  3
ObjectDBX Classes
 90
1152
 91
0
280
0
281
0
  0
CLASS
  1
MENTALRAYRENDERSETTINGS
  2
AcDbMentalRayRenderSettings
  3
SCENEOE
 90
1024
 91
0
280
0
281
0
  0
CLASS
  1
ACDBDETAILVIEWSTYLE
  2
AcDbDetailViewStyle
  3
ObjectDBX Classes
 90
1025
 91
0
280
0
281
0
  0
CLASS
  1
ACDBSECTIONVIEWSTYLE
  2
AcDbSectionViewStyle
  3
ObjectDBX Classes
 90
1025
 91
0
280
0
281
0
  0
CLASS
  1
RASTERVARIABLES
  2
AcDbRasterVariables
  3
ISM
 90
0
 91
0
280
0
281
0
  0
CLASS
  1
ACDBPLACEHOLDER
  2
AcDbPlaceHolder
  3
ObjectDBX Classes
 90
0
 91
0
280
0
281
0
  0
CLASS
  1
LAYOUT
  2
AcDbLayout
  3
ObjectDBX Classes
 90
0
 91
0
280
0
281
0
  0
ENDSEC
  0
SECTION
  2
TABLES
  0
TABLE
  2
VPORT
  5
8
330
0
100
AcDbSymbolTable
 70
1
  0
VPORT
  5
23
330
8
100
AcDbSymbolTableRecord
100
AcDbViewportTableRecord
  2
*Active
 70
0
 10
0.0
 20
0.0
 11
1.0
 21
1.0
 12
0.0
 22
0.0
 13
0.0
 23
0.0
 14
0.5
 24
0.5
 15
0.5
 25
0.5
 16
0.0
 26
0.0
 36
1.0
 17
0.0
 27
0.0
 37
0.0
 40
1000.0
 41
1.34
 42
50.0
 43
0.0
 44
0.0
 50
0.0
 51
0.0
 71
0
 72
1000
 73
1
 74
3
 75
0
 76
0
 77
0
 78
0
281
0
 65
0
146
0.0
  0
ENDTAB
  0
TABLE
  2
LTYPE
  5
2
330
0
100
AcDbSymbolTable
 70
21
  0
LTYPE
  5
24
330
2
100
AcDbSymbolTableRecord
100
AcDbLinetypeTableRecord
  2
ByBlock
 70
0
  3

 72
65
 73
0
 40
0.0
  0
LTYPE
  5
25
330
2
100
AcDbSymbolTableRecord
100
AcDbLinetypeTableRecord
  2
ByLayer
 70
0
  3

 72
65
 73
0
 40
0.0
  0
LTYPE
  5
26
330
2
100
AcDbSymbolTableRecord
100
AcDbLinetypeTableRecord
  2
Continuous
 70
0
  3

 72
65
 73
0
 40
0.0
  0
LTYPE
  5
2F
330
2
100
AcDbSymbolTableRecord
100
AcDbLinetypeTableRecord
  2
CENTER
 70
0
  3
Center ____ _ ____ _ ____ _ ____ _ ____ _ ____
 72
65
 73
4
 40
5.08
 49
3.175
 74
0
 49
-0.635
 74
0
 49
0.635
 74
0
 49
-0.635
 74
0
  0
LTYPE
  5
30
330
2
100
AcDbSymbolTableRecord
100
AcDbLinetypeTableRecord
  2
CENTERX2
 70
0
  3
Center (2x) ________  __  ________  __  ________
 72
65
 73
4
 40
8.89
 49
6.35
 74
0
 49
-0.635
 74
0
 49
1.27
 74
0
 49
-0.635
 74
0
  0
LTYPE
  5
31
330
2
100
AcDbSymbolTableRecord
100
AcDbLinetypeTableRecord
  2
CENTER2
 70
0
  3
Center (.5x) ____ _ ____ _ ____ _ ____ _ ____
 72
65
 73
4
 40
2.54
 49
1.587
 74
0
 49
-0.318
 74
0
 49
0.318
 74
0
 49
-0.318
 74
0
  0
LTYPE
  5
32
330
2
100
AcDbSymbolTableRecord
100
AcDbLinetypeTableRecord
  2
DASHED
 70
0
  3
Dashed __ __ __ __ __ __ __ __ __ __ __ __ __ _
 72
65
 73
2
 40
1.524
 49
1.27
 74
0
 49
-0.254
 74
0
  0
LTYPE
  5
33
330
2
100
AcDbSymbolTableRecord
100
AcDbLinetypeTableRecord
  2
DASHEDX2
 70
0
  3
Dashed (2x) ____  ____  ____  ____  ____  ____
 72
65
 73
2
 40
3.048
 49
2.54
 74
0
 49
-0.508
 74
0
  0
LTYPE
  5
34
330
2
100
AcDbSymbolTableRecord
100
AcDbLinetypeTableRecord
  2
DASHED2
 70
0
  3
Dashed (.5x) _ _ _ _ _ _ _ _ _ _ _ _ _ _
 72
65
 73
2
 40
0.762
 49
0.635
 74
0
 49
-0.127
 74
0
  0
LTYPE
  5
35
330
2
100
AcDbSymbolTableRecord
100
AcDbLinetypeTableRecord
  2
PHANTOM
 70
0
  3
Phantom ______  __  __  ______  __  __  ______
 72
65
 73
6
 40
6.35
 49
3.175
 74
0
 49
-0.635
 74
0
 49
0.635
 74
0
 49
-0.635
 74
0
 49
0.635
 74
0
 49
-0.635
 74
0
  0
LTYPE
  5
36
330
2
100
AcDbSymbolTableRecord
100
AcDbLinetypeTableRecord
  2
PHANTOMX2
 70
0
  3
Phantom (2x)____________    ____    ____    ____________
 72
65
 73
6
 40
10.795
 49
6.35
 74
0
 49
-0.635
 74
0
 49
1.27
 74
0
 49
-0.635
 74
0
 49
1.27
 74
0
 49
-0.635
 74
0
  0
LTYPE
  5
37
330
2
100
AcDbSymbolTableRecord
100
AcDbLinetypeTableRecord
  2
PHANTOM2
 70
0
  3
Phantom (.5x) ___ _ _ ___ _ _ ___ _ _ ___ _ _ ___
 72
65
 73
6
 40
3.175
 49
1.587
 74
0
 49
-0.318
 74
0
 49
0.318
 74
0
 49
-0.318
 74
0
 49
0.318
 74
0
 49
-0.318
 74
0
  0
LTYPE
  5
38
330
2
100
AcDbSymbolTableRecord
100
AcDbLinetypeTableRecord
  2
DASHDOT
 70
0
  3
Dash dot __ . __ . __ . __ . __ . __ . __ . __
 72
65
 73
4
 40
3.556
 49
2.54
 74
0
 49
-0.508
 74
0
 49
0.0
 74
0
 49
-0.508
 74
0
  0
LTYPE
  5
39
330
2
100
AcDbSymbolTableRecord
100
AcDbLinetypeTableRecord
  2
DASHDOTX2
 70
0
  3
Dash dot (2x) ____  .  ____  .  ____  .  ____
 72
65
 73
4
 40
6.096
 49
5.08
 74
0
 49
-0.508
 74
0
 49
0.0
 74
0
 49
-0.508
 74
0
  0
LTYPE
  5
3A
330
2
100
AcDbSymbolTableRecord
100
AcDbLinetypeTableRecord
  2
DASHDOT2
 70
0
  3
Dash dot (.5x) _ . _ . _ . _ . _ . _ . _ . _
 72
65
 73
4
 40
1.778
 49
1.27
 74
0
 49
-0.254
 74
0
 49
0.0
 74
0
 49
-0.254
 74
0
  0
LTYPE
  5
3B
330
2
100
AcDbSymbolTableRecord
100
AcDbLinetypeTableRecord
  2
DOT
 70
0
  3
Dot .  .  .  .  .  .  .  .  .  .  .  .  .  .  .  .
 72
65
 73
2
 40
0.508
 49
0.0
 74
0
 49
-0.508
 74
0
  0
LTYPE
  5
3C
330
2
100
AcDbSymbolTableRecord
100
AcDbLinetypeTableRecord
  2
DOTX2
 70
0
  3
Dot (2x) .    .    .    .    .    .    .    . 
 72
65
 73
2
 40
1.016
 49
0.0
 74
0
 49
-1.016
 74
0
  0
LTYPE
  5
3D
330
2
100
AcDbSymbolTableRecord
100
AcDbLinetypeTableRecord
  2
DOT2
 70
0
  3
Dot (.5) . . . . . . . . . . . . . . . . . . . 
 72
65
 73
2
 40
0.254
 49
0.0
 74
0
 49
-0.254
 74
0
  0
LTYPE
  5
3E
330
2
100
AcDbSymbolTableRecord
100
AcDbLinetypeTableRecord
  2
DIVIDE
 70
0
  3
Divide __ . . __ . . __ . . __ . . __ . . __
 72
65
 73
6
 40
4.064
 49
2.54
 74
0
 49
-0.508
 74
0
 49
0.0
 74
0
 49
-0.508
 74
0
 49
0.0
 74
0
 49
-0.508
 74
0
  0
LTYPE
  5
3F
330
2
100
AcDbSymbolTableRecord
100
AcDbLinetypeTableRecord
  2
DIVIDEX2
 70
0
  3
Divide (2x) ____  . .  ____  . .  ____  . .  ____
 72
65
 73
6
 40
6.604
 49
5.08
 74
0
 49
-0.508
 74
0
 49
0.0
 74
0
 49
-0.508
 74
0
 49
0.0
 74
0
 49
-0.508
 74
0
  0
LTYPE
  5
40
330
2
100
AcDbSymbolTableRecord
100
AcDbLinetypeTableRecord
  2
DIVIDE2
 70
0
  3
Divide(.5x) _ . _ . _ . _ . _ . _ . _ . _
 72
65
 73
6
 40
2.032
 49
1.27
 74
0
 49
-0.254
 74
0
 49
0.0
 74
0
 49
-0.254
 74
0
 49
0.0
 74
0
 49
-0.254
 74
0
  0
ENDTAB
  0
TABLE
  2
LAYER
  5
1
330
0
100
AcDbSymbolTable
 70
4
  0
LAYER
  5
27
330
1
100
AcDbSymbolTableRecord
100
AcDbLayerTableRecord
  2
0
 70
0
 62
7
  6
Continuous
370
-3
390
13
347
21
  0
LAYER
  5
28
330
1
100
AcDbSymbolTableRecord
100
AcDbLayerTableRecord
  2
Defpoints
 70
0
 62
7
  6
Continuous
290
0
370
-3
390
13
347
21
  0
LAYER
  5
8A
330
1
100
AcDbSymbolTableRecord
100
AcDbLayerTableRecord
  2
PROFILE
 70
0
 62
1
  6
Continuous
370
-3
390
13
347
21
  0
LAYER
  5
8B
330
1
100
AcDbSymbolTableRecord
100
AcDbLayerTableRecord
  2
SLOTS
 70
0
 62
3
  6
Continuous
370
-3
390
13
347
21
  0
ENDTAB
  0
TABLE
  2
STYLE
  5
5
330
0
100
AcDbSymbolTable
 70
26
  0
STYLE
  5
29
330
5
100
AcDbSymbolTableRecord
100
AcDbTextStyleTableRecord
  2
Standard
 70
0
 40
0.0
 41
1.0
 50
0.0
 71
0
 42
2.5
  3
txt
  4

  0
STYLE
  5
41
330
5
100
AcDbSymbolTableRecord
100
AcDbTextStyleTableRecord
  2
OpenSans-Light
 70
0
 40
0.0
 41
1.0
 50
0.0
 71
0
 42
2.5
  3
OpenSans-Light.ttf
  4

  0
STYLE
  5
42
330
5
100
AcDbSymbolTableRecord
100
AcDbTextStyleTableRecord
  2
OpenSans-Light-Italic
 70
0
 40
0.0
 41
1.0
 50
0.0
 71
0
 42
2.5
  3
OpenSans-LightItalic.ttf
  4

  0
STYLE
  5
43
330
5
100
AcDbSymbolTableRecord
100
AcDbTextStyleTableRecord
  2
OpenSans
 70
0
 40
0.0
 41
1.0
 50
0.0
 71
0
 42
2.5
  3
OpenSans-Regular.ttf
  4

  0
STYLE
  5
44
330
5
100
AcDbSymbolTableRecord
100
AcDbTextStyleTableRecord
  2
OpenSans-Italic
 70
0
 40
0.0
 41
1.0
 50
0.0
 71
0
 42
2.5
  3
OpenSans-Italic.ttf
  4

  0
STYLE
  5
45
330
5
100
AcDbSymbolTableRecord
100
AcDbTextStyleTableRecord
  2
OpenSans-SemiBold
 70
0
 40
0.0
 41
1.0
 50
0.0
 71
0
 42
2.5
  3
OpenSans-SemiBold.ttf
  4

  0
STYLE
  5
46
330
5
100
AcDbSymbolTableRecord
100
AcDbTextStyleTableRecord
  2
OpenSans-SemiBoldItalic
 70
0
 40
0.0
 41
1.0
 50
0.0
 71
0
 42
2.5
  3
OpenSans-SemiBoldItalic.ttf
  4

  0
STYLE
  5
47
330
5
100
AcDbSymbolTableRecord
100
AcDbTextStyleTableRecord
  2
OpenSans-Bold
 70
0
 40
0.0
 41
1.0
 50
0.0
 71
0
 42
2.5
  3
OpenSans-Bold.ttf
  4

  0
STYLE
  5
48
330
5
100
AcDbSymbolTableRecord
100
AcDbTextStyleTableRecord
  2
OpenSans-BoldItalic
 70
0
 40
0.0
 41
1.0
 50
0.0
 71
0
 42
2.5
  3
OpenSans-BoldItalic.ttf
  4

  0
STYLE
  5
49
330
5
100
AcDbSymbolTableRecord
100
AcDbTextStyleTableRecord
  2
OpenSans-ExtraBold
 70
0
 40
0.0
 41
1.0
 50
0.0
 71
0
 42
2.5
  3
OpenSans-ExtraBold.ttf
  4

  0
STYLE
  5
4A
330
5
100
AcDbSymbolTableRecord
100
AcDbTextStyleTableRecord
  2
OpenSans-ExtraBoldItalic
 70
0
 40
0.0
 41
1.0
 50
0.0
 71
0
 42
2.5
  3
OpenSans-ExtraBoldItalic.ttf
  4

  0
STYLE
  5
4B
330
5
100
AcDbSymbolTableRecord
100
AcDbTextStyleTableRecord
  2
OpenSansCondensed-Bold
 70
0
 40
0.0
 41
1.0
 50
0.0
 71
0
 42
2.5
  3
OpenSansCondensed-Bold.ttf
  4

  0
STYLE
  5
4C
330
5
100
AcDbSymbolTableRecord
100
AcDbTextStyleTableRecord
  2
OpenSansCondensed-Light
 70
0
 40
0.0
 41
1.0
 50
0.0
 71
0
 42
2.5
  3
OpenSansCondensed-Light.ttf
  4

  0
STYLE
  5
4D
330
5
100
AcDbSymbolTableRecord
100
AcDbTextStyleTableRecord
  2
OpenSansCondensed-Italic
 70
0
 40
0.0
 41
1.0
 50
0.0
 71
0
 42
2.5
  3
OpenSansCondensed-LightItalic.ttf
  4

  0
STYLE
  5
4E
330
5
100
AcDbSymbolTableRecord
100
AcDbTextStyleTableRecord
  2
LiberationSans
 70
0
 40
0.0
 41
1.0
 50
0.0
 71
0
 42
2.5
  3
LiberationSans-Regular.ttf
  4

  0
STYLE
  5
4F
330
5
100
AcDbSymbolTableRecord
100
AcDbTextStyleTableRecord
  2
LiberationSans-Bold
 70
0
 40
0.0
 41
1.0
 50
0.0
 71
0
 42
2.5
  3
LiberationSans-Bold.ttf
  4

  0
STYLE
  5
50
330
5
100
AcDbSymbolTableRecord
100
AcDbTextStyleTableRecord
  2
LiberationSans-BoldItalic
 70
0
 40
0.0
 41
1.0
 50
0.0
 71
0
 42
2.5
  3
LiberationSans-BoldItalic.ttf
  4

  0
STYLE
  5
51
330
5
100
AcDbSymbolTableRecord
100
AcDbTextStyleTableRecord
  2
LiberationSans-Italic
 70
0
 40
0.0
 41
1.0
 50
0.0
 71
0
 42
2.5
  3
LiberationSans-Italic.ttf
  4

  0
STYLE
  5
52
330
5
100
AcDbSymbolTableRecord
100
AcDbTextStyleTableRecord
  2
LiberationSerif
 70
0
 40
0.0
 41
1.0
 50
0.0
 71
0
 42
2.5
  3
LiberationSerif-Regular.ttf
  4

  0
STYLE
  5
53
330
5
100
AcDbSymbolTableRecord
100
AcDbTextStyleTableRecord
  2
LiberationSerif-Bold
 70
0
 40
0.0
 41
1.0
 50
0.0
 71
0
 42
2.5
  3
LiberationSerif-Bold.ttf
  4

  0
STYLE
  5
54
330
5
100
AcDbSymbolTableRecord
100
AcDbTextStyleTableRecord
  2
LiberationSerif-BoldItalic
 70
0
 40
0.0
 41
1.0
 50
0.0
 71
0
 42
2.5
  3
LiberationSerif-BoldItalic.ttf
  4

  0
STYLE
  5
55
330
5
100
AcDbSymbolTableRecord
100
AcDbTextStyleTableRecord
  2
LiberationSerif-Italic
 70
0
 40
0.0
 41
1.0
 50
0.0
 71
0
 42
2.5
  3
LiberationSerif-Italic.ttf
  4

  0
STYLE
  5
56
330
5
100
AcDbSymbolTableRecord
100
AcDbTextStyleTableRecord
  2
LiberationMono
 70
0
 40
0.0
 41
1.0
 50
0.0
 71
0
 42
2.5
  3
LiberationMono-Regular.ttf
  4

  0
STYLE
  5
57
330
5
100
AcDbSymbolTableRecord
100
AcDbTextStyleTableRecord
  2
LiberationMono-Bold
 70
0
 40
0.0
 41
1.0
 50
0.0
 71
0
 42
2.5
  3
LiberationMono-Bold.ttf
  4

  0
STYLE
  5
58
330
5
100
AcDbSymbolTableRecord
100
AcDbTextStyleTableRecord
  2
LiberationMono-BoldItalic
 70
0
 40
0.0
 41
1.0
 50
0.0
 71
0
 42
2.5
  3
LiberationMono-BoldItalic.ttf
  4

  0
STYLE
  5
59
330
5
100
AcDbSymbolTableRecord
100
AcDbTextStyleTableRecord
  2
LiberationMono-Italic
 70
0
 40
0.0
 41
1.0
 50
0.0
 71
0
 42
2.5
  3
LiberationMono-Italic.ttf
  4

  0
ENDTAB
  0
TABLE
  2
VIEW
  5
7
330
0
100
AcDbSymbolTable
 70
0
  0
ENDTAB
  0
TABLE
  2
UCS
  5
6
330
0
100
AcDbSymbolTable
 70
0
  0
ENDTAB
  0
TABLE
  2
APPID
  5
3
330
0
100
AcDbSymbolTable
 70
3
  0
APPID
  5
2A
330
3
100
AcDbSymbolTableRecord
100
AcDbRegAppTableRecord
  2
ACAD
 70
0
  0
APPID
  5
615
330
3
100
AcDbSymbolTableRecord
100
AcDbRegAppTableRecord
  2
HATCHBACKGROUNDCOLOR
 70
0
  0
APPID
  5
616
330
3
100
AcDbSymbolTableRecord
100
AcDbRegAppTableRecord
  2
EZDXF
 70
0
  0
ENDTAB
  0
TABLE
  2
DIMSTYLE
  5
4
330
0
100
AcDbSymbolTable
 70
12
100
AcDbDimStyleTable
  0
DIMSTYLE
105
2B
330
4
100
AcDbSymbolTableRecord
100
AcDbDimStyleTableRecord
  2
Standard
 70
0
 40
1.0
 41
2.5
 42
0.625
 43
3.75
 44
1.25
 45
0.0
 46
0.0
 47
0.0
 48
0.0
 49
2.5
140
2.5
141
2.5
142
0.0
143
0.03937007874
144
1.0
145
0.0
146
1.0
147
0.625
148
0.0
 69
0
 70
0
 71
0
 72
0
 73
0
 74
0
 75
0
 76
0
 77
1
 78
8
 79
3
170
0
171
3
172
1
173
0
174
0
175
0
176
0
177
0
178
0
179
2
271
2
272
2
273
2
274
3
275
0
276
0
277
2
278
44
279
0
280
0
281
0
282
0
283
0
284
8
285
0
286
0
288
0
289
3
290
0
371
-2
372
-2
  0
DIMSTYLE
105
73
330
4
100
AcDbSymbolTableRecord
100
AcDbDimStyleTableRecord
  2
EZDXF
 70
0
 40
1.0
 41
0.175
 42
0.125
 43
3.75
 44
0.375
 45
0.0
 46
0.0
 47
0.0
 48
0.0
 49
2.5
140
0.25
141
2.5
142
0.0
143
0.03937007874
144
100.0
145
0.0
146
0.5
147
0.1
148
0.0
 69
0
 70
0
 71
0
 72
0
 73
0
 74
0
 75
0
 76
0
 77
1
 78
12
 79
3
170
0
171
3
172
1
173
0
174
0
175
0
176
0
177
0
178
0
179
2
271
2
272
2
273
2
274
3
275
0
276
0
277
2
278
46
279
2
280
0
281
0
282
0
283
0
284
8
285
0
286
0
288
1
289
3
290
0
340
4C
342
74
371
-2
372
-2
  0
DIMSTYLE
105
7C
330
4
100
AcDbSymbolTableRecord
100
AcDbDimStyleTableRecord
  2
EZ_M_100_H25_CM
 70
0
 40
1.0
 41
0.25
 42
0.125
 43
3.75
 44
0.375
 45
0.0
 46
0.0
 47
0.0
 48
0.0
 49
2.5
140
0.25
141
2.5
142
0.125
143
0.03937007874
144
100.0
145
0.0
146
0.5
147
0.1
148
0.0
 69
0
 70
0
 71
0
 72
0
 73
0
 74
0
 75
0
 76
0
 77
1
 78
12
 79
3
170
0
171
3
172
1
173
0
174
0
175
0
176
0
177
0
178
0
179
2
271
2
272
2
273
2
274
3
275
0
276
0
277
2
278
46
279
2
280
0
281
0
282
0
283
0
284
8
285
0
286
0
288
1
289
3
290
0
340
4C
371
-2
372
-2
  0
DIMSTYLE
105
7D
330
4
100
AcDbSymbolTableRecord
100
AcDbDimStyleTableRecord
  2
EZ_M_50_H25_CM
 70
0
 40
1.0
 41
0.125
 42
0.0625
 43
3.75
 44
0.1875
 45
0.0
 46
0.0
 47
0.0
 48
0.0
 49
2.5
140
0.125
141
2.5
142
0.0625
143
0.03937007874
144
100.0
145
0.0
146
0.5
147
0.05
148
0.0
 69
0
 70
0
 71
0
 72
0
 73
0
 74
0
 75
0
 76
0
 77
1
 78
12
 79
3
170
0
171
3
172
1
173
0
174
0
175
0
176
0
177
0
178
0
179
2
271
2
272
2
273
2
274
3
275
0
276
0
277
2
278
46
279
2
280
0
281
0
282
0
283
0
284
8
285
0
286
0
288
1
289
3
290
0
340
4C
371
-2
372
-2
  0
DIMSTYLE
105
7E
330
4
100
AcDbSymbolTableRecord
100
AcDbDimStyleTableRecord
  2
EZ_M_25_H25_CM
 70
0
 40
1.0
 41
0.0625
 42
0.03125
 43
3.75
 44
0.09375
 45
0.0
 46
0.0
 47
0.0
 48
0.0
 49
2.5
140
0.0625
141
2.5
142
0.03125
143
0.03937007874
144
100.0
145
0.0
146
0.5
147
0.025
148
0.0
 69
0
 70
0
 71
0
 72
0
 73
0
 74
0
 75
0
 76
0
 77
1
 78
12
 79
3
170
0
171
3
172
1
173
0
174
0
175
0
176
0
177
0
178
0
179
2
271
2
272
2
273
2
274
3
275
0
276
0
277
2
278
46
279
2
280
0
281
0
282
0
283
0
284
8
285
0
286
0
288
1
289
3
290
0
340
4C
371
-2
372
-2
  0
DIMSTYLE
105
7F
330
4
100
AcDbSymbolTableRecord
100
AcDbDimStyleTableRecord
  2
EZ_M_20_H25_CM
 70
0
 40
1.0
 41
0.05
 42
0.025
 43
3.75
 44
0.07500000000000001
 45
0.0
 46
0.0
 47
0.0
 48
0.0
 49
2.5
140
0.05
141
2.5
142
0.025
143
0.03937007874
144
100.0
145
0.0
146
0.5
147
0.020000000000000004
148
0.0
 69
0
 70
0
 71
0
 72
0
 73
0
 74
0
 75
0
 76
0
 77
1
 78
12
 79
3
170
0
171
3
172
1
173
0
174
0
175
0
176
0
177
0
178
0
179
2
271
2
272
2
273
2
274
3
275
0
276
0
277
2
278
46
279
2
280
0
281
0
282
0
283
0
284
8
285
0
286
0
288
1
289
3
290
0
340
4C
371
-2
372
-2
  0
DIMSTYLE
105
80
330
4
100
AcDbSymbolTableRecord
100
AcDbDimStyleTableRecord
  2
EZ_M_10_H25_CM
 70
0
 40
1.0
 41
0.025
 42
0.0125
 43
3.75
 44
0.037500000000000006
 45
0.0
 46
0.0
 47
0.0
 48
0.0
 49
2.5
140
0.025
141
2.5
142
0.0125
143
0.03937007874
144
100.0
145
0.0
146
0.5
147
0.010000000000000002
148
0.0
 69
0
 70
0
 71
0
 72
0
 73
0
 74
0
 75
0
 76
0
 77
1
 78
12
 79
3
170
0
171
3
172
1
173
0
174
0
175
0
176
0
177
0
178
0
179
2
271
2
272
2
273
2
274
3
275
0
276
0
277
2
278
46
279
2
280
0
281
0
282
0
283
0
284
8
285
0
286
0
288
1
289
3
290
0
340
4C
371
-2
372
-2
  0
DIMSTYLE
105
81
330
4
100
AcDbSymbolTableRecord
100
AcDbDimStyleTableRecord
  2
EZ_M_5_H25_CM
 70
0
 40
1.0
 41
0.0125
 42
0.00625
 43
3.75
 44
0.018750000000000003
 45
0.0
 46
0.0
 47
0.0
 48
0.0
 49
2.5
140
0.0125
141
2.5
142
0.00625
143
0.03937007874
144
100.0
145
0.0
146
0.5
147
0.005000000000000001
148
0.0
 69
0
 70
0
 71
0
 72
0
 73
0
 74
0
 75
0
 76
0
 77
1
 78
12
 79
3
170
0
171
3
172
1
173
0
174
0
175
0
176
0
177
0
178
0
179
2
271
2
272
2
273
2
274
3
275
0
276
0
277
2
278
46
279
2
280
0
281
0
282
0
283
0
284
8
285
0
286
0
288
1
289
3
290
0
340
4C
371
-2
372
-2
  0
DIMSTYLE
105
82
330
4
100
AcDbSymbolTableRecord
100
AcDbDimStyleTableRecord
  2
EZ_M_1_H25_CM
 70
0
 40
1.0
 41
0.0025
 42
0.00125
 43
3.75
 44
0.00375
 45
0.0
 46
0.0
 47
0.0
 48
0.0
 49
2.5
140
0.0025
141
2.5
142
0.00125
143
0.03937007874
144
100.0
145
0.0
146
0.5
147
0.001
148
0.0
 69
0
 70
0
 71
0
 72
0
 73
0
 74
0
 75
0
 76
0
 77
1
 78
12
 79
3
170
0
171
3
172
1
173
0
174
0
175
0
176
0
177
0
178
0
179
2
271
2
272
2
273
2
274
3
275
0
276
0
277
2
278
46
279
2
280
0
281
0
282
0
283
0
284
8
285
0
286
0
288
1
289
3
290
0
340
4C
371
-2
372
-2
  0
DIMSTYLE
105
83
330
4
100
AcDbSymbolTableRecord
100
AcDbDimStyleTableRecord
  2
EZ_RADIUS
 70
0
 40
1.0
 41
0.25
 42
0.125
 43
3.75
 44
0.375
 45
0.0
 46
0.0
 47
0.0
 48
0.0
 49
2.5
140
0.25
141
0.0
142
0.0
143
0.03937007874
144
100.0
145
0.0
146
0.5
147
0.1
148
0.0
 69
0
 70
0
 71
0
 72
0
 73
0
 74
0
 75
0
 76
0
 77
1
 78
12
 79
3
170
0
171
3
172
0
173
0
174
0
175
0
176
0
177
0
178
0
179
2
271
2
272
2
273
2
274
3
275
0
276
0
277
2
278
46
279
1
280
0
281
0
282
0
283
0
284
8
285
0
286
0
288
1
289
3
290
0
340
4C
342
84
371
-2
372
-2
  0
DIMSTYLE
105
88
330
4
100
AcDbSymbolTableRecord
100
AcDbDimStyleTableRecord
  2
EZ_RADIUS_INSIDE
 70
0
 40
1.0
 41
0.25
 42
0.125
 43
3.75
 44
0.375
 45
0.0
 46
0.0
 47
0.0
 48
0.0
 49
2.5
140
0.25
141
0.0
142
0.0
143
0.03937007874
144
100.0
145
0.0
146
0.5
147
0.1
148
0.0
 69
0
 70
0
 71
0
 72
0
 73
0
 74
0
 75
0
 76
0
 77
0
 78
12
 79
3
170
0
171
3
172
0
173
0
174
1
175
0
176
0
177
0
178
0
179
2
271
2
272
2
273
2
274
3
275
0
276
0
277
2
278
46
279
0
280
0
281
0
282
0
283
0
284
8
285
0
286
0
288
1
289
0
290
0
340
4C
342
84
371
-2
372
-2
  0
DIMSTYLE
105
89
330
4
100
AcDbSymbolTableRecord
100
AcDbDimStyleTableRecord
  2
EZ_CURVED
 70
0
 40
1.0
 41
0.25
 42
0.125
 43
3.75
 44
0.375
 45
0.0
 46
0.0
 47
0.0
 48
0.0
 49
2.5
140
0.25
141
2.5
142
0.0
143
0.03937007874
144
100.0
145
0.0
146
0.5
147
0.1
148
0.0
 69
0
 70
0
 71
0
 72
0
 73
0
 74
0
 75
0
 76
0
 77
1
 78
12
 79
2
 90
2
170
0
171
3
172
1
173
0
174
0
175
0
176
0
177
0
178
0
179
2
271
2
272
2
273
2
274
3
275
0
276
0
277
2
278
46
279
2
280
0
281
0
282
0
283
0
284
8
285
0
286
0
288
1
289
3
290
0
340
4C
371
-2
372
-2
  0
ENDTAB
  0
TABLE
  2
BLOCK_RECORD
  5
9
330
0
100
AcDbSymbolTable
 70
5
  0
BLOCK_RECORD
  5
17
330
9
100
AcDbSymbolTableRecord
100
AcDbBlockTableRecord
  2
*Model_Space
340
1A
 70
0
280
1
281
0
  0
BLOCK_RECORD
  5
1B
330
9
100
AcDbSymbolTableRecord
100
AcDbBlockTableRecord
  2
*Paper_Space
340
1E
 70
0
280
1
281
0
  0
BLOCK_RECORD
  5
74
330
9
100
AcDbSymbolTableRecord
100
AcDbBlockTableRecord
  2
_ARCHTICK
340
0
 70
0
280
1
281
0
  0
BLOCK_RECORD
  5
78
330
9
100
AcDbSymbolTableRecord
100
AcDbBlockTableRecord
  2
_CLOSEDFILLED
340
0
 70
0
280
1
281
0
  0
BLOCK_RECORD
  5
84
330
9
100
AcDbSymbolTableRecord
100
AcDbBlockTableRecord
  2
_CLOSEDBLANK
340
0
 70
0
280
1
281
0
  0
ENDTAB
  0
ENDSEC
  0
SECTION
  2
BLOCKS
  0
BLOCK
  5
18
330
17
100
AcDbEntity
  8
0
100
AcDbBlockBegin
  2
*Model_Space
 70
0
 10
0.0
 20
0.0
 30
0.0
  3
*Model_Space
  1

  0
ENDBLK
  5
19
330
17
100
AcDbEntity
  8
0
100
AcDbBlockEnd
  0
BLOCK
  5
1C
330
1B
100
AcDbEntity
  8
0
100
AcDbBlockBegin
  2
*Paper_Space
 70
0
 10
0.0
 20
0.0
 30
0.0
  3
*Paper_Space
  1

  0
ENDBLK
  5
1D
330
1B
100
AcDbEntity
  8
0
100
AcDbBlockEnd
  0
BLOCK
  5
75
330
74
100
AcDbEntity
  8
0
100
AcDbBlockBegin
  2
_ARCHTICK
 70
0
 10
0.0
 20
0.0
 30
0.0
  3
_ARCHTICK
  1

  0
LWPOLYLINE
  5
77
330
74
100
AcDbEntity
  8
0
  6
BYBLOCK
 62
0
100
AcDbPolyline
 90
2
 70
0
 43
0.15
 10
-0.5
 20
-0.5
 10
0.5
 20
0.5
  0
ENDBLK
  5
76
330
74
100
AcDbEntity
  8
0
100
AcDbBlockEnd
  0
BLOCK
  5
79
330
78
100
AcDbEntity
  8
0
100
AcDbBlockBegin
  2
_CLOSEDFILLED
 70
0
 10
0.0
 20
0.0
 30
0.0
  3
_CLOSEDFILLED
  1

  0
SOLID
  5
7B
330
78
100
AcDbEntity
  8
0
  6
BYBLOCK
 62
0
100
AcDbTrace
 10
-1.0
 20
0.16439898372402537
 30
0.0
 11
0.0
 21
0.0
 31
0.0
 12
-1.0
 22
-0.16439898372402537
 32
0.0
 13
-1.0
 23
-0.16439898372402537
 33
0.0
  0
ENDBLK
  5
7A
330
78
100
AcDbEntity
  8
0
100
AcDbBlockEnd
  0
BLOCK
  5
85
330
84
100
AcDbEntity
  8
0
100
AcDbBlockBegin
  2
_CLOSEDBLANK
 70
0
 10
0.0
 20
0.0
 30
0.0
  3
_CLOSEDBLANK
  1

  0
LWPOLYLINE
  5
87
330
84
100
AcDbEntity
  8
0
  6
BYBLOCK
 62
0
100
AcDbPolyline
 90
3
 70
1
 10
-1.0
 20
0.16439898372402537
 10
0.0
 20
0.0
 10
-1.0
 20
-0.16439898372402537
  0
ENDBLK
  5
86
330
84
100
AcDbEntity
  8
0
100
AcDbBlockEnd
  0
ENDSEC
  0
SECTION
  2
ENTITIES
  0
LWPOLYLINE
  5
8C
330
17
100
AcDbEntity
  8
PROFILE
100
AcDbPolyline
 90
4
 70
1
 10
0.0
 20
0.0
 10
36.0
 20
0.0
 10
36.0
 20
31.0
 10
0.0
 20
31.0
  0
LINE
  5
8D
330
17
100
AcDbEntity
  8
SLOTS
100
AcDbLine
 10
34.779452590781155
 20
28.655457408988497
 30
0.0
 11
34.18871179255265
 21
29.355788084047237
 31
0.0
  0
LINE
  5
8E
330
17
100
AcDbEntity
  8
SLOTS
100
AcDbLine
 10
34.37980661099034
 20
29.516979803332898
 30
0.0
 11
34.970547409218845
 21
28.816649128274157
 31
0.0
  0
ARC
  5
8F
330
17
100
AcDbEntity
  8
SLOTS
100
AcDbCircle
 10
34.2842592017715
 20
29.436383943690068
 30
0.0
 40
0.125
100
AcDbArc
 50
40.148198969066954
 51
220.14819896906695
  0
ARC
  5
90
330
17
100
AcDbEntity
  8
SLOTS
100
AcDbCircle
 10
34.875
 20
28.736053268631327
 30
0.0
 40
0.125
100
AcDbArc
 50
220.14819896906695
 51
400.1481989690669
  0
LINE
  5
91
330
17
100
AcDbEntity
  8
SLOTS
100
AcDbLine
 10
34.779452590781155
 20
27.492246291004758
 30
0.0
 11
34.66802886770676
 21
27.624340521557745
 31
0.0
  0
LINE
  5
92
330
17
100
AcDbEntity
  8
SLOTS
100
AcDbLine
 10
34.85912368614445
 20
27.785532240843406
 30
0.0
 11
34.970547409218845
 21
27.65343801029042
 31
0.0
  0
ARC
  5
93
330
17
100
AcDbEntity
  8
SLOTS
100
AcDbCircle
 10
34.763576276925605
 20
27.704936381200575
 30
0.0
 40
0.125
100
AcDbArc
 50
40.1481989690663
 51
220.1481989690663
  0
ARC
  5
94
330
17
100
AcDbEntity
  8
SLOTS
100
AcDbCircle
 10
34.875
 20
27.57284215064759
 30
0.0
 40
0.125
100
AcDbArc
 50
220.1481989690663
 51
400.1481989690663
  0
LINE
  5
95
330
17
100
AcDbEntity
  8
SLOTS
100
AcDbLine
 10
33.657299459479276
 20
24.117822674687016
 30
0.0
 11
30.23678540594482
 21
24.539442864646382
 31
0.0
  0
LINE
  5
96
330
17
100
AcDbEntity
  8
SLOTS
100
AcDbLine
 10
30.267369498436548
 20
24.78756503875917
 30
0.0
 11
33.68788355197101
 21
24.365944848799803
 31
0.0
  0
ARC
  5
97
330
17
100
AcDbEntity
  8
SLOTS
100
AcDbCircle
 10
30.252077452190683
 20
24.663503951702776
 30
0.0
 40
0.125
100
AcDbArc
 50
82.9730396164658
 51
262.9730396164658
  0
ARC
  5
98
330
17
100
AcDbEntity
  8
SLOTS
100
AcDbCircle
 10
33.672591505725144
 20
24.24188376174341
 30
0.0
 40
0.125
100
AcDbArc
 50
262.9730396164658
 51
442.9730396164658
  0
LINE
  5
99
330
17
100
AcDbEntity
  8
SLOTS
100
AcDbLine
 10
34.85970795375413
 20
23.213935009653916
 30
0.0
 11
30.081316814058727
 21
23.802930157309206
 31
0.0
  0
LINE
  5
9A
330
17
100
AcDbEntity
  8
SLOTS
100
AcDbLine
 10
30.111900906550456
 20
24.051052331421992
 30
0.0
 11
34.89029204624587
 21
23.462057183766703
 31
0.0
  0
ARC
  5
9B
330
17
100
AcDbEntity
  8
SLOTS
100
AcDbCircle
 10
30.096608860304592
 20
23.9269912443656
 30
0.0
 40
0.125
100
AcDbArc
 50
82.97303961646583
 51
262.9730396164658
  0
ARC
  5
9C
330
17
100
AcDbEntity
  8
SLOTS
100
AcDbCircle
 10
34.875
 20
23.33799609671031
 30
0.0
 40
0.125
100
AcDbArc
 50
262.9730396164658
 51
442.9730396164658
  0
LINE
  5
9D
330
17
100
AcDbEntity
  8
SLOTS
100
AcDbLine
 10
34.85970795375413
 20
22.458258896987065
 30
0.0
 11
29.92584822217264
 21
23.06641744997203
 31
0.0
  0
LINE
  5
9E
330
17
100
AcDbEntity
  8
SLOTS
100
AcDbLine
 10
29.95643231466437
 20
23.314539624084816
 30
0.0
 11
34.89029204624587
 21
22.70638107109985
 31
0.0
  0
ARC
  5
9F
330
17
100
AcDbEntity
  8
SLOTS
100
AcDbCircle
 10
29.941140268418504
 20
23.190478537028422
 30
0.0
 40
0.125
100
AcDbArc
 50
82.97303961646583
 51
262.9730396164658
  0
ARC
  5
A0
330
17
100
AcDbEntity
  8
SLOTS
100
AcDbCircle
 10
34.875
 20
22.58231998404346
 30
0.0
 40
0.125
100
AcDbArc
 50
262.9730396164658
 51
442.9730396164658
  0
LINE
  5
A1
330
17
100
AcDbEntity
  8
SLOTS
100
AcDbLine
 10
34.85970795375413
 20
21.702582784320214
 30
0.0
 11
29.77037963028655
 21
22.32990474263485
 31
0.0
  0
LINE
  5
A2
330
17
100
AcDbEntity
  8
SLOTS
100
AcDbLine
 10
29.800963722778278
 20
22.578026916747636
 30
0.0
 11
34.89029204624587
 21
21.950704958433
 31
0.0
  0
ARC
  5
A3
330
17
100
AcDbEntity
  8
SLOTS
100
AcDbCircle
 10
29.785671676532413
 20
22.453965829691242
 30
0.0
 40
0.125
100
AcDbArc
 50
82.97303961646585
 51
262.9730396164658
  0
ARC
  5
A4
330
17
100
AcDbEntity
  8
SLOTS
100
AcDbCircle
 10
34.875
 20
21.826643871376607
 30
0.0
 40
0.125
100
AcDbArc
 50
262.9730396164658
 51
442.9730396164658
  0
LINE
  5
A5
330
17
100
AcDbEntity
  8
SLOTS
100
AcDbLine
 10
34.85970795375413
 20
20.946906671653363
 30
0.0
 11
29.61491103840046
 21
21.593392035297672
 31
0.0
  0
LINE
  5
A6
330
17
100
AcDbEntity
  8
SLOTS
100
AcDbLine
 10
29.64549513089219
 20
21.84151420941046
 30
0.0
 11
34.89029204624587
 21
21.19502884576615
 31
0.0
  0
ARC
  5
A7
330
17
100
AcDbEntity
  8
SLOTS
100
AcDbCircle
 10
29.630203084646325
 20
21.717453122354065
 30
0.0
 40
0.125
100
AcDbArc
 50
82.97303961646585
 51
262.9730396164658
  0
ARC
  5
A8
330
17
100
AcDbEntity
  8
SLOTS
100
AcDbCircle
 10
34.875
 20
21.070967758709756
 30
0.0
 40
0.125
100
AcDbArc
 50
262.9730396164658
 51
442.9730396164658
  0
LINE
  5
A9
330
17
100
AcDbEntity
  8
SLOTS
100
AcDbLine
 10
34.63993952956068
 20
20.218319705034535
 30
0.0
 11
29.45944244651437
 21
20.856879327960495
 31
0.0
  0
LINE
  5
AA
330
17
100
AcDbEntity
  8
SLOTS
100
AcDbLine
 10
29.4900265390061
 20
21.105001502073282
 30
0.0
 11
34.670523622052414
 21
20.46644187914732
 31
0.0
  0
ARC
  5
AB
330
17
100
AcDbEntity
  8
SLOTS
100
AcDbCircle
 10
29.474734492760234
 20
20.98094041501689
 30
0.0
 40
0.125
100
AcDbArc
 50
82.97303961646585
 51
262.9730396164658
  0
ARC
  5
AC
330
17
100
AcDbEntity
  8
SLOTS
100
AcDbCircle
 10
34.655231575806546
 20
20.34238079209093
 30
0.0
 40
0.125
100
AcDbArc
 50
262.9730396164658
 51
442.9730396164658
  0
LINE
  5
AD
330
17
100
AcDbEntity
  8
SLOTS
100
AcDbLine
 10
32.4135556618802
 20
19.737072632717318
 30
0.0
 11
29.341520994251717
 21
20.115738476463495
 31
0.0
  0
LINE
  5
AE
330
17
100
AcDbEntity
  8
SLOTS
100
AcDbLine
 10
29.372105086743446
 20
20.36386065057628
 30
0.0
 11
32.44413975437194
 21
19.985194806830105
 31
0.0
  0
ARC
  5
AF
330
17
100
AcDbEntity
  8
SLOTS
100
AcDbCircle
 10
29.35681304049758
 20
20.239799563519888
 30
0.0
 40
0.125
100
AcDbArc
 50
82.9730396164658
 51
262.9730396164658
  0
ARC
  5
B0
330
17
100
AcDbEntity
  8
SLOTS
100
AcDbCircle
 10
32.42884770812607
 20
19.86113371977371
 30
0.0
 40
0.125
100
AcDbArc
 50
262.9730396164658
 51
442.9730396164658
  0
LINE
  5
B1
330
17
100
AcDbEntity
  8
SLOTS
100
AcDbLine
 10
34.812694603512156
 20
17.780165009568933
 30
0.0
 11
34.514155947088845
 21
17.951811928743837
 31
0.0
  0
LINE
  5
B2
330
17
100
AcDbEntity
  8
SLOTS
100
AcDbLine
 10
34.63876674006453
 20
18.16854252250939
 30
0.0
 11
34.937305396487844
 21
17.996895603334487
 31
0.0
  0
ARC
  5
B3
330
17
100
AcDbEntity
  8
SLOTS
100
AcDbCircle
 10
34.57646134357669
 20
18.060177225626614
 30
0.0
 40
0.125
100
AcDbArc
 50
60.10294557803965
 51
240.10294557803965
  0
ARC
  5
B4
330
17
100
AcDbEntity
  8
SLOTS
100
AcDbCircle
 10
34.875
 20
17.88853030645171
 30
0.0
 40
0.125
100
AcDbArc
 50
240.10294557803965
 51
420.1029455780397
  0
LINE
  5
B5
330
17
100
AcDbEntity
  8
SLOTS
100
AcDbLine
 10
34.812694603512156
 20
16.91503564900055
 30
0.0
 11
34.082791810447695
 21
17.33469843983534
 31
0.0
  0
LINE
  5
B6
330
17
100
AcDbEntity
  8
SLOTS
100
AcDbLine
 10
34.20740260342338
 20
17.551429033600893
 30
0.0
 11
34.937305396487844
 21
17.131766242766105
 31
0.0
  0
ARC
  5
B7
330
17
100
AcDbEntity
  8
SLOTS
100
AcDbCircle
 10
34.14509720693554
 20
17.443063736718116
 30
0.0
 40
0.125
100
AcDbArc
 50
60.10294557803917
 51
240.10294557803917
  0
ARC
  5
B8
330
17
100
AcDbEntity
  8
SLOTS
100
AcDbCircle
 10
34.875
 20
17.023400945883328
 30
0.0
 40
0.125
100
AcDbArc
 50
240.10294557803917
 51
420.10294557803917
  0
LINE
  5
B9
330
17
100
AcDbEntity
  8
SLOTS
100
AcDbLine
 10
34.812694603512156
 20
16.049906288432172
 30
0.0
 11
33.651427673806545
 21
16.717584950926838
 31
0.0
  0
LINE
  5
BA
330
17
100
AcDbEntity
  8
SLOTS
100
AcDbLine
 10
33.77603846678223
 20
16.934315544692392
 30
0.0
 11
34.937305396487844
 21
16.266636882197727
 31
0.0
  0
ARC
  5
BB
330
17
100
AcDbEntity
  8
SLOTS
100
AcDbCircle
 10
33.71373307029439
 20
16.825950247809615
 30
0.0
 40
0.125
100
AcDbArc
 50
60.10294557803931
 51
240.1029455780393
  0
ARC
  5
BC
330
17
100
AcDbEntity
  8
SLOTS
100
AcDbCircle
 10
34.875
 20
16.15827158531495
 30
0.0
 40
0.125
100
AcDbArc
 50
240.1029455780393
 51
420.10294557803934
  0
LINE
  5
BD
330
17
100
AcDbEntity
  8
SLOTS
100
AcDbLine
 10
34.812694603512156
 20
15.18477692786379
 30
0.0
 11
33.220063537165395
 21
16.100471462018337
 31
0.0
  0
LINE
  5
BE
330
17
100
AcDbEntity
  8
SLOTS
100
AcDbLine
 10
33.34467433014108
 20
16.31720205578389
 30
0.0
 11
34.937305396487844
 21
15.401507521629345
 31
0.0
  0
ARC
  5
BF
330
17
100
AcDbEntity
  8
SLOTS
100
AcDbCircle
 10
33.28236893365324
 20
16.208836758901114
 30
0.0
 40
0.125
100
AcDbArc
 50
60.10294557803928
 51
240.10294557803928
  0
ARC
  5
C0
330
17
100
AcDbEntity
  8
SLOTS
100
AcDbCircle
 10
34.875
 20
15.293142224746568
 30
0.0
 40
0.125
100
AcDbArc
 50
240.10294557803928
 51
420.1029455780393
  0
LINE
  5
C1
330
17
100
AcDbEntity
  8
SLOTS
100
AcDbLine
 10
34.812694603512156
 20
14.319647567295409
 30
0.0
 11
32.78869940052424
 21
15.483357973109836
 31
0.0
  0
LINE
  5
C2
330
17
100
AcDbEntity
  8
SLOTS
100
AcDbLine
 10
32.913310193499925
 20
15.70008856687539
 30
0.0
 11
34.937305396487844
 21
14.536378161060963
 31
0.0
  0
ARC
  5
C3
330
17
100
AcDbEntity
  8
SLOTS
100
AcDbCircle
 10
32.85100479701208
 20
15.591723269992613
 30
0.0
 40
0.125
100
AcDbArc
 50
60.10294557803934
 51
240.10294557803934
  0
ARC
  5
C4
330
17
100
AcDbEntity
  8
SLOTS
100
AcDbCircle
 10
34.875
 20
14.428012864178186
 30
0.0
 40
0.125
100
AcDbArc
 50
240.10294557803934
 51
420.10294557803934
  0
LINE
  5
C5
330
17
100
AcDbEntity
  8
SLOTS
100
AcDbLine
 10
34.812694603512156
 20
13.454518206727027
 30
0.0
 11
32.35733526388309
 21
14.866244484201335
 31
0.0
  0
LINE
  5
C6
330
17
100
AcDbEntity
  8
SLOTS
100
AcDbLine
 10
32.481946056858774
 20
15.08297507796689
 30
0.0
 11
34.937305396487844
 21
13.671248800492581
 31
0.0
  0
ARC
  5
C7
330
17
100
AcDbEntity
  8
SLOTS
100
AcDbCircle
 10
32.41964066037093
 20
14.974609781084112
 30
0.0
 40
0.125
100
AcDbArc
 50
60.10294557803931
 51
240.1029455780393
  0
ARC
  5
C8
330
17
100
AcDbEntity
  8
SLOTS
100
AcDbCircle
 10
34.875
 20
13.562883503609804
 30
0.0
 40
0.125
100
AcDbArc
 50
240.1029455780393
 51
420.10294557803934
  0
LINE
  5
C9
330
17
100
AcDbEntity
  8
SLOTS
100
AcDbLine
 10
34.812694603512156
 20
12.589388846158643
 30
0.0
 11
31.925971127241933
 21
14.249130995292834
 31
0.0
  0
LINE
  5
CA
330
17
100
AcDbEntity
  8
SLOTS
100
AcDbLine
 10
32.050581920217624
 20
14.465861589058388
 30
0.0
 11
34.937305396487844
 21
12.806119439924197
 31
0.0
  0
ARC
  5
CB
330
17
100
AcDbEntity
  8
SLOTS
100
AcDbCircle
 10
31.988276523729777
 20
14.357496292175611
 30
0.0
 40
0.125
100
AcDbArc
 50
60.10294557803931
 51
240.1029455780393
  0
ARC
  5
CC
330
17
100
AcDbEntity
  8
SLOTS
100
AcDbCircle
 10
34.875
 20
12.69775414304142
 30
0.0
 40
0.125
100
AcDbArc
 50
240.1029455780393
 51
420.10294557803934
  0
LINE
  5
CD
330
17
100
AcDbEntity
  8
SLOTS
100
AcDbLine
 10
34.83396034903636
 20
2.3284269138042193
 30
0.0
 11
34.41136494327618
 21
2.475314605573003
 31
0.0
  0
LINE
  5
CE
330
17
100
AcDbEntity
  8
SLOTS
100
AcDbLine
 10
34.49344424520346
 20
2.7114564870661666
 30
0.0
 11
34.91603965096364
 21
2.564568795297383
 31
0.0
  0
ARC
  5
CF
330
17
100
AcDbEntity
  8
SLOTS
100
AcDbCircle
 10
34.45240459423982
 20
2.5933855463195847
 30
0.0
 40
0.125
100
AcDbArc
 50
70.83333136221222
 51
250.83333136221222
  0
ARC
  5
D0
330
17
100
AcDbEntity
  8
SLOTS
100
AcDbCircle
 10
34.875
 20
2.446497854550801
 30
0.0
 40
0.125
100
AcDbArc
 50
250.83333136221222
 51
430.8333313622122
  0
LINE
  5
D1
330
17
100
AcDbEntity
  8
SLOTS
100
AcDbLine
 10
34.83396034903636
 20
1.53441274395681
 30
0.0
 11
33.91947674982138
 21
1.852273239405091
 31
0.0
  0
LINE
  5
D2
330
17
100
AcDbEntity
  8
SLOTS
100
AcDbLine
 10
34.00155605174866
 20
2.088415120898255
 30
0.0
 11
34.91603965096364
 21
1.7705546254499738
 31
0.0
  0
ARC
  5
D3
330
17
100
AcDbEntity
  8
SLOTS
100
AcDbCircle
 10
33.96051640078502
 20
1.9703441801516728
 30
0.0
 40
0.125
100
AcDbArc
 50
70.83333136221233
 51
250.83333136221233
  0
ARC
  5
D4
330
17
100
AcDbEntity
  8
SLOTS
100
AcDbCircle
 10
34.875
 20
1.652483684703392
 30
0.0
 40
0.125
100
AcDbArc
 50
250.83333136221233
 51
430.83333136221233
  0
LINE
  5
D5
330
17
100
AcDbEntity
  8
SLOTS
100
AcDbLine
 10
34.06715302052178
 20
1.0069290592534181
 30
0.0
 11
33.62131157357974
 21
1.1618967189665383
 31
0.0
  0
LINE
  5
D6
330
17
100
AcDbEntity
  8
SLOTS
100
AcDbLine
 10
33.70339087550702
 20
1.398038600459702
 30
0.0
 11
34.14923232244906
 21
1.2430709407465819
 31
0.0
  0
ARC
  5
D7
330
17
100
AcDbEntity
  8
SLOTS
100
AcDbCircle
 10
33.66235122454338
 20
1.2799676597131202
 30
0.0
 40
0.125
100
AcDbArc
 50
70.83333136221216
 51
250.83333136221216
  0
ARC
  5
D8
330
17
100
AcDbEntity
  8
SLOTS
100
AcDbCircle
 10
34.10819267148542
 20
1.125
 30
0.0
 40
0.125
100
AcDbArc
 50
250.83333136221216
 51
430.83333136221216
  0
LINE
  5
D9
330
17
100
AcDbEntity
  8
SLOTS
100
AcDbLine
 10
34.1956538334714
 20
8.041648351233167
 30
0.0
 11
33.86691103484241
 21
8.251680735557345
 31
0.0
  0
LINE
  5
DA
330
17
100
AcDbEntity
  8
SLOTS
100
AcDbLine
 10
34.00150938397095
 20
8.462354142545204
 30
0.0
 11
34.330252182599935
 21
8.252321758221026
 31
0.0
  0
ARC
  5
DB
330
17
100
AcDbEntity
  8
SLOTS
100
AcDbCircle
 10
33.93421020940668
 20
8.357017439051274
 30
0.0
 40
0.125
100
AcDbArc
 50
57.42566278196304
 51
237.42566278196304
  0
ARC
  5
DC
330
17
100
AcDbEntity
  8
SLOTS
100
AcDbCircle
 10
34.262953008035666
 20
8.146985054727097
 30
0.0
 40
0.125
100
AcDbArc
 50
237.42566278196304
 51
417.42566278196307
  0
LINE
  5
DD
330
17
100
AcDbEntity
  8
SLOTS
100
AcDbLine
 10
34.58632734929845
 20
6.902045523751463
 30
0.0
 11
33.5065410241762
 21
7.591916442207758
 31
0.0
  0
LINE
  5
DE
330
17
100
AcDbEntity
  8
SLOTS
100
AcDbLine
 10
33.64113937330474
 20
7.8025898491956145
 30
0.0
 11
34.72092569842699
 21
7.1127189307393195
 31
0.0
  0
ARC
  5
DF
330
17
100
AcDbEntity
  8
SLOTS
100
AcDbCircle
 10
33.57384019874047
 20
7.697253145701686
 30
0.0
 40
0.125
100
AcDbArc
 50
57.42566278196256
 51
237.42566278196256
  0
ARC
  5
E0
330
17
100
AcDbEntity
  8
SLOTS
100
AcDbCircle
 10
34.65362652386272
 20
7.007382227245391
 30
0.0
 40
0.125
100
AcDbArc
 50
237.42566278196256
 51
417.42566278196256
  0
LINE
  5
E1
330
17
100
AcDbEntity
  8
SLOTS
100
AcDbLine
 10
34.80770082543573
 20
5.870607775932403
 30
0.0
 11
33.14617101351
 21
6.932152148858172
 31
0.0
  0
LINE
  5
E2
330
17
100
AcDbEntity
  8
SLOTS
100
AcDbLine
 10
33.28076936263854
 20
7.142825555846029
 30
0.0
 11
34.94229917456427
 21
6.08128118292026
 31
0.0
  0
ARC
  5
E3
330
17
100
AcDbEntity
  8
SLOTS
100
AcDbCircle
 10
33.21347018807427
 20
7.037488852352101
 30
0.0
 40
0.125
100
AcDbArc
 50
57.425662781962586
 51
237.4256627819626
  0
ARC
  5
E4
330
17
100
AcDbEntity
  8
SLOTS
100
AcDbCircle
 10
34.875
 20
5.975944479426332
 30
0.0
 40
0.125
100
AcDbArc
 50
237.4256627819626
 51
417.4256627819626
  0
LINE
  5
E5
330
17
100
AcDbEntity
  8
SLOTS
100
AcDbLine
 10
34.80770082543573
 20
4.980604606188215
 30
0.0
 11
32.78580100284379
 21
6.272387855508584
 31
0.0
  0
LINE
  5
E6
330
17
100
AcDbEntity
  8
SLOTS
100
AcDbLine
 10
32.92039935197233
 20
6.483061262496441
 30
0.0
 11
34.94229917456427
 21
5.191278013176071
 31
0.0
  0
ARC
  5
E7
330
17
100
AcDbEntity
  8
SLOTS
100
AcDbCircle
 10
32.85310017740806
 20
6.3777245590025124
 30
0.0
 40
0.125
100
AcDbArc
 50
57.425662781962615
 51
237.42566278196261
  0
ARC
  5
E8
330
17
100
AcDbEntity
  8
SLOTS
100
AcDbCircle
 10
34.875
 20
5.085941309682143
 30
0.0
 40
0.125
100
AcDbArc
 50
237.42566278196261
 51
417.4256627819626
  0
LINE
  5
E9
330
17
100
AcDbEntity
  8
SLOTS
100
AcDbLine
 10
34.73261832848091
 20
4.138571326346408
 30
0.0
 11
32.42543099217758
 21
5.612623562158994
 31
0.0
  0
LINE
  5
EA
330
17
100
AcDbEntity
  8
SLOTS
100
AcDbLine
 10
32.56002934130612
 20
5.823296969146851
 30
0.0
 11
34.86721667760945
 21
4.349244733334265
 31
0.0
  0
ARC
  5
EB
330
17
100
AcDbEntity
  8
SLOTS
100
AcDbCircle
 10
32.49273016674185
 20
5.7179602656529225
 30
0.0
 40
0.125
100
AcDbArc
 50
57.425662781962615
 51
237.42566278196261
  0
ARC
  5
EC
330
17
100
AcDbEntity
  8
SLOTS
100
AcDbCircle
 10
34.79991750304518
 20
4.243908029840337
 30
0.0
 40
0.125
100
AcDbArc
 50
237.42566278196261
 51
417.4256627819626
  0
LINE
  5
ED
330
17
100
AcDbEntity
  8
SLOTS
100
AcDbLine
 10
34.2655544815878
 20
3.5469732739270765
 30
0.0
 11
32.06506098151137
 21
4.952859268809404
 31
0.0
  0
LINE
  5
EE
330
17
100
AcDbEntity
  8
SLOTS
100
AcDbLine
 10
32.19965933063991
 20
5.163532675797261
 30
0.0
 11
34.40015283071634
 21
3.757646680914933
 31
0.0
  0
ARC
  5
EF
330
17
100
AcDbEntity
  8
SLOTS
100
AcDbCircle
 10
32.13236015607564
 20
5.0581959723033325
 30
0.0
 40
0.125
100
AcDbArc
 50
57.42566278196267
 51
237.42566278196267
  0
ARC
  5
F0
330
17
100
AcDbEntity
  8
SLOTS
100
AcDbCircle
 10
34.33285365615207
 20
3.652309977421005
 30
0.0
 40
0.125
100
AcDbArc
 50
237.42566278196267
 51
417.42566278196267
  0
LINE
  5
F1
330
17
100
AcDbEntity
  8
SLOTS
100
AcDbLine
 10
33.79849063469469
 20
2.9553752215077496
 30
0.0
 11
31.70469097084517
 21
4.2930949754598196
 31
0.0
  0
LINE
  5
F2
330
17
100
AcDbEntity
  8
SLOTS
100
AcDbLine
 10
31.83928931997371
 20
4.503768382447676
 30
0.0
 11
33.933088983823225
 21
3.166048628495606
 31
0.0
  0
ARC
  5
F3
330
17
100
AcDbEntity
  8
SLOTS
100
AcDbCircle
 10
31.77199014540944
 20
4.398431678953748
 30
0.0
 40
0.125
100
AcDbArc
 50
57.425662781962615
 51
237.42566278196261
  0
ARC
  5
F4
330
17
100
AcDbEntity
  8
SLOTS
100
AcDbCircle
 10
33.865789809258956
 20
3.060711925001678
 30
0.0
 40
0.125
100
AcDbArc
 50
237.42566278196261
 51
417.4256627819626
  0
LINE
  5
F5
330
17
100
AcDbEntity
  8
SLOTS
100
AcDbLine
 10
33.331426787801576
 20
2.363777169088418
 30
0.0
 11
32.21273896680826
 21
3.0785020888054304
 31
0.0
  0
LINE
  5
F6
330
17
100
AcDbEntity
  8
SLOTS
100
AcDbLine
 10
32.3473373159368
 20
3.289175495793287
 30
0.0
 11
33.466025136930114
 21
2.574450576076275
 31
0.0
  0
ARC
  5
F7
330
17
100
AcDbEntity
  8
SLOTS
100
AcDbCircle
 10
32.28003814137253
 20
3.1838387922993587
 30
0.0
 40
0.125
100
AcDbArc
 50
57.42566278196267
 51
237.42566278196267
  0
ARC
  5
F8
330
17
100
AcDbEntity
  8
SLOTS
100
AcDbCircle
 10
33.398725962365845
 20
2.4691138725823465
 30
0.0
 40
0.125
100
AcDbArc
 50
237.42566278196267
 51
417.42566278196267
  0
LINE
  5
F9
330
17
100
AcDbEntity
  8
SLOTS
100
AcDbLine
 10
31.16669363138393
 20
1.187921608951829
 30
0.0
 11
31.080613653323354
 21
1.0565073181027387
 31
0.0
  0
LINE
  5
FA
330
17
100
AcDbEntity
  8
SLOTS
100
AcDbLine
 10
30.871484482459792
 20
1.1934926818972613
 30
0.0
 11
30.957564460520366
 21
1.3249069727463516
 31
0.0
  0
ARC
  5
FB
330
17
100
AcDbEntity
  8
SLOTS
100
AcDbCircle
 10
30.976049067891573
 20
1.125
 30
0.0
 40
0.125
100
AcDbArc
 50
-213.22590249806274
 51
-33.22590249806275
  0
ARC
  5
FC
330
17
100
AcDbEntity
  8
SLOTS
100
AcDbCircle
 10
31.062129045952148
 20
1.2564142908490903
 30
0.0
 40
0.125
100
AcDbArc
 50
-33.22590249806275
 51
146.77409750193726
  0
LINE
  5
FD
330
17
100
AcDbEntity
  8
SLOTS
100
AcDbLine
 10
32.22344723361168
 20
1.4324587165162834
 30
0.0
 11
31.977188718512725
 21
1.0565073181027396
 31
0.0
  0
LINE
  5
FE
330
17
100
AcDbEntity
  8
SLOTS
100
AcDbLine
 10
31.768059547649155
 20
1.1934926818972604
 30
0.0
 11
32.01431806274812
 21
1.5694440803108043
 31
0.0
  0
ARC
  5
FF
330
17
100
AcDbEntity
  8
SLOTS
100
AcDbCircle
 10
31.87262413308094
 20
1.125
 30
0.0
 40
0.125
100
AcDbArc
 50
-213.22590249806228
 51
-33.2259024980623
  0
ARC
  5
100
330
17
100
AcDbEntity
  8
SLOTS
100
AcDbCircle
 10
32.1188826481799
 20
1.5009513984135439
 30
0.0
 40
0.125
100
AcDbArc
 50
-33.2259024980623
 51
146.77409750193772
  0
LINE
  5
101
330
17
100
AcDbEntity
  8
SLOTS
100
AcDbLine
 10
32.94716262872761
 20
1.1685619141364825
 30
0.0
 11
32.87376378370209
 21
1.0565073181027382
 31
0.0
  0
LINE
  5
102
330
17
100
AcDbEntity
  8
SLOTS
100
AcDbLine
 10
32.664634612838526
 20
1.1934926818972618
 30
0.0
 11
32.73803345786405
 21
1.305547277931006
 31
0.0
  0
ARC
  5
103
330
17
100
AcDbEntity
  8
SLOTS
100
AcDbCircle
 10
32.76919919827031
 20
1.125
 30
0.0
 40
0.125
100
AcDbArc
 50
-213.22590249806296
 51
-33.22590249806295
  0
ARC
  5
104
330
17
100
AcDbEntity
  8
SLOTS
100
AcDbCircle
 10
32.84259804329583
 20
1.2370545960337442
 30
0.0
 40
0.125
100
AcDbArc
 50
-33.22590249806295
 51
146.77409750193704
  0
LINE
  5
105
330
17
100
AcDbEntity
  8
SLOTS
100
AcDbLine
 10
33.453080201618924
 20
9.262285895065155
 30
0.0
 11
33.449021442532036
 21
9.335157380461942
 31
0.0
  0
LINE
  5
106
330
17
100
AcDbEntity
  8
SLOTS
100
AcDbLine
 10
33.698634566080635
 20
9.349060205797434
 30
0.0
 11
33.70269332516752
 21
9.276188720400647
 31
0.0
  0
ARC
  5
107
330
17
100
AcDbEntity
  8
SLOTS
100
AcDbCircle
 10
33.573828004306336
 20
9.342108793129688
 30
0.0
 40
0.125
100
AcDbArc
 50
3.1879374804270384
 51
183.18793748042702
  0
ARC
  5
108
330
17
100
AcDbEntity
  8
SLOTS
100
AcDbCircle
 10
33.577886763393224
 20
9.2692373077329
 30
0.0
 40
0.125
100
AcDbArc
 50
183.18793748042702
 51
363.187937480427
  0
LINE
  5
109
330
17
100
AcDbEntity
  8
SLOTS
100
AcDbLine
 10
32.77142654095204
 20
8.01431649575903
 30
0.0
 11
32.687422364282206
 21
9.522538344461065
 31
0.0
  0
LINE
  5
10A
330
17
100
AcDbEntity
  8
SLOTS
100
AcDbLine
 10
32.937035487830805
 20
9.536441169796564
 30
0.0
 11
33.02103966450064
 21
8.028219321094529
 31
0.0
  0
ARC
  5
10B
330
17
100
AcDbEntity
  8
SLOTS
100
AcDbCircle
 10
32.812228926056505
 20
9.529489757128815
 30
0.0
 40
0.125
100
AcDbArc
 50
3.1879374804283316
 51
183.18793748042833
  0
ARC
  5
10C
330
17
100
AcDbEntity
  8
SLOTS
100
AcDbCircle
 10
32.89623310272634
 20
8.021267908426779
 30
0.0
 40
0.125
100
AcDbArc
 50
183.18793748042833
 51
363.18793748042833
  0
LINE
  5
10D
330
17
100
AcDbEntity
  8
SLOTS
100
AcDbLine
 10
32.08977288028516
 20
6.766347096452909
 30
0.0
 11
31.92582328603238
 21
9.709919308460194
 31
0.0
  0
LINE
  5
10E
330
17
100
AcDbEntity
  8
SLOTS
100
AcDbLine
 10
32.17543640958098
 20
9.723822133795693
 30
0.0
 11
32.33938600383376
 21
6.780249921788407
 31
0.0
  0
ARC
  5
10F
330
17
100
AcDbEntity
  8
SLOTS
100
AcDbCircle
 10
32.05062984780668
 20
9.716870721127943
 30
0.0
 40
0.125
100
AcDbArc
 50
3.187937480428218
 51
183.18793748042822
  0
ARC
  5
110
330
17
100
AcDbEntity
  8
SLOTS
100
AcDbCircle
 10
32.21457944205946
 20
6.773298509120658
 30
0.0
 40
0.125
100
AcDbArc
 50
183.18793748042822
 51
363.1879374804282
  0
LINE
  5
111
330
17
100
AcDbEntity
  8
SLOTS
100
AcDbLine
 10
31.408119219618268
 20
5.518377697146781
 30
0.0
 11
31.16422420778255
 21
9.897300272459324
 31
0.0
  0
LINE
  5
112
330
17
100
AcDbEntity
  8
SLOTS
100
AcDbLine
 10
31.413837331331155
 20
9.91120309779482
 30
0.0
 11
31.657732343166874
 21
5.532280522482279
 31
0.0
  0
ARC
  5
113
330
17
100
AcDbEntity
  8
SLOTS
100
AcDbCircle
 10
31.289030769556852
 20
9.904251685127072
 30
0.0
 40
0.125
100
AcDbArc
 50
3.1879374804281753
 51
183.18793748042816
  0
ARC
  5
114
330
17
100
AcDbEntity
  8
SLOTS
100
AcDbCircle
 10
31.53292578139257
 20
5.52532910981453
 30
0.0
 40
0.125
100
AcDbArc
 50
183.18793748042816
 51
363.18793748042816
  0
LINE
  5
115
330
17
100
AcDbEntity
  8
SLOTS
100
AcDbLine
 10
30.609972483084317
 20
6.3619400431700805
 30
0.0
 11
30.402625129532723
 21
10.08468123645845
 31
0.0
  0
LINE
  5
116
330
17
100
AcDbEntity
  8
SLOTS
100
AcDbLine
 10
30.65223825308133
 20
10.098584061793947
 30
0.0
 11
30.859585606632923
 21
6.375842868505578
 31
0.0
  0
ARC
  5
117
330
17
100
AcDbEntity
  8
SLOTS
100
AcDbCircle
 10
30.527431691307026
 20
10.091632649126199
 30
0.0
 40
0.125
100
AcDbArc
 50
3.1879374804281895
 51
183.1879374804282
  0
ARC
  5
118
330
17
100
AcDbEntity
  8
SLOTS
100
AcDbCircle
 10
30.73477904485862
 20
6.368891455837829
 30
0.0
 40
0.125
100
AcDbArc
 50
183.1879374804282
 51
363.1879374804282
  0
LINE
  5
119
330
17
100
AcDbEntity
  8
SLOTS
100
AcDbLine
 10
29.77490699092866
 20
7.868346500794974
 30
0.0
 11
29.656766020131165
 21
9.989464764759099
 31
0.0
  0
LINE
  5
11A
330
17
100
AcDbEntity
  8
SLOTS
100
AcDbLine
 10
29.90637914367977
 20
10.003367590094594
 30
0.0
 11
30.024520114477266
 21
7.882249326130472
 31
0.0
  0
ARC
  5
11B
330
17
100
AcDbEntity
  8
SLOTS
100
AcDbCircle
 10
29.78157258190547
 20
9.996416177426847
 30
0.0
 40
0.125
100
AcDbArc
 50
3.1879374804281753
 51
183.18793748042816
  0
ARC
  5
11C
330
17
100
AcDbEntity
  8
SLOTS
100
AcDbCircle
 10
29.899713552702963
 20
7.875297913462723
 30
0.0
 40
0.125
100
AcDbArc
 50
183.18793748042816
 51
363.18793748042816
  0
LINE
  5
11D
330
17
100
AcDbEntity
  8
SLOTS
100
AcDbLine
 10
23.914736508947318
 20
6.132515240193078
 30
0.0
 11
23.487328202886616
 21
5.64774070743267
 31
0.0
  0
LINE
  5
11E
330
17
100
AcDbEntity
  8
SLOTS
100
AcDbLine
 10
23.29980466952575
 20
5.813073476222937
 30
0.0
 11
23.72721297558645
 21
6.297848008983344
 31
0.0
  0
ARC
  5
11F
330
17
100
AcDbEntity
  8
SLOTS
100
AcDbCircle
 10
23.393566436206182
 20
5.730407091827804
 30
0.0
 40
0.125
100
AcDbArc
 50
-221.40146732274576
 51
-41.40146732274576
  0
ARC
  5
120
330
17
100
AcDbEntity
  8
SLOTS
100
AcDbCircle
 10
23.820974742266884
 20
6.215181624588211
 30
0.0
 40
0.125
100
AcDbArc
 50
-41.40146732274576
 51
138.59853267725424
  0
LINE
  5
121
330
17
100
AcDbEntity
  8
SLOTS
100
AcDbLine
 10
25.181329878182535
 20
6.435032788870211
 30
0.0
 11
24.074712867068328
 21
5.1798869788788195
 31
0.0
  0
LINE
  5
122
330
17
100
AcDbEntity
  8
SLOTS
100
AcDbLine
 10
23.88718933370746
 20
5.345219747669086
 30
0.0
 11
24.993806344821667
 21
6.600365557660477
 31
0.0
  0
ARC
  5
123
330
17
100
AcDbEntity
  8
SLOTS
100
AcDbCircle
 10
23.980951100387895
 20
5.262553363273953
 30
0.0
 40
0.125
100
AcDbArc
 50
-221.40146732274573
 51
-41.40146732274573
  0
ARC
  5
124
330
17
100
AcDbEntity
  8
SLOTS
100
AcDbCircle
 10
25.0875681115021
 20
6.517699173265344
 30
0.0
 40
0.125
100
AcDbArc
 50
-41.40146732274573
 51
138.59853267725427
  0
LINE
  5
125
330
17
100
AcDbEntity
  8
SLOTS
100
AcDbLine
 10
26.447923247417755
 20
6.737550337547343
 30
0.0
 11
24.966236622444235
 21
5.0569935230598135
 31
0.0
  0
LINE
  5
126
330
17
100
AcDbEntity
  8
SLOTS
100
AcDbLine
 10
24.778713089083368
 20
5.22232629185008
 30
0.0
 11
26.260399714056888
 21
6.902883106337609
 31
0.0
  0
ARC
  5
127
330
17
100
AcDbEntity
  8
SLOTS
100
AcDbCircle
 10
24.8724748557638
 20
5.139659907454947
 30
0.0
 40
0.125
100
AcDbArc
 50
-221.40146732274567
 51
-41.401467322745674
  0
ARC
  5
128
330
17
100
AcDbEntity
  8
SLOTS
100
AcDbCircle
 10
26.35416148073732
 20
6.820216721942476
 30
0.0
 40
0.125
100
AcDbArc
 50
-41.401467322745674
 51
138.59853267725433
  0
LINE
  5
129
330
17
100
AcDbEntity
  8
SLOTS
100
AcDbLine
 10
27.71451661665298
 20
7.040067886224476
 30
0.0
 11
25.857760377820146
 21
4.9341000672408075
 31
0.0
  0
LINE
  5
12A
330
17
100
AcDbEntity
  8
SLOTS
100
AcDbLine
 10
25.67023684445928
 20
5.099432836031074
 30
0.0
 11
27.526993083292112
 21
7.205400655014742
 31
0.0
  0
ARC
  5
12B
330
17
100
AcDbEntity
  8
SLOTS
100
AcDbCircle
 10
25.763998611139712
 20
5.016766451635941
 30
0.0
 40
0.125
100
AcDbArc
 50
-221.40146732274567
 51
-41.401467322745674
  0
ARC
  5
12C
330
17
100
AcDbEntity
  8
SLOTS
100
AcDbCircle
 10
27.620754849972545
 20
7.122734270619609
 30
0.0
 40
0.125
100
AcDbArc
 50
-41.401467322745674
 51
138.59853267725433
  0
LINE
  5
12D
330
17
100
AcDbEntity
  8
SLOTS
100
AcDbLine
 10
28.9811099858882
 20
7.342585434901608
 30
0.0
 11
26.74928413319605
 21
4.8112066114218015
 31
0.0
  0
LINE
  5
12E
330
17
100
AcDbEntity
  8
SLOTS
100
AcDbLine
 10
26.561760599835182
 20
4.976539380212068
 30
0.0
 11
28.793586452527332
 21
7.507918203691874
 31
0.0
  0
ARC
  5
12F
330
17
100
AcDbEntity
  8
SLOTS
100
AcDbCircle
 10
26.655522366515616
 20
4.893872995816935
 30
0.0
 40
0.125
100
AcDbArc
 50
-221.40146732274567
 51
-41.401467322745674
  0
ARC
  5
130
330
17
100
AcDbEntity
  8
SLOTS
100
AcDbCircle
 10
28.887348219207766
 20
7.425251819296741
 30
0.0
 40
0.125
100
AcDbArc
 50
-41.401467322745674
 51
138.59853267725433
  0
LINE
  5
131
330
17
100
AcDbEntity
  8
SLOTS
100
AcDbLine
 10
29.615330667869358
 20
6.927853997896903
 30
0.0
 11
27.640807888571953
 21
4.6883131556027955
 31
0.0
  0
LINE
  5
132
330
17
100
AcDbEntity
  8
SLOTS
100
AcDbLine
 10
27.453284355211085
 20
4.853645924393062
 30
0.0
 11
29.42780713450849
 21
7.093186766687169
 31
0.0
  0
ARC
  5
133
330
17
100
AcDbEntity
  8
SLOTS
100
AcDbCircle
 10
27.54704612189152
 20
4.770979539997929
 30
0.0
 40
0.125
100
AcDbArc
 50
-221.4014673227457
 51
-41.4014673227457
  0
ARC
  5
134
330
17
100
AcDbEntity
  8
SLOTS
100
AcDbCircle
 10
29.521568901188925
 20
7.010520382292036
 30
0.0
 40
0.125
100
AcDbArc
 50
-41.4014673227457
 51
138.5985326772543
  0
LINE
  5
135
330
17
100
AcDbEntity
  8
SLOTS
100
AcDbLine
 10
30.001312933083486
 20
6.23156588360027
 30
0.0
 11
28.53233164394786
 21
4.5654196997837895
 31
0.0
  0
LINE
  5
136
330
17
100
AcDbEntity
  8
SLOTS
100
AcDbLine
 10
28.344808110586992
 20
4.730752468574056
 30
0.0
 11
29.81378939972262
 21
6.3968986523905365
 31
0.0
  0
ARC
  5
137
330
17
100
AcDbEntity
  8
SLOTS
100
AcDbCircle
 10
28.438569877267426
 20
4.648086084178923
 30
0.0
 40
0.125
100
AcDbArc
 50
-221.4014673227457
 51
-41.4014673227457
  0
ARC
  5
138
330
17
100
AcDbEntity
  8
SLOTS
100
AcDbCircle
 10
29.907551166403053
 20
6.314232267995403
 30
0.0
 40
0.125
100
AcDbArc
 50
-41.4014673227457
 51
138.5985326772543
  0
LINE
  5
139
330
17
100
AcDbEntity
  8
SLOTS
100
AcDbLine
 10
30.387295198297615
 20
5.535277769303641
 30
0.0
 11
29.423855399323767
 21
4.4425262439647835
 31
0.0
  0
LINE
  5
13A
330
17
100
AcDbEntity
  8
SLOTS
100
AcDbLine
 10
29.2363318659629
 20
4.60785901275505
 30
0.0
 11
30.199771664936748
 21
5.700610538093907
 31
0.0
  0
ARC
  5
13B
330
17
100
AcDbEntity
  8
SLOTS
100
AcDbCircle
 10
29.330093632643333
 20
4.525192628359917
 30
0.0
 40
0.125
100
AcDbArc
 50
-221.40146732274567
 51
-41.401467322745674
  0
ARC
  5
13C
330
17
100
AcDbEntity
  8
SLOTS
100
AcDbCircle
 10
30.29353343161718
 20
5.617944153698774
 30
0.0
 40
0.125
100
AcDbArc
 50
-41.401467322745674
 51
138.59853267725433
  0
LINE
  5
13D
330
17
100
AcDbEntity
  8
SLOTS
100
AcDbLine
 10
30.773277463511743
 20
4.838989655007012
 30
0.0
 11
30.31537915469967
 21
4.3196327881457774
 31
0.0
  0
LINE
  5
13E
330
17
100
AcDbEntity
  8
SLOTS
100
AcDbLine
 10
30.127855621338803
 20
4.484965556936044
 30
0.0
 11
30.585753930150876
 21
5.004322423797278
 31
0.0
  0
ARC
  5
13F
330
17
100
AcDbEntity
  8
SLOTS
100
AcDbCircle
 10
30.221617388019236
 20
4.402299172540911
 30
0.0
 40
0.125
100
AcDbArc
 50
-221.40146732274567
 51
-41.401467322745674
  0
ARC
  5
140
330
17
100
AcDbEntity
  8
SLOTS
100
AcDbCircle
 10
30.67951569683131
 20
4.921656039402145
 30
0.0
 40
0.125
100
AcDbArc
 50
-41.401467322745674
 51
138.59853267725433
  0
LINE
  5
141
330
17
100
AcDbEntity
  8
SLOTS
100
AcDbLine
 10
34.67817037483344
 20
9.350096939144676
 30
0.0
 11
34.86705056216575
 21
9.362133233985919
 31
0.0
  0
LINE
  5
142
330
17
100
AcDbEntity
  8
SLOTS
100
AcDbLine
 10
34.88294943783425
 20
9.112639294675809
 30
0.0
 11
34.69406925050194
 21
9.100602999834566
 31
0.0
  0
ARC
  5
143
330
17
100
AcDbEntity
  8
SLOTS
100
AcDbCircle
 10
34.875
 20
9.237386264330864
 30
0.0
 40
0.125
100
AcDbArc
 50
-86.35378549415572
 51
93.64621450584428
  0
ARC
  5
144
330
17
100
AcDbEntity
  8
SLOTS
100
AcDbCircle
 10
34.68611981266769
 20
9.22534996948962
 30
0.0
 40
0.125
100
AcDbArc
 50
93.64621450584428
 51
273.6462145058443
  0
LINE
  5
145
330
17
100
AcDbEntity
  8
SLOTS
100
AcDbLine
 10
31.64473657714249
 20
2.1482929445654606
 30
0.0
 11
31.331894310818672
 21
3.07065099798863
 31
0.0
  0
LINE
  5
146
330
17
100
AcDbEntity
  8
SLOTS
100
AcDbLine
 10
31.568646844931802
 20
3.1509519169809606
 30
0.0
 11
31.88148911125562
 21
2.228593863557791
 31
0.0
  0
ARC
  5
147
330
17
100
AcDbEntity
  8
SLOTS
100
AcDbCircle
 10
31.450270577875237
 20
3.1108014574847953
 30
0.0
 40
0.125
100
AcDbArc
 50
18.735733727872613
 51
198.73573372787263
  0
ARC
  5
148
330
17
100
AcDbEntity
  8
SLOTS
100
AcDbCircle
 10
31.763112844199053
 20
2.188443404061626
 30
0.0
 40
0.125
100
AcDbArc
 50
198.73573372787263
 51
378.7357337278726
  0
LINE
  5
149
330
17
100
AcDbEntity
  8
SLOTS
100
AcDbLine
 10
30.910405715388773
 20
1.9783657784313586
 30
0.0
 11
30.371198410358048
 21
3.568119637792891
 31
0.0
  0
LINE
  5
14A
330
17
100
AcDbEntity
  8
SLOTS
100
AcDbLine
 10
30.607950944471177
 20
3.648420556785221
 30
0.0
 11
31.147158249501903
 21
2.0586666974236882
 31
0.0
  0
ARC
  5
14B
330
17
100
AcDbEntity
  8
SLOTS
100
AcDbCircle
 10
30.489574677414613
 20
3.608270097289056
 30
0.0
 40
0.125
100
AcDbArc
 50
18.735733727872542
 51
198.73573372787254
  0
ARC
  5
14C
330
17
100
AcDbEntity
  8
SLOTS
100
AcDbCircle
 10
31.028781982445338
 20
2.0185162379275234
 30
0.0
 40
0.125
100
AcDbArc
 50
198.73573372787254
 51
378.73573372787257
  0
LINE
  5
14D
330
17
100
AcDbEntity
  8
SLOTS
100
AcDbLine
 10
30.17607485363505
 20
1.8084386122972553
 30
0.0
 11
29.540388269940674
 21
3.68264393248464
 31
0.0
  0
LINE
  5
14E
330
17
100
AcDbEntity
  8
SLOTS
100
AcDbLine
 10
29.777140804053804
 20
3.7629448514769694
 30
0.0
 11
30.41282738774818
 21
1.8887395312895845
 31
0.0
  0
ARC
  5
14F
330
17
100
AcDbEntity
  8
SLOTS
100
AcDbCircle
 10
29.65876453699724
 20
3.7227943919808046
 30
0.0
 40
0.125
100
AcDbArc
 50
18.735733727872457
 51
198.73573372787246
  0
ARC
  5
150
330
17
100
AcDbEntity
  8
SLOTS
100
AcDbCircle
 10
30.294451120691615
 20
1.84858907179342
 30
0.0
 40
0.125
100
AcDbArc
 50
198.73573372787246
 51
378.73573372787246
  0
LINE
  5
151
330
17
100
AcDbEntity
  8
SLOTS
100
AcDbLine
 10
29.44174399188133
 20
1.6385114461631518
 30
0.0
 11
28.7095781295233
 21
3.797168227176388
 31
0.0
  0
LINE
  5
152
330
17
100
AcDbEntity
  8
SLOTS
100
AcDbLine
 10
28.94633066363643
 20
3.8774691461687176
 30
0.0
 11
29.67849652599446
 21
1.7188123651554814
 31
0.0
  0
ARC
  5
153
330
17
100
AcDbEntity
  8
SLOTS
100
AcDbCircle
 10
28.827954396579866
 20
3.837318686672553
 30
0.0
 40
0.125
100
AcDbArc
 50
18.735733727872486
 51
198.73573372787249
  0
ARC
  5
154
330
17
100
AcDbEntity
  8
SLOTS
100
AcDbCircle
 10
29.560120258937896
 20
1.6786619056593166
 30
0.0
 40
0.125
100
AcDbArc
 50
198.73573372787249
 51
378.73573372787246
  0
LINE
  5
155
330
17
100
AcDbEntity
  8
SLOTS
100
AcDbLine
 10
28.707413130127613
 20
1.468584280029048
 30
0.0
 11
27.878767989105928
 21
3.9116925218681367
 31
0.0
  0
LINE
  5
156
330
17
100
AcDbEntity
  8
SLOTS
100
AcDbLine
 10
28.115520523219057
 20
3.9919934408604663
 30
0.0
 11
28.944165664240742
 21
1.5488851990213777
 31
0.0
  0
ARC
  5
157
330
17
100
AcDbEntity
  8
SLOTS
100
AcDbCircle
 10
27.997144256162493
 20
3.9518429813643015
 30
0.0
 40
0.125
100
AcDbArc
 50
18.735733727872486
 51
198.73573372787249
  0
ARC
  5
158
330
17
100
AcDbEntity
  8
SLOTS
100
AcDbCircle
 10
28.825789397184177
 20
1.5087347395252129
 30
0.0
 40
0.125
100
AcDbArc
 50
198.73573372787249
 51
378.73573372787246
  0
LINE
  5
159
330
17
100
AcDbEntity
  8
SLOTS
100
AcDbLine
 10
27.91631506007333
 20
1.4660248176315678
 30
0.0
 11
27.047957848688558
 21
4.026216816559885
 31
0.0
  0
LINE
  5
15A
330
17
100
AcDbEntity
  8
SLOTS
100
AcDbLine
 10
27.284710382801688
 20
4.106517735552214
 30
0.0
 11
28.15306759418646
 21
1.5463257366238974
 31
0.0
  0
ARC
  5
15B
330
17
100
AcDbEntity
  8
SLOTS
100
AcDbCircle
 10
27.166334115745123
 20
4.06636727605605
 30
0.0
 40
0.125
100
AcDbArc
 50
18.7357337278725
 51
198.7357337278725
  0
ARC
  5
15C
330
17
100
AcDbEntity
  8
SLOTS
100
AcDbCircle
 10
28.034691327129895
 20
1.5061752771277326
 30
0.0
 40
0.125
100
AcDbArc
 50
198.7357337278725
 51
378.7357337278725
  0
LINE
  5
15D
330
17
100
AcDbEntity
  8
SLOTS
100
AcDbLine
 10
27.101361070214775
 20
1.5338001600922928
 30
0.0
 11
26.217147708271185
 21
4.140741111251634
 31
0.0
  0
LINE
  5
15E
330
17
100
AcDbEntity
  8
SLOTS
100
AcDbLine
 10
26.453900242384314
 20
4.221042030243963
 30
0.0
 11
27.338113604327905
 21
1.6141010790846224
 31
0.0
  0
ARC
  5
15F
330
17
100
AcDbEntity
  8
SLOTS
100
AcDbCircle
 10
26.33552397532775
 20
4.180891570747798
 30
0.0
 40
0.125
100
AcDbArc
 50
18.735733727872486
 51
198.73573372787249
  0
ARC
  5
160
330
17
100
AcDbEntity
  8
SLOTS
100
AcDbCircle
 10
27.21973733727134
 20
1.5739506195884576
 30
0.0
 40
0.125
100
AcDbArc
 50
198.73573372787249
 51
378.73573372787246
  0
LINE
  5
161
330
17
100
AcDbEntity
  8
SLOTS
100
AcDbLine
 10
26.28640708035622
 20
1.601575502553018
 30
0.0
 11
25.386337567853808
 21
4.255265405943382
 31
0.0
  0
LINE
  5
162
330
17
100
AcDbEntity
  8
SLOTS
100
AcDbLine
 10
25.623090101966937
 20
4.335566324935712
 30
0.0
 11
26.52315961446935
 21
1.6818764215453477
 31
0.0
  0
ARC
  5
163
330
17
100
AcDbEntity
  8
SLOTS
100
AcDbCircle
 10
25.504713834910373
 20
4.295415865439547
 30
0.0
 40
0.125
100
AcDbArc
 50
18.735733727872528
 51
198.7357337278725
  0
ARC
  5
164
330
17
100
AcDbEntity
  8
SLOTS
100
AcDbCircle
 10
26.404783347412785
 20
1.6417259620491829
 30
0.0
 40
0.125
100
AcDbArc
 50
198.7357337278725
 51
378.7357337278725
  0
LINE
  5
165
330
17
100
AcDbEntity
  8
SLOTS
100
AcDbLine
 10
25.47145309049767
 20
1.669350845013743
 30
0.0
 11
24.555527427436438
 21
4.369789700635129
 31
0.0
  0
LINE
  5
166
330
17
100
AcDbEntity
  8
SLOTS
100
AcDbLine
 10
24.792279961549568
 20
4.45009061962746
 30
0.0
 11
25.708205624610798
 21
1.7496517640060727
 31
0.0
  0
ARC
  5
167
330
17
100
AcDbEntity
  8
SLOTS
100
AcDbCircle
 10
24.673903694493003
 20
4.409940160131295
 30
0.0
 40
0.125
100
AcDbArc
 50
18.735733727872514
 51
198.7357337278725
  0
ARC
  5
168
330
17
100
AcDbEntity
  8
SLOTS
100
AcDbCircle
 10
25.589829357554233
 20
1.709501304509908
 30
0.0
 40
0.125
100
AcDbArc
 50
198.7357337278725
 51
378.7357337278725
  0
LINE
  5
169
330
17
100
AcDbEntity
  8
SLOTS
100
AcDbLine
 10
24.656499100639113
 20
1.7371261874744683
 30
0.0
 11
23.724717287019065
 21
4.484313995326879
 31
0.0
  0
LINE
  5
16A
330
17
100
AcDbEntity
  8
SLOTS
100
AcDbLine
 10
23.961469821132194
 20
4.564614914319208
 30
0.0
 11
24.893251634752243
 21
1.817427106466798
 31
0.0
  0
ARC
  5
16B
330
17
100
AcDbEntity
  8
SLOTS
100
AcDbCircle
 10
23.84309355407563
 20
4.524464454823043
 30
0.0
 40
0.125
100
AcDbArc
 50
18.7357337278725
 51
198.7357337278725
  0
ARC
  5
16C
330
17
100
AcDbEntity
  8
SLOTS
100
AcDbCircle
 10
24.774875367695678
 20
1.7772766469706331
 30
0.0
 40
0.125
100
AcDbArc
 50
198.7357337278725
 51
378.7357337278725
  0
LINE
  5
16D
330
17
100
AcDbEntity
  8
SLOTS
100
AcDbLine
 10
23.84154511078056
 20
1.8049015299351931
 30
0.0
 11
22.96473088010044
 21
4.3900274994125805
 31
0.0
  0
LINE
  5
16E
330
17
100
AcDbEntity
  8
SLOTS
100
AcDbLine
 10
23.20148341421357
 20
4.470328418404909
 30
0.0
 11
24.07829764489369
 21
1.8852024489275228
 31
0.0
  0
ARC
  5
16F
330
17
100
AcDbEntity
  8
SLOTS
100
AcDbCircle
 10
23.083107147157005
 20
4.430177958908745
 30
0.0
 40
0.125
100
AcDbArc
 50
18.735733727872457
 51
198.73573372787246
  0
ARC
  5
170
330
17
100
AcDbEntity
  8
SLOTS
100
AcDbCircle
 10
23.959921377837126
 20
1.845051989431358
 30
0.0
 40
0.125
100
AcDbArc
 50
198.73573372787246
 51
378.73573372787246
  0
LINE
  5
171
330
17
100
AcDbEntity
  8
SLOTS
100
AcDbLine
 10
23.026591120922006
 20
1.8726768723959184
 30
0.0
 11
22.577669786334848
 21
3.196239104493275
 31
0.0
  0
LINE
  5
172
330
17
100
AcDbEntity
  8
SLOTS
100
AcDbLine
 10
22.814422320447978
 20
3.276540023485605
 30
0.0
 11
23.263343655035136
 21
1.952977791388248
 31
0.0
  0
ARC
  5
173
330
17
100
AcDbEntity
  8
SLOTS
100
AcDbCircle
 10
22.696046053391413
 20
3.23638956398944
 30
0.0
 40
0.125
100
AcDbArc
 50
18.735733727872486
 51
198.73573372787249
  0
ARC
  5
174
330
17
100
AcDbEntity
  8
SLOTS
100
AcDbCircle
 10
23.14496738797857
 20
1.9128273318920832
 30
0.0
 40
0.125
100
AcDbArc
 50
198.73573372787249
 51
378.73573372787246
  0
LINE
  5
175
330
17
100
AcDbEntity
  8
SLOTS
100
AcDbLine
 10
22.211637131063455
 20
1.9404522148566448
 30
0.0
 11
22.19060869256926
 21
2.002450709573978
 31
0.0
  0
LINE
  5
176
330
17
100
AcDbEntity
  8
SLOTS
100
AcDbLine
 10
22.42736122668239
 20
2.082751628566304
 30
0.0
 11
22.448389665176585
 21
2.020753133848971
 31
0.0
  0
ARC
  5
177
330
17
100
AcDbEntity
  8
SLOTS
100
AcDbCircle
 10
22.308984959625825
 20
2.042601169070141
 30
0.0
 40
0.125
100
AcDbArc
 50
18.73573372787169
 51
198.7357337278717
  0
ARC
  5
178
330
17
100
AcDbEntity
  8
SLOTS
100
AcDbCircle
 10
22.33001339812002
 20
1.980602674352808
 30
0.0
 40
0.125
100
AcDbArc
 50
198.7357337278717
 51
378.73573372787166
  0
LINE
  5
179
330
17
100
AcDbEntity
  8
SLOTS
100
AcDbLine
 10
8.041824376003493
 20
29.87124750541989
 30
0.0
 11
8.108181869541516
 21
29.953491670090713
 31
0.0
  0
LINE
  5
17A
330
17
100
AcDbEntity
  8
SLOTS
100
AcDbLine
 10
8.302748647038301
 20
29.796508329909287
 30
0.0
 11
8.236391153500279
 21
29.714264165238465
 31
0.0
  0
ARC
  5
17B
330
17
100
AcDbEntity
  8
SLOTS
100
AcDbCircle
 10
8.205465258289909
 20
29.875
 30
0.0
 40
0.125
100
AcDbArc
 50
-38.89781368817905
 51
141.10218631182096
  0
ARC
  5
17C
330
17
100
AcDbEntity
  8
SLOTS
100
AcDbCircle
 10
8.139107764751886
 20
29.792755835329178
 30
0.0
 40
0.125
100
AcDbArc
 50
141.10218631182096
 51
321.10218631182096
  0
LINE
  5
17D
330
17
100
AcDbEntity
  8
SLOTS
100
AcDbLine
 10
6.288974570482252
 20
28.893141561702073
 30
0.0
 11
7.144502445889141
 21
29.953491670090713
 31
0.0
  0
LINE
  5
17E
330
17
100
AcDbEntity
  8
SLOTS
100
AcDbLine
 10
7.3390692233859225
 20
29.796508329909287
 30
0.0
 11
6.483541347979034
 21
28.736158221520647
 31
0.0
  0
ARC
  5
17F
330
17
100
AcDbEntity
  8
SLOTS
100
AcDbCircle
 10
7.241785834637532
 20
29.875
 30
0.0
 40
0.125
100
AcDbArc
 50
-38.8978136881797
 51
141.1021863118203
  0
ARC
  5
180
330
17
100
AcDbEntity
  8
SLOTS
100
AcDbCircle
 10
6.386257959230643
 20
28.81464989161136
 30
0.0
 40
0.125
100
AcDbArc
 50
141.1021863118203
 51
321.1021863118203
  0
LINE
  5
181
330
17
100
AcDbEntity
  8
SLOTS
100
AcDbLine
 10
5.243778306072
 20
28.792108745100983
 30
0.0
 11
6.180823022236757
 21
29.953491670090713
 31
0.0
  0
LINE
  5
182
330
17
100
AcDbEntity
  8
SLOTS
100
AcDbLine
 10
6.375389799733538
 20
29.796508329909287
 30
0.0
 11
5.438345083568781
 21
28.635125404919556
 31
0.0
  0
ARC
  5
183
330
17
100
AcDbEntity
  8
SLOTS
100
AcDbCircle
 10
6.278106410985147
 20
29.875
 30
0.0
 40
0.125
100
AcDbArc
 50
-38.89781368817971
 51
141.10218631182028
  0
ARC
  5
184
330
17
100
AcDbEntity
  8
SLOTS
100
AcDbCircle
 10
5.34106169482039
 20
28.71361707501027
 30
0.0
 40
0.125
100
AcDbArc
 50
141.10218631182028
 51
321.1021863118203
  0
LINE
  5
185
330
17
100
AcDbEntity
  8
SLOTS
100
AcDbLine
 10
4.626201534864347
 20
29.221071956684035
 30
0.0
 11
5.217143598584376
 21
29.953491670090713
 31
0.0
  0
LINE
  5
186
330
17
100
AcDbEntity
  8
SLOTS
100
AcDbLine
 10
5.411710376081158
 20
29.796508329909287
 30
0.0
 11
4.820768312361128
 21
29.06408861650261
 31
0.0
  0
ARC
  5
187
330
17
100
AcDbEntity
  8
SLOTS
100
AcDbCircle
 10
5.314426987332767
 20
29.875
 30
0.0
 40
0.125
100
AcDbArc
 50
-38.8978136881798
 51
141.1021863118202
  0
ARC
  5
188
330
17
100
AcDbEntity
  8
SLOTS
100
AcDbCircle
 10
4.723484923612737
 20
29.142580286593322
 30
0.0
 40
0.125
100
AcDbArc
 50
141.1021863118202
 51
321.1021863118202
  0
LINE
  5
189
330
17
100
AcDbEntity
  8
SLOTS
100
AcDbLine
 10
4.008624763656695
 20
29.650035168267085
 30
0.0
 11
4.253464174931996
 21
29.953491670090713
 31
0.0
  0
LINE
  5
18A
330
17
100
AcDbEntity
  8
SLOTS
100
AcDbLine
 10
4.448030952428778
 20
29.796508329909287
 30
0.0
 11
4.203191541153477
 21
29.493051828085658
 31
0.0
  0
ARC
  5
18B
330
17
100
AcDbEntity
  8
SLOTS
100
AcDbCircle
 10
4.350747563680387
 20
29.875
 30
0.0
 40
0.125
100
AcDbArc
 50
-38.89781368817974
 51
141.10218631182028
  0
ARC
  5
18C
330
17
100
AcDbEntity
  8
SLOTS
100
AcDbCircle
 10
4.105908152405086
 20
29.57154349817637
 30
0.0
 40
0.125
100
AcDbArc
 50
141.10218631182028
 51
321.1021863118203
  0
LINE
  5
18D
330
17
100
AcDbEntity
  8
SLOTS
100
AcDbLine
 10
13.020633118428686
 20
28.19693773684279
 30
0.0
 11
12.373207052791734
 21
29.828905391084966
 31
0.0
  0
LINE
  5
18E
330
17
100
AcDbEntity
  8
SLOTS
100
AcDbLine
 10
12.605588523903094
 20
29.921094608915034
 30
0.0
 11
13.253014589540046
 21
28.28912695467286
 31
0.0
  0
ARC
  5
18F
330
17
100
AcDbEntity
  8
SLOTS
100
AcDbCircle
 10
12.489397788347414
 20
29.875
 30
0.0
 40
0.125
100
AcDbArc
 50
21.63897073258029
 51
201.63897073258028
  0
ARC
  5
190
330
17
100
AcDbEntity
  8
SLOTS
100
AcDbCircle
 10
13.136823853984366
 20
28.243032345757825
 30
0.0
 40
0.125
100
AcDbArc
 50
201.63897073258028
 51
381.6389707325803
  0
LINE
  5
191
330
17
100
AcDbEntity
  8
SLOTS
100
AcDbLine
 10
12.92712468385896
 20
26.398784153210787
 30
0.0
 11
11.566344099806352
 21
29.828905391084966
 31
0.0
  0
LINE
  5
192
330
17
100
AcDbEntity
  8
SLOTS
100
AcDbLine
 10
11.798725570917712
 20
29.921094608915034
 30
0.0
 11
13.15950615497032
 21
26.490973371040855
 31
0.0
  0
ARC
  5
193
330
17
100
AcDbEntity
  8
SLOTS
100
AcDbCircle
 10
11.682534835362032
 20
29.875
 30
0.0
 40
0.125
100
AcDbArc
 50
21.638970732580304
 51
201.6389707325803
  0
ARC
  5
194
330
17
100
AcDbEntity
  8
SLOTS
100
AcDbCircle
 10
13.04331541941464
 20
26.44487876212582
 30
0.0
 40
0.125
100
AcDbArc
 50
201.6389707325803
 51
381.63897073258033
  0
LINE
  5
195
330
17
100
AcDbEntity
  8
SLOTS
100
AcDbLine
 10
12.561981198563236
 20
25.285341365254165
 30
0.0
 11
10.75948114682097
 21
29.828905391084966
 31
0.0
  0
LINE
  5
196
330
17
100
AcDbEntity
  8
SLOTS
100
AcDbLine
 10
10.99186261793233
 20
29.921094608915034
 30
0.0
 11
12.794362669674596
 21
25.377530583084233
 31
0.0
  0
ARC
  5
197
330
17
100
AcDbEntity
  8
SLOTS
100
AcDbCircle
 10
10.87567188237665
 20
29.875
 30
0.0
 40
0.125
100
AcDbArc
 50
21.638970732580304
 51
201.6389707325803
  0
ARC
  5
198
330
17
100
AcDbEntity
  8
SLOTS
100
AcDbCircle
 10
12.678171934118916
 20
25.3314359741692
 30
0.0
 40
0.125
100
AcDbArc
 50
201.6389707325803
 51
381.63897073258033
  0
LINE
  5
199
330
17
100
AcDbEntity
  8
SLOTS
100
AcDbLine
 10
12.098466619271239
 20
24.41986271101897
 30
0.0
 11
9.95261819383559
 21
29.828905391084966
 31
0.0
  0
LINE
  5
19A
330
17
100
AcDbEntity
  8
SLOTS
100
AcDbLine
 10
10.18499966494695
 20
29.921094608915034
 30
0.0
 11
12.330848090382599
 21
24.512051928849036
 31
0.0
  0
ARC
  5
19B
330
17
100
AcDbEntity
  8
SLOTS
100
AcDbCircle
 10
10.06880892939127
 20
29.875
 30
0.0
 40
0.125
100
AcDbArc
 50
21.63897073258029
 51
201.63897073258028
  0
ARC
  5
19C
330
17
100
AcDbEntity
  8
SLOTS
100
AcDbCircle
 10
12.214657354826919
 20
24.465957319934002
 30
0.0
 40
0.125
100
AcDbArc
 50
201.63897073258028
 51
381.6389707325803
  0
LINE
  5
19D
330
17
100
AcDbEntity
  8
SLOTS
100
AcDbLine
 10
11.634952039979243
 20
23.55438405678377
 30
0.0
 11
9.247926162179832
 21
29.57136302808167
 31
0.0
  0
LINE
  5
19E
330
17
100
AcDbEntity
  8
SLOTS
100
AcDbLine
 10
9.480307633291192
 20
29.66355224591174
 30
0.0
 11
11.867333511090603
 21
23.64657327461384
 31
0.0
  0
ARC
  5
19F
330
17
100
AcDbEntity
  8
SLOTS
100
AcDbCircle
 10
9.364116897735512
 20
29.617457636996704
 30
0.0
 40
0.125
100
AcDbArc
 50
21.63897073258032
 51
201.63897073258033
  0
ARC
  5
1A0
330
17
100
AcDbEntity
  8
SLOTS
100
AcDbCircle
 10
11.751142775534923
 20
23.600478665698805
 30
0.0
 40
0.125
100
AcDbArc
 50
201.63897073258033
 51
381.63897073258033
  0
LINE
  5
1A1
330
17
100
AcDbEntity
  8
SLOTS
100
AcDbLine
 10
11.009753691584885
 20
23.09646187176706
 30
0.0
 11
8.587305223833145
 21
29.20273060771911
 31
0.0
  0
LINE
  5
1A2
330
17
100
AcDbEntity
  8
SLOTS
100
AcDbLine
 10
8.819686694944505
 20
29.29491982554918
 30
0.0
 11
11.242135162696245
 21
23.188651089597126
 31
0.0
  0
ARC
  5
1A3
330
17
100
AcDbEntity
  8
SLOTS
100
AcDbCircle
 10
8.703495959388825
 20
29.248825216634145
 30
0.0
 40
0.125
100
AcDbArc
 50
21.638970732580304
 51
201.6389707325803
  0
ARC
  5
1A4
330
17
100
AcDbEntity
  8
SLOTS
100
AcDbCircle
 10
11.125944427140565
 20
23.142556480682092
 30
0.0
 40
0.125
100
AcDbArc
 50
201.6389707325803
 51
381.63897073258033
  0
LINE
  5
1A5
330
17
100
AcDbEntity
  8
SLOTS
100
AcDbLine
 10
9.857339053731396
 20
23.96749441510285
 30
0.0
 11
7.926684285486455
 21
28.834098187356553
 31
0.0
  0
LINE
  5
1A6
330
17
100
AcDbEntity
  8
SLOTS
100
AcDbLine
 10
8.159065756597816
 20
28.92628740518662
 30
0.0
 11
10.089720524842756
 21
24.059683632932916
 31
0.0
  0
ARC
  5
1A7
330
17
100
AcDbEntity
  8
SLOTS
100
AcDbCircle
 10
8.042875021042136
 20
28.880192796271587
 30
0.0
 40
0.125
100
AcDbArc
 50
21.63897073258032
 51
201.63897073258033
  0
ARC
  5
1A8
330
17
100
AcDbEntity
  8
SLOTS
100
AcDbCircle
 10
9.973529789287076
 20
24.013589024017882
 30
0.0
 40
0.125
100
AcDbArc
 50
201.63897073258033
 51
381.63897073258033
  0
LINE
  5
1A9
330
17
100
AcDbEntity
  8
SLOTS
100
AcDbLine
 10
8.585062584503625
 20
25.140662819447897
 30
0.0
 11
7.2660633471397675
 21
28.465465766993994
 31
0.0
  0
LINE
  5
1AA
330
17
100
AcDbEntity
  8
SLOTS
100
AcDbLine
 10
7.498444818251129
 20
28.55765498482406
 30
0.0
 11
8.817444055614985
 21
25.232852037277965
 31
0.0
  0
ARC
  5
1AB
330
17
100
AcDbEntity
  8
SLOTS
100
AcDbCircle
 10
7.382254082695448
 20
28.511560375909028
 30
0.0
 40
0.125
100
AcDbArc
 50
21.63897073258032
 51
201.63897073258033
  0
ARC
  5
1AC
330
17
100
AcDbEntity
  8
SLOTS
100
AcDbCircle
 10
8.701253320059305
 20
25.18675742836293
 30
0.0
 40
0.125
100
AcDbArc
 50
201.63897073258033
 51
381.63897073258033
  0
LINE
  5
1AD
330
17
100
AcDbEntity
  8
SLOTS
100
AcDbLine
 10
7.163478585795583
 20
26.69019089106536
 30
0.0
 11
6.60544240879308
 21
28.096833346631435
 31
0.0
  0
LINE
  5
1AE
330
17
100
AcDbEntity
  8
SLOTS
100
AcDbLine
 10
6.837823879904442
 20
28.189022564461503
 30
0.0
 11
7.395860056906945
 21
26.782380108895428
 31
0.0
  0
ARC
  5
1AF
330
17
100
AcDbEntity
  8
SLOTS
100
AcDbCircle
 10
6.721633144348761
 20
28.14292795554647
 30
0.0
 40
0.125
100
AcDbArc
 50
21.638970732580333
 51
201.63897073258033
  0
ARC
  5
1B0
330
17
100
AcDbEntity
  8
SLOTS
100
AcDbCircle
 10
7.279669321351264
 20
26.736285499980394
 30
0.0
 40
0.125
100
AcDbArc
 50
201.63897073258033
 51
381.63897073258033
  0
LINE
  5
1B1
330
17
100
AcDbEntity
  8
SLOTS
100
AcDbLine
 10
1.246219575674153
 20
28.283765431634173
 30
0.0
 11
1.8032151084728096
 21
26.070706862844087
 31
0.0
  0
LINE
  5
1B2
330
17
100
AcDbEntity
  8
SLOTS
100
AcDbLine
 10
1.5607759571245037
 20
26.00968835832691
 30
0.0
 11
1.003780424325847
 21
28.222746927116994
 31
0.0
  0
ARC
  5
1B3
330
17
100
AcDbEntity
  8
SLOTS
100
AcDbCircle
 10
1.6819955327986567
 20
26.040197610585498
 30
0.0
 40
0.125
100
AcDbArc
 50
-165.87288231159567
 51
14.127117688404326
  0
ARC
  5
1B4
330
17
100
AcDbEntity
  8
SLOTS
100
AcDbCircle
 10
1.125
 20
28.253256179375583
 30
0.0
 40
0.125
100
AcDbArc
 50
14.127117688404326
 51
194.12711768840433
  0
LINE
  5
1B5
330
17
100
AcDbEntity
  8
SLOTS
100
AcDbLine
 10
1.6114395364894352
 20
29.90550925225859
 30
0.0
 11
2.549010929312939
 21
26.180343999469127
 31
0.0
  0
LINE
  5
1B6
330
17
100
AcDbEntity
  8
SLOTS
100
AcDbLine
 10
2.3065717779646335
 20
26.119325494951948
 30
0.0
 11
1.3690003851411292
 21
29.84449074774141
 31
0.0
  0
ARC
  5
1B7
330
17
100
AcDbEntity
  8
SLOTS
100
AcDbCircle
 10
2.4277913536387863
 20
26.149834747210537
 30
0.0
 40
0.125
100
AcDbArc
 50
-165.87288231159567
 51
14.12711768840434
  0
ARC
  5
1B8
330
17
100
AcDbEntity
  8
SLOTS
100
AcDbCircle
 10
1.4902199608152822
 20
29.875
 30
0.0
 40
0.125
100
AcDbArc
 50
14.12711768840434
 51
194.12711768840433
  0
LINE
  5
1B9
330
17
100
AcDbEntity
  8
SLOTS
100
AcDbLine
 10
2.384829473540583
 20
29.90550925225859
 30
0.0
 11
3.2948067501530693
 21
26.289981136094163
 31
0.0
  0
LINE
  5
1BA
330
17
100
AcDbEntity
  8
SLOTS
100
AcDbLine
 10
3.052367598804764
 20
26.228962631576984
 30
0.0
 11
2.1423903221922775
 21
29.84449074774141
 31
0.0
  0
ARC
  5
1BB
330
17
100
AcDbEntity
  8
SLOTS
100
AcDbCircle
 10
3.1735871744789166
 20
26.259471883835573
 30
0.0
 40
0.125
100
AcDbArc
 50
-165.87288231159567
 51
14.127117688404326
  0
ARC
  5
1BC
330
17
100
AcDbEntity
  8
SLOTS
100
AcDbCircle
 10
2.2636098978664303
 20
29.875
 30
0.0
 40
0.125
100
AcDbArc
 50
14.127117688404326
 51
194.12711768840433
  0
LINE
  5
1BD
330
17
100
AcDbEntity
  8
SLOTS
100
AcDbLine
 10
3.302845609537683
 20
29.33087942131419
 30
0.0
 11
4.0406025709932
 21
26.399618272719202
 31
0.0
  0
LINE
  5
1BE
330
17
100
AcDbEntity
  8
SLOTS
100
AcDbLine
 10
3.7981634196448946
 20
26.338599768202023
 30
0.0
 11
3.0604064581893775
 21
29.26986091679701
 31
0.0
  0
ARC
  5
1BF
330
17
100
AcDbEntity
  8
SLOTS
100
AcDbCircle
 10
3.9193829953190473
 20
26.369109020460613
 30
0.0
 40
0.125
100
AcDbArc
 50
-165.87288231159567
 51
14.12711768840434
  0
ARC
  5
1C0
330
17
100
AcDbEntity
  8
SLOTS
100
AcDbCircle
 10
3.1816260338635303
 20
29.3003701690556
 30
0.0
 40
0.125
100
AcDbArc
 50
14.12711768840434
 51
194.12711768840433
  0
LINE
  5
1C1
330
17
100
AcDbEntity
  8
SLOTS
100
AcDbLine
 10
4.240081998862474
 20
28.67988354465405
 30
0.0
 11
4.7863983918333295
 21
26.50925540934424
 31
0.0
  0
LINE
  5
1C2
330
17
100
AcDbEntity
  8
SLOTS
100
AcDbLine
 10
4.543959240485024
 20
26.448236904827063
 30
0.0
 11
3.997642847514168
 21
28.61886504013687
 31
0.0
  0
ARC
  5
1C3
330
17
100
AcDbEntity
  8
SLOTS
100
AcDbCircle
 10
4.665178816159177
 20
26.478746157085652
 30
0.0
 40
0.125
100
AcDbArc
 50
-165.87288231159562
 51
14.127117688404368
  0
ARC
  5
1C4
330
17
100
AcDbEntity
  8
SLOTS
100
AcDbCircle
 10
4.118862423188321
 20
28.64937429239546
 30
0.0
 40
0.125
100
AcDbArc
 50
14.127117688404368
 51
194.12711768840438
  0
LINE
  5
1C5
330
17
100
AcDbEntity
  8
SLOTS
100
AcDbLine
 10
5.177318388187267
 20
28.028887667993907
 30
0.0
 11
5.277243309310369
 21
27.631865268521466
 31
0.0
  0
LINE
  5
1C6
330
17
100
AcDbEntity
  8
SLOTS
100
AcDbLine
 10
5.034804157962063
 20
27.570846764004287
 30
0.0
 11
4.934879236838961
 21
27.967869163476728
 31
0.0
  0
ARC
  5
1C7
330
17
100
AcDbEntity
  8
SLOTS
100
AcDbCircle
 10
5.156023733636216
 20
27.601356016262876
 30
0.0
 40
0.125
100
AcDbArc
 50
-165.87288231159562
 51
14.127117688404397
  0
ARC
  5
1C8
330
17
100
AcDbEntity
  8
SLOTS
100
AcDbCircle
 10
5.056098812513114
 20
27.998378415735317
 30
0.0
 40
0.125
100
AcDbArc
 50
14.127117688404397
 51
194.12711768840438
  0
LINE
  5
1C9
330
17
100
AcDbEntity
  8
SLOTS
100
AcDbLine
 10
14.179025743498418
 20
15.47981072082948
 30
0.0
 11
14.131030177267524
 21
17.658214925922582
 31
0.0
  0
LINE
  5
1CA
330
17
100
AcDbEntity
  8
SLOTS
100
AcDbLine
 10
14.380969520782484
 20
17.66372170023349
 30
0.0
 11
14.428965087013378
 21
15.485317495140386
 31
0.0
  0
ARC
  5
1CB
330
17
100
AcDbEntity
  8
SLOTS
100
AcDbCircle
 10
14.255999849025004
 20
17.660968313078037
 30
0.0
 40
0.125
100
AcDbArc
 50
1.2621617863653398
 51
181.26216178636534
  0
ARC
  5
1CC
330
17
100
AcDbEntity
  8
SLOTS
100
AcDbCircle
 10
14.303995415255898
 20
15.482564107984933
 30
0.0
 40
0.125
100
AcDbArc
 50
181.26216178636534
 51
361.26216178636537
  0
LINE
  5
1CD
330
17
100
AcDbEntity
  8
SLOTS
100
AcDbLine
 10
13.455456694347882
 20
14.27191177817669
 30
0.0
 11
13.368941127625279
 21
18.198646873828537
 31
0.0
  0
LINE
  5
1CE
330
17
100
AcDbEntity
  8
SLOTS
100
AcDbLine
 10
13.618880471140239
 20
18.204153648139446
 30
0.0
 11
13.705396037862842
 21
14.277418552487596
 31
0.0
  0
ARC
  5
1CF
330
17
100
AcDbEntity
  8
SLOTS
100
AcDbCircle
 10
13.493910799382759
 20
18.20140026098399
 30
0.0
 40
0.125
100
AcDbArc
 50
1.2621617863653398
 51
181.26216178636534
  0
ARC
  5
1D0
330
17
100
AcDbEntity
  8
SLOTS
100
AcDbCircle
 10
13.580426366105362
 20
14.274665165332143
 30
0.0
 40
0.125
100
AcDbArc
 50
181.26216178636534
 51
361.26216178636537
  0
LINE
  5
1D1
330
17
100
AcDbEntity
  8
SLOTS
100
AcDbLine
 10
12.700758596265379
 20
14.476886074016932
 30
0.0
 11
12.606852077983033
 21
18.73907882173449
 31
0.0
  0
LINE
  5
1D2
330
17
100
AcDbEntity
  8
SLOTS
100
AcDbLine
 10
12.856791421497993
 20
18.7445855960454
 30
0.0
 11
12.950697939780339
 21
14.482392848327837
 31
0.0
  0
ARC
  5
1D3
330
17
100
AcDbEntity
  8
SLOTS
100
AcDbCircle
 10
12.731821749740513
 20
18.741832208889946
 30
0.0
 40
0.125
100
AcDbArc
 50
1.2621617863653398
 51
181.26216178636534
  0
ARC
  5
1D4
330
17
100
AcDbEntity
  8
SLOTS
100
AcDbCircle
 10
12.825728268022859
 20
14.479639461172384
 30
0.0
 40
0.125
100
AcDbArc
 50
181.26216178636534
 51
361.26216178636537
  0
LINE
  5
1D5
330
17
100
AcDbEntity
  8
SLOTS
100
AcDbLine
 10
11.946060498182876
 20
14.681860369857175
 30
0.0
 11
11.85232404495985
 21
18.93633427040911
 31
0.0
  0
LINE
  5
1D6
330
17
100
AcDbEntity
  8
SLOTS
100
AcDbLine
 10
12.10226338847481
 20
18.941841044720018
 30
0.0
 11
12.195999841697835
 21
14.68736714416808
 31
0.0
  0
ARC
  5
1D7
330
17
100
AcDbEntity
  8
SLOTS
100
AcDbCircle
 10
11.97729371671733
 20
18.939087657564563
 30
0.0
 40
0.125
100
AcDbArc
 50
1.262161786365354
 51
181.26216178636537
  0
ARC
  5
1D8
330
17
100
AcDbEntity
  8
SLOTS
100
AcDbCircle
 10
12.071030169940355
 20
14.684613757012627
 30
0.0
 40
0.125
100
AcDbArc
 50
181.26216178636537
 51
361.26216178636537
  0
LINE
  5
1D9
330
17
100
AcDbEntity
  8
SLOTS
100
AcDbLine
 10
11.19136240010037
 20
14.886834665697418
 30
0.0
 11
11.108766156519685
 21
18.63568103778672
 31
0.0
  0
LINE
  5
1DA
330
17
100
AcDbEntity
  8
SLOTS
100
AcDbLine
 10
11.358705500034645
 20
18.64118781209763
 30
0.0
 11
11.44130174361533
 21
14.892341440008323
 31
0.0
  0
ARC
  5
1DB
330
17
100
AcDbEntity
  8
SLOTS
100
AcDbCircle
 10
11.233735828277165
 20
18.638434424942176
 30
0.0
 40
0.125
100
AcDbArc
 50
1.2621617863653398
 51
181.26216178636534
  0
ARC
  5
1DC
330
17
100
AcDbEntity
  8
SLOTS
100
AcDbCircle
 10
11.31633207185785
 20
14.88958805285287
 30
0.0
 40
0.125
100
AcDbArc
 50
181.26216178636534
 51
361.26216178636537
  0
LINE
  5
1DD
330
17
100
AcDbEntity
  8
SLOTS
100
AcDbLine
 10
10.436664302017865
 20
15.09180896153766
 30
0.0
 11
10.36520826807952
 21
18.335027805164337
 31
0.0
  0
LINE
  5
1DE
330
17
100
AcDbEntity
  8
SLOTS
100
AcDbLine
 10
10.61514761159448
 20
18.340534579475246
 30
0.0
 11
10.686603645532825
 21
15.097315735848566
 31
0.0
  0
ARC
  5
1DF
330
17
100
AcDbEntity
  8
SLOTS
100
AcDbCircle
 10
10.490177939837
 20
18.33778119231979
 30
0.0
 40
0.125
100
AcDbArc
 50
1.2621617863653398
 51
181.26216178636534
  0
ARC
  5
1E0
330
17
100
AcDbEntity
  8
SLOTS
100
AcDbCircle
 10
10.561633973775345
 20
15.094562348693113
 30
0.0
 40
0.125
100
AcDbArc
 50
181.26216178636534
 51
361.26216178636537
  0
LINE
  5
1E1
330
17
100
AcDbEntity
  8
SLOTS
100
AcDbLine
 10
9.681966203935362
 20
15.296783257377902
 30
0.0
 11
9.621650379639357
 21
18.034374572541953
 31
0.0
  0
LINE
  5
1E2
330
17
100
AcDbEntity
  8
SLOTS
100
AcDbLine
 10
9.871589723154317
 20
18.039881346852862
 30
0.0
 11
9.931905547450322
 21
15.302290031688807
 31
0.0
  0
ARC
  5
1E3
330
17
100
AcDbEntity
  8
SLOTS
100
AcDbCircle
 10
9.746620051396837
 20
18.037127959697408
 30
0.0
 40
0.125
100
AcDbArc
 50
1.2621617863653256
 51
181.2621617863653
  0
ARC
  5
1E4
330
17
100
AcDbEntity
  8
SLOTS
100
AcDbCircle
 10
9.806935875692842
 20
15.299536644533354
 30
0.0
 40
0.125
100
AcDbArc
 50
181.2621617863653
 51
361.2621617863653
  0
LINE
  5
1E5
330
17
100
AcDbEntity
  8
SLOTS
100
AcDbLine
 10
8.927268105852859
 20
15.501757553218145
 30
0.0
 11
8.878092491199192
 21
17.733721339919565
 31
0.0
  0
LINE
  5
1E6
330
17
100
AcDbEntity
  8
SLOTS
100
AcDbLine
 10
9.128031834714152
 20
17.739228114230475
 30
0.0
 11
9.177207449367819
 21
15.50726432752905
 31
0.0
  0
ARC
  5
1E7
330
17
100
AcDbEntity
  8
SLOTS
100
AcDbCircle
 10
9.003062162956672
 20
17.73647472707502
 30
0.0
 40
0.125
100
AcDbArc
 50
1.262161786365354
 51
181.26216178636537
  0
ARC
  5
1E8
330
17
100
AcDbEntity
  8
SLOTS
100
AcDbCircle
 10
9.052237777610339
 20
15.504510940373597
 30
0.0
 40
0.125
100
AcDbArc
 50
181.26216178636537
 51
361.26216178636537
  0
LINE
  5
1E9
330
17
100
AcDbEntity
  8
SLOTS
100
AcDbLine
 10
8.172570007770355
 20
15.706731849058388
 30
0.0
 11
8.134534602759029
 21
17.43306810729718
 31
0.0
  0
LINE
  5
1EA
330
17
100
AcDbEntity
  8
SLOTS
100
AcDbLine
 10
8.384473946273989
 20
17.43857488160809
 30
0.0
 11
8.422509351285315
 21
15.712238623369293
 31
0.0
  0
ARC
  5
1EB
330
17
100
AcDbEntity
  8
SLOTS
100
AcDbCircle
 10
8.259504274516509
 20
17.435821494452636
 30
0.0
 40
0.125
100
AcDbArc
 50
1.2621617863653398
 51
181.26216178636534
  0
ARC
  5
1EC
330
17
100
AcDbEntity
  8
SLOTS
100
AcDbCircle
 10
8.297539679527835
 20
15.70948523621384
 30
0.0
 40
0.125
100
AcDbArc
 50
181.26216178636534
 51
361.26216178636537
  0
LINE
  5
1ED
330
17
100
AcDbEntity
  8
SLOTS
100
AcDbLine
 10
7.41787190968785
 20
15.911706144898629
 30
0.0
 11
7.390976714318863
 21
17.132414874674797
 31
0.0
  0
LINE
  5
1EE
330
17
100
AcDbEntity
  8
SLOTS
100
AcDbLine
 10
7.640916057833823
 20
17.137921648985706
 30
0.0
 11
7.66781125320281
 21
15.917212919209534
 31
0.0
  0
ARC
  5
1EF
330
17
100
AcDbEntity
  8
SLOTS
100
AcDbCircle
 10
7.515946386076343
 20
17.135168261830252
 30
0.0
 40
0.125
100
AcDbArc
 50
1.2621617863653398
 51
181.26216178636534
  0
ARC
  5
1F0
330
17
100
AcDbEntity
  8
SLOTS
100
AcDbCircle
 10
7.54284158144533
 20
15.914459532054082
 30
0.0
 40
0.125
100
AcDbArc
 50
181.26216178636534
 51
361.26216178636537
  0
LINE
  5
1F1
330
17
100
AcDbEntity
  8
SLOTS
100
AcDbLine
 10
6.663173811605345
 20
16.11668044073887
 30
0.0
 11
6.647418825878698
 21
16.831761642052413
 31
0.0
  0
LINE
  5
1F2
330
17
100
AcDbEntity
  8
SLOTS
100
AcDbLine
 10
6.897358169393658
 20
16.837268416363322
 30
0.0
 11
6.913113155120305
 21
16.12218721504978
 31
0.0
  0
ARC
  5
1F3
330
17
100
AcDbEntity
  8
SLOTS
100
AcDbCircle
 10
6.772388497636178
 20
16.834515029207868
 30
0.0
 40
0.125
100
AcDbArc
 50
1.2621617863653114
 51
181.2621617863653
  0
ARC
  5
1F4
330
17
100
AcDbEntity
  8
SLOTS
100
AcDbCircle
 10
6.788143483362825
 20
16.119433827894326
 30
0.0
 40
0.125
100
AcDbArc
 50
181.2621617863653
 51
361.2621617863653
  0
LINE
  5
1F5
330
17
100
AcDbEntity
  8
SLOTS
100
AcDbLine
 10
5.908475713522843
 20
16.321654736579113
 30
0.0
 11
5.903860937438535
 21
16.531108409430026
 31
0.0
  0
LINE
  5
1F6
330
17
100
AcDbEntity
  8
SLOTS
100
AcDbLine
 10
6.153800280953495
 20
16.536615183740935
 30
0.0
 11
6.158415057037803
 21
16.327161510890022
 31
0.0
  0
ARC
  5
1F7
330
17
100
AcDbEntity
  8
SLOTS
100
AcDbCircle
 10
6.028830609196015
 20
16.53386179658548
 30
0.0
 40
0.125
100
AcDbArc
 50
1.2621617863653256
 51
181.2621617863653
  0
ARC
  5
1F8
330
17
100
AcDbEntity
  8
SLOTS
100
AcDbCircle
 10
6.033445385280323
 20
16.324408123734568
 30
0.0
 40
0.125
100
AcDbArc
 50
181.2621617863653
 51
361.2621617863653
  0
LINE
  5
1F9
330
17
100
AcDbEntity
  8
SLOTS
100
AcDbLine
 10
14.469850310511958
 20
12.045407363188987
 30
0.0
 11
16.06416246797399
 21
10.785149897980366
 31
0.0
  0
LINE
  5
1FA
330
17
100
AcDbEntity
  8
SLOTS
100
AcDbLine
 10
15.909130932550841
 20
10.589024369238336
 30
0.0
 11
14.31481877508881
 21
11.849281834446957
 31
0.0
  0
ARC
  5
1FB
330
17
100
AcDbEntity
  8
SLOTS
100
AcDbCircle
 10
15.986646700262416
 20
10.687087133609351
 30
0.0
 40
0.125
100
AcDbArc
 50
-128.3253465933686
 51
51.67465340663139
  0
ARC
  5
1FC
330
17
100
AcDbEntity
  8
SLOTS
100
AcDbCircle
 10
14.392334542800384
 20
11.947344598817972
 30
0.0
 40
0.125
100
AcDbArc
 50
51.67465340663139
 51
231.6746534066314
  0
LINE
  5
1FD
330
17
100
AcDbEntity
  8
SLOTS
100
AcDbLine
 10
14.494320031845664
 20
12.982085126193994
 30
0.0
 11
17.254179492242844
 21
10.800496362906266
 31
0.0
  0
LINE
  5
1FE
330
17
100
AcDbEntity
  8
SLOTS
100
AcDbLine
 10
17.099147956819696
 20
10.604370834164236
 30
0.0
 11
14.339288496422515
 21
12.785959597451964
 31
0.0
  0
ARC
  5
1FF
330
17
100
AcDbEntity
  8
SLOTS
100
AcDbCircle
 10
17.17666372453127
 20
10.70243359853525
 30
0.0
 40
0.125
100
AcDbArc
 50
-128.32534659336858
 51
51.67465340663141
  0
ARC
  5
200
330
17
100
AcDbEntity
  8
SLOTS
100
AcDbCircle
 10
14.41680426413409
 20
12.884022361822979
 30
0.0
 40
0.125
100
AcDbArc
 50
51.67465340663141
 51
231.67465340663142
  0
LINE
  5
201
330
17
100
AcDbEntity
  8
SLOTS
100
AcDbLine
 10
14.555499978017599
 20
13.88974452244734
 30
0.0
 11
18.444115239706335
 21
10.81590707478671
 31
0.0
  0
LINE
  5
202
330
17
100
AcDbEntity
  8
SLOTS
100
AcDbLine
 10
18.289083704283186
 20
10.61978154604468
 30
0.0
 11
14.40046844259445
 21
13.69361899370531
 31
0.0
  0
ARC
  5
203
330
17
100
AcDbEntity
  8
SLOTS
100
AcDbCircle
 10
18.36659947199476
 20
10.717844310415694
 30
0.0
 40
0.125
100
AcDbArc
 50
-128.3253465933686
 51
51.67465340663139
  0
ARC
  5
204
330
17
100
AcDbEntity
  8
SLOTS
100
AcDbCircle
 10
14.477984210306024
 20
13.791681758076326
 30
0.0
 40
0.125
100
AcDbArc
 50
51.67465340663139
 51
231.6746534066314
  0
LINE
  5
205
330
17
100
AcDbEntity
  8
SLOTS
100
AcDbLine
 10
14.829212874401065
 20
14.629402793040779
 30
0.0
 11
18.907118275287772
 21
11.405936986907129
 31
0.0
  0
LINE
  5
206
330
17
100
AcDbEntity
  8
SLOTS
100
AcDbLine
 10
18.752086739864623
 20
11.209811458165099
 30
0.0
 11
14.674181338977917
 21
14.433277264298749
 31
0.0
  0
ARC
  5
207
330
17
100
AcDbEntity
  8
SLOTS
100
AcDbCircle
 10
18.829602507576197
 20
11.307874222536114
 30
0.0
 40
0.125
100
AcDbArc
 50
-128.32534659336858
 51
51.67465340663141
  0
ARC
  5
208
330
17
100
AcDbEntity
  8
SLOTS
100
AcDbCircle
 10
14.751697106689491
 20
14.531340028669764
 30
0.0
 40
0.125
100
AcDbArc
 50
51.67465340663141
 51
231.67465340663142
  0
LINE
  5
209
330
17
100
AcDbEntity
  8
SLOTS
100
AcDbLine
 10
15.102925770784534
 20
15.369061063634215
 30
0.0
 11
19.37012131086921
 21
11.995966899027549
 31
0.0
  0
LINE
  5
20A
330
17
100
AcDbEntity
  8
SLOTS
100
AcDbLine
 10
19.21508977544606
 20
11.799841370285518
 30
0.0
 11
14.947894235361385
 21
15.172935534892185
 31
0.0
  0
ARC
  5
20B
330
17
100
AcDbEntity
  8
SLOTS
100
AcDbCircle
 10
19.292605543157634
 20
11.897904134656534
 30
0.0
 40
0.125
100
AcDbArc
 50
-128.32534659336858
 51
51.67465340663141
  0
ARC
  5
20C
330
17
100
AcDbEntity
  8
SLOTS
100
AcDbCircle
 10
15.02541000307296
 20
15.2709982992632
 30
0.0
 40
0.125
100
AcDbArc
 50
51.67465340663141
 51
231.67465340663142
  0
LINE
  5
20D
330
17
100
AcDbEntity
  8
SLOTS
100
AcDbLine
 10
15.376638667168002
 20
16.108719334227654
 30
0.0
 11
19.780069621327772
 21
12.62793503076685
 31
0.0
  0
LINE
  5
20E
330
17
100
AcDbEntity
  8
SLOTS
100
AcDbLine
 10
19.625038085904624
 20
12.43180950202482
 30
0.0
 11
15.221607131744854
 21
15.912593805485624
 31
0.0
  0
ARC
  5
20F
330
17
100
AcDbEntity
  8
SLOTS
100
AcDbCircle
 10
19.702553853616198
 20
12.529872266395834
 30
0.0
 40
0.125
100
AcDbArc
 50
-128.32534659336858
 51
51.67465340663141
  0
ARC
  5
210
330
17
100
AcDbEntity
  8
SLOTS
100
AcDbCircle
 10
15.299122899456428
 20
16.01065656985664
 30
0.0
 40
0.125
100
AcDbArc
 50
51.67465340663141
 51
231.67465340663142
  0
LINE
  5
211
330
17
100
AcDbEntity
  8
SLOTS
100
AcDbLine
 10
15.65035156355147
 20
16.848377604821092
 30
0.0
 11
20.026297717340157
 21
13.389319237956396
 31
0.0
  0
LINE
  5
212
330
17
100
AcDbEntity
  8
SLOTS
100
AcDbLine
 10
19.871266181917008
 20
13.193193709214366
 30
0.0
 11
15.49532002812832
 21
16.652252076079062
 31
0.0
  0
ARC
  5
213
330
17
100
AcDbEntity
  8
SLOTS
100
AcDbCircle
 10
19.948781949628582
 20
13.291256473585381
 30
0.0
 40
0.125
100
AcDbArc
 50
-128.32534659336858
 51
51.67465340663141
  0
ARC
  5
214
330
17
100
AcDbEntity
  8
SLOTS
100
AcDbCircle
 10
15.572835795839895
 20
16.750314840450077
 30
0.0
 40
0.125
100
AcDbArc
 50
51.67465340663141
 51
231.67465340663142
  0
LINE
  5
215
330
17
100
AcDbEntity
  8
SLOTS
100
AcDbLine
 10
16.225914169022882
 20
17.34943244542206
 30
0.0
 11
20.27252581335254
 21
14.150703445145941
 31
0.0
  0
LINE
  5
216
330
17
100
AcDbEntity
  8
SLOTS
100
AcDbLine
 10
20.117494277929392
 20
13.954577916403911
 30
0.0
 11
16.070882633599734
 21
17.15330691668003
 31
0.0
  0
ARC
  5
217
330
17
100
AcDbEntity
  8
SLOTS
100
AcDbCircle
 10
20.195010045640966
 20
14.052640680774926
 30
0.0
 40
0.125
100
AcDbArc
 50
-128.3253465933686
 51
51.67465340663139
  0
ARC
  5
218
330
17
100
AcDbEntity
  8
SLOTS
100
AcDbCircle
 10
16.148398401311308
 20
17.251369681051045
 30
0.0
 40
0.125
100
AcDbArc
 50
51.67465340663139
 51
231.6746534066314
  0
LINE
  5
219
330
17
100
AcDbEntity
  8
SLOTS
100
AcDbLine
 10
16.998733801845322
 20
17.69456133380566
 30
0.0
 11
20.518753909364925
 21
14.912087652335488
 31
0.0
  0
LINE
  5
21A
330
17
100
AcDbEntity
  8
SLOTS
100
AcDbLine
 10
20.363722373941776
 20
14.715962123593458
 30
0.0
 11
16.843702266422174
 21
17.49843580506363
 31
0.0
  0
ARC
  5
21B
330
17
100
AcDbEntity
  8
SLOTS
100
AcDbCircle
 10
20.44123814165335
 20
14.814024887964473
 30
0.0
 40
0.125
100
AcDbArc
 50
-128.32534659336858
 51
51.674653406631414
  0
ARC
  5
21C
330
17
100
AcDbEntity
  8
SLOTS
100
AcDbCircle
 10
16.921218034133748
 20
17.596498569434644
 30
0.0
 40
0.125
100
AcDbArc
 50
51.674653406631414
 51
231.67465340663142
  0
LINE
  5
21D
330
17
100
AcDbEntity
  8
SLOTS
100
AcDbLine
 10
17.77155343466777
 20
18.039690222189257
 30
0.0
 11
20.515527950660704
 21
15.870658046189769
 31
0.0
  0
LINE
  5
21E
330
17
100
AcDbEntity
  8
SLOTS
100
AcDbLine
 10
20.360496415237556
 20
15.674532517447739
 30
0.0
 11
17.61652189924462
 21
17.843564693447227
 31
0.0
  0
ARC
  5
21F
330
17
100
AcDbEntity
  8
SLOTS
100
AcDbCircle
 10
20.43801218294913
 20
15.772595281818754
 30
0.0
 40
0.125
100
AcDbArc
 50
-128.3253465933686
 51
51.6746534066314
  0
ARC
  5
220
330
17
100
AcDbEntity
  8
SLOTS
100
AcDbCircle
 10
17.694037666956195
 20
17.941627457818242
 30
0.0
 40
0.125
100
AcDbArc
 50
51.6746534066314
 51
231.6746534066314
  0
LINE
  5
221
330
17
100
AcDbEntity
  8
SLOTS
100
AcDbLine
 10
18.544373067490213
 20
18.384819110572856
 30
0.0
 11
19.858080685125117
 21
17.346371385968308
 31
0.0
  0
LINE
  5
222
330
17
100
AcDbEntity
  8
SLOTS
100
AcDbLine
 10
19.703049149701968
 20
17.150245857226277
 30
0.0
 11
18.389341532067064
 21
18.188693581830826
 31
0.0
  0
ARC
  5
223
330
17
100
AcDbEntity
  8
SLOTS
100
AcDbCircle
 10
19.780564917413543
 20
17.248308621597293
 30
0.0
 40
0.125
100
AcDbArc
 50
-128.32534659336852
 51
51.674653406631485
  0
ARC
  5
224
330
17
100
AcDbEntity
  8
SLOTS
100
AcDbCircle
 10
18.46685729977864
 20
18.28675634620184
 30
0.0
 40
0.125
100
AcDbArc
 50
51.674653406631485
 51
231.67465340663148
  0
LINE
  5
225
330
17
100
AcDbEntity
  8
SLOTS
100
AcDbLine
 10
12.108563058455285
 20
22.505282589899846
 30
0.0
 11
13.286988956149232
 21
19.394758811944705
 31
0.0
  0
LINE
  5
226
330
17
100
AcDbEntity
  8
SLOTS
100
AcDbLine
 10
13.053204004761705
 20
19.30618908514863
 30
0.0
 11
11.874778107067758
 21
22.416712863103772
 31
0.0
  0
ARC
  5
227
330
17
100
AcDbEntity
  8
SLOTS
100
AcDbCircle
 10
13.170096480455468
 20
19.350473948546668
 30
0.0
 40
0.125
100
AcDbArc
 50
-159.25074325369803
 51
20.749256746301953
  0
ARC
  5
228
330
17
100
AcDbEntity
  8
SLOTS
100
AcDbCircle
 10
11.991670582761522
 20
22.46099772650181
 30
0.0
 40
0.125
100
AcDbArc
 50
20.749256746301953
 51
200.74925674630197
  0
LINE
  5
229
330
17
100
AcDbEntity
  8
SLOTS
100
AcDbLine
 10
12.578295793494432
 20
23.382371841316445
 30
0.0
 11
14.383633223233058
 21
18.61707856880484
 31
0.0
  0
LINE
  5
22A
330
17
100
AcDbEntity
  8
SLOTS
100
AcDbLine
 10
14.149848271845531
 20
18.528508842008765
 30
0.0
 11
12.344510842106905
 21
23.29380211452037
 31
0.0
  0
ARC
  5
22B
330
17
100
AcDbEntity
  8
SLOTS
100
AcDbCircle
 10
14.266740747539295
 20
18.572793705406802
 30
0.0
 40
0.125
100
AcDbArc
 50
-159.25074325369803
 51
20.749256746301967
  0
ARC
  5
22C
330
17
100
AcDbEntity
  8
SLOTS
100
AcDbCircle
 10
12.461403317800668
 20
23.338086977918408
 30
0.0
 40
0.125
100
AcDbArc
 50
20.749256746301967
 51
200.74925674630197
  0
LINE
  5
22D
330
17
100
AcDbEntity
  8
SLOTS
100
AcDbLine
 10
13.04802852853358
 20
24.259461092733048
 30
0.0
 11
15.48027749031689
 21
17.83939832566497
 31
0.0
  0
LINE
  5
22E
330
17
100
AcDbEntity
  8
SLOTS
100
AcDbLine
 10
15.246492538929363
 20
17.750828598868896
 30
0.0
 11
12.814243577146053
 21
24.170891365936974
 31
0.0
  0
ARC
  5
22F
330
17
100
AcDbEntity
  8
SLOTS
100
AcDbCircle
 10
15.363385014623127
 20
17.795113462266933
 30
0.0
 40
0.125
100
AcDbArc
 50
-159.25074325369803
 51
20.749256746301967
  0
ARC
  5
230
330
17
100
AcDbEntity
  8
SLOTS
100
AcDbCircle
 10
12.931136052839816
 20
24.21517622933501
 30
0.0
 40
0.125
100
AcDbArc
 50
20.749256746301967
 51
200.74925674630197
  0
LINE
  5
231
330
17
100
AcDbEntity
  8
SLOTS
100
AcDbLine
 10
13.517761263572726
 20
25.13655034414965
 30
0.0
 11
16.189869925335447
 21
18.083363931700763
 31
0.0
  0
LINE
  5
232
330
17
100
AcDbEntity
  8
SLOTS
100
AcDbLine
 10
15.95608497394792
 20
17.99479420490469
 30
0.0
 11
13.2839763121852
 21
25.047980617353577
 31
0.0
  0
ARC
  5
233
330
17
100
AcDbEntity
  8
SLOTS
100
AcDbCircle
 10
16.072977449641684
 20
18.039079068302726
 30
0.0
 40
0.125
100
AcDbArc
 50
-159.25074325369803
 51
20.749256746301967
  0
ARC
  5
234
330
17
100
AcDbEntity
  8
SLOTS
100
AcDbCircle
 10
13.400868787878963
 20
25.092265480751614
 30
0.0
 40
0.125
100
AcDbArc
 50
20.749256746301967
 51
200.74925674630197
  0
LINE
  5
235
330
17
100
AcDbEntity
  8
SLOTS
100
AcDbLine
 10
14.683560568010568
 20
24.176331352942572
 30
0.0
 11
16.87583187887654
 21
18.389703569624366
 31
0.0
  0
LINE
  5
236
330
17
100
AcDbEntity
  8
SLOTS
100
AcDbLine
 10
16.642046927489012
 20
18.301133842828293
 30
0.0
 11
14.449775616623041
 21
24.0877616261465
 31
0.0
  0
ARC
  5
237
330
17
100
AcDbEntity
  8
SLOTS
100
AcDbCircle
 10
16.758939403182776
 20
18.34541870622633
 30
0.0
 40
0.125
100
AcDbArc
 50
-159.25074325369803
 51
20.749256746301953
  0
ARC
  5
238
330
17
100
AcDbEntity
  8
SLOTS
100
AcDbCircle
 10
14.566668092316805
 20
24.132046489544535
 30
0.0
 40
0.125
100
AcDbArc
 50
20.749256746301953
 51
200.74925674630197
  0
LINE
  5
239
330
17
100
AcDbEntity
  8
SLOTS
100
AcDbLine
 10
15.987523601272123
 20
22.85142115408459
 30
0.0
 11
17.561793832417635
 21
18.69604320754797
 31
0.0
  0
LINE
  5
23A
330
17
100
AcDbEntity
  8
SLOTS
100
AcDbLine
 10
17.328008881030108
 20
18.607473480751896
 30
0.0
 11
15.753738649884596
 21
22.762851427288517
 31
0.0
  0
ARC
  5
23B
330
17
100
AcDbEntity
  8
SLOTS
100
AcDbCircle
 10
17.44490135672387
 20
18.651758344149933
 30
0.0
 40
0.125
100
AcDbArc
 50
-159.25074325369803
 51
20.749256746301967
  0
ARC
  5
23C
330
17
100
AcDbEntity
  8
SLOTS
100
AcDbCircle
 10
15.87063112557836
 20
22.807136290686554
 30
0.0
 40
0.125
100
AcDbArc
 50
20.749256746301967
 51
200.74925674630197
  0
LINE
  5
23D
330
17
100
AcDbEntity
  8
SLOTS
100
AcDbLine
 10
17.291486634533673
 20
21.526510955226613
 30
0.0
 11
18.247755785958724
 21
19.00238284547157
 31
0.0
  0
LINE
  5
23E
330
17
100
AcDbEntity
  8
SLOTS
100
AcDbLine
 10
18.013970834571197
 20
18.913813118675495
 30
0.0
 11
17.057701683146146
 21
21.43794122843054
 31
0.0
  0
ARC
  5
23F
330
17
100
AcDbEntity
  8
SLOTS
100
AcDbCircle
 10
18.13086331026496
 20
18.958097982073532
 30
0.0
 40
0.125
100
AcDbArc
 50
-159.2507432536981
 51
20.749256746301924
  0
ARC
  5
240
330
17
100
AcDbEntity
  8
SLOTS
100
AcDbCircle
 10
17.17459415883991
 20
21.482226091828576
 30
0.0
 40
0.125
100
AcDbArc
 50
20.749256746301924
 51
200.7492567463019
  0
LINE
  5
241
330
17
100
AcDbEntity
  8
SLOTS
100
AcDbLine
 10
18.595449667795233
 20
20.201600756368627
 30
0.0
 11
18.93371773949982
 21
19.308722483395176
 31
0.0
  0
LINE
  5
242
330
17
100
AcDbEntity
  8
SLOTS
100
AcDbLine
 10
18.699932788112292
 20
19.220152756599102
 30
0.0
 11
18.361664716407706
 21
20.113031029572554
 31
0.0
  0
ARC
  5
243
330
17
100
AcDbEntity
  8
SLOTS
100
AcDbCircle
 10
18.816825263806056
 20
19.26443761999714
 30
0.0
 40
0.125
100
AcDbArc
 50
-159.2507432536982
 51
20.749256746301796
  0
ARC
  5
244
330
17
100
AcDbEntity
  8
SLOTS
100
AcDbCircle
 10
18.47855719210147
 20
20.15731589297059
 30
0.0
 40
0.125
100
AcDbArc
 50
20.749256746301796
 51
200.7492567463018
  0
LINE
  5
245
330
17
100
AcDbEntity
  8
SLOTS
100
AcDbLine
 10
6.126676772825097
 20
15.489410444850728
 30
0.0
 11
6.036475673557903
 21
15.331457997059324
 31
0.0
  0
LINE
  5
246
330
17
100
AcDbEntity
  8
SLOTS
100
AcDbLine
 10
5.819380886725965
 20
15.455433210430368
 30
0.0
 11
5.909581985993159
 21
15.613385658221771
 31
0.0
  0
ARC
  5
247
330
17
100
AcDbEntity
  8
SLOTS
100
AcDbCircle
 10
5.927928280141934
 20
15.393445603744846
 30
0.0
 40
0.125
100
AcDbArc
 50
-209.72917119306214
 51
-29.729171193062143
  0
ARC
  5
248
330
17
100
AcDbEntity
  8
SLOTS
100
AcDbCircle
 10
6.018129379409128
 20
15.55139805153625
 30
0.0
 40
0.125
100
AcDbArc
 50
-29.729171193062143
 51
150.27082880693786
  0
LINE
  5
249
330
17
100
AcDbEntity
  8
SLOTS
100
AcDbLine
 10
6.874385272756507
 20
15.286334508053482
 30
0.0
 11
5.997251608322918
 21
13.75037307894573
 31
0.0
  0
LINE
  5
24A
330
17
100
AcDbEntity
  8
SLOTS
100
AcDbLine
 10
5.78015682149098
 20
13.874348292316773
 30
0.0
 11
6.65729048592457
 21
15.410309721424525
 31
0.0
  0
ARC
  5
24B
330
17
100
AcDbEntity
  8
SLOTS
100
AcDbCircle
 10
5.888704214906949
 20
13.812360685631251
 30
0.0
 40
0.125
100
AcDbArc
 50
-209.72917119306214
 51
-29.72917119306213
  0
ARC
  5
24C
330
17
100
AcDbEntity
  8
SLOTS
100
AcDbCircle
 10
6.7658378793405385
 20
15.348322114739004
 30
0.0
 40
0.125
100
AcDbArc
 50
-29.72917119306213
 51
150.27082880693786
  0
LINE
  5
24D
330
17
100
AcDbEntity
  8
SLOTS
100
AcDbLine
 10
7.622093772687918
 20
15.083258571256236
 30
0.0
 11
5.958027543087932
 21
12.169288160832133
 31
0.0
  0
LINE
  5
24E
330
17
100
AcDbEntity
  8
SLOTS
100
AcDbLine
 10
5.740932756255995
 20
12.293263374203176
 30
0.0
 11
7.40499898585598
 21
15.20723378462728
 31
0.0
  0
ARC
  5
24F
330
17
100
AcDbEntity
  8
SLOTS
100
AcDbCircle
 10
5.8494801496719635
 20
12.231275767517655
 30
0.0
 40
0.125
100
AcDbArc
 50
-209.7291711930621
 51
-29.7291711930621
  0
ARC
  5
250
330
17
100
AcDbEntity
  8
SLOTS
100
AcDbCircle
 10
7.513546379271949
 20
15.145246177941758
 30
0.0
 40
0.125
100
AcDbArc
 50
-29.7291711930621
 51
150.2708288069379
  0
LINE
  5
251
330
17
100
AcDbEntity
  8
SLOTS
100
AcDbLine
 10
8.369802272619326
 20
14.88018263445899
 30
0.0
 11
6.666135336921273
 21
11.896866855593988
 31
0.0
  0
LINE
  5
252
330
17
100
AcDbEntity
  8
SLOTS
100
AcDbLine
 10
6.449040550089335
 20
12.020842068965031
 30
0.0
 11
8.15270748578739
 21
15.004157847830033
 31
0.0
  0
ARC
  5
253
330
17
100
AcDbEntity
  8
SLOTS
100
AcDbCircle
 10
6.557587943505304
 20
11.95885446227951
 30
0.0
 40
0.125
100
AcDbArc
 50
-209.72917119306214
 51
-29.72917119306213
  0
ARC
  5
254
330
17
100
AcDbEntity
  8
SLOTS
100
AcDbCircle
 10
8.261254879203358
 20
14.942170241144511
 30
0.0
 40
0.125
100
AcDbArc
 50
-29.72917119306213
 51
150.27082880693786
  0
LINE
  5
255
330
17
100
AcDbEntity
  8
SLOTS
100
AcDbLine
 10
9.117510772550734
 20
14.677106697661744
 30
0.0
 11
7.383020250652423
 21
11.63981529178561
 31
0.0
  0
LINE
  5
256
330
17
100
AcDbEntity
  8
SLOTS
100
AcDbLine
 10
7.165925463820486
 20
11.763790505156653
 30
0.0
 11
8.900415985718798
 21
14.801081911032787
 31
0.0
  0
ARC
  5
257
330
17
100
AcDbEntity
  8
SLOTS
100
AcDbCircle
 10
7.2744728572364545
 20
11.701802898471131
 30
0.0
 40
0.125
100
AcDbArc
 50
-209.7291711930621
 51
-29.7291711930621
  0
ARC
  5
258
330
17
100
AcDbEntity
  8
SLOTS
100
AcDbCircle
 10
9.008963379134766
 20
14.739094304347265
 30
0.0
 40
0.125
100
AcDbArc
 50
-29.7291711930621
 51
150.2708288069379
  0
LINE
  5
259
330
17
100
AcDbEntity
  8
SLOTS
100
AcDbLine
 10
9.865219272482145
 20
14.474030760864498
 30
0.0
 11
8.099905164383575
 21
11.38276372797723
 31
0.0
  0
LINE
  5
25A
330
17
100
AcDbEntity
  8
SLOTS
100
AcDbLine
 10
7.882810377551637
 20
11.506738941348273
 30
0.0
 11
9.648124485650209
 21
14.59800597423554
 31
0.0
  0
ARC
  5
25B
330
17
100
AcDbEntity
  8
SLOTS
100
AcDbCircle
 10
7.991357770967606
 20
11.444751334662751
 30
0.0
 40
0.125
100
AcDbArc
 50
-209.7291711930621
 51
-29.7291711930621
  0
ARC
  5
25C
330
17
100
AcDbEntity
  8
SLOTS
100
AcDbCircle
 10
9.756671879066177
 20
14.53601836755002
 30
0.0
 40
0.125
100
AcDbArc
 50
-29.7291711930621
 51
150.2708288069379
  0
LINE
  5
25D
330
17
100
AcDbEntity
  8
SLOTS
100
AcDbLine
 10
10.612927772413553
 20
14.270954824067251
 30
0.0
 11
8.816790078114725
 21
11.125712164168851
 31
0.0
  0
LINE
  5
25E
330
17
100
AcDbEntity
  8
SLOTS
100
AcDbLine
 10
8.599695291282789
 20
11.249687377539894
 30
0.0
 11
10.395832985581617
 21
14.394930037438295
 31
0.0
  0
ARC
  5
25F
330
17
100
AcDbEntity
  8
SLOTS
100
AcDbCircle
 10
8.708242684698757
 20
11.187699770854373
 30
0.0
 40
0.125
100
AcDbArc
 50
-209.7291711930621
 51
-29.7291711930621
  0
ARC
  5
260
330
17
100
AcDbEntity
  8
SLOTS
100
AcDbCircle
 10
10.504380378997585
 20
14.332942430752773
 30
0.0
 40
0.125
100
AcDbArc
 50
-29.7291711930621
 51
150.2708288069379
  0
LINE
  5
261
330
17
100
AcDbEntity
  8
SLOTS
100
AcDbLine
 10
11.360636272344962
 20
14.067878887270005
 30
0.0
 11
9.533674991845874
 21
10.868660600360473
 31
0.0
  0
LINE
  5
262
330
17
100
AcDbEntity
  8
SLOTS
100
AcDbLine
 10
9.316580205013938
 20
10.992635813731516
 30
0.0
 11
11.143541485513026
 21
14.191854100641049
 31
0.0
  0
ARC
  5
263
330
17
100
AcDbEntity
  8
SLOTS
100
AcDbCircle
 10
9.425127598429906
 20
10.930648207045994
 30
0.0
 40
0.125
100
AcDbArc
 50
-209.7291711930621
 51
-29.7291711930621
  0
ARC
  5
264
330
17
100
AcDbEntity
  8
SLOTS
100
AcDbCircle
 10
11.252088878928994
 20
14.129866493955527
 30
0.0
 40
0.125
100
AcDbArc
 50
-29.7291711930621
 51
150.2708288069379
  0
LINE
  5
265
330
17
100
AcDbEntity
  8
SLOTS
100
AcDbLine
 10
12.108344772276373
 20
13.86480295047276
 30
0.0
 11
10.250559905577026
 21
10.611609036552093
 31
0.0
  0
LINE
  5
266
330
17
100
AcDbEntity
  8
SLOTS
100
AcDbLine
 10
10.03346511874509
 20
10.735584249923136
 30
0.0
 11
11.891249985444437
 21
13.988778163843802
 31
0.0
  0
ARC
  5
267
330
17
100
AcDbEntity
  8
SLOTS
100
AcDbCircle
 10
10.142012512161058
 20
10.673596643237614
 30
0.0
 40
0.125
100
AcDbArc
 50
-209.7291711930621
 51
-29.7291711930621
  0
ARC
  5
268
330
17
100
AcDbEntity
  8
SLOTS
100
AcDbCircle
 10
11.999797378860405
 20
13.92679055715828
 30
0.0
 40
0.125
100
AcDbArc
 50
-29.7291711930621
 51
150.2708288069379
  0
LINE
  5
269
330
17
100
AcDbEntity
  8
SLOTS
100
AcDbLine
 10
12.856053272207783
 20
13.661727013675513
 30
0.0
 11
10.967444819308175
 21
10.354557472743714
 31
0.0
  0
LINE
  5
26A
330
17
100
AcDbEntity
  8
SLOTS
100
AcDbLine
 10
10.75035003247624
 20
10.478532686114757
 30
0.0
 11
12.638958485375847
 21
13.785702227046556
 31
0.0
  0
ARC
  5
26B
330
17
100
AcDbEntity
  8
SLOTS
100
AcDbCircle
 10
10.858897425892208
 20
10.416545079429236
 30
0.0
 40
0.125
100
AcDbArc
 50
-209.72917119306214
 51
-29.72917119306213
  0
ARC
  5
26C
330
17
100
AcDbEntity
  8
SLOTS
100
AcDbCircle
 10
12.747505878791815
 20
13.723714620361035
 30
0.0
 40
0.125
100
AcDbArc
 50
-29.72917119306213
 51
150.27082880693786
  0
LINE
  5
26D
330
17
100
AcDbEntity
  8
SLOTS
100
AcDbLine
 10
13.603761772139189
 20
13.458651076878267
 30
0.0
 11
11.684329733039325
 21
10.097505908935336
 31
0.0
  0
LINE
  5
26E
330
17
100
AcDbEntity
  8
SLOTS
100
AcDbLine
 10
11.46723494620739
 20
10.221481122306379
 30
0.0
 11
13.386666985307253
 21
13.58262629024931
 31
0.0
  0
ARC
  5
26F
330
17
100
AcDbEntity
  8
SLOTS
100
AcDbCircle
 10
11.575782339623357
 20
10.159493515620857
 30
0.0
 40
0.125
100
AcDbArc
 50
-209.7291711930621
 51
-29.7291711930621
  0
ARC
  5
270
330
17
100
AcDbEntity
  8
SLOTS
100
AcDbCircle
 10
13.49521437872322
 20
13.520638683563789
 30
0.0
 40
0.125
100
AcDbArc
 50
-29.7291711930621
 51
150.2708288069379
  0
LINE
  5
271
330
17
100
AcDbEntity
  8
SLOTS
100
AcDbLine
 10
13.759333670410438
 20
12.218676184093212
 30
0.0
 11
13.088693624967945
 21
11.044308713794468
 31
0.0
  0
LINE
  5
272
330
17
100
AcDbEntity
  8
SLOTS
100
AcDbLine
 10
12.87159883813601
 20
11.168283927165511
 30
0.0
 11
13.542238883578502
 21
12.342651397464255
 31
0.0
  0
ARC
  5
273
330
17
100
AcDbEntity
  8
SLOTS
100
AcDbCircle
 10
12.980146231551977
 20
11.10629632047999
 30
0.0
 40
0.125
100
AcDbArc
 50
-209.72917119306203
 51
-29.729171193062044
  0
ARC
  5
274
330
17
100
AcDbEntity
  8
SLOTS
100
AcDbCircle
 10
13.65078627699447
 20
12.280663790778734
 30
0.0
 40
0.125
100
AcDbArc
 50
-29.729171193062044
 51
150.27082880693797
  0
LINE
  5
275
330
17
100
AcDbEntity
  8
SLOTS
100
AcDbLine
 10
2.4739873038643734
 20
10.34595094684016
 30
0.0
 11
3.5411477793983517
 21
10.531297705529935
 31
0.0
  0
LINE
  5
276
330
17
100
AcDbEntity
  8
SLOTS
100
AcDbLine
 10
3.5839278770605327
 20
10.284985173887685
 30
0.0
 11
2.5167674015265544
 21
10.09963841519791
 31
0.0
  0
ARC
  5
277
330
17
100
AcDbEntity
  8
SLOTS
100
AcDbCircle
 10
3.562537828229442
 20
10.40814143970881
 30
0.0
 40
0.125
100
AcDbArc
 50
-80.14703268332468
 51
99.85296731667532
  0
ARC
  5
278
330
17
100
AcDbEntity
  8
SLOTS
100
AcDbCircle
 10
2.495377352695464
 20
10.222794681019035
 30
0.0
 40
0.125
100
AcDbArc
 50
99.85296731667532
 51
279.85296731667535
  0
LINE
  5
279
330
17
100
AcDbEntity
  8
SLOTS
100
AcDbLine
 10
1.8435946352594539
 20
10.997690990277
 30
0.0
 11
4.360025536360619
 21
11.434750197096399
 31
0.0
  0
LINE
  5
27A
330
17
100
AcDbEntity
  8
SLOTS
100
AcDbLine
 10
4.4028056340228
 20
11.188437665454149
 30
0.0
 11
1.8863747329216354
 21
10.75137845863475
 31
0.0
  0
ARC
  5
27B
330
17
100
AcDbEntity
  8
SLOTS
100
AcDbCircle
 10
4.38141558519171
 20
11.311593931275274
 30
0.0
 40
0.125
100
AcDbArc
 50
-80.14703268332464
 51
99.85296731667536
  0
ARC
  5
27C
330
17
100
AcDbEntity
  8
SLOTS
100
AcDbCircle
 10
1.8649846840905446
 20
10.874534724455875
 30
0.0
 40
0.125
100
AcDbArc
 50
99.85296731667536
 51
279.85296731667535
  0
LINE
  5
27D
330
17
100
AcDbEntity
  8
SLOTS
100
AcDbLine
 10
1.2746723391439725
 20
11.660107342064439
 30
0.0
 11
5.07701771782236
 21
12.320506979714484
 31
0.0
  0
LINE
  5
27E
330
17
100
AcDbEntity
  8
SLOTS
100
AcDbLine
 10
5.119797815484541
 20
12.074194448072234
 30
0.0
 11
1.3174524368061544
 21
11.41379481042219
 31
0.0
  0
ARC
  5
27F
330
17
100
AcDbEntity
  8
SLOTS
100
AcDbCircle
 10
5.098407766653451
 20
12.197350713893359
 30
0.0
 40
0.125
100
AcDbArc
 50
-80.14703268332461
 51
99.85296731667539
  0
ARC
  5
280
330
17
100
AcDbEntity
  8
SLOTS
100
AcDbCircle
 10
1.2960623879750635
 20
11.536951076243314
 30
0.0
 40
0.125
100
AcDbArc
 50
99.85296731667539
 51
279.8529673166754
  0
LINE
  5
281
330
17
100
AcDbEntity
  8
SLOTS
100
AcDbLine
 10
1.103609951168909
 20
12.391624870363817
 30
0.0
 11
5.095984230512293
 21
13.085029141902702
 31
0.0
  0
LINE
  5
282
330
17
100
AcDbEntity
  8
SLOTS
100
AcDbLine
 10
5.138764328174474
 20
12.838716610260452
 30
0.0
 11
1.146390048831091
 21
12.145312338721567
 31
0.0
  0
ARC
  5
283
330
17
100
AcDbEntity
  8
SLOTS
100
AcDbCircle
 10
5.117374279343384
 20
12.961872876081577
 30
0.0
 40
0.125
100
AcDbArc
 50
-80.14703268332461
 51
99.85296731667539
  0
ARC
  5
284
330
17
100
AcDbEntity
  8
SLOTS
100
AcDbCircle
 10
1.125
 20
12.268468604542692
 30
0.0
 40
0.125
100
AcDbArc
 50
99.85296731667539
 51
279.8529673166754
  0
LINE
  5
285
330
17
100
AcDbEntity
  8
SLOTS
100
AcDbLine
 10
1.1036099511689093
 20
13.152852887265247
 30
0.0
 11
5.114950743202226
 21
13.84955130409092
 31
0.0
  0
LINE
  5
286
330
17
100
AcDbEntity
  8
SLOTS
100
AcDbLine
 10
5.157730840864407
 20
13.60323877244867
 30
0.0
 11
1.1463900488310907
 21
12.906540355622997
 31
0.0
  0
ARC
  5
287
330
17
100
AcDbEntity
  8
SLOTS
100
AcDbCircle
 10
5.136340792033317
 20
13.726395038269795
 30
0.0
 40
0.125
100
AcDbArc
 50
-80.14703268332462
 51
99.85296731667538
  0
ARC
  5
288
330
17
100
AcDbEntity
  8
SLOTS
100
AcDbCircle
 10
1.125
 20
13.029696621444122
 30
0.0
 40
0.125
100
AcDbArc
 50
99.85296731667538
 51
279.8529673166754
  0
LINE
  5
289
330
17
100
AcDbEntity
  8
SLOTS
100
AcDbLine
 10
1.103609951168909
 20
13.914080904166674
 30
0.0
 11
5.133917255892158
 21
14.614073466279136
 31
0.0
  0
LINE
  5
28A
330
17
100
AcDbEntity
  8
SLOTS
100
AcDbLine
 10
5.1766973535543395
 20
14.367760934636886
 30
0.0
 11
1.146390048831091
 21
13.667768372524424
 31
0.0
  0
ARC
  5
28B
330
17
100
AcDbEntity
  8
SLOTS
100
AcDbCircle
 10
5.155307304723249
 20
14.49091720045801
 30
0.0
 40
0.125
100
AcDbArc
 50
-80.14703268332462
 51
99.85296731667538
  0
ARC
  5
28C
330
17
100
AcDbEntity
  8
SLOTS
100
AcDbCircle
 10
1.125
 20
13.79092463834555
 30
0.0
 40
0.125
100
AcDbArc
 50
99.85296731667538
 51
279.8529673166754
  0
LINE
  5
28D
330
17
100
AcDbEntity
  8
SLOTS
100
AcDbLine
 10
1.103609951168909
 20
14.675308921068103
 30
0.0
 11
5.152883768582091
 21
15.378595628467354
 31
0.0
  0
LINE
  5
28E
330
17
100
AcDbEntity
  8
SLOTS
100
AcDbLine
 10
5.1956638662442725
 20
15.132283096825104
 30
0.0
 11
1.146390048831091
 21
14.428996389425853
 31
0.0
  0
ARC
  5
28F
330
17
100
AcDbEntity
  8
SLOTS
100
AcDbCircle
 10
5.174273817413182
 20
15.255439362646229
 30
0.0
 40
0.125
100
AcDbArc
 50
-80.14703268332461
 51
99.85296731667539
  0
ARC
  5
290
330
17
100
AcDbEntity
  8
SLOTS
100
AcDbCircle
 10
1.125
 20
14.552152655246978
 30
0.0
 40
0.125
100
AcDbArc
 50
99.85296731667539
 51
279.8529673166754
  0
LINE
  5
291
330
17
100
AcDbEntity
  8
SLOTS
100
AcDbLine
 10
1.103609951168909
 20
15.436536937969532
 30
0.0
 11
5.167991928261163
 21
16.14244766349022
 31
0.0
  0
LINE
  5
292
330
17
100
AcDbEntity
  8
SLOTS
100
AcDbLine
 10
5.210772025923344
 20
15.896135131847972
 30
0.0
 11
1.146390048831091
 21
15.190224406327282
 31
0.0
  0
ARC
  5
293
330
17
100
AcDbEntity
  8
SLOTS
100
AcDbCircle
 10
5.189381977092253
 20
16.019291397669097
 30
0.0
 40
0.125
100
AcDbArc
 50
-80.1470326833246
 51
99.8529673166754
  0
ARC
  5
294
330
17
100
AcDbEntity
  8
SLOTS
100
AcDbCircle
 10
1.125
 20
15.313380672148407
 30
0.0
 40
0.125
100
AcDbArc
 50
99.8529673166754
 51
279.8529673166754
  0
LINE
  5
295
330
17
100
AcDbEntity
  8
SLOTS
100
AcDbLine
 10
1.103609951168909
 20
16.19776495487096
 30
0.0
 11
4.798302362094448
 21
16.839467190308522
 31
0.0
  0
LINE
  5
296
330
17
100
AcDbEntity
  8
SLOTS
100
AcDbLine
 10
4.841082459756631
 20
16.593154658666275
 30
0.0
 11
1.146390048831091
 21
15.95145242322871
 31
0.0
  0
ARC
  5
297
330
17
100
AcDbEntity
  8
SLOTS
100
AcDbCircle
 10
4.81969241092554
 20
16.7163109244874
 30
0.0
 40
0.125
100
AcDbArc
 50
-80.14703268332457
 51
99.85296731667543
  0
ARC
  5
298
330
17
100
AcDbEntity
  8
SLOTS
100
AcDbCircle
 10
1.125
 20
16.074608689049835
 30
0.0
 40
0.125
100
AcDbArc
 50
99.85296731667543
 51
279.85296731667546
  0
LINE
  5
299
330
17
100
AcDbEntity
  8
SLOTS
100
AcDbLine
 10
1.103609951168909
 20
16.958992971772386
 30
0.0
 11
3.968788407440279
 21
17.456623414534008
 31
0.0
  0
LINE
  5
29A
330
17
100
AcDbEntity
  8
SLOTS
100
AcDbLine
 10
4.011568505102461
 20
17.21031088289176
 30
0.0
 11
1.146390048831091
 21
16.71268044013014
 31
0.0
  0
ARC
  5
29B
330
17
100
AcDbEntity
  8
SLOTS
100
AcDbCircle
 10
3.99017845627137
 20
17.333467148712884
 30
0.0
 40
0.125
100
AcDbArc
 50
-80.14703268332458
 51
99.85296731667542
  0
ARC
  5
29C
330
17
100
AcDbEntity
  8
SLOTS
100
AcDbCircle
 10
1.125
 20
16.835836705951262
 30
0.0
 40
0.125
100
AcDbArc
 50
99.85296731667542
 51
279.8529673166754
  0
LINE
  5
29D
330
17
100
AcDbEntity
  8
SLOTS
100
AcDbLine
 10
1.1036099511689093
 20
17.720220988673816
 30
0.0
 11
1.3719659162521738
 21
17.766829637929085
 31
0.0
  0
LINE
  5
29E
330
17
100
AcDbEntity
  8
SLOTS
100
AcDbLine
 10
1.4147460139143553
 20
17.52051710628684
 30
0.0
 11
1.1463900488310907
 21
17.47390845703157
 31
0.0
  0
ARC
  5
29F
330
17
100
AcDbEntity
  8
SLOTS
100
AcDbCircle
 10
1.3933559650832645
 20
17.643673372107962
 30
0.0
 40
0.125
100
AcDbArc
 50
-80.14703268332471
 51
99.85296731667529
  0
ARC
  5
2A0
330
17
100
AcDbEntity
  8
SLOTS
100
AcDbCircle
 10
1.125
 20
17.597064722852693
 30
0.0
 40
0.125
100
AcDbArc
 50
99.85296731667529
 51
279.8529673166753
  0
LINE
  5
2A1
330
17
100
AcDbEntity
  8
SLOTS
100
AcDbLine
 10
11.217340291259285
 20
21.097540753926914
 30
0.0
 11
10.776629438398567
 21
21.220226360783542
 31
0.0
  0
LINE
  5
2A2
330
17
100
AcDbEntity
  8
SLOTS
100
AcDbLine
 10
10.843675308152369
 20
21.461068324213834
 30
0.0
 11
11.284386161013087
 21
21.338382717357206
 31
0.0
  0
ARC
  5
2A3
330
17
100
AcDbEntity
  8
SLOTS
100
AcDbCircle
 10
10.810152373275468
 20
21.340647342498688
 30
0.0
 40
0.125
100
AcDbArc
 50
74.4437981808743
 51
254.4437981808743
  0
ARC
  5
2A4
330
17
100
AcDbEntity
  8
SLOTS
100
AcDbCircle
 10
11.250863226136186
 20
21.21796173564206
 30
0.0
 40
0.125
100
AcDbArc
 50
254.4437981808743
 51
434.4437981808743
  0
LINE
  5
2A5
330
17
100
AcDbEntity
  8
SLOTS
100
AcDbLine
 10
11.558758009264622
 20
20.223977671910585
 30
0.0
 11
8.117946128094752
 21
21.181834940413633
 31
0.0
  0
LINE
  5
2A6
330
17
100
AcDbEntity
  8
SLOTS
100
AcDbLine
 10
8.184991997848554
 20
21.422676903843925
 30
0.0
 11
11.625803879018424
 21
20.464819635340877
 31
0.0
  0
ARC
  5
2A7
330
17
100
AcDbEntity
  8
SLOTS
100
AcDbCircle
 10
8.151469062971653
 20
21.30225592212878
 30
0.0
 40
0.125
100
AcDbArc
 50
74.44379818087444
 51
254.44379818087444
  0
ARC
  5
2A8
330
17
100
AcDbEntity
  8
SLOTS
100
AcDbCircle
 10
11.592280944141523
 20
20.34439865362573
 30
0.0
 40
0.125
100
AcDbArc
 50
254.44379818087444
 51
434.4437981808744
  0
LINE
  5
2A9
330
17
100
AcDbEntity
  8
SLOTS
100
AcDbLine
 10
11.51991284739475
 20
19.456272618757648
 30
0.0
 11
7.554667759152589
 21
20.56012222179884
 31
0.0
  0
LINE
  5
2AA
330
17
100
AcDbEntity
  8
SLOTS
100
AcDbLine
 10
7.621713628906391
 20
20.80096418522913
 30
0.0
 11
11.586958717148551
 21
19.69711458218794
 31
0.0
  0
ARC
  5
2AB
330
17
100
AcDbEntity
  8
SLOTS
100
AcDbCircle
 10
7.58819069402949
 20
20.680543203513984
 30
0.0
 40
0.125
100
AcDbArc
 50
74.44379818087438
 51
254.44379818087438
  0
ARC
  5
2AC
330
17
100
AcDbEntity
  8
SLOTS
100
AcDbCircle
 10
11.55343578227165
 20
19.576693600472794
 30
0.0
 40
0.125
100
AcDbArc
 50
254.44379818087438
 51
434.4437981808744
  0
LINE
  5
2AD
330
17
100
AcDbEntity
  8
SLOTS
100
AcDbLine
 10
10.379602303389639
 20
18.995194797409088
 30
0.0
 11
7.090285897513531
 21
19.91087857687323
 31
0.0
  0
LINE
  5
2AE
330
17
100
AcDbEntity
  8
SLOTS
100
AcDbLine
 10
7.1573317672673324
 20
20.151720540303522
 30
0.0
 11
10.44664817314344
 21
19.23603676083938
 31
0.0
  0
ARC
  5
2AF
330
17
100
AcDbEntity
  8
SLOTS
100
AcDbCircle
 10
7.123808832390432
 20
20.031299558588376
 30
0.0
 40
0.125
100
AcDbArc
 50
74.44379818087444
 51
254.44379818087444
  0
ARC
  5
2B0
330
17
100
AcDbEntity
  8
SLOTS
100
AcDbCircle
 10
10.41312523826654
 20
19.115615779124234
 30
0.0
 40
0.125
100
AcDbArc
 50
254.44379818087444
 51
434.4437981808744
  0
LINE
  5
2B1
330
17
100
AcDbEntity
  8
SLOTS
100
AcDbLine
 10
9.23929175938453
 20
18.534116976060528
 30
0.0
 11
6.6259040358744725
 21
19.261634931947626
 31
0.0
  0
LINE
  5
2B2
330
17
100
AcDbEntity
  8
SLOTS
100
AcDbLine
 10
6.692949905628274
 20
19.502476895377917
 30
0.0
 11
9.306337629138332
 21
18.77495893949082
 31
0.0
  0
ARC
  5
2B3
330
17
100
AcDbEntity
  8
SLOTS
100
AcDbCircle
 10
6.659426970751373
 20
19.38205591366277
 30
0.0
 40
0.125
100
AcDbArc
 50
74.44379818087441
 51
254.4437981808744
  0
ARC
  5
2B4
330
17
100
AcDbEntity
  8
SLOTS
100
AcDbCircle
 10
9.272814694261431
 20
18.654537957775673
 30
0.0
 40
0.125
100
AcDbArc
 50
254.4437981808744
 51
434.4437981808744
  0
LINE
  5
2B5
330
17
100
AcDbEntity
  8
SLOTS
100
AcDbLine
 10
8.09898121537942
 20
18.073039154711967
 30
0.0
 11
6.161522174235414
 21
18.61239128702202
 31
0.0
  0
LINE
  5
2B6
330
17
100
AcDbEntity
  8
SLOTS
100
AcDbLine
 10
6.228568043989216
 20
18.853233250452313
 30
0.0
 11
8.166027085133221
 21
18.31388111814226
 31
0.0
  0
ARC
  5
2B7
330
17
100
AcDbEntity
  8
SLOTS
100
AcDbCircle
 10
6.195045109112315
 20
18.732812268737167
 30
0.0
 40
0.125
100
AcDbArc
 50
74.44379818087438
 51
254.44379818087438
  0
ARC
  5
2B8
330
17
100
AcDbEntity
  8
SLOTS
100
AcDbCircle
 10
8.13250415025632
 20
18.193460136427113
 30
0.0
 40
0.125
100
AcDbArc
 50
254.44379818087438
 51
434.4437981808744
  0
LINE
  5
2B9
330
17
100
AcDbEntity
  8
SLOTS
100
AcDbLine
 10
6.9586706713743025
 20
17.611961333363407
 30
0.0
 11
5.697140312596353
 21
17.963147642096413
 31
0.0
  0
LINE
  5
2BA
330
17
100
AcDbEntity
  8
SLOTS
100
AcDbLine
 10
5.764186182350155
 20
18.203989605526704
 30
0.0
 11
7.025716541128104
 21
17.8528032967937
 31
0.0
  0
ARC
  5
2BB
330
17
100
AcDbEntity
  8
SLOTS
100
AcDbCircle
 10
5.730663247473254
 20
18.08356862381156
 30
0.0
 40
0.125
100
AcDbArc
 50
74.44379818087444
 51
254.44379818087444
  0
ARC
  5
2BC
330
17
100
AcDbEntity
  8
SLOTS
100
AcDbCircle
 10
6.992193606251203
 20
17.732382315078553
 30
0.0
 40
0.125
100
AcDbArc
 50
254.44379818087444
 51
434.4437981808744
  0
LINE
  5
2BD
330
17
100
AcDbEntity
  8
SLOTS
100
AcDbLine
 10
5.818360127369193
 20
17.150883512014847
 30
0.0
 11
5.232758450957296
 21
17.313903997170804
 31
0.0
  0
LINE
  5
2BE
330
17
100
AcDbEntity
  8
SLOTS
100
AcDbLine
 10
5.299804320711096
 20
17.554745960601096
 30
0.0
 11
5.885405997122993
 21
17.39172547544514
 31
0.0
  0
ARC
  5
2BF
330
17
100
AcDbEntity
  8
SLOTS
100
AcDbCircle
 10
5.266281385834196
 20
17.43432497888595
 30
0.0
 40
0.125
100
AcDbArc
 50
74.4437981808747
 51
254.4437981808747
  0
ARC
  5
2C0
330
17
100
AcDbEntity
  8
SLOTS
100
AcDbCircle
 10
5.851883062246093
 20
17.271304493729993
 30
0.0
 40
0.125
100
AcDbArc
 50
254.4437981808747
 51
434.4437981808747
  0
LINE
  5
2C1
330
17
100
AcDbEntity
  8
SLOTS
100
AcDbLine
 10
19.391318635275073
 20
29.787588156650447
 30
0.0
 11
19.36178004631479
 21
29.757393204570672
 31
0.0
  0
LINE
  5
2C2
330
17
100
AcDbEntity
  8
SLOTS
100
AcDbLine
 10
19.183071684538035
 20
29.93221689126978
 30
0.0
 11
19.212610273498317
 21
29.962411843349553
 31
0.0
  0
ARC
  5
2C3
330
17
100
AcDbEntity
  8
SLOTS
100
AcDbCircle
 10
19.272425865426413
 20
29.844805047920225
 30
0.0
 40
0.125
100
AcDbArc
 50
-224.3704487884398
 51
-44.3704487884398
  0
ARC
  5
2C4
330
17
100
AcDbEntity
  8
SLOTS
100
AcDbCircle
 10
19.301964454386695
 20
29.875
 30
0.0
 40
0.125
100
AcDbArc
 50
-44.3704487884398
 51
135.6295512115602
  0
LINE
  5
2C5
330
17
100
AcDbEntity
  8
SLOTS
100
AcDbLine
 10
20.44051408497779
 20
29.787588156650447
 30
0.0
 11
20.202594549462226
 21
29.54438192281869
 31
0.0
  0
LINE
  5
2C6
330
17
100
AcDbEntity
  8
SLOTS
100
AcDbLine
 10
20.02388618768547
 20
29.719205609517797
 30
0.0
 11
20.261805723201032
 21
29.962411843349553
 31
0.0
  0
ARC
  5
2C7
330
17
100
AcDbEntity
  8
SLOTS
100
AcDbCircle
 10
20.113240368573848
 20
29.631793766168244
 30
0.0
 40
0.125
100
AcDbArc
 50
-224.3704487884407
 51
-44.37044878844071
  0
ARC
  5
2C8
330
17
100
AcDbEntity
  8
SLOTS
100
AcDbCircle
 10
20.35115990408941
 20
29.875
 30
0.0
 40
0.125
100
AcDbArc
 50
-44.37044878844071
 51
135.6295512115593
  0
LINE
  5
2C9
330
17
100
AcDbEntity
  8
SLOTS
100
AcDbLine
 10
21.4897095346805
 20
29.787588156650447
 30
0.0
 11
21.04340905260966
 21
29.33137064106671
 31
0.0
  0
LINE
  5
2CA
330
17
100
AcDbEntity
  8
SLOTS
100
AcDbLine
 10
20.864700690832905
 20
29.506194327765815
 30
0.0
 11
21.311001172903744
 21
29.962411843349553
 31
0.0
  0
ARC
  5
2CB
330
17
100
AcDbEntity
  8
SLOTS
100
AcDbCircle
 10
20.954054871721283
 20
29.418782484416262
 30
0.0
 40
0.125
100
AcDbArc
 50
-224.37044878844054
 51
-44.37044878844054
  0
ARC
  5
2CC
330
17
100
AcDbEntity
  8
SLOTS
100
AcDbCircle
 10
21.400355353792122
 20
29.875
 30
0.0
 40
0.125
100
AcDbArc
 50
-44.37044878844054
 51
135.62955121155946
  0
LINE
  5
2CD
330
17
100
AcDbEntity
  8
SLOTS
100
AcDbLine
 10
22.53890498438322
 20
29.787588156650447
 30
0.0
 11
22.11895319235843
 21
29.358304812985857
 31
0.0
  0
LINE
  5
2CE
330
17
100
AcDbEntity
  8
SLOTS
100
AcDbLine
 10
21.940244830581673
 20
29.533128499684963
 30
0.0
 11
22.360196622606463
 21
29.962411843349553
 31
0.0
  0
ARC
  5
2CF
330
17
100
AcDbEntity
  8
SLOTS
100
AcDbCircle
 10
22.02959901147005
 20
29.44571665633541
 30
0.0
 40
0.125
100
AcDbArc
 50
-224.37044878844054
 51
-44.37044878844054
  0
ARC
  5
2D0
330
17
100
AcDbEntity
  8
SLOTS
100
AcDbCircle
 10
22.44955080349484
 20
29.875
 30
0.0
 40
0.125
100
AcDbArc
 50
-44.37044878844054
 51
135.62955121155946
  0
LINE
  5
2D1
330
17
100
AcDbEntity
  8
SLOTS
100
AcDbLine
 10
21.139995383824004
 20
28.362518765392547
 30
0.0
 11
21.085238088447685
 21
28.545716790078238
 31
0.0
  0
LINE
  5
2D2
330
17
100
AcDbEntity
  8
SLOTS
100
AcDbLine
 10
21.324767268860978
 20
28.617311285191604
 30
0.0
 11
21.379524564237297
 21
28.434113260505914
 31
0.0
  0
ARC
  5
2D3
330
17
100
AcDbEntity
  8
SLOTS
100
AcDbCircle
 10
21.20500267865433
 20
28.58151403763492
 30
0.0
 40
0.125
100
AcDbArc
 50
16.641234716435306
 51
196.6412347164353
  0
ARC
  5
2D4
330
17
100
AcDbEntity
  8
SLOTS
100
AcDbCircle
 10
21.25975997403065
 20
28.39831601294923
 30
0.0
 40
0.125
100
AcDbArc
 50
196.6412347164353
 51
376.6412347164353
  0
LINE
  5
2D5
330
17
100
AcDbEntity
  8
SLOTS
100
AcDbLine
 10
20.807952534489065
 20
26.8544971183966
 30
0.0
 11
20.238322057339026
 21
28.760273828102026
 31
0.0
  0
LINE
  5
2D6
330
17
100
AcDbEntity
  8
SLOTS
100
AcDbLine
 10
20.47785123775231
 20
28.831868323215392
 30
0.0
 11
21.04748171490235
 21
26.926091613509968
 31
0.0
  0
ARC
  5
2D7
330
17
100
AcDbEntity
  8
SLOTS
100
AcDbCircle
 10
20.35808664754567
 20
28.79607107565871
 30
0.0
 40
0.125
100
AcDbArc
 50
16.641234716436017
 51
196.64123471643603
  0
ARC
  5
2D8
330
17
100
AcDbEntity
  8
SLOTS
100
AcDbCircle
 10
20.927717124695707
 20
26.890294365953284
 30
0.0
 40
0.125
100
AcDbArc
 50
196.64123471643603
 51
376.64123471643603
  0
LINE
  5
2D9
330
17
100
AcDbEntity
  8
SLOTS
100
AcDbLine
 10
20.475909685154118
 20
25.346475471400648
 30
0.0
 11
19.39140602623036
 21
28.974830866125817
 31
0.0
  0
LINE
  5
2DA
330
17
100
AcDbEntity
  8
SLOTS
100
AcDbLine
 10
19.630935206643645
 20
29.046425361239184
 30
0.0
 11
20.715438865567403
 21
25.418069966514015
 31
0.0
  0
ARC
  5
2DB
330
17
100
AcDbEntity
  8
SLOTS
100
AcDbCircle
 10
19.511170616437003
 20
29.0106281136825
 30
0.0
 40
0.125
100
AcDbArc
 50
16.641234716436017
 51
196.64123471643603
  0
ARC
  5
2DC
330
17
100
AcDbEntity
  8
SLOTS
100
AcDbCircle
 10
20.59567427536076
 20
25.38227271895733
 30
0.0
 40
0.125
100
AcDbArc
 50
196.64123471643603
 51
376.64123471643603
  0
LINE
  5
2DD
330
17
100
AcDbEntity
  8
SLOTS
100
AcDbLine
 10
20.079655467522347
 20
24.053281743744034
 30
0.0
 11
18.544489995121697
 21
29.18938790414961
 31
0.0
  0
LINE
  5
2DE
330
17
100
AcDbEntity
  8
SLOTS
100
AcDbLine
 10
18.784019175534983
 20
29.260982399262975
 30
0.0
 11
20.319184647935632
 21
24.1248762388574
 31
0.0
  0
ARC
  5
2DF
330
17
100
AcDbEntity
  8
SLOTS
100
AcDbCircle
 10
18.66425458532834
 20
29.22518515170629
 30
0.0
 40
0.125
100
AcDbArc
 50
16.64123471643603
 51
196.64123471643603
  0
ARC
  5
2E0
330
17
100
AcDbEntity
  8
SLOTS
100
AcDbCircle
 10
20.19942005772899
 20
24.089078991300717
 30
0.0
 40
0.125
100
AcDbArc
 50
196.64123471643603
 51
376.64123471643603
  0
LINE
  5
2E1
330
17
100
AcDbEntity
  8
SLOTS
100
AcDbLine
 10
19.006316068116508
 20
25.02536914424551
 30
0.0
 11
17.69757396401303
 21
29.403944942173396
 31
0.0
  0
LINE
  5
2E2
330
17
100
AcDbEntity
  8
SLOTS
100
AcDbLine
 10
17.937103144426317
 20
29.475539437286763
 30
0.0
 11
19.245845248529793
 21
25.096963639358876
 31
0.0
  0
ARC
  5
2E3
330
17
100
AcDbEntity
  8
SLOTS
100
AcDbCircle
 10
17.817338554219674
 20
29.43974218973008
 30
0.0
 40
0.125
100
AcDbArc
 50
16.641234716436045
 51
196.64123471643603
  0
ARC
  5
2E4
330
17
100
AcDbEntity
  8
SLOTS
100
AcDbCircle
 10
19.12608065832315
 20
25.061166391802193
 30
0.0
 40
0.125
100
AcDbArc
 50
196.64123471643603
 51
376.64123471643603
  0
LINE
  5
2E5
330
17
100
AcDbEntity
  8
SLOTS
100
AcDbLine
 10
17.93297666871067
 20
25.99745654474698
 30
0.0
 11
16.850657932904365
 21
29.618501980197188
 31
0.0
  0
LINE
  5
2E6
330
17
100
AcDbEntity
  8
SLOTS
100
AcDbLine
 10
17.09018711331765
 20
29.690096475310554
 30
0.0
 11
18.172505849123954
 21
26.069051039860348
 31
0.0
  0
ARC
  5
2E7
330
17
100
AcDbEntity
  8
SLOTS
100
AcDbCircle
 10
16.970422523111008
 20
29.65429922775387
 30
0.0
 40
0.125
100
AcDbArc
 50
16.64123471643603
 51
196.64123471643603
  0
ARC
  5
2E8
330
17
100
AcDbEntity
  8
SLOTS
100
AcDbCircle
 10
18.05274125891731
 20
26.033253792303665
 30
0.0
 40
0.125
100
AcDbArc
 50
196.64123471643603
 51
376.64123471643603
  0
LINE
  5
2E9
330
17
100
AcDbEntity
  8
SLOTS
100
AcDbLine
 10
16.859637269304837
 20
26.969543945248446
 30
0.0
 11
16.003741901795703
 21
29.83305901822098
 31
0.0
  0
LINE
  5
2EA
330
17
100
AcDbEntity
  8
SLOTS
100
AcDbLine
 10
16.243271082208988
 20
29.904653513334345
 30
0.0
 11
17.099166449718123
 21
27.041138440361813
 31
0.0
  0
ARC
  5
2EB
330
17
100
AcDbEntity
  8
SLOTS
100
AcDbCircle
 10
16.123506492002345
 20
29.868856265777662
 30
0.0
 40
0.125
100
AcDbArc
 50
16.64123471643603
 51
196.64123471643603
  0
ARC
  5
2EC
330
17
100
AcDbEntity
  8
SLOTS
100
AcDbCircle
 10
16.97940185951148
 20
27.00534119280513
 30
0.0
 40
0.125
100
AcDbArc
 50
196.64123471643603
 51
376.64123471643603
  0
LINE
  5
2ED
330
17
100
AcDbEntity
  8
SLOTS
100
AcDbLine
 10
15.786297869898997
 20
27.941631345749922
 30
0.0
 11
15.219119931205379
 21
29.839202752443317
 31
0.0
  0
LINE
  5
2EE
330
17
100
AcDbEntity
  8
SLOTS
100
AcDbLine
 10
15.458649111618668
 20
29.910797247556683
 30
0.0
 11
16.025827050312284
 21
28.01322584086329
 31
0.0
  0
ARC
  5
2EF
330
17
100
AcDbEntity
  8
SLOTS
100
AcDbCircle
 10
15.338884521412023
 20
29.875
 30
0.0
 40
0.125
100
AcDbArc
 50
16.641234716436017
 51
196.64123471643603
  0
ARC
  5
2F0
330
17
100
AcDbEntity
  8
SLOTS
100
AcDbCircle
 10
15.906062460105641
 20
27.977428593306605
 30
0.0
 40
0.125
100
AcDbArc
 50
196.64123471643603
 51
376.64123471643603
  0
LINE
  5
2F1
330
17
100
AcDbEntity
  8
SLOTS
100
AcDbLine
 10
14.712958470493165
 20
28.913718746251384
 30
0.0
 11
14.436334302846932
 21
29.839202752443313
 31
0.0
  0
LINE
  5
2F2
330
17
100
AcDbEntity
  8
SLOTS
100
AcDbLine
 10
14.67586348326022
 20
29.910797247556687
 30
0.0
 11
14.952487650906454
 21
28.985313241364757
 31
0.0
  0
ARC
  5
2F3
330
17
100
AcDbEntity
  8
SLOTS
100
AcDbCircle
 10
14.556098893053576
 20
29.875
 30
0.0
 40
0.125
100
AcDbArc
 50
16.64123471643606
 51
196.64123471643606
  0
ARC
  5
2F4
330
17
100
AcDbEntity
  8
SLOTS
100
AcDbCircle
 10
14.83272306069981
 20
28.94951599380807
 30
0.0
 40
0.125
100
AcDbArc
 50
196.64123471643606
 51
376.6412347164361
  0
LINE
  5
2F5
330
17
100
AcDbEntity
  8
SLOTS
100
AcDbLine
 10
29.296338334085217
 20
26.20806634896861
 30
0.0
 11
29.36294764748958
 21
26.61754866412972
 31
0.0
  0
LINE
  5
2F6
330
17
100
AcDbEntity
  8
SLOTS
100
AcDbLine
 10
29.609704298674448
 20
26.577409467625188
 30
0.0
 11
29.543094985270084
 21
26.167927152464078
 31
0.0
  0
ARC
  5
2F7
330
17
100
AcDbEntity
  8
SLOTS
100
AcDbCircle
 10
29.486325973082014
 20
26.597479065877454
 30
0.0
 40
0.125
100
AcDbArc
 50
-9.239215539735184
 51
170.7607844602648
  0
ARC
  5
2F8
330
17
100
AcDbEntity
  8
SLOTS
100
AcDbCircle
 10
29.41971665967765
 20
26.187996750716344
 30
0.0
 40
0.125
100
AcDbArc
 50
170.7607844602648
 51
350.7607844602648
  0
LINE
  5
2F9
330
17
100
AcDbEntity
  8
SLOTS
100
AcDbLine
 10
28.51515402030475
 20
26.076961950154274
 30
0.0
 11
29.136234637287398
 21
29.895069598252267
 31
0.0
  0
LINE
  5
2FA
330
17
100
AcDbEntity
  8
SLOTS
100
AcDbLine
 10
29.382991288472265
 20
29.854930401747733
 30
0.0
 11
28.761910671489616
 21
26.03682275364974
 31
0.0
  0
ARC
  5
2FB
330
17
100
AcDbEntity
  8
SLOTS
100
AcDbCircle
 10
29.25961296287983
 20
29.875
 30
0.0
 40
0.125
100
AcDbArc
 50
-9.2392155397348
 51
170.7607844602652
  0
ARC
  5
2FC
330
17
100
AcDbEntity
  8
SLOTS
100
AcDbCircle
 10
28.638532345897183
 20
26.056892351902007
 30
0.0
 40
0.125
100
AcDbArc
 50
170.7607844602652
 51
350.7607844602652
  0
LINE
  5
2FD
330
17
100
AcDbEntity
  8
SLOTS
100
AcDbLine
 10
27.73396970652428
 20
25.94585755133994
 30
0.0
 11
28.376376699924133
 21
29.895069598252267
 31
0.0
  0
LINE
  5
2FE
330
17
100
AcDbEntity
  8
SLOTS
100
AcDbLine
 10
28.623133351109
 20
29.854930401747733
 30
0.0
 11
27.98072635770915
 21
25.905718354835408
 31
0.0
  0
ARC
  5
2FF
330
17
100
AcDbEntity
  8
SLOTS
100
AcDbCircle
 10
28.499755025516567
 20
29.875
 30
0.0
 40
0.125
100
AcDbArc
 50
-9.239215539734786
 51
170.7607844602652
  0
ARC
  5
300
330
17
100
AcDbEntity
  8
SLOTS
100
AcDbCircle
 10
27.857348032116715
 20
25.925787953087674
 30
0.0
 40
0.125
100
AcDbArc
 50
170.7607844602652
 51
350.7607844602652
  0
LINE
  5
301
330
17
100
AcDbEntity
  8
SLOTS
100
AcDbLine
 10
27.070887007792923
 20
26.540785598784243
 30
0.0
 11
27.61651876256087
 21
29.895069598252267
 31
0.0
  0
LINE
  5
302
330
17
100
AcDbEntity
  8
SLOTS
100
AcDbLine
 10
27.863275413745736
 20
29.854930401747733
 30
0.0
 11
27.31764365897779
 21
26.50064640227971
 31
0.0
  0
ARC
  5
303
330
17
100
AcDbEntity
  8
SLOTS
100
AcDbCircle
 10
27.739897088153302
 20
29.875
 30
0.0
 40
0.125
100
AcDbArc
 50
-9.239215539734786
 51
170.7607844602652
  0
ARC
  5
304
330
17
100
AcDbEntity
  8
SLOTS
100
AcDbCircle
 10
27.194265333385356
 20
26.520716000531976
 30
0.0
 40
0.125
100
AcDbArc
 50
170.7607844602652
 51
350.7607844602652
  0
LINE
  5
305
330
17
100
AcDbEntity
  8
SLOTS
100
AcDbLine
 10
26.420667661782396
 20
27.214791408536108
 30
0.0
 11
26.856660825197604
 21
29.895069598252267
 31
0.0
  0
LINE
  5
306
330
17
100
AcDbEntity
  8
SLOTS
100
AcDbLine
 10
27.10341747638247
 20
29.854930401747733
 30
0.0
 11
26.667424312967263
 21
27.174652212031575
 31
0.0
  0
ARC
  5
307
330
17
100
AcDbEntity
  8
SLOTS
100
AcDbCircle
 10
26.980039150790038
 20
29.875
 30
0.0
 40
0.125
100
AcDbArc
 50
-9.239215539734772
 51
170.76078446026523
  0
ARC
  5
308
330
17
100
AcDbEntity
  8
SLOTS
100
AcDbCircle
 10
26.54404598737483
 20
27.19472181028384
 30
0.0
 40
0.125
100
AcDbArc
 50
170.76078446026523
 51
350.7607844602652
  0
LINE
  5
309
330
17
100
AcDbEntity
  8
SLOTS
100
AcDbLine
 10
25.77044831577187
 20
27.888797218287973
 30
0.0
 11
26.096802887834343
 21
29.895069598252267
 31
0.0
  0
LINE
  5
30A
330
17
100
AcDbEntity
  8
SLOTS
100
AcDbLine
 10
26.34355953901921
 20
29.854930401747733
 30
0.0
 11
26.017204966956736
 21
27.84865802178344
 31
0.0
  0
ARC
  5
30B
330
17
100
AcDbEntity
  8
SLOTS
100
AcDbCircle
 10
26.220181213426777
 20
29.875
 30
0.0
 40
0.125
100
AcDbArc
 50
-9.239215539734857
 51
170.76078446026514
  0
ARC
  5
30C
330
17
100
AcDbEntity
  8
SLOTS
100
AcDbCircle
 10
25.893826641364303
 20
27.868727620035706
 30
0.0
 40
0.125
100
AcDbArc
 50
170.76078446026514
 51
350.76078446026514
  0
LINE
  5
30D
330
17
100
AcDbEntity
  8
SLOTS
100
AcDbLine
 10
25.120228969761342
 20
28.562803028039838
 30
0.0
 11
25.33694495047108
 21
29.895069598252267
 31
0.0
  0
LINE
  5
30E
330
17
100
AcDbEntity
  8
SLOTS
100
AcDbLine
 10
25.583701601655946
 20
29.854930401747733
 30
0.0
 11
25.36698562094621
 21
28.522663831535304
 31
0.0
  0
ARC
  5
30F
330
17
100
AcDbEntity
  8
SLOTS
100
AcDbCircle
 10
25.460323276063512
 20
29.875
 30
0.0
 40
0.125
100
AcDbArc
 50
-9.239215539734886
 51
170.7607844602651
  0
ARC
  5
310
330
17
100
AcDbEntity
  8
SLOTS
100
AcDbCircle
 10
25.243607295353776
 20
28.54273342978757
 30
0.0
 40
0.125
100
AcDbArc
 50
170.7607844602651
 51
350.7607844602651
  0
LINE
  5
311
330
17
100
AcDbEntity
  8
SLOTS
100
AcDbLine
 10
24.470009623750816
 20
29.236808837791703
 30
0.0
 11
24.57708701310781
 21
29.895069598252267
 31
0.0
  0
LINE
  5
312
330
17
100
AcDbEntity
  8
SLOTS
100
AcDbLine
 10
24.823843664292678
 20
29.854930401747733
 30
0.0
 11
24.716766274935683
 21
29.19666964128717
 31
0.0
  0
ARC
  5
313
330
17
100
AcDbEntity
  8
SLOTS
100
AcDbCircle
 10
24.700465338700244
 20
29.875
 30
0.0
 40
0.125
100
AcDbArc
 50
-9.239215539734673
 51
170.7607844602653
  0
ARC
  5
314
330
17
100
AcDbEntity
  8
SLOTS
100
AcDbCircle
 10
24.59338794934325
 20
29.216739239539436
 30
0.0
 40
0.125
100
AcDbArc
 50
170.7607844602653
 51
350.7607844602653
  0
LINE
  5
315
330
17
100
AcDbEntity
  8
SLOTS
100
AcDbLine
 10
26.626221471337377
 20
24.971471537018026
 30
0.0
 11
26.031491469109326
 21
26.47939284569983
 31
0.0
  0
LINE
  5
316
330
17
100
AcDbEntity
  8
SLOTS
100
AcDbLine
 10
26.264056711343834
 20
26.571117477639152
 30
0.0
 11
26.858786713571885
 21
25.063196168957347
 31
0.0
  0
ARC
  5
317
330
17
100
AcDbEntity
  8
SLOTS
100
AcDbCircle
 10
26.14777409022658
 20
26.52525516166949
 30
0.0
 40
0.125
100
AcDbArc
 50
21.524468140614943
 51
201.52446814061494
  0
ARC
  5
318
330
17
100
AcDbEntity
  8
SLOTS
100
AcDbCircle
 10
26.74250409245463
 20
25.017333852987687
 30
0.0
 40
0.125
100
AcDbArc
 50
201.52446814061494
 51
381.52446814061494
  0
LINE
  5
319
330
17
100
AcDbEntity
  8
SLOTS
100
AcDbLine
 10
26.07717715297193
 20
24.31939614748224
 30
0.0
 11
24.667707520374346
 21
27.89306703170111
 31
0.0
  0
LINE
  5
31A
330
17
100
AcDbEntity
  8
SLOTS
100
AcDbLine
 10
24.900272762608854
 20
27.984791663640433
 30
0.0
 11
26.309742395206438
 21
24.411120779421562
 31
0.0
  0
ARC
  5
31B
330
17
100
AcDbEntity
  8
SLOTS
100
AcDbCircle
 10
24.7839901414916
 20
27.938929347670772
 30
0.0
 40
0.125
100
AcDbArc
 50
21.524468140614957
 51
201.52446814061494
  0
ARC
  5
31C
330
17
100
AcDbEntity
  8
SLOTS
100
AcDbCircle
 10
26.193459774089185
 20
24.3652584634519
 30
0.0
 40
0.125
100
AcDbArc
 50
201.52446814061494
 51
381.52446814061494
  0
LINE
  5
31D
330
17
100
AcDbEntity
  8
SLOTS
100
AcDbLine
 10
25.528132834606488
 20
23.667320757946456
 30
0.0
 11
23.30392357163937
 21
29.30674121770239
 31
0.0
  0
LINE
  5
31E
330
17
100
AcDbEntity
  8
SLOTS
100
AcDbLine
 10
23.536488813873877
 20
29.39846584964171
 30
0.0
 11
25.760698076840995
 21
23.759045389885777
 31
0.0
  0
ARC
  5
31F
330
17
100
AcDbEntity
  8
SLOTS
100
AcDbCircle
 10
23.420206192756623
 20
29.35260353367205
 30
0.0
 40
0.125
100
AcDbArc
 50
21.524468140614985
 51
201.524468140615
  0
ARC
  5
320
330
17
100
AcDbEntity
  8
SLOTS
100
AcDbCircle
 10
25.644415455723742
 20
23.713183073916117
 30
0.0
 40
0.125
100
AcDbArc
 50
201.524468140615
 51
381.524468140615
  0
LINE
  5
321
330
17
100
AcDbEntity
  8
SLOTS
100
AcDbLine
 10
24.979088516241045
 20
23.015245368410667
 30
0.0
 11
22.634830189843687
 21
28.959046875289786
 31
0.0
  0
LINE
  5
322
330
17
100
AcDbEntity
  8
SLOTS
100
AcDbLine
 10
22.867395432078194
 20
29.050771507229108
 30
0.0
 11
25.211653758475553
 21
23.10697000034999
 31
0.0
  0
ARC
  5
323
330
17
100
AcDbEntity
  8
SLOTS
100
AcDbCircle
 10
22.75111281096094
 20
29.004909191259447
 30
0.0
 40
0.125
100
AcDbArc
 50
21.524468140615014
 51
201.524468140615
  0
ARC
  5
324
330
17
100
AcDbEntity
  8
SLOTS
100
AcDbCircle
 10
25.0953711373583
 20
23.061107684380328
 30
0.0
 40
0.125
100
AcDbArc
 50
201.524468140615
 51
381.524468140615
  0
LINE
  5
325
330
17
100
AcDbEntity
  8
SLOTS
100
AcDbLine
 10
24.4300441978756
 20
22.363169978874883
 30
0.0
 11
21.98345799263677
 21
28.566420964339574
 31
0.0
  0
LINE
  5
326
330
17
100
AcDbEntity
  8
SLOTS
100
AcDbLine
 10
22.216023234871276
 20
28.658145596278896
 30
0.0
 11
24.662609440110106
 21
22.454894610814204
 31
0.0
  0
ARC
  5
327
330
17
100
AcDbEntity
  8
SLOTS
100
AcDbCircle
 10
22.099740613754022
 20
28.612283280309235
 30
0.0
 40
0.125
100
AcDbArc
 50
21.524468140615014
 51
201.524468140615
  0
ARC
  5
328
330
17
100
AcDbEntity
  8
SLOTS
100
AcDbCircle
 10
24.546326818992853
 20
22.409032294844543
 30
0.0
 40
0.125
100
AcDbArc
 50
201.524468140615
 51
381.524468140615
  0
LINE
  5
329
330
17
100
AcDbEntity
  8
SLOTS
100
AcDbLine
 10
23.79475619825567
 20
21.929763034205838
 30
0.0
 11
21.67863581195104
 21
27.295127166316895
 31
0.0
  0
LINE
  5
32A
330
17
100
AcDbEntity
  8
SLOTS
100
AcDbLine
 10
21.911201054185547
 20
27.386851798256217
 30
0.0
 11
24.027321440490176
 21
22.02148766614516
 31
0.0
  0
ARC
  5
32B
330
17
100
AcDbEntity
  8
SLOTS
100
AcDbCircle
 10
21.794918433068293
 20
27.340989482286556
 30
0.0
 40
0.125
100
AcDbArc
 50
21.524468140615
 51
201.524468140615
  0
ARC
  5
32C
330
17
100
AcDbEntity
  8
SLOTS
100
AcDbCircle
 10
23.911038819372923
 20
21.9756253501755
 30
0.0
 40
0.125
100
AcDbArc
 50
201.524468140615
 51
381.524468140615
  0
LINE
  5
32D
330
17
100
AcDbEntity
  8
SLOTS
100
AcDbLine
 10
23.145686152217184
 20
21.531300083271628
 30
0.0
 11
21.38979487292786
 21
25.983313376446024
 31
0.0
  0
LINE
  5
32E
330
17
100
AcDbEntity
  8
SLOTS
100
AcDbLine
 10
21.62236011516237
 20
26.075038008385345
 30
0.0
 11
23.37825139445169
 21
21.62302471521095
 31
0.0
  0
ARC
  5
32F
330
17
100
AcDbEntity
  8
SLOTS
100
AcDbCircle
 10
21.506077494045115
 20
26.029175692415684
 30
0.0
 40
0.125
100
AcDbArc
 50
21.524468140614957
 51
201.52446814061494
  0
ARC
  5
330
330
17
100
AcDbEntity
  8
SLOTS
100
AcDbCircle
 10
23.261968773334438
 20
21.57716239924129
 30
0.0
 40
0.125
100
AcDbArc
 50
201.52446814061494
 51
381.52446814061494
  0
LINE
  5
331
330
17
100
AcDbEntity
  8
SLOTS
100
AcDbLine
 10
22.496616106178703
 20
21.132837132337418
 30
0.0
 11
21.10095393390468
 21
24.671499586575152
 31
0.0
  0
LINE
  5
332
330
17
100
AcDbEntity
  8
SLOTS
100
AcDbLine
 10
21.333519176139188
 20
24.763224218514473
 30
0.0
 11
22.72918134841321
 21
21.22456176427674
 31
0.0
  0
ARC
  5
333
330
17
100
AcDbEntity
  8
SLOTS
100
AcDbCircle
 10
21.217236555021934
 20
24.717361902544813
 30
0.0
 40
0.125
100
AcDbArc
 50
21.524468140615
 51
201.524468140615
  0
ARC
  5
334
330
17
100
AcDbEntity
  8
SLOTS
100
AcDbCircle
 10
22.612898727295956
 20
21.17869944830708
 30
0.0
 40
0.125
100
AcDbArc
 50
201.524468140615
 51
381.524468140615
  0
LINE
  5
335
330
17
100
AcDbEntity
  8
SLOTS
100
AcDbLine
 10
21.743617793699535
 20
20.997881398044644
 30
0.0
 11
20.812112994881502
 21
23.359685796704284
 31
0.0
  0
LINE
  5
336
330
17
100
AcDbEntity
  8
SLOTS
100
AcDbLine
 10
21.04467823711601
 20
23.451410428643605
 30
0.0
 11
21.976183035934042
 21
21.089606029983965
 31
0.0
  0
ARC
  5
337
330
17
100
AcDbEntity
  8
SLOTS
100
AcDbCircle
 10
20.928395615998756
 20
23.405548112673944
 30
0.0
 40
0.125
100
AcDbArc
 50
21.524468140614943
 51
201.52446814061494
  0
ARC
  5
338
330
17
100
AcDbEntity
  8
SLOTS
100
AcDbCircle
 10
21.85990041481679
 20
21.043743714014305
 30
0.0
 40
0.125
100
AcDbArc
 50
201.52446814061494
 51
381.52446814061494
  0
LINE
  5
339
330
17
100
AcDbEntity
  8
SLOTS
100
AcDbLine
 10
8.547465545392958
 20
2.2928627323902484
 30
0.0
 11
8.523141886044941
 21
2.7625351945617704
 31
0.0
  0
LINE
  5
33A
330
17
100
AcDbEntity
  8
SLOTS
100
AcDbLine
 10
8.772807302087125
 20
2.775465006334668
 30
0.0
 11
8.797130961435142
 21
2.305792544163146
 31
0.0
  0
ARC
  5
33B
330
17
100
AcDbEntity
  8
SLOTS
100
AcDbCircle
 10
8.647974594066033
 20
2.769000100448219
 30
0.0
 40
0.125
100
AcDbArc
 50
2.9646172471437353
 51
182.96461724714374
  0
ARC
  5
33C
330
17
100
AcDbEntity
  8
SLOTS
100
AcDbCircle
 10
8.67229825341405
 20
2.299327638276697
 30
0.0
 40
0.125
100
AcDbArc
 50
182.96461724714374
 51
362.96461724714374
  0
LINE
  5
33D
330
17
100
AcDbEntity
  8
SLOTS
100
AcDbLine
 10
7.857277182867588
 20
1.1185350941135512
 30
0.0
 11
7.724298491771799
 21
3.686258493364196
 31
0.0
  0
LINE
  5
33E
330
17
100
AcDbEntity
  8
SLOTS
100
AcDbLine
 10
7.973963907813985
 20
3.6991883051370937
 30
0.0
 11
8.106942598909773
 21
1.1314649058864488
 31
0.0
  0
ARC
  5
33F
330
17
100
AcDbEntity
  8
SLOTS
100
AcDbCircle
 10
7.849131199792892
 20
3.692723399250645
 30
0.0
 40
0.125
100
AcDbArc
 50
2.9646172471437495
 51
182.96461724714374
  0
ARC
  5
340
330
17
100
AcDbEntity
  8
SLOTS
100
AcDbCircle
 10
7.9821098908886805
 20
1.125
 30
0.0
 40
0.125
100
AcDbArc
 50
182.96461724714374
 51
362.96461724714374
  0
LINE
  5
341
330
17
100
AcDbEntity
  8
SLOTS
100
AcDbLine
 10
7.106272085836772
 20
1.1185350941135512
 30
0.0
 11
6.965723020493539
 21
3.8324370046434697
 31
0.0
  0
LINE
  5
342
330
17
100
AcDbEntity
  8
SLOTS
100
AcDbLine
 10
7.215388436535725
 20
3.8453668164163672
 30
0.0
 11
7.355937501878958
 21
1.1314649058864488
 31
0.0
  0
ARC
  5
343
330
17
100
AcDbEntity
  8
SLOTS
100
AcDbCircle
 10
7.090555728514632
 20
3.8389019105299185
 30
0.0
 40
0.125
100
AcDbArc
 50
2.9646172471437495
 51
182.96461724714374
  0
ARC
  5
344
330
17
100
AcDbEntity
  8
SLOTS
100
AcDbCircle
 10
7.231104793857865
 20
1.125
 30
0.0
 40
0.125
100
AcDbArc
 50
182.96461724714374
 51
362.96461724714374
  0
LINE
  5
345
330
17
100
AcDbEntity
  8
SLOTS
100
AcDbLine
 10
6.355266988805957
 20
1.1185350941135512
 30
0.0
 11
6.2071475492152794
 21
3.978615515922743
 31
0.0
  0
LINE
  5
346
330
17
100
AcDbEntity
  8
SLOTS
100
AcDbLine
 10
6.456812965257465
 20
3.9915453276956407
 30
0.0
 11
6.604932404848143
 21
1.1314649058864488
 31
0.0
  0
ARC
  5
347
330
17
100
AcDbEntity
  8
SLOTS
100
AcDbCircle
 10
6.331980257236372
 20
3.985080421809192
 30
0.0
 40
0.125
100
AcDbArc
 50
2.9646172471437495
 51
182.96461724714374
  0
ARC
  5
348
330
17
100
AcDbEntity
  8
SLOTS
100
AcDbCircle
 10
6.48009969682705
 20
1.125
 30
0.0
 40
0.125
100
AcDbArc
 50
182.96461724714374
 51
362.96461724714374
  0
LINE
  5
349
330
17
100
AcDbEntity
  8
SLOTS
100
AcDbLine
 10
5.604261891775143
 20
1.1185350941135512
 30
0.0
 11
5.44857207793702
 21
4.124794027202017
 31
0.0
  0
LINE
  5
34A
330
17
100
AcDbEntity
  8
SLOTS
100
AcDbLine
 10
5.698237493979206
 20
4.137723838974915
 30
0.0
 11
5.853927307817329
 21
1.1314649058864488
 31
0.0
  0
ARC
  5
34B
330
17
100
AcDbEntity
  8
SLOTS
100
AcDbCircle
 10
5.573404785958113
 20
4.131258933088466
 30
0.0
 40
0.125
100
AcDbArc
 50
2.9646172471437495
 51
182.96461724714374
  0
ARC
  5
34C
330
17
100
AcDbEntity
  8
SLOTS
100
AcDbCircle
 10
5.729094599796236
 20
1.125
 30
0.0
 40
0.125
100
AcDbArc
 50
182.96461724714374
 51
362.96461724714374
  0
LINE
  5
34D
330
17
100
AcDbEntity
  8
SLOTS
100
AcDbLine
 10
4.853256794744328
 20
1.1185350941135512
 30
0.0
 11
4.68999660665876
 21
4.27097253848129
 31
0.0
  0
LINE
  5
34E
330
17
100
AcDbEntity
  8
SLOTS
100
AcDbLine
 10
4.939662022700946
 20
4.283902350254188
 30
0.0
 11
5.102922210786514
 21
1.1314649058864488
 31
0.0
  0
ARC
  5
34F
330
17
100
AcDbEntity
  8
SLOTS
100
AcDbCircle
 10
4.814829314679853
 20
4.277437444367739
 30
0.0
 40
0.125
100
AcDbArc
 50
2.9646172471437495
 51
182.96461724714374
  0
ARC
  5
350
330
17
100
AcDbEntity
  8
SLOTS
100
AcDbCircle
 10
4.978089502765421
 20
1.125
 30
0.0
 40
0.125
100
AcDbArc
 50
182.96461724714374
 51
362.96461724714374
  0
LINE
  5
351
330
17
100
AcDbEntity
  8
SLOTS
100
AcDbLine
 10
4.1022516977135135
 20
1.1185350941135512
 30
0.0
 11
3.931421135380502
 21
4.417151049760564
 31
0.0
  0
LINE
  5
352
330
17
100
AcDbEntity
  8
SLOTS
100
AcDbLine
 10
4.181086551422688
 20
4.430080861533462
 30
0.0
 11
4.351917113755699
 21
1.1314649058864488
 31
0.0
  0
ARC
  5
353
330
17
100
AcDbEntity
  8
SLOTS
100
AcDbCircle
 10
4.056253843401595
 20
4.423615955647013
 30
0.0
 40
0.125
100
AcDbArc
 50
2.9646172471437353
 51
182.96461724714374
  0
ARC
  5
354
330
17
100
AcDbEntity
  8
SLOTS
100
AcDbCircle
 10
4.227084405734606
 20
1.125
 30
0.0
 40
0.125
100
AcDbArc
 50
182.96461724714374
 51
362.96461724714374
  0
LINE
  5
355
330
17
100
AcDbEntity
  8
SLOTS
100
AcDbLine
 10
3.3512466006826997
 20
1.1185350941135512
 30
0.0
 11
3.2022652069420614
 21
3.995259233962802
 31
0.0
  0
LINE
  5
356
330
17
100
AcDbEntity
  8
SLOTS
100
AcDbLine
 10
3.4519306229842464
 20
4.0081890457356995
 30
0.0
 11
3.6009120167248847
 21
1.1314649058864488
 31
0.0
  0
ARC
  5
357
330
17
100
AcDbEntity
  8
SLOTS
100
AcDbCircle
 10
3.327097914963154
 20
4.001724139849251
 30
0.0
 40
0.125
100
AcDbArc
 50
2.9646172471437495
 51
182.96461724714374
  0
ARC
  5
358
330
17
100
AcDbEntity
  8
SLOTS
100
AcDbCircle
 10
3.4760793087037922
 20
1.125
 30
0.0
 40
0.125
100
AcDbArc
 50
182.96461724714374
 51
362.96461724714374
  0
LINE
  5
359
330
17
100
AcDbEntity
  8
SLOTS
100
AcDbLine
 10
1.2464863594188806
 20
3.0468892324264076
 30
0.0
 11
1.7049177658955061
 21
1.1544289733960693
 31
0.0
  0
LINE
  5
35A
330
17
100
AcDbEntity
  8
SLOTS
100
AcDbLine
 10
1.4619450470577449
 20
1.0955710266039307
 30
0.0
 11
1.0035136405811194
 21
2.988031285634269
 31
0.0
  0
ARC
  5
35B
330
17
100
AcDbEntity
  8
SLOTS
100
AcDbCircle
 10
1.5834314064766255
 20
1.125
 30
0.0
 40
0.125
100
AcDbArc
 50
-166.3829234917569
 51
13.617076508243073
  0
ARC
  5
35C
330
17
100
AcDbEntity
  8
SLOTS
100
AcDbCircle
 10
1.125
 20
3.0174602590303383
 30
0.0
 40
0.125
100
AcDbArc
 50
13.617076508243073
 51
193.6170765082431
  0
LINE
  5
35D
330
17
100
AcDbEntity
  8
SLOTS
100
AcDbLine
 10
1.3959619310689173
 20
5.615472103491739
 30
0.0
 11
2.2928348135222727
 21
1.9130724348261388
 31
0.0
  0
LINE
  5
35E
330
17
100
AcDbEntity
  8
SLOTS
100
AcDbLine
 10
2.049862094684512
 20
1.8542144880340001
 30
0.0
 11
1.152989212231156
 21
5.5566141566996
 31
0.0
  0
ARC
  5
35F
330
17
100
AcDbEntity
  8
SLOTS
100
AcDbCircle
 10
2.1713484541033923
 20
1.8836434614300694
 30
0.0
 40
0.125
100
AcDbArc
 50
-166.3829234917569
 51
13.617076508243073
  0
ARC
  5
360
330
17
100
AcDbEntity
  8
SLOTS
100
AcDbCircle
 10
1.2744755716500367
 20
5.586043130095669
 30
0.0
 40
0.125
100
AcDbArc
 50
13.617076508243073
 51
193.6170765082431
  0
LINE
  5
361
330
17
100
AcDbEntity
  8
SLOTS
100
AcDbLine
 10
2.1616617009837493
 20
5.640206997753109
 30
0.0
 11
2.627520149822317
 21
3.7170870101057125
 31
0.0
  0
LINE
  5
362
330
17
100
AcDbEntity
  8
SLOTS
100
AcDbLine
 10
2.384547430984556
 20
3.658229063313574
 30
0.0
 11
1.9186889821459883
 21
5.581349050960969
 31
0.0
  0
ARC
  5
363
330
17
100
AcDbEntity
  8
SLOTS
100
AcDbCircle
 10
2.5060337904034364
 20
3.687658036709643
 30
0.0
 40
0.125
100
AcDbArc
 50
-166.3829234917569
 51
13.617076508243073
  0
ARC
  5
364
330
17
100
AcDbEntity
  8
SLOTS
100
AcDbCircle
 10
2.040175341564869
 20
5.610778024357039
 30
0.0
 40
0.125
100
AcDbArc
 50
13.617076508243073
 51
193.6170765082431
  0
LINE
  5
365
330
17
100
AcDbEntity
  8
SLOTS
100
AcDbLine
 10
22.75030275536661
 20
13.280153921486013
 30
0.0
 11
21.006880288283753
 21
14.194525115935535
 31
0.0
  0
LINE
  5
366
330
17
100
AcDbEntity
  8
SLOTS
100
AcDbLine
 10
21.12299660803908
 20
14.415922948550216
 30
0.0
 11
22.86641907512194
 21
13.501551754100694
 31
0.0
  0
ARC
  5
367
330
17
100
AcDbEntity
  8
SLOTS
100
AcDbCircle
 10
21.064938448161417
 20
14.305224032242876
 30
0.0
 40
0.125
100
AcDbArc
 50
62.324378684368384
 51
242.32437868436838
  0
ARC
  5
368
330
17
100
AcDbEntity
  8
SLOTS
100
AcDbCircle
 10
22.808360915244275
 20
13.390852837793354
 30
0.0
 40
0.125
100
AcDbArc
 50
242.32437868436838
 51
422.3243786843684
  0
LINE
  5
369
330
17
100
AcDbEntity
  8
SLOTS
100
AcDbLine
 10
22.97207907770333
 20
12.316947336127273
 30
0.0
 11
20.772716217291276
 21
13.470445173669658
 31
0.0
  0
LINE
  5
36A
330
17
100
AcDbEntity
  8
SLOTS
100
AcDbLine
 10
20.888832537046603
 20
13.691843006284339
 30
0.0
 11
23.08819539745866
 21
12.538345168741953
 31
0.0
  0
ARC
  5
36B
330
17
100
AcDbEntity
  8
SLOTS
100
AcDbCircle
 10
20.83077437716894
 20
13.581144089976998
 30
0.0
 40
0.125
100
AcDbArc
 50
62.324378684368384
 51
242.32437868436838
  0
ARC
  5
36C
330
17
100
AcDbEntity
  8
SLOTS
100
AcDbCircle
 10
23.030137237580995
 20
12.427646252434613
 30
0.0
 40
0.125
100
AcDbArc
 50
242.32437868436838
 51
422.3243786843684
  0
LINE
  5
36D
330
17
100
AcDbEntity
  8
SLOTS
100
AcDbLine
 10
22.59205296786041
 20
11.669367524613802
 30
0.0
 11
20.538552146298798
 21
12.746365231403782
 31
0.0
  0
LINE
  5
36E
330
17
100
AcDbEntity
  8
SLOTS
100
AcDbLine
 10
20.654668466054126
 20
12.967763064018463
 30
0.0
 11
22.70816928761574
 21
11.890765357228483
 31
0.0
  0
ARC
  5
36F
330
17
100
AcDbEntity
  8
SLOTS
100
AcDbCircle
 10
20.596610306176462
 20
12.857064147711123
 30
0.0
 40
0.125
100
AcDbArc
 50
62.324378684368384
 51
242.32437868436838
  0
ARC
  5
370
330
17
100
AcDbEntity
  8
SLOTS
100
AcDbCircle
 10
22.650111127738075
 20
11.780066440921143
 30
0.0
 40
0.125
100
AcDbArc
 50
242.32437868436838
 51
422.3243786843684
  0
LINE
  5
371
330
17
100
AcDbEntity
  8
SLOTS
100
AcDbLine
 10
21.68626528902207
 20
20.200500502903118
 30
0.0
 11
20.188206906533807
 21
18.31798926560355
 31
0.0
  0
LINE
  5
372
330
17
100
AcDbEntity
  8
SLOTS
100
AcDbLine
 10
19.992587339221096
 20
18.47365873879719
 30
0.0
 11
21.49064572170936
 21
20.35616997609676
 31
0.0
  0
ARC
  5
373
330
17
100
AcDbEntity
  8
SLOTS
100
AcDbCircle
 10
20.09039712287745
 20
18.39582400220037
 30
0.0
 40
0.125
100
AcDbArc
 50
-218.5119531898523
 51
-38.511953189852306
  0
ARC
  5
374
330
17
100
AcDbEntity
  8
SLOTS
100
AcDbCircle
 10
21.588455505365715
 20
20.27833523949994
 30
0.0
 40
0.125
100
AcDbArc
 50
-38.511953189852306
 51
141.4880468101477
  0
LINE
  5
375
330
17
100
AcDbEntity
  8
SLOTS
100
AcDbLine
 10
22.60786837020903
 20
20.15414328285159
 30
0.0
 11
20.532220265512
 21
17.545813108642022
 31
0.0
  0
LINE
  5
376
330
17
100
AcDbEntity
  8
SLOTS
100
AcDbLine
 10
20.336600698199288
 20
17.701482581835663
 30
0.0
 11
22.41224880289632
 21
20.30981275604523
 31
0.0
  0
ARC
  5
377
330
17
100
AcDbEntity
  8
SLOTS
100
AcDbCircle
 10
20.434410481855643
 20
17.623647845238843
 30
0.0
 40
0.125
100
AcDbArc
 50
-218.51195318985228
 51
-38.51195318985228
  0
ARC
  5
378
330
17
100
AcDbEntity
  8
SLOTS
100
AcDbCircle
 10
22.510058586552674
 20
20.23197801944841
 30
0.0
 40
0.125
100
AcDbArc
 50
-38.51195318985228
 51
141.48804681014772
  0
LINE
  5
379
330
17
100
AcDbEntity
  8
SLOTS
100
AcDbLine
 10
23.15161414128588
 20
19.632957684485074
 30
0.0
 11
20.876233624490187
 21
16.773636951680494
 31
0.0
  0
LINE
  5
37A
330
17
100
AcDbEntity
  8
SLOTS
100
AcDbLine
 10
20.680614057177475
 20
16.929306424874135
 30
0.0
 11
22.955994573973168
 21
19.788627157678714
 31
0.0
  0
ARC
  5
37B
330
17
100
AcDbEntity
  8
SLOTS
100
AcDbCircle
 10
20.77842384083383
 20
16.851471688277314
 30
0.0
 40
0.125
100
AcDbArc
 50
-218.51195318985233
 51
-38.511953189852335
  0
ARC
  5
37C
330
17
100
AcDbEntity
  8
SLOTS
100
AcDbCircle
 10
23.053804357629524
 20
19.710792421081894
 30
0.0
 40
0.125
100
AcDbArc
 50
-38.511953189852335
 51
141.48804681014767
  0
LINE
  5
37D
330
17
100
AcDbEntity
  8
SLOTS
100
AcDbLine
 10
23.695359912362726
 20
19.11177208611856
 30
0.0
 11
21.22024698346838
 21
16.00146079471897
 31
0.0
  0
LINE
  5
37E
330
17
100
AcDbEntity
  8
SLOTS
100
AcDbLine
 10
21.024627416155667
 20
16.15713026791261
 30
0.0
 11
23.499740345050014
 21
19.2674415593122
 31
0.0
  0
ARC
  5
37F
330
17
100
AcDbEntity
  8
SLOTS
100
AcDbCircle
 10
21.122437199812023
 20
16.07929553131579
 30
0.0
 40
0.125
100
AcDbArc
 50
-218.51195318985233
 51
-38.511953189852335
  0
ARC
  5
380
330
17
100
AcDbEntity
  8
SLOTS
100
AcDbCircle
 10
23.59755012870637
 20
19.18960682271538
 30
0.0
 40
0.125
100
AcDbArc
 50
-38.511953189852335
 51
141.48804681014767
  0
LINE
  5
381
330
17
100
AcDbEntity
  8
SLOTS
100
AcDbLine
 10
24.239105683439572
 20
18.59058648775204
 30
0.0
 11
21.66905516292961
 21
15.360973381985449
 31
0.0
  0
LINE
  5
382
330
17
100
AcDbEntity
  8
SLOTS
100
AcDbLine
 10
21.4734355956169
 20
15.516642855179093
 30
0.0
 11
24.04348611612686
 21
18.74625596094569
 31
0.0
  0
ARC
  5
383
330
17
100
AcDbEntity
  8
SLOTS
100
AcDbCircle
 10
21.571245379273254
 20
15.438808118582271
 30
0.0
 40
0.125
100
AcDbArc
 50
-218.51195318985233
 51
-38.511953189852335
  0
ARC
  5
384
330
17
100
AcDbEntity
  8
SLOTS
100
AcDbCircle
 10
24.141295899783216
 20
18.668421224348865
 30
0.0
 40
0.125
100
AcDbArc
 50
-38.511953189852335
 51
141.48804681014767
  0
LINE
  5
385
330
17
100
AcDbEntity
  8
SLOTS
100
AcDbLine
 10
24.78285145451642
 20
18.069400889385527
 30
0.0
 11
22.266118858474005
 21
14.906788905292801
 31
0.0
  0
LINE
  5
386
330
17
100
AcDbEntity
  8
SLOTS
100
AcDbLine
 10
22.070499291161294
 20
15.062458378486445
 30
0.0
 11
24.587231887203707
 21
18.225070362579174
 31
0.0
  0
ARC
  5
387
330
17
100
AcDbEntity
  8
SLOTS
100
AcDbCircle
 10
22.16830907481765
 20
14.984623641889623
 30
0.0
 40
0.125
100
AcDbArc
 50
-218.51195318985236
 51
-38.51195318985236
  0
ARC
  5
388
330
17
100
AcDbEntity
  8
SLOTS
100
AcDbCircle
 10
24.685041670860063
 20
18.14723562598235
 30
0.0
 40
0.125
100
AcDbArc
 50
-38.51195318985236
 51
141.48804681014764
  0
LINE
  5
389
330
17
100
AcDbEntity
  8
SLOTS
100
AcDbLine
 10
25.326597225593265
 20
17.54821529101902
 30
0.0
 11
22.8631825540184
 21
14.452604428600155
 31
0.0
  0
LINE
  5
38A
330
17
100
AcDbEntity
  8
SLOTS
100
AcDbLine
 10
22.66756298670569
 20
14.6082739017938
 30
0.0
 11
25.130977658280553
 21
17.70388476421266
 31
0.0
  0
ARC
  5
38B
330
17
100
AcDbEntity
  8
SLOTS
100
AcDbCircle
 10
22.765372770362045
 20
14.530439165196977
 30
0.0
 40
0.125
100
AcDbArc
 50
-218.51195318985233
 51
-38.511953189852335
  0
ARC
  5
38C
330
17
100
AcDbEntity
  8
SLOTS
100
AcDbCircle
 10
25.22878744193691
 20
17.62605002761584
 30
0.0
 40
0.125
100
AcDbArc
 50
-38.511953189852335
 51
141.48804681014767
  0
LINE
  5
38D
330
17
100
AcDbEntity
  8
SLOTS
100
AcDbLine
 10
25.870342996670114
 20
17.027029692652498
 30
0.0
 11
23.779847491680144
 21
14.400041769036863
 31
0.0
  0
LINE
  5
38E
330
17
100
AcDbEntity
  8
SLOTS
100
AcDbLine
 10
23.584227924367433
 20
14.555711242230506
 30
0.0
 11
25.674723429357403
 21
17.182699165846145
 31
0.0
  0
ARC
  5
38F
330
17
100
AcDbEntity
  8
SLOTS
100
AcDbCircle
 10
23.68203770802379
 20
14.477876505633684
 30
0.0
 40
0.125
100
AcDbArc
 50
-218.5119531898524
 51
-38.51195318985239
  0
ARC
  5
390
330
17
100
AcDbEntity
  8
SLOTS
100
AcDbCircle
 10
25.77253321301376
 20
17.10486442924932
 30
0.0
 40
0.125
100
AcDbArc
 50
-38.51195318985239
 51
141.4880468101476
  0
LINE
  5
391
330
17
100
AcDbEntity
  8
SLOTS
100
AcDbLine
 10
26.414088767746957
 20
16.50584409428599
 30
0.0
 11
25.198823976836767
 21
14.978700925551129
 31
0.0
  0
LINE
  5
392
330
17
100
AcDbEntity
  8
SLOTS
100
AcDbLine
 10
25.003204409524056
 20
15.134370398744773
 30
0.0
 11
26.218469200434246
 21
16.66151356747963
 31
0.0
  0
ARC
  5
393
330
17
100
AcDbEntity
  8
SLOTS
100
AcDbCircle
 10
25.10101419318041
 20
15.056535662147951
 30
0.0
 40
0.125
100
AcDbArc
 50
-218.51195318985228
 51
-38.51195318985228
  0
ARC
  5
394
330
17
100
AcDbEntity
  8
SLOTS
100
AcDbCircle
 10
26.3162789840906
 20
16.58367883088281
 30
0.0
 40
0.125
100
AcDbArc
 50
-38.51195318985228
 51
141.48804681014772
  0
LINE
  5
395
330
17
100
AcDbEntity
  8
SLOTS
100
AcDbLine
 10
26.957834538823807
 20
15.984658495919474
 30
0.0
 11
26.617800461993394
 21
15.557360082065399
 31
0.0
  0
LINE
  5
396
330
17
100
AcDbEntity
  8
SLOTS
100
AcDbLine
 10
26.422180894680682
 20
15.713029555259043
 30
0.0
 11
26.762214971511096
 21
16.14032796911312
 31
0.0
  0
ARC
  5
397
330
17
100
AcDbEntity
  8
SLOTS
100
AcDbCircle
 10
26.519990678337038
 20
15.635194818662221
 30
0.0
 40
0.125
100
AcDbArc
 50
-218.5119531898524
 51
-38.51195318985239
  0
ARC
  5
398
330
17
100
AcDbEntity
  8
SLOTS
100
AcDbCircle
 10
26.86002475516745
 20
16.062493232516296
 30
0.0
 40
0.125
100
AcDbArc
 50
-38.51195318985239
 51
141.4880468101476
  0
LINE
  5
399
330
17
100
AcDbEntity
  8
SLOTS
100
AcDbLine
 10
22.380838413261944
 20
8.359566490648437
 30
0.0
 11
22.391919777600595
 21
8.355841091049928
 31
0.0
  0
LINE
  5
39A
330
17
100
AcDbEntity
  8
SLOTS
100
AcDbLine
 10
22.31225470558964
 20
8.118873843731887
 30
0.0
 11
22.30117334125099
 21
8.122599243330395
 31
0.0
  0
ARC
  5
39B
330
17
100
AcDbEntity
  8
SLOTS
100
AcDbCircle
 10
22.352087241595118
 20
8.237357467390908
 30
0.0
 40
0.125
100
AcDbArc
 50
-108.58192412144048
 51
71.41807587855952
  0
ARC
  5
39C
330
17
100
AcDbEntity
  8
SLOTS
100
AcDbCircle
 10
22.341005877256467
 20
8.241082866989416
 30
0.0
 40
0.125
100
AcDbArc
 50
71.41807587855952
 51
251.41807587855953
  0
LINE
  5
39D
330
17
100
AcDbEntity
  8
SLOTS
100
AcDbLine
 10
20.041793641030946
 20
9.93716919502081
 30
0.0
 11
22.445286347272646
 21
9.12914858589606
 31
0.0
  0
LINE
  5
39E
330
17
100
AcDbEntity
  8
SLOTS
100
AcDbLine
 10
22.36562127526169
 20
8.892181338578018
 30
0.0
 11
19.962128569019992
 21
9.700201947702768
 31
0.0
  0
ARC
  5
39F
330
17
100
AcDbEntity
  8
SLOTS
100
AcDbCircle
 10
22.40545381126717
 20
9.010664962237039
 30
0.0
 40
0.125
100
AcDbArc
 50
-108.58192412143943
 51
71.41807587856057
  0
ARC
  5
3A0
330
17
100
AcDbEntity
  8
SLOTS
100
AcDbCircle
 10
20.00196110502547
 20
9.818685571361788
 30
0.0
 40
0.125
100
AcDbArc
 50
71.41807587856057
 51
251.41807587856056
  0
LINE
  5
3A1
330
17
100
AcDbEntity
  8
SLOTS
100
AcDbLine
 10
19.435141473097428
 20
10.932365751984264
 30
0.0
 11
22.498652916944696
 21
9.90245608074219
 31
0.0
  0
LINE
  5
3A2
330
17
100
AcDbEntity
  8
SLOTS
100
AcDbLine
 10
22.418987844933742
 20
9.665488833424149
 30
0.0
 11
19.355476401086474
 21
10.695398504666223
 31
0.0
  0
ARC
  5
3A3
330
17
100
AcDbEntity
  8
SLOTS
100
AcDbCircle
 10
22.45882038093922
 20
9.78397245708317
 30
0.0
 40
0.125
100
AcDbArc
 50
-108.58192412143943
 51
71.41807587856057
  0
ARC
  5
3A4
330
17
100
AcDbEntity
  8
SLOTS
100
AcDbCircle
 10
19.39530893709195
 20
10.813882128325243
 30
0.0
 40
0.125
100
AcDbArc
 50
71.41807587856057
 51
251.4180758785606
  0
LINE
  5
3A5
330
17
100
AcDbEntity
  8
SLOTS
100
AcDbLine
 10
19.926435347330926
 20
11.558448216163498
 30
0.0
 11
22.552019486616746
 21
10.675763575588322
 31
0.0
  0
LINE
  5
3A6
330
17
100
AcDbEntity
  8
SLOTS
100
AcDbLine
 10
22.472354414605793
 20
10.43879632827028
 30
0.0
 11
19.846770275319972
 21
11.321480968845457
 31
0.0
  0
ARC
  5
3A7
330
17
100
AcDbEntity
  8
SLOTS
100
AcDbCircle
 10
22.51218695061127
 20
10.557279951929301
 30
0.0
 40
0.125
100
AcDbArc
 50
-108.58192412143944
 51
71.41807587856056
  0
ARC
  5
3A8
330
17
100
AcDbEntity
  8
SLOTS
100
AcDbCircle
 10
19.88660281132545
 20
11.439964592504477
 30
0.0
 40
0.125
100
AcDbArc
 50
71.41807587856056
 51
251.41807587856056
  0
LINE
  5
3A9
330
17
100
AcDbEntity
  8
SLOTS
100
AcDbLine
 10
26.39054992305151
 20
11.037332640104653
 30
0.0
 11
26.314517925490247
 21
11.311719824865351
 31
0.0
  0
LINE
  5
3AA
330
17
100
AcDbEntity
  8
SLOTS
100
AcDbLine
 10
26.555439620900653
 20
11.378478619646073
 30
0.0
 11
26.631471618461916
 21
11.104091434885374
 31
0.0
  0
ARC
  5
3AB
330
17
100
AcDbEntity
  8
SLOTS
100
AcDbCircle
 10
26.43497877319545
 20
11.345099222255712
 30
0.0
 40
0.125
100
AcDbArc
 50
15.48791861796387
 51
195.48791861796389
  0
ARC
  5
3AC
330
17
100
AcDbEntity
  8
SLOTS
100
AcDbCircle
 10
26.511010770756712
 20
11.070712037495014
 30
0.0
 40
0.125
100
AcDbArc
 50
195.48791861796389
 51
375.4879186179639
  0
LINE
  5
3AD
330
17
100
AcDbEntity
  8
SLOTS
100
AcDbLine
 10
25.78474564388805
 20
10.414963615715699
 30
0.0
 11
25.478272560783026
 21
11.520975415686683
 31
0.0
  0
LINE
  5
3AE
330
17
100
AcDbEntity
  8
SLOTS
100
AcDbLine
 10
25.719194256193433
 20
11.587734210467405
 30
0.0
 11
26.025667339298458
 21
10.48172241049642
 31
0.0
  0
ARC
  5
3AF
330
17
100
AcDbEntity
  8
SLOTS
100
AcDbCircle
 10
25.59873340848823
 20
11.554354813077044
 30
0.0
 40
0.125
100
AcDbArc
 50
15.487918617963544
 51
195.48791861796354
  0
ARC
  5
3B0
330
17
100
AcDbEntity
  8
SLOTS
100
AcDbCircle
 10
25.905206491593255
 20
10.44834301310606
 30
0.0
 40
0.125
100
AcDbArc
 50
195.48791861796354
 51
375.48791861796354
  0
LINE
  5
3B1
330
17
100
AcDbEntity
  8
SLOTS
100
AcDbLine
 10
25.178941364724594
 20
9.792594591326743
 30
0.0
 11
24.642027196075798
 21
11.730231006508015
 31
0.0
  0
LINE
  5
3B2
330
17
100
AcDbEntity
  8
SLOTS
100
AcDbLine
 10
24.882948891486205
 20
11.796989801288737
 30
0.0
 11
25.419863060135
 21
9.859353386107465
 31
0.0
  0
ARC
  5
3B3
330
17
100
AcDbEntity
  8
SLOTS
100
AcDbCircle
 10
24.762488043781
 20
11.763610403898376
 30
0.0
 40
0.125
100
AcDbArc
 50
15.487918617963672
 51
195.48791861796366
  0
ARC
  5
3B4
330
17
100
AcDbEntity
  8
SLOTS
100
AcDbCircle
 10
25.299402212429797
 20
9.825973988717104
 30
0.0
 40
0.125
100
AcDbArc
 50
195.48791861796366
 51
375.48791861796366
  0
LINE
  5
3B5
330
17
100
AcDbEntity
  8
SLOTS
100
AcDbLine
 10
24.573137085561136
 20
9.17022556693779
 30
0.0
 11
23.805781831368577
 21
11.939486597329347
 31
0.0
  0
LINE
  5
3B6
330
17
100
AcDbEntity
  8
SLOTS
100
AcDbLine
 10
24.046703526778984
 20
12.006245392110069
 30
0.0
 11
24.814058780971543
 21
9.23698436171851
 31
0.0
  0
ARC
  5
3B7
330
17
100
AcDbEntity
  8
SLOTS
100
AcDbCircle
 10
23.92624267907378
 20
11.972865994719708
 30
0.0
 40
0.125
100
AcDbArc
 50
15.487918617963615
 51
195.4879186179636
  0
ARC
  5
3B8
330
17
100
AcDbEntity
  8
SLOTS
100
AcDbCircle
 10
24.69359793326634
 20
9.20360496432815
 30
0.0
 40
0.125
100
AcDbArc
 50
195.4879186179636
 51
375.4879186179636
  0
LINE
  5
3B9
330
17
100
AcDbEntity
  8
SLOTS
100
AcDbLine
 10
23.967332806397682
 20
8.547856542548837
 30
0.0
 11
23.219134994477322
 21
11.24798146155453
 31
0.0
  0
LINE
  5
3BA
330
17
100
AcDbEntity
  8
SLOTS
100
AcDbLine
 10
23.46005668988773
 20
11.314740256335252
 30
0.0
 11
24.20825450180809
 21
8.614615337329559
 31
0.0
  0
ARC
  5
3BB
330
17
100
AcDbEntity
  8
SLOTS
100
AcDbCircle
 10
23.339595842182526
 20
11.281360858944891
 30
0.0
 40
0.125
100
AcDbArc
 50
15.487918617963658
 51
195.48791861796366
  0
ARC
  5
3BC
330
17
100
AcDbEntity
  8
SLOTS
100
AcDbCircle
 10
24.087793654102885
 20
8.581235939939198
 30
0.0
 40
0.125
100
AcDbArc
 50
195.48791861796366
 51
375.48791861796366
  0
LINE
  5
3BD
330
17
100
AcDbEntity
  8
SLOTS
100
AcDbLine
 10
23.36152852723422
 20
7.9254875181598825
 30
0.0
 11
23.043416721047706
 21
9.073501587740655
 31
0.0
  0
LINE
  5
3BE
330
17
100
AcDbEntity
  8
SLOTS
100
AcDbLine
 10
23.284338416458112
 20
9.140260382521376
 30
0.0
 11
23.602450222644627
 21
7.992246312940602
 31
0.0
  0
ARC
  5
3BF
330
17
100
AcDbEntity
  8
SLOTS
100
AcDbCircle
 10
23.16387756875291
 20
9.106880985131015
 30
0.0
 40
0.125
100
AcDbArc
 50
15.487918617963615
 51
195.4879186179636
  0
ARC
  5
3C0
330
17
100
AcDbEntity
  8
SLOTS
100
AcDbCircle
 10
23.481989374939424
 20
7.958866915550242
 30
0.0
 40
0.125
100
AcDbArc
 50
195.4879186179636
 51
375.4879186179636
  0
LINE
  5
3C1
330
17
100
AcDbEntity
  8
SLOTS
100
AcDbLine
 10
26.94114039092296
 20
12.103278940921868
 30
0.0
 11
28.42398645543826
 21
12.524066892552359
 31
0.0
  0
LINE
  5
3C2
330
17
100
AcDbEntity
  8
SLOTS
100
AcDbLine
 10
28.492234417504662
 20
12.283562805947195
 30
0.0
 11
27.00938835298936
 21
11.862774854316704
 31
0.0
  0
ARC
  5
3C3
330
17
100
AcDbEntity
  8
SLOTS
100
AcDbCircle
 10
28.45811043647146
 20
12.403814849249777
 30
0.0
 40
0.125
100
AcDbArc
 50
-74.15762289011808
 51
105.84237710988192
  0
ARC
  5
3C4
330
17
100
AcDbEntity
  8
SLOTS
100
AcDbCircle
 10
26.97526437195616
 20
11.983026897619286
 30
0.0
 40
0.125
100
AcDbArc
 50
105.84237710988192
 51
285.8423771098819
  0
LINE
  5
3C5
330
17
100
AcDbEntity
  8
SLOTS
100
AcDbLine
 10
25.481199418083257
 20
12.468603310693176
 30
0.0
 11
28.481460538908152
 21
13.319988873631685
 31
0.0
  0
LINE
  5
3C6
330
17
100
AcDbEntity
  8
SLOTS
100
AcDbLine
 10
28.549708500974553
 20
13.079484787026521
 30
0.0
 11
25.549447380149658
 21
12.228099224088012
 31
0.0
  0
ARC
  5
3C7
330
17
100
AcDbEntity
  8
SLOTS
100
AcDbCircle
 10
28.515584519941353
 20
13.199736830329103
 30
0.0
 40
0.125
100
AcDbArc
 50
-74.15762289011803
 51
105.84237710988197
  0
ARC
  5
3C8
330
17
100
AcDbEntity
  8
SLOTS
100
AcDbCircle
 10
25.515323399116458
 20
12.348351267390594
 30
0.0
 40
0.125
100
AcDbArc
 50
105.84237710988197
 51
285.84237710988197
  0
LINE
  5
3C9
330
17
100
AcDbEntity
  8
SLOTS
100
AcDbLine
 10
24.02125844524355
 20
12.833927680464484
 30
0.0
 11
28.0892506277157
 21
13.988303808016761
 31
0.0
  0
LINE
  5
3CA
330
17
100
AcDbEntity
  8
SLOTS
100
AcDbLine
 10
28.1574985897821
 20
13.747799721411598
 30
0.0
 11
24.08950640730995
 21
12.59342359385932
 31
0.0
  0
ARC
  5
3CB
330
17
100
AcDbEntity
  8
SLOTS
100
AcDbCircle
 10
28.1233746087489
 20
13.86805176471418
 30
0.0
 40
0.125
100
AcDbArc
 50
-74.15762289011808
 51
105.84237710988192
  0
ARC
  5
3CC
330
17
100
AcDbEntity
  8
SLOTS
100
AcDbCircle
 10
24.05538242627675
 20
12.713675637161902
 30
0.0
 40
0.125
100
AcDbArc
 50
105.84237710988192
 51
285.8423771098819
  0
LINE
  5
3CD
330
17
100
AcDbEntity
  8
SLOTS
100
AcDbLine
 10
23.562699200760196
 20
13.483414632150863
 30
0.0
 11
27.697040716523247
 21
14.65661874240184
 31
0.0
  0
LINE
  5
3CE
330
17
100
AcDbEntity
  8
SLOTS
100
AcDbLine
 10
27.76528867858965
 20
14.416114655796676
 30
0.0
 11
23.630947162826597
 21
13.2429105455457
 31
0.0
  0
ARC
  5
3CF
330
17
100
AcDbEntity
  8
SLOTS
100
AcDbCircle
 10
27.731164697556448
 20
14.536366699099258
 30
0.0
 40
0.125
100
AcDbArc
 50
-74.15762289011806
 51
105.84237710988194
  0
ARC
  5
3D0
330
17
100
AcDbEntity
  8
SLOTS
100
AcDbCircle
 10
23.596823181793397
 20
13.363162588848281
 30
0.0
 40
0.125
100
AcDbArc
 50
105.84237710988194
 51
285.84237710988197
  0
LINE
  5
3D1
330
17
100
AcDbEntity
  8
SLOTS
100
AcDbLine
 10
33.96122309410849
 20
25.066859964099717
 30
0.0
 11
34.80908987561866
 21
24.926471820021916
 31
0.0
  0
LINE
  5
3D2
330
17
100
AcDbEntity
  8
SLOTS
100
AcDbLine
 10
34.768251389149064
 20
24.67982993788737
 30
0.0
 11
33.920384607638894
 21
24.82021808196517
 31
0.0
  0
ARC
  5
3D3
330
17
100
AcDbEntity
  8
SLOTS
100
AcDbCircle
 10
34.78867063238386
 20
24.803150878954643
 30
0.0
 40
0.125
100
AcDbArc
 50
-99.40162517057485
 51
80.59837482942515
  0
ARC
  5
3D4
330
17
100
AcDbEntity
  8
SLOTS
100
AcDbCircle
 10
33.94080385087369
 20
24.943539023032443
 30
0.0
 40
0.125
100
AcDbArc
 50
80.59837482942515
 51
260.59837482942515
  0
LINE
  5
3D5
330
17
100
AcDbEntity
  8
SLOTS
100
AcDbLine
 10
30.258514664631452
 20
26.44015879383087
 30
0.0
 11
34.58853054220699
 21
25.723203127992058
 31
0.0
  0
LINE
  5
3D6
330
17
100
AcDbEntity
  8
SLOTS
100
AcDbLine
 10
34.54769205573739
 20
25.47656124585751
 30
0.0
 11
30.217676178161856
 21
26.193516911696324
 31
0.0
  0
ARC
  5
3D7
330
17
100
AcDbEntity
  8
SLOTS
100
AcDbCircle
 10
34.56811129897219
 20
25.599882186924784
 30
0.0
 40
0.125
100
AcDbArc
 50
-99.40162517057485
 51
80.59837482942515
  0
ARC
  5
3D8
330
17
100
AcDbEntity
  8
SLOTS
100
AcDbCircle
 10
30.238095421396654
 20
26.316837852763598
 30
0.0
 40
0.125
100
AcDbArc
 50
80.59837482942515
 51
260.59837482942515
  0
LINE
  5
3D9
330
17
100
AcDbEntity
  8
SLOTS
100
AcDbLine
 10
30.2537563048815
 20
27.201158193388952
 30
0.0
 11
34.36797120879532
 21
26.5199344359622
 31
0.0
  0
LINE
  5
3DA
330
17
100
AcDbEntity
  8
SLOTS
100
AcDbLine
 10
34.32713272232572
 20
26.273292553827652
 30
0.0
 11
30.212917818411903
 21
26.954516311254405
 31
0.0
  0
ARC
  5
3DB
330
17
100
AcDbEntity
  8
SLOTS
100
AcDbCircle
 10
34.34755196556052
 20
26.396613494894925
 30
0.0
 40
0.125
100
AcDbArc
 50
-99.40162517057486
 51
80.59837482942514
  0
ARC
  5
3DC
330
17
100
AcDbEntity
  8
SLOTS
100
AcDbCircle
 10
30.2333370616467
 20
27.07783725232168
 30
0.0
 40
0.125
100
AcDbArc
 50
80.59837482942514
 51
260.59837482942515
  0
LINE
  5
3DD
330
17
100
AcDbEntity
  8
SLOTS
100
AcDbLine
 10
30.24899794513155
 20
27.96215759294703
 30
0.0
 11
34.14741187538364
 21
27.31666574393234
 31
0.0
  0
LINE
  5
3DE
330
17
100
AcDbEntity
  8
SLOTS
100
AcDbLine
 10
34.10657338891404
 20
27.070023861797793
 30
0.0
 11
30.208159458661953
 21
27.715515710812483
 31
0.0
  0
ARC
  5
3DF
330
17
100
AcDbEntity
  8
SLOTS
100
AcDbCircle
 10
34.12699263214884
 20
27.193344802865067
 30
0.0
 40
0.125
100
AcDbArc
 50
-99.40162517057485
 51
80.59837482942515
  0
ARC
  5
3E0
330
17
100
AcDbEntity
  8
SLOTS
100
AcDbCircle
 10
30.22857870189675
 20
27.838836651879756
 30
0.0
 40
0.125
100
AcDbArc
 50
80.59837482942515
 51
260.59837482942515
  0
LINE
  5
3E1
330
17
100
AcDbEntity
  8
SLOTS
100
AcDbLine
 10
30.244239585381596
 20
28.72315699250511
 30
0.0
 11
33.92685254197197
 21
28.11339705190248
 31
0.0
  0
LINE
  5
3E2
330
17
100
AcDbEntity
  8
SLOTS
100
AcDbLine
 10
33.88601405550237
 20
27.866755169767934
 30
0.0
 11
30.203401098912
 21
28.476515110370563
 31
0.0
  0
ARC
  5
3E3
330
17
100
AcDbEntity
  8
SLOTS
100
AcDbCircle
 10
33.90643329873717
 20
27.990076110835208
 30
0.0
 40
0.125
100
AcDbArc
 50
-99.40162517057487
 51
80.59837482942513
  0
ARC
  5
3E4
330
17
100
AcDbEntity
  8
SLOTS
100
AcDbCircle
 10
30.223820342146798
 20
28.599836051437837
 30
0.0
 40
0.125
100
AcDbArc
 50
80.59837482942513
 51
260.59837482942515
  0
LINE
  5
3E5
330
17
100
AcDbEntity
  8
SLOTS
100
AcDbLine
 10
30.239481225631643
 20
29.484156392063188
 30
0.0
 11
33.7062932085603
 21
28.910128359872623
 31
0.0
  0
LINE
  5
3E6
330
17
100
AcDbEntity
  8
SLOTS
100
AcDbLine
 10
33.6654547220907
 20
28.663486477738076
 30
0.0
 11
30.198642739162047
 21
29.23751450992864
 31
0.0
  0
ARC
  5
3E7
330
17
100
AcDbEntity
  8
SLOTS
100
AcDbCircle
 10
33.6858739653255
 20
28.78680741880535
 30
0.0
 40
0.125
100
AcDbArc
 50
-99.40162517057483
 51
80.59837482942517
  0
ARC
  5
3E8
330
17
100
AcDbEntity
  8
SLOTS
100
AcDbCircle
 10
30.219061982396845
 20
29.360835450995914
 30
0.0
 40
0.125
100
AcDbArc
 50
80.59837482942517
 51
260.59837482942515
  0
LINE
  5
3E9
330
17
100
AcDbEntity
  8
SLOTS
100
AcDbLine
 10
31.725468909135735
 20
29.998320941067274
 30
0.0
 11
33.48573387514862
 21
29.706859667842764
 31
0.0
  0
LINE
  5
3EA
330
17
100
AcDbEntity
  8
SLOTS
100
AcDbLine
 10
33.44489538867902
 20
29.460217785708217
 30
0.0
 11
31.68463042266614
 21
29.751679058932726
 31
0.0
  0
ARC
  5
3EB
330
17
100
AcDbEntity
  8
SLOTS
100
AcDbCircle
 10
33.46531463191382
 20
29.58353872677549
 30
0.0
 40
0.125
100
AcDbArc
 50
-99.40162517057487
 51
80.59837482942513
  0
ARC
  5
3EC
330
17
100
AcDbEntity
  8
SLOTS
100
AcDbCircle
 10
31.705049665900937
 20
29.875
 30
0.0
 40
0.125
100
AcDbArc
 50
80.59837482942513
 51
260.5983748294251
  0
LINE
  5
3ED
330
17
100
AcDbEntity
  8
SLOTS
100
AcDbLine
 10
25.687461940679594
 20
22.532926268721546
 30
0.0
 11
26.006916360133484
 21
21.973439608311512
 31
0.0
  0
LINE
  5
3EE
330
17
100
AcDbEntity
  8
SLOTS
100
AcDbLine
 10
25.78981342323573
 20
21.84947866772791
 30
0.0
 11
25.47035900378184
 21
22.408965328137946
 31
0.0
  0
ARC
  5
3EF
330
17
100
AcDbEntity
  8
SLOTS
100
AcDbCircle
 10
25.898364891684608
 20
21.911459138019712
 30
0.0
 40
0.125
100
AcDbArc
 50
-150.2745956184034
 51
29.725404381596604
  0
ARC
  5
3F0
330
17
100
AcDbEntity
  8
SLOTS
100
AcDbCircle
 10
25.578910472230717
 20
22.470945798429746
 30
0.0
 40
0.125
100
AcDbArc
 50
29.725404381596604
 51
209.7254043815966
  0
LINE
  5
3F1
330
17
100
AcDbEntity
  8
SLOTS
100
AcDbLine
 10
26.202111186033534
 20
23.144152167821186
 30
0.0
 11
27.16930987678787
 21
21.45021797098593
 31
0.0
  0
LINE
  5
3F2
330
17
100
AcDbEntity
  8
SLOTS
100
AcDbLine
 10
26.952206939890118
 20
21.326257030402328
 30
0.0
 11
25.98500824913578
 21
23.020191227237586
 31
0.0
  0
ARC
  5
3F3
330
17
100
AcDbEntity
  8
SLOTS
100
AcDbCircle
 10
27.060758408338994
 20
21.388237500694128
 30
0.0
 40
0.125
100
AcDbArc
 50
-150.27459561840334
 51
29.725404381596668
  0
ARC
  5
3F4
330
17
100
AcDbEntity
  8
SLOTS
100
AcDbCircle
 10
26.093559717584657
 20
23.082171697529386
 30
0.0
 40
0.125
100
AcDbArc
 50
29.725404381596668
 51
209.72540438159666
  0
LINE
  5
3F5
330
17
100
AcDbEntity
  8
SLOTS
100
AcDbLine
 10
26.716760431387474
 20
23.75537806692083
 30
0.0
 11
28.331703393442254
 21
20.92699633366034
 31
0.0
  0
LINE
  5
3F6
330
17
100
AcDbEntity
  8
SLOTS
100
AcDbLine
 10
28.1146004565445
 20
20.80303539307674
 30
0.0
 11
26.49965749448972
 21
23.63141712633723
 31
0.0
  0
ARC
  5
3F7
330
17
100
AcDbEntity
  8
SLOTS
100
AcDbCircle
 10
28.223151924993378
 20
20.86501586336854
 30
0.0
 40
0.125
100
AcDbArc
 50
-150.27459561840342
 51
29.72540438159657
  0
ARC
  5
3F8
330
17
100
AcDbEntity
  8
SLOTS
100
AcDbCircle
 10
26.608208962938598
 20
23.69339759662903
 30
0.0
 40
0.125
100
AcDbArc
 50
29.72540438159657
 51
209.72540438159658
  0
LINE
  5
3F9
330
17
100
AcDbEntity
  8
SLOTS
100
AcDbLine
 10
27.23140967674141
 20
24.366603966020467
 30
0.0
 11
28.901078776554556
 21
21.442375870377802
 31
0.0
  0
LINE
  5
3FA
330
17
100
AcDbEntity
  8
SLOTS
100
AcDbLine
 10
28.683975839656803
 20
21.3184149297942
 30
0.0
 11
27.014306739843658
 21
24.242643025436866
 31
0.0
  0
ARC
  5
3FB
330
17
100
AcDbEntity
  8
SLOTS
100
AcDbCircle
 10
28.79252730810568
 20
21.380395400086
 30
0.0
 40
0.125
100
AcDbArc
 50
-150.2745956184034
 51
29.72540438159662
  0
ARC
  5
3FC
330
17
100
AcDbEntity
  8
SLOTS
100
AcDbCircle
 10
27.122858208292534
 20
24.304623495728666
 30
0.0
 40
0.125
100
AcDbArc
 50
29.72540438159662
 51
209.7254043815966
  0
LINE
  5
3FD
330
17
100
AcDbEntity
  8
SLOTS
100
AcDbLine
 10
27.74605892209535
 20
24.977829865120107
 30
0.0
 11
29.134185632103723
 21
22.546689990654695
 31
0.0
  0
LINE
  5
3FE
330
17
100
AcDbEntity
  8
SLOTS
100
AcDbLine
 10
28.91708269520597
 20
22.422729050071094
 30
0.0
 11
27.528955985197598
 21
24.853868924536506
 31
0.0
  0
ARC
  5
3FF
330
17
100
AcDbEntity
  8
SLOTS
100
AcDbCircle
 10
29.025634163654846
 20
22.484709520362895
 30
0.0
 40
0.125
100
AcDbArc
 50
-150.27459561840342
 51
29.72540438159657
  0
ARC
  5
400
330
17
100
AcDbEntity
  8
SLOTS
100
AcDbCircle
 10
27.637507453646474
 20
24.915849394828307
 30
0.0
 40
0.125
100
AcDbArc
 50
29.72540438159657
 51
209.72540438159658
  0
LINE
  5
401
330
17
100
AcDbEntity
  8
SLOTS
100
AcDbLine
 10
28.423431007409278
 20
25.3040659417052
 30
0.0
 11
29.367292487652893
 21
23.651004110931588
 31
0.0
  0
LINE
  5
402
330
17
100
AcDbEntity
  8
SLOTS
100
AcDbLine
 10
29.15018955075514
 20
23.527043170347987
 30
0.0
 11
28.206328070511525
 21
25.1801050011216
 31
0.0
  0
ARC
  5
403
330
17
100
AcDbEntity
  8
SLOTS
100
AcDbCircle
 10
29.258741019204017
 20
23.589023640639788
 30
0.0
 40
0.125
100
AcDbArc
 50
-150.2745956184033
 51
29.725404381596697
  0
ARC
  5
404
330
17
100
AcDbEntity
  8
SLOTS
100
AcDbCircle
 10
28.3148795389604
 20
25.2420854714134
 30
0.0
 40
0.125
100
AcDbArc
 50
29.725404381596697
 51
209.7254043815967
  0
LINE
  5
405
330
17
100
AcDbEntity
  8
SLOTS
100
AcDbLine
 10
29.211554026140067
 20
25.43633484769795
 30
0.0
 11
29.60039934320206
 21
24.75531823120848
 31
0.0
  0
LINE
  5
406
330
17
100
AcDbEntity
  8
SLOTS
100
AcDbLine
 10
29.383296406304307
 20
24.63135729062488
 30
0.0
 11
28.994451089242315
 21
25.31237390711435
 31
0.0
  0
ARC
  5
407
330
17
100
AcDbEntity
  8
SLOTS
100
AcDbCircle
 10
29.491847874753184
 20
24.69333776091668
 30
0.0
 40
0.125
100
AcDbArc
 50
-150.2745956184035
 51
29.725404381596476
  0
ARC
  5
408
330
17
100
AcDbEntity
  8
SLOTS
100
AcDbCircle
 10
29.10300255769119
 20
25.37435437740615
 30
0.0
 40
0.125
100
AcDbArc
 50
29.725404381596476
 51
209.7254043815965
  0
LINE
  5
409
330
17
100
AcDbEntity
  8
SLOTS
100
AcDbLine
 10
29.533067172602603
 20
12.869455363303793
 30
0.0
 11
30.00320298618508
 21
11.054089032065459
 31
0.0
  0
LINE
  5
40A
330
17
100
AcDbEntity
  8
SLOTS
100
AcDbLine
 10
29.761187100396647
 20
10.991412792340657
 30
0.0
 11
29.29105128681417
 21
12.806779123578991
 31
0.0
  0
ARC
  5
40B
330
17
100
AcDbEntity
  8
SLOTS
100
AcDbCircle
 10
29.882195043290864
 20
11.022750912203058
 30
0.0
 40
0.125
100
AcDbArc
 50
-165.4807680679453
 51
14.519231932054723
  0
ARC
  5
40C
330
17
100
AcDbEntity
  8
SLOTS
100
AcDbCircle
 10
29.412059229708387
 20
12.838117243441392
 30
0.0
 40
0.125
100
AcDbArc
 50
14.519231932054723
 51
194.5192319320547
  0
LINE
  5
40D
330
17
100
AcDbEntity
  8
SLOTS
100
AcDbLine
 10
30.24231174606153
 20
13.122366935269495
 30
0.0
 11
30.83066954404036
 21
10.850502281876272
 31
0.0
  0
LINE
  5
40E
330
17
100
AcDbEntity
  8
SLOTS
100
AcDbLine
 10
30.58865365825193
 20
10.78782604215147
 30
0.0
 11
30.0002958602731
 21
13.059690695544694
 31
0.0
  0
ARC
  5
40F
330
17
100
AcDbEntity
  8
SLOTS
100
AcDbCircle
 10
30.709661601146145
 20
10.819164162013871
 30
0.0
 40
0.125
100
AcDbArc
 50
-165.4807680679453
 51
14.519231932054709
  0
ARC
  5
410
330
17
100
AcDbEntity
  8
SLOTS
100
AcDbCircle
 10
30.121303803167315
 20
13.091028815407094
 30
0.0
 40
0.125
100
AcDbArc
 50
14.519231932054709
 51
194.5192319320547
  0
LINE
  5
411
330
17
100
AcDbEntity
  8
SLOTS
100
AcDbLine
 10
30.951556319520463
 20
13.375278507235201
 30
0.0
 11
31.658136101895646
 21
10.646915531687084
 31
0.0
  0
LINE
  5
412
330
17
100
AcDbEntity
  8
SLOTS
100
AcDbLine
 10
31.416120216107213
 20
10.584239291962282
 30
0.0
 11
30.70954043373203
 21
13.3126022675104
 31
0.0
  0
ARC
  5
413
330
17
100
AcDbEntity
  8
SLOTS
100
AcDbCircle
 10
31.53712815900143
 20
10.615577411824683
 30
0.0
 40
0.125
100
AcDbArc
 50
-165.48076806794535
 51
14.519231932054652
  0
ARC
  5
414
330
17
100
AcDbEntity
  8
SLOTS
100
AcDbCircle
 10
30.830548376626247
 20
13.3439403873728
 30
0.0
 40
0.125
100
AcDbArc
 50
14.519231932054652
 51
194.51923193205465
  0
LINE
  5
415
330
17
100
AcDbEntity
  8
SLOTS
100
AcDbLine
 10
31.749951043311867
 20
13.283948741564497
 30
0.0
 11
32.48560265975093
 21
10.443328781497897
 31
0.0
  0
LINE
  5
416
330
17
100
AcDbEntity
  8
SLOTS
100
AcDbLine
 10
32.2435867739625
 20
10.380652541773095
 30
0.0
 11
31.507935157523434
 21
13.221272501839696
 31
0.0
  0
ARC
  5
417
330
17
100
AcDbEntity
  8
SLOTS
100
AcDbCircle
 10
32.364594716856715
 20
10.411990661635496
 30
0.0
 40
0.125
100
AcDbArc
 50
-165.4807680679453
 51
14.519231932054723
  0
ARC
  5
418
330
17
100
AcDbEntity
  8
SLOTS
100
AcDbCircle
 10
31.62894310041765
 20
13.252610621702097
 30
0.0
 40
0.125
100
AcDbArc
 50
14.519231932054723
 51
194.5192319320547
  0
LINE
  5
419
330
17
100
AcDbEntity
  8
SLOTS
100
AcDbLine
 10
32.630825048096504
 20
12.874136304686688
 30
0.0
 11
33.313069217606206
 21
10.23974203130871
 31
0.0
  0
LINE
  5
41A
330
17
100
AcDbEntity
  8
SLOTS
100
AcDbLine
 10
33.07105333181777
 20
10.177065791583908
 30
0.0
 11
32.38880916230807
 21
12.811460064961887
 31
0.0
  0
ARC
  5
41B
330
17
100
AcDbEntity
  8
SLOTS
100
AcDbCircle
 10
33.19206127471199
 20
10.20840391144631
 30
0.0
 40
0.125
100
AcDbArc
 50
-165.48076806794532
 51
14.51923193205468
  0
ARC
  5
41C
330
17
100
AcDbEntity
  8
SLOTS
100
AcDbCircle
 10
32.50981710520229
 20
12.842798184824288
 30
0.0
 40
0.125
100
AcDbArc
 50
14.51923193205468
 51
194.51923193205468
  0
LINE
  5
41D
330
17
100
AcDbEntity
  8
SLOTS
100
AcDbLine
 10
33.511699052881156
 20
12.464323867808877
 30
0.0
 11
34.140535775461494
 21
10.036155281119521
 31
0.0
  0
LINE
  5
41E
330
17
100
AcDbEntity
  8
SLOTS
100
AcDbLine
 10
33.89851988967306
 20
9.97347904139472
 30
0.0
 11
33.26968316709272
 21
12.401647628084076
 31
0.0
  0
ARC
  5
41F
330
17
100
AcDbEntity
  8
SLOTS
100
AcDbCircle
 10
34.01952783256728
 20
10.00481716125712
 30
0.0
 40
0.125
100
AcDbArc
 50
-165.48076806794535
 51
14.519231932054637
  0
ARC
  5
420
330
17
100
AcDbEntity
  8
SLOTS
100
AcDbCircle
 10
33.39069110998694
 20
12.432985747946477
 30
0.0
 40
0.125
100
AcDbArc
 50
14.519231932054637
 51
194.51923193205465
  0
LINE
  5
421
330
17
100
AcDbEntity
  8
SLOTS
100
AcDbLine
 10
34.3925730576658
 20
12.05451143093107
 30
0.0
 11
34.81847098072294
 21
10.409963775285092
 31
0.0
  0
LINE
  5
422
330
17
100
AcDbEntity
  8
SLOTS
100
AcDbLine
 10
34.57645509493451
 20
10.347287535560291
 30
0.0
 11
34.15055717187737
 21
11.991835191206269
 31
0.0
  0
ARC
  5
423
330
17
100
AcDbEntity
  8
SLOTS
100
AcDbCircle
 10
34.697463037828726
 20
10.378625655422692
 30
0.0
 40
0.125
100
AcDbArc
 50
-165.48076806794538
 51
14.519231932054623
  0
ARC
  5
424
330
17
100
AcDbEntity
  8
SLOTS
100
AcDbCircle
 10
34.27156511477158
 20
12.02317331106867
 30
0.0
 40
0.125
100
AcDbArc
 50
14.519231932054623
 51
194.51923193205462
  0
LINE
  5
425
330
17
100
AcDbEntity
  8
SLOTS
100
AcDbLine
 10
28.94455415782388
 20
10.722437543335205
 30
0.0
 11
27.09032321145045
 21
10.448160263754405
 31
0.0
  0
LINE
  5
426
330
17
100
AcDbEntity
  8
SLOTS
100
AcDbLine
 10
27.05374133177209
 20
10.69546931348611
 30
0.0
 11
28.90797227814552
 21
10.96974659306691
 31
0.0
  0
ARC
  5
427
330
17
100
AcDbEntity
  8
SLOTS
100
AcDbCircle
 10
27.07203227161127
 20
10.571814788620257
 30
0.0
 40
0.125
100
AcDbArc
 50
-261.58583958220106
 51
-81.58583958220109
  0
ARC
  5
428
330
17
100
AcDbEntity
  8
SLOTS
100
AcDbCircle
 10
28.9262632179847
 20
10.846092068201058
 30
0.0
 40
0.125
100
AcDbArc
 50
-81.58583958220109
 51
98.41416041779891
  0
LINE
  5
429
330
17
100
AcDbEntity
  8
SLOTS
100
AcDbLine
 10
29.04835201539724
 20
9.979630600109017
 30
0.0
 11
26.228212384583866
 21
9.562476400687238
 31
0.0
  0
LINE
  5
42A
330
17
100
AcDbEntity
  8
SLOTS
100
AcDbLine
 10
26.191630504905508
 20
9.809785450418943
 30
0.0
 11
29.01177013571888
 21
10.226939649840721
 31
0.0
  0
ARC
  5
42B
330
17
100
AcDbEntity
  8
SLOTS
100
AcDbCircle
 10
26.209921444744687
 20
9.68613092555309
 30
0.0
 40
0.125
100
AcDbArc
 50
-261.58583958220106
 51
-81.58583958220109
  0
ARC
  5
42C
330
17
100
AcDbEntity
  8
SLOTS
100
AcDbCircle
 10
29.03006107555806
 20
10.10328512497487
 30
0.0
 40
0.125
100
AcDbArc
 50
-81.58583958220109
 51
98.41416041779891
  0
LINE
  5
42D
330
17
100
AcDbEntity
  8
SLOTS
100
AcDbLine
 10
29.05856959387339
 20
9.222981290362416
 30
0.0
 11
25.366101557717283
 21
8.676792537620072
 31
0.0
  0
LINE
  5
42E
330
17
100
AcDbEntity
  8
SLOTS
100
AcDbLine
 10
25.329519678038924
 20
8.924101587351776
 30
0.0
 11
29.02198771419503
 21
9.47029034009412
 31
0.0
  0
ARC
  5
42F
330
17
100
AcDbEntity
  8
SLOTS
100
AcDbCircle
 10
25.347810617878103
 20
8.800447062485924
 30
0.0
 40
0.125
100
AcDbArc
 50
-261.58583958220106
 51
-81.58583958220106
  0
ARC
  5
430
330
17
100
AcDbEntity
  8
SLOTS
100
AcDbCircle
 10
29.04027865403421
 20
9.346635815228268
 30
0.0
 40
0.125
100
AcDbArc
 50
-81.58583958220106
 51
98.41416041779894
  0
LINE
  5
431
330
17
100
AcDbEntity
  8
SLOTS
100
AcDbLine
 10
29.068787172349545
 20
8.466331980615813
 30
0.0
 11
24.503990730850695
 21
7.791108674552905
 31
0.0
  0
LINE
  5
432
330
17
100
AcDbEntity
  8
SLOTS
100
AcDbLine
 10
24.467408851172337
 20
8.038417724284608
 30
0.0
 11
29.032205292671186
 21
8.713641030347517
 31
0.0
  0
ARC
  5
433
330
17
100
AcDbEntity
  8
SLOTS
100
AcDbCircle
 10
24.485699791011516
 20
7.914763199418756
 30
0.0
 40
0.125
100
AcDbArc
 50
-261.58583958220106
 51
-81.58583958220109
  0
ARC
  5
434
330
17
100
AcDbEntity
  8
SLOTS
100
AcDbCircle
 10
29.050496232510366
 20
8.589986505481665
 30
0.0
 40
0.125
100
AcDbArc
 50
-81.58583958220109
 51
98.41416041779891
  0
LINE
  5
435
330
17
100
AcDbEntity
  8
SLOTS
100
AcDbLine
 10
24.631130304483733
 20
7.051754430891524
 30
0.0
 11
23.641879903984112
 21
6.905424811485738
 31
0.0
  0
LINE
  5
436
330
17
100
AcDbEntity
  8
SLOTS
100
AcDbLine
 10
23.605298024305753
 20
7.152733861217441
 30
0.0
 11
24.594548424805375
 21
7.299063480623227
 31
0.0
  0
ARC
  5
437
330
17
100
AcDbEntity
  8
SLOTS
100
AcDbCircle
 10
23.623588964144933
 20
7.0290793363515895
 30
0.0
 40
0.125
100
AcDbArc
 50
-261.58583958220106
 51
-81.58583958220106
  0
ARC
  5
438
330
17
100
AcDbEntity
  8
SLOTS
100
AcDbCircle
 10
24.612839364644554
 20
7.1754089557573755
 30
0.0
 40
0.125
100
AcDbArc
 50
-81.58583958220106
 51
98.41416041779894
  0
LINE
  5
439
330
17
100
AcDbEntity
  8
SLOTS
100
AcDbLine
 10
33.95994508126228
 20
18.677211854298665
 30
0.0
 11
34.036867199725876
 21
19.48021209780595
 31
0.0
  0
LINE
  5
43A
330
17
100
AcDbEntity
  8
SLOTS
100
AcDbLine
 10
34.28572798735259
 20
19.45637287840154
 30
0.0
 11
34.208805868888994
 21
18.653372634894257
 31
0.0
  0
ARC
  5
43B
330
17
100
AcDbEntity
  8
SLOTS
100
AcDbCircle
 10
34.16129759353923
 20
19.468292488103746
 30
0.0
 40
0.125
100
AcDbArc
 50
-5.471860644525933
 51
174.52813935547408
  0
ARC
  5
43C
330
17
100
AcDbEntity
  8
SLOTS
100
AcDbCircle
 10
34.08437547507564
 20
18.66529224459646
 30
0.0
 40
0.125
100
AcDbArc
 50
174.52813935547408
 51
354.5281393554741
  0
LINE
  5
43D
330
17
100
AcDbEntity
  8
SLOTS
100
AcDbLine
 10
33.0868619483257
 20
17.42817111932009
 30
0.0
 11
33.26750319499393
 21
19.313909161372422
 31
0.0
  0
LINE
  5
43E
330
17
100
AcDbEntity
  8
SLOTS
100
AcDbLine
 10
33.51636398262064
 20
19.290069941968014
 30
0.0
 11
33.33572273595241
 21
17.404331899915682
 31
0.0
  0
ARC
  5
43F
330
17
100
AcDbEntity
  8
SLOTS
100
AcDbCircle
 10
33.391933588807284
 20
19.301989551670218
 30
0.0
 40
0.125
100
AcDbArc
 50
-5.4718606445257905
 51
174.5281393554742
  0
ARC
  5
440
330
17
100
AcDbEntity
  8
SLOTS
100
AcDbCircle
 10
33.21129234213905
 20
17.416251509617886
 30
0.0
 40
0.125
100
AcDbArc
 50
174.5281393554742
 51
354.5281393554742
  0
LINE
  5
441
330
17
100
AcDbEntity
  8
SLOTS
100
AcDbLine
 10
32.213778815389105
 20
16.179130384341516
 30
0.0
 11
32.49813919026197
 21
19.147606224938894
 31
0.0
  0
LINE
  5
442
330
17
100
AcDbEntity
  8
SLOTS
100
AcDbLine
 10
32.746999977888684
 20
19.123767005534486
 30
0.0
 11
32.462639603015816
 21
16.155291164937108
 31
0.0
  0
ARC
  5
443
330
17
100
AcDbEntity
  8
SLOTS
100
AcDbCircle
 10
32.62256958407533
 20
19.13568661523669
 30
0.0
 40
0.125
100
AcDbArc
 50
-5.471860644525748
 51
174.52813935547425
  0
ARC
  5
444
330
17
100
AcDbEntity
  8
SLOTS
100
AcDbCircle
 10
32.33820920920246
 20
16.16721077463931
 30
0.0
 40
0.125
100
AcDbArc
 50
174.52813935547425
 51
354.52813935547425
  0
LINE
  5
445
330
17
100
AcDbEntity
  8
SLOTS
100
AcDbLine
 10
31.34069568245251
 20
14.930089649362936
 30
0.0
 11
31.72877518553002
 21
18.981303288505366
 31
0.0
  0
LINE
  5
446
330
17
100
AcDbEntity
  8
SLOTS
100
AcDbLine
 10
31.97763597315673
 20
18.957464069100958
 30
0.0
 11
31.58955647007922
 21
14.906250429958527
 31
0.0
  0
ARC
  5
447
330
17
100
AcDbEntity
  8
SLOTS
100
AcDbCircle
 10
31.853205579343374
 20
18.969383678803162
 30
0.0
 40
0.125
100
AcDbArc
 50
-5.471860644525776
 51
174.52813935547422
  0
ARC
  5
448
330
17
100
AcDbEntity
  8
SLOTS
100
AcDbCircle
 10
31.465126076265864
 20
14.918170039660732
 30
0.0
 40
0.125
100
AcDbArc
 50
174.52813935547422
 51
354.5281393554742
  0
LINE
  5
449
330
17
100
AcDbEntity
  8
SLOTS
100
AcDbLine
 10
30.50589850047299
 20
14.080721057527244
 30
0.0
 11
30.95941118079807
 21
18.815000352071838
 31
0.0
  0
LINE
  5
44A
330
17
100
AcDbEntity
  8
SLOTS
100
AcDbLine
 10
31.208271968424782
 20
18.79116113266743
 30
0.0
 11
30.754759288099702
 21
14.056881838122836
 31
0.0
  0
ARC
  5
44B
330
17
100
AcDbEntity
  8
SLOTS
100
AcDbCircle
 10
31.083841574611426
 20
18.803080742369634
 30
0.0
 40
0.125
100
AcDbArc
 50
-5.471860644525762
 51
174.52813935547425
  0
ARC
  5
44C
330
17
100
AcDbEntity
  8
SLOTS
100
AcDbCircle
 10
30.630328894286347
 20
14.06880144782504
 30
0.0
 40
0.125
100
AcDbArc
 50
174.52813935547425
 51
354.52813935547425
  0
LINE
  5
44D
330
17
100
AcDbEntity
  8
SLOTS
100
AcDbLine
 10
29.725818268130013
 20
13.80254999326508
 30
0.0
 11
30.188016526858938
 21
18.627499198007087
 31
0.0
  0
LINE
  5
44E
330
17
100
AcDbEntity
  8
SLOTS
100
AcDbLine
 10
30.43687731448565
 20
18.60365997860268
 30
0.0
 11
29.974679055756724
 21
13.778710773860672
 31
0.0
  0
ARC
  5
44F
330
17
100
AcDbEntity
  8
SLOTS
100
AcDbCircle
 10
30.312446920672294
 20
18.615579588304882
 30
0.0
 40
0.125
100
AcDbArc
 50
-5.471860644525776
 51
174.52813935547422
  0
ARC
  5
450
330
17
100
AcDbEntity
  8
SLOTS
100
AcDbCircle
 10
29.85024866194337
 20
13.790630383562876
 30
0.0
 40
0.125
100
AcDbArc
 50
174.52813935547422
 51
354.5281393554742
  0
LINE
  5
451
330
17
100
AcDbEntity
  8
SLOTS
100
AcDbLine
 10
28.964191453330322
 20
13.717016613413792
 30
0.0
 11
29.344251639729073
 21
17.68451553727762
 31
0.0
  0
LINE
  5
452
330
17
100
AcDbEntity
  8
SLOTS
100
AcDbLine
 10
29.593112427355784
 20
17.66067631787321
 30
0.0
 11
29.213052240957033
 21
13.693177394009384
 31
0.0
  0
ARC
  5
453
330
17
100
AcDbEntity
  8
SLOTS
100
AcDbCircle
 10
29.46868203354243
 20
17.672595927575415
 30
0.0
 40
0.125
100
AcDbArc
 50
-5.471860644525805
 51
174.5281393554742
  0
ARC
  5
454
330
17
100
AcDbEntity
  8
SLOTS
100
AcDbCircle
 10
29.088621847143678
 20
13.705097003711588
 30
0.0
 40
0.125
100
AcDbArc
 50
174.5281393554742
 51
354.5281393554742
  0
LINE
  5
455
330
17
100
AcDbEntity
  8
SLOTS
100
AcDbLine
 10
28.316483154065228
 20
14.8206937953798
 30
0.0
 11
28.500486752599212
 21
16.741531876548155
 31
0.0
  0
LINE
  5
456
330
17
100
AcDbEntity
  8
SLOTS
100
AcDbLine
 10
28.749347540225923
 20
16.717692657143747
 30
0.0
 11
28.56534394169194
 21
14.796854575975392
 31
0.0
  0
ARC
  5
457
330
17
100
AcDbEntity
  8
SLOTS
100
AcDbCircle
 10
28.624917146412567
 20
16.72961226684595
 30
0.0
 40
0.125
100
AcDbArc
 50
-5.471860644525705
 51
174.5281393554743
  0
ARC
  5
458
330
17
100
AcDbEntity
  8
SLOTS
100
AcDbCircle
 10
28.440913547878584
 20
14.808774185677596
 30
0.0
 40
0.125
100
AcDbArc
 50
174.5281393554743
 51
354.5281393554743
  0
LINE
  5
459
330
17
100
AcDbEntity
  8
SLOTS
100
AcDbLine
 10
22.676569328218726
 20
1.1955787722646285
 30
0.0
 11
22.719039441840597
 21
1.2576591497187761
 31
0.0
  0
LINE
  5
45A
330
17
100
AcDbEntity
  8
SLOTS
100
AcDbLine
 10
22.925375448447465
 20
1.1165016051895191
 30
0.0
 11
22.882905334825594
 21
1.0544212277353715
 31
0.0
  0
ARC
  5
45B
330
17
100
AcDbEntity
  8
SLOTS
100
AcDbCircle
 10
22.82220744514403
 20
1.1870803774541476
 30
0.0
 40
0.125
100
AcDbArc
 50
-34.37661415938347
 51
145.62338584061652
  0
ARC
  5
45C
330
17
100
AcDbEntity
  8
SLOTS
100
AcDbCircle
 10
22.77973733152216
 20
1.125
 30
0.0
 40
0.125
100
AcDbArc
 50
145.62338584061652
 51
325.62338584061655
  0
LINE
  5
45D
330
17
100
AcDbEntity
  8
SLOTS
100
AcDbLine
 10
10.338009273229467
 20
22.043830251247545
 30
0.0
 11
10.036022816732647
 21
22.895399116061895
 31
0.0
  0
LINE
  5
45E
330
17
100
AcDbEntity
  8
SLOTS
100
AcDbLine
 10
10.271645718980288
 20
22.978956568969444
 30
0.0
 11
10.573632175477108
 21
22.127387704155094
 31
0.0
  0
ARC
  5
45F
330
17
100
AcDbEntity
  8
SLOTS
100
AcDbCircle
 10
10.153834267856467
 20
22.93717784251567
 30
0.0
 40
0.125
100
AcDbArc
 50
19.52571000089388
 51
199.52571000089387
  0
ARC
  5
460
330
17
100
AcDbEntity
  8
SLOTS
100
AcDbCircle
 10
10.455820724353288
 20
22.08560897770132
 30
0.0
 40
0.125
100
AcDbArc
 50
199.52571000089387
 51
379.52571000089387
  0
LINE
  5
461
330
17
100
AcDbEntity
  8
SLOTS
100
AcDbLine
 10
9.54630037952171
 20
22.03239796488567
 30
0.0
 11
8.99834674957855
 21
23.577567427233774
 31
0.0
  0
LINE
  5
462
330
17
100
AcDbEntity
  8
SLOTS
100
AcDbLine
 10
9.233969651826191
 20
23.661124880141323
 30
0.0
 11
9.781923281769352
 21
22.11595541779322
 31
0.0
  0
ARC
  5
463
330
17
100
AcDbEntity
  8
SLOTS
100
AcDbCircle
 10
9.11615820070237
 20
23.619346153687548
 30
0.0
 40
0.125
100
AcDbArc
 50
19.525710000893852
 51
199.52571000089387
  0
ARC
  5
464
330
17
100
AcDbEntity
  8
SLOTS
100
AcDbCircle
 10
9.664111830645531
 20
22.074176691339446
 30
0.0
 40
0.125
100
AcDbArc
 50
199.52571000089387
 51
379.52571000089387
  0
LINE
  5
465
330
17
100
AcDbEntity
  8
SLOTS
100
AcDbLine
 10
8.754591485813956
 20
22.020965678523797
 30
0.0
 11
8.467908960528845
 21
22.82937912676638
 31
0.0
  0
LINE
  5
466
330
17
100
AcDbEntity
  8
SLOTS
100
AcDbLine
 10
8.703531862776487
 20
22.91293657967393
 30
0.0
 11
8.990214388061597
 21
22.104523131431346
 31
0.0
  0
ARC
  5
467
330
17
100
AcDbEntity
  8
SLOTS
100
AcDbCircle
 10
8.585720411652666
 20
22.871157853220154
 30
0.0
 40
0.125
100
AcDbArc
 50
19.525710000893852
 51
199.52571000089387
  0
ARC
  5
468
330
17
100
AcDbEntity
  8
SLOTS
100
AcDbCircle
 10
8.872402936937776
 20
22.062744404977572
 30
0.0
 40
0.125
100
AcDbArc
 50
199.52571000089387
 51
379.52571000089387
  0
LINE
  5
469
330
17
100
AcDbEntity
  8
SLOTS
100
AcDbLine
 10
7.962882592106197
 20
22.00953339216192
 30
0.0
 11
7.937471171479139
 21
22.081190826298982
 31
0.0
  0
LINE
  5
46A
330
17
100
AcDbEntity
  8
SLOTS
100
AcDbLine
 10
8.173094073726784
 20
22.16474827920653
 30
0.0
 11
8.198505494353842
 21
22.09309084506947
 31
0.0
  0
ARC
  5
46B
330
17
100
AcDbEntity
  8
SLOTS
100
AcDbCircle
 10
8.055282622602961
 20
22.122969552752757
 30
0.0
 40
0.125
100
AcDbArc
 50
19.52571000089263
 51
199.52571000089262
  0
ARC
  5
46C
330
17
100
AcDbEntity
  8
SLOTS
100
AcDbCircle
 10
8.08069404323002
 20
22.051312118615694
 30
0.0
 40
0.125
100
AcDbArc
 50
199.52571000089262
 51
379.5257100008926
  0
LINE
  5
46D
330
17
100
AcDbEntity
  8
SLOTS
100
AcDbLine
 10
5.474333029954956
 20
24.306058336813937
 30
0.0
 11
4.672594866488874
 21
24.50717874264439
 31
0.0
  0
LINE
  5
46E
330
17
100
AcDbEntity
  8
SLOTS
100
AcDbLine
 10
4.733423991444878
 20
24.749665479512796
 30
0.0
 11
5.535162154910961
 21
24.548545073682345
 31
0.0
  0
ARC
  5
46F
330
17
100
AcDbEntity
  8
SLOTS
100
AcDbCircle
 10
4.703009428966876
 20
24.628422111078592
 30
0.0
 40
0.125
100
AcDbArc
 50
75.91763409447017
 51
255.91763409447017
  0
ARC
  5
470
330
17
100
AcDbEntity
  8
SLOTS
100
AcDbCircle
 10
5.504747592432959
 20
24.42730170524814
 30
0.0
 40
0.125
100
AcDbArc
 50
255.91763409447017
 51
435.91763409447015
  0
LINE
  5
471
330
17
100
AcDbEntity
  8
SLOTS
100
AcDbLine
 10
6.14756387741186
 20
23.36393652720679
 30
0.0
 11
4.325562427065286
 21
23.82099556195845
 31
0.0
  0
LINE
  5
472
330
17
100
AcDbEntity
  8
SLOTS
100
AcDbLine
 10
4.386391552021291
 20
24.06348229882686
 30
0.0
 11
6.208393002367865
 21
23.606423264075197
 31
0.0
  0
ARC
  5
473
330
17
100
AcDbEntity
  8
SLOTS
100
AcDbCircle
 10
4.355976989543288
 20
23.942238930392655
 30
0.0
 40
0.125
100
AcDbArc
 50
75.91763409447006
 51
255.91763409447006
  0
ARC
  5
474
330
17
100
AcDbEntity
  8
SLOTS
100
AcDbCircle
 10
6.177978439889863
 20
23.485179895640993
 30
0.0
 40
0.125
100
AcDbArc
 50
255.91763409447006
 51
435.91763409447003
  0
LINE
  5
475
330
17
100
AcDbEntity
  8
SLOTS
100
AcDbLine
 10
6.820794724868761
 20
22.42181471759965
 30
0.0
 11
4.081498176956377
 21
23.108982247487855
 31
0.0
  0
LINE
  5
476
330
17
100
AcDbEntity
  8
SLOTS
100
AcDbLine
 10
4.142327301912382
 20
23.351468984356263
 30
0.0
 11
6.8816238498247655
 21
22.664301454468056
 31
0.0
  0
ARC
  5
477
330
17
100
AcDbEntity
  8
SLOTS
100
AcDbCircle
 10
4.11191273943438
 20
23.23022561592206
 30
0.0
 40
0.125
100
AcDbArc
 50
75.91763409447012
 51
255.91763409447012
  0
ARC
  5
478
330
17
100
AcDbEntity
  8
SLOTS
100
AcDbCircle
 10
6.851209287346763
 20
22.543058086033852
 30
0.0
 40
0.125
100
AcDbArc
 50
255.91763409447012
 51
435.91763409447015
  0
LINE
  5
479
330
17
100
AcDbEntity
  8
SLOTS
100
AcDbLine
 10
7.324427450291544
 20
21.522237525033212
 30
0.0
 11
4.017583306314065
 21
22.35177747530769
 31
0.0
  0
LINE
  5
47A
330
17
100
AcDbEntity
  8
SLOTS
100
AcDbLine
 10
4.07841243127007
 20
22.594264212176096
 30
0.0
 11
7.385256575247548
 21
21.76472426190162
 31
0.0
  0
ARC
  5
47B
330
17
100
AcDbEntity
  8
SLOTS
100
AcDbCircle
 10
4.047997868792067
 20
22.473020843741892
 30
0.0
 40
0.125
100
AcDbArc
 50
75.91763409447015
 51
255.91763409447015
  0
ARC
  5
47C
330
17
100
AcDbEntity
  8
SLOTS
100
AcDbCircle
 10
7.354842012769546
 20
21.643480893467416
 30
0.0
 40
0.125
100
AcDbArc
 50
255.91763409447015
 51
435.91763409447015
  0
LINE
  5
47D
330
17
100
AcDbEntity
  8
SLOTS
100
AcDbLine
 10
6.855496117347881
 20
20.866633348880438
 30
0.0
 11
3.953668435671753
 21
21.594572703127525
 31
0.0
  0
LINE
  5
47E
330
17
100
AcDbEntity
  8
SLOTS
100
AcDbLine
 10
4.014497560627757
 20
21.837059439995933
 30
0.0
 11
6.916325242303886
 21
21.109120085748845
 31
0.0
  0
ARC
  5
47F
330
17
100
AcDbEntity
  8
SLOTS
100
AcDbCircle
 10
3.984082998149755
 20
21.71581607156173
 30
0.0
 40
0.125
100
AcDbArc
 50
75.91763409447006
 51
255.91763409447006
  0
ARC
  5
480
330
17
100
AcDbEntity
  8
SLOTS
100
AcDbCircle
 10
6.885910679825884
 20
20.98787671731464
 30
0.0
 40
0.125
100
AcDbArc
 50
255.91763409447006
 51
435.91763409447003
  0
LINE
  5
481
330
17
100
AcDbEntity
  8
SLOTS
100
AcDbLine
 10
6.386564784404221
 20
20.211029172727667
 30
0.0
 11
3.889753565029441
 21
20.83736793094736
 31
0.0
  0
LINE
  5
482
330
17
100
AcDbEntity
  8
SLOTS
100
AcDbLine
 10
3.9505826899854446
 20
21.079854667815766
 30
0.0
 11
6.447393909360225
 21
20.453515909596074
 31
0.0
  0
ARC
  5
483
330
17
100
AcDbEntity
  8
SLOTS
100
AcDbCircle
 10
3.9201681275074427
 20
20.958611299381563
 30
0.0
 40
0.125
100
AcDbArc
 50
75.91763409447009
 51
255.9176340944701
  0
ARC
  5
484
330
17
100
AcDbEntity
  8
SLOTS
100
AcDbCircle
 10
6.416979346882223
 20
20.33227254116187
 30
0.0
 40
0.125
100
AcDbArc
 50
255.9176340944701
 51
435.9176340944701
  0
LINE
  5
485
330
17
100
AcDbEntity
  8
SLOTS
100
AcDbLine
 10
5.917633451460557
 20
19.555424996574896
 30
0.0
 11
3.8258386943871283
 21
20.080163158767192
 31
0.0
  0
LINE
  5
486
330
17
100
AcDbEntity
  8
SLOTS
100
AcDbLine
 10
3.886667819343132
 20
20.3226498956356
 30
0.0
 11
5.978462576416562
 21
19.797911733443303
 31
0.0
  0
ARC
  5
487
330
17
100
AcDbEntity
  8
SLOTS
100
AcDbCircle
 10
3.85625325686513
 20
20.201406527201396
 30
0.0
 40
0.125
100
AcDbArc
 50
75.91763409447017
 51
255.91763409447017
  0
ARC
  5
488
330
17
100
AcDbEntity
  8
SLOTS
100
AcDbCircle
 10
5.94804801393856
 20
19.6766683650091
 30
0.0
 40
0.125
100
AcDbArc
 50
255.91763409447017
 51
435.91763409447015
  0
LINE
  5
489
330
17
100
AcDbEntity
  8
SLOTS
100
AcDbLine
 10
5.448702118516896
 20
18.89982082042212
 30
0.0
 11
3.761923823744816
 21
19.32295838658703
 31
0.0
  0
LINE
  5
48A
330
17
100
AcDbEntity
  8
SLOTS
100
AcDbLine
 10
3.8227529487008205
 20
19.565445123455437
 30
0.0
 11
5.5095312434729005
 21
19.14230755729053
 31
0.0
  0
ARC
  5
48B
330
17
100
AcDbEntity
  8
SLOTS
100
AcDbCircle
 10
3.792338386222818
 20
19.444201755021233
 30
0.0
 40
0.125
100
AcDbArc
 50
75.91763409447006
 51
255.91763409447006
  0
ARC
  5
48C
330
17
100
AcDbEntity
  8
SLOTS
100
AcDbCircle
 10
5.479116680994898
 20
19.021064188856325
 30
0.0
 40
0.125
100
AcDbArc
 50
255.91763409447006
 51
435.91763409447003
  0
LINE
  5
48D
330
17
100
AcDbEntity
  8
SLOTS
100
AcDbLine
 10
4.9797707855732325
 20
18.244216644269347
 30
0.0
 11
3.6980089531025038
 21
18.56575361440686
 31
0.0
  0
LINE
  5
48E
330
17
100
AcDbEntity
  8
SLOTS
100
AcDbLine
 10
3.7588380780585076
 20
18.808240351275266
 30
0.0
 11
5.040599910529237
 21
18.486703381137755
 31
0.0
  0
ARC
  5
48F
330
17
100
AcDbEntity
  8
SLOTS
100
AcDbCircle
 10
3.7284235155805057
 20
18.686996982841062
 30
0.0
 40
0.125
100
AcDbArc
 50
75.91763409447012
 51
255.91763409447012
  0
ARC
  5
490
330
17
100
AcDbEntity
  8
SLOTS
100
AcDbCircle
 10
5.010185348051235
 20
18.36546001270355
 30
0.0
 40
0.125
100
AcDbArc
 50
255.91763409447012
 51
435.91763409447015
  0
LINE
  5
491
330
17
100
AcDbEntity
  8
SLOTS
100
AcDbLine
 10
7.5348816604972395
 20
22.92059026874523
 30
0.0
 11
7.585919690512355
 21
22.942955632329483
 31
0.0
  0
LINE
  5
492
330
17
100
AcDbEntity
  8
SLOTS
100
AcDbLine
 10
7.686260794589941
 20
22.71397602006566
 30
0.0
 11
7.635222764574825
 21
22.69161065648141
 31
0.0
  0
ARC
  5
493
330
17
100
AcDbEntity
  8
SLOTS
100
AcDbCircle
 10
7.636090242551148
 20
22.828465826197572
 30
0.0
 40
0.125
100
AcDbArc
 50
-66.3364975219061
 51
113.6635024780939
  0
ARC
  5
494
330
17
100
AcDbEntity
  8
SLOTS
100
AcDbCircle
 10
7.5850522125360325
 20
22.80610046261332
 30
0.0
 40
0.125
100
AcDbArc
 50
113.6635024780939
 51
293.6635024780939
  0
LINE
  5
495
330
17
100
AcDbEntity
  8
SLOTS
100
AcDbLine
 10
7.089276445238854
 20
23.54417190252722
 30
0.0
 11
8.42809722669782
 21
24.13085625422763
 31
0.0
  0
LINE
  5
496
330
17
100
AcDbEntity
  8
SLOTS
100
AcDbLine
 10
8.52843833077541
 20
23.90187664196381
 30
0.0
 11
7.189617549316441
 21
23.3151922902634
 31
0.0
  0
ARC
  5
497
330
17
100
AcDbEntity
  8
SLOTS
100
AcDbCircle
 10
8.478267778736615
 20
24.01636644809572
 30
0.0
 40
0.125
100
AcDbArc
 50
-66.3364975219057
 51
113.6635024780943
  0
ARC
  5
498
330
17
100
AcDbEntity
  8
SLOTS
100
AcDbCircle
 10
7.1394469972776475
 20
23.42968209639531
 30
0.0
 40
0.125
100
AcDbArc
 50
113.6635024780943
 51
293.6635024780943
  0
LINE
  5
499
330
17
100
AcDbEntity
  8
SLOTS
100
AcDbLine
 10
6.643671229980468
 20
24.167753536309217
 30
0.0
 11
8.09121805482814
 21
24.80208270288092
 31
0.0
  0
LINE
  5
49A
330
17
100
AcDbEntity
  8
SLOTS
100
AcDbLine
 10
8.19155915890573
 20
24.5731030906171
 30
0.0
 11
6.744012334058056
 21
23.938773924045396
 31
0.0
  0
ARC
  5
49B
330
17
100
AcDbEntity
  8
SLOTS
100
AcDbCircle
 10
8.141388606866935
 20
24.68759289674901
 30
0.0
 40
0.125
100
AcDbArc
 50
-66.33649752190567
 51
113.66350247809433
  0
ARC
  5
49C
330
17
100
AcDbEntity
  8
SLOTS
100
AcDbCircle
 10
6.693841782019262
 20
24.053263730177306
 30
0.0
 40
0.125
100
AcDbArc
 50
113.66350247809433
 51
293.6635024780943
  0
LINE
  5
49D
330
17
100
AcDbEntity
  8
SLOTS
100
AcDbLine
 10
6.198066014722081
 20
24.791335170091212
 30
0.0
 11
7.555395265234124
 21
25.38613011382735
 31
0.0
  0
LINE
  5
49E
330
17
100
AcDbEntity
  8
SLOTS
100
AcDbLine
 10
7.655736369311712
 20
25.157150501563528
 30
0.0
 11
6.298407118799669
 21
24.56235555782739
 31
0.0
  0
ARC
  5
49F
330
17
100
AcDbEntity
  8
SLOTS
100
AcDbCircle
 10
7.605565817272918
 20
25.27164030769544
 30
0.0
 40
0.125
100
AcDbArc
 50
-66.33649752190578
 51
113.66350247809422
  0
ARC
  5
4A0
330
17
100
AcDbEntity
  8
SLOTS
100
AcDbCircle
 10
6.248236566760875
 20
24.676845363959302
 30
0.0
 40
0.125
100
AcDbArc
 50
113.66350247809422
 51
293.66350247809424
  0
LINE
  5
4A1
330
17
100
AcDbEntity
  8
SLOTS
100
AcDbLine
 10
5.752460799463694
 20
25.414916803873208
 30
0.0
 11
7.019572475640108
 21
25.97017752477378
 31
0.0
  0
LINE
  5
4A2
330
17
100
AcDbEntity
  8
SLOTS
100
AcDbLine
 10
7.119913579717696
 20
25.74119791250996
 30
0.0
 11
5.852801903541281
 21
25.185937191609387
 31
0.0
  0
ARC
  5
4A3
330
17
100
AcDbEntity
  8
SLOTS
100
AcDbCircle
 10
7.069743027678902
 20
25.85568771864187
 30
0.0
 40
0.125
100
AcDbArc
 50
-66.33649752190577
 51
113.66350247809423
  0
ARC
  5
4A4
330
17
100
AcDbEntity
  8
SLOTS
100
AcDbCircle
 10
5.802631351502487
 20
25.300426997741297
 30
0.0
 40
0.125
100
AcDbArc
 50
113.66350247809423
 51
293.66350247809424
  0
LINE
  5
4A5
330
17
100
AcDbEntity
  8
SLOTS
100
AcDbLine
 10
5.306855584205308
 20
26.038498437655203
 30
0.0
 11
6.4837496860460915
 21
26.554224935720214
 31
0.0
  0
LINE
  5
4A6
330
17
100
AcDbEntity
  8
SLOTS
100
AcDbLine
 10
6.584090790123679
 20
26.325245323456393
 30
0.0
 11
5.4071966882828955
 21
25.809518825391383
 31
0.0
  0
ARC
  5
4A7
330
17
100
AcDbEntity
  8
SLOTS
100
AcDbCircle
 10
6.533920238084885
 20
26.439735129588303
 30
0.0
 40
0.125
100
AcDbArc
 50
-66.33649752190573
 51
113.66350247809427
  0
ARC
  5
4A8
330
17
100
AcDbEntity
  8
SLOTS
100
AcDbCircle
 10
5.357026136244102
 20
25.924008631523293
 30
0.0
 40
0.125
100
AcDbArc
 50
113.66350247809427
 51
293.66350247809424
  0
LINE
  5
4A9
330
17
100
AcDbEntity
  8
SLOTS
100
AcDbLine
 10
5.620615295686099
 20
26.994841204157673
 30
0.0
 11
5.947926896452077
 21
27.138272346666643
 31
0.0
  0
LINE
  5
4AA
330
17
100
AcDbEntity
  8
SLOTS
100
AcDbLine
 10
6.0482680005296645
 20
26.909292734402822
 30
0.0
 11
5.720956399763686
 21
26.765861591893852
 31
0.0
  0
ARC
  5
4AB
330
17
100
AcDbEntity
  8
SLOTS
100
AcDbCircle
 10
5.998097448490871
 20
27.023782540534732
 30
0.0
 40
0.125
100
AcDbArc
 50
-66.33649752190567
 51
113.66350247809433
  0
ARC
  5
4AC
330
17
100
AcDbEntity
  8
SLOTS
100
AcDbCircle
 10
5.6707858477248925
 20
26.880351398025763
 30
0.0
 40
0.125
100
AcDbArc
 50
113.66350247809433
 51
293.6635024780943
  0
LINE
  5
4AD
330
17
100
AcDbEntity
  8
SLOTS
100
AcDbLine
 10
1.424199941513593
 20
23.087018014423663
 30
0.0
 11
1.2437073881627465
 21
22.539892183426122
 31
0.0
  0
LINE
  5
4AE
330
17
100
AcDbEntity
  8
SLOTS
100
AcDbLine
 10
1.0062926118372535
 20
22.618213470330236
 30
0.0
 11
1.1867851651881
 21
23.165339301327776
 31
0.0
  0
ARC
  5
4AF
330
17
100
AcDbEntity
  8
SLOTS
100
AcDbCircle
 10
1.125
 20
22.57905282687818
 30
0.0
 40
0.125
100
AcDbArc
 50
-198.25732071987255
 51
-18.257320719872553
  0
ARC
  5
4B0
330
17
100
AcDbEntity
  8
SLOTS
100
AcDbCircle
 10
1.3054925533508466
 20
23.12617865787572
 30
0.0
 40
0.125
100
AcDbArc
 50
-18.257320719872553
 51
161.74267928012745
  0
LINE
  5
4B1
330
17
100
AcDbEntity
  8
SLOTS
100
AcDbLine
 10
2.225581455448859
 20
23.122255087145735
 30
0.0
 11
1.2437073881627465
 21
20.145907005047267
 31
0.0
  0
LINE
  5
4B2
330
17
100
AcDbEntity
  8
SLOTS
100
AcDbLine
 10
1.0062926118372535
 20
20.22422829195138
 30
0.0
 11
1.988166679123366
 21
23.20057637404985
 31
0.0
  0
ARC
  5
4B3
330
17
100
AcDbEntity
  8
SLOTS
100
AcDbCircle
 10
1.125
 20
20.185067648499324
 30
0.0
 40
0.125
100
AcDbArc
 50
-198.2573207198726
 51
-18.257320719872595
  0
ARC
  5
4B4
330
17
100
AcDbEntity
  8
SLOTS
100
AcDbCircle
 10
2.1068740672861126
 20
23.161415730597792
 30
0.0
 40
0.125
100
AcDbArc
 50
-18.257320719872595
 51
161.7426792801274
  0
LINE
  5
4B5
330
17
100
AcDbEntity
  8
SLOTS
100
AcDbLine
 10
3.026962969384127
 20
23.157492159867807
 30
0.0
 11
1.4415204434344533
 21
18.35155117557188
 31
0.0
  0
LINE
  5
4B6
330
17
100
AcDbEntity
  8
SLOTS
100
AcDbLine
 10
1.2041056671089603
 20
18.429872462475995
 30
0.0
 11
2.789548193058634
 21
23.23581344677192
 31
0.0
  0
ARC
  5
4B7
330
17
100
AcDbEntity
  8
SLOTS
100
AcDbCircle
 10
1.3228130552717068
 20
18.390711819023938
 30
0.0
 40
0.125
100
AcDbArc
 50
-198.25732071987258
 51
-18.25732071987258
  0
ARC
  5
4B8
330
17
100
AcDbEntity
  8
SLOTS
100
AcDbCircle
 10
2.9082555812213804
 20
23.196652803319864
 30
0.0
 40
0.125
100
AcDbArc
 50
-18.25732071987258
 51
161.74267928012742
  0
LINE
  5
4B9
330
17
100
AcDbEntity
  8
SLOTS
100
AcDbLine
 10
3.3576603723122127
 20
21.765947736116946
 30
0.0
 11
2.2480891124309794
 21
18.402512035623218
 31
0.0
  0
LINE
  5
4BA
330
17
100
AcDbEntity
  8
SLOTS
100
AcDbLine
 10
2.0106743361054864
 20
18.48083332252733
 30
0.0
 11
3.1202455959867197
 21
21.84426902302106
 31
0.0
  0
ARC
  5
4BB
330
17
100
AcDbEntity
  8
SLOTS
100
AcDbCircle
 10
2.129381724268233
 20
18.441672679075275
 30
0.0
 40
0.125
100
AcDbArc
 50
-198.25732071987258
 51
-18.25732071987258
  0
ARC
  5
4BC
330
17
100
AcDbEntity
  8
SLOTS
100
AcDbCircle
 10
3.238952984149466
 20
21.805108379569003
 30
0.0
 40
0.125
100
AcDbArc
 50
-18.25732071987258
 51
161.74267928012742
  0
LINE
  5
4BD
330
17
100
AcDbEntity
  8
SLOTS
100
AcDbLine
 10
3.08610385531391
 20
18.54879516236811
 30
0.0
 11
3.054657781427505
 21
18.453472895674555
 31
0.0
  0
LINE
  5
4BE
330
17
100
AcDbEntity
  8
SLOTS
100
AcDbLine
 10
2.817243005102011
 20
18.53179418257866
 30
0.0
 11
2.848689078988416
 21
18.627116449272215
 31
0.0
  0
ARC
  5
4BF
330
17
100
AcDbEntity
  8
SLOTS
100
AcDbCircle
 10
2.935950393264758
 20
18.492633539126608
 30
0.0
 40
0.125
100
AcDbArc
 50
-198.25732071987198
 51
-18.25732071987197
  0
ARC
  5
4C0
330
17
100
AcDbEntity
  8
SLOTS
100
AcDbCircle
 10
2.967396467151163
 20
18.58795580582016
 30
0.0
 40
0.125
100
AcDbArc
 50
-18.25732071987197
 51
161.74267928012802
  0
LINE
  5
4C1
330
17
100
AcDbEntity
  8
SLOTS
100
AcDbLine
 10
1.2767640003874987
 20
25.187051031230205
 30
0.0
 11
1.2487949240945926
 21
24.98708648494679
 31
0.0
  0
LINE
  5
4C2
330
17
100
AcDbEntity
  8
SLOTS
100
AcDbLine
 10
1.0012050759054074
 20
25.021716920601808
 30
0.0
 11
1.0291741521983135
 21
25.221681466885222
 31
0.0
  0
ARC
  5
4C3
330
17
100
AcDbEntity
  8
SLOTS
100
AcDbCircle
 10
1.125
 20
25.0044017027743
 30
0.0
 40
0.125
100
AcDbArc
 50
-187.96231488938463
 51
-7.962314889384643
  0
ARC
  5
4C4
330
17
100
AcDbEntity
  8
SLOTS
100
AcDbCircle
 10
1.1529690762929061
 20
25.204366249057713
 30
0.0
 40
0.125
100
AcDbArc
 50
-7.962314889384643
 51
172.03768511061537
  0
LINE
  5
4C5
330
17
100
AcDbEntity
  8
SLOTS
100
AcDbLine
 10
2.049963272480966
 20
25.30071666445593
 30
0.0
 11
1.8509858762877427
 21
23.87813036472443
 31
0.0
  0
LINE
  5
4C6
330
17
100
AcDbEntity
  8
SLOTS
100
AcDbLine
 10
1.6033960280985575
 20
23.91276080037945
 30
0.0
 11
1.802373424291781
 21
25.335347100110948
 31
0.0
  0
ARC
  5
4C7
330
17
100
AcDbEntity
  8
SLOTS
100
AcDbCircle
 10
1.72719095219315
 20
23.89544558255194
 30
0.0
 40
0.125
100
AcDbArc
 50
-187.96231488938463
 51
-7.962314889384615
  0
ARC
  5
4C8
330
17
100
AcDbEntity
  8
SLOTS
100
AcDbCircle
 10
1.9261683483863736
 20
25.31803188228344
 30
0.0
 40
0.125
100
AcDbArc
 50
-7.962314889384615
 51
172.03768511061537
  0
LINE
  5
4C9
330
17
100
AcDbEntity
  8
SLOTS
100
AcDbLine
 10
2.823162544574434
 20
25.414382297681655
 30
0.0
 11
2.6129730507660485
 21
23.911635252238657
 31
0.0
  0
LINE
  5
4CA
330
17
100
AcDbEntity
  8
SLOTS
100
AcDbLine
 10
2.3653832025768633
 20
23.946265687893675
 30
0.0
 11
2.5755726963852488
 21
25.449012733336673
 31
0.0
  0
ARC
  5
4CB
330
17
100
AcDbEntity
  8
SLOTS
100
AcDbCircle
 10
2.489178126671456
 20
23.928950470066166
 30
0.0
 40
0.125
100
AcDbArc
 50
-187.96231488938463
 51
-7.962314889384629
  0
ARC
  5
4CC
330
17
100
AcDbEntity
  8
SLOTS
100
AcDbCircle
 10
2.6993676204798414
 20
25.431697515509164
 30
0.0
 40
0.125
100
AcDbArc
 50
-7.962314889384629
 51
172.03768511061537
  0
LINE
  5
4CD
330
17
100
AcDbEntity
  8
SLOTS
100
AcDbLine
 10
3.5963618166679017
 20
25.528047930907377
 30
0.0
 11
3.3749602252443545
 21
23.94514013975288
 31
0.0
  0
LINE
  5
4CE
330
17
100
AcDbEntity
  8
SLOTS
100
AcDbLine
 10
3.1273703770551693
 20
23.979770575407898
 30
0.0
 11
3.3487719684787165
 21
25.562678366562395
 31
0.0
  0
ARC
  5
4CF
330
17
100
AcDbEntity
  8
SLOTS
100
AcDbCircle
 10
3.251165301149762
 20
23.96245535758039
 30
0.0
 40
0.125
100
AcDbArc
 50
-187.96231488938463
 51
-7.962314889384629
  0
ARC
  5
4D0
330
17
100
AcDbEntity
  8
SLOTS
100
AcDbCircle
 10
3.472566892573309
 20
25.545363148734886
 30
0.0
 40
0.125
100
AcDbArc
 50
-7.962314889384629
 51
172.03768511061537
  0
LINE
  5
4D1
330
17
100
AcDbEntity
  8
SLOTS
100
AcDbLine
 10
4.369561088761369
 20
25.641713564133102
 30
0.0
 11
4.3168029727481665
 21
25.26452010157947
 31
0.0
  0
LINE
  5
4D2
330
17
100
AcDbEntity
  8
SLOTS
100
AcDbLine
 10
4.06921312455898
 20
25.29915053723449
 30
0.0
 11
4.121971240572183
 21
25.67634399978812
 31
0.0
  0
ARC
  5
4D3
330
17
100
AcDbEntity
  8
SLOTS
100
AcDbCircle
 10
4.1930080486535735
 20
25.28183531940698
 30
0.0
 40
0.125
100
AcDbArc
 50
-187.96231488938452
 51
-7.96231488938453
  0
ARC
  5
4D4
330
17
100
AcDbEntity
  8
SLOTS
100
AcDbCircle
 10
4.245766164666776
 20
25.65902878196061
 30
0.0
 40
0.125
100
AcDbArc
 50
-7.96231488938453
 51
172.03768511061548
  0
LINE
  5
4D5
330
17
100
AcDbEntity
  8
SLOTS
100
AcDbLine
 10
19.089447068788324
 20
20.719988315109802
 30
0.0
 11
20.516457139836117
 21
20.837420227288636
 31
0.0
  0
LINE
  5
4D6
330
17
100
AcDbEntity
  8
SLOTS
100
AcDbLine
 10
20.536960901018322
 20
20.588262454426978
 30
0.0
 11
19.10995082997053
 21
20.470830542248144
 31
0.0
  0
ARC
  5
4D7
330
17
100
AcDbEntity
  8
SLOTS
100
AcDbCircle
 10
20.52670902042722
 20
20.712841340857807
 30
0.0
 40
0.125
100
AcDbArc
 50
-85.29559999519789
 51
94.70440000480211
  0
ARC
  5
4D8
330
17
100
AcDbEntity
  8
SLOTS
100
AcDbCircle
 10
19.099698949379427
 20
20.595409428678973
 30
0.0
 40
0.125
100
AcDbArc
 50
94.70440000480211
 51
274.7044000048021
  0
LINE
  5
4D9
330
17
100
AcDbEntity
  8
SLOTS
100
AcDbLine
 10
18.404300475929514
 20
21.416141262268816
 30
0.0
 11
20.46142716739608
 21
21.585426907741287
 31
0.0
  0
LINE
  5
4DA
330
17
100
AcDbEntity
  8
SLOTS
100
AcDbLine
 10
20.481930928578286
 20
21.33626913487963
 30
0.0
 11
18.42480423711172
 21
21.16698348940716
 31
0.0
  0
ARC
  5
4DB
330
17
100
AcDbEntity
  8
SLOTS
100
AcDbCircle
 10
20.471679047987184
 20
21.460848021310458
 30
0.0
 40
0.125
100
AcDbArc
 50
-85.29559999519779
 51
94.70440000480221
  0
ARC
  5
4DC
330
17
100
AcDbEntity
  8
SLOTS
100
AcDbCircle
 10
18.414552356520616
 20
21.291562375837987
 30
0.0
 40
0.125
100
AcDbArc
 50
94.70440000480221
 51
274.7044000048022
  0
LINE
  5
4DD
330
17
100
AcDbEntity
  8
SLOTS
100
AcDbLine
 10
17.7191538830707
 20
22.11229420942783
 30
0.0
 11
20.326607133352123
 21
22.32686748211163
 31
0.0
  0
LINE
  5
4DE
330
17
100
AcDbEntity
  8
SLOTS
100
AcDbLine
 10
20.347110894534328
 20
22.077709709249973
 30
0.0
 11
17.739657644252905
 21
21.863136436566172
 31
0.0
  0
ARC
  5
4DF
330
17
100
AcDbEntity
  8
SLOTS
100
AcDbCircle
 10
20.336859013943226
 20
22.202288595680802
 30
0.0
 40
0.125
100
AcDbArc
 50
-85.29559999519782
 51
94.70440000480218
  0
ARC
  5
4E0
330
17
100
AcDbEntity
  8
SLOTS
100
AcDbCircle
 10
17.729405763661802
 20
21.987715322997
 30
0.0
 40
0.125
100
AcDbArc
 50
94.70440000480218
 51
274.7044000048022
  0
LINE
  5
4E1
330
17
100
AcDbEntity
  8
SLOTS
100
AcDbLine
 10
17.034007290211886
 20
22.808447156586844
 30
0.0
 11
20.19178709930817
 21
23.06830805648198
 31
0.0
  0
LINE
  5
4E2
330
17
100
AcDbEntity
  8
SLOTS
100
AcDbLine
 10
20.212290860490373
 20
22.81915028362032
 30
0.0
 11
17.05451105139409
 21
22.559289383725186
 31
0.0
  0
ARC
  5
4E3
330
17
100
AcDbEntity
  8
SLOTS
100
AcDbCircle
 10
20.20203897989927
 20
22.94372917005115
 30
0.0
 40
0.125
100
AcDbArc
 50
-85.29559999519776
 51
94.70440000480224
  0
ARC
  5
4E4
330
17
100
AcDbEntity
  8
SLOTS
100
AcDbCircle
 10
17.044259170802988
 20
22.683868270156015
 30
0.0
 40
0.125
100
AcDbArc
 50
94.70440000480224
 51
274.7044000048022
  0
LINE
  5
4E5
330
17
100
AcDbEntity
  8
SLOTS
100
AcDbLine
 10
16.348860697353075
 20
23.504600103745858
 30
0.0
 11
19.562786122422583
 21
23.769081354385506
 31
0.0
  0
LINE
  5
4E6
330
17
100
AcDbEntity
  8
SLOTS
100
AcDbLine
 10
19.583289883604788
 20
23.519923581523848
 30
0.0
 11
16.36936445853528
 21
23.2554423308842
 31
0.0
  0
ARC
  5
4E7
330
17
100
AcDbEntity
  8
SLOTS
100
AcDbCircle
 10
19.573038003013686
 20
23.644502467954677
 30
0.0
 40
0.125
100
AcDbArc
 50
-85.29559999519778
 51
94.70440000480222
  0
ARC
  5
4E8
330
17
100
AcDbEntity
  8
SLOTS
100
AcDbCircle
 10
16.359112577944178
 20
23.38002121731503
 30
0.0
 40
0.125
100
AcDbArc
 50
94.70440000480222
 51
274.7044000048022
  0
LINE
  5
4E9
330
17
100
AcDbEntity
  8
SLOTS
100
AcDbLine
 10
15.663714104494261
 20
24.200753050904876
 30
0.0
 11
18.801078918993078
 21
24.45893395435055
 31
0.0
  0
LINE
  5
4EA
330
17
100
AcDbEntity
  8
SLOTS
100
AcDbLine
 10
18.821582680175283
 20
24.20977618148889
 30
0.0
 11
15.684217865676466
 21
23.951595278043218
 31
0.0
  0
ARC
  5
4EB
330
17
100
AcDbEntity
  8
SLOTS
100
AcDbCircle
 10
18.81133079958418
 20
24.33435506791972
 30
0.0
 40
0.125
100
AcDbArc
 50
-85.29559999519782
 51
94.70440000480218
  0
ARC
  5
4EC
330
17
100
AcDbEntity
  8
SLOTS
100
AcDbCircle
 10
15.673965985085363
 20
24.076174164474047
 30
0.0
 40
0.125
100
AcDbArc
 50
94.70440000480218
 51
274.7044000048022
  0
LINE
  5
4ED
330
17
100
AcDbEntity
  8
SLOTS
100
AcDbLine
 10
14.978567511635447
 20
24.89690599806389
 30
0.0
 11
18.039371715563572
 21
25.148786554315592
 31
0.0
  0
LINE
  5
4EE
330
17
100
AcDbEntity
  8
SLOTS
100
AcDbLine
 10
18.059875476745777
 20
24.899628781453934
 30
0.0
 11
14.999071272817652
 21
24.647748225202232
 31
0.0
  0
ARC
  5
4EF
330
17
100
AcDbEntity
  8
SLOTS
100
AcDbCircle
 10
18.049623596154674
 20
25.024207667884763
 30
0.0
 40
0.125
100
AcDbArc
 50
-85.2955999951978
 51
94.7044000048022
  0
ARC
  5
4F0
330
17
100
AcDbEntity
  8
SLOTS
100
AcDbCircle
 10
14.98881939222655
 20
24.77232711163306
 30
0.0
 40
0.125
100
AcDbArc
 50
94.7044000048022
 51
274.7044000048022
  0
LINE
  5
4F1
330
17
100
AcDbEntity
  8
SLOTS
100
AcDbLine
 10
14.293420918776635
 20
25.593058945222904
 30
0.0
 11
17.277664512134066
 21
25.83863915428063
 31
0.0
  0
LINE
  5
4F2
330
17
100
AcDbEntity
  8
SLOTS
100
AcDbLine
 10
17.29816827331627
 20
25.589481381418974
 30
0.0
 11
14.31392467995884
 21
25.343901172361246
 31
0.0
  0
ARC
  5
4F3
330
17
100
AcDbEntity
  8
SLOTS
100
AcDbCircle
 10
17.28791639272517
 20
25.714060267849803
 30
0.0
 40
0.125
100
AcDbArc
 50
-85.29559999519785
 51
94.70440000480215
  0
ARC
  5
4F4
330
17
100
AcDbEntity
  8
SLOTS
100
AcDbCircle
 10
14.303672799367737
 20
25.468480058792075
 30
0.0
 40
0.125
100
AcDbArc
 50
94.70440000480215
 51
274.70440000480215
  0
LINE
  5
4F5
330
17
100
AcDbEntity
  8
SLOTS
100
AcDbLine
 10
13.770196407750268
 20
26.30253682966116
 30
0.0
 11
16.51595730870456
 21
26.528491754245675
 31
0.0
  0
LINE
  5
4F6
330
17
100
AcDbEntity
  8
SLOTS
100
AcDbLine
 10
16.536461069886766
 20
26.279333981384017
 30
0.0
 11
13.790700168932473
 21
26.053379056799503
 31
0.0
  0
ARC
  5
4F7
330
17
100
AcDbEntity
  8
SLOTS
100
AcDbCircle
 10
16.526209189295663
 20
26.403912867814846
 30
0.0
 40
0.125
100
AcDbArc
 50
-85.2955999951978
 51
94.7044000048022
  0
ARC
  5
4F8
330
17
100
AcDbEntity
  8
SLOTS
100
AcDbCircle
 10
13.78044828834137
 20
26.177957943230332
 30
0.0
 40
0.125
100
AcDbArc
 50
94.7044000048022
 51
274.7044000048022
  0
LINE
  5
4F9
330
17
100
AcDbEntity
  8
SLOTS
100
AcDbLine
 10
13.80949828946863
 20
27.058306293459175
 30
0.0
 11
15.754250105275053
 21
27.218344354210718
 31
0.0
  0
LINE
  5
4FA
330
17
100
AcDbEntity
  8
SLOTS
100
AcDbLine
 10
15.774753866457258
 20
26.96918658134906
 30
0.0
 11
13.830002050650835
 21
26.809148520597518
 31
0.0
  0
ARC
  5
4FB
330
17
100
AcDbEntity
  8
SLOTS
100
AcDbCircle
 10
15.764501985866156
 20
27.09376546777989
 30
0.0
 40
0.125
100
AcDbArc
 50
-85.29559999519783
 51
94.70440000480217
  0
ARC
  5
4FC
330
17
100
AcDbEntity
  8
SLOTS
100
AcDbCircle
 10
13.819750170059732
 20
26.933727407028346
 30
0.0
 40
0.125
100
AcDbArc
 50
94.70440000480217
 51
274.70440000480215
  0
LINE
  5
4FD
330
17
100
AcDbEntity
  8
SLOTS
100
AcDbLine
 10
13.848800171186992
 20
27.814075757257186
 30
0.0
 11
14.992542901845548
 21
27.90819695417576
 31
0.0
  0
LINE
  5
4FE
330
17
100
AcDbEntity
  8
SLOTS
100
AcDbLine
 10
15.013046663027753
 20
27.659039181314103
 30
0.0
 11
13.869303932369197
 21
27.564917984395528
 31
0.0
  0
ARC
  5
4FF
330
17
100
AcDbEntity
  8
SLOTS
100
AcDbCircle
 10
15.00279478243665
 20
27.783618067744932
 30
0.0
 40
0.125
100
AcDbArc
 50
-85.29559999519773
 51
94.70440000480227
  0
ARC
  5
500
330
17
100
AcDbEntity
  8
SLOTS
100
AcDbCircle
 10
13.859052051778095
 20
27.689496870826357
 30
0.0
 40
0.125
100
AcDbArc
 50
94.70440000480227
 51
274.70440000480227
  0
LINE
  5
501
330
17
100
AcDbEntity
  8
SLOTS
100
AcDbLine
 10
13.888102052905355
 20
28.5698452210552
 30
0.0
 11
14.230835698416042
 21
28.598049554140804
 31
0.0
  0
LINE
  5
502
330
17
100
AcDbEntity
  8
SLOTS
100
AcDbLine
 10
14.251339459598247
 20
28.348891781279146
 30
0.0
 11
13.90860581408756
 21
28.320687448193542
 31
0.0
  0
ARC
  5
503
330
17
100
AcDbEntity
  8
SLOTS
100
AcDbCircle
 10
14.241087579007145
 20
28.473470667709975
 30
0.0
 40
0.125
100
AcDbArc
 50
-85.29559999519778
 51
94.70440000480222
  0
ARC
  5
504
330
17
100
AcDbEntity
  8
SLOTS
100
AcDbCircle
 10
13.898353933496457
 20
28.44526633462437
 30
0.0
 40
0.125
100
AcDbArc
 50
94.70440000480222
 51
274.7044000048022
  0
LINE
  5
505
330
17
100
AcDbEntity
  8
SLOTS
100
AcDbLine
 10
1.229506793213742
 20
6.40744555364256
 30
0.0
 11
1.2341714913594923
 21
6.400337260432665
 31
0.0
  0
LINE
  5
506
330
17
100
AcDbEntity
  8
SLOTS
100
AcDbLine
 10
1.0251579049320083
 20
6.263175601472441
 30
0.0
 11
1.020493206786258
 21
6.270283894682336
 31
0.0
  0
ARC
  5
507
330
17
100
AcDbEntity
  8
SLOTS
100
AcDbCircle
 10
1.1296646981457503
 20
6.331756430952553
 30
0.0
 40
0.125
100
AcDbArc
 50
-146.72578401010426
 51
33.27421598989574
  0
ARC
  5
508
330
17
100
AcDbEntity
  8
SLOTS
100
AcDbCircle
 10
1.125
 20
6.338864724162448
 30
0.0
 40
0.125
100
AcDbArc
 50
33.27421598989574
 51
213.27421598989574
  0
LINE
  5
509
330
17
100
AcDbEntity
  8
SLOTS
100
AcDbLine
 10
1.2295067932137411
 20
7.774445642598692
 30
0.0
 11
2.1126203655827127
 21
6.4287143618393285
 31
0.0
  0
LINE
  5
50A
330
17
100
AcDbEntity
  8
SLOTS
100
AcDbLine
 10
1.9036067791552305
 20
6.291552702879103
 30
0.0
 11
1.0204932067862589
 21
7.637283983638466
 31
0.0
  0
ARC
  5
50B
330
17
100
AcDbEntity
  8
SLOTS
100
AcDbCircle
 10
2.0081135723689716
 20
6.360133532359216
 30
0.0
 40
0.125
100
AcDbArc
 50
-146.72578401010344
 51
33.274215989896554
  0
ARC
  5
50C
330
17
100
AcDbEntity
  8
SLOTS
100
AcDbCircle
 10
1.125
 20
7.705864813118579
 30
0.0
 40
0.125
100
AcDbArc
 50
33.274215989896554
 51
213.27421598989656
  0
LINE
  5
50D
330
17
100
AcDbEntity
  8
SLOTS
100
AcDbLine
 10
1.2295067932137411
 20
9.141445731554823
 30
0.0
 11
2.3556716338947843
 21
7.425341143409425
 31
0.0
  0
LINE
  5
50E
330
17
100
AcDbEntity
  8
SLOTS
100
AcDbLine
 10
2.146658047467302
 20
7.288179484449199
 30
0.0
 11
1.0204932067862589
 21
9.004284072594595
 31
0.0
  0
ARC
  5
50F
330
17
100
AcDbEntity
  8
SLOTS
100
AcDbCircle
 10
2.251164840681043
 20
7.356760313929312
 30
0.0
 40
0.125
100
AcDbArc
 50
-146.72578401010344
 51
33.27421598989656
  0
ARC
  5
510
330
17
100
AcDbEntity
  8
SLOTS
100
AcDbCircle
 10
1.125
 20
9.07286490207471
 30
0.0
 40
0.125
100
AcDbArc
 50
33.27421598989656
 51
213.27421598989656
  0
LINE
  5
511
330
17
100
AcDbEntity
  8
SLOTS
100
AcDbLine
 10
1.583172613947607
 20
9.969512694819906
 30
0.0
 11
2.5682785834686617
 21
8.468360454014597
 31
0.0
  0
LINE
  5
512
330
17
100
AcDbEntity
  8
SLOTS
100
AcDbLine
 10
2.3592649970411794
 20
8.33119879505437
 30
0.0
 11
1.3741590275201248
 21
9.832351035859679
 31
0.0
  0
ARC
  5
513
330
17
100
AcDbEntity
  8
SLOTS
100
AcDbCircle
 10
2.4637717902549205
 20
8.399779624534483
 30
0.0
 40
0.125
100
AcDbArc
 50
-146.72578401010344
 51
33.274215989896554
  0
ARC
  5
514
330
17
100
AcDbEntity
  8
SLOTS
100
AcDbCircle
 10
1.4786658207338659
 20
9.900931865339793
 30
0.0
 40
0.125
100
AcDbArc
 50
33.274215989896554
 51
213.27421598989656
  0
LINE
  5
515
330
17
100
AcDbEntity
  8
SLOTS
100
AcDbLine
 10
7.423242279508471
 20
10.724495763798616
 30
0.0
 11
5.081060419220713
 21
10.849232777787103
 31
0.0
  0
LINE
  5
516
330
17
100
AcDbEntity
  8
SLOTS
100
AcDbLine
 10
5.094355767546436
 20
11.098878994888219
 30
0.0
 11
7.436537627834194
 21
10.974141980899732
 31
0.0
  0
ARC
  5
517
330
17
100
AcDbEntity
  8
SLOTS
100
AcDbCircle
 10
5.087708093383575
 20
10.974055886337661
 30
0.0
 40
0.125
100
AcDbArc
 50
86.95149246629813
 51
266.95149246629813
  0
ARC
  5
518
330
17
100
AcDbEntity
  8
SLOTS
100
AcDbCircle
 10
7.429889953671332
 20
10.849318872349174
 30
0.0
 40
0.125
100
AcDbArc
 50
266.95149246629813
 51
446.95149246629813
  0
LINE
  5
519
330
17
100
AcDbEntity
  8
SLOTS
100
AcDbLine
 10
9.883237892511332
 20
9.84242151844592
 30
0.0
 11
4.431654317327761
 21
10.13275518903183
 31
0.0
  0
LINE
  5
51A
330
17
100
AcDbEntity
  8
SLOTS
100
AcDbLine
 10
4.444949665653485
 20
10.382401406132946
 30
0.0
 11
9.896533240837055
 21
10.092067735547037
 31
0.0
  0
ARC
  5
51B
330
17
100
AcDbEntity
  8
SLOTS
100
AcDbCircle
 10
4.438301991490623
 20
10.257578297582388
 30
0.0
 40
0.125
100
AcDbArc
 50
86.9514924662981
 51
266.9514924662981
  0
ARC
  5
51C
330
17
100
AcDbEntity
  8
SLOTS
100
AcDbCircle
 10
9.889885566674193
 20
9.967244626996479
 30
0.0
 40
0.125
100
AcDbArc
 50
266.9514924662981
 51
446.9514924662981
  0
LINE
  5
51D
330
17
100
AcDbEntity
  8
SLOTS
100
AcDbLine
 10
11.050774837478567
 20
9.029179432409194
 30
0.0
 11
3.7822482154348087
 21
9.416277600276556
 31
0.0
  0
LINE
  5
51E
330
17
100
AcDbEntity
  8
SLOTS
100
AcDbLine
 10
3.795543563760531
 20
9.665923817377672
 30
0.0
 11
11.06407018580429
 21
9.27882564951031
 31
0.0
  0
ARC
  5
51F
330
17
100
AcDbEntity
  8
SLOTS
100
AcDbCircle
 10
3.78889588959767
 20
9.541100708827114
 30
0.0
 40
0.125
100
AcDbArc
 50
86.9514924662981
 51
266.9514924662981
  0
ARC
  5
520
330
17
100
AcDbEntity
  8
SLOTS
100
AcDbCircle
 10
11.057422511641429
 20
9.154002540959752
 30
0.0
 40
0.125
100
AcDbArc
 50
266.9514924662981
 51
446.9514924662981
  0
LINE
  5
521
330
17
100
AcDbEntity
  8
SLOTS
100
AcDbLine
 10
10.577911165565206
 20
8.303299766073478
 30
0.0
 11
3.3072526476945394
 21
8.690511471802306
 31
0.0
  0
LINE
  5
522
330
17
100
AcDbEntity
  8
SLOTS
100
AcDbLine
 10
3.3205479960202617
 20
8.940157688903422
 30
0.0
 11
10.59120651389093
 21
8.552945983174594
 31
0.0
  0
ARC
  5
523
330
17
100
AcDbEntity
  8
SLOTS
100
AcDbCircle
 10
3.3139003218574006
 20
8.815334580352864
 30
0.0
 40
0.125
100
AcDbArc
 50
86.9514924662981
 51
266.9514924662981
  0
ARC
  5
524
330
17
100
AcDbEntity
  8
SLOTS
100
AcDbCircle
 10
10.584558839728068
 20
8.428122874624036
 30
0.0
 40
0.125
100
AcDbArc
 50
266.9514924662981
 51
446.9514924662981
  0
LINE
  5
525
330
17
100
AcDbEntity
  8
SLOTS
100
AcDbLine
 10
10.105047493651847
 20
7.577420099737764
 30
0.0
 11
3.155801627220928
 21
7.947514409469942
 31
0.0
  0
LINE
  5
526
330
17
100
AcDbEntity
  8
SLOTS
100
AcDbLine
 10
3.1690969755466503
 20
8.197160626571058
 30
0.0
 11
10.11834284197757
 21
7.82706631683888
 31
0.0
  0
ARC
  5
527
330
17
100
AcDbEntity
  8
SLOTS
100
AcDbCircle
 10
3.162449301383789
 20
8.0723375180205
 30
0.0
 40
0.125
100
AcDbArc
 50
86.9514924662981
 51
266.9514924662981
  0
ARC
  5
528
330
17
100
AcDbEntity
  8
SLOTS
100
AcDbCircle
 10
10.111695167814709
 20
7.702243208288322
 30
0.0
 40
0.125
100
AcDbArc
 50
266.9514924662981
 51
446.9514924662981
  0
LINE
  5
529
330
17
100
AcDbEntity
  8
SLOTS
100
AcDbLine
 10
9.632183821738487
 20
6.851540433402049
 30
0.0
 11
3.004350606747316
 21
7.204517347137579
 31
0.0
  0
LINE
  5
52A
330
17
100
AcDbEntity
  8
SLOTS
100
AcDbLine
 10
3.0176459550730383
 20
7.454163564238695
 30
0.0
 11
9.64547917006421
 21
7.101186650503165
 31
0.0
  0
ARC
  5
52B
330
17
100
AcDbEntity
  8
SLOTS
100
AcDbCircle
 10
3.010998280910177
 20
7.329340455688137
 30
0.0
 40
0.125
100
AcDbArc
 50
86.9514924662981
 51
266.9514924662981
  0
ARC
  5
52C
330
17
100
AcDbEntity
  8
SLOTS
100
AcDbCircle
 10
9.638831495901348
 20
6.976363541952607
 30
0.0
 40
0.125
100
AcDbArc
 50
266.9514924662981
 51
446.9514924662981
  0
LINE
  5
52D
330
17
100
AcDbEntity
  8
SLOTS
100
AcDbLine
 10
9.159320149825128
 20
6.125660767066336
 30
0.0
 11
2.8528995862737045
 21
6.461520284805214
 31
0.0
  0
LINE
  5
52E
330
17
100
AcDbEntity
  8
SLOTS
100
AcDbLine
 10
2.866194934599427
 20
6.71116650190633
 30
0.0
 11
9.17261549815085
 21
6.375306984167452
 31
0.0
  0
ARC
  5
52F
330
17
100
AcDbEntity
  8
SLOTS
100
AcDbCircle
 10
2.8595472604365657
 20
6.586343393355772
 30
0.0
 40
0.125
100
AcDbArc
 50
86.9514924662981
 51
266.9514924662981
  0
ARC
  5
530
330
17
100
AcDbEntity
  8
SLOTS
100
AcDbCircle
 10
9.16596782398799
 20
6.250483875616894
 30
0.0
 40
0.125
100
AcDbArc
 50
266.9514924662981
 51
446.9514924662981
  0
LINE
  5
531
330
17
100
AcDbEntity
  8
SLOTS
100
AcDbLine
 10
8.686456477911767
 20
5.399781100730621
 30
0.0
 11
2.9480153902810264
 21
5.705391872616611
 31
0.0
  0
LINE
  5
532
330
17
100
AcDbEntity
  8
SLOTS
100
AcDbLine
 10
2.9613107386067488
 20
5.955038089717727
 30
0.0
 11
8.69975182623749
 21
5.649427317831737
 31
0.0
  0
ARC
  5
533
330
17
100
AcDbEntity
  8
SLOTS
100
AcDbCircle
 10
2.9546630644438876
 20
5.830214981167169
 30
0.0
 40
0.125
100
AcDbArc
 50
86.9514924662981
 51
266.9514924662981
  0
ARC
  5
534
330
17
100
AcDbEntity
  8
SLOTS
100
AcDbCircle
 10
8.693104152074628
 20
5.524604209281179
 30
0.0
 40
0.125
100
AcDbArc
 50
266.9514924662981
 51
446.9514924662981
  0
LINE
  5
535
330
17
100
AcDbEntity
  8
SLOTS
100
AcDbLine
 10
8.213592805998406
 20
4.673901434394907
 30
0.0
 11
5.246707034652296
 21
4.831908153786532
 31
0.0
  0
LINE
  5
536
330
17
100
AcDbEntity
  8
SLOTS
100
AcDbLine
 10
5.260002382978019
 20
5.081554370887648
 30
0.0
 11
8.22688815432413
 21
4.923547651496023
 31
0.0
  0
ARC
  5
537
330
17
100
AcDbEntity
  8
SLOTS
100
AcDbCircle
 10
5.2533547088151575
 20
4.95673126233709
 30
0.0
 40
0.125
100
AcDbArc
 50
86.9514924662981
 51
266.9514924662981
  0
ARC
  5
538
330
17
100
AcDbEntity
  8
SLOTS
100
AcDbCircle
 10
8.220240480161268
 20
4.798724542945465
 30
0.0
 40
0.125
100
AcDbArc
 50
266.9514924662981
 51
446.9514924662981
  0
LINE
  5
539
330
17
100
AcDbEntity
  8
SLOTS
100
AcDbLine
 10
26.177569084654767
 20
17.92312459735247
 30
0.0
 11
27.82471619591083
 21
17.000887276509065
 31
0.0
  0
LINE
  5
53A
330
17
100
AcDbEntity
  8
SLOTS
100
AcDbLine
 10
27.702581994946136
 20
16.78275145424524
 30
0.0
 11
26.055434883690072
 21
17.704988775088644
 31
0.0
  0
ARC
  5
53B
330
17
100
AcDbEntity
  8
SLOTS
100
AcDbCircle
 10
27.763649095428484
 20
16.891819365377152
 30
0.0
 40
0.125
100
AcDbArc
 50
-119.24445523054231
 51
60.755544769457686
  0
ARC
  5
53C
330
17
100
AcDbEntity
  8
SLOTS
100
AcDbCircle
 10
26.11650198417242
 20
17.814056686220557
 30
0.0
 40
0.125
100
AcDbArc
 50
60.755544769457686
 51
240.75554476945769
  0
LINE
  5
53D
330
17
100
AcDbEntity
  8
SLOTS
100
AcDbLine
 10
24.0211846732109
 20
19.990039982387728
 30
0.0
 11
28.337122252113552
 21
17.57354744052893
 31
0.0
  0
LINE
  5
53E
330
17
100
AcDbEntity
  8
SLOTS
100
AcDbLine
 10
28.214988051148858
 20
17.355411618265105
 30
0.0
 11
23.899050472246206
 21
19.771904160123903
 31
0.0
  0
ARC
  5
53F
330
17
100
AcDbEntity
  8
SLOTS
100
AcDbCircle
 10
28.276055151631205
 20
17.464479529397018
 30
0.0
 40
0.125
100
AcDbArc
 50
-119.24445523054227
 51
60.75554476945773
  0
ARC
  5
540
330
17
100
AcDbEntity
  8
SLOTS
100
AcDbCircle
 10
23.960117572728553
 20
19.880972071255815
 30
0.0
 40
0.125
100
AcDbArc
 50
60.75554476945773
 51
240.75554476945774
  0
LINE
  5
541
330
17
100
AcDbEntity
  8
SLOTS
100
AcDbLine
 10
23.693040209069792
 20
21.033324205799765
 30
0.0
 11
28.84952830831627
 21
18.146207604548795
 31
0.0
  0
LINE
  5
542
330
17
100
AcDbEntity
  8
SLOTS
100
AcDbLine
 10
28.727394107351575
 20
17.92807178228497
 30
0.0
 11
23.570906008105098
 21
20.81518838353594
 31
0.0
  0
ARC
  5
543
330
17
100
AcDbEntity
  8
SLOTS
100
AcDbCircle
 10
28.788461207833922
 20
18.037139693416883
 30
0.0
 40
0.125
100
AcDbArc
 50
-119.24445523054229
 51
60.75554476945772
  0
ARC
  5
544
330
17
100
AcDbEntity
  8
SLOTS
100
AcDbCircle
 10
23.631973108587445
 20
20.924256294667853
 30
0.0
 40
0.125
100
AcDbArc
 50
60.75554476945772
 51
240.7555447694577
  0
LINE
  5
545
330
17
100
AcDbEntity
  8
SLOTS
100
AcDbLine
 10
24.425326509109393
 20
21.482873467583406
 30
0.0
 11
29.36193436451899
 21
18.718867768568657
 31
0.0
  0
LINE
  5
546
330
17
100
AcDbEntity
  8
SLOTS
100
AcDbLine
 10
29.239800163554296
 20
18.500731946304832
 30
0.0
 11
24.3031923081447
 21
21.26473764531958
 31
0.0
  0
ARC
  5
547
330
17
100
AcDbEntity
  8
SLOTS
100
AcDbCircle
 10
29.300867264036643
 20
18.609799857436744
 30
0.0
 40
0.125
100
AcDbArc
 50
-119.24445523054227
 51
60.75554476945773
  0
ARC
  5
548
330
17
100
AcDbEntity
  8
SLOTS
100
AcDbCircle
 10
24.364259408627046
 20
21.373805556451494
 30
0.0
 40
0.125
100
AcDbArc
 50
60.75554476945773
 51
240.75554476945774
  0
LINE
  5
549
330
17
100
AcDbEntity
  8
SLOTS
100
AcDbLine
 10
28.5596019509723
 20
20.027649725029292
 30
0.0
 11
28.821137089935572
 21
19.881216255780775
 31
0.0
  0
LINE
  5
54A
330
17
100
AcDbEntity
  8
SLOTS
100
AcDbLine
 10
28.699002888970877
 20
19.66308043351695
 30
0.0
 11
28.437467750007606
 21
19.809513902765467
 31
0.0
  0
ARC
  5
54B
330
17
100
AcDbEntity
  8
SLOTS
100
AcDbCircle
 10
28.760069989453225
 20
19.772148344648862
 30
0.0
 40
0.125
100
AcDbArc
 50
-119.24445523054275
 51
60.755544769457245
  0
ARC
  5
54C
330
17
100
AcDbEntity
  8
SLOTS
100
AcDbCircle
 10
28.498534850489953
 20
19.91858181389738
 30
0.0
 40
0.125
100
AcDbArc
 50
60.755544769457245
 51
240.75554476945723
  0
LINE
  5
54D
330
17
100
AcDbEntity
  8
SLOTS
100
AcDbLine
 10
17.848299135718367
 20
5.39649927396381
 30
0.0
 11
19.100328506453728
 21
1.1604303319020146
 31
0.0
  0
LINE
  5
54E
330
17
100
AcDbEntity
  8
SLOTS
100
AcDbLine
 10
18.860581209648835
 20
1.0895696680979854
 30
0.0
 11
17.608551838913474
 21
5.32563861015978
 31
0.0
  0
ARC
  5
54F
330
17
100
AcDbEntity
  8
SLOTS
100
AcDbCircle
 10
18.98045485805128
 20
1.125
 30
0.0
 40
0.125
100
AcDbArc
 50
-163.53421893523335
 51
16.465781064766645
  0
ARC
  5
550
330
17
100
AcDbEntity
  8
SLOTS
100
AcDbCircle
 10
17.72842548731592
 20
5.361068942061795
 30
0.0
 40
0.125
100
AcDbArc
 50
16.465781064766645
 51
196.46578106476665
  0
LINE
  5
551
330
17
100
AcDbEntity
  8
SLOTS
100
AcDbLine
 10
18.398597499363362
 20
6.180678420713462
 30
0.0
 11
19.882401975055085
 21
1.1604303319020146
 31
0.0
  0
LINE
  5
552
330
17
100
AcDbEntity
  8
SLOTS
100
AcDbLine
 10
19.642654678250192
 20
1.0895696680979854
 30
0.0
 11
18.15885020255847
 21
6.109817756909432
 31
0.0
  0
ARC
  5
553
330
17
100
AcDbEntity
  8
SLOTS
100
AcDbCircle
 10
19.76252832665264
 20
1.125
 30
0.0
 40
0.125
100
AcDbArc
 50
-163.53421893523335
 51
16.46578106476666
  0
ARC
  5
554
330
17
100
AcDbEntity
  8
SLOTS
100
AcDbCircle
 10
18.278723850960915
 20
6.145248088811447
 30
0.0
 40
0.125
100
AcDbArc
 50
16.46578106476666
 51
196.46578106476665
  0
LINE
  5
555
330
17
100
AcDbEntity
  8
SLOTS
100
AcDbLine
 10
19.27370793738277
 20
5.865900648061139
 30
0.0
 11
20.588377839364046
 21
1.4178960955997109
 31
0.0
  0
LINE
  5
556
330
17
100
AcDbEntity
  8
SLOTS
100
AcDbLine
 10
20.348630542559153
 20
1.3470354317956816
 30
0.0
 11
19.033960640577877
 21
5.795039984257109
 31
0.0
  0
ARC
  5
557
330
17
100
AcDbEntity
  8
SLOTS
100
AcDbCircle
 10
20.4685041909616
 20
1.3824657636976962
 30
0.0
 40
0.125
100
AcDbArc
 50
-163.53421893523335
 51
16.46578106476666
  0
ARC
  5
558
330
17
100
AcDbEntity
  8
SLOTS
100
AcDbCircle
 10
19.153834288980324
 20
5.830470316159124
 30
0.0
 40
0.125
100
AcDbArc
 50
16.46578106476666
 51
196.46578106476665
  0
LINE
  5
559
330
17
100
AcDbEntity
  8
SLOTS
100
AcDbLine
 10
20.148818375402183
 20
5.551122875408816
 30
0.0
 11
21.28274892470036
 21
1.7146250307010062
 31
0.0
  0
LINE
  5
55A
330
17
100
AcDbEntity
  8
SLOTS
100
AcDbLine
 10
21.043001627895467
 20
1.643764366896977
 30
0.0
 11
19.90907107859729
 21
5.480262211604786
 31
0.0
  0
ARC
  5
55B
330
17
100
AcDbEntity
  8
SLOTS
100
AcDbCircle
 10
21.162875276297914
 20
1.6791946987989916
 30
0.0
 40
0.125
100
AcDbArc
 50
-163.53421893523335
 51
16.46578106476663
  0
ARC
  5
55C
330
17
100
AcDbEntity
  8
SLOTS
100
AcDbCircle
 10
20.028944726999736
 20
5.515692543506801
 30
0.0
 40
0.125
100
AcDbArc
 50
16.46578106476663
 51
196.46578106476665
  0
LINE
  5
55D
330
17
100
AcDbEntity
  8
SLOTS
100
AcDbLine
 10
21.02392881342159
 20
5.236345102756494
 30
0.0
 11
21.80624753626047
 21
2.5894774476751934
 31
0.0
  0
LINE
  5
55E
330
17
100
AcDbEntity
  8
SLOTS
100
AcDbLine
 10
21.56650023945558
 20
2.518616783871164
 30
0.0
 11
20.784181516616698
 21
5.165484438952464
 31
0.0
  0
ARC
  5
55F
330
17
100
AcDbEntity
  8
SLOTS
100
AcDbCircle
 10
21.686373887858025
 20
2.5540471157731788
 30
0.0
 40
0.125
100
AcDbArc
 50
-163.5342189352333
 51
16.465781064766688
  0
ARC
  5
560
330
17
100
AcDbEntity
  8
SLOTS
100
AcDbCircle
 10
20.904055165019145
 20
5.200914770854479
 30
0.0
 40
0.125
100
AcDbArc
 50
16.465781064766688
 51
196.4657810647667
  0
LINE
  5
561
330
17
100
AcDbEntity
  8
SLOTS
100
AcDbLine
 10
21.899039251441003
 20
4.92156733010417
 30
0.0
 11
22.215369606999776
 21
3.851307138183228
 31
0.0
  0
LINE
  5
562
330
17
100
AcDbEntity
  8
SLOTS
100
AcDbLine
 10
21.975622310194883
 20
3.7804464743791986
 30
0.0
 11
21.65929195463611
 21
4.850706666300142
 31
0.0
  0
ARC
  5
563
330
17
100
AcDbEntity
  8
SLOTS
100
AcDbCircle
 10
22.09549595859733
 20
3.815876806281213
 30
0.0
 40
0.125
100
AcDbArc
 50
-163.5342189352334
 51
16.465781064766603
  0
ARC
  5
564
330
17
100
AcDbEntity
  8
SLOTS
100
AcDbCircle
 10
21.779165603038557
 20
4.886136998202156
 30
0.0
 40
0.125
100
AcDbArc
 50
16.465781064766603
 51
196.4657810647666
  0
LINE
  5
565
330
17
100
AcDbEntity
  8
SLOTS
100
AcDbLine
 10
17.37195897050086
 20
9.859057542859748
 30
0.0
 11
16.539724413206027
 21
9.143479803023471
 31
0.0
  0
LINE
  5
566
330
17
100
AcDbEntity
  8
SLOTS
100
AcDbLine
 10
16.376733448820413
 20
9.333042313896925
 30
0.0
 11
17.208968006115246
 21
10.048620053733202
 31
0.0
  0
ARC
  5
567
330
17
100
AcDbEntity
  8
SLOTS
100
AcDbCircle
 10
16.45822893101322
 20
9.238261058460198
 30
0.0
 40
0.125
100
AcDbArc
 50
-229.31016752022995
 51
-49.31016752022995
  0
ARC
  5
568
330
17
100
AcDbEntity
  8
SLOTS
100
AcDbCircle
 10
17.290463488308053
 20
9.953838798296475
 30
0.0
 40
0.125
100
AcDbArc
 50
-49.31016752022995
 51
130.68983247977005
  0
LINE
  5
569
330
17
100
AcDbEntity
  8
SLOTS
100
AcDbLine
 10
18.530884967868044
 20
9.866413775671854
 30
0.0
 11
16.753095447925972
 21
8.337822352215639
 31
0.0
  0
LINE
  5
56A
330
17
100
AcDbEntity
  8
SLOTS
100
AcDbLine
 10
16.590104483540365
 20
8.527384863089093
 30
0.0
 11
18.367894003482437
 21
10.055976286545308
 31
0.0
  0
ARC
  5
56B
330
17
100
AcDbEntity
  8
SLOTS
100
AcDbCircle
 10
16.67159996573317
 20
8.432603607652366
 30
0.0
 40
0.125
100
AcDbArc
 50
-229.31016752023012
 51
-49.310167520230124
  0
ARC
  5
56C
330
17
100
AcDbEntity
  8
SLOTS
100
AcDbCircle
 10
18.44938948567524
 20
9.96119503110858
 30
0.0
 40
0.125
100
AcDbArc
 50
-49.310167520230124
 51
130.68983247976988
  0
LINE
  5
56D
330
17
100
AcDbEntity
  8
SLOTS
100
AcDbLine
 10
19.17556012737732
 20
9.431603255087648
 30
0.0
 11
16.980680261016207
 21
7.544386291773766
 31
0.0
  0
LINE
  5
56E
330
17
100
AcDbEntity
  8
SLOTS
100
AcDbLine
 10
16.8176892966306
 20
7.733948802647222
 30
0.0
 11
19.012569162991714
 21
9.621165765961102
 31
0.0
  0
ARC
  5
56F
330
17
100
AcDbEntity
  8
SLOTS
100
AcDbCircle
 10
16.899184778823404
 20
7.639167547210494
 30
0.0
 40
0.125
100
AcDbArc
 50
-229.31016752023012
 51
-49.310167520230124
  0
ARC
  5
570
330
17
100
AcDbEntity
  8
SLOTS
100
AcDbCircle
 10
19.094064645184517
 20
9.526384510524375
 30
0.0
 40
0.125
100
AcDbArc
 50
-49.310167520230124
 51
130.68983247976988
  0
LINE
  5
571
330
17
100
AcDbEntity
  8
SLOTS
100
AcDbLine
 10
19.820235286886597
 20
8.996792734503442
 30
0.0
 11
17.62721340416951
 21
7.111173315685869
 31
0.0
  0
LINE
  5
572
330
17
100
AcDbEntity
  8
SLOTS
100
AcDbLine
 10
17.464222439783903
 20
7.300735826559325
 30
0.0
 11
19.65724432250099
 21
9.186355245376896
 31
0.0
  0
ARC
  5
573
330
17
100
AcDbEntity
  8
SLOTS
100
AcDbCircle
 10
17.545717921976706
 20
7.205954571122597
 30
0.0
 40
0.125
100
AcDbArc
 50
-229.31016752023012
 51
-49.310167520230124
  0
ARC
  5
574
330
17
100
AcDbEntity
  8
SLOTS
100
AcDbCircle
 10
19.738739804693793
 20
9.09157398994017
 30
0.0
 40
0.125
100
AcDbArc
 50
-49.310167520230124
 51
130.68983247976988
  0
LINE
  5
575
330
17
100
AcDbEntity
  8
SLOTS
100
AcDbLine
 10
20.464910446395873
 20
8.561982213919238
 30
0.0
 11
18.43828123747326
 21
6.8194317080607565
 31
0.0
  0
LINE
  5
576
330
17
100
AcDbEntity
  8
SLOTS
100
AcDbLine
 10
18.275290273087652
 20
7.0089942189342125
 30
0.0
 11
20.301919482010266
 21
8.751544724792693
 31
0.0
  0
ARC
  5
577
330
17
100
AcDbEntity
  8
SLOTS
100
AcDbCircle
 10
18.356785755280455
 20
6.9142129634974845
 30
0.0
 40
0.125
100
AcDbArc
 50
-229.3101675202301
 51
-49.310167520230095
  0
ARC
  5
578
330
17
100
AcDbEntity
  8
SLOTS
100
AcDbCircle
 10
20.38341496420307
 20
8.656763469355965
 30
0.0
 40
0.125
100
AcDbArc
 50
-49.310167520230095
 51
130.6898324797699
  0
LINE
  5
579
330
17
100
AcDbEntity
  8
SLOTS
100
AcDbLine
 10
21.10958560590515
 20
8.127171693335033
 30
0.0
 11
19.249349070777008
 21
6.527690100435644
 31
0.0
  0
LINE
  5
57A
330
17
100
AcDbEntity
  8
SLOTS
100
AcDbLine
 10
19.0863581063914
 20
6.7172526113091
 30
0.0
 11
20.946594641519543
 21
8.316734204208487
 31
0.0
  0
ARC
  5
57B
330
17
100
AcDbEntity
  8
SLOTS
100
AcDbCircle
 10
19.167853588584205
 20
6.622471355872372
 30
0.0
 40
0.125
100
AcDbArc
 50
-229.3101675202301
 51
-49.310167520230095
  0
ARC
  5
57C
330
17
100
AcDbEntity
  8
SLOTS
100
AcDbCircle
 10
21.028090123712346
 20
8.22195294877176
 30
0.0
 40
0.125
100
AcDbArc
 50
-49.310167520230095
 51
130.6898324797699
  0
LINE
  5
57D
330
17
100
AcDbEntity
  8
SLOTS
100
AcDbLine
 10
21.754260765414426
 20
7.692361172750827
 30
0.0
 11
20.060416904080757
 21
6.235948492810531
 31
0.0
  0
LINE
  5
57E
330
17
100
AcDbEntity
  8
SLOTS
100
AcDbLine
 10
19.89742593969515
 20
6.425511003683987
 30
0.0
 11
21.59126980102882
 21
7.881923683624283
 31
0.0
  0
ARC
  5
57F
330
17
100
AcDbEntity
  8
SLOTS
100
AcDbCircle
 10
19.978921421887954
 20
6.330729748247259
 30
0.0
 40
0.125
100
AcDbArc
 50
-229.3101675202301
 51
-49.310167520230095
  0
ARC
  5
580
330
17
100
AcDbEntity
  8
SLOTS
100
AcDbCircle
 10
21.672765283221622
 20
7.787142428187555
 30
0.0
 40
0.125
100
AcDbArc
 50
-49.310167520230095
 51
130.6898324797699
  0
LINE
  5
581
330
17
100
AcDbEntity
  8
SLOTS
100
AcDbLine
 10
22.398935924923702
 20
7.257550652166622
 30
0.0
 11
20.871484737384506
 21
5.944206885185419
 31
0.0
  0
LINE
  5
582
330
17
100
AcDbEntity
  8
SLOTS
100
AcDbLine
 10
20.7084937729989
 20
6.133769396058873
 30
0.0
 11
22.235944960538095
 21
7.447113163040076
 31
0.0
  0
ARC
  5
583
330
17
100
AcDbEntity
  8
SLOTS
100
AcDbCircle
 10
20.789989255191703
 20
6.038988140622146
 30
0.0
 40
0.125
100
AcDbArc
 50
-229.3101675202301
 51
-49.310167520230095
  0
ARC
  5
584
330
17
100
AcDbEntity
  8
SLOTS
100
AcDbCircle
 10
22.3174404427309
 20
7.352331907603349
 30
0.0
 40
0.125
100
AcDbArc
 50
-49.310167520230095
 51
130.6898324797699
  0
LINE
  5
585
330
17
100
AcDbEntity
  8
SLOTS
100
AcDbLine
 10
22.78027566702379
 20
6.596317230542328
 30
0.0
 11
21.682552570688255
 21
5.652465277560305
 31
0.0
  0
LINE
  5
586
330
17
100
AcDbEntity
  8
SLOTS
100
AcDbLine
 10
21.51956160630265
 20
5.842027788433761
 30
0.0
 11
22.617284702638184
 21
6.785879741415784
 31
0.0
  0
ARC
  5
587
330
17
100
AcDbEntity
  8
SLOTS
100
AcDbCircle
 10
21.601057088495452
 20
5.747246532997033
 30
0.0
 40
0.125
100
AcDbArc
 50
-229.31016752023012
 51
-49.310167520230124
  0
ARC
  5
588
330
17
100
AcDbEntity
  8
SLOTS
100
AcDbCircle
 10
22.698780184830987
 20
6.691098485979056
 30
0.0
 40
0.125
100
AcDbArc
 50
-49.310167520230124
 51
130.68983247976988
  0
LINE
  5
589
330
17
100
AcDbEntity
  8
SLOTS
100
AcDbLine
 10
22.70498857261871
 20
5.5424637275349
 30
0.0
 11
22.493620403992008
 21
5.360723669935193
 31
0.0
  0
LINE
  5
58A
330
17
100
AcDbEntity
  8
SLOTS
100
AcDbLine
 10
22.330629439606394
 20
5.550286180808647
 30
0.0
 11
22.541997608233096
 21
5.732026238408354
 31
0.0
  0
ARC
  5
58B
330
17
100
AcDbEntity
  8
SLOTS
100
AcDbCircle
 10
22.4121249217992
 20
5.45550492537192
 30
0.0
 40
0.125
100
AcDbArc
 50
-229.31016752022984
 51
-49.31016752022984
  0
ARC
  5
58C
330
17
100
AcDbEntity
  8
SLOTS
100
AcDbCircle
 10
22.623493090425903
 20
5.637244982971627
 30
0.0
 40
0.125
100
AcDbArc
 50
-49.31016752022984
 51
130.68983247977016
  0
LINE
  5
58D
330
17
100
AcDbEntity
  8
SLOTS
100
AcDbLine
 10
14.71564769510328
 20
1.013375707236271
 30
0.0
 11
14.419476440178617
 21
1.0148041417618645
 31
0.0
  0
LINE
  5
58E
330
17
100
AcDbEntity
  8
SLOTS
100
AcDbLine
 10
14.420682176630482
 20
1.2648012341441734
 30
0.0
 11
14.716853431555146
 21
1.26337279961858
 31
0.0
  0
ARC
  5
58F
330
17
100
AcDbEntity
  8
SLOTS
100
AcDbCircle
 10
14.42007930840455
 20
1.139802687953019
 30
0.0
 40
0.125
100
AcDbArc
 50
89.72366448910768
 51
269.7236644891077
  0
ARC
  5
590
330
17
100
AcDbEntity
  8
SLOTS
100
AcDbCircle
 10
14.716250563329213
 20
1.1383742534274255
 30
0.0
 40
0.125
100
AcDbArc
 50
269.7236644891077
 51
449.7236644891077
  0
LINE
  5
591
330
17
100
AcDbEntity
  8
SLOTS
100
AcDbLine
 10
16.96292792036476
 20
1.6706580716371093
 30
0.0
 11
17.66344899024046
 21
1.7714991022638085
 31
0.0
  0
LINE
  5
592
330
17
100
AcDbEntity
  8
SLOTS
100
AcDbLine
 10
17.699069681198516
 20
1.524049781440997
 30
0.0
 11
16.998548611322814
 21
1.4232087508142979
 31
0.0
  0
ARC
  5
593
330
17
100
AcDbEntity
  8
SLOTS
100
AcDbCircle
 10
17.68125933571949
 20
1.6477744418524027
 30
0.0
 40
0.125
100
AcDbArc
 50
-81.80846133448047
 51
98.19153866551953
  0
ARC
  5
594
330
17
100
AcDbEntity
  8
SLOTS
100
AcDbCircle
 10
16.980738265843787
 20
1.5469334112257036
 30
0.0
 40
0.125
100
AcDbArc
 50
98.19153866551953
 51
278.19153866551954
  0
LINE
  5
595
330
17
100
AcDbEntity
  8
SLOTS
100
AcDbLine
 10
16.590663986959626
 20
2.3748010488494473
 30
0.0
 11
17.52115834154656
 21
2.5087470695244867
 31
0.0
  0
LINE
  5
596
330
17
100
AcDbEntity
  8
SLOTS
100
AcDbLine
 10
17.556779032504615
 20
2.261297748701675
 30
0.0
 11
16.62628467791768
 21
2.127351728026636
 31
0.0
  0
ARC
  5
597
330
17
100
AcDbEntity
  8
SLOTS
100
AcDbCircle
 10
17.538968687025587
 20
2.385022409113081
 30
0.0
 40
0.125
100
AcDbArc
 50
-81.80846133448048
 51
98.19153866551952
  0
ARC
  5
598
330
17
100
AcDbEntity
  8
SLOTS
100
AcDbCircle
 10
16.608474332438654
 20
2.2510763884380416
 30
0.0
 40
0.125
100
AcDbArc
 50
98.19153866551952
 51
278.19153866551954
  0
LINE
  5
599
330
17
100
AcDbEntity
  8
SLOTS
100
AcDbLine
 10
16.499313429666827
 20
3.1193819166294734
 30
0.0
 11
17.37886769285266
 21
3.2459950367851653
 31
0.0
  0
LINE
  5
59A
330
17
100
AcDbEntity
  8
SLOTS
100
AcDbLine
 10
17.414488383810713
 20
2.998545715962354
 30
0.0
 11
16.534934120624882
 21
2.871932595806662
 31
0.0
  0
ARC
  5
59B
330
17
100
AcDbEntity
  8
SLOTS
100
AcDbCircle
 10
17.396678038331686
 20
3.1222703763737596
 30
0.0
 40
0.125
100
AcDbArc
 50
-81.80846133448047
 51
98.19153866551953
  0
ARC
  5
59C
330
17
100
AcDbEntity
  8
SLOTS
100
AcDbCircle
 10
16.517123775145855
 20
2.9956572562180677
 30
0.0
 40
0.125
100
AcDbArc
 50
98.19153866551953
 51
278.19153866551954
  0
LINE
  5
59D
330
17
100
AcDbEntity
  8
SLOTS
100
AcDbLine
 10
16.407962872374032
 20
3.8639627844095
 30
0.0
 11
17.236577044158757
 21
3.983243004045844
 31
0.0
  0
LINE
  5
59E
330
17
100
AcDbEntity
  8
SLOTS
100
AcDbLine
 10
17.272197735116812
 20
3.7357936832230325
 30
0.0
 11
16.443583563332087
 21
3.6165134635866885
 31
0.0
  0
ARC
  5
59F
330
17
100
AcDbEntity
  8
SLOTS
100
AcDbCircle
 10
17.254387389637785
 20
3.8595183436344382
 30
0.0
 40
0.125
100
AcDbArc
 50
-81.80846133448046
 51
98.19153866551954
  0
ARC
  5
5A0
330
17
100
AcDbEntity
  8
SLOTS
100
AcDbCircle
 10
16.42577321785306
 20
3.740238123998094
 30
0.0
 40
0.125
100
AcDbArc
 50
98.19153866551954
 51
278.19153866551954
  0
LINE
  5
5A1
330
17
100
AcDbEntity
  8
SLOTS
100
AcDbLine
 10
16.316612315081233
 20
4.608543652189526
 30
0.0
 11
17.094286395464856
 21
4.720490971306523
 31
0.0
  0
LINE
  5
5A2
330
17
100
AcDbEntity
  8
SLOTS
100
AcDbLine
 10
17.12990708642291
 20
4.473041650483712
 30
0.0
 11
16.352233006039288
 21
4.361094331366715
 31
0.0
  0
ARC
  5
5A3
330
17
100
AcDbEntity
  8
SLOTS
100
AcDbCircle
 10
17.112096740943883
 20
4.596766310895117
 30
0.0
 40
0.125
100
AcDbArc
 50
-81.80846133448046
 51
98.19153866551954
  0
ARC
  5
5A4
330
17
100
AcDbEntity
  8
SLOTS
100
AcDbCircle
 10
16.33442266056026
 20
4.484818991778121
 30
0.0
 40
0.125
100
AcDbArc
 50
98.19153866551954
 51
278.19153866551954
  0
LINE
  5
5A5
330
17
100
AcDbEntity
  8
SLOTS
100
AcDbLine
 10
16.225261757788434
 20
5.353124519969553
 30
0.0
 11
16.951995746770955
 21
5.457738938567202
 31
0.0
  0
LINE
  5
5A6
330
17
100
AcDbEntity
  8
SLOTS
100
AcDbLine
 10
16.98761643772901
 20
5.21028961774439
 30
0.0
 11
16.26088244874649
 21
5.1056751991467415
 31
0.0
  0
ARC
  5
5A7
330
17
100
AcDbEntity
  8
SLOTS
100
AcDbCircle
 10
16.969806092249982
 20
5.334014278155796
 30
0.0
 40
0.125
100
AcDbArc
 50
-81.80846133448048
 51
98.19153866551952
  0
ARC
  5
5A8
330
17
100
AcDbEntity
  8
SLOTS
100
AcDbCircle
 10
16.243072103267462
 20
5.229399859558147
 30
0.0
 40
0.125
100
AcDbArc
 50
98.19153866551952
 51
278.19153866551954
  0
LINE
  5
5A9
330
17
100
AcDbEntity
  8
SLOTS
100
AcDbLine
 10
16.13391120049564
 20
6.097705387749579
 30
0.0
 11
16.809705098077057
 21
6.1949869058278795
 31
0.0
  0
LINE
  5
5AA
330
17
100
AcDbEntity
  8
SLOTS
100
AcDbLine
 10
16.845325789035112
 20
5.947537585005068
 30
0.0
 11
16.169531891453694
 21
5.850256066926767
 31
0.0
  0
ARC
  5
5AB
330
17
100
AcDbEntity
  8
SLOTS
100
AcDbCircle
 10
16.827515443556084
 20
6.071262245416474
 30
0.0
 40
0.125
100
AcDbArc
 50
-81.80846133448051
 51
98.19153866551949
  0
ARC
  5
5AC
330
17
100
AcDbEntity
  8
SLOTS
100
AcDbCircle
 10
16.151721545974667
 20
5.973980727338173
 30
0.0
 40
0.125
100
AcDbArc
 50
98.19153866551949
 51
278.1915386655195
  0
LINE
  5
5AD
330
17
100
AcDbEntity
  8
SLOTS
100
AcDbLine
 10
16.57612732835465
 20
6.919093958755901
 30
0.0
 11
16.664277639327363
 21
6.931783324701923
 31
0.0
  0
LINE
  5
5AE
330
17
100
AcDbEntity
  8
SLOTS
100
AcDbLine
 10
16.699898330285418
 20
6.684334003879112
 30
0.0
 11
16.611748019312707
 21
6.671644637933089
 31
0.0
  0
ARC
  5
5AF
330
17
100
AcDbEntity
  8
SLOTS
100
AcDbCircle
 10
16.68208798480639
 20
6.808058664290518
 30
0.0
 40
0.125
100
AcDbArc
 50
-81.80846133448053
 51
98.19153866551947
  0
ARC
  5
5B0
330
17
100
AcDbEntity
  8
SLOTS
100
AcDbCircle
 10
16.59393767383368
 20
6.795369298344495
 30
0.0
 40
0.125
100
AcDbArc
 50
98.19153866551947
 51
278.1915386655195
  0
LINE
  5
5B1
330
17
100
AcDbEntity
  8
SLOTS
100
AcDbLine
 10
13.098872132065088
 20
2.5202467390370504
 30
0.0
 11
13.121635079259681
 21
2.5491958101834125
 31
0.0
  0
LINE
  5
5B2
330
17
100
AcDbEntity
  8
SLOTS
100
AcDbLine
 10
13.318157766747424
 20
2.394668035001749
 30
0.0
 11
13.29539481955283
 21
2.365718963855387
 31
0.0
  0
ARC
  5
5B3
330
17
100
AcDbEntity
  8
SLOTS
100
AcDbCircle
 10
13.219896423003552
 20
2.4719319225925807
 30
0.0
 40
0.125
100
AcDbArc
 50
-38.178327869259824
 51
141.82167213074018
  0
ARC
  5
5B4
330
17
100
AcDbEntity
  8
SLOTS
100
AcDbCircle
 10
13.19713347580896
 20
2.4429828514462186
 30
0.0
 40
0.125
100
AcDbArc
 50
141.82167213074018
 51
321.8216721307402
  0
LINE
  5
5B5
330
17
100
AcDbEntity
  8
SLOTS
100
AcDbLine
 10
12.258640299694902
 20
2.665045188141459
 30
0.0
 11
13.189513339672564
 21
3.848894960852119
 31
0.0
  0
LINE
  5
5B6
330
17
100
AcDbEntity
  8
SLOTS
100
AcDbLine
 10
13.386036027160307
 20
3.694367185670455
 30
0.0
 11
12.455162987182645
 21
2.5105174129597954
 31
0.0
  0
ARC
  5
5B7
330
17
100
AcDbEntity
  8
SLOTS
100
AcDbCircle
 10
13.287774683416435
 20
3.771631073261287
 30
0.0
 40
0.125
100
AcDbArc
 50
-38.1783278692596
 51
141.8216721307404
  0
ARC
  5
5B8
330
17
100
AcDbEntity
  8
SLOTS
100
AcDbCircle
 10
12.356901643438773
 20
2.587781300550627
 30
0.0
 40
0.125
100
AcDbArc
 50
141.8216721307404
 51
321.8216721307404
  0
LINE
  5
5B9
330
17
100
AcDbEntity
  8
SLOTS
100
AcDbLine
 10
11.418408467324715
 20
2.8098436372458675
 30
0.0
 11
13.257391600085446
 21
5.1485941115208265
 31
0.0
  0
LINE
  5
5BA
330
17
100
AcDbEntity
  8
SLOTS
100
AcDbLine
 10
13.45391428757319
 20
4.994066336339164
 30
0.0
 11
11.614931154812458
 21
2.655315862064204
 31
0.0
  0
ARC
  5
5BB
330
17
100
AcDbEntity
  8
SLOTS
100
AcDbCircle
 10
13.355652943829318
 20
5.071330223929995
 30
0.0
 40
0.125
100
AcDbArc
 50
-38.178327869259576
 51
141.8216721307404
  0
ARC
  5
5BC
330
17
100
AcDbEntity
  8
SLOTS
100
AcDbCircle
 10
11.516669811068587
 20
2.7325797496550357
 30
0.0
 40
0.125
100
AcDbArc
 50
141.8216721307404
 51
321.8216721307404
  0
LINE
  5
5BD
330
17
100
AcDbEntity
  8
SLOTS
100
AcDbLine
 10
10.578176634954527
 20
2.954642086350276
 30
0.0
 11
12.897049812827277
 21
5.903698903631587
 31
0.0
  0
LINE
  5
5BE
330
17
100
AcDbEntity
  8
SLOTS
100
AcDbLine
 10
13.09357250031502
 20
5.749171128449924
 30
0.0
 11
10.77469932244227
 21
2.8001143111686133
 31
0.0
  0
ARC
  5
5BF
330
17
100
AcDbEntity
  8
SLOTS
100
AcDbCircle
 10
12.995311156571148
 20
5.826435016040755
 30
0.0
 40
0.125
100
AcDbArc
 50
-38.178327869259576
 51
141.8216721307404
  0
ARC
  5
5C0
330
17
100
AcDbEntity
  8
SLOTS
100
AcDbCircle
 10
10.676437978698399
 20
2.8773781987594447
 30
0.0
 40
0.125
100
AcDbArc
 50
141.8216721307404
 51
321.8216721307404
  0
LINE
  5
5C1
330
17
100
AcDbEntity
  8
SLOTS
100
AcDbLine
 10
9.737944802584341
 20
3.099440535454685
 30
0.0
 11
12.514019390124767
 21
6.629949131521059
 31
0.0
  0
LINE
  5
5C2
330
17
100
AcDbEntity
  8
SLOTS
100
AcDbLine
 10
12.71054207761251
 20
6.475421356339396
 30
0.0
 11
9.934467490072084
 21
2.9449127602730214
 31
0.0
  0
ARC
  5
5C3
330
17
100
AcDbEntity
  8
SLOTS
100
AcDbCircle
 10
12.612280733868639
 20
6.552685243930227
 30
0.0
 40
0.125
100
AcDbArc
 50
-38.17832786925959
 51
141.8216721307404
  0
ARC
  5
5C4
330
17
100
AcDbEntity
  8
SLOTS
100
AcDbCircle
 10
9.836206146328212
 20
3.022176647863853
 30
0.0
 40
0.125
100
AcDbArc
 50
141.8216721307404
 51
321.8216721307404
  0
LINE
  5
5C5
330
17
100
AcDbEntity
  8
SLOTS
100
AcDbLine
 10
9.045041342124676
 20
3.4316057382511835
 30
0.0
 11
12.130988967422256
 21
7.356199359410532
 31
0.0
  0
LINE
  5
5C6
330
17
100
AcDbEntity
  8
SLOTS
100
AcDbLine
 10
12.32751165491
 20
7.201671584228869
 30
0.0
 11
9.24156402961242
 21
3.277077963069521
 31
0.0
  0
ARC
  5
5C7
330
17
100
AcDbEntity
  8
SLOTS
100
AcDbCircle
 10
12.229250311166128
 20
7.2789354718197
 30
0.0
 40
0.125
100
AcDbArc
 50
-38.178327869259576
 51
141.8216721307404
  0
ARC
  5
5C8
330
17
100
AcDbEntity
  8
SLOTS
100
AcDbCircle
 10
9.143302685868548
 20
3.354341850660352
 30
0.0
 40
0.125
100
AcDbArc
 50
141.8216721307404
 51
321.8216721307404
  0
LINE
  5
5C9
330
17
100
AcDbEntity
  8
SLOTS
100
AcDbLine
 10
8.571695624787127
 20
4.0429963274636656
 30
0.0
 11
11.747958544719747
 21
8.082449587300006
 31
0.0
  0
LINE
  5
5CA
330
17
100
AcDbEntity
  8
SLOTS
100
AcDbLine
 10
11.94448123220749
 20
7.927921812118344
 30
0.0
 11
8.76821831227487
 21
3.888468552282003
 31
0.0
  0
ARC
  5
5CB
330
17
100
AcDbEntity
  8
SLOTS
100
AcDbCircle
 10
11.846219888463619
 20
8.005185699709175
 30
0.0
 40
0.125
100
AcDbArc
 50
-38.17832786925958
 51
141.8216721307404
  0
ARC
  5
5CC
330
17
100
AcDbEntity
  8
SLOTS
100
AcDbCircle
 10
8.669956968530999
 20
3.965732439872834
 30
0.0
 40
0.125
100
AcDbArc
 50
141.8216721307404
 51
321.8216721307404
  0
LINE
  5
5CD
330
17
100
AcDbEntity
  8
SLOTS
100
AcDbLine
 10
13.266648364041972
 20
1.1389029068107872
 30
0.0
 11
13.323014591450468
 21
1.6425430883715522
 31
0.0
  0
LINE
  5
5CE
330
17
100
AcDbEntity
  8
SLOTS
100
AcDbLine
 10
13.571463452846212
 20
1.6147372747499777
 30
0.0
 11
13.515097225437716
 21
1.1110970931892128
 31
0.0
  0
ARC
  5
5CF
330
17
100
AcDbEntity
  8
SLOTS
100
AcDbCircle
 10
13.44723902214834
 20
1.628640181560765
 30
0.0
 40
0.125
100
AcDbArc
 50
-6.385835625011012
 51
173.614164374989
  0
ARC
  5
5D0
330
17
100
AcDbEntity
  8
SLOTS
100
AcDbCircle
 10
13.390872794739844
 20
1.125
 30
0.0
 40
0.125
100
AcDbArc
 50
173.614164374989
 51
353.614164374989
  0
LINE
  5
5D1
330
17
100
AcDbEntity
  8
SLOTS
100
AcDbLine
 10
12.511965895598946
 20
1.138902906810787
 30
0.0
 11
12.583730671980083
 21
1.7801312924596
 31
0.0
  0
LINE
  5
5D2
330
17
100
AcDbEntity
  8
SLOTS
100
AcDbLine
 10
12.832179533375827
 20
1.752325478838026
 30
0.0
 11
12.76041475699469
 21
1.111097093189213
 31
0.0
  0
ARC
  5
5D3
330
17
100
AcDbEntity
  8
SLOTS
100
AcDbCircle
 10
12.707955102677955
 20
1.766228385648813
 30
0.0
 40
0.125
100
AcDbArc
 50
-6.385835625010955
 51
173.61416437498906
  0
ARC
  5
5D4
330
17
100
AcDbEntity
  8
SLOTS
100
AcDbCircle
 10
12.636190326296818
 20
1.125
 30
0.0
 40
0.125
100
AcDbArc
 50
173.61416437498906
 51
353.61416437498906
  0
LINE
  5
5D5
330
17
100
AcDbEntity
  8
SLOTS
100
AcDbLine
 10
11.757283427155919
 20
1.1389029068107874
 30
0.0
 11
11.8433283011721
 21
1.907725976302749
 31
0.0
  0
LINE
  5
5D6
330
17
100
AcDbEntity
  8
SLOTS
100
AcDbLine
 10
12.091777162567844
 20
1.8799201626811741
 30
0.0
 11
12.005732288551663
 21
1.1110970931892126
 31
0.0
  0
ARC
  5
5D7
330
17
100
AcDbEntity
  8
SLOTS
100
AcDbCircle
 10
11.967552731869972
 20
1.8938230694919616
 30
0.0
 40
0.125
100
AcDbArc
 50
-6.385835625011126
 51
173.6141643749889
  0
ARC
  5
5D8
330
17
100
AcDbEntity
  8
SLOTS
100
AcDbCircle
 10
11.88150785785379
 20
1.125
 30
0.0
 40
0.125
100
AcDbArc
 50
173.6141643749889
 51
353.6141643749889
  0
LINE
  5
5D9
330
17
100
AcDbEntity
  8
SLOTS
100
AcDbLine
 10
11.002600958712895
 20
1.1389029068107872
 30
0.0
 11
11.102925930364117
 21
2.035320660145897
 31
0.0
  0
LINE
  5
5DA
330
17
100
AcDbEntity
  8
SLOTS
100
AcDbLine
 10
11.351374791759861
 20
2.0075148465243227
 30
0.0
 11
11.251049820108639
 21
1.1110970931892128
 31
0.0
  0
ARC
  5
5DB
330
17
100
AcDbEntity
  8
SLOTS
100
AcDbCircle
 10
11.22715036106199
 20
2.02141775333511
 30
0.0
 40
0.125
100
AcDbArc
 50
-6.385835625011026
 51
173.61416437498897
  0
ARC
  5
5DC
330
17
100
AcDbEntity
  8
SLOTS
100
AcDbCircle
 10
11.126825389410767
 20
1.125
 30
0.0
 40
0.125
100
AcDbArc
 50
173.61416437498897
 51
353.61416437498895
  0
LINE
  5
5DD
330
17
100
AcDbEntity
  8
SLOTS
100
AcDbLine
 10
10.247918490269871
 20
1.1389029068107872
 30
0.0
 11
10.362523559556136
 21
2.162915343989045
 31
0.0
  0
LINE
  5
5DE
330
17
100
AcDbEntity
  8
SLOTS
100
AcDbLine
 10
10.61097242095188
 20
2.1351095303674708
 30
0.0
 11
10.496367351665615
 21
1.1110970931892128
 31
0.0
  0
ARC
  5
5DF
330
17
100
AcDbEntity
  8
SLOTS
100
AcDbCircle
 10
10.486747990254008
 20
2.149012437178258
 30
0.0
 40
0.125
100
AcDbArc
 50
-6.38583562501104
 51
173.61416437498895
  0
ARC
  5
5E0
330
17
100
AcDbEntity
  8
SLOTS
100
AcDbCircle
 10
10.372142920967743
 20
1.125
 30
0.0
 40
0.125
100
AcDbArc
 50
173.61416437498895
 51
353.61416437498895
  0
LINE
  5
5E1
330
17
100
AcDbEntity
  8
SLOTS
100
AcDbLine
 10
9.493236021826846
 20
1.1389029068107874
 30
0.0
 11
9.622121188748153
 21
2.2905100278321937
 31
0.0
  0
LINE
  5
5E2
330
17
100
AcDbEntity
  8
SLOTS
100
AcDbLine
 10
9.870570050143897
 20
2.2627042142106193
 30
0.0
 11
9.74168488322259
 21
1.1110970931892126
 31
0.0
  0
ARC
  5
5E3
330
17
100
AcDbEntity
  8
SLOTS
100
AcDbCircle
 10
9.746345619446025
 20
2.2766071210214065
 30
0.0
 40
0.125
100
AcDbArc
 50
-6.385835625011055
 51
173.61416437498895
  0
ARC
  5
5E4
330
17
100
AcDbEntity
  8
SLOTS
100
AcDbCircle
 10
9.617460452524718
 20
1.125
 30
0.0
 40
0.125
100
AcDbArc
 50
173.61416437498895
 51
353.61416437498895
  0
LINE
  5
5E5
330
17
100
AcDbEntity
  8
SLOTS
100
AcDbLine
 10
15.463639907187112
 20
4.7533199735814415
 30
0.0
 11
14.806368275870685
 21
5.192694391545779
 31
0.0
  0
LINE
  5
5E6
330
17
100
AcDbEntity
  8
SLOTS
100
AcDbLine
 10
14.945304456033895
 20
5.400532640772567
 30
0.0
 11
15.602576087350322
 21
4.961158222808229
 31
0.0
  0
ARC
  5
5E7
330
17
100
AcDbEntity
  8
SLOTS
100
AcDbCircle
 10
14.87583636595229
 20
5.296613516159173
 30
0.0
 40
0.125
100
AcDbArc
 50
56.23797538009188
 51
236.23797538009188
  0
ARC
  5
5E8
330
17
100
AcDbEntity
  8
SLOTS
100
AcDbCircle
 10
15.533107997268717
 20
4.857239098194835
 30
0.0
 40
0.125
100
AcDbArc
 50
236.23797538009188
 51
416.2379753800919
  0
LINE
  5
5E9
330
17
100
AcDbEntity
  8
SLOTS
100
AcDbLine
 10
15.584209883516706
 20
3.770577226693068
 30
0.0
 11
14.028996961767218
 21
4.810209457488879
 31
0.0
  0
LINE
  5
5EA
330
17
100
AcDbEntity
  8
SLOTS
100
AcDbLine
 10
14.167933141930428
 20
5.018047706715667
 30
0.0
 11
15.723146063679916
 21
3.9784154759198547
 31
0.0
  0
ARC
  5
5EB
330
17
100
AcDbEntity
  8
SLOTS
100
AcDbCircle
 10
14.098465051848823
 20
4.914128582102273
 30
0.0
 40
0.125
100
AcDbArc
 50
56.23797538009188
 51
236.23797538009188
  0
ARC
  5
5EC
330
17
100
AcDbEntity
  8
SLOTS
100
AcDbCircle
 10
15.653677973598311
 20
3.8744963513064614
 30
0.0
 40
0.125
100
AcDbArc
 50
236.23797538009188
 51
416.2379753800919
  0
LINE
  5
5ED
330
17
100
AcDbEntity
  8
SLOTS
100
AcDbLine
 10
15.704779859846301
 20
2.787834479804695
 30
0.0
 11
13.98347089398105
 21
3.9384989676345996
 31
0.0
  0
LINE
  5
5EE
330
17
100
AcDbEntity
  8
SLOTS
100
AcDbLine
 10
14.12240707414426
 20
4.146337216861387
 30
0.0
 11
15.843716040009511
 21
2.9956727290314813
 31
0.0
  0
ARC
  5
5EF
330
17
100
AcDbEntity
  8
SLOTS
100
AcDbCircle
 10
14.052938984062655
 20
4.042418092247993
 30
0.0
 40
0.125
100
AcDbArc
 50
56.237975380091854
 51
236.23797538009185
  0
ARC
  5
5F0
330
17
100
AcDbEntity
  8
SLOTS
100
AcDbCircle
 10
15.774247949927906
 20
2.891753604418088
 30
0.0
 40
0.125
100
AcDbArc
 50
236.23797538009185
 51
416.2379753800918
  0
LINE
  5
5F1
330
17
100
AcDbEntity
  8
SLOTS
100
AcDbLine
 10
15.825349836175896
 20
1.8050917329163227
 30
0.0
 11
13.937944826194881
 21
3.0667884777803196
 31
0.0
  0
LINE
  5
5F2
330
17
100
AcDbEntity
  8
SLOTS
100
AcDbLine
 10
14.076881006358091
 20
3.274626727007106
 30
0.0
 11
15.964286016339106
 21
2.0129299821431093
 31
0.0
  0
ARC
  5
5F3
330
17
100
AcDbEntity
  8
SLOTS
100
AcDbCircle
 10
14.007412916276486
 20
3.170707602393713
 30
0.0
 40
0.125
100
AcDbArc
 50
56.237975380091854
 51
236.23797538009185
  0
ARC
  5
5F4
330
17
100
AcDbEntity
  8
SLOTS
100
AcDbCircle
 10
15.8948179262575
 20
1.909010857529716
 30
0.0
 40
0.125
100
AcDbArc
 50
236.23797538009185
 51
416.2379753800918
  0
LINE
  5
5F5
330
17
100
AcDbEntity
  8
SLOTS
100
AcDbLine
 10
14.474526418825299
 20
1.8059493502334876
 30
0.0
 11
13.892418758408711
 21
2.195077987926038
 31
0.0
  0
LINE
  5
5F6
330
17
100
AcDbEntity
  8
SLOTS
100
AcDbLine
 10
14.031354938571921
 20
2.4029162371528243
 30
0.0
 11
14.613462598988509
 21
2.013787599460274
 31
0.0
  0
ARC
  5
5F7
330
17
100
AcDbEntity
  8
SLOTS
100
AcDbCircle
 10
13.961886848490316
 20
2.298997112539431
 30
0.0
 40
0.125
100
AcDbArc
 50
56.237975380091825
 51
236.23797538009183
  0
ARC
  5
5F8
330
17
100
AcDbEntity
  8
SLOTS
100
AcDbCircle
 10
14.543994508906904
 20
1.9098684748468808
 30
0.0
 40
0.125
100
AcDbArc
 50
236.23797538009183
 51
416.2379753800918
  0
LINE
  5
5F9
330
17
100
AcDbEntity
  8
SLOTS
100
AcDbLine
 10
14.368626047919923
 20
10.626529155484432
 30
0.0
 11
13.488042071662893
 21
10.405030746637573
 31
0.0
  0
LINE
  5
5FA
330
17
100
AcDbEntity
  8
SLOTS
100
AcDbLine
 10
13.427057776844716
 20
10.64747850551674
 30
0.0
 11
14.307641753101747
 21
10.868976914363598
 31
0.0
  0
ARC
  5
5FB
330
17
100
AcDbEntity
  8
SLOTS
100
AcDbCircle
 10
13.457549924253804
 20
10.526254626077156
 30
0.0
 40
0.125
100
AcDbArc
 50
-255.8809669652611
 51
-75.88096696526111
  0
ARC
  5
5FC
330
17
100
AcDbEntity
  8
SLOTS
100
AcDbCircle
 10
14.338133900510835
 20
10.747753034924015
 30
0.0
 40
0.125
100
AcDbArc
 50
-75.88096696526111
 51
104.11903303473889
  0
LINE
  5
5FD
330
17
100
AcDbEntity
  8
SLOTS
100
AcDbLine
 10
15.271316188763654
 20
10.080225576793337
 30
0.0
 11
12.039745044268246
 21
9.267369692651942
 31
0.0
  0
LINE
  5
5FE
330
17
100
AcDbEntity
  8
SLOTS
100
AcDbLine
 10
11.97876074945007
 20
9.509817451531108
 30
0.0
 11
15.210331893945478
 21
10.322673335672503
 31
0.0
  0
ARC
  5
5FF
330
17
100
AcDbEntity
  8
SLOTS
100
AcDbCircle
 10
12.009252896859158
 20
9.388593572091525
 30
0.0
 40
0.125
100
AcDbArc
 50
-255.88096696526114
 51
-75.88096696526114
  0
ARC
  5
600
330
17
100
AcDbEntity
  8
SLOTS
100
AcDbCircle
 10
15.240824041354566
 20
10.20144945623292
 30
0.0
 40
0.125
100
AcDbArc
 50
-75.88096696526114
 51
104.11903303473886
  0
LINE
  5
601
330
17
100
AcDbEntity
  8
SLOTS
100
AcDbLine
 10
15.638152831737663
 20
9.399135651367125
 30
0.0
 11
12.36035421934325
 21
8.574651903375456
 31
0.0
  0
LINE
  5
602
330
17
100
AcDbEntity
  8
SLOTS
100
AcDbLine
 10
12.299369924525074
 20
8.817099662254622
 30
0.0
 11
15.577168536919487
 21
9.641583410246291
 31
0.0
  0
ARC
  5
603
330
17
100
AcDbEntity
  8
SLOTS
100
AcDbCircle
 10
12.329862071934162
 20
8.695875782815039
 30
0.0
 40
0.125
100
AcDbArc
 50
-255.88096696526114
 51
-75.88096696526114
  0
ARC
  5
604
330
17
100
AcDbEntity
  8
SLOTS
100
AcDbCircle
 10
15.607660684328575
 20
9.520359530806708
 30
0.0
 40
0.125
100
AcDbArc
 50
-75.88096696526114
 51
104.11903303473886
  0
LINE
  5
605
330
17
100
AcDbEntity
  8
SLOTS
100
AcDbLine
 10
15.830178659072006
 20
8.674074544818597
 30
0.0
 11
12.720459693109337
 21
7.891868847811254
 31
0.0
  0
LINE
  5
606
330
17
100
AcDbEntity
  8
SLOTS
100
AcDbLine
 10
12.65947539829116
 20
8.134316606690419
 30
0.0
 11
15.76919436425383
 21
8.916522303697763
 31
0.0
  0
ARC
  5
607
330
17
100
AcDbEntity
  8
SLOTS
100
AcDbCircle
 10
12.689967545700249
 20
8.013092727250836
 30
0.0
 40
0.125
100
AcDbArc
 50
-255.88096696526117
 51
-75.88096696526117
  0
ARC
  5
608
330
17
100
AcDbEntity
  8
SLOTS
100
AcDbCircle
 10
15.799686511662918
 20
8.79529842425818
 30
0.0
 40
0.125
100
AcDbArc
 50
-75.88096696526117
 51
104.11903303473883
  0
LINE
  5
609
330
17
100
AcDbEntity
  8
SLOTS
100
AcDbLine
 10
16.02220448640635
 20
7.949013438270069
 30
0.0
 11
13.080565166875424
 21
7.209085792247048
 31
0.0
  0
LINE
  5
60A
330
17
100
AcDbEntity
  8
SLOTS
100
AcDbLine
 10
13.019580872057247
 20
7.451533551126213
 30
0.0
 11
15.961220191588172
 21
8.191461197149234
 31
0.0
  0
ARC
  5
60B
330
17
100
AcDbEntity
  8
SLOTS
100
AcDbCircle
 10
13.050073019466335
 20
7.3303096716866305
 30
0.0
 40
0.125
100
AcDbArc
 50
-255.88096696526114
 51
-75.88096696526114
  0
ARC
  5
60C
330
17
100
AcDbEntity
  8
SLOTS
100
AcDbCircle
 10
15.99171233899726
 20
8.070237317709651
 30
0.0
 40
0.125
100
AcDbArc
 50
-75.88096696526114
 51
104.11903303473886
  0
LINE
  5
60D
330
17
100
AcDbEntity
  8
SLOTS
100
AcDbLine
 10
16.05010999487186
 20
7.182670193425766
 30
0.0
 11
13.440670640641512
 21
6.526302736682845
 31
0.0
  0
LINE
  5
60E
330
17
100
AcDbEntity
  8
SLOTS
100
AcDbLine
 10
13.379686345823336
 20
6.768750495562009
 30
0.0
 11
15.989125700053684
 21
7.42511795230493
 31
0.0
  0
ARC
  5
60F
330
17
100
AcDbEntity
  8
SLOTS
100
AcDbCircle
 10
13.410178493232424
 20
6.647526616122427
 30
0.0
 40
0.125
100
AcDbArc
 50
-255.88096696526114
 51
-75.88096696526114
  0
ARC
  5
610
330
17
100
AcDbEntity
  8
SLOTS
100
AcDbCircle
 10
16.019617847462772
 20
7.303894072865348
 30
0.0
 40
0.125
100
AcDbArc
 50
-75.88096696526114
 51
104.11903303473886
  0
LINE
  5
611
330
17
100
AcDbEntity
  8
SLOTS
100
AcDbLine
 10
15.542312571364766
 20
6.281578474562111
 30
0.0
 11
13.800776114407599
 21
5.843519681118641
 31
0.0
  0
LINE
  5
612
330
17
100
AcDbEntity
  8
SLOTS
100
AcDbLine
 10
13.739791819589422
 20
6.085967439997805
 30
0.0
 11
15.48132827654659
 21
6.524026233441275
 31
0.0
  0
ARC
  5
613
330
17
100
AcDbEntity
  8
SLOTS
100
AcDbCircle
 10
13.77028396699851
 20
5.964743560558223
 30
0.0
 40
0.125
100
AcDbArc
 50
-255.88096696526114
 51
-75.88096696526114
  0
ARC
  5
614
330
17
100
AcDbEntity
  8
SLOTS
100
AcDbCircle
 10
15.511820423955678
 20
6.402802354001693
 30
0.0
 40
0.125
100
AcDbArc
 50
-75.88096696526114
 51
104.11903303473886
  0
ENDSEC
  0
SECTION
  2
OBJECTS
  0
DICTIONARY
  5
A
330
0
100
AcDbDictionary
281
1
  3
ACAD_COLOR
350
B
  3
ACAD_GROUP
350
C
  3
ACAD_LAYOUT
350
D
  3
ACAD_MATERIAL
350
E
  3
ACAD_MLEADERSTYLE
350
F
  3
ACAD_MLINESTYLE
350
10
  3
ACAD_PLOTSETTINGS
350
11
  3
ACAD_PLOTSTYLENAME
350
12
  3
ACAD_SCALELIST
350
14
  3
ACAD_TABLESTYLE
350
15
  3
ACAD_VISUALSTYLE
350
16
  3
EZDXF_META
350
2D
  0
DICTIONARY
  5
B
330
A
100
AcDbDictionary
281
1
  0
DICTIONARY
  5
C
330
A
100
AcDbDictionary
281
1
  0
DICTIONARY
  5
D
330
A
100
AcDbDictionary
281
1
  3
Model
350
1A
  3
Layout1
350
1E
  0
DICTIONARY
  5
E
330
A
100
AcDbDictionary
281
1
  3
ByBlock
350
1F
  3
ByLayer
350
20
  3
Global
350
21
  0
DICTIONARY
  5
F
330
A
100
AcDbDictionary
281
1
  3
Standard
350
2C
  0
DICTIONARY
  5
10
330
A
100
AcDbDictionary
281
1
  3
Standard
350
22
  0
DICTIONARY
  5
11
330
A
100
AcDbDictionary
281
1
  0
ACDBDICTIONARYWDFLT
  5
12
330
A
100
AcDbDictionary
281
1
  3
Normal
350
13
100
AcDbDictionaryWithDefault
340
13
  0
ACDBPLACEHOLDER
  5
13
330
12
  0
DICTIONARY
  5
14
330
A
100
AcDbDictionary
281
1
  0
DICTIONARY
  5
15
330
A
100
AcDbDictionary
281
1
  0
DICTIONARY
  5
16
330
A
100
AcDbDictionary
281
1
  3
2dWireframe
350
5A
  3
Basic
350
5B
  3
Brighten
350
5C
  3
ColorChange
350
5D
  3
Conceptual
350
5E
  3
Dim
350
5F
  3
EdgeColorOff
350
60
  3
Facepattern
350
61
  3
Flat
350
62
  3
FlatWithEdges
350
63
  3
Gouraud
350
64
  3
GouraudWithEdges
350
65
  3
Hidden
350
66
  3
JitterOff
350
67
  3
Linepattern
350
68
  3
Modeling
350
69
  3
OverhangOff
350
6A
  3
Realistic
350
6B
  3
Shaded
350
6C
  3
Shaded with edges
350
6D
  3
Shades of Gray
350
6E
  3
Sketchy
350
6F
  3
Thicken
350
70
  3
Wireframe
350
71
  3
X-Ray
350
72
  0
LAYOUT
  5
1A
330
D
100
AcDbPlotSettings
  1

  4
A3
  6

 40
7.5
 41
20.0
 42
7.5
 43
20.0
 44
420.0
 45
297.0
 46
0.0
 47
0.0
 48
0.0
 49
0.0
140
0.0
141
0.0
142
1.0
143
1.0
 70
1024
 72
1
 73
0
 74
5
  7

 75
16
 76
0
 77
2
 78
300
147
1.0
148
0.0
149
0.0
100
AcDbLayout
  1
Model
 70
1
 71
0
 10
0.0
 20
0.0
 11
420.0
 21
297.0
 12
0.0
 22
0.0
 32
0.0
 14
1e+20
 24
1e+20
 34
1e+20
 15
-1e+20
 25
-1e+20
 35
-1e+20
146
0.0
 13
0.0
 23
0.0
 33
0.0
 16
1.0
 26
0.0
 36
0.0
 17
0.0
 27
1.0
 37
0.0
 76
1
330
17
  0
LAYOUT
  5
1E
330
D
100
AcDbPlotSettings
  1

  4
A3
  6

 40
7.5
 41
20.0
 42
7.5
 43
20.0
 44
420.0
 45
297.0
 46
0.0
 47
0.0
 48
0.0
 49
0.0
140
0.0
141
0.0
142
1.0
143
1.0
 70
0
 72
1
 73
0
 74
5
  7

 75
16
 76
0
 77
2
 78
300
147
1.0
148
0.0
149
0.0
100
AcDbLayout
  1
Layout1
 70
1
 71
1
 10
0.0
 20
0.0
 11
420.0
 21
297.0
 12
0.0
 22
0.0
 32
0.0
 14
1e+20
 24
1e+20
 34
1e+20
 15
-1e+20
 25
-1e+20
 35
-1e+20
146
0.0
 13
0.0
 23
0.0
 33
0.0
 16
1.0
 26
0.0
 36
0.0
 17
0.0
 27
1.0
 37
0.0
 76
1
330
1B
  0
MATERIAL
  5
1F
102
{ACAD_REACTORS
330
E
102
}
330
E
100
AcDbMaterial
  1
ByBlock
  2

 70
0
 40
1.0
 71
1
 41
1.0
 91
-1023410177
 42
1.0
 72
1
  3

 73
1
 74
1
 75
1
 44
0.5
 73
0
 45
1.0
 46
1.0
 77
1
  4

 78
1
 79
1
170
1
 48
1.0
171
1
  6

172
1
173
1
174
1
140
1.0
141
1.0
175
1
  7

176
1
177
1
178
1
143
1.0
179
1
  8

270
1
271
1
272
1
145
1.0
146
1.0
273
1
  9

274
1
275
1
276
1
 42
1.0
 72
1
  3

 73
1
 74
1
 75
1
 94
63
  0
MATERIAL
  5
20
102
{ACAD_REACTORS
330
E
102
}
330
E
100
AcDbMaterial
  1
ByLayer
  2

 70
0
 40
1.0
 71
1
 41
1.0
 91
-1023410177
 42
1.0
 72
1
  3

 73
1
 74
1
 75
1
 44
0.5
 73
0
 45
1.0
 46
1.0
 77
1
  4

 78
1
 79
1
170
1
 48
1.0
171
1
  6

172
1
173
1
174
1
140
1.0
141
1.0
175
1
  7

176
1
177
1
178
1
143
1.0
179
1
  8

270
1
271
1
272
1
145
1.0
146
1.0
273
1
  9

274
1
275
1
276
1
 42
1.0
 72
1
  3

 73
1
 74
1
 75
1
 94
63
  0
MATERIAL
  5
21
102
{ACAD_REACTORS
330
E
102
}
330
E
100
AcDbMaterial
  1
Global
  2

 70
0
 40
1.0
 71
1
 41
1.0
 91
-1023410177
 42
1.0
 72
1
  3

 73
1
 74
1
 75
1
 44
0.5
 73
0
 45
1.0
 46
1.0
 77
1
  4

 78
1
 79
1
170
1
 48
1.0
171
1
  6

172
1
173
1
174
1
140
1.0
141
1.0
175
1
  7

176
1
177
1
178
1
143
1.0
179
1
  8

270
1
271
1
272
1
145
1.0
146
1.0
273
1
  9

274
1
275
1
276
1
 42
1.0
 72
1
  3

 73
1
 74
1
 75
1
 94
63
  0
MLINESTYLE
  5
22
102
{ACAD_REACTORS
330
10
102
}
330
10
100
AcDbMlineStyle
  2
Standard
 70
0
  3

 62
256
 51
90.0
 52
90.0
 71
2
 49
0.5
 62
256
  6
BYLAYER
 49
-0.5
 62
256
  6
BYLAYER
  0
MLEADERSTYLE
  5
2C
102
{ACAD_REACTORS
330
F
102
}
330
F
100
AcDbMLeaderStyle
179
2
170
2
171
1
172
0
 90
2
 40
0.0
 41
0.0
173
1
 91
-1056964608
 92
-2
290
1
 42
2.0
291
1
 43
8.0
  3
Standard
 44
4.0
300

342
29
174
1
175
1
176
0
178
1
 93
-1056964608
 45
4.0
292
0
297
0
 46
4.0
 94
-1056964608
 47
1.0
 49
1.0
140
1.0
294
1
141
0.0
177
0
142
1.0
295
0
296
0
143
3.75
271
0
272
9
273
9
  0
DICTIONARY
  5
2D
330
A
100
AcDbDictionary
280
1
281
1
  3
CREATED_BY_EZDXF
350
2E
  3
WRITTEN_BY_EZDXF
350
617
  0
DICTIONARYVAR
  5
2E
330
2D
100
DictionaryVariables
280
0
  1
1.4.4 @ 2026-09-19T23:29:04.807082+00:00
  0
VISUALSTYLE
  5
5A
102
{ACAD_REACTORS
330
16
102
}
330
16
100
AcDbVisualStyle
  2
2dWireframe
 70
4
 90
0
 40
0.6
 62
7
290
0
291
0
  0
VISUALSTYLE
  5
5B
102
{ACAD_REACTORS
330
16
102
}
330
16
100
AcDbVisualStyle
  2
Basic
 70
7
 90
1
 40
0.6
 62
7
290
0
291
1
  0
VISUALSTYLE
  5
5C
102
{ACAD_REACTORS
330
16
102
}
330
16
100
AcDbVisualStyle
  2
Brighten
 70
12
 90
2
 40
0.6
 62
7
290
0
291
1
  0
VISUALSTYLE
  5
5D
102
{ACAD_REACTORS
330
16
102
}
330
16
100
AcDbVisualStyle
  2
ColorChange
 70
16
 90
2
 40
0.6
 62
8
290
0
291
1
  0
VISUALSTYLE
  5
5E
102
{ACAD_REACTORS
330
16
102
}
330
16
100
AcDbVisualStyle
  2
Conceptual
 70
9
 90
3
 40
0.6
 62
7
290
0
291
0
  0
VISUALSTYLE
  5
5F
102
{ACAD_REACTORS
330
16
102
}
330
16
100
AcDbVisualStyle
  2
Dim
 70
11
 90
2
 40
0.6
 62
7
290
0
291
1
  0
VISUALSTYLE
  5
60
102
{ACAD_REACTORS
330
16
102
}
330
16
100
AcDbVisualStyle
  2
EdgeColorOff
 70
22
 90
2
 40
0.6
 62
7
290
0
291
1
  0
VISUALSTYLE
  5
61
102
{ACAD_REACTORS
330
16
102
}
330
16
100
AcDbVisualStyle
  2
Facepattern
 70
15
 90
2
 40
0.6
 62
7
290
0
291
1
  0
VISUALSTYLE
  5
62
102
{ACAD_REACTORS
330
16
102
}
330
16
100
AcDbVisualStyle
  2
Flat
 70
0
 90
2
 40
0.6
 62
7
290
0
291
1
  0
VISUALSTYLE
  5
63
102
{ACAD_REACTORS
330
16
102
}
330
16
100
AcDbVisualStyle
  2
FlatWithEdges
 70
1
 90
2
 40
0.6
 62
7
290
0
291
1
  0
VISUALSTYLE
  5
64
102
{ACAD_REACTORS
330
16
102
}
330
16
100
AcDbVisualStyle
  2
Gouraud
 70
2
 90
2
 40
0.6
 62
7
290
0
291
1
  0
VISUALSTYLE
  5
65
102
{ACAD_REACTORS
330
16
102
}
330
16
100
AcDbVisualStyle
  2
GouraudWithEdges
 70
3
 90
2
 40
0.6
 62
7
290
0
291
1
  0
VISUALSTYLE
  5
66
102
{ACAD_REACTORS
330
16
102
}
330
16
100
AcDbVisualStyle
  2
Hidden
 70
6
 90
1
 40
0.6
 62
7
290
0
291
0
  0
VISUALSTYLE
  5
67
102
{ACAD_REACTORS
330
16
102
}
330
16
100
AcDbVisualStyle
  2
JitterOff
 70
20
 90
2
 40
0.6
 62
7
290
0
291
1
  0
VISUALSTYLE
  5
68
102
{ACAD_REACTORS
330
16
102
}
330
16
100
AcDbVisualStyle
  2
Linepattern
 70
14
 90
2
 40
0.6
 62
7
290
0
291
1
  0
VISUALSTYLE
  5
69
102
{ACAD_REACTORS
330
16
102
}
330
16
100
AcDbVisualStyle
  2
Modeling
 70
10
 90
2
 40
0.6
 62
7
290
0
291
0
  0
VISUALSTYLE
  5
6A
102
{ACAD_REACTORS
330
16
102
}
330
16
100
AcDbVisualStyle
  2
OverhangOff
 70
21
 90
2
 40
0.6
 62
7
290
0
291
1
  0
VISUALSTYLE
  5
6B
102
{ACAD_REACTORS
330
16
102
}
330
16
100
AcDbVisualStyle
  2
Realistic
 70
8
 90
2
 40
0.6
 62
7
290
0
291
0
  0
VISUALSTYLE
  5
6C
102
{ACAD_REACTORS
330
16
102
}
330
16
100
AcDbVisualStyle
  2
Shaded
 70
27
 90
2
 40
0.6
 62
7
290
0
291
0
  0
VISUALSTYLE
  5
6D
102
{ACAD_REACTORS
330
16
102
}
330
16
100
AcDbVisualStyle
  2
Shaded with edges
 70
26
 90
2
 40
0.6
 62
7
290
0
291
0
  0
VISUALSTYLE
  5
6E
102
{ACAD_REACTORS
330
16
102
}
330
16
100
AcDbVisualStyle
  2
Shades of Gray
 70
23
 90
2
 40
0.6
 62
7
290
0
291
0
  0
VISUALSTYLE
  5
6F
102
{ACAD_REACTORS
330
16
102
}
330
16
100
AcDbVisualStyle
  2
Sketchy
 70
24
 90
1
 40
0.6
 62
7
290
0
291
0
  0
VISUALSTYLE
  5
70
102
{ACAD_REACTORS
330
16
102
}
330
16
100
AcDbVisualStyle
  2
Thicken
 70
13
 90
2
 40
0.6
 62
7
290
0
291
1
  0
VISUALSTYLE
  5
71
102
{ACAD_REACTORS
330
16
102
}
330
16
100
AcDbVisualStyle
  2
Wireframe
 70
5
 90
0
 40
0.6
 62
7
290
0
291
0
  0
VISUALSTYLE
  5
72
102
{ACAD_REACTORS
330
16
102
}
330
16
100
AcDbVisualStyle
  2
X-Ray
 70
25
 90
2
 40
0.5
 62
7
290
0
291
0
  0
DICTIONARYVAR
  5
617
330
2D
100
DictionaryVariables
280
0
  1
1.4.4 @ 2026-09-19T23:29:04.855797+00:00
  0
ENDSEC
  0
EOF
