  0
SECTION
  2
HEADER
  9
$ACADVER
  1
AC1024
  9
$ACADMAINTVER
 70
6
  9
$DWGCODEPAGE
  3
ANSI_1252
  9
$LASTSAVEDBY
  1
ezdxf
  9
$INSBASE
 10
0.0
 20
0.0
 30
0.0
  9
$EXTMIN
 10
1e+20
 20
1e+20
 30
1e+20
  9
$EXTMAX
 10
-1e+20
 20
-1e+20
 30
-1e+20
  9
$LIMMIN
 10
0.0
 20
0.0
  9
$LIMMAX
 10
420.0
 20
297.0
  9
$ORTHOMODE
 70
0
  9
$REGENMODE
 70
1
  9
$FILLMODE
 70
1
  9
$QTEXTMODE
 70
0
  9
$MIRRTEXT
 70
1
  9
$LTSCALE
 40
1.0
  9
$ATTMODE
 70
1
  9
$TEXTSIZE
 40
2.5
  9
$TRACEWID
 40
1.0
  9
$TEXTSTYLE
  7
OpenSans
  9
$CLAYER
  8
0
  9
$CELTYPE
  6
ByLayer
  9
$CECOLOR
 62
256
  9
$CELTSCALE
 40
1.0
  9
$DISPSILH
 70
0
  9
$DIMSCALE
 40
1.0
  9
$DIMASZ
 40
0.175
  9
$DIMEXO
 40
0.125
  9
$DIMDLI
 40
3.75
  9
$DIMRND
 40
0.0
  9
$DIMDLE
 40
0.0
  9
$DIMEXE
 40
0.375
  9
$DIMTP
 40
0.0
  9
$DIMTM
 40
0.0
  9
$DIMTXT
 40
0.25
  9
$DIMCEN
 40
2.5
  9
$DIMTSZ
 40
0.0
  9
$DIMTOL
 70
0
  9
$DIMLIM
 70
0
  9
$DIMTIH
 70
0
  9
$DIMTOH
 70
0
  9
$DIMSE1
 70
0
  9
$DIMSE2
 70
0
  9
$DIMTAD
 70
1
  9
$DIMZIN
 70
12
  9
$DIMBLK
  1
ARCHTICK
  9
$DIMASO
 70
1
  9
$DIMSHO
 70
1
  9
$DIMPOST
  1

  9
$DIMAPOST
  1

  9
$DIMALT
 70
0
  9
$DIMALTD
 70
3
  9
$DIMALTF
 40
0.03937007874
  9
$DIMLFAC
 40
100.0
  9
$DIMTOFL
 70
1
  9
$DIMTVP
 40
0.0
  9
$DIMTIX
 70
0
  9
$DIMSOXD
 70
0
  9
$DIMSAH
 70
0
  9
$DIMBLK1
  1

  9
$DIMBLK2
  1

  9
$DIMSTYLE
  2
EZDXF
  9
$DIMCLRD
 70
0
  9
$DIMCLRE
 70
0
  9
$DIMCLRT
 70
0
  9
$DIMTFAC
 40
0.5
  9
$DIMGAP
 40
0.1
  9
$DIMJUST
 70
0
  9
$DIMSD1
 70
0
  9
$DIMSD2
 70
0
  9
$DIMTOLJ
 70
0
  9
$DIMTZIN
 70
8
  9
$DIMALTZ
 70
0
  9
$DIMALTTZ
 70
0
  9
$DIMUPT
 70
1
  9
$DIMDEC
 70
2
  9
$DIMTDEC
 70
2
  9
$DIMALTU
 70
2
  9
$DIMALTTD
 70
3
  9
$DIMTXSTY
  7
OpenSansCondensed-Light
  9
$DIMAUNIT
 70
0
  9
$DIMADEC
 70
2
  9
$DIMALTRND
 40
0.0
  9
$DIMAZIN
 70
3
  9
$DIMDSEP
 70
46
  9
$DIMATFIT
 70
3
  9
$DIMFRAC
 70
0
  9
$DIMLDRBLK
  1

  9
$DIMLUNIT
 70
2
  9
$DIMLWD
 70
-2
  9
$DIMLWE
 70
-2
  9
$DIMTMOVE
 70
2
  9
$DIMFXL
 40
1.0
  9
$DIMFXLON
 70
0
  9
$DIMJOGANG
 40
0.785398163397
  9
$DIMTFILL
 70
0
  9
$DIMTFILLCLR
 70
0
  9
$DIMARCSYM
 70
0
  9
$DIMLTYPE
  6

  9
$DIMLTEX1
  6

  9
$DIMLTEX2
  6

  9
$DIMTXTDIRECTION
 70
0
  9
$LUNITS
 70
2
  9
$LUPREC
 70
4
  9
$SKETCHINC
 40
1.0
  9
$FILLETRAD
 40
10.0
  9
$AUNITS
 70
0
  9
$AUPREC
 70
2
  9
$MENU
  1
.
  9
$ELEVATION
 40
0.0
  9
$PELEVATION
 40
0.0
  9
$THICKNESS
 40
0.0
  9
$LIMCHECK
 70
0
  9
$CHAMFERA
 40
0.0
  9
$CHAMFERB
 40
0.0
  9
$CHAMFERC
 40
0.0
  9
$CHAMFERD
 40
0.0
  9
$SKPOLY
 70
0
  9
$TDCREATE
 40
2461303.686886574
  9
$TDUCREATE
 40
2458532.153996898
  9
$TDUPDATE
 40
2461303.686886574
  9
$TDUUPDATE
 40
2458532.1544311
  9
$TDINDWG
 40
0.0
  9
$TDUSRTIMER
 40
0.0
  9
$USRTIMER
 70
1
  9
$ANGBASE
 50
0.0
  9
$ANGDIR
 70
0
  9
$PDMODE
 70
0
  9
$PDSIZE
 40
0.0
  9
$PLINEWID
 40
0.0
  9
$SPLFRAME
 70
0
  9
$SPLINETYPE
 70
6
  9
$SPLINESEGS
 70
8
  9
$HANDSEED
  5
570
  9
$SURFTAB1
 70
6
  9
$SURFTAB2
 70
6
  9
$SURFTYPE
 70
6
  9
$SURFU
 70
6
  9
$SURFV
 70
6
  9
$UCSBASE
  2

  9
$UCSNAME
  2

  9
$UCSORG
 10
0.0
 20
0.0
 30
0.0
  9
$UCSXDIR
 10
1.0
 20
0.0
 30
0.0
  9
$UCSYDIR
 10
0.0
 20
1.0
 30
0.0
  9
$UCSORTHOREF
  2

  9
$UCSORTHOVIEW
 70
0
  9
$UCSORGTOP
 10
0.0
 20
0.0
 30
0.0
  9
$UCSORGBOTTOM
 10
0.0
 20
0.0
 30
0.0
  9
$UCSORGLEFT
 10
0.0
 20
0.0
 30
0.0
  9
$UCSORGRIGHT
 10
0.0
 20
0.0
 30
0.0
  9
$UCSORGFRONT
 10
0.0
 20
0.0
 30
0.0
  9
$UCSORGBACK
 10
0.0
 20
0.0
 30
0.0
  9
$PUCSBASE
  2

  9
$PUCSNAME
  2

  9
$PUCSORG
 10
0.0
 20
0.0
 30
0.0
  9
$PUCSXDIR
 10
1.0
 20
0.0
 30
0.0
  9
$PUCSYDIR
 10
0.0
 20
1.0
 30
0.0
  9
$PUCSORTHOREF
  2

  9
$PUCSORTHOVIEW
 70
0
  9
$PUCSORGTOP
 10
0.0
 20
0.0
 30
0.0
  9
$PUCSORGBOTTOM
 10
0.0
 20
0.0
 30
0.0
  9
$PUCSORGLEFT
 10
0.0
 20
0.0
 30
0.0
  9
$PUCSORGRIGHT
 10
0.0
 20
0.0
 30
0.0
  9
$PUCSORGFRONT
 10
0.0
 20
0.0
 30
0.0
  9
$PUCSORGBACK
 10
0.0
 20
0.0
 30
0.0
  9
$USERI1
 70
0
  9
$USERI2
 70
0
  9
$USERI3
 70
0
  9
$USERI4
 70
0
  9
$USERI5
 70
0
  9
$USERR1
 40
0.0
  9
$USERR2
 40
0.0
  9
$USERR3
 40
0.0
  9
$USERR4
 40
0.0
  9
$USERR5
 40
0.0
  9
$WORLDVIEW
 70
1
  9
$SHADEDGE
 70
3
  9
$SHADEDIF
 70
70
  9
$TILEMODE
 70
1
  9
$MAXACTVP
 70
64
  9
$PINSBASE
 10
0.0
 20
0.0
 30
0.0
  9
$PLIMCHECK
 70
0
  9
$PEXTMIN
 10
1e+20
 20
1e+20
 30
1e+20
  9
$PEXTMAX
 10
-1e+20
 20
-1e+20
 30
-1e+20
  9
$PLIMMIN
 10
0.0
 20
0.0
  9
$PLIMMAX
 10
420.0
 20
297.0
  9
$UNITMODE
 70
0
  9
$VISRETAIN
 70
1
  9
$PLINEGEN
 70
0
  9
$PSLTSCALE
 70
1
  9
$TREEDEPTH
 70
3020
  9
$CMLSTYLE
  2
Standard
  9
$CMLJUST
 70
0
  9
$CMLSCALE
 40
20.0
  9
$PROXYGRAPHICS
 70
1
  9
$MEASUREMENT
 70
1
  9
$CELWEIGHT
370
-1
  9
$ENDCAPS
280
0
  9
$JOINSTYLE
280
0
  9
$LWDISPLAY
290
0
  9
$INSUNITS
 70
1
  9
$HYPERLINKBASE
  1

  9
$STYLESHEET
  1

  9
$XEDIT
290
1
  9
$CEPSNTYPE
380
0
  9
$PSTYLEMODE
290
1
  9
$FINGERPRINTGUID
  2
{985FD338-DBC1-4CDA-8B03-94517F7DFF64}
  9
$VERSIONGUID
  2
{D8164612-D8DE-4F62-97EC-D4A6813F3A07}
  9
$EXTNAMES
290
1
  9
$PSVPSCALE
 40
0.0
  9
$OLESTARTUP
290
0
  9
$SORTENTS
280
127
  9
$INDEXCTL
280
0
  9
$HIDETEXT
280
1
  9
$XCLIPFRAME
280
1
  9
$HALOGAP
280
0
  9
$OBSCOLOR
 70
257
  9
$OBSLTYPE
280
0
  9
$INTERSECTIONDISPLAY
280
0
  9
$INTERSECTIONCOLOR
 70
257
  9
$DIMASSOC
280
2
  9
$PROJECTNAME
  1

  9
$CAMERADISPLAY
290
0
  9
$LENSLENGTH
 40
50.0
  9
$CAMERAHEIGHT
 40
0.0
  9
$STEPSPERSEC
 40
24.0
  9
$STEPSIZE
 40
100.0
  9
$3DDWFPREC
 40
2.0
  9
$PSOLWIDTH
 40
0.005
  9
$PSOLHEIGHT
 40
0.08
  9
$LOFTANG1
 40
1.570796326795
  9
$LOFTANG2
 40
1.570796326795
  9
$LOFTMAG1
 40
0.0
  9
$LOFTMAG2
 40
0.0
  9
$LOFTPARAM
 70
7
  9
$LOFTNORMALS
280
1
  9
$LATITUDE
 40
37.795
  9
$LONGITUDE
 40
-122.394
  9
$NORTHDIRECTION
 40
0.0
  9
$TIMEZONE
 70
-8000
  9
$LIGHTGLYPHDISPLAY
280
1
  9
$TILEMODELIGHTSYNCH
280
1
  9
$CMATERIAL
347
20
  9
$SOLIDHIST
280
0
  9
$SHOWHIST
280
1
  9
$DWFFRAME
280
2
  9
$DGNFRAME
280
2
  9
$REALWORLDSCALE
290
1
  9
$INTERFERECOLOR
 62
256
  9
$CSHADOW
280
0
  9
$SHADOWPLANELOCATION
 40
0.0
  0
ENDSEC
  0
SECTION
  2
CLASSES
  0
CLASS
  1
ACDBDICTIONARYWDFLT
  2
AcDbDictionaryWithDefault
  3
ObjectDBX Classes
 90
0
 91
0
280
0
281
0
  0
CLASS
  1
SUN
  2
AcDbSun
  3
SCENEOE
 90
1153
 91
0
280
0
281
0
  0
CLASS
  1
VISUALSTYLE
  2
AcDbVisualStyle
  3
ObjectDBX Classes
 90
4095
 91
0
280
0
281
0
  0
CLASS
  1
MATERIAL
  2
AcDbMaterial
  3
ObjectDBX Classes
 90
1153
 91
0
280
0
281
0
  0
CLASS
  1
SCALE
  2
AcDbScale
  3
ObjectDBX Classes
 90
1153
 91
0
280
0
281
0
  0
CLASS
  1
TABLESTYLE
  2
AcDbTableStyle
  3
ObjectDBX Classes
 90
4095
 91
0
280
0
281
0
  0
CLASS
  1
MLEADERSTYLE
  2
AcDbMLeaderStyle
  3
ACDB_MLEADERSTYLE_CLASS
 90
4095
 91
0
280
0
281
0
  0
CLASS
  1
DICTIONARYVAR
  2
AcDbDictionaryVar
  3
ObjectDBX Classes
 90
0
 91
0
280
0
281
0
  0
CLASS
  1
CELLSTYLEMAP
  2
AcDbCellStyleMap
  3
ObjectDBX Classes
 90
1152
 91
0
280
0
281
0
  0
CLASS
  1
MENTALRAYRENDERSETTINGS
  2
AcDbMentalRayRenderSettings
  3
SCENEOE
 90
1024
 91
0
280
0
281
0
  0
CLASS
  1
ACDBDETAILVIEWSTYLE
  2
AcDbDetailViewStyle
  3
ObjectDBX Classes
 90
1025
 91
0
280
0
281
0
  0
CLASS
  1
ACDBSECTIONVIEWSTYLE
  2
AcDbSectionViewStyle
  3
ObjectDBX Classes
 90
1025
 91
0
280
0
281
0
  0
CLASS
  1
RASTERVARIABLES
  2
AcDbRasterVariables
  3
ISM
 90
0
 91
0
280
0
281
0
  0
CLASS
  1
LAYOUT
  2
AcDbLayout
  3
ObjectDBX Classes
 90
0
 91
0
280
0
281
0
  0
CLASS
  1
ACDBPLACEHOLDER
  2
AcDbPlaceHolder
  3
ObjectDBX Classes
 90
0
 91
0
280
0
281
0
  0
ENDSEC
  0
SECTION
  2
TABLES
  0
TABLE
  2
VPORT
  5
8
330
0
100
AcDbSymbolTable
 70
1
  0
VPORT
  5
23
330
8
100
AcDbSymbolTableRecord
100
AcDbViewportTableRecord
  2
*Active
 70
0
 10
0.0
 20
0.0
 11
1.0
 21
1.0
 12
0.0
 22
0.0
 13
0.0
 23
0.0
 14
0.5
 24
0.5
 15
0.5
 25
0.5
 16
0.0
 26
0.0
 36
1.0
 17
0.0
 27
0.0
 37
0.0
 40
1000.0
 41
1.34
 42
50.0
 43
0.0
 44
0.0
 50
0.0
 51
0.0
 71
0
 72
1000
 73
1
 74
3
 75
0
 76
0
 77
0
 78
0
281
0
 65
0
146
0.0
  0
ENDTAB
  0
TABLE
  2
LTYPE
  5
2
330
0
100
AcDbSymbolTable
 70
21
  0
LTYPE
  5
24
330
2
100
AcDbSymbolTableRecord
100
AcDbLinetypeTableRecord
  2
ByBlock
 70
0
  3

 72
65
 73
0
 40
0.0
  0
LTYPE
  5
25
330
2
100
AcDbSymbolTableRecord
100
AcDbLinetypeTableRecord
  2
ByLayer
 70
0
  3

 72
65
 73
0
 40
0.0
  0
LTYPE
  5
26
330
2
100
AcDbSymbolTableRecord
100
AcDbLinetypeTableRecord
  2
Continuous
 70
0
  3

 72
65
 73
0
 40
0.0
  0
LTYPE
  5
2F
330
2
100
AcDbSymbolTableRecord
100
AcDbLinetypeTableRecord
  2
CENTER
 70
0
  3
Center ____ _ ____ _ ____ _ ____ _ ____ _ ____
 72
65
 73
4
 40
5.08
 49
3.175
 74
0
 49
-0.635
 74
0
 49
0.635
 74
0
 49
-0.635
 74
0
  0
LTYPE
  5
30
330
2
100
AcDbSymbolTableRecord
100
AcDbLinetypeTableRecord
  2
CENTERX2
 70
0
  3
Center (2x) ________  __  ________  __  ________
 72
65
 73
4
 40
8.89
 49
6.35
 74
0
 49
-0.635
 74
0
 49
1.27
 74
0
 49
-0.635
 74
0
  0
LTYPE
  5
31
330
2
100
AcDbSymbolTableRecord
100
AcDbLinetypeTableRecord
  2
CENTER2
 70
0
  3
Center (.5x) ____ _ ____ _ ____ _ ____ _ ____
 72
65
 73
4
 40
2.54
 49
1.587
 74
0
 49
-0.318
 74
0
 49
0.318
 74
0
 49
-0.318
 74
0
  0
LTYPE
  5
32
330
2
100
AcDbSymbolTableRecord
100
AcDbLinetypeTableRecord
  2
DASHED
 70
0
  3
Dashed __ __ __ __ __ __ __ __ __ __ __ __ __ _
 72
65
 73
2
 40
1.524
 49
1.27
 74
0
 49
-0.254
 74
0
  0
LTYPE
  5
33
330
2
100
AcDbSymbolTableRecord
100
AcDbLinetypeTableRecord
  2
DASHEDX2
 70
0
  3
Dashed (2x) ____  ____  ____  ____  ____  ____
 72
65
 73
2
 40
3.048
 49
2.54
 74
0
 49
-0.508
 74
0
  0
LTYPE
  5
34
330
2
100
AcDbSymbolTableRecord
100
AcDbLinetypeTableRecord
  2
DASHED2
 70
0
  3
Dashed (.5x) _ _ _ _ _ _ _ _ _ _ _ _ _ _
 72
65
 73
2
 40
0.762
 49
0.635
 74
0
 49
-0.127
 74
0
  0
LTYPE
  5
35
330
2
100
AcDbSymbolTableRecord
100
AcDbLinetypeTableRecord
  2
PHANTOM
 70
0
  3
Phantom ______  __  __  ______  __  __  ______
 72
65
 73
6
 40
6.35
 49
3.175
 74
0
 49
-0.635
 74
0
 49
0.635
 74
0
 49
-0.635
 74
0
 49
0.635
 74
0
 49
-0.635
 74
0
  0
LTYPE
  5
36
330
2
100
AcDbSymbolTableRecord
100
AcDbLinetypeTableRecord
  2
PHANTOMX2
 70
0
  3
Phantom (2x)____________    ____    ____    ____________
 72
65
 73
6
 40
10.795
 49
6.35
 74
0
 49
-0.635
 74
0
 49
1.27
 74
0
 49
-0.635
 74
0
 49
1.27
 74
0
 49
-0.635
 74
0
  0
LTYPE
  5
37
330
2
100
AcDbSymbolTableRecord
100
AcDbLinetypeTableRecord
  2
PHANTOM2
 70
0
  3
Phantom (.5x) ___ _ _ ___ _ _ ___ _ _ ___ _ _ ___
 72
65
 73
6
 40
3.175
 49
1.587
 74
0
 49
-0.318
 74
0
 49
0.318
 74
0
 49
-0.318
 74
0
 49
0.318
 74
0
 49
-0.318
 74
0
  0
LTYPE
  5
38
330
2
100
AcDbSymbolTableRecord
100
AcDbLinetypeTableRecord
  2
DASHDOT
 70
0
  3
Dash dot __ . __ . __ . __ . __ . __ . __ . __
 72
65
 73
4
 40
3.556
 49
2.54
 74
0
 49
-0.508
 74
0
 49
0.0
 74
0
 49
-0.508
 74
0
  0
LTYPE
  5
39
330
2
100
AcDbSymbolTableRecord
100
AcDbLinetypeTableRecord
  2
DASHDOTX2
 70
0
  3
Dash dot (2x) ____  .  ____  .  ____  .  ____
 72
65
 73
4
 40
6.096
 49
5.08
 74
0
 49
-0.508
 74
0
 49
0.0
 74
0
 49
-0.508
 74
0
  0
LTYPE
  5
3A
330
2
100
AcDbSymbolTableRecord
100
AcDbLinetypeTableRecord
  2
DASHDOT2
 70
0
  3
Dash dot (.5x) _ . _ . _ . _ . _ . _ . _ . _
 72
65
 73
4
 40
1.778
 49
1.27
 74
0
 49
-0.254
 74
0
 49
0.0
 74
0
 49
-0.254
 74
0
  0
LTYPE
  5
3B
330
2
100
AcDbSymbolTableRecord
100
AcDbLinetypeTableRecord
  2
DOT
 70
0
  3
Dot .  .  .  .  .  .  .  .  .  .  .  .  .  .  .  .
 72
65
 73
2
 40
0.508
 49
0.0
 74
0
 49
-0.508
 74
0
  0
LTYPE
  5
3C
330
2
100
AcDbSymbolTableRecord
100
AcDbLinetypeTableRecord
  2
DOTX2
 70
0
  3
Dot (2x) .    .    .    .    .    .    .    . 
 72
65
 73
2
 40
1.016
 49
0.0
 74
0
 49
-1.016
 74
0
  0
LTYPE
  5
3D
330
2
100
AcDbSymbolTableRecord
100
AcDbLinetypeTableRecord
  2
DOT2
 70
0
  3
Dot (.5) . . . . . . . . . . . . . . . . . . . 
 72
65
 73
2
 40
0.254
 49
0.0
 74
0
 49
-0.254
 74
0
  0
LTYPE
  5
3E
330
2
100
AcDbSymbolTableRecord
100
AcDbLinetypeTableRecord
  2
DIVIDE
 70
0
  3
Divide __ . . __ . . __ . . __ . . __ . . __
 72
65
 73
6
 40
4.064
 49
2.54
 74
0
 49
-0.508
 74
0
 49
0.0
 74
0
 49
-0.508
 74
0
 49
0.0
 74
0
 49
-0.508
 74
0
  0
LTYPE
  5
3F
330
2
100
AcDbSymbolTableRecord
100
AcDbLinetypeTableRecord
  2
DIVIDEX2
 70
0
  3
Divide (2x) ____  . .  ____  . .  ____  . .  ____
 72
65
 73
6
 40
6.604
 49
5.08
 74
0
 49
-0.508
 74
0
 49
0.0
 74
0
 49
-0.508
 74
0
 49
0.0
 74
0
 49
-0.508
 74
0
  0
LTYPE
  5
40
330
2
100
AcDbSymbolTableRecord
100
AcDbLinetypeTableRecord
  2
DIVIDE2
 70
0
  3
Divide(.5x) _ . _ . _ . _ . _ . _ . _ . _
 72
65
 73
6
 40
2.032
 49
1.27
 74
0
 49
-0.254
 74
0
 49
0.0
 74
0
 49
-0.254
 74
0
 49
0.0
 74
0
 49
-0.254
 74
0
  0
ENDTAB
  0
TABLE
  2
LAYER
  5
1
330
0
100
AcDbSymbolTable
 70
4
  0
LAYER
  5
27
330
1
100
AcDbSymbolTableRecord
100
AcDbLayerTableRecord
  2
0
 70
0
 62
7
  6
Continuous
370
-3
390
13
347
21
  0
LAYER
  5
28
330
1
100
AcDbSymbolTableRecord
100
AcDbLayerTableRecord
  2
Defpoints
 70
0
 62
7
  6
Continuous
290
0
370
-3
390
13
347
21
  0
LAYER
  5
8A
330
1
100
AcDbSymbolTableRecord
100
AcDbLayerTableRecord
  2
PROFILE
 70
0
 62
1
  6
Continuous
370
-3
390
13
347
21
  0
LAYER
  5
8B
330
1
100
AcDbSymbolTableRecord
100
AcDbLayerTableRecord
  2
SLOTS
 70
0
 62
3
  6
Continuous
370
-3
390
13
347
21
  0
ENDTAB
  0
TABLE
  2
STYLE
  5
5
330
0
100
AcDbSymbolTable
 70
26
  0
STYLE
  5
29
330
5
100
AcDbSymbolTableRecord
100
AcDbTextStyleTableRecord
  2
Standard
 70
0
 40
0.0
 41
1.0
 50
0.0
 71
0
 42
2.5
  3
txt
  4

  0
STYLE
  5
41
330
5
100
AcDbSymbolTableRecord
100
AcDbTextStyleTableRecord
  2
OpenSans-Light
 70
0
 40
0.0
 41
1.0
 50
0.0
 71
0
 42
2.5
  3
OpenSans-Light.ttf
  4

  0
STYLE
  5
42
330
5
100
AcDbSymbolTableRecord
100
AcDbTextStyleTableRecord
  2
OpenSans-Light-Italic
 70
0
 40
0.0
 41
1.0
 50
0.0
 71
0
 42
2.5
  3
OpenSans-LightItalic.ttf
  4

  0
STYLE
  5
43
330
5
100
AcDbSymbolTableRecord
100
AcDbTextStyleTableRecord
  2
OpenSans
 70
0
 40
0.0
 41
1.0
 50
0.0
 71
0
 42
2.5
  3
OpenSans-Regular.ttf
  4

  0
STYLE
  5
44
330
5
100
AcDbSymbolTableRecord
100
AcDbTextStyleTableRecord
  2
OpenSans-Italic
 70
0
 40
0.0
 41
1.0
 50
0.0
 71
0
 42
2.5
  3
OpenSans-Italic.ttf
  4

  0
STYLE
  5
45
330
5
100
AcDbSymbolTableRecord
100
AcDbTextStyleTableRecord
  2
OpenSans-SemiBold
 70
0
 40
0.0
 41
1.0
 50
0.0
 71
0
 42
2.5
  3
OpenSans-SemiBold.ttf
  4

  0
STYLE
  5
46
330
5
100
AcDbSymbolTableRecord
100
AcDbTextStyleTableRecord
  2
OpenSans-SemiBoldItalic
 70
0
 40
0.0
 41
1.0
 50
0.0
 71
0
 42
2.5
  3
OpenSans-SemiBoldItalic.ttf
  4

  0
STYLE
  5
47
330
5
100
AcDbSymbolTableRecord
100
AcDbTextStyleTableRecord
  2
OpenSans-Bold
 70
0
 40
0.0
 41
1.0
 50
0.0
 71
0
 42
2.5
  3
OpenSans-Bold.ttf
  4

  0
STYLE
  5
48
330
5
100
AcDbSymbolTableRecord
100
AcDbTextStyleTableRecord
  2
OpenSans-BoldItalic
 70
0
 40
0.0
 41
1.0
 50
0.0
 71
0
 42
2.5
  3
OpenSans-BoldItalic.ttf
  4

  0
STYLE
  5
49
330
5
100
AcDbSymbolTableRecord
100
AcDbTextStyleTableRecord
  2
OpenSans-ExtraBold
 70
0
 40
0.0
 41
1.0
 50
0.0
 71
0
 42
2.5
  3
OpenSans-ExtraBold.ttf
  4

  0
STYLE
  5
4A
330
5
100
AcDbSymbolTableRecord
100
AcDbTextStyleTableRecord
  2
OpenSans-ExtraBoldItalic
 70
0
 40
0.0
 41
1.0
 50
0.0
 71
0
 42
2.5
  3
OpenSans-ExtraBoldItalic.ttf
  4

  0
STYLE
  5
4B
330
5
100
AcDbSymbolTableRecord
100
AcDbTextStyleTableRecord
  2
OpenSansCondensed-Bold
 70
0
 40
0.0
 41
1.0
 50
0.0
 71
0
 42
2.5
  3
OpenSansCondensed-Bold.ttf
  4

  0
STYLE
  5
4C
330
5
100
AcDbSymbolTableRecord
100
AcDbTextStyleTableRecord
  2
OpenSansCondensed-Light
 70
0
 40
0.0
 41
1.0
 50
0.0
 71
0
 42
2.5
  3
OpenSansCondensed-Light.ttf
  4

  0
STYLE
  5
4D
330
5
100
AcDbSymbolTableRecord
100
AcDbTextStyleTableRecord
  2
OpenSansCondensed-Italic
 70
0
 40
0.0
 41
1.0
 50
0.0
 71
0
 42
2.5
  3
OpenSansCondensed-LightItalic.ttf
  4

  0
STYLE
  5
4E
330
5
100
AcDbSymbolTableRecord
100
AcDbTextStyleTableRecord
  2
LiberationSans
 70
0
 40
0.0
 41
1.0
 50
0.0
 71
0
 42
2.5
  3
LiberationSans-Regular.ttf
  4

  0
STYLE
  5
4F
330
5
100
AcDbSymbolTableRecord
100
AcDbTextStyleTableRecord
  2
LiberationSans-Bold
 70
0
 40
0.0
 41
1.0
 50
0.0
 71
0
 42
2.5
  3
LiberationSans-Bold.ttf
  4

  0
STYLE
  5
50
330
5
100
AcDbSymbolTableRecord
100
AcDbTextStyleTableRecord
  2
LiberationSans-BoldItalic
 70
0
 40
0.0
 41
1.0
 50
0.0
 71
0
 42
2.5
  3
LiberationSans-BoldItalic.ttf
  4

  0
STYLE
  5
51
330
5
100
AcDbSymbolTableRecord
100
AcDbTextStyleTableRecord
  2
LiberationSans-Italic
 70
0
 40
0.0
 41
1.0
 50
0.0
 71
0
 42
2.5
  3
LiberationSans-Italic.ttf
  4

  0
STYLE
  5
52
330
5
100
AcDbSymbolTableRecord
100
AcDbTextStyleTableRecord
  2
LiberationSerif
 70
0
 40
0.0
 41
1.0
 50
0.0
 71
0
 42
2.5
  3
LiberationSerif-Regular.ttf
  4

  0
STYLE
  5
53
330
5
100
AcDbSymbolTableRecord
100
AcDbTextStyleTableRecord
  2
LiberationSerif-Bold
 70
0
 40
0.0
 41
1.0
 50
0.0
 71
0
 42
2.5
  3
LiberationSerif-Bold.ttf
  4

  0
STYLE
  5
54
330
5
100
AcDbSymbolTableRecord
100
AcDbTextStyleTableRecord
  2
LiberationSerif-BoldItalic
 70
0
 40
0.0
 41
1.0
 50
0.0
 71
0
 42
2.5
  3
LiberationSerif-BoldItalic.ttf
  4

  0
STYLE
  5
55
330
5
100
AcDbSymbolTableRecord
100
AcDbTextStyleTableRecord
  2
LiberationSerif-Italic
 70
0
 40
0.0
 41
1.0
 50
0.0
 71
0
 42
2.5
  3
LiberationSerif-Italic.ttf
  4

  0
STYLE
  5
56
330
5
100
AcDbSymbolTableRecord
100
AcDbTextStyleTableRecord
  2
LiberationMono
 70
0
 40
0.0
 41
1.0
 50
0.0
 71
0
 42
2.5
  3
LiberationMono-Regular.ttf
  4

  0
STYLE
  5
57
330
5
100
AcDbSymbolTableRecord
100
AcDbTextStyleTableRecord
  2
LiberationMono-Bold
 70
0
 40
0.0
 41
1.0
 50
0.0
 71
0
 42
2.5
  3
LiberationMono-Bold.ttf
  4

  0
STYLE
  5
58
330
5
100
AcDbSymbolTableRecord
100
AcDbTextStyleTableRecord
  2
LiberationMono-BoldItalic
 70
0
 40
0.0
 41
1.0
 50
0.0
 71
0
 42
2.5
  3
LiberationMono-BoldItalic.ttf
  4

  0
STYLE
  5
59
330
5
100
AcDbSymbolTableRecord
100
AcDbTextStyleTableRecord
  2
LiberationMono-Italic
 70
0
 40
0.0
 41
1.0
 50
0.0
 71
0
 42
2.5
  3
LiberationMono-Italic.ttf
  4

  0
ENDTAB
  0
TABLE
  2
VIEW
  5
7
330
0
100
AcDbSymbolTable
 70
0
  0
ENDTAB
  0
TABLE
  2
UCS
  5
6
330
0
100
AcDbSymbolTable
 70
0
  0
ENDTAB
  0
TABLE
  2
APPID
  5
3
330
0
100
AcDbSymbolTable
 70
3
  0
APPID
  5
2A
330
3
100
AcDbSymbolTableRecord
100
AcDbRegAppTableRecord
  2
ACAD
 70
0
  0
APPID
  5
56D
330
3
100
AcDbSymbolTableRecord
100
AcDbRegAppTableRecord
  2
HATCHBACKGROUNDCOLOR
 70
0
  0
APPID
  5
56E
330
3
100
AcDbSymbolTableRecord
100
AcDbRegAppTableRecord
  2
EZDXF
 70
0
  0
ENDTAB
  0
TABLE
  2
DIMSTYLE
  5
4
330
0
100
AcDbSymbolTable
 70
12
100
AcDbDimStyleTable
  0
DIMSTYLE
105
2B
330
4
100
AcDbSymbolTableRecord
100
AcDbDimStyleTableRecord
  2
Standard
 70
0
 40
1.0
 41
2.5
 42
0.625
 43
3.75
 44
1.25
 45
0.0
 46
0.0
 47
0.0
 48
0.0
 49
2.5
140
2.5
141
2.5
142
0.0
143
0.03937007874
144
1.0
145
0.0
146
1.0
147
0.625
148
0.0
 69
0
 70
0
 71
0
 72
0
 73
0
 74
0
 75
0
 76
0
 77
1
 78
8
 79
3
170
0
171
3
172
1
173
0
174
0
175
0
176
0
177
0
178
0
179
2
271
2
272
2
273
2
274
3
275
0
276
0
277
2
278
44
279
0
280
0
281
0
282
0
283
0
284
8
285
0
286
0
288
0
289
3
290
0
371
-2
372
-2
  0
DIMSTYLE
105
73
330
4
100
AcDbSymbolTableRecord
100
AcDbDimStyleTableRecord
  2
EZDXF
 70
0
 40
1.0
 41
0.175
 42
0.125
 43
3.75
 44
0.375
 45
0.0
 46
0.0
 47
0.0
 48
0.0
 49
2.5
140
0.25
141
2.5
142
0.0
143
0.03937007874
144
100.0
145
0.0
146
0.5
147
0.1
148
0.0
 69
0
 70
0
 71
0
 72
0
 73
0
 74
0
 75
0
 76
0
 77
1
 78
12
 79
3
170
0
171
3
172
1
173
0
174
0
175
0
176
0
177
0
178
0
179
2
271
2
272
2
273
2
274
3
275
0
276
0
277
2
278
46
279
2
280
0
281
0
282
0
283
0
284
8
285
0
286
0
288
1
289
3
290
0
340
4C
342
74
371
-2
372
-2
  0
DIMSTYLE
105
7C
330
4
100
AcDbSymbolTableRecord
100
AcDbDimStyleTableRecord
  2
EZ_M_100_H25_CM
 70
0
 40
1.0
 41
0.25
 42
0.125
 43
3.75
 44
0.375
 45
0.0
 46
0.0
 47
0.0
 48
0.0
 49
2.5
140
0.25
141
2.5
142
0.125
143
0.03937007874
144
100.0
145
0.0
146
0.5
147
0.1
148
0.0
 69
0
 70
0
 71
0
 72
0
 73
0
 74
0
 75
0
 76
0
 77
1
 78
12
 79
3
170
0
171
3
172
1
173
0
174
0
175
0
176
0
177
0
178
0
179
2
271
2
272
2
273
2
274
3
275
0
276
0
277
2
278
46
279
2
280
0
281
0
282
0
283
0
284
8
285
0
286
0
288
1
289
3
290
0
340
4C
371
-2
372
-2
  0
DIMSTYLE
105
7D
330
4
100
AcDbSymbolTableRecord
100
AcDbDimStyleTableRecord
  2
EZ_M_50_H25_CM
 70
0
 40
1.0
 41
0.125
 42
0.0625
 43
3.75
 44
0.1875
 45
0.0
 46
0.0
 47
0.0
 48
0.0
 49
2.5
140
0.125
141
2.5
142
0.0625
143
0.03937007874
144
100.0
145
0.0
146
0.5
147
0.05
148
0.0
 69
0
 70
0
 71
0
 72
0
 73
0
 74
0
 75
0
 76
0
 77
1
 78
12
 79
3
170
0
171
3
172
1
173
0
174
0
175
0
176
0
177
0
178
0
179
2
271
2
272
2
273
2
274
3
275
0
276
0
277
2
278
46
279
2
280
0
281
0
282
0
283
0
284
8
285
0
286
0
288
1
289
3
290
0
340
4C
371
-2
372
-2
  0
DIMSTYLE
105
7E
330
4
100
AcDbSymbolTableRecord
100
AcDbDimStyleTableRecord
  2
EZ_M_25_H25_CM
 70
0
 40
1.0
 41
0.0625
 42
0.03125
 43
3.75
 44
0.09375
 45
0.0
 46
0.0
 47
0.0
 48
0.0
 49
2.5
140
0.0625
141
2.5
142
0.03125
143
0.03937007874
144
100.0
145
0.0
146
0.5
147
0.025
148
0.0
 69
0
 70
0
 71
0
 72
0
 73
0
 74
0
 75
0
 76
0
 77
1
 78
12
 79
3
170
0
171
3
172
1
173
0
174
0
175
0
176
0
177
0
178
0
179
2
271
2
272
2
273
2
274
3
275
0
276
0
277
2
278
46
279
2
280
0
281
0
282
0
283
0
284
8
285
0
286
0
288
1
289
3
290
0
340
4C
371
-2
372
-2
  0
DIMSTYLE
105
7F
330
4
100
AcDbSymbolTableRecord
100
AcDbDimStyleTableRecord
  2
EZ_M_20_H25_CM
 70
0
 40
1.0
 41
0.05
 42
0.025
 43
3.75
 44
0.07500000000000001
 45
0.0
 46
0.0
 47
0.0
 48
0.0
 49
2.5
140
0.05
141
2.5
142
0.025
143
0.03937007874
144
100.0
145
0.0
146
0.5
147
0.020000000000000004
148
0.0
 69
0
 70
0
 71
0
 72
0
 73
0
 74
0
 75
0
 76
0
 77
1
 78
12
 79
3
170
0
171
3
172
1
173
0
174
0
175
0
176
0
177
0
178
0
179
2
271
2
272
2
273
2
274
3
275
0
276
0
277
2
278
46
279
2
280
0
281
0
282
0
283
0
284
8
285
0
286
0
288
1
289
3
290
0
340
4C
371
-2
372
-2
  0
DIMSTYLE
105
80
330
4
100
AcDbSymbolTableRecord
100
AcDbDimStyleTableRecord
  2
EZ_M_10_H25_CM
 70
0
 40
1.0
 41
0.025
 42
0.0125
 43
3.75
 44
0.037500000000000006
 45
0.0
 46
0.0
 47
0.0
 48
0.0
 49
2.5
140
0.025
141
2.5
142
0.0125
143
0.03937007874
144
100.0
145
0.0
146
0.5
147
0.010000000000000002
148
0.0
 69
0
 70
0
 71
0
 72
0
 73
0
 74
0
 75
0
 76
0
 77
1
 78
12
 79
3
170
0
171
3
172
1
173
0
174
0
175
0
176
0
177
0
178
0
179
2
271
2
272
2
273
2
274
3
275
0
276
0
277
2
278
46
279
2
280
0
281
0
282
0
283
0
284
8
285
0
286
0
288
1
289
3
290
0
340
4C
371
-2
372
-2
  0
DIMSTYLE
105
81
330
4
100
AcDbSymbolTableRecord
100
AcDbDimStyleTableRecord
  2
EZ_M_5_H25_CM
 70
0
 40
1.0
 41
0.0125
 42
0.00625
 43
3.75
 44
0.018750000000000003
 45
0.0
 46
0.0
 47
0.0
 48
0.0
 49
2.5
140
0.0125
141
2.5
142
0.00625
143
0.03937007874
144
100.0
145
0.0
146
0.5
147
0.005000000000000001
148
0.0
 69
0
 70
0
 71
0
 72
0
 73
0
 74
0
 75
0
 76
0
 77
1
 78
12
 79
3
170
0
171
3
172
1
173
0
174
0
175
0
176
0
177
0
178
0
179
2
271
2
272
2
273
2
274
3
275
0
276
0
277
2
278
46
279
2
280
0
281
0
282
0
283
0
284
8
285
0
286
0
288
1
289
3
290
0
340
4C
371
-2
372
-2
  0
DIMSTYLE
105
82
330
4
100
AcDbSymbolTableRecord
100
AcDbDimStyleTableRecord
  2
EZ_M_1_H25_CM
 70
0
 40
1.0
 41
0.0025
 42
0.00125
 43
3.75
 44
0.00375
 45
0.0
 46
0.0
 47
0.0
 48
0.0
 49
2.5
140
0.0025
141
2.5
142
0.00125
143
0.03937007874
144
100.0
145
0.0
146
0.5
147
0.001
148
0.0
 69
0
 70
0
 71
0
 72
0
 73
0
 74
0
 75
0
 76
0
 77
1
 78
12
 79
3
170
0
171
3
172
1
173
0
174
0
175
0
176
0
177
0
178
0
179
2
271
2
272
2
273
2
274
3
275
0
276
0
277
2
278
46
279
2
280
0
281
0
282
0
283
0
284
8
285
0
286
0
288
1
289
3
290
0
340
4C
371
-2
372
-2
  0
DIMSTYLE
105
83
330
4
100
AcDbSymbolTableRecord
100
AcDbDimStyleTableRecord
  2
EZ_RADIUS
 70
0
 40
1.0
 41
0.25
 42
0.125
 43
3.75
 44
0.375
 45
0.0
 46
0.0
 47
0.0
 48
0.0
 49
2.5
140
0.25
141
0.0
142
0.0
143
0.03937007874
144
100.0
145
0.0
146
0.5
147
0.1
148
0.0
 69
0
 70
0
 71
0
 72
0
 73
0
 74
0
 75
0
 76
0
 77
1
 78
12
 79
3
170
0
171
3
172
0
173
0
174
0
175
0
176
0
177
0
178
0
179
2
271
2
272
2
273
2
274
3
275
0
276
0
277
2
278
46
279
1
280
0
281
0
282
0
283
0
284
8
285
0
286
0
288
1
289
3
290
0
340
4C
342
84
371
-2
372
-2
  0
DIMSTYLE
105
88
330
4
100
AcDbSymbolTableRecord
100
AcDbDimStyleTableRecord
  2
EZ_RADIUS_INSIDE
 70
0
 40
1.0
 41
0.25
 42
0.125
 43
3.75
 44
0.375
 45
0.0
 46
0.0
 47
0.0
 48
0.0
 49
2.5
140
0.25
141
0.0
142
0.0
143
0.03937007874
144
100.0
145
0.0
146
0.5
147
0.1
148
0.0
 69
0
 70
0
 71
0
 72
0
 73
0
 74
0
 75
0
 76
0
 77
0
 78
12
 79
3
170
0
171
3
172
0
173
0
174
1
175
0
176
0
177
0
178
0
179
2
271
2
272
2
273
2
274
3
275
0
276
0
277
2
278
46
279
0
280
0
281
0
282
0
283
0
284
8
285
0
286
0
288
1
289
0
290
0
340
4C
342
84
371
-2
372
-2
  0
DIMSTYLE
105
89
330
4
100
AcDbSymbolTableRecord
100
AcDbDimStyleTableRecord
  2
EZ_CURVED
 70
0
 40
1.0
 41
0.25
 42
0.125
 43
3.75
 44
0.375
 45
0.0
 46
0.0
 47
0.0
 48
0.0
 49
2.5
140
0.25
141
2.5
142
0.0
143
0.03937007874
144
100.0
145
0.0
146
0.5
147
0.1
148
0.0
 69
0
 70
0
 71
0
 72
0
 73
0
 74
0
 75
0
 76
0
 77
1
 78
12
 79
2
 90
2
170
0
171
3
172
1
173
0
174
0
175
0
176
0
177
0
178
0
179
2
271
2
272
2
273
2
274
3
275
0
276
0
277
2
278
46
279
2
280
0
281
0
282
0
283
0
284
8
285
0
286
0
288
1
289
3
290
0
340
4C
371
-2
372
-2
  0
ENDTAB
  0
TABLE
  2
BLOCK_RECORD
  5
9
330
0
100
AcDbSymbolTable
 70
5
  0
BLOCK_RECORD
  5
17
330
9
100
AcDbSymbolTableRecord
100
AcDbBlockTableRecord
  2
*Model_Space
340
1A
 70
0
280
1
281
0
  0
BLOCK_RECORD
  5
1B
330
9
100
AcDbSymbolTableRecord
100
AcDbBlockTableRecord
  2
*Paper_Space
340
1E
 70
0
280
1
281
0
  0
BLOCK_RECORD
  5
74
330
9
100
AcDbSymbolTableRecord
100
AcDbBlockTableRecord
  2
_ARCHTICK
340
0
 70
0
280
1
281
0
  0
BLOCK_RECORD
  5
78
330
9
100
AcDbSymbolTableRecord
100
AcDbBlockTableRecord
  2
_CLOSEDFILLED
340
0
 70
0
280
1
281
0
  0
BLOCK_RECORD
  5
84
330
9
100
AcDbSymbolTableRecord
100
AcDbBlockTableRecord
  2
_CLOSEDBLANK
340
0
 70
0
280
1
281
0
  0
ENDTAB
  0
ENDSEC
  0
SECTION
  2
BLOCKS
  0
BLOCK
  5
18
330
17
100
AcDbEntity
  8
0
100
AcDbBlockBegin
  2
*Model_Space
 70
0
 10
0.0
 20
0.0
 30
0.0
  3
*Model_Space
  1

  0
ENDBLK
  5
19
330
17
100
AcDbEntity
  8
0
100
AcDbBlockEnd
  0
BLOCK
  5
1C
330
1B
100
AcDbEntity
  8
0
100
AcDbBlockBegin
  2
*Paper_Space
 70
0
 10
0.0
 20
0.0
 30
0.0
  3
*Paper_Space
  1

  0
ENDBLK
  5
1D
330
1B
100
AcDbEntity
  8
0
100
AcDbBlockEnd
  0
BLOCK
  5
75
330
74
100
AcDbEntity
  8
0
100
AcDbBlockBegin
  2
_ARCHTICK
 70
0
 10
0.0
 20
0.0
 30
0.0
  3
_ARCHTICK
  1

  0
LWPOLYLINE
  5
77
330
74
100
AcDbEntity
  8
0
  6
BYBLOCK
 62
0
100
AcDbPolyline
 90
2
 70
0
 43
0.15
 10
-0.5
 20
-0.5
 10
0.5
 20
0.5
  0
ENDBLK
  5
76
330
74
100
AcDbEntity
  8
0
100
AcDbBlockEnd
  0
BLOCK
  5
79
330
78
100
AcDbEntity
  8
0
100
AcDbBlockBegin
  2
_CLOSEDFILLED
 70
0
 10
0.0
 20
0.0
 30
0.0
  3
_CLOSEDFILLED
  1

  0
SOLID
  5
7B
330
78
100
AcDbEntity
  8
0
  6
BYBLOCK
 62
0
100
AcDbTrace
 10
-1.0
 20
0.16439898372402537
 30
0.0
 11
0.0
 21
0.0
 31
0.0
 12
-1.0
 22
-0.16439898372402537
 32
0.0
 13
-1.0
 23
-0.16439898372402537
 33
0.0
  0
ENDBLK
  5
7A
330
78
100
AcDbEntity
  8
0
100
AcDbBlockEnd
  0
BLOCK
  5
85
330
84
100
AcDbEntity
  8
0
100
AcDbBlockBegin
  2
_CLOSEDBLANK
 70
0
 10
0.0
 20
0.0
 30
0.0
  3
_CLOSEDBLANK
  1

  0
LWPOLYLINE
  5
87
330
84
100
AcDbEntity
  8
0
  6
BYBLOCK
 62
0
100
AcDbPolyline
 90
3
 70
1
 10
-1.0
 20
0.16439898372402537
 10
0.0
 20
0.0
 10
-1.0
 20
-0.16439898372402537
  0
ENDBLK
  5
86
330
84
100
AcDbEntity
  8
0
100
AcDbBlockEnd
  0
ENDSEC
  0
SECTION
  2
ENTITIES
  0
LWPOLYLINE
  5
8C
330
17
100
AcDbEntity
  8
PROFILE
100
AcDbPolyline
 90
4
 70
1
 10
0.0
 20
0.0
 10
36.0
 20
0.0
 10
36.0
 20
31.0
 10
0.0
 20
31.0
  0
LINE
  5
8D
330
17
100
AcDbEntity
  8
SLOTS
100
AcDbLine
 10
4.717547661523341
 20
29.175555869038178
 30
0.0
 11
4.343723558578178
 21
29.811667717900388
 31
0.0
  0
LINE
  5
8E
330
17
100
AcDbEntity
  8
SLOTS
100
AcDbLine
 10
4.559260302954215
 20
29.938332282099612
 30
0.0
 11
4.933084405899377
 21
29.3022204332374
 31
0.0
  0
ARC
  5
8F
330
17
100
AcDbEntity
  8
SLOTS
100
AcDbCircle
 10
4.451491930766196
 20
29.875
 30
0.0
 40
0.125
100
AcDbArc
 50
30.44149314030001
 51
210.4414931403
  0
ARC
  5
90
330
17
100
AcDbEntity
  8
SLOTS
100
AcDbCircle
 10
4.825316033711359
 20
29.23888815113779
 30
0.0
 40
0.125
100
AcDbArc
 50
210.4414931403
 51
390.4414931403
  0
LINE
  5
91
330
17
100
AcDbEntity
  8
SLOTS
100
AcDbLine
 10
4.2219549235760265
 20
28.53858565375736
 30
0.0
 11
3.4738022811514524
 21
29.811667717900388
 31
0.0
  0
LINE
  5
92
330
17
100
AcDbEntity
  8
SLOTS
100
AcDbLine
 10
3.68933902552749
 20
29.938332282099612
 30
0.0
 11
4.437491667952063
 21
28.665250217956583
 31
0.0
  0
ARC
  5
93
330
17
100
AcDbEntity
  8
SLOTS
100
AcDbCircle
 10
3.581570653339471
 20
29.875
 30
0.0
 40
0.125
100
AcDbArc
 50
30.44149314030001
 51
210.4414931403
  0
ARC
  5
94
330
17
100
AcDbEntity
  8
SLOTS
100
AcDbCircle
 10
4.329723295764045
 20
28.60191793585697
 30
0.0
 40
0.125
100
AcDbArc
 50
210.4414931403
 51
390.4414931403
  0
LINE
  5
95
330
17
100
AcDbEntity
  8
SLOTS
100
AcDbLine
 10
3.659947109313362
 20
28.0146295984904
 30
0.0
 11
2.603881003724727
 21
29.811667717900388
 31
0.0
  0
LINE
  5
96
330
17
100
AcDbEntity
  8
SLOTS
100
AcDbLine
 10
2.8194177481007645
 20
29.938332282099612
 30
0.0
 11
3.8754838536893996
 21
28.141294162689626
 31
0.0
  0
ARC
  5
97
330
17
100
AcDbEntity
  8
SLOTS
100
AcDbCircle
 10
2.711649375912746
 20
29.875
 30
0.0
 40
0.125
100
AcDbArc
 50
30.441493140300054
 51
210.44149314030005
  0
ARC
  5
98
330
17
100
AcDbEntity
  8
SLOTS
100
AcDbCircle
 10
3.767715481501381
 20
28.077961880590014
 30
0.0
 40
0.125
100
AcDbArc
 50
210.44149314030005
 51
390.44149314030005
  0
LINE
  5
99
330
17
100
AcDbEntity
  8
SLOTS
100
AcDbLine
 10
2.5641501886311566
 20
28.398987300180014
 30
0.0
 11
1.733959726298001
 21
29.811667717900388
 31
0.0
  0
LINE
  5
9A
330
17
100
AcDbEntity
  8
SLOTS
100
AcDbLine
 10
1.9494964706740385
 20
29.938332282099612
 30
0.0
 11
2.779686933007194
 21
28.52565186437924
 31
0.0
  0
ARC
  5
9B
330
17
100
AcDbEntity
  8
SLOTS
100
AcDbCircle
 10
1.8417280984860198
 20
29.875
 30
0.0
 40
0.125
100
AcDbArc
 50
30.441493140300025
 51
210.44149314030003
  0
ARC
  5
9C
330
17
100
AcDbEntity
  8
SLOTS
100
AcDbCircle
 10
2.6719185608191753
 20
28.462319582279626
 30
0.0
 40
0.125
100
AcDbArc
 50
210.44149314030003
 51
390.44149314030005
  0
LINE
  5
9D
330
17
100
AcDbEntity
  8
SLOTS
100
AcDbLine
 10
1.468353267948951
 20
28.783345001869627
 30
0.0
 11
1.0172316278119813
 21
29.550988977494644
 31
0.0
  0
LINE
  5
9E
330
17
100
AcDbEntity
  8
SLOTS
100
AcDbLine
 10
1.2327683721880187
 20
29.677653541693868
 30
0.0
 11
1.6838900123249885
 21
28.91000956606885
 31
0.0
  0
ARC
  5
9F
330
17
100
AcDbEntity
  8
SLOTS
100
AcDbCircle
 10
1.125
 20
29.614321259594256
 30
0.0
 40
0.125
100
AcDbArc
 50
30.441493140300054
 51
210.44149314030005
  0
ARC
  5
A0
330
17
100
AcDbEntity
  8
SLOTS
100
AcDbCircle
 10
1.5761216401369698
 20
28.84667728396924
 30
0.0
 40
0.125
100
AcDbArc
 50
210.44149314030005
 51
390.44149314030005
  0
LINE
  5
A1
330
17
100
AcDbEntity
  8
SLOTS
100
AcDbLine
 10
13.501304982039423
 20
29.510714868626604
 30
0.0
 11
11.620805217857345
 21
29.751008179329546
 31
0.0
  0
LINE
  5
A2
330
17
100
AcDbEntity
  8
SLOTS
100
AcDbLine
 10
11.652492969865065
 20
29.998991820670454
 30
0.0
 11
13.532992734047143
 21
29.758698509967513
 31
0.0
  0
ARC
  5
A3
330
17
100
AcDbEntity
  8
SLOTS
100
AcDbCircle
 10
11.636649093861205
 20
29.875
 30
0.0
 40
0.125
100
AcDbArc
 50
82.71811445333151
 51
262.7181144533315
  0
ARC
  5
A4
330
17
100
AcDbEntity
  8
SLOTS
100
AcDbCircle
 10
13.517148858043283
 20
29.634706689297058
 30
0.0
 40
0.125
100
AcDbArc
 50
262.7181144533315
 51
442.7181144533315
  0
LINE
  5
A5
330
17
100
AcDbEntity
  8
SLOTS
100
AcDbLine
 10
31.431571903982576
 20
1.1136037738510174
 30
0.0
 11
31.42984352413509
 21
1.1324826306166407
 31
0.0
  0
LINE
  5
A6
330
17
100
AcDbEntity
  8
SLOTS
100
AcDbLine
 10
31.67880236434416
 20
1.155275082914606
 30
0.0
 11
31.680530744191646
 21
1.1363962261489826
 31
0.0
  0
ARC
  5
A7
330
17
100
AcDbEntity
  8
SLOTS
100
AcDbCircle
 10
31.554322944239626
 20
1.1438788567656233
 30
0.0
 40
0.125
100
AcDbArc
 50
5.2309089198923004
 51
185.2309089198923
  0
ARC
  5
A8
330
17
100
AcDbEntity
  8
SLOTS
100
AcDbCircle
 10
31.55605132408711
 20
1.125
 30
0.0
 40
0.125
100
AcDbArc
 50
185.2309089198923
 51
365.2309089198923
  0
LINE
  5
A9
330
17
100
AcDbEntity
  8
SLOTS
100
AcDbLine
 10
30.678435362044393
 20
1.1136037738510243
 30
0.0
 11
30.513939055746313
 21
2.9103744371958613
 31
0.0
  0
LINE
  5
AA
330
17
100
AcDbEntity
  8
SLOTS
100
AcDbLine
 10
30.762897895955383
 20
2.933166889493813
 30
0.0
 11
30.927394202253463
 21
1.1363962261489757
 31
0.0
  0
ARC
  5
AB
330
17
100
AcDbEntity
  8
SLOTS
100
AcDbCircle
 10
30.638418475850848
 20
2.9217706633448373
 30
0.0
 40
0.125
100
AcDbArc
 50
5.23090891988916
 51
185.23090891988915
  0
ARC
  5
AC
330
17
100
AcDbEntity
  8
SLOTS
100
AcDbCircle
 10
30.802914782148928
 20
1.125
 30
0.0
 40
0.125
100
AcDbArc
 50
185.23090891988915
 51
365.23090891988915
  0
LINE
  5
AD
330
17
100
AcDbEntity
  8
SLOTS
100
AcDbLine
 10
29.92529882010621
 20
1.113603773851024
 30
0.0
 11
29.59803458735753
 21
4.688266243775084
 31
0.0
  0
LINE
  5
AE
330
17
100
AcDbEntity
  8
SLOTS
100
AcDbLine
 10
29.846993427566602
 20
4.711058696073035
 30
0.0
 11
30.17425766031528
 21
1.136396226148976
 31
0.0
  0
ARC
  5
AF
330
17
100
AcDbEntity
  8
SLOTS
100
AcDbCircle
 10
29.722514007462067
 20
4.69966246992406
 30
0.0
 40
0.125
100
AcDbArc
 50
5.230908919889174
 51
185.23090891988917
  0
ARC
  5
B0
330
17
100
AcDbEntity
  8
SLOTS
100
AcDbCircle
 10
30.049778240210745
 20
1.125
 30
0.0
 40
0.125
100
AcDbArc
 50
185.23090891988917
 51
365.2309089198892
  0
LINE
  5
B1
330
17
100
AcDbEntity
  8
SLOTS
100
AcDbLine
 10
29.172162278168027
 20
1.113603773851024
 30
0.0
 11
28.808928851119976
 21
5.081152835308345
 31
0.0
  0
LINE
  5
B2
330
17
100
AcDbEntity
  8
SLOTS
100
AcDbLine
 10
29.057887691329046
 20
5.103945287606296
 30
0.0
 11
29.421121118377098
 21
1.136396226148976
 31
0.0
  0
ARC
  5
B3
330
17
100
AcDbEntity
  8
SLOTS
100
AcDbCircle
 10
28.93340827122451
 20
5.09254906145732
 30
0.0
 40
0.125
100
AcDbArc
 50
5.230908919889174
 51
185.23090891988917
  0
ARC
  5
B4
330
17
100
AcDbEntity
  8
SLOTS
100
AcDbCircle
 10
29.296641698272563
 20
1.125
 30
0.0
 40
0.125
100
AcDbArc
 50
185.23090891988917
 51
365.2309089198892
  0
LINE
  5
B5
330
17
100
AcDbEntity
  8
SLOTS
100
AcDbLine
 10
28.419025736229848
 20
1.1136037738510243
 30
0.0
 11
28.15699377877977
 21
3.975743019409359
 31
0.0
  0
LINE
  5
B6
330
17
100
AcDbEntity
  8
SLOTS
100
AcDbLine
 10
28.40595261898884
 20
3.998535471707311
 30
0.0
 11
28.66798457643892
 21
1.1363962261489757
 31
0.0
  0
ARC
  5
B7
330
17
100
AcDbEntity
  8
SLOTS
100
AcDbCircle
 10
28.281473198884306
 20
3.987139245558335
 30
0.0
 40
0.125
100
AcDbArc
 50
5.230908919889174
 51
185.23090891988917
  0
ARC
  5
B8
330
17
100
AcDbEntity
  8
SLOTS
100
AcDbCircle
 10
28.543505156334383
 20
1.125
 30
0.0
 40
0.125
100
AcDbArc
 50
185.23090891988917
 51
365.2309089198892
  0
LINE
  5
B9
330
17
100
AcDbEntity
  8
SLOTS
100
AcDbLine
 10
27.665889194291662
 20
1.113603773851024
 30
0.0
 11
27.511038718048194
 21
2.8050143543114814
 31
0.0
  0
LINE
  5
BA
330
17
100
AcDbEntity
  8
SLOTS
100
AcDbLine
 10
27.759997558257265
 20
2.8278068066094333
 30
0.0
 11
27.914848034500732
 21
1.136396226148976
 31
0.0
  0
ARC
  5
BB
330
17
100
AcDbEntity
  8
SLOTS
100
AcDbCircle
 10
27.63551813815273
 20
2.8164105804604573
 30
0.0
 40
0.125
100
AcDbArc
 50
5.230908919889188
 51
185.2309089198892
  0
ARC
  5
BC
330
17
100
AcDbEntity
  8
SLOTS
100
AcDbCircle
 10
27.790368614396197
 20
1.125
 30
0.0
 40
0.125
100
AcDbArc
 50
185.2309089198892
 51
365.2309089198892
  0
LINE
  5
BD
330
17
100
AcDbEntity
  8
SLOTS
100
AcDbLine
 10
26.91275265235348
 20
1.1136037738510247
 30
0.0
 11
26.865083657316625
 21
1.6342856892136102
 31
0.0
  0
LINE
  5
BE
330
17
100
AcDbEntity
  8
SLOTS
100
AcDbLine
 10
27.114042497525695
 20
1.6570781415115607
 30
0.0
 11
27.16171149256255
 21
1.1363962261489753
 31
0.0
  0
ARC
  5
BF
330
17
100
AcDbEntity
  8
SLOTS
100
AcDbCircle
 10
26.98956307742116
 20
1.6456819153625855
 30
0.0
 40
0.125
100
AcDbArc
 50
5.230908919888918
 51
185.23090891988892
  0
ARC
  5
C0
330
17
100
AcDbEntity
  8
SLOTS
100
AcDbCircle
 10
27.037232072458014
 20
1.125
 30
0.0
 40
0.125
100
AcDbArc
 50
185.23090891988892
 51
365.2309089198889
  0
LINE
  5
C1
330
17
100
AcDbEntity
  8
SLOTS
100
AcDbLine
 10
5.945958719859458
 20
29.26315844021384
 30
0.0
 11
4.598275348359164
 21
25.738201346186525
 31
0.0
  0
LINE
  5
C2
330
17
100
AcDbEntity
  8
SLOTS
100
AcDbLine
 10
4.364760304894992
 20
25.827480260135598
 30
0.0
 11
5.712443676395287
 21
29.352437354162912
 31
0.0
  0
ARC
  5
C3
330
17
100
AcDbEntity
  8
SLOTS
100
AcDbCircle
 10
4.481517826627078
 20
25.78284080316106
 30
0.0
 40
0.125
100
AcDbArc
 50
-200.92316387236124
 51
-20.923163872361243
  0
ARC
  5
C4
330
17
100
AcDbEntity
  8
SLOTS
100
AcDbCircle
 10
5.829201198127373
 20
29.307797897188376
 30
0.0
 40
0.125
100
AcDbArc
 50
-20.923163872361243
 51
159.07683612763876
  0
LINE
  5
C5
330
17
100
AcDbEntity
  8
SLOTS
100
AcDbLine
 10
6.965761059768188
 20
29.830360543025463
 30
0.0
 11
4.687746662069419
 21
23.87205966815051
 31
0.0
  0
LINE
  5
C6
330
17
100
AcDbEntity
  8
SLOTS
100
AcDbLine
 10
4.454231618605247
 20
23.961338582099582
 30
0.0
 11
6.732246016304017
 21
29.919639456974537
 31
0.0
  0
ARC
  5
C7
330
17
100
AcDbEntity
  8
SLOTS
100
AcDbCircle
 10
4.570989140337333
 20
23.916699125125046
 30
0.0
 40
0.125
100
AcDbArc
 50
-200.92316387236127
 51
-20.923163872361258
  0
ARC
  5
C8
330
17
100
AcDbEntity
  8
SLOTS
100
AcDbCircle
 10
6.8490035380361025
 20
29.875
 30
0.0
 40
0.125
100
AcDbArc
 50
-20.923163872361258
 51
159.07683612763873
  0
LINE
  5
C9
330
17
100
AcDbEntity
  8
SLOTS
100
AcDbLine
 10
7.768707187856794
 20
29.830360543025463
 30
0.0
 11
5.4354735578305355
 21
23.72763002775001
 31
0.0
  0
LINE
  5
CA
330
17
100
AcDbEntity
  8
SLOTS
100
AcDbLine
 10
5.201958514366364
 20
23.816908941699083
 30
0.0
 11
7.535192144392623
 21
29.919639456974537
 31
0.0
  0
ARC
  5
CB
330
17
100
AcDbEntity
  8
SLOTS
100
AcDbCircle
 10
5.31871603609845
 20
23.772269484724546
 30
0.0
 40
0.125
100
AcDbArc
 50
-200.92316387236127
 51
-20.923163872361272
  0
ARC
  5
CC
330
17
100
AcDbEntity
  8
SLOTS
100
AcDbCircle
 10
7.651949666124708
 20
29.875
 30
0.0
 40
0.125
100
AcDbArc
 50
-20.923163872361272
 51
159.07683612763873
  0
LINE
  5
CD
330
17
100
AcDbEntity
  8
SLOTS
100
AcDbLine
 10
8.571653315945403
 20
29.830360543025463
 30
0.0
 11
6.294652107359059
 21
23.874709732865238
 31
0.0
  0
LINE
  5
CE
330
17
100
AcDbEntity
  8
SLOTS
100
AcDbLine
 10
6.061137063894887
 20
23.96398864681431
 30
0.0
 11
8.33813827248123
 21
29.919639456974537
 31
0.0
  0
ARC
  5
CF
330
17
100
AcDbEntity
  8
SLOTS
100
AcDbCircle
 10
6.177894585626973
 20
23.919349189839775
 30
0.0
 40
0.125
100
AcDbArc
 50
-200.92316387236127
 51
-20.923163872361258
  0
ARC
  5
D0
330
17
100
AcDbEntity
  8
SLOTS
100
AcDbCircle
 10
8.454895794213316
 20
29.875
 30
0.0
 40
0.125
100
AcDbArc
 50
-20.923163872361258
 51
159.07683612763873
  0
LINE
  5
D1
330
17
100
AcDbEntity
  8
SLOTS
100
AcDbLine
 10
9.351939810607666
 20
29.77109273778028
 30
0.0
 11
7.15383065688758
 21
24.021789437980466
 31
0.0
  0
LINE
  5
D2
330
17
100
AcDbEntity
  8
SLOTS
100
AcDbLine
 10
6.9203156134234085
 20
24.11106835192954
 30
0.0
 11
9.118424767143493
 21
29.860371651729352
 31
0.0
  0
ARC
  5
D3
330
17
100
AcDbEntity
  8
SLOTS
100
AcDbCircle
 10
7.037073135155494
 20
24.066428894955003
 30
0.0
 40
0.125
100
AcDbArc
 50
-200.92316387236127
 51
-20.923163872361272
  0
ARC
  5
D4
330
17
100
AcDbEntity
  8
SLOTS
100
AcDbCircle
 10
9.23518228887558
 20
29.815732194754816
 30
0.0
 40
0.125
100
AcDbArc
 50
-20.923163872361272
 51
159.07683612763873
  0
LINE
  5
D5
330
17
100
AcDbEntity
  8
SLOTS
100
AcDbLine
 10
10.00384596799737
 20
29.376037469268603
 30
0.0
 11
8.0130092064161
 21
24.168869143095694
 31
0.0
  0
LINE
  5
D6
330
17
100
AcDbEntity
  8
SLOTS
100
AcDbLine
 10
7.779494162951929
 20
24.258148057044767
 30
0.0
 11
9.770330924533196
 21
29.465316383217676
 31
0.0
  0
ARC
  5
D7
330
17
100
AcDbEntity
  8
SLOTS
100
AcDbCircle
 10
7.896251684684015
 20
24.21350860007023
 30
0.0
 40
0.125
100
AcDbArc
 50
-200.92316387236127
 51
-20.923163872361258
  0
ARC
  5
D8
330
17
100
AcDbEntity
  8
SLOTS
100
AcDbCircle
 10
9.887088446265283
 20
29.42067692624314
 30
0.0
 40
0.125
100
AcDbArc
 50
-20.923163872361258
 51
159.07683612763873
  0
LINE
  5
D9
330
17
100
AcDbEntity
  8
SLOTS
100
AcDbLine
 10
10.438812703457696
 20
28.41356245627135
 30
0.0
 11
8.872187755944626
 21
24.315948848210923
 31
0.0
  0
LINE
  5
DA
330
17
100
AcDbEntity
  8
SLOTS
100
AcDbLine
 10
8.638672712480453
 20
24.405227762159996
 30
0.0
 11
10.205297659993523
 21
28.502841370220423
 31
0.0
  0
ARC
  5
DB
330
17
100
AcDbEntity
  8
SLOTS
100
AcDbCircle
 10
8.75543023421254
 20
24.36058830518546
 30
0.0
 40
0.125
100
AcDbArc
 50
-200.92316387236124
 51
-20.923163872361243
  0
ARC
  5
DC
330
17
100
AcDbEntity
  8
SLOTS
100
AcDbCircle
 10
10.32205518172561
 20
28.458201913245887
 30
0.0
 40
0.125
100
AcDbArc
 50
-20.923163872361243
 51
159.07683612763876
  0
LINE
  5
DD
330
17
100
AcDbEntity
  8
SLOTS
100
AcDbLine
 10
3.603065602581914
 20
26.060522603797928
 30
0.0
 11
2.8757312155931207
 21
27.500541607510815
 31
0.0
  0
LINE
  5
DE
330
17
100
AcDbEntity
  8
SLOTS
100
AcDbLine
 10
3.098882132460011
 20
27.613252158487494
 30
0.0
 11
3.8262165194488045
 21
26.173233154774607
 31
0.0
  0
ARC
  5
DF
330
17
100
AcDbEntity
  8
SLOTS
100
AcDbCircle
 10
2.987306674026566
 20
27.556896882999155
 30
0.0
 40
0.125
100
AcDbArc
 50
26.79773172704968
 51
206.79773172704967
  0
ARC
  5
E0
330
17
100
AcDbEntity
  8
SLOTS
100
AcDbCircle
 10
3.7146410610153593
 20
26.116877879286267
 30
0.0
 40
0.125
100
AcDbArc
 50
206.79773172704967
 51
386.79773172704967
  0
LINE
  5
E1
330
17
100
AcDbEntity
  8
SLOTS
100
AcDbLine
 10
3.6911888648835305
 20
24.222497813884754
 30
0.0
 11
1.8545838145802072
 21
27.85871551796066
 31
0.0
  0
LINE
  5
E2
330
17
100
AcDbEntity
  8
SLOTS
100
AcDbLine
 10
2.077734731447097
 20
27.97142606893734
 30
0.0
 11
3.914339781750421
 21
24.335208364861433
 31
0.0
  0
ARC
  5
E3
330
17
100
AcDbEntity
  8
SLOTS
100
AcDbCircle
 10
1.9661592730136521
 20
27.915070793449
 30
0.0
 40
0.125
100
AcDbArc
 50
26.79773172704968
 51
206.79773172704967
  0
ARC
  5
E4
330
17
100
AcDbEntity
  8
SLOTS
100
AcDbCircle
 10
3.8027643233169757
 20
24.278853089373094
 30
0.0
 40
0.125
100
AcDbArc
 50
206.79773172704967
 51
386.79773172704967
  0
LINE
  5
E5
330
17
100
AcDbEntity
  8
SLOTS
100
AcDbLine
 10
3.3834883710771635
 20
23.168147962367268
 30
0.0
 11
1.013424541566555
 21
27.860538444051453
 31
0.0
  0
LINE
  5
E6
330
17
100
AcDbEntity
  8
SLOTS
100
AcDbLine
 10
1.236575458433445
 20
27.973248995028133
 30
0.0
 11
3.606639287944054
 21
23.280858513343947
 31
0.0
  0
ARC
  5
E7
330
17
100
AcDbEntity
  8
SLOTS
100
AcDbCircle
 10
1.125
 20
27.916893719539793
 30
0.0
 40
0.125
100
AcDbArc
 50
26.79773172704968
 51
206.79773172704967
  0
ARC
  5
E8
330
17
100
AcDbEntity
  8
SLOTS
100
AcDbCircle
 10
3.4950638295106087
 20
23.224503237855608
 30
0.0
 40
0.125
100
AcDbArc
 50
206.79773172704967
 51
386.79773172704967
  0
LINE
  5
E9
330
17
100
AcDbEntity
  8
SLOTS
100
AcDbLine
 10
2.5831320265494444
 20
23.08918687291036
 30
0.0
 11
1.013424541566555
 21
26.19698522409783
 31
0.0
  0
LINE
  5
EA
330
17
100
AcDbEntity
  8
SLOTS
100
AcDbLine
 10
1.236575458433445
 20
26.30969577507451
 30
0.0
 11
2.8062829434163348
 21
23.20189742388704
 31
0.0
  0
ARC
  5
EB
330
17
100
AcDbEntity
  8
SLOTS
100
AcDbCircle
 10
1.125
 20
26.25334049958617
 30
0.0
 40
0.125
100
AcDbArc
 50
26.79773172704968
 51
206.79773172704967
  0
ARC
  5
EC
330
17
100
AcDbEntity
  8
SLOTS
100
AcDbCircle
 10
2.6947074849828896
 20
23.1455421483987
 30
0.0
 40
0.125
100
AcDbArc
 50
206.79773172704967
 51
386.79773172704967
  0
LINE
  5
ED
330
17
100
AcDbEntity
  8
SLOTS
100
AcDbLine
 10
1.7827756820217262
 20
23.01022578345345
 30
0.0
 11
1.013424541566555
 21
24.533432004144206
 31
0.0
  0
LINE
  5
EE
330
17
100
AcDbEntity
  8
SLOTS
100
AcDbLine
 10
1.236575458433445
 20
24.646142555120885
 30
0.0
 11
2.005926598888616
 21
23.12293633443013
 31
0.0
  0
ARC
  5
EF
330
17
100
AcDbEntity
  8
SLOTS
100
AcDbCircle
 10
1.125
 20
24.589787279632546
 30
0.0
 40
0.125
100
AcDbArc
 50
26.797731727049708
 51
206.79773172704972
  0
ARC
  5
F0
330
17
100
AcDbEntity
  8
SLOTS
100
AcDbCircle
 10
1.8943511404551712
 20
23.06658105894179
 30
0.0
 40
0.125
100
AcDbArc
 50
206.79773172704972
 51
386.7977317270497
  0
LINE
  5
F1
330
17
100
AcDbEntity
  8
SLOTS
100
AcDbLine
 10
30.864523650974995
 20
14.603068804262007
 30
0.0
 11
30.479022426594337
 21
13.848584055501595
 31
0.0
  0
LINE
  5
F2
330
17
100
AcDbEntity
  8
SLOTS
100
AcDbLine
 10
30.256398893124764
 20
13.962332736133602
 30
0.0
 11
30.641900117505422
 21
14.716817484894014
 31
0.0
  0
ARC
  5
F3
330
17
100
AcDbEntity
  8
SLOTS
100
AcDbCircle
 10
30.36771065985955
 20
13.905458395817599
 30
0.0
 40
0.125
100
AcDbArc
 50
-207.06459466755302
 51
-27.064594667553024
  0
ARC
  5
F4
330
17
100
AcDbEntity
  8
SLOTS
100
AcDbCircle
 10
30.75321188424021
 20
14.65994314457801
 30
0.0
 40
0.125
100
AcDbArc
 50
-27.064594667553024
 51
152.93540533244698
  0
LINE
  5
F5
330
17
100
AcDbEntity
  8
SLOTS
100
AcDbLine
 10
33.832825142442225
 20
18.76411721206439
 30
0.0
 11
30.925437926057874
 21
13.073916572553678
 31
0.0
  0
LINE
  5
F6
330
17
100
AcDbEntity
  8
SLOTS
100
AcDbLine
 10
30.7028143925883
 20
13.187665253185685
 30
0.0
 11
33.61020160897265
 21
18.8778658926964
 31
0.0
  0
ARC
  5
F7
330
17
100
AcDbEntity
  8
SLOTS
100
AcDbCircle
 10
30.814126159323088
 20
13.130790912869681
 30
0.0
 40
0.125
100
AcDbArc
 50
-207.064594667553
 51
-27.064594667552996
  0
ARC
  5
F8
330
17
100
AcDbEntity
  8
SLOTS
100
AcDbCircle
 10
33.72151337570744
 20
18.820991552380395
 30
0.0
 40
0.125
100
AcDbArc
 50
-27.064594667552996
 51
152.935405332447
  0
LINE
  5
F9
330
17
100
AcDbEntity
  8
SLOTS
100
AcDbLine
 10
34.92761243841814
 20
19.258412318744828
 30
0.0
 11
31.37185342552141
 21
12.299249089605768
 31
0.0
  0
LINE
  5
FA
330
17
100
AcDbEntity
  8
SLOTS
100
AcDbLine
 10
31.14922989205184
 20
12.412997770237775
 30
0.0
 11
34.704988904948564
 21
19.372160999376835
 31
0.0
  0
ARC
  5
FB
330
17
100
AcDbEntity
  8
SLOTS
100
AcDbCircle
 10
31.260541658786625
 20
12.356123429921771
 30
0.0
 40
0.125
100
AcDbArc
 50
-207.064594667553
 51
-27.064594667552996
  0
ARC
  5
FC
330
17
100
AcDbEntity
  8
SLOTS
100
AcDbCircle
 10
34.81630067168335
 20
19.31528665906083
 30
0.0
 40
0.125
100
AcDbArc
 50
-27.064594667552996
 51
152.935405332447
  0
LINE
  5
FD
330
17
100
AcDbEntity
  8
SLOTS
100
AcDbLine
 10
34.98631176673479
 20
17.724925098069537
 30
0.0
 11
31.818268924984952
 21
11.524581606657852
 31
0.0
  0
LINE
  5
FE
330
17
100
AcDbEntity
  8
SLOTS
100
AcDbLine
 10
31.59564539151538
 20
11.63833028728986
 30
0.0
 11
34.76368823326521
 21
17.838673778701544
 31
0.0
  0
ARC
  5
FF
330
17
100
AcDbEntity
  8
SLOTS
100
AcDbCircle
 10
31.706957158250166
 20
11.581455946973856
 30
0.0
 40
0.125
100
AcDbArc
 50
-207.064594667553
 51
-27.064594667552996
  0
ARC
  5
100
330
17
100
AcDbEntity
  8
SLOTS
100
AcDbCircle
 10
34.875
 20
17.78179943838554
 30
0.0
 40
0.125
100
AcDbArc
 50
-27.064594667552996
 51
152.935405332447
  0
LINE
  5
101
330
17
100
AcDbEntity
  8
SLOTS
100
AcDbLine
 10
34.98631176673479
 20
16.07655433052992
 30
0.0
 11
32.292767418402754
 21
10.8048768301762
 31
0.0
  0
LINE
  5
102
330
17
100
AcDbEntity
  8
SLOTS
100
AcDbLine
 10
32.07014388493318
 20
10.918625510808207
 30
0.0
 11
34.76368823326521
 21
16.190303011161927
 31
0.0
  0
ARC
  5
103
330
17
100
AcDbEntity
  8
SLOTS
100
AcDbCircle
 10
32.18145565166797
 20
10.861751170492203
 30
0.0
 40
0.125
100
AcDbArc
 50
-207.06459466755297
 51
-27.06459466755298
  0
ARC
  5
104
330
17
100
AcDbEntity
  8
SLOTS
100
AcDbCircle
 10
34.875
 20
16.133428670845923
 30
0.0
 40
0.125
100
AcDbArc
 50
-27.06459466755298
 51
152.93540533244703
  0
LINE
  5
105
330
17
100
AcDbEntity
  8
SLOTS
100
AcDbLine
 10
34.98631176673479
 20
14.428183562990313
 30
0.0
 11
33.09182308346744
 21
10.720379987214885
 31
0.0
  0
LINE
  5
106
330
17
100
AcDbEntity
  8
SLOTS
100
AcDbLine
 10
32.869199549997866
 20
10.834128667846892
 30
0.0
 11
34.76368823326521
 21
14.54193224362232
 31
0.0
  0
ARC
  5
107
330
17
100
AcDbEntity
  8
SLOTS
100
AcDbCircle
 10
32.98051131673265
 20
10.777254327530889
 30
0.0
 40
0.125
100
AcDbArc
 50
-207.06459466755302
 51
-27.064594667553024
  0
ARC
  5
108
330
17
100
AcDbEntity
  8
SLOTS
100
AcDbCircle
 10
34.875
 20
14.485057903306316
 30
0.0
 40
0.125
100
AcDbArc
 50
-27.064594667553024
 51
152.93540533244698
  0
LINE
  5
109
330
17
100
AcDbEntity
  8
SLOTS
100
AcDbLine
 10
34.98631176673479
 20
12.779812795450693
 30
0.0
 11
33.91170384037618
 21
10.676641028260576
 31
0.0
  0
LINE
  5
10A
330
17
100
AcDbEntity
  8
SLOTS
100
AcDbLine
 10
33.689080306906604
 20
10.790389708892583
 30
0.0
 11
34.76368823326521
 21
12.8935614760827
 31
0.0
  0
ARC
  5
10B
330
17
100
AcDbEntity
  8
SLOTS
100
AcDbCircle
 10
33.80039207364139
 20
10.73351536857658
 30
0.0
 40
0.125
100
AcDbArc
 50
-207.06459466755305
 51
-27.064594667553052
  0
ARC
  5
10C
330
17
100
AcDbEntity
  8
SLOTS
100
AcDbCircle
 10
34.875
 20
12.836687135766697
 30
0.0
 40
0.125
100
AcDbArc
 50
-27.064594667553052
 51
152.93540533244695
  0
LINE
  5
10D
330
17
100
AcDbEntity
  8
SLOTS
100
AcDbLine
 10
34.98631176673479
 20
11.131442027911088
 30
0.0
 11
34.73158459728491
 21
10.632902069306267
 31
0.0
  0
LINE
  5
10E
330
17
100
AcDbEntity
  8
SLOTS
100
AcDbLine
 10
34.508961063815335
 20
10.746650749938274
 30
0.0
 11
34.76368823326521
 21
11.245190708543095
 31
0.0
  0
ARC
  5
10F
330
17
100
AcDbEntity
  8
SLOTS
100
AcDbCircle
 10
34.62027283055012
 20
10.68977640962227
 30
0.0
 40
0.125
100
AcDbArc
 50
-207.06459466755325
 51
-27.064594667553237
  0
ARC
  5
110
330
17
100
AcDbEntity
  8
SLOTS
100
AcDbCircle
 10
34.875
 20
11.188316368227092
 30
0.0
 40
0.125
100
AcDbArc
 50
-27.064594667553237
 51
152.93540533244675
  0
LINE
  5
111
330
17
100
AcDbEntity
  8
SLOTS
100
AcDbLine
 10
17.023092420617168
 20
29.90393179975784
 30
0.0
 11
17.046083549227095
 21
29.807295822902578
 31
0.0
  0
LINE
  5
112
330
17
100
AcDbEntity
  8
SLOTS
100
AcDbLine
 10
16.802872110657507
 20
29.7494322233869
 30
0.0
 11
16.77988098204758
 21
29.84606820024216
 31
0.0
  0
ARC
  5
113
330
17
100
AcDbEntity
  8
SLOTS
100
AcDbCircle
 10
16.9244778299423
 20
29.77836402314474
 30
0.0
 40
0.125
100
AcDbArc
 50
-166.6172866317666
 51
13.382713368233382
  0
ARC
  5
114
330
17
100
AcDbEntity
  8
SLOTS
100
AcDbCircle
 10
16.901486701332374
 20
29.875
 30
0.0
 40
0.125
100
AcDbArc
 50
13.382713368233382
 51
193.3827133682334
  0
LINE
  5
115
330
17
100
AcDbEntity
  8
SLOTS
100
AcDbLine
 10
17.794026555552396
 20
29.90393179975784
 30
0.0
 11
17.829038303958477
 21
29.756770928883014
 31
0.0
  0
LINE
  5
116
330
17
100
AcDbEntity
  8
SLOTS
100
AcDbLine
 10
17.58582686538889
 20
29.698907329367337
 30
0.0
 11
17.550815116982807
 21
29.84606820024216
 31
0.0
  0
ARC
  5
117
330
17
100
AcDbEntity
  8
SLOTS
100
AcDbCircle
 10
17.707432584673683
 20
29.727839129125176
 30
0.0
 40
0.125
100
AcDbArc
 50
-166.61728663176564
 51
13.382713368234363
  0
ARC
  5
118
330
17
100
AcDbEntity
  8
SLOTS
100
AcDbCircle
 10
17.6724208362676
 20
29.875
 30
0.0
 40
0.125
100
AcDbArc
 50
13.382713368234363
 51
193.38271336823436
  0
LINE
  5
119
330
17
100
AcDbEntity
  8
SLOTS
100
AcDbLine
 10
18.564960690487627
 20
29.90393179975784
 30
0.0
 11
18.582394267687416
 21
29.830655242031316
 31
0.0
  0
LINE
  5
11A
330
17
100
AcDbEntity
  8
SLOTS
100
AcDbLine
 10
18.339182829117828
 20
29.77279164251564
 30
0.0
 11
18.32174925191804
 21
29.84606820024216
 31
0.0
  0
ARC
  5
11B
330
17
100
AcDbEntity
  8
SLOTS
100
AcDbCircle
 10
18.460788548402622
 20
29.801723442273477
 30
0.0
 40
0.125
100
AcDbArc
 50
-166.617286631767
 51
13.382713368232999
  0
ARC
  5
11C
330
17
100
AcDbEntity
  8
SLOTS
100
AcDbCircle
 10
18.443354971202833
 20
29.875
 30
0.0
 40
0.125
100
AcDbArc
 50
13.382713368232999
 51
193.382713368233
  0
LINE
  5
11D
330
17
100
AcDbEntity
  8
SLOTS
100
AcDbLine
 10
24.25549406876199
 20
29.958219577015402
 30
0.0
 11
25.48461069502991
 21
28.580646058748123
 31
0.0
  0
LINE
  5
11E
330
17
100
AcDbEntity
  8
SLOTS
100
AcDbLine
 10
25.298068453150197
 20
28.414206904717318
 30
0.0
 11
24.068951826882277
 21
29.791780422984598
 31
0.0
  0
ARC
  5
11F
330
17
100
AcDbEntity
  8
SLOTS
100
AcDbCircle
 10
25.391339574090054
 20
28.49742648173272
 30
0.0
 40
0.125
100
AcDbArc
 50
-138.2596028732296
 51
41.74039712677041
  0
ARC
  5
120
330
17
100
AcDbEntity
  8
SLOTS
100
AcDbCircle
 10
24.162222947822134
 20
29.875
 30
0.0
 40
0.125
100
AcDbArc
 50
41.74039712677041
 51
221.7403971267704
  0
LINE
  5
121
330
17
100
AcDbEntity
  8
SLOTS
100
AcDbLine
 10
25.260628338140524
 20
29.958219577015402
 30
0.0
 11
26.466508749773855
 21
28.60668882251952
 31
0.0
  0
LINE
  5
122
330
17
100
AcDbEntity
  8
SLOTS
100
AcDbLine
 10
26.27996650789414
 20
28.440249668488715
 30
0.0
 11
25.07408609626081
 21
29.791780422984598
 31
0.0
  0
ARC
  5
123
330
17
100
AcDbEntity
  8
SLOTS
100
AcDbCircle
 10
26.373237628833998
 20
28.523469245504117
 30
0.0
 40
0.125
100
AcDbArc
 50
-138.25960287322948
 51
41.74039712677051
  0
ARC
  5
124
330
17
100
AcDbEntity
  8
SLOTS
100
AcDbCircle
 10
25.167357217200667
 20
29.875
 30
0.0
 40
0.125
100
AcDbArc
 50
41.74039712677051
 51
221.74039712677052
  0
LINE
  5
125
330
17
100
AcDbEntity
  8
SLOTS
100
AcDbLine
 10
26.265762607519065
 20
29.958219577015402
 30
0.0
 11
27.31119656952848
 21
28.786514540745326
 31
0.0
  0
LINE
  5
126
330
17
100
AcDbEntity
  8
SLOTS
100
AcDbLine
 10
27.124654327648766
 20
28.62007538671452
 30
0.0
 11
26.07922036563935
 21
29.791780422984598
 31
0.0
  0
ARC
  5
127
330
17
100
AcDbEntity
  8
SLOTS
100
AcDbCircle
 10
27.217925448588623
 20
28.703294963729924
 30
0.0
 40
0.125
100
AcDbArc
 50
-138.25960287322948
 51
41.7403971267705
  0
ARC
  5
128
330
17
100
AcDbEntity
  8
SLOTS
100
AcDbCircle
 10
26.172491486579208
 20
29.875
 30
0.0
 40
0.125
100
AcDbArc
 50
41.7403971267705
 51
221.74039712677052
  0
LINE
  5
129
330
17
100
AcDbEntity
  8
SLOTS
100
AcDbLine
 10
27.270896876897606
 20
29.958219577015402
 30
0.0
 11
28.131210581887057
 21
28.993994252853575
 31
0.0
  0
LINE
  5
12A
330
17
100
AcDbEntity
  8
SLOTS
100
AcDbLine
 10
27.944668340007343
 20
28.82755509882277
 30
0.0
 11
27.084354635017892
 21
29.791780422984598
 31
0.0
  0
ARC
  5
12B
330
17
100
AcDbEntity
  8
SLOTS
100
AcDbCircle
 10
28.0379394609472
 20
28.910774675838173
 30
0.0
 40
0.125
100
AcDbArc
 50
-138.2596028732296
 51
41.74039712677041
  0
ARC
  5
12C
330
17
100
AcDbEntity
  8
SLOTS
100
AcDbCircle
 10
27.17762575595775
 20
29.875
 30
0.0
 40
0.125
100
AcDbArc
 50
41.74039712677041
 51
221.7403971267704
  0
LINE
  5
12D
330
17
100
AcDbEntity
  8
SLOTS
100
AcDbLine
 10
28.276031146276136
 20
29.958219577015402
 30
0.0
 11
28.95122459424563
 21
29.20147396496182
 31
0.0
  0
LINE
  5
12E
330
17
100
AcDbEntity
  8
SLOTS
100
AcDbLine
 10
28.764682352365917
 20
29.035034810931016
 30
0.0
 11
28.089488904396422
 21
29.791780422984598
 31
0.0
  0
ARC
  5
12F
330
17
100
AcDbEntity
  8
SLOTS
100
AcDbCircle
 10
28.857953473305773
 20
29.11825438794642
 30
0.0
 40
0.125
100
AcDbArc
 50
-138.25960287322954
 51
41.74039712677045
  0
ARC
  5
130
330
17
100
AcDbEntity
  8
SLOTS
100
AcDbCircle
 10
28.18276002533628
 20
29.875
 30
0.0
 40
0.125
100
AcDbArc
 50
41.74039712677045
 51
221.74039712677046
  0
LINE
  5
131
330
17
100
AcDbEntity
  8
SLOTS
100
AcDbLine
 10
29.281165415654677
 20
29.958219577015402
 30
0.0
 11
29.73000040736407
 21
29.45517276645522
 31
0.0
  0
LINE
  5
132
330
17
100
AcDbEntity
  8
SLOTS
100
AcDbLine
 10
29.543458165484356
 20
29.288733612424416
 30
0.0
 11
29.094623173774963
 21
29.791780422984598
 31
0.0
  0
ARC
  5
133
330
17
100
AcDbEntity
  8
SLOTS
100
AcDbCircle
 10
29.636729286424213
 20
29.371953189439818
 30
0.0
 40
0.125
100
AcDbArc
 50
-138.2596028732293
 51
41.74039712677068
  0
ARC
  5
134
330
17
100
AcDbEntity
  8
SLOTS
100
AcDbCircle
 10
29.18789429471482
 20
29.875
 30
0.0
 40
0.125
100
AcDbArc
 50
41.74039712677068
 51
221.7403971267707
  0
LINE
  5
135
330
17
100
AcDbEntity
  8
SLOTS
100
AcDbLine
 10
30.286299685033214
 20
29.958219577015406
 30
0.0
 11
30.360299255821488
 21
29.87528208605444
 31
0.0
  0
LINE
  5
136
330
17
100
AcDbEntity
  8
SLOTS
100
AcDbLine
 10
30.173757013941774
 20
29.70884293202363
 30
0.0
 11
30.0997574431535
 21
29.791780422984594
 31
0.0
  0
ARC
  5
137
330
17
100
AcDbEntity
  8
SLOTS
100
AcDbCircle
 10
30.26702813488163
 20
29.792062509039035
 30
0.0
 40
0.125
100
AcDbArc
 50
-138.25960287322866
 51
41.74039712677135
  0
ARC
  5
138
330
17
100
AcDbEntity
  8
SLOTS
100
AcDbCircle
 10
30.193028564093357
 20
29.875
 30
0.0
 40
0.125
100
AcDbArc
 50
41.74039712677135
 51
221.74039712677134
  0
LINE
  5
139
330
17
100
AcDbEntity
  8
SLOTS
100
AcDbLine
 10
19.94237244927184
 20
24.874327020937216
 30
0.0
 11
20.152049915140513
 21
24.797389366302408
 31
0.0
  0
LINE
  5
13A
330
17
100
AcDbEntity
  8
SLOTS
100
AcDbLine
 10
20.06593108294216
 20
24.562690523653384
 30
0.0
 11
19.856253617073488
 21
24.63962817828819
 31
0.0
  0
ARC
  5
13B
330
17
100
AcDbEntity
  8
SLOTS
100
AcDbCircle
 10
20.108990499041337
 20
24.680039944977896
 30
0.0
 40
0.125
100
AcDbArc
 50
-110.14977118381142
 51
69.85022881618858
  0
ARC
  5
13C
330
17
100
AcDbEntity
  8
SLOTS
100
AcDbCircle
 10
19.899313033172664
 20
24.756977599612704
 30
0.0
 40
0.125
100
AcDbArc
 50
69.85022881618858
 51
249.85022881618858
  0
LINE
  5
13D
330
17
100
AcDbEntity
  8
SLOTS
100
AcDbLine
 10
19.442733687817633
 20
25.85655728699014
 30
0.0
 11
20.852624404631218
 21
25.339221365394426
 31
0.0
  0
LINE
  5
13E
330
17
100
AcDbEntity
  8
SLOTS
100
AcDbLine
 10
20.766505572432866
 20
25.104522522745402
 30
0.0
 11
19.35661485561928
 21
25.621858444341115
 31
0.0
  0
ARC
  5
13F
330
17
100
AcDbEntity
  8
SLOTS
100
AcDbCircle
 10
20.809564988532042
 20
25.221871944069914
 30
0.0
 40
0.125
100
AcDbArc
 50
-110.14977118381111
 51
69.85022881618889
  0
ARC
  5
140
330
17
100
AcDbEntity
  8
SLOTS
100
AcDbCircle
 10
19.399674271718457
 20
25.739207865665627
 30
0.0
 40
0.125
100
AcDbArc
 50
69.85022881618889
 51
249.8502288161889
  0
LINE
  5
141
330
17
100
AcDbEntity
  8
SLOTS
100
AcDbLine
 10
18.943094926363425
 20
26.838787553043066
 30
0.0
 11
21.553198894121927
 21
25.881053364486444
 31
0.0
  0
LINE
  5
142
330
17
100
AcDbEntity
  8
SLOTS
100
AcDbLine
 10
21.467080061923575
 20
25.64635452183742
 30
0.0
 11
18.856976094165073
 21
26.60408871039404
 31
0.0
  0
ARC
  5
143
330
17
100
AcDbEntity
  8
SLOTS
100
AcDbCircle
 10
21.51013947802275
 20
25.763703943161932
 30
0.0
 40
0.125
100
AcDbArc
 50
-110.14977118381114
 51
69.85022881618886
  0
ARC
  5
144
330
17
100
AcDbEntity
  8
SLOTS
100
AcDbCircle
 10
18.90003551026425
 20
26.721438131718553
 30
0.0
 40
0.125
100
AcDbArc
 50
69.85022881618886
 51
249.85022881618886
  0
LINE
  5
145
330
17
100
AcDbEntity
  8
SLOTS
100
AcDbLine
 10
18.44345616490922
 20
27.82101781909599
 30
0.0
 11
22.25377338361263
 21
26.422885363578462
 31
0.0
  0
LINE
  5
146
330
17
100
AcDbEntity
  8
SLOTS
100
AcDbLine
 10
22.167654551414277
 20
26.188186520929438
 30
0.0
 11
18.35733733271087
 21
27.586318976446965
 31
0.0
  0
ARC
  5
147
330
17
100
AcDbEntity
  8
SLOTS
100
AcDbCircle
 10
22.210713967513453
 20
26.30553594225395
 30
0.0
 40
0.125
100
AcDbArc
 50
-110.14977118381114
 51
69.85022881618886
  0
ARC
  5
148
330
17
100
AcDbEntity
  8
SLOTS
100
AcDbCircle
 10
18.400396748810046
 20
27.703668397771477
 30
0.0
 40
0.125
100
AcDbArc
 50
69.85022881618886
 51
249.85022881618886
  0
LINE
  5
149
330
17
100
AcDbEntity
  8
SLOTS
100
AcDbLine
 10
17.94381740345501
 20
28.803248085148915
 30
0.0
 11
22.954347873103334
 21
26.96471736267048
 31
0.0
  0
LINE
  5
14A
330
17
100
AcDbEntity
  8
SLOTS
100
AcDbLine
 10
22.868229040904982
 20
26.730018520021456
 30
0.0
 11
17.85769857125666
 21
28.56854924249989
 31
0.0
  0
ARC
  5
14B
330
17
100
AcDbEntity
  8
SLOTS
100
AcDbCircle
 10
22.911288457004158
 20
26.84736794134597
 30
0.0
 40
0.125
100
AcDbArc
 50
-110.14977118381114
 51
69.85022881618886
  0
ARC
  5
14C
330
17
100
AcDbEntity
  8
SLOTS
100
AcDbCircle
 10
17.900757987355835
 20
28.685898663824403
 30
0.0
 40
0.125
100
AcDbArc
 50
69.85022881618886
 51
249.85022881618886
  0
LINE
  5
14D
330
17
100
AcDbEntity
  8
SLOTS
100
AcDbLine
 10
19.000992718751373
 20
29.214231349186562
 30
0.0
 11
23.65492236259404
 21
27.5065493617625
 31
0.0
  0
LINE
  5
14E
330
17
100
AcDbEntity
  8
SLOTS
100
AcDbLine
 10
23.568803530395687
 20
27.271850519113475
 30
0.0
 11
18.91487388655302
 21
28.979532506537538
 31
0.0
  0
ARC
  5
14F
330
17
100
AcDbEntity
  8
SLOTS
100
AcDbCircle
 10
23.611862946494863
 20
27.389199940437987
 30
0.0
 40
0.125
100
AcDbArc
 50
-110.14977118381117
 51
69.85022881618883
  0
ARC
  5
150
330
17
100
AcDbEntity
  8
SLOTS
100
AcDbCircle
 10
18.957933302652197
 20
29.09688192786205
 30
0.0
 40
0.125
100
AcDbArc
 50
69.85022881618883
 51
249.85022881618883
  0
LINE
  5
151
330
17
100
AcDbEntity
  8
SLOTS
100
AcDbLine
 10
20.719023356356995
 20
29.382724757002606
 30
0.0
 11
24.12104207959671
 21
28.134410635571452
 31
0.0
  0
LINE
  5
152
330
17
100
AcDbEntity
  8
SLOTS
100
AcDbLine
 10
24.034923247398357
 20
27.899711792922428
 30
0.0
 11
20.632904524158644
 21
29.148025914353582
 31
0.0
  0
ARC
  5
153
330
17
100
AcDbEntity
  8
SLOTS
100
AcDbCircle
 10
24.077982663497533
 20
28.01706121424694
 30
0.0
 40
0.125
100
AcDbArc
 50
-110.14977118381114
 51
69.85022881618886
  0
ARC
  5
154
330
17
100
AcDbEntity
  8
SLOTS
100
AcDbCircle
 10
20.67596394025782
 20
29.265375335678094
 30
0.0
 40
0.125
100
AcDbArc
 50
69.85022881618886
 51
249.85022881618886
  0
LINE
  5
155
330
17
100
AcDbEntity
  8
SLOTS
100
AcDbLine
 10
22.43705399396263
 20
29.551218164818646
 30
0.0
 11
23.45477082988992
 21
29.177783918490793
 31
0.0
  0
LINE
  5
156
330
17
100
AcDbEntity
  8
SLOTS
100
AcDbLine
 10
23.36865199769157
 20
28.94308507584177
 30
0.0
 11
22.350935161764276
 21
29.316519322169622
 31
0.0
  0
ARC
  5
157
330
17
100
AcDbEntity
  8
SLOTS
100
AcDbCircle
 10
23.411711413790744
 20
29.06043449716628
 30
0.0
 40
0.125
100
AcDbArc
 50
-110.14977118381113
 51
69.85022881618887
  0
ARC
  5
158
330
17
100
AcDbEntity
  8
SLOTS
100
AcDbCircle
 10
22.393994577863452
 20
29.433868743494134
 30
0.0
 40
0.125
100
AcDbArc
 50
69.85022881618887
 51
249.85022881618886
  0
LINE
  5
159
330
17
100
AcDbEntity
  8
SLOTS
100
AcDbLine
 10
19.048033876878232
 20
23.513242053510908
 30
0.0
 11
19.13223086594905
 21
24.378296859492302
 31
0.0
  0
LINE
  5
15A
330
17
100
AcDbEntity
  8
SLOTS
100
AcDbLine
 10
19.381055038694424
 20
24.35407845620925
 30
0.0
 11
19.296858049623605
 21
23.489023650227857
 31
0.0
  0
ARC
  5
15B
330
17
100
AcDbEntity
  8
SLOTS
100
AcDbCircle
 10
19.256642952321737
 20
24.366187657850777
 30
0.0
 40
0.125
100
AcDbArc
 50
-5.559167408569607
 51
174.4408325914304
  0
ARC
  5
15C
330
17
100
AcDbEntity
  8
SLOTS
100
AcDbCircle
 10
19.17244596325092
 20
23.501132851869382
 30
0.0
 40
0.125
100
AcDbArc
 50
174.4408325914304
 51
354.4408325914304
  0
LINE
  5
15D
330
17
100
AcDbEntity
  8
SLOTS
100
AcDbLine
 10
18.119231262663043
 20
21.712605503852195
 30
0.0
 11
18.499713753512882
 21
25.621750129256572
 31
0.0
  0
LINE
  5
15E
330
17
100
AcDbEntity
  8
SLOTS
100
AcDbLine
 10
18.748537926258255
 20
25.59753172597352
 30
0.0
 11
18.368055435408415
 21
21.688387100569145
 31
0.0
  0
ARC
  5
15F
330
17
100
AcDbEntity
  8
SLOTS
100
AcDbCircle
 10
18.62412583988557
 20
25.609640927615047
 30
0.0
 40
0.125
100
AcDbArc
 50
-5.559167408569664
 51
174.44083259143034
  0
ARC
  5
160
330
17
100
AcDbEntity
  8
SLOTS
100
AcDbCircle
 10
18.24364334903573
 20
21.70049630221067
 30
0.0
 40
0.125
100
AcDbArc
 50
174.44083259143034
 51
354.4408325914303
  0
LINE
  5
161
330
17
100
AcDbEntity
  8
SLOTS
100
AcDbLine
 10
17.243102982699682
 20
20.453154411052132
 30
0.0
 11
17.867196641076717
 21
26.865203399020842
 31
0.0
  0
LINE
  5
162
330
17
100
AcDbEntity
  8
SLOTS
100
AcDbLine
 10
18.11602081382209
 20
26.84098499573779
 30
0.0
 11
17.491927155445055
 21
20.42893600776908
 31
0.0
  0
ARC
  5
163
330
17
100
AcDbEntity
  8
SLOTS
100
AcDbCircle
 10
17.991608727449403
 20
26.853094197379317
 30
0.0
 40
0.125
100
AcDbArc
 50
-5.5591674085697065
 51
174.4408325914303
  0
ARC
  5
164
330
17
100
AcDbEntity
  8
SLOTS
100
AcDbCircle
 10
17.36751506907237
 20
20.441045209410607
 30
0.0
 40
0.125
100
AcDbArc
 50
174.4408325914303
 51
354.4408325914303
  0
LINE
  5
165
330
17
100
AcDbEntity
  8
SLOTS
100
AcDbLine
 10
16.618841145214148
 20
21.7814238405099
 30
0.0
 11
17.234679528640548
 21
28.108656668785116
 31
0.0
  0
LINE
  5
166
330
17
100
AcDbEntity
  8
SLOTS
100
AcDbLine
 10
17.48350370138592
 20
28.084438265502065
 30
0.0
 11
16.86766531795952
 21
21.757205437226848
 31
0.0
  0
ARC
  5
167
330
17
100
AcDbEntity
  8
SLOTS
100
AcDbCircle
 10
17.359091615013234
 20
28.09654746714359
 30
0.0
 40
0.125
100
AcDbArc
 50
-5.559167408569678
 51
174.4408325914303
  0
ARC
  5
168
330
17
100
AcDbEntity
  8
SLOTS
100
AcDbCircle
 10
16.743253231586834
 20
21.769314638868373
 30
0.0
 40
0.125
100
AcDbArc
 50
174.4408325914303
 51
354.4408325914303
  0
LINE
  5
169
330
17
100
AcDbEntity
  8
SLOTS
100
AcDbLine
 10
16.040852996970216
 20
23.58511736423391
 30
0.0
 11
16.5751639123294
 21
29.074722519009754
 31
0.0
  0
LINE
  5
16A
330
17
100
AcDbEntity
  8
SLOTS
100
AcDbLine
 10
16.823988085074774
 20
29.050504115726703
 30
0.0
 11
16.28967716971559
 21
23.56089896095086
 31
0.0
  0
ARC
  5
16B
330
17
100
AcDbEntity
  8
SLOTS
100
AcDbCircle
 10
16.699575998702088
 20
29.06261331736823
 30
0.0
 40
0.125
100
AcDbArc
 50
-5.559167408569721
 51
174.44083259143028
  0
ARC
  5
16C
330
17
100
AcDbEntity
  8
SLOTS
100
AcDbCircle
 10
16.165265083342902
 20
23.573008162592384
 30
0.0
 40
0.125
100
AcDbArc
 50
174.44083259143028
 51
354.4408325914303
  0
LINE
  5
16D
330
17
100
AcDbEntity
  8
SLOTS
100
AcDbLine
 10
15.462864848726287
 20
25.388810887957916
 30
0.0
 11
15.845964367597471
 21
29.324843323630038
 31
0.0
  0
LINE
  5
16E
330
17
100
AcDbEntity
  8
SLOTS
100
AcDbLine
 10
16.094788540342844
 20
29.300624920346987
 30
0.0
 11
15.71168902147166
 21
25.364592484674866
 31
0.0
  0
ARC
  5
16F
330
17
100
AcDbEntity
  8
SLOTS
100
AcDbCircle
 10
15.970376453970157
 20
29.312734121988512
 30
0.0
 40
0.125
100
AcDbArc
 50
-5.559167408569678
 51
174.4408325914303
  0
ARC
  5
170
330
17
100
AcDbEntity
  8
SLOTS
100
AcDbCircle
 10
15.587276935098973
 20
25.37670168631639
 30
0.0
 40
0.125
100
AcDbArc
 50
174.4408325914303
 51
354.4408325914303
  0
LINE
  5
171
330
17
100
AcDbEntity
  8
SLOTS
100
AcDbLine
 10
14.985765564646314
 20
28.229054504246704
 30
0.0
 11
15.083699614097974
 21
29.2352463061426
 31
0.0
  0
LINE
  5
172
330
17
100
AcDbEntity
  8
SLOTS
100
AcDbLine
 10
15.332523786843346
 20
29.21102790285955
 30
0.0
 11
15.234589737391687
 21
28.204836100963654
 31
0.0
  0
ARC
  5
173
330
17
100
AcDbEntity
  8
SLOTS
100
AcDbCircle
 10
15.20811170047066
 20
29.223137104501074
 30
0.0
 40
0.125
100
AcDbArc
 50
-5.559167408569692
 51
174.4408325914303
  0
ARC
  5
174
330
17
100
AcDbEntity
  8
SLOTS
100
AcDbCircle
 10
15.110177651019
 20
28.21694530260518
 30
0.0
 40
0.125
100
AcDbArc
 50
174.4408325914303
 51
354.4408325914303
  0
LINE
  5
175
330
17
100
AcDbEntity
  8
SLOTS
100
AcDbLine
 10
34.721015647309606
 20
1.5622047442956923
 30
0.0
 11
34.75039172296632
 21
1.9323921680673515
 31
0.0
  0
LINE
  5
176
330
17
100
AcDbEntity
  8
SLOTS
100
AcDbLine
 10
34.99960827703368
 20
1.9126156876223968
 30
0.0
 11
34.970232201376966
 21
1.5424282638507376
 31
0.0
  0
ARC
  5
177
330
17
100
AcDbEntity
  8
SLOTS
100
AcDbCircle
 10
34.875
 20
1.9225039278448741
 30
0.0
 40
0.125
100
AcDbArc
 50
-4.537175952782789
 51
175.46282404721723
  0
ARC
  5
178
330
17
100
AcDbEntity
  8
SLOTS
100
AcDbCircle
 10
34.845623924343286
 20
1.552316504073215
 30
0.0
 40
0.125
100
AcDbArc
 50
175.46282404721723
 51
355.4628240472172
  0
LINE
  5
179
330
17
100
AcDbEntity
  8
SLOTS
100
AcDbLine
 10
33.941183189870415
 20
1.2159774258435512
 30
0.0
 11
34.63357300944742
 21
9.9412410230032
 31
0.0
  0
LINE
  5
17A
330
17
100
AcDbEntity
  8
SLOTS
100
AcDbLine
 10
34.88278956351478
 20
9.921464542558246
 30
0.0
 11
34.190399743937775
 21
1.1962009453985964
 31
0.0
  0
ARC
  5
17B
330
17
100
AcDbEntity
  8
SLOTS
100
AcDbCircle
 10
34.7581812864811
 20
9.931352782780722
 30
0.0
 40
0.125
100
AcDbArc
 50
-4.537175952782803
 51
175.4628240472172
  0
ARC
  5
17C
330
17
100
AcDbEntity
  8
SLOTS
100
AcDbCircle
 10
34.065791466904095
 20
1.2060891856210738
 30
0.0
 40
0.125
100
AcDbArc
 50
175.4628240472172
 51
355.46282404721717
  0
LINE
  5
17D
330
17
100
AcDbEntity
  8
SLOTS
100
AcDbLine
 10
33.18239066342123
 20
1.1348882402224774
 30
0.0
 11
33.884386891650394
 21
9.981208567770334
 31
0.0
  0
LINE
  5
17E
330
17
100
AcDbEntity
  8
SLOTS
100
AcDbLine
 10
34.13360344571775
 20
9.961432087325381
 30
0.0
 11
33.43160721748859
 21
1.1151117597775226
 31
0.0
  0
ARC
  5
17F
330
17
100
AcDbEntity
  8
SLOTS
100
AcDbCircle
 10
34.00899516868407
 20
9.971320327547858
 30
0.0
 40
0.125
100
AcDbArc
 50
-4.537175952782846
 51
175.46282404721717
  0
ARC
  5
180
330
17
100
AcDbEntity
  8
SLOTS
100
AcDbCircle
 10
33.30699894045491
 20
1.125
 30
0.0
 40
0.125
100
AcDbArc
 50
175.46282404721717
 51
355.46282404721717
  0
LINE
  5
181
330
17
100
AcDbEntity
  8
SLOTS
100
AcDbLine
 10
32.43003293701868
 20
1.1348882402224774
 30
0.0
 11
33.13520077385336
 21
10.02117611253747
 31
0.0
  0
LINE
  5
182
330
17
100
AcDbEntity
  8
SLOTS
100
AcDbLine
 10
33.38441732792072
 20
10.001399632092516
 30
0.0
 11
32.67924949108604
 21
1.1151117597775226
 31
0.0
  0
ARC
  5
183
330
17
100
AcDbEntity
  8
SLOTS
100
AcDbCircle
 10
33.25980905088704
 20
10.011287872314993
 30
0.0
 40
0.125
100
AcDbArc
 50
-4.537175952782803
 51
175.4628240472172
  0
ARC
  5
184
330
17
100
AcDbEntity
  8
SLOTS
100
AcDbCircle
 10
32.55464121405236
 20
1.125
 30
0.0
 40
0.125
100
AcDbArc
 50
175.4628240472172
 51
355.46282404721717
  0
LINE
  5
185
330
17
100
AcDbEntity
  8
SLOTS
100
AcDbLine
 10
31.75848738915903
 20
2.1532561302621955
 30
0.0
 11
32.38601465605633
 21
10.061143657304603
 31
0.0
  0
LINE
  5
186
330
17
100
AcDbEntity
  8
SLOTS
100
AcDbLine
 10
32.63523121012369
 20
10.04136717685965
 30
0.0
 11
32.00770394322639
 21
2.1334796498172404
 31
0.0
  0
ARC
  5
187
330
17
100
AcDbEntity
  8
SLOTS
100
AcDbCircle
 10
32.51062293309001
 20
10.051255417082126
 30
0.0
 40
0.125
100
AcDbArc
 50
-4.537175952782803
 51
175.4628240472172
  0
ARC
  5
188
330
17
100
AcDbEntity
  8
SLOTS
100
AcDbCircle
 10
31.88309566619271
 20
2.143367890039718
 30
0.0
 40
0.125
100
AcDbArc
 50
175.4628240472172
 51
355.46282404721717
  0
LINE
  5
189
330
17
100
AcDbEntity
  8
SLOTS
100
AcDbLine
 10
31.106552300504013
 20
3.418748430545686
 30
0.0
 11
31.56985420540239
 21
9.257123188531136
 31
0.0
  0
LINE
  5
18A
330
17
100
AcDbEntity
  8
SLOTS
100
AcDbLine
 10
31.81907075946975
 20
9.237346708086182
 30
0.0
 11
31.355768854571373
 21
3.398971950100731
 31
0.0
  0
ARC
  5
18B
330
17
100
AcDbEntity
  8
SLOTS
100
AcDbCircle
 10
31.69446248243607
 20
9.247234948308659
 30
0.0
 40
0.125
100
AcDbArc
 50
-4.53717595278286
 51
175.46282404721714
  0
ARC
  5
18C
330
17
100
AcDbEntity
  8
SLOTS
100
AcDbCircle
 10
31.231160577537693
 20
3.4088601903232085
 30
0.0
 40
0.125
100
AcDbArc
 50
175.46282404721714
 51
355.46282404721717
  0
LINE
  5
18D
330
17
100
AcDbEntity
  8
SLOTS
100
AcDbLine
 10
30.454617211849
 20
4.684240730829174
 30
0.0
 11
30.699651882908476
 21
7.772085229674293
 31
0.0
  0
LINE
  5
18E
330
17
100
AcDbEntity
  8
SLOTS
100
AcDbLine
 10
30.948868436975836
 20
7.752308749229337
 30
0.0
 11
30.70383376591636
 21
4.664464250384219
 31
0.0
  0
ARC
  5
18F
330
17
100
AcDbEntity
  8
SLOTS
100
AcDbCircle
 10
30.824260159942156
 20
7.762196989451815
 30
0.0
 40
0.125
100
AcDbArc
 50
-4.537175952782832
 51
175.46282404721717
  0
ARC
  5
190
330
17
100
AcDbEntity
  8
SLOTS
100
AcDbCircle
 10
30.57922548888268
 20
4.674352490606696
 30
0.0
 40
0.125
100
AcDbArc
 50
175.46282404721717
 51
355.46282404721717
  0
LINE
  5
191
330
17
100
AcDbEntity
  8
SLOTS
100
AcDbLine
 10
1.2976399162273846
 20
6.9095265457232795
 30
0.0
 11
1.1821285933283492
 21
6.850173146497347
 31
0.0
  0
LINE
  5
192
330
17
100
AcDbEntity
  8
SLOTS
100
AcDbLine
 10
1.0678714066716508
 20
7.072536127448082
 30
0.0
 11
1.1833827295706862
 21
7.131889526674014
 31
0.0
  0
ARC
  5
193
330
17
100
AcDbEntity
  8
SLOTS
100
AcDbCircle
 10
1.125
 20
6.961354636972715
 30
0.0
 40
0.125
100
AcDbArc
 50
-242.80445648143518
 51
-62.80445648143518
  0
ARC
  5
194
330
17
100
AcDbEntity
  8
SLOTS
100
AcDbCircle
 10
1.2405113228990354
 20
7.020708036198647
 30
0.0
 40
0.125
100
AcDbArc
 50
-62.80445648143518
 51
117.19554351856482
  0
LINE
  5
195
330
17
100
AcDbEntity
  8
SLOTS
100
AcDbLine
 10
4.121479508602086
 20
7.925123421385119
 30
0.0
 11
4.689596311472776
 21
9.746115934100905
 31
0.0
  0
LINE
  5
196
330
17
100
AcDbEntity
  8
SLOTS
100
AcDbLine
 10
4.928251477771012
 20
9.671659828916967
 30
0.0
 11
4.360134674900321
 21
7.850667316201183
 31
0.0
  0
ARC
  5
197
330
17
100
AcDbEntity
  8
SLOTS
100
AcDbCircle
 10
4.808923894621894
 20
9.708887881508936
 30
0.0
 40
0.125
100
AcDbArc
 50
-17.326979549341587
 51
162.6730204506584
  0
ARC
  5
198
330
17
100
AcDbEntity
  8
SLOTS
100
AcDbCircle
 10
4.240807091751203
 20
7.887895368793151
 30
0.0
 40
0.125
100
AcDbArc
 50
162.6730204506584
 51
342.67302045065844
  0
LINE
  5
199
330
17
100
AcDbEntity
  8
SLOTS
100
AcDbLine
 10
3.2708862128581355
 20
7.716967429211615
 30
0.0
 11
4.1879545982856
 21
10.65645919406243
 31
0.0
  0
LINE
  5
19A
330
17
100
AcDbEntity
  8
SLOTS
100
AcDbLine
 10
4.426609764583835
 20
10.582003088878492
 30
0.0
 11
3.5095413791563717
 21
7.642511324027679
 31
0.0
  0
ARC
  5
19B
330
17
100
AcDbEntity
  8
SLOTS
100
AcDbCircle
 10
4.307282181434718
 20
10.619231141470461
 30
0.0
 40
0.125
100
AcDbArc
 50
-17.32697954934156
 51
162.67302045065844
  0
ARC
  5
19C
330
17
100
AcDbEntity
  8
SLOTS
100
AcDbCircle
 10
3.3902137960072536
 20
7.679739376619647
 30
0.0
 40
0.125
100
AcDbArc
 50
162.67302045065844
 51
342.67302045065844
  0
LINE
  5
19D
330
17
100
AcDbEntity
  8
SLOTS
100
AcDbLine
 10
2.4202929171141854
 20
7.50881143703811
 30
0.0
 11
3.6863128850984235
 21
11.566802454023954
 31
0.0
  0
LINE
  5
19E
330
17
100
AcDbEntity
  8
SLOTS
100
AcDbLine
 10
3.9249680513966596
 20
11.492346348840016
 30
0.0
 11
2.6589480834124215
 21
7.434355331854174
 31
0.0
  0
ARC
  5
19F
330
17
100
AcDbEntity
  8
SLOTS
100
AcDbCircle
 10
3.8056404682475415
 20
11.529574401431985
 30
0.0
 40
0.125
100
AcDbArc
 50
-17.32697954934156
 51
162.67302045065844
  0
ARC
  5
1A0
330
17
100
AcDbEntity
  8
SLOTS
100
AcDbCircle
 10
2.5396205002633034
 20
7.471583384446142
 30
0.0
 40
0.125
100
AcDbArc
 50
162.67302045065844
 51
342.67302045065844
  0
LINE
  5
1A1
330
17
100
AcDbEntity
  8
SLOTS
100
AcDbLine
 10
1.6577939815694294
 20
7.583025495397566
 30
0.0
 11
3.1846711719112473
 21
12.477145713985477
 31
0.0
  0
LINE
  5
1A2
330
17
100
AcDbEntity
  8
SLOTS
100
AcDbLine
 10
3.4233263382094834
 20
12.40268960880154
 30
0.0
 11
1.8964491478676655
 21
7.50856939021363
 31
0.0
  0
ARC
  5
1A3
330
17
100
AcDbEntity
  8
SLOTS
100
AcDbCircle
 10
3.3039987550603653
 20
12.439917661393508
 30
0.0
 40
0.125
100
AcDbArc
 50
-17.32697954934156
 51
162.67302045065844
  0
ARC
  5
1A4
330
17
100
AcDbEntity
  8
SLOTS
100
AcDbCircle
 10
1.7771215647185474
 20
7.545797442805598
 30
0.0
 40
0.125
100
AcDbArc
 50
162.67302045065844
 51
342.67302045065844
  0
LINE
  5
1A5
330
17
100
AcDbEntity
  8
SLOTS
100
AcDbLine
 10
1.0492519560327662
 20
8.150719730701208
 30
0.0
 11
2.6222230619975173
 21
13.192585403757255
 31
0.0
  0
LINE
  5
1A6
330
17
100
AcDbEntity
  8
SLOTS
100
AcDbLine
 10
2.8608782282957534
 20
13.118129298573317
 30
0.0
 11
1.287907122331002
 21
8.07626362551727
 31
0.0
  0
ARC
  5
1A7
330
17
100
AcDbEntity
  8
SLOTS
100
AcDbCircle
 10
2.7415506451466354
 20
13.155357351165286
 30
0.0
 40
0.125
100
AcDbArc
 50
-17.32697954934156
 51
162.67302045065844
  0
ARC
  5
1A8
330
17
100
AcDbEntity
  8
SLOTS
100
AcDbCircle
 10
1.168579539181884
 20
8.11349167810924
 30
0.0
 40
0.125
100
AcDbArc
 50
162.67302045065844
 51
342.67302045065844
  0
LINE
  5
1A9
330
17
100
AcDbEntity
  8
SLOTS
100
AcDbLine
 10
1.005672416850882
 20
10.529295905104114
 30
0.0
 11
1.9882522785425625
 21
13.67877249555997
 31
0.0
  0
LINE
  5
1AA
330
17
100
AcDbEntity
  8
SLOTS
100
AcDbLine
 10
2.2269074448407986
 20
13.604316390376033
 30
0.0
 11
1.244327583149118
 21
10.454839799920176
 31
0.0
  0
ARC
  5
1AB
330
17
100
AcDbEntity
  8
SLOTS
100
AcDbCircle
 10
2.1075798616916805
 20
13.641544442968002
 30
0.0
 40
0.125
100
AcDbArc
 50
-17.32697954934156
 51
162.67302045065844
  0
ARC
  5
1AC
330
17
100
AcDbEntity
  8
SLOTS
100
AcDbCircle
 10
1.125
 20
10.492067852512145
 30
0.0
 40
0.125
100
AcDbArc
 50
162.67302045065844
 51
342.67302045065844
  0
LINE
  5
1AD
330
17
100
AcDbEntity
  8
SLOTS
100
AcDbLine
 10
1.005672416850882
 20
13.04755816898161
 30
0.0
 11
1.3542814950876085
 21
14.164959587362684
 31
0.0
  0
LINE
  5
1AE
330
17
100
AcDbEntity
  8
SLOTS
100
AcDbLine
 10
1.5929366613858447
 20
14.090503482178747
 30
0.0
 11
1.244327583149118
 21
12.973102063797672
 31
0.0
  0
ARC
  5
1AF
330
17
100
AcDbEntity
  8
SLOTS
100
AcDbCircle
 10
1.4736090782367266
 20
14.127731534770716
 30
0.0
 40
0.125
100
AcDbArc
 50
-17.32697954934156
 51
162.67302045065844
  0
ARC
  5
1B0
330
17
100
AcDbEntity
  8
SLOTS
100
AcDbCircle
 10
1.125
 20
13.01033011638964
 30
0.0
 40
0.125
100
AcDbArc
 50
162.67302045065844
 51
342.67302045065844
  0
LINE
  5
1B1
330
17
100
AcDbEntity
  8
SLOTS
100
AcDbLine
 10
2.9604462649856584
 20
6.720038408546329
 30
0.0
 11
1.8554393906249176
 21
4.460666448957613
 31
0.0
  0
LINE
  5
1B2
330
17
100
AcDbEntity
  8
SLOTS
100
AcDbLine
 10
1.6308599729116622
 20
4.570503078273954
 30
0.0
 11
2.735866847272403
 21
6.82987503786267
 31
0.0
  0
ARC
  5
1B3
330
17
100
AcDbEntity
  8
SLOTS
100
AcDbCircle
 10
1.7431496817682899
 20
4.5155847636157835
 30
0.0
 40
0.125
100
AcDbArc
 50
-206.06219380323665
 51
-26.062193803236667
  0
ARC
  5
1B4
330
17
100
AcDbEntity
  8
SLOTS
100
AcDbCircle
 10
2.8481565561290307
 20
6.774956723204499
 30
0.0
 40
0.125
100
AcDbArc
 50
-26.062193803236667
 51
153.93780619676335
  0
LINE
  5
1B5
330
17
100
AcDbEntity
  8
SLOTS
100
AcDbLine
 10
3.908851250115751
 20
6.9521307394521195
 30
0.0
 11
2.3809321887708736
 21
3.8280438547249753
 31
0.0
  0
LINE
  5
1B6
330
17
100
AcDbEntity
  8
SLOTS
100
AcDbLine
 10
2.1563527710576182
 20
3.937880484041316
 30
0.0
 11
3.6842718324024957
 21
7.06196736876846
 31
0.0
  0
ARC
  5
1B7
330
17
100
AcDbEntity
  8
SLOTS
100
AcDbCircle
 10
2.268642479914246
 20
3.8829621693831458
 30
0.0
 40
0.125
100
AcDbArc
 50
-206.0621938032367
 51
-26.062193803236696
  0
ARC
  5
1B8
330
17
100
AcDbEntity
  8
SLOTS
100
AcDbCircle
 10
3.7965615412591234
 20
7.00704905411029
 30
0.0
 40
0.125
100
AcDbArc
 50
-26.062193803236696
 51
153.9378061967633
  0
LINE
  5
1B9
330
17
100
AcDbEntity
  8
SLOTS
100
AcDbLine
 10
4.585834950968617
 20
6.629256713894028
 30
0.0
 11
3.001880389581094
 21
3.390595847343351
 31
0.0
  0
LINE
  5
1BA
330
17
100
AcDbEntity
  8
SLOTS
100
AcDbLine
 10
2.7773009718678385
 20
3.5004324766596917
 30
0.0
 11
4.361255533255362
 21
6.739093343210369
 31
0.0
  0
ARC
  5
1BB
330
17
100
AcDbEntity
  8
SLOTS
100
AcDbCircle
 10
2.8895906807244662
 20
3.4455141620015213
 30
0.0
 40
0.125
100
AcDbArc
 50
-206.0621938032367
 51
-26.062193803236696
  0
ARC
  5
1BC
330
17
100
AcDbEntity
  8
SLOTS
100
AcDbCircle
 10
4.47354524211199
 20
6.684175028552199
 30
0.0
 40
0.125
100
AcDbArc
 50
-26.062193803236696
 51
153.9378061967633
  0
LINE
  5
1BD
330
17
100
AcDbEntity
  8
SLOTS
100
AcDbLine
 10
4.8712881670914525
 20
5.505832918874125
 30
0.0
 11
3.6228285903913138
 21
2.953147839961727
 31
0.0
  0
LINE
  5
1BE
330
17
100
AcDbEntity
  8
SLOTS
100
AcDbLine
 10
3.3982491726780584
 20
3.0629844692780677
 30
0.0
 11
4.646708749378198
 21
5.615669548190466
 31
0.0
  0
ARC
  5
1BF
330
17
100
AcDbEntity
  8
SLOTS
100
AcDbCircle
 10
3.510538881534686
 20
3.0080661546198972
 30
0.0
 40
0.125
100
AcDbArc
 50
-206.0621938032367
 51
-26.062193803236696
  0
ARC
  5
1C0
330
17
100
AcDbEntity
  8
SLOTS
100
AcDbCircle
 10
4.758998458234825
 20
5.5607512335322955
 30
0.0
 40
0.125
100
AcDbArc
 50
-26.062193803236696
 51
153.9378061967633
  0
LINE
  5
1C1
330
17
100
AcDbEntity
  8
SLOTS
100
AcDbLine
 10
5.156741383214287
 20
4.382409123854221
 30
0.0
 11
4.243776791201533
 21
2.5156998325801023
 31
0.0
  0
LINE
  5
1C2
330
17
100
AcDbEntity
  8
SLOTS
100
AcDbLine
 10
4.019197373488279
 20
2.625536461896443
 30
0.0
 11
4.932161965501033
 21
4.492245753170562
 31
0.0
  0
ARC
  5
1C3
330
17
100
AcDbEntity
  8
SLOTS
100
AcDbCircle
 10
4.131487082344906
 20
2.5706181472382728
 30
0.0
 40
0.125
100
AcDbArc
 50
-206.0621938032367
 51
-26.062193803236696
  0
ARC
  5
1C4
330
17
100
AcDbEntity
  8
SLOTS
100
AcDbCircle
 10
5.04445167435766
 20
4.4373274385123915
 30
0.0
 40
0.125
100
AcDbArc
 50
-26.062193803236696
 51
153.9378061967633
  0
LINE
  5
1C5
330
17
100
AcDbEntity
  8
SLOTS
100
AcDbLine
 10
5.442194599337123
 20
3.2589853288343176
 30
0.0
 11
5.199327193528996
 21
2.762402167848662
 31
0.0
  0
LINE
  5
1C6
330
17
100
AcDbEntity
  8
SLOTS
100
AcDbLine
 10
4.974747775815741
 20
2.872238797165002
 30
0.0
 11
5.217615181623868
 21
3.3688219581506575
 31
0.0
  0
ARC
  5
1C7
330
17
100
AcDbEntity
  8
SLOTS
100
AcDbCircle
 10
5.0870374846723685
 20
2.817320482506832
 30
0.0
 40
0.125
100
AcDbArc
 50
-206.06219380323665
 51
-26.062193803236667
  0
ARC
  5
1C8
330
17
100
AcDbEntity
  8
SLOTS
100
AcDbCircle
 10
5.3299048904804955
 20
3.3139036434924876
 30
0.0
 40
0.125
100
AcDbArc
 50
-26.062193803236667
 51
153.93780619676335
  0
LINE
  5
1C9
330
17
100
AcDbEntity
  8
SLOTS
100
AcDbLine
 10
1.2143547396156618
 20
6.000470548347034
 30
0.0
 11
1.2875153947482127
 21
5.925683268346482
 31
0.0
  0
LINE
  5
1CA
330
17
100
AcDbEntity
  8
SLOTS
100
AcDbLine
 10
1.1088059155168892
 20
5.750860723939677
 30
0.0
 11
1.0356452603843382
 21
5.82564800394023
 31
0.0
  0
ARC
  5
1CB
330
17
100
AcDbEntity
  8
SLOTS
100
AcDbCircle
 10
1.198160655132551
 20
5.83827199614308
 30
0.0
 40
0.125
100
AcDbArc
 50
-135.62991744133558
 51
44.370082558664436
  0
ARC
  5
1CC
330
17
100
AcDbEntity
  8
SLOTS
100
AcDbCircle
 10
1.125
 20
5.913059276143632
 30
0.0
 40
0.125
100
AcDbArc
 50
44.370082558664436
 51
224.37008255866442
  0
LINE
  5
1CD
330
17
100
AcDbEntity
  8
SLOTS
100
AcDbLine
 10
4.01294112648839
 20
19.398424309749277
 30
0.0
 11
3.0589721319714216
 21
22.401750342583767
 31
0.0
  0
LINE
  5
1CE
330
17
100
AcDbEntity
  8
SLOTS
100
AcDbLine
 10
3.297241019954549
 20
22.477433478217037
 30
0.0
 11
4.251210014471517
 21
19.474107445382547
 31
0.0
  0
ARC
  5
1CF
330
17
100
AcDbEntity
  8
SLOTS
100
AcDbCircle
 10
3.1781065759629854
 20
22.439591910400402
 30
0.0
 40
0.125
100
AcDbArc
 50
17.621800120163698
 51
197.6218001201637
  0
ARC
  5
1D0
330
17
100
AcDbEntity
  8
SLOTS
100
AcDbCircle
 10
4.132075570479953
 20
19.436265877565912
 30
0.0
 40
0.125
100
AcDbArc
 50
197.6218001201637
 51
377.6218001201637
  0
LINE
  5
1D1
330
17
100
AcDbEntity
  8
SLOTS
100
AcDbLine
 10
3.463675917747793
 20
18.650210205884036
 30
0.0
 11
2.2959568946888
 21
22.326473230307474
 31
0.0
  0
LINE
  5
1D2
330
17
100
AcDbEntity
  8
SLOTS
100
AcDbLine
 10
2.5342257826719274
 20
22.402156365940744
 30
0.0
 11
3.7019448057309208
 21
18.725893341517306
 31
0.0
  0
ARC
  5
1D3
330
17
100
AcDbEntity
  8
SLOTS
100
AcDbCircle
 10
2.4150913386803636
 20
22.36431479812411
 30
0.0
 40
0.125
100
AcDbArc
 50
17.621800120163684
 51
197.6218001201637
  0
ARC
  5
1D4
330
17
100
AcDbEntity
  8
SLOTS
100
AcDbCircle
 10
3.582810361739357
 20
18.68805177370067
 30
0.0
 40
0.125
100
AcDbArc
 50
197.6218001201637
 51
377.6218001201637
  0
LINE
  5
1D5
330
17
100
AcDbEntity
  8
SLOTS
100
AcDbLine
 10
2.914410709007197
 20
17.9019961020188
 30
0.0
 11
1.5329416574061792
 21
22.251196118031178
 31
0.0
  0
LINE
  5
1D6
330
17
100
AcDbEntity
  8
SLOTS
100
AcDbLine
 10
1.7712105453893068
 20
22.326879253664448
 30
0.0
 11
3.1526795969903247
 21
17.97767923765207
 31
0.0
  0
ARC
  5
1D7
330
17
100
AcDbEntity
  8
SLOTS
100
AcDbCircle
 10
1.652076101397743
 20
22.289037685847813
 30
0.0
 40
0.125
100
AcDbArc
 50
17.621800120163698
 51
197.6218001201637
  0
ARC
  5
1D8
330
17
100
AcDbEntity
  8
SLOTS
100
AcDbCircle
 10
3.033545152998761
 20
17.939837669835434
 30
0.0
 40
0.125
100
AcDbArc
 50
197.6218001201637
 51
377.6218001201637
  0
LINE
  5
1D9
330
17
100
AcDbEntity
  8
SLOTS
100
AcDbLine
 10
2.365145500266601
 20
17.153781998153562
 30
0.0
 11
1.0058655560084362
 21
21.433125316399895
 31
0.0
  0
LINE
  5
1DA
330
17
100
AcDbEntity
  8
SLOTS
100
AcDbLine
 10
1.2441344439915638
 20
21.508808452033165
 30
0.0
 11
2.6034143882497287
 21
17.22946513378683
 31
0.0
  0
ARC
  5
1DB
330
17
100
AcDbEntity
  8
SLOTS
100
AcDbCircle
 10
1.125
 20
21.47096688421653
 30
0.0
 40
0.125
100
AcDbArc
 50
17.621800120163698
 51
197.6218001201637
  0
ARC
  5
1DC
330
17
100
AcDbEntity
  8
SLOTS
100
AcDbCircle
 10
2.484279944258165
 20
17.191623565970197
 30
0.0
 40
0.125
100
AcDbArc
 50
197.6218001201637
 51
377.6218001201637
  0
LINE
  5
1DD
330
17
100
AcDbEntity
  8
SLOTS
100
AcDbLine
 10
1.8158802915260042
 20
16.40556789428832
 30
0.0
 11
1.0058655560084362
 21
18.955690965522148
 31
0.0
  0
LINE
  5
1DE
330
17
100
AcDbEntity
  8
SLOTS
100
AcDbLine
 10
1.2441344439915638
 20
19.031374101155418
 30
0.0
 11
2.054149179509132
 21
16.48125102992159
 31
0.0
  0
ARC
  5
1DF
330
17
100
AcDbEntity
  8
SLOTS
100
AcDbCircle
 10
1.125
 20
18.993532533338783
 30
0.0
 40
0.125
100
AcDbArc
 50
17.621800120163698
 51
197.6218001201637
  0
ARC
  5
1E0
330
17
100
AcDbEntity
  8
SLOTS
100
AcDbCircle
 10
1.935014735517568
 20
16.443409462104956
 30
0.0
 40
0.125
100
AcDbArc
 50
197.6218001201637
 51
377.6218001201637
  0
LINE
  5
1E1
330
17
100
AcDbEntity
  8
SLOTS
100
AcDbLine
 10
1.2666150827854081
 20
15.657353790423084
 30
0.0
 11
1.0058655560084362
 21
16.478256614644405
 31
0.0
  0
LINE
  5
1E2
330
17
100
AcDbEntity
  8
SLOTS
100
AcDbLine
 10
1.2441344439915638
 20
16.553939750277674
 30
0.0
 11
1.5048839707685358
 21
15.733036926056354
 31
0.0
  0
ARC
  5
1E3
330
17
100
AcDbEntity
  8
SLOTS
100
AcDbCircle
 10
1.125
 20
16.51609818246104
 30
0.0
 40
0.125
100
AcDbArc
 50
17.621800120163712
 51
197.6218001201637
  0
ARC
  5
1E4
330
17
100
AcDbEntity
  8
SLOTS
100
AcDbCircle
 10
1.385749526776972
 20
15.695195358239719
 30
0.0
 40
0.125
100
AcDbArc
 50
197.6218001201637
 51
377.6218001201637
  0
LINE
  5
1E5
330
17
100
AcDbEntity
  8
SLOTS
100
AcDbLine
 10
5.514449056453103
 20
20.121416869813032
 30
0.0
 11
10.23275590639732
 21
20.31906155087007
 31
0.0
  0
LINE
  5
1E6
330
17
100
AcDbEntity
  8
SLOTS
100
AcDbLine
 10
10.243218955623886
 20
20.069280597631273
 30
0.0
 11
5.524912105679668
 21
19.871635916574235
 31
0.0
  0
ARC
  5
1E7
330
17
100
AcDbEntity
  8
SLOTS
100
AcDbCircle
 10
10.237987431010604
 20
20.194171074250672
 30
0.0
 40
0.125
100
AcDbArc
 50
-87.60134515622467
 51
92.39865484377533
  0
ARC
  5
1E8
330
17
100
AcDbEntity
  8
SLOTS
100
AcDbCircle
 10
5.519680581066385
 20
19.996526393193633
 30
0.0
 40
0.125
100
AcDbArc
 50
92.39865484377533
 51
272.3986548437753
  0
LINE
  5
1E9
330
17
100
AcDbEntity
  8
SLOTS
100
AcDbLine
 10
5.093338086772688
 20
20.854434711326927
 30
0.0
 11
11.357462293930029
 21
21.116831980177707
 31
0.0
  0
LINE
  5
1EA
330
17
100
AcDbEntity
  8
SLOTS
100
AcDbLine
 10
11.367925343156594
 20
20.86705102693891
 30
0.0
 11
5.1038011359992534
 21
20.60465375808813
 31
0.0
  0
ARC
  5
1EB
330
17
100
AcDbEntity
  8
SLOTS
100
AcDbCircle
 10
11.362693818543312
 20
20.99194150355831
 30
0.0
 40
0.125
100
AcDbArc
 50
-87.60134515622467
 51
92.39865484377533
  0
ARC
  5
1EC
330
17
100
AcDbEntity
  8
SLOTS
100
AcDbCircle
 10
5.098569611385971
 20
20.72954423470753
 30
0.0
 40
0.125
100
AcDbArc
 50
92.39865484377533
 51
272.3986548437753
  0
LINE
  5
1ED
330
17
100
AcDbEntity
  8
SLOTS
100
AcDbLine
 10
4.873254954915844
 20
21.595873387719486
 30
0.0
 11
11.451306477137932
 21
21.871420726295337
 31
0.0
  0
LINE
  5
1EE
330
17
100
AcDbEntity
  8
SLOTS
100
AcDbLine
 10
11.461769526364497
 20
21.62163977305654
 30
0.0
 11
4.88371800414241
 21
21.34609243448069
 31
0.0
  0
ARC
  5
1EF
330
17
100
AcDbEntity
  8
SLOTS
100
AcDbCircle
 10
11.456538001751214
 20
21.74653024967594
 30
0.0
 40
0.125
100
AcDbArc
 50
-87.6013451562247
 51
92.3986548437753
  0
ARC
  5
1F0
330
17
100
AcDbEntity
  8
SLOTS
100
AcDbCircle
 10
4.878486479529127
 20
21.470982911100087
 30
0.0
 40
0.125
100
AcDbArc
 50
92.3986548437753
 51
272.3986548437753
  0
LINE
  5
1F1
330
17
100
AcDbEntity
  8
SLOTS
100
AcDbLine
 10
4.653171823059001
 20
22.33731206411204
 30
0.0
 11
10.889910367995391
 21
22.598562177712573
 31
0.0
  0
LINE
  5
1F2
330
17
100
AcDbEntity
  8
SLOTS
100
AcDbLine
 10
10.900373417221957
 20
22.348781224473775
 30
0.0
 11
4.6636348722855665
 21
22.087531110873243
 31
0.0
  0
ARC
  5
1F3
330
17
100
AcDbEntity
  8
SLOTS
100
AcDbCircle
 10
10.895141892608674
 20
22.473671701093174
 30
0.0
 40
0.125
100
AcDbArc
 50
-87.60134515622465
 51
92.39865484377535
  0
ARC
  5
1F4
330
17
100
AcDbEntity
  8
SLOTS
100
AcDbCircle
 10
4.658403347672284
 20
22.212421587492642
 30
0.0
 40
0.125
100
AcDbArc
 50
92.39865484377535
 51
272.3986548437753
  0
LINE
  5
1F5
330
17
100
AcDbEntity
  8
SLOTS
100
AcDbLine
 10
5.1540037885515515
 20
23.10894908050584
 30
0.0
 11
10.32851425885285
 21
23.325703629129805
 31
0.0
  0
LINE
  5
1F6
330
17
100
AcDbEntity
  8
SLOTS
100
AcDbLine
 10
10.338977308079416
 20
23.075922675891007
 30
0.0
 11
5.164466837778117
 21
22.859168127267044
 31
0.0
  0
ARC
  5
1F7
330
17
100
AcDbEntity
  8
SLOTS
100
AcDbCircle
 10
10.333745783466133
 20
23.200813152510406
 30
0.0
 40
0.125
100
AcDbArc
 50
-87.60134515622464
 51
92.39865484377536
  0
ARC
  5
1F8
330
17
100
AcDbEntity
  8
SLOTS
100
AcDbCircle
 10
5.159235313164834
 20
22.984058603886442
 30
0.0
 40
0.125
100
AcDbArc
 50
92.39865484377536
 51
272.3986548437754
  0
LINE
  5
1F9
330
17
100
AcDbEntity
  8
SLOTS
100
AcDbLine
 10
28.350715922945525
 20
15.597783796937403
 30
0.0
 11
30.22381765786907
 21
15.309307669345014
 31
0.0
  0
LINE
  5
1FA
330
17
100
AcDbEntity
  8
SLOTS
100
AcDbLine
 10
30.185763848985182
 20
15.062220827061925
 30
0.0
 11
28.312662114061638
 21
15.350696954654314
 31
0.0
  0
ARC
  5
1FB
330
17
100
AcDbEntity
  8
SLOTS
100
AcDbCircle
 10
30.204790753427126
 20
15.18576424820347
 30
0.0
 40
0.125
100
AcDbArc
 50
-98.75532458765798
 51
81.24467541234202
  0
ARC
  5
1FC
330
17
100
AcDbEntity
  8
SLOTS
100
AcDbCircle
 10
28.33168901850358
 20
15.474240375795858
 30
0.0
 40
0.125
100
AcDbArc
 50
81.24467541234202
 51
261.244675412342
  0
LINE
  5
1FD
330
17
100
AcDbEntity
  8
SLOTS
100
AcDbLine
 10
28.373194724113496
 20
16.353164351692214
 30
0.0
 11
30.69695938276254
 21
15.995281692323214
 31
0.0
  0
LINE
  5
1FE
330
17
100
AcDbEntity
  8
SLOTS
100
AcDbLine
 10
30.658905573878652
 20
15.748194850040125
 30
0.0
 11
28.33514091522961
 21
16.106077509409126
 31
0.0
  0
ARC
  5
1FF
330
17
100
AcDbEntity
  8
SLOTS
100
AcDbCircle
 10
30.677932478320596
 20
15.87173827118167
 30
0.0
 40
0.125
100
AcDbArc
 50
-98.75532458765798
 51
81.24467541234202
  0
ARC
  5
200
330
17
100
AcDbEntity
  8
SLOTS
100
AcDbCircle
 10
28.354167819671552
 20
16.22962093055067
 30
0.0
 40
0.125
100
AcDbArc
 50
81.24467541234202
 51
261.244675412342
  0
LINE
  5
201
330
17
100
AcDbEntity
  8
SLOTS
100
AcDbLine
 10
28.395673525281463
 20
17.108544906447026
 30
0.0
 11
31.170101107656006
 21
16.681255715301415
 31
0.0
  0
LINE
  5
202
330
17
100
AcDbEntity
  8
SLOTS
100
AcDbLine
 10
31.132047298772118
 20
16.434168873018326
 30
0.0
 11
28.357619716397576
 21
16.861458064163937
 31
0.0
  0
ARC
  5
203
330
17
100
AcDbEntity
  8
SLOTS
100
AcDbCircle
 10
31.151074203214062
 20
16.55771229415987
 30
0.0
 40
0.125
100
AcDbArc
 50
-98.75532458765798
 51
81.24467541234202
  0
ARC
  5
204
330
17
100
AcDbEntity
  8
SLOTS
100
AcDbCircle
 10
28.37664662083952
 20
16.98500148530548
 30
0.0
 40
0.125
100
AcDbArc
 50
81.24467541234202
 51
261.244675412342
  0
LINE
  5
205
330
17
100
AcDbEntity
  8
SLOTS
100
AcDbLine
 10
28.418152326449434
 20
17.863925461201838
 30
0.0
 11
31.643242832549472
 21
17.367229738279615
 31
0.0
  0
LINE
  5
206
330
17
100
AcDbEntity
  8
SLOTS
100
AcDbLine
 10
31.605189023665584
 20
17.120142895996526
 30
0.0
 11
28.380098517565546
 21
17.61683861891875
 31
0.0
  0
ARC
  5
207
330
17
100
AcDbEntity
  8
SLOTS
100
AcDbCircle
 10
31.624215928107528
 20
17.24368631713807
 30
0.0
 40
0.125
100
AcDbArc
 50
-98.75532458765798
 51
81.24467541234202
  0
ARC
  5
208
330
17
100
AcDbEntity
  8
SLOTS
100
AcDbCircle
 10
28.39912542200749
 20
17.740382040060293
 30
0.0
 40
0.125
100
AcDbArc
 50
81.24467541234202
 51
261.244675412342
  0
LINE
  5
209
330
17
100
AcDbEntity
  8
SLOTS
100
AcDbLine
 10
28.440631127617404
 20
18.61930601595665
 30
0.0
 11
32.11638455744294
 21
18.053203761257816
 31
0.0
  0
LINE
  5
20A
330
17
100
AcDbEntity
  8
SLOTS
100
AcDbLine
 10
32.078330748559054
 20
17.806116918974727
 30
0.0
 11
28.402577318733517
 21
18.37221917367356
 31
0.0
  0
ARC
  5
20B
330
17
100
AcDbEntity
  8
SLOTS
100
AcDbCircle
 10
32.097357653001
 20
17.92966034011627
 30
0.0
 40
0.125
100
AcDbArc
 50
-98.75532458765798
 51
81.24467541234202
  0
ARC
  5
20C
330
17
100
AcDbEntity
  8
SLOTS
100
AcDbCircle
 10
28.42160422317546
 20
18.495762594815105
 30
0.0
 40
0.125
100
AcDbArc
 50
81.24467541234202
 51
261.244675412342
  0
LINE
  5
20D
330
17
100
AcDbEntity
  8
SLOTS
100
AcDbLine
 10
28.46310992878537
 20
19.37468657071146
 30
0.0
 11
32.58952628233641
 21
18.73917778423602
 31
0.0
  0
LINE
  5
20E
330
17
100
AcDbEntity
  8
SLOTS
100
AcDbLine
 10
32.55147247345252
 20
18.49209094195293
 30
0.0
 11
28.425056119901484
 21
19.127599728428372
 31
0.0
  0
ARC
  5
20F
330
17
100
AcDbEntity
  8
SLOTS
100
AcDbCircle
 10
32.570499377894464
 20
18.615634363094475
 30
0.0
 40
0.125
100
AcDbArc
 50
-98.75532458765794
 51
81.24467541234206
  0
ARC
  5
210
330
17
100
AcDbEntity
  8
SLOTS
100
AcDbCircle
 10
28.444083024343428
 20
19.251143149569916
 30
0.0
 40
0.125
100
AcDbArc
 50
81.24467541234206
 51
261.2446754123421
  0
LINE
  5
211
330
17
100
AcDbEntity
  8
SLOTS
100
AcDbLine
 10
28.485588729953342
 20
20.130067125466272
 30
0.0
 11
29.13411182879706
 21
20.03018817670416
 31
0.0
  0
LINE
  5
212
330
17
100
AcDbEntity
  8
SLOTS
100
AcDbLine
 10
29.096058019913173
 20
19.783101334421072
 30
0.0
 11
28.447534921069455
 21
19.882980283183183
 31
0.0
  0
ARC
  5
213
330
17
100
AcDbEntity
  8
SLOTS
100
AcDbCircle
 10
29.115084924355116
 20
19.906644755562617
 30
0.0
 40
0.125
100
AcDbArc
 50
-98.75532458765788
 51
81.24467541234212
  0
ARC
  5
214
330
17
100
AcDbEntity
  8
SLOTS
100
AcDbCircle
 10
28.4665618255114
 20
20.006523704324728
 30
0.0
 40
0.125
100
AcDbArc
 50
81.24467541234212
 51
261.24467541234213
  0
LINE
  5
215
330
17
100
AcDbEntity
  8
SLOTS
100
AcDbLine
 10
30.5727335618165
 20
11.284630151682325
 30
0.0
 11
30.653900722524284
 21
11.71661618464885
 31
0.0
  0
LINE
  5
216
330
17
100
AcDbEntity
  8
SLOTS
100
AcDbLine
 10
30.89960126045164
 20
11.67045076834826
 30
0.0
 11
30.818434099743854
 21
11.238464735381736
 31
0.0
  0
ARC
  5
217
330
17
100
AcDbEntity
  8
SLOTS
100
AcDbCircle
 10
30.776750991487962
 20
11.693533476498555
 30
0.0
 40
0.125
100
AcDbArc
 50
-10.641407386615384
 51
169.35859261338462
  0
ARC
  5
218
330
17
100
AcDbEntity
  8
SLOTS
100
AcDbCircle
 10
30.695583830780176
 20
11.26154744353203
 30
0.0
 40
0.125
100
AcDbArc
 50
169.35859261338462
 51
349.35859261338464
  0
LINE
  5
219
330
17
100
AcDbEntity
  8
SLOTS
100
AcDbLine
 10
29.792983550475018
 20
11.196144060516847
 30
0.0
 11
30.078414873892807
 21
12.715260215528652
 31
0.0
  0
LINE
  5
21A
330
17
100
AcDbEntity
  8
SLOTS
100
AcDbLine
 10
30.324115411820163
 20
12.669094799228063
 30
0.0
 11
30.038684088402373
 21
11.149978644216258
 31
0.0
  0
ARC
  5
21B
330
17
100
AcDbEntity
  8
SLOTS
100
AcDbCircle
 10
30.201265142856485
 20
12.692177507378357
 30
0.0
 40
0.125
100
AcDbArc
 50
-10.641407386615327
 51
169.35859261338467
  0
ARC
  5
21C
330
17
100
AcDbEntity
  8
SLOTS
100
AcDbCircle
 10
29.915833819438696
 20
11.173061352366553
 30
0.0
 40
0.125
100
AcDbArc
 50
169.35859261338467
 51
349.35859261338464
  0
LINE
  5
21D
330
17
100
AcDbEntity
  8
SLOTS
100
AcDbLine
 10
29.013233539133534
 20
11.107657969351367
 30
0.0
 11
29.50292902526133
 21
13.71390424640846
 31
0.0
  0
LINE
  5
21E
330
17
100
AcDbEntity
  8
SLOTS
100
AcDbLine
 10
29.748629563188686
 20
13.66773883010787
 30
0.0
 11
29.25893407706089
 21
11.061492553050778
 31
0.0
  0
ARC
  5
21F
330
17
100
AcDbEntity
  8
SLOTS
100
AcDbCircle
 10
29.62577929422501
 20
13.690821538258165
 30
0.0
 40
0.125
100
AcDbArc
 50
-10.64140738661537
 51
169.35859261338464
  0
ARC
  5
220
330
17
100
AcDbEntity
  8
SLOTS
100
AcDbCircle
 10
29.13608380809721
 20
11.084575261201072
 30
0.0
 40
0.125
100
AcDbArc
 50
169.35859261338464
 51
349.35859261338464
  0
LINE
  5
221
330
17
100
AcDbEntity
  8
SLOTS
100
AcDbLine
 10
28.23348352779205
 20
11.019171878185889
 30
0.0
 11
28.81115192933322
 21
14.09362562248136
 31
0.0
  0
LINE
  5
222
330
17
100
AcDbEntity
  8
SLOTS
100
AcDbLine
 10
29.056852467260576
 20
14.047460206180771
 30
0.0
 11
28.479184065719405
 21
10.9730064618853
 31
0.0
  0
ARC
  5
223
330
17
100
AcDbEntity
  8
SLOTS
100
AcDbCircle
 10
28.9340021982969
 20
14.070542914331066
 30
0.0
 40
0.125
100
AcDbArc
 50
-10.641407386615384
 51
169.35859261338462
  0
ARC
  5
224
330
17
100
AcDbEntity
  8
SLOTS
100
AcDbCircle
 10
28.356333796755727
 20
10.996089170035594
 30
0.0
 40
0.125
100
AcDbArc
 50
169.35859261338462
 51
349.35859261338464
  0
LINE
  5
225
330
17
100
AcDbEntity
  8
SLOTS
100
AcDbLine
 10
27.45373351645057
 20
10.930685787020408
 30
0.0
 11
28.1128181020627
 21
14.438450910812154
 31
0.0
  0
LINE
  5
226
330
17
100
AcDbEntity
  8
SLOTS
100
AcDbLine
 10
28.358518639990056
 20
14.392285494511565
 30
0.0
 11
27.699434054377924
 21
10.88452037071982
 31
0.0
  0
ARC
  5
227
330
17
100
AcDbEntity
  8
SLOTS
100
AcDbCircle
 10
28.235668371026378
 20
14.41536820266186
 30
0.0
 40
0.125
100
AcDbArc
 50
-10.641407386615384
 51
169.35859261338462
  0
ARC
  5
228
330
17
100
AcDbEntity
  8
SLOTS
100
AcDbCircle
 10
27.576583785414247
 20
10.907603078870114
 30
0.0
 40
0.125
100
AcDbArc
 50
169.35859261338462
 51
349.35859261338464
  0
LINE
  5
229
330
17
100
AcDbEntity
  8
SLOTS
100
AcDbLine
 10
26.67398350510909
 20
10.84219969585493
 30
0.0
 11
27.386100235709463
 21
14.632211306198707
 31
0.0
  0
LINE
  5
22A
330
17
100
AcDbEntity
  8
SLOTS
100
AcDbLine
 10
27.63180077363682
 20
14.586045889898118
 30
0.0
 11
26.919684043036444
 21
10.796034279554341
 31
0.0
  0
ARC
  5
22B
330
17
100
AcDbEntity
  8
SLOTS
100
AcDbCircle
 10
27.50895050467314
 20
14.609128598048413
 30
0.0
 40
0.125
100
AcDbArc
 50
-10.641407386615398
 51
169.3585926133846
  0
ARC
  5
22C
330
17
100
AcDbEntity
  8
SLOTS
100
AcDbCircle
 10
26.796833774072766
 20
10.819116987704636
 30
0.0
 40
0.125
100
AcDbArc
 50
169.3585926133846
 51
349.3585926133846
  0
LINE
  5
22D
330
17
100
AcDbEntity
  8
SLOTS
100
AcDbLine
 10
25.894233493767604
 20
10.75371360468945
 30
0.0
 11
26.624776102239025
 21
14.64179100686368
 31
0.0
  0
LINE
  5
22E
330
17
100
AcDbEntity
  8
SLOTS
100
AcDbLine
 10
26.87047664016638
 20
14.595625590563092
 30
0.0
 11
26.13993403169496
 21
10.707548188388861
 31
0.0
  0
ARC
  5
22F
330
17
100
AcDbEntity
  8
SLOTS
100
AcDbCircle
 10
26.747626371202703
 20
14.618708298713386
 30
0.0
 40
0.125
100
AcDbArc
 50
-10.641407386615398
 51
169.3585926133846
  0
ARC
  5
230
330
17
100
AcDbEntity
  8
SLOTS
100
AcDbCircle
 10
26.017083762731282
 20
10.730630896539155
 30
0.0
 40
0.125
100
AcDbArc
 50
169.3585926133846
 51
349.3585926133846
  0
LINE
  5
231
330
17
100
AcDbEntity
  8
SLOTS
100
AcDbLine
 10
25.11448348242612
 20
10.665227513523972
 30
0.0
 11
25.811175242559266
 21
14.373144693772389
 31
0.0
  0
LINE
  5
232
330
17
100
AcDbEntity
  8
SLOTS
100
AcDbLine
 10
26.05687578048662
 20
14.3269792774718
 30
0.0
 11
25.360184020353476
 21
10.619062097223383
 31
0.0
  0
ARC
  5
233
330
17
100
AcDbEntity
  8
SLOTS
100
AcDbCircle
 10
25.934025511522943
 20
14.350061985622094
 30
0.0
 40
0.125
100
AcDbArc
 50
-10.641407386615398
 51
169.3585926133846
  0
ARC
  5
234
330
17
100
AcDbEntity
  8
SLOTS
100
AcDbCircle
 10
25.237333751389798
 20
10.642144805373677
 30
0.0
 40
0.125
100
AcDbArc
 50
169.3585926133846
 51
349.3585926133846
  0
LINE
  5
235
330
17
100
AcDbEntity
  8
SLOTS
100
AcDbLine
 10
24.334733471084643
 20
10.576741422358491
 30
0.0
 11
24.99732648583971
 21
14.103179028644215
 31
0.0
  0
LINE
  5
236
330
17
100
AcDbEntity
  8
SLOTS
100
AcDbLine
 10
25.243027023767066
 20
14.057013612343626
 30
0.0
 11
24.580434009012
 21
10.530576006057903
 31
0.0
  0
ARC
  5
237
330
17
100
AcDbEntity
  8
SLOTS
100
AcDbCircle
 10
25.12017675480339
 20
14.08009632049392
 30
0.0
 40
0.125
100
AcDbArc
 50
-10.641407386615356
 51
169.35859261338464
  0
ARC
  5
238
330
17
100
AcDbEntity
  8
SLOTS
100
AcDbCircle
 10
24.45758374004832
 20
10.553658714208197
 30
0.0
 40
0.125
100
AcDbArc
 50
169.35859261338464
 51
349.35859261338464
  0
LINE
  5
239
330
17
100
AcDbEntity
  8
SLOTS
100
AcDbLine
 10
23.55498345974316
 20
10.488255331193013
 30
0.0
 11
24.183477729120153
 21
13.83321336351604
 31
0.0
  0
LINE
  5
23A
330
17
100
AcDbEntity
  8
SLOTS
100
AcDbLine
 10
24.429178267047508
 20
13.78704794721545
 30
0.0
 11
23.800683997670514
 21
10.442089914892424
 31
0.0
  0
ARC
  5
23B
330
17
100
AcDbEntity
  8
SLOTS
100
AcDbCircle
 10
24.30632799808383
 20
13.810130655365745
 30
0.0
 40
0.125
100
AcDbArc
 50
-10.641407386615384
 51
169.35859261338462
  0
ARC
  5
23C
330
17
100
AcDbEntity
  8
SLOTS
100
AcDbCircle
 10
23.677833728706837
 20
10.465172623042719
 30
0.0
 40
0.125
100
AcDbArc
 50
169.35859261338462
 51
349.35859261338464
  0
LINE
  5
23D
330
17
100
AcDbEntity
  8
SLOTS
100
AcDbLine
 10
22.775233448401675
 20
10.399769240027533
 30
0.0
 11
23.36962897240059
 21
13.563247698387864
 31
0.0
  0
LINE
  5
23E
330
17
100
AcDbEntity
  8
SLOTS
100
AcDbLine
 10
23.615329510327946
 20
13.517082282087275
 30
0.0
 11
23.02093398632903
 21
10.353603823726944
 31
0.0
  0
ARC
  5
23F
330
17
100
AcDbEntity
  8
SLOTS
100
AcDbCircle
 10
23.49247924136427
 20
13.54016499023757
 30
0.0
 40
0.125
100
AcDbArc
 50
-10.641407386615356
 51
169.35859261338464
  0
ARC
  5
240
330
17
100
AcDbEntity
  8
SLOTS
100
AcDbCircle
 10
22.898083717365353
 20
10.376686531877239
 30
0.0
 40
0.125
100
AcDbArc
 50
169.35859261338464
 51
349.35859261338464
  0
LINE
  5
241
330
17
100
AcDbEntity
  8
SLOTS
100
AcDbLine
 10
22.056916591198593
 20
10.638241296928983
 30
0.0
 11
22.278364878482453
 21
11.816828379399269
 31
0.0
  0
LINE
  5
242
330
17
100
AcDbEntity
  8
SLOTS
100
AcDbLine
 10
22.524065416409808
 20
11.77066296309868
 30
0.0
 11
22.30261712912595
 21
10.592075880628395
 31
0.0
  0
ARC
  5
243
330
17
100
AcDbEntity
  8
SLOTS
100
AcDbCircle
 10
22.40121514744613
 20
11.793745671248974
 30
0.0
 40
0.125
100
AcDbArc
 50
-10.64140738661537
 51
169.35859261338464
  0
ARC
  5
244
330
17
100
AcDbEntity
  8
SLOTS
100
AcDbCircle
 10
22.17976686016227
 20
10.615158588778689
 30
0.0
 40
0.125
100
AcDbArc
 50
169.35859261338464
 51
349.35859261338464
  0
LINE
  5
245
330
17
100
AcDbEntity
  8
SLOTS
100
AcDbLine
 10
33.599919972296675
 20
24.640919246393604
 30
0.0
 11
33.174916388507114
 21
21.707003477308653
 31
0.0
  0
LINE
  5
246
330
17
100
AcDbEntity
  8
SLOTS
100
AcDbLine
 10
32.92749882609591
 20
21.742844094079338
 30
0.0
 11
33.352502409885474
 21
24.67675986316429
 31
0.0
  0
ARC
  5
247
330
17
100
AcDbEntity
  8
SLOTS
100
AcDbCircle
 10
33.051207607301514
 20
21.724923785693996
 30
0.0
 40
0.125
100
AcDbArc
 50
-188.24246476490833
 51
-8.242464764908334
  0
ARC
  5
248
330
17
100
AcDbEntity
  8
SLOTS
100
AcDbCircle
 10
33.476211191091075
 20
24.658839554778947
 30
0.0
 40
0.125
100
AcDbArc
 50
-8.242464764908334
 51
171.75753523509167
  0
LINE
  5
249
330
17
100
AcDbEntity
  8
SLOTS
100
AcDbLine
 10
34.501823826152346
 20
25.635512985622757
 30
0.0
 11
33.81614444019483
 21
20.902080987097932
 31
0.0
  0
LINE
  5
24A
330
17
100
AcDbEntity
  8
SLOTS
100
AcDbLine
 10
33.56872687778363
 20
20.937921603868617
 30
0.0
 11
34.254406263741146
 21
25.67135360239344
 31
0.0
  0
ARC
  5
24B
330
17
100
AcDbEntity
  8
SLOTS
100
AcDbCircle
 10
33.69243565898923
 20
20.920001295483274
 30
0.0
 40
0.125
100
AcDbArc
 50
-188.24246476490833
 51
-8.242464764908334
  0
ARC
  5
24C
330
17
100
AcDbEntity
  8
SLOTS
100
AcDbCircle
 10
34.378115044946746
 20
25.6534332940081
 30
0.0
 40
0.125
100
AcDbArc
 50
-8.242464764908334
 51
171.75753523509167
  0
LINE
  5
24D
330
17
100
AcDbEntity
  8
SLOTS
100
AcDbLine
 10
34.9987087812056
 20
23.83415069225007
 30
0.0
 11
34.45737249188255
 21
20.097158496887214
 31
0.0
  0
LINE
  5
24E
330
17
100
AcDbEntity
  8
SLOTS
100
AcDbLine
 10
34.20995492947135
 20
20.1329991136579
 30
0.0
 11
34.7512912187944
 21
23.869991309020754
 31
0.0
  0
ARC
  5
24F
330
17
100
AcDbEntity
  8
SLOTS
100
AcDbCircle
 10
34.33366371067695
 20
20.115078805272557
 30
0.0
 40
0.125
100
AcDbArc
 50
-188.24246476490828
 51
-8.242464764908291
  0
ARC
  5
250
330
17
100
AcDbEntity
  8
SLOTS
100
AcDbCircle
 10
34.875
 20
23.852071000635412
 30
0.0
 40
0.125
100
AcDbArc
 50
-8.242464764908291
 51
171.75753523509172
  0
LINE
  5
251
330
17
100
AcDbEntity
  8
SLOTS
100
AcDbLine
 10
29.363426485499808
 20
21.88573156611635
 30
0.0
 11
28.87909403510446
 21
21.768174160415512
 31
0.0
  0
LINE
  5
252
330
17
100
AcDbEntity
  8
SLOTS
100
AcDbLine
 10
28.82012605570231
 20
22.011120198467644
 30
0.0
 11
29.30445850609766
 21
22.12867760416848
 31
0.0
  0
ARC
  5
253
330
17
100
AcDbEntity
  8
SLOTS
100
AcDbCircle
 10
28.849610045403384
 20
21.889647179441578
 30
0.0
 40
0.125
100
AcDbArc
 50
-256.3569751044381
 51
-76.3569751044381
  0
ARC
  5
254
330
17
100
AcDbEntity
  8
SLOTS
100
AcDbCircle
 10
29.333942495798734
 20
22.007204585142414
 30
0.0
 40
0.125
100
AcDbArc
 50
-76.3569751044381
 51
103.6430248955619
  0
LINE
  5
255
330
17
100
AcDbEntity
  8
SLOTS
100
AcDbLine
 10
31.70825697353321
 20
21.68309362859396
 30
0.0
 11
28.382837534980226
 21
20.87594622035339
 31
0.0
  0
LINE
  5
256
330
17
100
AcDbEntity
  8
SLOTS
100
AcDbLine
 10
28.323869555578078
 20
21.118892258405523
 30
0.0
 11
31.649288994131062
 21
21.92603966664609
 31
0.0
  0
ARC
  5
257
330
17
100
AcDbEntity
  8
SLOTS
100
AcDbCircle
 10
28.353353545279152
 20
20.997419239379457
 30
0.0
 40
0.125
100
AcDbArc
 50
-256.35697510443845
 51
-76.35697510443845
  0
ARC
  5
258
330
17
100
AcDbEntity
  8
SLOTS
100
AcDbCircle
 10
31.678772983832136
 20
21.804566647620025
 30
0.0
 40
0.125
100
AcDbArc
 50
-76.35697510443845
 51
103.64302489556155
  0
LINE
  5
259
330
17
100
AcDbEntity
  8
SLOTS
100
AcDbLine
 10
32.516829848754725
 20
21.10757450315426
 30
0.0
 11
29.645570778804657
 21
20.41066111838561
 31
0.0
  0
LINE
  5
25A
330
17
100
AcDbEntity
  8
SLOTS
100
AcDbLine
 10
29.58660279940251
 20
20.653607156437744
 30
0.0
 11
32.457861869352584
 21
21.350520541206393
 31
0.0
  0
ARC
  5
25B
330
17
100
AcDbEntity
  8
SLOTS
100
AcDbCircle
 10
29.616086789103583
 20
20.532134137411678
 30
0.0
 40
0.125
100
AcDbArc
 50
-256.35697510443845
 51
-76.35697510443845
  0
ARC
  5
25C
330
17
100
AcDbEntity
  8
SLOTS
100
AcDbCircle
 10
32.487345859053654
 20
21.229047522180327
 30
0.0
 40
0.125
100
AcDbArc
 50
-76.35697510443845
 51
103.64302489556155
  0
LINE
  5
25D
330
17
100
AcDbEntity
  8
SLOTS
100
AcDbLine
 10
33.0320332371594
 20
20.46084859453532
 30
0.0
 11
31.002331326020883
 21
19.968198368797403
 31
0.0
  0
LINE
  5
25E
330
17
100
AcDbEntity
  8
SLOTS
100
AcDbLine
 10
30.943363346618735
 20
20.211144406849535
 30
0.0
 11
32.97306525775726
 21
20.703794632587453
 31
0.0
  0
ARC
  5
25F
330
17
100
AcDbEntity
  8
SLOTS
100
AcDbCircle
 10
30.97284733631981
 20
20.08967138782347
 30
0.0
 40
0.125
100
AcDbArc
 50
-256.35697510443845
 51
-76.35697510443842
  0
ARC
  5
260
330
17
100
AcDbEntity
  8
SLOTS
100
AcDbCircle
 10
33.00254924745833
 20
20.582321613561387
 30
0.0
 40
0.125
100
AcDbArc
 50
-76.35697510443842
 51
103.64302489556158
  0
LINE
  5
261
330
17
100
AcDbEntity
  8
SLOTS
100
AcDbLine
 10
33.54723662556408
 20
19.81412268591638
 30
0.0
 11
32.359091873237105
 21
19.525735619209197
 31
0.0
  0
LINE
  5
262
330
17
100
AcDbEntity
  8
SLOTS
100
AcDbLine
 10
32.300123893834964
 20
19.76868165726133
 30
0.0
 11
33.48826864616194
 21
20.057068723968513
 31
0.0
  0
ARC
  5
263
330
17
100
AcDbEntity
  8
SLOTS
100
AcDbCircle
 10
32.329607883536035
 20
19.647208638235263
 30
0.0
 40
0.125
100
AcDbArc
 50
-256.3569751044385
 51
-76.3569751044385
  0
ARC
  5
264
330
17
100
AcDbEntity
  8
SLOTS
100
AcDbCircle
 10
33.51775263586301
 20
19.935595704942447
 30
0.0
 40
0.125
100
AcDbArc
 50
-76.3569751044385
 51
103.6430248955615
  0
LINE
  5
265
330
17
100
AcDbEntity
  8
SLOTS
100
AcDbLine
 10
22.860604613199687
 20
9.505701290708762
 30
0.0
 11
22.791329012970575
 21
9.45959356937014
 31
0.0
  0
LINE
  5
266
330
17
100
AcDbEntity
  8
SLOTS
100
AcDbLine
 10
22.652812096482418
 20
9.667711477889837
 30
0.0
 11
22.72208769671153
 21
9.713819199228459
 31
0.0
  0
ARC
  5
267
330
17
100
AcDbEntity
  8
SLOTS
100
AcDbCircle
 10
22.722070554726496
 20
9.563652523629989
 30
0.0
 40
0.125
100
AcDbArc
 50
-236.35347808633185
 51
-56.35347808633185
  0
ARC
  5
268
330
17
100
AcDbEntity
  8
SLOTS
100
AcDbCircle
 10
22.79134615495561
 20
9.60976024496861
 30
0.0
 40
0.125
100
AcDbArc
 50
-56.35347808633185
 51
123.64652191366815
  0
LINE
  5
269
330
17
100
AcDbEntity
  8
SLOTS
100
AcDbLine
 10
24.49246294035936
 20
9.690884698988265
 30
0.0
 11
23.939166998857047
 21
9.32262783792598
 31
0.0
  0
LINE
  5
26A
330
17
100
AcDbEntity
  8
SLOTS
100
AcDbLine
 10
23.80065008236889
 20
9.530745746445676
 30
0.0
 11
24.353946023871202
 21
9.899002607507962
 31
0.0
  0
ARC
  5
26B
330
17
100
AcDbEntity
  8
SLOTS
100
AcDbCircle
 10
23.86990854061297
 20
9.426686792185828
 30
0.0
 40
0.125
100
AcDbArc
 50
-236.35347808633244
 51
-56.353478086332444
  0
ARC
  5
26C
330
17
100
AcDbEntity
  8
SLOTS
100
AcDbCircle
 10
24.42320448211528
 20
9.794943653248113
 30
0.0
 40
0.125
100
AcDbArc
 50
-56.353478086332444
 51
123.64652191366756
  0
LINE
  5
26D
330
17
100
AcDbEntity
  8
SLOTS
100
AcDbLine
 10
26.12432126751904
 20
9.87606810726777
 30
0.0
 11
25.087004984743523
 21
9.185662106481818
 31
0.0
  0
LINE
  5
26E
330
17
100
AcDbEntity
  8
SLOTS
100
AcDbLine
 10
24.948488068255365
 20
9.393780015001514
 30
0.0
 11
25.985804351030882
 21
10.084186015787466
 31
0.0
  0
ARC
  5
26F
330
17
100
AcDbEntity
  8
SLOTS
100
AcDbCircle
 10
25.017746526499444
 20
9.289721060741666
 30
0.0
 40
0.125
100
AcDbArc
 50
-236.35347808633244
 51
-56.353478086332444
  0
ARC
  5
270
330
17
100
AcDbEntity
  8
SLOTS
100
AcDbCircle
 10
26.05506280927496
 20
9.980127061527618
 30
0.0
 40
0.125
100
AcDbArc
 50
-56.353478086332444
 51
123.64652191366756
  0
LINE
  5
271
330
17
100
AcDbEntity
  8
SLOTS
100
AcDbLine
 10
27.756179594678713
 20
10.061251515547273
 30
0.0
 11
26.234842970629998
 21
9.048696375037656
 31
0.0
  0
LINE
  5
272
330
17
100
AcDbEntity
  8
SLOTS
100
AcDbLine
 10
26.09632605414184
 20
9.256814283557352
 30
0.0
 11
27.617662678190555
 21
10.26936942406697
 31
0.0
  0
ARC
  5
273
330
17
100
AcDbEntity
  8
SLOTS
100
AcDbCircle
 10
26.16558451238592
 20
9.152755329297504
 30
0.0
 40
0.125
100
AcDbArc
 50
-236.35347808633236
 51
-56.35347808633236
  0
ARC
  5
274
330
17
100
AcDbEntity
  8
SLOTS
100
AcDbCircle
 10
27.686921136434634
 20
10.165310469807121
 30
0.0
 40
0.125
100
AcDbArc
 50
-56.35347808633236
 51
123.64652191366764
  0
LINE
  5
275
330
17
100
AcDbEntity
  8
SLOTS
100
AcDbLine
 10
29.388037921838386
 20
10.246434923826776
 30
0.0
 11
27.38268095651647
 21
8.911730643593495
 31
0.0
  0
LINE
  5
276
330
17
100
AcDbEntity
  8
SLOTS
100
AcDbLine
 10
27.244164040028313
 20
9.119848552113192
 30
0.0
 11
29.24952100535023
 21
10.454552832346472
 31
0.0
  0
ARC
  5
277
330
17
100
AcDbEntity
  8
SLOTS
100
AcDbCircle
 10
27.31342249827239
 20
9.015789597853344
 30
0.0
 40
0.125
100
AcDbArc
 50
-236.35347808633242
 51
-56.353478086332416
  0
ARC
  5
278
330
17
100
AcDbEntity
  8
SLOTS
100
AcDbCircle
 10
29.318779463594307
 20
10.350493878086624
 30
0.0
 40
0.125
100
AcDbArc
 50
-56.353478086332416
 51
123.64652191366758
  0
LINE
  5
279
330
17
100
AcDbEntity
  8
SLOTS
100
AcDbLine
 10
31.01989624899806
 20
10.43161833210628
 30
0.0
 11
28.530518942402946
 21
8.774764912149333
 31
0.0
  0
LINE
  5
27A
330
17
100
AcDbEntity
  8
SLOTS
100
AcDbLine
 10
28.39200202591479
 20
8.98288282066903
 30
0.0
 11
30.8813793325099
 21
10.639736240625977
 31
0.0
  0
ARC
  5
27B
330
17
100
AcDbEntity
  8
SLOTS
100
AcDbCircle
 10
28.461260484158867
 20
8.878823866409181
 30
0.0
 40
0.125
100
AcDbArc
 50
-236.35347808633233
 51
-56.35347808633233
  0
ARC
  5
27C
330
17
100
AcDbEntity
  8
SLOTS
100
AcDbCircle
 10
30.95063779075398
 20
10.535677286366129
 30
0.0
 40
0.125
100
AcDbArc
 50
-56.35347808633233
 51
123.64652191366767
  0
LINE
  5
27D
330
17
100
AcDbEntity
  8
SLOTS
100
AcDbLine
 10
31.19639379693373
 20
9.648158104911086
 30
0.0
 11
29.67835692828942
 21
8.637799180705171
 31
0.0
  0
LINE
  5
27E
330
17
100
AcDbEntity
  8
SLOTS
100
AcDbLine
 10
29.539840011801264
 20
8.845917089224868
 30
0.0
 11
31.057876880445573
 21
9.856276013430783
 31
0.0
  0
ARC
  5
27F
330
17
100
AcDbEntity
  8
SLOTS
100
AcDbCircle
 10
29.609098470045343
 20
8.74185813496502
 30
0.0
 40
0.125
100
AcDbArc
 50
-236.35347808633233
 51
-56.35347808633233
  0
ARC
  5
280
330
17
100
AcDbEntity
  8
SLOTS
100
AcDbCircle
 10
31.12713533868965
 20
9.752217059170935
 30
0.0
 40
0.125
100
AcDbArc
 50
-56.35347808633233
 51
123.64652191366767
  0
LINE
  5
281
330
17
100
AcDbEntity
  8
SLOTS
100
AcDbLine
 10
25.25039860358176
 20
8.385892717531098
 30
0.0
 11
22.682382968116517
 21
7.950398278998475
 31
0.0
  0
LINE
  5
282
330
17
100
AcDbEntity
  8
SLOTS
100
AcDbLine
 10
22.640583747049316
 20
8.196879160849736
 30
0.0
 11
25.20859938251456
 21
8.63237359938236
 31
0.0
  0
ARC
  5
283
330
17
100
AcDbEntity
  8
SLOTS
100
AcDbCircle
 10
22.661483357582917
 20
8.073638719924105
 30
0.0
 40
0.125
100
AcDbArc
 50
-260.3751202078651
 51
-80.37512020786511
  0
ARC
  5
284
330
17
100
AcDbEntity
  8
SLOTS
100
AcDbCircle
 10
25.22949899304816
 20
8.509133158456729
 30
0.0
 40
0.125
100
AcDbArc
 50
-80.37512020786511
 51
99.62487979213489
  0
LINE
  5
285
330
17
100
AcDbEntity
  8
SLOTS
100
AcDbLine
 10
27.883435624634043
 20
8.071705658083449
 30
0.0
 11
22.70036441363534
 21
7.192739558447709
 31
0.0
  0
LINE
  5
286
330
17
100
AcDbEntity
  8
SLOTS
100
AcDbLine
 10
22.65856519256814
 20
7.4392204402989695
 30
0.0
 11
27.84163640356684
 21
8.318186539934711
 31
0.0
  0
ARC
  5
287
330
17
100
AcDbEntity
  8
SLOTS
100
AcDbCircle
 10
22.67946480310174
 20
7.315979999373339
 30
0.0
 40
0.125
100
AcDbArc
 50
-260.3751202078651
 51
-80.37512020786511
  0
ARC
  5
288
330
17
100
AcDbEntity
  8
SLOTS
100
AcDbCircle
 10
27.862536014100442
 20
8.19494609900908
 30
0.0
 40
0.125
100
AcDbArc
 50
-80.37512020786511
 51
99.62487979213489
  0
LINE
  5
289
330
17
100
AcDbEntity
  8
SLOTS
100
AcDbLine
 10
30.056957617767335
 20
7.6795921887194405
 30
0.0
 11
22.718345859154162
 21
6.435080837896942
 31
0.0
  0
LINE
  5
28A
330
17
100
AcDbEntity
  8
SLOTS
100
AcDbLine
 10
22.67654663808696
 20
6.681561719748203
 30
0.0
 11
30.015158396700134
 21
7.926073070570701
 31
0.0
  0
ARC
  5
28B
330
17
100
AcDbEntity
  8
SLOTS
100
AcDbCircle
 10
22.69744624862056
 20
6.558321278822572
 30
0.0
 40
0.125
100
AcDbArc
 50
-260.37512020786517
 51
-80.37512020786514
  0
ARC
  5
28C
330
17
100
AcDbEntity
  8
SLOTS
100
AcDbCircle
 10
30.036058007233734
 20
7.802832629645071
 30
0.0
 40
0.125
100
AcDbArc
 50
-80.37512020786514
 51
99.62487979213486
  0
LINE
  5
28D
330
17
100
AcDbEntity
  8
SLOTS
100
AcDbLine
 10
29.742934303601935
 20
6.865630763305024
 30
0.0
 11
22.736327304672987
 21
5.677422117346175
 31
0.0
  0
LINE
  5
28E
330
17
100
AcDbEntity
  8
SLOTS
100
AcDbLine
 10
22.694528083605785
 20
5.923902999197436
 30
0.0
 11
29.701135082534734
 21
7.1121116451562845
 31
0.0
  0
ARC
  5
28F
330
17
100
AcDbEntity
  8
SLOTS
100
AcDbCircle
 10
22.715427694139386
 20
5.800662558271806
 30
0.0
 40
0.125
100
AcDbArc
 50
-260.3751202078651
 51
-80.37512020786511
  0
ARC
  5
290
330
17
100
AcDbEntity
  8
SLOTS
100
AcDbCircle
 10
29.722034693068334
 20
6.988871204230654
 30
0.0
 40
0.125
100
AcDbArc
 50
-80.37512020786511
 51
99.62487979213489
  0
LINE
  5
291
330
17
100
AcDbEntity
  8
SLOTS
100
AcDbLine
 10
29.428910989436535
 20
6.051669337890608
 30
0.0
 11
26.97934153675937
 21
5.636261480279554
 31
0.0
  0
LINE
  5
292
330
17
100
AcDbEntity
  8
SLOTS
100
AcDbLine
 10
26.93754231569217
 20
5.882742362130815
 30
0.0
 11
29.387111768369333
 21
6.298150219741869
 31
0.0
  0
ARC
  5
293
330
17
100
AcDbEntity
  8
SLOTS
100
AcDbCircle
 10
26.95844192622577
 20
5.759501921205184
 30
0.0
 40
0.125
100
AcDbArc
 50
-260.3751202078651
 51
-80.37512020786511
  0
ARC
  5
294
330
17
100
AcDbEntity
  8
SLOTS
100
AcDbCircle
 10
29.408011378902934
 20
6.174909778816239
 30
0.0
 40
0.125
100
AcDbArc
 50
-80.37512020786511
 51
99.62487979213489
  0
LINE
  5
295
330
17
100
AcDbEntity
  8
SLOTS
100
AcDbLine
 10
5.549297297985555
 20
8.511277925700469
 30
0.0
 11
5.765058896597022
 21
8.09127849040022
 31
0.0
  0
LINE
  5
296
330
17
100
AcDbEntity
  8
SLOTS
100
AcDbLine
 10
5.5426856937726505
 20
7.9770411993537715
 30
0.0
 11
5.326924095161183
 21
8.397040634654019
 31
0.0
  0
ARC
  5
297
330
17
100
AcDbEntity
  8
SLOTS
100
AcDbCircle
 10
5.653872295184836
 20
8.034159844876996
 30
0.0
 40
0.125
100
AcDbArc
 50
-152.80958282167452
 51
27.190417178325475
  0
ARC
  5
298
330
17
100
AcDbEntity
  8
SLOTS
100
AcDbCircle
 10
5.438110696573369
 20
8.454159280177244
 30
0.0
 40
0.125
100
AcDbArc
 50
27.190417178325475
 51
207.19041717832548
  0
LINE
  5
299
330
17
100
AcDbEntity
  8
SLOTS
100
AcDbLine
 10
5.926581001921929
 20
9.418181559646953
 30
0.0
 11
6.799275460799591
 21
7.719402989794473
 31
0.0
  0
LINE
  5
29A
330
17
100
AcDbEntity
  8
SLOTS
100
AcDbLine
 10
6.576902257975219
 20
7.605165698748024
 30
0.0
 11
5.704207799097557
 21
9.303944268600503
 31
0.0
  0
ARC
  5
29B
330
17
100
AcDbEntity
  8
SLOTS
100
AcDbCircle
 10
6.688088859387405
 20
7.6622843442712485
 30
0.0
 40
0.125
100
AcDbArc
 50
-152.80958282167452
 51
27.190417178325475
  0
ARC
  5
29C
330
17
100
AcDbEntity
  8
SLOTS
100
AcDbCircle
 10
5.815394400509743
 20
9.361062914123728
 30
0.0
 40
0.125
100
AcDbArc
 50
27.190417178325475
 51
207.19041717832548
  0
LINE
  5
29D
330
17
100
AcDbEntity
  8
SLOTS
100
AcDbLine
 10
6.584174614786482
 20
9.779436643450369
 30
0.0
 11
7.833492025002162
 21
7.3475274891887254
 31
0.0
  0
LINE
  5
29E
330
17
100
AcDbEntity
  8
SLOTS
100
AcDbLine
 10
7.61111882217779
 20
7.233290198142277
 30
0.0
 11
6.3618014119621105
 21
9.665199352403919
 31
0.0
  0
ARC
  5
29F
330
17
100
AcDbEntity
  8
SLOTS
100
AcDbCircle
 10
7.722305423589976
 20
7.290408843665501
 30
0.0
 40
0.125
100
AcDbArc
 50
-152.80958282167452
 51
27.19041717832547
  0
ARC
  5
2A0
330
17
100
AcDbEntity
  8
SLOTS
100
AcDbCircle
 10
6.472988013374296
 20
9.722317997927144
 30
0.0
 40
0.125
100
AcDbArc
 50
27.19041717832547
 51
207.19041717832548
  0
LINE
  5
2A1
330
17
100
AcDbEntity
  8
SLOTS
100
AcDbLine
 10
7.2417682276510345
 20
10.140691727253783
 30
0.0
 11
8.867708589204732
 21
6.975651988582978
 31
0.0
  0
LINE
  5
2A2
330
17
100
AcDbEntity
  8
SLOTS
100
AcDbLine
 10
8.64533538638036
 20
6.86141469753653
 30
0.0
 11
7.019395024826663
 21
10.026454436207333
 31
0.0
  0
ARC
  5
2A3
330
17
100
AcDbEntity
  8
SLOTS
100
AcDbCircle
 10
8.756521987792546
 20
6.918533343059754
 30
0.0
 40
0.125
100
AcDbArc
 50
-152.80958282167452
 51
27.190417178325475
  0
ARC
  5
2A4
330
17
100
AcDbEntity
  8
SLOTS
100
AcDbCircle
 10
7.130581626238849
 20
10.083573081730558
 30
0.0
 40
0.125
100
AcDbArc
 50
27.190417178325475
 51
207.19041717832548
  0
LINE
  5
2A5
330
17
100
AcDbEntity
  8
SLOTS
100
AcDbLine
 10
7.899361840515586
 20
10.501946811057199
 30
0.0
 11
9.901925153407301
 21
6.603776487977231
 31
0.0
  0
LINE
  5
2A6
330
17
100
AcDbEntity
  8
SLOTS
100
AcDbLine
 10
9.67955195058293
 20
6.4895391969307825
 30
0.0
 11
7.676988637691214
 21
10.387709520010748
 31
0.0
  0
ARC
  5
2A7
330
17
100
AcDbEntity
  8
SLOTS
100
AcDbCircle
 10
9.790738551995116
 20
6.546657842454007
 30
0.0
 40
0.125
100
AcDbArc
 50
-152.80958282167452
 51
27.190417178325475
  0
ARC
  5
2A8
330
17
100
AcDbEntity
  8
SLOTS
100
AcDbCircle
 10
7.7881752391034
 20
10.444828165533973
 30
0.0
 40
0.125
100
AcDbArc
 50
27.190417178325475
 51
207.19041717832548
  0
LINE
  5
2A9
330
17
100
AcDbEntity
  8
SLOTS
100
AcDbLine
 10
8.556955453380137
 20
10.863201894860612
 30
0.0
 11
10.83077226410184
 21
6.437012143648001
 31
0.0
  0
LINE
  5
2AA
330
17
100
AcDbEntity
  8
SLOTS
100
AcDbLine
 10
10.608399061277469
 20
6.322774852601553
 30
0.0
 11
8.334582250555766
 21
10.748964603814162
 31
0.0
  0
ARC
  5
2AB
330
17
100
AcDbEntity
  8
SLOTS
100
AcDbCircle
 10
10.719585662689655
 20
6.379893498124777
 30
0.0
 40
0.125
100
AcDbArc
 50
-152.80958282167452
 51
27.190417178325475
  0
ARC
  5
2AC
330
17
100
AcDbEntity
  8
SLOTS
100
AcDbCircle
 10
8.445768851967951
 20
10.806083249337387
 30
0.0
 40
0.125
100
AcDbArc
 50
27.190417178325475
 51
207.19041717832548
  0
LINE
  5
2AD
330
17
100
AcDbEntity
  8
SLOTS
100
AcDbLine
 10
9.21454906624469
 20
11.224456978664026
 30
0.0
 11
11.650942852234023
 21
6.481796464142947
 31
0.0
  0
LINE
  5
2AE
330
17
100
AcDbEntity
  8
SLOTS
100
AcDbLine
 10
11.428569649409651
 20
6.367559173096499
 30
0.0
 11
8.992175863420318
 21
11.110219687617576
 31
0.0
  0
ARC
  5
2AF
330
17
100
AcDbEntity
  8
SLOTS
100
AcDbCircle
 10
11.539756250821837
 20
6.424677818619723
 30
0.0
 40
0.125
100
AcDbArc
 50
-152.8095828216745
 51
27.19041717832549
  0
ARC
  5
2B0
330
17
100
AcDbEntity
  8
SLOTS
100
AcDbCircle
 10
9.103362464832504
 20
11.167338333140801
 30
0.0
 40
0.125
100
AcDbArc
 50
27.19041717832549
 51
207.1904171783255
  0
LINE
  5
2B1
330
17
100
AcDbEntity
  8
SLOTS
100
AcDbLine
 10
9.872142679109242
 20
11.585712062467442
 30
0.0
 11
12.471113440366203
 21
6.526580784637893
 31
0.0
  0
LINE
  5
2B2
330
17
100
AcDbEntity
  8
SLOTS
100
AcDbLine
 10
12.248740237541831
 20
6.412343493591445
 30
0.0
 11
9.64976947628487
 21
11.471474771420992
 31
0.0
  0
ARC
  5
2B3
330
17
100
AcDbEntity
  8
SLOTS
100
AcDbCircle
 10
12.359926838954017
 20
6.469462139114669
 30
0.0
 40
0.125
100
AcDbArc
 50
-152.80958282167452
 51
27.19041717832547
  0
ARC
  5
2B4
330
17
100
AcDbEntity
  8
SLOTS
100
AcDbCircle
 10
9.760956077697056
 20
11.528593416944217
 30
0.0
 40
0.125
100
AcDbArc
 50
27.19041717832547
 51
207.19041717832548
  0
LINE
  5
2B5
330
17
100
AcDbEntity
  8
SLOTS
100
AcDbLine
 10
10.529736291973794
 20
11.946967146270856
 30
0.0
 11
13.256757735724285
 21
6.638573651794775
 31
0.0
  0
LINE
  5
2B6
330
17
100
AcDbEntity
  8
SLOTS
100
AcDbLine
 10
13.034384532899914
 20
6.524336360748326
 30
0.0
 11
10.307363089149423
 21
11.832729855224406
 31
0.0
  0
ARC
  5
2B7
330
17
100
AcDbEntity
  8
SLOTS
100
AcDbCircle
 10
13.1455711343121
 20
6.5814550062715504
 30
0.0
 40
0.125
100
AcDbArc
 50
-152.80958282167452
 51
27.190417178325475
  0
ARC
  5
2B8
330
17
100
AcDbEntity
  8
SLOTS
100
AcDbCircle
 10
10.418549690561608
 20
11.88984850074763
 30
0.0
 40
0.125
100
AcDbArc
 50
27.190417178325475
 51
207.19041717832548
  0
LINE
  5
2B9
330
17
100
AcDbEntity
  8
SLOTS
100
AcDbLine
 10
11.303869812201443
 20
12.081366776659758
 30
0.0
 11
13.441088017852342
 21
7.921078545280854
 31
0.0
  0
LINE
  5
2BA
330
17
100
AcDbEntity
  8
SLOTS
100
AcDbLine
 10
13.21871481502797
 20
7.8068412542344054
 30
0.0
 11
11.081496609377071
 21
11.967129485613308
 31
0.0
  0
ARC
  5
2BB
330
17
100
AcDbEntity
  8
SLOTS
100
AcDbCircle
 10
13.329901416440157
 20
7.86395989975763
 30
0.0
 40
0.125
100
AcDbArc
 50
-152.80958282167452
 51
27.190417178325475
  0
ARC
  5
2BC
330
17
100
AcDbEntity
  8
SLOTS
100
AcDbCircle
 10
11.192683210789257
 20
12.024248131136533
 30
0.0
 40
0.125
100
AcDbArc
 50
27.190417178325475
 51
207.19041717832548
  0
LINE
  5
2BD
330
17
100
AcDbEntity
  8
SLOTS
100
AcDbLine
 10
12.137572091627165
 20
12.099810438119366
 30
0.0
 11
13.6254182999804
 21
9.203583438766936
 31
0.0
  0
LINE
  5
2BE
330
17
100
AcDbEntity
  8
SLOTS
100
AcDbLine
 10
13.403045097156028
 20
9.089346147720486
 30
0.0
 11
11.915198888802793
 21
11.985573147072916
 31
0.0
  0
ARC
  5
2BF
330
17
100
AcDbEntity
  8
SLOTS
100
AcDbCircle
 10
13.514231698568214
 20
9.14646479324371
 30
0.0
 40
0.125
100
AcDbArc
 50
-152.80958282167455
 51
27.190417178325454
  0
ARC
  5
2C0
330
17
100
AcDbEntity
  8
SLOTS
100
AcDbCircle
 10
12.02638549021498
 20
12.042691792596141
 30
0.0
 40
0.125
100
AcDbArc
 50
27.190417178325454
 51
207.19041717832545
  0
LINE
  5
2C1
330
17
100
AcDbEntity
  8
SLOTS
100
AcDbLine
 10
5.313640235369655
 20
7.28473021975243
 30
0.0
 11
5.169154884793644
 21
7.179852321444527
 31
0.0
  0
LINE
  5
2C2
330
17
100
AcDbEntity
  8
SLOTS
100
AcDbLine
 10
5.022297351152969
 20
7.382171042310833
 30
0.0
 11
5.166782701728979
 21
7.4870489406187355
 31
0.0
  0
ARC
  5
2C3
330
17
100
AcDbEntity
  8
SLOTS
100
AcDbCircle
 10
5.095726117973307
 20
7.28101168187768
 30
0.0
 40
0.125
100
AcDbArc
 50
-234.0251459543215
 51
-54.02514595432149
  0
ARC
  5
2C4
330
17
100
AcDbEntity
  8
SLOTS
100
AcDbCircle
 10
5.240211468549317
 20
7.385889580185583
 30
0.0
 40
0.125
100
AcDbArc
 50
-54.02514595432149
 51
125.97485404567851
  0
LINE
  5
2C5
330
17
100
AcDbEntity
  8
SLOTS
100
AcDbLine
 10
6.167443146747556
 20
6.977726448900902
 30
0.0
 11
5.3679675390858606
 21
6.3974093361574775
 31
0.0
  0
LINE
  5
2C6
330
17
100
AcDbEntity
  8
SLOTS
100
AcDbLine
 10
5.221110005445185
 20
6.599728057023783
 30
0.0
 11
6.0205856131068805
 21
7.180045169767207
 31
0.0
  0
ARC
  5
2C7
330
17
100
AcDbEntity
  8
SLOTS
100
AcDbCircle
 10
5.294538772265523
 20
6.49856869659063
 30
0.0
 40
0.125
100
AcDbArc
 50
-234.02514595432154
 51
-54.025145954321545
  0
ARC
  5
2C8
330
17
100
AcDbEntity
  8
SLOTS
100
AcDbCircle
 10
6.094014379927218
 20
7.0788858093340545
 30
0.0
 40
0.125
100
AcDbArc
 50
-54.025145954321545
 51
125.97485404567846
  0
LINE
  5
2C9
330
17
100
AcDbEntity
  8
SLOTS
100
AcDbLine
 10
7.021246058125456
 20
6.670722678049374
 30
0.0
 11
5.566780193378076
 21
5.614966350870429
 31
0.0
  0
LINE
  5
2CA
330
17
100
AcDbEntity
  8
SLOTS
100
AcDbLine
 10
5.4199226597374
 20
5.817285071736734
 30
0.0
 11
6.874388524484781
 21
6.873041398915679
 31
0.0
  0
ARC
  5
2CB
330
17
100
AcDbEntity
  8
SLOTS
100
AcDbCircle
 10
5.493351426557738
 20
5.716125711303581
 30
0.0
 40
0.125
100
AcDbArc
 50
-234.0251459543216
 51
-54.0251459543216
  0
ARC
  5
2CC
330
17
100
AcDbEntity
  8
SLOTS
100
AcDbCircle
 10
6.947817291305118
 20
6.771882038482526
 30
0.0
 40
0.125
100
AcDbArc
 50
-54.0251459543216
 51
125.9748540456784
  0
LINE
  5
2CD
330
17
100
AcDbEntity
  8
SLOTS
100
AcDbLine
 10
7.875048969503356
 20
6.363718907197845
 30
0.0
 11
5.765592847670291
 21
4.832523365583379
 31
0.0
  0
LINE
  5
2CE
330
17
100
AcDbEntity
  8
SLOTS
100
AcDbLine
 10
5.618735314029616
 20
5.034842086449684
 30
0.0
 11
7.728191435862681
 21
6.566037628064151
 31
0.0
  0
ARC
  5
2CF
330
17
100
AcDbEntity
  8
SLOTS
100
AcDbCircle
 10
5.692164080849953
 20
4.9336827260165315
 30
0.0
 40
0.125
100
AcDbArc
 50
-234.02514595432157
 51
-54.02514595432157
  0
ARC
  5
2D0
330
17
100
AcDbEntity
  8
SLOTS
100
AcDbCircle
 10
7.801620202683019
 20
6.464878267630998
 30
0.0
 40
0.125
100
AcDbArc
 50
-54.02514595432157
 51
125.97485404567843
  0
LINE
  5
2D1
330
17
100
AcDbEntity
  8
SLOTS
100
AcDbLine
 10
8.728851880881255
 20
6.056715136346317
 30
0.0
 11
5.964405501962506
 21
4.05008038029633
 31
0.0
  0
LINE
  5
2D2
330
17
100
AcDbEntity
  8
SLOTS
100
AcDbLine
 10
5.817547968321831
 20
4.252399101162635
 30
0.0
 11
8.581994347240581
 21
6.259033857212622
 31
0.0
  0
ARC
  5
2D3
330
17
100
AcDbEntity
  8
SLOTS
100
AcDbCircle
 10
5.890976735142169
 20
4.1512397407294825
 30
0.0
 40
0.125
100
AcDbArc
 50
-234.02514595432157
 51
-54.02514595432157
  0
ARC
  5
2D4
330
17
100
AcDbEntity
  8
SLOTS
100
AcDbCircle
 10
8.655423114060918
 20
6.15787449677947
 30
0.0
 40
0.125
100
AcDbArc
 50
-54.02514595432157
 51
125.97485404567843
  0
LINE
  5
2D5
330
17
100
AcDbEntity
  8
SLOTS
100
AcDbLine
 10
9.582654792259156
 20
5.749711365494789
 30
0.0
 11
6.163218156254722
 21
3.267637395009281
 31
0.0
  0
LINE
  5
2D6
330
17
100
AcDbEntity
  8
SLOTS
100
AcDbLine
 10
6.016360622614046
 20
3.4699561158755863
 30
0.0
 11
9.435797258618479
 21
5.952030086361094
 31
0.0
  0
ARC
  5
2D7
330
17
100
AcDbEntity
  8
SLOTS
100
AcDbCircle
 10
6.089789389434384
 20
3.3687967554424336
 30
0.0
 40
0.125
100
AcDbArc
 50
-234.02514595432157
 51
-54.02514595432157
  0
ARC
  5
2D8
330
17
100
AcDbEntity
  8
SLOTS
100
AcDbCircle
 10
9.509226025438817
 20
5.850870725927941
 30
0.0
 40
0.125
100
AcDbArc
 50
-54.02514595432157
 51
125.97485404567843
  0
LINE
  5
2D9
330
17
100
AcDbEntity
  8
SLOTS
100
AcDbLine
 10
8.519758010282004
 20
4.05142858452156
 30
0.0
 11
6.499548326206293
 21
2.5850145504173243
 31
0.0
  0
LINE
  5
2DA
330
17
100
AcDbEntity
  8
SLOTS
100
AcDbLine
 10
6.3526907925656175
 20
2.7873332712836296
 30
0.0
 11
8.37290047664133
 21
4.253747305387865
 31
0.0
  0
ARC
  5
2DB
330
17
100
AcDbEntity
  8
SLOTS
100
AcDbCircle
 10
6.426119559385955
 20
2.686173910850477
 30
0.0
 40
0.125
100
AcDbArc
 50
-234.02514595432157
 51
-54.02514595432157
  0
ARC
  5
2DC
330
17
100
AcDbEntity
  8
SLOTS
100
AcDbCircle
 10
8.446329243461667
 20
4.152587944954712
 30
0.0
 40
0.125
100
AcDbArc
 50
-54.02514595432157
 51
125.97485404567843
  0
LINE
  5
2DD
330
17
100
AcDbEntity
  8
SLOTS
100
AcDbLine
 10
13.41354002711666
 20
4.346795673208954
 30
0.0
 11
12.938342788459535
 21
5.715375199432525
 31
0.0
  0
LINE
  5
2DE
330
17
100
AcDbEntity
  8
SLOTS
100
AcDbLine
 10
13.174511417640643
 20
5.797377507880012
 30
0.0
 11
13.649708656297769
 21
4.428797981656441
 31
0.0
  0
ARC
  5
2DF
330
17
100
AcDbEntity
  8
SLOTS
100
AcDbCircle
 10
13.056427103050089
 20
5.756376353656268
 30
0.0
 40
0.125
100
AcDbArc
 50
19.147988547876366
 51
199.14798854787637
  0
ARC
  5
2E0
330
17
100
AcDbEntity
  8
SLOTS
100
AcDbCircle
 10
13.531624341707214
 20
4.387796827432697
 30
0.0
 40
0.125
100
AcDbArc
 50
199.14798854787637
 51
379.14798854787637
  0
LINE
  5
2E1
330
17
100
AcDbEntity
  8
SLOTS
100
AcDbLine
 10
12.850036069973966
 20
3.6831796856379535
 30
0.0
 11
12.159190836264958
 21
5.672830646815964
 31
0.0
  0
LINE
  5
2E2
330
17
100
AcDbEntity
  8
SLOTS
100
AcDbLine
 10
12.395359465446067
 20
5.754832955263451
 30
0.0
 11
13.086204699155074
 21
3.7651819940854407
 31
0.0
  0
ARC
  5
2E3
330
17
100
AcDbEntity
  8
SLOTS
100
AcDbCircle
 10
12.277275150855512
 20
5.713831801039707
 30
0.0
 40
0.125
100
AcDbArc
 50
19.147988547876338
 51
199.14798854787634
  0
ARC
  5
2E4
330
17
100
AcDbEntity
  8
SLOTS
100
AcDbCircle
 10
12.96812038456452
 20
3.724180839861697
 30
0.0
 40
0.125
100
AcDbArc
 50
199.14798854787634
 51
379.14798854787637
  0
LINE
  5
2E5
330
17
100
AcDbEntity
  8
SLOTS
100
AcDbLine
 10
12.286532112831273
 20
3.019563698066955
 30
0.0
 11
11.380038884070382
 21
5.630286094199403
 31
0.0
  0
LINE
  5
2E6
330
17
100
AcDbEntity
  8
SLOTS
100
AcDbLine
 10
11.61620751325149
 20
5.71228840264689
 30
0.0
 11
12.52270074201238
 21
3.1015660065144424
 31
0.0
  0
ARC
  5
2E7
330
17
100
AcDbEntity
  8
SLOTS
100
AcDbCircle
 10
11.498123198660936
 20
5.6712872484231465
 30
0.0
 40
0.125
100
AcDbArc
 50
19.14798854787638
 51
199.14798854787637
  0
ARC
  5
2E8
330
17
100
AcDbEntity
  8
SLOTS
100
AcDbCircle
 10
12.404616427421827
 20
3.0605648522906987
 30
0.0
 40
0.125
100
AcDbArc
 50
199.14798854787637
 51
379.14798854787637
  0
LINE
  5
2E9
330
17
100
AcDbEntity
  8
SLOTS
100
AcDbLine
 10
11.72302815568858
 20
2.3559477104959554
 30
0.0
 11
10.600886931875806
 21
5.587741541582843
 31
0.0
  0
LINE
  5
2EA
330
17
100
AcDbEntity
  8
SLOTS
100
AcDbLine
 10
10.837055561056914
 20
5.66974385003033
 30
0.0
 11
11.959196784869688
 21
2.4379500189434427
 31
0.0
  0
ARC
  5
2EB
330
17
100
AcDbEntity
  8
SLOTS
100
AcDbCircle
 10
10.71897124646636
 20
5.6287426958065865
 30
0.0
 40
0.125
100
AcDbArc
 50
19.14798854787638
 51
199.14798854787637
  0
ARC
  5
2EC
330
17
100
AcDbEntity
  8
SLOTS
100
AcDbCircle
 10
11.841112470279134
 20
2.396948864719699
 30
0.0
 40
0.125
100
AcDbArc
 50
199.14798854787637
 51
379.14798854787637
  0
LINE
  5
2ED
330
17
100
AcDbEntity
  8
SLOTS
100
AcDbLine
 10
11.159524198545885
 20
1.6923317229249561
 30
0.0
 11
9.980626675937737
 21
5.087585065550851
 31
0.0
  0
LINE
  5
2EE
330
17
100
AcDbEntity
  8
SLOTS
100
AcDbLine
 10
10.216795305118845
 20
5.169587373998338
 30
0.0
 11
11.395692827726993
 21
1.774334031372443
 31
0.0
  0
ARC
  5
2EF
330
17
100
AcDbEntity
  8
SLOTS
100
AcDbCircle
 10
10.098710990528291
 20
5.128586219774594
 30
0.0
 40
0.125
100
AcDbArc
 50
19.147988547876352
 51
199.14798854787637
  0
ARC
  5
2F0
330
17
100
AcDbEntity
  8
SLOTS
100
AcDbCircle
 10
11.277608513136439
 20
1.7333328771486995
 30
0.0
 40
0.125
100
AcDbArc
 50
199.14798854787637
 51
379.14798854787637
  0
LINE
  5
2F1
330
17
100
AcDbEntity
  8
SLOTS
100
AcDbLine
 10
10.576824877952488
 20
1.0839988457762566
 30
0.0
 11
9.440726375853291
 21
4.355989975480838
 31
0.0
  0
LINE
  5
2F2
330
17
100
AcDbEntity
  8
SLOTS
100
AcDbLine
 10
9.6768950050344
 20
4.437992283928326
 30
0.0
 11
10.812993507133596
 21
1.1660011542237434
 31
0.0
  0
ARC
  5
2F3
330
17
100
AcDbEntity
  8
SLOTS
100
AcDbCircle
 10
9.558810690443845
 20
4.396991129704582
 30
0.0
 40
0.125
100
AcDbArc
 50
19.147988547876366
 51
199.14798854787637
  0
ARC
  5
2F4
330
17
100
AcDbEntity
  8
SLOTS
100
AcDbCircle
 10
10.694909192543042
 20
1.125
 30
0.0
 40
0.125
100
AcDbArc
 50
199.14798854787637
 51
379.14798854787637
  0
LINE
  5
2F5
330
17
100
AcDbEntity
  8
SLOTS
100
AcDbLine
 10
9.782900635557809
 20
1.0839988457762566
 30
0.0
 11
8.900826075768844
 21
3.624394885410825
 31
0.0
  0
LINE
  5
2F6
330
17
100
AcDbEntity
  8
SLOTS
100
AcDbLine
 10
9.136994704949952
 20
3.7063971938583125
 30
0.0
 11
10.019069264738917
 21
1.1660011542237434
 31
0.0
  0
ARC
  5
2F7
330
17
100
AcDbEntity
  8
SLOTS
100
AcDbCircle
 10
9.018910390359398
 20
3.665396039634569
 30
0.0
 40
0.125
100
AcDbArc
 50
19.14798854787638
 51
199.14798854787637
  0
ARC
  5
2F8
330
17
100
AcDbEntity
  8
SLOTS
100
AcDbCircle
 10
9.900984950148363
 20
1.125
 30
0.0
 40
0.125
100
AcDbArc
 50
199.14798854787637
 51
379.14798854787637
  0
LINE
  5
2F9
330
17
100
AcDbEntity
  8
SLOTS
100
AcDbLine
 10
8.988976393163131
 20
1.0839988457762566
 30
0.0
 11
8.360925775684398
 21
2.8927997953408138
 31
0.0
  0
LINE
  5
2FA
330
17
100
AcDbEntity
  8
SLOTS
100
AcDbLine
 10
8.597094404865507
 20
2.974802103788301
 30
0.0
 11
9.22514502234424
 21
1.1660011542237434
 31
0.0
  0
ARC
  5
2FB
330
17
100
AcDbEntity
  8
SLOTS
100
AcDbCircle
 10
8.479010090274953
 20
2.9338009495645574
 30
0.0
 40
0.125
100
AcDbArc
 50
19.14798854787638
 51
199.14798854787637
  0
ARC
  5
2FC
330
17
100
AcDbEntity
  8
SLOTS
100
AcDbCircle
 10
9.107060707753686
 20
1.125
 30
0.0
 40
0.125
100
AcDbArc
 50
199.14798854787637
 51
379.14798854787637
  0
LINE
  5
2FD
330
17
100
AcDbEntity
  8
SLOTS
100
AcDbLine
 10
8.195052150768452
 20
1.0839988457762566
 30
0.0
 11
7.821025475599954
 21
2.1612047052708014
 31
0.0
  0
LINE
  5
2FE
330
17
100
AcDbEntity
  8
SLOTS
100
AcDbLine
 10
8.057194104781061
 20
2.243207013718288
 30
0.0
 11
8.43122077994956
 21
1.1660011542237434
 31
0.0
  0
ARC
  5
2FF
330
17
100
AcDbEntity
  8
SLOTS
100
AcDbCircle
 10
7.939109790190507
 20
2.2022058594945446
 30
0.0
 40
0.125
100
AcDbArc
 50
19.147988547876338
 51
199.14798854787634
  0
ARC
  5
300
330
17
100
AcDbEntity
  8
SLOTS
100
AcDbCircle
 10
8.313136465359007
 20
1.125
 30
0.0
 40
0.125
100
AcDbArc
 50
199.14798854787634
 51
379.14798854787637
  0
LINE
  5
301
330
17
100
AcDbEntity
  8
SLOTS
100
AcDbLine
 10
5.868685144610037
 20
1.2188520204490814
 30
0.0
 11
6.407382969777999
 21
1.6927575938689543
 31
0.0
  0
LINE
  5
302
330
17
100
AcDbEntity
  8
SLOTS
100
AcDbLine
 10
6.572510777946403
 20
1.5050535529707916
 30
0.0
 11
6.03381295277844
 21
1.0311479795509186
 31
0.0
  0
ARC
  5
303
330
17
100
AcDbEntity
  8
SLOTS
100
AcDbCircle
 10
6.489946873862201
 20
1.598905573419873
 30
0.0
 40
0.125
100
AcDbArc
 50
-48.66112603785363
 51
131.33887396214638
  0
ARC
  5
304
330
17
100
AcDbEntity
  8
SLOTS
100
AcDbCircle
 10
5.951249048694239
 20
1.125
 30
0.0
 40
0.125
100
AcDbArc
 50
131.33887396214638
 51
311.33887396214635
  0
LINE
  5
305
330
17
100
AcDbEntity
  8
SLOTS
100
AcDbLine
 10
4.733201048504424
 20
1.2188520204490814
 30
0.0
 11
5.8573665618059705
 21
2.2078077527910636
 31
0.0
  0
LINE
  5
306
330
17
100
AcDbEntity
  8
SLOTS
100
AcDbLine
 10
6.022494369974374
 20
2.0201037118929004
 30
0.0
 11
4.898328856672827
 21
1.0311479795509186
 31
0.0
  0
ARC
  5
307
330
17
100
AcDbEntity
  8
SLOTS
100
AcDbCircle
 10
5.939930465890172
 20
2.113955732341982
 30
0.0
 40
0.125
100
AcDbArc
 50
-48.661126037853634
 51
131.33887396214635
  0
ARC
  5
308
330
17
100
AcDbEntity
  8
SLOTS
100
AcDbCircle
 10
4.8157649525886255
 20
1.125
 30
0.0
 40
0.125
100
AcDbArc
 50
131.33887396214635
 51
311.33887396214635
  0
LINE
  5
309
330
17
100
AcDbEntity
  8
SLOTS
100
AcDbLine
 10
3.597716952398811
 20
1.2188520204490814
 30
0.0
 11
4.383772332710129
 21
1.9103640487927331
 31
0.0
  0
LINE
  5
30A
330
17
100
AcDbEntity
  8
SLOTS
100
AcDbLine
 10
4.548900140878533
 20
1.7226600078945704
 30
0.0
 11
3.7628447605672135
 21
1.0311479795509186
 31
0.0
  0
ARC
  5
30B
330
17
100
AcDbEntity
  8
SLOTS
100
AcDbCircle
 10
4.466336236794331
 20
1.8165120283436518
 30
0.0
 40
0.125
100
AcDbArc
 50
-48.66112603785364
 51
131.33887396214635
  0
ARC
  5
30C
330
17
100
AcDbEntity
  8
SLOTS
100
AcDbCircle
 10
3.6802808564830123
 20
1.125
 30
0.0
 40
0.125
100
AcDbArc
 50
131.33887396214635
 51
311.33887396214635
  0
LINE
  5
30D
330
17
100
AcDbEntity
  8
SLOTS
100
AcDbLine
 10
2.3895071457170727
 20
2.744188316569085
 30
0.0
 11
1.2450274335285154
 21
2.9077695339699092
 31
0.0
  0
LINE
  5
30E
330
17
100
AcDbEntity
  8
SLOTS
100
AcDbLine
 10
1.2804005980654287
 20
3.1552543602333483
 30
0.0
 11
2.4248803102539855
 21
2.991673142832524
 31
0.0
  0
ARC
  5
30F
330
17
100
AcDbEntity
  8
SLOTS
100
AcDbCircle
 10
1.262714015796972
 20
3.0315119471016287
 30
0.0
 40
0.125
100
AcDbArc
 50
81.86577084989997
 51
261.86577084989995
  0
ARC
  5
310
330
17
100
AcDbEntity
  8
SLOTS
100
AcDbCircle
 10
2.407193727985529
 20
2.8679307297008045
 30
0.0
 40
0.125
100
AcDbArc
 50
261.86577084989995
 51
441.86577084989995
  0
LINE
  5
311
330
17
100
AcDbEntity
  8
SLOTS
100
AcDbLine
 10
3.2649018292676657
 20
1.861445388550438
 30
0.0
 11
1.1073134177315433
 21
2.1698308804470745
 31
0.0
  0
LINE
  5
312
330
17
100
AcDbEntity
  8
SLOTS
100
AcDbLine
 10
1.1426865822684567
 20
2.4173157067105135
 30
0.0
 11
3.3002749938045786
 21
2.108930214813877
 31
0.0
  0
ARC
  5
313
330
17
100
AcDbEntity
  8
SLOTS
100
AcDbCircle
 10
1.125
 20
2.293573293578794
 30
0.0
 40
0.125
100
AcDbArc
 50
81.86577084989997
 51
261.86577084989995
  0
ARC
  5
314
330
17
100
AcDbEntity
  8
SLOTS
100
AcDbCircle
 10
3.282588411536122
 20
1.9851878016821574
 30
0.0
 40
0.125
100
AcDbArc
 50
261.86577084989995
 51
441.86577084989995
  0
LINE
  5
315
330
17
100
AcDbEntity
  8
SLOTS
100
AcDbLine
 10
2.320072929524797
 20
1.2388681817112845
 30
0.0
 11
1.1073134177315433
 21
1.4122086745490336
 31
0.0
  0
LINE
  5
316
330
17
100
AcDbEntity
  8
SLOTS
100
AcDbLine
 10
1.1426865822684567
 20
1.6596935008124722
 30
0.0
 11
2.3554460940617097
 21
1.4863530079747231
 31
0.0
  0
ARC
  5
317
330
17
100
AcDbEntity
  8
SLOTS
100
AcDbCircle
 10
1.125
 20
1.535951087680753
 30
0.0
 40
0.125
100
AcDbArc
 50
81.86577084989997
 51
261.86577084989995
  0
ARC
  5
318
330
17
100
AcDbEntity
  8
SLOTS
100
AcDbCircle
 10
2.3377595117932533
 20
1.3626105948430038
 30
0.0
 40
0.125
100
AcDbArc
 50
261.86577084989995
 51
441.86577084989995
  0
LINE
  5
319
330
17
100
AcDbEntity
  8
SLOTS
100
AcDbLine
 10
1.8812602946825392
 20
15.134181156713247
 30
0.0
 11
3.950120993475251
 21
14.046310252056763
 31
0.0
  0
LINE
  5
31A
330
17
100
AcDbEntity
  8
SLOTS
100
AcDbLine
 10
3.8337684111469374
 20
13.825036492687214
 30
0.0
 11
1.7649077123542252
 21
14.912907397343698
 31
0.0
  0
ARC
  5
31B
330
17
100
AcDbEntity
  8
SLOTS
100
AcDbCircle
 10
3.8919447023110942
 20
13.935673372371989
 30
0.0
 40
0.125
100
AcDbArc
 50
-117.73678108846826
 51
62.26321891153174
  0
ARC
  5
31C
330
17
100
AcDbEntity
  8
SLOTS
100
AcDbCircle
 10
1.8230840035183822
 20
15.023544277028472
 30
0.0
 40
0.125
100
AcDbArc
 50
62.26321891153174
 51
242.26321891153174
  0
LINE
  5
31D
330
17
100
AcDbEntity
  8
SLOTS
100
AcDbLine
 10
2.3300678385409084
 20
15.745550908323601
 30
0.0
 11
4.725039834358515
 21
14.486200603473478
 31
0.0
  0
LINE
  5
31E
330
17
100
AcDbEntity
  8
SLOTS
100
AcDbLine
 10
4.608687252030201
 20
14.264926844103929
 30
0.0
 11
2.213715256212595
 21
15.524277148954052
 31
0.0
  0
ARC
  5
31F
330
17
100
AcDbEntity
  8
SLOTS
100
AcDbCircle
 10
4.666863543194358
 20
14.375563723788703
 30
0.0
 40
0.125
100
AcDbArc
 50
-117.73678108846823
 51
62.26321891153176
  0
ARC
  5
320
330
17
100
AcDbEntity
  8
SLOTS
100
AcDbCircle
 10
2.2718915473767516
 20
15.634914028638827
 30
0.0
 40
0.125
100
AcDbArc
 50
62.26321891153176
 51
242.26321891153177
  0
LINE
  5
321
330
17
100
AcDbEntity
  8
SLOTS
100
AcDbLine
 10
2.7788753823992782
 20
16.35692065993396
 30
0.0
 11
5.49995867524178
 21
14.926090954890192
 31
0.0
  0
LINE
  5
322
330
17
100
AcDbEntity
  8
SLOTS
100
AcDbLine
 10
5.383606092913466
 20
14.704817195520643
 30
0.0
 11
2.6625228000709646
 21
16.135646900564407
 31
0.0
  0
ARC
  5
323
330
17
100
AcDbEntity
  8
SLOTS
100
AcDbCircle
 10
5.441782384077623
 20
14.815454075205418
 30
0.0
 40
0.125
100
AcDbArc
 50
-117.73678108846825
 51
62.26321891153175
  0
ARC
  5
324
330
17
100
AcDbEntity
  8
SLOTS
100
AcDbCircle
 10
2.7206990912351214
 20
16.246283780249183
 30
0.0
 40
0.125
100
AcDbArc
 50
62.26321891153175
 51
242.26321891153174
  0
LINE
  5
325
330
17
100
AcDbEntity
  8
SLOTS
100
AcDbLine
 10
3.2276829262576476
 20
16.968290411544316
 30
0.0
 11
6.274877516125043
 21
15.365981306306907
 31
0.0
  0
LINE
  5
326
330
17
100
AcDbEntity
  8
SLOTS
100
AcDbLine
 10
6.158524933796729
 20
15.144707546937358
 30
0.0
 11
3.111330343929334
 21
16.747016652174764
 31
0.0
  0
ARC
  5
327
330
17
100
AcDbEntity
  8
SLOTS
100
AcDbCircle
 10
6.216701224960886
 20
15.255344426622132
 30
0.0
 40
0.125
100
AcDbArc
 50
-117.73678108846829
 51
62.26321891153171
  0
ARC
  5
328
330
17
100
AcDbEntity
  8
SLOTS
100
AcDbCircle
 10
3.169506635093491
 20
16.85765353185954
 30
0.0
 40
0.125
100
AcDbArc
 50
62.26321891153171
 51
242.2632189115317
  0
LINE
  5
329
330
17
100
AcDbEntity
  8
SLOTS
100
AcDbLine
 10
3.6764904701160175
 20
17.57966016315467
 30
0.0
 11
6.834027486146798
 21
15.919329599516319
 31
0.0
  0
LINE
  5
32A
330
17
100
AcDbEntity
  8
SLOTS
100
AcDbLine
 10
6.717674903818484
 20
15.69805584014677
 30
0.0
 11
3.560137887787704
 21
17.35838640378512
 31
0.0
  0
ARC
  5
32B
330
17
100
AcDbEntity
  8
SLOTS
100
AcDbCircle
 10
6.775851194982641
 20
15.808692719831544
 30
0.0
 40
0.125
100
AcDbArc
 50
-117.73678108846823
 51
62.263218911531766
  0
ARC
  5
32C
330
17
100
AcDbEntity
  8
SLOTS
100
AcDbCircle
 10
3.6183141789518607
 20
17.469023283469895
 30
0.0
 40
0.125
100
AcDbArc
 50
62.263218911531766
 51
242.26321891153177
  0
LINE
  5
32D
330
17
100
AcDbEntity
  8
SLOTS
100
AcDbLine
 10
4.125298013974387
 20
18.19102991476503
 30
0.0
 11
6.409488738448931
 21
16.989931826676187
 31
0.0
  0
LINE
  5
32E
330
17
100
AcDbEntity
  8
SLOTS
100
AcDbLine
 10
6.2931361561206165
 20
16.768658067306635
 30
0.0
 11
4.008945431646072
 21
17.969756155395476
 31
0.0
  0
ARC
  5
32F
330
17
100
AcDbEntity
  8
SLOTS
100
AcDbCircle
 10
6.351312447284774
 20
16.87929494699141
 30
0.0
 40
0.125
100
AcDbArc
 50
-117.73678108846826
 51
62.26321891153174
  0
ARC
  5
330
330
17
100
AcDbEntity
  8
SLOTS
100
AcDbCircle
 10
4.06712172281023
 20
18.080393035080252
 30
0.0
 40
0.125
100
AcDbArc
 50
62.26321891153174
 51
242.26321891153174
  0
LINE
  5
331
330
17
100
AcDbEntity
  8
SLOTS
100
AcDbLine
 10
4.574105557832757
 20
18.802399666375383
 30
0.0
 11
5.984949990751064
 21
18.060534053836054
 31
0.0
  0
LINE
  5
332
330
17
100
AcDbEntity
  8
SLOTS
100
AcDbLine
 10
5.868597408422749
 20
17.839260294466502
 30
0.0
 11
4.457752975504443
 21
18.58112590700583
 31
0.0
  0
ARC
  5
333
330
17
100
AcDbEntity
  8
SLOTS
100
AcDbCircle
 10
5.9267736995869065
 20
17.94989717415128
 30
0.0
 40
0.125
100
AcDbArc
 50
-117.73678108846822
 51
62.26321891153178
  0
ARC
  5
334
330
17
100
AcDbEntity
  8
SLOTS
100
AcDbCircle
 10
4.5159292666686
 20
18.691762786690607
 30
0.0
 40
0.125
100
AcDbArc
 50
62.26321891153178
 51
242.2632189115318
  0
LINE
  5
335
330
17
100
AcDbEntity
  8
SLOTS
100
AcDbLine
 10
5.022913101691127
 20
19.413769417985737
 30
0.0
 11
5.560411243053197
 21
19.131136280995914
 31
0.0
  0
LINE
  5
336
330
17
100
AcDbEntity
  8
SLOTS
100
AcDbLine
 10
5.444058660724883
 20
18.90986252162637
 30
0.0
 11
4.906560519362812
 21
19.192495658616192
 31
0.0
  0
ARC
  5
337
330
17
100
AcDbEntity
  8
SLOTS
100
AcDbCircle
 10
5.50223495188904
 20
19.02049940131114
 30
0.0
 40
0.125
100
AcDbArc
 50
-117.73678108846853
 51
62.26321891153147
  0
ARC
  5
338
330
17
100
AcDbEntity
  8
SLOTS
100
AcDbCircle
 10
4.964736810526969
 20
19.303132538300964
 30
0.0
 40
0.125
100
AcDbArc
 50
62.26321891153147
 51
242.26321891153148
  0
LINE
  5
339
330
17
100
AcDbEntity
  8
SLOTS
100
AcDbLine
 10
8.97449209590848
 20
12.083065206726348
 30
0.0
 11
9.534154641003283
 21
12.806474606731722
 31
0.0
  0
LINE
  5
33A
330
17
100
AcDbEntity
  8
SLOTS
100
AcDbLine
 10
9.731887997003692
 20
12.653499053374933
 30
0.0
 11
9.17222545190889
 21
11.930089653369558
 31
0.0
  0
ARC
  5
33B
330
17
100
AcDbEntity
  8
SLOTS
100
AcDbCircle
 10
9.633021319003488
 20
12.729986830053328
 30
0.0
 40
0.125
100
AcDbArc
 50
-37.727172832400235
 51
142.27282716759976
  0
ARC
  5
33C
330
17
100
AcDbEntity
  8
SLOTS
100
AcDbCircle
 10
9.073358773908685
 20
12.006577430047953
 30
0.0
 40
0.125
100
AcDbArc
 50
142.27282716759976
 51
322.27282716759976
  0
LINE
  5
33D
330
17
100
AcDbEntity
  8
SLOTS
100
AcDbLine
 10
7.325340625908046
 20
11.177088717836325
 30
0.0
 11
8.987538914338028
 21
13.325615320272094
 31
0.0
  0
LINE
  5
33E
330
17
100
AcDbEntity
  8
SLOTS
100
AcDbLine
 10
9.185272270338437
 20
13.172639766915305
 30
0.0
 11
7.523073981908453
 21
11.024113164479536
 31
0.0
  0
ARC
  5
33F
330
17
100
AcDbEntity
  8
SLOTS
100
AcDbCircle
 10
9.086405592338233
 20
13.2491275435937
 30
0.0
 40
0.125
100
AcDbArc
 50
-37.72717283240032
 51
142.27282716759967
  0
ARC
  5
340
330
17
100
AcDbEntity
  8
SLOTS
100
AcDbCircle
 10
7.42420730390825
 20
11.10060094115793
 30
0.0
 40
0.125
100
AcDbArc
 50
142.27282716759967
 51
322.2728271675997
  0
LINE
  5
341
330
17
100
AcDbEntity
  8
SLOTS
100
AcDbLine
 10
5.676189155907611
 20
10.271112228946304
 30
0.0
 11
8.440923187672771
 21
13.844756033812468
 31
0.0
  0
LINE
  5
342
330
17
100
AcDbEntity
  8
SLOTS
100
AcDbLine
 10
8.63865654367318
 20
13.691780480455678
 30
0.0
 11
5.8739225119080185
 21
10.118136675589515
 31
0.0
  0
ARC
  5
343
330
17
100
AcDbEntity
  8
SLOTS
100
AcDbCircle
 10
8.539789865672976
 20
13.768268257134073
 30
0.0
 40
0.125
100
AcDbArc
 50
-37.727172832400306
 51
142.2728271675997
  0
ARC
  5
344
330
17
100
AcDbEntity
  8
SLOTS
100
AcDbCircle
 10
5.775055833907815
 20
10.19462445226791
 30
0.0
 40
0.125
100
AcDbArc
 50
142.2728271675997
 51
322.2728271675997
  0
LINE
  5
345
330
17
100
AcDbEntity
  8
SLOTS
100
AcDbLine
 10
5.061290759441994
 20
10.701992033079783
 30
0.0
 11
7.894307461007516
 21
14.363896747352841
 31
0.0
  0
LINE
  5
346
330
17
100
AcDbEntity
  8
SLOTS
100
AcDbLine
 10
8.092040817007923
 20
14.210921193996052
 30
0.0
 11
5.259024115442402
 21
10.549016479722994
 31
0.0
  0
ARC
  5
347
330
17
100
AcDbEntity
  8
SLOTS
100
AcDbCircle
 10
7.99317413900772
 20
14.287408970674447
 30
0.0
 40
0.125
100
AcDbArc
 50
-37.7271728324003
 51
142.2728271675997
  0
ARC
  5
348
330
17
100
AcDbEntity
  8
SLOTS
100
AcDbCircle
 10
5.160157437442198
 20
10.625504256401388
 30
0.0
 40
0.125
100
AcDbArc
 50
142.2728271675997
 51
322.2728271675997
  0
LINE
  5
349
330
17
100
AcDbEntity
  8
SLOTS
100
AcDbLine
 10
4.66683823464736
 20
11.417816072193565
 30
0.0
 11
7.34769173434226
 21
14.883037460893215
 31
0.0
  0
LINE
  5
34A
330
17
100
AcDbEntity
  8
SLOTS
100
AcDbLine
 10
7.545425090342667
 20
14.730061907536426
 30
0.0
 11
4.864571590647767
 21
11.264840518836776
 31
0.0
  0
ARC
  5
34B
330
17
100
AcDbEntity
  8
SLOTS
100
AcDbCircle
 10
7.446558412342464
 20
14.80654968421482
 30
0.0
 40
0.125
100
AcDbArc
 50
-37.72717283240031
 51
142.2728271675997
  0
ARC
  5
34C
330
17
100
AcDbEntity
  8
SLOTS
100
AcDbCircle
 10
4.765704912647563
 20
11.34132829551517
 30
0.0
 40
0.125
100
AcDbArc
 50
142.2728271675997
 51
322.2728271675997
  0
LINE
  5
34D
330
17
100
AcDbEntity
  8
SLOTS
100
AcDbLine
 10
4.272385709852725
 20
12.133640111307345
 30
0.0
 11
6.049392315313392
 21
14.430565809710357
 31
0.0
  0
LINE
  5
34E
330
17
100
AcDbEntity
  8
SLOTS
100
AcDbLine
 10
6.2471256713138
 20
14.277590256353568
 30
0.0
 11
4.470119065853132
 21
11.980664557950556
 31
0.0
  0
ARC
  5
34F
330
17
100
AcDbEntity
  8
SLOTS
100
AcDbCircle
 10
6.148258993313596
 20
14.354078033031962
 30
0.0
 40
0.125
100
AcDbArc
 50
-37.7271728324003
 51
142.2728271675997
  0
ARC
  5
350
330
17
100
AcDbEntity
  8
SLOTS
100
AcDbCircle
 10
4.371252387852929
 20
12.05715233462895
 30
0.0
 40
0.125
100
AcDbArc
 50
142.2728271675997
 51
322.2728271675997
  0
LINE
  5
351
330
17
100
AcDbEntity
  8
SLOTS
100
AcDbLine
 10
3.8779331850580903
 20
12.849464150421127
 30
0.0
 11
4.358607828921551
 21
13.470775257913877
 31
0.0
  0
LINE
  5
352
330
17
100
AcDbEntity
  8
SLOTS
100
AcDbLine
 10
4.556341184921958
 20
13.317799704557087
 30
0.0
 11
4.0756665410584985
 21
12.696488597064338
 31
0.0
  0
ARC
  5
353
330
17
100
AcDbEntity
  8
SLOTS
100
AcDbCircle
 10
4.457474506921755
 20
13.394287481235482
 30
0.0
 40
0.125
100
AcDbArc
 50
-37.727172832400285
 51
142.2728271675997
  0
ARC
  5
354
330
17
100
AcDbEntity
  8
SLOTS
100
AcDbCircle
 10
3.9767998630582944
 20
12.772976373742733
 30
0.0
 40
0.125
100
AcDbArc
 50
142.2728271675997
 51
322.2728271675997
  0
LINE
  5
355
330
17
100
AcDbEntity
  8
SLOTS
100
AcDbLine
 10
8.500111144759732
 20
15.781022275852175
 30
0.0
 11
8.225939423408041
 21
15.158914717753442
 31
0.0
  0
LINE
  5
356
330
17
100
AcDbEntity
  8
SLOTS
100
AcDbLine
 10
7.997170947583828
 20
15.25973626539613
 30
0.0
 11
8.271342668935517
 21
15.881843823494863
 31
0.0
  0
ARC
  5
357
330
17
100
AcDbEntity
  8
SLOTS
100
AcDbCircle
 10
8.111555185495934
 20
15.209325491574786
 30
0.0
 40
0.125
100
AcDbArc
 50
-203.78377552426312
 51
-23.78377552426312
  0
ARC
  5
358
330
17
100
AcDbEntity
  8
SLOTS
100
AcDbCircle
 10
8.385726906847625
 20
15.83143304967352
 30
0.0
 40
0.125
100
AcDbArc
 50
-23.78377552426312
 51
156.21622447573688
  0
LINE
  5
359
330
17
100
AcDbEntity
  8
SLOTS
100
AcDbLine
 10
9.74745003599984
 20
16.751566958741307
 30
0.0
 11
8.803711658571372
 21
14.610183541911894
 31
0.0
  0
LINE
  5
35A
330
17
100
AcDbEntity
  8
SLOTS
100
AcDbLine
 10
8.574943182747157
 20
14.711005089554583
 30
0.0
 11
9.518681560175626
 21
16.852388506383996
 31
0.0
  0
ARC
  5
35B
330
17
100
AcDbEntity
  8
SLOTS
100
AcDbCircle
 10
8.689327420659264
 20
14.660594315733238
 30
0.0
 40
0.125
100
AcDbArc
 50
-203.78377552426315
 51
-23.78377552426315
  0
ARC
  5
35C
330
17
100
AcDbEntity
  8
SLOTS
100
AcDbCircle
 10
9.633065798087733
 20
16.80197773256265
 30
0.0
 40
0.125
100
AcDbArc
 50
-23.78377552426315
 51
156.21622447573685
  0
LINE
  5
35D
330
17
100
AcDbEntity
  8
SLOTS
100
AcDbLine
 10
10.391977571760004
 20
16.354306462806868
 30
0.0
 11
9.381483893734702
 21
14.061452366070348
 31
0.0
  0
LINE
  5
35E
330
17
100
AcDbEntity
  8
SLOTS
100
AcDbLine
 10
9.152715417910487
 20
14.162273913713037
 30
0.0
 11
10.16320909593579
 21
16.455128010449556
 31
0.0
  0
ARC
  5
35F
330
17
100
AcDbEntity
  8
SLOTS
100
AcDbCircle
 10
9.267099655822594
 20
14.111863139891692
 30
0.0
 40
0.125
100
AcDbArc
 50
-203.78377552426318
 51
-23.783775524263177
  0
ARC
  5
360
330
17
100
AcDbEntity
  8
SLOTS
100
AcDbCircle
 10
10.277593333847896
 20
16.404717236628212
 30
0.0
 40
0.125
100
AcDbArc
 50
-23.783775524263177
 51
156.21622447573682
  0
LINE
  5
361
330
17
100
AcDbEntity
  8
SLOTS
100
AcDbLine
 10
10.91019919193662
 20
15.670452352003178
 30
0.0
 11
9.959256128898032
 21
13.5127211902288
 31
0.0
  0
LINE
  5
362
330
17
100
AcDbEntity
  8
SLOTS
100
AcDbLine
 10
9.730487653073817
 20
13.613542737871489
 30
0.0
 11
10.681430716112406
 21
15.771273899645866
 31
0.0
  0
ARC
  5
363
330
17
100
AcDbEntity
  8
SLOTS
100
AcDbCircle
 10
9.844871890985925
 20
13.563131964050145
 30
0.0
 40
0.125
100
AcDbArc
 50
-203.7837755242632
 51
-23.783775524263206
  0
ARC
  5
364
330
17
100
AcDbEntity
  8
SLOTS
100
AcDbCircle
 10
10.795814954024513
 20
15.720863125824522
 30
0.0
 40
0.125
100
AcDbArc
 50
-23.783775524263206
 51
156.2162244757368
  0
LINE
  5
365
330
17
100
AcDbEntity
  8
SLOTS
100
AcDbLine
 10
11.428420812113234
 20
14.986598241199488
 30
0.0
 11
10.537028364061362
 21
12.963990014387253
 31
0.0
  0
LINE
  5
366
330
17
100
AcDbEntity
  8
SLOTS
100
AcDbLine
 10
10.308259888237147
 20
13.064811562029941
 30
0.0
 11
11.19965233628902
 21
15.087419788842176
 31
0.0
  0
ARC
  5
367
330
17
100
AcDbEntity
  8
SLOTS
100
AcDbCircle
 10
10.422644126149255
 20
13.014400788208597
 30
0.0
 40
0.125
100
AcDbArc
 50
-203.7837755242632
 51
-23.78377552426319
  0
ARC
  5
368
330
17
100
AcDbEntity
  8
SLOTS
100
AcDbCircle
 10
11.314036574201127
 20
15.037009015020832
 30
0.0
 40
0.125
100
AcDbArc
 50
-23.78377552426319
 51
156.2162244757368
  0
LINE
  5
369
330
17
100
AcDbEntity
  8
SLOTS
100
AcDbLine
 10
11.946642432289849
 20
14.302744130395798
 30
0.0
 11
11.250323208995246
 21
12.72276553331303
 31
0.0
  0
LINE
  5
36A
330
17
100
AcDbEntity
  8
SLOTS
100
AcDbLine
 10
11.021554733171032
 20
12.823587080955718
 30
0.0
 11
11.717873956465635
 21
14.403565678038486
 31
0.0
  0
ARC
  5
36B
330
17
100
AcDbEntity
  8
SLOTS
100
AcDbCircle
 10
11.135938971083139
 20
12.773176307134374
 30
0.0
 40
0.125
100
AcDbArc
 50
-203.78377552426315
 51
-23.783775524263163
  0
ARC
  5
36C
330
17
100
AcDbEntity
  8
SLOTS
100
AcDbCircle
 10
11.832258194377742
 20
14.353154904217142
 30
0.0
 40
0.125
100
AcDbArc
 50
-23.783775524263163
 51
156.21622447573685
  0
LINE
  5
36D
330
17
100
AcDbEntity
  8
SLOTS
100
AcDbLine
 10
12.464864052466465
 20
13.618890019592108
 30
0.0
 11
12.077998768775752
 21
12.74107586806886
 31
0.0
  0
LINE
  5
36E
330
17
100
AcDbEntity
  8
SLOTS
100
AcDbLine
 10
11.849230292951537
 20
12.841897415711548
 30
0.0
 11
12.236095576642251
 21
13.719711567234796
 31
0.0
  0
ARC
  5
36F
330
17
100
AcDbEntity
  8
SLOTS
100
AcDbCircle
 10
11.963614530863644
 20
12.791486641890204
 30
0.0
 40
0.125
100
AcDbArc
 50
-203.78377552426323
 51
-23.783775524263234
  0
ARC
  5
370
330
17
100
AcDbEntity
  8
SLOTS
100
AcDbCircle
 10
12.350479814554358
 20
13.669300793413452
 30
0.0
 40
0.125
100
AcDbArc
 50
-23.783775524263234
 51
156.21622447573677
  0
LINE
  5
371
330
17
100
AcDbEntity
  8
SLOTS
100
AcDbLine
 10
31.35949302116407
 20
29.472827066503413
 30
0.0
 11
30.22828713286871
 21
28.25122282779088
 31
0.0
  0
LINE
  5
372
330
17
100
AcDbEntity
  8
SLOTS
100
AcDbLine
 10
30.044853765460896
 20
28.421082180554958
 30
0.0
 11
31.176059653756255
 21
29.64268641926749
 31
0.0
  0
ARC
  5
373
330
17
100
AcDbEntity
  8
SLOTS
100
AcDbCircle
 10
30.136570449164804
 20
28.33615250417292
 30
0.0
 40
0.125
100
AcDbArc
 50
-222.79969598664266
 51
-42.79969598664266
  0
ARC
  5
374
330
17
100
AcDbEntity
  8
SLOTS
100
AcDbCircle
 10
31.267776337460162
 20
29.557756742885452
 30
0.0
 40
0.125
100
AcDbArc
 50
-42.79969598664266
 51
137.20030401335734
  0
LINE
  5
375
330
17
100
AcDbEntity
  8
SLOTS
100
AcDbLine
 10
32.67542990731189
 20
29.79007032361796
 30
0.0
 11
30.387574709226275
 21
27.31938515793736
 31
0.0
  0
LINE
  5
376
330
17
100
AcDbEntity
  8
SLOTS
100
AcDbLine
 10
30.20414134181846
 20
27.48924451070144
 30
0.0
 11
32.49199653990407
 21
29.95992967638204
 31
0.0
  0
ARC
  5
377
330
17
100
AcDbEntity
  8
SLOTS
100
AcDbCircle
 10
30.295858025522367
 20
27.4043148343194
 30
0.0
 40
0.125
100
AcDbArc
 50
-222.79969598664263
 51
-42.79969598664263
  0
ARC
  5
378
330
17
100
AcDbEntity
  8
SLOTS
100
AcDbCircle
 10
32.58371322360798
 20
29.875
 30
0.0
 40
0.125
100
AcDbArc
 50
-42.79969598664263
 51
137.20030401335737
  0
LINE
  5
379
330
17
100
AcDbEntity
  8
SLOTS
100
AcDbLine
 10
33.697599443038435
 20
29.79007032361796
 30
0.0
 11
30.546862285583835
 21
26.387547488083847
 31
0.0
  0
LINE
  5
37A
330
17
100
AcDbEntity
  8
SLOTS
100
AcDbLine
 10
30.363428918176027
 20
26.557406840847925
 30
0.0
 11
33.51416607563062
 21
29.95992967638204
 31
0.0
  0
ARC
  5
37B
330
17
100
AcDbEntity
  8
SLOTS
100
AcDbCircle
 10
30.45514560187993
 20
26.472477164465886
 30
0.0
 40
0.125
100
AcDbArc
 50
-222.7996959866427
 51
-42.79969598664269
  0
ARC
  5
37C
330
17
100
AcDbEntity
  8
SLOTS
100
AcDbCircle
 10
33.60588275933453
 20
29.875
 30
0.0
 40
0.125
100
AcDbArc
 50
-42.79969598664269
 51
137.2003040133573
  0
LINE
  5
37D
330
17
100
AcDbEntity
  8
SLOTS
100
AcDbLine
 10
34.71976897876498
 20
29.79007032361796
 30
0.0
 11
30.706149861941398
 21
25.45570981823033
 31
0.0
  0
LINE
  5
37E
330
17
100
AcDbEntity
  8
SLOTS
100
AcDbLine
 10
30.52271649453359
 20
25.625569170994407
 30
0.0
 11
34.53633561135717
 21
29.95992967638204
 31
0.0
  0
ARC
  5
37F
330
17
100
AcDbEntity
  8
SLOTS
100
AcDbCircle
 10
30.614433178237494
 20
25.540639494612368
 30
0.0
 40
0.125
100
AcDbArc
 50
-222.7996959866427
 51
-42.79969598664269
  0
ARC
  5
380
330
17
100
AcDbEntity
  8
SLOTS
100
AcDbCircle
 10
34.628052295061075
 20
29.875
 30
0.0
 40
0.125
100
AcDbArc
 50
-42.79969598664269
 51
137.2003040133573
  0
LINE
  5
381
330
17
100
AcDbEntity
  8
SLOTS
100
AcDbLine
 10
34.96671668370391
 20
28.95289798900457
 30
0.0
 11
31.154033152126246
 21
24.835530486556912
 31
0.0
  0
LINE
  5
382
330
17
100
AcDbEntity
  8
SLOTS
100
AcDbLine
 10
30.97059978471843
 20
25.00538983932099
 30
0.0
 11
34.78328331629609
 21
29.122757341768647
 31
0.0
  0
ARC
  5
383
330
17
100
AcDbEntity
  8
SLOTS
100
AcDbCircle
 10
31.06231646842234
 20
24.92046016293895
 30
0.0
 40
0.125
100
AcDbArc
 50
-222.79969598664266
 51
-42.79969598664266
  0
ARC
  5
384
330
17
100
AcDbEntity
  8
SLOTS
100
AcDbCircle
 10
34.875
 20
29.037827665386608
 30
0.0
 40
0.125
100
AcDbArc
 50
-42.79969598664266
 51
137.20030401335734
  0
LINE
  5
385
330
17
100
AcDbEntity
  8
SLOTS
100
AcDbLine
 10
34.96671668370391
 20
27.849043553267805
 30
0.0
 11
31.862348008215907
 21
24.496594656261728
 31
0.0
  0
LINE
  5
386
330
17
100
AcDbEntity
  8
SLOTS
100
AcDbLine
 10
31.67891464080809
 20
24.666454009025806
 30
0.0
 11
34.78328331629609
 21
28.018902906031883
 31
0.0
  0
ARC
  5
387
330
17
100
AcDbEntity
  8
SLOTS
100
AcDbCircle
 10
31.770631324512
 20
24.581524332643767
 30
0.0
 40
0.125
100
AcDbArc
 50
-222.79969598664266
 51
-42.79969598664266
  0
ARC
  5
388
330
17
100
AcDbEntity
  8
SLOTS
100
AcDbCircle
 10
34.875
 20
27.933973229649844
 30
0.0
 40
0.125
100
AcDbArc
 50
-42.79969598664266
 51
137.20030401335734
  0
LINE
  5
389
330
17
100
AcDbEntity
  8
SLOTS
100
AcDbLine
 10
27.19861229562973
 20
22.185184731467647
 30
0.0
 11
28.030879920225217
 21
23.50140096882294
 31
0.0
  0
LINE
  5
38A
330
17
100
AcDbEntity
  8
SLOTS
100
AcDbLine
 10
28.242181581767994
 20
23.36779105964977
 30
0.0
 11
27.409913957172506
 21
22.05157482229448
 31
0.0
  0
ARC
  5
38B
330
17
100
AcDbEntity
  8
SLOTS
100
AcDbCircle
 10
28.136530750996606
 20
23.434596014236355
 30
0.0
 40
0.125
100
AcDbArc
 50
-32.30591693263046
 51
147.69408306736955
  0
ARC
  5
38C
330
17
100
AcDbEntity
  8
SLOTS
100
AcDbCircle
 10
27.304263126401118
 20
22.118379776881063
 30
0.0
 40
0.125
100
AcDbArc
 50
147.69408306736955
 51
327.69408306736955
  0
LINE
  5
38D
330
17
100
AcDbEntity
  8
SLOTS
100
AcDbLine
 10
26.682411112097242
 20
22.77216089749133
 30
0.0
 11
27.67818942746313
 21
24.346966343189052
 31
0.0
  0
LINE
  5
38E
330
17
100
AcDbEntity
  8
SLOTS
100
AcDbLine
 10
27.889491089005908
 20
24.213356434015886
 30
0.0
 11
26.89371277364002
 21
22.638550988318162
 31
0.0
  0
ARC
  5
38F
330
17
100
AcDbEntity
  8
SLOTS
100
AcDbCircle
 10
27.78384025823452
 20
24.28016138860247
 30
0.0
 40
0.125
100
AcDbArc
 50
-32.30591693263043
 51
147.69408306736958
  0
ARC
  5
390
330
17
100
AcDbEntity
  8
SLOTS
100
AcDbCircle
 10
26.78806194286863
 20
22.705355942904745
 30
0.0
 40
0.125
100
AcDbArc
 50
147.69408306736958
 51
327.69408306736955
  0
LINE
  5
391
330
17
100
AcDbEntity
  8
SLOTS
100
AcDbLine
 10
26.166209928564754
 20
23.359137063515014
 30
0.0
 11
27.325498934701045
 21
25.19253171755517
 31
0.0
  0
LINE
  5
392
330
17
100
AcDbEntity
  8
SLOTS
100
AcDbLine
 10
27.536800596243822
 20
25.058921808382003
 30
0.0
 11
26.37751159010753
 21
23.225527154341847
 31
0.0
  0
ARC
  5
393
330
17
100
AcDbEntity
  8
SLOTS
100
AcDbCircle
 10
27.431149765472433
 20
25.125726762968586
 30
0.0
 40
0.125
100
AcDbArc
 50
-32.30591693263041
 51
147.6940830673696
  0
ARC
  5
394
330
17
100
AcDbEntity
  8
SLOTS
100
AcDbCircle
 10
26.271860759336143
 20
23.29233210892843
 30
0.0
 40
0.125
100
AcDbArc
 50
147.6940830673696
 51
327.6940830673696
  0
LINE
  5
395
330
17
100
AcDbEntity
  8
SLOTS
100
AcDbLine
 10
25.65000874503227
 20
23.9461132295387
 30
0.0
 11
26.972808441938962
 21
26.038097091921284
 31
0.0
  0
LINE
  5
396
330
17
100
AcDbEntity
  8
SLOTS
100
AcDbLine
 10
27.18411010348174
 20
25.904487182748117
 30
0.0
 11
25.861310406575047
 21
23.812503320365533
 31
0.0
  0
ARC
  5
397
330
17
100
AcDbEntity
  8
SLOTS
100
AcDbCircle
 10
27.07845927271035
 20
25.9712921373347
 30
0.0
 40
0.125
100
AcDbArc
 50
-32.305916932630446
 51
147.69408306736955
  0
ARC
  5
398
330
17
100
AcDbEntity
  8
SLOTS
100
AcDbCircle
 10
25.75565957580366
 20
23.879308274952116
 30
0.0
 40
0.125
100
AcDbArc
 50
147.69408306736955
 51
327.69408306736955
  0
LINE
  5
399
330
17
100
AcDbEntity
  8
SLOTS
100
AcDbLine
 10
25.179845413548794
 20
24.60589742823014
 30
0.0
 11
26.620117949176876
 21
26.883662466287394
 31
0.0
  0
LINE
  5
39A
330
17
100
AcDbEntity
  8
SLOTS
100
AcDbLine
 10
26.831419610719653
 20
26.750052557114227
 30
0.0
 11
25.39114707509157
 21
24.472287519056973
 31
0.0
  0
ARC
  5
39B
330
17
100
AcDbEntity
  8
SLOTS
100
AcDbCircle
 10
26.725768779948265
 20
26.81685751170081
 30
0.0
 40
0.125
100
AcDbArc
 50
-32.30591693263043
 51
147.69408306736958
  0
ARC
  5
39C
330
17
100
AcDbEntity
  8
SLOTS
100
AcDbCircle
 10
25.285496244320182
 20
24.539092473643557
 30
0.0
 40
0.125
100
AcDbArc
 50
147.69408306736958
 51
327.69408306736955
  0
LINE
  5
39D
330
17
100
AcDbEntity
  8
SLOTS
100
AcDbLine
 10
24.937332753378
 20
25.625707057650338
 30
0.0
 11
26.26742745641479
 21
27.72922784065351
 31
0.0
  0
LINE
  5
39E
330
17
100
AcDbEntity
  8
SLOTS
100
AcDbLine
 10
26.478729117957567
 20
27.595617931480344
 30
0.0
 11
25.148634414920778
 21
25.49209714847717
 31
0.0
  0
ARC
  5
39F
330
17
100
AcDbEntity
  8
SLOTS
100
AcDbCircle
 10
26.37307828718618
 20
27.662422886066928
 30
0.0
 40
0.125
100
AcDbArc
 50
-32.30591693263037
 51
147.69408306736963
  0
ARC
  5
3A0
330
17
100
AcDbEntity
  8
SLOTS
100
AcDbCircle
 10
25.04298358414939
 20
25.558902103063755
 30
0.0
 40
0.125
100
AcDbArc
 50
147.69408306736963
 51
327.69408306736966
  0
LINE
  5
3A1
330
17
100
AcDbEntity
  8
SLOTS
100
AcDbLine
 10
24.694820093207206
 20
26.64551668707054
 30
0.0
 11
25.436176872672768
 21
27.817959062538723
 31
0.0
  0
LINE
  5
3A2
330
17
100
AcDbEntity
  8
SLOTS
100
AcDbLine
 10
25.647478534215544
 20
27.684349153365556
 30
0.0
 11
24.906121754749982
 21
26.511906777897373
 31
0.0
  0
ARC
  5
3A3
330
17
100
AcDbEntity
  8
SLOTS
100
AcDbCircle
 10
25.541827703444156
 20
27.75115410795214
 30
0.0
 40
0.125
100
AcDbArc
 50
-32.30591693263054
 51
147.69408306736946
  0
ARC
  5
3A4
330
17
100
AcDbEntity
  8
SLOTS
100
AcDbCircle
 10
24.800470923978594
 20
26.578711732483956
 30
0.0
 40
0.125
100
AcDbArc
 50
147.69408306736946
 51
327.69408306736943
  0
LINE
  5
3A5
330
17
100
AcDbEntity
  8
SLOTS
100
AcDbLine
 10
29.752798575113182
 20
24.83607246688736
 30
0.0
 11
29.818743302297815
 21
25.073244021090897
 31
0.0
  0
LINE
  5
3A6
330
17
100
AcDbEntity
  8
SLOTS
100
AcDbLine
 10
30.05960607916303
 20
25.00627296226114
 30
0.0
 11
29.993661351978396
 21
24.7691014080576
 31
0.0
  0
ARC
  5
3A7
330
17
100
AcDbEntity
  8
SLOTS
100
AcDbCircle
 10
29.93917469073042
 20
25.039758491676018
 30
0.0
 40
0.125
100
AcDbArc
 50
-15.538405232061677
 51
164.46159476793832
  0
ARC
  5
3A8
330
17
100
AcDbEntity
  8
SLOTS
100
AcDbCircle
 10
29.87322996354579
 20
24.80258693747248
 30
0.0
 40
0.125
100
AcDbArc
 50
164.46159476793832
 51
344.4615947679383
  0
LINE
  5
3A9
330
17
100
AcDbEntity
  8
SLOTS
100
AcDbLine
 10
28.687874711051812
 20
23.805768926021155
 30
0.0
 11
29.522368895281303
 21
26.807044253059644
 31
0.0
  0
LINE
  5
3AA
330
17
100
AcDbEntity
  8
SLOTS
100
AcDbLine
 10
29.763231672146517
 20
26.740073194229886
 30
0.0
 11
28.928737487917026
 21
23.738797867191398
 31
0.0
  0
ARC
  5
3AB
330
17
100
AcDbEntity
  8
SLOTS
100
AcDbCircle
 10
29.64280028371391
 20
26.773558723644765
 30
0.0
 40
0.125
100
AcDbArc
 50
-15.538405232061706
 51
164.4615947679383
  0
ARC
  5
3AC
330
17
100
AcDbEntity
  8
SLOTS
100
AcDbCircle
 10
28.80830609948442
 20
23.772283396606277
 30
0.0
 40
0.125
100
AcDbArc
 50
164.4615947679383
 51
344.4615947679383
  0
LINE
  5
3AD
330
17
100
AcDbEntity
  8
SLOTS
100
AcDbLine
 10
28.220787513416248
 20
24.92559713017056
 30
0.0
 11
29.21428635970824
 21
28.498735962253
 31
0.0
  0
LINE
  5
3AE
330
17
100
AcDbEntity
  8
SLOTS
100
AcDbLine
 10
29.455149136573453
 20
28.431764903423243
 30
0.0
 11
28.46165029028146
 21
24.8586260713408
 31
0.0
  0
ARC
  5
3AF
330
17
100
AcDbEntity
  8
SLOTS
100
AcDbCircle
 10
29.334717748140847
 20
28.465250432838122
 30
0.0
 40
0.125
100
AcDbArc
 50
-15.53840523206172
 51
164.46159476793827
  0
ARC
  5
3B0
330
17
100
AcDbEntity
  8
SLOTS
100
AcDbCircle
 10
28.341218901848855
 20
24.89211160075568
 30
0.0
 40
0.125
100
AcDbArc
 50
164.46159476793827
 51
344.46159476793827
  0
LINE
  5
3B1
330
17
100
AcDbEntity
  8
SLOTS
100
AcDbLine
 10
27.753700315780687
 20
26.045425334319958
 30
0.0
 11
28.376925426776598
 21
28.286867137236655
 31
0.0
  0
LINE
  5
3B2
330
17
100
AcDbEntity
  8
SLOTS
100
AcDbLine
 10
28.617788203641812
 20
28.219896078406897
 30
0.0
 11
27.9945630926459
 21
25.9784542754902
 31
0.0
  0
ARC
  5
3B3
330
17
100
AcDbEntity
  8
SLOTS
100
AcDbCircle
 10
28.497356815209205
 20
28.253381607821776
 30
0.0
 40
0.125
100
AcDbArc
 50
-15.53840523206172
 51
164.46159476793827
  0
ARC
  5
3B4
330
17
100
AcDbEntity
  8
SLOTS
100
AcDbCircle
 10
27.874131704213294
 20
26.01193980490508
 30
0.0
 40
0.125
100
AcDbArc
 50
164.46159476793827
 51
344.46159476793827
  0
LINE
  5
3B5
330
17
100
AcDbEntity
  8
SLOTS
100
AcDbLine
 10
27.286613118145127
 20
27.165253538469358
 30
0.0
 11
27.539564493844956
 21
28.07499831222031
 31
0.0
  0
LINE
  5
3B6
330
17
100
AcDbEntity
  8
SLOTS
100
AcDbLine
 10
27.78042727071017
 20
28.00802725339055
 30
0.0
 11
27.52747589501034
 21
27.0982824796396
 31
0.0
  0
ARC
  5
3B7
330
17
100
AcDbEntity
  8
SLOTS
100
AcDbCircle
 10
27.659995882277563
 20
28.04151278280543
 30
0.0
 40
0.125
100
AcDbArc
 50
-15.538405232061692
 51
164.46159476793832
  0
ARC
  5
3B8
330
17
100
AcDbEntity
  8
SLOTS
100
AcDbCircle
 10
27.407044506577734
 20
27.13176800905448
 30
0.0
 40
0.125
100
AcDbArc
 50
164.46159476793832
 51
344.4615947679383
  0
LINE
  5
3B9
330
17
100
AcDbEntity
  8
SLOTS
100
AcDbLine
 10
30.530628823785545
 20
24.21624007398244
 30
0.0
 11
29.87762335560923
 21
22.67421908075082
 31
0.0
  0
LINE
  5
3BA
330
17
100
AcDbEntity
  8
SLOTS
100
AcDbLine
 10
29.647414340537793
 20
22.771706563946555
 30
0.0
 11
30.300419808714107
 21
24.313727557178176
 31
0.0
  0
ARC
  5
3BB
330
17
100
AcDbEntity
  8
SLOTS
100
AcDbCircle
 10
29.762518848073512
 20
22.722962822348688
 30
0.0
 40
0.125
100
AcDbArc
 50
-202.95138410934328
 51
-22.951384109343294
  0
ARC
  5
3BC
330
17
100
AcDbEntity
  8
SLOTS
100
AcDbCircle
 10
30.415524316249826
 20
24.264983815580308
 30
0.0
 40
0.125
100
AcDbArc
 50
-22.951384109343294
 51
157.04861589065672
  0
LINE
  5
3BD
330
17
100
AcDbEntity
  8
SLOTS
100
AcDbLine
 10
31.25489076811854
 20
24.0032037901379
 30
0.0
 11
30.663346124393556
 21
22.60631769421419
 31
0.0
  0
LINE
  5
3BE
330
17
100
AcDbEntity
  8
SLOTS
100
AcDbLine
 10
30.433137109322118
 20
22.703805177409926
 30
0.0
 11
31.0246817530471
 21
24.100691273333634
 31
0.0
  0
ARC
  5
3BF
330
17
100
AcDbEntity
  8
SLOTS
100
AcDbCircle
 10
30.548241616857837
 20
22.65506143581206
 30
0.0
 40
0.125
100
AcDbArc
 50
-202.95138410934328
 51
-22.951384109343266
  0
ARC
  5
3C0
330
17
100
AcDbEntity
  8
SLOTS
100
AcDbCircle
 10
31.13978626058282
 20
24.051947531735767
 30
0.0
 40
0.125
100
AcDbArc
 50
-22.951384109343266
 51
157.04861589065672
  0
LINE
  5
3C1
330
17
100
AcDbEntity
  8
SLOTS
100
AcDbLine
 10
31.932133833578057
 20
23.679136126259728
 30
0.0
 11
31.44906889317788
 21
22.538416307677558
 31
0.0
  0
LINE
  5
3C2
330
17
100
AcDbEntity
  8
SLOTS
100
AcDbLine
 10
31.218859878106443
 20
22.635903790873293
 30
0.0
 11
31.70192481850662
 21
23.776623609455463
 31
0.0
  0
ARC
  5
3C3
330
17
100
AcDbEntity
  8
SLOTS
100
AcDbCircle
 10
31.33396438564216
 20
22.587160049275425
 30
0.0
 40
0.125
100
AcDbArc
 50
-202.9513841093434
 51
-22.95138410934338
  0
ARC
  5
3C4
330
17
100
AcDbEntity
  8
SLOTS
100
AcDbCircle
 10
31.817029326042338
 20
23.727879867857595
 30
0.0
 40
0.125
100
AcDbArc
 50
-22.95138410934338
 51
157.0486158906566
  0
LINE
  5
3C5
330
17
100
AcDbEntity
  8
SLOTS
100
AcDbLine
 10
14.278889565816355
 20
28.465853019201454
 30
0.0
 11
13.549264461733262
 21
28.7708303294319
 31
0.0
  0
LINE
  5
3C6
330
17
100
AcDbEntity
  8
SLOTS
100
AcDbLine
 10
13.645678687178357
 20
29.00149089635183
 30
0.0
 11
14.37530379126145
 21
28.696513586121384
 31
0.0
  0
ARC
  5
3C7
330
17
100
AcDbEntity
  8
SLOTS
100
AcDbCircle
 10
13.59747157445581
 20
28.886160612891864
 30
0.0
 40
0.125
100
AcDbArc
 50
67.31547241875961
 51
247.3154724187596
  0
ARC
  5
3C8
330
17
100
AcDbEntity
  8
SLOTS
100
AcDbCircle
 10
14.327096678538902
 20
28.58118330266142
 30
0.0
 40
0.125
100
AcDbArc
 50
247.3154724187596
 51
427.3154724187596
  0
LINE
  5
3C9
330
17
100
AcDbEntity
  8
SLOTS
100
AcDbLine
 10
14.349336659272034
 20
27.62352394429792
 30
0.0
 11
11.69316787729977
 21
28.73378071330257
 31
0.0
  0
LINE
  5
3CA
330
17
100
AcDbEntity
  8
SLOTS
100
AcDbLine
 10
11.789582102744864
 20
28.9644412802225
 30
0.0
 11
14.445750884717128
 21
27.85418451121785
 31
0.0
  0
ARC
  5
3CB
330
17
100
AcDbEntity
  8
SLOTS
100
AcDbCircle
 10
11.741374990022317
 20
28.849110996762533
 30
0.0
 40
0.125
100
AcDbArc
 50
67.31547241875967
 51
247.31547241875967
  0
ARC
  5
3CC
330
17
100
AcDbEntity
  8
SLOTS
100
AcDbCircle
 10
14.397543771994581
 20
27.738854227757884
 30
0.0
 40
0.125
100
AcDbArc
 50
247.31547241875967
 51
427.31547241875967
  0
LINE
  5
3CD
330
17
100
AcDbEntity
  8
SLOTS
100
AcDbLine
 10
14.41978375272771
 20
26.781194869394387
 30
0.0
 11
11.011244708259664
 21
28.20593623832476
 31
0.0
  0
LINE
  5
3CE
330
17
100
AcDbEntity
  8
SLOTS
100
AcDbLine
 10
11.107658933704759
 20
28.43659680524469
 30
0.0
 11
14.516197978172805
 21
27.011855436314317
 31
0.0
  0
ARC
  5
3CF
330
17
100
AcDbEntity
  8
SLOTS
100
AcDbCircle
 10
11.059451820982211
 20
28.321266521784725
 30
0.0
 40
0.125
100
AcDbArc
 50
67.3154724187597
 51
247.3154724187597
  0
ARC
  5
3D0
330
17
100
AcDbEntity
  8
SLOTS
100
AcDbCircle
 10
14.467990865450258
 20
26.896525152854352
 30
0.0
 40
0.125
100
AcDbArc
 50
247.3154724187597
 51
427.31547241875967
  0
LINE
  5
3D1
330
17
100
AcDbEntity
  8
SLOTS
100
AcDbLine
 10
13.9964153041034
 20
26.14527664155566
 30
0.0
 11
10.86898459224716
 21
27.452517032677644
 31
0.0
  0
LINE
  5
3D2
330
17
100
AcDbEntity
  8
SLOTS
100
AcDbLine
 10
10.965398817692256
 20
27.683177599597574
 30
0.0
 11
14.092829529548494
 21
26.37593720847559
 31
0.0
  0
ARC
  5
3D3
330
17
100
AcDbEntity
  8
SLOTS
100
AcDbCircle
 10
10.917191704969708
 20
27.56784731613761
 30
0.0
 40
0.125
100
AcDbArc
 50
67.31547241875964
 51
247.31547241875964
  0
ARC
  5
3D4
330
17
100
AcDbEntity
  8
SLOTS
100
AcDbCircle
 10
14.044622416825947
 20
26.260606925015626
 30
0.0
 40
0.125
100
AcDbArc
 50
247.31547241875964
 51
427.31547241875967
  0
LINE
  5
3D5
330
17
100
AcDbEntity
  8
SLOTS
100
AcDbLine
 10
13.17613626961518
 20
25.675263783750612
 30
0.0
 11
10.72672447623466
 21
26.699097827030524
 31
0.0
  0
LINE
  5
3D6
330
17
100
AcDbEntity
  8
SLOTS
100
AcDbLine
 10
10.823138701679754
 20
26.929758393950454
 30
0.0
 11
13.272550495060274
 21
25.905924350670542
 31
0.0
  0
ARC
  5
3D7
330
17
100
AcDbEntity
  8
SLOTS
100
AcDbCircle
 10
10.774931588957207
 20
26.81442811049049
 30
0.0
 40
0.125
100
AcDbArc
 50
67.31547241875967
 51
247.31547241875967
  0
ARC
  5
3D8
330
17
100
AcDbEntity
  8
SLOTS
100
AcDbCircle
 10
13.224343382337727
 20
25.790594067210577
 30
0.0
 40
0.125
100
AcDbArc
 50
247.31547241875967
 51
427.31547241875967
  0
LINE
  5
3D9
330
17
100
AcDbEntity
  8
SLOTS
100
AcDbLine
 10
12.355857235126964
 20
25.205250925945567
 30
0.0
 11
10.584464360222158
 21
25.94567862138341
 31
0.0
  0
LINE
  5
3DA
330
17
100
AcDbEntity
  8
SLOTS
100
AcDbLine
 10
10.680878585667253
 20
26.17633918830334
 30
0.0
 11
12.452271460572058
 21
25.435911492865497
 31
0.0
  0
ARC
  5
3DB
330
17
100
AcDbEntity
  8
SLOTS
100
AcDbCircle
 10
10.632671472944706
 20
26.061008904843376
 30
0.0
 40
0.125
100
AcDbArc
 50
67.31547241875964
 51
247.31547241875964
  0
ARC
  5
3DC
330
17
100
AcDbEntity
  8
SLOTS
100
AcDbCircle
 10
12.404064347849511
 20
25.320581209405532
 30
0.0
 40
0.125
100
AcDbArc
 50
247.31547241875964
 51
427.31547241875967
  0
LINE
  5
3DD
330
17
100
AcDbEntity
  8
SLOTS
100
AcDbLine
 10
11.535578200638744
 20
24.735238068140518
 30
0.0
 11
10.442204244209657
 21
25.19225941573629
 31
0.0
  0
LINE
  5
3DE
330
17
100
AcDbEntity
  8
SLOTS
100
AcDbLine
 10
10.538618469654752
 20
25.42291998265622
 30
0.0
 11
11.631992426083839
 21
24.965898635060448
 31
0.0
  0
ARC
  5
3DF
330
17
100
AcDbEntity
  8
SLOTS
100
AcDbCircle
 10
10.490411356932205
 20
25.307589699196257
 30
0.0
 40
0.125
100
AcDbArc
 50
67.31547241875967
 51
247.31547241875967
  0
ARC
  5
3E0
330
17
100
AcDbEntity
  8
SLOTS
100
AcDbCircle
 10
11.583785313361291
 20
24.850568351600483
 30
0.0
 40
0.125
100
AcDbArc
 50
247.31547241875967
 51
427.31547241875967
  0
LINE
  5
3E1
330
17
100
AcDbEntity
  8
SLOTS
100
AcDbLine
 10
10.715299166150524
 20
24.265225210335473
 30
0.0
 11
10.299944128197156
 21
24.438840210089175
 31
0.0
  0
LINE
  5
3E2
330
17
100
AcDbEntity
  8
SLOTS
100
AcDbLine
 10
10.39635835364225
 20
24.669500777009105
 30
0.0
 11
10.81171339159562
 21
24.495885777255403
 31
0.0
  0
ARC
  5
3E3
330
17
100
AcDbEntity
  8
SLOTS
100
AcDbCircle
 10
10.348151240919703
 20
24.55417049354914
 30
0.0
 40
0.125
100
AcDbArc
 50
67.31547241875981
 51
247.3154724187598
  0
ARC
  5
3E4
330
17
100
AcDbEntity
  8
SLOTS
100
AcDbCircle
 10
10.763506278873072
 20
24.380555493795438
 30
0.0
 40
0.125
100
AcDbArc
 50
247.3154724187598
 51
427.3154724187598
  0
LINE
  5
3E5
330
17
100
AcDbEntity
  8
SLOTS
100
AcDbLine
 10
14.854576122074597
 20
24.88605459213727
 30
0.0
 11
14.11771826997498
 21
25.37333846701046
 31
0.0
  0
LINE
  5
3E6
330
17
100
AcDbEntity
  8
SLOTS
100
AcDbLine
 10
14.255617552912529
 20
25.5818661336768
 30
0.0
 11
14.992475405012147
 21
25.094582258803612
 31
0.0
  0
ARC
  5
3E7
330
17
100
AcDbEntity
  8
SLOTS
100
AcDbCircle
 10
14.186667911443754
 20
25.47760230034363
 30
0.0
 40
0.125
100
AcDbArc
 50
56.52334798017753
 51
236.52334798017753
  0
ARC
  5
3E8
330
17
100
AcDbEntity
  8
SLOTS
100
AcDbCircle
 10
14.923525763543372
 20
24.99031842547044
 30
0.0
 40
0.125
100
AcDbArc
 50
236.52334798017753
 51
416.5233479801775
  0
LINE
  5
3E9
330
17
100
AcDbEntity
  8
SLOTS
100
AcDbLine
 10
15.22018672468562
 20
23.745115148763038
 30
0.0
 11
13.38923433176612
 21
24.95592341278291
 31
0.0
  0
LINE
  5
3EA
330
17
100
AcDbEntity
  8
SLOTS
100
AcDbLine
 10
13.52713361470367
 20
25.16445107944925
 30
0.0
 11
15.35808600762317
 21
23.95364281542938
 31
0.0
  0
ARC
  5
3EB
330
17
100
AcDbEntity
  8
SLOTS
100
AcDbCircle
 10
13.458183973234895
 20
25.06018724611608
 30
0.0
 40
0.125
100
AcDbArc
 50
56.52334798017759
 51
236.5233479801776
  0
ARC
  5
3EC
330
17
100
AcDbEntity
  8
SLOTS
100
AcDbCircle
 10
15.289136366154395
 20
23.84937898209621
 30
0.0
 40
0.125
100
AcDbArc
 50
236.5233479801776
 51
416.5233479801776
  0
LINE
  5
3ED
330
17
100
AcDbEntity
  8
SLOTS
100
AcDbLine
 10
15.585797327296644
 20
22.604175705388805
 30
0.0
 11
12.66075039355726
 21
24.538508358555358
 31
0.0
  0
LINE
  5
3EE
330
17
100
AcDbEntity
  8
SLOTS
100
AcDbLine
 10
12.79864967649481
 20
24.7470360252217
 30
0.0
 11
15.723696610234194
 21
22.812703372055147
 31
0.0
  0
ARC
  5
3EF
330
17
100
AcDbEntity
  8
SLOTS
100
AcDbCircle
 10
12.729700035026035
 20
24.64277219188853
 30
0.0
 40
0.125
100
AcDbArc
 50
56.52334798017762
 51
236.52334798017762
  0
ARC
  5
3F0
330
17
100
AcDbEntity
  8
SLOTS
100
AcDbCircle
 10
15.65474696876542
 20
22.708439538721976
 30
0.0
 40
0.125
100
AcDbArc
 50
236.52334798017762
 51
416.5233479801776
  0
LINE
  5
3F1
330
17
100
AcDbEntity
  8
SLOTS
100
AcDbLine
 10
15.951407929907665
 20
21.463236262014572
 30
0.0
 11
11.932266455348401
 21
24.121093304327808
 31
0.0
  0
LINE
  5
3F2
330
17
100
AcDbEntity
  8
SLOTS
100
AcDbLine
 10
12.07016573828595
 20
24.32962097099415
 30
0.0
 11
16.089307212845213
 21
21.671763928680914
 31
0.0
  0
ARC
  5
3F3
330
17
100
AcDbEntity
  8
SLOTS
100
AcDbCircle
 10
12.001216096817176
 20
24.22535713766098
 30
0.0
 40
0.125
100
AcDbArc
 50
56.52334798017762
 51
236.52334798017762
  0
ARC
  5
3F4
330
17
100
AcDbEntity
  8
SLOTS
100
AcDbCircle
 10
16.02035757137644
 20
21.567500095347743
 30
0.0
 40
0.125
100
AcDbArc
 50
236.52334798017762
 51
416.5233479801776
  0
LINE
  5
3F5
330
17
100
AcDbEntity
  8
SLOTS
100
AcDbLine
 10
16.06104562814183
 20
20.49157162293521
 30
0.0
 11
11.203782517139544
 21
23.70367825010026
 31
0.0
  0
LINE
  5
3F6
330
17
100
AcDbEntity
  8
SLOTS
100
AcDbLine
 10
11.341681800077094
 20
23.912205916766602
 30
0.0
 11
16.198944911079376
 21
20.700099289601553
 31
0.0
  0
ARC
  5
3F7
330
17
100
AcDbEntity
  8
SLOTS
100
AcDbCircle
 10
11.272732158608319
 20
23.80794208343343
 30
0.0
 40
0.125
100
AcDbArc
 50
56.52334798017759
 51
236.5233479801776
  0
ARC
  5
3F8
330
17
100
AcDbEntity
  8
SLOTS
100
AcDbCircle
 10
16.129995269610603
 20
20.595835456268382
 30
0.0
 40
0.125
100
AcDbArc
 50
236.5233479801776
 51
416.5233479801776
  0
LINE
  5
3F9
330
17
100
AcDbEntity
  8
SLOTS
100
AcDbLine
 10
13.778875717054236
 20
21.10160863296023
 30
0.0
 11
11.68187984989881
 21
22.48835136607887
 31
0.0
  0
LINE
  5
3FA
330
17
100
AcDbEntity
  8
SLOTS
100
AcDbLine
 10
11.81977913283636
 20
22.696879032745212
 30
0.0
 11
13.916774999991786
 21
21.31013629962657
 31
0.0
  0
ARC
  5
3FB
330
17
100
AcDbEntity
  8
SLOTS
100
AcDbCircle
 10
11.750829491367584
 20
22.59261519941204
 30
0.0
 40
0.125
100
AcDbArc
 50
56.52334798017762
 51
236.52334798017762
  0
ARC
  5
3FC
330
17
100
AcDbEntity
  8
SLOTS
100
AcDbCircle
 10
13.84782535852301
 20
21.2058724662934
 30
0.0
 40
0.125
100
AcDbArc
 50
236.52334798017762
 51
416.5233479801776
  0
LINE
  5
3FD
330
17
100
AcDbEntity
  8
SLOTS
100
AcDbLine
 10
27.70770982764279
 20
20.113707962043573
 30
0.0
 11
26.779544674815913
 21
20.22894365975506
 31
0.0
  0
LINE
  5
3FE
330
17
100
AcDbEntity
  8
SLOTS
100
AcDbLine
 10
26.810346762261677
 20
20.477038866095256
 30
0.0
 11
27.738511915088555
 21
20.36180316838377
 31
0.0
  0
ARC
  5
3FF
330
17
100
AcDbEntity
  8
SLOTS
100
AcDbCircle
 10
26.794945718538795
 20
20.35299126292516
 30
0.0
 40
0.125
100
AcDbArc
 50
82.92269801010576
 51
262.92269801010576
  0
ARC
  5
400
330
17
100
AcDbEntity
  8
SLOTS
100
AcDbCircle
 10
27.723110871365673
 20
20.23775556521367
 30
0.0
 40
0.125
100
AcDbArc
 50
262.92269801010576
 51
442.92269801010576
  0
LINE
  5
401
330
17
100
AcDbEntity
  8
SLOTS
100
AcDbLine
 10
27.685302572970027
 20
19.360731665008668
 30
0.0
 11
26.554627170297444
 21
19.50110988166048
 31
0.0
  0
LINE
  5
402
330
17
100
AcDbEntity
  8
SLOTS
100
AcDbLine
 10
26.585429257743215
 20
19.749205088000675
 30
0.0
 11
27.716104660415798
 21
19.608826871348864
 31
0.0
  0
ARC
  5
403
330
17
100
AcDbEntity
  8
SLOTS
100
AcDbCircle
 10
26.57002821402033
 20
19.625157484830577
 30
0.0
 40
0.125
100
AcDbArc
 50
82.92269801010568
 51
262.9226980101057
  0
ARC
  5
404
330
17
100
AcDbEntity
  8
SLOTS
100
AcDbCircle
 10
27.700703616692913
 20
19.484779268178766
 30
0.0
 40
0.125
100
AcDbArc
 50
262.9226980101057
 51
442.9226980101057
  0
LINE
  5
405
330
17
100
AcDbEntity
  8
SLOTS
100
AcDbLine
 10
27.66289531829727
 20
18.60775536797376
 30
0.0
 11
26.329709665778978
 21
18.773276103565895
 31
0.0
  0
LINE
  5
406
330
17
100
AcDbEntity
  8
SLOTS
100
AcDbLine
 10
26.36051175322475
 20
19.02137130990609
 30
0.0
 11
27.69369740574304
 21
18.855850574313955
 31
0.0
  0
ARC
  5
407
330
17
100
AcDbEntity
  8
SLOTS
100
AcDbCircle
 10
26.345110709501864
 20
18.897323706735992
 30
0.0
 40
0.125
100
AcDbArc
 50
82.92269801010565
 51
262.92269801010565
  0
ARC
  5
408
330
17
100
AcDbEntity
  8
SLOTS
100
AcDbCircle
 10
27.678296362020156
 20
18.731802971143857
 30
0.0
 40
0.125
100
AcDbArc
 50
262.92269801010565
 51
442.92269801010565
  0
LINE
  5
409
330
17
100
AcDbEntity
  8
SLOTS
100
AcDbLine
 10
27.640488063624513
 20
17.854779070938854
 30
0.0
 11
26.104792161260516
 21
18.04544232547131
 31
0.0
  0
LINE
  5
40A
330
17
100
AcDbEntity
  8
SLOTS
100
AcDbLine
 10
26.13559424870628
 20
18.293537531811506
 30
0.0
 11
27.671290151070277
 21
18.10287427727905
 31
0.0
  0
ARC
  5
40B
330
17
100
AcDbEntity
  8
SLOTS
100
AcDbCircle
 10
26.120193204983398
 20
18.169489928641408
 30
0.0
 40
0.125
100
AcDbArc
 50
82.92269801010573
 51
262.9226980101057
  0
ARC
  5
40C
330
17
100
AcDbEntity
  8
SLOTS
100
AcDbCircle
 10
27.655889107347395
 20
17.97882667410895
 30
0.0
 40
0.125
100
AcDbArc
 50
262.9226980101057
 51
442.9226980101057
  0
LINE
  5
40D
330
17
100
AcDbEntity
  8
SLOTS
100
AcDbLine
 10
27.618080808951753
 20
17.101802773903948
 30
0.0
 11
25.879874656742047
 21
17.31760854737673
 31
0.0
  0
LINE
  5
40E
330
17
100
AcDbEntity
  8
SLOTS
100
AcDbLine
 10
25.910676744187818
 20
17.565703753716924
 30
0.0
 11
27.648882896397524
 21
17.349897980244144
 31
0.0
  0
ARC
  5
40F
330
17
100
AcDbEntity
  8
SLOTS
100
AcDbCircle
 10
25.895275700464932
 20
17.441656150546827
 30
0.0
 40
0.125
100
AcDbArc
 50
82.9226980101057
 51
262.9226980101057
  0
ARC
  5
410
330
17
100
AcDbEntity
  8
SLOTS
100
AcDbCircle
 10
27.633481852674638
 20
17.225850377074046
 30
0.0
 40
0.125
100
AcDbArc
 50
262.9226980101057
 51
442.9226980101057
  0
LINE
  5
411
330
17
100
AcDbEntity
  8
SLOTS
100
AcDbLine
 10
27.595673554278996
 20
16.34882647686904
 30
0.0
 11
26.27731698890427
 21
16.512506117481244
 31
0.0
  0
LINE
  5
412
330
17
100
AcDbEntity
  8
SLOTS
100
AcDbLine
 10
26.308119076350035
 20
16.76060132382144
 30
0.0
 11
27.62647564172476
 21
16.596921683209235
 31
0.0
  0
ARC
  5
413
330
17
100
AcDbEntity
  8
SLOTS
100
AcDbCircle
 10
26.292718032627153
 20
16.636553720651342
 30
0.0
 40
0.125
100
AcDbArc
 50
82.92269801010576
 51
262.92269801010576
  0
ARC
  5
414
330
17
100
AcDbEntity
  8
SLOTS
100
AcDbCircle
 10
27.611074598001878
 20
16.472874080039137
 30
0.0
 40
0.125
100
AcDbArc
 50
262.92269801010576
 51
442.92269801010576
  0
LINE
  5
415
330
17
100
AcDbEntity
  8
SLOTS
100
AcDbLine
 10
27.57326629960623
 20
15.595850179834136
 30
0.0
 11
26.675135045084325
 21
15.707357039832175
 31
0.0
  0
LINE
  5
416
330
17
100
AcDbEntity
  8
SLOTS
100
AcDbLine
 10
26.705937132530096
 20
15.955452246172367
 30
0.0
 11
27.604068387052003
 21
15.843945386174328
 31
0.0
  0
ARC
  5
417
330
17
100
AcDbEntity
  8
SLOTS
100
AcDbCircle
 10
26.69053608880721
 20
15.831404643002271
 30
0.0
 40
0.125
100
AcDbArc
 50
82.92269801010573
 51
262.9226980101057
  0
ARC
  5
418
330
17
100
AcDbEntity
  8
SLOTS
100
AcDbCircle
 10
27.588667343329117
 20
15.719897783004232
 30
0.0
 40
0.125
100
AcDbArc
 50
262.9226980101057
 51
442.9226980101057
  0
LINE
  5
419
330
17
100
AcDbEntity
  8
SLOTS
100
AcDbLine
 10
12.898964351793172
 20
14.189878738683488
 30
0.0
 11
13.497356646142432
 21
14.631695028740397
 31
0.0
  0
LINE
  5
41A
330
17
100
AcDbEntity
  8
SLOTS
100
AcDbLine
 10
13.64585143758869
 20
14.430574923048967
 30
0.0
 11
13.04745914323943
 21
13.988758632992058
 31
0.0
  0
ARC
  5
41B
330
17
100
AcDbEntity
  8
SLOTS
100
AcDbCircle
 10
13.57160404186556
 20
14.531134975894682
 30
0.0
 40
0.125
100
AcDbArc
 50
-53.56010669148154
 51
126.43989330851846
  0
ARC
  5
41C
330
17
100
AcDbEntity
  8
SLOTS
100
AcDbCircle
 10
12.9732117475163
 20
14.089318685837773
 30
0.0
 40
0.125
100
AcDbArc
 50
126.43989330851846
 51
306.43989330851844
  0
LINE
  5
41D
330
17
100
AcDbEntity
  8
SLOTS
100
AcDbLine
 10
12.44595235304524
 20
14.78768111806239
 30
0.0
 11
14.75332712015991
 21
16.491305594855064
 31
0.0
  0
LINE
  5
41E
330
17
100
AcDbEntity
  8
SLOTS
100
AcDbLine
 10
14.901821911606167
 20
16.290185489163633
 30
0.0
 11
12.594447144491497
 21
14.586561012370959
 31
0.0
  0
ARC
  5
41F
330
17
100
AcDbEntity
  8
SLOTS
100
AcDbCircle
 10
14.827574515883038
 20
16.39074554200935
 30
0.0
 40
0.125
100
AcDbArc
 50
-53.56010669148161
 51
126.43989330851839
  0
ARC
  5
420
330
17
100
AcDbEntity
  8
SLOTS
100
AcDbCircle
 10
12.520199748768368
 20
14.687121065216674
 30
0.0
 40
0.125
100
AcDbArc
 50
126.43989330851839
 51
306.4398933085184
  0
LINE
  5
421
330
17
100
AcDbEntity
  8
SLOTS
100
AcDbLine
 10
11.992940354297307
 20
15.385483497441289
 30
0.0
 11
16.009297594177383
 21
18.350916160969724
 31
0.0
  0
LINE
  5
422
330
17
100
AcDbEntity
  8
SLOTS
100
AcDbLine
 10
16.157792385623644
 20
18.149796055278294
 30
0.0
 11
12.141435145743564
 21
15.184363391749859
 31
0.0
  0
ARC
  5
423
330
17
100
AcDbEntity
  8
SLOTS
100
AcDbCircle
 10
16.083544989900513
 20
18.25035610812401
 30
0.0
 40
0.125
100
AcDbArc
 50
-53.56010669148164
 51
126.43989330851835
  0
ARC
  5
424
330
17
100
AcDbEntity
  8
SLOTS
100
AcDbCircle
 10
12.067187750020436
 20
15.284923444595574
 30
0.0
 40
0.125
100
AcDbArc
 50
126.43989330851835
 51
306.4398933085184
  0
LINE
  5
425
330
17
100
AcDbEntity
  8
SLOTS
100
AcDbLine
 10
11.539928355549376
 20
15.983285876820188
 30
0.0
 11
16.654937900212087
 21
19.759896240906087
 31
0.0
  0
LINE
  5
426
330
17
100
AcDbEntity
  8
SLOTS
100
AcDbLine
 10
16.803432691658347
 20
19.558776135214657
 30
0.0
 11
11.688423146995634
 21
15.782165771128758
 31
0.0
  0
ARC
  5
427
330
17
100
AcDbEntity
  8
SLOTS
100
AcDbCircle
 10
16.729185295935217
 20
19.659336188060372
 30
0.0
 40
0.125
100
AcDbArc
 50
-53.5601066914816
 51
126.4398933085184
  0
ARC
  5
428
330
17
100
AcDbEntity
  8
SLOTS
100
AcDbCircle
 10
11.614175751272505
 20
15.882725823974473
 30
0.0
 40
0.125
100
AcDbArc
 50
126.4398933085184
 51
306.4398933085184
  0
LINE
  5
429
330
17
100
AcDbEntity
  8
SLOTS
100
AcDbLine
 10
11.086916356801444
 20
16.58108825619909
 30
0.0
 11
15.72789192287304
 21
20.007700908483233
 31
0.0
  0
LINE
  5
42A
330
17
100
AcDbEntity
  8
SLOTS
100
AcDbLine
 10
15.876386714319297
 20
19.806580802791803
 30
0.0
 11
11.235411148247701
 21
16.37996815050766
 31
0.0
  0
ARC
  5
42B
330
17
100
AcDbEntity
  8
SLOTS
100
AcDbCircle
 10
15.802139318596168
 20
19.90714085563752
 30
0.0
 40
0.125
100
AcDbArc
 50
-53.560106691481636
 51
126.43989330851836
  0
ARC
  5
42C
330
17
100
AcDbEntity
  8
SLOTS
100
AcDbCircle
 10
11.161163752524573
 20
16.480528203353376
 30
0.0
 40
0.125
100
AcDbArc
 50
126.43989330851836
 51
306.4398933085184
  0
LINE
  5
42D
330
17
100
AcDbEntity
  8
SLOTS
100
AcDbLine
 10
10.633904358053512
 20
17.178890635577993
 30
0.0
 11
14.800845945533995
 21
20.255505576060383
 31
0.0
  0
LINE
  5
42E
330
17
100
AcDbEntity
  8
SLOTS
100
AcDbLine
 10
14.949340736980252
 20
20.054385470368953
 30
0.0
 11
10.782399149499769
 21
16.977770529886563
 31
0.0
  0
ARC
  5
42F
330
17
100
AcDbEntity
  8
SLOTS
100
AcDbCircle
 10
14.875093341257124
 20
20.154945523214668
 30
0.0
 40
0.125
100
AcDbArc
 50
-53.56010669148164
 51
126.43989330851835
  0
ARC
  5
430
330
17
100
AcDbEntity
  8
SLOTS
100
AcDbCircle
 10
10.70815175377664
 20
17.078330582732278
 30
0.0
 40
0.125
100
AcDbArc
 50
126.43989330851835
 51
306.4398933085184
  0
LINE
  5
431
330
17
100
AcDbEntity
  8
SLOTS
100
AcDbLine
 10
10.184019275814855
 20
17.779001738957
 30
0.0
 11
13.873799968194952
 21
20.50331024363753
 31
0.0
  0
LINE
  5
432
330
17
100
AcDbEntity
  8
SLOTS
100
AcDbLine
 10
14.022294759641209
 20
20.3021901379461
 30
0.0
 11
10.332514067261112
 21
17.57788163326557
 31
0.0
  0
ARC
  5
433
330
17
100
AcDbEntity
  8
SLOTS
100
AcDbCircle
 10
13.94804736391808
 20
20.402750190791814
 30
0.0
 40
0.125
100
AcDbArc
 50
-53.560106691481636
 51
126.43989330851836
  0
ARC
  5
434
330
17
100
AcDbEntity
  8
SLOTS
100
AcDbCircle
 10
10.258266671537983
 20
17.678441686111285
 30
0.0
 40
0.125
100
AcDbArc
 50
126.43989330851836
 51
306.4398933085184
  0
LINE
  5
435
330
17
100
AcDbEntity
  8
SLOTS
100
AcDbLine
 10
9.970771397883574
 20
18.553831288218106
 30
0.0
 11
12.946753990855907
 21
20.751114911214678
 31
0.0
  0
LINE
  5
436
330
17
100
AcDbEntity
  8
SLOTS
100
AcDbLine
 10
13.095248782302164
 20
20.549994805523248
 30
0.0
 11
10.119266189329831
 21
18.352711182526676
 31
0.0
  0
ARC
  5
437
330
17
100
AcDbEntity
  8
SLOTS
100
AcDbCircle
 10
13.021001386579035
 20
20.650554858368963
 30
0.0
 40
0.125
100
AcDbArc
 50
-53.56010669148163
 51
126.43989330851838
  0
ARC
  5
438
330
17
100
AcDbEntity
  8
SLOTS
100
AcDbCircle
 10
10.045018793606703
 20
18.45327123537239
 30
0.0
 40
0.125
100
AcDbArc
 50
126.43989330851838
 51
306.4398933085184
  0
LINE
  5
439
330
17
100
AcDbEntity
  8
SLOTS
100
AcDbLine
 10
19.423643691010184
 20
22.08437005255377
 30
0.0
 11
19.12911128580059
 21
21.080013655421457
 31
0.0
  0
LINE
  5
43A
330
17
100
AcDbEntity
  8
SLOTS
100
AcDbLine
 10
18.88921395704346
 20
21.15036471550724
 30
0.0
 11
19.183746362253054
 21
22.154721112639553
 31
0.0
  0
ARC
  5
43B
330
17
100
AcDbEntity
  8
SLOTS
100
AcDbCircle
 10
19.009162621422025
 20
21.11518918546435
 30
0.0
 40
0.125
100
AcDbArc
 50
-196.34403204585897
 51
-16.344032045858953
  0
ARC
  5
43C
330
17
100
AcDbEntity
  8
SLOTS
100
AcDbCircle
 10
19.30369502663162
 20
22.11954558259666
 30
0.0
 40
0.125
100
AcDbArc
 50
-16.344032045858953
 51
163.65596795414103
  0
LINE
  5
43D
330
17
100
AcDbEntity
  8
SLOTS
100
AcDbLine
 10
20.809802779451644
 20
24.145971716731648
 30
0.0
 11
19.94142283816642
 21
21.1847934771062
 31
0.0
  0
LINE
  5
43E
330
17
100
AcDbEntity
  8
SLOTS
100
AcDbLine
 10
19.70152550940929
 20
21.255144537191985
 30
0.0
 11
20.569905450694513
 21
24.21632277681743
 31
0.0
  0
ARC
  5
43F
330
17
100
AcDbEntity
  8
SLOTS
100
AcDbCircle
 10
19.821474173787855
 20
21.219969007149093
 30
0.0
 40
0.125
100
AcDbArc
 50
-196.34403204585897
 51
-16.344032045858967
  0
ARC
  5
440
330
17
100
AcDbEntity
  8
SLOTS
100
AcDbCircle
 10
20.68985411507308
 20
24.18114724677454
 30
0.0
 40
0.125
100
AcDbArc
 50
-16.344032045858967
 51
163.65596795414103
  0
LINE
  5
441
330
17
100
AcDbEntity
  8
SLOTS
100
AcDbLine
 10
21.820655037130336
 20
24.927775947089643
 30
0.0
 11
20.75373439053225
 21
21.28957329879094
 31
0.0
  0
LINE
  5
442
330
17
100
AcDbEntity
  8
SLOTS
100
AcDbLine
 10
20.51383706177512
 20
21.359924358876725
 30
0.0
 11
21.580757708373206
 21
24.998127007175427
 31
0.0
  0
ARC
  5
443
330
17
100
AcDbEntity
  8
SLOTS
100
AcDbCircle
 10
20.633785726153686
 20
21.324748828833833
 30
0.0
 40
0.125
100
AcDbArc
 50
-196.34403204585894
 51
-16.34403204585894
  0
ARC
  5
444
330
17
100
AcDbEntity
  8
SLOTS
100
AcDbCircle
 10
21.70070637275177
 20
24.962951477132535
 30
0.0
 40
0.125
100
AcDbArc
 50
-16.34403204585894
 51
163.65596795414106
  0
LINE
  5
445
330
17
100
AcDbEntity
  8
SLOTS
100
AcDbLine
 10
22.831507294809033
 20
25.70958017744764
 30
0.0
 11
21.566045942898082
 21
21.394353120475685
 31
0.0
  0
LINE
  5
446
330
17
100
AcDbEntity
  8
SLOTS
100
AcDbLine
 10
21.32614861414095
 20
21.46470418056147
 30
0.0
 11
22.5916099660519
 21
25.779931237533425
 31
0.0
  0
ARC
  5
447
330
17
100
AcDbEntity
  8
SLOTS
100
AcDbCircle
 10
21.446097278519517
 20
21.429528650518577
 30
0.0
 40
0.125
100
AcDbArc
 50
-196.34403204585894
 51
-16.34403204585894
  0
ARC
  5
448
330
17
100
AcDbEntity
  8
SLOTS
100
AcDbCircle
 10
22.711558630430467
 20
25.744755707490533
 30
0.0
 40
0.125
100
AcDbArc
 50
-16.34403204585894
 51
163.65596795414106
  0
LINE
  5
449
330
17
100
AcDbEntity
  8
SLOTS
100
AcDbLine
 10
23.84235955248773
 20
26.49138440780564
 30
0.0
 11
22.378357495263916
 21
21.49913294216043
 31
0.0
  0
LINE
  5
44A
330
17
100
AcDbEntity
  8
SLOTS
100
AcDbLine
 10
22.138460166506785
 20
21.569484002246213
 30
0.0
 11
23.602462223730598
 21
26.561735467891424
 31
0.0
  0
ARC
  5
44B
330
17
100
AcDbEntity
  8
SLOTS
100
AcDbCircle
 10
22.25840883088535
 20
21.53430847220332
 30
0.0
 40
0.125
100
AcDbArc
 50
-196.3440320458589
 51
-16.344032045858924
  0
ARC
  5
44C
330
17
100
AcDbEntity
  8
SLOTS
100
AcDbCircle
 10
23.722410888109163
 20
26.526559937848532
 30
0.0
 40
0.125
100
AcDbArc
 50
-16.344032045858924
 51
163.6559679541411
  0
LINE
  5
44D
330
17
100
AcDbEntity
  8
SLOTS
100
AcDbLine
 10
24.36880240891414
 20
25.621351107306715
 30
0.0
 11
23.37076794830348
 21
22.218050562636606
 31
0.0
  0
LINE
  5
44E
330
17
100
AcDbEntity
  8
SLOTS
100
AcDbLine
 10
23.13087061954635
 20
22.28840162272239
 30
0.0
 11
24.128905080157008
 21
25.6917021673925
 31
0.0
  0
ARC
  5
44F
330
17
100
AcDbEntity
  8
SLOTS
100
AcDbCircle
 10
23.250819283924915
 20
22.253226092679498
 30
0.0
 40
0.125
100
AcDbArc
 50
-196.34403204585897
 51
-16.34403204585898
  0
ARC
  5
450
330
17
100
AcDbEntity
  8
SLOTS
100
AcDbCircle
 10
24.248853744535573
 20
25.656526637349607
 30
0.0
 40
0.125
100
AcDbArc
 50
-16.34403204585898
 51
163.65596795414103
  0
LINE
  5
451
330
17
100
AcDbEntity
  8
SLOTS
100
AcDbLine
 10
19.700044761929334
 20
20.333374302999495
 30
0.0
 11
17.917072505811916
 21
19.227167991070836
 31
0.0
  0
LINE
  5
452
330
17
100
AcDbEntity
  8
SLOTS
100
AcDbLine
 10
17.78527188417275
 20
19.439602913189425
 30
0.0
 11
19.56824414029017
 21
20.545809225118084
 31
0.0
  0
ARC
  5
453
330
17
100
AcDbEntity
  8
SLOTS
100
AcDbCircle
 10
17.851172194992333
 20
19.33338545213013
 30
0.0
 40
0.125
100
AcDbArc
 50
-238.18336774865574
 51
-58.18336774865574
  0
ARC
  5
454
330
17
100
AcDbEntity
  8
SLOTS
100
AcDbCircle
 10
19.63414445110975
 20
20.43959176405879
 30
0.0
 40
0.125
100
AcDbArc
 50
-58.18336774865574
 51
121.81663225134426
  0
LINE
  5
455
330
17
100
AcDbEntity
  8
SLOTS
100
AcDbLine
 10
21.496044047492443
 20
20.565039708149953
 30
0.0
 11
18.517073450252582
 21
18.71680226844208
 31
0.0
  0
LINE
  5
456
330
17
100
AcDbEntity
  8
SLOTS
100
AcDbLine
 10
18.385272828613417
 20
18.92923719056067
 30
0.0
 11
21.364243425853278
 21
20.777474630268543
 31
0.0
  0
ARC
  5
457
330
17
100
AcDbEntity
  8
SLOTS
100
AcDbCircle
 10
18.451173139433
 20
18.823019729501375
 30
0.0
 40
0.125
100
AcDbArc
 50
-238.1833677486557
 51
-58.18336774865571
  0
ARC
  5
458
330
17
100
AcDbEntity
  8
SLOTS
100
AcDbCircle
 10
21.43014373667286
 20
20.671257169209248
 30
0.0
 40
0.125
100
AcDbArc
 50
-58.18336774865571
 51
121.81663225134429
  0
LINE
  5
459
330
17
100
AcDbEntity
  8
SLOTS
100
AcDbLine
 10
23.142707354164386
 20
20.704052857001603
 30
0.0
 11
19.117074394693248
 21
18.206436545813325
 31
0.0
  0
LINE
  5
45A
330
17
100
AcDbEntity
  8
SLOTS
100
AcDbLine
 10
18.985273773054082
 20
18.418871467931915
 30
0.0
 11
23.01090673252522
 21
20.916487779120192
 31
0.0
  0
ARC
  5
45B
330
17
100
AcDbEntity
  8
SLOTS
100
AcDbCircle
 10
19.051174083873665
 20
18.31265400687262
 30
0.0
 40
0.125
100
AcDbArc
 50
-238.1833677486557
 51
-58.18336774865571
  0
ARC
  5
45C
330
17
100
AcDbEntity
  8
SLOTS
100
AcDbCircle
 10
23.076807043344804
 20
20.810270318060898
 30
0.0
 40
0.125
100
AcDbArc
 50
-58.18336774865571
 51
121.81663225134429
  0
LINE
  5
45D
330
17
100
AcDbEntity
  8
SLOTS
100
AcDbLine
 10
23.89917466490457
 20
20.29076328427435
 30
0.0
 11
20.305440129844918
 21
18.061108945885593
 31
0.0
  0
LINE
  5
45E
330
17
100
AcDbEntity
  8
SLOTS
100
AcDbLine
 10
20.173639508205753
 20
18.273543868004182
 30
0.0
 11
23.767374043265406
 21
20.50319820639294
 31
0.0
  0
ARC
  5
45F
330
17
100
AcDbEntity
  8
SLOTS
100
AcDbCircle
 10
20.239539819025335
 20
18.167326406944888
 30
0.0
 40
0.125
100
AcDbArc
 50
-238.18336774865574
 51
-58.18336774865574
  0
ARC
  5
460
330
17
100
AcDbEntity
  8
SLOTS
100
AcDbCircle
 10
23.83327435408499
 20
20.396980745333646
 30
0.0
 40
0.125
100
AcDbArc
 50
-58.18336774865574
 51
121.81663225134426
  0
LINE
  5
461
330
17
100
AcDbEntity
  8
SLOTS
100
AcDbLine
 10
24.387317741467584
 20
19.71099778323593
 30
0.0
 11
22.689445653659913
 21
18.65759001767132
 31
0.0
  0
LINE
  5
462
330
17
100
AcDbEntity
  8
SLOTS
100
AcDbLine
 10
22.557645032020748
 20
18.87002493978991
 30
0.0
 11
24.25551711982842
 21
19.923432705354518
 31
0.0
  0
ARC
  5
463
330
17
100
AcDbEntity
  8
SLOTS
100
AcDbCircle
 10
22.62354534284033
 20
18.763807478730616
 30
0.0
 40
0.125
100
AcDbArc
 50
-238.18336774865574
 51
-58.18336774865574
  0
ARC
  5
464
330
17
100
AcDbEntity
  8
SLOTS
100
AcDbCircle
 10
24.321417430648
 20
19.817215244295223
 30
0.0
 40
0.125
100
AcDbArc
 50
-58.18336774865574
 51
121.81663225134426
  0
LINE
  5
465
330
17
100
AcDbEntity
  8
SLOTS
100
AcDbLine
 10
25.63474791160625
 20
4.883201760081376
 30
0.0
 11
22.091945586666167
 21
4.109684611281527
 31
0.0
  0
LINE
  5
466
330
17
100
AcDbEntity
  8
SLOTS
100
AcDbLine
 10
22.03861814373906
 20
4.353930765459757
 30
0.0
 11
25.581420468679145
 21
5.127447914259606
 31
0.0
  0
ARC
  5
467
330
17
100
AcDbEntity
  8
SLOTS
100
AcDbCircle
 10
22.065281865202614
 20
4.231807688370642
 30
0.0
 40
0.125
100
AcDbArc
 50
-257.68361580475243
 51
-77.68361580475246
  0
ARC
  5
468
330
17
100
AcDbEntity
  8
SLOTS
100
AcDbCircle
 10
25.608084190142698
 20
5.005324837170491
 30
0.0
 40
0.125
100
AcDbArc
 50
-77.68361580475246
 51
102.31638419524754
  0
LINE
  5
469
330
17
100
AcDbEntity
  8
SLOTS
100
AcDbLine
 10
27.85754724370266
 20
4.6008481004659725
 30
0.0
 11
21.90962467470769
 21
3.302209428343876
 31
0.0
  0
LINE
  5
46A
330
17
100
AcDbEntity
  8
SLOTS
100
AcDbLine
 10
21.856297231780584
 20
3.5464555825221065
 30
0.0
 11
27.804219800775552
 21
4.845094254644202
 31
0.0
  0
ARC
  5
46B
330
17
100
AcDbEntity
  8
SLOTS
100
AcDbCircle
 10
21.882960953244137
 20
3.424332505432991
 30
0.0
 40
0.125
100
AcDbArc
 50
-257.68361580475243
 51
-77.68361580475243
  0
ARC
  5
46C
330
17
100
AcDbEntity
  8
SLOTS
100
AcDbCircle
 10
27.830883522239105
 20
4.722971177555087
 30
0.0
 40
0.125
100
AcDbArc
 50
-77.68361580475243
 51
102.31638419524757
  0
LINE
  5
46D
330
17
100
AcDbEntity
  8
SLOTS
100
AcDbLine
 10
27.375968192560524
 20
3.7280344421222997
 30
0.0
 11
22.200017814109156
 21
2.597944188177095
 31
0.0
  0
LINE
  5
46E
330
17
100
AcDbEntity
  8
SLOTS
100
AcDbLine
 10
22.14669037118205
 20
2.8421903423553254
 30
0.0
 11
27.32264074963342
 21
3.9722805963005303
 31
0.0
  0
ARC
  5
46F
330
17
100
AcDbEntity
  8
SLOTS
100
AcDbCircle
 10
22.173354092645603
 20
2.72006726526621
 30
0.0
 40
0.125
100
AcDbArc
 50
-257.68361580475243
 51
-77.68361580475246
  0
ARC
  5
470
330
17
100
AcDbEntity
  8
SLOTS
100
AcDbCircle
 10
27.34930447109697
 20
3.850157519211415
 30
0.0
 40
0.125
100
AcDbArc
 50
-77.68361580475246
 51
102.31638419524754
  0
LINE
  5
471
330
17
100
AcDbEntity
  8
SLOTS
100
AcDbLine
 10
26.894389141418387
 20
2.8552207837786274
 30
0.0
 11
22.490410953510626
 21
1.8936789480103131
 31
0.0
  0
LINE
  5
472
330
17
100
AcDbEntity
  8
SLOTS
100
AcDbLine
 10
22.43708351058352
 20
2.1379251021885435
 30
0.0
 11
26.84106169849128
 21
3.099466937956858
 31
0.0
  0
ARC
  5
473
330
17
100
AcDbEntity
  8
SLOTS
100
AcDbCircle
 10
22.463747232047073
 20
2.015802025099428
 30
0.0
 40
0.125
100
AcDbArc
 50
-257.68361580475243
 51
-77.68361580475243
  0
ARC
  5
474
330
17
100
AcDbEntity
  8
SLOTS
100
AcDbCircle
 10
26.867725419954834
 20
2.9773438608677427
 30
0.0
 40
0.125
100
AcDbArc
 50
-77.68361580475243
 51
102.31638419524757
  0
LINE
  5
475
330
17
100
AcDbEntity
  8
SLOTS
100
AcDbLine
 10
26.412810090276253
 20
1.982407125434956
 30
0.0
 11
22.780804092912092
 21
1.1894137078435323
 31
0.0
  0
LINE
  5
476
330
17
100
AcDbEntity
  8
SLOTS
100
AcDbLine
 10
22.727476649984986
 20
1.4336598620217624
 30
0.0
 11
26.359482647349147
 21
2.2266532796131866
 31
0.0
  0
ARC
  5
477
330
17
100
AcDbEntity
  8
SLOTS
100
AcDbCircle
 10
22.75414037144854
 20
1.3115367849326474
 30
0.0
 40
0.125
100
AcDbArc
 50
-257.68361580475243
 51
-77.68361580475243
  0
ARC
  5
478
330
17
100
AcDbEntity
  8
SLOTS
100
AcDbCircle
 10
26.3861463688127
 20
2.1045302025240713
 30
0.0
 40
0.125
100
AcDbArc
 50
-77.68361580475243
 51
102.31638419524757
  0
LINE
  5
479
330
17
100
AcDbEntity
  8
SLOTS
100
AcDbLine
 10
25.93123103913412
 20
1.1095934670912841
 30
0.0
 11
25.44245632816812
 21
1.0028769229108847
 31
0.0
  0
LINE
  5
47A
330
17
100
AcDbEntity
  8
SLOTS
100
AcDbLine
 10
25.389128885241014
 20
1.2471230770891153
 30
0.0
 11
25.877903596207013
 21
1.3538396212695143
 31
0.0
  0
ARC
  5
47B
330
17
100
AcDbEntity
  8
SLOTS
100
AcDbCircle
 10
25.415792606704567
 20
1.125
 30
0.0
 40
0.125
100
AcDbArc
 50
-257.68361580475243
 51
-77.68361580475246
  0
ARC
  5
47C
330
17
100
AcDbEntity
  8
SLOTS
100
AcDbCircle
 10
25.904567317670566
 20
1.2317165441803992
 30
0.0
 40
0.125
100
AcDbArc
 50
-77.68361580475246
 51
102.31638419524754
  0
LINE
  5
47D
330
17
100
AcDbEntity
  8
SLOTS
100
AcDbLine
 10
16.74147322990385
 20
2.463458282350889
 30
0.0
 11
17.267674847459343
 21
1.1721714758044512
 31
0.0
  0
LINE
  5
47E
330
17
100
AcDbEntity
  8
SLOTS
100
AcDbLine
 10
17.036159389051658
 20
1.0778285241955488
 30
0.0
 11
16.509957771496165
 21
2.369115330741986
 31
0.0
  0
ARC
  5
47F
330
17
100
AcDbEntity
  8
SLOTS
100
AcDbCircle
 10
17.1519171182555
 20
1.125
 30
0.0
 40
0.125
100
AcDbArc
 50
-157.82901898122213
 51
22.170981018777866
  0
ARC
  5
480
330
17
100
AcDbEntity
  8
SLOTS
100
AcDbCircle
 10
16.625715500700007
 20
2.4162868065464376
 30
0.0
 40
0.125
100
AcDbArc
 50
22.170981018777866
 51
202.17098101877787
  0
LINE
  5
481
330
17
100
AcDbEntity
  8
SLOTS
100
AcDbLine
 10
17.294530814743812
 20
3.093697412099696
 30
0.0
 11
18.077555972847627
 21
1.1721714758044515
 31
0.0
  0
LINE
  5
482
330
17
100
AcDbEntity
  8
SLOTS
100
AcDbLine
 10
17.84604051443994
 20
1.0778285241955485
 30
0.0
 11
17.063015356336127
 21
2.999354460490793
 31
0.0
  0
ARC
  5
483
330
17
100
AcDbEntity
  8
SLOTS
100
AcDbCircle
 10
17.961798243643784
 20
1.125
 30
0.0
 40
0.125
100
AcDbArc
 50
-157.82901898122208
 51
22.170981018777923
  0
ARC
  5
484
330
17
100
AcDbEntity
  8
SLOTS
100
AcDbCircle
 10
17.17877308553997
 20
3.0465259362952444
 30
0.0
 40
0.125
100
AcDbArc
 50
22.170981018777923
 51
202.17098101877792
  0
LINE
  5
485
330
17
100
AcDbEntity
  8
SLOTS
100
AcDbLine
 10
18.07880531238741
 20
3.1565354944310937
 30
0.0
 11
18.887437098235914
 21
1.1721714758044512
 31
0.0
  0
LINE
  5
486
330
17
100
AcDbEntity
  8
SLOTS
100
AcDbLine
 10
18.65592163982823
 20
1.0778285241955488
 30
0.0
 11
17.847289853979724
 21
3.0621925428221908
 31
0.0
  0
ARC
  5
487
330
17
100
AcDbEntity
  8
SLOTS
100
AcDbCircle
 10
18.77167936903207
 20
1.125
 30
0.0
 40
0.125
100
AcDbArc
 50
-157.82901898122213
 51
22.170981018777866
  0
ARC
  5
488
330
17
100
AcDbEntity
  8
SLOTS
100
AcDbCircle
 10
17.963047583183567
 20
3.1093640186266422
 30
0.0
 40
0.125
100
AcDbArc
 50
22.170981018777866
 51
202.17098101877787
  0
LINE
  5
489
330
17
100
AcDbEntity
  8
SLOTS
100
AcDbLine
 10
18.863079810031
 20
3.2193735767624907
 30
0.0
 11
19.697318223624194
 21
1.1721714758044512
 31
0.0
  0
LINE
  5
48A
330
17
100
AcDbEntity
  8
SLOTS
100
AcDbLine
 10
19.46580276521651
 20
1.0778285241955488
 30
0.0
 11
18.631564351623314
 21
3.1250306251535878
 31
0.0
  0
ARC
  5
48B
330
17
100
AcDbEntity
  8
SLOTS
100
AcDbCircle
 10
19.58156049442035
 20
1.125
 30
0.0
 40
0.125
100
AcDbArc
 50
-157.8290189812222
 51
22.170981018777823
  0
ARC
  5
48C
330
17
100
AcDbEntity
  8
SLOTS
100
AcDbCircle
 10
18.747322080827157
 20
3.1722021009580392
 30
0.0
 40
0.125
100
AcDbArc
 50
22.170981018777823
 51
202.1709810187778
  0
LINE
  5
48D
330
17
100
AcDbEntity
  8
SLOTS
100
AcDbLine
 10
19.64735430767459
 20
3.282211659093888
 30
0.0
 11
20.507199349012478
 21
1.1721714758044512
 31
0.0
  0
LINE
  5
48E
330
17
100
AcDbEntity
  8
SLOTS
100
AcDbLine
 10
20.275683890604792
 20
1.0778285241955488
 30
0.0
 11
19.415838849266905
 21
3.187868707484985
 31
0.0
  0
ARC
  5
48F
330
17
100
AcDbEntity
  8
SLOTS
100
AcDbCircle
 10
20.391441619808635
 20
1.125
 30
0.0
 40
0.125
100
AcDbArc
 50
-157.82901898122213
 51
22.170981018777866
  0
ARC
  5
490
330
17
100
AcDbEntity
  8
SLOTS
100
AcDbCircle
 10
19.531596578470747
 20
3.2350401832894367
 30
0.0
 40
0.125
100
AcDbArc
 50
22.170981018777866
 51
202.17098101877787
  0
LINE
  5
491
330
17
100
AcDbEntity
  8
SLOTS
100
AcDbLine
 10
20.431628805318184
 20
3.3450497414252855
 30
0.0
 11
21.317080474400765
 21
1.1721714758044515
 31
0.0
  0
LINE
  5
492
330
17
100
AcDbEntity
  8
SLOTS
100
AcDbLine
 10
21.08556501599308
 20
1.0778285241955485
 30
0.0
 11
20.2001133469105
 21
3.2507067898163826
 31
0.0
  0
ARC
  5
493
330
17
100
AcDbEntity
  8
SLOTS
100
AcDbCircle
 10
21.201322745196922
 20
1.125
 30
0.0
 40
0.125
100
AcDbArc
 50
-157.82901898122213
 51
22.17098101877788
  0
ARC
  5
494
330
17
100
AcDbEntity
  8
SLOTS
100
AcDbCircle
 10
20.31587107611434
 20
3.297878265620834
 30
0.0
 40
0.125
100
AcDbArc
 50
22.17098101877788
 51
202.17098101877787
  0
LINE
  5
495
330
17
100
AcDbEntity
  8
SLOTS
100
AcDbLine
 10
21.40219041664155
 20
2.9507434819323457
 30
0.0
 11
22.12696159978905
 21
1.1721714758044515
 31
0.0
  0
LINE
  5
496
330
17
100
AcDbEntity
  8
SLOTS
100
AcDbLine
 10
21.895446141381363
 20
1.0778285241955485
 30
0.0
 11
21.170674958233864
 21
2.8564005303234428
 31
0.0
  0
ARC
  5
497
330
17
100
AcDbEntity
  8
SLOTS
100
AcDbCircle
 10
22.011203870585206
 20
1.125
 30
0.0
 40
0.125
100
AcDbArc
 50
-157.82901898122213
 51
22.17098101877788
  0
ARC
  5
498
330
17
100
AcDbEntity
  8
SLOTS
100
AcDbCircle
 10
21.286432687437706
 20
2.9035720061278942
 30
0.0
 40
0.125
100
AcDbArc
 50
22.17098101877788
 51
202.17098101877787
  0
LINE
  5
499
330
17
100
AcDbEntity
  8
SLOTS
100
AcDbLine
 10
6.5065429256024006
 20
18.863567779358018
 30
0.0
 11
6.373694738702652
 21
18.825095887195058
 31
0.0
  0
LINE
  5
49A
330
17
100
AcDbEntity
  8
SLOTS
100
AcDbLine
 10
6.3041538049147965
 20
19.065229305377354
 30
0.0
 11
6.437001991814545
 21
19.103701197540314
 31
0.0
  0
ARC
  5
49B
330
17
100
AcDbEntity
  8
SLOTS
100
AcDbCircle
 10
6.338924271808724
 20
18.945162596286206
 30
0.0
 40
0.125
100
AcDbArc
 50
-253.8493587899234
 51
-73.8493587899234
  0
ARC
  5
49C
330
17
100
AcDbEntity
  8
SLOTS
100
AcDbCircle
 10
6.471772458708473
 20
18.983634488449166
 30
0.0
 40
0.125
100
AcDbArc
 50
-73.8493587899234
 51
106.1506412100766
  0
LINE
  5
49D
330
17
100
AcDbEntity
  8
SLOTS
100
AcDbLine
 10
8.739120650663942
 20
18.729290507625795
 30
0.0
 11
6.651427412081817
 21
18.124709361142536
 31
0.0
  0
LINE
  5
49E
330
17
100
AcDbEntity
  8
SLOTS
100
AcDbLine
 10
6.581886478293961
 20
18.36484277932483
 30
0.0
 11
8.669579716876086
 21
18.96942392580809
 31
0.0
  0
ARC
  5
49F
330
17
100
AcDbEntity
  8
SLOTS
100
AcDbCircle
 10
6.616656945187889
 20
18.244776070233684
 30
0.0
 40
0.125
100
AcDbArc
 50
-253.8493587899234
 51
-73.8493587899234
  0
ARC
  5
4A0
330
17
100
AcDbEntity
  8
SLOTS
100
AcDbCircle
 10
8.704350183770014
 20
18.849357216716943
 30
0.0
 40
0.125
100
AcDbArc
 50
-73.8493587899234
 51
106.1506412100766
  0
LINE
  5
4A1
330
17
100
AcDbEntity
  8
SLOTS
100
AcDbLine
 10
9.358428381396768
 20
18.127821694179946
 30
0.0
 11
6.92916008546098
 21
17.424322835090013
 31
0.0
  0
LINE
  5
4A2
330
17
100
AcDbEntity
  8
SLOTS
100
AcDbLine
 10
6.859619151673124
 20
17.66445625327231
 30
0.0
 11
9.288887447608912
 21
18.367955112362242
 31
0.0
  0
ARC
  5
4A3
330
17
100
AcDbEntity
  8
SLOTS
100
AcDbCircle
 10
6.894389618567052
 20
17.54438954418116
 30
0.0
 40
0.125
100
AcDbArc
 50
-253.8493587899234
 51
-73.8493587899234
  0
ARC
  5
4A4
330
17
100
AcDbEntity
  8
SLOTS
100
AcDbCircle
 10
9.32365791450284
 20
18.247888403271094
 30
0.0
 40
0.125
100
AcDbArc
 50
-73.8493587899234
 51
106.1506412100766
  0
LINE
  5
4A5
330
17
100
AcDbEntity
  8
SLOTS
100
AcDbLine
 10
9.267438710911795
 20
17.320655793999272
 30
0.0
 11
7.206892758840145
 21
16.72393630903749
 31
0.0
  0
LINE
  5
4A6
330
17
100
AcDbEntity
  8
SLOTS
100
AcDbLine
 10
7.137351825052288
 20
16.964069727219787
 30
0.0
 11
9.19789777712394
 21
17.560789212181568
 31
0.0
  0
ARC
  5
4A7
330
17
100
AcDbEntity
  8
SLOTS
100
AcDbCircle
 10
7.172122291946216
 20
16.84400301812864
 30
0.0
 40
0.125
100
AcDbArc
 50
-253.84935878992337
 51
-73.84935878992337
  0
ARC
  5
4A8
330
17
100
AcDbEntity
  8
SLOTS
100
AcDbCircle
 10
9.232668244017868
 20
17.44072250309042
 30
0.0
 40
0.125
100
AcDbArc
 50
-73.84935878992337
 51
106.15064121007663
  0
LINE
  5
4A9
330
17
100
AcDbEntity
  8
SLOTS
100
AcDbLine
 10
7.66904150519815
 20
16.076955369002583
 30
0.0
 11
7.4846254322193095
 21
16.02354978298497
 31
0.0
  0
LINE
  5
4AA
330
17
100
AcDbEntity
  8
SLOTS
100
AcDbLine
 10
7.415084498431452
 20
16.263683201167265
 30
0.0
 11
7.599500571410292
 21
16.31708878718488
 31
0.0
  0
ARC
  5
4AB
330
17
100
AcDbEntity
  8
SLOTS
100
AcDbCircle
 10
7.449854965325381
 20
16.143616492076116
 30
0.0
 40
0.125
100
AcDbArc
 50
-253.84935878992306
 51
-73.84935878992306
  0
ARC
  5
4AC
330
17
100
AcDbEntity
  8
SLOTS
100
AcDbCircle
 10
7.634271038304221
 20
16.19702207809373
 30
0.0
 40
0.125
100
AcDbArc
 50
-73.84935878992306
 51
106.15064121007694
  0
LINE
  5
4AD
330
17
100
AcDbEntity
  8
SLOTS
100
AcDbLine
 10
20.22772880786117
 20
11.09788340841873
 30
0.0
 11
21.56607218370141
 21
11.931789391260736
 31
0.0
  0
LINE
  5
4AE
330
17
100
AcDbEntity
  8
SLOTS
100
AcDbLine
 10
21.69828009268897
 20
11.719607703075496
 30
0.0
 11
20.35993671684873
 21
10.88570172023349
 31
0.0
  0
ARC
  5
4AF
330
17
100
AcDbEntity
  8
SLOTS
100
AcDbCircle
 10
21.63217613819519
 20
11.825698547168116
 30
0.0
 40
0.125
100
AcDbArc
 50
-58.07345288244836
 51
121.92654711755165
  0
ARC
  5
4B0
330
17
100
AcDbEntity
  8
SLOTS
100
AcDbCircle
 10
20.29383276235495
 20
10.99179256432611
 30
0.0
 40
0.125
100
AcDbArc
 50
121.92654711755165
 51
301.92654711755165
  0
LINE
  5
4B1
330
17
100
AcDbEntity
  8
SLOTS
100
AcDbLine
 10
18.6059339977061
 20
10.971038811754106
 30
0.0
 11
21.85920596099505
 21
12.998114226757812
 31
0.0
  0
LINE
  5
4B2
330
17
100
AcDbEntity
  8
SLOTS
100
AcDbLine
 10
21.991413869982612
 20
12.785932538572572
 30
0.0
 11
18.73814190669366
 21
10.758857123568866
 31
0.0
  0
ARC
  5
4B3
330
17
100
AcDbEntity
  8
SLOTS
100
AcDbCircle
 10
21.925309915488832
 20
12.892023382665192
 30
0.0
 40
0.125
100
AcDbArc
 50
-58.073452882448336
 51
121.92654711755166
  0
ARC
  5
4B4
330
17
100
AcDbEntity
  8
SLOTS
100
AcDbCircle
 10
18.67203795219988
 20
10.864947967661486
 30
0.0
 40
0.125
100
AcDbArc
 50
121.92654711755166
 51
301.92654711755165
  0
LINE
  5
4B5
330
17
100
AcDbEntity
  8
SLOTS
100
AcDbLine
 10
16.984139187551023
 20
10.844194215089482
 30
0.0
 11
21.84180259930385
 21
13.870947031159718
 31
0.0
  0
LINE
  5
4B6
330
17
100
AcDbEntity
  8
SLOTS
100
AcDbLine
 10
21.97401050829141
 20
13.658765342974478
 30
0.0
 11
17.116347096538583
 21
10.632012526904242
 31
0.0
  0
ARC
  5
4B7
330
17
100
AcDbEntity
  8
SLOTS
100
AcDbCircle
 10
21.90790655379763
 20
13.764856187067098
 30
0.0
 40
0.125
100
AcDbArc
 50
-58.073452882448336
 51
121.92654711755166
  0
ARC
  5
4B8
330
17
100
AcDbEntity
  8
SLOTS
100
AcDbCircle
 10
17.050243142044803
 20
10.738103370996862
 30
0.0
 40
0.125
100
AcDbArc
 50
121.92654711755166
 51
301.92654711755165
  0
LINE
  5
4B9
330
17
100
AcDbEntity
  8
SLOTS
100
AcDbLine
 10
15.400413838488337
 20
10.741070250918431
 30
0.0
 11
21.370603364052403
 21
14.461024975499406
 31
0.0
  0
LINE
  5
4BA
330
17
100
AcDbEntity
  8
SLOTS
100
AcDbLine
 10
21.502811273039963
 20
14.248843287314166
 30
0.0
 11
15.532621747475893
 21
10.528888562733192
 31
0.0
  0
ARC
  5
4BB
330
17
100
AcDbEntity
  8
SLOTS
100
AcDbCircle
 10
21.436707318546183
 20
14.354934131406786
 30
0.0
 40
0.125
100
AcDbArc
 50
-58.073452882448336
 51
121.92654711755166
  0
ARC
  5
4BC
330
17
100
AcDbEntity
  8
SLOTS
100
AcDbCircle
 10
15.466517792982115
 20
10.634979406825812
 30
0.0
 40
0.125
100
AcDbArc
 50
121.92654711755166
 51
301.92654711755165
  0
LINE
  5
4BD
330
17
100
AcDbEntity
  8
SLOTS
100
AcDbLine
 10
14.163952162567849
 20
10.854322188391578
 30
0.0
 11
20.899404128800956
 21
15.05110291983909
 31
0.0
  0
LINE
  5
4BE
330
17
100
AcDbEntity
  8
SLOTS
100
AcDbLine
 10
21.031612037788516
 20
14.83892123165385
 30
0.0
 11
14.296160071555406
 21
10.642140500206338
 31
0.0
  0
ARC
  5
4BF
330
17
100
AcDbEntity
  8
SLOTS
100
AcDbCircle
 10
20.965508083294736
 20
14.94501207574647
 30
0.0
 40
0.125
100
AcDbArc
 50
-58.07345288244836
 51
121.92654711755165
  0
ARC
  5
4C0
330
17
100
AcDbEntity
  8
SLOTS
100
AcDbCircle
 10
14.230056117061627
 20
10.748231344298958
 30
0.0
 40
0.125
100
AcDbArc
 50
121.92654711755165
 51
301.92654711755165
  0
LINE
  5
4C1
330
17
100
AcDbEntity
  8
SLOTS
100
AcDbLine
 10
13.802899968280487
 20
11.513031455686503
 30
0.0
 11
20.428204893549506
 21
15.641180864178779
 31
0.0
  0
LINE
  5
4C2
330
17
100
AcDbEntity
  8
SLOTS
100
AcDbLine
 10
20.560412802537066
 20
15.428999175993539
 30
0.0
 11
13.935107877268043
 21
11.300849767501264
 31
0.0
  0
ARC
  5
4C3
330
17
100
AcDbEntity
  8
SLOTS
100
AcDbCircle
 10
20.494308848043286
 20
15.535090020086159
 30
0.0
 40
0.125
100
AcDbArc
 50
-58.07345288244834
 51
121.92654711755165
  0
ARC
  5
4C4
330
17
100
AcDbEntity
  8
SLOTS
100
AcDbCircle
 10
13.869003922774265
 20
11.406940611593884
 30
0.0
 40
0.125
100
AcDbArc
 50
121.92654711755165
 51
301.92654711755165
  0
LINE
  5
4C5
330
17
100
AcDbEntity
  8
SLOTS
100
AcDbLine
 10
13.441847773993125
 20
12.171740722981427
 30
0.0
 11
19.95700565829806
 21
16.231258808518465
 31
0.0
  0
LINE
  5
4C6
330
17
100
AcDbEntity
  8
SLOTS
100
AcDbLine
 10
20.08921356728562
 20
16.019077120333225
 30
0.0
 11
13.574055682980681
 21
11.959559034796188
 31
0.0
  0
ARC
  5
4C7
330
17
100
AcDbEntity
  8
SLOTS
100
AcDbCircle
 10
20.02310961279184
 20
16.125167964425845
 30
0.0
 40
0.125
100
AcDbArc
 50
-58.07345288244834
 51
121.92654711755165
  0
ARC
  5
4C8
330
17
100
AcDbEntity
  8
SLOTS
100
AcDbCircle
 10
13.507951728486903
 20
12.065649878888808
 30
0.0
 40
0.125
100
AcDbArc
 50
121.92654711755165
 51
301.92654711755165
  0
LINE
  5
4C9
330
17
100
AcDbEntity
  8
SLOTS
100
AcDbLine
 10
13.365573591450264
 20
13.007891812803024
 30
0.0
 11
19.48580642304661
 21
16.82133675285815
 31
0.0
  0
LINE
  5
4CA
330
17
100
AcDbEntity
  8
SLOTS
100
AcDbLine
 10
19.61801433203417
 20
16.609155064672912
 30
0.0
 11
13.49778150043782
 21
12.795710124617784
 31
0.0
  0
ARC
  5
4CB
330
17
100
AcDbEntity
  8
SLOTS
100
AcDbCircle
 10
19.55191037754039
 20
16.71524590876553
 30
0.0
 40
0.125
100
AcDbArc
 50
-58.07345288244835
 51
121.92654711755165
  0
ARC
  5
4CC
330
17
100
AcDbEntity
  8
SLOTS
100
AcDbCircle
 10
13.431677545944043
 20
12.901800968710404
 30
0.0
 40
0.125
100
AcDbArc
 50
121.92654711755165
 51
301.92654711755165
  0
LINE
  5
4CD
330
17
100
AcDbEntity
  8
SLOTS
100
AcDbLine
 10
14.300271701198987
 20
14.473967821930295
 30
0.0
 11
19.012964955389105
 21
17.410391441542114
 31
0.0
  0
LINE
  5
4CE
330
17
100
AcDbEntity
  8
SLOTS
100
AcDbLine
 10
19.145172864376665
 20
17.198209753356874
 30
0.0
 11
14.432479610186544
 21
14.261786133745055
 31
0.0
  0
ARC
  5
4CF
330
17
100
AcDbEntity
  8
SLOTS
100
AcDbCircle
 10
19.079068909882885
 20
17.304300597449494
 30
0.0
 40
0.125
100
AcDbArc
 50
-58.07345288244835
 51
121.92654711755165
  0
ARC
  5
4D0
330
17
100
AcDbEntity
  8
SLOTS
100
AcDbCircle
 10
14.366375655692766
 20
14.367876977837675
 30
0.0
 40
0.125
100
AcDbArc
 50
121.92654711755165
 51
301.92654711755165
  0
LINE
  5
4D1
330
17
100
AcDbEntity
  8
SLOTS
100
AcDbLine
 10
15.330764434187591
 20
15.999732331696409
 30
0.0
 11
18.413332204243922
 21
17.920443975934987
 31
0.0
  0
LINE
  5
4D2
330
17
100
AcDbEntity
  8
SLOTS
100
AcDbLine
 10
18.545540113231482
 20
17.708262287749747
 30
0.0
 11
15.462972343175148
 21
15.78755064351117
 31
0.0
  0
ARC
  5
4D3
330
17
100
AcDbEntity
  8
SLOTS
100
AcDbCircle
 10
18.479436158737702
 20
17.814353131842367
 30
0.0
 40
0.125
100
AcDbArc
 50
-58.073452882448336
 51
121.92654711755166
  0
ARC
  5
4D4
330
17
100
AcDbEntity
  8
SLOTS
100
AcDbCircle
 10
15.39686838868137
 20
15.893641487603789
 30
0.0
 40
0.125
100
AcDbArc
 50
121.92654711755166
 51
301.92654711755165
  0
LINE
  5
4D5
330
17
100
AcDbEntity
  8
SLOTS
100
AcDbLine
 10
16.3612571671762
 20
17.52549684146253
 30
0.0
 11
17.81369945309874
 21
18.43049651032786
 31
0.0
  0
LINE
  5
4D6
330
17
100
AcDbEntity
  8
SLOTS
100
AcDbLine
 10
17.9459073620863
 20
18.21831482214262
 30
0.0
 11
16.49346507616376
 21
17.31331515327729
 31
0.0
  0
ARC
  5
4D7
330
17
100
AcDbEntity
  8
SLOTS
100
AcDbCircle
 10
17.87980340759252
 20
18.32440566623524
 30
0.0
 40
0.125
100
AcDbArc
 50
-58.07345288244836
 51
121.92654711755165
  0
ARC
  5
4D8
330
17
100
AcDbEntity
  8
SLOTS
100
AcDbCircle
 10
16.42736112166998
 20
17.41940599736991
 30
0.0
 40
0.125
100
AcDbArc
 50
121.92654711755165
 51
301.92654711755165
  0
LINE
  5
4D9
330
17
100
AcDbEntity
  8
SLOTS
100
AcDbLine
 10
26.5320327166891
 20
21.47872827902525
 30
0.0
 11
26.670538198486724
 21
21.664197905463364
 31
0.0
  0
LINE
  5
4DA
330
17
100
AcDbEntity
  8
SLOTS
100
AcDbLine
 10
26.870847124826497
 20
21.51461069334746
 30
0.0
 11
26.73234164302887
 21
21.329141066909347
 31
0.0
  0
ARC
  5
4DB
330
17
100
AcDbEntity
  8
SLOTS
100
AcDbCircle
 10
26.77069266165661
 20
21.589404299405413
 30
0.0
 40
0.125
100
AcDbArc
 50
-36.75173392950459
 51
143.24826607049542
  0
ARC
  5
4DC
330
17
100
AcDbEntity
  8
SLOTS
100
AcDbCircle
 10
26.632187179858985
 20
21.4039346729673
 30
0.0
 40
0.125
100
AcDbArc
 50
143.24826607049542
 51
323.2482660704954
  0
LINE
  5
4DD
330
17
100
AcDbEntity
  8
SLOTS
100
AcDbLine
 10
25.221775491890625
 20
20.977641208358865
 30
0.0
 11
26.164336411933803
 21
22.239803683566883
 31
0.0
  0
LINE
  5
4DE
330
17
100
AcDbEntity
  8
SLOTS
100
AcDbLine
 10
26.364645338273576
 20
22.09021647145098
 30
0.0
 11
25.422084418230398
 21
20.82805399624296
 31
0.0
  0
ARC
  5
4DF
330
17
100
AcDbEntity
  8
SLOTS
100
AcDbCircle
 10
26.26449087510369
 20
22.16501007750893
 30
0.0
 40
0.125
100
AcDbArc
 50
-36.75173392950484
 51
143.24826607049516
  0
ARC
  5
4E0
330
17
100
AcDbEntity
  8
SLOTS
100
AcDbCircle
 10
25.32192995506051
 20
20.902847602300913
 30
0.0
 40
0.125
100
AcDbArc
 50
143.24826607049516
 51
323.24826607049516
  0
LINE
  5
4E1
330
17
100
AcDbEntity
  8
SLOTS
100
AcDbLine
 10
24.31057443157475
 20
21.010921419000194
 30
0.0
 11
25.65813462538088
 21
22.815409461670402
 31
0.0
  0
LINE
  5
4E2
330
17
100
AcDbEntity
  8
SLOTS
100
AcDbLine
 10
25.858443551720654
 20
22.6658222495545
 30
0.0
 11
24.510883357914523
 21
20.86133420688429
 31
0.0
  0
ARC
  5
4E3
330
17
100
AcDbEntity
  8
SLOTS
100
AcDbCircle
 10
25.758289088550768
 20
22.74061585561245
 30
0.0
 40
0.125
100
AcDbArc
 50
-36.75173392950484
 51
143.24826607049516
  0
ARC
  5
4E4
330
17
100
AcDbEntity
  8
SLOTS
100
AcDbCircle
 10
24.410728894744636
 20
20.936127812942242
 30
0.0
 40
0.125
100
AcDbArc
 50
143.24826607049516
 51
323.24826607049516
  0
LINE
  5
4E5
330
17
100
AcDbEntity
  8
SLOTS
100
AcDbLine
 10
23.645762490910816
 20
21.37413584875807
 30
0.0
 11
25.15193283882796
 21
23.391015239773918
 31
0.0
  0
LINE
  5
4E6
330
17
100
AcDbEntity
  8
SLOTS
100
AcDbLine
 10
25.352241765167733
 20
23.241428027658014
 30
0.0
 11
23.846071417250588
 21
21.224548636642165
 31
0.0
  0
ARC
  5
4E7
330
17
100
AcDbEntity
  8
SLOTS
100
AcDbCircle
 10
25.252087301997847
 20
23.316221633715966
 30
0.0
 40
0.125
100
AcDbArc
 50
-36.751733929504894
 51
143.2482660704951
  0
ARC
  5
4E8
330
17
100
AcDbEntity
  8
SLOTS
100
AcDbCircle
 10
23.745916954080702
 20
21.299342242700117
 30
0.0
 40
0.125
100
AcDbArc
 50
143.2482660704951
 51
323.2482660704951
  0
LINE
  5
4E9
330
17
100
AcDbEntity
  8
SLOTS
100
AcDbLine
 10
15.184058103635731
 20
1.1970755235138837
 30
0.0
 11
15.765401179653091
 21
2.020813955218897
 31
0.0
  0
LINE
  5
4EA
330
17
100
AcDbEntity
  8
SLOTS
100
AcDbLine
 10
15.969657086889084
 20
1.8766629081911295
 30
0.0
 11
15.388314010871724
 21
1.0529244764861163
 31
0.0
  0
ARC
  5
4EB
330
17
100
AcDbEntity
  8
SLOTS
100
AcDbCircle
 10
15.867529133271088
 20
1.9487384317050132
 30
0.0
 40
0.125
100
AcDbArc
 50
-35.21205204561355
 51
144.78794795438645
  0
ARC
  5
4EC
330
17
100
AcDbEntity
  8
SLOTS
100
AcDbCircle
 10
15.286186057253728
 20
1.125
 30
0.0
 40
0.125
100
AcDbArc
 50
144.78794795438645
 51
324.7879479543865
  0
LINE
  5
4ED
330
17
100
AcDbEntity
  8
SLOTS
100
AcDbLine
 10
14.266091996621913
 20
1.1970755235138837
 30
0.0
 11
15.71462074704826
 21
3.2495792005684097
 31
0.0
  0
LINE
  5
4EE
330
17
100
AcDbEntity
  8
SLOTS
100
AcDbLine
 10
15.918876654284253
 20
3.1054281535406423
 30
0.0
 11
14.470347903857906
 21
1.0529244764861163
 31
0.0
  0
ARC
  5
4EF
330
17
100
AcDbEntity
  8
SLOTS
100
AcDbCircle
 10
15.816748700666256
 20
3.177503677054526
 30
0.0
 40
0.125
100
AcDbArc
 50
-35.21205204561356
 51
144.78794795438642
  0
ARC
  5
4F0
330
17
100
AcDbEntity
  8
SLOTS
100
AcDbCircle
 10
14.36821995023991
 20
1.125
 30
0.0
 40
0.125
100
AcDbArc
 50
144.78794795438642
 51
324.7879479543864
  0
LINE
  5
4F1
330
17
100
AcDbEntity
  8
SLOTS
100
AcDbLine
 10
13.348125889608093
 20
1.1970755235138837
 30
0.0
 11
15.063694110002125
 21
3.6279627803669072
 31
0.0
  0
LINE
  5
4F2
330
17
100
AcDbEntity
  8
SLOTS
100
AcDbLine
 10
15.267950017238118
 20
3.48381173333914
 30
0.0
 11
13.552381796844086
 21
1.0529244764861163
 31
0.0
  0
ARC
  5
4F3
330
17
100
AcDbEntity
  8
SLOTS
100
AcDbCircle
 10
15.165822063620121
 20
3.5558872568530235
 30
0.0
 40
0.125
100
AcDbArc
 50
-35.21205204561356
 51
144.78794795438642
  0
ARC
  5
4F4
330
17
100
AcDbEntity
  8
SLOTS
100
AcDbCircle
 10
13.45025384322609
 20
1.125
 30
0.0
 40
0.125
100
AcDbArc
 50
144.78794795438642
 51
324.7879479543864
  0
LINE
  5
4F5
330
17
100
AcDbEntity
  8
SLOTS
100
AcDbLine
 10
12.430159782594274
 20
1.1970755235138837
 30
0.0
 11
14.41276747295599
 21
4.006346360165405
 31
0.0
  0
LINE
  5
4F6
330
17
100
AcDbEntity
  8
SLOTS
100
AcDbLine
 10
14.617023380191982
 20
3.8621953131376374
 30
0.0
 11
12.634415689830266
 21
1.0529244764861163
 31
0.0
  0
ARC
  5
4F7
330
17
100
AcDbEntity
  8
SLOTS
100
AcDbCircle
 10
14.514895426573986
 20
3.934270836651521
 30
0.0
 40
0.125
100
AcDbArc
 50
-35.21205204561356
 51
144.78794795438642
  0
ARC
  5
4F8
330
17
100
AcDbEntity
  8
SLOTS
100
AcDbCircle
 10
12.53228773621227
 20
1.125
 30
0.0
 40
0.125
100
AcDbArc
 50
144.78794795438642
 51
324.7879479543864
  0
LINE
  5
4F9
330
17
100
AcDbEntity
  8
SLOTS
100
AcDbLine
 10
25.175398370296058
 20
18.59692620565829
 30
0.0
 11
25.41366510169161
 21
18.725666551006242
 31
0.0
  0
LINE
  5
4FA
330
17
100
AcDbEntity
  8
SLOTS
100
AcDbLine
 10
25.532506866090063
 20
18.50571965961047
 30
0.0
 11
25.294240134694512
 21
18.376979314262517
 31
0.0
  0
ARC
  5
4FB
330
17
100
AcDbEntity
  8
SLOTS
100
AcDbCircle
 10
25.473085983890837
 20
18.615693105308356
 30
0.0
 40
0.125
100
AcDbArc
 50
-61.616748200027914
 51
118.38325179997209
  0
ARC
  5
4FC
330
17
100
AcDbEntity
  8
SLOTS
100
AcDbCircle
 10
25.234819252495285
 20
18.486952759960403
 30
0.0
 40
0.125
100
AcDbArc
 50
118.38325179997209
 51
298.3832517999721
  0
LINE
  5
4FD
330
17
100
AcDbEntity
  8
SLOTS
100
AcDbLine
 10
24.920850070897593
 20
19.31186711697087
 30
0.0
 11
25.72990351759245
 21
19.74901509613853
 31
0.0
  0
LINE
  5
4FE
330
17
100
AcDbEntity
  8
SLOTS
100
AcDbLine
 10
25.848745281990904
 20
19.529068204742757
 30
0.0
 11
25.039691835296047
 21
19.091920225575098
 31
0.0
  0
ARC
  5
4FF
330
17
100
AcDbEntity
  8
SLOTS
100
AcDbCircle
 10
25.789324399791678
 20
19.639041650440642
 30
0.0
 40
0.125
100
AcDbArc
 50
-61.61674820002776
 51
118.38325179997224
  0
ARC
  5
500
330
17
100
AcDbEntity
  8
SLOTS
100
AcDbCircle
 10
24.98027095309682
 20
19.201893671272984
 30
0.0
 40
0.125
100
AcDbArc
 50
118.38325179997224
 51
298.38325179997224
  0
LINE
  5
501
330
17
100
AcDbEntity
  8
SLOTS
100
AcDbLine
 10
20.460557888560306
 20
17.34985753883556
 30
0.0
 11
20.260638410783866
 21
17.08075238206931
 31
0.0
  0
LINE
  5
502
330
17
100
AcDbEntity
  8
SLOTS
100
AcDbLine
 10
20.059957014630438
 20
17.229839528523694
 30
0.0
 11
20.259876492406878
 21
17.498944685289946
 31
0.0
  0
ARC
  5
503
330
17
100
AcDbEntity
  8
SLOTS
100
AcDbCircle
 10
20.160297712707152
 20
17.155295955296502
 30
0.0
 40
0.125
100
AcDbArc
 50
-216.60882954790625
 51
-36.608829547906254
  0
ARC
  5
504
330
17
100
AcDbEntity
  8
SLOTS
100
AcDbCircle
 10
20.360217190483592
 20
17.424401112062753
 30
0.0
 40
0.125
100
AcDbArc
 50
-36.608829547906254
 51
143.39117045209375
  0
LINE
  5
505
330
17
100
AcDbEntity
  8
SLOTS
100
AcDbLine
 10
21.608191907250436
 20
17.636996961394704
 30
0.0
 11
20.74465715400611
 21
16.474620700064243
 31
0.0
  0
LINE
  5
506
330
17
100
AcDbEntity
  8
SLOTS
100
AcDbLine
 10
20.54397575785268
 20
16.623707846518627
 30
0.0
 11
21.40751051109701
 21
17.78608410784909
 31
0.0
  0
ARC
  5
507
330
17
100
AcDbEntity
  8
SLOTS
100
AcDbCircle
 10
20.644316455929395
 20
16.549164273291435
 30
0.0
 40
0.125
100
AcDbArc
 50
-216.6088295479067
 51
-36.60882954790671
  0
ARC
  5
508
330
17
100
AcDbEntity
  8
SLOTS
100
AcDbCircle
 10
21.507851209173722
 20
17.711540534621896
 30
0.0
 40
0.125
100
AcDbArc
 50
-36.60882954790671
 51
143.3911704520933
  0
LINE
  5
509
330
17
100
AcDbEntity
  8
SLOTS
100
AcDbLine
 10
22.755825925940567
 20
17.92413638395385
 30
0.0
 11
21.228675897228356
 21
15.868489018059176
 31
0.0
  0
LINE
  5
50A
330
17
100
AcDbEntity
  8
SLOTS
100
AcDbLine
 10
21.02799450107493
 20
16.01757616451356
 30
0.0
 11
22.55514452978714
 21
18.073223530408235
 31
0.0
  0
ARC
  5
50B
330
17
100
AcDbEntity
  8
SLOTS
100
AcDbCircle
 10
21.128335199151643
 20
15.943032591286368
 30
0.0
 40
0.125
100
AcDbArc
 50
-216.60882954790668
 51
-36.608829547906666
  0
ARC
  5
50C
330
17
100
AcDbEntity
  8
SLOTS
100
AcDbCircle
 10
22.655485227863853
 20
17.998679957181043
 30
0.0
 40
0.125
100
AcDbArc
 50
-36.608829547906666
 51
143.39117045209332
  0
LINE
  5
50D
330
17
100
AcDbEntity
  8
SLOTS
100
AcDbLine
 10
23.903459944630697
 20
18.211275806512997
 30
0.0
 11
21.712694640450604
 21
15.26235733605411
 31
0.0
  0
LINE
  5
50E
330
17
100
AcDbEntity
  8
SLOTS
100
AcDbLine
 10
21.512013244297176
 20
15.411444482508495
 30
0.0
 11
23.70277854847727
 21
18.36036295296738
 31
0.0
  0
ARC
  5
50F
330
17
100
AcDbEntity
  8
SLOTS
100
AcDbCircle
 10
21.61235394237389
 20
15.336900909281303
 30
0.0
 40
0.125
100
AcDbArc
 50
-216.60882954790668
 51
-36.608829547906666
  0
ARC
  5
510
330
17
100
AcDbEntity
  8
SLOTS
100
AcDbCircle
 10
23.803119246553983
 20
18.28581937974019
 30
0.0
 40
0.125
100
AcDbArc
 50
-36.608829547906666
 51
143.39117045209332
  0
LINE
  5
511
330
17
100
AcDbEntity
  8
SLOTS
100
AcDbLine
 10
24.69564666951318
 20
18.019959098703453
 30
0.0
 11
22.19671338367285
 21
14.656225654049042
 31
0.0
  0
LINE
  5
512
330
17
100
AcDbEntity
  8
SLOTS
100
AcDbLine
 10
21.996031987519423
 20
14.805312800503426
 30
0.0
 11
24.494965273359753
 21
18.169046245157837
 31
0.0
  0
ARC
  5
513
330
17
100
AcDbEntity
  8
SLOTS
100
AcDbCircle
 10
22.096372685596137
 20
14.730769227276234
 30
0.0
 40
0.125
100
AcDbArc
 50
-216.60882954790662
 51
-36.60882954790664
  0
ARC
  5
514
330
17
100
AcDbEntity
  8
SLOTS
100
AcDbCircle
 10
24.595305971436467
 20
18.094502671930645
 30
0.0
 40
0.125
100
AcDbArc
 50
-36.60882954790664
 51
143.39117045209338
  0
LINE
  5
515
330
17
100
AcDbEntity
  8
SLOTS
100
AcDbLine
 10
25.133511707043336
 20
17.35170140304652
 30
0.0
 11
22.680732126895098
 21
14.050093972043976
 31
0.0
  0
LINE
  5
516
330
17
100
AcDbEntity
  8
SLOTS
100
AcDbLine
 10
22.48005073074167
 20
14.19918111849836
 30
0.0
 11
24.93283031088991
 21
17.500788549500903
 31
0.0
  0
ARC
  5
517
330
17
100
AcDbEntity
  8
SLOTS
100
AcDbCircle
 10
22.580391428818384
 20
14.124637545271169
 30
0.0
 40
0.125
100
AcDbArc
 50
-216.60882954790662
 51
-36.60882954790664
  0
ARC
  5
518
330
17
100
AcDbEntity
  8
SLOTS
100
AcDbCircle
 10
25.033171008966622
 20
17.42624497627371
 30
0.0
 40
0.125
100
AcDbArc
 50
-36.60882954790664
 51
143.39117045209338
  0
LINE
  5
519
330
17
100
AcDbEntity
  8
SLOTS
100
AcDbLine
 10
25.526411489236157
 20
16.622917428403806
 30
0.0
 11
23.82512128210518
 21
14.332865588598443
 31
0.0
  0
LINE
  5
51A
330
17
100
AcDbEntity
  8
SLOTS
100
AcDbLine
 10
23.62443988595175
 20
14.481952735052827
 30
0.0
 11
25.32573009308273
 21
16.77200457485819
 31
0.0
  0
ARC
  5
51B
330
17
100
AcDbEntity
  8
SLOTS
100
AcDbCircle
 10
23.724780584028466
 20
14.407409161825635
 30
0.0
 40
0.125
100
AcDbArc
 50
-216.60882954790657
 51
-36.60882954790658
  0
ARC
  5
51C
330
17
100
AcDbEntity
  8
SLOTS
100
AcDbCircle
 10
25.426070791159443
 20
16.697461001630998
 30
0.0
 40
0.125
100
AcDbArc
 50
-36.60882954790658
 51
143.39117045209343
  0
LINE
  5
51D
330
17
100
AcDbEntity
  8
SLOTS
100
AcDbLine
 10
25.89960464598047
 20
15.86760700126313
 30
0.0
 11
25.06497936316009
 21
14.744144845036347
 31
0.0
  0
LINE
  5
51E
330
17
100
AcDbEntity
  8
SLOTS
100
AcDbLine
 10
24.864297967006664
 20
14.893231991490731
 30
0.0
 11
25.698923249827043
 21
16.016694147717516
 31
0.0
  0
ARC
  5
51F
330
17
100
AcDbEntity
  8
SLOTS
100
AcDbCircle
 10
24.964638665083378
 20
14.81868841826354
 30
0.0
 40
0.125
100
AcDbArc
 50
-216.60882954790662
 51
-36.60882954790664
  0
ARC
  5
520
330
17
100
AcDbEntity
  8
SLOTS
100
AcDbCircle
 10
25.799263947903757
 20
15.942150574490322
 30
0.0
 40
0.125
100
AcDbArc
 50
-36.60882954790664
 51
143.39117045209338
  0
LINE
  5
521
330
17
100
AcDbEntity
  8
SLOTS
100
AcDbLine
 10
15.456995514170908
 20
9.765254164925183
 30
0.0
 11
14.368045416010014
 21
9.460109031435842
 31
0.0
  0
LINE
  5
522
330
17
100
AcDbEntity
  8
SLOTS
100
AcDbLine
 10
14.300588921149194
 20
9.700836307208846
 30
0.0
 11
15.389539019310087
 21
10.005981440698188
 31
0.0
  0
ARC
  5
523
330
17
100
AcDbEntity
  8
SLOTS
100
AcDbCircle
 10
14.334317168579604
 20
9.580472669322344
 30
0.0
 40
0.125
100
AcDbArc
 50
-254.34608811977807
 51
-74.34608811977807
  0
ARC
  5
524
330
17
100
AcDbEntity
  8
SLOTS
100
AcDbCircle
 10
15.423267266740497
 20
9.885617802811685
 30
0.0
 40
0.125
100
AcDbArc
 50
-74.34608811977807
 51
105.65391188022193
  0
LINE
  5
525
330
17
100
AcDbEntity
  8
SLOTS
100
AcDbLine
 10
16.11097427716802
 20
9.169622097581032
 30
0.0
 11
14.251400223505124
 21
8.648533046947199
 31
0.0
  0
LINE
  5
526
330
17
100
AcDbEntity
  8
SLOTS
100
AcDbLine
 10
14.183943728644303
 20
8.889260322720203
 30
0.0
 11
16.043517782307198
 21
9.410349373354036
 31
0.0
  0
ARC
  5
527
330
17
100
AcDbEntity
  8
SLOTS
100
AcDbCircle
 10
14.217671976074714
 20
8.7688966848337
 30
0.0
 40
0.125
100
AcDbArc
 50
-254.3460881197781
 51
-74.3460881197781
  0
ARC
  5
528
330
17
100
AcDbEntity
  8
SLOTS
100
AcDbCircle
 10
16.07724602973761
 20
9.289985735467534
 30
0.0
 40
0.125
100
AcDbArc
 50
-74.3460881197781
 51
105.6539118802219
  0
LINE
  5
529
330
17
100
AcDbEntity
  8
SLOTS
100
AcDbLine
 10
16.682899776278425
 20
8.550997099519273
 30
0.0
 11
14.134755031000234
 21
7.836957062458555
 31
0.0
  0
LINE
  5
52A
330
17
100
AcDbEntity
  8
SLOTS
100
AcDbLine
 10
14.067298536139413
 20
8.07768433823156
 30
0.0
 11
16.615443281417605
 21
8.791724375292278
 31
0.0
  0
ARC
  5
52B
330
17
100
AcDbEntity
  8
SLOTS
100
AcDbCircle
 10
14.101026783569823
 20
7.957320700345057
 30
0.0
 40
0.125
100
AcDbArc
 50
-254.3460881197781
 51
-74.3460881197781
  0
ARC
  5
52C
330
17
100
AcDbEntity
  8
SLOTS
100
AcDbCircle
 10
16.649171528848015
 20
8.671360737405776
 30
0.0
 40
0.125
100
AcDbArc
 50
-74.3460881197781
 51
105.6539118802219
  0
LINE
  5
52D
330
17
100
AcDbEntity
  8
SLOTS
100
AcDbLine
 10
17.25482527538883
 20
7.932372101457515
 30
0.0
 11
14.018109838495345
 21
7.025381077969913
 31
0.0
  0
LINE
  5
52E
330
17
100
AcDbEntity
  8
SLOTS
100
AcDbLine
 10
13.950653343634524
 20
7.266108353742917
 30
0.0
 11
17.187368780528008
 21
8.17309937723052
 31
0.0
  0
ARC
  5
52F
330
17
100
AcDbEntity
  8
SLOTS
100
AcDbCircle
 10
13.984381591064935
 20
7.145744715856415
 30
0.0
 40
0.125
100
AcDbArc
 50
-254.3460881197781
 51
-74.3460881197781
  0
ARC
  5
530
330
17
100
AcDbEntity
  8
SLOTS
100
AcDbCircle
 10
17.221097027958418
 20
8.052735739344017
 30
0.0
 40
0.125
100
AcDbArc
 50
-74.3460881197781
 51
105.6539118802219
  0
LINE
  5
531
330
17
100
AcDbEntity
  8
SLOTS
100
AcDbLine
 10
17.82675077449923
 20
7.313747103395755
 30
0.0
 11
13.901464645990455
 21
6.213805093481269
 31
0.0
  0
LINE
  5
532
330
17
100
AcDbEntity
  8
SLOTS
100
AcDbLine
 10
13.834008151129634
 20
6.454532369254273
 30
0.0
 11
17.75929427963841
 21
7.554474379168759
 31
0.0
  0
ARC
  5
533
330
17
100
AcDbEntity
  8
SLOTS
100
AcDbCircle
 10
13.867736398560044
 20
6.334168731367771
 30
0.0
 40
0.125
100
AcDbArc
 50
-254.3460881197781
 51
-74.3460881197781
  0
ARC
  5
534
330
17
100
AcDbEntity
  8
SLOTS
100
AcDbCircle
 10
17.79302252706882
 20
7.434110741282257
 30
0.0
 40
0.125
100
AcDbArc
 50
-74.3460881197781
 51
105.6539118802219
  0
LINE
  5
535
330
17
100
AcDbEntity
  8
SLOTS
100
AcDbLine
 10
18.398676273609635
 20
6.695122105333996
 30
0.0
 11
14.145367307059747
 21
5.503261675217652
 31
0.0
  0
LINE
  5
536
330
17
100
AcDbEntity
  8
SLOTS
100
AcDbLine
 10
14.077910812198926
 20
5.743988950990656
 30
0.0
 11
18.331219778748814
 21
6.935849381107
 31
0.0
  0
ARC
  5
537
330
17
100
AcDbEntity
  8
SLOTS
100
AcDbCircle
 10
14.111639059629336
 20
5.623625313104154
 30
0.0
 40
0.125
100
AcDbArc
 50
-254.3460881197781
 51
-74.3460881197781
  0
ARC
  5
538
330
17
100
AcDbEntity
  8
SLOTS
100
AcDbCircle
 10
18.364948026179224
 20
6.815485743220498
 30
0.0
 40
0.125
100
AcDbArc
 50
-74.3460881197781
 51
105.6539118802219
  0
LINE
  5
539
330
17
100
AcDbEntity
  8
SLOTS
100
AcDbLine
 10
18.970601772720038
 20
6.076497107272236
 30
0.0
 11
14.455435635311822
 21
4.811259172078612
 31
0.0
  0
LINE
  5
53A
330
17
100
AcDbEntity
  8
SLOTS
100
AcDbLine
 10
14.387979140451002
 20
5.0519864478516165
 30
0.0
 11
18.903145277859217
 21
6.31722438304524
 31
0.0
  0
ARC
  5
53B
330
17
100
AcDbEntity
  8
SLOTS
100
AcDbCircle
 10
14.421707387881412
 20
4.9316228099651145
 30
0.0
 40
0.125
100
AcDbArc
 50
-254.3460881197781
 51
-74.3460881197781
  0
ARC
  5
53C
330
17
100
AcDbEntity
  8
SLOTS
100
AcDbCircle
 10
18.936873525289627
 20
6.196860745158738
 30
0.0
 40
0.125
100
AcDbArc
 50
-74.3460881197781
 51
105.6539118802219
  0
LINE
  5
53D
330
17
100
AcDbEntity
  8
SLOTS
100
AcDbLine
 10
19.54252727183044
 20
5.457872109210478
 30
0.0
 11
15.271689099569901
 21
4.261099652523243
 31
0.0
  0
LINE
  5
53E
330
17
100
AcDbEntity
  8
SLOTS
100
AcDbLine
 10
15.20423260470908
 20
4.501826928296247
 30
0.0
 11
19.47507077696962
 21
5.698599384983482
 31
0.0
  0
ARC
  5
53F
330
17
100
AcDbEntity
  8
SLOTS
100
AcDbCircle
 10
15.23796085213949
 20
4.381463290409745
 30
0.0
 40
0.125
100
AcDbArc
 50
-254.34608811977807
 51
-74.34608811977807
  0
ARC
  5
540
330
17
100
AcDbEntity
  8
SLOTS
100
AcDbCircle
 10
19.50879902440003
 20
5.57823574709698
 30
0.0
 40
0.125
100
AcDbArc
 50
-74.34608811977807
 51
105.65391188022193
  0
LINE
  5
541
330
17
100
AcDbEntity
  8
SLOTS
100
AcDbLine
 10
20.114452770940844
 20
4.83924711114872
 30
0.0
 11
16.17577746185605
 21
3.7355531907462476
 31
0.0
  0
LINE
  5
542
330
17
100
AcDbEntity
  8
SLOTS
100
AcDbLine
 10
16.10832096699523
 20
3.9762804665192526
 30
0.0
 11
20.046996276080023
 21
5.079974386921724
 31
0.0
  0
ARC
  5
543
330
17
100
AcDbEntity
  8
SLOTS
100
AcDbCircle
 10
16.14204921442564
 20
3.85591682863275
 30
0.0
 40
0.125
100
AcDbArc
 50
-254.34608811977807
 51
-74.34608811977807
  0
ARC
  5
544
330
17
100
AcDbEntity
  8
SLOTS
100
AcDbCircle
 10
20.080724523510433
 20
4.959610749035222
 30
0.0
 40
0.125
100
AcDbArc
 50
-74.34608811977807
 51
105.65391188022193
  0
LINE
  5
545
330
17
100
AcDbEntity
  8
SLOTS
100
AcDbLine
 10
20.68637827005125
 20
4.22062211308696
 30
0.0
 11
19.368415638663365
 21
3.8513031849119805
 31
0.0
  0
LINE
  5
546
330
17
100
AcDbEntity
  8
SLOTS
100
AcDbLine
 10
19.300959143802544
 20
4.0920304606849855
 30
0.0
 11
20.61892177519043
 21
4.461349388859964
 31
0.0
  0
ARC
  5
547
330
17
100
AcDbEntity
  8
SLOTS
100
AcDbCircle
 10
19.334687391232954
 20
3.971666822798483
 30
0.0
 40
0.125
100
AcDbArc
 50
-254.34608811977813
 51
-74.34608811977813
  0
ARC
  5
548
330
17
100
AcDbEntity
  8
SLOTS
100
AcDbCircle
 10
20.65265002262084
 20
4.340985750973462
 30
0.0
 40
0.125
100
AcDbArc
 50
-74.34608811977813
 51
105.65391188022187
  0
LINE
  5
549
330
17
100
AcDbEntity
  8
SLOTS
100
AcDbLine
 10
21.246216116303295
 20
4.709927413334243
 30
0.0
 11
21.82603026098901
 21
6.6538636200048416
 31
0.0
  0
LINE
  5
54A
330
17
100
AcDbEntity
  8
SLOTS
100
AcDbLine
 10
22.065600726207226
 20
6.582407394277988
 30
0.0
 11
21.48578658152151
 21
4.638471187607389
 31
0.0
  0
ARC
  5
54B
330
17
100
AcDbEntity
  8
SLOTS
100
AcDbCircle
 10
21.94581549359812
 20
6.618135507141415
 30
0.0
 40
0.125
100
AcDbArc
 50
-16.608163299516875
 51
163.3918367004831
  0
ARC
  5
54C
330
17
100
AcDbEntity
  8
SLOTS
100
AcDbCircle
 10
21.366001348912402
 20
4.674199300470816
 30
0.0
 40
0.125
100
AcDbArc
 50
163.3918367004831
 51
343.3918367004831
  0
LINE
  5
54D
330
17
100
AcDbEntity
  8
SLOTS
100
AcDbLine
 10
20.654474583109216
 20
5.349986486403449
 30
0.0
 11
21.768345413565022
 21
9.084448394108314
 31
0.0
  0
LINE
  5
54E
330
17
100
AcDbEntity
  8
SLOTS
100
AcDbLine
 10
22.007915878783237
 20
9.012992168381459
 30
0.0
 11
20.89404504832743
 21
5.278530260676594
 31
0.0
  0
ARC
  5
54F
330
17
100
AcDbEntity
  8
SLOTS
100
AcDbCircle
 10
21.88813064617413
 20
9.048720281244886
 30
0.0
 40
0.125
100
AcDbArc
 50
-16.608163299516903
 51
163.3918367004831
  0
ARC
  5
550
330
17
100
AcDbEntity
  8
SLOTS
100
AcDbCircle
 10
20.774259815718324
 20
5.314258373540022
 30
0.0
 40
0.125
100
AcDbArc
 50
163.3918367004831
 51
343.3918367004831
  0
LINE
  5
551
330
17
100
AcDbEntity
  8
SLOTS
100
AcDbLine
 10
20.062733049915146
 20
5.9900455594726525
 30
0.0
 11
21.367090406447982
 21
10.363149449816216
 31
0.0
  0
LINE
  5
552
330
17
100
AcDbEntity
  8
SLOTS
100
AcDbLine
 10
21.606660871666197
 20
10.29169322408936
 30
0.0
 11
20.30230351513336
 21
5.918589333745799
 31
0.0
  0
ARC
  5
553
330
17
100
AcDbEntity
  8
SLOTS
100
AcDbCircle
 10
21.48687563905709
 20
10.327421336952789
 30
0.0
 40
0.125
100
AcDbArc
 50
-16.608163299516875
 51
163.3918367004831
  0
ARC
  5
554
330
17
100
AcDbEntity
  8
SLOTS
100
AcDbCircle
 10
20.182518282524253
 20
5.954317446609226
 30
0.0
 40
0.125
100
AcDbArc
 50
163.3918367004831
 51
343.3918367004831
  0
LINE
  5
555
330
17
100
AcDbEntity
  8
SLOTS
100
AcDbLine
 10
19.470991516721067
 20
6.630104632541859
 30
0.0
 11
20.567392233998497
 21
10.305994692951607
 31
0.0
  0
LINE
  5
556
330
17
100
AcDbEntity
  8
SLOTS
100
AcDbLine
 10
20.80696269921671
 20
10.234538467224752
 30
0.0
 11
19.710561981939282
 21
6.558648406815004
 31
0.0
  0
ARC
  5
557
330
17
100
AcDbEntity
  8
SLOTS
100
AcDbCircle
 10
20.687177466607604
 20
10.27026658008818
 30
0.0
 40
0.125
100
AcDbArc
 50
-16.608163299516917
 51
163.39183670048308
  0
ARC
  5
558
330
17
100
AcDbEntity
  8
SLOTS
100
AcDbCircle
 10
19.590776749330175
 20
6.594376519678431
 30
0.0
 40
0.125
100
AcDbArc
 50
163.39183670048308
 51
343.39183670048305
  0
LINE
  5
559
330
17
100
AcDbEntity
  8
SLOTS
100
AcDbLine
 10
18.879249983526993
 20
7.270163705611065
 30
0.0
 11
19.76604750140144
 21
10.243319532839415
 31
0.0
  0
LINE
  5
55A
330
17
100
AcDbEntity
  8
SLOTS
100
AcDbLine
 10
20.005617966619656
 20
10.17186330711256
 30
0.0
 11
19.118820448745208
 21
7.198707479884211
 31
0.0
  0
ARC
  5
55B
330
17
100
AcDbEntity
  8
SLOTS
100
AcDbCircle
 10
19.88583273401055
 20
10.207591419975987
 30
0.0
 40
0.125
100
AcDbArc
 50
-16.608163299516875
 51
163.3918367004831
  0
ARC
  5
55C
330
17
100
AcDbEntity
  8
SLOTS
100
AcDbCircle
 10
18.9990352161361
 20
7.234435592747638
 30
0.0
 40
0.125
100
AcDbArc
 50
163.3918367004831
 51
343.3918367004831
  0
LINE
  5
55D
330
17
100
AcDbEntity
  8
SLOTS
100
AcDbLine
 10
18.28750845033292
 20
7.910222778680269
 30
0.0
 11
18.964702768804393
 21
10.18064437272722
 31
0.0
  0
LINE
  5
55E
330
17
100
AcDbEntity
  8
SLOTS
100
AcDbLine
 10
19.204273234022608
 20
10.109188147000365
 30
0.0
 11
18.527078915551133
 21
7.838766552953413
 31
0.0
  0
ARC
  5
55F
330
17
100
AcDbEntity
  8
SLOTS
100
AcDbCircle
 10
19.0844880014135
 20
10.144916259863793
 30
0.0
 40
0.125
100
AcDbArc
 50
-16.60816329951696
 51
163.39183670048305
  0
ARC
  5
560
330
17
100
AcDbEntity
  8
SLOTS
100
AcDbCircle
 10
18.407293682942026
 20
7.874494665816841
 30
0.0
 40
0.125
100
AcDbArc
 50
163.39183670048305
 51
343.39183670048305
  0
LINE
  5
561
330
17
100
AcDbEntity
  8
SLOTS
100
AcDbLine
 10
17.695766917138844
 20
8.550281851749476
 30
0.0
 11
18.163358036207338
 21
10.117969212615028
 31
0.0
  0
LINE
  5
562
330
17
100
AcDbEntity
  8
SLOTS
100
AcDbLine
 10
18.402928501425553
 20
10.046512986888173
 30
0.0
 11
17.93533738235706
 21
8.478825626022621
 31
0.0
  0
ARC
  5
563
330
17
100
AcDbEntity
  8
SLOTS
100
AcDbCircle
 10
18.283143268816445
 20
10.0822410997516
 30
0.0
 40
0.125
100
AcDbArc
 50
-16.608163299516903
 51
163.3918367004831
  0
ARC
  5
564
330
17
100
AcDbEntity
  8
SLOTS
100
AcDbCircle
 10
17.81555214974795
 20
8.514553738886049
 30
0.0
 40
0.125
100
AcDbArc
 50
163.3918367004831
 51
343.3918367004831
  0
LINE
  5
565
330
17
100
AcDbEntity
  8
SLOTS
100
AcDbLine
 10
17.104025383944766
 20
9.190340924818681
 30
0.0
 11
17.362013303610283
 21
10.055294052502834
 31
0.0
  0
LINE
  5
566
330
17
100
AcDbEntity
  8
SLOTS
100
AcDbLine
 10
17.601583768828498
 20
9.983837826775979
 30
0.0
 11
17.34359584916298
 21
9.118884699091826
 31
0.0
  0
ARC
  5
567
330
17
100
AcDbEntity
  8
SLOTS
100
AcDbCircle
 10
17.48179853621939
 20
10.019565939639406
 30
0.0
 40
0.125
100
AcDbArc
 50
-16.608163299516946
 51
163.39183670048305
  0
ARC
  5
568
330
17
100
AcDbEntity
  8
SLOTS
100
AcDbCircle
 10
17.223810616553873
 20
9.154612811955253
 30
0.0
 40
0.125
100
AcDbArc
 50
163.39183670048305
 51
343.39183670048305
  0
LINE
  5
569
330
17
100
AcDbEntity
  8
SLOTS
100
AcDbLine
 10
16.51228385075069
 20
9.830399997887886
 30
0.0
 11
16.560668571013228
 21
9.992618892390638
 31
0.0
  0
LINE
  5
56A
330
17
100
AcDbEntity
  8
SLOTS
100
AcDbLine
 10
16.800239036231442
 20
9.921162666663786
 30
0.0
 11
16.751854315968906
 21
9.758943772161034
 31
0.0
  0
ARC
  5
56B
330
17
100
AcDbEntity
  8
SLOTS
100
AcDbCircle
 10
16.680453803622335
 20
9.956890779527212
 30
0.0
 40
0.125
100
AcDbArc
 50
-16.608163299516406
 51
163.3918367004836
  0
ARC
  5
56C
330
17
100
AcDbEntity
  8
SLOTS
100
AcDbCircle
 10
16.6320690833598
 20
9.79467188502446
 30
0.0
 40
0.125
100
AcDbArc
 50
163.3918367004836
 51
343.3918367004836
  0
ENDSEC
  0
SECTION
  2
OBJECTS
  0
DICTIONARY
  5
A
330
0
100
AcDbDictionary
281
1
  3
ACAD_COLOR
350
B
  3
ACAD_GROUP
350
C
  3
ACAD_LAYOUT
350
D
  3
ACAD_MATERIAL
350
E
  3
ACAD_MLEADERSTYLE
350
F
  3
ACAD_MLINESTYLE
350
10
  3
ACAD_PLOTSETTINGS
350
11
  3
ACAD_PLOTSTYLENAME
350
12
  3
ACAD_SCALELIST
350
14
  3
ACAD_TABLESTYLE
350
15
  3
ACAD_VISUALSTYLE
350
16
  3
EZDXF_META
350
2D
  0
DICTIONARY
  5
B
330
A
100
AcDbDictionary
281
1
  0
DICTIONARY
  5
C
330
A
100
AcDbDictionary
281
1
  0
DICTIONARY
  5
D
330
A
100
AcDbDictionary
281
1
  3
Model
350
1A
  3
Layout1
350
1E
  0
DICTIONARY
  5
E
330
A
100
AcDbDictionary
281
1
  3
ByBlock
350
1F
  3
ByLayer
350
20
  3
Global
350
21
  0
DICTIONARY
  5
F
330
A
100
AcDbDictionary
281
1
  3
Standard
350
2C
  0
DICTIONARY
  5
10
330
A
100
AcDbDictionary
281
1
  3
Standard
350
22
  0
DICTIONARY
  5
11
330
A
100
AcDbDictionary
281
1
  0
ACDBDICTIONARYWDFLT
  5
12
330
A
100
AcDbDictionary
281
1
  3
Normal
350
13
100
AcDbDictionaryWithDefault
340
13
  0
ACDBPLACEHOLDER
  5
13
330
12
  0
DICTIONARY
  5
14
330
A
100
AcDbDictionary
281
1
  0
DICTIONARY
  5
15
330
A
100
AcDbDictionary
281
1
  0
DICTIONARY
  5
16
330
A
100
AcDbDictionary
281
1
  3
2dWireframe
350
5A
  3
Basic
350
5B
  3
Brighten
350
5C
  3
ColorChange
350
5D
  3
Conceptual
350
5E
  3
Dim
350
5F
  3
EdgeColorOff
350
60
  3
Facepattern
350
61
  3
Flat
350
62
  3
FlatWithEdges
350
63
  3
Gouraud
350
64
  3
GouraudWithEdges
350
65
  3
Hidden
350
66
  3
JitterOff
350
67
  3
Linepattern
350
68
  3
Modeling
350
69
  3
OverhangOff
350
6A
  3
Realistic
350
6B
  3
Shaded
350
6C
  3
Shaded with edges
350
6D
  3
Shades of Gray
350
6E
  3
Sketchy
350
6F
  3
Thicken
350
70
  3
Wireframe
350
71
  3
X-Ray
350
72
  0
LAYOUT
  5
1A
330
D
100
AcDbPlotSettings
  1

  4
A3
  6

 40
7.5
 41
20.0
 42
7.5
 43
20.0
 44
420.0
 45
297.0
 46
0.0
 47
0.0
 48
0.0
 49
0.0
140
0.0
141
0.0
142
1.0
143
1.0
 70
1024
 72
1
 73
0
 74
5
  7

 75
16
 76
0
 77
2
 78
300
147
1.0
148
0.0
149
0.0
100
AcDbLayout
  1
Model
 70
1
 71
0
 10
0.0
 20
0.0
 11
420.0
 21
297.0
 12
0.0
 22
0.0
 32
0.0
 14
1e+20
 24
1e+20
 34
1e+20
 15
-1e+20
 25
-1e+20
 35
-1e+20
146
0.0
 13
0.0
 23
0.0
 33
0.0
 16
1.0
 26
0.0
 36
0.0
 17
0.0
 27
1.0
 37
0.0
 76
1
330
17
  0
LAYOUT
  5
1E
330
D
100
AcDbPlotSettings
  1

  4
A3
  6

 40
7.5
 41
20.0
 42
7.5
 43
20.0
 44
420.0
 45
297.0
 46
0.0
 47
0.0
 48
0.0
 49
0.0
140
0.0
141
0.0
142
1.0
143
1.0
 70
0
 72
1
 73
0
 74
5
  7

 75
16
 76
0
 77
2
 78
300
147
1.0
148
0.0
149
0.0
100
AcDbLayout
  1
Layout1
 70
1
 71
1
 10
0.0
 20
0.0
 11
420.0
 21
297.0
 12
0.0
 22
0.0
 32
0.0
 14
1e+20
 24
1e+20
 34
1e+20
 15
-1e+20
 25
-1e+20
 35
-1e+20
146
0.0
 13
0.0
 23
0.0
 33
0.0
 16
1.0
 26
0.0
 36
0.0
 17
0.0
 27
1.0
 37
0.0
 76
1
330
1B
  0
MATERIAL
  5
1F
102
{ACAD_REACTORS
330
E
102
}
330
E
100
AcDbMaterial
  1
ByBlock
  2

 70
0
 40
1.0
 71
1
 41
1.0
 91
-1023410177
 42
1.0
 72
1
  3

 73
1
 74
1
 75
1
 44
0.5
 73
0
 45
1.0
 46
1.0
 77
1
  4

 78
1
 79
1
170
1
 48
1.0
171
1
  6

172
1
173
1
174
1
140
1.0
141
1.0
175
1
  7

176
1
177
1
178
1
143
1.0
179
1
  8

270
1
271
1
272
1
145
1.0
146
1.0
273
1
  9

274
1
275
1
276
1
 42
1.0
 72
1
  3

 73
1
 74
1
 75
1
 94
63
  0
MATERIAL
  5
20
102
{ACAD_REACTORS
330
E
102
}
330
E
100
AcDbMaterial
  1
ByLayer
  2

 70
0
 40
1.0
 71
1
 41
1.0
 91
-1023410177
 42
1.0
 72
1
  3

 73
1
 74
1
 75
1
 44
0.5
 73
0
 45
1.0
 46
1.0
 77
1
  4

 78
1
 79
1
170
1
 48
1.0
171
1
  6

172
1
173
1
174
1
140
1.0
141
1.0
175
1
  7

176
1
177
1
178
1
143
1.0
179
1
  8

270
1
271
1
272
1
145
1.0
146
1.0
273
1
  9

274
1
275
1
276
1
 42
1.0
 72
1
  3

 73
1
 74
1
 75
1
 94
63
  0
MATERIAL
  5
21
102
{ACAD_REACTORS
330
E
102
}
330
E
100
AcDbMaterial
  1
Global
  2

 70
0
 40
1.0
 71
1
 41
1.0
 91
-1023410177
 42
1.0
 72
1
  3

 73
1
 74
1
 75
1
 44
0.5
 73
0
 45
1.0
 46
1.0
 77
1
  4

 78
1
 79
1
170
1
 48
1.0
171
1
  6

172
1
173
1
174
1
140
1.0
141
1.0
175
1
  7

176
1
177
1
178
1
143
1.0
179
1
  8

270
1
271
1
272
1
145
1.0
146
1.0
273
1
  9

274
1
275
1
276
1
 42
1.0
 72
1
  3

 73
1
 74
1
 75
1
 94
63
  0
MLINESTYLE
  5
22
102
{ACAD_REACTORS
330
10
102
}
330
10
100
AcDbMlineStyle
  2
Standard
 70
0
  3

 62
256
 51
90.0
 52
90.0
 71
2
 49
0.5
 62
256
  6
BYLAYER
 49
-0.5
 62
256
  6
BYLAYER
  0
MLEADERSTYLE
  5
2C
102
{ACAD_REACTORS
330
F
102
}
330
F
100
AcDbMLeaderStyle
179
2
170
2
171
1
172
0
 90
2
 40
0.0
 41
0.0
173
1
 91
-1056964608
 92
-2
290
1
 42
2.0
291
1
 43
8.0
  3
Standard
 44
4.0
300

342
29
174
1
175
1
176
0
178
1
 93
-1056964608
 45
4.0
292
0
297
0
 46
4.0
 94
-1056964608
 47
1.0
 49
1.0
140
1.0
294
1
141
0.0
177
0
142
1.0
295
0
296
0
143
3.75
271
0
272
9
273
9
  0
DICTIONARY
  5
2D
330
A
100
AcDbDictionary
280
1
281
1
  3
CREATED_BY_EZDXF
350
2E
  3
WRITTEN_BY_EZDXF
350
56F
  0
DICTIONARYVAR
  5
2E
330
2D
100
DictionaryVariables
280
0
  1
1.4.4 @ 2026-09-19T23:29:07.191524+00:00
  0
VISUALSTYLE
  5
5A
102
{ACAD_REACTORS
330
16
102
}
330
16
100
AcDbVisualStyle
  2
2dWireframe
 70
4
 90
0
 40
0.6
 62
7
290
0
291
0
  0
VISUALSTYLE
  5
5B
102
{ACAD_REACTORS
330
16
102
}
330
16
100
AcDbVisualStyle
  2
Basic
 70
7
 90
1
 40
0.6
 62
7
290
0
291
1
  0
VISUALSTYLE
  5
5C
102
{ACAD_REACTORS
330
16
102
}
330
16
100
AcDbVisualStyle
  2
Brighten
 70
12
 90
2
 40
0.6
 62
7
290
0
291
1
  0
VISUALSTYLE
  5
5D
102
{ACAD_REACTORS
330
16
102
}
330
16
100
AcDbVisualStyle
  2
ColorChange
 70
16
 90
2
 40
0.6
 62
8
290
0
291
1
  0
VISUALSTYLE
  5
5E
102
{ACAD_REACTORS
330
16
102
}
330
16
100
AcDbVisualStyle
  2
Conceptual
 70
9
 90
3
 40
0.6
 62
7
290
0
291
0
  0
VISUALSTYLE
  5
5F
102
{ACAD_REACTORS
330
16
102
}
330
16
100
AcDbVisualStyle
  2
Dim
 70
11
 90
2
 40
0.6
 62
7
290
0
291
1
  0
VISUALSTYLE
  5
60
102
{ACAD_REACTORS
330
16
102
}
330
16
100
AcDbVisualStyle
  2
EdgeColorOff
 70
22
 90
2
 40
0.6
 62
7
290
0
291
1
  0
VISUALSTYLE
  5
61
102
{ACAD_REACTORS
330
16
102
}
330
16
100
AcDbVisualStyle
  2
Facepattern
 70
15
 90
2
 40
0.6
 62
7
290
0
291
1
  0
VISUALSTYLE
  5
62
102
{ACAD_REACTORS
330
16
102
}
330
16
100
AcDbVisualStyle
  2
Flat
 70
0
 90
2
 40
0.6
 62
7
290
0
291
1
  0
VISUALSTYLE
  5
63
102
{ACAD_REACTORS
330
16
102
}
330
16
100
AcDbVisualStyle
  2
FlatWithEdges
 70
1
 90
2
 40
0.6
 62
7
290
0
291
1
  0
VISUALSTYLE
  5
64
102
{ACAD_REACTORS
330
16
102
}
330
16
100
AcDbVisualStyle
  2
Gouraud
 70
2
 90
2
 40
0.6
 62
7
290
0
291
1
  0
VISUALSTYLE
  5
65
102
{ACAD_REACTORS
330
16
102
}
330
16
100
AcDbVisualStyle
  2
GouraudWithEdges
 70
3
 90
2
 40
0.6
 62
7
290
0
291
1
  0
VISUALSTYLE
  5
66
102
{ACAD_REACTORS
330
16
102
}
330
16
100
AcDbVisualStyle
  2
Hidden
 70
6
 90
1
 40
0.6
 62
7
290
0
291
0
  0
VISUALSTYLE
  5
67
102
{ACAD_REACTORS
330
16
102
}
330
16
100
AcDbVisualStyle
  2
JitterOff
 70
20
 90
2
 40
0.6
 62
7
290
0
291
1
  0
VISUALSTYLE
  5
68
102
{ACAD_REACTORS
330
16
102
}
330
16
100
AcDbVisualStyle
  2
Linepattern
 70
14
 90
2
 40
0.6
 62
7
290
0
291
1
  0
VISUALSTYLE
  5
69
102
{ACAD_REACTORS
330
16
102
}
330
16
100
AcDbVisualStyle
  2
Modeling
 70
10
 90
2
 40
0.6
 62
7
290
0
291
0
  0
VISUALSTYLE
  5
6A
102
{ACAD_REACTORS
330
16
102
}
330
16
100
AcDbVisualStyle
  2
OverhangOff
 70
21
 90
2
 40
0.6
 62
7
290
0
291
1
  0
VISUALSTYLE
  5
6B
102
{ACAD_REACTORS
330
16
102
}
330
16
100
AcDbVisualStyle
  2
Realistic
 70
8
 90
2
 40
0.6
 62
7
290
0
291
0
  0
VISUALSTYLE
  5
6C
102
{ACAD_REACTORS
330
16
102
}
330
16
100
AcDbVisualStyle
  2
Shaded
 70
27
 90
2
 40
0.6
 62
7
290
0
291
0
  0
VISUALSTYLE
  5
6D
102
{ACAD_REACTORS
330
16
102
}
330
16
100
AcDbVisualStyle
  2
Shaded with edges
 70
26
 90
2
 40
0.6
 62
7
290
0
291
0
  0
VISUALSTYLE
  5
6E
102
{ACAD_REACTORS
330
16
102
}
330
16
100
AcDbVisualStyle
  2
Shades of Gray
 70
23
 90
2
 40
0.6
 62
7
290
0
291
0
  0
VISUALSTYLE
  5
6F
102
{ACAD_REACTORS
330
16
102
}
330
16
100
AcDbVisualStyle
  2
Sketchy
 70
24
 90
1
 40
0.6
 62
7
290
0
291
0
  0
VISUALSTYLE
  5
70
102
{ACAD_REACTORS
330
16
102
}
330
16
100
AcDbVisualStyle
  2
Thicken
 70
13
 90
2
 40
0.6
 62
7
290
0
291
1
  0
VISUALSTYLE
  5
71
102
{ACAD_REACTORS
330
16
102
}
330
16
100
AcDbVisualStyle
  2
Wireframe
 70
5
 90
0
 40
0.6
 62
7
290
0
291
0
  0
VISUALSTYLE
  5
72
102
{ACAD_REACTORS
330
16
102
}
330
16
100
AcDbVisualStyle
  2
X-Ray
 70
25
 90
2
 40
0.5
 62
7
290
0
291
0
  0
DICTIONARYVAR
  5
56F
330
2D
100
DictionaryVariables
280
0
  1
1.4.4 @ 2026-09-19T23:29:07.237785+00:00
  0
ENDSEC
  0
EOF
