  0
SECTION
  2
HEADER
  9
$ACADVER
  1
AC1024
  9
$ACADMAINTVER
 70
6
  9
$DWGCODEPAGE
  3
ANSI_1252
  9
$LASTSAVEDBY
  1
ezdxf
  9
$INSBASE
 10
0.0
 20
0.0
 30
0.0
  9
$EXTMIN
 10
1e+20
 20
1e+20
 30
1e+20
  9
$EXTMAX
 10
-1e+20
 20
-1e+20
 30
-1e+20
  9
$LIMMIN
 10
0.0
 20
0.0
  9
$LIMMAX
 10
420.0
 20
297.0
  9
$ORTHOMODE
 70
0
  9
$REGENMODE
 70
1
  9
$FILLMODE
 70
1
  9
$QTEXTMODE
 70
0
  9
$MIRRTEXT
 70
1
  9
$LTSCALE
 40
1.0
  9
$ATTMODE
 70
1
  9
$TEXTSIZE
 40
2.5
  9
$TRACEWID
 40
1.0
  9
$TEXTSTYLE
  7
OpenSans
  9
$CLAYER
  8
0
  9
$CELTYPE
  6
ByLayer
  9
$CECOLOR
 62
256
  9
$CELTSCALE
 40
1.0
  9
$DISPSILH
 70
0
  9
$DIMSCALE
 40
1.0
  9
$DIMASZ
 40
0.175
  9
$DIMEXO
 40
0.125
  9
$DIMDLI
 40
3.75
  9
$DIMRND
 40
0.0
  9
$DIMDLE
 40
0.0
  9
$DIMEXE
 40
0.375
  9
$DIMTP
 40
0.0
  9
$DIMTM
 40
0.0
  9
$DIMTXT
 40
0.25
  9
$DIMCEN
 40
2.5
  9
$DIMTSZ
 40
0.0
  9
$DIMTOL
 70
0
  9
$DIMLIM
 70
0
  9
$DIMTIH
 70
0
  9
$DIMTOH
 70
0
  9
$DIMSE1
 70
0
  9
$DIMSE2
 70
0
  9
$DIMTAD
 70
1
  9
$DIMZIN
 70
12
  9
$DIMBLK
  1
ARCHTICK
  9
$DIMASO
 70
1
  9
$DIMSHO
 70
1
  9
$DIMPOST
  1

  9
$DIMAPOST
  1

  9
$DIMALT
 70
0
  9
$DIMALTD
 70
3
  9
$DIMALTF
 40
0.03937007874
  9
$DIMLFAC
 40
100.0
  9
$DIMTOFL
 70
1
  9
$DIMTVP
 40
0.0
  9
$DIMTIX
 70
0
  9
$DIMSOXD
 70
0
  9
$DIMSAH
 70
0
  9
$DIMBLK1
  1

  9
$DIMBLK2
  1

  9
$DIMSTYLE
  2
EZDXF
  9
$DIMCLRD
 70
0
  9
$DIMCLRE
 70
0
  9
$DIMCLRT
 70
0
  9
$DIMTFAC
 40
0.5
  9
$DIMGAP
 40
0.1
  9
$DIMJUST
 70
0
  9
$DIMSD1
 70
0
  9
$DIMSD2
 70
0
  9
$DIMTOLJ
 70
0
  9
$DIMTZIN
 70
8
  9
$DIMALTZ
 70
0
  9
$DIMALTTZ
 70
0
  9
$DIMUPT
 70
1
  9
$DIMDEC
 70
2
  9
$DIMTDEC
 70
2
  9
$DIMALTU
 70
2
  9
$DIMALTTD
 70
3
  9
$DIMTXSTY
  7
OpenSansCondensed-Light
  9
$DIMAUNIT
 70
0
  9
$DIMADEC
 70
2
  9
$DIMALTRND
 40
0.0
  9
$DIMAZIN
 70
3
  9
$DIMDSEP
 70
46
  9
$DIMATFIT
 70
3
  9
$DIMFRAC
 70
0
  9
$DIMLDRBLK
  1

  9
$DIMLUNIT
 70
2
  9
$DIMLWD
 70
-2
  9
$DIMLWE
 70
-2
  9
$DIMTMOVE
 70
2
  9
$DIMFXL
 40
1.0
  9
$DIMFXLON
 70
0
  9
$DIMJOGANG
 40
0.785398163397
  9
$DIMTFILL
 70
0
  9
$DIMTFILLCLR
 70
0
  9
$DIMARCSYM
 70
0
  9
$DIMLTYPE
  6

  9
$DIMLTEX1
  6

  9
$DIMLTEX2
  6

  9
$DIMTXTDIRECTION
 70
0
  9
$LUNITS
 70
2
  9
$LUPREC
 70
4
  9
$SKETCHINC
 40
1.0
  9
$FILLETRAD
 40
10.0
  9
$AUNITS
 70
0
  9
$AUPREC
 70
2
  9
$MENU
  1
.
  9
$ELEVATION
 40
0.0
  9
$PELEVATION
 40
0.0
  9
$THICKNESS
 40
0.0
  9
$LIMCHECK
 70
0
  9
$CHAMFERA
 40
0.0
  9
$CHAMFERB
 40
0.0
  9
$CHAMFERC
 40
0.0
  9
$CHAMFERD
 40
0.0
  9
$SKPOLY
 70
0
  9
$TDCREATE
 40
2461303.6866782405
  9
$TDUCREATE
 40
2458532.153996898
  9
$TDUPDATE
 40
2461303.6866782405
  9
$TDUUPDATE
 40
2458532.1544311
  9
$TDINDWG
 40
0.0
  9
$TDUSRTIMER
 40
0.0
  9
$USRTIMER
 70
1
  9
$ANGBASE
 50
0.0
  9
$ANGDIR
 70
0
  9
$PDMODE
 70
0
  9
$PDSIZE
 40
0.0
  9
$PLINEWID
 40
0.0
  9
$SPLFRAME
 70
0
  9
$SPLINETYPE
 70
6
  9
$SPLINESEGS
 70
8
  9
$HANDSEED
  5
588
  9
$SURFTAB1
 70
6
  9
$SURFTAB2
 70
6
  9
$SURFTYPE
 70
6
  9
$SURFU
 70
6
  9
$SURFV
 70
6
  9
$UCSBASE
  2

  9
$UCSNAME
  2

  9
$UCSORG
 10
0.0
 20
0.0
 30
0.0
  9
$UCSXDIR
 10
1.0
 20
0.0
 30
0.0
  9
$UCSYDIR
 10
0.0
 20
1.0
 30
0.0
  9
$UCSORTHOREF
  2

  9
$UCSORTHOVIEW
 70
0
  9
$UCSORGTOP
 10
0.0
 20
0.0
 30
0.0
  9
$UCSORGBOTTOM
 10
0.0
 20
0.0
 30
0.0
  9
$UCSORGLEFT
 10
0.0
 20
0.0
 30
0.0
  9
$UCSORGRIGHT
 10
0.0
 20
0.0
 30
0.0
  9
$UCSORGFRONT
 10
0.0
 20
0.0
 30
0.0
  9
$UCSORGBACK
 10
0.0
 20
0.0
 30
0.0
  9
$PUCSBASE
  2

  9
$PUCSNAME
  2

  9
$PUCSORG
 10
0.0
 20
0.0
 30
0.0
  9
$PUCSXDIR
 10
1.0
 20
0.0
 30
0.0
  9
$PUCSYDIR
 10
0.0
 20
1.0
 30
0.0
  9
$PUCSORTHOREF
  2

  9
$PUCSORTHOVIEW
 70
0
  9
$PUCSORGTOP
 10
0.0
 20
0.0
 30
0.0
  9
$PUCSORGBOTTOM
 10
0.0
 20
0.0
 30
0.0
  9
$PUCSORGLEFT
 10
0.0
 20
0.0
 30
0.0
  9
$PUCSORGRIGHT
 10
0.0
 20
0.0
 30
0.0
  9
$PUCSORGFRONT
 10
0.0
 20
0.0
 30
0.0
  9
$PUCSORGBACK
 10
0.0
 20
0.0
 30
0.0
  9
$USERI1
 70
0
  9
$USERI2
 70
0
  9
$USERI3
 70
0
  9
$USERI4
 70
0
  9
$USERI5
 70
0
  9
$USERR1
 40
0.0
  9
$USERR2
 40
0.0
  9
$USERR3
 40
0.0
  9
$USERR4
 40
0.0
  9
$USERR5
 40
0.0
  9
$WORLDVIEW
 70
1
  9
$SHADEDGE
 70
3
  9
$SHADEDIF
 70
70
  9
$TILEMODE
 70
1
  9
$MAXACTVP
 70
64
  9
$PINSBASE
 10
0.0
 20
0.0
 30
0.0
  9
$PLIMCHECK
 70
0
  9
$PEXTMIN
 10
1e+20
 20
1e+20
 30
1e+20
  9
$PEXTMAX
 10
-1e+20
 20
-1e+20
 30
-1e+20
  9
$PLIMMIN
 10
0.0
 20
0.0
  9
$PLIMMAX
 10
420.0
 20
297.0
  9
$UNITMODE
 70
0
  9
$VISRETAIN
 70
1
  9
$PLINEGEN
 70
0
  9
$PSLTSCALE
 70
1
  9
$TREEDEPTH
 70
3020
  9
$CMLSTYLE
  2
Standard
  9
$CMLJUST
 70
0
  9
$CMLSCALE
 40
20.0
  9
$PROXYGRAPHICS
 70
1
  9
$MEASUREMENT
 70
1
  9
$CELWEIGHT
370
-1
  9
$ENDCAPS
280
0
  9
$JOINSTYLE
280
0
  9
$LWDISPLAY
290
0
  9
$INSUNITS
 70
1
  9
$HYPERLINKBASE
  1

  9
$STYLESHEET
  1

  9
$XEDIT
290
1
  9
$CEPSNTYPE
380
0
  9
$PSTYLEMODE
290
1
  9
$FINGERPRINTGUID
  2
{1F6359A2-6FC3-473E-B9D5-597C43E95B2F}
  9
$VERSIONGUID
  2
{6DAA455E-6E3C-4512-A4CF-E6AAE10D7EB3}
  9
$EXTNAMES
290
1
  9
$PSVPSCALE
 40
0.0
  9
$OLESTARTUP
290
0
  9
$SORTENTS
280
127
  9
$INDEXCTL
280
0
  9
$HIDETEXT
280
1
  9
$XCLIPFRAME
280
1
  9
$HALOGAP
280
0
  9
$OBSCOLOR
 70
257
  9
$OBSLTYPE
280
0
  9
$INTERSECTIONDISPLAY
280
0
  9
$INTERSECTIONCOLOR
 70
257
  9
$DIMASSOC
280
2
  9
$PROJECTNAME
  1

  9
$CAMERADISPLAY
290
0
  9
$LENSLENGTH
 40
50.0
  9
$CAMERAHEIGHT
 40
0.0
  9
$STEPSPERSEC
 40
24.0
  9
$STEPSIZE
 40
100.0
  9
$3DDWFPREC
 40
2.0
  9
$PSOLWIDTH
 40
0.005
  9
$PSOLHEIGHT
 40
0.08
  9
$LOFTANG1
 40
1.570796326795
  9
$LOFTANG2
 40
1.570796326795
  9
$LOFTMAG1
 40
0.0
  9
$LOFTMAG2
 40
0.0
  9
$LOFTPARAM
 70
7
  9
$LOFTNORMALS
280
1
  9
$LATITUDE
 40
37.795
  9
$LONGITUDE
 40
-122.394
  9
$NORTHDIRECTION
 40
0.0
  9
$TIMEZONE
 70
-8000
  9
$LIGHTGLYPHDISPLAY
280
1
  9
$TILEMODELIGHTSYNCH
280
1
  9
$CMATERIAL
347
20
  9
$SOLIDHIST
280
0
  9
$SHOWHIST
280
1
  9
$DWFFRAME
280
2
  9
$DGNFRAME
280
2
  9
$REALWORLDSCALE
290
1
  9
$INTERFERECOLOR
 62
256
  9
$CSHADOW
280
0
  9
$SHADOWPLANELOCATION
 40
0.0
  0
ENDSEC
  0
SECTION
  2
CLASSES
  0
CLASS
  1
ACDBDICTIONARYWDFLT
  2
AcDbDictionaryWithDefault
  3
ObjectDBX Classes
 90
0
 91
0
280
0
281
0
  0
CLASS
  1
SUN
  2
AcDbSun
  3
SCENEOE
 90
1153
 91
0
280
0
281
0
  0
CLASS
  1
VISUALSTYLE
  2
AcDbVisualStyle
  3
ObjectDBX Classes
 90
4095
 91
0
280
0
281
0
  0
CLASS
  1
MATERIAL
  2
AcDbMaterial
  3
ObjectDBX Classes
 90
1153
 91
0
280
0
281
0
  0
CLASS
  1
SCALE
  2
AcDbScale
  3
ObjectDBX Classes
 90
1153
 91
0
280
0
281
0
  0
CLASS
  1
TABLESTYLE
  2
AcDbTableStyle
  3
ObjectDBX Classes
 90
4095
 91
0
280
0
281
0
  0
CLASS
  1
MLEADERSTYLE
  2
AcDbMLeaderStyle
  3
ACDB_MLEADERSTYLE_CLASS
 90
4095
 91
0
280
0
281
0
  0
CLASS
  1
DICTIONARYVAR
  2
AcDbDictionaryVar
  3
ObjectDBX Classes
 90
0
 91
0
280
0
281
0
  0
CLASS
  1
CELLSTYLEMAP
  2
AcDbCellStyleMap
  3
ObjectDBX Classes
 90
1152
 91
0
280
0
281
0
  0
CLASS
  1
MENTALRAYRENDERSETTINGS
  2
AcDbMentalRayRenderSettings
  3
SCENEOE
 90
1024
 91
0
280
0
281
0
  0
CLASS
  1
ACDBDETAILVIEWSTYLE
  2
AcDbDetailViewStyle
  3
ObjectDBX Classes
 90
1025
 91
0
280
0
281
0
  0
CLASS
  1
ACDBSECTIONVIEWSTYLE
  2
AcDbSectionViewStyle
  3
ObjectDBX Classes
 90
1025
 91
0
280
0
281
0
  0
CLASS
  1
RASTERVARIABLES
  2
AcDbRasterVariables
  3
ISM
 90
0
 91
0
280
0
281
0
  0
CLASS
  1
ACDBPLACEHOLDER
  2
AcDbPlaceHolder
  3
ObjectDBX Classes
 90
0
 91
0
280
0
281
0
  0
CLASS
  1
LAYOUT
  2
AcDbLayout
  3
ObjectDBX Classes
 90
0
 91
0
280
0
281
0
  0
ENDSEC
  0
SECTION
  2
TABLES
  0
TABLE
  2
VPORT
  5
8
330
0
100
AcDbSymbolTable
 70
1
  0
VPORT
  5
23
330
8
100
AcDbSymbolTableRecord
100
AcDbViewportTableRecord
  2
*Active
 70
0
 10
0.0
 20
0.0
 11
1.0
 21
1.0
 12
0.0
 22
0.0
 13
0.0
 23
0.0
 14
0.5
 24
0.5
 15
0.5
 25
0.5
 16
0.0
 26
0.0
 36
1.0
 17
0.0
 27
0.0
 37
0.0
 40
1000.0
 41
1.34
 42
50.0
 43
0.0
 44
0.0
 50
0.0
 51
0.0
 71
0
 72
1000
 73
1
 74
3
 75
0
 76
0
 77
0
 78
0
281
0
 65
0
146
0.0
  0
ENDTAB
  0
TABLE
  2
LTYPE
  5
2
330
0
100
AcDbSymbolTable
 70
21
  0
LTYPE
  5
24
330
2
100
AcDbSymbolTableRecord
100
AcDbLinetypeTableRecord
  2
ByBlock
 70
0
  3

 72
65
 73
0
 40
0.0
  0
LTYPE
  5
25
330
2
100
AcDbSymbolTableRecord
100
AcDbLinetypeTableRecord
  2
ByLayer
 70
0
  3

 72
65
 73
0
 40
0.0
  0
LTYPE
  5
26
330
2
100
AcDbSymbolTableRecord
100
AcDbLinetypeTableRecord
  2
Continuous
 70
0
  3

 72
65
 73
0
 40
0.0
  0
LTYPE
  5
2F
330
2
100
AcDbSymbolTableRecord
100
AcDbLinetypeTableRecord
  2
CENTER
 70
0
  3
Center ____ _ ____ _ ____ _ ____ _ ____ _ ____
 72
65
 73
4
 40
5.08
 49
3.175
 74
0
 49
-0.635
 74
0
 49
0.635
 74
0
 49
-0.635
 74
0
  0
LTYPE
  5
30
330
2
100
AcDbSymbolTableRecord
100
AcDbLinetypeTableRecord
  2
CENTERX2
 70
0
  3
Center (2x) ________  __  ________  __  ________
 72
65
 73
4
 40
8.89
 49
6.35
 74
0
 49
-0.635
 74
0
 49
1.27
 74
0
 49
-0.635
 74
0
  0
LTYPE
  5
31
330
2
100
AcDbSymbolTableRecord
100
AcDbLinetypeTableRecord
  2
CENTER2
 70
0
  3
Center (.5x) ____ _ ____ _ ____ _ ____ _ ____
 72
65
 73
4
 40
2.54
 49
1.587
 74
0
 49
-0.318
 74
0
 49
0.318
 74
0
 49
-0.318
 74
0
  0
LTYPE
  5
32
330
2
100
AcDbSymbolTableRecord
100
AcDbLinetypeTableRecord
  2
DASHED
 70
0
  3
Dashed __ __ __ __ __ __ __ __ __ __ __ __ __ _
 72
65
 73
2
 40
1.524
 49
1.27
 74
0
 49
-0.254
 74
0
  0
LTYPE
  5
33
330
2
100
AcDbSymbolTableRecord
100
AcDbLinetypeTableRecord
  2
DASHEDX2
 70
0
  3
Dashed (2x) ____  ____  ____  ____  ____  ____
 72
65
 73
2
 40
3.048
 49
2.54
 74
0
 49
-0.508
 74
0
  0
LTYPE
  5
34
330
2
100
AcDbSymbolTableRecord
100
AcDbLinetypeTableRecord
  2
DASHED2
 70
0
  3
Dashed (.5x) _ _ _ _ _ _ _ _ _ _ _ _ _ _
 72
65
 73
2
 40
0.762
 49
0.635
 74
0
 49
-0.127
 74
0
  0
LTYPE
  5
35
330
2
100
AcDbSymbolTableRecord
100
AcDbLinetypeTableRecord
  2
PHANTOM
 70
0
  3
Phantom ______  __  __  ______  __  __  ______
 72
65
 73
6
 40
6.35
 49
3.175
 74
0
 49
-0.635
 74
0
 49
0.635
 74
0
 49
-0.635
 74
0
 49
0.635
 74
0
 49
-0.635
 74
0
  0
LTYPE
  5
36
330
2
100
AcDbSymbolTableRecord
100
AcDbLinetypeTableRecord
  2
PHANTOMX2
 70
0
  3
Phantom (2x)____________    ____    ____    ____________
 72
65
 73
6
 40
10.795
 49
6.35
 74
0
 49
-0.635
 74
0
 49
1.27
 74
0
 49
-0.635
 74
0
 49
1.27
 74
0
 49
-0.635
 74
0
  0
LTYPE
  5
37
330
2
100
AcDbSymbolTableRecord
100
AcDbLinetypeTableRecord
  2
PHANTOM2
 70
0
  3
Phantom (.5x) ___ _ _ ___ _ _ ___ _ _ ___ _ _ ___
 72
65
 73
6
 40
3.175
 49
1.587
 74
0
 49
-0.318
 74
0
 49
0.318
 74
0
 49
-0.318
 74
0
 49
0.318
 74
0
 49
-0.318
 74
0
  0
LTYPE
  5
38
330
2
100
AcDbSymbolTableRecord
100
AcDbLinetypeTableRecord
  2
DASHDOT
 70
0
  3
Dash dot __ . __ . __ . __ . __ . __ . __ . __
 72
65
 73
4
 40
3.556
 49
2.54
 74
0
 49
-0.508
 74
0
 49
0.0
 74
0
 49
-0.508
 74
0
  0
LTYPE
  5
39
330
2
100
AcDbSymbolTableRecord
100
AcDbLinetypeTableRecord
  2
DASHDOTX2
 70
0
  3
Dash dot (2x) ____  .  ____  .  ____  .  ____
 72
65
 73
4
 40
6.096
 49
5.08
 74
0
 49
-0.508
 74
0
 49
0.0
 74
0
 49
-0.508
 74
0
  0
LTYPE
  5
3A
330
2
100
AcDbSymbolTableRecord
100
AcDbLinetypeTableRecord
  2
DASHDOT2
 70
0
  3
Dash dot (.5x) _ . _ . _ . _ . _ . _ . _ . _
 72
65
 73
4
 40
1.778
 49
1.27
 74
0
 49
-0.254
 74
0
 49
0.0
 74
0
 49
-0.254
 74
0
  0
LTYPE
  5
3B
330
2
100
AcDbSymbolTableRecord
100
AcDbLinetypeTableRecord
  2
DOT
 70
0
  3
Dot .  .  .  .  .  .  .  .  .  .  .  .  .  .  .  .
 72
65
 73
2
 40
0.508
 49
0.0
 74
0
 49
-0.508
 74
0
  0
LTYPE
  5
3C
330
2
100
AcDbSymbolTableRecord
100
AcDbLinetypeTableRecord
  2
DOTX2
 70
0
  3
Dot (2x) .    .    .    .    .    .    .    . 
 72
65
 73
2
 40
1.016
 49
0.0
 74
0
 49
-1.016
 74
0
  0
LTYPE
  5
3D
330
2
100
AcDbSymbolTableRecord
100
AcDbLinetypeTableRecord
  2
DOT2
 70
0
  3
Dot (.5) . . . . . . . . . . . . . . . . . . . 
 72
65
 73
2
 40
0.254
 49
0.0
 74
0
 49
-0.254
 74
0
  0
LTYPE
  5
3E
330
2
100
AcDbSymbolTableRecord
100
AcDbLinetypeTableRecord
  2
DIVIDE
 70
0
  3
Divide __ . . __ . . __ . . __ . . __ . . __
 72
65
 73
6
 40
4.064
 49
2.54
 74
0
 49
-0.508
 74
0
 49
0.0
 74
0
 49
-0.508
 74
0
 49
0.0
 74
0
 49
-0.508
 74
0
  0
LTYPE
  5
3F
330
2
100
AcDbSymbolTableRecord
100
AcDbLinetypeTableRecord
  2
DIVIDEX2
 70
0
  3
Divide (2x) ____  . .  ____  . .  ____  . .  ____
 72
65
 73
6
 40
6.604
 49
5.08
 74
0
 49
-0.508
 74
0
 49
0.0
 74
0
 49
-0.508
 74
0
 49
0.0
 74
0
 49
-0.508
 74
0
  0
LTYPE
  5
40
330
2
100
AcDbSymbolTableRecord
100
AcDbLinetypeTableRecord
  2
DIVIDE2
 70
0
  3
Divide(.5x) _ . _ . _ . _ . _ . _ . _ . _
 72
65
 73
6
 40
2.032
 49
1.27
 74
0
 49
-0.254
 74
0
 49
0.0
 74
0
 49
-0.254
 74
0
 49
0.0
 74
0
 49
-0.254
 74
0
  0
ENDTAB
  0
TABLE
  2
LAYER
  5
1
330
0
100
AcDbSymbolTable
 70
4
  0
LAYER
  5
27
330
1
100
AcDbSymbolTableRecord
100
AcDbLayerTableRecord
  2
0
 70
0
 62
7
  6
Continuous
370
-3
390
13
347
21
  0
LAYER
  5
28
330
1
100
AcDbSymbolTableRecord
100
AcDbLayerTableRecord
  2
Defpoints
 70
0
 62
7
  6
Continuous
290
0
370
-3
390
13
347
21
  0
LAYER
  5
8A
330
1
100
AcDbSymbolTableRecord
100
AcDbLayerTableRecord
  2
PROFILE
 70
0
 62
1
  6
Continuous
370
-3
390
13
347
21
  0
LAYER
  5
8B
330
1
100
AcDbSymbolTableRecord
100
AcDbLayerTableRecord
  2
SLOTS
 70
0
 62
3
  6
Continuous
370
-3
390
13
347
21
  0
ENDTAB
  0
TABLE
  2
STYLE
  5
5
330
0
100
AcDbSymbolTable
 70
26
  0
STYLE
  5
29
330
5
100
AcDbSymbolTableRecord
100
AcDbTextStyleTableRecord
  2
Standard
 70
0
 40
0.0
 41
1.0
 50
0.0
 71
0
 42
2.5
  3
txt
  4

  0
STYLE
  5
41
330
5
100
AcDbSymbolTableRecord
100
AcDbTextStyleTableRecord
  2
OpenSans-Light
 70
0
 40
0.0
 41
1.0
 50
0.0
 71
0
 42
2.5
  3
OpenSans-Light.ttf
  4

  0
STYLE
  5
42
330
5
100
AcDbSymbolTableRecord
100
AcDbTextStyleTableRecord
  2
OpenSans-Light-Italic
 70
0
 40
0.0
 41
1.0
 50
0.0
 71
0
 42
2.5
  3
OpenSans-LightItalic.ttf
  4

  0
STYLE
  5
43
330
5
100
AcDbSymbolTableRecord
100
AcDbTextStyleTableRecord
  2
OpenSans
 70
0
 40
0.0
 41
1.0
 50
0.0
 71
0
 42
2.5
  3
OpenSans-Regular.ttf
  4

  0
STYLE
  5
44
330
5
100
AcDbSymbolTableRecord
100
AcDbTextStyleTableRecord
  2
OpenSans-Italic
 70
0
 40
0.0
 41
1.0
 50
0.0
 71
0
 42
2.5
  3
OpenSans-Italic.ttf
  4

  0
STYLE
  5
45
330
5
100
AcDbSymbolTableRecord
100
AcDbTextStyleTableRecord
  2
OpenSans-SemiBold
 70
0
 40
0.0
 41
1.0
 50
0.0
 71
0
 42
2.5
  3
OpenSans-SemiBold.ttf
  4

  0
STYLE
  5
46
330
5
100
AcDbSymbolTableRecord
100
AcDbTextStyleTableRecord
  2
OpenSans-SemiBoldItalic
 70
0
 40
0.0
 41
1.0
 50
0.0
 71
0
 42
2.5
  3
OpenSans-SemiBoldItalic.ttf
  4

  0
STYLE
  5
47
330
5
100
AcDbSymbolTableRecord
100
AcDbTextStyleTableRecord
  2
OpenSans-Bold
 70
0
 40
0.0
 41
1.0
 50
0.0
 71
0
 42
2.5
  3
OpenSans-Bold.ttf
  4

  0
STYLE
  5
48
330
5
100
AcDbSymbolTableRecord
100
AcDbTextStyleTableRecord
  2
OpenSans-BoldItalic
 70
0
 40
0.0
 41
1.0
 50
0.0
 71
0
 42
2.5
  3
OpenSans-BoldItalic.ttf
  4

  0
STYLE
  5
49
330
5
100
AcDbSymbolTableRecord
100
AcDbTextStyleTableRecord
  2
OpenSans-ExtraBold
 70
0
 40
0.0
 41
1.0
 50
0.0
 71
0
 42
2.5
  3
OpenSans-ExtraBold.ttf
  4

  0
STYLE
  5
4A
330
5
100
AcDbSymbolTableRecord
100
AcDbTextStyleTableRecord
  2
OpenSans-ExtraBoldItalic
 70
0
 40
0.0
 41
1.0
 50
0.0
 71
0
 42
2.5
  3
OpenSans-ExtraBoldItalic.ttf
  4

  0
STYLE
  5
4B
330
5
100
AcDbSymbolTableRecord
100
AcDbTextStyleTableRecord
  2
OpenSansCondensed-Bold
 70
0
 40
0.0
 41
1.0
 50
0.0
 71
0
 42
2.5
  3
OpenSansCondensed-Bold.ttf
  4

  0
STYLE
  5
4C
330
5
100
AcDbSymbolTableRecord
100
AcDbTextStyleTableRecord
  2
OpenSansCondensed-Light
 70
0
 40
0.0
 41
1.0
 50
0.0
 71
0
 42
2.5
  3
OpenSansCondensed-Light.ttf
  4

  0
STYLE
  5
4D
330
5
100
AcDbSymbolTableRecord
100
AcDbTextStyleTableRecord
  2
OpenSansCondensed-Italic
 70
0
 40
0.0
 41
1.0
 50
0.0
 71
0
 42
2.5
  3
OpenSansCondensed-LightItalic.ttf
  4

  0
STYLE
  5
4E
330
5
100
AcDbSymbolTableRecord
100
AcDbTextStyleTableRecord
  2
LiberationSans
 70
0
 40
0.0
 41
1.0
 50
0.0
 71
0
 42
2.5
  3
LiberationSans-Regular.ttf
  4

  0
STYLE
  5
4F
330
5
100
AcDbSymbolTableRecord
100
AcDbTextStyleTableRecord
  2
LiberationSans-Bold
 70
0
 40
0.0
 41
1.0
 50
0.0
 71
0
 42
2.5
  3
LiberationSans-Bold.ttf
  4

  0
STYLE
  5
50
330
5
100
AcDbSymbolTableRecord
100
AcDbTextStyleTableRecord
  2
LiberationSans-BoldItalic
 70
0
 40
0.0
 41
1.0
 50
0.0
 71
0
 42
2.5
  3
LiberationSans-BoldItalic.ttf
  4

  0
STYLE
  5
51
330
5
100
AcDbSymbolTableRecord
100
AcDbTextStyleTableRecord
  2
LiberationSans-Italic
 70
0
 40
0.0
 41
1.0
 50
0.0
 71
0
 42
2.5
  3
LiberationSans-Italic.ttf
  4

  0
STYLE
  5
52
330
5
100
AcDbSymbolTableRecord
100
AcDbTextStyleTableRecord
  2
LiberationSerif
 70
0
 40
0.0
 41
1.0
 50
0.0
 71
0
 42
2.5
  3
LiberationSerif-Regular.ttf
  4

  0
STYLE
  5
53
330
5
100
AcDbSymbolTableRecord
100
AcDbTextStyleTableRecord
  2
LiberationSerif-Bold
 70
0
 40
0.0
 41
1.0
 50
0.0
 71
0
 42
2.5
  3
LiberationSerif-Bold.ttf
  4

  0
STYLE
  5
54
330
5
100
AcDbSymbolTableRecord
100
AcDbTextStyleTableRecord
  2
LiberationSerif-BoldItalic
 70
0
 40
0.0
 41
1.0
 50
0.0
 71
0
 42
2.5
  3
LiberationSerif-BoldItalic.ttf
  4

  0
STYLE
  5
55
330
5
100
AcDbSymbolTableRecord
100
AcDbTextStyleTableRecord
  2
LiberationSerif-Italic
 70
0
 40
0.0
 41
1.0
 50
0.0
 71
0
 42
2.5
  3
LiberationSerif-Italic.ttf
  4

  0
STYLE
  5
56
330
5
100
AcDbSymbolTableRecord
100
AcDbTextStyleTableRecord
  2
LiberationMono
 70
0
 40
0.0
 41
1.0
 50
0.0
 71
0
 42
2.5
  3
LiberationMono-Regular.ttf
  4

  0
STYLE
  5
57
330
5
100
AcDbSymbolTableRecord
100
AcDbTextStyleTableRecord
  2
LiberationMono-Bold
 70
0
 40
0.0
 41
1.0
 50
0.0
 71
0
 42
2.5
  3
LiberationMono-Bold.ttf
  4

  0
STYLE
  5
58
330
5
100
AcDbSymbolTableRecord
100
AcDbTextStyleTableRecord
  2
LiberationMono-BoldItalic
 70
0
 40
0.0
 41
1.0
 50
0.0
 71
0
 42
2.5
  3
LiberationMono-BoldItalic.ttf
  4

  0
STYLE
  5
59
330
5
100
AcDbSymbolTableRecord
100
AcDbTextStyleTableRecord
  2
LiberationMono-Italic
 70
0
 40
0.0
 41
1.0
 50
0.0
 71
0
 42
2.5
  3
LiberationMono-Italic.ttf
  4

  0
ENDTAB
  0
TABLE
  2
VIEW
  5
7
330
0
100
AcDbSymbolTable
 70
0
  0
ENDTAB
  0
TABLE
  2
UCS
  5
6
330
0
100
AcDbSymbolTable
 70
0
  0
ENDTAB
  0
TABLE
  2
APPID
  5
3
330
0
100
AcDbSymbolTable
 70
3
  0
APPID
  5
2A
330
3
100
AcDbSymbolTableRecord
100
AcDbRegAppTableRecord
  2
ACAD
 70
0
  0
APPID
  5
585
330
3
100
AcDbSymbolTableRecord
100
AcDbRegAppTableRecord
  2
HATCHBACKGROUNDCOLOR
 70
0
  0
APPID
  5
586
330
3
100
AcDbSymbolTableRecord
100
AcDbRegAppTableRecord
  2
EZDXF
 70
0
  0
ENDTAB
  0
TABLE
  2
DIMSTYLE
  5
4
330
0
100
AcDbSymbolTable
 70
12
100
AcDbDimStyleTable
  0
DIMSTYLE
105
2B
330
4
100
AcDbSymbolTableRecord
100
AcDbDimStyleTableRecord
  2
Standard
 70
0
 40
1.0
 41
2.5
 42
0.625
 43
3.75
 44
1.25
 45
0.0
 46
0.0
 47
0.0
 48
0.0
 49
2.5
140
2.5
141
2.5
142
0.0
143
0.03937007874
144
1.0
145
0.0
146
1.0
147
0.625
148
0.0
 69
0
 70
0
 71
0
 72
0
 73
0
 74
0
 75
0
 76
0
 77
1
 78
8
 79
3
170
0
171
3
172
1
173
0
174
0
175
0
176
0
177
0
178
0
179
2
271
2
272
2
273
2
274
3
275
0
276
0
277
2
278
44
279
0
280
0
281
0
282
0
283
0
284
8
285
0
286
0
288
0
289
3
290
0
371
-2
372
-2
  0
DIMSTYLE
105
73
330
4
100
AcDbSymbolTableRecord
100
AcDbDimStyleTableRecord
  2
EZDXF
 70
0
 40
1.0
 41
0.175
 42
0.125
 43
3.75
 44
0.375
 45
0.0
 46
0.0
 47
0.0
 48
0.0
 49
2.5
140
0.25
141
2.5
142
0.0
143
0.03937007874
144
100.0
145
0.0
146
0.5
147
0.1
148
0.0
 69
0
 70
0
 71
0
 72
0
 73
0
 74
0
 75
0
 76
0
 77
1
 78
12
 79
3
170
0
171
3
172
1
173
0
174
0
175
0
176
0
177
0
178
0
179
2
271
2
272
2
273
2
274
3
275
0
276
0
277
2
278
46
279
2
280
0
281
0
282
0
283
0
284
8
285
0
286
0
288
1
289
3
290
0
340
4C
342
74
371
-2
372
-2
  0
DIMSTYLE
105
7C
330
4
100
AcDbSymbolTableRecord
100
AcDbDimStyleTableRecord
  2
EZ_M_100_H25_CM
 70
0
 40
1.0
 41
0.25
 42
0.125
 43
3.75
 44
0.375
 45
0.0
 46
0.0
 47
0.0
 48
0.0
 49
2.5
140
0.25
141
2.5
142
0.125
143
0.03937007874
144
100.0
145
0.0
146
0.5
147
0.1
148
0.0
 69
0
 70
0
 71
0
 72
0
 73
0
 74
0
 75
0
 76
0
 77
1
 78
12
 79
3
170
0
171
3
172
1
173
0
174
0
175
0
176
0
177
0
178
0
179
2
271
2
272
2
273
2
274
3
275
0
276
0
277
2
278
46
279
2
280
0
281
0
282
0
283
0
284
8
285
0
286
0
288
1
289
3
290
0
340
4C
371
-2
372
-2
  0
DIMSTYLE
105
7D
330
4
100
AcDbSymbolTableRecord
100
AcDbDimStyleTableRecord
  2
EZ_M_50_H25_CM
 70
0
 40
1.0
 41
0.125
 42
0.0625
 43
3.75
 44
0.1875
 45
0.0
 46
0.0
 47
0.0
 48
0.0
 49
2.5
140
0.125
141
2.5
142
0.0625
143
0.03937007874
144
100.0
145
0.0
146
0.5
147
0.05
148
0.0
 69
0
 70
0
 71
0
 72
0
 73
0
 74
0
 75
0
 76
0
 77
1
 78
12
 79
3
170
0
171
3
172
1
173
0
174
0
175
0
176
0
177
0
178
0
179
2
271
2
272
2
273
2
274
3
275
0
276
0
277
2
278
46
279
2
280
0
281
0
282
0
283
0
284
8
285
0
286
0
288
1
289
3
290
0
340
4C
371
-2
372
-2
  0
DIMSTYLE
105
7E
330
4
100
AcDbSymbolTableRecord
100
AcDbDimStyleTableRecord
  2
EZ_M_25_H25_CM
 70
0
 40
1.0
 41
0.0625
 42
0.03125
 43
3.75
 44
0.09375
 45
0.0
 46
0.0
 47
0.0
 48
0.0
 49
2.5
140
0.0625
141
2.5
142
0.03125
143
0.03937007874
144
100.0
145
0.0
146
0.5
147
0.025
148
0.0
 69
0
 70
0
 71
0
 72
0
 73
0
 74
0
 75
0
 76
0
 77
1
 78
12
 79
3
170
0
171
3
172
1
173
0
174
0
175
0
176
0
177
0
178
0
179
2
271
2
272
2
273
2
274
3
275
0
276
0
277
2
278
46
279
2
280
0
281
0
282
0
283
0
284
8
285
0
286
0
288
1
289
3
290
0
340
4C
371
-2
372
-2
  0
DIMSTYLE
105
7F
330
4
100
AcDbSymbolTableRecord
100
AcDbDimStyleTableRecord
  2
EZ_M_20_H25_CM
 70
0
 40
1.0
 41
0.05
 42
0.025
 43
3.75
 44
0.07500000000000001
 45
0.0
 46
0.0
 47
0.0
 48
0.0
 49
2.5
140
0.05
141
2.5
142
0.025
143
0.03937007874
144
100.0
145
0.0
146
0.5
147
0.020000000000000004
148
0.0
 69
0
 70
0
 71
0
 72
0
 73
0
 74
0
 75
0
 76
0
 77
1
 78
12
 79
3
170
0
171
3
172
1
173
0
174
0
175
0
176
0
177
0
178
0
179
2
271
2
272
2
273
2
274
3
275
0
276
0
277
2
278
46
279
2
280
0
281
0
282
0
283
0
284
8
285
0
286
0
288
1
289
3
290
0
340
4C
371
-2
372
-2
  0
DIMSTYLE
105
80
330
4
100
AcDbSymbolTableRecord
100
AcDbDimStyleTableRecord
  2
EZ_M_10_H25_CM
 70
0
 40
1.0
 41
0.025
 42
0.0125
 43
3.75
 44
0.037500000000000006
 45
0.0
 46
0.0
 47
0.0
 48
0.0
 49
2.5
140
0.025
141
2.5
142
0.0125
143
0.03937007874
144
100.0
145
0.0
146
0.5
147
0.010000000000000002
148
0.0
 69
0
 70
0
 71
0
 72
0
 73
0
 74
0
 75
0
 76
0
 77
1
 78
12
 79
3
170
0
171
3
172
1
173
0
174
0
175
0
176
0
177
0
178
0
179
2
271
2
272
2
273
2
274
3
275
0
276
0
277
2
278
46
279
2
280
0
281
0
282
0
283
0
284
8
285
0
286
0
288
1
289
3
290
0
340
4C
371
-2
372
-2
  0
DIMSTYLE
105
81
330
4
100
AcDbSymbolTableRecord
100
AcDbDimStyleTableRecord
  2
EZ_M_5_H25_CM
 70
0
 40
1.0
 41
0.0125
 42
0.00625
 43
3.75
 44
0.018750000000000003
 45
0.0
 46
0.0
 47
0.0
 48
0.0
 49
2.5
140
0.0125
141
2.5
142
0.00625
143
0.03937007874
144
100.0
145
0.0
146
0.5
147
0.005000000000000001
148
0.0
 69
0
 70
0
 71
0
 72
0
 73
0
 74
0
 75
0
 76
0
 77
1
 78
12
 79
3
170
0
171
3
172
1
173
0
174
0
175
0
176
0
177
0
178
0
179
2
271
2
272
2
273
2
274
3
275
0
276
0
277
2
278
46
279
2
280
0
281
0
282
0
283
0
284
8
285
0
286
0
288
1
289
3
290
0
340
4C
371
-2
372
-2
  0
DIMSTYLE
105
82
330
4
100
AcDbSymbolTableRecord
100
AcDbDimStyleTableRecord
  2
EZ_M_1_H25_CM
 70
0
 40
1.0
 41
0.0025
 42
0.00125
 43
3.75
 44
0.00375
 45
0.0
 46
0.0
 47
0.0
 48
0.0
 49
2.5
140
0.0025
141
2.5
142
0.00125
143
0.03937007874
144
100.0
145
0.0
146
0.5
147
0.001
148
0.0
 69
0
 70
0
 71
0
 72
0
 73
0
 74
0
 75
0
 76
0
 77
1
 78
12
 79
3
170
0
171
3
172
1
173
0
174
0
175
0
176
0
177
0
178
0
179
2
271
2
272
2
273
2
274
3
275
0
276
0
277
2
278
46
279
2
280
0
281
0
282
0
283
0
284
8
285
0
286
0
288
1
289
3
290
0
340
4C
371
-2
372
-2
  0
DIMSTYLE
105
83
330
4
100
AcDbSymbolTableRecord
100
AcDbDimStyleTableRecord
  2
EZ_RADIUS
 70
0
 40
1.0
 41
0.25
 42
0.125
 43
3.75
 44
0.375
 45
0.0
 46
0.0
 47
0.0
 48
0.0
 49
2.5
140
0.25
141
0.0
142
0.0
143
0.03937007874
144
100.0
145
0.0
146
0.5
147
0.1
148
0.0
 69
0
 70
0
 71
0
 72
0
 73
0
 74
0
 75
0
 76
0
 77
1
 78
12
 79
3
170
0
171
3
172
0
173
0
174
0
175
0
176
0
177
0
178
0
179
2
271
2
272
2
273
2
274
3
275
0
276
0
277
2
278
46
279
1
280
0
281
0
282
0
283
0
284
8
285
0
286
0
288
1
289
3
290
0
340
4C
342
84
371
-2
372
-2
  0
DIMSTYLE
105
88
330
4
100
AcDbSymbolTableRecord
100
AcDbDimStyleTableRecord
  2
EZ_RADIUS_INSIDE
 70
0
 40
1.0
 41
0.25
 42
0.125
 43
3.75
 44
0.375
 45
0.0
 46
0.0
 47
0.0
 48
0.0
 49
2.5
140
0.25
141
0.0
142
0.0
143
0.03937007874
144
100.0
145
0.0
146
0.5
147
0.1
148
0.0
 69
0
 70
0
 71
0
 72
0
 73
0
 74
0
 75
0
 76
0
 77
0
 78
12
 79
3
170
0
171
3
172
0
173
0
174
1
175
0
176
0
177
0
178
0
179
2
271
2
272
2
273
2
274
3
275
0
276
0
277
2
278
46
279
0
280
0
281
0
282
0
283
0
284
8
285
0
286
0
288
1
289
0
290
0
340
4C
342
84
371
-2
372
-2
  0
DIMSTYLE
105
89
330
4
100
AcDbSymbolTableRecord
100
AcDbDimStyleTableRecord
  2
EZ_CURVED
 70
0
 40
1.0
 41
0.25
 42
0.125
 43
3.75
 44
0.375
 45
0.0
 46
0.0
 47
0.0
 48
0.0
 49
2.5
140
0.25
141
2.5
142
0.0
143
0.03937007874
144
100.0
145
0.0
146
0.5
147
0.1
148
0.0
 69
0
 70
0
 71
0
 72
0
 73
0
 74
0
 75
0
 76
0
 77
1
 78
12
 79
2
 90
2
170
0
171
3
172
1
173
0
174
0
175
0
176
0
177
0
178
0
179
2
271
2
272
2
273
2
274
3
275
0
276
0
277
2
278
46
279
2
280
0
281
0
282
0
283
0
284
8
285
0
286
0
288
1
289
3
290
0
340
4C
371
-2
372
-2
  0
ENDTAB
  0
TABLE
  2
BLOCK_RECORD
  5
9
330
0
100
AcDbSymbolTable
 70
5
  0
BLOCK_RECORD
  5
17
330
9
100
AcDbSymbolTableRecord
100
AcDbBlockTableRecord
  2
*Model_Space
340
1A
 70
0
280
1
281
0
  0
BLOCK_RECORD
  5
1B
330
9
100
AcDbSymbolTableRecord
100
AcDbBlockTableRecord
  2
*Paper_Space
340
1E
 70
0
280
1
281
0
  0
BLOCK_RECORD
  5
74
330
9
100
AcDbSymbolTableRecord
100
AcDbBlockTableRecord
  2
_ARCHTICK
340
0
 70
0
280
1
281
0
  0
BLOCK_RECORD
  5
78
330
9
100
AcDbSymbolTableRecord
100
AcDbBlockTableRecord
  2
_CLOSEDFILLED
340
0
 70
0
280
1
281
0
  0
BLOCK_RECORD
  5
84
330
9
100
AcDbSymbolTableRecord
100
AcDbBlockTableRecord
  2
_CLOSEDBLANK
340
0
 70
0
280
1
281
0
  0
ENDTAB
  0
ENDSEC
  0
SECTION
  2
BLOCKS
  0
BLOCK
  5
18
330
17
100
AcDbEntity
  8
0
100
AcDbBlockBegin
  2
*Model_Space
 70
0
 10
0.0
 20
0.0
 30
0.0
  3
*Model_Space
  1

  0
ENDBLK
  5
19
330
17
100
AcDbEntity
  8
0
100
AcDbBlockEnd
  0
BLOCK
  5
1C
330
1B
100
AcDbEntity
  8
0
100
AcDbBlockBegin
  2
*Paper_Space
 70
0
 10
0.0
 20
0.0
 30
0.0
  3
*Paper_Space
  1

  0
ENDBLK
  5
1D
330
1B
100
AcDbEntity
  8
0
100
AcDbBlockEnd
  0
BLOCK
  5
75
330
74
100
AcDbEntity
  8
0
100
AcDbBlockBegin
  2
_ARCHTICK
 70
0
 10
0.0
 20
0.0
 30
0.0
  3
_ARCHTICK
  1

  0
LWPOLYLINE
  5
77
330
74
100
AcDbEntity
  8
0
  6
BYBLOCK
 62
0
100
AcDbPolyline
 90
2
 70
0
 43
0.15
 10
-0.5
 20
-0.5
 10
0.5
 20
0.5
  0
ENDBLK
  5
76
330
74
100
AcDbEntity
  8
0
100
AcDbBlockEnd
  0
BLOCK
  5
79
330
78
100
AcDbEntity
  8
0
100
AcDbBlockBegin
  2
_CLOSEDFILLED
 70
0
 10
0.0
 20
0.0
 30
0.0
  3
_CLOSEDFILLED
  1

  0
SOLID
  5
7B
330
78
100
AcDbEntity
  8
0
  6
BYBLOCK
 62
0
100
AcDbTrace
 10
-1.0
 20
0.16439898372402537
 30
0.0
 11
0.0
 21
0.0
 31
0.0
 12
-1.0
 22
-0.16439898372402537
 32
0.0
 13
-1.0
 23
-0.16439898372402537
 33
0.0
  0
ENDBLK
  5
7A
330
78
100
AcDbEntity
  8
0
100
AcDbBlockEnd
  0
BLOCK
  5
85
330
84
100
AcDbEntity
  8
0
100
AcDbBlockBegin
  2
_CLOSEDBLANK
 70
0
 10
0.0
 20
0.0
 30
0.0
  3
_CLOSEDBLANK
  1

  0
LWPOLYLINE
  5
87
330
84
100
AcDbEntity
  8
0
  6
BYBLOCK
 62
0
100
AcDbPolyline
 90
3
 70
1
 10
-1.0
 20
0.16439898372402537
 10
0.0
 20
0.0
 10
-1.0
 20
-0.16439898372402537
  0
ENDBLK
  5
86
330
84
100
AcDbEntity
  8
0
100
AcDbBlockEnd
  0
ENDSEC
  0
SECTION
  2
ENTITIES
  0
LWPOLYLINE
  5
8C
330
17
100
AcDbEntity
  8
PROFILE
100
AcDbPolyline
 90
4
 70
1
 10
0.0
 20
0.0
 10
36.0
 20
0.0
 10
36.0
 20
31.0
 10
0.0
 20
31.0
  0
LINE
  5
8D
330
17
100
AcDbEntity
  8
SLOTS
100
AcDbLine
 10
1.1590930961741055
 20
8.785021413152737
 30
0.0
 11
1.9026866116121302
 21
8.574217854922594
 31
0.0
  0
LINE
  5
8E
330
17
100
AcDbEntity
  8
SLOTS
100
AcDbLine
 10
1.8345004192639192
 20
8.333696248464769
 30
0.0
 11
1.0909069038258945
 21
8.544499806694912
 31
0.0
  0
ARC
  5
8F
330
17
100
AcDbEntity
  8
SLOTS
100
AcDbCircle
 10
1.8685935154380247
 20
8.453957051693681
 30
0.0
 40
0.125
100
AcDbArc
 50
-105.82766211987025
 51
74.17233788012975
  0
ARC
  5
90
330
17
100
AcDbEntity
  8
SLOTS
100
AcDbCircle
 10
1.125
 20
8.664760609923825
 30
0.0
 40
0.125
100
AcDbArc
 50
74.17233788012975
 51
254.17233788012976
  0
LINE
  5
91
330
17
100
AcDbEntity
  8
SLOTS
100
AcDbLine
 10
1.1590930961741057
 20
9.564577157691962
 30
0.0
 11
2.316183394990742
 21
9.23655015487384
 31
0.0
  0
LINE
  5
92
330
17
100
AcDbEntity
  8
SLOTS
100
AcDbLine
 10
2.247997202642531
 20
8.996028548416014
 30
0.0
 11
1.0909069038258943
 21
9.324055551234137
 31
0.0
  0
ARC
  5
93
330
17
100
AcDbEntity
  8
SLOTS
100
AcDbCircle
 10
2.2820902988166365
 20
9.116289351644927
 30
0.0
 40
0.125
100
AcDbArc
 50
-105.82766211987027
 51
74.17233788012973
  0
ARC
  5
94
330
17
100
AcDbEntity
  8
SLOTS
100
AcDbCircle
 10
1.125
 20
9.44431635446305
 30
0.0
 40
0.125
100
AcDbArc
 50
74.17233788012973
 51
254.17233788012973
  0
LINE
  5
95
330
17
100
AcDbEntity
  8
SLOTS
100
AcDbLine
 10
1.1590930961741055
 20
10.344132902231188
 30
0.0
 11
2.0984890355056676
 21
10.07782072698126
 31
0.0
  0
LINE
  5
96
330
17
100
AcDbEntity
  8
SLOTS
100
AcDbLine
 10
2.0303028431574566
 20
9.837299120523435
 30
0.0
 11
1.0909069038258945
 21
10.103611295773362
 31
0.0
  0
ARC
  5
97
330
17
100
AcDbEntity
  8
SLOTS
100
AcDbCircle
 10
2.064395939331562
 20
9.957559923752347
 30
0.0
 40
0.125
100
AcDbArc
 50
-105.82766211987024
 51
74.17233788012976
  0
ARC
  5
98
330
17
100
AcDbEntity
  8
SLOTS
100
AcDbCircle
 10
1.125
 20
10.223872099002275
 30
0.0
 40
0.125
100
AcDbArc
 50
74.17233788012976
 51
254.17233788012976
  0
LINE
  5
99
330
17
100
AcDbEntity
  8
SLOTS
100
AcDbLine
 10
1.1590930961741057
 20
11.123688646770413
 30
0.0
 11
1.8807946760205934
 21
10.919091299088679
 31
0.0
  0
LINE
  5
9A
330
17
100
AcDbEntity
  8
SLOTS
100
AcDbLine
 10
1.812608483672382
 20
10.678569692630854
 30
0.0
 11
1.0909069038258943
 21
10.883167040312587
 31
0.0
  0
ARC
  5
9B
330
17
100
AcDbEntity
  8
SLOTS
100
AcDbCircle
 10
1.8467015798464876
 20
10.798830495859766
 30
0.0
 40
0.125
100
AcDbArc
 50
-105.82766211987033
 51
74.17233788012967
  0
ARC
  5
9C
330
17
100
AcDbEntity
  8
SLOTS
100
AcDbCircle
 10
1.125
 20
11.0034278435415
 30
0.0
 40
0.125
100
AcDbArc
 50
74.17233788012967
 51
254.17233788012967
  0
LINE
  5
9D
330
17
100
AcDbEntity
  8
SLOTS
100
AcDbLine
 10
1.1590930961741053
 20
11.903244391309636
 30
0.0
 11
1.6631003165355185
 21
11.7603618711961
 31
0.0
  0
LINE
  5
9E
330
17
100
AcDbEntity
  8
SLOTS
100
AcDbLine
 10
1.594914124187308
 20
11.519840264738274
 30
0.0
 11
1.0909069038258947
 21
11.66272278485181
 31
0.0
  0
ARC
  5
9F
330
17
100
AcDbEntity
  8
SLOTS
100
AcDbCircle
 10
1.6290072203614132
 20
11.640101067967187
 30
0.0
 40
0.125
100
AcDbArc
 50
-105.8276621198701
 51
74.1723378801299
  0
ARC
  5
A0
330
17
100
AcDbEntity
  8
SLOTS
100
AcDbCircle
 10
1.125
 20
11.782983588080723
 30
0.0
 40
0.125
100
AcDbArc
 50
74.1723378801299
 51
254.1723378801299
  0
LINE
  5
A1
330
17
100
AcDbEntity
  8
SLOTS
100
AcDbLine
 10
1.1590930961741055
 20
12.68280013584886
 30
0.0
 11
1.4454059570504447
 21
12.601632443303517
 31
0.0
  0
LINE
  5
A2
330
17
100
AcDbEntity
  8
SLOTS
100
AcDbLine
 10
1.3772197647022337
 20
12.361110836845691
 30
0.0
 11
1.0909069038258945
 21
12.442278529391034
 31
0.0
  0
ARC
  5
A3
330
17
100
AcDbEntity
  8
SLOTS
100
AcDbCircle
 10
1.4113128608763392
 20
12.481371640074604
 30
0.0
 40
0.125
100
AcDbArc
 50
-105.8276621198702
 51
74.1723378801298
  0
ARC
  5
A4
330
17
100
AcDbEntity
  8
SLOTS
100
AcDbCircle
 10
1.125
 20
12.562539332619947
 30
0.0
 40
0.125
100
AcDbArc
 50
74.1723378801298
 51
254.17233788012982
  0
LINE
  5
A5
330
17
100
AcDbEntity
  8
SLOTS
100
AcDbLine
 10
1.1590930961741042
 20
13.462355880388085
 30
0.0
 11
1.227711597565369
 21
13.442903015410938
 31
0.0
  0
LINE
  5
A6
330
17
100
AcDbEntity
  8
SLOTS
100
AcDbLine
 10
1.1595254052171606
 20
13.202381408953112
 30
0.0
 11
1.0909069038258958
 21
13.22183427393026
 31
0.0
  0
ARC
  5
A7
330
17
100
AcDbEntity
  8
SLOTS
100
AcDbCircle
 10
1.1936185013912648
 20
13.322642212182025
 30
0.0
 40
0.125
100
AcDbArc
 50
-105.82766211986956
 51
74.17233788013044
  0
ARC
  5
A8
330
17
100
AcDbEntity
  8
SLOTS
100
AcDbCircle
 10
1.125
 20
13.342095077159172
 30
0.0
 40
0.125
100
AcDbArc
 50
74.17233788013044
 51
254.17233788013044
  0
LINE
  5
A9
330
17
100
AcDbEntity
  8
SLOTS
100
AcDbLine
 10
12.072574730148283
 20
1.2326438949312453
 30
0.0
 11
12.098434862831605
 21
1.247909474967476
 31
0.0
  0
LINE
  5
AA
330
17
100
AcDbEntity
  8
SLOTS
100
AcDbLine
 10
12.225522106629414
 20
1.0326216851049854
 30
0.0
 11
12.199661973946093
 21
1.0173561050687547
 31
0.0
  0
ARC
  5
AB
330
17
100
AcDbEntity
  8
SLOTS
100
AcDbCircle
 10
12.16197848473051
 20
1.1402655800362307
 30
0.0
 40
0.125
100
AcDbArc
 50
-59.44608174278778
 51
120.55391825721222
  0
ARC
  5
AC
330
17
100
AcDbEntity
  8
SLOTS
100
AcDbCircle
 10
12.136118352047188
 20
1.125
 30
0.0
 40
0.125
100
AcDbArc
 50
120.55391825721222
 51
300.5539182572122
  0
LINE
  5
AD
330
17
100
AcDbEntity
  8
SLOTS
100
AcDbLine
 10
10.597210292327086
 20
1.2326438949312457
 30
0.0
 11
11.765754011072417
 21
1.9224507835032396
 31
0.0
  0
LINE
  5
AE
330
17
100
AcDbEntity
  8
SLOTS
100
AcDbLine
 10
11.892841254870227
 20
1.7071629936407482
 30
0.0
 11
10.724297536124896
 21
1.0173561050687543
 31
0.0
  0
ARC
  5
AF
330
17
100
AcDbEntity
  8
SLOTS
100
AcDbCircle
 10
11.829297632971322
 20
1.814806888571994
 30
0.0
 40
0.125
100
AcDbArc
 50
-59.44608174278821
 51
120.55391825721179
  0
ARC
  5
B0
330
17
100
AcDbEntity
  8
SLOTS
100
AcDbCircle
 10
10.66075391422599
 20
1.125
 30
0.0
 40
0.125
100
AcDbArc
 50
120.55391825721179
 51
300.55391825721176
  0
LINE
  5
B1
330
17
100
AcDbEntity
  8
SLOTS
100
AcDbLine
 10
9.12184585450589
 20
1.2326438949312457
 30
0.0
 11
11.433073159313231
 21
2.596992092039003
 31
0.0
  0
LINE
  5
B2
330
17
100
AcDbEntity
  8
SLOTS
100
AcDbLine
 10
11.560160403111041
 20
2.381704302176512
 30
0.0
 11
9.2489330983037
 21
1.0173561050687543
 31
0.0
  0
ARC
  5
B3
330
17
100
AcDbEntity
  8
SLOTS
100
AcDbCircle
 10
11.496616781212136
 20
2.4893481971077573
 30
0.0
 40
0.125
100
AcDbArc
 50
-59.44608174278821
 51
120.55391825721179
  0
ARC
  5
B4
330
17
100
AcDbEntity
  8
SLOTS
100
AcDbCircle
 10
9.185389476404795
 20
1.125
 30
0.0
 40
0.125
100
AcDbArc
 50
120.55391825721179
 51
300.55391825721176
  0
LINE
  5
B5
330
17
100
AcDbEntity
  8
SLOTS
100
AcDbLine
 10
7.646481416684693
 20
1.2326438949312457
 30
0.0
 11
11.100392307554044
 21
3.271533400574767
 31
0.0
  0
LINE
  5
B6
330
17
100
AcDbEntity
  8
SLOTS
100
AcDbLine
 10
11.227479551351854
 20
3.056245610712276
 30
0.0
 11
7.7735686604825025
 21
1.0173561050687543
 31
0.0
  0
ARC
  5
B7
330
17
100
AcDbEntity
  8
SLOTS
100
AcDbCircle
 10
11.163935929452949
 20
3.1638895056435214
 30
0.0
 40
0.125
100
AcDbArc
 50
-59.44608174278821
 51
120.55391825721179
  0
ARC
  5
B8
330
17
100
AcDbEntity
  8
SLOTS
100
AcDbCircle
 10
7.710025038583598
 20
1.125
 30
0.0
 40
0.125
100
AcDbArc
 50
120.55391825721179
 51
300.55391825721176
  0
LINE
  5
B9
330
17
100
AcDbEntity
  8
SLOTS
100
AcDbLine
 10
8.09409145726571
 20
2.3678012882500252
 30
0.0
 11
10.767711455794856
 21
3.94607470911053
 31
0.0
  0
LINE
  5
BA
330
17
100
AcDbEntity
  8
SLOTS
100
AcDbLine
 10
10.894798699592666
 20
3.730786919248039
 30
0.0
 11
8.22117870106352
 21
2.1525134983875343
 31
0.0
  0
ARC
  5
BB
330
17
100
AcDbEntity
  8
SLOTS
100
AcDbCircle
 10
10.831255077693761
 20
3.8384308141792847
 30
0.0
 40
0.125
100
AcDbArc
 50
-59.44608174278821
 51
120.55391825721179
  0
ARC
  5
BC
330
17
100
AcDbEntity
  8
SLOTS
100
AcDbCircle
 10
8.157635079164615
 20
2.2601573933187797
 30
0.0
 40
0.125
100
AcDbArc
 50
120.55391825721179
 51
300.55391825721176
  0
LINE
  5
BD
330
17
100
AcDbEntity
  8
SLOTS
100
AcDbLine
 10
9.229631143814032
 20
3.90905269502228
 30
0.0
 11
10.435030604035669
 21
4.620616017646293
 31
0.0
  0
LINE
  5
BE
330
17
100
AcDbEntity
  8
SLOTS
100
AcDbLine
 10
10.562117847833479
 20
4.4053282277838015
 30
0.0
 11
9.356718387611842
 21
3.693764905159789
 31
0.0
  0
ARC
  5
BF
330
17
100
AcDbEntity
  8
SLOTS
100
AcDbCircle
 10
10.498574225934574
 20
4.512972122715047
 30
0.0
 40
0.125
100
AcDbArc
 50
-59.44608174278822
 51
120.55391825721178
  0
ARC
  5
C0
330
17
100
AcDbEntity
  8
SLOTS
100
AcDbCircle
 10
9.293174765712937
 20
3.8014088000910347
 30
0.0
 40
0.125
100
AcDbArc
 50
120.55391825721178
 51
300.55391825721176
  0
LINE
  5
C1
330
17
100
AcDbEntity
  8
SLOTS
100
AcDbLine
 10
1.2323927735610853
 20
3.7648194510678374
 30
0.0
 11
1.9125287940751488
 21
2.622956320275506
 31
0.0
  0
LINE
  5
C2
330
17
100
AcDbEntity
  8
SLOTS
100
AcDbLine
 10
1.697743246952978
 20
2.4950220842500004
 30
0.0
 11
1.0176072264389147
 21
3.636885215042332
 31
0.0
  0
ARC
  5
C3
330
17
100
AcDbEntity
  8
SLOTS
100
AcDbCircle
 10
1.8051360205140634
 20
2.558989202262753
 30
0.0
 40
0.125
100
AcDbArc
 50
-149.22040387339817
 51
30.779596126601838
  0
ARC
  5
C4
330
17
100
AcDbEntity
  8
SLOTS
100
AcDbCircle
 10
1.125
 20
3.7008523330550847
 30
0.0
 40
0.125
100
AcDbArc
 50
30.779596126601838
 51
210.77959612660183
  0
LINE
  5
C5
330
17
100
AcDbEntity
  8
SLOTS
100
AcDbLine
 10
1.2323927735610853
 20
5.23041619690387
 30
0.0
 11
3.159896369731701
 21
1.9943792505393336
 31
0.0
  0
LINE
  5
C6
330
17
100
AcDbEntity
  8
SLOTS
100
AcDbLine
 10
2.9451108226095304
 20
1.866445014513828
 30
0.0
 11
1.0176072264389147
 21
5.102481960878364
 31
0.0
  0
ARC
  5
C7
330
17
100
AcDbEntity
  8
SLOTS
100
AcDbCircle
 10
3.0525035961706157
 20
1.9304121325265808
 30
0.0
 40
0.125
100
AcDbArc
 50
-149.22040387339817
 51
30.779596126601838
  0
ARC
  5
C8
330
17
100
AcDbEntity
  8
SLOTS
100
AcDbCircle
 10
1.125
 20
5.166449078891117
 30
0.0
 40
0.125
100
AcDbArc
 50
30.779596126601838
 51
210.77959612660183
  0
LINE
  5
C9
330
17
100
AcDbEntity
  8
SLOTS
100
AcDbLine
 10
1.2323927735610853
 20
6.696012942739903
 30
0.0
 11
4.407263945388253
 21
1.3658021808031613
 31
0.0
  0
LINE
  5
CA
330
17
100
AcDbEntity
  8
SLOTS
100
AcDbLine
 10
4.192478398266083
 20
1.2378679447776557
 30
0.0
 11
1.0176072264389147
 21
6.568078706714396
 31
0.0
  0
ARC
  5
CB
330
17
100
AcDbEntity
  8
SLOTS
100
AcDbCircle
 10
4.299871171827168
 20
1.3018350627904085
 30
0.0
 40
0.125
100
AcDbArc
 50
-149.22040387339817
 51
30.779596126601838
  0
ARC
  5
CC
330
17
100
AcDbEntity
  8
SLOTS
100
AcDbCircle
 10
1.125
 20
6.632045824727149
 30
0.0
 40
0.125
100
AcDbArc
 50
30.779596126601838
 51
210.77959612660183
  0
LINE
  5
CD
330
17
100
AcDbEntity
  8
SLOTS
100
AcDbLine
 10
1.6911221464124992
 20
7.391460568294652
 30
0.0
 11
5.385557231300524
 21
1.1889671180127528
 31
0.0
  0
LINE
  5
CE
330
17
100
AcDbEntity
  8
SLOTS
100
AcDbLine
 10
5.170771684178353
 20
1.0610328819872472
 30
0.0
 11
1.4763365992903286
 21
7.263526332269145
 31
0.0
  0
ARC
  5
CF
330
17
100
AcDbEntity
  8
SLOTS
100
AcDbCircle
 10
5.278164457739439
 20
1.125
 30
0.0
 40
0.125
100
AcDbArc
 50
-149.22040387339817
 51
30.779596126601838
  0
ARC
  5
D0
330
17
100
AcDbEntity
  8
SLOTS
100
AcDbCircle
 10
1.583729372851414
 20
7.3274934502818985
 30
0.0
 40
0.125
100
AcDbArc
 50
30.779596126601838
 51
210.77959612660183
  0
LINE
  5
D1
330
17
100
AcDbEntity
  8
SLOTS
100
AcDbLine
 10
1.8956633171465307
 20
1.7252659270891813
 30
0.0
 11
1.8416378487304421
 21
1.113995121228946
 31
0.0
  0
LINE
  5
D2
330
17
100
AcDbEntity
  8
SLOTS
100
AcDbLine
 10
1.5926085922706086
 20
1.136004878771054
 30
0.0
 11
1.6466340606866972
 21
1.7472756846312891
 31
0.0
  0
ARC
  5
D3
330
17
100
AcDbEntity
  8
SLOTS
100
AcDbCircle
 10
1.7171232205005253
 20
1.125
 30
0.0
 40
0.125
100
AcDbArc
 50
-185.0508039353316
 51
-5.050803935331615
  0
ARC
  5
D4
330
17
100
AcDbEntity
  8
SLOTS
100
AcDbCircle
 10
1.771148688916614
 20
1.7362708058602352
 30
0.0
 40
0.125
100
AcDbArc
 50
-5.050803935331615
 51
174.9491960646684
  0
LINE
  5
D5
330
17
100
AcDbEntity
  8
SLOTS
100
AcDbLine
 10
2.616483154738399
 20
1.3620283136032643
 30
0.0
 11
2.5945614315474765
 21
1.113995121228946
 31
0.0
  0
LINE
  5
D6
330
17
100
AcDbEntity
  8
SLOTS
100
AcDbLine
 10
2.3455321750876426
 20
1.136004878771054
 30
0.0
 11
2.367453898278565
 21
1.3840380711453721
 31
0.0
  0
ARC
  5
D7
330
17
100
AcDbEntity
  8
SLOTS
100
AcDbCircle
 10
2.4700468033175595
 20
1.125
 30
0.0
 40
0.125
100
AcDbArc
 50
-185.05080393533157
 51
-5.050803935331572
  0
ARC
  5
D8
330
17
100
AcDbEntity
  8
SLOTS
100
AcDbCircle
 10
2.491968526508482
 20
1.3730331923743182
 30
0.0
 40
0.125
100
AcDbArc
 50
-5.050803935331572
 51
174.94919606466843
  0
LINE
  5
D9
330
17
100
AcDbEntity
  8
SLOTS
100
AcDbLine
 10
33.17758538513822
 20
29.533608106730608
 30
0.0
 11
32.2451325837194
 21
28.801422579328584
 31
0.0
  0
LINE
  5
DA
330
17
100
AcDbEntity
  8
SLOTS
100
AcDbLine
 10
32.09073665086425
 20
28.998048864239298
 30
0.0
 11
33.02318945228307
 21
29.73023439164132
 31
0.0
  0
ARC
  5
DB
330
17
100
AcDbEntity
  8
SLOTS
100
AcDbCircle
 10
32.16793461729183
 20
28.89973572178394
 30
0.0
 40
0.125
100
AcDbArc
 50
-231.86010035575347
 51
-51.860100355753474
  0
ARC
  5
DC
330
17
100
AcDbEntity
  8
SLOTS
100
AcDbCircle
 10
33.100387418710646
 20
29.631921249185964
 30
0.0
 40
0.125
100
AcDbArc
 50
-51.860100355753474
 51
128.13989964424653
  0
LINE
  5
DD
330
17
100
AcDbEntity
  8
SLOTS
100
AcDbLine
 10
34.70156122674317
 20
29.776686857544643
 30
0.0
 11
32.12339062802929
 21
27.75224208491981
 31
0.0
  0
LINE
  5
DE
330
17
100
AcDbEntity
  8
SLOTS
100
AcDbLine
 10
31.96899469517415
 20
27.948868369830524
 30
0.0
 11
34.547165293888035
 21
29.973313142455357
 31
0.0
  0
ARC
  5
DF
330
17
100
AcDbEntity
  8
SLOTS
100
AcDbCircle
 10
32.04619266160172
 20
27.850555227375168
 30
0.0
 40
0.125
100
AcDbArc
 50
-231.86010035575356
 51
-51.86010035575356
  0
ARC
  5
E0
330
17
100
AcDbEntity
  8
SLOTS
100
AcDbCircle
 10
34.624363260315604
 20
29.875
 30
0.0
 40
0.125
100
AcDbArc
 50
-51.86010035575356
 51
128.13989964424644
  0
LINE
  5
E1
330
17
100
AcDbEntity
  8
SLOTS
100
AcDbLine
 10
34.95219796642757
 20
29.019907534595912
 30
0.0
 11
32.001648672339186
 21
26.703061590511037
 31
0.0
  0
LINE
  5
E2
330
17
100
AcDbEntity
  8
SLOTS
100
AcDbLine
 10
31.84725273948404
 20
26.89968787542175
 30
0.0
 11
34.79780203357243
 21
29.216533819506626
 31
0.0
  0
ARC
  5
E3
330
17
100
AcDbEntity
  8
SLOTS
100
AcDbCircle
 10
31.924450705911614
 20
26.801374732966394
 30
0.0
 40
0.125
100
AcDbArc
 50
-231.86010035575353
 51
-51.86010035575353
  0
ARC
  5
E4
330
17
100
AcDbEntity
  8
SLOTS
100
AcDbCircle
 10
34.875
 20
29.11822067705127
 30
0.0
 40
0.125
100
AcDbArc
 50
-51.86010035575353
 51
128.13989964424647
  0
LINE
  5
E5
330
17
100
AcDbEntity
  8
SLOTS
100
AcDbLine
 10
34.95219796642757
 20
28.066321903431998
 30
0.0
 11
31.879906716649078
 21
25.653881096102268
 31
0.0
  0
LINE
  5
E6
330
17
100
AcDbEntity
  8
SLOTS
100
AcDbLine
 10
31.725510783793933
 20
25.85050738101298
 30
0.0
 11
34.79780203357243
 21
28.262948188342712
 31
0.0
  0
ARC
  5
E7
330
17
100
AcDbEntity
  8
SLOTS
100
AcDbCircle
 10
31.802708750221505
 20
25.752194238557625
 30
0.0
 40
0.125
100
AcDbArc
 50
-231.86010035575353
 51
-51.86010035575353
  0
ARC
  5
E8
330
17
100
AcDbEntity
  8
SLOTS
100
AcDbCircle
 10
34.875
 20
28.164635045887355
 30
0.0
 40
0.125
100
AcDbArc
 50
-51.86010035575353
 51
128.13989964424647
  0
LINE
  5
E9
330
17
100
AcDbEntity
  8
SLOTS
100
AcDbLine
 10
34.95219796642757
 20
27.11273627226808
 30
0.0
 11
31.75816476095897
 21
24.60470060169349
 31
0.0
  0
LINE
  5
EA
330
17
100
AcDbEntity
  8
SLOTS
100
AcDbLine
 10
31.603768828103824
 20
24.801326886604205
 30
0.0
 11
34.79780203357243
 21
27.309362557178794
 31
0.0
  0
ARC
  5
EB
330
17
100
AcDbEntity
  8
SLOTS
100
AcDbCircle
 10
31.680966794531397
 20
24.703013744148848
 30
0.0
 40
0.125
100
AcDbArc
 50
-231.8601003557535
 51
-51.8601003557535
  0
ARC
  5
EC
330
17
100
AcDbEntity
  8
SLOTS
100
AcDbCircle
 10
34.875
 20
27.211049414723437
 30
0.0
 40
0.125
100
AcDbArc
 50
-51.8601003557535
 51
128.1398996442465
  0
LINE
  5
ED
330
17
100
AcDbEntity
  8
SLOTS
100
AcDbLine
 10
34.95219796642757
 20
26.159150641104162
 30
0.0
 11
31.63642280526886
 21
23.555520107284718
 31
0.0
  0
LINE
  5
EE
330
17
100
AcDbEntity
  8
SLOTS
100
AcDbLine
 10
31.482026872413716
 20
23.75214639219543
 30
0.0
 11
34.79780203357243
 21
26.355776926014876
 31
0.0
  0
ARC
  5
EF
330
17
100
AcDbEntity
  8
SLOTS
100
AcDbCircle
 10
31.55922483884129
 20
23.653833249740075
 30
0.0
 40
0.125
100
AcDbArc
 50
-231.86010035575353
 51
-51.86010035575353
  0
ARC
  5
F0
330
17
100
AcDbEntity
  8
SLOTS
100
AcDbCircle
 10
34.875
 20
26.25746378355952
 30
0.0
 40
0.125
100
AcDbArc
 50
-51.86010035575353
 51
128.13989964424647
  0
LINE
  5
F1
330
17
100
AcDbEntity
  8
SLOTS
100
AcDbLine
 10
34.952197966427576
 20
25.205565009940248
 30
0.0
 11
32.115027531100864
 21
22.977747013835522
 31
0.0
  0
LINE
  5
F2
330
17
100
AcDbEntity
  8
SLOTS
100
AcDbLine
 10
31.960631598245723
 20
23.174373298746236
 30
0.0
 11
34.797802033572424
 21
25.40219129485096
 31
0.0
  0
ARC
  5
F3
330
17
100
AcDbEntity
  8
SLOTS
100
AcDbCircle
 10
32.037829564673295
 20
23.07606015629088
 30
0.0
 40
0.125
100
AcDbArc
 50
-231.8601003557535
 51
-51.8601003557535
  0
ARC
  5
F4
330
17
100
AcDbEntity
  8
SLOTS
100
AcDbCircle
 10
34.875
 20
25.303878152395605
 30
0.0
 40
0.125
100
AcDbArc
 50
-51.8601003557535
 51
128.1398996442465
  0
LINE
  5
F5
330
17
100
AcDbEntity
  8
SLOTS
100
AcDbLine
 10
34.95219796642757
 20
24.251979378776326
 30
0.0
 11
32.998423696682174
 21
22.717826398656214
 31
0.0
  0
LINE
  5
F6
330
17
100
AcDbEntity
  8
SLOTS
100
AcDbLine
 10
32.844027763827036
 20
22.914452683566928
 30
0.0
 11
34.79780203357243
 21
24.44860566368704
 31
0.0
  0
ARC
  5
F7
330
17
100
AcDbEntity
  8
SLOTS
100
AcDbCircle
 10
32.921225730254605
 20
22.81613954111157
 30
0.0
 40
0.125
100
AcDbArc
 50
-231.86010035575364
 51
-51.860100355753644
  0
ARC
  5
F8
330
17
100
AcDbEntity
  8
SLOTS
100
AcDbCircle
 10
34.875
 20
24.350292521231683
 30
0.0
 40
0.125
100
AcDbArc
 50
-51.860100355753644
 51
128.13989964424636
  0
LINE
  5
F9
330
17
100
AcDbEntity
  8
SLOTS
100
AcDbLine
 10
34.95219796642757
 20
23.29839374761241
 30
0.0
 11
33.88181986226349
 21
22.457905783476903
 31
0.0
  0
LINE
  5
FA
330
17
100
AcDbEntity
  8
SLOTS
100
AcDbLine
 10
33.72742392940835
 20
22.654532068387617
 30
0.0
 11
34.79780203357243
 21
23.495020032523122
 31
0.0
  0
ARC
  5
FB
330
17
100
AcDbEntity
  8
SLOTS
100
AcDbCircle
 10
33.80462189583592
 20
22.55621892593226
 30
0.0
 40
0.125
100
AcDbArc
 50
-231.86010035575356
 51
-51.86010035575356
  0
ARC
  5
FC
330
17
100
AcDbEntity
  8
SLOTS
100
AcDbCircle
 10
34.875
 20
23.396706890067765
 30
0.0
 40
0.125
100
AcDbArc
 50
-51.86010035575356
 51
128.13989964424644
  0
LINE
  5
FD
330
17
100
AcDbEntity
  8
SLOTS
100
AcDbLine
 10
34.95219796642757
 20
22.344808116448494
 30
0.0
 11
34.76813823544361
 21
22.200279759625605
 31
0.0
  0
LINE
  5
FE
330
17
100
AcDbEntity
  8
SLOTS
100
AcDbLine
 10
34.61374230258847
 20
22.39690604453632
 30
0.0
 11
34.79780203357243
 21
22.541434401359208
 31
0.0
  0
ARC
  5
FF
330
17
100
AcDbEntity
  8
SLOTS
100
AcDbCircle
 10
34.69094026901604
 20
22.298592902080962
 30
0.0
 40
0.125
100
AcDbArc
 50
-231.86010035575444
 51
-51.86010035575444
  0
ARC
  5
100
330
17
100
AcDbEntity
  8
SLOTS
100
AcDbCircle
 10
34.875
 20
22.44312125890385
 30
0.0
 40
0.125
100
AcDbArc
 50
-51.86010035575444
 51
128.13989964424556
  0
LINE
  5
101
330
17
100
AcDbEntity
  8
SLOTS
100
AcDbLine
 10
26.553335576875032
 20
29.777104245299988
 30
0.0
 11
26.12249463624163
 21
29.435028198511127
 31
0.0
  0
LINE
  5
102
330
17
100
AcDbEntity
  8
SLOTS
100
AcDbLine
 10
25.967041476586186
 20
29.63081970791115
 30
0.0
 11
26.397882417219588
 21
29.972895754700012
 31
0.0
  0
ARC
  5
103
330
17
100
AcDbEntity
  8
SLOTS
100
AcDbCircle
 10
26.044768056413908
 20
29.53292395321114
 30
0.0
 40
0.125
100
AcDbArc
 50
-231.55137588929827
 51
-51.55137588929827
  0
ARC
  5
104
330
17
100
AcDbEntity
  8
SLOTS
100
AcDbCircle
 10
26.47560899704731
 20
29.875
 30
0.0
 40
0.125
100
AcDbArc
 50
-51.55137588929827
 51
128.44862411070173
  0
LINE
  5
105
330
17
100
AcDbEntity
  8
SLOTS
100
AcDbLine
 10
27.759486679982817
 20
29.777104245299988
 30
0.0
 11
26.59739870426662
 21
28.854437842776942
 31
0.0
  0
LINE
  5
106
330
17
100
AcDbEntity
  8
SLOTS
100
AcDbLine
 10
26.441945544611176
 20
29.050229352176967
 30
0.0
 11
27.604033520327373
 21
29.972895754700012
 31
0.0
  0
ARC
  5
107
330
17
100
AcDbEntity
  8
SLOTS
100
AcDbCircle
 10
26.519672124438898
 20
28.952333597476954
 30
0.0
 40
0.125
100
AcDbArc
 50
-231.55137588929833
 51
-51.55137588929833
  0
ARC
  5
108
330
17
100
AcDbEntity
  8
SLOTS
100
AcDbCircle
 10
27.681760100155095
 20
29.875
 30
0.0
 40
0.125
100
AcDbArc
 50
-51.55137588929833
 51
128.44862411070167
  0
LINE
  5
109
330
17
100
AcDbEntity
  8
SLOTS
100
AcDbLine
 10
28.9656377830906
 20
29.777104245299988
 30
0.0
 11
28.531244018069327
 21
29.432207352099105
 31
0.0
  0
LINE
  5
10A
330
17
100
AcDbEntity
  8
SLOTS
100
AcDbLine
 10
28.375790858413882
 20
29.62799886149913
 30
0.0
 11
28.810184623435156
 21
29.972895754700012
 31
0.0
  0
ARC
  5
10B
330
17
100
AcDbEntity
  8
SLOTS
100
AcDbCircle
 10
28.453517438241605
 20
29.530103106799118
 30
0.0
 40
0.125
100
AcDbArc
 50
-231.55137588929836
 51
-51.551375889298356
  0
ARC
  5
10C
330
17
100
AcDbEntity
  8
SLOTS
100
AcDbCircle
 10
28.887911203262878
 20
29.875
 30
0.0
 40
0.125
100
AcDbArc
 50
-51.551375889298356
 51
128.44862411070164
  0
LINE
  5
10D
330
17
100
AcDbEntity
  8
SLOTS
100
AcDbLine
 10
29.709609998709208
 20
29.017637281921328
 30
0.0
 11
26.73827813920696
 21
27.354739021832348
 31
0.0
  0
LINE
  5
10E
330
17
100
AcDbEntity
  8
SLOTS
100
AcDbLine
 10
26.61618585410008
 20
27.572898307487076
 30
0.0
 11
29.587517713602328
 21
29.235796567576056
 31
0.0
  0
ARC
  5
10F
330
17
100
AcDbEntity
  8
SLOTS
100
AcDbCircle
 10
26.67723199665352
 20
27.463818664659712
 30
0.0
 40
0.125
100
AcDbArc
 50
-240.76655383967895
 51
-60.76655383967895
  0
ARC
  5
110
330
17
100
AcDbEntity
  8
SLOTS
100
AcDbCircle
 10
29.648563856155768
 20
29.126716924748692
 30
0.0
 40
0.125
100
AcDbArc
 50
-60.76655383967895
 51
119.23344616032105
  0
LINE
  5
111
330
17
100
AcDbEntity
  8
SLOTS
100
AcDbLine
 10
31.483088610449386
 20
29.150696281488624
 30
0.0
 11
27.000577819192195
 21
26.64207060516974
 31
0.0
  0
LINE
  5
112
330
17
100
AcDbEntity
  8
SLOTS
100
AcDbLine
 10
26.878485534085314
 20
26.860229890824467
 30
0.0
 11
31.360996325342505
 21
29.368855567143353
 31
0.0
  0
ARC
  5
113
330
17
100
AcDbEntity
  8
SLOTS
100
AcDbCircle
 10
26.939531676638754
 20
26.751150247997103
 30
0.0
 40
0.125
100
AcDbArc
 50
-240.7665538396789
 51
-60.76655383967889
  0
ARC
  5
114
330
17
100
AcDbEntity
  8
SLOTS
100
AcDbCircle
 10
31.422042467895945
 20
29.25977592431599
 30
0.0
 40
0.125
100
AcDbArc
 50
-60.76655383967889
 51
119.23344616032111
  0
LINE
  5
115
330
17
100
AcDbEntity
  8
SLOTS
100
AcDbLine
 10
31.411338444607303
 20
28.251077724728813
 30
0.0
 11
27.31920223630339
 21
25.960924183287755
 31
0.0
  0
LINE
  5
116
330
17
100
AcDbEntity
  8
SLOTS
100
AcDbLine
 10
27.19710995119651
 20
26.179083468942483
 30
0.0
 11
31.289246159500422
 21
28.46923701038354
 31
0.0
  0
ARC
  5
117
330
17
100
AcDbEntity
  8
SLOTS
100
AcDbCircle
 10
27.25815609374995
 20
26.07000382611512
 30
0.0
 40
0.125
100
AcDbArc
 50
-240.76655383967886
 51
-60.76655383967886
  0
ARC
  5
118
330
17
100
AcDbEntity
  8
SLOTS
100
AcDbCircle
 10
31.350292302053862
 20
28.360157367556177
 30
0.0
 40
0.125
100
AcDbArc
 50
-60.76655383967886
 51
119.23344616032114
  0
LINE
  5
119
330
17
100
AcDbEntity
  8
SLOTS
100
AcDbLine
 10
31.304684328333252
 20
27.331925261563377
 30
0.0
 11
27.63782665341459
 21
25.27977776140577
 31
0.0
  0
LINE
  5
11A
330
17
100
AcDbEntity
  8
SLOTS
100
AcDbLine
 10
27.515734368307708
 20
25.4979370470605
 30
0.0
 11
31.18259204322637
 21
27.550084547218106
 31
0.0
  0
ARC
  5
11B
330
17
100
AcDbEntity
  8
SLOTS
100
AcDbCircle
 10
27.57678051086115
 20
25.388857404233136
 30
0.0
 40
0.125
100
AcDbArc
 50
-240.7665538396789
 51
-60.76655383967889
  0
ARC
  5
11C
330
17
100
AcDbEntity
  8
SLOTS
100
AcDbCircle
 10
31.243638185779812
 20
27.44100490439074
 30
0.0
 40
0.125
100
AcDbArc
 50
-60.76655383967889
 51
119.23344616032111
  0
LINE
  5
11D
330
17
100
AcDbEntity
  8
SLOTS
100
AcDbLine
 10
31.1980302120592
 20
26.412772798397942
 30
0.0
 11
27.956451070525787
 21
24.598631339523788
 31
0.0
  0
LINE
  5
11E
330
17
100
AcDbEntity
  8
SLOTS
100
AcDbLine
 10
27.834358785418907
 20
24.816790625178516
 30
0.0
 11
31.07593792695232
 21
26.63093208405267
 31
0.0
  0
ARC
  5
11F
330
17
100
AcDbEntity
  8
SLOTS
100
AcDbCircle
 10
27.895404927972347
 20
24.707710982351152
 30
0.0
 40
0.125
100
AcDbArc
 50
-240.7665538396789
 51
-60.76655383967889
  0
ARC
  5
120
330
17
100
AcDbEntity
  8
SLOTS
100
AcDbCircle
 10
31.13698406950576
 20
26.521852441225306
 30
0.0
 40
0.125
100
AcDbArc
 50
-60.76655383967889
 51
119.23344616032111
  0
LINE
  5
121
330
17
100
AcDbEntity
  8
SLOTS
100
AcDbLine
 10
31.091376095785147
 20
25.493620335232507
 30
0.0
 11
28.275075487636986
 21
23.917484917641808
 31
0.0
  0
LINE
  5
122
330
17
100
AcDbEntity
  8
SLOTS
100
AcDbLine
 10
28.152983202530105
 20
24.135644203296536
 30
0.0
 11
30.969283810678267
 21
25.711779620887235
 31
0.0
  0
ARC
  5
123
330
17
100
AcDbEntity
  8
SLOTS
100
AcDbCircle
 10
28.214029345083546
 20
24.026564560469172
 30
0.0
 40
0.125
100
AcDbArc
 50
-240.76655383967892
 51
-60.76655383967892
  0
ARC
  5
124
330
17
100
AcDbEntity
  8
SLOTS
100
AcDbCircle
 10
31.030329953231707
 20
25.60269997805987
 30
0.0
 40
0.125
100
AcDbArc
 50
-60.76655383967892
 51
119.23344616032108
  0
LINE
  5
125
330
17
100
AcDbEntity
  8
SLOTS
100
AcDbLine
 10
30.984721979511097
 20
24.57446787206707
 30
0.0
 11
28.593699904748185
 21
23.236338495759824
 31
0.0
  0
LINE
  5
126
330
17
100
AcDbEntity
  8
SLOTS
100
AcDbLine
 10
28.471607619641304
 20
23.454497781414553
 30
0.0
 11
30.862629694404216
 21
24.7926271577218
 31
0.0
  0
ARC
  5
127
330
17
100
AcDbEntity
  8
SLOTS
100
AcDbCircle
 10
28.532653762194744
 20
23.34541813858719
 30
0.0
 40
0.125
100
AcDbArc
 50
-240.76655383967892
 51
-60.76655383967892
  0
ARC
  5
128
330
17
100
AcDbEntity
  8
SLOTS
100
AcDbCircle
 10
30.923675836957656
 20
24.683547514894435
 30
0.0
 40
0.125
100
AcDbArc
 50
-60.76655383967892
 51
119.23344616032108
  0
LINE
  5
129
330
17
100
AcDbEntity
  8
SLOTS
100
AcDbLine
 10
30.878067863237046
 20
23.655315408901636
 30
0.0
 11
29.09446713709777
 21
22.657127833621068
 31
0.0
  0
LINE
  5
12A
330
17
100
AcDbEntity
  8
SLOTS
100
AcDbLine
 10
28.97237485199089
 20
22.875287119275796
 30
0.0
 11
30.755975578130165
 21
23.873474694556364
 31
0.0
  0
ARC
  5
12B
330
17
100
AcDbEntity
  8
SLOTS
100
AcDbCircle
 10
29.03342099454433
 20
22.766207476448432
 30
0.0
 40
0.125
100
AcDbArc
 50
-240.76655383967892
 51
-60.76655383967892
  0
ARC
  5
12C
330
17
100
AcDbEntity
  8
SLOTS
100
AcDbCircle
 10
30.817021720683606
 20
23.764395051729
 30
0.0
 40
0.125
100
AcDbArc
 50
-60.76655383967892
 51
119.23344616032108
  0
LINE
  5
12D
330
17
100
AcDbEntity
  8
SLOTS
100
AcDbLine
 10
23.6004002803998
 20
29.85390517184099
 30
0.0
 11
23.167453948805633
 21
27.325223995319206
 31
0.0
  0
LINE
  5
12E
330
17
100
AcDbEntity
  8
SLOTS
100
AcDbLine
 10
22.92103959674844
 20
27.36741365163723
 30
0.0
 11
23.353985928342606
 21
29.89609482815901
 31
0.0
  0
ARC
  5
12F
330
17
100
AcDbEntity
  8
SLOTS
100
AcDbCircle
 10
23.044246772777036
 20
27.346318823478217
 30
0.0
 40
0.125
100
AcDbArc
 50
-189.7156507545123
 51
-9.715650754512296
  0
ARC
  5
130
330
17
100
AcDbEntity
  8
SLOTS
100
AcDbCircle
 10
23.477193104371203
 20
29.875
 30
0.0
 40
0.125
100
AcDbArc
 50
-9.715650754512296
 51
170.2843492454877
  0
LINE
  5
131
330
17
100
AcDbEntity
  8
SLOTS
100
AcDbLine
 10
24.361313751691764
 20
29.85390517184099
 30
0.0
 11
23.962410261966365
 21
27.52405578380415
 31
0.0
  0
LINE
  5
132
330
17
100
AcDbEntity
  8
SLOTS
100
AcDbLine
 10
23.71599590990917
 20
27.566245440122174
 30
0.0
 11
24.11489939963457
 21
29.89609482815901
 31
0.0
  0
ARC
  5
133
330
17
100
AcDbEntity
  8
SLOTS
100
AcDbCircle
 10
23.83920308593777
 20
27.545150611963162
 30
0.0
 40
0.125
100
AcDbArc
 50
-189.71565075451232
 51
-9.715650754512325
  0
ARC
  5
134
330
17
100
AcDbEntity
  8
SLOTS
100
AcDbCircle
 10
24.238106575663167
 20
29.875
 30
0.0
 40
0.125
100
AcDbArc
 50
-9.715650754512325
 51
170.28434924548768
  0
LINE
  5
135
330
17
100
AcDbEntity
  8
SLOTS
100
AcDbLine
 10
25.0870900822834
 20
29.648681984111107
 30
0.0
 11
24.757366575127097
 21
27.722887572289096
 31
0.0
  0
LINE
  5
136
330
17
100
AcDbEntity
  8
SLOTS
100
AcDbLine
 10
24.510952223069904
 20
27.76507722860712
 30
0.0
 11
24.840675730226206
 21
29.69087164042913
 31
0.0
  0
ARC
  5
137
330
17
100
AcDbEntity
  8
SLOTS
100
AcDbCircle
 10
24.6341593990985
 20
27.743982400448107
 30
0.0
 40
0.125
100
AcDbArc
 50
-189.7156507545123
 51
-9.71565075451231
  0
ARC
  5
138
330
17
100
AcDbEntity
  8
SLOTS
100
AcDbCircle
 10
24.963882906254803
 20
29.66977681227012
 30
0.0
 40
0.125
100
AcDbArc
 50
-9.71565075451231
 51
170.2843492454877
  0
LINE
  5
139
330
17
100
AcDbEntity
  8
SLOTS
100
AcDbLine
 10
25.716299502852085
 20
28.879446793436664
 30
0.0
 11
25.552322888287836
 21
27.92171936077404
 31
0.0
  0
LINE
  5
13A
330
17
100
AcDbEntity
  8
SLOTS
100
AcDbLine
 10
25.305908536230643
 20
27.963909017092064
 30
0.0
 11
25.46988515079489
 21
28.921636449754686
 31
0.0
  0
ARC
  5
13B
330
17
100
AcDbEntity
  8
SLOTS
100
AcDbCircle
 10
25.42911571225924
 20
27.942814188933053
 30
0.0
 40
0.125
100
AcDbArc
 50
-189.7156507545123
 51
-9.71565075451231
  0
ARC
  5
13C
330
17
100
AcDbEntity
  8
SLOTS
100
AcDbCircle
 10
25.593092326823488
 20
28.900541621595675
 30
0.0
 40
0.125
100
AcDbArc
 50
-9.71565075451231
 51
170.2843492454877
  0
LINE
  5
13D
330
17
100
AcDbEntity
  8
SLOTS
100
AcDbLine
 10
28.55607496599947
 20
11.459698932024724
 30
0.0
 11
30.44357253824965
 21
11.398239847887469
 31
0.0
  0
LINE
  5
13E
330
17
100
AcDbEntity
  8
SLOTS
100
AcDbLine
 10
30.435436563587178
 20
11.148372271126716
 30
0.0
 11
28.547938991337
 21
11.20983135526397
 31
0.0
  0
ARC
  5
13F
330
17
100
AcDbEntity
  8
SLOTS
100
AcDbCircle
 10
30.439504550918414
 20
11.273306059507092
 30
0.0
 40
0.125
100
AcDbArc
 50
-91.86495733809265
 51
88.13504266190735
  0
ARC
  5
140
330
17
100
AcDbEntity
  8
SLOTS
100
AcDbCircle
 10
28.552006978668235
 20
11.334765143644347
 30
0.0
 40
0.125
100
AcDbArc
 50
88.13504266190735
 51
268.13504266190733
  0
LINE
  5
141
330
17
100
AcDbEntity
  8
SLOTS
100
AcDbLine
 10
27.9815958443964
 20
12.228802110871685
 30
0.0
 11
30.798070434922828
 21
12.13709447035629
 31
0.0
  0
LINE
  5
142
330
17
100
AcDbEntity
  8
SLOTS
100
AcDbLine
 10
30.789934460260355
 20
11.887226893595537
 30
0.0
 11
27.973459869733926
 21
11.978934534110932
 31
0.0
  0
ARC
  5
143
330
17
100
AcDbEntity
  8
SLOTS
100
AcDbCircle
 10
30.79400244759159
 20
12.012160681975914
 30
0.0
 40
0.125
100
AcDbArc
 50
-91.86495733809262
 51
88.13504266190738
  0
ARC
  5
144
330
17
100
AcDbEntity
  8
SLOTS
100
AcDbCircle
 10
27.977527857065162
 20
12.103868322491309
 30
0.0
 40
0.125
100
AcDbArc
 50
88.13504266190738
 51
268.1350426619074
  0
LINE
  5
145
330
17
100
AcDbEntity
  8
SLOTS
100
AcDbLine
 10
27.407116722793322
 20
12.997905289718647
 30
0.0
 11
31.152568331596004
 21
12.87594909282511
 31
0.0
  0
LINE
  5
146
330
17
100
AcDbEntity
  8
SLOTS
100
AcDbLine
 10
31.14443235693353
 20
12.626081516064357
 30
0.0
 11
27.39898074813085
 21
12.748037712957894
 31
0.0
  0
ARC
  5
147
330
17
100
AcDbEntity
  8
SLOTS
100
AcDbCircle
 10
31.148500344264768
 20
12.751015304444733
 30
0.0
 40
0.125
100
AcDbArc
 50
-91.86495733809262
 51
88.13504266190738
  0
ARC
  5
148
330
17
100
AcDbEntity
  8
SLOTS
100
AcDbCircle
 10
27.403048735462086
 20
12.87297150133827
 30
0.0
 40
0.125
100
AcDbArc
 50
88.13504266190738
 51
268.1350426619074
  0
LINE
  5
149
330
17
100
AcDbEntity
  8
SLOTS
100
AcDbLine
 10
26.83263760119025
 20
13.76700846856561
 30
0.0
 11
31.507066228269185
 21
13.614803715293931
 31
0.0
  0
LINE
  5
14A
330
17
100
AcDbEntity
  8
SLOTS
100
AcDbLine
 10
31.498930253606712
 20
13.364936138533178
 30
0.0
 11
26.824501626527777
 21
13.517140891804857
 31
0.0
  0
ARC
  5
14B
330
17
100
AcDbEntity
  8
SLOTS
100
AcDbCircle
 10
31.50299824093795
 20
13.489869926913554
 30
0.0
 40
0.125
100
AcDbArc
 50
-91.86495733809262
 51
88.13504266190738
  0
ARC
  5
14C
330
17
100
AcDbEntity
  8
SLOTS
100
AcDbCircle
 10
26.828569613859013
 20
13.642074680185234
 30
0.0
 40
0.125
100
AcDbArc
 50
88.13504266190738
 51
268.1350426619074
  0
LINE
  5
14D
330
17
100
AcDbEntity
  8
SLOTS
100
AcDbLine
 10
26.916732759789454
 20
14.514667714083783
 30
0.0
 11
31.861564124942362
 21
14.35365833776275
 31
0.0
  0
LINE
  5
14E
330
17
100
AcDbEntity
  8
SLOTS
100
AcDbLine
 10
31.85342815027989
 20
14.103790761001997
 30
0.0
 11
26.90859678512698
 21
14.26480013732303
 31
0.0
  0
ARC
  5
14F
330
17
100
AcDbEntity
  8
SLOTS
100
AcDbCircle
 10
31.857496137611125
 20
14.228724549382374
 30
0.0
 40
0.125
100
AcDbArc
 50
-91.86495733809264
 51
88.13504266190736
  0
ARC
  5
150
330
17
100
AcDbEntity
  8
SLOTS
100
AcDbCircle
 10
26.912664772458218
 20
14.389733925703407
 30
0.0
 40
0.125
100
AcDbArc
 50
88.13504266190736
 51
268.1350426619074
  0
LINE
  5
151
330
17
100
AcDbEntity
  8
SLOTS
100
AcDbLine
 10
27.29296278670345
 20
15.252814713485645
 30
0.0
 11
31.80810753273631
 21
15.105796425929652
 31
0.0
  0
LINE
  5
152
330
17
100
AcDbEntity
  8
SLOTS
100
AcDbLine
 10
31.79997155807384
 20
14.8559288491689
 30
0.0
 11
27.284826812040976
 21
15.002947136724892
 31
0.0
  0
ARC
  5
153
330
17
100
AcDbEntity
  8
SLOTS
100
AcDbCircle
 10
31.804039545405075
 20
14.980862637549276
 30
0.0
 40
0.125
100
AcDbArc
 50
-91.86495733809264
 51
88.13504266190736
  0
ARC
  5
154
330
17
100
AcDbEntity
  8
SLOTS
100
AcDbCircle
 10
27.288894799372212
 20
15.127880925105268
 30
0.0
 40
0.125
100
AcDbArc
 50
88.13504266190736
 51
268.13504266190733
  0
LINE
  5
155
330
17
100
AcDbEntity
  8
SLOTS
100
AcDbLine
 10
33.02068168626449
 20
14.643202263032137
 30
0.0
 11
34.91407840079914
 21
14.020039464598748
 31
0.0
  0
LINE
  5
156
330
17
100
AcDbEntity
  8
SLOTS
100
AcDbLine
 10
34.83592159920086
 20
13.782570489016829
 30
0.0
 11
32.942524884666206
 21
14.405733287450218
 31
0.0
  0
ARC
  5
157
330
17
100
AcDbEntity
  8
SLOTS
100
AcDbCircle
 10
34.875
 20
13.901304976807788
 30
0.0
 40
0.125
100
AcDbArc
 50
-108.21762968643232
 51
71.78237031356768
  0
ARC
  5
158
330
17
100
AcDbEntity
  8
SLOTS
100
AcDbCircle
 10
32.98160328546535
 20
14.524467775241177
 30
0.0
 40
0.125
100
AcDbArc
 50
71.78237031356768
 51
251.78237031356767
  0
LINE
  5
159
330
17
100
AcDbEntity
  8
SLOTS
100
AcDbLine
 10
32.706625007647034
 20
15.53614276189816
 30
0.0
 11
34.91407840079914
 21
14.80961629054214
 31
0.0
  0
LINE
  5
15A
330
17
100
AcDbEntity
  8
SLOTS
100
AcDbLine
 10
34.83592159920086
 20
14.57214731496022
 30
0.0
 11
32.62846820604875
 21
15.298673786316241
 31
0.0
  0
ARC
  5
15B
330
17
100
AcDbEntity
  8
SLOTS
100
AcDbCircle
 10
34.875
 20
14.69088180275118
 30
0.0
 40
0.125
100
AcDbArc
 50
-108.21762968643228
 51
71.78237031356772
  0
ARC
  5
15C
330
17
100
AcDbEntity
  8
SLOTS
100
AcDbCircle
 10
32.66754660684789
 20
15.417408274107201
 30
0.0
 40
0.125
100
AcDbArc
 50
71.78237031356772
 51
251.78237031356772
  0
LINE
  5
15D
330
17
100
AcDbEntity
  8
SLOTS
100
AcDbLine
 10
33.6271556336721
 20
16.022750623887053
 30
0.0
 11
34.91407840079914
 21
15.599193116485532
 31
0.0
  0
LINE
  5
15E
330
17
100
AcDbEntity
  8
SLOTS
100
AcDbLine
 10
34.83592159920086
 20
15.361724140903613
 30
0.0
 11
33.54899883207382
 21
15.785281648305133
 31
0.0
  0
ARC
  5
15F
330
17
100
AcDbEntity
  8
SLOTS
100
AcDbCircle
 10
34.875
 20
15.480458628694572
 30
0.0
 40
0.125
100
AcDbArc
 50
-108.21762968643232
 51
71.78237031356768
  0
ARC
  5
160
330
17
100
AcDbEntity
  8
SLOTS
100
AcDbCircle
 10
33.58807723287296
 20
15.904016136096093
 30
0.0
 40
0.125
100
AcDbArc
 50
71.78237031356768
 51
251.7823703135677
  0
LINE
  5
161
330
17
100
AcDbEntity
  8
SLOTS
100
AcDbLine
 10
32.358889910779155
 20
22.089667433109515
 30
0.0
 11
29.503470310762648
 21
21.27607840458637
 31
0.0
  0
LINE
  5
162
330
17
100
AcDbEntity
  8
SLOTS
100
AcDbLine
 10
29.43496482402004
 20
21.516509264265736
 30
0.0
 11
32.290384424036546
 21
22.33009829278888
 31
0.0
  0
ARC
  5
163
330
17
100
AcDbEntity
  8
SLOTS
100
AcDbCircle
 10
29.469217567391343
 20
21.396293834426054
 30
0.0
 40
0.125
100
AcDbArc
 50
-254.0962629254445
 51
-74.0962629254445
  0
ARC
  5
164
330
17
100
AcDbEntity
  8
SLOTS
100
AcDbCircle
 10
32.32463716740785
 20
22.209882862949197
 30
0.0
 40
0.125
100
AcDbArc
 50
-74.0962629254445
 51
105.9037370745555
  0
LINE
  5
165
330
17
100
AcDbEntity
  8
SLOTS
100
AcDbLine
 10
33.70541632164955
 20
21.693480550366694
 30
0.0
 11
29.700191108811627
 21
20.552279695014168
 31
0.0
  0
LINE
  5
166
330
17
100
AcDbEntity
  8
SLOTS
100
AcDbLine
 10
29.631685622069018
 20
20.79271055469353
 30
0.0
 11
33.63691083490694
 21
21.933911410046058
 31
0.0
  0
ARC
  5
167
330
17
100
AcDbEntity
  8
SLOTS
100
AcDbCircle
 10
29.665938365440322
 20
20.67249512485385
 30
0.0
 40
0.125
100
AcDbArc
 50
-254.0962629254445
 51
-74.0962629254445
  0
ARC
  5
168
330
17
100
AcDbEntity
  8
SLOTS
100
AcDbCircle
 10
33.67116357827825
 20
21.813695980206376
 30
0.0
 40
0.125
100
AcDbArc
 50
-74.0962629254445
 51
105.9037370745555
  0
LINE
  5
169
330
17
100
AcDbEntity
  8
SLOTS
100
AcDbLine
 10
34.061191400407864
 20
21.015000860711563
 30
0.0
 11
29.896911906860602
 21
19.82848098544196
 31
0.0
  0
LINE
  5
16A
330
17
100
AcDbEntity
  8
SLOTS
100
AcDbLine
 10
29.828406420117993
 20
20.068911845121324
 30
0.0
 11
33.992685913665255
 21
21.255431720390927
 31
0.0
  0
ARC
  5
16B
330
17
100
AcDbEntity
  8
SLOTS
100
AcDbCircle
 10
29.862659163489297
 20
19.948696415281642
 30
0.0
 40
0.125
100
AcDbArc
 50
-254.0962629254445
 51
-74.0962629254445
  0
ARC
  5
16C
330
17
100
AcDbEntity
  8
SLOTS
100
AcDbCircle
 10
34.02693865703656
 20
21.135216290551245
 30
0.0
 40
0.125
100
AcDbArc
 50
-74.0962629254445
 51
105.9037370745555
  0
LINE
  5
16D
330
17
100
AcDbEntity
  8
SLOTS
100
AcDbLine
 10
33.78310977345489
 20
20.15591764034608
 30
0.0
 11
30.09363270490958
 21
19.104682275869756
 31
0.0
  0
LINE
  5
16E
330
17
100
AcDbEntity
  8
SLOTS
100
AcDbLine
 10
30.025127218166972
 20
19.34511313554912
 30
0.0
 11
33.71460428671228
 21
20.396348500025443
 31
0.0
  0
ARC
  5
16F
330
17
100
AcDbEntity
  8
SLOTS
100
AcDbCircle
 10
30.059379961538276
 20
19.224897705709438
 30
0.0
 40
0.125
100
AcDbArc
 50
-254.0962629254445
 51
-74.0962629254445
  0
ARC
  5
170
330
17
100
AcDbEntity
  8
SLOTS
100
AcDbCircle
 10
33.748857030083585
 20
20.27613307018576
 30
0.0
 40
0.125
100
AcDbArc
 50
-74.0962629254445
 51
105.9037370745555
  0
LINE
  5
171
330
17
100
AcDbEntity
  8
SLOTS
100
AcDbLine
 10
33.505028146501914
 20
19.296834419980595
 30
0.0
 11
30.29035350295856
 21
18.38088356629755
 31
0.0
  0
LINE
  5
172
330
17
100
AcDbEntity
  8
SLOTS
100
AcDbLine
 10
30.22184801621595
 20
18.621314425976912
 30
0.0
 11
33.436522659759305
 21
19.53726527965996
 31
0.0
  0
ARC
  5
173
330
17
100
AcDbEntity
  8
SLOTS
100
AcDbCircle
 10
30.256100759587255
 20
18.50109899613723
 30
0.0
 40
0.125
100
AcDbArc
 50
-254.0962629254445
 51
-74.0962629254445
  0
ARC
  5
174
330
17
100
AcDbEntity
  8
SLOTS
100
AcDbCircle
 10
33.47077540313061
 20
19.417049849820277
 30
0.0
 40
0.125
100
AcDbArc
 50
-74.0962629254445
 51
105.9037370745555
  0
LINE
  5
175
330
17
100
AcDbEntity
  8
SLOTS
100
AcDbLine
 10
33.226946519548946
 20
18.43775119961511
 30
0.0
 11
30.48707430100754
 21
17.65708485672534
 31
0.0
  0
LINE
  5
176
330
17
100
AcDbEntity
  8
SLOTS
100
AcDbLine
 10
30.41856881426493
 20
17.897515716404705
 30
0.0
 11
33.15844103280634
 21
18.678182059294475
 31
0.0
  0
ARC
  5
177
330
17
100
AcDbEntity
  8
SLOTS
100
AcDbCircle
 10
30.452821557636234
 20
17.777300286565023
 30
0.0
 40
0.125
100
AcDbArc
 50
-254.0962629254445
 51
-74.0962629254445
  0
ARC
  5
178
330
17
100
AcDbEntity
  8
SLOTS
100
AcDbCircle
 10
33.19269377617764
 20
18.557966629454793
 30
0.0
 40
0.125
100
AcDbArc
 50
-74.0962629254445
 51
105.9037370745555
  0
LINE
  5
179
330
17
100
AcDbEntity
  8
SLOTS
100
AcDbLine
 10
32.94886489259597
 20
17.578667979249627
 30
0.0
 11
30.683795099056514
 21
16.933286147153137
 31
0.0
  0
LINE
  5
17A
330
17
100
AcDbEntity
  8
SLOTS
100
AcDbLine
 10
30.615289612313905
 20
17.1737170068325
 30
0.0
 11
32.88035940585336
 21
17.81909883892899
 31
0.0
  0
ARC
  5
17B
330
17
100
AcDbEntity
  8
SLOTS
100
AcDbCircle
 10
30.64954235568521
 20
17.05350157699282
 30
0.0
 40
0.125
100
AcDbArc
 50
-254.09626292544453
 51
-74.09626292544453
  0
ARC
  5
17C
330
17
100
AcDbEntity
  8
SLOTS
100
AcDbCircle
 10
32.914612149224666
 20
17.69888340908931
 30
0.0
 40
0.125
100
AcDbArc
 50
-74.09626292544453
 51
105.90373707455547
  0
LINE
  5
17D
330
17
100
AcDbEntity
  8
SLOTS
100
AcDbLine
 10
32.670783265642996
 20
16.71958475888414
 30
0.0
 11
30.88366382194579
 21
16.210384369545906
 31
0.0
  0
LINE
  5
17E
330
17
100
AcDbEntity
  8
SLOTS
100
AcDbLine
 10
30.815158335203183
 20
16.45081522922527
 30
0.0
 11
32.60227777890039
 21
16.960015618563503
 31
0.0
  0
ARC
  5
17F
330
17
100
AcDbEntity
  8
SLOTS
100
AcDbCircle
 10
30.849411078574487
 20
16.33059979938559
 30
0.0
 40
0.125
100
AcDbArc
 50
-254.09626292544453
 51
-74.09626292544453
  0
ARC
  5
180
330
17
100
AcDbEntity
  8
SLOTS
100
AcDbCircle
 10
32.63653052227169
 20
16.83980018872382
 30
0.0
 40
0.125
100
AcDbArc
 50
-74.09626292544453
 51
105.90373707455547
  0
LINE
  5
181
330
17
100
AcDbEntity
  8
SLOTS
100
AcDbLine
 10
32.13336494164237
 20
15.78660924912967
 30
0.0
 11
31.907663257563975
 21
15.722300517101525
 31
0.0
  0
LINE
  5
182
330
17
100
AcDbEntity
  8
SLOTS
100
AcDbLine
 10
31.839157770821366
 20
15.962731376780889
 30
0.0
 11
32.06485945489976
 21
16.027040108809036
 31
0.0
  0
ARC
  5
183
330
17
100
AcDbEntity
  8
SLOTS
100
AcDbCircle
 10
31.87341051419267
 20
15.842515946941207
 30
0.0
 40
0.125
100
AcDbArc
 50
-254.0962629254448
 51
-74.09626292544479
  0
ARC
  5
184
330
17
100
AcDbEntity
  8
SLOTS
100
AcDbCircle
 10
32.099112198271065
 20
15.906824678969352
 30
0.0
 40
0.125
100
AcDbArc
 50
-74.09626292544479
 51
105.90373707455521
  0
LINE
  5
185
330
17
100
AcDbEntity
  8
SLOTS
100
AcDbLine
 10
34.83255002817626
 20
21.147265336670014
 30
0.0
 11
34.81662135661009
 21
21.153016501458264
 31
0.0
  0
LINE
  5
186
330
17
100
AcDbEntity
  8
SLOTS
100
AcDbLine
 10
34.90152130025758
 20
21.388159010521715
 30
0.0
 11
34.91744997182374
 21
21.382407845733464
 31
0.0
  0
ARC
  5
187
330
17
100
AcDbEntity
  8
SLOTS
100
AcDbCircle
 10
34.859071328433835
 20
21.27058775598999
 30
0.0
 40
0.125
100
AcDbArc
 50
70.14750794130623
 51
250.14750794130623
  0
ARC
  5
188
330
17
100
AcDbEntity
  8
SLOTS
100
AcDbCircle
 10
34.875
 20
21.26483659120174
 30
0.0
 40
0.125
100
AcDbArc
 50
250.14750794130623
 51
430.14750794130623
  0
LINE
  5
189
330
17
100
AcDbEntity
  8
SLOTS
100
AcDbLine
 10
34.832550028176264
 20
20.349876549985744
 30
0.0
 11
34.58551947413786
 21
20.439068760278126
 31
0.0
  0
LINE
  5
18A
330
17
100
AcDbEntity
  8
SLOTS
100
AcDbLine
 10
34.67041941778533
 20
20.674211269341576
 30
0.0
 11
34.917449971823736
 21
20.585019059049195
 31
0.0
  0
ARC
  5
18B
330
17
100
AcDbEntity
  8
SLOTS
100
AcDbCircle
 10
34.6279694459616
 20
20.55664001480985
 30
0.0
 40
0.125
100
AcDbArc
 50
70.14750794130683
 51
250.14750794130683
  0
ARC
  5
18C
330
17
100
AcDbEntity
  8
SLOTS
100
AcDbCircle
 10
34.875
 20
20.46744780451747
 30
0.0
 40
0.125
100
AcDbArc
 50
250.14750794130683
 51
430.1475079413068
  0
LINE
  5
18D
330
17
100
AcDbEntity
  8
SLOTS
100
AcDbLine
 10
34.832550028176264
 20
19.552487763301478
 30
0.0
 11
34.35441759166562
 21
19.725121019097987
 31
0.0
  0
LINE
  5
18E
330
17
100
AcDbEntity
  8
SLOTS
100
AcDbLine
 10
34.439317535313094
 20
19.960263528161438
 30
0.0
 11
34.917449971823736
 21
19.78763027236493
 31
0.0
  0
ARC
  5
18F
330
17
100
AcDbEntity
  8
SLOTS
100
AcDbCircle
 10
34.39686756348936
 20
19.842692273629712
 30
0.0
 40
0.125
100
AcDbArc
 50
70.14750794130723
 51
250.14750794130723
  0
ARC
  5
190
330
17
100
AcDbEntity
  8
SLOTS
100
AcDbCircle
 10
34.875
 20
19.670059017833204
 30
0.0
 40
0.125
100
AcDbArc
 50
250.14750794130723
 51
430.14750794130725
  0
LINE
  5
191
330
17
100
AcDbEntity
  8
SLOTS
100
AcDbLine
 10
34.832550028176264
 20
18.755098976617212
 30
0.0
 11
34.12331570919339
 21
19.011173277917848
 31
0.0
  0
LINE
  5
192
330
17
100
AcDbEntity
  8
SLOTS
100
AcDbLine
 10
34.20821565284086
 20
19.2463157869813
 30
0.0
 11
34.917449971823736
 21
18.990241485680663
 31
0.0
  0
ARC
  5
193
330
17
100
AcDbEntity
  8
SLOTS
100
AcDbCircle
 10
34.16576568101713
 20
19.128744532449574
 30
0.0
 40
0.125
100
AcDbArc
 50
70.14750794130717
 51
250.14750794130717
  0
ARC
  5
194
330
17
100
AcDbEntity
  8
SLOTS
100
AcDbCircle
 10
34.875
 20
18.872670231148938
 30
0.0
 40
0.125
100
AcDbArc
 50
250.14750794130717
 51
430.14750794130714
  0
LINE
  5
195
330
17
100
AcDbEntity
  8
SLOTS
100
AcDbLine
 10
34.832550028176264
 20
17.957710189932946
 30
0.0
 11
33.892213826721154
 21
18.29722553673771
 31
0.0
  0
LINE
  5
196
330
17
100
AcDbEntity
  8
SLOTS
100
AcDbLine
 10
33.977113770368625
 20
18.53236804580116
 30
0.0
 11
34.917449971823736
 21
18.192852698996397
 31
0.0
  0
ARC
  5
197
330
17
100
AcDbEntity
  8
SLOTS
100
AcDbCircle
 10
33.93466379854489
 20
18.414796791269435
 30
0.0
 40
0.125
100
AcDbArc
 50
70.14750794130731
 51
250.1475079413073
  0
ARC
  5
198
330
17
100
AcDbEntity
  8
SLOTS
100
AcDbCircle
 10
34.875
 20
18.07528144446467
 30
0.0
 40
0.125
100
AcDbArc
 50
250.1475079413073
 51
430.1475079413073
  0
LINE
  5
199
330
17
100
AcDbEntity
  8
SLOTS
100
AcDbLine
 10
34.832550028176264
 20
17.160321403248677
 30
0.0
 11
33.661111944248916
 21
17.583277795557567
 31
0.0
  0
LINE
  5
19A
330
17
100
AcDbEntity
  8
SLOTS
100
AcDbLine
 10
33.74601188789639
 20
17.818420304621018
 30
0.0
 11
34.917449971823736
 21
17.395463912312128
 31
0.0
  0
ARC
  5
19B
330
17
100
AcDbEntity
  8
SLOTS
100
AcDbCircle
 10
33.70356191607265
 20
17.700849050089293
 30
0.0
 40
0.125
100
AcDbArc
 50
70.14750794130734
 51
250.14750794130734
  0
ARC
  5
19C
330
17
100
AcDbEntity
  8
SLOTS
100
AcDbCircle
 10
34.875
 20
17.277892657780402
 30
0.0
 40
0.125
100
AcDbArc
 50
250.14750794130734
 51
430.14750794130737
  0
LINE
  5
19D
330
17
100
AcDbEntity
  8
SLOTS
100
AcDbLine
 10
34.129950301824636
 20
16.616611449079926
 30
0.0
 11
33.430010061776684
 21
16.869330054377432
 31
0.0
  0
LINE
  5
19E
330
17
100
AcDbEntity
  8
SLOTS
100
AcDbLine
 10
33.514910005424156
 20
17.104472563440883
 30
0.0
 11
34.21485024547211
 21
16.851753958143377
 31
0.0
  0
ARC
  5
19F
330
17
100
AcDbEntity
  8
SLOTS
100
AcDbCircle
 10
33.47246003360042
 20
16.986901308909157
 30
0.0
 40
0.125
100
AcDbArc
 50
70.1475079413072
 51
250.1475079413072
  0
ARC
  5
1A0
330
17
100
AcDbEntity
  8
SLOTS
100
AcDbCircle
 10
34.17240027364837
 20
16.73418270361165
 30
0.0
 40
0.125
100
AcDbArc
 50
250.1475079413072
 51
430.1475079413072
  0
LINE
  5
1A1
330
17
100
AcDbEntity
  8
SLOTS
100
AcDbLine
 10
34.750820066930366
 20
9.65458164460738
 30
0.0
 11
34.36806965960926
 21
12.979537632850628
 31
0.0
  0
LINE
  5
1A2
330
17
100
AcDbEntity
  8
SLOTS
100
AcDbLine
 10
34.61642952574853
 20
13.00812743682492
 30
0.0
 11
34.999179933069634
 21
9.683171448581671
 31
0.0
  0
ARC
  5
1A3
330
17
100
AcDbEntity
  8
SLOTS
100
AcDbCircle
 10
34.492249592678895
 20
12.993832534837773
 30
0.0
 40
0.125
100
AcDbArc
 50
6.566666993758204
 51
186.5666669937582
  0
ARC
  5
1A4
330
17
100
AcDbEntity
  8
SLOTS
100
AcDbCircle
 10
34.875
 20
9.668876546594525
 30
0.0
 40
0.125
100
AcDbArc
 50
186.5666669937582
 51
366.5666669937582
  0
LINE
  5
1A5
330
17
100
AcDbEntity
  8
SLOTS
100
AcDbLine
 10
34.373853178388295
 20
6.371014044522476
 30
0.0
 11
33.57036343824274
 21
13.350936134449165
 31
0.0
  0
LINE
  5
1A6
330
17
100
AcDbEntity
  8
SLOTS
100
AcDbLine
 10
33.818723304382004
 20
13.379525938423454
 30
0.0
 11
34.62221304452756
 21
6.399603848496766
 31
0.0
  0
ARC
  5
1A7
330
17
100
AcDbEntity
  8
SLOTS
100
AcDbCircle
 10
33.69454337131237
 20
13.36523103643631
 30
0.0
 40
0.125
100
AcDbArc
 50
6.566666993758119
 51
186.56666699375813
  0
ARC
  5
1A8
330
17
100
AcDbEntity
  8
SLOTS
100
AcDbCircle
 10
34.49803311145793
 20
6.385308946509621
 30
0.0
 40
0.125
100
AcDbArc
 50
186.56666699375813
 51
366.56666699375813
  0
LINE
  5
1A9
330
17
100
AcDbEntity
  8
SLOTS
100
AcDbLine
 10
33.60001774419083
 20
6.535046818420418
 30
0.0
 11
32.772657216876205
 21
13.722334636047698
 31
0.0
  0
LINE
  5
1AA
330
17
100
AcDbEntity
  8
SLOTS
100
AcDbLine
 10
33.02101708301547
 20
13.75092444002199
 30
0.0
 11
33.8483776103301
 21
6.563636622394708
 31
0.0
  0
ARC
  5
1AB
330
17
100
AcDbEntity
  8
SLOTS
100
AcDbCircle
 10
32.89683714994584
 20
13.736629538034844
 30
0.0
 40
0.125
100
AcDbArc
 50
6.56666699375819
 51
186.5666669937582
  0
ARC
  5
1AC
330
17
100
AcDbEntity
  8
SLOTS
100
AcDbCircle
 10
33.72419767726046
 20
6.549341720407563
 30
0.0
 40
0.125
100
AcDbArc
 50
186.5666669937582
 51
366.5666669937582
  0
LINE
  5
1AD
330
17
100
AcDbEntity
  8
SLOTS
100
AcDbLine
 10
32.76971950247383
 20
7.189572473277118
 30
0.0
 11
32.077953533837736
 21
13.198949226075387
 31
0.0
  0
LINE
  5
1AE
330
17
100
AcDbEntity
  8
SLOTS
100
AcDbLine
 10
32.326313399977
 20
13.227539030049675
 30
0.0
 11
33.0180793686131
 21
7.218162277251408
 31
0.0
  0
ARC
  5
1AF
330
17
100
AcDbEntity
  8
SLOTS
100
AcDbCircle
 10
32.20213346690737
 20
13.21324412806253
 30
0.0
 40
0.125
100
AcDbArc
 50
6.566666993758105
 51
186.5666669937581
  0
ARC
  5
1B0
330
17
100
AcDbEntity
  8
SLOTS
100
AcDbCircle
 10
32.89389943554347
 20
7.203867375264263
 30
0.0
 40
0.125
100
AcDbArc
 50
186.5666669937581
 51
366.5666669937581
  0
LINE
  5
1B1
330
17
100
AcDbEntity
  8
SLOTS
100
AcDbLine
 10
31.826675060671132
 20
8.82352531085173
 30
0.0
 11
31.469083615527037
 21
11.929925184331022
 31
0.0
  0
LINE
  5
1B2
330
17
100
AcDbEntity
  8
SLOTS
100
AcDbLine
 10
31.717443481666297
 20
11.958514988305314
 30
0.0
 11
32.075034926810396
 21
8.852115114826022
 31
0.0
  0
ARC
  5
1B3
330
17
100
AcDbEntity
  8
SLOTS
100
AcDbCircle
 10
31.593263548596667
 20
11.944220086318168
 30
0.0
 40
0.125
100
AcDbArc
 50
6.566666993758133
 51
186.56666699375813
  0
ARC
  5
1B4
330
17
100
AcDbEntity
  8
SLOTS
100
AcDbCircle
 10
31.950854993740762
 20
8.837820212838876
 30
0.0
 40
0.125
100
AcDbArc
 50
186.56666699375813
 51
366.56666699375813
  0
LINE
  5
1B5
330
17
100
AcDbEntity
  8
SLOTS
100
AcDbLine
 10
30.883630618868434
 20
10.457478148426333
 30
0.0
 11
30.86021369721634
 21
10.660901142586669
 31
0.0
  0
LINE
  5
1B6
330
17
100
AcDbEntity
  8
SLOTS
100
AcDbLine
 10
31.108573563355602
 20
10.68949094656096
 30
0.0
 11
31.131990485007695
 21
10.486067952400624
 31
0.0
  0
ARC
  5
1B7
330
17
100
AcDbEntity
  8
SLOTS
100
AcDbCircle
 10
30.98439363028597
 20
10.675196044573815
 30
0.0
 40
0.125
100
AcDbArc
 50
6.566666993758247
 51
186.56666699375825
  0
ARC
  5
1B8
330
17
100
AcDbEntity
  8
SLOTS
100
AcDbCircle
 10
31.007810551938064
 20
10.471773050413479
 30
0.0
 40
0.125
100
AcDbArc
 50
186.56666699375825
 51
366.56666699375825
  0
LINE
  5
1B9
330
17
100
AcDbEntity
  8
SLOTS
100
AcDbLine
 10
27.05208766121246
 20
16.409762681248747
 30
0.0
 11
29.876176146275892
 21
17.0582648670042
 31
0.0
  0
LINE
  5
1BA
330
17
100
AcDbEntity
  8
SLOTS
100
AcDbLine
 10
29.93212799488383
 20
16.814606518825126
 30
0.0
 11
27.1080395098204
 21
16.166104333069672
 31
0.0
  0
ARC
  5
1BB
330
17
100
AcDbEntity
  8
SLOTS
100
AcDbCircle
 10
29.904152070579862
 20
16.936435692914664
 30
0.0
 40
0.125
100
AcDbArc
 50
-77.06724141857126
 51
102.93275858142874
  0
ARC
  5
1BC
330
17
100
AcDbEntity
  8
SLOTS
100
AcDbCircle
 10
27.08006358551643
 20
16.28793350715921
 30
0.0
 40
0.125
100
AcDbArc
 50
102.93275858142874
 51
282.93275858142874
  0
LINE
  5
1BD
330
17
100
AcDbEntity
  8
SLOTS
100
AcDbLine
 10
26.656680110013088
 20
17.088484415155094
 30
0.0
 11
29.679315173028613
 21
17.782579325946326
 31
0.0
  0
LINE
  5
1BE
330
17
100
AcDbEntity
  8
SLOTS
100
AcDbLine
 10
29.735267021636552
 20
17.53892097776725
 30
0.0
 11
26.712631958621028
 21
16.84482606697602
 31
0.0
  0
ARC
  5
1BF
330
17
100
AcDbEntity
  8
SLOTS
100
AcDbCircle
 10
29.707291097332583
 20
17.66075015185679
 30
0.0
 40
0.125
100
AcDbArc
 50
-77.06724141857123
 51
102.93275858142877
  0
ARC
  5
1C0
330
17
100
AcDbEntity
  8
SLOTS
100
AcDbCircle
 10
26.684656034317058
 20
16.966655241065556
 30
0.0
 40
0.125
100
AcDbArc
 50
102.93275858142877
 51
282.93275858142874
  0
LINE
  5
1C1
330
17
100
AcDbEntity
  8
SLOTS
100
AcDbLine
 10
26.261272558813715
 20
17.767206149061444
 30
0.0
 11
29.482454199781333
 21
18.50689378488845
 31
0.0
  0
LINE
  5
1C2
330
17
100
AcDbEntity
  8
SLOTS
100
AcDbLine
 10
29.538406048389273
 20
18.263235436709376
 30
0.0
 11
26.317224407421655
 21
17.52354780088237
 31
0.0
  0
ARC
  5
1C3
330
17
100
AcDbEntity
  8
SLOTS
100
AcDbCircle
 10
29.510430124085303
 20
18.385064610798914
 30
0.0
 40
0.125
100
AcDbArc
 50
-77.06724141857126
 51
102.93275858142874
  0
ARC
  5
1C4
330
17
100
AcDbEntity
  8
SLOTS
100
AcDbCircle
 10
26.289248483117685
 20
17.645376974971906
 30
0.0
 40
0.125
100
AcDbArc
 50
102.93275858142874
 51
282.93275858142874
  0
LINE
  5
1C5
330
17
100
AcDbEntity
  8
SLOTS
100
AcDbLine
 10
25.865865007614346
 20
18.44592788296779
 30
0.0
 11
29.285593226534058
 21
19.231208243830572
 31
0.0
  0
LINE
  5
1C6
330
17
100
AcDbEntity
  8
SLOTS
100
AcDbLine
 10
29.341545075141998
 20
18.987549895651497
 30
0.0
 11
25.921816856222286
 21
18.202269534788716
 31
0.0
  0
ARC
  5
1C7
330
17
100
AcDbEntity
  8
SLOTS
100
AcDbCircle
 10
29.313569150838028
 20
19.109379069741035
 30
0.0
 40
0.125
100
AcDbArc
 50
-77.06724141857129
 51
102.93275858142871
  0
ARC
  5
1C8
330
17
100
AcDbEntity
  8
SLOTS
100
AcDbCircle
 10
25.893840931918316
 20
18.324098708878253
 30
0.0
 40
0.125
100
AcDbArc
 50
102.93275858142871
 51
282.93275858142874
  0
LINE
  5
1C9
330
17
100
AcDbEntity
  8
SLOTS
100
AcDbLine
 10
25.470457456414973
 20
19.124649616874137
 30
0.0
 11
29.08873225328678
 21
19.955522702772697
 31
0.0
  0
LINE
  5
1CA
330
17
100
AcDbEntity
  8
SLOTS
100
AcDbLine
 10
29.14468410189472
 20
19.711864354593622
 30
0.0
 11
25.526409305022913
 21
18.880991268695063
 31
0.0
  0
ARC
  5
1CB
330
17
100
AcDbEntity
  8
SLOTS
100
AcDbCircle
 10
29.11670817759075
 20
19.83369352868316
 30
0.0
 40
0.125
100
AcDbArc
 50
-77.06724141857124
 51
102.93275858142876
  0
ARC
  5
1CC
330
17
100
AcDbEntity
  8
SLOTS
100
AcDbCircle
 10
25.498433380718943
 20
19.0028204427846
 30
0.0
 40
0.125
100
AcDbArc
 50
102.93275858142876
 51
282.93275858142874
  0
LINE
  5
1CD
330
17
100
AcDbEntity
  8
SLOTS
100
AcDbLine
 10
25.0750499052156
 20
19.803371350780488
 30
0.0
 11
28.8918712800395
 21
20.679837161714822
 31
0.0
  0
LINE
  5
1CE
330
17
100
AcDbEntity
  8
SLOTS
100
AcDbLine
 10
28.94782312864744
 20
20.436178813535747
 30
0.0
 11
25.13100175382354
 21
19.559713002601413
 31
0.0
  0
ARC
  5
1CF
330
17
100
AcDbEntity
  8
SLOTS
100
AcDbCircle
 10
28.91984720434347
 20
20.558007987625285
 30
0.0
 40
0.125
100
AcDbArc
 50
-77.06724141857127
 51
102.93275858142873
  0
ARC
  5
1D0
330
17
100
AcDbEntity
  8
SLOTS
100
AcDbCircle
 10
25.10302582951957
 20
19.68154217669095
 30
0.0
 40
0.125
100
AcDbArc
 50
102.93275858142873
 51
282.93275858142874
  0
LINE
  5
1D1
330
17
100
AcDbEntity
  8
SLOTS
100
AcDbLine
 10
26.27779950332546
 20
20.849081728983673
 30
0.0
 11
28.695010306792224
 21
21.404151620656947
 31
0.0
  0
LINE
  5
1D2
330
17
100
AcDbEntity
  8
SLOTS
100
AcDbLine
 10
28.750962155400163
 20
21.160493272477872
 30
0.0
 11
26.3337513519334
 21
20.6054233808046
 31
0.0
  0
ARC
  5
1D3
330
17
100
AcDbEntity
  8
SLOTS
100
AcDbCircle
 10
28.722986231096193
 20
21.28232244656741
 30
0.0
 40
0.125
100
AcDbArc
 50
-77.06724141857123
 51
102.93275858142877
  0
ARC
  5
1D4
330
17
100
AcDbEntity
  8
SLOTS
100
AcDbCircle
 10
26.30577542762943
 20
20.727252554894136
 30
0.0
 40
0.125
100
AcDbArc
 50
102.93275858142877
 51
282.93275858142874
  0
LINE
  5
1D5
330
17
100
AcDbEntity
  8
SLOTS
100
AcDbLine
 10
21.77381491970492
 20
28.479286789024183
 30
0.0
 11
21.15732779442207
 21
29.82287080272198
 31
0.0
  0
LINE
  5
1D6
330
17
100
AcDbEntity
  8
SLOTS
100
AcDbLine
 10
21.384550564329924
 20
29.92712919727802
 30
0.0
 11
22.001037689612772
 21
28.583545183580224
 31
0.0
  0
ARC
  5
1D7
330
17
100
AcDbEntity
  8
SLOTS
100
AcDbCircle
 10
21.270939179375997
 20
29.875
 30
0.0
 40
0.125
100
AcDbArc
 50
24.647446027323866
 51
204.64744602732387
  0
ARC
  5
1D8
330
17
100
AcDbEntity
  8
SLOTS
100
AcDbCircle
 10
21.887426304658845
 20
28.531415986302203
 30
0.0
 40
0.125
100
AcDbArc
 50
204.64744602732387
 51
384.6474460273239
  0
LINE
  5
1D9
330
17
100
AcDbEntity
  8
SLOTS
100
AcDbLine
 10
21.57915780757897
 20
27.105109943020054
 30
0.0
 11
20.332146409316877
 21
29.82287080272198
 31
0.0
  0
LINE
  5
1DA
330
17
100
AcDbEntity
  8
SLOTS
100
AcDbLine
 10
20.55936917922473
 20
29.92712919727802
 30
0.0
 11
21.806380577486824
 21
27.209368337576095
 31
0.0
  0
ARC
  5
1DB
330
17
100
AcDbEntity
  8
SLOTS
100
AcDbCircle
 10
20.445757794270804
 20
29.875
 30
0.0
 40
0.125
100
AcDbArc
 50
24.647446027323866
 51
204.64744602732387
  0
ARC
  5
1DC
330
17
100
AcDbEntity
  8
SLOTS
100
AcDbCircle
 10
21.692769192532896
 20
27.157239140298074
 30
0.0
 40
0.125
100
AcDbArc
 50
204.64744602732387
 51
384.6474460273239
  0
LINE
  5
1DD
330
17
100
AcDbEntity
  8
SLOTS
100
AcDbLine
 10
21.093020148349435
 20
26.366191462245492
 30
0.0
 11
19.50696502421168
 21
29.82287080272198
 31
0.0
  0
LINE
  5
1DE
330
17
100
AcDbEntity
  8
SLOTS
100
AcDbLine
 10
19.734187794119535
 20
29.92712919727802
 30
0.0
 11
21.32024291825729
 21
26.470449856801533
 31
0.0
  0
ARC
  5
1DF
330
17
100
AcDbEntity
  8
SLOTS
100
AcDbCircle
 10
19.620576409165608
 20
29.875
 30
0.0
 40
0.125
100
AcDbArc
 50
24.647446027323866
 51
204.64744602732387
  0
ARC
  5
1E0
330
17
100
AcDbEntity
  8
SLOTS
100
AcDbCircle
 10
21.206631533303362
 20
26.418320659523513
 30
0.0
 40
0.125
100
AcDbArc
 50
204.64744602732387
 51
384.6474460273239
  0
LINE
  5
1E1
330
17
100
AcDbEntity
  8
SLOTS
100
AcDbLine
 10
20.376890668579467
 20
26.128521621850247
 30
0.0
 11
19.031848240980736
 21
29.05993321075859
 31
0.0
  0
LINE
  5
1E2
330
17
100
AcDbEntity
  8
SLOTS
100
AcDbLine
 10
19.25907101088859
 20
29.16419160531463
 30
0.0
 11
20.60411343848732
 21
26.232780016406288
 31
0.0
  0
ARC
  5
1E3
330
17
100
AcDbEntity
  8
SLOTS
100
AcDbCircle
 10
19.145459625934663
 20
29.11206240803661
 30
0.0
 40
0.125
100
AcDbArc
 50
24.647446027323866
 51
204.64744602732387
  0
ARC
  5
1E4
330
17
100
AcDbEntity
  8
SLOTS
100
AcDbCircle
 10
20.490502053533394
 20
26.180650819128267
 30
0.0
 40
0.125
100
AcDbArc
 50
204.64744602732387
 51
384.6474460273239
  0
LINE
  5
1E5
330
17
100
AcDbEntity
  8
SLOTS
100
AcDbLine
 10
19.26473781710037
 20
26.753952808966257
 30
0.0
 11
18.637028273153575
 21
28.121995179851943
 31
0.0
  0
LINE
  5
1E6
330
17
100
AcDbEntity
  8
SLOTS
100
AcDbLine
 10
18.86425104306143
 20
28.226253574407984
 30
0.0
 11
19.491960587008226
 21
26.8582112035223
 31
0.0
  0
ARC
  5
1E7
330
17
100
AcDbEntity
  8
SLOTS
100
AcDbCircle
 10
18.750639658107502
 20
28.174124377129964
 30
0.0
 40
0.125
100
AcDbArc
 50
24.64744602732388
 51
204.6474460273239
  0
ARC
  5
1E8
330
17
100
AcDbEntity
  8
SLOTS
100
AcDbCircle
 10
19.3783492020543
 20
26.806082006244278
 30
0.0
 40
0.125
100
AcDbArc
 50
204.6474460273239
 51
384.6474460273239
  0
LINE
  5
1E9
330
17
100
AcDbEntity
  8
SLOTS
100
AcDbLine
 10
18.31107616238298
 20
29.175147882297367
 30
0.0
 11
17.662730184841116
 21
29.783870899331696
 31
0.0
  0
LINE
  5
1EA
330
17
100
AcDbEntity
  8
SLOTS
100
AcDbLine
 10
17.83384987408097
 20
29.966129100668304
 30
0.0
 11
18.482195851622834
 21
29.357406083633975
 31
0.0
  0
ARC
  5
1EB
330
17
100
AcDbEntity
  8
SLOTS
100
AcDbCircle
 10
17.748290029461042
 20
29.875
 30
0.0
 40
0.125
100
AcDbArc
 50
46.80537188425612
 51
226.80537188425612
  0
ARC
  5
1EC
330
17
100
AcDbEntity
  8
SLOTS
100
AcDbCircle
 10
18.396636007002908
 20
29.26627698296567
 30
0.0
 40
0.125
100
AcDbArc
 50
226.80537188425612
 51
406.80537188425615
  0
LINE
  5
1ED
330
17
100
AcDbEntity
  8
SLOTS
100
AcDbLine
 10
18.000693996852455
 20
28.437801089103544
 30
0.0
 11
16.56700589482567
 21
29.783870899331696
 31
0.0
  0
LINE
  5
1EE
330
17
100
AcDbEntity
  8
SLOTS
100
AcDbLine
 10
16.73812558406552
 20
29.966129100668304
 30
0.0
 11
18.171813686092307
 21
28.620059290440153
 31
0.0
  0
ARC
  5
1EF
330
17
100
AcDbEntity
  8
SLOTS
100
AcDbCircle
 10
16.652565739445595
 20
29.875
 30
0.0
 40
0.125
100
AcDbArc
 50
46.8053718842562
 51
226.8053718842562
  0
ARC
  5
1F0
330
17
100
AcDbEntity
  8
SLOTS
100
AcDbCircle
 10
18.08625384147238
 20
28.52893018977185
 30
0.0
 40
0.125
100
AcDbArc
 50
226.8053718842562
 51
406.8053718842562
  0
LINE
  5
1F1
330
17
100
AcDbEntity
  8
SLOTS
100
AcDbLine
 10
17.626756692720782
 20
27.760125331217143
 30
0.0
 11
16.864073276791714
 21
28.476198178227918
 31
0.0
  0
LINE
  5
1F2
330
17
100
AcDbEntity
  8
SLOTS
100
AcDbLine
 10
17.035192966031566
 20
28.658456379564527
 30
0.0
 11
17.797876381960634
 21
27.94238353255375
 31
0.0
  0
ARC
  5
1F3
330
17
100
AcDbEntity
  8
SLOTS
100
AcDbCircle
 10
16.94963312141164
 20
28.567327278896222
 30
0.0
 40
0.125
100
AcDbArc
 50
46.80537188425629
 51
226.8053718842563
  0
ARC
  5
1F4
330
17
100
AcDbEntity
  8
SLOTS
100
AcDbCircle
 10
17.71231653734071
 20
27.851254431885447
 30
0.0
 40
0.125
100
AcDbArc
 50
226.8053718842563
 51
406.80537188425626
  0
LINE
  5
1F5
330
17
100
AcDbEntity
  8
SLOTS
100
AcDbLine
 10
1.203590077556419
 20
28.811459624467314
 30
0.0
 11
2.255139690121177
 21
27.961273995131982
 31
0.0
  0
LINE
  5
1F6
330
17
100
AcDbEntity
  8
SLOTS
100
AcDbLine
 10
2.0979595350083393
 20
27.766866179345932
 30
0.0
 11
1.046409922443581
 21
28.617051808681264
 31
0.0
  0
ARC
  5
1F7
330
17
100
AcDbEntity
  8
SLOTS
100
AcDbCircle
 10
2.176549612564758
 20
27.864070087238957
 30
0.0
 40
0.125
100
AcDbArc
 50
-128.9557951818165
 51
51.04420481818349
  0
ARC
  5
1F8
330
17
100
AcDbEntity
  8
SLOTS
100
AcDbCircle
 10
1.125
 20
28.71425571657429
 30
0.0
 40
0.125
100
AcDbArc
 50
51.04420481818349
 51
231.0442048181835
  0
LINE
  5
1F9
330
17
100
AcDbEntity
  8
SLOTS
100
AcDbLine
 10
1.203590077556419
 20
29.775927021222312
 30
0.0
 11
3.07092849309681
 21
28.26617011862017
 31
0.0
  0
LINE
  5
1FA
330
17
100
AcDbEntity
  8
SLOTS
100
AcDbLine
 10
2.9137483379839715
 20
28.07176230283412
 30
0.0
 11
1.046409922443581
 21
29.581519205436262
 31
0.0
  0
ARC
  5
1FB
330
17
100
AcDbEntity
  8
SLOTS
100
AcDbCircle
 10
2.9923384155403907
 20
28.168966210727145
 30
0.0
 40
0.125
100
AcDbArc
 50
-128.95579518181654
 51
51.044204818183445
  0
ARC
  5
1FC
330
17
100
AcDbEntity
  8
SLOTS
100
AcDbCircle
 10
1.125
 20
29.678723113329287
 30
0.0
 40
0.125
100
AcDbArc
 50
51.044204818183445
 51
231.04420481818346
  0
LINE
  5
1FD
330
17
100
AcDbEntity
  8
SLOTS
100
AcDbLine
 10
2.153724266353019
 20
29.972203907893025
 30
0.0
 11
3.8867172960724434
 21
28.57106624210836
 31
0.0
  0
LINE
  5
1FE
330
17
100
AcDbEntity
  8
SLOTS
100
AcDbLine
 10
3.729537140959605
 20
28.376658426322308
 30
0.0
 11
1.996544111240181
 21
29.777796092106975
 31
0.0
  0
ARC
  5
1FF
330
17
100
AcDbEntity
  8
SLOTS
100
AcDbCircle
 10
3.808127218516024
 20
28.473862334215333
 30
0.0
 40
0.125
100
AcDbArc
 50
-128.95579518181657
 51
51.044204818183424
  0
ARC
  5
200
330
17
100
AcDbEntity
  8
SLOTS
100
AcDbCircle
 10
2.0751341887966
 20
29.875
 30
0.0
 40
0.125
100
AcDbArc
 50
51.044204818183424
 51
231.04420481818343
  0
LINE
  5
201
330
17
100
AcDbEntity
  8
SLOTS
100
AcDbLine
 10
3.3466229491758988
 20
29.972203907893025
 30
0.0
 11
4.702506099048078
 21
28.87596236559655
 31
0.0
  0
LINE
  5
202
330
17
100
AcDbEntity
  8
SLOTS
100
AcDbLine
 10
4.545325943935239
 20
28.6815545498105
 30
0.0
 11
3.1894427940630603
 21
29.777796092106975
 31
0.0
  0
ARC
  5
203
330
17
100
AcDbEntity
  8
SLOTS
100
AcDbCircle
 10
4.623916021491659
 20
28.778758457703525
 30
0.0
 40
0.125
100
AcDbArc
 50
-128.95579518181654
 51
51.044204818183466
  0
ARC
  5
204
330
17
100
AcDbEntity
  8
SLOTS
100
AcDbCircle
 10
3.2680328716194795
 20
29.875
 30
0.0
 40
0.125
100
AcDbArc
 50
51.044204818183466
 51
231.04420481818346
  0
LINE
  5
205
330
17
100
AcDbEntity
  8
SLOTS
100
AcDbLine
 10
4.539521631998773
 20
29.972203907893025
 30
0.0
 11
5.518294902023709
 21
29.180858489084738
 31
0.0
  0
LINE
  5
206
330
17
100
AcDbEntity
  8
SLOTS
100
AcDbLine
 10
5.361114746910871
 20
28.986450673298688
 30
0.0
 11
4.382341476885935
 21
29.777796092106975
 31
0.0
  0
ARC
  5
207
330
17
100
AcDbEntity
  8
SLOTS
100
AcDbCircle
 10
5.43970482446729
 20
29.083654581191713
 30
0.0
 40
0.125
100
AcDbArc
 50
-128.95579518181648
 51
51.0442048181835
  0
ARC
  5
208
330
17
100
AcDbEntity
  8
SLOTS
100
AcDbCircle
 10
4.460931554442354
 20
29.875
 30
0.0
 40
0.125
100
AcDbArc
 50
51.0442048181835
 51
231.04420481818352
  0
LINE
  5
209
330
17
100
AcDbEntity
  8
SLOTS
100
AcDbLine
 10
5.732420314821648
 20
29.97220390789303
 30
0.0
 11
6.127186893801364
 21
29.6530322127299
 31
0.0
  0
LINE
  5
20A
330
17
100
AcDbEntity
  8
SLOTS
100
AcDbLine
 10
5.970006738688525
 20
29.458624396943843
 30
0.0
 11
5.57524015970881
 21
29.77779609210697
 31
0.0
  0
ARC
  5
20B
330
17
100
AcDbEntity
  8
SLOTS
100
AcDbCircle
 10
6.048596816244944
 20
29.555828304836872
 30
0.0
 40
0.125
100
AcDbArc
 50
-128.9557951818164
 51
51.044204818183594
  0
ARC
  5
20C
330
17
100
AcDbEntity
  8
SLOTS
100
AcDbCircle
 10
5.653830237265229
 20
29.875
 30
0.0
 40
0.125
100
AcDbArc
 50
51.044204818183594
 51
231.0442048181836
  0
LINE
  5
20D
330
17
100
AcDbEntity
  8
SLOTS
100
AcDbLine
 10
9.041946558229965
 20
29.645619008889376
 30
0.0
 11
6.930808796323519
 21
29.30100416596758
 31
0.0
  0
LINE
  5
20E
330
17
100
AcDbEntity
  8
SLOTS
100
AcDbLine
 10
6.890532732739806
 20
29.547738514411815
 30
0.0
 11
9.00167049464625
 21
29.89235335733361
 31
0.0
  0
ARC
  5
20F
330
17
100
AcDbEntity
  8
SLOTS
100
AcDbCircle
 10
6.9106707645316625
 20
29.424371340189698
 30
0.0
 40
0.125
100
AcDbArc
 50
-260.7290031074298
 51
-80.72900310742975
  0
ARC
  5
210
330
17
100
AcDbEntity
  8
SLOTS
100
AcDbCircle
 10
9.021808526438107
 20
29.768986183111494
 30
0.0
 40
0.125
100
AcDbArc
 50
-80.72900310742975
 51
99.27099689257025
  0
LINE
  5
211
330
17
100
AcDbEntity
  8
SLOTS
100
AcDbLine
 10
10.206655076230806
 20
29.758926094358102
 30
0.0
 11
10.071179551344738
 21
29.70478437002935
 31
0.0
  0
LINE
  5
212
330
17
100
AcDbEntity
  8
SLOTS
100
AcDbLine
 10
9.978403510708464
 20
29.936932181313146
 30
0.0
 11
10.113879035594532
 21
29.991073905641898
 31
0.0
  0
ARC
  5
213
330
17
100
AcDbEntity
  8
SLOTS
100
AcDbCircle
 10
10.024791531026601
 20
29.82085827567125
 30
0.0
 40
0.125
100
AcDbArc
 50
-248.21627003046078
 51
-68.21627003046078
  0
ARC
  5
214
330
17
100
AcDbEntity
  8
SLOTS
100
AcDbCircle
 10
10.16026705591267
 20
29.875
 30
0.0
 40
0.125
100
AcDbArc
 50
-68.21627003046078
 51
111.78372996953922
  0
LINE
  5
215
330
17
100
AcDbEntity
  8
SLOTS
100
AcDbLine
 10
12.227651000545887
 20
29.758926094358102
 30
0.0
 11
9.297958880876077
 21
28.588097760275804
 31
0.0
  0
LINE
  5
216
330
17
100
AcDbEntity
  8
SLOTS
100
AcDbLine
 10
9.205182840239804
 20
28.8202455715596
 30
0.0
 11
12.134874959909613
 21
29.991073905641898
 31
0.0
  0
ARC
  5
217
330
17
100
AcDbEntity
  8
SLOTS
100
AcDbCircle
 10
9.25157086055794
 20
28.704171665917702
 30
0.0
 40
0.125
100
AcDbArc
 50
-248.2162700304604
 51
-68.21627003046041
  0
ARC
  5
218
330
17
100
AcDbEntity
  8
SLOTS
100
AcDbCircle
 10
12.18126298022775
 20
29.875
 30
0.0
 40
0.125
100
AcDbArc
 50
-68.21627003046041
 51
111.78372996953959
  0
LINE
  5
219
330
17
100
AcDbEntity
  8
SLOTS
100
AcDbLine
 10
14.248646924860973
 20
29.758926094358102
 30
0.0
 11
9.821219225237753
 21
27.98953955608803
 31
0.0
  0
LINE
  5
21A
330
17
100
AcDbEntity
  8
SLOTS
100
AcDbLine
 10
9.72844318460148
 20
28.221687367371825
 30
0.0
 11
14.155870884224699
 21
29.991073905641898
 31
0.0
  0
ARC
  5
21B
330
17
100
AcDbEntity
  8
SLOTS
100
AcDbCircle
 10
9.774831204919616
 20
28.105613461729927
 30
0.0
 40
0.125
100
AcDbArc
 50
-248.2162700304604
 51
-68.21627003046041
  0
ARC
  5
21C
330
17
100
AcDbEntity
  8
SLOTS
100
AcDbCircle
 10
14.202258904542836
 20
29.875
 30
0.0
 40
0.125
100
AcDbArc
 50
-68.21627003046041
 51
111.78372996953959
  0
LINE
  5
21D
330
17
100
AcDbEntity
  8
SLOTS
100
AcDbLine
 10
15.493342257614803
 20
29.44868368961449
 30
0.0
 11
10.34447956959943
 21
27.390981351900255
 31
0.0
  0
LINE
  5
21E
330
17
100
AcDbEntity
  8
SLOTS
100
AcDbLine
 10
10.251703528963157
 20
27.62312916318405
 30
0.0
 11
15.400566216978529
 21
29.680831500898286
 31
0.0
  0
ARC
  5
21F
330
17
100
AcDbEntity
  8
SLOTS
100
AcDbCircle
 10
10.298091549281294
 20
27.507055257542152
 30
0.0
 40
0.125
100
AcDbArc
 50
-248.2162700304604
 51
-68.21627003046041
  0
ARC
  5
220
330
17
100
AcDbEntity
  8
SLOTS
100
AcDbCircle
 10
15.446954237296666
 20
29.56475759525639
 30
0.0
 40
0.125
100
AcDbArc
 50
-68.21627003046041
 51
111.78372996953959
  0
LINE
  5
221
330
17
100
AcDbEntity
  8
SLOTS
100
AcDbLine
 10
15.895339264719999
 20
28.80166354971954
 30
0.0
 11
11.747053633312552
 21
27.1438339359833
 31
0.0
  0
LINE
  5
222
330
17
100
AcDbEntity
  8
SLOTS
100
AcDbLine
 10
11.654277592676278
 20
27.375981747267094
 30
0.0
 11
15.802563224083725
 21
29.033811361003334
 31
0.0
  0
ARC
  5
223
330
17
100
AcDbEntity
  8
SLOTS
100
AcDbCircle
 10
11.700665612994415
 20
27.259907841625196
 30
0.0
 40
0.125
100
AcDbArc
 50
-248.21627003046044
 51
-68.21627003046044
  0
ARC
  5
224
330
17
100
AcDbEntity
  8
SLOTS
100
AcDbCircle
 10
15.848951244401862
 20
28.917737455361436
 30
0.0
 40
0.125
100
AcDbArc
 50
-68.21627003046044
 51
111.78372996953956
  0
LINE
  5
225
330
17
100
AcDbEntity
  8
SLOTS
100
AcDbLine
 10
16.297336271825195
 20
28.154643409824587
 30
0.0
 11
13.30152573283514
 21
26.95739137127685
 31
0.0
  0
LINE
  5
226
330
17
100
AcDbEntity
  8
SLOTS
100
AcDbLine
 10
13.208749692198866
 20
27.189539182560644
 30
0.0
 11
16.20456023118892
 21
28.386791221108382
 31
0.0
  0
ARC
  5
227
330
17
100
AcDbEntity
  8
SLOTS
100
AcDbCircle
 10
13.255137712517003
 20
27.073465276918746
 30
0.0
 40
0.125
100
AcDbArc
 50
-248.21627003046038
 51
-68.21627003046038
  0
ARC
  5
228
330
17
100
AcDbEntity
  8
SLOTS
100
AcDbCircle
 10
16.250948251507058
 20
28.270717315466484
 30
0.0
 40
0.125
100
AcDbArc
 50
-68.21627003046038
 51
111.78372996953962
  0
LINE
  5
229
330
17
100
AcDbEntity
  8
SLOTS
100
AcDbLine
 10
34.619134188135924
 20
3.2660884961905414
 30
0.0
 11
34.75047482142459
 21
4.768655814084696
 31
0.0
  0
LINE
  5
22A
330
17
100
AcDbEntity
  8
SLOTS
100
AcDbLine
 10
34.99952517857541
 20
4.746886119483059
 30
0.0
 11
34.868184545286745
 21
3.244318801588904
 31
0.0
  0
ARC
  5
22B
330
17
100
AcDbEntity
  8
SLOTS
100
AcDbCircle
 10
34.875
 20
4.757770966783878
 30
0.0
 40
0.125
100
AcDbArc
 50
-4.995573438577551
 51
175.00442656142246
  0
ARC
  5
22C
330
17
100
AcDbEntity
  8
SLOTS
100
AcDbCircle
 10
34.743659366711334
 20
3.2552036488897227
 30
0.0
 40
0.125
100
AcDbArc
 50
175.00442656142246
 51
355.00442656142246
  0
LINE
  5
22D
330
17
100
AcDbEntity
  8
SLOTS
100
AcDbLine
 10
30.84916543760301
 20
2.708328976814148
 30
0.0
 11
33.97855241569137
 21
3.180984625243246
 31
0.0
  0
LINE
  5
22E
330
17
100
AcDbEntity
  8
SLOTS
100
AcDbLine
 10
34.01588839915735
 20
2.9337882977247567
 30
0.0
 11
30.88650142106898
 21
2.4611326492956587
 31
0.0
  0
ARC
  5
22F
330
17
100
AcDbEntity
  8
SLOTS
100
AcDbCircle
 10
33.99722040742436
 20
3.0573864614840014
 30
0.0
 40
0.125
100
AcDbArc
 50
-81.4110915093184
 51
98.5889084906816
  0
ARC
  5
230
330
17
100
AcDbEntity
  8
SLOTS
100
AcDbCircle
 10
30.867833429335995
 20
2.5847308130549034
 30
0.0
 40
0.125
100
AcDbArc
 50
98.5889084906816
 51
278.5889084906816
  0
LINE
  5
231
330
17
100
AcDbEntity
  8
SLOTS
100
AcDbLine
 10
26.647430776869253
 20
2.8322147338796193
 30
0.0
 11
33.964437093905005
 21
3.937359092680195
 31
0.0
  0
LINE
  5
232
330
17
100
AcDbEntity
  8
SLOTS
100
AcDbLine
 10
34.001773077370984
 20
3.6901627651617055
 30
0.0
 11
26.684766760335226
 21
2.58501840636113
 31
0.0
  0
ARC
  5
233
330
17
100
AcDbEntity
  8
SLOTS
100
AcDbCircle
 10
33.983105085637995
 20
3.81376092892095
 30
0.0
 40
0.125
100
AcDbArc
 50
-81.41109150931841
 51
98.58890849068159
  0
ARC
  5
234
330
17
100
AcDbEntity
  8
SLOTS
100
AcDbCircle
 10
26.66609876860224
 20
2.7086165701203746
 30
0.0
 40
0.125
100
AcDbArc
 50
98.58890849068159
 51
278.5889084906816
  0
LINE
  5
235
330
17
100
AcDbEntity
  8
SLOTS
100
AcDbLine
 10
26.876439432214955
 20
3.6253101060383663
 30
0.0
 11
33.950321772118635
 21
4.693733560117144
 31
0.0
  0
LINE
  5
236
330
17
100
AcDbEntity
  8
SLOTS
100
AcDbLine
 10
33.987657755584614
 20
4.446537232598654
 30
0.0
 11
26.913775415680927
 21
3.378113778519877
 31
0.0
  0
ARC
  5
237
330
17
100
AcDbEntity
  8
SLOTS
100
AcDbCircle
 10
33.968989763851624
 20
4.570135396357899
 30
0.0
 40
0.125
100
AcDbArc
 50
-81.41109150931841
 51
98.58890849068159
  0
ARC
  5
238
330
17
100
AcDbEntity
  8
SLOTS
100
AcDbCircle
 10
26.89510742394794
 20
3.5017119422791216
 30
0.0
 40
0.125
100
AcDbArc
 50
98.58890849068159
 51
278.5889084906816
  0
LINE
  5
239
330
17
100
AcDbEntity
  8
SLOTS
100
AcDbLine
 10
27.20581116053319
 20
4.433564093499829
 30
0.0
 11
33.93620645033227
 21
5.4501080275540925
 31
0.0
  0
LINE
  5
23A
330
17
100
AcDbEntity
  8
SLOTS
100
AcDbLine
 10
33.97354243379825
 20
5.202911700035603
 30
0.0
 11
27.243147143999163
 21
4.186367765981339
 31
0.0
  0
ARC
  5
23B
330
17
100
AcDbEntity
  8
SLOTS
100
AcDbCircle
 10
33.95487444206526
 20
5.326509863794848
 30
0.0
 40
0.125
100
AcDbArc
 50
-81.41109150931841
 51
98.58890849068159
  0
ARC
  5
23C
330
17
100
AcDbEntity
  8
SLOTS
100
AcDbCircle
 10
27.224479152266177
 20
4.309965929740584
 30
0.0
 40
0.125
100
AcDbArc
 50
98.58890849068159
 51
278.5889084906816
  0
LINE
  5
23D
330
17
100
AcDbEntity
  8
SLOTS
100
AcDbLine
 10
29.662304301233004
 20
5.563093767700039
 30
0.0
 11
33.19329453524336
 21
6.09640667861158
 31
0.0
  0
LINE
  5
23E
330
17
100
AcDbEntity
  8
SLOTS
100
AcDbLine
 10
33.23063051870934
 20
5.849210351093091
 30
0.0
 11
29.699640284698976
 21
5.3158974401815495
 31
0.0
  0
ARC
  5
23F
330
17
100
AcDbEntity
  8
SLOTS
100
AcDbCircle
 10
33.21196252697635
 20
5.9728085148523355
 30
0.0
 40
0.125
100
AcDbArc
 50
-81.41109150931841
 51
98.58890849068159
  0
ARC
  5
240
330
17
100
AcDbEntity
  8
SLOTS
100
AcDbCircle
 10
29.68097229296599
 20
5.439495603940794
 30
0.0
 40
0.125
100
AcDbArc
 50
98.58890849068159
 51
278.5889084906816
  0
LINE
  5
241
330
17
100
AcDbEntity
  8
SLOTS
100
AcDbLine
 10
31.441724616700053
 20
6.632823826195925
 30
0.0
 11
29.61473330213057
 21
10.210549638843782
 31
0.0
  0
LINE
  5
242
330
17
100
AcDbEntity
  8
SLOTS
100
AcDbLine
 10
29.837382917065053
 20
10.324247259617154
 30
0.0
 11
31.664374231634536
 21
6.746521446969298
 31
0.0
  0
ARC
  5
243
330
17
100
AcDbEntity
  8
SLOTS
100
AcDbCircle
 10
29.726058109597812
 20
10.267398449230468
 30
0.0
 40
0.125
100
AcDbArc
 50
27.051454354017608
 51
207.0514543540176
  0
ARC
  5
244
330
17
100
AcDbEntity
  8
SLOTS
100
AcDbCircle
 10
31.553049424167295
 20
6.689672636582611
 30
0.0
 40
0.125
100
AcDbArc
 50
207.0514543540176
 51
387.0514543540176
  0
LINE
  5
245
330
17
100
AcDbEntity
  8
SLOTS
100
AcDbLine
 10
30.696423059173373
 20
6.443207763344573
 30
0.0
 11
28.730478541760387
 21
10.293040211967567
 31
0.0
  0
LINE
  5
246
330
17
100
AcDbEntity
  8
SLOTS
100
AcDbLine
 10
28.95312815669487
 20
10.406737832740939
 30
0.0
 11
30.919072674107856
 21
6.556905384117945
 31
0.0
  0
ARC
  5
247
330
17
100
AcDbEntity
  8
SLOTS
100
AcDbCircle
 10
28.84180334922763
 20
10.349889022354253
 30
0.0
 40
0.125
100
AcDbArc
 50
27.051454354017608
 51
207.0514543540176
  0
ARC
  5
248
330
17
100
AcDbEntity
  8
SLOTS
100
AcDbCircle
 10
30.807747866640614
 20
6.500056573731259
 30
0.0
 40
0.125
100
AcDbArc
 50
207.0514543540176
 51
387.0514543540176
  0
LINE
  5
249
330
17
100
AcDbEntity
  8
SLOTS
100
AcDbLine
 10
29.951121501646693
 20
6.25359170049322
 30
0.0
 11
28.070084064607517
 21
9.937153926205205
 31
0.0
  0
LINE
  5
24A
330
17
100
AcDbEntity
  8
SLOTS
100
AcDbLine
 10
28.292733679542
 20
10.050851546978578
 30
0.0
 11
30.173771116581175
 21
6.367289321266592
 31
0.0
  0
ARC
  5
24B
330
17
100
AcDbEntity
  8
SLOTS
100
AcDbCircle
 10
28.18140887207476
 20
9.994002736591892
 30
0.0
 40
0.125
100
AcDbArc
 50
27.051454354017608
 51
207.0514543540176
  0
ARC
  5
24C
330
17
100
AcDbEntity
  8
SLOTS
100
AcDbCircle
 10
30.062446309113934
 20
6.310440510879906
 30
0.0
 40
0.125
100
AcDbArc
 50
207.0514543540176
 51
387.0514543540176
  0
LINE
  5
24D
330
17
100
AcDbEntity
  8
SLOTS
100
AcDbLine
 10
29.205819944120012
 20
6.063975637641867
 30
0.0
 11
27.571554401442988
 21
9.264294090241819
 31
0.0
  0
LINE
  5
24E
330
17
100
AcDbEntity
  8
SLOTS
100
AcDbLine
 10
27.79420401637747
 20
9.377991711015191
 30
0.0
 11
29.428469559054495
 21
6.17767325841524
 31
0.0
  0
ARC
  5
24F
330
17
100
AcDbEntity
  8
SLOTS
100
AcDbCircle
 10
27.68287920891023
 20
9.321142900628505
 30
0.0
 40
0.125
100
AcDbArc
 50
27.051454354017594
 51
207.0514543540176
  0
ARC
  5
250
330
17
100
AcDbEntity
  8
SLOTS
100
AcDbCircle
 10
29.317144751587254
 20
6.120824448028554
 30
0.0
 40
0.125
100
AcDbArc
 50
207.0514543540176
 51
387.0514543540176
  0
LINE
  5
251
330
17
100
AcDbEntity
  8
SLOTS
100
AcDbLine
 10
28.460518386593332
 20
5.874359574790515
 30
0.0
 11
27.228665097118903
 21
8.28664981175115
 31
0.0
  0
LINE
  5
252
330
17
100
AcDbEntity
  8
SLOTS
100
AcDbLine
 10
27.451314712053385
 20
8.400347432524523
 30
0.0
 11
28.683168001527815
 21
5.988057195563887
 31
0.0
  0
ARC
  5
253
330
17
100
AcDbEntity
  8
SLOTS
100
AcDbCircle
 10
27.339989904586144
 20
8.343498622137837
 30
0.0
 40
0.125
100
AcDbArc
 50
27.051454354017608
 51
207.0514543540176
  0
ARC
  5
254
330
17
100
AcDbEntity
  8
SLOTS
100
AcDbCircle
 10
28.571843194060573
 20
5.931208385177201
 30
0.0
 40
0.125
100
AcDbArc
 50
207.0514543540176
 51
387.0514543540176
  0
LINE
  5
255
330
17
100
AcDbEntity
  8
SLOTS
100
AcDbLine
 10
27.715216829066655
 20
5.684743511939162
 30
0.0
 11
26.88577579279482
 21
7.309005533260486
 31
0.0
  0
LINE
  5
256
330
17
100
AcDbEntity
  8
SLOTS
100
AcDbLine
 10
27.108425407729303
 20
7.422703154033859
 30
0.0
 11
27.937866444001138
 21
5.798441132712535
 31
0.0
  0
ARC
  5
257
330
17
100
AcDbEntity
  8
SLOTS
100
AcDbCircle
 10
26.997100600262062
 20
7.365854343647173
 30
0.0
 40
0.125
100
AcDbArc
 50
27.051454354017608
 51
207.0514543540176
  0
ARC
  5
258
330
17
100
AcDbEntity
  8
SLOTS
100
AcDbCircle
 10
27.826541636533896
 20
5.7415923223258485
 30
0.0
 40
0.125
100
AcDbArc
 50
207.0514543540176
 51
387.0514543540176
  0
LINE
  5
259
330
17
100
AcDbEntity
  8
SLOTS
100
AcDbLine
 10
26.946678874272422
 20
22.044894355943697
 30
0.0
 11
27.796077393309673
 21
23.02931617254425
 31
0.0
  0
LINE
  5
25A
330
17
100
AcDbEntity
  8
SLOTS
100
AcDbLine
 10
27.985357690904003
 20
22.86599756079837
 30
0.0
 11
27.13595917186675
 21
21.881575744197818
 31
0.0
  0
ARC
  5
25B
330
17
100
AcDbEntity
  8
SLOTS
100
AcDbCircle
 10
27.890717542106838
 20
22.94765686667131
 30
0.0
 40
0.125
100
AcDbArc
 50
-40.78893852487197
 51
139.21106147512802
  0
ARC
  5
25C
330
17
100
AcDbEntity
  8
SLOTS
100
AcDbCircle
 10
27.041319023069587
 20
21.963235050070757
 30
0.0
 40
0.125
100
AcDbArc
 50
139.21106147512802
 51
319.211061475128
  0
LINE
  5
25D
330
17
100
AcDbEntity
  8
SLOTS
100
AcDbLine
 10
25.12849215282401
 20
21.085745107470032
 30
0.0
 11
27.447835134627443
 21
23.773778792829617
 31
0.0
  0
LINE
  5
25E
330
17
100
AcDbEntity
  8
SLOTS
100
AcDbLine
 10
27.637115432221773
 20
23.610460181083738
 30
0.0
 11
25.31777245041834
 21
20.922426495724153
 31
0.0
  0
ARC
  5
25F
330
17
100
AcDbEntity
  8
SLOTS
100
AcDbCircle
 10
27.542475283424608
 20
23.692119486956678
 30
0.0
 40
0.125
100
AcDbArc
 50
-40.78893852487199
 51
139.21106147512802
  0
ARC
  5
260
330
17
100
AcDbEntity
  8
SLOTS
100
AcDbCircle
 10
25.223132301621174
 20
21.004085801597093
 30
0.0
 40
0.125
100
AcDbArc
 50
139.21106147512802
 51
319.211061475128
  0
LINE
  5
261
330
17
100
AcDbEntity
  8
SLOTS
100
AcDbLine
 10
23.748500650780827
 20
20.634448091187103
 30
0.0
 11
27.099592875945213
 21
24.518241413114986
 31
0.0
  0
LINE
  5
262
330
17
100
AcDbEntity
  8
SLOTS
100
AcDbLine
 10
27.288873173539542
 20
24.354922801369106
 30
0.0
 11
23.937780948375156
 21
20.471129479441224
 31
0.0
  0
ARC
  5
263
330
17
100
AcDbEntity
  8
SLOTS
100
AcDbCircle
 10
27.194233024742378
 20
24.436582107242046
 30
0.0
 40
0.125
100
AcDbArc
 50
-40.78893852487198
 51
139.21106147512802
  0
ARC
  5
264
330
17
100
AcDbEntity
  8
SLOTS
100
AcDbCircle
 10
23.84314079957799
 20
20.552788785314164
 30
0.0
 40
0.125
100
AcDbArc
 50
139.21106147512802
 51
319.211061475128
  0
LINE
  5
265
330
17
100
AcDbEntity
  8
SLOTS
100
AcDbLine
 10
23.14296928630216
 20
21.08072204826791
 30
0.0
 11
26.751350617262982
 21
25.262704033400357
 31
0.0
  0
LINE
  5
266
330
17
100
AcDbEntity
  8
SLOTS
100
AcDbLine
 10
26.940630914857312
 20
25.09938542165448
 30
0.0
 11
23.33224958389649
 21
20.91740343652203
 31
0.0
  0
ARC
  5
267
330
17
100
AcDbEntity
  8
SLOTS
100
AcDbCircle
 10
26.845990766060147
 20
25.181044727527418
 30
0.0
 40
0.125
100
AcDbArc
 50
-40.78893852487199
 51
139.21106147512802
  0
ARC
  5
268
330
17
100
AcDbEntity
  8
SLOTS
100
AcDbCircle
 10
23.237609435099326
 20
20.99906274239497
 30
0.0
 40
0.125
100
AcDbArc
 50
139.21106147512802
 51
319.211061475128
  0
LINE
  5
269
330
17
100
AcDbEntity
  8
SLOTS
100
AcDbLine
 10
22.673129106177804
 20
21.684257125076293
 30
0.0
 11
26.403108358580752
 21
26.007166653685726
 31
0.0
  0
LINE
  5
26A
330
17
100
AcDbEntity
  8
SLOTS
100
AcDbLine
 10
26.592388656175082
 20
25.843848041939847
 30
0.0
 11
22.862409403772133
 21
21.520938513330414
 31
0.0
  0
ARC
  5
26B
330
17
100
AcDbEntity
  8
SLOTS
100
AcDbCircle
 10
26.497748507377917
 20
25.925507347812786
 30
0.0
 40
0.125
100
AcDbArc
 50
-40.788938524872
 51
139.211061475128
  0
ARC
  5
26C
330
17
100
AcDbEntity
  8
SLOTS
100
AcDbCircle
 10
22.76776925497497
 20
21.602597819203353
 30
0.0
 40
0.125
100
AcDbArc
 50
139.211061475128
 51
319.211061475128
  0
LINE
  5
26D
330
17
100
AcDbEntity
  8
SLOTS
100
AcDbLine
 10
22.38684842057917
 20
22.50053094230549
 30
0.0
 11
25.635109312347137
 21
26.265146509908696
 31
0.0
  0
LINE
  5
26E
330
17
100
AcDbEntity
  8
SLOTS
100
AcDbLine
 10
25.824389609941466
 20
26.101827898162817
 30
0.0
 11
22.5761287181735
 21
22.33721233055961
 31
0.0
  0
ARC
  5
26F
330
17
100
AcDbEntity
  8
SLOTS
100
AcDbCircle
 10
25.7297494611443
 20
26.183487204035757
 30
0.0
 40
0.125
100
AcDbArc
 50
-40.788938524872
 51
139.211061475128
  0
ARC
  5
270
330
17
100
AcDbEntity
  8
SLOTS
100
AcDbCircle
 10
22.481488569376335
 20
22.41887163643255
 30
0.0
 40
0.125
100
AcDbArc
 50
139.211061475128
 51
319.211061475128
  0
LINE
  5
271
330
17
100
AcDbEntity
  8
SLOTS
100
AcDbLine
 10
24.272270314797236
 20
19.506656882780486
 30
0.0
 11
23.38936381095936
 21
19.449862310470802
 31
0.0
  0
LINE
  5
272
330
17
100
AcDbEntity
  8
SLOTS
100
AcDbLine
 10
23.373315274334253
 20
19.699346667640132
 30
0.0
 11
24.25622177817213
 21
19.756141239949816
 31
0.0
  0
ARC
  5
273
330
17
100
AcDbEntity
  8
SLOTS
100
AcDbCircle
 10
23.381339542646806
 20
19.574604489055467
 30
0.0
 40
0.125
100
AcDbArc
 50
-266.3194154986076
 51
-86.31941549860761
  0
ARC
  5
274
330
17
100
AcDbEntity
  8
SLOTS
100
AcDbCircle
 10
24.264246046484683
 20
19.63139906136515
 30
0.0
 40
0.125
100
AcDbArc
 50
-86.31941549860761
 51
93.68058450139239
  0
LINE
  5
275
330
17
100
AcDbEntity
  8
SLOTS
100
AcDbLine
 10
24.694290652978413
 20
18.782253985553957
 30
0.0
 11
22.802867147246356
 21
18.660584716387195
 31
0.0
  0
LINE
  5
276
330
17
100
AcDbEntity
  8
SLOTS
100
AcDbLine
 10
22.78681861062125
 20
18.910069073556524
 30
0.0
 11
24.678242116353307
 21
19.031738342723287
 31
0.0
  0
ARC
  5
277
330
17
100
AcDbEntity
  8
SLOTS
100
AcDbCircle
 10
22.794842878933803
 20
18.78532689497186
 30
0.0
 40
0.125
100
AcDbArc
 50
-266.3194154986076
 51
-86.31941549860761
  0
ARC
  5
278
330
17
100
AcDbEntity
  8
SLOTS
100
AcDbCircle
 10
24.68626638466586
 20
18.906996164138622
 30
0.0
 40
0.125
100
AcDbArc
 50
-86.31941549860761
 51
93.68058450139239
  0
LINE
  5
279
330
17
100
AcDbEntity
  8
SLOTS
100
AcDbLine
 10
25.11631099115959
 20
18.057851088327432
 30
0.0
 11
22.21637048353335
 21
17.871307122303588
 31
0.0
  0
LINE
  5
27A
330
17
100
AcDbEntity
  8
SLOTS
100
AcDbLine
 10
22.200321946908243
 20
18.120791479472917
 30
0.0
 11
25.100262454534484
 21
18.30733544549676
 31
0.0
  0
ARC
  5
27B
330
17
100
AcDbEntity
  8
SLOTS
100
AcDbCircle
 10
22.208346215220796
 20
17.996049300888252
 30
0.0
 40
0.125
100
AcDbArc
 50
-266.31941549860755
 51
-86.31941549860755
  0
ARC
  5
27C
330
17
100
AcDbEntity
  8
SLOTS
100
AcDbCircle
 10
25.108286722847037
 20
18.182593266912097
 30
0.0
 40
0.125
100
AcDbArc
 50
-86.31941549860755
 51
93.68058450139245
  0
LINE
  5
27D
330
17
100
AcDbEntity
  8
SLOTS
100
AcDbLine
 10
25.538331329340767
 20
17.333448191100903
 30
0.0
 11
21.629873819820343
 21
17.082029528219984
 31
0.0
  0
LINE
  5
27E
330
17
100
AcDbEntity
  8
SLOTS
100
AcDbLine
 10
21.613825283195236
 20
17.331513885389313
 30
0.0
 11
25.52228279271566
 21
17.582932548270232
 31
0.0
  0
ARC
  5
27F
330
17
100
AcDbEntity
  8
SLOTS
100
AcDbCircle
 10
21.62184955150779
 20
17.20677170680465
 30
0.0
 40
0.125
100
AcDbArc
 50
-266.3194154986076
 51
-86.31941549860761
  0
ARC
  5
280
330
17
100
AcDbEntity
  8
SLOTS
100
AcDbCircle
 10
25.530307061028214
 20
17.458190369685568
 30
0.0
 40
0.125
100
AcDbArc
 50
-86.31941549860761
 51
93.68058450139239
  0
LINE
  5
281
330
17
100
AcDbEntity
  8
SLOTS
100
AcDbLine
 10
25.960351667521945
 20
16.609045293874374
 30
0.0
 11
21.043377156107336
 21
16.292751934136373
 31
0.0
  0
LINE
  5
282
330
17
100
AcDbEntity
  8
SLOTS
100
AcDbLine
 10
21.02732861948223
 20
16.542236291305702
 30
0.0
 11
25.944303130896838
 21
16.858529651043703
 31
0.0
  0
ARC
  5
283
330
17
100
AcDbEntity
  8
SLOTS
100
AcDbCircle
 10
21.035352887794783
 20
16.417494112721037
 30
0.0
 40
0.125
100
AcDbArc
 50
-266.31941549860755
 51
-86.31941549860758
  0
ARC
  5
284
330
17
100
AcDbEntity
  8
SLOTS
100
AcDbCircle
 10
25.95232739920939
 20
16.73378747245904
 30
0.0
 40
0.125
100
AcDbArc
 50
-86.31941549860758
 51
93.68058450139242
  0
LINE
  5
285
330
17
100
AcDbEntity
  8
SLOTS
100
AcDbLine
 10
26.38237200570312
 20
15.88464239664785
 30
0.0
 11
20.45688049239433
 21
15.503474340052769
 31
0.0
  0
LINE
  5
286
330
17
100
AcDbEntity
  8
SLOTS
100
AcDbLine
 10
20.440831955769223
 20
15.752958697222095
 30
0.0
 11
26.366323469078015
 21
16.134126753817178
 31
0.0
  0
ARC
  5
287
330
17
100
AcDbEntity
  8
SLOTS
100
AcDbCircle
 10
20.448856224081776
 20
15.628216518637432
 30
0.0
 40
0.125
100
AcDbArc
 50
-266.31941549860755
 51
-86.31941549860758
  0
ARC
  5
288
330
17
100
AcDbEntity
  8
SLOTS
100
AcDbCircle
 10
26.37434773739057
 20
16.009384575232513
 30
0.0
 40
0.125
100
AcDbArc
 50
-86.31941549860758
 51
93.68058450139242
  0
LINE
  5
289
330
17
100
AcDbEntity
  8
SLOTS
100
AcDbLine
 10
26.526064515414717
 20
15.14233555386072
 30
0.0
 11
19.870383828681323
 21
14.714196745969161
 31
0.0
  0
LINE
  5
28A
330
17
100
AcDbEntity
  8
SLOTS
100
AcDbLine
 10
19.854335292056216
 20
14.963681103138487
 30
0.0
 11
26.51001597878961
 21
15.391819911030046
 31
0.0
  0
ARC
  5
28B
330
17
100
AcDbEntity
  8
SLOTS
100
AcDbCircle
 10
19.86235956036877
 20
14.838938924553824
 30
0.0
 40
0.125
100
AcDbArc
 50
-266.31941549860755
 51
-86.31941549860758
  0
ARC
  5
28C
330
17
100
AcDbEntity
  8
SLOTS
100
AcDbCircle
 10
26.518040247102164
 20
15.267077732445383
 30
0.0
 40
0.125
100
AcDbArc
 50
-86.31941549860758
 51
93.68058450139242
  0
LINE
  5
28D
330
17
100
AcDbEntity
  8
SLOTS
100
AcDbLine
 10
26.13001776281062
 20
14.365308997911763
 30
0.0
 11
19.283887164968316
 21
13.924919151885556
 31
0.0
  0
LINE
  5
28E
330
17
100
AcDbEntity
  8
SLOTS
100
AcDbLine
 10
19.26783862834321
 20
14.174403509054882
 30
0.0
 11
26.113969226185514
 21
14.614793355081089
 31
0.0
  0
ARC
  5
28F
330
17
100
AcDbEntity
  8
SLOTS
100
AcDbCircle
 10
19.275862896655763
 20
14.049661330470219
 30
0.0
 40
0.125
100
AcDbArc
 50
-266.31941549860755
 51
-86.31941549860758
  0
ARC
  5
290
330
17
100
AcDbEntity
  8
SLOTS
100
AcDbCircle
 10
26.121993494498067
 20
14.490051176496426
 30
0.0
 40
0.125
100
AcDbArc
 50
-86.31941549860758
 51
93.68058450139242
  0
LINE
  5
291
330
17
100
AcDbEntity
  8
SLOTS
100
AcDbLine
 10
24.269427936540346
 20
13.494073035716031
 30
0.0
 11
18.69739050125531
 21
13.135641557801948
 31
0.0
  0
LINE
  5
292
330
17
100
AcDbEntity
  8
SLOTS
100
AcDbLine
 10
18.681341964630203
 20
13.385125914971274
 30
0.0
 11
24.25337939991524
 21
13.743557392885357
 31
0.0
  0
ARC
  5
293
330
17
100
AcDbEntity
  8
SLOTS
100
AcDbCircle
 10
18.689366232942756
 20
13.260383736386611
 30
0.0
 40
0.125
100
AcDbArc
 50
-266.31941549860755
 51
-86.31941549860758
  0
ARC
  5
294
330
17
100
AcDbEntity
  8
SLOTS
100
AcDbCircle
 10
24.261403668227793
 20
13.618815214300694
 30
0.0
 40
0.125
100
AcDbArc
 50
-86.31941549860758
 51
93.68058450139242
  0
LINE
  5
295
330
17
100
AcDbEntity
  8
SLOTS
100
AcDbLine
 10
25.84452790170972
 20
1.6519807265294877
 30
0.0
 11
33.99468389326555
 21
1.5845661111755092
 31
0.0
  0
LINE
  5
296
330
17
100
AcDbEntity
  8
SLOTS
100
AcDbLine
 10
33.992616070596746
 20
1.3345746631029594
 30
0.0
 11
25.842460079040922
 21
1.4019892784569379
 31
0.0
  0
ARC
  5
297
330
17
100
AcDbEntity
  8
SLOTS
100
AcDbCircle
 10
33.99364998193115
 20
1.4595703871392343
 30
0.0
 40
0.125
100
AcDbArc
 50
-90.47391545068126
 51
89.52608454931874
  0
ARC
  5
298
330
17
100
AcDbEntity
  8
SLOTS
100
AcDbCircle
 10
25.843493990375322
 20
1.5269850024932128
 30
0.0
 40
0.125
100
AcDbArc
 50
89.52608454931874
 51
269.52608454931874
  0
LINE
  5
299
330
17
100
AcDbEntity
  8
SLOTS
100
AcDbLine
 10
15.546335198051679
 20
1.1769087903390971
 30
0.0
 11
15.680390073475772
 21
1.4705716247426575
 31
0.0
  0
LINE
  5
29A
330
17
100
AcDbEntity
  8
SLOTS
100
AcDbLine
 10
15.907814588298
 20
1.3667540440644632
 30
0.0
 11
15.773759712873908
 21
1.0730912096609029
 31
0.0
  0
ARC
  5
29B
330
17
100
AcDbEntity
  8
SLOTS
100
AcDbCircle
 10
15.794102330886886
 20
1.4186628344035603
 30
0.0
 40
0.125
100
AcDbArc
 50
-24.536341143668153
 51
155.46365885633185
  0
ARC
  5
29C
330
17
100
AcDbEntity
  8
SLOTS
100
AcDbCircle
 10
15.660047455462793
 20
1.125
 30
0.0
 40
0.125
100
AcDbArc
 50
155.46365885633185
 51
335.46365885633185
  0
LINE
  5
29D
330
17
100
AcDbEntity
  8
SLOTS
100
AcDbLine
 10
14.721885819115718
 20
1.176908790339097
 30
0.0
 11
15.477164876844384
 21
2.8314356261336022
 31
0.0
  0
LINE
  5
29E
330
17
100
AcDbEntity
  8
SLOTS
100
AcDbLine
 10
15.704589391666612
 20
2.7276180454554084
 30
0.0
 11
14.949310333937946
 21
1.073091209660903
 31
0.0
  0
ARC
  5
29F
330
17
100
AcDbEntity
  8
SLOTS
100
AcDbCircle
 10
15.590877134255498
 20
2.7795268357945053
 30
0.0
 40
0.125
100
AcDbArc
 50
-24.536341143668054
 51
155.46365885633196
  0
ARC
  5
2A0
330
17
100
AcDbEntity
  8
SLOTS
100
AcDbCircle
 10
14.835598076526832
 20
1.125
 30
0.0
 40
0.125
100
AcDbArc
 50
155.46365885633196
 51
335.46365885633196
  0
LINE
  5
2A1
330
17
100
AcDbEntity
  8
SLOTS
100
AcDbLine
 10
13.897436440179758
 20
1.176908790339097
 30
0.0
 11
14.786031812258862
 21
3.1234805563946764
 31
0.0
  0
LINE
  5
2A2
330
17
100
AcDbEntity
  8
SLOTS
100
AcDbLine
 10
15.01345632708109
 20
3.0196629757164826
 30
0.0
 11
14.124860955001987
 21
1.073091209660903
 31
0.0
  0
ARC
  5
2A3
330
17
100
AcDbEntity
  8
SLOTS
100
AcDbCircle
 10
14.899744069669977
 20
3.0715717660555795
 30
0.0
 40
0.125
100
AcDbArc
 50
-24.536341143668025
 51
155.46365885633196
  0
ARC
  5
2A4
330
17
100
AcDbEntity
  8
SLOTS
100
AcDbCircle
 10
14.011148697590873
 20
1.125
 30
0.0
 40
0.125
100
AcDbArc
 50
155.46365885633196
 51
335.46365885633196
  0
LINE
  5
2A5
330
17
100
AcDbEntity
  8
SLOTS
100
AcDbLine
 10
13.072987061243794
 20
1.176908790339097
 30
0.0
 11
14.079186708800083
 21
3.3811064335986942
 31
0.0
  0
LINE
  5
2A6
330
17
100
AcDbEntity
  8
SLOTS
100
AcDbLine
 10
14.306611223622312
 20
3.2772888529205004
 30
0.0
 11
13.300411576066022
 21
1.073091209660903
 31
0.0
  0
ARC
  5
2A7
330
17
100
AcDbEntity
  8
SLOTS
100
AcDbCircle
 10
14.192898966211198
 20
3.3291976432595973
 30
0.0
 40
0.125
100
AcDbArc
 50
-24.536341143668054
 51
155.46365885633196
  0
ARC
  5
2A8
330
17
100
AcDbEntity
  8
SLOTS
100
AcDbCircle
 10
13.186699318654908
 20
1.125
 30
0.0
 40
0.125
100
AcDbArc
 50
155.46365885633196
 51
335.46365885633196
  0
LINE
  5
2A9
330
17
100
AcDbEntity
  8
SLOTS
100
AcDbLine
 10
12.557859140008194
 20
1.8545135079800037
 30
0.0
 11
13.372341605341305
 21
3.638732310802711
 31
0.0
  0
LINE
  5
2AA
330
17
100
AcDbEntity
  8
SLOTS
100
AcDbLine
 10
13.599766120163533
 20
3.5349147301245174
 30
0.0
 11
12.785283654830423
 21
1.75069592730181
 31
0.0
  0
ARC
  5
2AB
330
17
100
AcDbEntity
  8
SLOTS
100
AcDbCircle
 10
13.486053862752419
 20
3.5868235204636143
 30
0.0
 40
0.125
100
AcDbArc
 50
-24.536341143667997
 51
155.46365885633202
  0
ARC
  5
2AC
330
17
100
AcDbEntity
  8
SLOTS
100
AcDbCircle
 10
12.671571397419308
 20
1.8026047176409068
 30
0.0
 40
0.125
100
AcDbArc
 50
155.46365885633202
 51
335.463658856332
  0
LINE
  5
2AD
330
17
100
AcDbEntity
  8
SLOTS
100
AcDbLine
 10
12.129702946285963
 20
2.7226399349862103
 30
0.0
 11
12.66549650188253
 21
3.896358188006728
 31
0.0
  0
LINE
  5
2AE
330
17
100
AcDbEntity
  8
SLOTS
100
AcDbLine
 10
12.892921016704758
 20
3.7925406073285344
 30
0.0
 11
12.357127461108192
 21
2.6188223543080165
 31
0.0
  0
ARC
  5
2AF
330
17
100
AcDbEntity
  8
SLOTS
100
AcDbCircle
 10
12.779208759293644
 20
3.8444493976676313
 30
0.0
 40
0.125
100
AcDbArc
 50
-24.536341143668068
 51
155.46365885633193
  0
ARC
  5
2B0
330
17
100
AcDbEntity
  8
SLOTS
100
AcDbCircle
 10
12.243415203697078
 20
2.6707311446471134
 30
0.0
 40
0.125
100
AcDbArc
 50
155.46365885633193
 51
335.4636588563319
  0
LINE
  5
2B1
330
17
100
AcDbEntity
  8
SLOTS
100
AcDbLine
 10
11.701546752563734
 20
3.5907663619924186
 30
0.0
 11
11.95865139842375
 21
4.153984065210745
 31
0.0
  0
LINE
  5
2B2
330
17
100
AcDbEntity
  8
SLOTS
100
AcDbLine
 10
12.186075913245979
 20
4.050166484532552
 30
0.0
 11
11.928971267385963
 21
3.486948781314225
 31
0.0
  0
ARC
  5
2B3
330
17
100
AcDbEntity
  8
SLOTS
100
AcDbCircle
 10
12.072363655834865
 20
4.102075274871648
 30
0.0
 40
0.125
100
AcDbArc
 50
-24.53634114366797
 51
155.46365885633202
  0
ARC
  5
2B4
330
17
100
AcDbEntity
  8
SLOTS
100
AcDbCircle
 10
11.815259009974849
 20
3.5388575716533217
 30
0.0
 40
0.125
100
AcDbArc
 50
155.46365885633202
 51
335.463658856332
  0
LINE
  5
2B5
330
17
100
AcDbEntity
  8
SLOTS
100
AcDbLine
 10
21.866172821616342
 20
1.4403314344657687
 30
0.0
 11
22.14112307295433
 21
1.2230777794600436
 31
0.0
  0
LINE
  5
2B6
330
17
100
AcDbEntity
  8
SLOTS
100
AcDbLine
 10
21.98612953533179
 20
1.0269222205399564
 30
0.0
 11
21.711179283993804
 21
1.2441758755456815
 31
0.0
  0
ARC
  5
2B7
330
17
100
AcDbEntity
  8
SLOTS
100
AcDbCircle
 10
22.06362630414306
 20
1.125
 30
0.0
 40
0.125
100
AcDbArc
 50
-128.3142468301243
 51
51.68575316987572
  0
ARC
  5
2B8
330
17
100
AcDbEntity
  8
SLOTS
100
AcDbCircle
 10
21.788676052805073
 20
1.3422536550057251
 30
0.0
 40
0.125
100
AcDbArc
 50
51.68575316987572
 51
231.6857531698757
  0
LINE
  5
2B9
330
17
100
AcDbEntity
  8
SLOTS
100
AcDbLine
 10
22.510998755383415
 20
1.886692209845868
 30
0.0
 11
23.35085092919973
 21
1.2230777794600436
 31
0.0
  0
LINE
  5
2BA
330
17
100
AcDbEntity
  8
SLOTS
100
AcDbLine
 10
23.195857391577192
 20
1.0269222205399564
 30
0.0
 11
22.356005217760877
 21
1.6905366509257809
 31
0.0
  0
ARC
  5
2BB
330
17
100
AcDbEntity
  8
SLOTS
100
AcDbCircle
 10
23.27335416038846
 20
1.125
 30
0.0
 40
0.125
100
AcDbArc
 50
-128.31424683012426
 51
51.68575316987574
  0
ARC
  5
2BC
330
17
100
AcDbEntity
  8
SLOTS
100
AcDbCircle
 10
22.433501986572146
 20
1.7886144303858245
 30
0.0
 40
0.125
100
AcDbArc
 50
51.68575316987574
 51
231.68575316987574
  0
LINE
  5
2BD
330
17
100
AcDbEntity
  8
SLOTS
100
AcDbLine
 10
24.339739958980317
 20
1.3975749547969667
 30
0.0
 11
24.35809907371437
 21
1.3830683858477357
 31
0.0
  0
LINE
  5
2BE
330
17
100
AcDbEntity
  8
SLOTS
100
AcDbLine
 10
24.203105536091826
 20
1.1869128269276539
 30
0.0
 11
24.184746421357772
 21
1.2014193958768848
 31
0.0
  0
ARC
  5
2BF
330
17
100
AcDbEntity
  8
SLOTS
100
AcDbCircle
 10
24.2806023049031
 20
1.2849906063876948
 30
0.0
 40
0.125
100
AcDbArc
 50
-128.3142468301263
 51
51.68575316987368
  0
ARC
  5
2C0
330
17
100
AcDbEntity
  8
SLOTS
100
AcDbCircle
 10
24.262243190169045
 20
1.2994971753369258
 30
0.0
 40
0.125
100
AcDbArc
 50
51.68575316987368
 51
231.6857531698737
  0
LINE
  5
2C1
330
17
100
AcDbEntity
  8
SLOTS
100
AcDbLine
 10
21.67602759327802
 20
25.73943550323082
 30
0.0
 11
22.133202670568505
 21
24.228398962522448
 31
0.0
  0
LINE
  5
2C2
330
17
100
AcDbEntity
  8
SLOTS
100
AcDbLine
 10
21.893915175865903
 20
24.156000793492055
 30
0.0
 11
21.43674009857542
 21
25.667037334200426
 31
0.0
  0
ARC
  5
2C3
330
17
100
AcDbEntity
  8
SLOTS
100
AcDbCircle
 10
22.013558923217204
 20
24.19219987800725
 30
0.0
 40
0.125
100
AcDbArc
 50
-163.16642828820977
 51
16.833571711790228
  0
ARC
  5
2C4
330
17
100
AcDbEntity
  8
SLOTS
100
AcDbCircle
 10
21.55638384592672
 20
25.703236418715623
 30
0.0
 40
0.125
100
AcDbArc
 50
16.833571711790228
 51
196.83357171179023
  0
LINE
  5
2C5
330
17
100
AcDbEntity
  8
SLOTS
100
AcDbLine
 10
22.274432725751144
 20
26.35145560852834
 30
0.0
 11
22.80450461913832
 21
24.599483465039036
 31
0.0
  0
LINE
  5
2C6
330
17
100
AcDbEntity
  8
SLOTS
100
AcDbLine
 10
22.56521712443572
 20
24.527085296008643
 30
0.0
 11
22.035145231048542
 21
26.279057439497947
 31
0.0
  0
ARC
  5
2C7
330
17
100
AcDbEntity
  8
SLOTS
100
AcDbCircle
 10
22.68486087178702
 20
24.56328438052384
 30
0.0
 40
0.125
100
AcDbArc
 50
-163.16642828820974
 51
16.833571711790256
  0
ARC
  5
2C8
330
17
100
AcDbEntity
  8
SLOTS
100
AcDbCircle
 10
22.154788978399843
 20
26.315256524013144
 30
0.0
 40
0.125
100
AcDbArc
 50
16.833571711790256
 51
196.83357171179026
  0
LINE
  5
2C9
330
17
100
AcDbEntity
  8
SLOTS
100
AcDbLine
 10
22.99290123045406
 20
26.566647120904516
 30
0.0
 11
23.42682974393385
 21
25.132444180951563
 31
0.0
  0
LINE
  5
2CA
330
17
100
AcDbEntity
  8
SLOTS
100
AcDbLine
 10
23.18754224923125
 20
25.06004601192117
 30
0.0
 11
22.753613735751458
 21
26.494248951874123
 31
0.0
  0
ARC
  5
2CB
330
17
100
AcDbEntity
  8
SLOTS
100
AcDbCircle
 10
23.30718599658255
 20
25.096245096436366
 30
0.0
 40
0.125
100
AcDbArc
 50
-163.16642828820972
 51
16.83357171179027
  0
ARC
  5
2CC
330
17
100
AcDbEntity
  8
SLOTS
100
AcDbCircle
 10
22.87325748310276
 20
26.53044803638932
 30
0.0
 40
0.125
100
AcDbArc
 50
16.83357171179027
 51
196.83357171179028
  0
LINE
  5
2CD
330
17
100
AcDbEntity
  8
SLOTS
100
AcDbLine
 10
23.72135224993669
 20
26.74884482992268
 30
0.0
 11
24.049154868729385
 21
25.665404896864086
 31
0.0
  0
LINE
  5
2CE
330
17
100
AcDbEntity
  8
SLOTS
100
AcDbLine
 10
23.809867374026783
 20
25.593006727833693
 30
0.0
 11
23.482064755234088
 21
26.67644666089229
 31
0.0
  0
ARC
  5
2CF
330
17
100
AcDbEntity
  8
SLOTS
100
AcDbCircle
 10
23.929511121378084
 20
25.62920581234889
 30
0.0
 40
0.125
100
AcDbArc
 50
-163.16642828820977
 51
16.833571711790242
  0
ARC
  5
2D0
330
17
100
AcDbEntity
  8
SLOTS
100
AcDbCircle
 10
23.60170850258539
 20
26.712645745407485
 30
0.0
 40
0.125
100
AcDbArc
 50
16.833571711790242
 51
196.83357171179023
  0
LINE
  5
2D1
330
17
100
AcDbEntity
  8
SLOTS
100
AcDbLine
 10
24.449803269419316
 20
26.931042538940847
 30
0.0
 11
24.671479993524915
 21
26.19836561277661
 31
0.0
  0
LINE
  5
2D2
330
17
100
AcDbEntity
  8
SLOTS
100
AcDbLine
 10
24.432192498822314
 20
26.125967443746216
 30
0.0
 11
24.210515774716715
 21
26.858644369910454
 31
0.0
  0
ARC
  5
2D3
330
17
100
AcDbEntity
  8
SLOTS
100
AcDbCircle
 10
24.551836246173615
 20
26.162166528261412
 30
0.0
 40
0.125
100
AcDbArc
 50
-163.16642828820977
 51
16.833571711790213
  0
ARC
  5
2D4
330
17
100
AcDbEntity
  8
SLOTS
100
AcDbCircle
 10
24.330159522068016
 20
26.89484345442565
 30
0.0
 40
0.125
100
AcDbArc
 50
16.833571711790213
 51
196.83357171179023
  0
LINE
  5
2D5
330
17
100
AcDbEntity
  8
SLOTS
100
AcDbLine
 10
25.178254288901943
 20
27.11324024795901
 30
0.0
 11
25.293805118320446
 21
26.731326328689132
 31
0.0
  0
LINE
  5
2D6
330
17
100
AcDbEntity
  8
SLOTS
100
AcDbLine
 10
25.054517623617844
 20
26.65892815965874
 30
0.0
 11
24.93896679419934
 21
27.040842078928616
 31
0.0
  0
ARC
  5
2D7
330
17
100
AcDbEntity
  8
SLOTS
100
AcDbCircle
 10
25.174161370969145
 20
26.695127244173936
 30
0.0
 40
0.125
100
AcDbArc
 50
-163.16642828820977
 51
16.833571711790228
  0
ARC
  5
2D8
330
17
100
AcDbEntity
  8
SLOTS
100
AcDbCircle
 10
25.058610541550642
 20
27.077041163443813
 30
0.0
 40
0.125
100
AcDbArc
 50
16.833571711790228
 51
196.83357171179023
  0
LINE
  5
2D9
330
17
100
AcDbEntity
  8
SLOTS
100
AcDbLine
 10
25.90670530838457
 20
27.295437956977175
 30
0.0
 11
25.916130243115976
 21
27.264287044601655
 31
0.0
  0
LINE
  5
2DA
330
17
100
AcDbEntity
  8
SLOTS
100
AcDbLine
 10
25.676842748413375
 20
27.191888875571262
 30
0.0
 11
25.66741781368197
 21
27.22303978794678
 31
0.0
  0
ARC
  5
2DB
330
17
100
AcDbEntity
  8
SLOTS
100
AcDbCircle
 10
25.796486495764675
 20
27.22808796008646
 30
0.0
 40
0.125
100
AcDbArc
 50
-163.16642828821088
 51
16.83357171178912
  0
ARC
  5
2DC
330
17
100
AcDbEntity
  8
SLOTS
100
AcDbCircle
 10
25.78706156103327
 20
27.259238872461978
 30
0.0
 40
0.125
100
AcDbArc
 50
16.83357171178912
 51
196.83357171178912
  0
LINE
  5
2DD
330
17
100
AcDbEntity
  8
SLOTS
100
AcDbLine
 10
2.285717218958165
 20
14.488797651775588
 30
0.0
 11
2.148617683148674
 21
13.094405355238395
 31
0.0
  0
LINE
  5
2DE
330
17
100
AcDbEntity
  8
SLOTS
100
AcDbLine
 10
1.8998173953630544
 20
13.118867914339864
 30
0.0
 11
2.0369169311725455
 21
14.513260210877057
 31
0.0
  0
ARC
  5
2DF
330
17
100
AcDbEntity
  8
SLOTS
100
AcDbCircle
 10
2.024217539255864
 20
13.10663663478913
 30
0.0
 40
0.125
100
AcDbArc
 50
-185.61539091816803
 51
-5.615390918168046
  0
ARC
  5
2E0
330
17
100
AcDbEntity
  8
SLOTS
100
AcDbCircle
 10
2.161317075065355
 20
14.501028931326323
 30
0.0
 40
0.125
100
AcDbArc
 50
-5.615390918168046
 51
174.38460908183197
  0
LINE
  5
2E1
330
17
100
AcDbEntity
  8
SLOTS
100
AcDbLine
 10
3.008793340017637
 20
14.178182030655345
 30
0.0
 11
2.6947318477466866
 21
10.983970446524854
 31
0.0
  0
LINE
  5
2E2
330
17
100
AcDbEntity
  8
SLOTS
100
AcDbLine
 10
2.445931559961067
 20
11.008433005626323
 30
0.0
 11
2.7599930522320175
 21
14.202644589756813
 31
0.0
  0
ARC
  5
2E3
330
17
100
AcDbEntity
  8
SLOTS
100
AcDbCircle
 10
2.570331703853877
 20
10.996201726075588
 30
0.0
 40
0.125
100
AcDbArc
 50
-185.61539091816803
 51
-5.615390918168032
  0
ARC
  5
2E4
330
17
100
AcDbEntity
  8
SLOTS
100
AcDbCircle
 10
2.8843931961248273
 20
14.190413310206079
 30
0.0
 40
0.125
100
AcDbArc
 50
-5.615390918168032
 51
174.38460908183197
  0
LINE
  5
2E5
330
17
100
AcDbEntity
  8
SLOTS
100
AcDbLine
 10
3.731869461077109
 20
13.867566409535101
 30
0.0
 11
3.2865573572581983
 21
9.338449928916972
 31
0.0
  0
LINE
  5
2E6
330
17
100
AcDbEntity
  8
SLOTS
100
AcDbLine
 10
3.037757069472579
 20
9.362912488018441
 30
0.0
 11
3.4830691732914896
 21
13.89202896863657
 31
0.0
  0
ARC
  5
2E7
330
17
100
AcDbEntity
  8
SLOTS
100
AcDbCircle
 10
3.1621572133653886
 20
9.350681208467707
 30
0.0
 40
0.125
100
AcDbArc
 50
-185.61539091816803
 51
-5.615390918168032
  0
ARC
  5
2E8
330
17
100
AcDbEntity
  8
SLOTS
100
AcDbCircle
 10
3.6074693171842993
 20
13.879797689085835
 30
0.0
 40
0.125
100
AcDbArc
 50
-5.615390918168032
 51
174.38460908183197
  0
LINE
  5
2E9
330
17
100
AcDbEntity
  8
SLOTS
100
AcDbLine
 10
4.454945582136581
 20
13.556950788414856
 30
0.0
 11
4.04166852889618
 21
9.35365180588019
 31
0.0
  0
LINE
  5
2EA
330
17
100
AcDbEntity
  8
SLOTS
100
AcDbLine
 10
3.79286824111056
 20
9.37811436498166
 30
0.0
 11
4.206145294350961
 21
13.581413347516325
 31
0.0
  0
ARC
  5
2EB
330
17
100
AcDbEntity
  8
SLOTS
100
AcDbCircle
 10
3.9172683850033696
 20
9.365883085430925
 30
0.0
 40
0.125
100
AcDbArc
 50
-185.61539091816803
 51
-5.615390918168032
  0
ARC
  5
2EC
330
17
100
AcDbEntity
  8
SLOTS
100
AcDbCircle
 10
4.330545438243771
 20
13.56918206796559
 30
0.0
 40
0.125
100
AcDbArc
 50
-5.615390918168032
 51
174.38460908183197
  0
LINE
  5
2ED
330
17
100
AcDbEntity
  8
SLOTS
100
AcDbLine
 10
5.178021703196054
 20
13.246335167294612
 30
0.0
 11
4.7967797005341595
 21
9.368853682843408
 31
0.0
  0
LINE
  5
2EE
330
17
100
AcDbEntity
  8
SLOTS
100
AcDbLine
 10
4.547979412748541
 20
9.393316241944877
 30
0.0
 11
4.929221415410433
 21
13.270797726396081
 31
0.0
  0
ARC
  5
2EF
330
17
100
AcDbEntity
  8
SLOTS
100
AcDbCircle
 10
4.67237955664135
 20
9.381084962394143
 30
0.0
 40
0.125
100
AcDbArc
 50
-185.61539091816803
 51
-5.615390918168032
  0
ARC
  5
2F0
330
17
100
AcDbEntity
  8
SLOTS
100
AcDbCircle
 10
5.053621559303243
 20
13.258566446845347
 30
0.0
 40
0.125
100
AcDbArc
 50
-5.615390918168032
 51
174.38460908183197
  0
LINE
  5
2F1
330
17
100
AcDbEntity
  8
SLOTS
100
AcDbLine
 10
5.901097824255526
 20
12.935719546174369
 30
0.0
 11
5.551890872172141
 21
9.384055559806626
 31
0.0
  0
LINE
  5
2F2
330
17
100
AcDbEntity
  8
SLOTS
100
AcDbLine
 10
5.303090584386522
 20
9.408518118908095
 30
0.0
 11
5.652297536469906
 21
12.960182105275837
 31
0.0
  0
ARC
  5
2F3
330
17
100
AcDbEntity
  8
SLOTS
100
AcDbCircle
 10
5.427490728279332
 20
9.39628683935736
 30
0.0
 40
0.125
100
AcDbArc
 50
-185.61539091816803
 51
-5.615390918168046
  0
ARC
  5
2F4
330
17
100
AcDbEntity
  8
SLOTS
100
AcDbCircle
 10
5.776697680362716
 20
12.947950825725103
 30
0.0
 40
0.125
100
AcDbArc
 50
-5.615390918168046
 51
174.38460908183197
  0
LINE
  5
2F5
330
17
100
AcDbEntity
  8
SLOTS
100
AcDbLine
 10
6.624173945314997
 20
12.625103925054123
 30
0.0
 11
6.307002043810122
 21
9.399257436769844
 31
0.0
  0
LINE
  5
2F6
330
17
100
AcDbEntity
  8
SLOTS
100
AcDbLine
 10
6.058201756024504
 20
9.423719995871313
 30
0.0
 11
6.375373657529378
 21
12.649566484155592
 31
0.0
  0
ARC
  5
2F7
330
17
100
AcDbEntity
  8
SLOTS
100
AcDbCircle
 10
6.182601899917313
 20
9.411488716320578
 30
0.0
 40
0.125
100
AcDbArc
 50
-185.61539091816803
 51
-5.615390918168032
  0
ARC
  5
2F8
330
17
100
AcDbEntity
  8
SLOTS
100
AcDbCircle
 10
6.4997738014221875
 20
12.637335204604858
 30
0.0
 40
0.125
100
AcDbArc
 50
-5.615390918168032
 51
174.38460908183197
  0
LINE
  5
2F9
330
17
100
AcDbEntity
  8
SLOTS
100
AcDbLine
 10
7.347250066374469
 20
12.31448830393388
 30
0.0
 11
7.062113215448104
 21
9.414459313733062
 31
0.0
  0
LINE
  5
2FA
330
17
100
AcDbEntity
  8
SLOTS
100
AcDbLine
 10
6.813312927662485
 20
9.43892187283453
 30
0.0
 11
7.098449778588851
 21
12.338950863035349
 31
0.0
  0
ARC
  5
2FB
330
17
100
AcDbEntity
  8
SLOTS
100
AcDbCircle
 10
6.937713071555295
 20
9.426690593283796
 30
0.0
 40
0.125
100
AcDbArc
 50
-185.61539091816803
 51
-5.615390918168018
  0
ARC
  5
2FC
330
17
100
AcDbEntity
  8
SLOTS
100
AcDbCircle
 10
7.22284992248166
 20
12.326719583484614
 30
0.0
 40
0.125
100
AcDbArc
 50
-5.615390918168018
 51
174.38460908183197
  0
LINE
  5
2FD
330
17
100
AcDbEntity
  8
SLOTS
100
AcDbLine
 10
8.070326187433942
 20
12.003872682813636
 30
0.0
 11
7.817224387086085
 21
9.42966119069628
 31
0.0
  0
LINE
  5
2FE
330
17
100
AcDbEntity
  8
SLOTS
100
AcDbLine
 10
7.568424099300465
 20
9.454123749797748
 30
0.0
 11
7.821525899648323
 21
12.028335241915105
 31
0.0
  0
ARC
  5
2FF
330
17
100
AcDbEntity
  8
SLOTS
100
AcDbCircle
 10
7.692824243193275
 20
9.441892470247014
 30
0.0
 40
0.125
100
AcDbArc
 50
-185.61539091816803
 51
-5.615390918168046
  0
ARC
  5
300
330
17
100
AcDbEntity
  8
SLOTS
100
AcDbCircle
 10
7.9459260435411325
 20
12.01610396236437
 30
0.0
 40
0.125
100
AcDbArc
 50
-5.615390918168046
 51
174.38460908183197
  0
LINE
  5
301
330
17
100
AcDbEntity
  8
SLOTS
100
AcDbLine
 10
5.781281669445115
 20
2.586799307382651
 30
0.0
 11
6.907441821661777
 21
1.837835341027216
 31
0.0
  0
LINE
  5
302
330
17
100
AcDbEntity
  8
SLOTS
100
AcDbLine
 10
6.768998417451318
 20
1.6296685237132658
 30
0.0
 11
5.642838265234656
 21
2.378632490068701
 31
0.0
  0
ARC
  5
303
330
17
100
AcDbEntity
  8
SLOTS
100
AcDbCircle
 10
6.8382201195565475
 20
1.7337519323702408
 30
0.0
 40
0.125
100
AcDbArc
 50
-123.62628603687806
 51
56.37371396312194
  0
ARC
  5
304
330
17
100
AcDbEntity
  8
SLOTS
100
AcDbCircle
 10
5.7120599673398855
 20
2.482715898725676
 30
0.0
 40
0.125
100
AcDbArc
 50
56.37371396312194
 51
236.37371396312193
  0
LINE
  5
305
330
17
100
AcDbEntity
  8
SLOTS
100
AcDbLine
 10
4.833876746186306
 20
4.117600262373972
 30
0.0
 11
7.352825670564373
 21
2.4423483244187096
 31
0.0
  0
LINE
  5
306
330
17
100
AcDbEntity
  8
SLOTS
100
AcDbLine
 10
7.214382266353914
 20
2.2341815071047595
 30
0.0
 11
4.695433341975846
 21
3.9094334450600217
 31
0.0
  0
ARC
  5
307
330
17
100
AcDbEntity
  8
SLOTS
100
AcDbCircle
 10
7.283603968459143
 20
2.3382649157617346
 30
0.0
 40
0.125
100
AcDbArc
 50
-123.62628603687807
 51
56.37371396312192
  0
ARC
  5
308
330
17
100
AcDbEntity
  8
SLOTS
100
AcDbCircle
 10
4.764655044081076
 20
4.013516853716997
 30
0.0
 40
0.125
100
AcDbArc
 50
56.37371396312192
 51
236.37371396312193
  0
LINE
  5
309
330
17
100
AcDbEntity
  8
SLOTS
100
AcDbLine
 10
3.8864718229274957
 20
5.648401217365291
 30
0.0
 11
7.798209519466969
 21
3.046861307810203
 31
0.0
  0
LINE
  5
30A
330
17
100
AcDbEntity
  8
SLOTS
100
AcDbLine
 10
7.6597661152565095
 20
2.8386944904962528
 30
0.0
 11
3.7480284187170363
 21
5.440234400051341
 31
0.0
  0
ARC
  5
30B
330
17
100
AcDbEntity
  8
SLOTS
100
AcDbCircle
 10
7.728987817361739
 20
2.942777899153228
 30
0.0
 40
0.125
100
AcDbArc
 50
-123.62628603687807
 51
56.37371396312193
  0
ARC
  5
30C
330
17
100
AcDbEntity
  8
SLOTS
100
AcDbCircle
 10
3.817250120822266
 20
5.544317808708316
 30
0.0
 40
0.125
100
AcDbArc
 50
56.37371396312193
 51
236.37371396312193
  0
LINE
  5
30D
330
17
100
AcDbEntity
  8
SLOTS
100
AcDbLine
 10
2.939066899668688
 20
7.179202172356608
 30
0.0
 11
8.243593368369565
 21
3.6513742912016953
 31
0.0
  0
LINE
  5
30E
330
17
100
AcDbEntity
  8
SLOTS
100
AcDbLine
 10
8.105149964159105
 20
3.443207473887745
 30
0.0
 11
2.8006234954582285
 21
6.971035355042658
 31
0.0
  0
ARC
  5
30F
330
17
100
AcDbEntity
  8
SLOTS
100
AcDbCircle
 10
8.174371666264335
 20
3.5472908825447202
 30
0.0
 40
0.125
100
AcDbArc
 50
-123.62628603687807
 51
56.37371396312192
  0
ARC
  5
310
330
17
100
AcDbEntity
  8
SLOTS
100
AcDbCircle
 10
2.8698451975634582
 20
7.075118763699633
 30
0.0
 40
0.125
100
AcDbArc
 50
56.37371396312192
 51
236.37371396312193
  0
LINE
  5
311
330
17
100
AcDbEntity
  8
SLOTS
100
AcDbLine
 10
2.655356038071028
 20
8.268606816272762
 30
0.0
 11
8.68897721727216
 21
4.2558872745931895
 31
0.0
  0
LINE
  5
312
330
17
100
AcDbEntity
  8
SLOTS
100
AcDbLine
 10
8.550533813061701
 20
4.047720457279239
 30
0.0
 11
2.5169126338605685
 21
8.060439998958813
 31
0.0
  0
ARC
  5
313
330
17
100
AcDbEntity
  8
SLOTS
100
AcDbCircle
 10
8.619755515166931
 20
4.151803865936214
 30
0.0
 40
0.125
100
AcDbArc
 50
-123.62628603687808
 51
56.373713963121915
  0
ARC
  5
314
330
17
100
AcDbEntity
  8
SLOTS
100
AcDbCircle
 10
2.5861343359657982
 20
8.164523407615787
 30
0.0
 40
0.125
100
AcDbArc
 50
56.373713963121915
 51
236.37371396312193
  0
LINE
  5
315
330
17
100
AcDbEntity
  8
SLOTS
100
AcDbLine
 10
3.350505215061299
 20
8.70701089373786
 30
0.0
 11
9.134361066174757
 21
4.860400257984683
 31
0.0
  0
LINE
  5
316
330
17
100
AcDbEntity
  8
SLOTS
100
AcDbLine
 10
8.995917661964297
 20
4.652233440670733
 30
0.0
 11
3.2120618108508396
 21
8.49884407642391
 31
0.0
  0
ARC
  5
317
330
17
100
AcDbEntity
  8
SLOTS
100
AcDbCircle
 10
9.065139364069527
 20
4.756316849327708
 30
0.0
 40
0.125
100
AcDbArc
 50
-123.62628603687807
 51
56.37371396312192
  0
ARC
  5
318
330
17
100
AcDbEntity
  8
SLOTS
100
AcDbCircle
 10
3.2812835129560693
 20
8.602927485080885
 30
0.0
 40
0.125
100
AcDbArc
 50
56.37371396312192
 51
236.37371396312193
  0
LINE
  5
319
330
17
100
AcDbEntity
  8
SLOTS
100
AcDbLine
 10
4.6650565866296505
 20
8.733475405140945
 30
0.0
 11
9.18336309235544
 21
5.728530899621895
 31
0.0
  0
LINE
  5
31A
330
17
100
AcDbEntity
  8
SLOTS
100
AcDbLine
 10
9.044919688144981
 20
5.520364082307945
 30
0.0
 11
4.526613182419191
 21
8.525308587826997
 31
0.0
  0
ARC
  5
31B
330
17
100
AcDbEntity
  8
SLOTS
100
AcDbCircle
 10
9.11414139025021
 20
5.62444749096492
 30
0.0
 40
0.125
100
AcDbArc
 50
-123.62628603687807
 51
56.37371396312193
  0
ARC
  5
31C
330
17
100
AcDbEntity
  8
SLOTS
100
AcDbCircle
 10
4.595834884524421
 20
8.629391996483971
 30
0.0
 40
0.125
100
AcDbArc
 50
56.37371396312193
 51
236.37371396312193
  0
LINE
  5
31D
330
17
100
AcDbEntity
  8
SLOTS
100
AcDbLine
 10
5.979607958198003
 20
8.759939916544033
 30
0.0
 11
8.596666174765026
 21
7.019439421827524
 31
0.0
  0
LINE
  5
31E
330
17
100
AcDbEntity
  8
SLOTS
100
AcDbLine
 10
8.458222770554567
 20
6.811272604513574
 30
0.0
 11
5.841164553987544
 21
8.551773099230084
 31
0.0
  0
ARC
  5
31F
330
17
100
AcDbEntity
  8
SLOTS
100
AcDbCircle
 10
8.527444472659797
 20
6.915356013170549
 30
0.0
 40
0.125
100
AcDbArc
 50
-123.62628603687807
 51
56.37371396312193
  0
ARC
  5
320
330
17
100
AcDbEntity
  8
SLOTS
100
AcDbCircle
 10
5.910386256092774
 20
8.655856507887059
 30
0.0
 40
0.125
100
AcDbArc
 50
56.37371396312193
 51
236.37371396312193
  0
LINE
  5
321
330
17
100
AcDbEntity
  8
SLOTS
100
AcDbLine
 10
7.294159329766355
 20
8.786404427947119
 30
0.0
 11
8.00996925717461
 21
8.31034794403315
 31
0.0
  0
LINE
  5
322
330
17
100
AcDbEntity
  8
SLOTS
100
AcDbLine
 10
7.871525852964152
 20
8.102181126719202
 30
0.0
 11
7.155715925555896
 21
8.57823761063317
 31
0.0
  0
ARC
  5
323
330
17
100
AcDbEntity
  8
SLOTS
100
AcDbCircle
 10
7.940747555069382
 20
8.206264535376176
 30
0.0
 40
0.125
100
AcDbArc
 50
-123.62628603687804
 51
56.37371396312195
  0
ARC
  5
324
330
17
100
AcDbEntity
  8
SLOTS
100
AcDbCircle
 10
7.2249376276611255
 20
8.682321019290145
 30
0.0
 40
0.125
100
AcDbArc
 50
56.37371396312195
 51
236.37371396312196
  0
LINE
  5
325
330
17
100
AcDbEntity
  8
SLOTS
100
AcDbLine
 10
8.76808159842258
 20
9.841947294261525
 30
0.0
 11
8.902330151784502
 21
8.187402027787105
 31
0.0
  0
LINE
  5
326
330
17
100
AcDbEntity
  8
SLOTS
100
AcDbLine
 10
8.653149057628594
 20
8.16718366199597
 30
0.0
 11
8.518900504266671
 21
9.82172892847039
 31
0.0
  0
ARC
  5
327
330
17
100
AcDbEntity
  8
SLOTS
100
AcDbCircle
 10
8.777739604706548
 20
8.177292844891538
 30
0.0
 40
0.125
100
AcDbArc
 50
-175.3612258200945
 51
4.638774179905525
  0
ARC
  5
328
330
17
100
AcDbEntity
  8
SLOTS
100
AcDbCircle
 10
8.643491051344625
 20
9.831838111365958
 30
0.0
 40
0.125
100
AcDbArc
 50
4.638774179905525
 51
184.6387741799055
  0
LINE
  5
329
330
17
100
AcDbEntity
  8
SLOTS
100
AcDbLine
 10
9.386366376382613
 20
11.49564783926969
 30
0.0
 11
9.818328697081146
 21
6.171931530161446
 31
0.0
  0
LINE
  5
32A
330
17
100
AcDbEntity
  8
SLOTS
100
AcDbLine
 10
9.569147602925238
 20
6.15171316437031
 30
0.0
 11
9.137185282226705
 21
11.475429473478556
 31
0.0
  0
ARC
  5
32B
330
17
100
AcDbEntity
  8
SLOTS
100
AcDbCircle
 10
9.693738150003192
 20
6.161822347265878
 30
0.0
 40
0.125
100
AcDbArc
 50
-175.36122582009443
 51
4.6387741799055675
  0
ARC
  5
32C
330
17
100
AcDbEntity
  8
SLOTS
100
AcDbCircle
 10
9.261775829304659
 20
11.485538656374123
 30
0.0
 40
0.125
100
AcDbArc
 50
4.6387741799055675
 51
184.63877417990557
  0
LINE
  5
32D
330
17
100
AcDbEntity
  8
SLOTS
100
AcDbLine
 10
10.10218814128288
 20
11.947254536658706
 30
0.0
 11
10.61705423372991
 21
5.601791328352534
 31
0.0
  0
LINE
  5
32E
330
17
100
AcDbEntity
  8
SLOTS
100
AcDbLine
 10
10.367873139574002
 20
5.581572962561398
 30
0.0
 11
9.853007047126972
 21
11.927036170867572
 31
0.0
  0
ARC
  5
32F
330
17
100
AcDbEntity
  8
SLOTS
100
AcDbCircle
 10
10.492463686651956
 20
5.591682145456966
 30
0.0
 40
0.125
100
AcDbArc
 50
-175.36122582009446
 51
4.638774179905539
  0
ARC
  5
330
330
17
100
AcDbEntity
  8
SLOTS
100
AcDbCircle
 10
9.977597594204926
 20
11.937145353763139
 30
0.0
 40
0.125
100
AcDbArc
 50
4.638774179905539
 51
184.63877417990554
  0
LINE
  5
331
330
17
100
AcDbEntity
  8
SLOTS
100
AcDbLine
 10
10.833908596610742
 20
12.202917945785961
 30
0.0
 11
11.316849811875837
 21
6.250912641504617
 31
0.0
  0
LINE
  5
332
330
17
100
AcDbEntity
  8
SLOTS
100
AcDbLine
 10
11.067668717719929
 20
6.230694275713481
 30
0.0
 11
10.584727502454834
 21
12.182699579994827
 31
0.0
  0
ARC
  5
333
330
17
100
AcDbEntity
  8
SLOTS
100
AcDbCircle
 10
11.192259264797883
 20
6.240803458609049
 30
0.0
 40
0.125
100
AcDbArc
 50
-175.36122582009443
 51
4.638774179905553
  0
ARC
  5
334
330
17
100
AcDbEntity
  8
SLOTS
100
AcDbCircle
 10
10.709318049532788
 20
12.192808762890394
 30
0.0
 40
0.125
100
AcDbArc
 50
4.638774179905553
 51
184.63877417990557
  0
LINE
  5
335
330
17
100
AcDbEntity
  8
SLOTS
100
AcDbLine
 10
11.565629051938604
 20
12.458581354913214
 30
0.0
 11
12.016645390021763
 21
6.9000339546567
 31
0.0
  0
LINE
  5
336
330
17
100
AcDbEntity
  8
SLOTS
100
AcDbLine
 10
11.767464295865855
 20
6.879815588865564
 30
0.0
 11
11.316447957782696
 21
12.43836298912208
 31
0.0
  0
ARC
  5
337
330
17
100
AcDbEntity
  8
SLOTS
100
AcDbCircle
 10
11.892054842943809
 20
6.889924771761132
 30
0.0
 40
0.125
100
AcDbArc
 50
-175.36122582009446
 51
4.638774179905539
  0
ARC
  5
338
330
17
100
AcDbEntity
  8
SLOTS
100
AcDbCircle
 10
11.44103850486065
 20
12.448472172017647
 30
0.0
 40
0.125
100
AcDbArc
 50
4.638774179905539
 51
184.63877417990554
  0
LINE
  5
339
330
17
100
AcDbEntity
  8
SLOTS
100
AcDbLine
 10
12.297349507266466
 20
12.714244764040467
 30
0.0
 11
12.71644096816769
 21
7.549155267808783
 31
0.0
  0
LINE
  5
33A
330
17
100
AcDbEntity
  8
SLOTS
100
AcDbLine
 10
12.467259874011782
 20
7.528936902017647
 30
0.0
 11
12.048168413110558
 21
12.694026398249333
 31
0.0
  0
ARC
  5
33B
330
17
100
AcDbEntity
  8
SLOTS
100
AcDbCircle
 10
12.591850421089736
 20
7.539046084913215
 30
0.0
 40
0.125
100
AcDbArc
 50
-175.36122582009443
 51
4.638774179905553
  0
ARC
  5
33C
330
17
100
AcDbEntity
  8
SLOTS
100
AcDbCircle
 10
12.172758960188512
 20
12.7041355811449
 30
0.0
 40
0.125
100
AcDbArc
 50
4.638774179905553
 51
184.63877417990557
  0
LINE
  5
33D
330
17
100
AcDbEntity
  8
SLOTS
100
AcDbLine
 10
13.029069962594328
 20
12.969908173167722
 30
0.0
 11
13.416236546313618
 21
8.198276580960865
 31
0.0
  0
LINE
  5
33E
330
17
100
AcDbEntity
  8
SLOTS
100
AcDbLine
 10
13.16705545215771
 20
8.178058215169731
 30
0.0
 11
12.77988886843842
 21
12.949689807376588
 31
0.0
  0
ARC
  5
33F
330
17
100
AcDbEntity
  8
SLOTS
100
AcDbCircle
 10
13.291645999235664
 20
8.188167398065298
 30
0.0
 40
0.125
100
AcDbArc
 50
-175.36122582009443
 51
4.6387741799055675
  0
ARC
  5
340
330
17
100
AcDbEntity
  8
SLOTS
100
AcDbCircle
 10
12.904479415516374
 20
12.959798990272155
 30
0.0
 40
0.125
100
AcDbArc
 50
4.6387741799055675
 51
184.63877417990557
  0
LINE
  5
341
330
17
100
AcDbEntity
  8
SLOTS
100
AcDbLine
 10
13.76079041792219
 20
13.225571582294975
 30
0.0
 11
14.116032124459544
 21
8.847397894112948
 31
0.0
  0
LINE
  5
342
330
17
100
AcDbEntity
  8
SLOTS
100
AcDbLine
 10
13.866851030303636
 20
8.827179528321814
 30
0.0
 11
13.511609323766281
 21
13.205353216503841
 31
0.0
  0
ARC
  5
343
330
17
100
AcDbEntity
  8
SLOTS
100
AcDbCircle
 10
13.99144157738159
 20
8.837288711217381
 30
0.0
 40
0.125
100
AcDbArc
 50
-175.36122582009443
 51
4.638774179905553
  0
ARC
  5
344
330
17
100
AcDbEntity
  8
SLOTS
100
AcDbCircle
 10
13.636199870844235
 20
13.215462399399408
 30
0.0
 40
0.125
100
AcDbArc
 50
4.638774179905553
 51
184.63877417990557
  0
LINE
  5
345
330
17
100
AcDbEntity
  8
SLOTS
100
AcDbLine
 10
14.492510873250051
 20
13.481234991422228
 30
0.0
 11
14.815827702605471
 21
9.496519207265031
 31
0.0
  0
LINE
  5
346
330
17
100
AcDbEntity
  8
SLOTS
100
AcDbLine
 10
14.566646608449563
 20
9.476300841473897
 30
0.0
 11
14.243329779094143
 21
13.461016625631094
 31
0.0
  0
ARC
  5
347
330
17
100
AcDbEntity
  8
SLOTS
100
AcDbCircle
 10
14.691237155527517
 20
9.486410024369464
 30
0.0
 40
0.125
100
AcDbArc
 50
-175.36122582009443
 51
4.6387741799055675
  0
ARC
  5
348
330
17
100
AcDbEntity
  8
SLOTS
100
AcDbCircle
 10
14.367920326172097
 20
13.471125808526661
 30
0.0
 40
0.125
100
AcDbArc
 50
4.6387741799055675
 51
184.63877417990557
  0
LINE
  5
349
330
17
100
AcDbEntity
  8
SLOTS
100
AcDbLine
 10
15.229664363393624
 20
13.669939004624451
 30
0.0
 11
15.515623280751399
 21
10.145640520417114
 31
0.0
  0
LINE
  5
34A
330
17
100
AcDbEntity
  8
SLOTS
100
AcDbLine
 10
15.26644218659549
 20
10.12542215462598
 30
0.0
 11
14.980483269237716
 21
13.649720638833317
 31
0.0
  0
ARC
  5
34B
330
17
100
AcDbEntity
  8
SLOTS
100
AcDbCircle
 10
15.391032733673445
 20
10.135531337521547
 30
0.0
 40
0.125
100
AcDbArc
 50
-175.36122582009443
 51
4.638774179905553
  0
ARC
  5
34C
330
17
100
AcDbEntity
  8
SLOTS
100
AcDbCircle
 10
15.10507381631567
 20
13.659829821728884
 30
0.0
 40
0.125
100
AcDbArc
 50
4.638774179905553
 51
184.63877417990557
  0
LINE
  5
34D
330
17
100
AcDbEntity
  8
SLOTS
100
AcDbLine
 10
16.008648433720598
 20
13.343102353118429
 30
0.0
 11
16.215418858897326
 21
10.794761833569197
 31
0.0
  0
LINE
  5
34E
330
17
100
AcDbEntity
  8
SLOTS
100
AcDbLine
 10
15.966237764741418
 20
10.774543467778063
 30
0.0
 11
15.75946733956469
 21
13.322883987327295
 31
0.0
  0
ARC
  5
34F
330
17
100
AcDbEntity
  8
SLOTS
100
AcDbCircle
 10
16.090828311819372
 20
10.78465265067363
 30
0.0
 40
0.125
100
AcDbArc
 50
-175.36122582009443
 51
4.6387741799055675
  0
ARC
  5
350
330
17
100
AcDbEntity
  8
SLOTS
100
AcDbCircle
 10
15.884057886642644
 20
13.332993170222862
 30
0.0
 40
0.125
100
AcDbArc
 50
4.6387741799055675
 51
184.63877417990557
  0
LINE
  5
351
330
17
100
AcDbEntity
  8
SLOTS
100
AcDbLine
 10
16.787632504047576
 20
13.016265701612404
 30
0.0
 11
16.915214437043254
 21
11.443883146721282
 31
0.0
  0
LINE
  5
352
330
17
100
AcDbEntity
  8
SLOTS
100
AcDbLine
 10
16.666033342887346
 20
11.423664780930148
 30
0.0
 11
16.538451409891668
 21
12.99604733582127
 31
0.0
  0
ARC
  5
353
330
17
100
AcDbEntity
  8
SLOTS
100
AcDbCircle
 10
16.7906238899653
 20
11.433773963825715
 30
0.0
 40
0.125
100
AcDbArc
 50
-175.36122582009452
 51
4.638774179905482
  0
ARC
  5
354
330
17
100
AcDbEntity
  8
SLOTS
100
AcDbCircle
 10
16.66304195696962
 20
13.006156518716837
 30
0.0
 40
0.125
100
AcDbArc
 50
4.638774179905482
 51
184.63877417990548
  0
LINE
  5
355
330
17
100
AcDbEntity
  8
SLOTS
100
AcDbLine
 10
17.566616574374546
 20
12.689429050106384
 30
0.0
 11
17.615010015189178
 21
12.093004459873363
 31
0.0
  0
LINE
  5
356
330
17
100
AcDbEntity
  8
SLOTS
100
AcDbLine
 10
17.36582892103327
 20
12.072786094082229
 30
0.0
 11
17.317435480218638
 21
12.66921068431525
 31
0.0
  0
ARC
  5
357
330
17
100
AcDbEntity
  8
SLOTS
100
AcDbCircle
 10
17.490419468111224
 20
12.082895276977796
 30
0.0
 40
0.125
100
AcDbArc
 50
-175.36122582009455
 51
4.63877417990544
  0
ARC
  5
358
330
17
100
AcDbEntity
  8
SLOTS
100
AcDbCircle
 10
17.442026027296592
 20
12.679319867210816
 30
0.0
 40
0.125
100
AcDbArc
 50
4.63877417990544
 51
184.63877417990545
  0
LINE
  5
359
330
17
100
AcDbEntity
  8
SLOTS
100
AcDbLine
 10
17.73202677768334
 20
10.752080955984681
 30
0.0
 11
17.486975689337704
 21
11.073020177322126
 31
0.0
  0
LINE
  5
35A
330
17
100
AcDbEntity
  8
SLOTS
100
AcDbLine
 10
17.68567653338416
 20
11.224736935049235
 30
0.0
 11
17.930727621729798
 21
10.90379771371179
 31
0.0
  0
ARC
  5
35B
330
17
100
AcDbEntity
  8
SLOTS
100
AcDbCircle
 10
17.586326111360933
 20
11.14887855618568
 30
0.0
 40
0.125
100
AcDbArc
 50
37.363312022977425
 51
217.36331202297742
  0
ARC
  5
35C
330
17
100
AcDbEntity
  8
SLOTS
100
AcDbCircle
 10
17.83137719970657
 20
10.827939334848235
 30
0.0
 40
0.125
100
AcDbArc
 50
217.36331202297742
 51
397.3633120229774
  0
LINE
  5
35D
330
17
100
AcDbEntity
  8
SLOTS
100
AcDbLine
 10
17.619216214574877
 20
9.663971452682965
 30
0.0
 11
16.93458121025361
 21
10.5606262142293
 31
0.0
  0
LINE
  5
35E
330
17
100
AcDbEntity
  8
SLOTS
100
AcDbLine
 10
17.133282054300068
 20
10.712342971956408
 30
0.0
 11
17.817917058621333
 21
9.815688210410073
 31
0.0
  0
ARC
  5
35F
330
17
100
AcDbEntity
  8
SLOTS
100
AcDbCircle
 10
17.03393163227684
 20
10.636484593092854
 30
0.0
 40
0.125
100
AcDbArc
 50
37.363312022977254
 51
217.36331202297725
  0
ARC
  5
360
330
17
100
AcDbEntity
  8
SLOTS
100
AcDbCircle
 10
17.718566636598105
 20
9.739829831546519
 30
0.0
 40
0.125
100
AcDbArc
 50
217.36331202297725
 51
397.36331202297725
  0
LINE
  5
361
330
17
100
AcDbEntity
  8
SLOTS
100
AcDbLine
 10
17.506405651466412
 20
8.57586194938124
 30
0.0
 11
16.38218673116951
 21
10.048232251136469
 31
0.0
  0
LINE
  5
362
330
17
100
AcDbEntity
  8
SLOTS
100
AcDbLine
 10
16.580887575215968
 20
10.199949008863577
 30
0.0
 11
17.70510649551287
 21
8.727578707108348
 31
0.0
  0
ARC
  5
363
330
17
100
AcDbEntity
  8
SLOTS
100
AcDbCircle
 10
16.48153715319274
 20
10.124090630000023
 30
0.0
 40
0.125
100
AcDbArc
 50
37.363312022977325
 51
217.3633120229773
  0
ARC
  5
364
330
17
100
AcDbEntity
  8
SLOTS
100
AcDbCircle
 10
17.60575607348964
 20
8.651720328244794
 30
0.0
 40
0.125
100
AcDbArc
 50
217.3633120229773
 51
397.3633120229773
  0
LINE
  5
365
330
17
100
AcDbEntity
  8
SLOTS
100
AcDbLine
 10
17.393595088357948
 20
7.48775244607952
 30
0.0
 11
15.829792252085419
 21
9.53583828804364
 31
0.0
  0
LINE
  5
366
330
17
100
AcDbEntity
  8
SLOTS
100
AcDbLine
 10
16.028493096131875
 20
9.687555045770749
 30
0.0
 11
17.592295932404404
 21
7.6394692038066285
 31
0.0
  0
ARC
  5
367
330
17
100
AcDbEntity
  8
SLOTS
100
AcDbCircle
 10
15.929142674108647
 20
9.611696666907195
 30
0.0
 40
0.125
100
AcDbArc
 50
37.363312022977254
 51
217.36331202297725
  0
ARC
  5
368
330
17
100
AcDbEntity
  8
SLOTS
100
AcDbCircle
 10
17.492945510381176
 20
7.5636108249430745
 30
0.0
 40
0.125
100
AcDbArc
 50
217.36331202297725
 51
397.36331202297725
  0
LINE
  5
369
330
17
100
AcDbEntity
  8
SLOTS
100
AcDbLine
 10
17.280784525249484
 20
6.399642942777795
 30
0.0
 11
15.27739777300132
 21
9.023444324950809
 31
0.0
  0
LINE
  5
36A
330
17
100
AcDbEntity
  8
SLOTS
100
AcDbLine
 10
15.476098617047777
 20
9.175161082677917
 30
0.0
 11
17.47948536929594
 21
6.551359700504904
 31
0.0
  0
ARC
  5
36B
330
17
100
AcDbEntity
  8
SLOTS
100
AcDbCircle
 10
15.376748195024549
 20
9.099302703814363
 30
0.0
 40
0.125
100
AcDbArc
 50
37.363312022977254
 51
217.36331202297725
  0
ARC
  5
36C
330
17
100
AcDbEntity
  8
SLOTS
100
AcDbCircle
 10
17.380134947272712
 20
6.4755013216413495
 30
0.0
 40
0.125
100
AcDbArc
 50
217.36331202297725
 51
397.36331202297725
  0
LINE
  5
36D
330
17
100
AcDbEntity
  8
SLOTS
100
AcDbLine
 10
17.16797396214102
 20
5.311533439476078
 30
0.0
 11
14.725003293917226
 21
8.511050361857981
 31
0.0
  0
LINE
  5
36E
330
17
100
AcDbEntity
  8
SLOTS
100
AcDbLine
 10
14.923704137963682
 20
8.662767119585089
 30
0.0
 11
17.366674806187476
 21
5.463250197203186
 31
0.0
  0
ARC
  5
36F
330
17
100
AcDbEntity
  8
SLOTS
100
AcDbCircle
 10
14.824353715940454
 20
8.586908740721535
 30
0.0
 40
0.125
100
AcDbArc
 50
37.363312022977254
 51
217.36331202297725
  0
ARC
  5
370
330
17
100
AcDbEntity
  8
SLOTS
100
AcDbCircle
 10
17.267324384164247
 20
5.387391818339632
 30
0.0
 40
0.125
100
AcDbArc
 50
217.36331202297725
 51
397.36331202297725
  0
LINE
  5
371
330
17
100
AcDbEntity
  8
SLOTS
100
AcDbLine
 10
16.75462056040529
 20
4.617039754242187
 30
0.0
 11
14.172608814833128
 21
7.998656398765151
 31
0.0
  0
LINE
  5
372
330
17
100
AcDbEntity
  8
SLOTS
100
AcDbLine
 10
14.371309658879584
 20
8.15037315649226
 30
0.0
 11
16.953321404451746
 21
4.768756511969295
 31
0.0
  0
ARC
  5
373
330
17
100
AcDbEntity
  8
SLOTS
100
AcDbCircle
 10
14.271959236856356
 20
8.074514777628705
 30
0.0
 40
0.125
100
AcDbArc
 50
37.36331202297728
 51
217.36331202297728
  0
ARC
  5
374
330
17
100
AcDbEntity
  8
SLOTS
100
AcDbCircle
 10
16.853970982428518
 20
4.692898133105741
 30
0.0
 40
0.125
100
AcDbArc
 50
217.36331202297728
 51
397.3633120229773
  0
LINE
  5
375
330
17
100
AcDbEntity
  8
SLOTS
100
AcDbLine
 10
16.244000121404078
 20
4.049935044966463
 30
0.0
 11
13.620214335749031
 21
7.4862624356723195
 31
0.0
  0
LINE
  5
376
330
17
100
AcDbEntity
  8
SLOTS
100
AcDbLine
 10
13.818915179795487
 20
7.637979193399429
 30
0.0
 11
16.442700965450534
 21
4.201651802693573
 31
0.0
  0
ARC
  5
377
330
17
100
AcDbEntity
  8
SLOTS
100
AcDbCircle
 10
13.71956475777226
 20
7.5621208145358745
 30
0.0
 40
0.125
100
AcDbArc
 50
37.3633120229773
 51
217.3633120229773
  0
ARC
  5
378
330
17
100
AcDbEntity
  8
SLOTS
100
AcDbCircle
 10
16.343350543427306
 20
4.125793423830018
 30
0.0
 40
0.125
100
AcDbArc
 50
217.3633120229773
 51
397.3633120229773
  0
LINE
  5
379
330
17
100
AcDbEntity
  8
SLOTS
100
AcDbLine
 10
15.733379682402864
 20
3.48283033569074
 30
0.0
 11
13.067819856664935
 21
6.97386847257949
 31
0.0
  0
LINE
  5
37A
330
17
100
AcDbEntity
  8
SLOTS
100
AcDbLine
 10
13.266520700711391
 20
7.1255852303066
 30
0.0
 11
15.93208052644932
 21
3.634547093417849
 31
0.0
  0
ARC
  5
37B
330
17
100
AcDbEntity
  8
SLOTS
100
AcDbCircle
 10
13.167170278688163
 20
7.049726851443045
 30
0.0
 40
0.125
100
AcDbArc
 50
37.36331202297728
 51
217.36331202297728
  0
ARC
  5
37C
330
17
100
AcDbEntity
  8
SLOTS
100
AcDbCircle
 10
15.832730104426092
 20
3.5586887145542945
 30
0.0
 40
0.125
100
AcDbArc
 50
217.36331202297728
 51
397.3633120229773
  0
LINE
  5
37D
330
17
100
AcDbEntity
  8
SLOTS
100
AcDbLine
 10
14.456464678071933
 20
3.919328519070427
 30
0.0
 11
12.515425377580838
 21
6.46147450948666
 31
0.0
  0
LINE
  5
37E
330
17
100
AcDbEntity
  8
SLOTS
100
AcDbLine
 10
12.714126221627295
 20
6.61319126721377
 30
0.0
 11
14.65516552211839
 21
4.071045276797536
 31
0.0
  0
ARC
  5
37F
330
17
100
AcDbEntity
  8
SLOTS
100
AcDbCircle
 10
12.614775799604066
 20
6.537332888350215
 30
0.0
 40
0.125
100
AcDbArc
 50
37.3633120229773
 51
217.3633120229773
  0
ARC
  5
380
330
17
100
AcDbEntity
  8
SLOTS
100
AcDbCircle
 10
14.555815100095161
 20
3.9951868979339813
 30
0.0
 40
0.125
100
AcDbArc
 50
217.3633120229773
 51
397.3633120229773
  0
LINE
  5
381
330
17
100
AcDbEntity
  8
SLOTS
100
AcDbLine
 10
13.148971582884823
 20
4.39587430532191
 30
0.0
 11
11.963030898496742
 21
5.94908054639383
 31
0.0
  0
LINE
  5
382
330
17
100
AcDbEntity
  8
SLOTS
100
AcDbLine
 10
12.161731742543198
 20
6.10079730412094
 30
0.0
 11
13.347672426931279
 21
4.54759106304902
 31
0.0
  0
ARC
  5
383
330
17
100
AcDbEntity
  8
SLOTS
100
AcDbCircle
 10
12.06238132051997
 20
6.024938925257385
 30
0.0
 40
0.125
100
AcDbArc
 50
37.3633120229773
 51
217.3633120229773
  0
ARC
  5
384
330
17
100
AcDbEntity
  8
SLOTS
100
AcDbCircle
 10
13.24832200490805
 20
4.471732684185465
 30
0.0
 40
0.125
100
AcDbArc
 50
217.3633120229773
 51
397.3633120229773
  0
LINE
  5
385
330
17
100
AcDbEntity
  8
SLOTS
100
AcDbLine
 10
11.84147848769771
 20
4.872420091573395
 30
0.0
 11
11.410636419412645
 21
5.436686583301001
 31
0.0
  0
LINE
  5
386
330
17
100
AcDbEntity
  8
SLOTS
100
AcDbLine
 10
11.609337263459102
 20
5.588403341028109
 30
0.0
 11
12.040179331744167
 21
5.024136849300503
 31
0.0
  0
ARC
  5
387
330
17
100
AcDbEntity
  8
SLOTS
100
AcDbCircle
 10
11.509986841435873
 20
5.512544962164555
 30
0.0
 40
0.125
100
AcDbArc
 50
37.363312022977254
 51
217.36331202297725
  0
ARC
  5
388
330
17
100
AcDbEntity
  8
SLOTS
100
AcDbCircle
 10
11.940828909720938
 20
4.948278470436949
 30
0.0
 40
0.125
100
AcDbArc
 50
217.36331202297725
 51
397.36331202297725
  0
LINE
  5
389
330
17
100
AcDbEntity
  8
SLOTS
100
AcDbLine
 10
22.507539360744545
 20
8.634181214705798
 30
0.0
 11
23.23870598266536
 21
8.54636794670998
 31
0.0
  0
LINE
  5
38A
330
17
100
AcDbEntity
  8
SLOTS
100
AcDbLine
 10
23.208895155944624
 20
8.298151680904882
 30
0.0
 11
22.47772853402381
 21
8.3859649489007
 31
0.0
  0
ARC
  5
38B
330
17
100
AcDbEntity
  8
SLOTS
100
AcDbCircle
 10
23.22380056930499
 20
8.42225981380743
 30
0.0
 40
0.125
100
AcDbArc
 50
-96.84843369403454
 51
83.15156630596546
  0
ARC
  5
38C
330
17
100
AcDbEntity
  8
SLOTS
100
AcDbCircle
 10
22.492633947384178
 20
8.510073081803249
 30
0.0
 40
0.125
100
AcDbArc
 50
83.15156630596546
 51
263.15156630596545
  0
LINE
  5
38D
330
17
100
AcDbEntity
  8
SLOTS
100
AcDbLine
 10
21.498131883553675
 20
9.510800926501814
 30
0.0
 11
23.971624048108264
 21
9.213733987421667
 31
0.0
  0
LINE
  5
38E
330
17
100
AcDbEntity
  8
SLOTS
100
AcDbLine
 10
23.94181322138753
 20
8.96551772161657
 30
0.0
 11
21.46832105683294
 21
9.262584660696715
 31
0.0
  0
ARC
  5
38F
330
17
100
AcDbEntity
  8
SLOTS
100
AcDbCircle
 10
23.956718634747897
 20
9.089625854519118
 30
0.0
 40
0.125
100
AcDbArc
 50
-96.84843369403448
 51
83.15156630596552
  0
ARC
  5
390
330
17
100
AcDbEntity
  8
SLOTS
100
AcDbCircle
 10
21.48322647019331
 20
9.386692793599265
 30
0.0
 40
0.125
100
AcDbArc
 50
83.15156630596552
 51
263.1515663059655
  0
LINE
  5
391
330
17
100
AcDbEntity
  8
SLOTS
100
AcDbLine
 10
20.488724406362802
 20
10.387420638297831
 30
0.0
 11
24.70454211355117
 21
9.881100028133357
 31
0.0
  0
LINE
  5
392
330
17
100
AcDbEntity
  8
SLOTS
100
AcDbLine
 10
24.674731286830436
 20
9.632883762328259
 30
0.0
 11
20.45891357964207
 21
10.139204372492733
 31
0.0
  0
ARC
  5
393
330
17
100
AcDbEntity
  8
SLOTS
100
AcDbCircle
 10
24.689636700190803
 20
9.756991895230808
 30
0.0
 40
0.125
100
AcDbArc
 50
-96.84843369403447
 51
83.15156630596553
  0
ARC
  5
394
330
17
100
AcDbEntity
  8
SLOTS
100
AcDbCircle
 10
20.473818993002435
 20
10.263312505395282
 30
0.0
 40
0.125
100
AcDbArc
 50
83.15156630596553
 51
263.15156630596556
  0
LINE
  5
395
330
17
100
AcDbEntity
  8
SLOTS
100
AcDbLine
 10
19.479316929171933
 20
11.26404035009385
 30
0.0
 11
24.8343358364293
 21
10.62090143164827
 31
0.0
  0
LINE
  5
396
330
17
100
AcDbEntity
  8
SLOTS
100
AcDbLine
 10
24.804525009708566
 20
10.372685165843173
 30
0.0
 11
19.4495061024512
 21
11.015824084288752
 31
0.0
  0
ARC
  5
397
330
17
100
AcDbEntity
  8
SLOTS
100
AcDbCircle
 10
24.819430423068933
 20
10.496793298745722
 30
0.0
 40
0.125
100
AcDbArc
 50
-96.84843369403447
 51
83.15156630596553
  0
ARC
  5
398
330
17
100
AcDbEntity
  8
SLOTS
100
AcDbCircle
 10
19.464411515811566
 20
11.139932217191301
 30
0.0
 40
0.125
100
AcDbArc
 50
83.15156630596553
 51
263.1515663059655
  0
LINE
  5
399
330
17
100
AcDbEntity
  8
SLOTS
100
AcDbLine
 10
18.57590142410146
 20
12.127930403322082
 30
0.0
 11
24.202546951385955
 21
11.452169069596414
 31
0.0
  0
LINE
  5
39A
330
17
100
AcDbEntity
  8
SLOTS
100
AcDbLine
 10
24.17273612466522
 20
11.203952803791315
 30
0.0
 11
18.546090597380726
 21
11.879714137516984
 31
0.0
  0
ARC
  5
39B
330
17
100
AcDbEntity
  8
SLOTS
100
AcDbCircle
 10
24.187641538025588
 20
11.328060936693864
 30
0.0
 40
0.125
100
AcDbArc
 50
-96.84843369403448
 51
83.15156630596552
  0
ARC
  5
39C
330
17
100
AcDbEntity
  8
SLOTS
100
AcDbCircle
 10
18.560996010741093
 20
12.003822270419533
 30
0.0
 40
0.125
100
AcDbArc
 50
83.15156630596552
 51
263.1515663059655
  0
LINE
  5
39D
330
17
100
AcDbEntity
  8
SLOTS
100
AcDbLine
 10
20.771576712287807
 20
12.619618988085161
 30
0.0
 11
23.570758066342613
 21
12.283436707544556
 31
0.0
  0
LINE
  5
39E
330
17
100
AcDbEntity
  8
SLOTS
100
AcDbLine
 10
23.54094723962188
 20
12.035220441739458
 30
0.0
 11
20.741765885567073
 21
12.371402722280063
 31
0.0
  0
ARC
  5
39F
330
17
100
AcDbEntity
  8
SLOTS
100
AcDbCircle
 10
23.555852652982246
 20
12.159328574642007
 30
0.0
 40
0.125
100
AcDbArc
 50
-96.84843369403447
 51
83.15156630596553
  0
ARC
  5
3A0
330
17
100
AcDbEntity
  8
SLOTS
100
AcDbCircle
 10
20.75667129892744
 20
12.495510855182612
 30
0.0
 40
0.125
100
AcDbArc
 50
83.15156630596553
 51
263.1515663059655
  0
LINE
  5
3A1
330
17
100
AcDbEntity
  8
SLOTS
100
AcDbLine
 10
9.374225545230145
 20
12.652273107947526
 30
0.0
 11
9.40860649938334
 21
12.643881977218383
 31
0.0
  0
LINE
  5
3A2
330
17
100
AcDbEntity
  8
SLOTS
100
AcDbLine
 10
9.349330569487945
 20
12.401010891794373
 30
0.0
 11
9.314949615334749
 21
12.409402022523516
 31
0.0
  0
ARC
  5
3A3
330
17
100
AcDbEntity
  8
SLOTS
100
AcDbCircle
 10
9.378968534435643
 20
12.522446434506378
 30
0.0
 40
0.125
100
AcDbArc
 50
-103.71566235663998
 51
76.28433764336002
  0
ARC
  5
3A4
330
17
100
AcDbEntity
  8
SLOTS
100
AcDbCircle
 10
9.344587580282447
 20
12.53083756523552
 30
0.0
 40
0.125
100
AcDbArc
 50
76.28433764336002
 51
256.28433764336
  0
LINE
  5
3A5
330
17
100
AcDbEntity
  8
SLOTS
100
AcDbLine
 10
9.101019642484836
 20
13.490967156613394
 30
0.0
 11
10.70946864155819
 21
13.09840371110101
 31
0.0
  0
LINE
  5
3A6
330
17
100
AcDbEntity
  8
SLOTS
100
AcDbLine
 10
10.650192711662802
 20
12.855532625677
 30
0.0
 11
9.041743712589447
 21
13.248096071189384
 31
0.0
  0
ARC
  5
3A7
330
17
100
AcDbEntity
  8
SLOTS
100
AcDbCircle
 10
10.679830676610496
 20
12.976968168389005
 30
0.0
 40
0.125
100
AcDbArc
 50
-103.71566235663877
 51
76.28433764336123
  0
ARC
  5
3A8
330
17
100
AcDbEntity
  8
SLOTS
100
AcDbCircle
 10
9.071381677537142
 20
13.369531613901389
 30
0.0
 40
0.125
100
AcDbArc
 50
76.28433764336123
 51
256.28433764336125
  0
LINE
  5
3A9
330
17
100
AcDbEntity
  8
SLOTS
100
AcDbLine
 10
8.82781373973953
 20
14.329661205279265
 30
0.0
 11
12.010330783733048
 21
13.55292544498364
 31
0.0
  0
LINE
  5
3AA
330
17
100
AcDbEntity
  8
SLOTS
100
AcDbLine
 10
11.95105485383766
 20
13.31005435955963
 30
0.0
 11
8.768537809844142
 21
14.086790119855255
 31
0.0
  0
ARC
  5
3AB
330
17
100
AcDbEntity
  8
SLOTS
100
AcDbCircle
 10
11.980692818785354
 20
13.431489902271634
 30
0.0
 40
0.125
100
AcDbArc
 50
-103.71566235663877
 51
76.28433764336123
  0
ARC
  5
3AC
330
17
100
AcDbEntity
  8
SLOTS
100
AcDbCircle
 10
8.798175774791837
 20
14.20822566256726
 30
0.0
 40
0.125
100
AcDbArc
 50
76.28433764336123
 51
256.28433764336125
  0
LINE
  5
3AD
330
17
100
AcDbEntity
  8
SLOTS
100
AcDbLine
 10
8.554607836994226
 20
15.168355253945135
 30
0.0
 11
13.311192925907903
 21
14.007447178866267
 31
0.0
  0
LINE
  5
3AE
330
17
100
AcDbEntity
  8
SLOTS
100
AcDbLine
 10
13.251916996012515
 20
13.764576093442257
 30
0.0
 11
8.495331907098837
 21
14.925484168521125
 31
0.0
  0
ARC
  5
3AF
330
17
100
AcDbEntity
  8
SLOTS
100
AcDbCircle
 10
13.281554960960209
 20
13.886011636154262
 30
0.0
 40
0.125
100
AcDbArc
 50
-103.71566235663877
 51
76.28433764336123
  0
ARC
  5
3B0
330
17
100
AcDbEntity
  8
SLOTS
100
AcDbCircle
 10
8.524969872046531
 20
15.04691971123313
 30
0.0
 40
0.125
100
AcDbArc
 50
76.28433764336123
 51
256.2843376433612
  0
LINE
  5
3B1
330
17
100
AcDbEntity
  8
SLOTS
100
AcDbLine
 10
8.28140193424892
 20
16.007049302611005
 30
0.0
 11
14.485115962729706
 21
14.492950095612859
 31
0.0
  0
LINE
  5
3B2
330
17
100
AcDbEntity
  8
SLOTS
100
AcDbLine
 10
14.425840032834317
 20
14.250079010188848
 30
0.0
 11
8.222126004353532
 21
15.764178217186993
 31
0.0
  0
ARC
  5
3B3
330
17
100
AcDbEntity
  8
SLOTS
100
AcDbCircle
 10
14.455477997782012
 20
14.371514552900853
 30
0.0
 40
0.125
100
AcDbArc
 50
-103.71566235663877
 51
76.28433764336123
  0
ARC
  5
3B4
330
17
100
AcDbEntity
  8
SLOTS
100
AcDbCircle
 10
8.251763969301226
 20
15.885613759898998
 30
0.0
 40
0.125
100
AcDbArc
 50
76.28433764336123
 51
256.28433764336125
  0
LINE
  5
3B5
330
17
100
AcDbEntity
  8
SLOTS
100
AcDbLine
 10
8.008196031503616
 20
16.845743351276873
 30
0.0
 11
14.007349724327431
 21
15.381569824376097
 31
0.0
  0
LINE
  5
3B6
330
17
100
AcDbEntity
  8
SLOTS
100
AcDbLine
 10
13.948073794432043
 20
15.138698738952087
 30
0.0
 11
7.948920101608226
 21
16.60287226585286
 31
0.0
  0
ARC
  5
3B7
330
17
100
AcDbEntity
  8
SLOTS
100
AcDbCircle
 10
13.977711759379737
 20
15.260134281664092
 30
0.0
 40
0.125
100
AcDbArc
 50
-103.71566235663876
 51
76.28433764336124
  0
ARC
  5
3B8
330
17
100
AcDbEntity
  8
SLOTS
100
AcDbCircle
 10
7.978558066555921
 20
16.724307808564866
 30
0.0
 40
0.125
100
AcDbArc
 50
76.28433764336124
 51
256.28433764336125
  0
LINE
  5
3B9
330
17
100
AcDbEntity
  8
SLOTS
100
AcDbLine
 10
7.734990128758311
 20
17.684437399942745
 30
0.0
 11
13.529583485925157
 21
16.27018955313934
 31
0.0
  0
LINE
  5
3BA
330
17
100
AcDbEntity
  8
SLOTS
100
AcDbLine
 10
13.470307556029768
 20
16.027318467715325
 30
0.0
 11
7.675714198862921
 21
17.44156631451873
 31
0.0
  0
ARC
  5
3BB
330
17
100
AcDbEntity
  8
SLOTS
100
AcDbCircle
 10
13.499945520977462
 20
16.148754010427332
 30
0.0
 40
0.125
100
AcDbArc
 50
-103.71566235663876
 51
76.28433764336124
  0
ARC
  5
3BC
330
17
100
AcDbEntity
  8
SLOTS
100
AcDbCircle
 10
7.705352163810616
 20
17.563001857230738
 30
0.0
 40
0.125
100
AcDbArc
 50
76.28433764336124
 51
256.28433764336125
  0
LINE
  5
3BD
330
17
100
AcDbEntity
  8
SLOTS
100
AcDbLine
 10
7.461784226013006
 20
18.523131448608613
 30
0.0
 11
13.051817247522884
 21
17.158809281902574
 31
0.0
  0
LINE
  5
3BE
330
17
100
AcDbEntity
  8
SLOTS
100
AcDbLine
 10
12.992541317627495
 20
16.91593819647856
 30
0.0
 11
7.402508296117616
 21
18.2802603631846
 31
0.0
  0
ARC
  5
3BF
330
17
100
AcDbEntity
  8
SLOTS
100
AcDbCircle
 10
13.02217928257519
 20
17.037373739190567
 30
0.0
 40
0.125
100
AcDbArc
 50
-103.71566235663877
 51
76.28433764336123
  0
ARC
  5
3C0
330
17
100
AcDbEntity
  8
SLOTS
100
AcDbCircle
 10
7.432146261065311
 20
18.401695905896606
 30
0.0
 40
0.125
100
AcDbArc
 50
76.28433764336123
 51
256.2843376433612
  0
LINE
  5
3C1
330
17
100
AcDbEntity
  8
SLOTS
100
AcDbLine
 10
8.48842947512354
 20
19.044579475100484
 30
0.0
 11
12.342850766117598
 21
18.10385651570256
 31
0.0
  0
LINE
  5
3C2
330
17
100
AcDbEntity
  8
SLOTS
100
AcDbLine
 10
12.28357483622221
 20
17.860985430278546
 30
0.0
 11
8.429153545228152
 21
18.80170838967647
 31
0.0
  0
ARC
  5
3C3
330
17
100
AcDbEntity
  8
SLOTS
100
AcDbCircle
 10
12.313212801169904
 20
17.982420972990553
 30
0.0
 40
0.125
100
AcDbArc
 50
-103.71566235663876
 51
76.28433764336124
  0
ARC
  5
3C4
330
17
100
AcDbEntity
  8
SLOTS
100
AcDbCircle
 10
8.458791510175846
 20
18.923143932388477
 30
0.0
 40
0.125
100
AcDbArc
 50
76.28433764336124
 51
256.28433764336125
  0
LINE
  5
3C5
330
17
100
AcDbEntity
  8
SLOTS
100
AcDbLine
 10
9.652534937051103
 20
19.532478502031033
 30
0.0
 11
10.755968960731156
 21
19.263170701484675
 31
0.0
  0
LINE
  5
3C6
330
17
100
AcDbEntity
  8
SLOTS
100
AcDbLine
 10
10.696693030835768
 20
19.02029961606067
 30
0.0
 11
9.593259007155714
 21
19.289607416607026
 31
0.0
  0
ARC
  5
3C7
330
17
100
AcDbEntity
  8
SLOTS
100
AcDbCircle
 10
10.726330995783462
 20
19.141735158772672
 30
0.0
 40
0.125
100
AcDbArc
 50
-103.7156623566388
 51
76.2843376433612
  0
ARC
  5
3C8
330
17
100
AcDbEntity
  8
SLOTS
100
AcDbCircle
 10
9.622896972103408
 20
19.41104295931903
 30
0.0
 40
0.125
100
AcDbArc
 50
76.2843376433612
 51
256.2843376433612
  0
LINE
  5
3C9
330
17
100
AcDbEntity
  8
SLOTS
100
AcDbLine
 10
17.14990574535351
 20
13.636924859176863
 30
0.0
 11
17.645055821769787
 21
14.430145994373516
 31
0.0
  0
LINE
  5
3CA
330
17
100
AcDbEntity
  8
SLOTS
100
AcDbLine
 10
17.857129039343462
 20
14.297764158807047
 30
0.0
 11
17.361978962927186
 21
13.504543023610394
 31
0.0
  0
ARC
  5
3CB
330
17
100
AcDbEntity
  8
SLOTS
100
AcDbCircle
 10
17.751092430556625
 20
14.363955076590281
 30
0.0
 40
0.125
100
AcDbArc
 50
-31.973524810553087
 51
148.0264751894469
  0
ARC
  5
3CC
330
17
100
AcDbEntity
  8
SLOTS
100
AcDbCircle
 10
17.25594235414035
 20
13.570733941393629
 30
0.0
 40
0.125
100
AcDbArc
 50
148.0264751894469
 51
328.0264751894469
  0
LINE
  5
3CD
330
17
100
AcDbEntity
  8
SLOTS
100
AcDbLine
 10
16.4492759759861
 20
13.930886567109303
 30
0.0
 11
17.53203140371334
 21
15.665440453757762
 31
0.0
  0
LINE
  5
3CE
330
17
100
AcDbEntity
  8
SLOTS
100
AcDbLine
 10
17.744104621287015
 20
15.533058618191292
 30
0.0
 11
16.661349193559776
 21
13.798504731542833
 31
0.0
  0
ARC
  5
3CF
330
17
100
AcDbEntity
  8
SLOTS
100
AcDbCircle
 10
17.638068012500177
 20
15.599249535974527
 30
0.0
 40
0.125
100
AcDbArc
 50
-31.9735248105532
 51
148.02647518944678
  0
ARC
  5
3D0
330
17
100
AcDbEntity
  8
SLOTS
100
AcDbCircle
 10
16.55531258477294
 20
13.864695649326068
 30
0.0
 40
0.125
100
AcDbArc
 50
148.02647518944678
 51
328.0264751894468
  0
LINE
  5
3D1
330
17
100
AcDbEntity
  8
SLOTS
100
AcDbLine
 10
15.748646206618695
 20
14.22484827504174
 30
0.0
 11
17.419006985656893
 21
16.900734913142003
 31
0.0
  0
LINE
  5
3D2
330
17
100
AcDbEntity
  8
SLOTS
100
AcDbLine
 10
17.631080203230567
 20
16.768353077575533
 30
0.0
 11
15.960719424192373
 21
14.09246643947527
 31
0.0
  0
ARC
  5
3D3
330
17
100
AcDbEntity
  8
SLOTS
100
AcDbCircle
 10
17.52504359444373
 20
16.834543995358768
 30
0.0
 40
0.125
100
AcDbArc
 50
-31.973524810553187
 51
148.0264751894468
  0
ARC
  5
3D4
330
17
100
AcDbEntity
  8
SLOTS
100
AcDbCircle
 10
15.854682815405534
 20
14.158657357258505
 30
0.0
 40
0.125
100
AcDbArc
 50
148.0264751894468
 51
328.02647518944684
  0
LINE
  5
3D5
330
17
100
AcDbEntity
  8
SLOTS
100
AcDbLine
 10
15.106764136773334
 20
14.612922695714417
 30
0.0
 11
17.305982567600445
 21
18.136029372526252
 31
0.0
  0
LINE
  5
3D6
330
17
100
AcDbEntity
  8
SLOTS
100
AcDbLine
 10
17.51805578517412
 20
18.003647536959782
 30
0.0
 11
15.318837354347012
 21
14.480540860147947
 31
0.0
  0
ARC
  5
3D7
330
17
100
AcDbEntity
  8
SLOTS
100
AcDbCircle
 10
17.412019176387282
 20
18.069838454743017
 30
0.0
 40
0.125
100
AcDbArc
 50
-31.97352481055318
 51
148.0264751894468
  0
ARC
  5
3D8
330
17
100
AcDbEntity
  8
SLOTS
100
AcDbCircle
 10
15.212800745560173
 20
14.546731777931182
 30
0.0
 40
0.125
100
AcDbArc
 50
148.0264751894468
 51
328.02647518944684
  0
LINE
  5
3D9
330
17
100
AcDbEntity
  8
SLOTS
100
AcDbLine
 10
14.697640235705773
 20
15.37387133706882
 30
0.0
 11
17.192958149543998
 21
19.371323831910498
 31
0.0
  0
LINE
  5
3DA
330
17
100
AcDbEntity
  8
SLOTS
100
AcDbLine
 10
17.405031367117672
 20
19.23894199634403
 30
0.0
 11
14.909713453279451
 21
15.24148950150235
 31
0.0
  0
ARC
  5
3DB
330
17
100
AcDbEntity
  8
SLOTS
100
AcDbCircle
 10
17.298994758330835
 20
19.305132914127263
 30
0.0
 40
0.125
100
AcDbArc
 50
-31.973524810553165
 51
148.02647518944684
  0
ARC
  5
3DC
330
17
100
AcDbEntity
  8
SLOTS
100
AcDbCircle
 10
14.803676844492612
 20
15.307680419285585
 30
0.0
 40
0.125
100
AcDbArc
 50
148.02647518944684
 51
328.02647518944684
  0
LINE
  5
3DD
330
17
100
AcDbEntity
  8
SLOTS
100
AcDbLine
 10
14.288516334638212
 20
16.134819978423224
 30
0.0
 11
16.707971998626007
 21
20.01074257190558
 31
0.0
  0
LINE
  5
3DE
330
17
100
AcDbEntity
  8
SLOTS
100
AcDbLine
 10
16.920045216199682
 20
19.87836073633911
 30
0.0
 11
14.50058955221189
 21
16.002438142856754
 31
0.0
  0
ARC
  5
3DF
330
17
100
AcDbEntity
  8
SLOTS
100
AcDbCircle
 10
16.814008607412845
 20
19.944551654122346
 30
0.0
 40
0.125
100
AcDbArc
 50
-31.97352481055318
 51
148.0264751894468
  0
ARC
  5
3E0
330
17
100
AcDbEntity
  8
SLOTS
100
AcDbCircle
 10
14.394552943425051
 20
16.06862906063999
 30
0.0
 40
0.125
100
AcDbArc
 50
148.0264751894468
 51
328.02647518944684
  0
LINE
  5
3E1
330
17
100
AcDbEntity
  8
SLOTS
100
AcDbLine
 10
13.879392433570649
 20
16.89576861977763
 30
0.0
 11
16.086533716804418
 21
20.431567557540912
 31
0.0
  0
LINE
  5
3E2
330
17
100
AcDbEntity
  8
SLOTS
100
AcDbLine
 10
16.298606934378093
 20
20.299185721974442
 30
0.0
 11
14.091465651144327
 21
16.76338678421116
 31
0.0
  0
ARC
  5
3E3
330
17
100
AcDbEntity
  8
SLOTS
100
AcDbCircle
 10
16.192570325591255
 20
20.365376639757677
 30
0.0
 40
0.125
100
AcDbArc
 50
-31.973524810553187
 51
148.0264751894468
  0
ARC
  5
3E4
330
17
100
AcDbEntity
  8
SLOTS
100
AcDbCircle
 10
13.985429042357488
 20
16.829577701994396
 30
0.0
 40
0.125
100
AcDbArc
 50
148.0264751894468
 51
328.02647518944684
  0
LINE
  5
3E5
330
17
100
AcDbEntity
  8
SLOTS
100
AcDbLine
 10
13.470268532503088
 20
17.65671726113203
 30
0.0
 11
15.057764186926656
 21
20.199855523849294
 31
0.0
  0
LINE
  5
3E6
330
17
100
AcDbEntity
  8
SLOTS
100
AcDbLine
 10
15.269837404500334
 20
20.067473688282824
 30
0.0
 11
13.682341750076766
 21
17.52433542556556
 31
0.0
  0
ARC
  5
3E7
330
17
100
AcDbEntity
  8
SLOTS
100
AcDbCircle
 10
15.163800795713495
 20
20.13366460606606
 30
0.0
 40
0.125
100
AcDbArc
 50
-31.973524810553215
 51
148.02647518944678
  0
ARC
  5
3E8
330
17
100
AcDbEntity
  8
SLOTS
100
AcDbCircle
 10
13.576305141289927
 20
17.590526343348795
 30
0.0
 40
0.125
100
AcDbArc
 50
148.02647518944678
 51
328.0264751894468
  0
LINE
  5
3E9
330
17
100
AcDbEntity
  8
SLOTS
100
AcDbLine
 10
1.8815173518373045
 20
18.24474068831016
 30
0.0
 11
1.951484226149397
 21
15.464264867654343
 31
0.0
  0
LINE
  5
3EA
330
17
100
AcDbEntity
  8
SLOTS
100
AcDbLine
 10
1.7015633396358083
 20
15.457975950079604
 30
0.0
 11
1.6315964653237158
 21
18.238451770735416
 31
0.0
  0
ARC
  5
3EB
330
17
100
AcDbEntity
  8
SLOTS
100
AcDbCircle
 10
1.8265237828926026
 20
15.461120408866973
 30
0.0
 40
0.125
100
AcDbArc
 50
-178.55853420532608
 51
1.441465794673917
  0
ARC
  5
3EC
330
17
100
AcDbEntity
  8
SLOTS
100
AcDbCircle
 10
1.7565569085805102
 20
18.241596229522788
 30
0.0
 40
0.125
100
AcDbArc
 50
1.441465794673917
 51
181.44146579467392
  0
LINE
  5
3ED
330
17
100
AcDbEntity
  8
SLOTS
100
AcDbLine
 10
2.630661133653983
 20
18.288201573110268
 30
0.0
 11
2.709920086646852
 21
15.13845957685992
 31
0.0
  0
LINE
  5
3EE
330
17
100
AcDbEntity
  8
SLOTS
100
AcDbLine
 10
2.4599992001332627
 20
15.132170659285181
 30
0.0
 11
2.380740247140394
 21
18.281912655535525
 31
0.0
  0
ARC
  5
3EF
330
17
100
AcDbEntity
  8
SLOTS
100
AcDbCircle
 10
2.5849596433900572
 20
15.135315118072551
 30
0.0
 40
0.125
100
AcDbArc
 50
-178.55853420532608
 51
1.441465794673917
  0
ARC
  5
3F0
330
17
100
AcDbEntity
  8
SLOTS
100
AcDbCircle
 10
2.5057006903971883
 20
18.285057114322896
 30
0.0
 40
0.125
100
AcDbArc
 50
1.441465794673917
 51
181.44146579467392
  0
LINE
  5
3F1
330
17
100
AcDbEntity
  8
SLOTS
100
AcDbLine
 10
3.3798049154706615
 20
18.33166245791038
 30
0.0
 11
3.4683559471443064
 21
14.8126542860655
 31
0.0
  0
LINE
  5
3F2
330
17
100
AcDbEntity
  8
SLOTS
100
AcDbLine
 10
3.2184350606307173
 20
14.806365368490761
 30
0.0
 11
3.1298840289570724
 21
18.325373540335637
 31
0.0
  0
ARC
  5
3F3
330
17
100
AcDbEntity
  8
SLOTS
100
AcDbCircle
 10
3.343395503887512
 20
14.80950982727813
 30
0.0
 40
0.125
100
AcDbArc
 50
-178.55853420532608
 51
1.441465794673917
  0
ARC
  5
3F4
330
17
100
AcDbEntity
  8
SLOTS
100
AcDbCircle
 10
3.254844472213867
 20
18.328517999123008
 30
0.0
 40
0.125
100
AcDbArc
 50
1.441465794673917
 51
181.44146579467392
  0
LINE
  5
3F5
330
17
100
AcDbEntity
  8
SLOTS
100
AcDbLine
 10
4.12894869728734
 20
18.37512334271049
 30
0.0
 11
4.226791807641761
 21
14.486848995271078
 31
0.0
  0
LINE
  5
3F6
330
17
100
AcDbEntity
  8
SLOTS
100
AcDbLine
 10
3.976870921128172
 20
14.480560077696339
 30
0.0
 11
3.879027810773751
 21
18.36883442513575
 31
0.0
  0
ARC
  5
3F7
330
17
100
AcDbEntity
  8
SLOTS
100
AcDbCircle
 10
4.101831364384966
 20
14.483704536483708
 30
0.0
 40
0.125
100
AcDbArc
 50
-178.5585342053261
 51
1.4414657946739027
  0
ARC
  5
3F8
330
17
100
AcDbEntity
  8
SLOTS
100
AcDbCircle
 10
4.003988254030546
 20
18.37197888392312
 30
0.0
 40
0.125
100
AcDbArc
 50
1.4414657946739027
 51
181.4414657946739
  0
LINE
  5
3F9
330
17
100
AcDbEntity
  8
SLOTS
100
AcDbLine
 10
4.878092479104018
 20
18.418584227510603
 30
0.0
 11
4.985227668139216
 21
14.161043704476656
 31
0.0
  0
LINE
  5
3FA
330
17
100
AcDbEntity
  8
SLOTS
100
AcDbLine
 10
4.735306781625627
 20
14.154754786901917
 30
0.0
 11
4.628171592590429
 21
18.41229530993586
 31
0.0
  0
ARC
  5
3FB
330
17
100
AcDbEntity
  8
SLOTS
100
AcDbCircle
 10
4.8602672248824215
 20
14.157899245689286
 30
0.0
 40
0.125
100
AcDbArc
 50
-178.55853420532608
 51
1.441465794673917
  0
ARC
  5
3FC
330
17
100
AcDbEntity
  8
SLOTS
100
AcDbCircle
 10
4.753132035847224
 20
18.415439768723232
 30
0.0
 40
0.125
100
AcDbArc
 50
1.441465794673917
 51
181.44146579467392
  0
LINE
  5
3FD
330
17
100
AcDbEntity
  8
SLOTS
100
AcDbLine
 10
5.627711399710858
 20
18.443163149517808
 30
0.0
 11
5.743663528636671
 21
13.835238413682236
 31
0.0
  0
LINE
  5
3FE
330
17
100
AcDbEntity
  8
SLOTS
100
AcDbLine
 10
5.493742642123082
 20
13.828949496107496
 30
0.0
 11
5.377790513197269
 21
18.436874231943065
 31
0.0
  0
ARC
  5
3FF
330
17
100
AcDbEntity
  8
SLOTS
100
AcDbCircle
 10
5.6187030853798765
 20
13.832093954894866
 30
0.0
 40
0.125
100
AcDbArc
 50
-178.55853420532608
 51
1.441465794673917
  0
ARC
  5
400
330
17
100
AcDbEntity
  8
SLOTS
100
AcDbCircle
 10
5.502750956454063
 20
18.440018690730437
 30
0.0
 40
0.125
100
AcDbArc
 50
1.441465794673917
 51
181.44146579467392
  0
LINE
  5
401
330
17
100
AcDbEntity
  8
SLOTS
100
AcDbLine
 10
6.379553860833437
 20
18.379378818184765
 30
0.0
 11
6.502099389134126
 21
13.509433122887813
 31
0.0
  0
LINE
  5
402
330
17
100
AcDbEntity
  8
SLOTS
100
AcDbLine
 10
6.252178502620537
 20
13.503144205313074
 30
0.0
 11
6.129632974319848
 21
18.373089900610022
 31
0.0
  0
ARC
  5
403
330
17
100
AcDbEntity
  8
SLOTS
100
AcDbCircle
 10
6.3771389458773315
 20
13.506288664100444
 30
0.0
 40
0.125
100
AcDbArc
 50
-178.55853420532608
 51
1.441465794673917
  0
ARC
  5
404
330
17
100
AcDbEntity
  8
SLOTS
100
AcDbCircle
 10
6.2545934175766424
 20
18.376234359397394
 30
0.0
 40
0.125
100
AcDbArc
 50
1.441465794673917
 51
181.44146579467392
  0
LINE
  5
405
330
17
100
AcDbEntity
  8
SLOTS
100
AcDbLine
 10
7.159357649706032
 20
17.204414425047595
 30
0.0
 11
7.26053524963158
 21
13.183627832093393
 31
0.0
  0
LINE
  5
406
330
17
100
AcDbEntity
  8
SLOTS
100
AcDbLine
 10
7.010614363117991
 20
13.177338914518653
 30
0.0
 11
6.909436763192443
 21
17.198125507472852
 31
0.0
  0
ARC
  5
407
330
17
100
AcDbEntity
  8
SLOTS
100
AcDbCircle
 10
7.135574806374786
 20
13.180483373306023
 30
0.0
 40
0.125
100
AcDbArc
 50
-178.55853420532608
 51
1.441465794673917
  0
ARC
  5
408
330
17
100
AcDbEntity
  8
SLOTS
100
AcDbCircle
 10
7.0343972064492375
 20
17.201269966260224
 30
0.0
 40
0.125
100
AcDbArc
 50
1.441465794673917
 51
181.44146579467392
  0
LINE
  5
409
330
17
100
AcDbEntity
  8
SLOTS
100
AcDbLine
 10
7.9724009767830415
 20
14.708514472392915
 30
0.0
 11
8.018971110129035
 21
12.85782254129897
 31
0.0
  0
LINE
  5
40A
330
17
100
AcDbEntity
  8
SLOTS
100
AcDbLine
 10
7.769050223615446
 20
12.851533623724231
 30
0.0
 11
7.722480090269452
 21
14.702225554818176
 31
0.0
  0
ARC
  5
40B
330
17
100
AcDbEntity
  8
SLOTS
100
AcDbCircle
 10
7.894010666872241
 20
12.854678082511601
 30
0.0
 40
0.125
100
AcDbArc
 50
-178.5585342053261
 51
1.4414657946739027
  0
ARC
  5
40C
330
17
100
AcDbEntity
  8
SLOTS
100
AcDbCircle
 10
7.847440533526247
 20
14.705370013605545
 30
0.0
 40
0.125
100
AcDbArc
 50
1.4414657946739027
 51
181.4414657946739
  0
LINE
  5
40D
330
17
100
AcDbEntity
  8
SLOTS
100
AcDbLine
 10
18.063647211745835
 20
21.914953066078045
 30
0.0
 11
17.162914915595383
 21
22.137754815265023
 31
0.0
  0
LINE
  5
40E
330
17
100
AcDbEntity
  8
SLOTS
100
AcDbLine
 10
17.22294477093728
 20
22.38044065429901
 30
0.0
 11
18.12367706708773
 21
22.157638905112034
 31
0.0
  0
ARC
  5
40F
330
17
100
AcDbEntity
  8
SLOTS
100
AcDbCircle
 10
17.19292984326633
 20
22.259097734782017
 30
0.0
 40
0.125
100
AcDbArc
 50
76.10641118711197
 51
256.106411187112
  0
ARC
  5
410
330
17
100
AcDbEntity
  8
SLOTS
100
AcDbCircle
 10
18.093662139416782
 20
22.03629598559504
 30
0.0
 40
0.125
100
AcDbArc
 50
256.106411187112
 51
436.106411187112
  0
LINE
  5
411
330
17
100
AcDbEntity
  8
SLOTS
100
AcDbLine
 10
18.23956812028196
 20
21.098834138499008
 30
0.0
 11
16.397617239820764
 21
21.55445217266651
 31
0.0
  0
LINE
  5
412
330
17
100
AcDbEntity
  8
SLOTS
100
AcDbLine
 10
16.45764709516266
 20
21.7971380117005
 30
0.0
 11
18.299597975623854
 21
21.341519977532997
 31
0.0
  0
ARC
  5
413
330
17
100
AcDbEntity
  8
SLOTS
100
AcDbCircle
 10
16.427632167491712
 20
21.675795092183506
 30
0.0
 40
0.125
100
AcDbArc
 50
76.10641118711192
 51
256.1064111871119
  0
ARC
  5
414
330
17
100
AcDbEntity
  8
SLOTS
100
AcDbCircle
 10
18.269583047952906
 20
21.220177058016002
 30
0.0
 40
0.125
100
AcDbArc
 50
256.1064111871119
 51
436.1064111871119
  0
LINE
  5
415
330
17
100
AcDbEntity
  8
SLOTS
100
AcDbLine
 10
17.711394769716836
 20
20.456877315677083
 30
0.0
 11
16.883378744278602
 21
20.661692241944223
 31
0.0
  0
LINE
  5
416
330
17
100
AcDbEntity
  8
SLOTS
100
AcDbLine
 10
16.943408599620497
 20
20.904378080978212
 30
0.0
 11
17.77142462505873
 21
20.699563154711072
 31
0.0
  0
ARC
  5
417
330
17
100
AcDbEntity
  8
SLOTS
100
AcDbCircle
 10
16.91339367194955
 20
20.783035161461218
 30
0.0
 40
0.125
100
AcDbArc
 50
76.10641118711209
 51
256.1064111871121
  0
ARC
  5
418
330
17
100
AcDbEntity
  8
SLOTS
100
AcDbCircle
 10
17.741409697387784
 20
20.578220235194078
 30
0.0
 40
0.125
100
AcDbArc
 50
256.1064111871121
 51
436.1064111871121
  0
LINE
  5
419
330
17
100
AcDbEntity
  8
SLOTS
100
AcDbLine
 10
21.57989024735962
 20
21.25385168471446
 30
0.0
 11
18.98021378166092
 21
20.751912506463704
 31
0.0
  0
LINE
  5
41A
330
17
100
AcDbEntity
  8
SLOTS
100
AcDbLine
 10
18.932819710028888
 20
20.997379005143536
 30
0.0
 11
21.532496175727587
 21
21.49931818339429
 31
0.0
  0
ARC
  5
41B
330
17
100
AcDbEntity
  8
SLOTS
100
AcDbCircle
 10
18.956516745844905
 20
20.87464575580362
 30
0.0
 40
0.125
100
AcDbArc
 50
-259.0719421955598
 51
-79.07194219555979
  0
ARC
  5
41C
330
17
100
AcDbEntity
  8
SLOTS
100
AcDbCircle
 10
21.556193211543604
 20
21.376584934054375
 30
0.0
 40
0.125
100
AcDbArc
 50
-79.07194219555979
 51
100.92805780444021
  0
LINE
  5
41D
330
17
100
AcDbEntity
  8
SLOTS
100
AcDbLine
 10
22.476778032809356
 20
20.663168895697243
 30
0.0
 11
18.23306148005129
 21
19.84380247555772
 31
0.0
  0
LINE
  5
41E
330
17
100
AcDbEntity
  8
SLOTS
100
AcDbLine
 10
18.185667408419256
 20
20.08926897423755
 30
0.0
 11
22.429383961177322
 21
20.908635394377075
 31
0.0
  0
ARC
  5
41F
330
17
100
AcDbEntity
  8
SLOTS
100
AcDbCircle
 10
18.209364444235273
 20
19.966535724897636
 30
0.0
 40
0.125
100
AcDbArc
 50
-259.07194219555976
 51
-79.07194219555976
  0
ARC
  5
420
330
17
100
AcDbEntity
  8
SLOTS
100
AcDbCircle
 10
22.45308099699334
 20
20.78590214503716
 30
0.0
 40
0.125
100
AcDbArc
 50
-79.07194219555976
 51
100.92805780444024
  0
LINE
  5
421
330
17
100
AcDbEntity
  8
SLOTS
100
AcDbLine
 10
22.857794789679723
 20
19.97288298929791
 30
0.0
 11
18.08776500178496
 21
19.051897296055493
 31
0.0
  0
LINE
  5
422
330
17
100
AcDbEntity
  8
SLOTS
100
AcDbLine
 10
18.040370930152925
 20
19.297363794735325
 30
0.0
 11
22.81040071804769
 21
20.218349487977743
 31
0.0
  0
ARC
  5
423
330
17
100
AcDbEntity
  8
SLOTS
100
AcDbCircle
 10
18.064067965968942
 20
19.17463054539541
 30
0.0
 40
0.125
100
AcDbArc
 50
-259.0719421955598
 51
-79.07194219555979
  0
ARC
  5
424
330
17
100
AcDbEntity
  8
SLOTS
100
AcDbCircle
 10
22.834097753863706
 20
20.095616238637827
 30
0.0
 40
0.125
100
AcDbArc
 50
-79.07194219555979
 51
100.92805780444021
  0
LINE
  5
425
330
17
100
AcDbEntity
  8
SLOTS
100
AcDbLine
 10
22.19511561880739
 20
19.0810828240179
 30
0.0
 11
18.156441105189135
 21
18.30130541966194
 31
0.0
  0
LINE
  5
426
330
17
100
AcDbEntity
  8
SLOTS
100
AcDbLine
 10
18.1090470335571
 20
18.546771918341772
 30
0.0
 11
22.147721547175355
 21
19.326549322697733
 31
0.0
  0
ARC
  5
427
330
17
100
AcDbEntity
  8
SLOTS
100
AcDbCircle
 10
18.132744069373118
 20
18.424038669001856
 30
0.0
 40
0.125
100
AcDbArc
 50
-259.0719421955598
 51
-79.07194219555979
  0
ARC
  5
428
330
17
100
AcDbEntity
  8
SLOTS
100
AcDbCircle
 10
22.17141858299137
 20
19.203816073357817
 30
0.0
 40
0.125
100
AcDbArc
 50
-79.07194219555979
 51
100.92805780444021
  0
LINE
  5
429
330
17
100
AcDbEntity
  8
SLOTS
100
AcDbLine
 10
21.532436447935055
 20
18.189282658737888
 30
0.0
 11
18.22511720859331
 21
17.550713543268383
 31
0.0
  0
LINE
  5
42A
330
17
100
AcDbEntity
  8
SLOTS
100
AcDbLine
 10
18.177723136961276
 20
17.796180041948215
 30
0.0
 11
21.48504237630302
 21
18.43474915741772
 31
0.0
  0
ARC
  5
42B
330
17
100
AcDbEntity
  8
SLOTS
100
AcDbCircle
 10
18.201420172777294
 20
17.6734467926083
 30
0.0
 40
0.125
100
AcDbArc
 50
-259.0719421955598
 51
-79.07194219555979
  0
ARC
  5
42C
330
17
100
AcDbEntity
  8
SLOTS
100
AcDbCircle
 10
21.508739412119038
 20
18.312015908077804
 30
0.0
 40
0.125
100
AcDbArc
 50
-79.07194219555979
 51
100.92805780444021
  0
LINE
  5
42D
330
17
100
AcDbEntity
  8
SLOTS
100
AcDbLine
 10
20.86975727706272
 20
17.297482493457874
 30
0.0
 11
18.293793311997486
 21
16.800121666874826
 31
0.0
  0
LINE
  5
42E
330
17
100
AcDbEntity
  8
SLOTS
100
AcDbLine
 10
18.246399240365452
 20
17.04558816555466
 30
0.0
 11
20.822363205430687
 21
17.542948992137706
 31
0.0
  0
ARC
  5
42F
330
17
100
AcDbEntity
  8
SLOTS
100
AcDbCircle
 10
18.27009627618147
 20
16.922854916214742
 30
0.0
 40
0.125
100
AcDbArc
 50
-259.07194219555976
 51
-79.07194219555976
  0
ARC
  5
430
330
17
100
AcDbEntity
  8
SLOTS
100
AcDbCircle
 10
20.846060241246704
 20
17.42021574279779
 30
0.0
 40
0.125
100
AcDbArc
 50
-79.07194219555976
 51
100.92805780444024
  0
LINE
  5
431
330
17
100
AcDbEntity
  8
SLOTS
100
AcDbLine
 10
20.207078106190387
 20
16.40568232817786
 30
0.0
 11
18.362469415401662
 21
16.049529790481273
 31
0.0
  0
LINE
  5
432
330
17
100
AcDbEntity
  8
SLOTS
100
AcDbLine
 10
18.315075343769628
 20
16.294996289161105
 30
0.0
 11
20.159684034558353
 21
16.651148826857693
 31
0.0
  0
ARC
  5
433
330
17
100
AcDbEntity
  8
SLOTS
100
AcDbCircle
 10
18.338772379585645
 20
16.17226303982119
 30
0.0
 40
0.125
100
AcDbArc
 50
-259.0719421955598
 51
-79.07194219555981
  0
ARC
  5
434
330
17
100
AcDbEntity
  8
SLOTS
100
AcDbCircle
 10
20.18338107037437
 20
16.528415577517777
 30
0.0
 40
0.125
100
AcDbArc
 50
-79.07194219555981
 51
100.92805780444019
  0
LINE
  5
435
330
17
100
AcDbEntity
  8
SLOTS
100
AcDbLine
 10
19.544398935318053
 20
15.513882162897849
 30
0.0
 11
18.431145518805838
 21
15.298937914087716
 31
0.0
  0
LINE
  5
436
330
17
100
AcDbEntity
  8
SLOTS
100
AcDbLine
 10
18.383751447173804
 20
15.544404412767552
 30
0.0
 11
19.49700486368602
 21
15.759348661577684
 31
0.0
  0
ARC
  5
437
330
17
100
AcDbEntity
  8
SLOTS
100
AcDbCircle
 10
18.40744848298982
 20
15.421671163427634
 30
0.0
 40
0.125
100
AcDbArc
 50
-259.07194219555976
 51
-79.07194219555976
  0
ARC
  5
438
330
17
100
AcDbEntity
  8
SLOTS
100
AcDbCircle
 10
19.520701899502036
 20
15.636615412237767
 30
0.0
 40
0.125
100
AcDbArc
 50
-79.07194219555976
 51
100.92805780444024
  0
LINE
  5
439
330
17
100
AcDbEntity
  8
SLOTS
100
AcDbLine
 10
18.88171976444572
 20
14.622081997617835
 30
0.0
 11
18.499821622210018
 21
14.548346037694161
 31
0.0
  0
LINE
  5
43A
330
17
100
AcDbEntity
  8
SLOTS
100
AcDbLine
 10
18.452427550577983
 20
14.793812536373997
 30
0.0
 11
18.834325692813685
 21
14.86754849629767
 31
0.0
  0
ARC
  5
43B
330
17
100
AcDbEntity
  8
SLOTS
100
AcDbCircle
 10
18.476124586394
 20
14.671079287034079
 30
0.0
 40
0.125
100
AcDbArc
 50
-259.0719421955598
 51
-79.07194219555979
  0
ARC
  5
43C
330
17
100
AcDbEntity
  8
SLOTS
100
AcDbCircle
 10
18.858022728629702
 20
14.744815246957753
 30
0.0
 40
0.125
100
AcDbArc
 50
-79.07194219555979
 51
100.92805780444021
  0
LINE
  5
43D
330
17
100
AcDbEntity
  8
SLOTS
100
AcDbLine
 10
13.15067754607878
 20
22.31149606763436
 30
0.0
 11
10.818742579631643
 21
22.458004191152703
 31
0.0
  0
LINE
  5
43E
330
17
100
AcDbEntity
  8
SLOTS
100
AcDbLine
 10
10.834418384215073
 20
22.707512245432845
 30
0.0
 11
13.166353350662211
 21
22.5610041219145
 31
0.0
  0
ARC
  5
43F
330
17
100
AcDbEntity
  8
SLOTS
100
AcDbCircle
 10
10.826580481923358
 20
22.582758218292774
 30
0.0
 40
0.125
100
AcDbArc
 50
86.40501186606889
 51
266.4050118660689
  0
ARC
  5
440
330
17
100
AcDbEntity
  8
SLOTS
100
AcDbCircle
 10
13.158515448370496
 20
22.43625009477443
 30
0.0
 40
0.125
100
AcDbArc
 50
266.4050118660689
 51
446.4050118660689
  0
LINE
  5
441
330
17
100
AcDbEntity
  8
SLOTS
100
AcDbLine
 10
15.095371182743975
 20
21.43783834924159
 30
0.0
 11
10.728388605653395
 21
21.712202099523026
 31
0.0
  0
LINE
  5
442
330
17
100
AcDbEntity
  8
SLOTS
100
AcDbLine
 10
10.744064410236826
 20
21.961710153803168
 30
0.0
 11
15.111046987327406
 21
21.687346403521733
 31
0.0
  0
ARC
  5
443
330
17
100
AcDbEntity
  8
SLOTS
100
AcDbCircle
 10
10.73622650794511
 20
21.836956126663097
 30
0.0
 40
0.125
100
AcDbArc
 50
86.40501186606889
 51
266.4050118660689
  0
ARC
  5
444
330
17
100
AcDbEntity
  8
SLOTS
100
AcDbCircle
 10
15.10320908503569
 20
21.562592376381662
 30
0.0
 40
0.125
100
AcDbArc
 50
266.4050118660689
 51
446.4050118660689
  0
LINE
  5
445
330
17
100
AcDbEntity
  8
SLOTS
100
AcDbLine
 10
14.757982513642231
 20
20.707556668835736
 30
0.0
 11
10.638034631675147
 21
20.96640000789335
 31
0.0
  0
LINE
  5
446
330
17
100
AcDbEntity
  8
SLOTS
100
AcDbLine
 10
10.653710436258578
 20
21.21590806217349
 30
0.0
 11
14.773658318225662
 21
20.957064723115877
 31
0.0
  0
ARC
  5
447
330
17
100
AcDbEntity
  8
SLOTS
100
AcDbCircle
 10
10.645872533966863
 20
21.09115403503342
 30
0.0
 40
0.125
100
AcDbArc
 50
86.40501186606886
 51
266.4050118660689
  0
ARC
  5
448
330
17
100
AcDbEntity
  8
SLOTS
100
AcDbCircle
 10
14.765820415933947
 20
20.832310695975806
 30
0.0
 40
0.125
100
AcDbArc
 50
266.4050118660689
 51
446.4050118660689
  0
LINE
  5
449
330
17
100
AcDbEntity
  8
SLOTS
100
AcDbLine
 10
14.174877498340296
 20
19.99271257194638
 30
0.0
 11
10.5476806576969
 21
20.220597916263667
 31
0.0
  0
LINE
  5
44A
330
17
100
AcDbEntity
  8
SLOTS
100
AcDbLine
 10
10.56335646228033
 20
20.47010597054381
 30
0.0
 11
14.190553302923727
 21
20.242220626226523
 31
0.0
  0
ARC
  5
44B
330
17
100
AcDbEntity
  8
SLOTS
100
AcDbCircle
 10
10.555518559988615
 20
20.345351943403738
 30
0.0
 40
0.125
100
AcDbArc
 50
86.40501186606895
 51
266.40501186606895
  0
ARC
  5
44C
330
17
100
AcDbEntity
  8
SLOTS
100
AcDbCircle
 10
14.182715400632011
 20
20.117466599086452
 30
0.0
 40
0.125
100
AcDbArc
 50
266.40501186606895
 51
446.40501186606895
  0
LINE
  5
44D
330
17
100
AcDbEntity
  8
SLOTS
100
AcDbLine
 10
13.59177248303836
 20
19.277868475057023
 30
0.0
 11
11.44845307687206
 21
19.412526477452477
 31
0.0
  0
LINE
  5
44E
330
17
100
AcDbEntity
  8
SLOTS
100
AcDbLine
 10
11.46412888145549
 20
19.66203453173262
 30
0.0
 11
13.607448287621791
 21
19.527376529337165
 31
0.0
  0
ARC
  5
44F
330
17
100
AcDbEntity
  8
SLOTS
100
AcDbCircle
 10
11.456290979163775
 20
19.537280504592548
 30
0.0
 40
0.125
100
AcDbArc
 50
86.40501186606883
 51
266.40501186606883
  0
ARC
  5
450
330
17
100
AcDbEntity
  8
SLOTS
100
AcDbCircle
 10
13.599610385330076
 20
19.402622502197094
 30
0.0
 40
0.125
100
AcDbArc
 50
266.40501186606883
 51
446.40501186606883
  0
LINE
  5
451
330
17
100
AcDbEntity
  8
SLOTS
100
AcDbLine
 10
13.008667467736426
 20
18.563024378167672
 30
0.0
 11
12.573868908281348
 21
18.590341401142503
 31
0.0
  0
LINE
  5
452
330
17
100
AcDbEntity
  8
SLOTS
100
AcDbLine
 10
12.589544712864782
 20
18.839849455422645
 30
0.0
 11
13.02434327231986
 21
18.812532432447814
 31
0.0
  0
ARC
  5
453
330
17
100
AcDbEntity
  8
SLOTS
100
AcDbCircle
 10
12.581706810573065
 20
18.715095428282574
 30
0.0
 40
0.125
100
AcDbArc
 50
86.4050118660686
 51
266.4050118660686
  0
ARC
  5
454
330
17
100
AcDbEntity
  8
SLOTS
100
AcDbCircle
 10
13.016505370028144
 20
18.687778405307743
 30
0.0
 40
0.125
100
AcDbArc
 50
266.4050118660686
 51
446.4050118660686
  0
LINE
  5
455
330
17
100
AcDbEntity
  8
SLOTS
100
AcDbLine
 10
25.086770401923047
 20
11.570648427655529
 30
0.0
 11
27.344512933930414
 21
10.417268883720764
 31
0.0
  0
LINE
  5
456
330
17
100
AcDbEntity
  8
SLOTS
100
AcDbLine
 10
27.230780342037168
 20
10.194637130502036
 30
0.0
 11
24.9730378100298
 21
11.348016674436801
 31
0.0
  0
ARC
  5
457
330
17
100
AcDbEntity
  8
SLOTS
100
AcDbCircle
 10
27.28764663798379
 20
10.3059530071114
 30
0.0
 40
0.125
100
AcDbArc
 50
-117.06045404595474
 51
62.93954595404525
  0
ARC
  5
458
330
17
100
AcDbEntity
  8
SLOTS
100
AcDbCircle
 10
25.029904105976424
 20
11.459332551046165
 30
0.0
 40
0.125
100
AcDbArc
 50
62.93954595404525
 51
242.93954595404526
  0
LINE
  5
459
330
17
100
AcDbEntity
  8
SLOTS
100
AcDbLine
 10
24.15093366318524
 20
12.890923427227534
 30
0.0
 11
28.032211176665985
 21
10.90815257319108
 31
0.0
  0
LINE
  5
45A
330
17
100
AcDbEntity
  8
SLOTS
100
AcDbLine
 10
27.91847858477274
 20
10.685520819972352
 30
0.0
 11
24.037201071291992
 21
12.668291674008806
 31
0.0
  0
ARC
  5
45B
330
17
100
AcDbEntity
  8
SLOTS
100
AcDbCircle
 10
27.975344880719362
 20
10.796836696581716
 30
0.0
 40
0.125
100
AcDbArc
 50
-117.06045404595471
 51
62.93954595404529
  0
ARC
  5
45C
330
17
100
AcDbEntity
  8
SLOTS
100
AcDbCircle
 10
24.094067367238615
 20
12.77960755061817
 30
0.0
 40
0.125
100
AcDbArc
 50
62.93954595404529
 51
242.9395459540453
  0
LINE
  5
45D
330
17
100
AcDbEntity
  8
SLOTS
100
AcDbLine
 10
25.170197027230678
 20
13.212425345756483
 30
0.0
 11
27.083437870304802
 21
12.235036285782396
 31
0.0
  0
LINE
  5
45E
330
17
100
AcDbEntity
  8
SLOTS
100
AcDbLine
 10
26.969705278411556
 20
12.012404532563668
 30
0.0
 11
25.056464435337432
 21
12.989793592537755
 31
0.0
  0
ARC
  5
45F
330
17
100
AcDbEntity
  8
SLOTS
100
AcDbCircle
 10
27.02657157435818
 20
12.123720409173032
 30
0.0
 40
0.125
100
AcDbArc
 50
-117.0604540459547
 51
62.9395459540453
  0
ARC
  5
460
330
17
100
AcDbEntity
  8
SLOTS
100
AcDbCircle
 10
25.113330731284055
 20
13.101109469147119
 30
0.0
 40
0.125
100
AcDbArc
 50
62.9395459540453
 51
242.9395459540453
  0
LINE
  5
461
330
17
100
AcDbEntity
  8
SLOTS
100
AcDbLine
 10
24.66287215216111
 20
6.810686123957147
 30
0.0
 11
22.81797715684626
 21
6.800936588992582
 31
0.0
  0
LINE
  5
462
330
17
100
AcDbEntity
  8
SLOTS
100
AcDbLine
 10
22.81665602490454
 20
7.050933098188996
 30
0.0
 11
24.661551020219388
 21
7.0606826331535615
 31
0.0
  0
ARC
  5
463
330
17
100
AcDbEntity
  8
SLOTS
100
AcDbCircle
 10
22.8173165908754
 20
6.925934843590789
 30
0.0
 40
0.125
100
AcDbArc
 50
-269.69721745296425
 51
-89.69721745296425
  0
ARC
  5
464
330
17
100
AcDbEntity
  8
SLOTS
100
AcDbCircle
 10
24.66221158619025
 20
6.935684378555354
 30
0.0
 40
0.125
100
AcDbArc
 50
-89.69721745296425
 51
90.30278254703575
  0
LINE
  5
465
330
17
100
AcDbEntity
  8
SLOTS
100
AcDbLine
 10
26.159592891204962
 20
6.0685852241479585
 30
0.0
 11
22.779544540906585
 21
6.050723015373562
 31
0.0
  0
LINE
  5
466
330
17
100
AcDbEntity
  8
SLOTS
100
AcDbLine
 10
22.778223408964863
 20
6.300719524569976
 30
0.0
 11
26.15827175926324
 21
6.318581733344373
 31
0.0
  0
ARC
  5
467
330
17
100
AcDbEntity
  8
SLOTS
100
AcDbCircle
 10
22.778883974935724
 20
6.175721269971769
 30
0.0
 40
0.125
100
AcDbArc
 50
-269.6972174529643
 51
-89.69721745296428
  0
ARC
  5
468
330
17
100
AcDbEntity
  8
SLOTS
100
AcDbCircle
 10
26.1589323252341
 20
6.193583478746166
 30
0.0
 40
0.125
100
AcDbArc
 50
-89.69721745296428
 51
90.30278254703572
  0
LINE
  5
469
330
17
100
AcDbEntity
  8
SLOTS
100
AcDbLine
 10
26.595329899829608
 20
5.320877448065148
 30
0.0
 11
22.741111924966905
 21
5.300509441754541
 31
0.0
  0
LINE
  5
46A
330
17
100
AcDbEntity
  8
SLOTS
100
AcDbLine
 10
22.739790793025183
 20
5.550505950950956
 30
0.0
 11
26.594008767887885
 21
5.570873957261562
 31
0.0
  0
ARC
  5
46B
330
17
100
AcDbEntity
  8
SLOTS
100
AcDbCircle
 10
22.740451358996044
 20
5.425507696352748
 30
0.0
 40
0.125
100
AcDbArc
 50
-269.69721745296425
 51
-89.69721745296425
  0
ARC
  5
46C
330
17
100
AcDbEntity
  8
SLOTS
100
AcDbCircle
 10
26.594669333858747
 20
5.445875702663355
 30
0.0
 40
0.125
100
AcDbArc
 50
-89.69721745296425
 51
90.30278254703575
  0
LINE
  5
46D
330
17
100
AcDbEntity
  8
SLOTS
100
AcDbLine
 10
26.572464856289393
 20
4.5707461428634675
 30
0.0
 11
22.70267930902723
 21
4.550295868135521
 31
0.0
  0
LINE
  5
46E
330
17
100
AcDbEntity
  8
SLOTS
100
AcDbLine
 10
22.701358177085506
 20
4.800292377331935
 30
0.0
 11
26.57114372434767
 21
4.820742652059882
 31
0.0
  0
ARC
  5
46F
330
17
100
AcDbEntity
  8
SLOTS
100
AcDbCircle
 10
22.702018743056367
 20
4.675294122733728
 30
0.0
 40
0.125
100
AcDbArc
 50
-269.69721745296425
 51
-89.69721745296425
  0
ARC
  5
470
330
17
100
AcDbEntity
  8
SLOTS
100
AcDbCircle
 10
26.571804290318532
 20
4.695744397461675
 30
0.0
 40
0.125
100
AcDbArc
 50
-89.69721745296425
 51
90.30278254703575
  0
LINE
  5
471
330
17
100
AcDbEntity
  8
SLOTS
100
AcDbLine
 10
26.266168334821227
 20
3.8191170152322536
 30
0.0
 11
22.664246693087552
 21
3.8000822945165016
 31
0.0
  0
LINE
  5
472
330
17
100
AcDbEntity
  8
SLOTS
100
AcDbLine
 10
22.66292556114583
 20
4.050078803712915
 30
0.0
 11
26.264847202879505
 21
4.069113524428667
 31
0.0
  0
ARC
  5
473
330
17
100
AcDbEntity
  8
SLOTS
100
AcDbCircle
 10
22.66358612711669
 20
3.9250805491147083
 30
0.0
 40
0.125
100
AcDbArc
 50
-269.69721745296425
 51
-89.69721745296425
  0
ARC
  5
474
330
17
100
AcDbEntity
  8
SLOTS
100
AcDbCircle
 10
26.265507768850366
 20
3.9441152698304602
 30
0.0
 40
0.125
100
AcDbArc
 50
-89.69721745296425
 51
90.30278254703575
  0
LINE
  5
475
330
17
100
AcDbEntity
  8
SLOTS
100
AcDbLine
 10
25.95987181335306
 20
3.067487887601039
 30
0.0
 11
22.625814077147876
 21
3.0498687208974813
 31
0.0
  0
LINE
  5
476
330
17
100
AcDbEntity
  8
SLOTS
100
AcDbLine
 10
22.624492945206153
 20
3.2998652300938947
 30
0.0
 11
25.95855068141134
 21
3.3174843967974526
 31
0.0
  0
ARC
  5
477
330
17
100
AcDbEntity
  8
SLOTS
100
AcDbCircle
 10
22.625153511177015
 20
3.174866975495688
 30
0.0
 40
0.125
100
AcDbArc
 50
-269.69721745296425
 51
-89.69721745296425
  0
ARC
  5
478
330
17
100
AcDbEntity
  8
SLOTS
100
AcDbCircle
 10
25.9592112473822
 20
3.192486142199246
 30
0.0
 40
0.125
100
AcDbArc
 50
-89.69721745296425
 51
90.30278254703575
  0
LINE
  5
479
330
17
100
AcDbEntity
  8
SLOTS
100
AcDbLine
 10
25.61325543206394
 20
2.3156456855758405
 30
0.0
 11
23.55188948174252
 21
2.304752187865423
 31
0.0
  0
LINE
  5
47A
330
17
100
AcDbEntity
  8
SLOTS
100
AcDbLine
 10
23.5505683498008
 20
2.5547486970618363
 30
0.0
 11
25.61193430012222
 21
2.565642194772254
 31
0.0
  0
ARC
  5
47B
330
17
100
AcDbEntity
  8
SLOTS
100
AcDbCircle
 10
23.55122891577166
 20
2.4297504424636296
 30
0.0
 40
0.125
100
AcDbArc
 50
-269.69721745296425
 51
-89.69721745296425
  0
ARC
  5
47C
330
17
100
AcDbEntity
  8
SLOTS
100
AcDbCircle
 10
25.61259486609308
 20
2.440643940174047
 30
0.0
 40
0.125
100
AcDbArc
 50
-89.69721745296425
 51
90.30278254703575
  0
LINE
  5
47D
330
17
100
AcDbEntity
  8
SLOTS
100
AcDbLine
 10
15.506545667387664
 20
23.881923294535245
 30
0.0
 11
16.288614392745156
 21
22.491071214011054
 31
0.0
  0
LINE
  5
47E
330
17
100
AcDbEntity
  8
SLOTS
100
AcDbLine
 10
16.070701392902837
 20
22.368539893526364
 30
0.0
 11
15.288632667545345
 21
23.759391974050555
 31
0.0
  0
ARC
  5
47F
330
17
100
AcDbEntity
  8
SLOTS
100
AcDbCircle
 10
16.179657892823997
 20
22.42980555376871
 30
0.0
 40
0.125
100
AcDbArc
 50
-150.65118367494756
 51
29.348816325052425
  0
ARC
  5
480
330
17
100
AcDbEntity
  8
SLOTS
100
AcDbCircle
 10
15.397589167466505
 20
23.8206576342929
 30
0.0
 40
0.125
100
AcDbArc
 50
29.348816325052425
 51
209.34881632505244
  0
LINE
  5
481
330
17
100
AcDbEntity
  8
SLOTS
100
AcDbLine
 10
16.79677724136408
 20
23.117561722277664
 30
0.0
 11
16.89091718968565
 21
22.950140703205914
 31
0.0
  0
LINE
  5
482
330
17
100
AcDbEntity
  8
SLOTS
100
AcDbLine
 10
16.67300418984333
 20
22.827609382721224
 30
0.0
 11
16.57886424152176
 21
22.995030401792974
 31
0.0
  0
ARC
  5
483
330
17
100
AcDbEntity
  8
SLOTS
100
AcDbCircle
 10
16.78196068976449
 20
22.88887504296357
 30
0.0
 40
0.125
100
AcDbArc
 50
-150.65118367494784
 51
29.348816325052148
  0
ARC
  5
484
330
17
100
AcDbEntity
  8
SLOTS
100
AcDbCircle
 10
16.68782074144292
 20
23.05629606203532
 30
0.0
 40
0.125
100
AcDbArc
 50
29.348816325052148
 51
209.34881632505216
  0
LINE
  5
485
330
17
100
AcDbEntity
  8
SLOTS
100
AcDbLine
 10
20.615917754785603
 20
24.954566359179026
 30
0.0
 11
20.396693926975928
 21
25.24116739805113
 31
0.0
  0
LINE
  5
486
330
17
100
AcDbEntity
  8
SLOTS
100
AcDbLine
 10
20.595263883524886
 20
25.393055423767915
 30
0.0
 11
20.81448771133456
 21
25.106454384895812
 31
0.0
  0
ARC
  5
487
330
17
100
AcDbEntity
  8
SLOTS
100
AcDbCircle
 10
20.495978905250407
 20
25.317111410909522
 30
0.0
 40
0.125
100
AcDbArc
 50
37.41271375273763
 51
217.41271375273763
  0
ARC
  5
488
330
17
100
AcDbEntity
  8
SLOTS
100
AcDbCircle
 10
20.71520273306008
 20
25.03051037203742
 30
0.0
 40
0.125
100
AcDbArc
 50
217.41271375273763
 51
397.41271375273766
  0
LINE
  5
489
330
17
100
AcDbEntity
  8
SLOTS
100
AcDbLine
 10
21.618775917816563
 20
22.40902335120842
 30
0.0
 11
18.739661353556052
 21
26.173017591219807
 31
0.0
  0
LINE
  5
48A
330
17
100
AcDbEntity
  8
SLOTS
100
AcDbLine
 10
18.93823131010501
 20
26.324905616936594
 30
0.0
 11
21.81734587436552
 21
22.560911376925205
 31
0.0
  0
ARC
  5
48B
330
17
100
AcDbEntity
  8
SLOTS
100
AcDbCircle
 10
18.83894633183053
 20
26.2489616040782
 30
0.0
 40
0.125
100
AcDbArc
 50
37.41271375273769
 51
217.4127137527377
  0
ARC
  5
48C
330
17
100
AcDbEntity
  8
SLOTS
100
AcDbCircle
 10
21.718060896091043
 20
22.48496736406681
 30
0.0
 40
0.125
100
AcDbArc
 50
217.4127137527377
 51
397.41271375273766
  0
LINE
  5
48D
330
17
100
AcDbEntity
  8
SLOTS
100
AcDbLine
 10
20.941093822678067
 20
22.060525202229655
 30
0.0
 11
18.38807353732058
 21
25.39820191992775
 31
0.0
  0
LINE
  5
48E
330
17
100
AcDbEntity
  8
SLOTS
100
AcDbLine
 10
18.586643493869538
 20
25.550089945644537
 30
0.0
 11
21.139663779227025
 21
22.212413227946442
 31
0.0
  0
ARC
  5
48F
330
17
100
AcDbEntity
  8
SLOTS
100
AcDbCircle
 10
18.48735851559506
 20
25.474145932786143
 30
0.0
 40
0.125
100
AcDbArc
 50
37.4127137527377
 51
217.41271375273772
  0
ARC
  5
490
330
17
100
AcDbEntity
  8
SLOTS
100
AcDbCircle
 10
21.040378800952546
 20
22.13646921508805
 30
0.0
 40
0.125
100
AcDbArc
 50
217.41271375273772
 51
397.4127137527377
  0
LINE
  5
491
330
17
100
AcDbEntity
  8
SLOTS
100
AcDbLine
 10
19.9829891013682
 20
22.078635997118674
 30
0.0
 11
18.124482216593393
 21
24.508344524924553
 31
0.0
  0
LINE
  5
492
330
17
100
AcDbEntity
  8
SLOTS
100
AcDbLine
 10
18.32305217314235
 20
24.66023255064134
 30
0.0
 11
20.18155905791716
 21
22.23052402283546
 31
0.0
  0
ARC
  5
493
330
17
100
AcDbEntity
  8
SLOTS
100
AcDbCircle
 10
18.22376719486787
 20
24.584288537782946
 30
0.0
 40
0.125
100
AcDbArc
 50
37.41271375273776
 51
217.41271375273777
  0
ARC
  5
494
330
17
100
AcDbEntity
  8
SLOTS
100
AcDbCircle
 10
20.08227407964268
 20
22.154580009977067
 30
0.0
 40
0.125
100
AcDbArc
 50
217.41271375273777
 51
397.4127137527378
  0
LINE
  5
495
330
17
100
AcDbEntity
  8
SLOTS
100
AcDbLine
 10
18.853160053488935
 20
22.321249624962192
 30
0.0
 11
17.860890895866206
 21
23.61848712992136
 31
0.0
  0
LINE
  5
496
330
17
100
AcDbEntity
  8
SLOTS
100
AcDbLine
 10
18.059460852415164
 20
23.770375155638146
 30
0.0
 11
19.051730010037893
 21
22.47313765067898
 31
0.0
  0
ARC
  5
497
330
17
100
AcDbEntity
  8
SLOTS
100
AcDbCircle
 10
17.960175874140685
 20
23.694431142779752
 30
0.0
 40
0.125
100
AcDbArc
 50
37.41271375273769
 51
217.4127137527377
  0
ARC
  5
498
330
17
100
AcDbEntity
  8
SLOTS
100
AcDbCircle
 10
18.952445031763414
 20
22.397193637820585
 30
0.0
 40
0.125
100
AcDbArc
 50
217.4127137527377
 51
397.41271375273766
  0
LINE
  5
499
330
17
100
AcDbEntity
  8
SLOTS
100
AcDbLine
 10
1.2089225095376945
 20
19.309335413965606
 30
0.0
 11
1.4791500429365674
 21
19.0645342431989
 31
0.0
  0
LINE
  5
49A
330
17
100
AcDbEntity
  8
SLOTS
100
AcDbLine
 10
1.3113050238611783
 20
18.879255940174552
 30
0.0
 11
1.0410774904623055
 21
19.12405711094126
 31
0.0
  0
ARC
  5
49B
330
17
100
AcDbEntity
  8
SLOTS
100
AcDbCircle
 10
1.3952275333988728
 20
18.971895091686726
 30
0.0
 40
0.125
100
AcDbArc
 50
-132.17366931074895
 51
47.82633068925104
  0
ARC
  5
49C
330
17
100
AcDbEntity
  8
SLOTS
100
AcDbCircle
 10
1.125
 20
19.216696262453432
 30
0.0
 40
0.125
100
AcDbArc
 50
47.82633068925104
 51
227.82633068925105
  0
LINE
  5
49D
330
17
100
AcDbEntity
  8
SLOTS
100
AcDbLine
 10
1.2089225095376945
 20
20.32132654805625
 30
0.0
 11
2.5290186990974464
 21
19.125441403917776
 31
0.0
  0
LINE
  5
49E
330
17
100
AcDbEntity
  8
SLOTS
100
AcDbLine
 10
2.3611736800220573
 20
18.94016310089343
 30
0.0
 11
1.0410774904623055
 21
20.1360482450319
 31
0.0
  0
ARC
  5
49F
330
17
100
AcDbEntity
  8
SLOTS
100
AcDbCircle
 10
2.445096189559752
 20
19.032802252405602
 30
0.0
 40
0.125
100
AcDbArc
 50
-132.17366931074895
 51
47.826330689251066
  0
ARC
  5
4A0
330
17
100
AcDbEntity
  8
SLOTS
100
AcDbCircle
 10
1.125
 20
20.228687396544075
 30
0.0
 40
0.125
100
AcDbArc
 50
47.826330689251066
 51
227.82633068925105
  0
LINE
  5
4A1
330
17
100
AcDbEntity
  8
SLOTS
100
AcDbLine
 10
1.2089225095376943
 20
21.333317682146888
 30
0.0
 11
3.5788873552583236
 21
19.186348564636653
 31
0.0
  0
LINE
  5
4A2
330
17
100
AcDbEntity
  8
SLOTS
100
AcDbLine
 10
3.4110423361829345
 20
19.001070261612306
 30
0.0
 11
1.0410774904623057
 21
21.14803937912254
 31
0.0
  0
ARC
  5
4A3
330
17
100
AcDbEntity
  8
SLOTS
100
AcDbCircle
 10
3.494964845720629
 20
19.09370941312448
 30
0.0
 40
0.125
100
AcDbArc
 50
-132.1736693107489
 51
47.8263306892511
  0
ARC
  5
4A4
330
17
100
AcDbEntity
  8
SLOTS
100
AcDbCircle
 10
1.125
 20
21.240678530634714
 30
0.0
 40
0.125
100
AcDbArc
 50
47.8263306892511
 51
227.8263306892511
  0
LINE
  5
4A5
330
17
100
AcDbEntity
  8
SLOTS
100
AcDbLine
 10
1.2089225095376943
 20
22.345308816237527
 30
0.0
 11
4.628756011419197
 21
19.24725572535553
 31
0.0
  0
LINE
  5
4A6
330
17
100
AcDbEntity
  8
SLOTS
100
AcDbLine
 10
4.460910992343809
 20
19.061977422331182
 30
0.0
 11
1.0410774904623057
 21
22.16003051321318
 31
0.0
  0
ARC
  5
4A7
330
17
100
AcDbEntity
  8
SLOTS
100
AcDbCircle
 10
4.544833501881503
 20
19.154616573843356
 30
0.0
 40
0.125
100
AcDbArc
 50
-132.17366931074892
 51
47.82633068925109
  0
ARC
  5
4A8
330
17
100
AcDbEntity
  8
SLOTS
100
AcDbCircle
 10
1.125
 20
22.252669664725353
 30
0.0
 40
0.125
100
AcDbArc
 50
47.82633068925109
 51
227.82633068925108
  0
LINE
  5
4A9
330
17
100
AcDbEntity
  8
SLOTS
100
AcDbLine
 10
1.2089225095376943
 20
23.35729995032817
 30
0.0
 11
5.272731548191857
 21
19.675864539501855
 31
0.0
  0
LINE
  5
4AA
330
17
100
AcDbEntity
  8
SLOTS
100
AcDbLine
 10
5.1048865291164685
 20
19.490586236477508
 30
0.0
 11
1.0410774904623057
 21
23.172021647303822
 31
0.0
  0
ARC
  5
4AB
330
17
100
AcDbEntity
  8
SLOTS
100
AcDbCircle
 10
5.1888090386541625
 20
19.583225387989682
 30
0.0
 40
0.125
100
AcDbArc
 50
-132.1736693107489
 51
47.826330689251094
  0
ARC
  5
4AC
330
17
100
AcDbEntity
  8
SLOTS
100
AcDbCircle
 10
1.125
 20
23.264660798815996
 30
0.0
 40
0.125
100
AcDbArc
 50
47.826330689251094
 51
227.8263306892511
  0
LINE
  5
4AD
330
17
100
AcDbEntity
  8
SLOTS
100
AcDbLine
 10
1.2089225095376943
 20
24.369291084418812
 30
0.0
 11
5.48999193459392
 21
20.491037842768623
 31
0.0
  0
LINE
  5
4AE
330
17
100
AcDbEntity
  8
SLOTS
100
AcDbLine
 10
5.322146915518532
 20
20.305759539744276
 30
0.0
 11
1.0410774904623057
 21
24.184012781394465
 31
0.0
  0
ARC
  5
4AF
330
17
100
AcDbEntity
  8
SLOTS
100
AcDbCircle
 10
5.406069425056226
 20
20.39839869125645
 30
0.0
 40
0.125
100
AcDbArc
 50
-132.17366931074892
 51
47.82633068925109
  0
ARC
  5
4B0
330
17
100
AcDbEntity
  8
SLOTS
100
AcDbCircle
 10
1.125
 20
24.27665193290664
 30
0.0
 40
0.125
100
AcDbArc
 50
47.82633068925109
 51
227.82633068925108
  0
LINE
  5
4B1
330
17
100
AcDbEntity
  8
SLOTS
100
AcDbLine
 10
1.2089225095376945
 20
25.38128221850945
 30
0.0
 11
5.707252320995983
 21
21.306211146035388
 31
0.0
  0
LINE
  5
4B2
330
17
100
AcDbEntity
  8
SLOTS
100
AcDbLine
 10
5.539407301920595
 20
21.12093284301104
 30
0.0
 11
1.0410774904623055
 21
25.196003915485104
 31
0.0
  0
ARC
  5
4B3
330
17
100
AcDbEntity
  8
SLOTS
100
AcDbCircle
 10
5.623329811458289
 20
21.213571994523214
 30
0.0
 40
0.125
100
AcDbArc
 50
-132.17366931074892
 51
47.82633068925107
  0
ARC
  5
4B4
330
17
100
AcDbEntity
  8
SLOTS
100
AcDbCircle
 10
1.125
 20
25.288643066997277
 30
0.0
 40
0.125
100
AcDbArc
 50
47.82633068925107
 51
227.82633068925108
  0
LINE
  5
4B5
330
17
100
AcDbEntity
  8
SLOTS
100
AcDbLine
 10
1.4321481921550254
 20
26.191051514719277
 30
0.0
 11
5.924512707398047
 21
22.121384449302155
 31
0.0
  0
LINE
  5
4B6
330
17
100
AcDbEntity
  8
SLOTS
100
AcDbLine
 10
5.756667688322659
 20
21.936106146277808
 30
0.0
 11
1.2643031730796368
 21
26.00577321169493
 31
0.0
  0
ARC
  5
4B7
330
17
100
AcDbEntity
  8
SLOTS
100
AcDbCircle
 10
5.840590197860353
 20
22.028745297789982
 30
0.0
 40
0.125
100
AcDbArc
 50
-132.17366931074892
 51
47.82633068925107
  0
ARC
  5
4B8
330
17
100
AcDbEntity
  8
SLOTS
100
AcDbCircle
 10
1.3482256826173311
 20
26.098412363207103
 30
0.0
 40
0.125
100
AcDbArc
 50
47.82633068925107
 51
227.82633068925108
  0
LINE
  5
4B9
330
17
100
AcDbEntity
  8
SLOTS
100
AcDbLine
 10
1.718181948307968
 20
26.943922501042874
 30
0.0
 11
6.14177309380011
 21
22.936557752568923
 31
0.0
  0
LINE
  5
4BA
330
17
100
AcDbEntity
  8
SLOTS
100
AcDbLine
 10
5.973928074724721
 20
22.751279449544576
 30
0.0
 11
1.5503369292325795
 21
26.758644198018526
 31
0.0
  0
ARC
  5
4BB
330
17
100
AcDbEntity
  8
SLOTS
100
AcDbCircle
 10
6.0578505842624155
 20
22.84391860105675
 30
0.0
 40
0.125
100
AcDbArc
 50
-132.1736693107489
 51
47.826330689251094
  0
ARC
  5
4BC
330
17
100
AcDbEntity
  8
SLOTS
100
AcDbCircle
 10
1.6342594387702738
 20
26.8512833495307
 30
0.0
 40
0.125
100
AcDbArc
 50
47.826330689251094
 51
227.8263306892511
  0
LINE
  5
4BD
330
17
100
AcDbEntity
  8
SLOTS
100
AcDbLine
 10
2.5016390927239005
 20
27.246173869587622
 30
0.0
 11
6.359033480202172
 21
23.751731055835688
 31
0.0
  0
LINE
  5
4BE
330
17
100
AcDbEntity
  8
SLOTS
100
AcDbLine
 10
6.191188461126784
 20
23.56645275281134
 30
0.0
 11
2.3337940736485114
 21
27.060895566563275
 31
0.0
  0
ARC
  5
4BF
330
17
100
AcDbEntity
  8
SLOTS
100
AcDbCircle
 10
6.275110970664478
 20
23.659091904323514
 30
0.0
 40
0.125
100
AcDbArc
 50
-132.17366931074892
 51
47.82633068925108
  0
ARC
  5
4C0
330
17
100
AcDbEntity
  8
SLOTS
100
AcDbCircle
 10
2.417716583186206
 20
27.15353471807545
 30
0.0
 40
0.125
100
AcDbArc
 50
47.82633068925108
 51
227.82633068925108
  0
LINE
  5
4C1
330
17
100
AcDbEntity
  8
SLOTS
100
AcDbLine
 10
3.292472469208114
 20
27.541743053591627
 30
0.0
 11
6.576293866604237
 21
24.56690435910246
 31
0.0
  0
LINE
  5
4C2
330
17
100
AcDbEntity
  8
SLOTS
100
AcDbLine
 10
6.408448847528849
 20
24.38162605607811
 30
0.0
 11
3.124627450132725
 21
27.35646475056728
 31
0.0
  0
ARC
  5
4C3
330
17
100
AcDbEntity
  8
SLOTS
100
AcDbCircle
 10
6.492371357066543
 20
24.474265207590285
 30
0.0
 40
0.125
100
AcDbArc
 50
-132.1736693107489
 51
47.8263306892511
  0
ARC
  5
4C4
330
17
100
AcDbEntity
  8
SLOTS
100
AcDbCircle
 10
3.2085499596704197
 20
27.449103902079454
 30
0.0
 40
0.125
100
AcDbArc
 50
47.8263306892511
 51
227.8263306892511
  0
LINE
  5
4C5
330
17
100
AcDbEntity
  8
SLOTS
100
AcDbLine
 10
4.083305845692324
 20
27.837312237595633
 30
0.0
 11
6.7935542530063
 21
25.382077662369223
 31
0.0
  0
LINE
  5
4C6
330
17
100
AcDbEntity
  8
SLOTS
100
AcDbLine
 10
6.625709233930912
 20
25.196799359344876
 30
0.0
 11
3.9154608266169357
 21
27.652033934571286
 31
0.0
  0
ARC
  5
4C7
330
17
100
AcDbEntity
  8
SLOTS
100
AcDbCircle
 10
6.709631743468606
 20
25.28943851085705
 30
0.0
 40
0.125
100
AcDbArc
 50
-132.17366931074895
 51
47.826330689251066
  0
ARC
  5
4C8
330
17
100
AcDbEntity
  8
SLOTS
100
AcDbCircle
 10
3.9993833361546303
 20
27.74467308608346
 30
0.0
 40
0.125
100
AcDbArc
 50
47.826330689251066
 51
227.82633068925105
  0
LINE
  5
4C9
330
17
100
AcDbEntity
  8
SLOTS
100
AcDbLine
 10
4.874139222176536
 20
28.132881421599635
 30
0.0
 11
7.0108146394083635
 21
26.19725096563599
 31
0.0
  0
LINE
  5
4CA
330
17
100
AcDbEntity
  8
SLOTS
100
AcDbLine
 10
6.842969620332975
 20
26.011972662611644
 30
0.0
 11
4.706294203101148
 21
27.947603118575287
 31
0.0
  0
ARC
  5
4CB
330
17
100
AcDbEntity
  8
SLOTS
100
AcDbCircle
 10
6.926892129870669
 20
26.104611814123817
 30
0.0
 40
0.125
100
AcDbArc
 50
-132.1736693107489
 51
47.82633068925111
  0
ARC
  5
4CC
330
17
100
AcDbEntity
  8
SLOTS
100
AcDbCircle
 10
4.790216712638842
 20
28.04024227008746
 30
0.0
 40
0.125
100
AcDbArc
 50
47.82633068925111
 51
227.8263306892511
  0
LINE
  5
4CD
330
17
100
AcDbEntity
  8
SLOTS
100
AcDbLine
 10
5.664972598660747
 20
28.42845060560364
 30
0.0
 11
7.228075025810426
 21
27.012424268902755
 31
0.0
  0
LINE
  5
4CE
330
17
100
AcDbEntity
  8
SLOTS
100
AcDbLine
 10
7.060230006735038
 20
26.827145965878408
 30
0.0
 11
5.497127579585359
 21
28.243172302579293
 31
0.0
  0
ARC
  5
4CF
330
17
100
AcDbEntity
  8
SLOTS
100
AcDbCircle
 10
7.144152516272732
 20
26.91978511739058
 30
0.0
 40
0.125
100
AcDbArc
 50
-132.17366931074895
 51
47.82633068925104
  0
ARC
  5
4D0
330
17
100
AcDbEntity
  8
SLOTS
100
AcDbCircle
 10
5.581050089123053
 20
28.335811454091466
 30
0.0
 40
0.125
100
AcDbArc
 50
47.82633068925104
 51
227.82633068925105
  0
LINE
  5
4D1
330
17
100
AcDbEntity
  8
SLOTS
100
AcDbLine
 10
6.455805975144961
 20
28.724019789607645
 30
0.0
 11
7.44533541221249
 21
27.827597572169527
 31
0.0
  0
LINE
  5
4D2
330
17
100
AcDbEntity
  8
SLOTS
100
AcDbLine
 10
7.277490393137102
 20
27.64231926914518
 30
0.0
 11
6.287960956069573
 21
28.538741486583298
 31
0.0
  0
ARC
  5
4D3
330
17
100
AcDbEntity
  8
SLOTS
100
AcDbCircle
 10
7.361412902674796
 20
27.734958420657353
 30
0.0
 40
0.125
100
AcDbArc
 50
-132.17366931074895
 51
47.826330689251066
  0
ARC
  5
4D4
330
17
100
AcDbEntity
  8
SLOTS
100
AcDbCircle
 10
6.371883465607267
 20
28.63138063809547
 30
0.0
 40
0.125
100
AcDbArc
 50
47.826330689251066
 51
227.82633068925105
  0
LINE
  5
4D5
330
17
100
AcDbEntity
  8
SLOTS
100
AcDbLine
 10
24.465095070931902
 20
8.572109893300961
 30
0.0
 11
26.21575211579384
 21
7.295144284828654
 31
0.0
  0
LINE
  5
4D6
330
17
100
AcDbEntity
  8
SLOTS
100
AcDbLine
 10
26.06842557089133
 20
7.09316683765425
 30
0.0
 11
24.31776852602939
 21
8.370132446126558
 31
0.0
  0
ARC
  5
4D7
330
17
100
AcDbEntity
  8
SLOTS
100
AcDbCircle
 10
26.142088843342584
 20
7.194155561241452
 30
0.0
 40
0.125
100
AcDbArc
 50
-126.10778804761478
 51
53.89221195238522
  0
ARC
  5
4D8
330
17
100
AcDbEntity
  8
SLOTS
100
AcDbCircle
 10
24.391431798480646
 20
8.47112116971376
 30
0.0
 40
0.125
100
AcDbArc
 50
53.89221195238522
 51
233.89221195238522
  0
LINE
  5
4D9
330
17
100
AcDbEntity
  8
SLOTS
100
AcDbLine
 10
25.031151304669812
 20
9.08753818650527
 30
0.0
 11
26.47501519234647
 21
8.034353878768048
 31
0.0
  0
LINE
  5
4DA
330
17
100
AcDbEntity
  8
SLOTS
100
AcDbLine
 10
26.327688647443956
 20
7.832376431593644
 30
0.0
 11
24.8838247597673
 21
8.885560739330867
 31
0.0
  0
ARC
  5
4DB
330
17
100
AcDbEntity
  8
SLOTS
100
AcDbCircle
 10
26.401351919895212
 20
7.933365155180846
 30
0.0
 40
0.125
100
AcDbArc
 50
-126.10778804761478
 51
53.89221195238523
  0
ARC
  5
4DC
330
17
100
AcDbEntity
  8
SLOTS
100
AcDbCircle
 10
24.957488032218556
 20
8.986549462918068
 30
0.0
 40
0.125
100
AcDbArc
 50
53.89221195238523
 51
233.89221195238522
  0
LINE
  5
4DD
330
17
100
AcDbEntity
  8
SLOTS
100
AcDbLine
 10
25.597207538407723
 20
9.602966479709579
 30
0.0
 11
26.7342782688991
 21
8.77356347270744
 31
0.0
  0
LINE
  5
4DE
330
17
100
AcDbEntity
  8
SLOTS
100
AcDbLine
 10
26.586951723996588
 20
8.571586025533037
 30
0.0
 11
25.44988099350521
 21
9.400989032535175
 31
0.0
  0
ARC
  5
4DF
330
17
100
AcDbEntity
  8
SLOTS
100
AcDbCircle
 10
26.660614996447844
 20
8.672574749120239
 30
0.0
 40
0.125
100
AcDbArc
 50
-126.10778804761472
 51
53.89221195238528
  0
ARC
  5
4E0
330
17
100
AcDbEntity
  8
SLOTS
100
AcDbCircle
 10
25.523544265956467
 20
9.501977756122377
 30
0.0
 40
0.125
100
AcDbArc
 50
53.89221195238528
 51
233.89221195238528
  0
LINE
  5
4E1
330
17
100
AcDbEntity
  8
SLOTS
100
AcDbLine
 10
26.71981779537454
 20
9.712432709124144
 30
0.0
 11
26.99354134545173
 21
9.512773066646835
 31
0.0
  0
LINE
  5
4E2
330
17
100
AcDbEntity
  8
SLOTS
100
AcDbLine
 10
26.84621480054922
 20
9.310795619472431
 30
0.0
 11
26.572491250472034
 21
9.51045526194974
 31
0.0
  0
ARC
  5
4E3
330
17
100
AcDbEntity
  8
SLOTS
100
AcDbCircle
 10
26.919878073000476
 20
9.411784343059633
 30
0.0
 40
0.125
100
AcDbArc
 50
-126.10778804761469
 51
53.89221195238532
  0
ARC
  5
4E4
330
17
100
AcDbEntity
  8
SLOTS
100
AcDbCircle
 10
26.646154522923286
 20
9.611443985536942
 30
0.0
 40
0.125
100
AcDbArc
 50
53.89221195238532
 51
233.8922119523853
  0
LINE
  5
4E5
330
17
100
AcDbEntity
  8
SLOTS
100
AcDbLine
 10
18.650836406016353
 20
3.990037364020357
 30
0.0
 11
17.555712619998573
 21
4.263805662153822
 31
0.0
  0
LINE
  5
4E6
330
17
100
AcDbEntity
  8
SLOTS
100
AcDbLine
 10
17.616343889806352
 20
4.506341946287756
 30
0.0
 11
18.71146767582413
 21
4.232573648154291
 31
0.0
  0
ARC
  5
4E7
330
17
100
AcDbEntity
  8
SLOTS
100
AcDbCircle
 10
17.586028254902462
 20
4.385073804220789
 30
0.0
 40
0.125
100
AcDbArc
 50
75.96437935738956
 51
255.96437935738956
  0
ARC
  5
4E8
330
17
100
AcDbEntity
  8
SLOTS
100
AcDbCircle
 10
18.681152040920242
 20
4.111305506087324
 30
0.0
 40
0.125
100
AcDbArc
 50
255.96437935738956
 51
435.9643793573896
  0
LINE
  5
4E9
330
17
100
AcDbEntity
  8
SLOTS
100
AcDbLine
 10
22.08415799420822
 20
2.3586664169333584
 30
0.0
 11
16.987525034583953
 21
3.6327657921656376
 31
0.0
  0
LINE
  5
4EA
330
17
100
AcDbEntity
  8
SLOTS
100
AcDbLine
 10
17.048156304391732
 20
3.875302076299571
 30
0.0
 11
22.144789264015998
 21
2.601202701067292
 31
0.0
  0
ARC
  5
4EB
330
17
100
AcDbEntity
  8
SLOTS
100
AcDbCircle
 10
17.017840669487843
 20
3.7540339342326043
 30
0.0
 40
0.125
100
AcDbArc
 50
75.96437935738956
 51
255.96437935738956
  0
ARC
  5
4EC
330
17
100
AcDbEntity
  8
SLOTS
100
AcDbCircle
 10
22.11447362911211
 20
2.4799345590003252
 30
0.0
 40
0.125
100
AcDbArc
 50
255.96437935738956
 51
435.9643793573896
  0
LINE
  5
4ED
330
17
100
AcDbEntity
  8
SLOTS
100
AcDbLine
 10
21.263659081776407
 20
1.7907014645747779
 30
0.0
 11
16.41933744916933
 21
3.001725922177452
 31
0.0
  0
LINE
  5
4EE
330
17
100
AcDbEntity
  8
SLOTS
100
AcDbLine
 10
16.47996871897711
 20
3.2442622063113857
 30
0.0
 11
21.324290351584185
 21
2.0332377487087117
 31
0.0
  0
ARC
  5
4EF
330
17
100
AcDbEntity
  8
SLOTS
100
AcDbCircle
 10
16.44965308407322
 20
3.122994064244419
 30
0.0
 40
0.125
100
AcDbArc
 50
75.96437935738956
 51
255.96437935738956
  0
ARC
  5
4F0
330
17
100
AcDbEntity
  8
SLOTS
100
AcDbCircle
 10
21.293974716680296
 20
1.9119696066417446
 30
0.0
 40
0.125
100
AcDbArc
 50
255.96437935738956
 51
435.9643793573896
  0
LINE
  5
4F1
330
17
100
AcDbEntity
  8
SLOTS
100
AcDbLine
 10
20.443160169344594
 20
1.2227365122161977
 30
0.0
 11
16.381626906088446
 21
2.238072918466114
 31
0.0
  0
LINE
  5
4F2
330
17
100
AcDbEntity
  8
SLOTS
100
AcDbLine
 10
16.442258175896225
 20
2.4806092026000477
 30
0.0
 11
20.503791439152373
 21
1.4652727963501313
 31
0.0
  0
ARC
  5
4F3
330
17
100
AcDbEntity
  8
SLOTS
100
AcDbCircle
 10
16.411942540992335
 20
2.359341060533081
 30
0.0
 40
0.125
100
AcDbArc
 50
75.96437935738956
 51
255.96437935738956
  0
ARC
  5
4F4
330
17
100
AcDbEntity
  8
SLOTS
100
AcDbCircle
 10
20.473475804248483
 20
1.3440046542831645
 30
0.0
 40
0.125
100
AcDbArc
 50
255.96437935738956
 51
435.9643793573896
  0
LINE
  5
4F5
330
17
100
AcDbEntity
  8
SLOTS
100
AcDbLine
 10
18.22675557534282
 20
1.0037318579330332
 30
0.0
 11
16.501552230523266
 21
1.435012768525677
 31
0.0
  0
LINE
  5
4F6
330
17
100
AcDbEntity
  8
SLOTS
100
AcDbLine
 10
16.562183500331045
 20
1.6775490526596106
 30
0.0
 11
18.2873868451506
 21
1.2462681420669668
 31
0.0
  0
ARC
  5
4F7
330
17
100
AcDbEntity
  8
SLOTS
100
AcDbCircle
 10
16.531867865427156
 20
1.5562809105926438
 30
0.0
 40
0.125
100
AcDbArc
 50
75.96437935738956
 51
255.96437935738956
  0
ARC
  5
4F8
330
17
100
AcDbEntity
  8
SLOTS
100
AcDbCircle
 10
18.25707121024671
 20
1.125
 30
0.0
 40
0.125
100
AcDbArc
 50
255.96437935738956
 51
435.9643793573896
  0
LINE
  5
4F9
330
17
100
AcDbEntity
  8
SLOTS
100
AcDbLine
 10
19.040115605117844
 20
10.446004722874743
 30
0.0
 11
18.587951071957175
 21
10.241142811302117
 31
0.0
  0
LINE
  5
4FA
330
17
100
AcDbEntity
  8
SLOTS
100
AcDbLine
 10
18.484778983043608
 20
10.468860882761566
 30
0.0
 11
18.936943516204277
 21
10.673722794334193
 31
0.0
  0
ARC
  5
4FB
330
17
100
AcDbEntity
  8
SLOTS
100
AcDbCircle
 10
18.53636502750039
 20
10.355001847031842
 30
0.0
 40
0.125
100
AcDbArc
 50
-245.62617464871184
 51
-65.62617464871184
  0
ARC
  5
4FC
330
17
100
AcDbEntity
  8
SLOTS
100
AcDbCircle
 10
18.98852956066106
 20
10.559863758604468
 30
0.0
 40
0.125
100
AcDbArc
 50
-65.62617464871184
 51
114.37382535128816
  0
LINE
  5
4FD
330
17
100
AcDbEntity
  8
SLOTS
100
AcDbLine
 10
19.663176224477706
 20
9.904907858707757
 30
0.0
 11
18.498378422955906
 21
9.37717362323521
 31
0.0
  0
LINE
  5
4FE
330
17
100
AcDbEntity
  8
SLOTS
100
AcDbLine
 10
18.39520633404234
 20
9.60489169469466
 30
0.0
 11
19.56000413556414
 21
10.132625930167206
 31
0.0
  0
ARC
  5
4FF
330
17
100
AcDbEntity
  8
SLOTS
100
AcDbCircle
 10
18.446792378499122
 20
9.491032658964935
 30
0.0
 40
0.125
100
AcDbArc
 50
-245.626174648712
 51
-65.62617464871201
  0
ARC
  5
500
330
17
100
AcDbEntity
  8
SLOTS
100
AcDbCircle
 10
19.611590180020922
 20
10.018766894437482
 30
0.0
 40
0.125
100
AcDbArc
 50
-65.62617464871201
 51
114.37382535128799
  0
LINE
  5
501
330
17
100
AcDbEntity
  8
SLOTS
100
AcDbLine
 10
20.286236843837568
 20
9.363810994540769
 30
0.0
 11
18.408805773954636
 21
8.513204435168301
 31
0.0
  0
LINE
  5
502
330
17
100
AcDbEntity
  8
SLOTS
100
AcDbLine
 10
18.30563368504107
 20
8.74092250662775
 30
0.0
 11
20.183064754924
 21
9.591529066000218
 31
0.0
  0
ARC
  5
503
330
17
100
AcDbEntity
  8
SLOTS
100
AcDbCircle
 10
18.357219729497853
 20
8.627063470898026
 30
0.0
 40
0.125
100
AcDbArc
 50
-245.62617464871207
 51
-65.62617464871207
  0
ARC
  5
504
330
17
100
AcDbEntity
  8
SLOTS
100
AcDbCircle
 10
20.234650799380784
 20
9.477670030270493
 30
0.0
 40
0.125
100
AcDbArc
 50
-65.62617464871207
 51
114.37382535128793
  0
LINE
  5
505
330
17
100
AcDbEntity
  8
SLOTS
100
AcDbLine
 10
20.90929746319743
 20
8.822714130373782
 30
0.0
 11
18.319233124953367
 21
7.6492352471013945
 31
0.0
  0
LINE
  5
506
330
17
100
AcDbEntity
  8
SLOTS
100
AcDbLine
 10
18.2160610360398
 20
7.876953318560844
 30
0.0
 11
20.806125374283862
 21
9.050432201833232
 31
0.0
  0
ARC
  5
507
330
17
100
AcDbEntity
  8
SLOTS
100
AcDbCircle
 10
18.267647080496584
 20
7.763094282831119
 30
0.0
 40
0.125
100
AcDbArc
 50
-245.62617464871207
 51
-65.62617464871207
  0
ARC
  5
508
330
17
100
AcDbEntity
  8
SLOTS
100
AcDbCircle
 10
20.857711418740646
 20
8.936573166103507
 30
0.0
 40
0.125
100
AcDbArc
 50
-65.62617464871207
 51
114.37382535128793
  0
LINE
  5
509
330
17
100
AcDbEntity
  8
SLOTS
100
AcDbLine
 10
21.53235808255729
 20
8.281617266206794
 30
0.0
 11
18.229660475952098
 21
6.785266059034485
 31
0.0
  0
LINE
  5
50A
330
17
100
AcDbEntity
  8
SLOTS
100
AcDbLine
 10
18.12648838703853
 20
7.012984130493934
 30
0.0
 11
21.429185993643724
 21
8.509335337666244
 31
0.0
  0
ARC
  5
50B
330
17
100
AcDbEntity
  8
SLOTS
100
AcDbCircle
 10
18.178074431495315
 20
6.8991250947642095
 30
0.0
 40
0.125
100
AcDbArc
 50
-245.62617464871207
 51
-65.62617464871207
  0
ARC
  5
50C
330
17
100
AcDbEntity
  8
SLOTS
100
AcDbCircle
 10
21.480772038100508
 20
8.395476301936519
 30
0.0
 40
0.125
100
AcDbArc
 50
-65.62617464871207
 51
114.37382535128793
  0
LINE
  5
50D
330
17
100
AcDbEntity
  8
SLOTS
100
AcDbLine
 10
22.155418701917153
 20
7.740520402039808
 30
0.0
 11
18.14008782695083
 21
5.921296870967578
 31
0.0
  0
LINE
  5
50E
330
17
100
AcDbEntity
  8
SLOTS
100
AcDbLine
 10
18.036915738037262
 20
6.149014942427027
 30
0.0
 11
22.052246613003586
 21
7.968238473499257
 31
0.0
  0
ARC
  5
50F
330
17
100
AcDbEntity
  8
SLOTS
100
AcDbCircle
 10
18.088501782494046
 20
6.035155906697303
 30
0.0
 40
0.125
100
AcDbArc
 50
-245.6261746487121
 51
-65.6261746487121
  0
ARC
  5
510
330
17
100
AcDbEntity
  8
SLOTS
100
AcDbCircle
 10
22.10383265746037
 20
7.854379437769532
 30
0.0
 40
0.125
100
AcDbArc
 50
-65.6261746487121
 51
114.3738253512879
  0
LINE
  5
511
330
17
100
AcDbEntity
  8
SLOTS
100
AcDbLine
 10
22.12253796755925
 20
6.902236585453432
 30
0.0
 11
18.086971230137873
 21
5.073844804417221
 31
0.0
  0
LINE
  5
512
330
17
100
AcDbEntity
  8
SLOTS
100
AcDbLine
 10
17.983799141224306
 20
5.30156287587667
 30
0.0
 11
22.019365878645683
 21
7.129954656912881
 31
0.0
  0
ARC
  5
513
330
17
100
AcDbEntity
  8
SLOTS
100
AcDbCircle
 10
18.03538518568109
 20
5.187703840146946
 30
0.0
 40
0.125
100
AcDbArc
 50
-245.62617464871207
 51
-65.62617464871207
  0
ARC
  5
514
330
17
100
AcDbEntity
  8
SLOTS
100
AcDbCircle
 10
22.070951923102466
 20
7.016095621183156
 30
0.0
 40
0.125
100
AcDbArc
 50
-65.62617464871207
 51
114.37382535128793
  0
LINE
  5
515
330
17
100
AcDbEntity
  8
SLOTS
100
AcDbLine
 10
22.079354480543287
 20
6.059284906951309
 30
0.0
 11
19.03975421657258
 21
4.682135053686661
 31
0.0
  0
LINE
  5
516
330
17
100
AcDbEntity
  8
SLOTS
100
AcDbLine
 10
18.936582127659012
 20
4.90985312514611
 30
0.0
 11
21.97618239162972
 21
6.287002978410758
 31
0.0
  0
ARC
  5
517
330
17
100
AcDbEntity
  8
SLOTS
100
AcDbCircle
 10
18.988168172115795
 20
4.795994089416386
 30
0.0
 40
0.125
100
AcDbArc
 50
-245.62617464871204
 51
-65.62617464871204
  0
ARC
  5
518
330
17
100
AcDbEntity
  8
SLOTS
100
AcDbCircle
 10
22.027768436086504
 20
6.173143942681033
 30
0.0
 40
0.125
100
AcDbArc
 50
-65.62617464871204
 51
114.37382535128796
  0
LINE
  5
519
330
17
100
AcDbEntity
  8
SLOTS
100
AcDbLine
 10
22.03617099352732
 20
5.216333228449187
 30
0.0
 11
19.992537203007277
 21
4.290425302956104
 31
0.0
  0
LINE
  5
51A
330
17
100
AcDbEntity
  8
SLOTS
100
AcDbLine
 10
19.88936511409371
 20
4.518143374415553
 30
0.0
 11
21.932998904613754
 21
5.444051299908637
 31
0.0
  0
ARC
  5
51B
330
17
100
AcDbEntity
  8
SLOTS
100
AcDbCircle
 10
19.940951158550494
 20
4.404284338685828
 30
0.0
 40
0.125
100
AcDbArc
 50
-245.6261746487121
 51
-65.6261746487121
  0
ARC
  5
51C
330
17
100
AcDbEntity
  8
SLOTS
100
AcDbCircle
 10
21.984584949070538
 20
5.330192264178912
 30
0.0
 40
0.125
100
AcDbArc
 50
-65.6261746487121
 51
114.3738253512879
  0
LINE
  5
51D
330
17
100
AcDbEntity
  8
SLOTS
100
AcDbLine
 10
21.992987506511355
 20
4.373381549947064
 30
0.0
 11
20.945320189441983
 21
3.8987155522255446
 31
0.0
  0
LINE
  5
51E
330
17
100
AcDbEntity
  8
SLOTS
100
AcDbLine
 10
20.842148100528416
 20
4.126433623684994
 30
0.0
 11
21.889815417597788
 21
4.601099621406513
 31
0.0
  0
ARC
  5
51F
330
17
100
AcDbEntity
  8
SLOTS
100
AcDbCircle
 10
20.8937341449852
 20
4.012574587955269
 30
0.0
 40
0.125
100
AcDbArc
 50
-245.6261746487121
 51
-65.6261746487121
  0
ARC
  5
520
330
17
100
AcDbEntity
  8
SLOTS
100
AcDbCircle
 10
21.94140146205457
 20
4.487240585676789
 30
0.0
 40
0.125
100
AcDbArc
 50
-65.6261746487121
 51
114.3738253512879
  0
LINE
  5
521
330
17
100
AcDbEntity
  8
SLOTS
100
AcDbLine
 10
21.94980401949539
 20
3.5304298714449422
 30
0.0
 11
21.898103175876685
 21
3.507005801494986
 31
0.0
  0
LINE
  5
522
330
17
100
AcDbEntity
  8
SLOTS
100
AcDbLine
 10
21.794931086963118
 20
3.734723872954436
 30
0.0
 11
21.84663193058182
 21
3.7581479429043925
 31
0.0
  0
ARC
  5
523
330
17
100
AcDbEntity
  8
SLOTS
100
AcDbCircle
 10
21.8465171314199
 20
3.620864837224711
 30
0.0
 40
0.125
100
AcDbArc
 50
-245.62617464871238
 51
-65.62617464871238
  0
ARC
  5
524
330
17
100
AcDbEntity
  8
SLOTS
100
AcDbCircle
 10
21.898217975038605
 20
3.6442889071746674
 30
0.0
 40
0.125
100
AcDbArc
 50
-65.62617464871238
 51
114.37382535128762
  0
LINE
  5
525
330
17
100
AcDbEntity
  8
SLOTS
100
AcDbLine
 10
14.925002994898582
 20
25.792774903736564
 30
0.0
 11
17.42234953625592
 21
24.426591422404254
 31
0.0
  0
LINE
  5
526
330
17
100
AcDbEntity
  8
SLOTS
100
AcDbLine
 10
17.302366226308653
 20
24.207265169223977
 30
0.0
 11
14.80501968495132
 21
25.573448650556287
 31
0.0
  0
ARC
  5
527
330
17
100
AcDbEntity
  8
SLOTS
100
AcDbCircle
 10
17.362357881282286
 20
24.316928295814115
 30
0.0
 40
0.125
100
AcDbArc
 50
-118.6810418909057
 51
61.3189581090943
  0
ARC
  5
528
330
17
100
AcDbEntity
  8
SLOTS
100
AcDbCircle
 10
14.865011339924951
 20
25.683111777146426
 30
0.0
 40
0.125
100
AcDbArc
 50
61.3189581090943
 51
241.3189581090943
  0
LINE
  5
529
330
17
100
AcDbEntity
  8
SLOTS
100
AcDbLine
 10
15.011941257639169
 20
26.600105795081234
 30
0.0
 11
17.640269823497437
 21
25.162268069829945
 31
0.0
  0
LINE
  5
52A
330
17
100
AcDbEntity
  8
SLOTS
100
AcDbLine
 10
17.52028651355017
 20
24.942941816649668
 30
0.0
 11
14.891957947691907
 21
26.380779541900957
 31
0.0
  0
ARC
  5
52B
330
17
100
AcDbEntity
  8
SLOTS
100
AcDbCircle
 10
17.580278168523805
 20
25.052604943239807
 30
0.0
 40
0.125
100
AcDbArc
 50
-118.68104189090569
 51
61.31895810909431
  0
ARC
  5
52C
330
17
100
AcDbEntity
  8
SLOTS
100
AcDbCircle
 10
14.951949602665538
 20
26.490442668491095
 30
0.0
 40
0.125
100
AcDbArc
 50
61.31895810909431
 51
241.31895810909432
  0
LINE
  5
52D
330
17
100
AcDbEntity
  8
SLOTS
100
AcDbLine
 10
16.078224621133955
 20
26.871682005600984
 30
0.0
 11
17.858190110738956
 21
25.897944717255637
 31
0.0
  0
LINE
  5
52E
330
17
100
AcDbEntity
  8
SLOTS
100
AcDbLine
 10
17.73820680079169
 20
25.67861846407536
 30
0.0
 11
15.958241311186692
 21
26.652355752420707
 31
0.0
  0
ARC
  5
52F
330
17
100
AcDbEntity
  8
SLOTS
100
AcDbCircle
 10
17.798198455765323
 20
25.7882815906655
 30
0.0
 40
0.125
100
AcDbArc
 50
-118.68104189090563
 51
61.31895810909437
  0
ARC
  5
530
330
17
100
AcDbEntity
  8
SLOTS
100
AcDbCircle
 10
16.018232966160323
 20
26.762018879010846
 30
0.0
 40
0.125
100
AcDbArc
 50
61.31895810909437
 51
241.31895810909435
  0
LINE
  5
531
330
17
100
AcDbEntity
  8
SLOTS
100
AcDbLine
 10
17.144507984628746
 20
27.143258216120735
 30
0.0
 11
18.07611039798048
 21
26.633621364681325
 31
0.0
  0
LINE
  5
532
330
17
100
AcDbEntity
  8
SLOTS
100
AcDbLine
 10
17.956127088033213
 20
26.414295111501048
 30
0.0
 11
17.02452467468148
 21
26.923931962940458
 31
0.0
  0
ARC
  5
533
330
17
100
AcDbEntity
  8
SLOTS
100
AcDbCircle
 10
18.016118743006846
 20
26.523958238091186
 30
0.0
 40
0.125
100
AcDbArc
 50
-118.6810418909057
 51
61.318958109094304
  0
ARC
  5
534
330
17
100
AcDbEntity
  8
SLOTS
100
AcDbCircle
 10
17.084516329655113
 20
27.033595089530596
 30
0.0
 40
0.125
100
AcDbArc
 50
61.318958109094304
 51
241.3189581090943
  0
LINE
  5
535
330
17
100
AcDbEntity
  8
SLOTS
100
AcDbLine
 10
10.819800001310202
 20
26.60446686579737
 30
0.0
 11
10.771550334889163
 21
26.31432606970461
 31
0.0
  0
LINE
  5
536
330
17
100
AcDbEntity
  8
SLOTS
100
AcDbLine
 10
10.524937103262225
 20
26.355337214366973
 30
0.0
 11
10.573186769683264
 21
26.645478010459733
 31
0.0
  0
ARC
  5
537
330
17
100
AcDbEntity
  8
SLOTS
100
AcDbCircle
 10
10.648243719075694
 20
26.33483164203579
 30
0.0
 40
0.125
100
AcDbArc
 50
-189.44173660607322
 51
-9.441736606073235
  0
ARC
  5
538
330
17
100
AcDbEntity
  8
SLOTS
100
AcDbCircle
 10
10.696493385496733
 20
26.62497243812855
 30
0.0
 40
0.125
100
AcDbArc
 50
-9.441736606073235
 51
170.55826339392678
  0
LINE
  5
539
330
17
100
AcDbEntity
  8
SLOTS
100
AcDbLine
 10
11.565231737079833
 20
26.515060176109493
 30
0.0
 11
11.127770475561967
 21
23.884464607448965
 31
0.0
  0
LINE
  5
53A
330
17
100
AcDbEntity
  8
SLOTS
100
AcDbLine
 10
10.881157243935029
 20
23.925475752111335
 30
0.0
 11
11.318618505452894
 21
26.556071320771863
 31
0.0
  0
ARC
  5
53B
330
17
100
AcDbEntity
  8
SLOTS
100
AcDbCircle
 10
11.004463859748498
 20
23.90497017978015
 30
0.0
 40
0.125
100
AcDbArc
 50
-189.4417366060734
 51
-9.441736606073377
  0
ARC
  5
53C
330
17
100
AcDbEntity
  8
SLOTS
100
AcDbCircle
 10
11.441925121266364
 20
26.53556574844068
 30
0.0
 40
0.125
100
AcDbArc
 50
-9.441736606073377
 51
170.5582633939266
  0
LINE
  5
53D
330
17
100
AcDbEntity
  8
SLOTS
100
AcDbLine
 10
12.310663472849464
 20
26.425653486421623
 30
0.0
 11
11.850040135641281
 21
23.655776891001118
 31
0.0
  0
LINE
  5
53E
330
17
100
AcDbEntity
  8
SLOTS
100
AcDbLine
 10
11.603426904014343
 20
23.696788035663488
 30
0.0
 11
12.064050241222526
 21
26.466664631083994
 31
0.0
  0
ARC
  5
53F
330
17
100
AcDbEntity
  8
SLOTS
100
AcDbCircle
 10
11.726733519827812
 20
23.676282463332303
 30
0.0
 40
0.125
100
AcDbArc
 50
-189.44173660607342
 51
-9.44173660607342
  0
ARC
  5
540
330
17
100
AcDbEntity
  8
SLOTS
100
AcDbCircle
 10
12.187356857035995
 20
26.44615905875281
 30
0.0
 40
0.125
100
AcDbArc
 50
-9.44173660607342
 51
170.55826339392658
  0
LINE
  5
541
330
17
100
AcDbEntity
  8
SLOTS
100
AcDbLine
 10
13.056095208619094
 20
26.336246796733754
 30
0.0
 11
12.572309795720596
 21
23.427089174553267
 31
0.0
  0
LINE
  5
542
330
17
100
AcDbEntity
  8
SLOTS
100
AcDbLine
 10
12.325696564093658
 20
23.468100319215637
 30
0.0
 11
12.809481976992156
 21
26.377257941396124
 31
0.0
  0
ARC
  5
543
330
17
100
AcDbEntity
  8
SLOTS
100
AcDbCircle
 10
12.449003179907127
 20
23.44759474688445
 30
0.0
 40
0.125
100
AcDbArc
 50
-189.4417366060734
 51
-9.441736606073405
  0
ARC
  5
544
330
17
100
AcDbEntity
  8
SLOTS
100
AcDbCircle
 10
12.932788592805625
 20
26.35675236906494
 30
0.0
 40
0.125
100
AcDbArc
 50
-9.441736606073405
 51
170.5582633939266
  0
LINE
  5
545
330
17
100
AcDbEntity
  8
SLOTS
100
AcDbLine
 10
13.801526944388725
 20
26.246840107045884
 30
0.0
 11
13.29457945579991
 21
23.198401458105415
 31
0.0
  0
LINE
  5
546
330
17
100
AcDbEntity
  8
SLOTS
100
AcDbLine
 10
13.047966224172972
 20
23.239412602767786
 30
0.0
 11
13.554913712761786
 21
26.287851251708254
 31
0.0
  0
ARC
  5
547
330
17
100
AcDbEntity
  8
SLOTS
100
AcDbCircle
 10
13.171272839986441
 20
23.2189070304366
 30
0.0
 40
0.125
100
AcDbArc
 50
-189.4417366060734
 51
-9.441736606073391
  0
ARC
  5
548
330
17
100
AcDbEntity
  8
SLOTS
100
AcDbCircle
 10
13.678220328575255
 20
26.26734567937707
 30
0.0
 40
0.125
100
AcDbArc
 50
-9.441736606073391
 51
170.5582633939266
  0
LINE
  5
549
330
17
100
AcDbEntity
  8
SLOTS
100
AcDbLine
 10
14.387527854206681
 20
25.198724472933595
 30
0.0
 11
14.016849115879225
 21
22.969713741657564
 31
0.0
  0
LINE
  5
54A
330
17
100
AcDbEntity
  8
SLOTS
100
AcDbLine
 10
13.770235884252287
 20
23.010724886319935
 30
0.0
 11
14.140914622579743
 21
25.239735617595965
 31
0.0
  0
ARC
  5
54B
330
17
100
AcDbEntity
  8
SLOTS
100
AcDbCircle
 10
13.893542500065756
 20
22.99021931398875
 30
0.0
 40
0.125
100
AcDbArc
 50
-189.44173660607345
 51
-9.441736606073448
  0
ARC
  5
54C
330
17
100
AcDbEntity
  8
SLOTS
100
AcDbCircle
 10
14.264221238393212
 20
25.21923004526478
 30
0.0
 40
0.125
100
AcDbArc
 50
-9.441736606073448
 51
170.55826339392655
  0
LINE
  5
54D
330
17
100
AcDbEntity
  8
SLOTS
100
AcDbLine
 10
14.749050757381232
 20
22.800750230795146
 30
0.0
 11
14.73911877595854
 21
22.741026025209717
 31
0.0
  0
LINE
  5
54E
330
17
100
AcDbEntity
  8
SLOTS
100
AcDbLine
 10
14.492505544331602
 20
22.78203716987208
 30
0.0
 11
14.502437525754294
 21
22.84176137545751
 31
0.0
  0
ARC
  5
54F
330
17
100
AcDbEntity
  8
SLOTS
100
AcDbCircle
 10
14.61581216014507
 20
22.7615315975409
 30
0.0
 40
0.125
100
AcDbArc
 50
-189.44173660607305
 51
-9.441736606073064
  0
ARC
  5
550
330
17
100
AcDbEntity
  8
SLOTS
100
AcDbCircle
 10
14.625744141567763
 20
22.821255803126327
 30
0.0
 40
0.125
100
AcDbArc
 50
-9.441736606073064
 51
170.55826339392695
  0
LINE
  5
551
330
17
100
AcDbEntity
  8
SLOTS
100
AcDbLine
 10
8.506250119402333
 20
28.280636664721342
 30
0.0
 11
8.310128312920842
 21
28.2971775895182
 31
0.0
  0
LINE
  5
552
330
17
100
AcDbEntity
  8
SLOTS
100
AcDbLine
 10
8.331138734029238
 20
28.54629314945946
 30
0.0
 11
8.52726054051073
 21
28.5297522246626
 31
0.0
  0
ARC
  5
553
330
17
100
AcDbEntity
  8
SLOTS
100
AcDbCircle
 10
8.32063352347504
 20
28.42173536948883
 30
0.0
 40
0.125
100
AcDbArc
 50
85.17907975017144
 51
265.17907975017147
  0
ARC
  5
554
330
17
100
AcDbEntity
  8
SLOTS
100
AcDbCircle
 10
8.516755329956531
 20
28.405194444691972
 30
0.0
 40
0.125
100
AcDbArc
 50
265.17907975017147
 51
445.17907975017147
  0
LINE
  5
555
330
17
100
AcDbEntity
  8
SLOTS
100
AcDbLine
 10
9.216603320014336
 20
27.46806269331511
 30
0.0
 11
8.11393830074459
 21
27.56106152647439
 31
0.0
  0
LINE
  5
556
330
17
100
AcDbEntity
  8
SLOTS
100
AcDbLine
 10
8.134948721852986
 20
27.81017708641565
 30
0.0
 11
9.237613741122733
 21
27.71717825325637
 31
0.0
  0
ARC
  5
557
330
17
100
AcDbEntity
  8
SLOTS
100
AcDbCircle
 10
8.124443511298788
 20
27.68561930644502
 30
0.0
 40
0.125
100
AcDbArc
 50
85.1790797501707
 51
265.1790797501707
  0
ARC
  5
558
330
17
100
AcDbEntity
  8
SLOTS
100
AcDbCircle
 10
9.227108530568534
 20
27.59262047328574
 30
0.0
 40
0.125
100
AcDbArc
 50
265.1790797501707
 51
445.1790797501707
  0
LINE
  5
559
330
17
100
AcDbEntity
  8
SLOTS
100
AcDbLine
 10
9.831106781468876
 20
26.66357269459731
 30
0.0
 11
7.917748288568334
 21
26.82494546343058
 31
0.0
  0
LINE
  5
55A
330
17
100
AcDbEntity
  8
SLOTS
100
AcDbLine
 10
7.9387587096767325
 20
27.07406102337184
 30
0.0
 11
9.852117202577276
 21
26.91268825453857
 31
0.0
  0
ARC
  5
55B
330
17
100
AcDbEntity
  8
SLOTS
100
AcDbCircle
 10
7.928253499122533
 20
26.94950324340121
 30
0.0
 40
0.125
100
AcDbArc
 50
85.17907975017056
 51
265.17907975017056
  0
ARC
  5
55C
330
17
100
AcDbEntity
  8
SLOTS
100
AcDbCircle
 10
9.841611992023076
 20
26.78813047456794
 30
0.0
 40
0.125
100
AcDbArc
 50
265.17907975017056
 51
445.17907975017056
  0
LINE
  5
55D
330
17
100
AcDbEntity
  8
SLOTS
100
AcDbLine
 10
9.917882867486668
 20
25.903591254040112
 30
0.0
 11
7.721558276392081
 21
26.088829400386768
 31
0.0
  0
LINE
  5
55E
330
17
100
AcDbEntity
  8
SLOTS
100
AcDbLine
 10
7.742568697500479
 20
26.337944960328027
 30
0.0
 11
9.938893288595068
 21
26.15270681398137
 31
0.0
  0
ARC
  5
55F
330
17
100
AcDbEntity
  8
SLOTS
100
AcDbCircle
 10
7.73206348694628
 20
26.213387180357397
 30
0.0
 40
0.125
100
AcDbArc
 50
85.17907975017064
 51
265.1790797501707
  0
ARC
  5
560
330
17
100
AcDbEntity
  8
SLOTS
100
AcDbCircle
 10
9.928388078040868
 20
26.02814903401074
 30
0.0
 40
0.125
100
AcDbArc
 50
265.1790797501707
 51
445.1790797501707
  0
LINE
  5
561
330
17
100
AcDbEntity
  8
SLOTS
100
AcDbLine
 10
10.004658953504462
 20
25.143609813482914
 30
0.0
 11
7.525368264215827
 21
25.35271333734296
 31
0.0
  0
LINE
  5
562
330
17
100
AcDbEntity
  8
SLOTS
100
AcDbLine
 10
7.546378685324226
 20
25.601828897284218
 30
0.0
 11
10.025669374612862
 21
25.392725373424174
 31
0.0
  0
ARC
  5
563
330
17
100
AcDbEntity
  8
SLOTS
100
AcDbCircle
 10
7.5358734747700264
 20
25.477271117313588
 30
0.0
 40
0.125
100
AcDbArc
 50
85.17907975017064
 51
265.1790797501707
  0
ARC
  5
564
330
17
100
AcDbEntity
  8
SLOTS
100
AcDbCircle
 10
10.015164164058662
 20
25.268167593453544
 30
0.0
 40
0.125
100
AcDbArc
 50
265.1790797501707
 51
445.1790797501707
  0
LINE
  5
565
330
17
100
AcDbEntity
  8
SLOTS
100
AcDbLine
 10
10.091435039522255
 20
24.383628372925713
 30
0.0
 11
7.329178252039574
 21
24.61659727429915
 31
0.0
  0
LINE
  5
566
330
17
100
AcDbEntity
  8
SLOTS
100
AcDbLine
 10
7.350188673147972
 20
24.86571283424041
 30
0.0
 11
10.112445460630655
 21
24.632743932866973
 31
0.0
  0
ARC
  5
567
330
17
100
AcDbEntity
  8
SLOTS
100
AcDbCircle
 10
7.339683462593773
 20
24.74115505426978
 30
0.0
 40
0.125
100
AcDbArc
 50
85.17907975017059
 51
265.17907975017056
  0
ARC
  5
568
330
17
100
AcDbEntity
  8
SLOTS
100
AcDbCircle
 10
10.101940250076455
 20
24.508186152896343
 30
0.0
 40
0.125
100
AcDbArc
 50
265.17907975017056
 51
445.17907975017056
  0
LINE
  5
569
330
17
100
AcDbEntity
  8
SLOTS
100
AcDbLine
 10
10.178211125540049
 20
23.623646932368516
 30
0.0
 11
7.1329882398633195
 21
23.880481211255336
 31
0.0
  0
LINE
  5
56A
330
17
100
AcDbEntity
  8
SLOTS
100
AcDbLine
 10
7.153998660971718
 20
24.129596771196596
 30
0.0
 11
10.199221546648449
 21
23.872762492309775
 31
0.0
  0
ARC
  5
56B
330
17
100
AcDbEntity
  8
SLOTS
100
AcDbCircle
 10
7.143493450417519
 20
24.005038991225966
 30
0.0
 40
0.125
100
AcDbArc
 50
85.17907975017064
 51
265.1790797501707
  0
ARC
  5
56C
330
17
100
AcDbEntity
  8
SLOTS
100
AcDbCircle
 10
10.188716336094249
 20
23.748204712339145
 30
0.0
 40
0.125
100
AcDbArc
 50
265.1790797501707
 51
445.1790797501707
  0
LINE
  5
56D
330
17
100
AcDbEntity
  8
SLOTS
100
AcDbLine
 10
10.111283946974511
 20
22.876628834267294
 30
0.0
 11
6.936798227687066
 21
23.144365148211527
 31
0.0
  0
LINE
  5
56E
330
17
100
AcDbEntity
  8
SLOTS
100
AcDbLine
 10
6.9578086487954645
 20
23.393480708152786
 30
0.0
 11
10.132294368082912
 21
23.125744394208553
 31
0.0
  0
ARC
  5
56F
330
17
100
AcDbEntity
  8
SLOTS
100
AcDbCircle
 10
6.947303438241265
 20
23.268922928182157
 30
0.0
 40
0.125
100
AcDbArc
 50
85.17907975017064
 51
265.1790797501707
  0
ARC
  5
570
330
17
100
AcDbEntity
  8
SLOTS
100
AcDbCircle
 10
10.121789157528712
 20
23.001186614237923
 30
0.0
 40
0.125
100
AcDbArc
 50
265.1790797501707
 51
445.1790797501707
  0
LINE
  5
571
330
17
100
AcDbEntity
  8
SLOTS
100
AcDbLine
 10
10.02102109308432
 20
22.131578868407736
 30
0.0
 11
6.740608215510813
 21
22.408249085167718
 31
0.0
  0
LINE
  5
572
330
17
100
AcDbEntity
  8
SLOTS
100
AcDbLine
 10
6.761618636619211
 20
22.657364645108977
 30
0.0
 11
10.04203151419272
 21
22.380694428348995
 31
0.0
  0
ARC
  5
573
330
17
100
AcDbEntity
  8
SLOTS
100
AcDbCircle
 10
6.751113426065012
 20
22.532806865138348
 30
0.0
 40
0.125
100
AcDbArc
 50
85.17907975017064
 51
265.1790797501707
  0
ARC
  5
574
330
17
100
AcDbEntity
  8
SLOTS
100
AcDbCircle
 10
10.03152630363852
 20
22.256136648378366
 30
0.0
 40
0.125
100
AcDbArc
 50
265.1790797501707
 51
445.1790797501707
  0
LINE
  5
575
330
17
100
AcDbEntity
  8
SLOTS
100
AcDbLine
 10
9.930758239194128
 20
21.386528902548175
 30
0.0
 11
6.544418203334559
 21
21.672133022123905
 31
0.0
  0
LINE
  5
576
330
17
100
AcDbEntity
  8
SLOTS
100
AcDbLine
 10
6.565428624442958
 20
21.921248582065164
 30
0.0
 11
9.951768660302529
 21
21.635644462489434
 31
0.0
  0
ARC
  5
577
330
17
100
AcDbEntity
  8
SLOTS
100
AcDbCircle
 10
6.554923413888758
 20
21.796690802094535
 30
0.0
 40
0.125
100
AcDbArc
 50
85.17907975017064
 51
265.1790797501707
  0
ARC
  5
578
330
17
100
AcDbEntity
  8
SLOTS
100
AcDbCircle
 10
9.941263449748329
 20
21.511086682518805
 30
0.0
 40
0.125
100
AcDbArc
 50
265.1790797501707
 51
445.1790797501707
  0
LINE
  5
579
330
17
100
AcDbEntity
  8
SLOTS
100
AcDbLine
 10
9.840495385303937
 20
20.641478936688614
 30
0.0
 11
6.348228191158305
 21
20.936016959080096
 31
0.0
  0
LINE
  5
57A
330
17
100
AcDbEntity
  8
SLOTS
100
AcDbLine
 10
6.369238612266703
 20
21.185132519021355
 30
0.0
 11
9.861505806412337
 21
20.890594496629873
 31
0.0
  0
ARC
  5
57B
330
17
100
AcDbEntity
  8
SLOTS
100
AcDbCircle
 10
6.358733401712504
 20
21.060574739050725
 30
0.0
 40
0.125
100
AcDbArc
 50
85.17907975017062
 51
265.1790797501706
  0
ARC
  5
57C
330
17
100
AcDbEntity
  8
SLOTS
100
AcDbCircle
 10
9.851000595858137
 20
20.766036716659244
 30
0.0
 40
0.125
100
AcDbArc
 50
265.1790797501706
 51
445.1790797501706
  0
LINE
  5
57D
330
17
100
AcDbEntity
  8
SLOTS
100
AcDbLine
 10
9.231745394777635
 20
19.94015820670088
 30
0.0
 11
6.1520381789820515
 21
20.199900896036286
 31
0.0
  0
LINE
  5
57E
330
17
100
AcDbEntity
  8
SLOTS
100
AcDbLine
 10
6.17304860009045
 20
20.449016455977546
 30
0.0
 11
9.252755815886035
 21
20.18927376664214
 31
0.0
  0
ARC
  5
57F
330
17
100
AcDbEntity
  8
SLOTS
100
AcDbCircle
 10
6.162543389536251
 20
20.324458676006916
 30
0.0
 40
0.125
100
AcDbArc
 50
85.17907975017064
 51
265.1790797501707
  0
ARC
  5
580
330
17
100
AcDbEntity
  8
SLOTS
100
AcDbCircle
 10
9.242250605331835
 20
20.06471598667151
 30
0.0
 40
0.125
100
AcDbArc
 50
265.1790797501707
 51
445.1790797501707
  0
LINE
  5
581
330
17
100
AcDbEntity
  8
SLOTS
100
AcDbLine
 10
7.736763174377186
 20
19.313582355571295
 30
0.0
 11
5.955848166805798
 21
19.463784832992474
 31
0.0
  0
LINE
  5
582
330
17
100
AcDbEntity
  8
SLOTS
100
AcDbLine
 10
5.976858587914196
 20
19.712900392933733
 30
0.0
 11
7.757773595485585
 21
19.562697915512555
 31
0.0
  0
ARC
  5
583
330
17
100
AcDbEntity
  8
SLOTS
100
AcDbCircle
 10
5.966353377359997
 20
19.588342612963103
 30
0.0
 40
0.125
100
AcDbArc
 50
85.17907975017064
 51
265.1790797501707
  0
ARC
  5
584
330
17
100
AcDbEntity
  8
SLOTS
100
AcDbCircle
 10
7.7472683849313855
 20
19.438140135541925
 30
0.0
 40
0.125
100
AcDbArc
 50
265.1790797501707
 51
445.1790797501707
  0
ENDSEC
  0
SECTION
  2
OBJECTS
  0
DICTIONARY
  5
A
330
0
100
AcDbDictionary
281
1
  3
ACAD_COLOR
350
B
  3
ACAD_GROUP
350
C
  3
ACAD_LAYOUT
350
D
  3
ACAD_MATERIAL
350
E
  3
ACAD_MLEADERSTYLE
350
F
  3
ACAD_MLINESTYLE
350
10
  3
ACAD_PLOTSETTINGS
350
11
  3
ACAD_PLOTSTYLENAME
350
12
  3
ACAD_SCALELIST
350
14
  3
ACAD_TABLESTYLE
350
15
  3
ACAD_VISUALSTYLE
350
16
  3
EZDXF_META
350
2D
  0
DICTIONARY
  5
B
330
A
100
AcDbDictionary
281
1
  0
DICTIONARY
  5
C
330
A
100
AcDbDictionary
281
1
  0
DICTIONARY
  5
D
330
A
100
AcDbDictionary
281
1
  3
Model
350
1A
  3
Layout1
350
1E
  0
DICTIONARY
  5
E
330
A
100
AcDbDictionary
281
1
  3
ByBlock
350
1F
  3
ByLayer
350
20
  3
Global
350
21
  0
DICTIONARY
  5
F
330
A
100
AcDbDictionary
281
1
  3
Standard
350
2C
  0
DICTIONARY
  5
10
330
A
100
AcDbDictionary
281
1
  3
Standard
350
22
  0
DICTIONARY
  5
11
330
A
100
AcDbDictionary
281
1
  0
ACDBDICTIONARYWDFLT
  5
12
330
A
100
AcDbDictionary
281
1
  3
Normal
350
13
100
AcDbDictionaryWithDefault
340
13
  0
ACDBPLACEHOLDER
  5
13
330
12
  0
DICTIONARY
  5
14
330
A
100
AcDbDictionary
281
1
  0
DICTIONARY
  5
15
330
A
100
AcDbDictionary
281
1
  0
DICTIONARY
  5
16
330
A
100
AcDbDictionary
281
1
  3
2dWireframe
350
5A
  3
Basic
350
5B
  3
Brighten
350
5C
  3
ColorChange
350
5D
  3
Conceptual
350
5E
  3
Dim
350
5F
  3
EdgeColorOff
350
60
  3
Facepattern
350
61
  3
Flat
350
62
  3
FlatWithEdges
350
63
  3
Gouraud
350
64
  3
GouraudWithEdges
350
65
  3
Hidden
350
66
  3
JitterOff
350
67
  3
Linepattern
350
68
  3
Modeling
350
69
  3
OverhangOff
350
6A
  3
Realistic
350
6B
  3
Shaded
350
6C
  3
Shaded with edges
350
6D
  3
Shades of Gray
350
6E
  3
Sketchy
350
6F
  3
Thicken
350
70
  3
Wireframe
350
71
  3
X-Ray
350
72
  0
LAYOUT
  5
1A
330
D
100
AcDbPlotSettings
  1

  4
A3
  6

 40
7.5
 41
20.0
 42
7.5
 43
20.0
 44
420.0
 45
297.0
 46
0.0
 47
0.0
 48
0.0
 49
0.0
140
0.0
141
0.0
142
1.0
143
1.0
 70
1024
 72
1
 73
0
 74
5
  7

 75
16
 76
0
 77
2
 78
300
147
1.0
148
0.0
149
0.0
100
AcDbLayout
  1
Model
 70
1
 71
0
 10
0.0
 20
0.0
 11
420.0
 21
297.0
 12
0.0
 22
0.0
 32
0.0
 14
1e+20
 24
1e+20
 34
1e+20
 15
-1e+20
 25
-1e+20
 35
-1e+20
146
0.0
 13
0.0
 23
0.0
 33
0.0
 16
1.0
 26
0.0
 36
0.0
 17
0.0
 27
1.0
 37
0.0
 76
1
330
17
  0
LAYOUT
  5
1E
330
D
100
AcDbPlotSettings
  1

  4
A3
  6

 40
7.5
 41
20.0
 42
7.5
 43
20.0
 44
420.0
 45
297.0
 46
0.0
 47
0.0
 48
0.0
 49
0.0
140
0.0
141
0.0
142
1.0
143
1.0
 70
0
 72
1
 73
0
 74
5
  7

 75
16
 76
0
 77
2
 78
300
147
1.0
148
0.0
149
0.0
100
AcDbLayout
  1
Layout1
 70
1
 71
1
 10
0.0
 20
0.0
 11
420.0
 21
297.0
 12
0.0
 22
0.0
 32
0.0
 14
1e+20
 24
1e+20
 34
1e+20
 15
-1e+20
 25
-1e+20
 35
-1e+20
146
0.0
 13
0.0
 23
0.0
 33
0.0
 16
1.0
 26
0.0
 36
0.0
 17
0.0
 27
1.0
 37
0.0
 76
1
330
1B
  0
MATERIAL
  5
1F
102
{ACAD_REACTORS
330
E
102
}
330
E
100
AcDbMaterial
  1
ByBlock
  2

 70
0
 40
1.0
 71
1
 41
1.0
 91
-1023410177
 42
1.0
 72
1
  3

 73
1
 74
1
 75
1
 44
0.5
 73
0
 45
1.0
 46
1.0
 77
1
  4

 78
1
 79
1
170
1
 48
1.0
171
1
  6

172
1
173
1
174
1
140
1.0
141
1.0
175
1
  7

176
1
177
1
178
1
143
1.0
179
1
  8

270
1
271
1
272
1
145
1.0
146
1.0
273
1
  9

274
1
275
1
276
1
 42
1.0
 72
1
  3

 73
1
 74
1
 75
1
 94
63
  0
MATERIAL
  5
20
102
{ACAD_REACTORS
330
E
102
}
330
E
100
AcDbMaterial
  1
ByLayer
  2

 70
0
 40
1.0
 71
1
 41
1.0
 91
-1023410177
 42
1.0
 72
1
  3

 73
1
 74
1
 75
1
 44
0.5
 73
0
 45
1.0
 46
1.0
 77
1
  4

 78
1
 79
1
170
1
 48
1.0
171
1
  6

172
1
173
1
174
1
140
1.0
141
1.0
175
1
  7

176
1
177
1
178
1
143
1.0
179
1
  8

270
1
271
1
272
1
145
1.0
146
1.0
273
1
  9

274
1
275
1
276
1
 42
1.0
 72
1
  3

 73
1
 74
1
 75
1
 94
63
  0
MATERIAL
  5
21
102
{ACAD_REACTORS
330
E
102
}
330
E
100
AcDbMaterial
  1
Global
  2

 70
0
 40
1.0
 71
1
 41
1.0
 91
-1023410177
 42
1.0
 72
1
  3

 73
1
 74
1
 75
1
 44
0.5
 73
0
 45
1.0
 46
1.0
 77
1
  4

 78
1
 79
1
170
1
 48
1.0
171
1
  6

172
1
173
1
174
1
140
1.0
141
1.0
175
1
  7

176
1
177
1
178
1
143
1.0
179
1
  8

270
1
271
1
272
1
145
1.0
146
1.0
273
1
  9

274
1
275
1
276
1
 42
1.0
 72
1
  3

 73
1
 74
1
 75
1
 94
63
  0
MLINESTYLE
  5
22
102
{ACAD_REACTORS
330
10
102
}
330
10
100
AcDbMlineStyle
  2
Standard
 70
0
  3

 62
256
 51
90.0
 52
90.0
 71
2
 49
0.5
 62
256
  6
BYLAYER
 49
-0.5
 62
256
  6
BYLAYER
  0
MLEADERSTYLE
  5
2C
102
{ACAD_REACTORS
330
F
102
}
330
F
100
AcDbMLeaderStyle
179
2
170
2
171
1
172
0
 90
2
 40
0.0
 41
0.0
173
1
 91
-1056964608
 92
-2
290
1
 42
2.0
291
1
 43
8.0
  3
Standard
 44
4.0
300

342
29
174
1
175
1
176
0
178
1
 93
-1056964608
 45
4.0
292
0
297
0
 46
4.0
 94
-1056964608
 47
1.0
 49
1.0
140
1.0
294
1
141
0.0
177
0
142
1.0
295
0
296
0
143
3.75
271
0
272
9
273
9
  0
DICTIONARY
  5
2D
330
A
100
AcDbDictionary
280
1
281
1
  3
CREATED_BY_EZDXF
350
2E
  3
WRITTEN_BY_EZDXF
350
587
  0
DICTIONARYVAR
  5
2E
330
2D
100
DictionaryVariables
280
0
  1
1.4.4 @ 2026-09-19T23:28:49.035756+00:00
  0
VISUALSTYLE
  5
5A
102
{ACAD_REACTORS
330
16
102
}
330
16
100
AcDbVisualStyle
  2
2dWireframe
 70
4
 90
0
 40
0.6
 62
7
290
0
291
0
  0
VISUALSTYLE
  5
5B
102
{ACAD_REACTORS
330
16
102
}
330
16
100
AcDbVisualStyle
  2
Basic
 70
7
 90
1
 40
0.6
 62
7
290
0
291
1
  0
VISUALSTYLE
  5
5C
102
{ACAD_REACTORS
330
16
102
}
330
16
100
AcDbVisualStyle
  2
Brighten
 70
12
 90
2
 40
0.6
 62
7
290
0
291
1
  0
VISUALSTYLE
  5
5D
102
{ACAD_REACTORS
330
16
102
}
330
16
100
AcDbVisualStyle
  2
ColorChange
 70
16
 90
2
 40
0.6
 62
8
290
0
291
1
  0
VISUALSTYLE
  5
5E
102
{ACAD_REACTORS
330
16
102
}
330
16
100
AcDbVisualStyle
  2
Conceptual
 70
9
 90
3
 40
0.6
 62
7
290
0
291
0
  0
VISUALSTYLE
  5
5F
102
{ACAD_REACTORS
330
16
102
}
330
16
100
AcDbVisualStyle
  2
Dim
 70
11
 90
2
 40
0.6
 62
7
290
0
291
1
  0
VISUALSTYLE
  5
60
102
{ACAD_REACTORS
330
16
102
}
330
16
100
AcDbVisualStyle
  2
EdgeColorOff
 70
22
 90
2
 40
0.6
 62
7
290
0
291
1
  0
VISUALSTYLE
  5
61
102
{ACAD_REACTORS
330
16
102
}
330
16
100
AcDbVisualStyle
  2
Facepattern
 70
15
 90
2
 40
0.6
 62
7
290
0
291
1
  0
VISUALSTYLE
  5
62
102
{ACAD_REACTORS
330
16
102
}
330
16
100
AcDbVisualStyle
  2
Flat
 70
0
 90
2
 40
0.6
 62
7
290
0
291
1
  0
VISUALSTYLE
  5
63
102
{ACAD_REACTORS
330
16
102
}
330
16
100
AcDbVisualStyle
  2
FlatWithEdges
 70
1
 90
2
 40
0.6
 62
7
290
0
291
1
  0
VISUALSTYLE
  5
64
102
{ACAD_REACTORS
330
16
102
}
330
16
100
AcDbVisualStyle
  2
Gouraud
 70
2
 90
2
 40
0.6
 62
7
290
0
291
1
  0
VISUALSTYLE
  5
65
102
{ACAD_REACTORS
330
16
102
}
330
16
100
AcDbVisualStyle
  2
GouraudWithEdges
 70
3
 90
2
 40
0.6
 62
7
290
0
291
1
  0
VISUALSTYLE
  5
66
102
{ACAD_REACTORS
330
16
102
}
330
16
100
AcDbVisualStyle
  2
Hidden
 70
6
 90
1
 40
0.6
 62
7
290
0
291
0
  0
VISUALSTYLE
  5
67
102
{ACAD_REACTORS
330
16
102
}
330
16
100
AcDbVisualStyle
  2
JitterOff
 70
20
 90
2
 40
0.6
 62
7
290
0
291
1
  0
VISUALSTYLE
  5
68
102
{ACAD_REACTORS
330
16
102
}
330
16
100
AcDbVisualStyle
  2
Linepattern
 70
14
 90
2
 40
0.6
 62
7
290
0
291
1
  0
VISUALSTYLE
  5
69
102
{ACAD_REACTORS
330
16
102
}
330
16
100
AcDbVisualStyle
  2
Modeling
 70
10
 90
2
 40
0.6
 62
7
290
0
291
0
  0
VISUALSTYLE
  5
6A
102
{ACAD_REACTORS
330
16
102
}
330
16
100
AcDbVisualStyle
  2
OverhangOff
 70
21
 90
2
 40
0.6
 62
7
290
0
291
1
  0
VISUALSTYLE
  5
6B
102
{ACAD_REACTORS
330
16
102
}
330
16
100
AcDbVisualStyle
  2
Realistic
 70
8
 90
2
 40
0.6
 62
7
290
0
291
0
  0
VISUALSTYLE
  5
6C
102
{ACAD_REACTORS
330
16
102
}
330
16
100
AcDbVisualStyle
  2
Shaded
 70
27
 90
2
 40
0.6
 62
7
290
0
291
0
  0
VISUALSTYLE
  5
6D
102
{ACAD_REACTORS
330
16
102
}
330
16
100
AcDbVisualStyle
  2
Shaded with edges
 70
26
 90
2
 40
0.6
 62
7
290
0
291
0
  0
VISUALSTYLE
  5
6E
102
{ACAD_REACTORS
330
16
102
}
330
16
100
AcDbVisualStyle
  2
Shades of Gray
 70
23
 90
2
 40
0.6
 62
7
290
0
291
0
  0
VISUALSTYLE
  5
6F
102
{ACAD_REACTORS
330
16
102
}
330
16
100
AcDbVisualStyle
  2
Sketchy
 70
24
 90
1
 40
0.6
 62
7
290
0
291
0
  0
VISUALSTYLE
  5
70
102
{ACAD_REACTORS
330
16
102
}
330
16
100
AcDbVisualStyle
  2
Thicken
 70
13
 90
2
 40
0.6
 62
7
290
0
291
1
  0
VISUALSTYLE
  5
71
102
{ACAD_REACTORS
330
16
102
}
330
16
100
AcDbVisualStyle
  2
Wireframe
 70
5
 90
0
 40
0.6
 62
7
290
0
291
0
  0
VISUALSTYLE
  5
72
102
{ACAD_REACTORS
330
16
102
}
330
16
100
AcDbVisualStyle
  2
X-Ray
 70
25
 90
2
 40
0.5
 62
7
290
0
291
0
  0
DICTIONARYVAR
  5
587
330
2D
100
DictionaryVariables
280
0
  1
1.4.4 @ 2026-09-19T23:28:49.081053+00:00
  0
ENDSEC
  0
EOF
