  0
SECTION
  2
HEADER
  9
$ACADVER
  1
AC1024
  9
$ACADMAINTVER
 70
6
  9
$DWGCODEPAGE
  3
ANSI_1252
  9
$LASTSAVEDBY
  1
ezdxf
  9
$INSBASE
 10
0.0
 20
0.0
 30
0.0
  9
$EXTMIN
 10
1e+20
 20
1e+20
 30
1e+20
  9
$EXTMAX
 10
-1e+20
 20
-1e+20
 30
-1e+20
  9
$LIMMIN
 10
0.0
 20
0.0
  9
$LIMMAX
 10
420.0
 20
297.0
  9
$ORTHOMODE
 70
0
  9
$REGENMODE
 70
1
  9
$FILLMODE
 70
1
  9
$QTEXTMODE
 70
0
  9
$MIRRTEXT
 70
1
  9
$LTSCALE
 40
1.0
  9
$ATTMODE
 70
1
  9
$TEXTSIZE
 40
2.5
  9
$TRACEWID
 40
1.0
  9
$TEXTSTYLE
  7
OpenSans
  9
$CLAYER
  8
0
  9
$CELTYPE
  6
ByLayer
  9
$CECOLOR
 62
256
  9
$CELTSCALE
 40
1.0
  9
$DISPSILH
 70
0
  9
$DIMSCALE
 40
1.0
  9
$DIMASZ
 40
0.175
  9
$DIMEXO
 40
0.125
  9
$DIMDLI
 40
3.75
  9
$DIMRND
 40
0.0
  9
$DIMDLE
 40
0.0
  9
$DIMEXE
 40
0.375
  9
$DIMTP
 40
0.0
  9
$DIMTM
 40
0.0
  9
$DIMTXT
 40
0.25
  9
$DIMCEN
 40
2.5
  9
$DIMTSZ
 40
0.0
  9
$DIMTOL
 70
0
  9
$DIMLIM
 70
0
  9
$DIMTIH
 70
0
  9
$DIMTOH
 70
0
  9
$DIMSE1
 70
0
  9
$DIMSE2
 70
0
  9
$DIMTAD
 70
1
  9
$DIMZIN
 70
12
  9
$DIMBLK
  1
ARCHTICK
  9
$DIMASO
 70
1
  9
$DIMSHO
 70
1
  9
$DIMPOST
  1

  9
$DIMAPOST
  1

  9
$DIMALT
 70
0
  9
$DIMALTD
 70
3
  9
$DIMALTF
 40
0.03937007874
  9
$DIMLFAC
 40
100.0
  9
$DIMTOFL
 70
1
  9
$DIMTVP
 40
0.0
  9
$DIMTIX
 70
0
  9
$DIMSOXD
 70
0
  9
$DIMSAH
 70
0
  9
$DIMBLK1
  1

  9
$DIMBLK2
  1

  9
$DIMSTYLE
  2
EZDXF
  9
$DIMCLRD
 70
0
  9
$DIMCLRE
 70
0
  9
$DIMCLRT
 70
0
  9
$DIMTFAC
 40
0.5
  9
$DIMGAP
 40
0.1
  9
$DIMJUST
 70
0
  9
$DIMSD1
 70
0
  9
$DIMSD2
 70
0
  9
$DIMTOLJ
 70
0
  9
$DIMTZIN
 70
8
  9
$DIMALTZ
 70
0
  9
$DIMALTTZ
 70
0
  9
$DIMUPT
 70
1
  9
$DIMDEC
 70
2
  9
$DIMTDEC
 70
2
  9
$DIMALTU
 70
2
  9
$DIMALTTD
 70
3
  9
$DIMTXSTY
  7
OpenSansCondensed-Light
  9
$DIMAUNIT
 70
0
  9
$DIMADEC
 70
2
  9
$DIMALTRND
 40
0.0
  9
$DIMAZIN
 70
3
  9
$DIMDSEP
 70
46
  9
$DIMATFIT
 70
3
  9
$DIMFRAC
 70
0
  9
$DIMLDRBLK
  1

  9
$DIMLUNIT
 70
2
  9
$DIMLWD
 70
-2
  9
$DIMLWE
 70
-2
  9
$DIMTMOVE
 70
2
  9
$DIMFXL
 40
1.0
  9
$DIMFXLON
 70
0
  9
$DIMJOGANG
 40
0.785398163397
  9
$DIMTFILL
 70
0
  9
$DIMTFILLCLR
 70
0
  9
$DIMARCSYM
 70
0
  9
$DIMLTYPE
  6

  9
$DIMLTEX1
  6

  9
$DIMLTEX2
  6

  9
$DIMTXTDIRECTION
 70
0
  9
$LUNITS
 70
2
  9
$LUPREC
 70
4
  9
$SKETCHINC
 40
1.0
  9
$FILLETRAD
 40
10.0
  9
$AUNITS
 70
0
  9
$AUPREC
 70
2
  9
$MENU
  1
.
  9
$ELEVATION
 40
0.0
  9
$PELEVATION
 40
0.0
  9
$THICKNESS
 40
0.0
  9
$LIMCHECK
 70
0
  9
$CHAMFERA
 40
0.0
  9
$CHAMFERB
 40
0.0
  9
$CHAMFERC
 40
0.0
  9
$CHAMFERD
 40
0.0
  9
$SKPOLY
 70
0
  9
$TDCREATE
 40
2461303.686689815
  9
$TDUCREATE
 40
2458532.153996898
  9
$TDUPDATE
 40
2461303.686689815
  9
$TDUUPDATE
 40
2458532.1544311
  9
$TDINDWG
 40
0.0
  9
$TDUSRTIMER
 40
0.0
  9
$USRTIMER
 70
1
  9
$ANGBASE
 50
0.0
  9
$ANGDIR
 70
0
  9
$PDMODE
 70
0
  9
$PDSIZE
 40
0.0
  9
$PLINEWID
 40
0.0
  9
$SPLFRAME
 70
0
  9
$SPLINETYPE
 70
6
  9
$SPLINESEGS
 70
8
  9
$HANDSEED
  5
5B8
  9
$SURFTAB1
 70
6
  9
$SURFTAB2
 70
6
  9
$SURFTYPE
 70
6
  9
$SURFU
 70
6
  9
$SURFV
 70
6
  9
$UCSBASE
  2

  9
$UCSNAME
  2

  9
$UCSORG
 10
0.0
 20
0.0
 30
0.0
  9
$UCSXDIR
 10
1.0
 20
0.0
 30
0.0
  9
$UCSYDIR
 10
0.0
 20
1.0
 30
0.0
  9
$UCSORTHOREF
  2

  9
$UCSORTHOVIEW
 70
0
  9
$UCSORGTOP
 10
0.0
 20
0.0
 30
0.0
  9
$UCSORGBOTTOM
 10
0.0
 20
0.0
 30
0.0
  9
$UCSORGLEFT
 10
0.0
 20
0.0
 30
0.0
  9
$UCSORGRIGHT
 10
0.0
 20
0.0
 30
0.0
  9
$UCSORGFRONT
 10
0.0
 20
0.0
 30
0.0
  9
$UCSORGBACK
 10
0.0
 20
0.0
 30
0.0
  9
$PUCSBASE
  2

  9
$PUCSNAME
  2

  9
$PUCSORG
 10
0.0
 20
0.0
 30
0.0
  9
$PUCSXDIR
 10
1.0
 20
0.0
 30
0.0
  9
$PUCSYDIR
 10
0.0
 20
1.0
 30
0.0
  9
$PUCSORTHOREF
  2

  9
$PUCSORTHOVIEW
 70
0
  9
$PUCSORGTOP
 10
0.0
 20
0.0
 30
0.0
  9
$PUCSORGBOTTOM
 10
0.0
 20
0.0
 30
0.0
  9
$PUCSORGLEFT
 10
0.0
 20
0.0
 30
0.0
  9
$PUCSORGRIGHT
 10
0.0
 20
0.0
 30
0.0
  9
$PUCSORGFRONT
 10
0.0
 20
0.0
 30
0.0
  9
$PUCSORGBACK
 10
0.0
 20
0.0
 30
0.0
  9
$USERI1
 70
0
  9
$USERI2
 70
0
  9
$USERI3
 70
0
  9
$USERI4
 70
0
  9
$USERI5
 70
0
  9
$USERR1
 40
0.0
  9
$USERR2
 40
0.0
  9
$USERR3
 40
0.0
  9
$USERR4
 40
0.0
  9
$USERR5
 40
0.0
  9
$WORLDVIEW
 70
1
  9
$SHADEDGE
 70
3
  9
$SHADEDIF
 70
70
  9
$TILEMODE
 70
1
  9
$MAXACTVP
 70
64
  9
$PINSBASE
 10
0.0
 20
0.0
 30
0.0
  9
$PLIMCHECK
 70
0
  9
$PEXTMIN
 10
1e+20
 20
1e+20
 30
1e+20
  9
$PEXTMAX
 10
-1e+20
 20
-1e+20
 30
-1e+20
  9
$PLIMMIN
 10
0.0
 20
0.0
  9
$PLIMMAX
 10
420.0
 20
297.0
  9
$UNITMODE
 70
0
  9
$VISRETAIN
 70
1
  9
$PLINEGEN
 70
0
  9
$PSLTSCALE
 70
1
  9
$TREEDEPTH
 70
3020
  9
$CMLSTYLE
  2
Standard
  9
$CMLJUST
 70
0
  9
$CMLSCALE
 40
20.0
  9
$PROXYGRAPHICS
 70
1
  9
$MEASUREMENT
 70
1
  9
$CELWEIGHT
370
-1
  9
$ENDCAPS
280
0
  9
$JOINSTYLE
280
0
  9
$LWDISPLAY
290
0
  9
$INSUNITS
 70
1
  9
$HYPERLINKBASE
  1

  9
$STYLESHEET
  1

  9
$XEDIT
290
1
  9
$CEPSNTYPE
380
0
  9
$PSTYLEMODE
290
1
  9
$FINGERPRINTGUID
  2
{699F7510-CFAB-4537-B092-996429E65B45}
  9
$VERSIONGUID
  2
{DAA26C61-463D-4703-B813-CEE77C2C6C08}
  9
$EXTNAMES
290
1
  9
$PSVPSCALE
 40
0.0
  9
$OLESTARTUP
290
0
  9
$SORTENTS
280
127
  9
$INDEXCTL
280
0
  9
$HIDETEXT
280
1
  9
$XCLIPFRAME
280
1
  9
$HALOGAP
280
0
  9
$OBSCOLOR
 70
257
  9
$OBSLTYPE
280
0
  9
$INTERSECTIONDISPLAY
280
0
  9
$INTERSECTIONCOLOR
 70
257
  9
$DIMASSOC
280
2
  9
$PROJECTNAME
  1

  9
$CAMERADISPLAY
290
0
  9
$LENSLENGTH
 40
50.0
  9
$CAMERAHEIGHT
 40
0.0
  9
$STEPSPERSEC
 40
24.0
  9
$STEPSIZE
 40
100.0
  9
$3DDWFPREC
 40
2.0
  9
$PSOLWIDTH
 40
0.005
  9
$PSOLHEIGHT
 40
0.08
  9
$LOFTANG1
 40
1.570796326795
  9
$LOFTANG2
 40
1.570796326795
  9
$LOFTMAG1
 40
0.0
  9
$LOFTMAG2
 40
0.0
  9
$LOFTPARAM
 70
7
  9
$LOFTNORMALS
280
1
  9
$LATITUDE
 40
37.795
  9
$LONGITUDE
 40
-122.394
  9
$NORTHDIRECTION
 40
0.0
  9
$TIMEZONE
 70
-8000
  9
$LIGHTGLYPHDISPLAY
280
1
  9
$TILEMODELIGHTSYNCH
280
1
  9
$CMATERIAL
347
20
  9
$SOLIDHIST
280
0
  9
$SHOWHIST
280
1
  9
$DWFFRAME
280
2
  9
$DGNFRAME
280
2
  9
$REALWORLDSCALE
290
1
  9
$INTERFERECOLOR
 62
256
  9
$CSHADOW
280
0
  9
$SHADOWPLANELOCATION
 40
0.0
  0
ENDSEC
  0
SECTION
  2
CLASSES
  0
CLASS
  1
ACDBDICTIONARYWDFLT
  2
AcDbDictionaryWithDefault
  3
ObjectDBX Classes
 90
0
 91
0
280
0
281
0
  0
CLASS
  1
SUN
  2
AcDbSun
  3
SCENEOE
 90
1153
 91
0
280
0
281
0
  0
CLASS
  1
VISUALSTYLE
  2
AcDbVisualStyle
  3
ObjectDBX Classes
 90
4095
 91
0
280
0
281
0
  0
CLASS
  1
MATERIAL
  2
AcDbMaterial
  3
ObjectDBX Classes
 90
1153
 91
0
280
0
281
0
  0
CLASS
  1
SCALE
  2
AcDbScale
  3
ObjectDBX Classes
 90
1153
 91
0
280
0
281
0
  0
CLASS
  1
TABLESTYLE
  2
AcDbTableStyle
  3
ObjectDBX Classes
 90
4095
 91
0
280
0
281
0
  0
CLASS
  1
MLEADERSTYLE
  2
AcDbMLeaderStyle
  3
ACDB_MLEADERSTYLE_CLASS
 90
4095
 91
0
280
0
281
0
  0
CLASS
  1
DICTIONARYVAR
  2
AcDbDictionaryVar
  3
ObjectDBX Classes
 90
0
 91
0
280
0
281
0
  0
CLASS
  1
CELLSTYLEMAP
  2
AcDbCellStyleMap
  3
ObjectDBX Classes
 90
1152
 91
0
280
0
281
0
  0
CLASS
  1
MENTALRAYRENDERSETTINGS
  2
AcDbMentalRayRenderSettings
  3
SCENEOE
 90
1024
 91
0
280
0
281
0
  0
CLASS
  1
ACDBDETAILVIEWSTYLE
  2
AcDbDetailViewStyle
  3
ObjectDBX Classes
 90
1025
 91
0
280
0
281
0
  0
CLASS
  1
ACDBSECTIONVIEWSTYLE
  2
AcDbSectionViewStyle
  3
ObjectDBX Classes
 90
1025
 91
0
280
0
281
0
  0
CLASS
  1
RASTERVARIABLES
  2
AcDbRasterVariables
  3
ISM
 90
0
 91
0
280
0
281
0
  0
CLASS
  1
LAYOUT
  2
AcDbLayout
  3
ObjectDBX Classes
 90
0
 91
0
280
0
281
0
  0
CLASS
  1
ACDBPLACEHOLDER
  2
AcDbPlaceHolder
  3
ObjectDBX Classes
 90
0
 91
0
280
0
281
0
  0
ENDSEC
  0
SECTION
  2
TABLES
  0
TABLE
  2
VPORT
  5
8
330
0
100
AcDbSymbolTable
 70
1
  0
VPORT
  5
23
330
8
100
AcDbSymbolTableRecord
100
AcDbViewportTableRecord
  2
*Active
 70
0
 10
0.0
 20
0.0
 11
1.0
 21
1.0
 12
0.0
 22
0.0
 13
0.0
 23
0.0
 14
0.5
 24
0.5
 15
0.5
 25
0.5
 16
0.0
 26
0.0
 36
1.0
 17
0.0
 27
0.0
 37
0.0
 40
1000.0
 41
1.34
 42
50.0
 43
0.0
 44
0.0
 50
0.0
 51
0.0
 71
0
 72
1000
 73
1
 74
3
 75
0
 76
0
 77
0
 78
0
281
0
 65
0
146
0.0
  0
ENDTAB
  0
TABLE
  2
LTYPE
  5
2
330
0
100
AcDbSymbolTable
 70
21
  0
LTYPE
  5
24
330
2
100
AcDbSymbolTableRecord
100
AcDbLinetypeTableRecord
  2
ByBlock
 70
0
  3

 72
65
 73
0
 40
0.0
  0
LTYPE
  5
25
330
2
100
AcDbSymbolTableRecord
100
AcDbLinetypeTableRecord
  2
ByLayer
 70
0
  3

 72
65
 73
0
 40
0.0
  0
LTYPE
  5
26
330
2
100
AcDbSymbolTableRecord
100
AcDbLinetypeTableRecord
  2
Continuous
 70
0
  3

 72
65
 73
0
 40
0.0
  0
LTYPE
  5
2F
330
2
100
AcDbSymbolTableRecord
100
AcDbLinetypeTableRecord
  2
CENTER
 70
0
  3
Center ____ _ ____ _ ____ _ ____ _ ____ _ ____
 72
65
 73
4
 40
5.08
 49
3.175
 74
0
 49
-0.635
 74
0
 49
0.635
 74
0
 49
-0.635
 74
0
  0
LTYPE
  5
30
330
2
100
AcDbSymbolTableRecord
100
AcDbLinetypeTableRecord
  2
CENTERX2
 70
0
  3
Center (2x) ________  __  ________  __  ________
 72
65
 73
4
 40
8.89
 49
6.35
 74
0
 49
-0.635
 74
0
 49
1.27
 74
0
 49
-0.635
 74
0
  0
LTYPE
  5
31
330
2
100
AcDbSymbolTableRecord
100
AcDbLinetypeTableRecord
  2
CENTER2
 70
0
  3
Center (.5x) ____ _ ____ _ ____ _ ____ _ ____
 72
65
 73
4
 40
2.54
 49
1.587
 74
0
 49
-0.318
 74
0
 49
0.318
 74
0
 49
-0.318
 74
0
  0
LTYPE
  5
32
330
2
100
AcDbSymbolTableRecord
100
AcDbLinetypeTableRecord
  2
DASHED
 70
0
  3
Dashed __ __ __ __ __ __ __ __ __ __ __ __ __ _
 72
65
 73
2
 40
1.524
 49
1.27
 74
0
 49
-0.254
 74
0
  0
LTYPE
  5
33
330
2
100
AcDbSymbolTableRecord
100
AcDbLinetypeTableRecord
  2
DASHEDX2
 70
0
  3
Dashed (2x) ____  ____  ____  ____  ____  ____
 72
65
 73
2
 40
3.048
 49
2.54
 74
0
 49
-0.508
 74
0
  0
LTYPE
  5
34
330
2
100
AcDbSymbolTableRecord
100
AcDbLinetypeTableRecord
  2
DASHED2
 70
0
  3
Dashed (.5x) _ _ _ _ _ _ _ _ _ _ _ _ _ _
 72
65
 73
2
 40
0.762
 49
0.635
 74
0
 49
-0.127
 74
0
  0
LTYPE
  5
35
330
2
100
AcDbSymbolTableRecord
100
AcDbLinetypeTableRecord
  2
PHANTOM
 70
0
  3
Phantom ______  __  __  ______  __  __  ______
 72
65
 73
6
 40
6.35
 49
3.175
 74
0
 49
-0.635
 74
0
 49
0.635
 74
0
 49
-0.635
 74
0
 49
0.635
 74
0
 49
-0.635
 74
0
  0
LTYPE
  5
36
330
2
100
AcDbSymbolTableRecord
100
AcDbLinetypeTableRecord
  2
PHANTOMX2
 70
0
  3
Phantom (2x)____________    ____    ____    ____________
 72
65
 73
6
 40
10.795
 49
6.35
 74
0
 49
-0.635
 74
0
 49
1.27
 74
0
 49
-0.635
 74
0
 49
1.27
 74
0
 49
-0.635
 74
0
  0
LTYPE
  5
37
330
2
100
AcDbSymbolTableRecord
100
AcDbLinetypeTableRecord
  2
PHANTOM2
 70
0
  3
Phantom (.5x) ___ _ _ ___ _ _ ___ _ _ ___ _ _ ___
 72
65
 73
6
 40
3.175
 49
1.587
 74
0
 49
-0.318
 74
0
 49
0.318
 74
0
 49
-0.318
 74
0
 49
0.318
 74
0
 49
-0.318
 74
0
  0
LTYPE
  5
38
330
2
100
AcDbSymbolTableRecord
100
AcDbLinetypeTableRecord
  2
DASHDOT
 70
0
  3
Dash dot __ . __ . __ . __ . __ . __ . __ . __
 72
65
 73
4
 40
3.556
 49
2.54
 74
0
 49
-0.508
 74
0
 49
0.0
 74
0
 49
-0.508
 74
0
  0
LTYPE
  5
39
330
2
100
AcDbSymbolTableRecord
100
AcDbLinetypeTableRecord
  2
DASHDOTX2
 70
0
  3
Dash dot (2x) ____  .  ____  .  ____  .  ____
 72
65
 73
4
 40
6.096
 49
5.08
 74
0
 49
-0.508
 74
0
 49
0.0
 74
0
 49
-0.508
 74
0
  0
LTYPE
  5
3A
330
2
100
AcDbSymbolTableRecord
100
AcDbLinetypeTableRecord
  2
DASHDOT2
 70
0
  3
Dash dot (.5x) _ . _ . _ . _ . _ . _ . _ . _
 72
65
 73
4
 40
1.778
 49
1.27
 74
0
 49
-0.254
 74
0
 49
0.0
 74
0
 49
-0.254
 74
0
  0
LTYPE
  5
3B
330
2
100
AcDbSymbolTableRecord
100
AcDbLinetypeTableRecord
  2
DOT
 70
0
  3
Dot .  .  .  .  .  .  .  .  .  .  .  .  .  .  .  .
 72
65
 73
2
 40
0.508
 49
0.0
 74
0
 49
-0.508
 74
0
  0
LTYPE
  5
3C
330
2
100
AcDbSymbolTableRecord
100
AcDbLinetypeTableRecord
  2
DOTX2
 70
0
  3
Dot (2x) .    .    .    .    .    .    .    . 
 72
65
 73
2
 40
1.016
 49
0.0
 74
0
 49
-1.016
 74
0
  0
LTYPE
  5
3D
330
2
100
AcDbSymbolTableRecord
100
AcDbLinetypeTableRecord
  2
DOT2
 70
0
  3
Dot (.5) . . . . . . . . . . . . . . . . . . . 
 72
65
 73
2
 40
0.254
 49
0.0
 74
0
 49
-0.254
 74
0
  0
LTYPE
  5
3E
330
2
100
AcDbSymbolTableRecord
100
AcDbLinetypeTableRecord
  2
DIVIDE
 70
0
  3
Divide __ . . __ . . __ . . __ . . __ . . __
 72
65
 73
6
 40
4.064
 49
2.54
 74
0
 49
-0.508
 74
0
 49
0.0
 74
0
 49
-0.508
 74
0
 49
0.0
 74
0
 49
-0.508
 74
0
  0
LTYPE
  5
3F
330
2
100
AcDbSymbolTableRecord
100
AcDbLinetypeTableRecord
  2
DIVIDEX2
 70
0
  3
Divide (2x) ____  . .  ____  . .  ____  . .  ____
 72
65
 73
6
 40
6.604
 49
5.08
 74
0
 49
-0.508
 74
0
 49
0.0
 74
0
 49
-0.508
 74
0
 49
0.0
 74
0
 49
-0.508
 74
0
  0
LTYPE
  5
40
330
2
100
AcDbSymbolTableRecord
100
AcDbLinetypeTableRecord
  2
DIVIDE2
 70
0
  3
Divide(.5x) _ . _ . _ . _ . _ . _ . _ . _
 72
65
 73
6
 40
2.032
 49
1.27
 74
0
 49
-0.254
 74
0
 49
0.0
 74
0
 49
-0.254
 74
0
 49
0.0
 74
0
 49
-0.254
 74
0
  0
ENDTAB
  0
TABLE
  2
LAYER
  5
1
330
0
100
AcDbSymbolTable
 70
4
  0
LAYER
  5
27
330
1
100
AcDbSymbolTableRecord
100
AcDbLayerTableRecord
  2
0
 70
0
 62
7
  6
Continuous
370
-3
390
13
347
21
  0
LAYER
  5
28
330
1
100
AcDbSymbolTableRecord
100
AcDbLayerTableRecord
  2
Defpoints
 70
0
 62
7
  6
Continuous
290
0
370
-3
390
13
347
21
  0
LAYER
  5
8A
330
1
100
AcDbSymbolTableRecord
100
AcDbLayerTableRecord
  2
PROFILE
 70
0
 62
1
  6
Continuous
370
-3
390
13
347
21
  0
LAYER
  5
8B
330
1
100
AcDbSymbolTableRecord
100
AcDbLayerTableRecord
  2
SLOTS
 70
0
 62
3
  6
Continuous
370
-3
390
13
347
21
  0
ENDTAB
  0
TABLE
  2
STYLE
  5
5
330
0
100
AcDbSymbolTable
 70
26
  0
STYLE
  5
29
330
5
100
AcDbSymbolTableRecord
100
AcDbTextStyleTableRecord
  2
Standard
 70
0
 40
0.0
 41
1.0
 50
0.0
 71
0
 42
2.5
  3
txt
  4

  0
STYLE
  5
41
330
5
100
AcDbSymbolTableRecord
100
AcDbTextStyleTableRecord
  2
OpenSans-Light
 70
0
 40
0.0
 41
1.0
 50
0.0
 71
0
 42
2.5
  3
OpenSans-Light.ttf
  4

  0
STYLE
  5
42
330
5
100
AcDbSymbolTableRecord
100
AcDbTextStyleTableRecord
  2
OpenSans-Light-Italic
 70
0
 40
0.0
 41
1.0
 50
0.0
 71
0
 42
2.5
  3
OpenSans-LightItalic.ttf
  4

  0
STYLE
  5
43
330
5
100
AcDbSymbolTableRecord
100
AcDbTextStyleTableRecord
  2
OpenSans
 70
0
 40
0.0
 41
1.0
 50
0.0
 71
0
 42
2.5
  3
OpenSans-Regular.ttf
  4

  0
STYLE
  5
44
330
5
100
AcDbSymbolTableRecord
100
AcDbTextStyleTableRecord
  2
OpenSans-Italic
 70
0
 40
0.0
 41
1.0
 50
0.0
 71
0
 42
2.5
  3
OpenSans-Italic.ttf
  4

  0
STYLE
  5
45
330
5
100
AcDbSymbolTableRecord
100
AcDbTextStyleTableRecord
  2
OpenSans-SemiBold
 70
0
 40
0.0
 41
1.0
 50
0.0
 71
0
 42
2.5
  3
OpenSans-SemiBold.ttf
  4

  0
STYLE
  5
46
330
5
100
AcDbSymbolTableRecord
100
AcDbTextStyleTableRecord
  2
OpenSans-SemiBoldItalic
 70
0
 40
0.0
 41
1.0
 50
0.0
 71
0
 42
2.5
  3
OpenSans-SemiBoldItalic.ttf
  4

  0
STYLE
  5
47
330
5
100
AcDbSymbolTableRecord
100
AcDbTextStyleTableRecord
  2
OpenSans-Bold
 70
0
 40
0.0
 41
1.0
 50
0.0
 71
0
 42
2.5
  3
OpenSans-Bold.ttf
  4

  0
STYLE
  5
48
330
5
100
AcDbSymbolTableRecord
100
AcDbTextStyleTableRecord
  2
OpenSans-BoldItalic
 70
0
 40
0.0
 41
1.0
 50
0.0
 71
0
 42
2.5
  3
OpenSans-BoldItalic.ttf
  4

  0
STYLE
  5
49
330
5
100
AcDbSymbolTableRecord
100
AcDbTextStyleTableRecord
  2
OpenSans-ExtraBold
 70
0
 40
0.0
 41
1.0
 50
0.0
 71
0
 42
2.5
  3
OpenSans-ExtraBold.ttf
  4

  0
STYLE
  5
4A
330
5
100
AcDbSymbolTableRecord
100
AcDbTextStyleTableRecord
  2
OpenSans-ExtraBoldItalic
 70
0
 40
0.0
 41
1.0
 50
0.0
 71
0
 42
2.5
  3
OpenSans-ExtraBoldItalic.ttf
  4

  0
STYLE
  5
4B
330
5
100
AcDbSymbolTableRecord
100
AcDbTextStyleTableRecord
  2
OpenSansCondensed-Bold
 70
0
 40
0.0
 41
1.0
 50
0.0
 71
0
 42
2.5
  3
OpenSansCondensed-Bold.ttf
  4

  0
STYLE
  5
4C
330
5
100
AcDbSymbolTableRecord
100
AcDbTextStyleTableRecord
  2
OpenSansCondensed-Light
 70
0
 40
0.0
 41
1.0
 50
0.0
 71
0
 42
2.5
  3
OpenSansCondensed-Light.ttf
  4

  0
STYLE
  5
4D
330
5
100
AcDbSymbolTableRecord
100
AcDbTextStyleTableRecord
  2
OpenSansCondensed-Italic
 70
0
 40
0.0
 41
1.0
 50
0.0
 71
0
 42
2.5
  3
OpenSansCondensed-LightItalic.ttf
  4

  0
STYLE
  5
4E
330
5
100
AcDbSymbolTableRecord
100
AcDbTextStyleTableRecord
  2
LiberationSans
 70
0
 40
0.0
 41
1.0
 50
0.0
 71
0
 42
2.5
  3
LiberationSans-Regular.ttf
  4

  0
STYLE
  5
4F
330
5
100
AcDbSymbolTableRecord
100
AcDbTextStyleTableRecord
  2
LiberationSans-Bold
 70
0
 40
0.0
 41
1.0
 50
0.0
 71
0
 42
2.5
  3
LiberationSans-Bold.ttf
  4

  0
STYLE
  5
50
330
5
100
AcDbSymbolTableRecord
100
AcDbTextStyleTableRecord
  2
LiberationSans-BoldItalic
 70
0
 40
0.0
 41
1.0
 50
0.0
 71
0
 42
2.5
  3
LiberationSans-BoldItalic.ttf
  4

  0
STYLE
  5
51
330
5
100
AcDbSymbolTableRecord
100
AcDbTextStyleTableRecord
  2
LiberationSans-Italic
 70
0
 40
0.0
 41
1.0
 50
0.0
 71
0
 42
2.5
  3
LiberationSans-Italic.ttf
  4

  0
STYLE
  5
52
330
5
100
AcDbSymbolTableRecord
100
AcDbTextStyleTableRecord
  2
LiberationSerif
 70
0
 40
0.0
 41
1.0
 50
0.0
 71
0
 42
2.5
  3
LiberationSerif-Regular.ttf
  4

  0
STYLE
  5
53
330
5
100
AcDbSymbolTableRecord
100
AcDbTextStyleTableRecord
  2
LiberationSerif-Bold
 70
0
 40
0.0
 41
1.0
 50
0.0
 71
0
 42
2.5
  3
LiberationSerif-Bold.ttf
  4

  0
STYLE
  5
54
330
5
100
AcDbSymbolTableRecord
100
AcDbTextStyleTableRecord
  2
LiberationSerif-BoldItalic
 70
0
 40
0.0
 41
1.0
 50
0.0
 71
0
 42
2.5
  3
LiberationSerif-BoldItalic.ttf
  4

  0
STYLE
  5
55
330
5
100
AcDbSymbolTableRecord
100
AcDbTextStyleTableRecord
  2
LiberationSerif-Italic
 70
0
 40
0.0
 41
1.0
 50
0.0
 71
0
 42
2.5
  3
LiberationSerif-Italic.ttf
  4

  0
STYLE
  5
56
330
5
100
AcDbSymbolTableRecord
100
AcDbTextStyleTableRecord
  2
LiberationMono
 70
0
 40
0.0
 41
1.0
 50
0.0
 71
0
 42
2.5
  3
LiberationMono-Regular.ttf
  4

  0
STYLE
  5
57
330
5
100
AcDbSymbolTableRecord
100
AcDbTextStyleTableRecord
  2
LiberationMono-Bold
 70
0
 40
0.0
 41
1.0
 50
0.0
 71
0
 42
2.5
  3
LiberationMono-Bold.ttf
  4

  0
STYLE
  5
58
330
5
100
AcDbSymbolTableRecord
100
AcDbTextStyleTableRecord
  2
LiberationMono-BoldItalic
 70
0
 40
0.0
 41
1.0
 50
0.0
 71
0
 42
2.5
  3
LiberationMono-BoldItalic.ttf
  4

  0
STYLE
  5
59
330
5
100
AcDbSymbolTableRecord
100
AcDbTextStyleTableRecord
  2
LiberationMono-Italic
 70
0
 40
0.0
 41
1.0
 50
0.0
 71
0
 42
2.5
  3
LiberationMono-Italic.ttf
  4

  0
ENDTAB
  0
TABLE
  2
VIEW
  5
7
330
0
100
AcDbSymbolTable
 70
0
  0
ENDTAB
  0
TABLE
  2
UCS
  5
6
330
0
100
AcDbSymbolTable
 70
0
  0
ENDTAB
  0
TABLE
  2
APPID
  5
3
330
0
100
AcDbSymbolTable
 70
3
  0
APPID
  5
2A
330
3
100
AcDbSymbolTableRecord
100
AcDbRegAppTableRecord
  2
ACAD
 70
0
  0
APPID
  5
5B5
330
3
100
AcDbSymbolTableRecord
100
AcDbRegAppTableRecord
  2
HATCHBACKGROUNDCOLOR
 70
0
  0
APPID
  5
5B6
330
3
100
AcDbSymbolTableRecord
100
AcDbRegAppTableRecord
  2
EZDXF
 70
0
  0
ENDTAB
  0
TABLE
  2
DIMSTYLE
  5
4
330
0
100
AcDbSymbolTable
 70
12
100
AcDbDimStyleTable
  0
DIMSTYLE
105
2B
330
4
100
AcDbSymbolTableRecord
100
AcDbDimStyleTableRecord
  2
Standard
 70
0
 40
1.0
 41
2.5
 42
0.625
 43
3.75
 44
1.25
 45
0.0
 46
0.0
 47
0.0
 48
0.0
 49
2.5
140
2.5
141
2.5
142
0.0
143
0.03937007874
144
1.0
145
0.0
146
1.0
147
0.625
148
0.0
 69
0
 70
0
 71
0
 72
0
 73
0
 74
0
 75
0
 76
0
 77
1
 78
8
 79
3
170
0
171
3
172
1
173
0
174
0
175
0
176
0
177
0
178
0
179
2
271
2
272
2
273
2
274
3
275
0
276
0
277
2
278
44
279
0
280
0
281
0
282
0
283
0
284
8
285
0
286
0
288
0
289
3
290
0
371
-2
372
-2
  0
DIMSTYLE
105
73
330
4
100
AcDbSymbolTableRecord
100
AcDbDimStyleTableRecord
  2
EZDXF
 70
0
 40
1.0
 41
0.175
 42
0.125
 43
3.75
 44
0.375
 45
0.0
 46
0.0
 47
0.0
 48
0.0
 49
2.5
140
0.25
141
2.5
142
0.0
143
0.03937007874
144
100.0
145
0.0
146
0.5
147
0.1
148
0.0
 69
0
 70
0
 71
0
 72
0
 73
0
 74
0
 75
0
 76
0
 77
1
 78
12
 79
3
170
0
171
3
172
1
173
0
174
0
175
0
176
0
177
0
178
0
179
2
271
2
272
2
273
2
274
3
275
0
276
0
277
2
278
46
279
2
280
0
281
0
282
0
283
0
284
8
285
0
286
0
288
1
289
3
290
0
340
4C
342
74
371
-2
372
-2
  0
DIMSTYLE
105
7C
330
4
100
AcDbSymbolTableRecord
100
AcDbDimStyleTableRecord
  2
EZ_M_100_H25_CM
 70
0
 40
1.0
 41
0.25
 42
0.125
 43
3.75
 44
0.375
 45
0.0
 46
0.0
 47
0.0
 48
0.0
 49
2.5
140
0.25
141
2.5
142
0.125
143
0.03937007874
144
100.0
145
0.0
146
0.5
147
0.1
148
0.0
 69
0
 70
0
 71
0
 72
0
 73
0
 74
0
 75
0
 76
0
 77
1
 78
12
 79
3
170
0
171
3
172
1
173
0
174
0
175
0
176
0
177
0
178
0
179
2
271
2
272
2
273
2
274
3
275
0
276
0
277
2
278
46
279
2
280
0
281
0
282
0
283
0
284
8
285
0
286
0
288
1
289
3
290
0
340
4C
371
-2
372
-2
  0
DIMSTYLE
105
7D
330
4
100
AcDbSymbolTableRecord
100
AcDbDimStyleTableRecord
  2
EZ_M_50_H25_CM
 70
0
 40
1.0
 41
0.125
 42
0.0625
 43
3.75
 44
0.1875
 45
0.0
 46
0.0
 47
0.0
 48
0.0
 49
2.5
140
0.125
141
2.5
142
0.0625
143
0.03937007874
144
100.0
145
0.0
146
0.5
147
0.05
148
0.0
 69
0
 70
0
 71
0
 72
0
 73
0
 74
0
 75
0
 76
0
 77
1
 78
12
 79
3
170
0
171
3
172
1
173
0
174
0
175
0
176
0
177
0
178
0
179
2
271
2
272
2
273
2
274
3
275
0
276
0
277
2
278
46
279
2
280
0
281
0
282
0
283
0
284
8
285
0
286
0
288
1
289
3
290
0
340
4C
371
-2
372
-2
  0
DIMSTYLE
105
7E
330
4
100
AcDbSymbolTableRecord
100
AcDbDimStyleTableRecord
  2
EZ_M_25_H25_CM
 70
0
 40
1.0
 41
0.0625
 42
0.03125
 43
3.75
 44
0.09375
 45
0.0
 46
0.0
 47
0.0
 48
0.0
 49
2.5
140
0.0625
141
2.5
142
0.03125
143
0.03937007874
144
100.0
145
0.0
146
0.5
147
0.025
148
0.0
 69
0
 70
0
 71
0
 72
0
 73
0
 74
0
 75
0
 76
0
 77
1
 78
12
 79
3
170
0
171
3
172
1
173
0
174
0
175
0
176
0
177
0
178
0
179
2
271
2
272
2
273
2
274
3
275
0
276
0
277
2
278
46
279
2
280
0
281
0
282
0
283
0
284
8
285
0
286
0
288
1
289
3
290
0
340
4C
371
-2
372
-2
  0
DIMSTYLE
105
7F
330
4
100
AcDbSymbolTableRecord
100
AcDbDimStyleTableRecord
  2
EZ_M_20_H25_CM
 70
0
 40
1.0
 41
0.05
 42
0.025
 43
3.75
 44
0.07500000000000001
 45
0.0
 46
0.0
 47
0.0
 48
0.0
 49
2.5
140
0.05
141
2.5
142
0.025
143
0.03937007874
144
100.0
145
0.0
146
0.5
147
0.020000000000000004
148
0.0
 69
0
 70
0
 71
0
 72
0
 73
0
 74
0
 75
0
 76
0
 77
1
 78
12
 79
3
170
0
171
3
172
1
173
0
174
0
175
0
176
0
177
0
178
0
179
2
271
2
272
2
273
2
274
3
275
0
276
0
277
2
278
46
279
2
280
0
281
0
282
0
283
0
284
8
285
0
286
0
288
1
289
3
290
0
340
4C
371
-2
372
-2
  0
DIMSTYLE
105
80
330
4
100
AcDbSymbolTableRecord
100
AcDbDimStyleTableRecord
  2
EZ_M_10_H25_CM
 70
0
 40
1.0
 41
0.025
 42
0.0125
 43
3.75
 44
0.037500000000000006
 45
0.0
 46
0.0
 47
0.0
 48
0.0
 49
2.5
140
0.025
141
2.5
142
0.0125
143
0.03937007874
144
100.0
145
0.0
146
0.5
147
0.010000000000000002
148
0.0
 69
0
 70
0
 71
0
 72
0
 73
0
 74
0
 75
0
 76
0
 77
1
 78
12
 79
3
170
0
171
3
172
1
173
0
174
0
175
0
176
0
177
0
178
0
179
2
271
2
272
2
273
2
274
3
275
0
276
0
277
2
278
46
279
2
280
0
281
0
282
0
283
0
284
8
285
0
286
0
288
1
289
3
290
0
340
4C
371
-2
372
-2
  0
DIMSTYLE
105
81
330
4
100
AcDbSymbolTableRecord
100
AcDbDimStyleTableRecord
  2
EZ_M_5_H25_CM
 70
0
 40
1.0
 41
0.0125
 42
0.00625
 43
3.75
 44
0.018750000000000003
 45
0.0
 46
0.0
 47
0.0
 48
0.0
 49
2.5
140
0.0125
141
2.5
142
0.00625
143
0.03937007874
144
100.0
145
0.0
146
0.5
147
0.005000000000000001
148
0.0
 69
0
 70
0
 71
0
 72
0
 73
0
 74
0
 75
0
 76
0
 77
1
 78
12
 79
3
170
0
171
3
172
1
173
0
174
0
175
0
176
0
177
0
178
0
179
2
271
2
272
2
273
2
274
3
275
0
276
0
277
2
278
46
279
2
280
0
281
0
282
0
283
0
284
8
285
0
286
0
288
1
289
3
290
0
340
4C
371
-2
372
-2
  0
DIMSTYLE
105
82
330
4
100
AcDbSymbolTableRecord
100
AcDbDimStyleTableRecord
  2
EZ_M_1_H25_CM
 70
0
 40
1.0
 41
0.0025
 42
0.00125
 43
3.75
 44
0.00375
 45
0.0
 46
0.0
 47
0.0
 48
0.0
 49
2.5
140
0.0025
141
2.5
142
0.00125
143
0.03937007874
144
100.0
145
0.0
146
0.5
147
0.001
148
0.0
 69
0
 70
0
 71
0
 72
0
 73
0
 74
0
 75
0
 76
0
 77
1
 78
12
 79
3
170
0
171
3
172
1
173
0
174
0
175
0
176
0
177
0
178
0
179
2
271
2
272
2
273
2
274
3
275
0
276
0
277
2
278
46
279
2
280
0
281
0
282
0
283
0
284
8
285
0
286
0
288
1
289
3
290
0
340
4C
371
-2
372
-2
  0
DIMSTYLE
105
83
330
4
100
AcDbSymbolTableRecord
100
AcDbDimStyleTableRecord
  2
EZ_RADIUS
 70
0
 40
1.0
 41
0.25
 42
0.125
 43
3.75
 44
0.375
 45
0.0
 46
0.0
 47
0.0
 48
0.0
 49
2.5
140
0.25
141
0.0
142
0.0
143
0.03937007874
144
100.0
145
0.0
146
0.5
147
0.1
148
0.0
 69
0
 70
0
 71
0
 72
0
 73
0
 74
0
 75
0
 76
0
 77
1
 78
12
 79
3
170
0
171
3
172
0
173
0
174
0
175
0
176
0
177
0
178
0
179
2
271
2
272
2
273
2
274
3
275
0
276
0
277
2
278
46
279
1
280
0
281
0
282
0
283
0
284
8
285
0
286
0
288
1
289
3
290
0
340
4C
342
84
371
-2
372
-2
  0
DIMSTYLE
105
88
330
4
100
AcDbSymbolTableRecord
100
AcDbDimStyleTableRecord
  2
EZ_RADIUS_INSIDE
 70
0
 40
1.0
 41
0.25
 42
0.125
 43
3.75
 44
0.375
 45
0.0
 46
0.0
 47
0.0
 48
0.0
 49
2.5
140
0.25
141
0.0
142
0.0
143
0.03937007874
144
100.0
145
0.0
146
0.5
147
0.1
148
0.0
 69
0
 70
0
 71
0
 72
0
 73
0
 74
0
 75
0
 76
0
 77
0
 78
12
 79
3
170
0
171
3
172
0
173
0
174
1
175
0
176
0
177
0
178
0
179
2
271
2
272
2
273
2
274
3
275
0
276
0
277
2
278
46
279
0
280
0
281
0
282
0
283
0
284
8
285
0
286
0
288
1
289
0
290
0
340
4C
342
84
371
-2
372
-2
  0
DIMSTYLE
105
89
330
4
100
AcDbSymbolTableRecord
100
AcDbDimStyleTableRecord
  2
EZ_CURVED
 70
0
 40
1.0
 41
0.25
 42
0.125
 43
3.75
 44
0.375
 45
0.0
 46
0.0
 47
0.0
 48
0.0
 49
2.5
140
0.25
141
2.5
142
0.0
143
0.03937007874
144
100.0
145
0.0
146
0.5
147
0.1
148
0.0
 69
0
 70
0
 71
0
 72
0
 73
0
 74
0
 75
0
 76
0
 77
1
 78
12
 79
2
 90
2
170
0
171
3
172
1
173
0
174
0
175
0
176
0
177
0
178
0
179
2
271
2
272
2
273
2
274
3
275
0
276
0
277
2
278
46
279
2
280
0
281
0
282
0
283
0
284
8
285
0
286
0
288
1
289
3
290
0
340
4C
371
-2
372
-2
  0
ENDTAB
  0
TABLE
  2
BLOCK_RECORD
  5
9
330
0
100
AcDbSymbolTable
 70
5
  0
BLOCK_RECORD
  5
17
330
9
100
AcDbSymbolTableRecord
100
AcDbBlockTableRecord
  2
*Model_Space
340
1A
 70
0
280
1
281
0
  0
BLOCK_RECORD
  5
1B
330
9
100
AcDbSymbolTableRecord
100
AcDbBlockTableRecord
  2
*Paper_Space
340
1E
 70
0
280
1
281
0
  0
BLOCK_RECORD
  5
74
330
9
100
AcDbSymbolTableRecord
100
AcDbBlockTableRecord
  2
_ARCHTICK
340
0
 70
0
280
1
281
0
  0
BLOCK_RECORD
  5
78
330
9
100
AcDbSymbolTableRecord
100
AcDbBlockTableRecord
  2
_CLOSEDFILLED
340
0
 70
0
280
1
281
0
  0
BLOCK_RECORD
  5
84
330
9
100
AcDbSymbolTableRecord
100
AcDbBlockTableRecord
  2
_CLOSEDBLANK
340
0
 70
0
280
1
281
0
  0
ENDTAB
  0
ENDSEC
  0
SECTION
  2
BLOCKS
  0
BLOCK
  5
18
330
17
100
AcDbEntity
  8
0
100
AcDbBlockBegin
  2
*Model_Space
 70
0
 10
0.0
 20
0.0
 30
0.0
  3
*Model_Space
  1

  0
ENDBLK
  5
19
330
17
100
AcDbEntity
  8
0
100
AcDbBlockEnd
  0
BLOCK
  5
1C
330
1B
100
AcDbEntity
  8
0
100
AcDbBlockBegin
  2
*Paper_Space
 70
0
 10
0.0
 20
0.0
 30
0.0
  3
*Paper_Space
  1

  0
ENDBLK
  5
1D
330
1B
100
AcDbEntity
  8
0
100
AcDbBlockEnd
  0
BLOCK
  5
75
330
74
100
AcDbEntity
  8
0
100
AcDbBlockBegin
  2
_ARCHTICK
 70
0
 10
0.0
 20
0.0
 30
0.0
  3
_ARCHTICK
  1

  0
LWPOLYLINE
  5
77
330
74
100
AcDbEntity
  8
0
  6
BYBLOCK
 62
0
100
AcDbPolyline
 90
2
 70
0
 43
0.15
 10
-0.5
 20
-0.5
 10
0.5
 20
0.5
  0
ENDBLK
  5
76
330
74
100
AcDbEntity
  8
0
100
AcDbBlockEnd
  0
BLOCK
  5
79
330
78
100
AcDbEntity
  8
0
100
AcDbBlockBegin
  2
_CLOSEDFILLED
 70
0
 10
0.0
 20
0.0
 30
0.0
  3
_CLOSEDFILLED
  1

  0
SOLID
  5
7B
330
78
100
AcDbEntity
  8
0
  6
BYBLOCK
 62
0
100
AcDbTrace
 10
-1.0
 20
0.16439898372402537
 30
0.0
 11
0.0
 21
0.0
 31
0.0
 12
-1.0
 22
-0.16439898372402537
 32
0.0
 13
-1.0
 23
-0.16439898372402537
 33
0.0
  0
ENDBLK
  5
7A
330
78
100
AcDbEntity
  8
0
100
AcDbBlockEnd
  0
BLOCK
  5
85
330
84
100
AcDbEntity
  8
0
100
AcDbBlockBegin
  2
_CLOSEDBLANK
 70
0
 10
0.0
 20
0.0
 30
0.0
  3
_CLOSEDBLANK
  1

  0
LWPOLYLINE
  5
87
330
84
100
AcDbEntity
  8
0
  6
BYBLOCK
 62
0
100
AcDbPolyline
 90
3
 70
1
 10
-1.0
 20
0.16439898372402537
 10
0.0
 20
0.0
 10
-1.0
 20
-0.16439898372402537
  0
ENDBLK
  5
86
330
84
100
AcDbEntity
  8
0
100
AcDbBlockEnd
  0
ENDSEC
  0
SECTION
  2
ENTITIES
  0
LWPOLYLINE
  5
8C
330
17
100
AcDbEntity
  8
PROFILE
100
AcDbPolyline
 90
4
 70
1
 10
0.0
 20
0.0
 10
36.0
 20
0.0
 10
36.0
 20
31.0
 10
0.0
 20
31.0
  0
LINE
  5
8D
330
17
100
AcDbEntity
  8
SLOTS
100
AcDbLine
 10
17.75720724685841
 20
25.24646645122182
 30
0.0
 11
17.764878405650514
 21
25.347715887855742
 31
0.0
  0
LINE
  5
8E
330
17
100
AcDbEntity
  8
SLOTS
100
AcDbLine
 10
18.01416393912755
 20
25.328828781167033
 30
0.0
 11
18.006492780335446
 21
25.227579344533112
 31
0.0
  0
ARC
  5
8F
330
17
100
AcDbEntity
  8
SLOTS
100
AcDbCircle
 10
17.88952117238903
 20
25.338272334511387
 30
0.0
 40
0.125
100
AcDbArc
 50
-4.3327342469187045
 51
175.6672657530813
  0
ARC
  5
90
330
17
100
AcDbEntity
  8
SLOTS
100
AcDbCircle
 10
17.881850013596928
 20
25.237022897877466
 30
0.0
 40
0.125
100
AcDbArc
 50
175.6672657530813
 51
355.6672657530813
  0
LINE
  5
91
330
17
100
AcDbEntity
  8
SLOTS
100
AcDbLine
 10
16.946676649370215
 20
24.475911562420137
 30
0.0
 11
17.136792341346748
 21
26.98519434870602
 31
0.0
  0
LINE
  5
92
330
17
100
AcDbEntity
  8
SLOTS
100
AcDbLine
 10
17.386077874823783
 20
26.96630724201731
 30
0.0
 11
17.19596218284725
 21
24.45702445573143
 31
0.0
  0
ARC
  5
93
330
17
100
AcDbEntity
  8
SLOTS
100
AcDbCircle
 10
17.261435108085266
 20
26.975750795361666
 30
0.0
 40
0.125
100
AcDbArc
 50
-4.332734246919117
 51
175.66726575308087
  0
ARC
  5
94
330
17
100
AcDbEntity
  8
SLOTS
100
AcDbCircle
 10
17.071319416108732
 20
24.466468009075783
 30
0.0
 40
0.125
100
AcDbArc
 50
175.66726575308087
 51
355.66726575308087
  0
LINE
  5
95
330
17
100
AcDbEntity
  8
SLOTS
100
AcDbLine
 10
16.26988165378195
 20
25.470494733881868
 30
0.0
 11
16.508706277042975
 21
28.622672809556306
 31
0.0
  0
LINE
  5
96
330
17
100
AcDbEntity
  8
SLOTS
100
AcDbLine
 10
16.75799181052001
 20
28.603785702867597
 30
0.0
 11
16.519167187258986
 21
25.45160762719316
 31
0.0
  0
ARC
  5
97
330
17
100
AcDbEntity
  8
SLOTS
100
AcDbCircle
 10
16.633349043781493
 20
28.61322925621195
 30
0.0
 40
0.125
100
AcDbArc
 50
-4.332734246919088
 51
175.66726575308093
  0
ARC
  5
98
330
17
100
AcDbEntity
  8
SLOTS
100
AcDbCircle
 10
16.39452442052047
 20
25.461051180537513
 30
0.0
 40
0.125
100
AcDbArc
 50
175.66726575308093
 51
355.6672657530809
  0
LINE
  5
99
330
17
100
AcDbEntity
  8
SLOTS
100
AcDbLine
 10
15.672012636503966
 20
27.506799378756753
 30
0.0
 11
15.85215473527266
 21
29.884443553344354
 31
0.0
  0
LINE
  5
9A
330
17
100
AcDbEntity
  8
SLOTS
100
AcDbLine
 10
16.101440268749695
 20
29.865556446655646
 30
0.0
 11
15.921298169981002
 21
27.487912272068044
 31
0.0
  0
ARC
  5
9B
330
17
100
AcDbEntity
  8
SLOTS
100
AcDbCircle
 10
15.976797502011177
 20
29.875
 30
0.0
 40
0.125
100
AcDbArc
 50
-4.332734246919088
 51
175.66726575308093
  0
ARC
  5
9C
330
17
100
AcDbEntity
  8
SLOTS
100
AcDbCircle
 10
15.796655403242484
 20
27.4973558254124
 30
0.0
 40
0.125
100
AcDbArc
 50
175.66726575308093
 51
355.6672657530809
  0
LINE
  5
9D
330
17
100
AcDbEntity
  8
SLOTS
100
AcDbLine
 10
15.074143619225984
 20
29.543104023631635
 30
0.0
 11
15.083460326370602
 21
29.666072583563782
 31
0.0
  0
LINE
  5
9E
330
17
100
AcDbEntity
  8
SLOTS
100
AcDbLine
 10
15.332745859847638
 20
29.647185476875073
 30
0.0
 11
15.323429152703019
 21
29.524216916942926
 31
0.0
  0
ARC
  5
9F
330
17
100
AcDbEntity
  8
SLOTS
100
AcDbCircle
 10
15.20810309310912
 20
29.656629030219428
 30
0.0
 40
0.125
100
AcDbArc
 50
-4.332734246919117
 51
175.66726575308087
  0
ARC
  5
A0
330
17
100
AcDbEntity
  8
SLOTS
100
AcDbCircle
 10
15.198786385964501
 20
29.53366047028728
 30
0.0
 40
0.125
100
AcDbArc
 50
175.66726575308087
 51
355.66726575308087
  0
LINE
  5
A1
330
17
100
AcDbEntity
  8
SLOTS
100
AcDbLine
 10
14.650665538723873
 20
28.734839280722657
 30
0.0
 11
13.096493734980642
 21
28.29146125782599
 31
0.0
  0
LINE
  5
A2
330
17
100
AcDbEntity
  8
SLOTS
100
AcDbLine
 10
13.027909428297358
 20
28.53186964552653
 30
0.0
 11
14.582081232040588
 21
28.975247668423197
 31
0.0
  0
ARC
  5
A3
330
17
100
AcDbEntity
  8
SLOTS
100
AcDbCircle
 10
13.062201581639
 20
28.41166545167626
 30
0.0
 40
0.125
100
AcDbArc
 50
-254.07747889345725
 51
-74.07747889345725
  0
ARC
  5
A4
330
17
100
AcDbEntity
  8
SLOTS
100
AcDbCircle
 10
14.61637338538223
 20
28.855043474572927
 30
0.0
 40
0.125
100
AcDbArc
 50
-74.07747889345725
 51
105.92252110654275
  0
LINE
  5
A5
330
17
100
AcDbEntity
  8
SLOTS
100
AcDbLine
 10
14.861956879101827
 20
28.015194132037156
 30
0.0
 11
13.015944162776982
 21
27.48855900300258
 31
0.0
  0
LINE
  5
A6
330
17
100
AcDbEntity
  8
SLOTS
100
AcDbLine
 10
12.947359856093698
 20
27.728967390703122
 30
0.0
 11
14.793372572418543
 21
28.255602519737696
 31
0.0
  0
ARC
  5
A7
330
17
100
AcDbEntity
  8
SLOTS
100
AcDbCircle
 10
12.98165200943534
 20
27.608763196852852
 30
0.0
 40
0.125
100
AcDbArc
 50
-254.0774788934573
 51
-74.07747889345731
  0
ARC
  5
A8
330
17
100
AcDbEntity
  8
SLOTS
100
AcDbCircle
 10
14.827664725760185
 20
28.135398325887426
 30
0.0
 40
0.125
100
AcDbArc
 50
-74.07747889345731
 51
105.92252110654269
  0
LINE
  5
A9
330
17
100
AcDbEntity
  8
SLOTS
100
AcDbLine
 10
15.07324821947978
 20
27.295548983351658
 30
0.0
 11
12.935394590573322
 21
26.685656748179177
 31
0.0
  0
LINE
  5
AA
330
17
100
AcDbEntity
  8
SLOTS
100
AcDbLine
 10
12.866810283890038
 20
26.926065135879718
 30
0.0
 11
15.004663912796495
 21
27.5359573710522
 31
0.0
  0
ARC
  5
AB
330
17
100
AcDbEntity
  8
SLOTS
100
AcDbCircle
 10
12.90110243723168
 20
26.805860942029447
 30
0.0
 40
0.125
100
AcDbArc
 50
-254.0774788934573
 51
-74.07747889345731
  0
ARC
  5
AC
330
17
100
AcDbEntity
  8
SLOTS
100
AcDbCircle
 10
15.038956066138137
 20
27.41575317720193
 30
0.0
 40
0.125
100
AcDbArc
 50
-74.07747889345731
 51
105.92252110654269
  0
LINE
  5
AD
330
17
100
AcDbEntity
  8
SLOTS
100
AcDbLine
 10
15.284539559857734
 20
26.57590383466616
 30
0.0
 11
12.854845018369662
 21
25.882754493355772
 31
0.0
  0
LINE
  5
AE
330
17
100
AcDbEntity
  8
SLOTS
100
AcDbLine
 10
12.786260711686378
 20
26.123162881056313
 30
0.0
 11
15.21595525317445
 21
26.8163122223667
 31
0.0
  0
ARC
  5
AF
330
17
100
AcDbEntity
  8
SLOTS
100
AcDbCircle
 10
12.82055286502802
 20
26.002958687206043
 30
0.0
 40
0.125
100
AcDbArc
 50
-254.07747889345734
 51
-74.07747889345734
  0
ARC
  5
B0
330
17
100
AcDbEntity
  8
SLOTS
100
AcDbCircle
 10
15.250247406516092
 20
26.69610802851643
 30
0.0
 40
0.125
100
AcDbArc
 50
-74.07747889345734
 51
105.92252110654266
  0
LINE
  5
B1
330
17
100
AcDbEntity
  8
SLOTS
100
AcDbLine
 10
15.495830900235688
 20
25.85625868598066
 30
0.0
 11
14.103772825811555
 21
25.459128873620816
 31
0.0
  0
LINE
  5
B2
330
17
100
AcDbEntity
  8
SLOTS
100
AcDbLine
 10
14.03518851912827
 20
25.699537261321357
 30
0.0
 11
15.427246593552404
 21
26.0966670736812
 31
0.0
  0
ARC
  5
B3
330
17
100
AcDbEntity
  8
SLOTS
100
AcDbCircle
 10
14.069480672469913
 20
25.579333067471087
 30
0.0
 40
0.125
100
AcDbArc
 50
-254.0774788934574
 51
-74.0774788934574
  0
ARC
  5
B4
330
17
100
AcDbEntity
  8
SLOTS
100
AcDbCircle
 10
15.461538746894046
 20
25.97646287983093
 30
0.0
 40
0.125
100
AcDbArc
 50
-74.0774788934574
 51
105.9225211065426
  0
LINE
  5
B5
330
17
100
AcDbEntity
  8
SLOTS
100
AcDbLine
 10
15.707122240613641
 20
25.136613537295165
 30
0.0
 11
15.440265098522675
 21
25.06048386374738
 31
0.0
  0
LINE
  5
B6
330
17
100
AcDbEntity
  8
SLOTS
100
AcDbLine
 10
15.37168079183939
 20
25.30089225144792
 30
0.0
 11
15.638537933930357
 21
25.377021924995706
 31
0.0
  0
ARC
  5
B7
330
17
100
AcDbEntity
  8
SLOTS
100
AcDbCircle
 10
15.405972945181032
 20
25.18068805759765
 30
0.0
 40
0.125
100
AcDbArc
 50
-254.07747889345742
 51
-74.07747889345742
  0
ARC
  5
B8
330
17
100
AcDbEntity
  8
SLOTS
100
AcDbCircle
 10
15.672830087271999
 20
25.256817731145436
 30
0.0
 40
0.125
100
AcDbArc
 50
-74.07747889345742
 51
105.92252110654258
  0
LINE
  5
B9
330
17
100
AcDbEntity
  8
SLOTS
100
AcDbLine
 10
16.462023332058696
 20
22.83420085524745
 30
0.0
 11
14.981202331974318
 21
24.41200550256366
 31
0.0
  0
LINE
  5
BA
330
17
100
AcDbEntity
  8
SLOTS
100
AcDbLine
 10
15.163492690295369
 20
24.58309093520824
 30
0.0
 11
16.64431369037975
 21
23.00528628789203
 31
0.0
  0
ARC
  5
BB
330
17
100
AcDbEntity
  8
SLOTS
100
AcDbCircle
 10
15.072347511134844
 20
24.49754821888595
 30
0.0
 40
0.125
100
AcDbArc
 50
43.18385995730853
 51
223.18385995730853
  0
ARC
  5
BC
330
17
100
AcDbEntity
  8
SLOTS
100
AcDbCircle
 10
16.553168511219223
 20
22.91974357156974
 30
0.0
 40
0.125
100
AcDbArc
 50
223.18385995730853
 51
403.1838599573085
  0
LINE
  5
BD
330
17
100
AcDbEntity
  8
SLOTS
100
AcDbLine
 10
15.706406332901517
 20
22.543361911796726
 30
0.0
 11
13.552734247039497
 21
24.838084788953832
 31
0.0
  0
LINE
  5
BE
330
17
100
AcDbEntity
  8
SLOTS
100
AcDbLine
 10
13.735024605360548
 20
25.009170221598414
 30
0.0
 11
15.888696691222568
 21
22.714447344441307
 31
0.0
  0
ARC
  5
BF
330
17
100
AcDbEntity
  8
SLOTS
100
AcDbCircle
 10
13.643879426200023
 20
24.923627505276123
 30
0.0
 40
0.125
100
AcDbArc
 50
43.18385995730853
 51
223.18385995730853
  0
ARC
  5
C0
330
17
100
AcDbEntity
  8
SLOTS
100
AcDbCircle
 10
15.797551512062043
 20
22.628904628119017
 30
0.0
 40
0.125
100
AcDbArc
 50
223.18385995730853
 51
403.1838599573085
  0
LINE
  5
C1
330
17
100
AcDbEntity
  8
SLOTS
100
AcDbLine
 10
14.95078933374433
 20
22.252522968346
 30
0.0
 11
12.223098786756845
 21
25.158858589756093
 31
0.0
  0
LINE
  5
C2
330
17
100
AcDbEntity
  8
SLOTS
100
AcDbLine
 10
12.405389145077896
 20
25.329944022400674
 30
0.0
 11
15.133079692065381
 21
22.42360840099058
 31
0.0
  0
ARC
  5
C3
330
17
100
AcDbEntity
  8
SLOTS
100
AcDbCircle
 10
12.31424396591737
 20
25.244401306078384
 30
0.0
 40
0.125
100
AcDbArc
 50
43.18385995730853
 51
223.18385995730853
  0
ARC
  5
C4
330
17
100
AcDbEntity
  8
SLOTS
100
AcDbCircle
 10
15.041934512904856
 20
22.33806568466829
 30
0.0
 40
0.125
100
AcDbArc
 50
223.18385995730853
 51
403.1838599573085
  0
LINE
  5
C5
330
17
100
AcDbEntity
  8
SLOTS
100
AcDbLine
 10
14.195172334587149
 20
21.96168402489528
 30
0.0
 11
11.464933988568752
 21
24.870734308746794
 31
0.0
  0
LINE
  5
C6
330
17
100
AcDbEntity
  8
SLOTS
100
AcDbLine
 10
11.647224346889804
 20
25.041819741391375
 30
0.0
 11
14.3774626929082
 21
22.13276945753986
 31
0.0
  0
ARC
  5
C7
330
17
100
AcDbEntity
  8
SLOTS
100
AcDbCircle
 10
11.556079167729278
 20
24.956277025069085
 30
0.0
 40
0.125
100
AcDbArc
 50
43.183859957308556
 51
223.18385995730856
  0
ARC
  5
C8
330
17
100
AcDbEntity
  8
SLOTS
100
AcDbCircle
 10
14.286317513747674
 20
22.04722674121757
 30
0.0
 40
0.125
100
AcDbArc
 50
223.18385995730856
 51
403.1838599573085
  0
LINE
  5
C9
330
17
100
AcDbEntity
  8
SLOTS
100
AcDbLine
 10
13.439555335429967
 20
21.670845081444558
 30
0.0
 11
10.706769190380658
 21
24.582610027737495
 31
0.0
  0
LINE
  5
CA
330
17
100
AcDbEntity
  8
SLOTS
100
AcDbLine
 10
10.88905954870171
 20
24.753695460382076
 30
0.0
 11
13.621845693751018
 21
21.84193051408914
 31
0.0
  0
ARC
  5
CB
330
17
100
AcDbEntity
  8
SLOTS
100
AcDbCircle
 10
10.797914369541184
 20
24.668152744059785
 30
0.0
 40
0.125
100
AcDbArc
 50
43.183859957308556
 51
223.18385995730856
  0
ARC
  5
CC
330
17
100
AcDbEntity
  8
SLOTS
100
AcDbCircle
 10
13.530700514590492
 20
21.75638779776685
 30
0.0
 40
0.125
100
AcDbArc
 50
223.18385995730856
 51
403.1838599573085
  0
LINE
  5
CD
330
17
100
AcDbEntity
  8
SLOTS
100
AcDbLine
 10
12.68393833627278
 20
21.38000613799383
 30
0.0
 11
9.956938936409237
 21
24.285605346870557
 31
0.0
  0
LINE
  5
CE
330
17
100
AcDbEntity
  8
SLOTS
100
AcDbLine
 10
10.139229294730288
 20
24.45669077951514
 30
0.0
 11
12.866228694593831
 21
21.551091570638413
 31
0.0
  0
ARC
  5
CF
330
17
100
AcDbEntity
  8
SLOTS
100
AcDbCircle
 10
10.048084115569763
 20
24.371148063192848
 30
0.0
 40
0.125
100
AcDbArc
 50
43.18385995730853
 51
223.18385995730853
  0
ARC
  5
D0
330
17
100
AcDbEntity
  8
SLOTS
100
AcDbCircle
 10
12.775083515433305
 20
21.465548854316122
 30
0.0
 40
0.125
100
AcDbArc
 50
223.18385995730853
 51
403.1838599573085
  0
LINE
  5
D1
330
17
100
AcDbEntity
  8
SLOTS
100
AcDbLine
 10
11.9283213371156
 20
21.08916719454311
 30
0.0
 11
10.606648846143178
 21
22.497400193918086
 31
0.0
  0
LINE
  5
D2
330
17
100
AcDbEntity
  8
SLOTS
100
AcDbLine
 10
10.78893920446423
 20
22.668485626562667
 30
0.0
 11
12.110611695436651
 21
21.26025262718769
 31
0.0
  0
ARC
  5
D3
330
17
100
AcDbEntity
  8
SLOTS
100
AcDbCircle
 10
10.697794025303704
 20
22.582942910240376
 30
0.0
 40
0.125
100
AcDbArc
 50
43.18385995730853
 51
223.18385995730853
  0
ARC
  5
D4
330
17
100
AcDbEntity
  8
SLOTS
100
AcDbCircle
 10
12.019466516276125
 20
21.1747099108654
 30
0.0
 40
0.125
100
AcDbArc
 50
223.18385995730853
 51
403.1838599573085
  0
LINE
  5
D5
330
17
100
AcDbEntity
  8
SLOTS
100
AcDbLine
 10
9.726208053758999
 20
29.775713033738004
 30
0.0
 11
8.99791579631151
 21
29.218665661106705
 31
0.0
  0
LINE
  5
D6
330
17
100
AcDbEntity
  8
SLOTS
100
AcDbLine
 10
8.84603296870431
 20
29.417239593630697
 30
0.0
 11
9.5743252261518
 21
29.974286966261996
 31
0.0
  0
ARC
  5
D7
330
17
100
AcDbEntity
  8
SLOTS
100
AcDbCircle
 10
8.92197438250791
 20
29.3179526273687
 30
0.0
 40
0.125
100
AcDbArc
 50
-232.58878610536993
 51
-52.588786105369934
  0
ARC
  5
D8
330
17
100
AcDbEntity
  8
SLOTS
100
AcDbCircle
 10
9.6502666399554
 20
29.875
 30
0.0
 40
0.125
100
AcDbArc
 50
-52.588786105369934
 51
127.41121389463007
  0
LINE
  5
D9
330
17
100
AcDbEntity
  8
SLOTS
100
AcDbLine
 10
10.960712328889535
 20
29.775713033738004
 30
0.0
 11
9.212540470693924
 21
28.438592488300856
 31
0.0
  0
LINE
  5
DA
330
17
100
AcDbEntity
  8
SLOTS
100
AcDbLine
 10
9.060657643086728
 20
28.637166420824848
 30
0.0
 11
10.80882950128234
 21
29.974286966261996
 31
0.0
  0
ARC
  5
DB
330
17
100
AcDbEntity
  8
SLOTS
100
AcDbCircle
 10
9.136599056890326
 20
28.53787945456285
 30
0.0
 40
0.125
100
AcDbArc
 50
-232.58878610537002
 51
-52.58878610537002
  0
ARC
  5
DC
330
17
100
AcDbEntity
  8
SLOTS
100
AcDbCircle
 10
10.884770915085937
 20
29.875
 30
0.0
 40
0.125
100
AcDbArc
 50
-52.58878610537002
 51
127.41121389462998
  0
LINE
  5
DD
330
17
100
AcDbEntity
  8
SLOTS
100
AcDbLine
 10
11.846759154871737
 20
29.509189114889555
 30
0.0
 11
9.42716514507634
 21
27.658519315495003
 31
0.0
  0
LINE
  5
DE
330
17
100
AcDbEntity
  8
SLOTS
100
AcDbLine
 10
9.275282317469145
 20
27.857093248018995
 30
0.0
 11
11.694876327264542
 21
29.707763047413547
 31
0.0
  0
ARC
  5
DF
330
17
100
AcDbEntity
  8
SLOTS
100
AcDbCircle
 10
9.351223731272743
 20
27.757806281757
 30
0.0
 40
0.125
100
AcDbArc
 50
-232.58878610537005
 51
-52.58878610537005
  0
ARC
  5
E0
330
17
100
AcDbEntity
  8
SLOTS
100
AcDbCircle
 10
11.77081774106814
 20
29.60847608115155
 30
0.0
 40
0.125
100
AcDbArc
 50
-52.58878610537005
 51
127.41121389462995
  0
LINE
  5
E1
330
17
100
AcDbEntity
  8
SLOTS
100
AcDbLine
 10
12.456505764293713
 20
29.03133202845841
 30
0.0
 11
9.641789819458758
 21
26.87844614268915
 31
0.0
  0
LINE
  5
E2
330
17
100
AcDbEntity
  8
SLOTS
100
AcDbLine
 10
9.489906991851562
 20
27.07702007521314
 30
0.0
 11
12.304622936686517
 21
29.229905960982403
 31
0.0
  0
ARC
  5
E3
330
17
100
AcDbEntity
  8
SLOTS
100
AcDbCircle
 10
9.56584840565516
 20
26.977733108951146
 30
0.0
 40
0.125
100
AcDbArc
 50
-232.58878610537
 51
-52.58878610536999
  0
ARC
  5
E4
330
17
100
AcDbEntity
  8
SLOTS
100
AcDbCircle
 10
12.380564350490115
 20
29.130618994720407
 30
0.0
 40
0.125
100
AcDbArc
 50
-52.58878610536999
 51
127.41121389463001
  0
LINE
  5
E5
330
17
100
AcDbEntity
  8
SLOTS
100
AcDbLine
 10
12.353904506763183
 20
28.008622921938322
 30
0.0
 11
9.856414493841173
 21
26.098372969883297
 31
0.0
  0
LINE
  5
E6
330
17
100
AcDbEntity
  8
SLOTS
100
AcDbLine
 10
9.704531666233978
 20
26.29694690240729
 30
0.0
 11
12.202021679155987
 21
28.207196854462314
 31
0.0
  0
ARC
  5
E7
330
17
100
AcDbEntity
  8
SLOTS
100
AcDbCircle
 10
9.780473080037575
 20
26.197659936145293
 30
0.0
 40
0.125
100
AcDbArc
 50
-232.58878610537
 51
-52.58878610536999
  0
ARC
  5
E8
330
17
100
AcDbEntity
  8
SLOTS
100
AcDbCircle
 10
12.277963092959585
 20
28.107909888200318
 30
0.0
 40
0.125
100
AcDbArc
 50
-52.58878610536999
 51
127.41121389463001
  0
LINE
  5
E9
330
17
100
AcDbEntity
  8
SLOTS
100
AcDbLine
 10
12.251303249232652
 20
26.985913815418233
 30
0.0
 11
10.07103916822359
 21
25.318299797077447
 31
0.0
  0
LINE
  5
EA
330
17
100
AcDbEntity
  8
SLOTS
100
AcDbLine
 10
9.919156340616395
 20
25.51687372960144
 30
0.0
 11
12.099420421625457
 21
27.184487747942224
 31
0.0
  0
ARC
  5
EB
330
17
100
AcDbEntity
  8
SLOTS
100
AcDbCircle
 10
9.995097754419993
 20
25.417586763339443
 30
0.0
 40
0.125
100
AcDbArc
 50
-232.58878610537
 51
-52.58878610536999
  0
ARC
  5
EC
330
17
100
AcDbEntity
  8
SLOTS
100
AcDbCircle
 10
12.175361835429054
 20
27.08520078168023
 30
0.0
 40
0.125
100
AcDbArc
 50
-52.58878610536999
 51
127.41121389463001
  0
LINE
  5
ED
330
17
100
AcDbEntity
  8
SLOTS
100
AcDbLine
 10
12.148701991702122
 20
25.96320470889814
 30
0.0
 11
11.86929033542661
 21
25.749491700941228
 31
0.0
  0
LINE
  5
EE
330
17
100
AcDbEntity
  8
SLOTS
100
AcDbLine
 10
11.717407507819415
 20
25.94806563346522
 30
0.0
 11
11.996819164094926
 21
26.16177864142213
 31
0.0
  0
ARC
  5
EF
330
17
100
AcDbEntity
  8
SLOTS
100
AcDbCircle
 10
11.793348921623013
 20
25.848778667203224
 30
0.0
 40
0.125
100
AcDbArc
 50
-232.5887861053701
 51
-52.588786105370104
  0
ARC
  5
F0
330
17
100
AcDbEntity
  8
SLOTS
100
AcDbCircle
 10
12.072760577898524
 20
26.062491675160135
 30
0.0
 40
0.125
100
AcDbArc
 50
-52.588786105370104
 51
127.4112138946299
  0
LINE
  5
F1
330
17
100
AcDbEntity
  8
SLOTS
100
AcDbLine
 10
13.062520713041359
 20
29.78701258456351
 30
0.0
 11
13.010635419948638
 21
29.734655507695035
 31
0.0
  0
LINE
  5
F2
330
17
100
AcDbEntity
  8
SLOTS
100
AcDbLine
 10
12.833060481122164
 20
29.910630338568016
 30
0.0
 11
12.884945774214884
 21
29.96298741543649
 31
0.0
  0
ARC
  5
F3
330
17
100
AcDbEntity
  8
SLOTS
100
AcDbCircle
 10
12.921847950535401
 20
29.822642923131525
 30
0.0
 40
0.125
100
AcDbArc
 50
-224.74069052109988
 51
-44.74069052109988
  0
ARC
  5
F4
330
17
100
AcDbEntity
  8
SLOTS
100
AcDbCircle
 10
12.973733243628121
 20
29.875
 30
0.0
 40
0.125
100
AcDbArc
 50
-44.74069052109988
 51
135.25930947890012
  0
LINE
  5
F5
330
17
100
AcDbEntity
  8
SLOTS
100
AcDbLine
 10
3.59012201365359
 20
29.82544427103939
 30
0.0
 11
3.965925544717897
 21
29.989553733797006
 31
0.0
  0
LINE
  5
F6
330
17
100
AcDbEntity
  8
SLOTS
100
AcDbLine
 10
4.065974374259569
 20
29.760446266202994
 30
0.0
 11
3.690170843195262
 21
29.59633680344538
 31
0.0
  0
ARC
  5
F7
330
17
100
AcDbEntity
  8
SLOTS
100
AcDbCircle
 10
4.015949959488733
 20
29.875
 30
0.0
 40
0.125
100
AcDbArc
 50
-66.40961067366709
 51
113.59038932633291
  0
ARC
  5
F8
330
17
100
AcDbEntity
  8
SLOTS
100
AcDbCircle
 10
3.640146428424426
 20
29.710890537242385
 30
0.0
 40
0.125
100
AcDbArc
 50
113.59038932633291
 51
293.5903893263329
  0
LINE
  5
F9
330
17
100
AcDbEntity
  8
SLOTS
100
AcDbLine
 10
6.8174318428837
 20
25.061690810364745
 30
0.0
 11
9.28284104208521
 21
25.266137921757036
 31
0.0
  0
LINE
  5
FA
330
17
100
AcDbEntity
  8
SLOTS
100
AcDbLine
 10
9.30350168428632
 20
25.016993108718843
 30
0.0
 11
6.838092485084811
 21
24.812545997326552
 31
0.0
  0
ARC
  5
FB
330
17
100
AcDbEntity
  8
SLOTS
100
AcDbCircle
 10
9.293171363185765
 20
25.14156551523794
 30
0.0
 40
0.125
100
AcDbArc
 50
-85.25952304024536
 51
94.74047695975464
  0
ARC
  5
FC
330
17
100
AcDbEntity
  8
SLOTS
100
AcDbCircle
 10
6.827762163984255
 20
24.93711840384565
 30
0.0
 40
0.125
100
AcDbArc
 50
94.74047695975464
 51
274.74047695975463
  0
LINE
  5
FD
330
17
100
AcDbEntity
  8
SLOTS
100
AcDbLine
 10
5.436493284647396
 20
25.699749137198904
 30
0.0
 11
9.080401061081298
 21
26.001924702745228
 31
0.0
  0
LINE
  5
FE
330
17
100
AcDbEntity
  8
SLOTS
100
AcDbLine
 10
9.10106170328241
 20
25.752779889707035
 30
0.0
 11
5.457153926848507
 21
25.45060432416071
 31
0.0
  0
ARC
  5
FF
330
17
100
AcDbEntity
  8
SLOTS
100
AcDbCircle
 10
9.090731382181854
 20
25.87735229622613
 30
0.0
 40
0.125
100
AcDbArc
 50
-85.25952304024528
 51
94.74047695975472
  0
ARC
  5
100
330
17
100
AcDbEntity
  8
SLOTS
100
AcDbCircle
 10
5.4468236057479515
 20
25.575176730679807
 30
0.0
 40
0.125
100
AcDbArc
 50
94.74047695975472
 51
274.7404769597547
  0
LINE
  5
101
330
17
100
AcDbEntity
  8
SLOTS
100
AcDbLine
 10
4.958398693023841
 20
26.412676918187657
 30
0.0
 11
8.87796108007739
 21
26.737711483733417
 31
0.0
  0
LINE
  5
102
330
17
100
AcDbEntity
  8
SLOTS
100
AcDbLine
 10
8.8986217222785
 20
26.488566670695224
 30
0.0
 11
4.979059335224952
 21
26.163532105149464
 31
0.0
  0
ARC
  5
103
330
17
100
AcDbEntity
  8
SLOTS
100
AcDbCircle
 10
8.888291401177945
 20
26.61313907721432
 30
0.0
 40
0.125
100
AcDbArc
 50
-85.25952304024528
 51
94.74047695975472
  0
ARC
  5
104
330
17
100
AcDbEntity
  8
SLOTS
100
AcDbCircle
 10
4.9687290141243965
 20
26.28810451166856
 30
0.0
 40
0.125
100
AcDbArc
 50
94.74047695975472
 51
274.74047695975474
  0
LINE
  5
105
330
17
100
AcDbEntity
  8
SLOTS
100
AcDbLine
 10
4.9549191645493424
 20
27.164962741125603
 30
0.0
 11
8.67552109907348
 21
27.473498264721606
 31
0.0
  0
LINE
  5
106
330
17
100
AcDbEntity
  8
SLOTS
100
AcDbLine
 10
8.696181741274591
 20
27.224353451683413
 30
0.0
 11
4.975579806750454
 21
26.91581792808741
 31
0.0
  0
ARC
  5
107
330
17
100
AcDbEntity
  8
SLOTS
100
AcDbCircle
 10
8.685851420174036
 20
27.34892585820251
 30
0.0
 40
0.125
100
AcDbArc
 50
-85.25952304024528
 51
94.74047695975472
  0
ARC
  5
108
330
17
100
AcDbEntity
  8
SLOTS
100
AcDbCircle
 10
4.965249485649898
 20
27.040390334606506
 30
0.0
 40
0.125
100
AcDbArc
 50
94.74047695975472
 51
274.7404769597547
  0
LINE
  5
109
330
17
100
AcDbEntity
  8
SLOTS
100
AcDbLine
 10
4.951439636074844
 20
27.91724856406355
 30
0.0
 11
8.473081118069569
 21
28.209285045709795
 31
0.0
  0
LINE
  5
10A
330
17
100
AcDbEntity
  8
SLOTS
100
AcDbLine
 10
8.49374176027068
 20
27.960140232671602
 30
0.0
 11
4.972100278275955
 21
27.668103751025356
 31
0.0
  0
ARC
  5
10B
330
17
100
AcDbEntity
  8
SLOTS
100
AcDbCircle
 10
8.483411439170125
 20
28.0847126391907
 30
0.0
 40
0.125
100
AcDbArc
 50
-85.25952304024528
 51
94.74047695975472
  0
ARC
  5
10C
330
17
100
AcDbEntity
  8
SLOTS
100
AcDbCircle
 10
4.9617699571754
 20
27.792676157544452
 30
0.0
 40
0.125
100
AcDbArc
 50
94.74047695975472
 51
274.7404769597547
  0
LINE
  5
10D
330
17
100
AcDbEntity
  8
SLOTS
100
AcDbLine
 10
4.947960107600346
 20
28.669534387001494
 30
0.0
 11
8.27064113706566
 21
28.945071826697983
 31
0.0
  0
LINE
  5
10E
330
17
100
AcDbEntity
  8
SLOTS
100
AcDbLine
 10
8.291301779266771
 20
28.69592701365979
 30
0.0
 11
4.968620749801457
 21
28.420389573963302
 31
0.0
  0
ARC
  5
10F
330
17
100
AcDbEntity
  8
SLOTS
100
AcDbCircle
 10
8.280971458166215
 20
28.820499420178887
 30
0.0
 40
0.125
100
AcDbArc
 50
-85.2595230402453
 51
94.7404769597547
  0
ARC
  5
110
330
17
100
AcDbEntity
  8
SLOTS
100
AcDbCircle
 10
4.958290428700901
 20
28.544961980482398
 30
0.0
 40
0.125
100
AcDbArc
 50
94.7404769597547
 51
274.7404769597547
  0
LINE
  5
111
330
17
100
AcDbEntity
  8
SLOTS
100
AcDbLine
 10
5.233713042511895
 20
29.445805170196465
 30
0.0
 11
8.068201156061749
 21
29.680858607686172
 31
0.0
  0
LINE
  5
112
330
17
100
AcDbEntity
  8
SLOTS
100
AcDbLine
 10
8.08886179826286
 20
29.43171379464798
 30
0.0
 11
5.2543736847130065
 21
29.196660357158272
 31
0.0
  0
ARC
  5
113
330
17
100
AcDbEntity
  8
SLOTS
100
AcDbCircle
 10
8.078531477162304
 20
29.556286201167076
 30
0.0
 40
0.125
100
AcDbArc
 50
-85.25952304024527
 51
94.74047695975473
  0
ARC
  5
114
330
17
100
AcDbEntity
  8
SLOTS
100
AcDbCircle
 10
5.244043363612451
 20
29.32123276367737
 30
0.0
 40
0.125
100
AcDbArc
 50
94.74047695975473
 51
274.74047695975474
  0
LINE
  5
115
330
17
100
AcDbEntity
  8
SLOTS
100
AcDbLine
 10
17.58377659033744
 20
23.882772007635023
 30
0.0
 11
19.031577827545313
 21
21.51914457252291
 31
0.0
  0
LINE
  5
116
330
17
100
AcDbEntity
  8
SLOTS
100
AcDbLine
 10
18.818392414955213
 20
21.38856134289985
 30
0.0
 11
17.37059117774734
 21
23.75218877801196
 31
0.0
  0
ARC
  5
117
330
17
100
AcDbEntity
  8
SLOTS
100
AcDbCircle
 10
18.924985121250263
 20
21.45385295771138
 30
0.0
 40
0.125
100
AcDbArc
 50
-148.51113044527443
 51
31.48886955472556
  0
ARC
  5
118
330
17
100
AcDbEntity
  8
SLOTS
100
AcDbCircle
 10
17.47718388404239
 20
23.81748039282349
 30
0.0
 40
0.125
100
AcDbArc
 50
31.48886955472556
 51
211.48886955472557
  0
LINE
  5
119
330
17
100
AcDbEntity
  8
SLOTS
100
AcDbLine
 10
18.13961505101442
 20
24.411196282530934
 30
0.0
 11
20.00511572861395
 21
21.36564799283749
 31
0.0
  0
LINE
  5
11A
330
17
100
AcDbEntity
  8
SLOTS
100
AcDbLine
 10
19.79193031602385
 20
21.235064763214428
 30
0.0
 11
17.92642963842432
 21
24.28061305290787
 31
0.0
  0
ARC
  5
11B
330
17
100
AcDbEntity
  8
SLOTS
100
AcDbCircle
 10
19.8985230223189
 20
21.30035637802596
 30
0.0
 40
0.125
100
AcDbArc
 50
-148.51113044527446
 51
31.488869554725547
  0
ARC
  5
11C
330
17
100
AcDbEntity
  8
SLOTS
100
AcDbCircle
 10
18.03302234471937
 20
24.345904667719402
 30
0.0
 40
0.125
100
AcDbArc
 50
31.488869554725547
 51
211.48886955472554
  0
LINE
  5
11D
330
17
100
AcDbEntity
  8
SLOTS
100
AcDbLine
 10
18.8163324944777
 20
24.742277943883323
 30
0.0
 11
20.97865362968259
 21
21.21215141315207
 31
0.0
  0
LINE
  5
11E
330
17
100
AcDbEntity
  8
SLOTS
100
AcDbLine
 10
20.76546821709249
 20
21.081568183529008
 30
0.0
 11
18.6031470818876
 21
24.61169471426026
 31
0.0
  0
ARC
  5
11F
330
17
100
AcDbEntity
  8
SLOTS
100
AcDbCircle
 10
20.87206092338754
 20
21.14685979834054
 30
0.0
 40
0.125
100
AcDbArc
 50
-148.51113044527443
 51
31.488869554725575
  0
ARC
  5
120
330
17
100
AcDbEntity
  8
SLOTS
100
AcDbCircle
 10
18.70973978818265
 20
24.67698632907179
 30
0.0
 40
0.125
100
AcDbArc
 50
31.488869554725575
 51
211.48886955472557
  0
LINE
  5
121
330
17
100
AcDbEntity
  8
SLOTS
100
AcDbLine
 10
19.711281180593307
 20
24.71708324693779
 30
0.0
 11
21.95219153075123
 21
21.05865483346665
 31
0.0
  0
LINE
  5
122
330
17
100
AcDbEntity
  8
SLOTS
100
AcDbLine
 10
21.73900611816113
 20
20.928071603843588
 30
0.0
 11
19.498095768003207
 21
24.586500017314727
 31
0.0
  0
ARC
  5
123
330
17
100
AcDbEntity
  8
SLOTS
100
AcDbCircle
 10
21.84559882445618
 20
20.99336321865512
 30
0.0
 40
0.125
100
AcDbArc
 50
-148.51113044527443
 51
31.48886955472556
  0
ARC
  5
124
330
17
100
AcDbEntity
  8
SLOTS
100
AcDbCircle
 10
19.604688474298257
 20
24.65179163212626
 30
0.0
 40
0.125
100
AcDbArc
 50
31.48886955472556
 51
211.48886955472557
  0
LINE
  5
125
330
17
100
AcDbEntity
  8
SLOTS
100
AcDbLine
 10
20.606229866708908
 20
24.69188854999226
 30
0.0
 11
21.93039175933509
 21
22.53011019429947
 31
0.0
  0
LINE
  5
126
330
17
100
AcDbEntity
  8
SLOTS
100
AcDbLine
 10
21.71720634674499
 20
22.399526964676408
 30
0.0
 11
20.393044454118808
 21
24.561305320369197
 31
0.0
  0
ARC
  5
127
330
17
100
AcDbEntity
  8
SLOTS
100
AcDbCircle
 10
21.82379905304004
 20
22.46481857948794
 30
0.0
 40
0.125
100
AcDbArc
 50
-148.51113044527443
 51
31.488869554725575
  0
ARC
  5
128
330
17
100
AcDbEntity
  8
SLOTS
100
AcDbCircle
 10
20.499637160413858
 20
24.62659693518073
 30
0.0
 40
0.125
100
AcDbArc
 50
31.488869554725575
 51
211.48886955472557
  0
LINE
  5
129
330
17
100
AcDbEntity
  8
SLOTS
100
AcDbLine
 10
21.501178552824516
 20
24.66669385304673
 30
0.0
 11
21.582542316373413
 21
24.5338623435786
 31
0.0
  0
LINE
  5
12A
330
17
100
AcDbEntity
  8
SLOTS
100
AcDbLine
 10
21.369356903783313
 20
24.403279113955538
 30
0.0
 11
21.287993140234416
 21
24.536110623423667
 31
0.0
  0
ARC
  5
12B
330
17
100
AcDbEntity
  8
SLOTS
100
AcDbCircle
 10
21.475949610078363
 20
24.46857072876707
 30
0.0
 40
0.125
100
AcDbArc
 50
-148.51113044527446
 51
31.48886955472554
  0
ARC
  5
12C
330
17
100
AcDbEntity
  8
SLOTS
100
AcDbCircle
 10
21.394585846529466
 20
24.6014022382352
 30
0.0
 40
0.125
100
AcDbArc
 50
31.48886955472554
 51
211.48886955472554
  0
LINE
  5
12D
330
17
100
AcDbEntity
  8
SLOTS
100
AcDbLine
 10
16.64422089920284
 20
20.262957228546625
 30
0.0
 11
16.53323755381313
 21
22.14912123440713
 31
0.0
  0
LINE
  5
12E
330
17
100
AcDbEntity
  8
SLOTS
100
AcDbLine
 10
16.78280589481971
 20
22.163806028148397
 30
0.0
 11
16.89378924020942
 21
20.277642022287893
 31
0.0
  0
ARC
  5
12F
330
17
100
AcDbEntity
  8
SLOTS
100
AcDbCircle
 10
16.65802172431642
 20
22.156463631277763
 30
0.0
 40
0.125
100
AcDbArc
 50
3.3674451580827736
 51
183.36744515808277
  0
ARC
  5
130
330
17
100
AcDbEntity
  8
SLOTS
100
AcDbCircle
 10
16.76900506970613
 20
20.27029962541726
 30
0.0
 40
0.125
100
AcDbArc
 50
183.36744515808277
 51
363.3674451580828
  0
LINE
  5
131
330
17
100
AcDbEntity
  8
SLOTS
100
AcDbLine
 10
15.940590228332262
 20
19.452863399577772
 30
0.0
 11
15.79857886182289
 21
21.866349197762034
 31
0.0
  0
LINE
  5
132
330
17
100
AcDbEntity
  8
SLOTS
100
AcDbLine
 10
16.04814720282947
 20
21.8810339915033
 30
0.0
 11
16.19015856933884
 21
19.46754819331904
 31
0.0
  0
ARC
  5
133
330
17
100
AcDbEntity
  8
SLOTS
100
AcDbCircle
 10
15.92336303232618
 20
21.873691594632668
 30
0.0
 40
0.125
100
AcDbArc
 50
3.3674451580827878
 51
183.36744515808277
  0
ARC
  5
134
330
17
100
AcDbEntity
  8
SLOTS
100
AcDbCircle
 10
16.06537439883555
 20
19.460205796448406
 30
0.0
 40
0.125
100
AcDbArc
 50
183.36744515808277
 51
363.3674451580828
  0
LINE
  5
135
330
17
100
AcDbEntity
  8
SLOTS
100
AcDbLine
 10
15.236959557461685
 20
18.64276957060892
 30
0.0
 11
15.06392016983265
 21
21.58357716111694
 31
0.0
  0
LINE
  5
136
330
17
100
AcDbEntity
  8
SLOTS
100
AcDbLine
 10
15.31348851083923
 20
21.598261954858206
 30
0.0
 11
15.486527898468264
 21
18.657454364350187
 31
0.0
  0
ARC
  5
137
330
17
100
AcDbEntity
  8
SLOTS
100
AcDbCircle
 10
15.18870434033594
 20
21.590919557987572
 30
0.0
 40
0.125
100
AcDbArc
 50
3.367445158082745
 51
183.36744515808275
  0
ARC
  5
138
330
17
100
AcDbEntity
  8
SLOTS
100
AcDbCircle
 10
15.361743727964974
 20
18.650111967479553
 30
0.0
 40
0.125
100
AcDbArc
 50
183.36744515808275
 51
363.3674451580828
  0
LINE
  5
139
330
17
100
AcDbEntity
  8
SLOTS
100
AcDbLine
 10
14.533328886591107
 20
17.83267574164007
 30
0.0
 11
14.32926147784241
 21
21.300805124471847
 31
0.0
  0
LINE
  5
13A
330
17
100
AcDbEntity
  8
SLOTS
100
AcDbLine
 10
14.57882981884899
 20
21.315489918213114
 30
0.0
 11
14.782897227597687
 21
17.847360535381338
 31
0.0
  0
ARC
  5
13B
330
17
100
AcDbEntity
  8
SLOTS
100
AcDbCircle
 10
14.4540456483457
 20
21.30814752134248
 30
0.0
 40
0.125
100
AcDbArc
 50
3.3674451580827593
 51
183.36744515808277
  0
ARC
  5
13C
330
17
100
AcDbEntity
  8
SLOTS
100
AcDbCircle
 10
14.658113057094397
 20
17.840018138510704
 30
0.0
 40
0.125
100
AcDbArc
 50
183.36744515808277
 51
363.3674451580828
  0
LINE
  5
13D
330
17
100
AcDbEntity
  8
SLOTS
100
AcDbLine
 10
13.779150870490522
 20
17.88163497896566
 30
0.0
 11
13.594602785852171
 21
21.01803308782675
 31
0.0
  0
LINE
  5
13E
330
17
100
AcDbEntity
  8
SLOTS
100
AcDbLine
 10
13.84417112685875
 20
21.03271788156802
 30
0.0
 11
14.028719211497101
 21
17.896319772706928
 31
0.0
  0
ARC
  5
13F
330
17
100
AcDbEntity
  8
SLOTS
100
AcDbCircle
 10
13.71938695635546
 20
21.025375484697385
 30
0.0
 40
0.125
100
AcDbArc
 50
3.3674451580827167
 51
183.36744515808272
  0
ARC
  5
140
330
17
100
AcDbEntity
  8
SLOTS
100
AcDbCircle
 10
13.903935040993812
 20
17.888977375836294
 30
0.0
 40
0.125
100
AcDbArc
 50
183.36744515808272
 51
363.3674451580827
  0
LINE
  5
141
330
17
100
AcDbEntity
  8
SLOTS
100
AcDbLine
 10
12.997828615939342
 20
18.391911050382255
 30
0.0
 11
12.85994409386193
 21
20.735261051181656
 31
0.0
  0
LINE
  5
142
330
17
100
AcDbEntity
  8
SLOTS
100
AcDbLine
 10
13.10951243486851
 20
20.749945844922923
 30
0.0
 11
13.247396956945922
 21
18.406595844123522
 31
0.0
  0
ARC
  5
143
330
17
100
AcDbEntity
  8
SLOTS
100
AcDbCircle
 10
12.98472826436522
 20
20.74260344805229
 30
0.0
 40
0.125
100
AcDbArc
 50
3.367445158082745
 51
183.36744515808275
  0
ARC
  5
144
330
17
100
AcDbEntity
  8
SLOTS
100
AcDbCircle
 10
13.122612786442632
 20
18.39925344725289
 30
0.0
 40
0.125
100
AcDbArc
 50
183.36744515808275
 51
363.3674451580828
  0
LINE
  5
145
330
17
100
AcDbEntity
  8
SLOTS
100
AcDbLine
 10
12.216506361388163
 20
18.90218712179885
 30
0.0
 11
12.125285401871691
 21
20.45248901453656
 31
0.0
  0
LINE
  5
146
330
17
100
AcDbEntity
  8
SLOTS
100
AcDbLine
 10
12.37485374287827
 20
20.467173808277828
 30
0.0
 11
12.466074702394742
 21
18.916871915540117
 31
0.0
  0
ARC
  5
147
330
17
100
AcDbEntity
  8
SLOTS
100
AcDbCircle
 10
12.250069572374981
 20
20.459831411407194
 30
0.0
 40
0.125
100
AcDbArc
 50
3.367445158082731
 51
183.36744515808272
  0
ARC
  5
148
330
17
100
AcDbEntity
  8
SLOTS
100
AcDbCircle
 10
12.341290531891453
 20
18.909529518669483
 30
0.0
 40
0.125
100
AcDbArc
 50
183.36744515808272
 51
363.3674451580827
  0
LINE
  5
149
330
17
100
AcDbEntity
  8
SLOTS
100
AcDbLine
 10
11.435184106836983
 20
19.412463193215444
 30
0.0
 11
11.401556859732633
 21
19.98395887918242
 31
0.0
  0
LINE
  5
14A
330
17
100
AcDbEntity
  8
SLOTS
100
AcDbLine
 10
11.651125200739212
 20
19.998643672923688
 30
0.0
 11
11.684752447843563
 21
19.42714798695671
 31
0.0
  0
ARC
  5
14B
330
17
100
AcDbEntity
  8
SLOTS
100
AcDbCircle
 10
11.526341030235923
 20
19.991301276053054
 30
0.0
 40
0.125
100
AcDbArc
 50
3.367445158082816
 51
183.36744515808283
  0
ARC
  5
14C
330
17
100
AcDbEntity
  8
SLOTS
100
AcDbCircle
 10
11.559968277340273
 20
19.419805590086078
 30
0.0
 40
0.125
100
AcDbArc
 50
183.36744515808283
 51
363.36744515808283
  0
LINE
  5
14D
330
17
100
AcDbEntity
  8
SLOTS
100
AcDbLine
 10
10.188215519979225
 20
19.288138801088436
 30
0.0
 11
10.37996560921992
 21
21.229502940042792
 31
0.0
  0
LINE
  5
14E
330
17
100
AcDbEntity
  8
SLOTS
100
AcDbLine
 10
10.628755000907582
 20
21.204929812775724
 30
0.0
 11
10.437004911666888
 21
19.26356567382137
 31
0.0
  0
ARC
  5
14F
330
17
100
AcDbEntity
  8
SLOTS
100
AcDbCircle
 10
10.50436030506375
 20
21.217216376409258
 30
0.0
 40
0.125
100
AcDbArc
 50
-5.640854023189306
 51
174.35914597681068
  0
ARC
  5
150
330
17
100
AcDbEntity
  8
SLOTS
100
AcDbCircle
 10
10.312610215823057
 20
19.275852237454902
 30
0.0
 40
0.125
100
AcDbArc
 50
174.35914597681068
 51
354.3591459768107
  0
LINE
  5
151
330
17
100
AcDbEntity
  8
SLOTS
100
AcDbLine
 10
9.366760752685453
 20
18.601647754564038
 30
0.0
 11
9.758660963814286
 21
22.569421740729638
 31
0.0
  0
LINE
  5
152
330
17
100
AcDbEntity
  8
SLOTS
100
AcDbLine
 10
10.007450355501948
 20
22.54484861346257
 30
0.0
 11
9.615550144373115
 21
18.57707462729697
 31
0.0
  0
ARC
  5
153
330
17
100
AcDbEntity
  8
SLOTS
100
AcDbCircle
 10
9.883055659658117
 20
22.557135177096104
 30
0.0
 40
0.125
100
AcDbArc
 50
-5.640854023189306
 51
174.35914597681068
  0
ARC
  5
154
330
17
100
AcDbEntity
  8
SLOTS
100
AcDbCircle
 10
9.491155448529284
 20
18.589361190930504
 30
0.0
 40
0.125
100
AcDbArc
 50
174.35914597681068
 51
354.3591459768107
  0
LINE
  5
155
330
17
100
AcDbEntity
  8
SLOTS
100
AcDbLine
 10
8.545305985391682
 20
17.91515670803964
 30
0.0
 11
9.117194446227902
 21
23.705212680089847
 31
0.0
  0
LINE
  5
156
330
17
100
AcDbEntity
  8
SLOTS
100
AcDbLine
 10
9.365983837915564
 20
23.68063955282278
 30
0.0
 11
8.794095377079344
 21
17.89058358077257
 31
0.0
  0
ARC
  5
157
330
17
100
AcDbEntity
  8
SLOTS
100
AcDbCircle
 10
9.241589142071733
 20
23.692926116456313
 30
0.0
 40
0.125
100
AcDbArc
 50
-5.64085402318932
 51
174.35914597681068
  0
ARC
  5
158
330
17
100
AcDbEntity
  8
SLOTS
100
AcDbCircle
 10
8.669700681235513
 20
17.902870144406105
 30
0.0
 40
0.125
100
AcDbArc
 50
174.35914597681068
 51
354.3591459768107
  0
LINE
  5
159
330
17
100
AcDbEntity
  8
SLOTS
100
AcDbLine
 10
7.870451419766461
 20
18.71291203349761
 30
0.0
 11
8.251665920324198
 21
22.572499080172776
 31
0.0
  0
LINE
  5
15A
330
17
100
AcDbEntity
  8
SLOTS
100
AcDbLine
 10
8.50045531201186
 20
22.547925952905707
 30
0.0
 11
8.119240811454121
 21
18.68833890623054
 31
0.0
  0
ARC
  5
15B
330
17
100
AcDbEntity
  8
SLOTS
100
AcDbCircle
 10
8.37606061616803
 20
22.56021251653924
 30
0.0
 40
0.125
100
AcDbArc
 50
-5.640854023189306
 51
174.35914597681068
  0
ARC
  5
15C
330
17
100
AcDbEntity
  8
SLOTS
100
AcDbCircle
 10
7.994846115610291
 20
18.700625469864075
 30
0.0
 40
0.125
100
AcDbArc
 50
174.35914597681068
 51
354.3591459768107
  0
LINE
  5
15D
330
17
100
AcDbEntity
  8
SLOTS
100
AcDbLine
 10
7.207455264645871
 20
19.630727239969765
 30
0.0
 11
7.386137394420493
 21
21.439785480255697
 31
0.0
  0
LINE
  5
15E
330
17
100
AcDbEntity
  8
SLOTS
100
AcDbLine
 10
7.634926786108154
 20
21.41521235298863
 30
0.0
 11
7.456244656333531
 21
19.606154112702697
 31
0.0
  0
ARC
  5
15F
330
17
100
AcDbEntity
  8
SLOTS
100
AcDbCircle
 10
7.510532090264324
 20
21.427498916622163
 30
0.0
 40
0.125
100
AcDbArc
 50
-5.64085402318932
 51
174.35914597681068
  0
ARC
  5
160
330
17
100
AcDbEntity
  8
SLOTS
100
AcDbCircle
 10
7.331849960489701
 20
19.61844067633623
 30
0.0
 40
0.125
100
AcDbArc
 50
174.35914597681068
 51
354.3591459768107
  0
LINE
  5
161
330
17
100
AcDbEntity
  8
SLOTS
100
AcDbLine
 10
17.57804843687397
 20
19.90396959869947
 30
0.0
 11
17.53479571669893
 21
19.912146301703505
 31
0.0
  0
LINE
  5
162
330
17
100
AcDbEntity
  8
SLOTS
100
AcDbLine
 10
17.581234396277658
 20
20.157795338011372
 30
0.0
 11
17.6244871164527
 21
20.149618635007336
 31
0.0
  0
ARC
  5
163
330
17
100
AcDbEntity
  8
SLOTS
100
AcDbCircle
 10
17.558015056488294
 20
20.03497081985744
 30
0.0
 40
0.125
100
AcDbArc
 50
79.29486270807845
 51
259.2948627080784
  0
ARC
  5
164
330
17
100
AcDbEntity
  8
SLOTS
100
AcDbCircle
 10
17.601267776663335
 20
20.026794116853402
 30
0.0
 40
0.125
100
AcDbArc
 50
259.2948627080784
 51
439.2948627080784
  0
LINE
  5
165
330
17
100
AcDbEntity
  8
SLOTS
100
AcDbLine
 10
17.855098333004324
 20
19.088310663638165
 30
0.0
 11
16.965329588197267
 21
19.25651684209622
 31
0.0
  0
LINE
  5
166
330
17
100
AcDbEntity
  8
SLOTS
100
AcDbLine
 10
17.01176826777598
 20
19.50216587840409
 30
0.0
 11
17.901537012583038
 21
19.333959699946032
 31
0.0
  0
ARC
  5
167
330
17
100
AcDbEntity
  8
SLOTS
100
AcDbCircle
 10
16.988548927986624
 20
19.379341360250155
 30
0.0
 40
0.125
100
AcDbArc
 50
79.29486270808135
 51
259.2948627080814
  0
ARC
  5
168
330
17
100
AcDbEntity
  8
SLOTS
100
AcDbCircle
 10
17.87831767279368
 20
19.2111351817921
 30
0.0
 40
0.125
100
AcDbArc
 50
259.2948627080814
 51
439.2948627080814
  0
LINE
  5
169
330
17
100
AcDbEntity
  8
SLOTS
100
AcDbLine
 10
18.132148229134675
 20
18.272651728576857
 30
0.0
 11
16.395863459695597
 21
18.60088738248894
 31
0.0
  0
LINE
  5
16A
330
17
100
AcDbEntity
  8
SLOTS
100
AcDbLine
 10
16.44230213927431
 20
18.846536418796806
 30
0.0
 11
18.17858690871339
 21
18.518300764884724
 31
0.0
  0
ARC
  5
16B
330
17
100
AcDbEntity
  8
SLOTS
100
AcDbCircle
 10
16.419082799484954
 20
18.723711900642872
 30
0.0
 40
0.125
100
AcDbArc
 50
79.29486270808135
 51
259.2948627080814
  0
ARC
  5
16C
330
17
100
AcDbEntity
  8
SLOTS
100
AcDbCircle
 10
18.15536756892403
 20
18.39547624673079
 30
0.0
 40
0.125
100
AcDbArc
 50
259.2948627080814
 51
439.2948627080814
  0
LINE
  5
16D
330
17
100
AcDbEntity
  8
SLOTS
100
AcDbLine
 10
18.409198125265025
 20
17.456992793515546
 30
0.0
 11
15.826397331193926
 21
17.945257922881655
 31
0.0
  0
LINE
  5
16E
330
17
100
AcDbEntity
  8
SLOTS
100
AcDbLine
 10
15.872836010772643
 20
18.190906959189522
 30
0.0
 11
18.45563680484374
 21
17.702641829823413
 31
0.0
  0
ARC
  5
16F
330
17
100
AcDbEntity
  8
SLOTS
100
AcDbCircle
 10
15.849616670983284
 20
18.06808244103559
 30
0.0
 40
0.125
100
AcDbArc
 50
79.29486270808127
 51
259.29486270808127
  0
ARC
  5
170
330
17
100
AcDbEntity
  8
SLOTS
100
AcDbCircle
 10
18.43241746505438
 20
17.57981731166948
 30
0.0
 40
0.125
100
AcDbArc
 50
259.29486270808127
 51
439.29486270808127
  0
LINE
  5
171
330
17
100
AcDbEntity
  8
SLOTS
100
AcDbLine
 10
18.686248021395375
 20
16.64133385845424
 30
0.0
 11
15.256931202692256
 21
17.289628463274372
 31
0.0
  0
LINE
  5
172
330
17
100
AcDbEntity
  8
SLOTS
100
AcDbLine
 10
15.303369882270973
 20
17.53527749958224
 30
0.0
 11
18.73268670097409
 21
16.886982894762106
 31
0.0
  0
ARC
  5
173
330
17
100
AcDbEntity
  8
SLOTS
100
AcDbCircle
 10
15.280150542481614
 20
17.412452981428306
 30
0.0
 40
0.125
100
AcDbArc
 50
79.2948627080813
 51
259.29486270808127
  0
ARC
  5
174
330
17
100
AcDbEntity
  8
SLOTS
100
AcDbCircle
 10
18.709467361184732
 20
16.764158376608172
 30
0.0
 40
0.125
100
AcDbArc
 50
259.29486270808127
 51
439.29486270808127
  0
LINE
  5
175
330
17
100
AcDbEntity
  8
SLOTS
100
AcDbLine
 10
18.963297917525725
 20
15.82567492339293
 30
0.0
 11
14.904683205669416
 21
16.592935039574066
 31
0.0
  0
LINE
  5
176
330
17
100
AcDbEntity
  8
SLOTS
100
AcDbLine
 10
14.951121885248133
 20
16.838584075881933
 30
0.0
 11
19.00973659710444
 21
16.0713239597008
 31
0.0
  0
ARC
  5
177
330
17
100
AcDbEntity
  8
SLOTS
100
AcDbCircle
 10
14.927902545458775
 20
16.715759557728
 30
0.0
 40
0.125
100
AcDbArc
 50
79.29486270808127
 51
259.29486270808127
  0
ARC
  5
178
330
17
100
AcDbEntity
  8
SLOTS
100
AcDbCircle
 10
18.986517257315082
 20
15.948499441546865
 30
0.0
 40
0.125
100
AcDbArc
 50
259.29486270808127
 51
439.29486270808127
  0
LINE
  5
179
330
17
100
AcDbEntity
  8
SLOTS
100
AcDbLine
 10
19.240347813656076
 20
15.010015988331622
 30
0.0
 11
15.053158833217468
 21
15.801582404877303
 31
0.0
  0
LINE
  5
17A
330
17
100
AcDbEntity
  8
SLOTS
100
AcDbLine
 10
15.099597512796185
 20
16.047231441185172
 30
0.0
 11
19.28678649323479
 21
15.255665024639493
 31
0.0
  0
ARC
  5
17B
330
17
100
AcDbEntity
  8
SLOTS
100
AcDbCircle
 10
15.076378173006827
 20
15.924406923031238
 30
0.0
 40
0.125
100
AcDbArc
 50
79.2948627080813
 51
259.29486270808127
  0
ARC
  5
17C
330
17
100
AcDbEntity
  8
SLOTS
100
AcDbCircle
 10
19.263567153445432
 20
15.132840506485557
 30
0.0
 40
0.125
100
AcDbArc
 50
259.29486270808127
 51
439.29486270808127
  0
LINE
  5
17D
330
17
100
AcDbEntity
  8
SLOTS
100
AcDbLine
 10
19.041634398050576
 20
14.284297646244267
 30
0.0
 11
15.20163446076552
 21
15.010229770180544
 31
0.0
  0
LINE
  5
17E
330
17
100
AcDbEntity
  8
SLOTS
100
AcDbLine
 10
15.248073140344237
 20
15.255878806488415
 30
0.0
 11
19.08807307762929
 21
14.529946682552138
 31
0.0
  0
ARC
  5
17F
330
17
100
AcDbEntity
  8
SLOTS
100
AcDbCircle
 10
15.224853800554879
 20
15.13305428833448
 30
0.0
 40
0.125
100
AcDbArc
 50
79.2948627080813
 51
259.29486270808127
  0
ARC
  5
180
330
17
100
AcDbEntity
  8
SLOTS
100
AcDbCircle
 10
19.064853737839933
 20
14.407122164398203
 30
0.0
 40
0.125
100
AcDbArc
 50
259.29486270808127
 51
439.29486270808127
  0
LINE
  5
181
330
17
100
AcDbEntity
  8
SLOTS
100
AcDbLine
 10
18.172535678474155
 20
13.685312177989028
 30
0.0
 11
15.350110088313574
 21
14.218877135483785
 31
0.0
  0
LINE
  5
182
330
17
100
AcDbEntity
  8
SLOTS
100
AcDbLine
 10
15.396548767892291
 20
14.464526171791656
 30
0.0
 11
18.21897435805287
 21
13.930961214296898
 31
0.0
  0
ARC
  5
183
330
17
100
AcDbEntity
  8
SLOTS
100
AcDbCircle
 10
15.373329428102933
 20
14.34170165363772
 30
0.0
 40
0.125
100
AcDbArc
 50
79.2948627080813
 51
259.29486270808127
  0
ARC
  5
184
330
17
100
AcDbEntity
  8
SLOTS
100
AcDbCircle
 10
18.19575501826351
 20
13.808136696142963
 30
0.0
 40
0.125
100
AcDbArc
 50
259.29486270808127
 51
439.29486270808127
  0
LINE
  5
185
330
17
100
AcDbEntity
  8
SLOTS
100
AcDbLine
 10
7.889645416231046
 20
14.197621905142139
 30
0.0
 11
8.222037399018195
 21
13.647176985414491
 31
0.0
  0
LINE
  5
186
330
17
100
AcDbEntity
  8
SLOTS
100
AcDbLine
 10
8.008029524959817
 20
13.517946068676222
 30
0.0
 11
7.675637542172668
 21
14.06839098840387
 31
0.0
  0
ARC
  5
187
330
17
100
AcDbEntity
  8
SLOTS
100
AcDbCircle
 10
8.115033461989006
 20
13.582561527045357
 30
0.0
 40
0.125
100
AcDbArc
 50
-148.87387754122
 51
31.126122458780017
  0
ARC
  5
188
330
17
100
AcDbEntity
  8
SLOTS
100
AcDbCircle
 10
7.782641479201857
 20
14.133006446773004
 30
0.0
 40
0.125
100
AcDbArc
 50
31.126122458780017
 51
211.12612245878
  0
LINE
  5
189
330
17
100
AcDbEntity
  8
SLOTS
100
AcDbLine
 10
8.219421703102318
 20
15.102399808781266
 30
0.0
 11
9.117210466666023
 21
13.615651362719419
 31
0.0
  0
LINE
  5
18A
330
17
100
AcDbEntity
  8
SLOTS
100
AcDbLine
 10
8.903202592607645
 20
13.48642044598115
 30
0.0
 11
8.00541382904394
 21
14.973168892042997
 31
0.0
  0
ARC
  5
18B
330
17
100
AcDbEntity
  8
SLOTS
100
AcDbCircle
 10
9.010206529636834
 20
13.551035904350284
 30
0.0
 40
0.125
100
AcDbArc
 50
-148.8738775412201
 51
31.126122458779896
  0
ARC
  5
18C
330
17
100
AcDbEntity
  8
SLOTS
100
AcDbCircle
 10
8.11241776607313
 20
15.037784350412132
 30
0.0
 40
0.125
100
AcDbArc
 50
31.126122458779896
 51
211.1261224587799
  0
LINE
  5
18D
330
17
100
AcDbEntity
  8
SLOTS
100
AcDbLine
 10
8.549197989973589
 20
16.007177712420393
 30
0.0
 11
10.004908569572681
 21
13.596504367006924
 31
0.0
  0
LINE
  5
18E
330
17
100
AcDbEntity
  8
SLOTS
100
AcDbLine
 10
9.790900695514303
 20
13.467273450268655
 30
0.0
 11
8.33519011591521
 21
15.877946795682124
 31
0.0
  0
ARC
  5
18F
330
17
100
AcDbEntity
  8
SLOTS
100
AcDbCircle
 10
9.897904632543492
 20
13.53188890863779
 30
0.0
 40
0.125
100
AcDbArc
 50
-148.87387754122008
 51
31.126122458779918
  0
ARC
  5
190
330
17
100
AcDbEntity
  8
SLOTS
100
AcDbCircle
 10
8.4421940529444
 20
15.942562254051259
 30
0.0
 40
0.125
100
AcDbArc
 50
31.126122458779918
 51
211.12612245877992
  0
LINE
  5
191
330
17
100
AcDbEntity
  8
SLOTS
100
AcDbLine
 10
8.878974276844861
 20
16.911955616059522
 30
0.0
 11
10.89260667247934
 21
13.57735737129443
 31
0.0
  0
LINE
  5
192
330
17
100
AcDbEntity
  8
SLOTS
100
AcDbLine
 10
10.678598798420962
 20
13.448126454556162
 30
0.0
 11
8.664966402786483
 21
16.782724699321257
 31
0.0
  0
ARC
  5
193
330
17
100
AcDbEntity
  8
SLOTS
100
AcDbCircle
 10
10.785602735450151
 20
13.512741912925296
 30
0.0
 40
0.125
100
AcDbArc
 50
-148.87387754122005
 51
31.126122458779932
  0
ARC
  5
194
330
17
100
AcDbEntity
  8
SLOTS
100
AcDbCircle
 10
8.771970339815672
 20
16.84734015769039
 30
0.0
 40
0.125
100
AcDbArc
 50
31.126122458779932
 51
211.12612245877995
  0
LINE
  5
195
330
17
100
AcDbEntity
  8
SLOTS
100
AcDbLine
 10
9.395612246993842
 20
17.507288438052868
 30
0.0
 11
11.780304775385996
 21
13.558210375581936
 31
0.0
  0
LINE
  5
196
330
17
100
AcDbEntity
  8
SLOTS
100
AcDbLine
 10
11.566296901327618
 20
13.428979458843667
 30
0.0
 11
9.181604372935464
 21
17.378057521314602
 31
0.0
  0
ARC
  5
197
330
17
100
AcDbEntity
  8
SLOTS
100
AcDbCircle
 10
11.673300838356807
 20
13.493594917212802
 30
0.0
 40
0.125
100
AcDbArc
 50
-148.87387754122008
 51
31.126122458779918
  0
ARC
  5
198
330
17
100
AcDbEntity
  8
SLOTS
100
AcDbCircle
 10
9.288608309964653
 20
17.442672979683735
 30
0.0
 40
0.125
100
AcDbArc
 50
31.126122458779918
 51
211.12612245877992
  0
LINE
  5
199
330
17
100
AcDbEntity
  8
SLOTS
100
AcDbLine
 10
9.977898891076832
 20
17.99390630624129
 30
0.0
 11
12.668002878292654
 21
13.539063379869441
 31
0.0
  0
LINE
  5
19A
330
17
100
AcDbEntity
  8
SLOTS
100
AcDbLine
 10
12.453995004234276
 20
13.409832463131172
 30
0.0
 11
9.763891017018453
 21
17.864675389503024
 31
0.0
  0
ARC
  5
19B
330
17
100
AcDbEntity
  8
SLOTS
100
AcDbCircle
 10
12.560998941263465
 20
13.474447921500307
 30
0.0
 40
0.125
100
AcDbArc
 50
-148.87387754122008
 51
31.126122458779918
  0
ARC
  5
19C
330
17
100
AcDbEntity
  8
SLOTS
100
AcDbCircle
 10
9.870894954047642
 20
17.929290847872156
 30
0.0
 40
0.125
100
AcDbArc
 50
31.126122458779918
 51
211.12612245877992
  0
LINE
  5
19D
330
17
100
AcDbEntity
  8
SLOTS
100
AcDbLine
 10
10.560185535159821
 20
18.480524174429714
 30
0.0
 11
13.433715074407575
 21
13.721926438998977
 31
0.0
  0
LINE
  5
19E
330
17
100
AcDbEntity
  8
SLOTS
100
AcDbLine
 10
13.219707200349196
 20
13.592695522260708
 30
0.0
 11
10.346177661101443
 21
18.35129325769145
 31
0.0
  0
ARC
  5
19F
330
17
100
AcDbEntity
  8
SLOTS
100
AcDbCircle
 10
13.326711137378386
 20
13.657310980629843
 30
0.0
 40
0.125
100
AcDbArc
 50
-148.87387754122008
 51
31.126122458779918
  0
ARC
  5
1A0
330
17
100
AcDbEntity
  8
SLOTS
100
AcDbCircle
 10
10.453181598130632
 20
18.41590871606058
 30
0.0
 40
0.125
100
AcDbArc
 50
31.126122458779918
 51
211.12612245877992
  0
LINE
  5
1A1
330
17
100
AcDbEntity
  8
SLOTS
100
AcDbLine
 10
11.178322130510612
 20
18.907774113878165
 30
0.0
 11
14.116644274535824
 21
14.041879084942872
 31
0.0
  0
LINE
  5
1A2
330
17
100
AcDbEntity
  8
SLOTS
100
AcDbLine
 10
13.902636400477446
 20
13.912648168204603
 30
0.0
 11
10.964314256452234
 21
18.7785431971399
 31
0.0
  0
ARC
  5
1A3
330
17
100
AcDbEntity
  8
SLOTS
100
AcDbCircle
 10
14.009640337506635
 20
13.977263626573738
 30
0.0
 40
0.125
100
AcDbArc
 50
-148.87387754122008
 51
31.126122458779918
  0
ARC
  5
1A4
330
17
100
AcDbEntity
  8
SLOTS
100
AcDbCircle
 10
11.071318193481423
 20
18.843158655509033
 30
0.0
 40
0.125
100
AcDbArc
 50
31.126122458779918
 51
211.12612245877992
  0
LINE
  5
1A5
330
17
100
AcDbEntity
  8
SLOTS
100
AcDbLine
 10
12.624991297940428
 20
17.962964651334886
 30
0.0
 11
14.692245948725962
 21
14.539567339622566
 31
0.0
  0
LINE
  5
1A6
330
17
100
AcDbEntity
  8
SLOTS
100
AcDbLine
 10
14.478238074667583
 20
14.410336422884297
 30
0.0
 11
12.41098342388205
 21
17.83373373459662
 31
0.0
  0
ARC
  5
1A7
330
17
100
AcDbEntity
  8
SLOTS
100
AcDbCircle
 10
14.585242011696772
 20
14.474951881253432
 30
0.0
 40
0.125
100
AcDbArc
 50
-148.87387754122008
 51
31.126122458779918
  0
ARC
  5
1A8
330
17
100
AcDbEntity
  8
SLOTS
100
AcDbCircle
 10
12.517987360911238
 20
17.898349192965753
 30
0.0
 40
0.125
100
AcDbArc
 50
31.126122458779918
 51
211.12612245877992
  0
LINE
  5
1A9
330
17
100
AcDbEntity
  8
SLOTS
100
AcDbLine
 10
14.071660465370236
 20
17.018155188791617
 30
0.0
 11
14.297320675882826
 21
16.644459302928848
 31
0.0
  0
LINE
  5
1AA
330
17
100
AcDbEntity
  8
SLOTS
100
AcDbLine
 10
14.083312801824448
 20
16.515228386190575
 30
0.0
 11
13.857652591311858
 21
16.888924272053345
 31
0.0
  0
ARC
  5
1AB
330
17
100
AcDbEntity
  8
SLOTS
100
AcDbCircle
 10
14.190316738853637
 20
16.57984384455971
 30
0.0
 40
0.125
100
AcDbArc
 50
-148.87387754121985
 51
31.126122458780145
  0
ARC
  5
1AC
330
17
100
AcDbEntity
  8
SLOTS
100
AcDbCircle
 10
13.964656528341047
 20
16.95353973042248
 30
0.0
 40
0.125
100
AcDbArc
 50
31.126122458780145
 51
211.12612245878015
  0
LINE
  5
1AD
330
17
100
AcDbEntity
  8
SLOTS
100
AcDbLine
 10
17.581159961154
 20
12.442273027014929
 30
0.0
 11
13.91707638356779
 21
12.99071379554086
 31
0.0
  0
LINE
  5
1AE
330
17
100
AcDbEntity
  8
SLOTS
100
AcDbLine
 10
13.95408416611149
 20
13.237959470995857
 30
0.0
 11
17.618167743697697
 21
12.689518702469927
 31
0.0
  0
ARC
  5
1AF
330
17
100
AcDbEntity
  8
SLOTS
100
AcDbCircle
 10
13.93558027483964
 20
13.114336633268358
 30
0.0
 40
0.125
100
AcDbArc
 50
81.48715513176057
 51
261.4871551317606
  0
ARC
  5
1B0
330
17
100
AcDbEntity
  8
SLOTS
100
AcDbCircle
 10
17.59966385242585
 20
12.565895864742428
 30
0.0
 40
0.125
100
AcDbArc
 50
261.4871551317606
 51
441.4871551317606
  0
LINE
  5
1B1
330
17
100
AcDbEntity
  8
SLOTS
100
AcDbLine
 10
17.63534281691937
 20
11.675807902822074
 30
0.0
 11
13.460311509343414
 21
12.300727430573458
 31
0.0
  0
LINE
  5
1B2
330
17
100
AcDbEntity
  8
SLOTS
100
AcDbLine
 10
13.497319291887115
 20
12.547973106028456
 30
0.0
 11
17.672350599463066
 21
11.923053578277072
 31
0.0
  0
ARC
  5
1B3
330
17
100
AcDbEntity
  8
SLOTS
100
AcDbCircle
 10
13.478815400615265
 20
12.424350268300957
 30
0.0
 40
0.125
100
AcDbArc
 50
81.48715513176057
 51
261.4871551317606
  0
ARC
  5
1B4
330
17
100
AcDbEntity
  8
SLOTS
100
AcDbCircle
 10
17.653846708191217
 20
11.799430740549573
 30
0.0
 40
0.125
100
AcDbArc
 50
261.4871551317606
 51
441.4871551317606
  0
LINE
  5
1B5
330
17
100
AcDbEntity
  8
SLOTS
100
AcDbLine
 10
17.264637512748102
 20
10.972940124060603
 30
0.0
 11
13.576982211335094
 21
11.52490911296069
 31
0.0
  0
LINE
  5
1B6
330
17
100
AcDbEntity
  8
SLOTS
100
AcDbLine
 10
13.613989993878794
 20
11.772154788415689
 30
0.0
 11
17.3016452952918
 21
11.220185799515601
 31
0.0
  0
ARC
  5
1B7
330
17
100
AcDbEntity
  8
SLOTS
100
AcDbCircle
 10
13.595486102606944
 20
11.64853195068819
 30
0.0
 40
0.125
100
AcDbArc
 50
81.48715513176057
 51
261.4871551317606
  0
ARC
  5
1B8
330
17
100
AcDbEntity
  8
SLOTS
100
AcDbCircle
 10
17.28314140401995
 20
11.096562961788102
 30
0.0
 40
0.125
100
AcDbArc
 50
261.4871551317606
 51
441.4871551317606
  0
LINE
  5
1B9
330
17
100
AcDbEntity
  8
SLOTS
100
AcDbLine
 10
16.589894490180328
 20
10.315580772278874
 30
0.0
 11
13.693652913326773
 21
10.749090795347923
 31
0.0
  0
LINE
  5
1BA
330
17
100
AcDbEntity
  8
SLOTS
100
AcDbLine
 10
13.730660695870473
 20
10.996336470802921
 30
0.0
 11
16.626902272724024
 21
10.562826447733872
 31
0.0
  0
ARC
  5
1BB
330
17
100
AcDbEntity
  8
SLOTS
100
AcDbCircle
 10
13.712156804598623
 20
10.872713633075422
 30
0.0
 40
0.125
100
AcDbArc
 50
81.48715513176055
 51
261.4871551317606
  0
ARC
  5
1BC
330
17
100
AcDbEntity
  8
SLOTS
100
AcDbCircle
 10
16.608398381452176
 20
10.439203610006373
 30
0.0
 40
0.125
100
AcDbArc
 50
261.4871551317606
 51
441.4871551317606
  0
LINE
  5
1BD
330
17
100
AcDbEntity
  8
SLOTS
100
AcDbLine
 10
15.915151467612555
 20
9.658221420497146
 30
0.0
 11
13.810323615318453
 21
9.973272477735156
 31
0.0
  0
LINE
  5
1BE
330
17
100
AcDbEntity
  8
SLOTS
100
AcDbLine
 10
13.847331397862153
 20
10.220518153190154
 30
0.0
 11
15.952159250156255
 21
9.905467095952144
 31
0.0
  0
ARC
  5
1BF
330
17
100
AcDbEntity
  8
SLOTS
100
AcDbCircle
 10
13.828827506590303
 20
10.096895315462655
 30
0.0
 40
0.125
100
AcDbArc
 50
81.48715513176055
 51
261.4871551317606
  0
ARC
  5
1C0
330
17
100
AcDbEntity
  8
SLOTS
100
AcDbCircle
 10
15.933655358884405
 20
9.781844258224645
 30
0.0
 40
0.125
100
AcDbArc
 50
261.4871551317606
 51
441.4871551317606
  0
LINE
  5
1C1
330
17
100
AcDbEntity
  8
SLOTS
100
AcDbLine
 10
15.240408445044782
 20
9.000862068715417
 30
0.0
 11
13.926994317310132
 21
9.197454160122389
 31
0.0
  0
LINE
  5
1C2
330
17
100
AcDbEntity
  8
SLOTS
100
AcDbLine
 10
13.964002099853833
 20
9.444699835577387
 30
0.0
 11
15.277416227588482
 21
9.248107744170415
 31
0.0
  0
ARC
  5
1C3
330
17
100
AcDbEntity
  8
SLOTS
100
AcDbCircle
 10
13.945498208581983
 20
9.321076997849888
 30
0.0
 40
0.125
100
AcDbArc
 50
81.48715513176052
 51
261.4871551317605
  0
ARC
  5
1C4
330
17
100
AcDbEntity
  8
SLOTS
100
AcDbCircle
 10
15.258912336316632
 20
9.124484906442916
 30
0.0
 40
0.125
100
AcDbArc
 50
261.4871551317605
 51
441.4871551317605
  0
LINE
  5
1C5
330
17
100
AcDbEntity
  8
SLOTS
100
AcDbLine
 10
14.565665422477009
 20
8.343502716933688
 30
0.0
 11
14.04366501930181
 21
8.421635842509621
 31
0.0
  0
LINE
  5
1C6
330
17
100
AcDbEntity
  8
SLOTS
100
AcDbLine
 10
14.08067280184551
 20
8.66888151796462
 30
0.0
 11
14.602673205020709
 21
8.590748392388686
 31
0.0
  0
ARC
  5
1C7
330
17
100
AcDbEntity
  8
SLOTS
100
AcDbCircle
 10
14.06216891057366
 20
8.54525868023712
 30
0.0
 40
0.125
100
AcDbArc
 50
81.48715513176043
 51
261.48715513176046
  0
ARC
  5
1C8
330
17
100
AcDbEntity
  8
SLOTS
100
AcDbCircle
 10
14.584169313748859
 20
8.467125554661187
 30
0.0
 40
0.125
100
AcDbArc
 50
261.48715513176046
 51
441.48715513176046
  0
LINE
  5
1C9
330
17
100
AcDbEntity
  8
SLOTS
100
AcDbLine
 10
20.387386179077318
 20
14.094274588496305
 30
0.0
 11
18.49357877198159
 21
11.832153559479092
 31
0.0
  0
LINE
  5
1CA
330
17
100
AcDbEntity
  8
SLOTS
100
AcDbLine
 10
18.301886794384878
 20
11.99263466654488
 30
0.0
 11
20.195694201480606
 21
14.254755695562093
 31
0.0
  0
ARC
  5
1CB
330
17
100
AcDbEntity
  8
SLOTS
100
AcDbCircle
 10
18.397732783183233
 20
11.912394113011986
 30
0.0
 40
0.125
100
AcDbArc
 50
-219.93546940410164
 51
-39.93546940410164
  0
ARC
  5
1CC
330
17
100
AcDbEntity
  8
SLOTS
100
AcDbCircle
 10
20.291540190278962
 20
14.174515142029199
 30
0.0
 40
0.125
100
AcDbArc
 50
-39.93546940410164
 51
140.06453059589836
  0
LINE
  5
1CD
330
17
100
AcDbEntity
  8
SLOTS
100
AcDbLine
 10
21.458805791502062
 20
14.205705427107556
 30
0.0
 11
18.762698660103926
 21
10.985250899594613
 31
0.0
  0
LINE
  5
1CE
330
17
100
AcDbEntity
  8
SLOTS
100
AcDbLine
 10
18.571006682507214
 20
11.1457320066604
 30
0.0
 11
21.26711381390535
 21
14.366186534173345
 31
0.0
  0
ARC
  5
1CF
330
17
100
AcDbEntity
  8
SLOTS
100
AcDbCircle
 10
18.66685267130557
 20
11.065491453127507
 30
0.0
 40
0.125
100
AcDbArc
 50
-219.9354694041017
 51
-39.935469404101696
  0
ARC
  5
1D0
330
17
100
AcDbEntity
  8
SLOTS
100
AcDbCircle
 10
21.362959802703706
 20
14.28594598064045
 30
0.0
 40
0.125
100
AcDbArc
 50
-39.935469404101696
 51
140.0645305958983
  0
LINE
  5
1D1
330
17
100
AcDbEntity
  8
SLOTS
100
AcDbLine
 10
22.53022540392681
 20
14.317136265718808
 30
0.0
 11
19.17657550580453
 21
10.311257985763197
 31
0.0
  0
LINE
  5
1D2
330
17
100
AcDbEntity
  8
SLOTS
100
AcDbLine
 10
18.984883528207817
 20
10.471739092828985
 30
0.0
 11
22.3385334263301
 21
14.477617372784596
 31
0.0
  0
ARC
  5
1D3
330
17
100
AcDbEntity
  8
SLOTS
100
AcDbCircle
 10
19.080729517006173
 20
10.39149853929609
 30
0.0
 40
0.125
100
AcDbArc
 50
-219.9354694041017
 51
-39.935469404101696
  0
ARC
  5
1D4
330
17
100
AcDbEntity
  8
SLOTS
100
AcDbCircle
 10
22.434379415128454
 20
14.397376819251702
 30
0.0
 40
0.125
100
AcDbArc
 50
-39.935469404101696
 51
140.0645305958983
  0
LINE
  5
1D5
330
17
100
AcDbEntity
  8
SLOTS
100
AcDbLine
 10
23.328527444372835
 20
14.102332767801274
 30
0.0
 11
19.590452351505128
 21
9.637265071931783
 31
0.0
  0
LINE
  5
1D6
330
17
100
AcDbEntity
  8
SLOTS
100
AcDbLine
 10
19.398760373908416
 20
9.79774617899757
 30
0.0
 11
23.136835466776123
 21
14.262813874867062
 31
0.0
  0
ARC
  5
1D7
330
17
100
AcDbEntity
  8
SLOTS
100
AcDbCircle
 10
19.494606362706772
 20
9.717505625464677
 30
0.0
 40
0.125
100
AcDbArc
 50
-219.93546940410167
 51
-39.93546940410167
  0
ARC
  5
1D8
330
17
100
AcDbEntity
  8
SLOTS
100
AcDbCircle
 10
23.23268145557448
 20
14.182573321334168
 30
0.0
 40
0.125
100
AcDbArc
 50
-39.93546940410167
 51
140.06453059589833
  0
LINE
  5
1D9
330
17
100
AcDbEntity
  8
SLOTS
100
AcDbLine
 10
23.858521753110004
 20
13.567040206490908
 30
0.0
 11
20.004329197205728
 21
8.963272158100368
 31
0.0
  0
LINE
  5
1DA
330
17
100
AcDbEntity
  8
SLOTS
100
AcDbLine
 10
19.812637219609016
 20
9.123753265166156
 30
0.0
 11
23.666829775513293
 21
13.727521313556696
 31
0.0
  0
ARC
  5
1DB
330
17
100
AcDbEntity
  8
SLOTS
100
AcDbCircle
 10
19.90848320840737
 20
9.043512711633262
 30
0.0
 40
0.125
100
AcDbArc
 50
-219.9354694041017
 51
-39.935469404101696
  0
ARC
  5
1DC
330
17
100
AcDbEntity
  8
SLOTS
100
AcDbCircle
 10
23.76267576431165
 20
13.647280760023802
 30
0.0
 40
0.125
100
AcDbArc
 50
-39.935469404101696
 51
140.0645305958983
  0
LINE
  5
1DD
330
17
100
AcDbEntity
  8
SLOTS
100
AcDbLine
 10
24.388516061847174
 20
13.031747645180543
 30
0.0
 11
20.418206042906327
 21
8.289279244268954
 31
0.0
  0
LINE
  5
1DE
330
17
100
AcDbEntity
  8
SLOTS
100
AcDbLine
 10
20.226514065309615
 20
8.449760351334742
 30
0.0
 11
24.196824084250462
 21
13.192228752246331
 31
0.0
  0
ARC
  5
1DF
330
17
100
AcDbEntity
  8
SLOTS
100
AcDbCircle
 10
20.32236005410797
 20
8.369519797801848
 30
0.0
 40
0.125
100
AcDbArc
 50
-219.9354694041017
 51
-39.935469404101696
  0
ARC
  5
1E0
330
17
100
AcDbEntity
  8
SLOTS
100
AcDbCircle
 10
24.292670073048818
 20
13.111988198713437
 30
0.0
 40
0.125
100
AcDbArc
 50
-39.935469404101696
 51
140.0645305958983
  0
LINE
  5
1E1
330
17
100
AcDbEntity
  8
SLOTS
100
AcDbLine
 10
24.75892772729754
 20
12.30583630611451
 30
0.0
 11
20.832082888606926
 21
7.6152863304375416
 31
0.0
  0
LINE
  5
1E2
330
17
100
AcDbEntity
  8
SLOTS
100
AcDbLine
 10
20.640390911010215
 20
7.77576743750333
 30
0.0
 11
24.567235749700828
 21
12.466317413180299
 31
0.0
  0
ARC
  5
1E3
330
17
100
AcDbEntity
  8
SLOTS
100
AcDbCircle
 10
20.73623689980857
 20
7.695526883970436
 30
0.0
 40
0.125
100
AcDbArc
 50
-219.93546940410167
 51
-39.93546940410167
  0
ARC
  5
1E4
330
17
100
AcDbEntity
  8
SLOTS
100
AcDbCircle
 10
24.663081738499184
 20
12.386076859647405
 30
0.0
 40
0.125
100
AcDbArc
 50
-39.93546940410167
 51
140.06453059589833
  0
LINE
  5
1E5
330
17
100
AcDbEntity
  8
SLOTS
100
AcDbLine
 10
24.391046344762152
 20
10.698046364626586
 30
0.0
 11
21.245959734307526
 21
6.941293416606124
 31
0.0
  0
LINE
  5
1E6
330
17
100
AcDbEntity
  8
SLOTS
100
AcDbLine
 10
21.054267756710814
 20
7.101774523671914
 30
0.0
 11
24.19935436716544
 21
10.858527471692375
 31
0.0
  0
ARC
  5
1E7
330
17
100
AcDbEntity
  8
SLOTS
100
AcDbCircle
 10
21.15011374550917
 20
7.021533970139019
 30
0.0
 40
0.125
100
AcDbArc
 50
-219.9354694041017
 51
-39.935469404101696
  0
ARC
  5
1E8
330
17
100
AcDbEntity
  8
SLOTS
100
AcDbCircle
 10
24.295200355963797
 20
10.77828691815948
 30
0.0
 40
0.125
100
AcDbArc
 50
-39.935469404101696
 51
140.0645305958983
  0
LINE
  5
1E9
330
17
100
AcDbEntity
  8
SLOTS
100
AcDbLine
 10
23.44493039362445
 20
8.399564976670021
 30
0.0
 11
21.789166297727
 21
6.421782670830746
 31
0.0
  0
LINE
  5
1EA
330
17
100
AcDbEntity
  8
SLOTS
100
AcDbLine
 10
21.59747432013029
 20
6.582263777896536
 30
0.0
 11
23.253238416027738
 21
8.56004608373581
 31
0.0
  0
ARC
  5
1EB
330
17
100
AcDbEntity
  8
SLOTS
100
AcDbCircle
 10
21.693320308928644
 20
6.502023224363641
 30
0.0
 40
0.125
100
AcDbArc
 50
-219.9354694041017
 51
-39.935469404101696
  0
ARC
  5
1EC
330
17
100
AcDbEntity
  8
SLOTS
100
AcDbCircle
 10
23.349084404826094
 20
8.479805530202915
 30
0.0
 40
0.125
100
AcDbArc
 50
-39.935469404101696
 51
140.0645305958983
  0
LINE
  5
1ED
330
17
100
AcDbEntity
  8
SLOTS
100
AcDbLine
 10
21.72020099970016
 20
15.160773425150005
 30
0.0
 11
23.288438453179598
 21
17.336942021649758
 31
0.0
  0
LINE
  5
1EE
330
17
100
AcDbEntity
  8
SLOTS
100
AcDbLine
 10
23.49126032204992
 20
17.190780161002227
 30
0.0
 11
21.923022868570484
 21
15.01461156450247
 31
0.0
  0
ARC
  5
1EF
330
17
100
AcDbEntity
  8
SLOTS
100
AcDbCircle
 10
23.38984938761476
 20
17.263861091325992
 30
0.0
 40
0.125
100
AcDbArc
 50
-35.778087351531326
 51
144.22191264846867
  0
ARC
  5
1F0
330
17
100
AcDbEntity
  8
SLOTS
100
AcDbCircle
 10
21.821611934135323
 20
15.087692494826237
 30
0.0
 40
0.125
100
AcDbArc
 50
144.22191264846867
 51
324.2219126484687
  0
LINE
  5
1F1
330
17
100
AcDbEntity
  8
SLOTS
100
AcDbLine
 10
20.720843780773734
 20
15.056837290618024
 30
0.0
 11
23.592258087228597
 21
19.04136248314118
 31
0.0
  0
LINE
  5
1F2
330
17
100
AcDbEntity
  8
SLOTS
100
AcDbLine
 10
23.79507995609892
 20
18.89520062249365
 30
0.0
 11
20.923665649644057
 21
14.910675429970489
 31
0.0
  0
ARC
  5
1F3
330
17
100
AcDbEntity
  8
SLOTS
100
AcDbCircle
 10
23.69366902166376
 20
18.968281552817416
 30
0.0
 40
0.125
100
AcDbArc
 50
-35.77808735153139
 51
144.22191264846862
  0
ARC
  5
1F4
330
17
100
AcDbEntity
  8
SLOTS
100
AcDbCircle
 10
20.822254715208896
 20
14.983756360294256
 30
0.0
 40
0.125
100
AcDbArc
 50
144.22191264846862
 51
324.2219126484686
  0
LINE
  5
1F5
330
17
100
AcDbEntity
  8
SLOTS
100
AcDbLine
 10
19.93808921337715
 20
15.253470363339705
 30
0.0
 11
23.21909820847342
 21
19.806370642643824
 31
0.0
  0
LINE
  5
1F6
330
17
100
AcDbEntity
  8
SLOTS
100
AcDbLine
 10
23.421920077343742
 20
19.660208781996293
 30
0.0
 11
20.140911082247474
 21
15.10730850269217
 31
0.0
  0
ARC
  5
1F7
330
17
100
AcDbEntity
  8
SLOTS
100
AcDbCircle
 10
23.32050914290858
 20
19.733289712320058
 30
0.0
 40
0.125
100
AcDbArc
 50
-35.77808735153136
 51
144.22191264846865
  0
ARC
  5
1F8
330
17
100
AcDbEntity
  8
SLOTS
100
AcDbCircle
 10
20.039500147812312
 20
15.180389433015938
 30
0.0
 40
0.125
100
AcDbArc
 50
144.22191264846865
 51
324.2219126484686
  0
LINE
  5
1F9
330
17
100
AcDbEntity
  8
SLOTS
100
AcDbLine
 10
19.64194387415394
 20
16.125347939863037
 30
0.0
 11
22.525051892194533
 21
20.12609994030545
 31
0.0
  0
LINE
  5
1FA
330
17
100
AcDbEntity
  8
SLOTS
100
AcDbLine
 10
22.727873761064856
 20
19.97993807965792
 30
0.0
 11
19.844765743024265
 21
15.979186079215504
 31
0.0
  0
ARC
  5
1FB
330
17
100
AcDbEntity
  8
SLOTS
100
AcDbCircle
 10
22.626462826629695
 20
20.053019009981686
 30
0.0
 40
0.125
100
AcDbArc
 50
-35.778087351531376
 51
144.22191264846862
  0
ARC
  5
1FC
330
17
100
AcDbEntity
  8
SLOTS
100
AcDbCircle
 10
19.743354808589103
 20
16.05226700953927
 30
0.0
 40
0.125
100
AcDbArc
 50
144.22191264846862
 51
324.2219126484686
  0
LINE
  5
1FD
330
17
100
AcDbEntity
  8
SLOTS
100
AcDbLine
 10
19.345798534930733
 20
16.99722551638637
 30
0.0
 11
21.732425041095745
 21
20.309033714033344
 31
0.0
  0
LINE
  5
1FE
330
17
100
AcDbEntity
  8
SLOTS
100
AcDbLine
 10
21.935246909966068
 20
20.162871853385813
 30
0.0
 11
19.548620403801056
 21
16.851063655738837
 31
0.0
  0
ARC
  5
1FF
330
17
100
AcDbEntity
  8
SLOTS
100
AcDbCircle
 10
21.833835975530906
 20
20.23595278370958
 30
0.0
 40
0.125
100
AcDbArc
 50
-35.77808735153139
 51
144.22191264846862
  0
ARC
  5
200
330
17
100
AcDbEntity
  8
SLOTS
100
AcDbCircle
 10
19.447209469365895
 20
16.924144586062603
 30
0.0
 40
0.125
100
AcDbArc
 50
144.22191264846862
 51
324.2219126484686
  0
LINE
  5
201
330
17
100
AcDbEntity
  8
SLOTS
100
AcDbLine
 10
19.049653195707528
 20
17.869103092909704
 30
0.0
 11
20.902290632949057
 21
20.43992003308659
 31
0.0
  0
LINE
  5
202
330
17
100
AcDbEntity
  8
SLOTS
100
AcDbLine
 10
21.10511250181938
 20
20.29375817243906
 30
0.0
 11
19.25247506457785
 21
17.722941232262173
 31
0.0
  0
ARC
  5
203
330
17
100
AcDbEntity
  8
SLOTS
100
AcDbCircle
 10
21.00370156738422
 20
20.366839102762825
 30
0.0
 40
0.125
100
AcDbArc
 50
-35.77808735153136
 51
144.22191264846865
  0
ARC
  5
204
330
17
100
AcDbEntity
  8
SLOTS
100
AcDbCircle
 10
19.15106413014269
 20
17.79602216258594
 30
0.0
 40
0.125
100
AcDbArc
 50
144.22191264846865
 51
324.2219126484686
  0
LINE
  5
205
330
17
100
AcDbEntity
  8
SLOTS
100
AcDbLine
 10
18.75350785648432
 20
18.740980669433036
 30
0.0
 11
20.072156224802374
 21
20.570806352139837
 31
0.0
  0
LINE
  5
206
330
17
100
AcDbEntity
  8
SLOTS
100
AcDbLine
 10
20.274978093672697
 20
20.424644491492305
 30
0.0
 11
18.956329725354642
 21
18.594818808785504
 31
0.0
  0
ARC
  5
207
330
17
100
AcDbEntity
  8
SLOTS
100
AcDbCircle
 10
20.173567159237535
 20
20.49772542181607
 30
0.0
 40
0.125
100
AcDbArc
 50
-35.778087351531404
 51
144.2219126484686
  0
ARC
  5
208
330
17
100
AcDbEntity
  8
SLOTS
100
AcDbCircle
 10
18.85491879091948
 20
18.66789973910927
 30
0.0
 40
0.125
100
AcDbArc
 50
144.2219126484686
 51
324.2219126484686
  0
LINE
  5
209
330
17
100
AcDbEntity
  8
SLOTS
100
AcDbLine
 10
18.457362517261114
 20
19.612858245956364
 30
0.0
 11
19.24202181665569
 21
20.701692671193083
 31
0.0
  0
LINE
  5
20A
330
17
100
AcDbEntity
  8
SLOTS
100
AcDbLine
 10
19.444843685526013
 20
20.55553081054555
 30
0.0
 11
18.660184386131437
 21
19.466696385308833
 31
0.0
  0
ARC
  5
20B
330
17
100
AcDbEntity
  8
SLOTS
100
AcDbCircle
 10
19.34343275109085
 20
20.628611740869317
 30
0.0
 40
0.125
100
AcDbArc
 50
-35.77808735153129
 51
144.2219126484687
  0
ARC
  5
20C
330
17
100
AcDbEntity
  8
SLOTS
100
AcDbCircle
 10
18.558773451696275
 20
19.5397773156326
 30
0.0
 40
0.125
100
AcDbArc
 50
144.2219126484687
 51
324.22191264846873
  0
LINE
  5
20D
330
17
100
AcDbEntity
  8
SLOTS
100
AcDbLine
 10
18.161217178037905
 20
20.484735822479703
 30
0.0
 11
18.411887408509003
 21
20.83257899024633
 31
0.0
  0
LINE
  5
20E
330
17
100
AcDbEntity
  8
SLOTS
100
AcDbLine
 10
18.614709277379326
 20
20.686417129598798
 30
0.0
 11
18.36403904690823
 21
20.33857396183217
 31
0.0
  0
ARC
  5
20F
330
17
100
AcDbEntity
  8
SLOTS
100
AcDbCircle
 10
18.513298342944164
 20
20.759498059922564
 30
0.0
 40
0.125
100
AcDbArc
 50
-35.778087351531525
 51
144.22191264846848
  0
ARC
  5
210
330
17
100
AcDbEntity
  8
SLOTS
100
AcDbCircle
 10
18.262628112473067
 20
20.411654892155937
 30
0.0
 40
0.125
100
AcDbArc
 50
144.22191264846848
 51
324.22191264846845
  0
LINE
  5
211
330
17
100
AcDbEntity
  8
SLOTS
100
AcDbLine
 10
9.540938092441648
 20
12.708688785992509
 30
0.0
 11
9.204807331146016
 21
12.328095519137356
 31
0.0
  0
LINE
  5
212
330
17
100
AcDbEntity
  8
SLOTS
100
AcDbLine
 10
9.017424381848803
 20
12.493587604484897
 30
0.0
 11
9.353555143144435
 21
12.87418087134005
 31
0.0
  0
ARC
  5
213
330
17
100
AcDbEntity
  8
SLOTS
100
AcDbCircle
 10
9.11111585649741
 20
12.410841561811127
 30
0.0
 40
0.125
100
AcDbArc
 50
-221.45016301733222
 51
-41.450163017332216
  0
ARC
  5
214
330
17
100
AcDbEntity
  8
SLOTS
100
AcDbCircle
 10
9.447246617793041
 20
12.79143482866628
 30
0.0
 40
0.125
100
AcDbArc
 50
-41.450163017332216
 51
138.54983698266778
  0
LINE
  5
215
330
17
100
AcDbEntity
  8
SLOTS
100
AcDbLine
 10
10.522857721125126
 20
12.687509501212181
 30
0.0
 11
9.64771064985568
 21
11.696600244501179
 31
0.0
  0
LINE
  5
216
330
17
100
AcDbEntity
  8
SLOTS
100
AcDbLine
 10
9.460327700558468
 20
11.86209232984872
 30
0.0
 11
10.335474771827913
 21
12.853001586559722
 31
0.0
  0
ARC
  5
217
330
17
100
AcDbEntity
  8
SLOTS
100
AcDbCircle
 10
9.554019175207074
 20
11.779346287174949
 30
0.0
 40
0.125
100
AcDbArc
 50
-221.45016301733216
 51
-41.45016301733216
  0
ARC
  5
218
330
17
100
AcDbEntity
  8
SLOTS
100
AcDbCircle
 10
10.42916624647652
 20
12.770255543885952
 30
0.0
 40
0.125
100
AcDbArc
 50
-41.45016301733216
 51
138.54983698266784
  0
LINE
  5
219
330
17
100
AcDbEntity
  8
SLOTS
100
AcDbLine
 10
11.504777349808604
 20
12.666330216431854
 30
0.0
 11
10.090613968565343
 21
11.065104969865
 31
0.0
  0
LINE
  5
21A
330
17
100
AcDbEntity
  8
SLOTS
100
AcDbLine
 10
9.90323101926813
 20
11.230597055212542
 30
0.0
 11
11.317394400511391
 21
12.831822301779395
 31
0.0
  0
ARC
  5
21B
330
17
100
AcDbEntity
  8
SLOTS
100
AcDbCircle
 10
9.996922493916736
 20
11.147851012538771
 30
0.0
 40
0.125
100
AcDbArc
 50
-221.45016301733216
 51
-41.45016301733216
  0
ARC
  5
21C
330
17
100
AcDbEntity
  8
SLOTS
100
AcDbCircle
 10
11.411085875159998
 20
12.749076259105625
 30
0.0
 40
0.125
100
AcDbArc
 50
-41.45016301733216
 51
138.54983698266784
  0
LINE
  5
21D
330
17
100
AcDbEntity
  8
SLOTS
100
AcDbLine
 10
12.486696978492082
 20
12.645150931651527
 30
0.0
 11
10.533517287275005
 21
10.433609695228824
 31
0.0
  0
LINE
  5
21E
330
17
100
AcDbEntity
  8
SLOTS
100
AcDbLine
 10
10.346134337977793
 20
10.599101780576365
 30
0.0
 11
12.29931402919487
 21
12.810643016999068
 31
0.0
  0
ARC
  5
21F
330
17
100
AcDbEntity
  8
SLOTS
100
AcDbCircle
 10
10.439825812626399
 20
10.516355737902595
 30
0.0
 40
0.125
100
AcDbArc
 50
-221.45016301733222
 51
-41.450163017332216
  0
ARC
  5
220
330
17
100
AcDbEntity
  8
SLOTS
100
AcDbCircle
 10
12.393005503843476
 20
12.727896974325297
 30
0.0
 40
0.125
100
AcDbArc
 50
-41.450163017332216
 51
138.54983698266778
  0
LINE
  5
221
330
17
100
AcDbEntity
  8
SLOTS
100
AcDbLine
 10
12.873025174682928
 20
11.949596923981899
 30
0.0
 11
10.97642060598467
 21
9.802114420592645
 31
0.0
  0
LINE
  5
222
330
17
100
AcDbEntity
  8
SLOTS
100
AcDbLine
 10
10.789037656687457
 20
9.967606505940186
 30
0.0
 11
12.685642225385715
 21
12.11508900932944
 31
0.0
  0
ARC
  5
223
330
17
100
AcDbEntity
  8
SLOTS
100
AcDbCircle
 10
10.882729131336063
 20
9.884860463266415
 30
0.0
 40
0.125
100
AcDbArc
 50
-221.45016301733216
 51
-41.45016301733216
  0
ARC
  5
224
330
17
100
AcDbEntity
  8
SLOTS
100
AcDbCircle
 10
12.779333700034321
 20
12.03234296665567
 30
0.0
 40
0.125
100
AcDbArc
 50
-41.45016301733216
 51
138.54983698266784
  0
LINE
  5
225
330
17
100
AcDbEntity
  8
SLOTS
100
AcDbLine
 10
13.018617121817622
 20
10.9814627004297
 30
0.0
 11
11.419323924694332
 21
9.170619145956469
 31
0.0
  0
LINE
  5
226
330
17
100
AcDbEntity
  8
SLOTS
100
AcDbLine
 10
11.23194097539712
 20
9.33611123130401
 30
0.0
 11
12.831234172520409
 21
11.146954785777242
 31
0.0
  0
ARC
  5
227
330
17
100
AcDbEntity
  8
SLOTS
100
AcDbCircle
 10
11.325632450045726
 20
9.253365188630239
 30
0.0
 40
0.125
100
AcDbArc
 50
-221.45016301733216
 51
-41.45016301733216
  0
ARC
  5
228
330
17
100
AcDbEntity
  8
SLOTS
100
AcDbCircle
 10
12.924925647169015
 20
11.064208743103471
 30
0.0
 40
0.125
100
AcDbArc
 50
-41.45016301733216
 51
138.54983698266784
  0
LINE
  5
229
330
17
100
AcDbEntity
  8
SLOTS
100
AcDbLine
 10
13.164209068952315
 20
10.013328476877499
 30
0.0
 11
11.862227243403995
 21
8.539123871320289
 31
0.0
  0
LINE
  5
22A
330
17
100
AcDbEntity
  8
SLOTS
100
AcDbLine
 10
11.674844294106782
 20
8.70461595666783
 30
0.0
 11
12.976826119655103
 21
10.17882056222504
 31
0.0
  0
ARC
  5
22B
330
17
100
AcDbEntity
  8
SLOTS
100
AcDbCircle
 10
11.768535768755388
 20
8.62186991399406
 30
0.0
 40
0.125
100
AcDbArc
 50
-221.45016301733216
 51
-41.45016301733216
  0
ARC
  5
22C
330
17
100
AcDbEntity
  8
SLOTS
100
AcDbCircle
 10
13.070517594303709
 20
10.09607451955127
 30
0.0
 40
0.125
100
AcDbArc
 50
-41.45016301733216
 51
138.54983698266784
  0
LINE
  5
22D
330
17
100
AcDbEntity
  8
SLOTS
100
AcDbLine
 10
13.30980101608701
 20
9.045194253325299
 30
0.0
 11
12.305130562113657
 21
7.907628596684112
 31
0.0
  0
LINE
  5
22E
330
17
100
AcDbEntity
  8
SLOTS
100
AcDbLine
 10
12.117747612816444
 20
8.073120682031654
 30
0.0
 11
13.122418066789796
 21
9.21068633867284
 31
0.0
  0
ARC
  5
22F
330
17
100
AcDbEntity
  8
SLOTS
100
AcDbCircle
 10
12.21143908746505
 20
7.990374639357883
 30
0.0
 40
0.125
100
AcDbArc
 50
-221.45016301733222
 51
-41.450163017332216
  0
ARC
  5
230
330
17
100
AcDbEntity
  8
SLOTS
100
AcDbCircle
 10
13.216109541438403
 20
9.12794029599907
 30
0.0
 40
0.125
100
AcDbArc
 50
-41.450163017332216
 51
138.54983698266778
  0
LINE
  5
231
330
17
100
AcDbEntity
  8
SLOTS
100
AcDbLine
 10
13.455392963221703
 20
8.077060029773097
 30
0.0
 11
13.077935120580129
 21
7.6496730424074695
 31
0.0
  0
LINE
  5
232
330
17
100
AcDbEntity
  8
SLOTS
100
AcDbLine
 10
12.890552171282916
 20
7.815165127755012
 30
0.0
 11
13.26801001392449
 21
8.242552115120638
 31
0.0
  0
ARC
  5
233
330
17
100
AcDbEntity
  8
SLOTS
100
AcDbCircle
 10
12.984243645931523
 20
7.732419085081241
 30
0.0
 40
0.125
100
AcDbArc
 50
-221.45016301733222
 51
-41.450163017332216
  0
ARC
  5
234
330
17
100
AcDbEntity
  8
SLOTS
100
AcDbCircle
 10
13.361701488573097
 20
8.159806072446868
 30
0.0
 40
0.125
100
AcDbArc
 50
-41.450163017332216
 51
138.54983698266778
  0
LINE
  5
235
330
17
100
AcDbEntity
  8
SLOTS
100
AcDbLine
 10
12.315091427151023
 20
2.4333161134172094
 30
0.0
 11
13.30972497630356
 21
1.347723731622016
 31
0.0
  0
LINE
  5
236
330
17
100
AcDbEntity
  8
SLOTS
100
AcDbLine
 10
13.125394766718284
 20
1.1788380488829273
 30
0.0
 11
12.130761217565746
 21
2.2644304306781207
 31
0.0
  0
ARC
  5
237
330
17
100
AcDbEntity
  8
SLOTS
100
AcDbCircle
 10
13.217559871510922
 20
1.2632808902524717
 30
0.0
 40
0.125
100
AcDbArc
 50
-137.50368942841314
 51
42.49631057158686
  0
ARC
  5
238
330
17
100
AcDbEntity
  8
SLOTS
100
AcDbCircle
 10
12.222926322358385
 20
2.348873272047665
 30
0.0
 40
0.125
100
AcDbArc
 50
42.49631057158686
 51
222.49631057158686
  0
LINE
  5
239
330
17
100
AcDbEntity
  8
SLOTS
100
AcDbLine
 10
10.94567281169311
 20
5.038185947629129
 30
0.0
 11
13.89287657864874
 21
1.821461597509242
 31
0.0
  0
LINE
  5
23A
330
17
100
AcDbEntity
  8
SLOTS
100
AcDbLine
 10
13.708546369063464
 20
1.6525759147701538
 30
0.0
 11
10.761342602107833
 21
4.869300264890041
 31
0.0
  0
ARC
  5
23B
330
17
100
AcDbEntity
  8
SLOTS
100
AcDbCircle
 10
13.800711473856103
 20
1.737018756139698
 30
0.0
 40
0.125
100
AcDbArc
 50
-137.50368942841317
 51
42.49631057158685
  0
ARC
  5
23C
330
17
100
AcDbEntity
  8
SLOTS
100
AcDbCircle
 10
10.853507706900471
 20
4.953743106259585
 30
0.0
 40
0.125
100
AcDbArc
 50
42.49631057158685
 51
222.49631057158683
  0
LINE
  5
23D
330
17
100
AcDbEntity
  8
SLOTS
100
AcDbLine
 10
11.178526686842877
 20
5.894256125077255
 30
0.0
 11
14.476028180993923
 21
2.295199463396468
 31
0.0
  0
LINE
  5
23E
330
17
100
AcDbEntity
  8
SLOTS
100
AcDbLine
 10
14.291697971408647
 20
2.1263137806573793
 30
0.0
 11
10.994196477257601
 21
5.725370442338167
 31
0.0
  0
ARC
  5
23F
330
17
100
AcDbEntity
  8
SLOTS
100
AcDbCircle
 10
14.383863076201285
 20
2.2107566220269237
 30
0.0
 40
0.125
100
AcDbArc
 50
-137.50368942841314
 51
42.49631057158686
  0
ARC
  5
240
330
17
100
AcDbEntity
  8
SLOTS
100
AcDbCircle
 10
11.08636158205024
 20
5.809813283707711
 30
0.0
 40
0.125
100
AcDbArc
 50
42.49631057158686
 51
222.49631057158686
  0
LINE
  5
241
330
17
100
AcDbEntity
  8
SLOTS
100
AcDbLine
 10
11.768238486431807
 20
6.360833866356824
 30
0.0
 11
15.059179783339104
 21
2.768937329283694
 31
0.0
  0
LINE
  5
242
330
17
100
AcDbEntity
  8
SLOTS
100
AcDbLine
 10
14.874849573753828
 20
2.600051646544605
 30
0.0
 11
11.58390827684653
 21
6.191948183617736
 31
0.0
  0
ARC
  5
243
330
17
100
AcDbEntity
  8
SLOTS
100
AcDbCircle
 10
14.967014678546466
 20
2.6844944879141495
 30
0.0
 40
0.125
100
AcDbArc
 50
-137.50368942841314
 51
42.49631057158686
  0
ARC
  5
244
330
17
100
AcDbEntity
  8
SLOTS
100
AcDbCircle
 10
11.676073381639169
 20
6.27639102498728
 30
0.0
 40
0.125
100
AcDbArc
 50
42.49631057158686
 51
222.49631057158686
  0
LINE
  5
245
330
17
100
AcDbEntity
  8
SLOTS
100
AcDbLine
 10
12.357950286020738
 20
6.827411607636393
 30
0.0
 11
15.642331385684285
 21
3.2426751951709196
 31
0.0
  0
LINE
  5
246
330
17
100
AcDbEntity
  8
SLOTS
100
AcDbLine
 10
15.458001176099009
 20
3.073789512431831
 30
0.0
 11
12.173620076435462
 21
6.658525924897305
 31
0.0
  0
ARC
  5
247
330
17
100
AcDbEntity
  8
SLOTS
100
AcDbCircle
 10
15.550166280891647
 20
3.1582323538013752
 30
0.0
 40
0.125
100
AcDbArc
 50
-137.50368942841317
 51
42.49631057158685
  0
ARC
  5
248
330
17
100
AcDbEntity
  8
SLOTS
100
AcDbCircle
 10
12.2657851812281
 20
6.742968766266849
 30
0.0
 40
0.125
100
AcDbArc
 50
42.49631057158685
 51
222.49631057158683
  0
LINE
  5
249
330
17
100
AcDbEntity
  8
SLOTS
100
AcDbLine
 10
13.1534926144061
 20
7.069335702160666
 30
0.0
 11
16.225482988029466
 21
3.7164130610581454
 31
0.0
  0
LINE
  5
24A
330
17
100
AcDbEntity
  8
SLOTS
100
AcDbLine
 10
16.04115277844419
 20
3.5475273783190566
 30
0.0
 11
12.969162404820823
 21
6.900450019421578
 31
0.0
  0
ARC
  5
24B
330
17
100
AcDbEntity
  8
SLOTS
100
AcDbCircle
 10
16.133317883236828
 20
3.631970219688601
 30
0.0
 40
0.125
100
AcDbArc
 50
-137.50368942841317
 51
42.49631057158684
  0
ARC
  5
24C
330
17
100
AcDbEntity
  8
SLOTS
100
AcDbCircle
 10
13.061327509613461
 20
6.984892860791122
 30
0.0
 40
0.125
100
AcDbArc
 50
42.49631057158684
 51
222.49631057158683
  0
LINE
  5
24D
330
17
100
AcDbEntity
  8
SLOTS
100
AcDbLine
 10
7.192969336450128
 20
12.951868073850402
 30
0.0
 11
7.186014991088066
 21
12.950847936538892
 31
0.0
  0
LINE
  5
24E
330
17
100
AcDbEntity
  8
SLOTS
100
AcDbLine
 10
7.149730641344198
 20
13.198200813950223
 30
0.0
 11
7.15668498670626
 21
13.199220951261733
 31
0.0
  0
ARC
  5
24F
330
17
100
AcDbEntity
  8
SLOTS
100
AcDbCircle
 10
7.167872816216132
 20
13.074524375244557
 30
0.0
 40
0.125
100
AcDbArc
 50
-261.6547642620036
 51
-81.65476426200362
  0
ARC
  5
250
330
17
100
AcDbEntity
  8
SLOTS
100
AcDbCircle
 10
7.174827161578194
 20
13.075544512556068
 30
0.0
 40
0.125
100
AcDbArc
 50
-81.65476426200362
 51
98.34523573799638
  0
LINE
  5
251
330
17
100
AcDbEntity
  8
SLOTS
100
AcDbLine
 10
8.17735911782942
 20
12.33824247759032
 30
0.0
 11
6.288481317609182
 21
12.061161800608417
 31
0.0
  0
LINE
  5
252
330
17
100
AcDbEntity
  8
SLOTS
100
AcDbLine
 10
6.2521969678653475
 20
12.308514678019751
 30
0.0
 11
8.141074768085586
 21
12.585595355001654
 31
0.0
  0
ARC
  5
253
330
17
100
AcDbEntity
  8
SLOTS
100
AcDbCircle
 10
6.270339142737265
 20
12.184838239314084
 30
0.0
 40
0.125
100
AcDbArc
 50
-261.65476426201155
 51
-81.65476426201155
  0
ARC
  5
254
330
17
100
AcDbEntity
  8
SLOTS
100
AcDbCircle
 10
8.159216942957503
 20
12.461918916295987
 30
0.0
 40
0.125
100
AcDbArc
 50
-81.65476426201155
 51
98.34523573798845
  0
LINE
  5
255
330
17
100
AcDbEntity
  8
SLOTS
100
AcDbLine
 10
8.659411149026692
 20
11.650928639625151
 30
0.0
 11
6.694245583515852
 21
11.362657262191535
 31
0.0
  0
LINE
  5
256
330
17
100
AcDbEntity
  8
SLOTS
100
AcDbLine
 10
6.657961233772018
 20
11.610010139602869
 30
0.0
 11
8.623126799282858
 21
11.898281517036486
 31
0.0
  0
ARC
  5
257
330
17
100
AcDbEntity
  8
SLOTS
100
AcDbCircle
 10
6.676103408643935
 20
11.486333700897202
 30
0.0
 40
0.125
100
AcDbArc
 50
-261.65476426201155
 51
-81.65476426201155
  0
ARC
  5
258
330
17
100
AcDbEntity
  8
SLOTS
100
AcDbCircle
 10
8.641268974154775
 20
11.774605078330818
 30
0.0
 40
0.125
100
AcDbArc
 50
-81.65476426201155
 51
98.34523573798845
  0
LINE
  5
259
330
17
100
AcDbEntity
  8
SLOTS
100
AcDbLine
 10
9.141463180223964
 20
10.963614801659984
 30
0.0
 11
7.100009849422522
 21
10.664152723774654
 31
0.0
  0
LINE
  5
25A
330
17
100
AcDbEntity
  8
SLOTS
100
AcDbLine
 10
7.063725499678688
 20
10.911505601185988
 30
0.0
 11
9.10517883048013
 21
11.210967679071318
 31
0.0
  0
ARC
  5
25B
330
17
100
AcDbEntity
  8
SLOTS
100
AcDbCircle
 10
7.081867674550605
 20
10.787829162480321
 30
0.0
 40
0.125
100
AcDbArc
 50
-261.65476426201155
 51
-81.65476426201155
  0
ARC
  5
25C
330
17
100
AcDbEntity
  8
SLOTS
100
AcDbCircle
 10
9.123321005352047
 20
11.087291240365651
 30
0.0
 40
0.125
100
AcDbArc
 50
-81.65476426201155
 51
98.34523573798845
  0
LINE
  5
25D
330
17
100
AcDbEntity
  8
SLOTS
100
AcDbLine
 10
9.623515211421235
 20
10.276300963694815
 30
0.0
 11
7.505774115329192
 21
9.965648185357772
 31
0.0
  0
LINE
  5
25E
330
17
100
AcDbEntity
  8
SLOTS
100
AcDbLine
 10
7.469489765585358
 20
10.213001062769106
 30
0.0
 11
9.587230861677401
 21
10.52365384110615
 31
0.0
  0
ARC
  5
25F
330
17
100
AcDbEntity
  8
SLOTS
100
AcDbCircle
 10
7.487631940457275
 20
10.089324624063439
 30
0.0
 40
0.125
100
AcDbArc
 50
-261.65476426201155
 51
-81.65476426201155
  0
ARC
  5
260
330
17
100
AcDbEntity
  8
SLOTS
100
AcDbCircle
 10
9.605373036549318
 20
10.399977402400483
 30
0.0
 40
0.125
100
AcDbArc
 50
-81.65476426201155
 51
98.34523573798845
  0
LINE
  5
261
330
17
100
AcDbEntity
  8
SLOTS
100
AcDbLine
 10
10.105567242618507
 20
9.588987125729648
 30
0.0
 11
7.911538381235862
 21
9.26714364694089
 31
0.0
  0
LINE
  5
262
330
17
100
AcDbEntity
  8
SLOTS
100
AcDbLine
 10
7.875254031492028
 20
9.514496524352223
 30
0.0
 11
10.069282892874673
 21
9.836340003140982
 31
0.0
  0
ARC
  5
263
330
17
100
AcDbEntity
  8
SLOTS
100
AcDbCircle
 10
7.893396206363945
 20
9.390820085646556
 30
0.0
 40
0.125
100
AcDbArc
 50
-261.65476426201155
 51
-81.65476426201153
  0
ARC
  5
264
330
17
100
AcDbEntity
  8
SLOTS
100
AcDbCircle
 10
10.08742506774659
 20
9.712663564435315
 30
0.0
 40
0.125
100
AcDbArc
 50
-81.65476426201153
 51
98.34523573798847
  0
LINE
  5
265
330
17
100
AcDbEntity
  8
SLOTS
100
AcDbLine
 10
10.587619273815779
 20
8.901673287764481
 30
0.0
 11
8.317302647142531
 21
8.568639108524009
 31
0.0
  0
LINE
  5
266
330
17
100
AcDbEntity
  8
SLOTS
100
AcDbLine
 10
8.281018297398697
 20
8.815991985935343
 30
0.0
 11
10.551334924071945
 21
9.149026165175815
 31
0.0
  0
ARC
  5
267
330
17
100
AcDbEntity
  8
SLOTS
100
AcDbCircle
 10
8.299160472270614
 20
8.692315547229676
 30
0.0
 40
0.125
100
AcDbArc
 50
-261.65476426201155
 51
-81.65476426201153
  0
ARC
  5
268
330
17
100
AcDbEntity
  8
SLOTS
100
AcDbCircle
 10
10.569477098943862
 20
9.025349726470148
 30
0.0
 40
0.125
100
AcDbArc
 50
-81.65476426201153
 51
98.34523573798847
  0
LINE
  5
269
330
17
100
AcDbEntity
  8
SLOTS
100
AcDbLine
 10
11.069671305013053
 20
8.214359449799312
 30
0.0
 11
8.723066913049202
 21
7.870134570107125
 31
0.0
  0
LINE
  5
26A
330
17
100
AcDbEntity
  8
SLOTS
100
AcDbLine
 10
8.686782563305368
 20
8.11748744751846
 30
0.0
 11
11.033386955269219
 21
8.461712327210646
 31
0.0
  0
ARC
  5
26B
330
17
100
AcDbEntity
  8
SLOTS
100
AcDbCircle
 10
8.704924738177285
 20
7.993811008812793
 30
0.0
 40
0.125
100
AcDbArc
 50
-261.65476426201155
 51
-81.65476426201153
  0
ARC
  5
26C
330
17
100
AcDbEntity
  8
SLOTS
100
AcDbCircle
 10
11.051529130141136
 20
8.33803588850498
 30
0.0
 40
0.125
100
AcDbArc
 50
-81.65476426201153
 51
98.34523573798847
  0
LINE
  5
26D
330
17
100
AcDbEntity
  8
SLOTS
100
AcDbLine
 10
11.551723336210323
 20
7.527045611834144
 30
0.0
 11
9.12883117895587
 21
7.171630031690244
 31
0.0
  0
LINE
  5
26E
330
17
100
AcDbEntity
  8
SLOTS
100
AcDbLine
 10
9.092546829212036
 20
7.4189829091015795
 30
0.0
 11
11.515438986466489
 21
7.774398489245479
 31
0.0
  0
ARC
  5
26F
330
17
100
AcDbEntity
  8
SLOTS
100
AcDbCircle
 10
9.110689004083953
 20
7.295306470395912
 30
0.0
 40
0.125
100
AcDbArc
 50
-261.65476426201155
 51
-81.65476426201153
  0
ARC
  5
270
330
17
100
AcDbEntity
  8
SLOTS
100
AcDbCircle
 10
11.533581161338406
 20
7.6507220505398115
 30
0.0
 40
0.125
100
AcDbArc
 50
-81.65476426201153
 51
98.34523573798847
  0
LINE
  5
271
330
17
100
AcDbEntity
  8
SLOTS
100
AcDbLine
 10
11.199028490382783
 20
6.7172822274940875
 30
0.0
 11
9.534595444862541
 21
6.473125493273362
 31
0.0
  0
LINE
  5
272
330
17
100
AcDbEntity
  8
SLOTS
100
AcDbLine
 10
9.498311095118707
 20
6.720478370684698
 30
0.0
 11
11.16274414063895
 21
6.964635104905423
 31
0.0
  0
ARC
  5
273
330
17
100
AcDbEntity
  8
SLOTS
100
AcDbCircle
 10
9.516453269990624
 20
6.59680193197903
 30
0.0
 40
0.125
100
AcDbArc
 50
-261.65476426201155
 51
-81.65476426201153
  0
ARC
  5
274
330
17
100
AcDbEntity
  8
SLOTS
100
AcDbCircle
 10
11.180886315510866
 20
6.8409586661997555
 30
0.0
 40
0.125
100
AcDbArc
 50
-81.65476426201153
 51
98.34523573798847
  0
LINE
  5
275
330
17
100
AcDbEntity
  8
SLOTS
100
AcDbLine
 10
3.9793467384548054
 20
19.838250062998576
 30
0.0
 11
3.939807779036195
 21
19.119642523200564
 31
0.0
  0
LINE
  5
276
330
17
100
AcDbEntity
  8
SLOTS
100
AcDbLine
 10
3.690185344471502
 20
19.133377156868622
 30
0.0
 11
3.7297243038901122
 21
19.851984696666634
 31
0.0
  0
ARC
  5
277
330
17
100
AcDbEntity
  8
SLOTS
100
AcDbCircle
 10
3.8149965617538486
 20
19.126509840034593
 30
0.0
 40
0.125
100
AcDbArc
 50
-183.14933176746356
 51
-3.149331767463565
  0
ARC
  5
278
330
17
100
AcDbEntity
  8
SLOTS
100
AcDbCircle
 10
3.854535521172459
 20
19.845117379832605
 30
0.0
 40
0.125
100
AcDbArc
 50
-3.149331767463565
 51
176.85066823253644
  0
LINE
  5
279
330
17
100
AcDbEntity
  8
SLOTS
100
AcDbLine
 10
4.771570237354044
 20
20.585030702546536
 30
0.0
 11
4.613140616306923
 21
17.705624620903023
 31
0.0
  0
LINE
  5
27A
330
17
100
AcDbEntity
  8
SLOTS
100
AcDbLine
 10
4.363518181742231
 20
17.71935925457108
 30
0.0
 11
4.521947802789351
 21
20.598765336214594
 31
0.0
  0
ARC
  5
27B
330
17
100
AcDbEntity
  8
SLOTS
100
AcDbCircle
 10
4.488329399024577
 20
17.712491937737052
 30
0.0
 40
0.125
100
AcDbArc
 50
-183.14933176746356
 51
-3.149331767463565
  0
ARC
  5
27C
330
17
100
AcDbEntity
  8
SLOTS
100
AcDbCircle
 10
4.6467590200716975
 20
20.591898019380565
 30
0.0
 40
0.125
100
AcDbArc
 50
-3.149331767463565
 51
176.85066823253644
  0
LINE
  5
27D
330
17
100
AcDbEntity
  8
SLOTS
100
AcDbLine
 10
5.508955846974385
 20
20.33515080064698
 30
0.0
 11
5.286473453577652
 21
16.291606718605482
 31
0.0
  0
LINE
  5
27E
330
17
100
AcDbEntity
  8
SLOTS
100
AcDbLine
 10
5.03685101901296
 20
16.30534135227354
 30
0.0
 11
5.259333412409693
 21
20.348885434315036
 31
0.0
  0
ARC
  5
27F
330
17
100
AcDbEntity
  8
SLOTS
100
AcDbCircle
 10
5.161662236295306
 20
16.29847403543951
 30
0.0
 40
0.125
100
AcDbArc
 50
-183.14933176746354
 51
-3.1493317674635506
  0
ARC
  5
280
330
17
100
AcDbEntity
  8
SLOTS
100
AcDbCircle
 10
5.384144629692039
 20
20.342018117481008
 30
0.0
 40
0.125
100
AcDbArc
 50
-3.1493317674635506
 51
176.85066823253646
  0
LINE
  5
281
330
17
100
AcDbEntity
  8
SLOTS
100
AcDbLine
 10
6.242301866853881
 20
20.011852688249522
 30
0.0
 11
5.95980629084838
 21
14.877588816307943
 31
0.0
  0
LINE
  5
282
330
17
100
AcDbEntity
  8
SLOTS
100
AcDbLine
 10
5.710183856283688
 20
14.891323449975998
 30
0.0
 11
5.992679432289189
 21
20.02558732191758
 31
0.0
  0
ARC
  5
283
330
17
100
AcDbEntity
  8
SLOTS
100
AcDbCircle
 10
5.834995073566034
 20
14.88445613314197
 30
0.0
 40
0.125
100
AcDbArc
 50
-183.14933176746356
 51
-3.149331767463565
  0
ARC
  5
284
330
17
100
AcDbEntity
  8
SLOTS
100
AcDbCircle
 10
6.117490649571535
 20
20.01872000508355
 30
0.0
 40
0.125
100
AcDbArc
 50
-3.149331767463565
 51
176.85066823253644
  0
LINE
  5
285
330
17
100
AcDbEntity
  8
SLOTS
100
AcDbLine
 10
6.940272610087533
 20
19.045620596457077
 30
0.0
 11
6.640407964793723
 21
13.5956796218961
 31
0.0
  0
LINE
  5
286
330
17
100
AcDbEntity
  8
SLOTS
100
AcDbLine
 10
6.390785530229031
 20
13.609414255564154
 30
0.0
 11
6.6906501755228405
 21
19.059355230125135
 31
0.0
  0
ARC
  5
287
330
17
100
AcDbEntity
  8
SLOTS
100
AcDbCircle
 10
6.515596747511377
 20
13.602546938730127
 30
0.0
 40
0.125
100
AcDbArc
 50
-183.14933176746356
 51
-3.149331767463565
  0
ARC
  5
288
330
17
100
AcDbEntity
  8
SLOTS
100
AcDbCircle
 10
6.815461392805187
 20
19.052487913291106
 30
0.0
 40
0.125
100
AcDbArc
 50
-3.149331767463565
 51
176.85066823253644
  0
LINE
  5
289
330
17
100
AcDbEntity
  8
SLOTS
100
AcDbLine
 10
7.638243353321183
 20
18.07938850466463
 30
0.0
 11
7.476120555867161
 21
15.132860160553227
 31
0.0
  0
LINE
  5
28A
330
17
100
AcDbEntity
  8
SLOTS
100
AcDbLine
 10
7.226498121302469
 20
15.146594794221281
 30
0.0
 11
7.388620918756491
 21
18.09312313833269
 31
0.0
  0
ARC
  5
28B
330
17
100
AcDbEntity
  8
SLOTS
100
AcDbCircle
 10
7.351309338584815
 20
15.139727477387254
 30
0.0
 40
0.125
100
AcDbArc
 50
-183.1493317674636
 51
-3.149331767463579
  0
ARC
  5
28C
330
17
100
AcDbEntity
  8
SLOTS
100
AcDbCircle
 10
7.513432136038837
 20
18.08625582149866
 30
0.0
 40
0.125
100
AcDbArc
 50
-3.149331767463579
 51
176.8506682325364
  0
LINE
  5
28D
330
17
100
AcDbEntity
  8
SLOTS
100
AcDbLine
 10
1.6233822652040872
 20
15.778960923806675
 30
0.0
 11
1.2350680781114356
 21
15.057537966896204
 31
0.0
  0
LINE
  5
28E
330
17
100
AcDbEntity
  8
SLOTS
100
AcDbLine
 10
1.0149319218885644
 20
15.176028779719053
 30
0.0
 11
1.403246108981216
 21
15.897451736629524
 31
0.0
  0
ARC
  5
28F
330
17
100
AcDbEntity
  8
SLOTS
100
AcDbCircle
 10
1.125
 20
15.116783373307628
 30
0.0
 40
0.125
100
AcDbArc
 50
-208.29186886694671
 51
-28.291868866946714
  0
ARC
  5
290
330
17
100
AcDbEntity
  8
SLOTS
100
AcDbCircle
 10
1.5133141870926516
 20
15.8382063302181
 30
0.0
 40
0.125
100
AcDbArc
 50
-28.291868866946714
 51
151.70813113305329
  0
LINE
  5
291
330
17
100
AcDbEntity
  8
SLOTS
100
AcDbLine
 10
2.0804916311050716
 20
15.04579267938789
 30
0.0
 11
1.2350680781114358
 21
13.475136804028635
 31
0.0
  0
LINE
  5
292
330
17
100
AcDbEntity
  8
SLOTS
100
AcDbLine
 10
1.0149319218885642
 20
13.593627616851483
 30
0.0
 11
1.8603554748822002
 21
15.164283492210739
 31
0.0
  0
ARC
  5
293
330
17
100
AcDbEntity
  8
SLOTS
100
AcDbCircle
 10
1.125
 20
13.534382210440059
 30
0.0
 40
0.125
100
AcDbArc
 50
-208.2918688669467
 51
-28.291868866946672
  0
ARC
  5
294
330
17
100
AcDbEntity
  8
SLOTS
100
AcDbCircle
 10
1.970423552993636
 20
15.105038085799315
 30
0.0
 40
0.125
100
AcDbArc
 50
-28.291868866946672
 51
151.7081311330533
  0
LINE
  5
295
330
17
100
AcDbEntity
  8
SLOTS
100
AcDbLine
 10
2.5376009970060553
 20
14.312624434969107
 30
0.0
 11
1.7347109122094755
 21
12.820988645443224
 31
0.0
  0
LINE
  5
296
330
17
100
AcDbEntity
  8
SLOTS
100
AcDbLine
 10
1.5145747559866038
 20
12.939479458266073
 30
0.0
 11
2.317464840783184
 21
14.431115247791956
 31
0.0
  0
ARC
  5
297
330
17
100
AcDbEntity
  8
SLOTS
100
AcDbCircle
 10
1.6246428340980397
 20
12.880234051854648
 30
0.0
 40
0.125
100
AcDbArc
 50
-208.2918688669467
 51
-28.291868866946672
  0
ARC
  5
298
330
17
100
AcDbEntity
  8
SLOTS
100
AcDbCircle
 10
2.4275329188946198
 20
14.371869841380532
 30
0.0
 40
0.125
100
AcDbArc
 50
-28.291868866946672
 51
151.7081311330533
  0
LINE
  5
299
330
17
100
AcDbEntity
  8
SLOTS
100
AcDbLine
 10
2.9947103629070395
 20
13.579456190550323
 30
0.0
 11
2.402497316355249
 21
12.479223179845478
 31
0.0
  0
LINE
  5
29A
330
17
100
AcDbEntity
  8
SLOTS
100
AcDbLine
 10
2.182361160132378
 20
12.597713992668327
 30
0.0
 11
2.7745742066841683
 21
13.697947003373171
 31
0.0
  0
ARC
  5
29B
330
17
100
AcDbEntity
  8
SLOTS
100
AcDbCircle
 10
2.2924292382438134
 20
12.538468586256903
 30
0.0
 40
0.125
100
AcDbArc
 50
-208.2918688669467
 51
-28.291868866946672
  0
ARC
  5
29C
330
17
100
AcDbEntity
  8
SLOTS
100
AcDbCircle
 10
2.884642284795604
 20
13.638701596961747
 30
0.0
 40
0.125
100
AcDbArc
 50
-28.291868866946672
 51
151.7081311330533
  0
LINE
  5
29D
330
17
100
AcDbEntity
  8
SLOTS
100
AcDbLine
 10
3.4518197288080237
 20
12.846287946131538
 30
0.0
 11
3.070283720501023
 21
12.137457714247734
 31
0.0
  0
LINE
  5
29E
330
17
100
AcDbEntity
  8
SLOTS
100
AcDbLine
 10
2.850147564278152
 20
12.255948527070583
 30
0.0
 11
3.2316835725851525
 21
12.964778758954386
 31
0.0
  0
ARC
  5
29F
330
17
100
AcDbEntity
  8
SLOTS
100
AcDbCircle
 10
2.9602156423895876
 20
12.196703120659159
 30
0.0
 40
0.125
100
AcDbArc
 50
-208.2918688669467
 51
-28.291868866946672
  0
ARC
  5
2A0
330
17
100
AcDbEntity
  8
SLOTS
100
AcDbCircle
 10
3.341751650696588
 20
12.905533352542962
 30
0.0
 40
0.125
100
AcDbArc
 50
-28.291868866946672
 51
151.7081311330533
  0
LINE
  5
2A1
330
17
100
AcDbEntity
  8
SLOTS
100
AcDbLine
 10
3.908929094709008
 20
12.113119701712753
 30
0.0
 11
3.820236658043053
 21
11.948343955572215
 31
0.0
  0
LINE
  5
2A2
330
17
100
AcDbEntity
  8
SLOTS
100
AcDbLine
 10
3.600100501820181
 20
12.066834768395063
 30
0.0
 11
3.6887929384861358
 21
12.231610514535602
 31
0.0
  0
ARC
  5
2A3
330
17
100
AcDbEntity
  8
SLOTS
100
AcDbCircle
 10
3.710168579931617
 20
12.007589361983639
 30
0.0
 40
0.125
100
AcDbArc
 50
-208.29186886694657
 51
-28.291868866946587
  0
ARC
  5
2A4
330
17
100
AcDbEntity
  8
SLOTS
100
AcDbCircle
 10
3.798861016597572
 20
12.172365108124177
 30
0.0
 40
0.125
100
AcDbArc
 50
-28.291868866946587
 51
151.70813113305343
  0
LINE
  5
2A5
330
17
100
AcDbEntity
  8
SLOTS
100
AcDbLine
 10
2.799243669694894
 20
20.104876900526786
 30
0.0
 11
2.995151047712277
 21
20.18824181026372
 31
0.0
  0
LINE
  5
2A6
330
17
100
AcDbEntity
  8
SLOTS
100
AcDbLine
 10
3.0930399063691048
 20
19.95820318013638
 30
0.0
 11
2.8971325283517215
 21
19.874838270399447
 31
0.0
  0
ARC
  5
2A7
330
17
100
AcDbEntity
  8
SLOTS
100
AcDbCircle
 10
3.044095477040691
 20
20.07322249520005
 30
0.0
 40
0.125
100
AcDbArc
 50
-66.94868223828149
 51
113.05131776171851
  0
ARC
  5
2A8
330
17
100
AcDbEntity
  8
SLOTS
100
AcDbCircle
 10
2.8481880990233077
 20
19.989857585463117
 30
0.0
 40
0.125
100
AcDbArc
 50
113.05131776171851
 51
293.0513177617185
  0
LINE
  5
2A9
330
17
100
AcDbEntity
  8
SLOTS
100
AcDbLine
 10
1.076055570671585
 20
20.186685263431567
 30
0.0
 11
3.7759002993080157
 21
21.33555629822508
 31
0.0
  0
LINE
  5
2AA
330
17
100
AcDbEntity
  8
SLOTS
100
AcDbLine
 10
3.873789157964846
 20
21.10551766809774
 30
0.0
 11
1.173944429328415
 21
19.956646633304228
 31
0.0
  0
ARC
  5
2AB
330
17
100
AcDbEntity
  8
SLOTS
100
AcDbCircle
 10
3.824844728636431
 20
21.22053698316141
 30
0.0
 40
0.125
100
AcDbArc
 50
-66.94868223828095
 51
113.05131776171905
  0
ARC
  5
2AC
330
17
100
AcDbEntity
  8
SLOTS
100
AcDbCircle
 10
1.125
 20
20.071665948367897
 30
0.0
 40
0.125
100
AcDbArc
 50
113.05131776171905
 51
293.051317761719
  0
LINE
  5
2AD
330
17
100
AcDbEntity
  8
SLOTS
100
AcDbLine
 10
1.0760555706715853
 20
21.001765756200143
 30
0.0
 11
3.1513804492114312
 21
21.884883446433008
 31
0.0
  0
LINE
  5
2AE
330
17
100
AcDbEntity
  8
SLOTS
100
AcDbLine
 10
3.2492693078682606
 20
21.65484481630567
 30
0.0
 11
1.1739444293284147
 21
20.771727126072804
 31
0.0
  0
ARC
  5
2AF
330
17
100
AcDbEntity
  8
SLOTS
100
AcDbCircle
 10
3.200324878539846
 20
21.76986413136934
 30
0.0
 40
0.125
100
AcDbArc
 50
-66.94868223828107
 51
113.05131776171893
  0
ARC
  5
2B0
330
17
100
AcDbEntity
  8
SLOTS
100
AcDbCircle
 10
1.125
 20
20.886746441136474
 30
0.0
 40
0.125
100
AcDbArc
 50
113.05131776171893
 51
293.05131776171896
  0
LINE
  5
2B1
330
17
100
AcDbEntity
  8
SLOTS
100
AcDbLine
 10
1.076055570671585
 20
21.816846248968716
 30
0.0
 11
2.526860599114846
 21
22.43421059464094
 31
0.0
  0
LINE
  5
2B2
330
17
100
AcDbEntity
  8
SLOTS
100
AcDbLine
 10
2.624749457771676
 20
22.204171964513602
 30
0.0
 11
1.173944429328415
 21
21.586807618841377
 31
0.0
  0
ARC
  5
2B3
330
17
100
AcDbEntity
  8
SLOTS
100
AcDbCircle
 10
2.575805028443261
 20
22.31919127957727
 30
0.0
 40
0.125
100
AcDbArc
 50
-66.948682238281
 51
113.051317761719
  0
ARC
  5
2B4
330
17
100
AcDbEntity
  8
SLOTS
100
AcDbCircle
 10
1.125
 20
21.701826933905046
 30
0.0
 40
0.125
100
AcDbArc
 50
113.051317761719
 51
293.051317761719
  0
LINE
  5
2B5
330
17
100
AcDbEntity
  8
SLOTS
100
AcDbLine
 10
1.076055570671585
 20
22.631926741737292
 30
0.0
 11
1.9023407490182611
 21
22.983537742848874
 31
0.0
  0
LINE
  5
2B6
330
17
100
AcDbEntity
  8
SLOTS
100
AcDbLine
 10
2.0002296076750907
 20
22.753499112721535
 30
0.0
 11
1.173944429328415
 21
22.401888111609953
 31
0.0
  0
ARC
  5
2B7
330
17
100
AcDbEntity
  8
SLOTS
100
AcDbCircle
 10
1.951285178346676
 20
22.868518427785204
 30
0.0
 40
0.125
100
AcDbArc
 50
-66.94868223828105
 51
113.05131776171895
  0
ARC
  5
2B8
330
17
100
AcDbEntity
  8
SLOTS
100
AcDbCircle
 10
1.125
 20
22.516907426673622
 30
0.0
 40
0.125
100
AcDbArc
 50
113.05131776171895
 51
293.05131776171896
  0
LINE
  5
2B9
330
17
100
AcDbEntity
  8
SLOTS
100
AcDbLine
 10
1.0760555706715849
 20
23.44700723450586
 30
0.0
 11
1.2778208989216786
 21
23.532864891056803
 31
0.0
  0
LINE
  5
2BA
330
17
100
AcDbEntity
  8
SLOTS
100
AcDbLine
 10
1.3757097575785089
 20
23.302826260929464
 30
0.0
 11
1.1739444293284151
 21
23.216968604378522
 31
0.0
  0
ARC
  5
2BB
330
17
100
AcDbEntity
  8
SLOTS
100
AcDbCircle
 10
1.3267653282500937
 20
23.417845575993134
 30
0.0
 40
0.125
100
AcDbArc
 50
-66.94868223828087
 51
113.05131776171913
  0
ARC
  5
2BC
330
17
100
AcDbEntity
  8
SLOTS
100
AcDbCircle
 10
1.125
 20
23.33198791944219
 30
0.0
 40
0.125
100
AcDbArc
 50
113.05131776171913
 51
293.05131776171913
  0
LINE
  5
2BD
330
17
100
AcDbEntity
  8
SLOTS
100
AcDbLine
 10
1.8220993654040099
 20
19.141362245420055
 30
0.0
 11
1.9448171116782036
 21
16.77038543310663
 31
0.0
  0
LINE
  5
2BE
330
17
100
AcDbEntity
  8
SLOTS
100
AcDbLine
 10
1.6951513056639396
 20
16.757463153615458
 30
0.0
 11
1.5724335593897458
 21
19.128439965928884
 31
0.0
  0
ARC
  5
2BF
330
17
100
AcDbEntity
  8
SLOTS
100
AcDbCircle
 10
1.8199842086710716
 20
16.763924293361043
 30
0.0
 40
0.125
100
AcDbArc
 50
-177.03711133674574
 51
2.962888663254276
  0
ARC
  5
2C0
330
17
100
AcDbEntity
  8
SLOTS
100
AcDbCircle
 10
1.6972664623968778
 20
19.13490110567447
 30
0.0
 40
0.125
100
AcDbArc
 50
2.962888663254276
 51
182.96288866325426
  0
LINE
  5
2C1
330
17
100
AcDbEntity
  8
SLOTS
100
AcDbLine
 10
2.5696735848346735
 20
19.20762609236317
 30
0.0
 11
2.7638109040452723
 21
15.45678241874679
 31
0.0
  0
LINE
  5
2C2
330
17
100
AcDbEntity
  8
SLOTS
100
AcDbLine
 10
2.5141450980310087
 20
15.44386013925562
 30
0.0
 11
2.32000777882041
 21
19.194703812872
 31
0.0
  0
ARC
  5
2C3
330
17
100
AcDbEntity
  8
SLOTS
100
AcDbCircle
 10
2.6389780010381405
 20
15.450321279001205
 30
0.0
 40
0.125
100
AcDbArc
 50
-177.03711133674574
 51
2.962888663254276
  0
ARC
  5
2C4
330
17
100
AcDbEntity
  8
SLOTS
100
AcDbCircle
 10
2.4448406818275417
 20
19.201164952617585
 30
0.0
 40
0.125
100
AcDbArc
 50
2.962888663254276
 51
182.96288866325426
  0
LINE
  5
2C5
330
17
100
AcDbEntity
  8
SLOTS
100
AcDbLine
 10
3.3508097277628903
 20
18.625454445620317
 30
0.0
 11
3.582804696412341
 21
14.143179404386954
 31
0.0
  0
LINE
  5
2C6
330
17
100
AcDbEntity
  8
SLOTS
100
AcDbLine
 10
3.3331388903980774
 20
14.130257124895783
 30
0.0
 11
3.1011439217486267
 21
18.612532166129146
 31
0.0
  0
ARC
  5
2C7
330
17
100
AcDbEntity
  8
SLOTS
100
AcDbCircle
 10
3.457971793405209
 20
14.136718264641368
 30
0.0
 40
0.125
100
AcDbArc
 50
-177.03711133674574
 51
2.962888663254276
  0
ARC
  5
2C8
330
17
100
AcDbEntity
  8
SLOTS
100
AcDbCircle
 10
3.2259768247557585
 20
18.61899330587473
 30
0.0
 40
0.125
100
AcDbArc
 50
2.962888663254276
 51
182.96288866325426
  0
LINE
  5
2C9
330
17
100
AcDbEntity
  8
SLOTS
100
AcDbLine
 10
4.193397841026033
 20
16.85599570178937
 30
0.0
 11
4.401798488779409
 21
12.829576390027118
 31
0.0
  0
LINE
  5
2CA
330
17
100
AcDbEntity
  8
SLOTS
100
AcDbLine
 10
4.152132682765146
 20
12.816654110535946
 30
0.0
 11
3.9437320350117693
 21
16.8430734222982
 31
0.0
  0
ARC
  5
2CB
330
17
100
AcDbEntity
  8
SLOTS
100
AcDbCircle
 10
4.2769655857722775
 20
12.823115250281532
 30
0.0
 40
0.125
100
AcDbArc
 50
-177.03711133674574
 51
2.962888663254276
  0
ARC
  5
2CC
330
17
100
AcDbEntity
  8
SLOTS
100
AcDbCircle
 10
4.068564938018901
 20
16.849534562043786
 30
0.0
 40
0.125
100
AcDbArc
 50
2.962888663254276
 51
182.96288866325426
  0
LINE
  5
2CD
330
17
100
AcDbEntity
  8
SLOTS
100
AcDbLine
 10
5.035985954289176
 20
15.086536957958423
 30
0.0
 11
5.158304739836065
 21
12.723268294320976
 31
0.0
  0
LINE
  5
2CE
330
17
100
AcDbEntity
  8
SLOTS
100
AcDbLine
 10
4.908638933821801
 20
12.710346014829804
 30
0.0
 11
4.786320148274912
 21
15.073614678467251
 31
0.0
  0
ARC
  5
2CF
330
17
100
AcDbEntity
  8
SLOTS
100
AcDbCircle
 10
5.033471836828933
 20
12.71680715457539
 30
0.0
 40
0.125
100
AcDbArc
 50
-177.03711133674574
 51
2.9628886632542617
  0
ARC
  5
2D0
330
17
100
AcDbEntity
  8
SLOTS
100
AcDbCircle
 10
4.911153051282044
 20
15.080075818212837
 30
0.0
 40
0.125
100
AcDbArc
 50
2.9628886632542617
 51
182.96288866325426
  0
LINE
  5
2D1
330
17
100
AcDbEntity
  8
SLOTS
100
AcDbLine
 10
5.878574067552318
 20
13.317078214127474
 30
0.0
 11
5.886791018694809
 21
13.158322034045511
 31
0.0
  0
LINE
  5
2D2
330
17
100
AcDbEntity
  8
SLOTS
100
AcDbLine
 10
5.637125212680545
 20
13.14539975455434
 30
0.0
 11
5.628908261538054
 21
13.304155934636302
 31
0.0
  0
ARC
  5
2D3
330
17
100
AcDbEntity
  8
SLOTS
100
AcDbCircle
 10
5.761958115687677
 20
13.151860894299926
 30
0.0
 40
0.125
100
AcDbArc
 50
-177.03711133674574
 51
2.962888663254276
  0
ARC
  5
2D4
330
17
100
AcDbEntity
  8
SLOTS
100
AcDbCircle
 10
5.753741164545186
 20
13.310617074381888
 30
0.0
 40
0.125
100
AcDbArc
 50
2.962888663254276
 51
182.96288866325426
  0
LINE
  5
2D5
330
17
100
AcDbEntity
  8
SLOTS
100
AcDbLine
 10
1.3995818919607592
 20
12.082476440126419
 30
0.0
 11
1.192705915440128
 21
11.949175178398535
 31
0.0
  0
LINE
  5
2D6
330
17
100
AcDbEntity
  8
SLOTS
100
AcDbLine
 10
1.057294084559872
 20
12.159326638202307
 30
0.0
 11
1.2641700610805031
 21
12.29262789993019
 31
0.0
  0
ARC
  5
2D7
330
17
100
AcDbEntity
  8
SLOTS
100
AcDbCircle
 10
1.125
 20
12.054250908300421
 30
0.0
 40
0.125
100
AcDbArc
 50
-237.20415014472565
 51
-57.204150144725645
  0
ARC
  5
2D8
330
17
100
AcDbEntity
  8
SLOTS
100
AcDbCircle
 10
1.3318759765206312
 20
12.187552170028304
 30
0.0
 40
0.125
100
AcDbArc
 50
-57.204150144725645
 51
122.79584985527435
  0
LINE
  5
2D9
330
17
100
AcDbEntity
  8
SLOTS
100
AcDbLine
 10
2.1712981375999636
 20
11.687520866962856
 30
0.0
 11
1.1927059154401278
 21
11.05696153317772
 31
0.0
  0
LINE
  5
2DA
330
17
100
AcDbEntity
  8
SLOTS
100
AcDbLine
 10
1.0572940845598722
 20
11.267112992981495
 30
0.0
 11
2.035886306719708
 21
11.897672326766632
 31
0.0
  0
ARC
  5
2DB
330
17
100
AcDbEntity
  8
SLOTS
100
AcDbCircle
 10
1.125
 20
11.162037263079608
 30
0.0
 40
0.125
100
AcDbArc
 50
-237.20415014472576
 51
-57.20415014472576
  0
ARC
  5
2DC
330
17
100
AcDbEntity
  8
SLOTS
100
AcDbCircle
 10
2.1035922221598358
 20
11.792596596864744
 30
0.0
 40
0.125
100
AcDbArc
 50
-57.20415014472576
 51
122.79584985527424
  0
LINE
  5
2DD
330
17
100
AcDbEntity
  8
SLOTS
100
AcDbLine
 10
2.943014383239168
 20
11.2925652937993
 30
0.0
 11
1.192705915440128
 21
10.164747887956906
 31
0.0
  0
LINE
  5
2DE
330
17
100
AcDbEntity
  8
SLOTS
100
AcDbLine
 10
1.057294084559872
 20
10.374899347760678
 30
0.0
 11
2.8076025523589125
 21
11.502716753603071
 31
0.0
  0
ARC
  5
2DF
330
17
100
AcDbEntity
  8
SLOTS
100
AcDbCircle
 10
1.125
 20
10.269823617858792
 30
0.0
 40
0.125
100
AcDbArc
 50
-237.20415014472567
 51
-57.20415014472567
  0
ARC
  5
2E0
330
17
100
AcDbEntity
  8
SLOTS
100
AcDbCircle
 10
2.8753084677990404
 20
11.397641023701185
 30
0.0
 40
0.125
100
AcDbArc
 50
-57.20415014472567
 51
122.79584985527433
  0
LINE
  5
2E1
330
17
100
AcDbEntity
  8
SLOTS
100
AcDbLine
 10
2.679433304581804
 20
10.230512255220411
 30
0.0
 11
1.1927059154401278
 21
9.272534242736093
 31
0.0
  0
LINE
  5
2E2
330
17
100
AcDbEntity
  8
SLOTS
100
AcDbLine
 10
1.0572940845598722
 20
9.482685702539865
 30
0.0
 11
2.5440214737015485
 21
10.440663715024183
 31
0.0
  0
ARC
  5
2E3
330
17
100
AcDbEntity
  8
SLOTS
100
AcDbCircle
 10
1.125
 20
9.377609972637979
 30
0.0
 40
0.125
100
AcDbArc
 50
-237.2041501447257
 51
-57.2041501447257
  0
ARC
  5
2E4
330
17
100
AcDbEntity
  8
SLOTS
100
AcDbCircle
 10
2.6117273891416763
 20
10.335587985122297
 30
0.0
 40
0.125
100
AcDbArc
 50
-57.2041501447257
 51
122.7958498552743
  0
LINE
  5
2E5
330
17
100
AcDbEntity
  8
SLOTS
100
AcDbLine
 10
8.4287435032063
 20
5.3424000833585445
 30
0.0
 11
7.338360538671917
 21
8.609479316111685
 31
0.0
  0
LINE
  5
2E6
330
17
100
AcDbEntity
  8
SLOTS
100
AcDbLine
 10
7.5755018069548585
 20
8.68862487111737
 30
0.0
 11
8.66588477148924
 21
5.421545638364231
 31
0.0
  0
ARC
  5
2E7
330
17
100
AcDbEntity
  8
SLOTS
100
AcDbCircle
 10
7.456931172813388
 20
8.649052093614527
 30
0.0
 40
0.125
100
AcDbArc
 50
18.45635742565642
 51
198.45635742565642
  0
ARC
  5
2E8
330
17
100
AcDbEntity
  8
SLOTS
100
AcDbCircle
 10
8.54731413734777
 20
5.381972860861388
 30
0.0
 40
0.125
100
AcDbArc
 50
198.45635742565642
 51
378.4563574256564
  0
LINE
  5
2E9
330
17
100
AcDbEntity
  8
SLOTS
100
AcDbLine
 10
7.758809751382565
 20
4.980648113523804
 30
0.0
 11
5.480008256272806
 21
11.808547376806114
 31
0.0
  0
LINE
  5
2EA
330
17
100
AcDbEntity
  8
SLOTS
100
AcDbLine
 10
5.717149524555748
 20
11.887692931811799
 30
0.0
 11
7.995951019665507
 21
5.05979366852949
 31
0.0
  0
ARC
  5
2EB
330
17
100
AcDbEntity
  8
SLOTS
100
AcDbCircle
 10
5.598578890414277
 20
11.848120154308956
 30
0.0
 40
0.125
100
AcDbArc
 50
18.456357425656435
 51
198.45635742565645
  0
ARC
  5
2EC
330
17
100
AcDbEntity
  8
SLOTS
100
AcDbCircle
 10
7.877380385524036
 20
5.020220891026647
 30
0.0
 40
0.125
100
AcDbArc
 50
198.45635742565645
 51
378.45635742565645
  0
LINE
  5
2ED
330
17
100
AcDbEntity
  8
SLOTS
100
AcDbLine
 10
7.088875999558832
 20
4.618896143689065
 30
0.0
 11
4.701776658628835
 21
11.771284741947632
 31
0.0
  0
LINE
  5
2EE
330
17
100
AcDbEntity
  8
SLOTS
100
AcDbLine
 10
4.938917926911777
 20
11.850430296953316
 30
0.0
 11
7.326017267841774
 21
4.698041698694752
 31
0.0
  0
ARC
  5
2EF
330
17
100
AcDbEntity
  8
SLOTS
100
AcDbCircle
 10
4.820347292770306
 20
11.810857519450474
 30
0.0
 40
0.125
100
AcDbArc
 50
18.456357425656435
 51
198.45635742565645
  0
ARC
  5
2F0
330
17
100
AcDbEntity
  8
SLOTS
100
AcDbCircle
 10
7.207446633700303
 20
4.658468921191909
 30
0.0
 40
0.125
100
AcDbArc
 50
198.45635742565645
 51
378.45635742565645
  0
LINE
  5
2F1
330
17
100
AcDbEntity
  8
SLOTS
100
AcDbLine
 10
6.418942247735099
 20
4.257144173854326
 30
0.0
 11
4.044874276032722
 21
11.37048730170234
 31
0.0
  0
LINE
  5
2F2
330
17
100
AcDbEntity
  8
SLOTS
100
AcDbLine
 10
4.282015544315664
 20
11.449632856708025
 30
0.0
 11
6.6560835160180405
 21
4.336289728860012
 31
0.0
  0
ARC
  5
2F3
330
17
100
AcDbEntity
  8
SLOTS
100
AcDbCircle
 10
4.163444910174193
 20
11.410060079205183
 30
0.0
 40
0.125
100
AcDbArc
 50
18.456357425656435
 51
198.45635742565645
  0
ARC
  5
2F4
330
17
100
AcDbEntity
  8
SLOTS
100
AcDbCircle
 10
6.5375128818765695
 20
4.296716951357169
 30
0.0
 40
0.125
100
AcDbArc
 50
198.45635742565645
 51
378.45635742565645
  0
LINE
  5
2F5
330
17
100
AcDbEntity
  8
SLOTS
100
AcDbLine
 10
5.749008495911365
 20
3.8953922040195876
 30
0.0
 11
3.50172859179761
 21
10.628844343056558
 31
0.0
  0
LINE
  5
2F6
330
17
100
AcDbEntity
  8
SLOTS
100
AcDbLine
 10
3.738869860080551
 20
10.707989898062243
 30
0.0
 11
5.986149764194307
 21
3.974537759025273
 31
0.0
  0
ARC
  5
2F7
330
17
100
AcDbEntity
  8
SLOTS
100
AcDbCircle
 10
3.6202992259390805
 20
10.6684171205594
 30
0.0
 40
0.125
100
AcDbArc
 50
18.456357425656435
 51
198.45635742565645
  0
ARC
  5
2F8
330
17
100
AcDbEntity
  8
SLOTS
100
AcDbCircle
 10
5.867579130052836
 20
3.9349649815224303
 30
0.0
 40
0.125
100
AcDbArc
 50
198.45635742565645
 51
378.45635742565645
  0
LINE
  5
2F9
330
17
100
AcDbEntity
  8
SLOTS
100
AcDbLine
 10
5.079074744087632
 20
3.5336402341848485
 30
0.0
 11
3.0255187100158647
 21
9.686643803050865
 31
0.0
  0
LINE
  5
2FA
330
17
100
AcDbEntity
  8
SLOTS
100
AcDbLine
 10
3.2626599782988057
 20
9.76578935805655
 30
0.0
 11
5.316216012370574
 21
3.612785789190534
 31
0.0
  0
ARC
  5
2FB
330
17
100
AcDbEntity
  8
SLOTS
100
AcDbCircle
 10
3.144089344157335
 20
9.726216580553707
 30
0.0
 40
0.125
100
AcDbArc
 50
18.456357425656435
 51
198.45635742565645
  0
ARC
  5
2FC
330
17
100
AcDbEntity
  8
SLOTS
100
AcDbCircle
 10
5.197645378229103
 20
3.5732130116876912
 30
0.0
 40
0.125
100
AcDbArc
 50
198.45635742565645
 51
378.45635742565645
  0
LINE
  5
2FD
330
17
100
AcDbEntity
  8
SLOTS
100
AcDbLine
 10
4.374538178511102
 20
3.275567556748867
 30
0.0
 11
3.0575132296160503
 21
7.2217268416109395
 31
0.0
  0
LINE
  5
2FE
330
17
100
AcDbEntity
  8
SLOTS
100
AcDbLine
 10
3.2946544978989913
 20
7.300872396616626
 30
0.0
 11
4.611679446794044
 21
3.3547131117545526
 31
0.0
  0
ARC
  5
2FF
330
17
100
AcDbEntity
  8
SLOTS
100
AcDbCircle
 10
3.176083863757521
 20
7.261299619113783
 30
0.0
 40
0.125
100
AcDbArc
 50
18.456357425656435
 51
198.45635742565645
  0
ARC
  5
300
330
17
100
AcDbEntity
  8
SLOTS
100
AcDbCircle
 10
4.493108812652573
 20
3.31514033425171
 30
0.0
 40
0.125
100
AcDbArc
 50
198.45635742565645
 51
378.45635742565645
  0
LINE
  5
301
330
17
100
AcDbEntity
  8
SLOTS
100
AcDbLine
 10
1.218489526453182
 20
2.169927037507181
 30
0.0
 11
2.0722452384785384
 21
1.2079741432228122
 31
0.0
  0
LINE
  5
302
330
17
100
AcDbEntity
  8
SLOTS
100
AcDbLine
 10
1.885266185572174
 20
1.0420258567771878
 30
0.0
 11
1.031510473546818
 21
2.003978751061556
 31
0.0
  0
ARC
  5
303
330
17
100
AcDbEntity
  8
SLOTS
100
AcDbCircle
 10
1.978755712025356
 20
1.125
 30
0.0
 40
0.125
100
AcDbArc
 50
-138.41019468757958
 51
41.58980531242041
  0
ARC
  5
304
330
17
100
AcDbEntity
  8
SLOTS
100
AcDbCircle
 10
1.125
 20
2.0869528942843685
 30
0.0
 40
0.125
100
AcDbArc
 50
41.58980531242041
 51
221.58980531242042
  0
LINE
  5
305
330
17
100
AcDbEntity
  8
SLOTS
100
AcDbLine
 10
1.218489526453182
 20
3.299797095318458
 30
0.0
 11
2.8828758727827526
 21
1.4244816619833947
 31
0.0
  0
LINE
  5
306
330
17
100
AcDbEntity
  8
SLOTS
100
AcDbLine
 10
2.695896819876388
 20
1.2585333755377703
 30
0.0
 11
1.031510473546818
 21
3.133848808872833
 31
0.0
  0
ARC
  5
307
330
17
100
AcDbEntity
  8
SLOTS
100
AcDbCircle
 10
2.7893863463295703
 20
1.3415075187605825
 30
0.0
 40
0.125
100
AcDbArc
 50
-138.4101946875796
 51
41.5898053124204
  0
ARC
  5
308
330
17
100
AcDbEntity
  8
SLOTS
100
AcDbCircle
 10
1.125
 20
3.2168229520956455
 30
0.0
 40
0.125
100
AcDbArc
 50
41.5898053124204
 51
221.5898053124204
  0
LINE
  5
309
330
17
100
AcDbEntity
  8
SLOTS
100
AcDbLine
 10
1.218489526453182
 20
4.429667153129735
 30
0.0
 11
3.1852678270898074
 21
2.2136373777917244
 31
0.0
  0
LINE
  5
30A
330
17
100
AcDbEntity
  8
SLOTS
100
AcDbLine
 10
2.9982887741834428
 20
2.0476890913460997
 30
0.0
 11
1.031510473546818
 21
4.26371886668411
 31
0.0
  0
ARC
  5
30B
330
17
100
AcDbEntity
  8
SLOTS
100
AcDbCircle
 10
3.091778300636625
 20
2.130663234568912
 30
0.0
 40
0.125
100
AcDbArc
 50
-138.41019468757958
 51
41.58980531242042
  0
ARC
  5
30C
330
17
100
AcDbEntity
  8
SLOTS
100
AcDbCircle
 10
1.125
 20
4.3466930099069225
 30
0.0
 40
0.125
100
AcDbArc
 50
41.58980531242042
 51
221.58980531242042
  0
LINE
  5
30D
330
17
100
AcDbEntity
  8
SLOTS
100
AcDbLine
 10
1.218489526453182
 20
5.559537210941012
 30
0.0
 11
3.3086406105137462
 21
3.204499515165156
 31
0.0
  0
LINE
  5
30E
330
17
100
AcDbEntity
  8
SLOTS
100
AcDbLine
 10
3.1216615576073816
 20
3.0385512287195313
 30
0.0
 11
1.031510473546818
 21
5.393588924495387
 31
0.0
  0
ARC
  5
30F
330
17
100
AcDbEntity
  8
SLOTS
100
AcDbCircle
 10
3.215151084060564
 20
3.1215253719423437
 30
0.0
 40
0.125
100
AcDbArc
 50
-138.41019468757958
 51
41.58980531242042
  0
ARC
  5
310
330
17
100
AcDbEntity
  8
SLOTS
100
AcDbCircle
 10
1.125
 20
5.4765630677182
 30
0.0
 40
0.125
100
AcDbArc
 50
41.58980531242042
 51
221.58980531242042
  0
LINE
  5
311
330
17
100
AcDbEntity
  8
SLOTS
100
AcDbLine
 10
1.218489526453182
 20
6.68940726875229
 30
0.0
 11
3.0281607184078343
 21
4.6503949186339
 31
0.0
  0
LINE
  5
312
330
17
100
AcDbEntity
  8
SLOTS
100
AcDbLine
 10
2.8411816655014697
 20
4.484446632188275
 30
0.0
 11
1.031510473546818
 21
6.523458982306665
 31
0.0
  0
ARC
  5
313
330
17
100
AcDbEntity
  8
SLOTS
100
AcDbCircle
 10
2.934671191954652
 20
4.567420775411088
 30
0.0
 40
0.125
100
AcDbArc
 50
-138.41019468757958
 51
41.58980531242041
  0
ARC
  5
314
330
17
100
AcDbEntity
  8
SLOTS
100
AcDbCircle
 10
1.125
 20
6.6064331255294775
 30
0.0
 40
0.125
100
AcDbArc
 50
41.58980531242041
 51
221.58980531242042
  0
LINE
  5
315
330
17
100
AcDbEntity
  8
SLOTS
100
AcDbLine
 10
1.218489526453182
 20
7.819277326563567
 30
0.0
 11
2.7476808263019232
 21
6.096290322102642
 31
0.0
  0
LINE
  5
316
330
17
100
AcDbEntity
  8
SLOTS
100
AcDbLine
 10
2.5607017733955586
 20
5.930342035657017
 30
0.0
 11
1.031510473546818
 21
7.653329040117942
 31
0.0
  0
ARC
  5
317
330
17
100
AcDbEntity
  8
SLOTS
100
AcDbCircle
 10
2.654191299848741
 20
6.01331617887983
 30
0.0
 40
0.125
100
AcDbArc
 50
-138.4101946875796
 51
41.5898053124204
  0
ARC
  5
318
330
17
100
AcDbEntity
  8
SLOTS
100
AcDbCircle
 10
1.125
 20
7.7363031833407545
 30
0.0
 40
0.125
100
AcDbArc
 50
41.5898053124204
 51
221.5898053124204
  0
LINE
  5
319
330
17
100
AcDbEntity
  8
SLOTS
100
AcDbLine
 10
1.4785139282713715
 20
8.656169870560985
 30
0.0
 11
2.467200934196011
 21
7.542185725571387
 31
0.0
  0
LINE
  5
31A
330
17
100
AcDbEntity
  8
SLOTS
100
AcDbLine
 10
2.280221881289646
 20
7.376237439125762
 30
0.0
 11
1.2915348753650073
 21
8.490221584115362
 31
0.0
  0
ARC
  5
31B
330
17
100
AcDbEntity
  8
SLOTS
100
AcDbCircle
 10
2.3737114077428285
 20
7.4592115823485745
 30
0.0
 40
0.125
100
AcDbArc
 50
-138.41019468757958
 51
41.589805312420424
  0
ARC
  5
31C
330
17
100
AcDbEntity
  8
SLOTS
100
AcDbCircle
 10
1.3850244018181894
 20
8.573195727338174
 30
0.0
 40
0.125
100
AcDbArc
 50
41.589805312420424
 51
221.58980531242042
  0
LINE
  5
31D
330
17
100
AcDbEntity
  8
SLOTS
100
AcDbLine
 10
7.930281809452105
 20
23.116791874364054
 30
0.0
 11
5.720270162106069
 21
23.498937443249847
 31
0.0
  0
LINE
  5
31E
330
17
100
AcDbEntity
  8
SLOTS
100
AcDbLine
 10
5.762866943368802
 20
23.745281743419458
 30
0.0
 11
7.972878590714838
 21
23.363136174533665
 31
0.0
  0
ARC
  5
31F
330
17
100
AcDbEntity
  8
SLOTS
100
AcDbCircle
 10
5.741568552737435
 20
23.622109593334653
 30
0.0
 40
0.125
100
AcDbArc
 50
80.18967191956801
 51
260.189671919568
  0
ARC
  5
320
330
17
100
AcDbEntity
  8
SLOTS
100
AcDbCircle
 10
7.951580200083471
 20
23.23996402444886
 30
0.0
 40
0.125
100
AcDbArc
 50
260.189671919568
 51
440.189671919568
  0
LINE
  5
321
330
17
100
AcDbEntity
  8
SLOTS
100
AcDbLine
 10
7.416564245536436
 20
22.444491824454104
 30
0.0
 11
5.453037553569031
 21
22.78401629059228
 31
0.0
  0
LINE
  5
322
330
17
100
AcDbEntity
  8
SLOTS
100
AcDbLine
 10
5.495634334831761
 20
23.03036059076189
 30
0.0
 11
7.459161026799166
 21
22.690836124623715
 31
0.0
  0
ARC
  5
323
330
17
100
AcDbEntity
  8
SLOTS
100
AcDbCircle
 10
5.474335944200396
 20
22.907188440677086
 30
0.0
 40
0.125
100
AcDbArc
 50
80.18967191956816
 51
260.1896719195681
  0
ARC
  5
324
330
17
100
AcDbEntity
  8
SLOTS
100
AcDbCircle
 10
7.437862636167801
 20
22.56766397453891
 30
0.0
 40
0.125
100
AcDbArc
 50
260.1896719195681
 51
440.1896719195681
  0
LINE
  5
325
330
17
100
AcDbEntity
  8
SLOTS
100
AcDbLine
 10
6.902846681620765
 20
21.77219177454415
 30
0.0
 11
5.185804945031991
 21
22.069095137934717
 31
0.0
  0
LINE
  5
326
330
17
100
AcDbEntity
  8
SLOTS
100
AcDbLine
 10
5.228401726294722
 20
22.315439438104328
 30
0.0
 11
6.945443462883496
 21
22.01853607471376
 31
0.0
  0
ARC
  5
327
330
17
100
AcDbEntity
  8
SLOTS
100
AcDbCircle
 10
5.207103335663357
 20
22.192267288019522
 30
0.0
 40
0.125
100
AcDbArc
 50
80.1896719195681
 51
260.1896719195681
  0
ARC
  5
328
330
17
100
AcDbEntity
  8
SLOTS
100
AcDbCircle
 10
6.924145072252131
 20
21.895363924628956
 30
0.0
 40
0.125
100
AcDbArc
 50
260.1896719195681
 51
440.1896719195681
  0
LINE
  5
329
330
17
100
AcDbEntity
  8
SLOTS
100
AcDbLine
 10
6.389129117705098
 20
21.0998917246342
 30
0.0
 11
4.918572336494954
 21
21.354173985277153
 31
0.0
  0
LINE
  5
32A
330
17
100
AcDbEntity
  8
SLOTS
100
AcDbLine
 10
4.961169117757684
 20
21.600518285446764
 30
0.0
 11
6.431725898967828
 21
21.34623602480381
 31
0.0
  0
ARC
  5
32B
330
17
100
AcDbEntity
  8
SLOTS
100
AcDbCircle
 10
4.939870727126319
 20
21.47734613536196
 30
0.0
 40
0.125
100
AcDbArc
 50
80.18967191956813
 51
260.1896719195681
  0
ARC
  5
32C
330
17
100
AcDbEntity
  8
SLOTS
100
AcDbCircle
 10
6.410427508336463
 20
21.223063874719006
 30
0.0
 40
0.125
100
AcDbArc
 50
260.1896719195681
 51
440.1896719195681
  0
LINE
  5
32D
330
17
100
AcDbEntity
  8
SLOTS
100
AcDbLine
 10
34.93752793918148
 20
1.2284350230098697
 30
0.0
 11
34.95111876326759
 21
1.2154802607601771
 31
0.0
  0
LINE
  5
32E
330
17
100
AcDbEntity
  8
SLOTS
100
AcDbLine
 10
34.77862734420252
 20
1.0345197392398229
 30
0.0
 11
34.76503652011641
 21
1.0474745014895155
 31
0.0
  0
ARC
  5
32F
330
17
100
AcDbEntity
  8
SLOTS
100
AcDbCircle
 10
34.86487305373505
 20
1.125
 30
0.0
 40
0.125
100
AcDbArc
 50
-133.62739190802478
 51
46.37260809197523
  0
ARC
  5
330
330
17
100
AcDbEntity
  8
SLOTS
100
AcDbCircle
 10
34.851282229648945
 20
1.1379547622496926
 30
0.0
 40
0.125
100
AcDbArc
 50
46.37260809197523
 51
226.37260809197522
  0
LINE
  5
331
330
17
100
AcDbEntity
  8
SLOTS
100
AcDbLine
 10
28.141906930392064
 20
3.1884008822303014
 30
0.0
 11
27.675563555586418
 21
1.1544225411402096
 31
0.0
  0
LINE
  5
332
330
17
100
AcDbEntity
  8
SLOTS
100
AcDbLine
 10
27.43188630306013
 20
1.210292001503084
 30
0.0
 11
27.898229677865775
 21
3.244270342593176
 31
0.0
  0
ARC
  5
333
330
17
100
AcDbEntity
  8
SLOTS
100
AcDbCircle
 10
27.553724929323273
 20
1.1823572713216468
 30
0.0
 40
0.125
100
AcDbArc
 50
-192.913385899967
 51
-12.913385899966997
  0
ARC
  5
334
330
17
100
AcDbEntity
  8
SLOTS
100
AcDbCircle
 10
28.02006830412892
 20
3.2163356124117386
 30
0.0
 40
0.125
100
AcDbArc
 50
-12.913385899966997
 51
167.086614100033
  0
LINE
  5
335
330
17
100
AcDbEntity
  8
SLOTS
100
AcDbLine
 10
28.985012759419394
 20
3.5096087816751997
 30
0.0
 11
28.43187329846441
 21
1.097065269818563
 31
0.0
  0
LINE
  5
336
330
17
100
AcDbEntity
  8
SLOTS
100
AcDbLine
 10
28.18819604593812
 20
1.152934730181437
 30
0.0
 11
28.741335506893105
 21
3.565478242038074
 31
0.0
  0
ARC
  5
337
330
17
100
AcDbEntity
  8
SLOTS
100
AcDbCircle
 10
28.310034672201265
 20
1.125
 30
0.0
 40
0.125
100
AcDbArc
 50
-192.91338589996698
 51
-12.913385899966983
  0
ARC
  5
338
330
17
100
AcDbEntity
  8
SLOTS
100
AcDbCircle
 10
28.86317413315625
 20
3.537543511856637
 30
0.0
 40
0.125
100
AcDbArc
 50
-12.913385899966983
 51
167.08661410003302
  0
LINE
  5
339
330
17
100
AcDbEntity
  8
SLOTS
100
AcDbLine
 10
29.827123263104273
 20
3.826475523298939
 30
0.0
 11
29.201333714059707
 21
1.0970652698185628
 31
0.0
  0
LINE
  5
33A
330
17
100
AcDbEntity
  8
SLOTS
100
AcDbLine
 10
28.957656461533418
 20
1.1529347301814372
 30
0.0
 11
29.583446010577983
 21
3.8823449836618136
 31
0.0
  0
ARC
  5
33B
330
17
100
AcDbEntity
  8
SLOTS
100
AcDbCircle
 10
29.079495087796563
 20
1.125
 30
0.0
 40
0.125
100
AcDbArc
 50
-192.9133858999671
 51
-12.913385899967096
  0
ARC
  5
33C
330
17
100
AcDbEntity
  8
SLOTS
100
AcDbCircle
 10
29.705284636841128
 20
3.8544102534803764
 30
0.0
 40
0.125
100
AcDbArc
 50
-12.913385899967096
 51
167.0866141000329
  0
LINE
  5
33D
330
17
100
AcDbEntity
  8
SLOTS
100
AcDbLine
 10
30.669233766789148
 20
4.143342264922678
 30
0.0
 11
29.970794129655008
 21
1.0970652698185628
 31
0.0
  0
LINE
  5
33E
330
17
100
AcDbEntity
  8
SLOTS
100
AcDbLine
 10
29.72711687712872
 20
1.1529347301814372
 30
0.0
 11
30.42555651426286
 21
4.1992117252855525
 31
0.0
  0
ARC
  5
33F
330
17
100
AcDbEntity
  8
SLOTS
100
AcDbCircle
 10
29.848955503391863
 20
1.125
 30
0.0
 40
0.125
100
AcDbArc
 50
-192.91338589996707
 51
-12.913385899967068
  0
ARC
  5
340
330
17
100
AcDbEntity
  8
SLOTS
100
AcDbCircle
 10
30.547395140526003
 20
4.171276995104115
 30
0.0
 40
0.125
100
AcDbArc
 50
-12.913385899967068
 51
167.08661410003293
  0
LINE
  5
341
330
17
100
AcDbEntity
  8
SLOTS
100
AcDbLine
 10
31.511344270474023
 20
4.4602090065464175
 30
0.0
 11
30.74025454525031
 21
1.0970652698185628
 31
0.0
  0
LINE
  5
342
330
17
100
AcDbEntity
  8
SLOTS
100
AcDbLine
 10
30.49657729272402
 20
1.1529347301814372
 30
0.0
 11
31.267667017947733
 21
4.516078466909292
 31
0.0
  0
ARC
  5
343
330
17
100
AcDbEntity
  8
SLOTS
100
AcDbCircle
 10
30.618415918987164
 20
1.125
 30
0.0
 40
0.125
100
AcDbArc
 50
-192.91338589996704
 51
-12.91338589996704
  0
ARC
  5
344
330
17
100
AcDbEntity
  8
SLOTS
100
AcDbCircle
 10
31.389505644210878
 20
4.488143736727855
 30
0.0
 40
0.125
100
AcDbArc
 50
-12.91338589996704
 51
167.08661410003296
  0
LINE
  5
345
330
17
100
AcDbEntity
  8
SLOTS
100
AcDbLine
 10
32.1548707867982
 20
3.910942441682598
 30
0.0
 11
31.50971496084561
 21
1.0970652698185628
 31
0.0
  0
LINE
  5
346
330
17
100
AcDbEntity
  8
SLOTS
100
AcDbLine
 10
31.26603770831932
 20
1.1529347301814372
 30
0.0
 11
31.911193534271906
 21
3.9668119020454724
 31
0.0
  0
ARC
  5
347
330
17
100
AcDbEntity
  8
SLOTS
100
AcDbCircle
 10
31.387876334582465
 20
1.125
 30
0.0
 40
0.125
100
AcDbArc
 50
-192.91338589996707
 51
-12.913385899967068
  0
ARC
  5
348
330
17
100
AcDbEntity
  8
SLOTS
100
AcDbCircle
 10
32.03303216053505
 20
3.938877171864035
 30
0.0
 40
0.125
100
AcDbArc
 50
-12.913385899967068
 51
167.08661410003293
  0
LINE
  5
349
330
17
100
AcDbEntity
  8
SLOTS
100
AcDbLine
 10
32.59595467162086
 20
2.4787129142614863
 30
0.0
 11
32.27917537644092
 21
1.0970652698185628
 31
0.0
  0
LINE
  5
34A
330
17
100
AcDbEntity
  8
SLOTS
100
AcDbLine
 10
32.03549812391462
 20
1.1529347301814372
 30
0.0
 11
32.35227741909456
 21
2.5345823746243608
 31
0.0
  0
ARC
  5
34B
330
17
100
AcDbEntity
  8
SLOTS
100
AcDbCircle
 10
32.15733675017777
 20
1.125
 30
0.0
 40
0.125
100
AcDbArc
 50
-192.913385899967
 51
-12.913385899967025
  0
ARC
  5
34C
330
17
100
AcDbEntity
  8
SLOTS
100
AcDbCircle
 10
32.47411604535771
 20
2.5066476444429235
 30
0.0
 40
0.125
100
AcDbArc
 50
-12.913385899967025
 51
167.086614100033
  0
LINE
  5
34D
330
17
100
AcDbEntity
  8
SLOTS
100
AcDbLine
 10
22.341057262636546
 20
24.59295291019969
 30
0.0
 11
23.699999377961497
 21
20.49041547373256
 31
0.0
  0
LINE
  5
34E
330
17
100
AcDbEntity
  8
SLOTS
100
AcDbLine
 10
23.462680242435113
 20
20.41180486431493
 30
0.0
 11
22.103738127110162
 21
24.514342300782058
 31
0.0
  0
ARC
  5
34F
330
17
100
AcDbEntity
  8
SLOTS
100
AcDbCircle
 10
23.581339810198305
 20
20.451110169023746
 30
0.0
 40
0.125
100
AcDbArc
 50
-161.67284244531783
 51
18.327157554682174
  0
ARC
  5
350
330
17
100
AcDbEntity
  8
SLOTS
100
AcDbCircle
 10
22.222397694873354
 20
24.553647605490873
 30
0.0
 40
0.125
100
AcDbArc
 50
18.327157554682174
 51
198.32715755468217
  0
LINE
  5
351
330
17
100
AcDbEntity
  8
SLOTS
100
AcDbLine
 10
22.97830665310292
 20
25.054322257269952
 30
0.0
 11
24.205639270733982
 21
21.349103356445305
 31
0.0
  0
LINE
  5
352
330
17
100
AcDbEntity
  8
SLOTS
100
AcDbLine
 10
23.9683201352076
 20
21.270492747027674
 30
0.0
 11
22.740987517576535
 21
24.97571164785232
 31
0.0
  0
ARC
  5
353
330
17
100
AcDbEntity
  8
SLOTS
100
AcDbCircle
 10
24.08697970297079
 20
21.30979805173649
 30
0.0
 40
0.125
100
AcDbArc
 50
-161.67284244531783
 51
18.327157554682174
  0
ARC
  5
354
330
17
100
AcDbEntity
  8
SLOTS
100
AcDbCircle
 10
22.859647085339727
 20
25.015016952561137
 30
0.0
 40
0.125
100
AcDbArc
 50
18.327157554682174
 51
198.32715755468217
  0
LINE
  5
355
330
17
100
AcDbEntity
  8
SLOTS
100
AcDbLine
 10
23.672271631141886
 20
25.34447178664242
 30
0.0
 11
24.711279163506468
 21
22.207791239158052
 31
0.0
  0
LINE
  5
356
330
17
100
AcDbEntity
  8
SLOTS
100
AcDbLine
 10
24.473960027980084
 20
22.12918062974042
 30
0.0
 11
23.4349524956155
 21
25.26586117722479
 31
0.0
  0
ARC
  5
357
330
17
100
AcDbEntity
  8
SLOTS
100
AcDbCircle
 10
24.592619595743276
 20
22.168485934449237
 30
0.0
 40
0.125
100
AcDbArc
 50
-161.67284244531783
 51
18.327157554682174
  0
ARC
  5
358
330
17
100
AcDbEntity
  8
SLOTS
100
AcDbCircle
 10
23.553612063378694
 20
25.305166481933604
 30
0.0
 40
0.125
100
AcDbArc
 50
18.327157554682174
 51
198.32715755468217
  0
LINE
  5
359
330
17
100
AcDbEntity
  8
SLOTS
100
AcDbLine
 10
24.366236609180852
 20
25.63462131601489
 30
0.0
 11
25.216919056278957
 21
23.066479121870795
 31
0.0
  0
LINE
  5
35A
330
17
100
AcDbEntity
  8
SLOTS
100
AcDbLine
 10
24.979599920752573
 20
22.987868512453165
 30
0.0
 11
24.128917473654468
 21
25.55601070659726
 31
0.0
  0
ARC
  5
35B
330
17
100
AcDbEntity
  8
SLOTS
100
AcDbCircle
 10
25.098259488515765
 20
23.02717381716198
 30
0.0
 40
0.125
100
AcDbArc
 50
-161.6728424453178
 51
18.327157554682202
  0
ARC
  5
35C
330
17
100
AcDbEntity
  8
SLOTS
100
AcDbCircle
 10
24.24757704141766
 20
25.595316011306075
 30
0.0
 40
0.125
100
AcDbArc
 50
18.327157554682202
 51
198.3271575546822
  0
LINE
  5
35D
330
17
100
AcDbEntity
  8
SLOTS
100
AcDbLine
 10
25.060201587219822
 20
25.924770845387357
 30
0.0
 11
25.722558949051443
 21
23.925167004583543
 31
0.0
  0
LINE
  5
35E
330
17
100
AcDbEntity
  8
SLOTS
100
AcDbLine
 10
25.48523981352506
 20
23.846556395165912
 30
0.0
 11
24.822882451693438
 21
25.846160235969727
 31
0.0
  0
ARC
  5
35F
330
17
100
AcDbEntity
  8
SLOTS
100
AcDbCircle
 10
25.60389938128825
 20
23.885861699874727
 30
0.0
 40
0.125
100
AcDbArc
 50
-161.67284244531785
 51
18.327157554682145
  0
ARC
  5
360
330
17
100
AcDbEntity
  8
SLOTS
100
AcDbCircle
 10
24.94154201945663
 20
25.885465540678542
 30
0.0
 40
0.125
100
AcDbArc
 50
18.327157554682145
 51
198.32715755468215
  0
LINE
  5
361
330
17
100
AcDbEntity
  8
SLOTS
100
AcDbLine
 10
25.754166565258792
 20
26.214920374759824
 30
0.0
 11
26.228198841823932
 21
24.783854887296286
 31
0.0
  0
LINE
  5
362
330
17
100
AcDbEntity
  8
SLOTS
100
AcDbLine
 10
25.990879706297548
 20
24.705244277878663
 30
0.0
 11
25.516847429732408
 21
26.1363097653422
 31
0.0
  0
ARC
  5
363
330
17
100
AcDbEntity
  8
SLOTS
100
AcDbCircle
 10
26.10953927406074
 20
24.744549582587474
 30
0.0
 40
0.125
100
AcDbArc
 50
-161.67284244531788
 51
18.327157554682117
  0
ARC
  5
364
330
17
100
AcDbEntity
  8
SLOTS
100
AcDbCircle
 10
25.6355069974956
 20
26.175615070051013
 30
0.0
 40
0.125
100
AcDbArc
 50
18.327157554682117
 51
198.32715755468212
  0
LINE
  5
365
330
17
100
AcDbEntity
  8
SLOTS
100
AcDbLine
 10
23.8449581643714
 20
29.07900141535259
 30
0.0
 11
21.974367179984622
 21
29.757491052970856
 31
0.0
  0
LINE
  5
366
330
17
100
AcDbEntity
  8
SLOTS
100
AcDbLine
 10
22.059611472886896
 20
29.992508947029144
 30
0.0
 11
23.930202457273673
 21
29.314019309410877
 31
0.0
  0
ARC
  5
367
330
17
100
AcDbEntity
  8
SLOTS
100
AcDbCircle
 10
22.01698932643576
 20
29.875
 30
0.0
 40
0.125
100
AcDbArc
 50
70.06358017827381
 51
250.0635801782738
  0
ARC
  5
368
330
17
100
AcDbEntity
  8
SLOTS
100
AcDbCircle
 10
23.887580310822536
 20
29.196510362381733
 30
0.0
 40
0.125
100
AcDbArc
 50
250.0635801782738
 51
430.0635801782738
  0
LINE
  5
369
330
17
100
AcDbEntity
  8
SLOTS
100
AcDbLine
 10
24.38952488881316
 20
28.083667820434368
 30
0.0
 11
20.823694852278706
 21
29.377044485611506
 31
0.0
  0
LINE
  5
36A
330
17
100
AcDbEntity
  8
SLOTS
100
AcDbLine
 10
20.90893914518098
 20
29.612062379669794
 30
0.0
 11
24.474769181715434
 21
28.318685714492656
 31
0.0
  0
ARC
  5
36B
330
17
100
AcDbEntity
  8
SLOTS
100
AcDbCircle
 10
20.866316998729843
 20
29.49455343264065
 30
0.0
 40
0.125
100
AcDbArc
 50
70.06358017827381
 51
250.0635801782738
  0
ARC
  5
36C
330
17
100
AcDbEntity
  8
SLOTS
100
AcDbCircle
 10
24.432147035264297
 20
28.20117676746351
 30
0.0
 40
0.125
100
AcDbArc
 50
250.0635801782738
 51
430.0635801782738
  0
LINE
  5
36D
330
17
100
AcDbEntity
  8
SLOTS
100
AcDbLine
 10
24.934091613254928
 20
27.088334225516142
 30
0.0
 11
20.481055662673445
 21
28.703512943701615
 31
0.0
  0
LINE
  5
36E
330
17
100
AcDbEntity
  8
SLOTS
100
AcDbLine
 10
20.56629995557572
 20
28.938530837759902
 30
0.0
 11
25.019335906157202
 21
27.32335211957443
 31
0.0
  0
ARC
  5
36F
330
17
100
AcDbEntity
  8
SLOTS
100
AcDbCircle
 10
20.52367780912458
 20
28.82102189073076
 30
0.0
 40
0.125
100
AcDbArc
 50
70.06358017827387
 51
250.06358017827387
  0
ARC
  5
370
330
17
100
AcDbEntity
  8
SLOTS
100
AcDbCircle
 10
24.976713759706065
 20
27.205843172545286
 30
0.0
 40
0.125
100
AcDbArc
 50
250.06358017827387
 51
430.06358017827387
  0
LINE
  5
371
330
17
100
AcDbEntity
  8
SLOTS
100
AcDbLine
 10
24.543405680587973
 20
26.43222991251988
 30
0.0
 11
20.138416473068183
 21
28.02998140179173
 31
0.0
  0
LINE
  5
372
330
17
100
AcDbEntity
  8
SLOTS
100
AcDbLine
 10
20.223660765970457
 20
28.264999295850018
 30
0.0
 11
24.628649973490248
 21
26.667247806578168
 31
0.0
  0
ARC
  5
373
330
17
100
AcDbEntity
  8
SLOTS
100
AcDbCircle
 10
20.18103861951932
 20
28.147490348820874
 30
0.0
 40
0.125
100
AcDbArc
 50
70.06358017827387
 51
250.06358017827387
  0
ARC
  5
374
330
17
100
AcDbEntity
  8
SLOTS
100
AcDbCircle
 10
24.58602782703911
 20
26.549738859549024
 30
0.0
 40
0.125
100
AcDbArc
 50
250.06358017827387
 51
430.06358017827387
  0
LINE
  5
375
330
17
100
AcDbEntity
  8
SLOTS
100
AcDbLine
 10
23.521641911723044
 20
26.005026399305482
 30
0.0
 11
19.79577728346292
 21
27.356449859881845
 31
0.0
  0
LINE
  5
376
330
17
100
AcDbEntity
  8
SLOTS
100
AcDbLine
 10
19.881021576365196
 20
27.591467753940133
 30
0.0
 11
23.60688620462532
 21
26.24004429336377
 31
0.0
  0
ARC
  5
377
330
17
100
AcDbEntity
  8
SLOTS
100
AcDbCircle
 10
19.83839942991406
 20
27.47395880691099
 30
0.0
 40
0.125
100
AcDbArc
 50
70.06358017827384
 51
250.06358017827384
  0
ARC
  5
378
330
17
100
AcDbEntity
  8
SLOTS
100
AcDbCircle
 10
23.56426405817418
 20
26.122535346334626
 30
0.0
 40
0.125
100
AcDbArc
 50
250.06358017827384
 51
430.0635801782738
  0
LINE
  5
379
330
17
100
AcDbEntity
  8
SLOTS
100
AcDbLine
 10
22.49987814285811
 20
25.57782288609108
 30
0.0
 11
19.45313809385766
 21
26.682918317971954
 31
0.0
  0
LINE
  5
37A
330
17
100
AcDbEntity
  8
SLOTS
100
AcDbLine
 10
19.538382386759935
 20
26.91793621203024
 30
0.0
 11
22.585122435760383
 21
25.81284078014937
 31
0.0
  0
ARC
  5
37B
330
17
100
AcDbEntity
  8
SLOTS
100
AcDbCircle
 10
19.495760240308798
 20
26.800427265001098
 30
0.0
 40
0.125
100
AcDbArc
 50
70.06358017827381
 51
250.0635801782738
  0
ARC
  5
37C
330
17
100
AcDbEntity
  8
SLOTS
100
AcDbCircle
 10
22.542500289309245
 20
25.695331833120225
 30
0.0
 40
0.125
100
AcDbArc
 50
250.0635801782738
 51
430.0635801782738
  0
LINE
  5
37D
330
17
100
AcDbEntity
  8
SLOTS
100
AcDbLine
 10
21.238936975247505
 20
25.237372376582957
 30
0.0
 11
19.1104989042524
 21
26.009386776062065
 31
0.0
  0
LINE
  5
37E
330
17
100
AcDbEntity
  8
SLOTS
100
AcDbLine
 10
19.195743197154673
 20
26.244404670120353
 30
0.0
 11
21.32418126814978
 21
25.472390270641245
 31
0.0
  0
ARC
  5
37F
330
17
100
AcDbEntity
  8
SLOTS
100
AcDbCircle
 10
19.153121050703536
 20
26.12689572309121
 30
0.0
 40
0.125
100
AcDbArc
 50
70.06358017827381
 51
250.0635801782738
  0
ARC
  5
380
330
17
100
AcDbEntity
  8
SLOTS
100
AcDbCircle
 10
21.281559121698642
 20
25.3548813236121
 30
0.0
 40
0.125
100
AcDbArc
 50
250.0635801782738
 51
430.0635801782738
  0
LINE
  5
381
330
17
100
AcDbEntity
  8
SLOTS
100
AcDbLine
 10
18.854291573007274
 20
25.304505184490377
 30
0.0
 11
18.767859714647138
 21
25.335855234152177
 31
0.0
  0
LINE
  5
382
330
17
100
AcDbEntity
  8
SLOTS
100
AcDbLine
 10
18.853104007549405
 20
25.570873128210465
 30
0.0
 11
18.93953586590954
 21
25.539523078548665
 31
0.0
  0
ARC
  5
383
330
17
100
AcDbEntity
  8
SLOTS
100
AcDbCircle
 10
18.81048186109827
 20
25.45336418118132
 30
0.0
 40
0.125
100
AcDbArc
 50
70.06358017827432
 51
250.06358017827432
  0
ARC
  5
384
330
17
100
AcDbEntity
  8
SLOTS
100
AcDbCircle
 10
18.896913719458407
 20
25.42201413151952
 30
0.0
 40
0.125
100
AcDbArc
 50
250.06358017827432
 51
430.0635801782743
  0
LINE
  5
385
330
17
100
AcDbEntity
  8
SLOTS
100
AcDbLine
 10
25.90342142708237
 20
27.27948698236554
 30
0.0
 11
28.179013933505182
 21
26.304694215053008
 31
0.0
  0
LINE
  5
386
330
17
100
AcDbEntity
  8
SLOTS
100
AcDbLine
 10
28.080573454883925
 20
26.074891098953994
 30
0.0
 11
25.804980948461115
 21
27.049683866266527
 31
0.0
  0
ARC
  5
387
330
17
100
AcDbEntity
  8
SLOTS
100
AcDbCircle
 10
28.129793694194554
 20
26.1897926570035
 30
0.0
 40
0.125
100
AcDbArc
 50
-113.18878018637243
 51
66.81121981362757
  0
ARC
  5
388
330
17
100
AcDbEntity
  8
SLOTS
100
AcDbCircle
 10
25.854201187771743
 20
27.164585424316034
 30
0.0
 40
0.125
100
AcDbArc
 50
66.81121981362757
 51
246.8112198136276
  0
LINE
  5
389
330
17
100
AcDbEntity
  8
SLOTS
100
AcDbLine
 10
25.320368057710613
 20
28.345164667245893
 30
0.0
 11
28.855184447675576
 21
26.830959711398044
 31
0.0
  0
LINE
  5
38A
330
17
100
AcDbEntity
  8
SLOTS
100
AcDbLine
 10
28.75674396905432
 20
26.60115659529903
 30
0.0
 11
25.221927579089357
 21
28.11536155114688
 31
0.0
  0
ARC
  5
38B
330
17
100
AcDbEntity
  8
SLOTS
100
AcDbCircle
 10
28.805964208364948
 20
26.716058153348538
 30
0.0
 40
0.125
100
AcDbArc
 50
-113.18878018637245
 51
66.81121981362755
  0
ARC
  5
38C
330
17
100
AcDbEntity
  8
SLOTS
100
AcDbCircle
 10
25.271147818399985
 20
28.230263109196386
 30
0.0
 40
0.125
100
AcDbArc
 50
66.81121981362755
 51
246.81121981362753
  0
LINE
  5
38D
330
17
100
AcDbEntity
  8
SLOTS
100
AcDbLine
 10
24.737314688338852
 20
29.41084235212625
 30
0.0
 11
28.931353837946055
 21
27.614246952324432
 31
0.0
  0
LINE
  5
38E
330
17
100
AcDbEntity
  8
SLOTS
100
AcDbLine
 10
28.8329133593248
 20
27.38444383622542
 30
0.0
 11
24.638874209717596
 21
29.181039236027235
 31
0.0
  0
ARC
  5
38F
330
17
100
AcDbEntity
  8
SLOTS
100
AcDbCircle
 10
28.882133598635427
 20
27.499345394274926
 30
0.0
 40
0.125
100
AcDbArc
 50
-113.18878018637243
 51
66.81121981362757
  0
ARC
  5
390
330
17
100
AcDbEntity
  8
SLOTS
100
AcDbCircle
 10
24.688094449028224
 20
29.295940794076742
 30
0.0
 40
0.125
100
AcDbArc
 50
66.81121981362757
 51
246.81121981362756
  0
LINE
  5
391
330
17
100
AcDbEntity
  8
SLOTS
100
AcDbLine
 10
25.290241602504228
 20
29.989901558049507
 30
0.0
 11
29.007523228216535
 21
28.39753419325082
 31
0.0
  0
LINE
  5
392
330
17
100
AcDbEntity
  8
SLOTS
100
AcDbLine
 10
28.909082749595278
 20
28.167731077151807
 30
0.0
 11
25.19180112388297
 21
29.760098441950493
 31
0.0
  0
ARC
  5
393
330
17
100
AcDbEntity
  8
SLOTS
100
AcDbCircle
 10
28.958302988905906
 20
28.282632635201313
 30
0.0
 40
0.125
100
AcDbArc
 50
-113.18878018637243
 51
66.81121981362757
  0
ARC
  5
394
330
17
100
AcDbEntity
  8
SLOTS
100
AcDbCircle
 10
25.2410213631936
 20
29.875
 30
0.0
 40
0.125
100
AcDbArc
 50
66.81121981362757
 51
246.8112198136276
  0
LINE
  5
395
330
17
100
AcDbEntity
  8
SLOTS
100
AcDbLine
 10
27.194945872801366
 20
29.989901558049507
 30
0.0
 11
29.083692618487014
 21
29.180821434177204
 31
0.0
  0
LINE
  5
396
330
17
100
AcDbEntity
  8
SLOTS
100
AcDbLine
 10
28.985252139865757
 20
28.95101831807819
 30
0.0
 11
27.09650539418011
 21
29.760098441950493
 31
0.0
  0
ARC
  5
397
330
17
100
AcDbEntity
  8
SLOTS
100
AcDbCircle
 10
29.034472379176385
 20
29.065919876127698
 30
0.0
 40
0.125
100
AcDbArc
 50
-113.18878018637241
 51
66.81121981362759
  0
ARC
  5
398
330
17
100
AcDbEntity
  8
SLOTS
100
AcDbCircle
 10
27.145725633490738
 20
29.875
 30
0.0
 40
0.125
100
AcDbArc
 50
66.81121981362759
 51
246.8112198136276
  0
LINE
  5
399
330
17
100
AcDbEntity
  8
SLOTS
100
AcDbLine
 10
29.099650143098508
 20
29.989901558049507
 30
0.0
 11
29.15986200875749
 21
29.96410867510359
 31
0.0
  0
LINE
  5
39A
330
17
100
AcDbEntity
  8
SLOTS
100
AcDbLine
 10
29.061421530136233
 20
29.734305559004575
 30
0.0
 11
29.00120966447725
 21
29.760098441950493
 31
0.0
  0
ARC
  5
39B
330
17
100
AcDbEntity
  8
SLOTS
100
AcDbCircle
 10
29.11064176944686
 20
29.849207117054082
 30
0.0
 40
0.125
100
AcDbArc
 50
-113.18878018637349
 51
66.81121981362651
  0
ARC
  5
39C
330
17
100
AcDbEntity
  8
SLOTS
100
AcDbCircle
 10
29.05042990378788
 20
29.875
 30
0.0
 40
0.125
100
AcDbArc
 50
66.81121981362651
 51
246.8112198136265
  0
LINE
  5
39D
330
17
100
AcDbEntity
  8
SLOTS
100
AcDbLine
 10
24.350522695430694
 20
20.223368504619003
 30
0.0
 11
25.443451607242654
 21
19.18229525743086
 31
0.0
  0
LINE
  5
39E
330
17
100
AcDbEntity
  8
SLOTS
100
AcDbLine
 10
25.271021437424697
 20
19.001276372955928
 30
0.0
 11
24.178092525612737
 21
20.042349620144073
 31
0.0
  0
ARC
  5
39F
330
17
100
AcDbEntity
  8
SLOTS
100
AcDbCircle
 10
25.357236522333675
 20
19.091785815193393
 30
0.0
 40
0.125
100
AcDbArc
 50
-133.608002278305
 51
46.391997721695
  0
ARC
  5
3A0
330
17
100
AcDbEntity
  8
SLOTS
100
AcDbCircle
 10
24.264307610521715
 20
20.132859062381538
 30
0.0
 40
0.125
100
AcDbArc
 50
46.391997721695
 51
226.391997721695
  0
LINE
  5
3A1
330
17
100
AcDbEntity
  8
SLOTS
100
AcDbLine
 10
24.74127786815235
 20
20.886956834415567
 30
0.0
 11
26.53530246624513
 21
19.178052445771115
 31
0.0
  0
LINE
  5
3A2
330
17
100
AcDbEntity
  8
SLOTS
100
AcDbLine
 10
26.362872296427174
 20
18.997033561296185
 30
0.0
 11
24.56884769833439
 21
20.705937949940637
 31
0.0
  0
ARC
  5
3A3
330
17
100
AcDbEntity
  8
SLOTS
100
AcDbCircle
 10
26.449087381336152
 20
19.08754300353365
 30
0.0
 40
0.125
100
AcDbArc
 50
-133.60800227830507
 51
46.391997721694935
  0
ARC
  5
3A4
330
17
100
AcDbEntity
  8
SLOTS
100
AcDbCircle
 10
24.65506278324337
 20
20.796447392178102
 30
0.0
 40
0.125
100
AcDbArc
 50
46.391997721694935
 51
226.39199772169493
  0
LINE
  5
3A5
330
17
100
AcDbEntity
  8
SLOTS
100
AcDbLine
 10
25.132033040874003
 20
21.55054516421214
 30
0.0
 11
27.62715332524762
 21
19.17380963411137
 31
0.0
  0
LINE
  5
3A6
330
17
100
AcDbEntity
  8
SLOTS
100
AcDbLine
 10
27.45472315542966
 20
18.99279074963644
 30
0.0
 11
24.959602871056045
 21
21.369526279737208
 31
0.0
  0
ARC
  5
3A7
330
17
100
AcDbEntity
  8
SLOTS
100
AcDbCircle
 10
27.54093824033864
 20
19.083300191873906
 30
0.0
 40
0.125
100
AcDbArc
 50
-133.60800227830507
 51
46.39199772169494
  0
ARC
  5
3A8
330
17
100
AcDbEntity
  8
SLOTS
100
AcDbCircle
 10
25.045817955965024
 20
21.460035721974673
 30
0.0
 40
0.125
100
AcDbArc
 50
46.39199772169494
 51
226.39199772169493
  0
LINE
  5
3A9
330
17
100
AcDbEntity
  8
SLOTS
100
AcDbLine
 10
25.522788213595653
 20
22.214133494008703
 30
0.0
 11
28.719004184250096
 21
19.169566822451632
 31
0.0
  0
LINE
  5
3AA
330
17
100
AcDbEntity
  8
SLOTS
100
AcDbLine
 10
28.54657401443214
 20
18.9885479379767
 30
0.0
 11
25.350358043777696
 21
22.033114609533772
 31
0.0
  0
ARC
  5
3AB
330
17
100
AcDbEntity
  8
SLOTS
100
AcDbCircle
 10
28.632789099341117
 20
19.079057380214167
 30
0.0
 40
0.125
100
AcDbArc
 50
-133.60800227830504
 51
46.39199772169498
  0
ARC
  5
3AC
330
17
100
AcDbEntity
  8
SLOTS
100
AcDbCircle
 10
25.436573128686675
 20
22.123624051771237
 30
0.0
 40
0.125
100
AcDbArc
 50
46.39199772169498
 51
226.39199772169496
  0
LINE
  5
3AD
330
17
100
AcDbEntity
  8
SLOTS
100
AcDbLine
 10
25.913543386317308
 20
22.87772182380527
 30
0.0
 11
29.07437324686338
 21
19.866862314862097
 31
0.0
  0
LINE
  5
3AE
330
17
100
AcDbEntity
  8
SLOTS
100
AcDbLine
 10
28.901943077045424
 20
19.685843430387166
 30
0.0
 11
25.74111321649935
 21
22.69670293933034
 31
0.0
  0
ARC
  5
3AF
330
17
100
AcDbEntity
  8
SLOTS
100
AcDbCircle
 10
28.988158161954402
 20
19.77635287262463
 30
0.0
 40
0.125
100
AcDbArc
 50
-133.60800227830504
 51
46.39199772169496
  0
ARC
  5
3B0
330
17
100
AcDbEntity
  8
SLOTS
100
AcDbCircle
 10
25.82732830140833
 20
22.787212381567805
 30
0.0
 40
0.125
100
AcDbArc
 50
46.39199772169496
 51
226.39199772169496
  0
LINE
  5
3B1
330
17
100
AcDbEntity
  8
SLOTS
100
AcDbLine
 10
26.304298559038962
 20
23.541310153601838
 30
0.0
 11
29.424990995441796
 21
20.568683688029523
 31
0.0
  0
LINE
  5
3B2
330
17
100
AcDbEntity
  8
SLOTS
100
AcDbLine
 10
29.25256082562384
 20
20.387664803554593
 30
0.0
 11
26.131868389221005
 21
23.360291269126908
 31
0.0
  0
ARC
  5
3B3
330
17
100
AcDbEntity
  8
SLOTS
100
AcDbCircle
 10
29.338775910532817
 20
20.478174245792058
 30
0.0
 40
0.125
100
AcDbArc
 50
-133.60800227830504
 51
46.39199772169498
  0
ARC
  5
3B4
330
17
100
AcDbEntity
  8
SLOTS
100
AcDbCircle
 10
26.218083474129983
 20
23.450800711364373
 30
0.0
 40
0.125
100
AcDbArc
 50
46.39199772169498
 51
226.39199772169496
  0
LINE
  5
3B5
330
17
100
AcDbEntity
  8
SLOTS
100
AcDbLine
 10
26.695053731760613
 20
24.204898483398402
 30
0.0
 11
29.77560874402021
 21
21.270505061196943
 31
0.0
  0
LINE
  5
3B6
330
17
100
AcDbEntity
  8
SLOTS
100
AcDbLine
 10
29.603178574202254
 20
21.089486176722012
 30
0.0
 11
26.522623561942655
 21
24.02387959892347
 31
0.0
  0
ARC
  5
3B7
330
17
100
AcDbEntity
  8
SLOTS
100
AcDbCircle
 10
29.689393659111232
 20
21.179995618959477
 30
0.0
 40
0.125
100
AcDbArc
 50
-133.608002278305
 51
46.391997721695
  0
ARC
  5
3B8
330
17
100
AcDbEntity
  8
SLOTS
100
AcDbCircle
 10
26.608838646851634
 20
24.114389041160937
 30
0.0
 40
0.125
100
AcDbArc
 50
46.391997721695
 51
226.391997721695
  0
LINE
  5
3B9
330
17
100
AcDbEntity
  8
SLOTS
100
AcDbLine
 10
27.08580890448227
 20
24.868486813194973
 30
0.0
 11
29.499053811735806
 21
22.569741959159167
 31
0.0
  0
LINE
  5
3BA
330
17
100
AcDbEntity
  8
SLOTS
100
AcDbLine
 10
29.32662364191785
 20
22.388723074684236
 30
0.0
 11
26.913378734664313
 21
24.687467928720043
 31
0.0
  0
ARC
  5
3BB
330
17
100
AcDbEntity
  8
SLOTS
100
AcDbCircle
 10
29.412838726826827
 20
22.4792325169217
 30
0.0
 40
0.125
100
AcDbArc
 50
-133.60800227830507
 51
46.391997721694935
  0
ARC
  5
3BC
330
17
100
AcDbEntity
  8
SLOTS
100
AcDbCircle
 10
26.999593819573292
 20
24.777977370957508
 30
0.0
 40
0.125
100
AcDbArc
 50
46.391997721694935
 51
226.39199772169493
  0
LINE
  5
3BD
330
17
100
AcDbEntity
  8
SLOTS
100
AcDbLine
 10
27.696497415263142
 20
25.32257687467449
 30
0.0
 11
27.961116757676997
 21
25.070512797040337
 31
0.0
  0
LINE
  5
3BE
330
17
100
AcDbEntity
  8
SLOTS
100
AcDbLine
 10
27.78868658785904
 20
24.8894939125654
 30
0.0
 11
27.524067245445185
 21
25.14155799019955
 31
0.0
  0
ARC
  5
3BF
330
17
100
AcDbEntity
  8
SLOTS
100
AcDbCircle
 10
27.87490167276802
 20
24.980003354802868
 30
0.0
 40
0.125
100
AcDbArc
 50
-133.60800227830455
 51
46.39199772169545
  0
ARC
  5
3C0
330
17
100
AcDbEntity
  8
SLOTS
100
AcDbCircle
 10
27.610282330354163
 20
25.23206743243702
 30
0.0
 40
0.125
100
AcDbArc
 50
46.39199772169545
 51
226.39199772169545
  0
LINE
  5
3C1
330
17
100
AcDbEntity
  8
SLOTS
100
AcDbLine
 10
31.822534448957686
 20
21.897057859487727
 30
0.0
 11
33.47929146774238
 21
23.060735784106335
 31
0.0
  0
LINE
  5
3C2
330
17
100
AcDbEntity
  8
SLOTS
100
AcDbLine
 10
33.622984056137675
 20
22.856157094990728
 30
0.0
 11
31.966227037352983
 21
21.69247917037212
 31
0.0
  0
ARC
  5
3C3
330
17
100
AcDbEntity
  8
SLOTS
100
AcDbCircle
 10
33.551137761940026
 20
22.95844643954853
 30
0.0
 40
0.125
100
AcDbArc
 50
-54.91644849688415
 51
125.08355150311584
  0
ARC
  5
3C4
330
17
100
AcDbEntity
  8
SLOTS
100
AcDbCircle
 10
31.894380743155335
 20
21.794768514929924
 30
0.0
 40
0.125
100
AcDbArc
 50
125.08355150311584
 51
305.08355150311587
  0
LINE
  5
3C5
330
17
100
AcDbEntity
  8
SLOTS
100
AcDbLine
 10
30.764630180910554
 20
22.070521662600786
 30
0.0
 11
33.99516248160707
 21
24.33959255257686
 31
0.0
  0
LINE
  5
3C6
330
17
100
AcDbEntity
  8
SLOTS
100
AcDbLine
 10
34.138855070002364
 20
24.135013863461253
 30
0.0
 11
30.90832276930585
 21
21.86594297348518
 31
0.0
  0
ARC
  5
3C7
330
17
100
AcDbEntity
  8
SLOTS
100
AcDbCircle
 10
34.067008775804716
 20
24.237303208019057
 30
0.0
 40
0.125
100
AcDbArc
 50
-54.916448496884186
 51
125.08355150311581
  0
ARC
  5
3C8
330
17
100
AcDbEntity
  8
SLOTS
100
AcDbCircle
 10
30.836476475108203
 20
21.968232318042983
 30
0.0
 40
0.125
100
AcDbArc
 50
125.08355150311581
 51
305.0835515031158
  0
LINE
  5
3C9
330
17
100
AcDbEntity
  8
SLOTS
100
AcDbLine
 10
30.211158129169327
 20
22.59829006676646
 30
0.0
 11
34.511033495471764
 21
25.6184493210474
 31
0.0
  0
LINE
  5
3CA
330
17
100
AcDbEntity
  8
SLOTS
100
AcDbLine
 10
34.65472608386706
 20
25.413870631931793
 30
0.0
 11
30.354850717564624
 21
22.393711377650853
 31
0.0
  0
ARC
  5
3CB
330
17
100
AcDbEntity
  8
SLOTS
100
AcDbCircle
 10
34.58287978966941
 20
25.516159976489597
 30
0.0
 40
0.125
100
AcDbArc
 50
-54.91644849688417
 51
125.08355150311583
  0
ARC
  5
3CC
330
17
100
AcDbEntity
  8
SLOTS
100
AcDbCircle
 10
30.283004423366975
 20
22.496000722208656
 30
0.0
 40
0.125
100
AcDbArc
 50
125.08355150311583
 51
305.0835515031158
  0
LINE
  5
3CD
330
17
100
AcDbEntity
  8
SLOTS
100
AcDbLine
 10
29.817539056450926
 20
23.23833648198883
 30
0.0
 11
33.888774087646176
 21
26.097902657366262
 31
0.0
  0
LINE
  5
3CE
330
17
100
AcDbEntity
  8
SLOTS
100
AcDbLine
 10
34.03246667604147
 20
25.893323968250655
 30
0.0
 11
29.961231644846222
 21
23.033757792873224
 31
0.0
  0
ARC
  5
3CF
330
17
100
AcDbEntity
  8
SLOTS
100
AcDbCircle
 10
33.960620381843825
 20
25.99561331280846
 30
0.0
 40
0.125
100
AcDbArc
 50
-54.91644849688417
 51
125.08355150311583
  0
ARC
  5
3D0
330
17
100
AcDbEntity
  8
SLOTS
100
AcDbCircle
 10
29.889385350648574
 20
23.136047137431028
 30
0.0
 40
0.125
100
AcDbArc
 50
125.08355150311583
 51
305.0835515031158
  0
LINE
  5
3D1
330
17
100
AcDbEntity
  8
SLOTS
100
AcDbLine
 10
29.423919983732528
 20
23.878382897211207
 30
0.0
 11
32.87451481043085
 21
26.30202195900765
 31
0.0
  0
LINE
  5
3D2
330
17
100
AcDbEntity
  8
SLOTS
100
AcDbLine
 10
33.01820739882615
 20
26.097443269892043
 30
0.0
 11
29.567612572127825
 21
23.6738042080956
 31
0.0
  0
ARC
  5
3D3
330
17
100
AcDbEntity
  8
SLOTS
100
AcDbCircle
 10
32.9463611046285
 20
26.199732614449847
 30
0.0
 40
0.125
100
AcDbArc
 50
-54.9164484968842
 51
125.0835515031158
  0
ARC
  5
3D4
330
17
100
AcDbEntity
  8
SLOTS
100
AcDbCircle
 10
29.495766277930176
 20
23.776093552653403
 30
0.0
 40
0.125
100
AcDbArc
 50
125.0835515031158
 51
305.0835515031158
  0
LINE
  5
3D5
330
17
100
AcDbEntity
  8
SLOTS
100
AcDbLine
 10
29.030300911014127
 20
24.518429312433582
 30
0.0
 11
31.860255533215522
 21
26.506141260649038
 31
0.0
  0
LINE
  5
3D6
330
17
100
AcDbEntity
  8
SLOTS
100
AcDbLine
 10
32.00394812161082
 20
26.30156257153343
 30
0.0
 11
29.173993499409423
 21
24.313850623317975
 31
0.0
  0
ARC
  5
3D7
330
17
100
AcDbEntity
  8
SLOTS
100
AcDbCircle
 10
31.93210182741317
 20
26.403851916091234
 30
0.0
 40
0.125
100
AcDbArc
 50
-54.916448496884186
 51
125.08355150311581
  0
ARC
  5
3D8
330
17
100
AcDbEntity
  8
SLOTS
100
AcDbCircle
 10
29.102147205211775
 20
24.41613996787578
 30
0.0
 40
0.125
100
AcDbArc
 50
125.08355150311581
 51
305.0835515031158
  0
LINE
  5
3D9
330
17
100
AcDbEntity
  8
SLOTS
100
AcDbLine
 10
28.636681838295726
 20
25.158475727655958
 30
0.0
 11
30.639763761616106
 21
26.565406369229674
 31
0.0
  0
LINE
  5
3DA
330
17
100
AcDbEntity
  8
SLOTS
100
AcDbLine
 10
30.783456350011402
 20
26.360827680114067
 30
0.0
 11
28.780374426691022
 21
24.95389703854035
 31
0.0
  0
ARC
  5
3DB
330
17
100
AcDbEntity
  8
SLOTS
100
AcDbCircle
 10
30.711610055813754
 20
26.46311702467187
 30
0.0
 40
0.125
100
AcDbArc
 50
-54.9164484968842
 51
125.0835515031158
  0
ARC
  5
3DC
330
17
100
AcDbEntity
  8
SLOTS
100
AcDbCircle
 10
28.708528132493374
 20
25.056186383098154
 30
0.0
 40
0.125
100
AcDbArc
 50
125.0835515031158
 51
305.0835515031158
  0
LINE
  5
3DD
330
17
100
AcDbEntity
  8
SLOTS
100
AcDbLine
 10
30.223636380141713
 20
27.22446856231875
 30
0.0
 11
31.296331500546266
 21
28.456237887393733
 31
0.0
  0
LINE
  5
3DE
330
17
100
AcDbEntity
  8
SLOTS
100
AcDbLine
 10
31.484862225700162
 20
28.292054557932587
 30
0.0
 11
30.41216710529561
 21
27.060285232857606
 31
0.0
  0
ARC
  5
3DF
330
17
100
AcDbEntity
  8
SLOTS
100
AcDbCircle
 10
31.390596863123214
 20
28.37414622266316
 30
0.0
 40
0.125
100
AcDbArc
 50
-41.05121032775922
 51
138.94878967224076
  0
ARC
  5
3E0
330
17
100
AcDbEntity
  8
SLOTS
100
AcDbCircle
 10
30.31790174271866
 20
27.14237689758818
 30
0.0
 40
0.125
100
AcDbArc
 50
138.94878967224076
 51
318.94878967224076
  0
LINE
  5
3E1
330
17
100
AcDbEntity
  8
SLOTS
100
AcDbLine
 10
29.541586225412868
 20
27.583290556798932
 30
0.0
 11
31.608827886211802
 21
29.957091664730573
 31
0.0
  0
LINE
  5
3E2
330
17
100
AcDbEntity
  8
SLOTS
100
AcDbLine
 10
31.7973586113657
 20
29.792908335269427
 30
0.0
 11
29.730116950566764
 21
27.419107227337786
 31
0.0
  0
ARC
  5
3E3
330
17
100
AcDbEntity
  8
SLOTS
100
AcDbCircle
 10
31.70309324878875
 20
29.875
 30
0.0
 40
0.125
100
AcDbArc
 50
-41.051210327759165
 51
138.94878967224082
  0
ARC
  5
3E4
330
17
100
AcDbEntity
  8
SLOTS
100
AcDbCircle
 10
29.635851587989816
 20
27.50119889206836
 30
0.0
 40
0.125
100
AcDbArc
 50
138.94878967224082
 51
318.9487896722408
  0
LINE
  5
3E5
330
17
100
AcDbEntity
  8
SLOTS
100
AcDbLine
 10
29.66659897094831
 20
28.868858003031228
 30
0.0
 11
30.614295033028608
 21
29.957091664730573
 31
0.0
  0
LINE
  5
3E6
330
17
100
AcDbEntity
  8
SLOTS
100
AcDbLine
 10
30.802825758182504
 20
29.792908335269427
 30
0.0
 11
29.855129696102207
 21
28.704674673570082
 31
0.0
  0
ARC
  5
3E7
330
17
100
AcDbEntity
  8
SLOTS
100
AcDbCircle
 10
30.708560395605556
 20
29.875
 30
0.0
 40
0.125
100
AcDbArc
 50
-41.0512103277592
 51
138.9487896722408
  0
ARC
  5
3E8
330
17
100
AcDbEntity
  8
SLOTS
100
AcDbCircle
 10
29.76086433352526
 20
28.786766338300655
 30
0.0
 40
0.125
100
AcDbArc
 50
138.9487896722408
 51
318.9487896722408
  0
LINE
  5
3E9
330
17
100
AcDbEntity
  8
SLOTS
100
AcDbLine
 10
18.219426789928786
 20
10.166302686716692
 30
0.0
 11
17.698946258578765
 21
10.38703769967673
 31
0.0
  0
LINE
  5
3EA
330
17
100
AcDbEntity
  8
SLOTS
100
AcDbLine
 10
17.796555647032548
 20
10.61719505299328
 30
0.0
 11
18.31703617838257
 21
10.396460040033242
 31
0.0
  0
ARC
  5
3EB
330
17
100
AcDbEntity
  8
SLOTS
100
AcDbCircle
 10
17.747750952805657
 20
10.502116376335005
 30
0.0
 40
0.125
100
AcDbArc
 50
67.01827198587466
 51
247.01827198587466
  0
ARC
  5
3EC
330
17
100
AcDbEntity
  8
SLOTS
100
AcDbCircle
 10
18.268231484155677
 20
10.281381363374967
 30
0.0
 40
0.125
100
AcDbArc
 50
247.01827198587466
 51
427.01827198587466
  0
LINE
  5
3ED
330
17
100
AcDbEntity
  8
SLOTS
100
AcDbLine
 10
18.895836677406752
 20
9.064778221790593
 30
0.0
 11
17.116353400585876
 21
9.819454411411748
 31
0.0
  0
LINE
  5
3EE
330
17
100
AcDbEntity
  8
SLOTS
100
AcDbLine
 10
17.21396278903966
 20
10.049611764728297
 30
0.0
 11
18.993446065860535
 21
9.29493557510714
 31
0.0
  0
ARC
  5
3EF
330
17
100
AcDbEntity
  8
SLOTS
100
AcDbCircle
 10
17.165158094812767
 20
9.934533088070022
 30
0.0
 40
0.125
100
AcDbArc
 50
67.01827198587458
 51
247.01827198587458
  0
ARC
  5
3F0
330
17
100
AcDbEntity
  8
SLOTS
100
AcDbCircle
 10
18.944641371633644
 20
9.179856898448866
 30
0.0
 40
0.125
100
AcDbArc
 50
247.01827198587458
 51
427.01827198587455
  0
LINE
  5
3F1
330
17
100
AcDbEntity
  8
SLOTS
100
AcDbLine
 10
19.572246564884722
 20
7.963253756864492
 30
0.0
 11
16.53376054259299
 21
9.251871123146767
 31
0.0
  0
LINE
  5
3F2
330
17
100
AcDbEntity
  8
SLOTS
100
AcDbLine
 10
16.631369931046773
 20
9.482028476463313
 30
0.0
 11
19.669855953338505
 21
8.193411110181039
 31
0.0
  0
ARC
  5
3F3
330
17
100
AcDbEntity
  8
SLOTS
100
AcDbCircle
 10
16.58256523681988
 20
9.36694979980504
 30
0.0
 40
0.125
100
AcDbArc
 50
67.01827198587455
 51
247.01827198587455
  0
ARC
  5
3F4
330
17
100
AcDbEntity
  8
SLOTS
100
AcDbCircle
 10
19.621051259111614
 20
8.078332433522766
 30
0.0
 40
0.125
100
AcDbArc
 50
247.01827198587455
 51
427.01827198587455
  0
LINE
  5
3F5
330
17
100
AcDbEntity
  8
SLOTS
100
AcDbLine
 10
20.24865645236269
 20
6.8617292919383885
 30
0.0
 11
15.9511676846001
 21
8.684287834881783
 31
0.0
  0
LINE
  5
3F6
330
17
100
AcDbEntity
  8
SLOTS
100
AcDbLine
 10
16.048777073053884
 20
8.914445188198329
 30
0.0
 11
20.346265840816475
 21
7.091886645254936
 31
0.0
  0
ARC
  5
3F7
330
17
100
AcDbEntity
  8
SLOTS
100
AcDbCircle
 10
15.99997237882699
 20
8.799366511540056
 30
0.0
 40
0.125
100
AcDbArc
 50
67.01827198587455
 51
247.01827198587455
  0
ARC
  5
3F8
330
17
100
AcDbEntity
  8
SLOTS
100
AcDbCircle
 10
20.297461146589583
 20
6.976807968596662
 30
0.0
 40
0.125
100
AcDbArc
 50
247.01827198587455
 51
427.01827198587455
  0
LINE
  5
3F9
330
17
100
AcDbEntity
  8
SLOTS
100
AcDbLine
 10
20.38629456679115
 20
5.988697128152002
 30
0.0
 11
15.368574826607212
 21
8.116704546616802
 31
0.0
  0
LINE
  5
3FA
330
17
100
AcDbEntity
  8
SLOTS
100
AcDbLine
 10
15.466184215060995
 20
8.346861899933348
 30
0.0
 11
20.483903955244934
 21
6.21885448146855
 31
0.0
  0
ARC
  5
3FB
330
17
100
AcDbEntity
  8
SLOTS
100
AcDbCircle
 10
15.417379520834103
 20
8.231783223275075
 30
0.0
 40
0.125
100
AcDbArc
 50
67.01827198587455
 51
247.01827198587455
  0
ARC
  5
3FC
330
17
100
AcDbEntity
  8
SLOTS
100
AcDbCircle
 10
20.435099261018042
 20
6.103775804810276
 30
0.0
 40
0.125
100
AcDbArc
 50
247.01827198587455
 51
427.01827198587455
  0
LINE
  5
3FD
330
17
100
AcDbEntity
  8
SLOTS
100
AcDbLine
 10
19.578650314910046
 20
5.516557798602897
 30
0.0
 11
14.785981968614323
 21
7.549121258351817
 31
0.0
  0
LINE
  5
3FE
330
17
100
AcDbEntity
  8
SLOTS
100
AcDbLine
 10
14.883591357068106
 20
7.7792786116683645
 30
0.0
 11
19.67625970336383
 21
5.746715151919445
 31
0.0
  0
ARC
  5
3FF
330
17
100
AcDbEntity
  8
SLOTS
100
AcDbCircle
 10
14.834786662841214
 20
7.664199935010091
 30
0.0
 40
0.125
100
AcDbArc
 50
67.01827198587455
 51
247.01827198587455
  0
ARC
  5
400
330
17
100
AcDbEntity
  8
SLOTS
100
AcDbCircle
 10
19.627455009136938
 20
5.631636475261171
 30
0.0
 40
0.125
100
AcDbArc
 50
247.01827198587455
 51
427.01827198587455
  0
LINE
  5
401
330
17
100
AcDbEntity
  8
SLOTS
100
AcDbLine
 10
18.771006063028942
 20
5.044418469053794
 30
0.0
 11
15.122909265178722
 21
6.591570851226971
 31
0.0
  0
LINE
  5
402
330
17
100
AcDbEntity
  8
SLOTS
100
AcDbLine
 10
15.220518653632505
 20
6.821728204543518
 30
0.0
 11
18.868615451482725
 21
5.274575822370342
 31
0.0
  0
ARC
  5
403
330
17
100
AcDbEntity
  8
SLOTS
100
AcDbCircle
 10
15.171713959405613
 20
6.7066495278852445
 30
0.0
 40
0.125
100
AcDbArc
 50
67.01827198587455
 51
247.01827198587455
  0
ARC
  5
404
330
17
100
AcDbEntity
  8
SLOTS
100
AcDbCircle
 10
18.819810757255834
 20
5.159497145712068
 30
0.0
 40
0.125
100
AcDbArc
 50
247.01827198587455
 51
427.01827198587455
  0
LINE
  5
405
330
17
100
AcDbEntity
  8
SLOTS
100
AcDbLine
 10
17.963361811147838
 20
4.57227913950469
 30
0.0
 11
16.24871901418823
 21
5.299456578835632
 31
0.0
  0
LINE
  5
406
330
17
100
AcDbEntity
  8
SLOTS
100
AcDbLine
 10
16.346328402642012
 20
5.52961393215218
 30
0.0
 11
18.06097119960162
 21
4.802436492821237
 31
0.0
  0
ARC
  5
407
330
17
100
AcDbEntity
  8
SLOTS
100
AcDbCircle
 10
16.29752370841512
 20
5.414535255493906
 30
0.0
 40
0.125
100
AcDbArc
 50
67.01827198587455
 51
247.01827198587455
  0
ARC
  5
408
330
17
100
AcDbEntity
  8
SLOTS
100
AcDbCircle
 10
18.01216650537473
 20
4.687357816162963
 30
0.0
 40
0.125
100
AcDbArc
 50
247.01827198587455
 51
427.01827198587455
  0
LINE
  5
409
330
17
100
AcDbEntity
  8
SLOTS
100
AcDbLine
 10
20.301336488324566
 20
5.01715593364118
 30
0.0
 11
18.34018008543258
 21
3.014951448931701
 31
0.0
  0
LINE
  5
40A
330
17
100
AcDbEntity
  8
SLOTS
100
AcDbLine
 10
18.161582112244574
 20
3.189887905890043
 30
0.0
 11
20.12273851513656
 21
5.192092390599522
 31
0.0
  0
ARC
  5
40B
330
17
100
AcDbEntity
  8
SLOTS
100
AcDbCircle
 10
18.250881098838576
 20
3.102419677410872
 30
0.0
 40
0.125
100
AcDbArc
 50
-224.40661528795056
 51
-44.40661528795056
  0
ARC
  5
40C
330
17
100
AcDbEntity
  8
SLOTS
100
AcDbCircle
 10
20.212037501730563
 20
5.104624162120351
 30
0.0
 40
0.125
100
AcDbArc
 50
-44.40661528795056
 51
135.59338471204944
  0
LINE
  5
40D
330
17
100
AcDbEntity
  8
SLOTS
100
AcDbLine
 10
21.976939252885682
 20
5.656012233591514
 30
0.0
 11
18.82957344639581
 21
2.4427703302519164
 31
0.0
  0
LINE
  5
40E
330
17
100
AcDbEntity
  8
SLOTS
100
AcDbLine
 10
18.65097547320781
 20
2.6177067872102593
 30
0.0
 11
21.798341279697684
 21
5.830948690549856
 31
0.0
  0
ARC
  5
40F
330
17
100
AcDbEntity
  8
SLOTS
100
AcDbCircle
 10
18.74027445980181
 20
2.530238558731088
 30
0.0
 40
0.125
100
AcDbArc
 50
-224.4066152879506
 51
-44.406615287950586
  0
ARC
  5
410
330
17
100
AcDbEntity
  8
SLOTS
100
AcDbCircle
 10
21.887640266291683
 20
5.743480462070685
 30
0.0
 40
0.125
100
AcDbArc
 50
-44.406615287950586
 51
135.5933847120494
  0
LINE
  5
411
330
17
100
AcDbEntity
  8
SLOTS
100
AcDbLine
 10
22.321034102160183
 20
4.935491425483696
 30
0.0
 11
19.318966807359043
 21
1.8705892115721325
 31
0.0
  0
LINE
  5
412
330
17
100
AcDbEntity
  8
SLOTS
100
AcDbLine
 10
19.140368834171046
 20
2.045525668530475
 30
0.0
 11
22.142436128972186
 21
5.110427882442038
 31
0.0
  0
ARC
  5
413
330
17
100
AcDbEntity
  8
SLOTS
100
AcDbCircle
 10
19.229667820765044
 20
1.9580574400513038
 30
0.0
 40
0.125
100
AcDbArc
 50
-224.40661528795061
 51
-44.406615287950615
  0
ARC
  5
414
330
17
100
AcDbEntity
  8
SLOTS
100
AcDbCircle
 10
22.231735115566185
 20
5.022959653962867
 30
0.0
 40
0.125
100
AcDbArc
 50
-44.406615287950615
 51
135.59338471204939
  0
LINE
  5
415
330
17
100
AcDbEntity
  8
SLOTS
100
AcDbLine
 10
22.296509183603995
 20
3.8386354351258465
 30
0.0
 11
19.80836016832228
 21
1.2984080928923483
 31
0.0
  0
LINE
  5
416
330
17
100
AcDbEntity
  8
SLOTS
100
AcDbLine
 10
19.629762195134283
 20
1.4733445498506907
 30
0.0
 11
22.117911210415997
 21
4.0135718920841885
 31
0.0
  0
ARC
  5
417
330
17
100
AcDbEntity
  8
SLOTS
100
AcDbCircle
 10
19.719061181728282
 20
1.3858763213715195
 30
0.0
 40
0.125
100
AcDbArc
 50
-224.4066152879506
 51
-44.406615287950586
  0
ARC
  5
418
330
17
100
AcDbEntity
  8
SLOTS
100
AcDbCircle
 10
22.207210197009996
 20
3.9261036636050175
 30
0.0
 40
0.125
100
AcDbArc
 50
-44.406615287950586
 51
135.5933847120494
  0
LINE
  5
419
330
17
100
AcDbEntity
  8
SLOTS
100
AcDbLine
 10
22.27198426504781
 20
2.7417794447679977
 30
0.0
 11
20.602676128927325
 21
1.0375317715208288
 31
0.0
  0
LINE
  5
41A
330
17
100
AcDbEntity
  8
SLOTS
100
AcDbLine
 10
20.42407815573932
 20
1.2124682284791712
 30
0.0
 11
22.093386291859805
 21
2.9167159017263398
 31
0.0
  0
ARC
  5
41B
330
17
100
AcDbEntity
  8
SLOTS
100
AcDbCircle
 10
20.513377142333322
 20
1.125
 30
0.0
 40
0.125
100
AcDbArc
 50
-224.40661528795056
 51
-44.40661528795056
  0
ARC
  5
41C
330
17
100
AcDbEntity
  8
SLOTS
100
AcDbCircle
 10
22.182685278453807
 20
2.8292476732471687
 30
0.0
 40
0.125
100
AcDbArc
 50
-44.40661528795056
 51
135.59338471204944
  0
LINE
  5
41D
330
17
100
AcDbEntity
  8
SLOTS
100
AcDbLine
 10
22.24745934649162
 20
1.6449234544101479
 30
0.0
 11
21.652520069780046
 21
1.0375317715208288
 31
0.0
  0
LINE
  5
41E
330
17
100
AcDbEntity
  8
SLOTS
100
AcDbLine
 10
21.473922096592048
 20
1.2124682284791712
 30
0.0
 11
22.068861373303623
 21
1.8198599113684903
 31
0.0
  0
ARC
  5
41F
330
17
100
AcDbEntity
  8
SLOTS
100
AcDbCircle
 10
21.563221083186047
 20
1.125
 30
0.0
 40
0.125
100
AcDbArc
 50
-224.4066152879506
 51
-44.406615287950586
  0
ARC
  5
420
330
17
100
AcDbEntity
  8
SLOTS
100
AcDbCircle
 10
22.15816035989762
 20
1.732391682889319
 30
0.0
 40
0.125
100
AcDbArc
 50
-44.406615287950586
 51
135.5933847120494
  0
LINE
  5
421
330
17
100
AcDbEntity
  8
SLOTS
100
AcDbLine
 10
17.32479021297477
 20
1.0856071567889958
 30
0.0
 11
16.643547025655003
 21
3.1371535136522555
 31
0.0
  0
LINE
  5
422
330
17
100
AcDbEntity
  8
SLOTS
100
AcDbLine
 10
16.880808096239733
 20
3.2159392000742635
 30
0.0
 11
17.562051283559498
 21
1.1643928432110042
 31
0.0
  0
ARC
  5
423
330
17
100
AcDbEntity
  8
SLOTS
100
AcDbCircle
 10
16.762177560947368
 20
3.1765463568632595
 30
0.0
 40
0.125
100
AcDbArc
 50
18.369431433182015
 51
198.369431433182
  0
ARC
  5
424
330
17
100
AcDbEntity
  8
SLOTS
100
AcDbCircle
 10
17.443420748267133
 20
1.125
 30
0.0
 40
0.125
100
AcDbArc
 50
198.369431433182
 51
378.369431433182
  0
LINE
  5
425
330
17
100
AcDbEntity
  8
SLOTS
100
AcDbLine
 10
16.53452150375119
 20
1.085607156788996
 30
0.0
 11
16.021170557801387
 21
2.6315503420693056
 31
0.0
  0
LINE
  5
426
330
17
100
AcDbEntity
  8
SLOTS
100
AcDbLine
 10
16.258431628386116
 20
2.7103360284913136
 30
0.0
 11
16.77178257433592
 21
1.164392843211004
 31
0.0
  0
ARC
  5
427
330
17
100
AcDbEntity
  8
SLOTS
100
AcDbCircle
 10
16.13980109309375
 20
2.6709431852803096
 30
0.0
 40
0.125
100
AcDbArc
 50
18.36943143318196
 51
198.36943143318194
  0
ARC
  5
428
330
17
100
AcDbEntity
  8
SLOTS
100
AcDbCircle
 10
16.653152039043555
 20
1.125
 30
0.0
 40
0.125
100
AcDbArc
 50
198.36943143318194
 51
378.36943143318194
  0
LINE
  5
429
330
17
100
AcDbEntity
  8
SLOTS
100
AcDbLine
 10
15.744252794527611
 20
1.085607156788996
 30
0.0
 11
15.398794089947769
 21
2.1259471704863566
 31
0.0
  0
LINE
  5
42A
330
17
100
AcDbEntity
  8
SLOTS
100
AcDbLine
 10
15.636055160532502
 20
2.2047328569083646
 30
0.0
 11
15.981513865112344
 21
1.164392843211004
 31
0.0
  0
ARC
  5
42B
330
17
100
AcDbEntity
  8
SLOTS
100
AcDbCircle
 10
15.517424625240135
 20
2.1653400136973606
 30
0.0
 40
0.125
100
AcDbArc
 50
18.36943143318196
 51
198.36943143318194
  0
ARC
  5
42C
330
17
100
AcDbEntity
  8
SLOTS
100
AcDbCircle
 10
15.862883329819978
 20
1.125
 30
0.0
 40
0.125
100
AcDbArc
 50
198.36943143318194
 51
378.36943143318194
  0
LINE
  5
42D
330
17
100
AcDbEntity
  8
SLOTS
100
AcDbLine
 10
14.953984085304032
 20
1.085607156788996
 30
0.0
 11
14.77641762209415
 21
1.620343998903407
 31
0.0
  0
LINE
  5
42E
330
17
100
AcDbEntity
  8
SLOTS
100
AcDbLine
 10
15.013678692678884
 20
1.699129685325415
 30
0.0
 11
15.191245155888765
 21
1.164392843211004
 31
0.0
  0
ARC
  5
42F
330
17
100
AcDbEntity
  8
SLOTS
100
AcDbCircle
 10
14.895048157386517
 20
1.659736842114411
 30
0.0
 40
0.125
100
AcDbArc
 50
18.369431433181973
 51
198.36943143318197
  0
ARC
  5
430
330
17
100
AcDbEntity
  8
SLOTS
100
AcDbCircle
 10
15.072614620596399
 20
1.125
 30
0.0
 40
0.125
100
AcDbArc
 50
198.36943143318197
 51
378.36943143318194
  0
LINE
  5
431
330
17
100
AcDbEntity
  8
SLOTS
100
AcDbLine
 10
14.163715376080455
 20
1.0856071567889953
 30
0.0
 11
14.154041154240534
 21
1.1147408273204569
 31
0.0
  0
LINE
  5
432
330
17
100
AcDbEntity
  8
SLOTS
100
AcDbLine
 10
14.391302224825267
 20
1.1935265137424662
 30
0.0
 11
14.400976446665188
 21
1.1643928432110047
 31
0.0
  0
ARC
  5
433
330
17
100
AcDbEntity
  8
SLOTS
100
AcDbCircle
 10
14.2726716895329
 20
1.1541336705314615
 30
0.0
 40
0.125
100
AcDbArc
 50
18.369431433182214
 51
198.36943143318223
  0
ARC
  5
434
330
17
100
AcDbEntity
  8
SLOTS
100
AcDbCircle
 10
14.282345911372822
 20
1.125
 30
0.0
 40
0.125
100
AcDbArc
 50
198.36943143318223
 51
378.3694314331822
  0
LINE
  5
435
330
17
100
AcDbEntity
  8
SLOTS
100
AcDbLine
 10
28.743922901299694
 20
17.96519973260225
 30
0.0
 11
24.348395708203764
 21
17.765025432741673
 31
0.0
  0
LINE
  5
436
330
17
100
AcDbEntity
  8
SLOTS
100
AcDbLine
 10
24.33702238258432
 20
18.014766593675056
 30
0.0
 11
28.73254957568025
 21
18.214940893535633
 31
0.0
  0
ARC
  5
437
330
17
100
AcDbEntity
  8
SLOTS
100
AcDbCircle
 10
24.34270904539404
 20
17.889896013208364
 30
0.0
 40
0.125
100
AcDbArc
 50
-267.3925258215386
 51
-87.39252582153858
  0
ARC
  5
438
330
17
100
AcDbEntity
  8
SLOTS
100
AcDbCircle
 10
28.73823623848997
 20
18.090070313068942
 30
0.0
 40
0.125
100
AcDbArc
 50
-87.39252582153858
 51
92.60747417846142
  0
LINE
  5
439
330
17
100
AcDbEntity
  8
SLOTS
100
AcDbLine
 10
29.078750888002467
 20
17.22967062881257
 30
0.0
 11
24.13664970412163
 21
17.00460510177469
 31
0.0
  0
LINE
  5
43A
330
17
100
AcDbEntity
  8
SLOTS
100
AcDbLine
 10
24.125276378502186
 20
17.254346262708072
 30
0.0
 11
29.067377562383022
 21
17.479411789745953
 31
0.0
  0
ARC
  5
43B
330
17
100
AcDbEntity
  8
SLOTS
100
AcDbCircle
 10
24.130963041311908
 20
17.12947568224138
 30
0.0
 40
0.125
100
AcDbArc
 50
-267.3925258215386
 51
-87.39252582153861
  0
ARC
  5
43C
330
17
100
AcDbEntity
  8
SLOTS
100
AcDbCircle
 10
29.073064225192745
 20
17.35454120927926
 30
0.0
 40
0.125
100
AcDbArc
 50
-87.39252582153861
 51
92.60747417846139
  0
LINE
  5
43D
330
17
100
AcDbEntity
  8
SLOTS
100
AcDbLine
 10
29.413578874705237
 20
16.49414152502289
 30
0.0
 11
23.924903700039497
 21
16.244184770807703
 31
0.0
  0
LINE
  5
43E
330
17
100
AcDbEntity
  8
SLOTS
100
AcDbLine
 10
23.913530374420052
 20
16.493925931741085
 30
0.0
 11
29.402205549085792
 21
16.743882685956272
 31
0.0
  0
ARC
  5
43F
330
17
100
AcDbEntity
  8
SLOTS
100
AcDbCircle
 10
23.919217037229775
 20
16.369055351274394
 30
0.0
 40
0.125
100
AcDbArc
 50
-267.3925258215386
 51
-87.39252582153858
  0
ARC
  5
440
330
17
100
AcDbEntity
  8
SLOTS
100
AcDbCircle
 10
29.407892211895515
 20
16.61901210548958
 30
0.0
 40
0.125
100
AcDbArc
 50
-87.39252582153858
 51
92.60747417846142
  0
LINE
  5
441
330
17
100
AcDbEntity
  8
SLOTS
100
AcDbLine
 10
29.74840686140801
 20
15.758612421233208
 30
0.0
 11
23.713157695957364
 21
15.483764439840717
 31
0.0
  0
LINE
  5
442
330
17
100
AcDbEntity
  8
SLOTS
100
AcDbLine
 10
23.70178437033792
 20
15.7335056007741
 30
0.0
 11
29.737033535788566
 21
16.008353582166592
 31
0.0
  0
ARC
  5
443
330
17
100
AcDbEntity
  8
SLOTS
100
AcDbCircle
 10
23.70747103314764
 20
15.608635020307409
 30
0.0
 40
0.125
100
AcDbArc
 50
-267.3925258215386
 51
-87.39252582153861
  0
ARC
  5
444
330
17
100
AcDbEntity
  8
SLOTS
100
AcDbCircle
 10
29.74272019859829
 20
15.883483001699899
 30
0.0
 40
0.125
100
AcDbArc
 50
-87.39252582153861
 51
92.60747417846139
  0
LINE
  5
445
330
17
100
AcDbEntity
  8
SLOTS
100
AcDbLine
 10
30.08323484811078
 20
15.023083317443525
 30
0.0
 11
23.628986938466262
 21
14.729153943404162
 31
0.0
  0
LINE
  5
446
330
17
100
AcDbEntity
  8
SLOTS
100
AcDbLine
 10
23.617613612846817
 20
14.978895104337544
 30
0.0
 11
30.071861522491336
 21
15.272824478376908
 31
0.0
  0
ARC
  5
447
330
17
100
AcDbEntity
  8
SLOTS
100
AcDbCircle
 10
23.62330027565654
 20
14.854024523870853
 30
0.0
 40
0.125
100
AcDbArc
 50
-267.3925258215386
 51
-87.39252582153861
  0
ARC
  5
448
330
17
100
AcDbEntity
  8
SLOTS
100
AcDbCircle
 10
30.07754818530106
 20
15.147953897910217
 30
0.0
 40
0.125
100
AcDbArc
 50
-87.39252582153861
 51
92.60747417846139
  0
LINE
  5
449
330
17
100
AcDbEntity
  8
SLOTS
100
AcDbLine
 10
30.322363769524973
 20
14.28319603486211
 30
0.0
 11
24.34026199056204
 21
14.01076840952982
 31
0.0
  0
LINE
  5
44A
330
17
100
AcDbEntity
  8
SLOTS
100
AcDbLine
 10
24.328888664942596
 20
14.260509570463203
 30
0.0
 11
30.310990443905528
 21
14.532937195795492
 31
0.0
  0
ARC
  5
44B
330
17
100
AcDbEntity
  8
SLOTS
100
AcDbCircle
 10
24.33457532775232
 20
14.135638989996512
 30
0.0
 40
0.125
100
AcDbArc
 50
-267.3925258215386
 51
-87.39252582153858
  0
ARC
  5
44C
330
17
100
AcDbEntity
  8
SLOTS
100
AcDbCircle
 10
30.31667710671525
 20
14.408066615328801
 30
0.0
 40
0.125
100
AcDbArc
 50
-87.39252582153858
 51
92.60747417846142
  0
LINE
  5
44D
330
17
100
AcDbEntity
  8
SLOTS
100
AcDbLine
 10
29.4850778684943
 20
13.494288333573945
 30
0.0
 11
25.05153704265782
 21
13.292382875655479
 31
0.0
  0
LINE
  5
44E
330
17
100
AcDbEntity
  8
SLOTS
100
AcDbLine
 10
25.040163717038375
 20
13.542124036588861
 30
0.0
 11
29.473704542874856
 21
13.744029494507327
 31
0.0
  0
ARC
  5
44F
330
17
100
AcDbEntity
  8
SLOTS
100
AcDbCircle
 10
25.045850379848098
 20
13.41725345612217
 30
0.0
 40
0.125
100
AcDbArc
 50
-267.3925258215386
 51
-87.39252582153861
  0
ARC
  5
450
330
17
100
AcDbEntity
  8
SLOTS
100
AcDbCircle
 10
29.47939120568458
 20
13.619158914040636
 30
0.0
 40
0.125
100
AcDbArc
 50
-87.39252582153861
 51
92.60747417846139
  0
LINE
  5
451
330
17
100
AcDbEntity
  8
SLOTS
100
AcDbLine
 10
29.32403250741608
 20
11.88222967090689
 30
0.0
 11
28.504428276971176
 21
12.596917474405009
 31
0.0
  0
LINE
  5
452
330
17
100
AcDbEntity
  8
SLOTS
100
AcDbLine
 10
28.66873311115264
 20
12.785342317418346
 30
0.0
 11
29.488337341597546
 21
12.070654513920227
 31
0.0
  0
ARC
  5
453
330
17
100
AcDbEntity
  8
SLOTS
100
AcDbCircle
 10
28.586580694061908
 20
12.691129895911677
 30
0.0
 40
0.125
100
AcDbArc
 50
48.91185318416481
 51
228.9118531841648
  0
ARC
  5
454
330
17
100
AcDbEntity
  8
SLOTS
100
AcDbCircle
 10
29.406184924506814
 20
11.976442092413558
 30
0.0
 40
0.125
100
AcDbArc
 50
228.9118531841648
 51
408.9118531841648
  0
LINE
  5
455
330
17
100
AcDbEntity
  8
SLOTS
100
AcDbLine
 10
29.613414599842358
 20
10.634799273979095
 30
0.0
 11
27.459935476972472
 21
12.512614452370105
 31
0.0
  0
LINE
  5
456
330
17
100
AcDbEntity
  8
SLOTS
100
AcDbLine
 10
27.624240311153937
 20
12.701039295383442
 30
0.0
 11
29.777719434023822
 21
10.823224116992431
 31
0.0
  0
ARC
  5
457
330
17
100
AcDbEntity
  8
SLOTS
100
AcDbCircle
 10
27.542087894063204
 20
12.606826873876773
 30
0.0
 40
0.125
100
AcDbArc
 50
48.911853184164926
 51
228.91185318416493
  0
ARC
  5
458
330
17
100
AcDbEntity
  8
SLOTS
100
AcDbCircle
 10
29.69556701693309
 20
10.729011695485763
 30
0.0
 40
0.125
100
AcDbArc
 50
228.91185318416493
 51
408.9118531841649
  0
LINE
  5
459
330
17
100
AcDbEntity
  8
SLOTS
100
AcDbLine
 10
29.902796692268637
 20
9.387368877051294
 30
0.0
 11
26.41544267697377
 21
12.428311430335201
 31
0.0
  0
LINE
  5
45A
330
17
100
AcDbEntity
  8
SLOTS
100
AcDbLine
 10
26.579747511155233
 20
12.616736273348538
 30
0.0
 11
30.067101526450102
 21
9.575793720064631
 31
0.0
  0
ARC
  5
45B
330
17
100
AcDbEntity
  8
SLOTS
100
AcDbCircle
 10
26.4975950940645
 20
12.52252385184187
 30
0.0
 40
0.125
100
AcDbArc
 50
48.911853184164954
 51
228.91185318416495
  0
ARC
  5
45C
330
17
100
AcDbEntity
  8
SLOTS
100
AcDbCircle
 10
29.98494910935937
 20
9.481581298557963
 30
0.0
 40
0.125
100
AcDbArc
 50
228.91185318416495
 51
408.91185318416495
  0
LINE
  5
45D
330
17
100
AcDbEntity
  8
SLOTS
100
AcDbLine
 10
29.40872415313055
 20
8.823104145909792
 30
0.0
 11
25.37094987697506
 21
12.344008408300299
 31
0.0
  0
LINE
  5
45E
330
17
100
AcDbEntity
  8
SLOTS
100
AcDbLine
 10
25.535254711156526
 20
12.532433251313636
 30
0.0
 11
29.573028987312014
 21
9.011528988923128
 31
0.0
  0
ARC
  5
45F
330
17
100
AcDbEntity
  8
SLOTS
100
AcDbCircle
 10
25.453102294065793
 20
12.438220829806967
 30
0.0
 40
0.125
100
AcDbArc
 50
48.911853184164926
 51
228.91185318416493
  0
ARC
  5
460
330
17
100
AcDbEntity
  8
SLOTS
100
AcDbCircle
 10
29.490876570221282
 20
8.91731656741646
 30
0.0
 40
0.125
100
AcDbArc
 50
228.91185318416493
 51
408.9118531841649
  0
LINE
  5
461
330
17
100
AcDbEntity
  8
SLOTS
100
AcDbLine
 10
28.66412297102346
 20
8.477298225625923
 30
0.0
 11
25.173875073274207
 21
11.520764219392541
 31
0.0
  0
LINE
  5
462
330
17
100
AcDbEntity
  8
SLOTS
100
AcDbLine
 10
25.33817990745567
 20
11.709189062405878
 30
0.0
 11
28.828427805204925
 21
8.66572306863926
 31
0.0
  0
ARC
  5
463
330
17
100
AcDbEntity
  8
SLOTS
100
AcDbCircle
 10
25.25602749036494
 20
11.61497664089921
 30
0.0
 40
0.125
100
AcDbArc
 50
48.911853184164926
 51
228.91185318416493
  0
ARC
  5
464
330
17
100
AcDbEntity
  8
SLOTS
100
AcDbCircle
 10
28.746275388114192
 20
8.571510647132591
 30
0.0
 40
0.125
100
AcDbArc
 50
228.91185318416493
 51
408.9118531841649
  0
LINE
  5
465
330
17
100
AcDbEntity
  8
SLOTS
100
AcDbLine
 10
27.37014887131298
 20
8.610540740182591
 30
0.0
 11
24.98405881296706
 21
10.691190643395323
 31
0.0
  0
LINE
  5
466
330
17
100
AcDbEntity
  8
SLOTS
100
AcDbLine
 10
25.148363647148525
 20
10.87961548640866
 30
0.0
 11
27.534453705494446
 21
8.798965583195928
 31
0.0
  0
ARC
  5
467
330
17
100
AcDbEntity
  8
SLOTS
100
AcDbCircle
 10
25.066211230057792
 20
10.785403064901992
 30
0.0
 40
0.125
100
AcDbArc
 50
48.911853184164926
 51
228.91185318416493
  0
ARC
  5
468
330
17
100
AcDbEntity
  8
SLOTS
100
AcDbCircle
 10
27.452301288403714
 20
8.70475316168926
 30
0.0
 40
0.125
100
AcDbArc
 50
228.91185318416493
 51
408.9118531841649
  0
LINE
  5
469
330
17
100
AcDbEntity
  8
SLOTS
100
AcDbLine
 10
25.450845928060737
 20
9.289064600361757
 30
0.0
 11
24.794242552659917
 21
9.861617067398107
 31
0.0
  0
LINE
  5
46A
330
17
100
AcDbEntity
  8
SLOTS
100
AcDbLine
 10
24.95854738684138
 20
10.050041910411444
 30
0.0
 11
25.6151507622422
 21
9.477489443375093
 31
0.0
  0
ARC
  5
46B
330
17
100
AcDbEntity
  8
SLOTS
100
AcDbCircle
 10
24.87639496975065
 20
9.955829488904776
 30
0.0
 40
0.125
100
AcDbArc
 50
48.911853184164954
 51
228.91185318416495
  0
ARC
  5
46C
330
17
100
AcDbEntity
  8
SLOTS
100
AcDbCircle
 10
25.53299834515147
 20
9.383277021868425
 30
0.0
 40
0.125
100
AcDbArc
 50
228.91185318416495
 51
408.91185318416495
  0
LINE
  5
46D
330
17
100
AcDbEntity
  8
SLOTS
100
AcDbLine
 10
31.969675841025634
 20
20.716531113213016
 30
0.0
 11
31.78964581024788
 21
20.9613634491293
 31
0.0
  0
LINE
  5
46E
330
17
100
AcDbEntity
  8
SLOTS
100
AcDbLine
 10
31.991056107817844
 20
21.10946440129632
 30
0.0
 11
32.1710861385956
 21
20.864632065380036
 31
0.0
  0
ARC
  5
46F
330
17
100
AcDbEntity
  8
SLOTS
100
AcDbCircle
 10
31.89035095903286
 20
21.03541392521281
 30
0.0
 40
0.125
100
AcDbArc
 50
36.32777595726476
 51
216.32777595726475
  0
ARC
  5
470
330
17
100
AcDbEntity
  8
SLOTS
100
AcDbCircle
 10
32.070380989810616
 20
20.790581589296526
 30
0.0
 40
0.125
100
AcDbArc
 50
216.32777595726475
 51
396.32777595726475
  0
LINE
  5
471
330
17
100
AcDbEntity
  8
SLOTS
100
AcDbLine
 10
32.499064869333296
 20
18.73055872466265
 30
0.0
 11
30.73107907149064
 21
21.13493587708895
 31
0.0
  0
LINE
  5
472
330
17
100
AcDbEntity
  8
SLOTS
100
AcDbLine
 10
30.932489369060605
 20
21.28303682925597
 30
0.0
 11
32.70047516690326
 21
18.87865967682967
 31
0.0
  0
ARC
  5
473
330
17
100
AcDbEntity
  8
SLOTS
100
AcDbCircle
 10
30.831784220275622
 20
21.20898635317246
 30
0.0
 40
0.125
100
AcDbArc
 50
36.32777595726476
 51
216.32777595726475
  0
ARC
  5
474
330
17
100
AcDbEntity
  8
SLOTS
100
AcDbCircle
 10
32.59977001811828
 20
18.80460920074616
 30
0.0
 40
0.125
100
AcDbArc
 50
216.32777595726475
 51
396.32777595726475
  0
LINE
  5
475
330
17
100
AcDbEntity
  8
SLOTS
100
AcDbLine
 10
33.02845389764097
 20
16.74458633611226
 30
0.0
 11
30.18207187597848
 21
20.615531401572184
 31
0.0
  0
LINE
  5
476
330
17
100
AcDbEntity
  8
SLOTS
100
AcDbLine
 10
30.383482173548444
 20
20.763632353739204
 30
0.0
 11
33.229864195210936
 21
16.89268728827928
 31
0.0
  0
ARC
  5
477
330
17
100
AcDbEntity
  8
SLOTS
100
AcDbCircle
 10
30.282777024763462
 20
20.689581877655694
 30
0.0
 40
0.125
100
AcDbArc
 50
36.32777595726483
 51
216.32777595726483
  0
ARC
  5
478
330
17
100
AcDbEntity
  8
SLOTS
100
AcDbCircle
 10
33.129159046425954
 20
16.81863681219577
 30
0.0
 40
0.125
100
AcDbArc
 50
216.32777595726483
 51
396.32777595726486
  0
LINE
  5
479
330
17
100
AcDbEntity
  8
SLOTS
100
AcDbLine
 10
33.329813530029625
 20
15.068723152227575
 30
0.0
 11
29.805459731924287
 21
19.861677801281527
 31
0.0
  0
LINE
  5
47A
330
17
100
AcDbEntity
  8
SLOTS
100
AcDbLine
 10
30.00687002949425
 20
20.009778753448547
 30
0.0
 11
33.53122382759959
 21
15.216824104394595
 31
0.0
  0
ARC
  5
47B
330
17
100
AcDbEntity
  8
SLOTS
100
AcDbCircle
 10
29.90616488070927
 20
19.935728277365037
 30
0.0
 40
0.125
100
AcDbArc
 50
36.32777595726479
 51
216.3277759572648
  0
ARC
  5
47C
330
17
100
AcDbEntity
  8
SLOTS
100
AcDbCircle
 10
33.43051867881461
 20
15.142773628311085
 30
0.0
 40
0.125
100
AcDbArc
 50
216.3277759572648
 51
396.3277759572648
  0
LINE
  5
47D
330
17
100
AcDbEntity
  8
SLOTS
100
AcDbLine
 10
32.48947522922328
 20
14.945515215288887
 30
0.0
 11
29.428847587870095
 21
19.10782420099087
 31
0.0
  0
LINE
  5
47E
330
17
100
AcDbEntity
  8
SLOTS
100
AcDbLine
 10
29.63025788544006
 20
19.25592515315789
 30
0.0
 11
32.690885526793245
 21
15.093616167455908
 31
0.0
  0
ARC
  5
47F
330
17
100
AcDbEntity
  8
SLOTS
100
AcDbCircle
 10
29.529552736655077
 20
19.18187467707438
 30
0.0
 40
0.125
100
AcDbArc
 50
36.32777595726483
 51
216.32777595726483
  0
ARC
  5
480
330
17
100
AcDbEntity
  8
SLOTS
100
AcDbCircle
 10
32.59018037800826
 20
15.019565691372398
 30
0.0
 40
0.125
100
AcDbArc
 50
216.32777595726483
 51
396.32777595726486
  0
LINE
  5
481
330
17
100
AcDbEntity
  8
SLOTS
100
AcDbLine
 10
31.649136928416926
 20
14.822307278350198
 30
0.0
 11
29.72299619474934
 21
17.44176767109716
 31
0.0
  0
LINE
  5
482
330
17
100
AcDbEntity
  8
SLOTS
100
AcDbLine
 10
29.924406492319303
 20
17.58986862326418
 30
0.0
 11
31.85054722598689
 21
14.970408230517219
 31
0.0
  0
ARC
  5
483
330
17
100
AcDbEntity
  8
SLOTS
100
AcDbCircle
 10
29.82370134353432
 20
17.51581814718067
 30
0.0
 40
0.125
100
AcDbArc
 50
36.32777595726479
 51
216.3277759572648
  0
ARC
  5
484
330
17
100
AcDbEntity
  8
SLOTS
100
AcDbCircle
 10
31.749842077201908
 20
14.896357754433708
 30
0.0
 40
0.125
100
AcDbArc
 50
216.3277759572648
 51
396.3277759572648
  0
LINE
  5
485
330
17
100
AcDbEntity
  8
SLOTS
100
AcDbLine
 10
31.78812018713557
 20
14.027051901875174
 30
0.0
 11
30.162158677243504
 21
13.064438770236578
 31
0.0
  0
LINE
  5
486
330
17
100
AcDbEntity
  8
SLOTS
100
AcDbLine
 10
30.03479814015718
 20
13.279564997352388
 30
0.0
 11
31.660759650049243
 21
14.242178128990984
 31
0.0
  0
ARC
  5
487
330
17
100
AcDbEntity
  8
SLOTS
100
AcDbCircle
 10
30.09847840870034
 20
13.172001883794483
 30
0.0
 40
0.125
100
AcDbArc
 50
-239.37332133406917
 51
-59.373321334069175
  0
ARC
  5
488
330
17
100
AcDbEntity
  8
SLOTS
100
AcDbCircle
 10
31.724439918592406
 20
14.134615015433079
 30
0.0
 40
0.125
100
AcDbArc
 50
-59.373321334069175
 51
120.62667866593083
  0
LINE
  5
489
330
17
100
AcDbEntity
  8
SLOTS
100
AcDbLine
 10
33.7449272327782
 20
14.313953211561255
 30
0.0
 11
30.164326613487017
 21
12.194140931680293
 31
0.0
  0
LINE
  5
48A
330
17
100
AcDbEntity
  8
SLOTS
100
AcDbLine
 10
30.03696607640069
 20
12.409267158796103
 30
0.0
 11
33.617566695691885
 21
14.529079438677066
 31
0.0
  0
ARC
  5
48B
330
17
100
AcDbEntity
  8
SLOTS
100
AcDbCircle
 10
30.100646344943854
 20
12.301704045238198
 30
0.0
 40
0.125
100
AcDbArc
 50
-239.37332133406917
 51
-59.373321334069175
  0
ARC
  5
48C
330
17
100
AcDbEntity
  8
SLOTS
100
AcDbCircle
 10
33.681246964235044
 20
14.42151632511916
 30
0.0
 40
0.125
100
AcDbArc
 50
-59.373321334069175
 51
120.62667866593083
  0
LINE
  5
48D
330
17
100
AcDbEntity
  8
SLOTS
100
AcDbLine
 10
34.522948362127195
 20
13.902981419386384
 30
0.0
 11
30.34210254016453
 21
11.427807766693467
 31
0.0
  0
LINE
  5
48E
330
17
100
AcDbEntity
  8
SLOTS
100
AcDbLine
 10
30.214742003078204
 20
11.642933993809278
 30
0.0
 11
34.39558782504088
 21
14.118107646502194
 31
0.0
  0
ARC
  5
48F
330
17
100
AcDbEntity
  8
SLOTS
100
AcDbCircle
 10
30.278422271621366
 20
11.535370880251373
 30
0.0
 40
0.125
100
AcDbArc
 50
-239.37332133406915
 51
-59.373321334069146
  0
ARC
  5
490
330
17
100
AcDbEntity
  8
SLOTS
100
AcDbCircle
 10
34.459268093584036
 20
14.010544532944289
 30
0.0
 40
0.125
100
AcDbArc
 50
-59.373321334069146
 51
120.62667866593085
  0
LINE
  5
491
330
17
100
AcDbEntity
  8
SLOTS
100
AcDbLine
 10
34.52554797023975
 20
13.032939142236176
 30
0.0
 11
30.519878466842044
 21
10.661474601706644
 31
0.0
  0
LINE
  5
492
330
17
100
AcDbEntity
  8
SLOTS
100
AcDbLine
 10
30.39251792975572
 20
10.876600828822454
 30
0.0
 11
34.39818743315343
 21
13.248065369351986
 31
0.0
  0
ARC
  5
493
330
17
100
AcDbEntity
  8
SLOTS
100
AcDbCircle
 10
30.456198198298882
 20
10.769037715264549
 30
0.0
 40
0.125
100
AcDbArc
 50
-239.37332133406917
 51
-59.373321334069175
  0
ARC
  5
494
330
17
100
AcDbEntity
  8
SLOTS
100
AcDbCircle
 10
34.46186770169659
 20
13.14050225579408
 30
0.0
 40
0.125
100
AcDbArc
 50
-59.373321334069175
 51
120.62667866593083
  0
LINE
  5
495
330
17
100
AcDbEntity
  8
SLOTS
100
AcDbLine
 10
34.528147578352296
 20
12.162896865085965
 30
0.0
 11
30.697654393519556
 21
9.895141436719818
 31
0.0
  0
LINE
  5
496
330
17
100
AcDbEntity
  8
SLOTS
100
AcDbLine
 10
30.57029385643323
 20
10.110267663835629
 30
0.0
 11
34.40078704126598
 21
12.378023092201776
 31
0.0
  0
ARC
  5
497
330
17
100
AcDbEntity
  8
SLOTS
100
AcDbCircle
 10
30.633974124976394
 20
10.002704550277723
 30
0.0
 40
0.125
100
AcDbArc
 50
-239.37332133406917
 51
-59.373321334069175
  0
ARC
  5
498
330
17
100
AcDbEntity
  8
SLOTS
100
AcDbCircle
 10
34.46446730980914
 20
12.27045997864387
 30
0.0
 40
0.125
100
AcDbArc
 50
-59.373321334069175
 51
120.62667866593083
  0
LINE
  5
499
330
17
100
AcDbEntity
  8
SLOTS
100
AcDbLine
 10
34.53074718646485
 20
11.292854587935759
 30
0.0
 11
30.875430320197072
 21
9.128808271732993
 31
0.0
  0
LINE
  5
49A
330
17
100
AcDbEntity
  8
SLOTS
100
AcDbLine
 10
30.748069783110747
 20
9.343934498848803
 30
0.0
 11
34.40338664937852
 21
11.50798081505157
 31
0.0
  0
ARC
  5
49B
330
17
100
AcDbEntity
  8
SLOTS
100
AcDbCircle
 10
30.81175005165391
 20
9.236371385290898
 30
0.0
 40
0.125
100
AcDbArc
 50
-239.37332133406912
 51
-59.37332133406912
  0
ARC
  5
49C
330
17
100
AcDbEntity
  8
SLOTS
100
AcDbCircle
 10
34.467066917921684
 20
11.400417701493664
 30
0.0
 40
0.125
100
AcDbArc
 50
-59.37332133406912
 51
120.62667866593088
  0
LINE
  5
49D
330
17
100
AcDbEntity
  8
SLOTS
100
AcDbLine
 10
34.5333467945774
 20
10.42281231078555
 30
0.0
 11
31.40116204111884
 21
8.568474335345062
 31
0.0
  0
LINE
  5
49E
330
17
100
AcDbEntity
  8
SLOTS
100
AcDbLine
 10
31.273801504032516
 20
8.783600562460872
 30
0.0
 11
34.40598625749108
 21
10.637938537901361
 31
0.0
  0
ARC
  5
49F
330
17
100
AcDbEntity
  8
SLOTS
100
AcDbCircle
 10
31.33748177257568
 20
8.676037448902967
 30
0.0
 40
0.125
100
AcDbArc
 50
-239.37332133406915
 51
-59.373321334069146
  0
ARC
  5
4A0
330
17
100
AcDbEntity
  8
SLOTS
100
AcDbCircle
 10
34.46966652603424
 20
10.530375424343456
 30
0.0
 40
0.125
100
AcDbArc
 50
-59.373321334069146
 51
120.62667866593085
  0
LINE
  5
4A1
330
17
100
AcDbEntity
  8
SLOTS
100
AcDbLine
 10
34.535946402689945
 20
9.55277003363534
 30
0.0
 11
31.964654910963834
 21
8.030496019061365
 31
0.0
  0
LINE
  5
4A2
330
17
100
AcDbEntity
  8
SLOTS
100
AcDbLine
 10
31.83729437387751
 20
8.245622246177176
 30
0.0
 11
34.40858586560363
 21
9.76789626075115
 31
0.0
  0
ARC
  5
4A3
330
17
100
AcDbEntity
  8
SLOTS
100
AcDbCircle
 10
31.90097464242067
 20
8.13805913261927
 30
0.0
 40
0.125
100
AcDbArc
 50
-239.37332133406915
 51
-59.373321334069146
  0
ARC
  5
4A4
330
17
100
AcDbEntity
  8
SLOTS
100
AcDbCircle
 10
34.472266134146786
 20
9.660333147193246
 30
0.0
 40
0.125
100
AcDbArc
 50
-59.373321334069146
 51
120.62667866593085
  0
LINE
  5
4A5
330
17
100
AcDbEntity
  8
SLOTS
100
AcDbLine
 10
34.538546010802506
 20
8.682727756485134
 30
0.0
 11
32.52814778080882
 21
7.492517702777669
 31
0.0
  0
LINE
  5
4A6
330
17
100
AcDbEntity
  8
SLOTS
100
AcDbLine
 10
32.400787243722505
 20
7.707643929893478
 30
0.0
 11
34.41118547371617
 21
8.897853983600944
 31
0.0
  0
ARC
  5
4A7
330
17
100
AcDbEntity
  8
SLOTS
100
AcDbCircle
 10
32.464467512265664
 20
7.6000808163355735
 30
0.0
 40
0.125
100
AcDbArc
 50
-239.37332133406915
 51
-59.373321334069146
  0
ARC
  5
4A8
330
17
100
AcDbEntity
  8
SLOTS
100
AcDbCircle
 10
34.47486574225934
 20
8.790290870043039
 30
0.0
 40
0.125
100
AcDbArc
 50
-59.373321334069146
 51
120.62667866593085
  0
LINE
  5
4A9
330
17
100
AcDbEntity
  8
SLOTS
100
AcDbLine
 10
34.54114561891505
 20
7.812685479334926
 30
0.0
 11
34.2987374525541
 21
7.669173297320865
 31
0.0
  0
LINE
  5
4AA
330
17
100
AcDbEntity
  8
SLOTS
100
AcDbLine
 10
34.17137691546777
 20
7.884299524436673
 30
0.0
 11
34.41378508182872
 21
8.027811706450734
 31
0.0
  0
ARC
  5
4AB
330
17
100
AcDbEntity
  8
SLOTS
100
AcDbCircle
 10
34.235057184010934
 20
7.776736410878769
 30
0.0
 40
0.125
100
AcDbArc
 50
-239.3733213340691
 51
-59.37332133406909
  0
ARC
  5
4AC
330
17
100
AcDbEntity
  8
SLOTS
100
AcDbCircle
 10
34.47746535037189
 20
7.92024859289283
 30
0.0
 40
0.125
100
AcDbArc
 50
-59.37332133406909
 51
120.62667866593091
  0
LINE
  5
4AD
330
17
100
AcDbEntity
  8
SLOTS
100
AcDbLine
 10
25.425002095191658
 20
8.540393369101324
 30
0.0
 11
23.81292840197451
 21
7.5972165319338725
 31
0.0
  0
LINE
  5
4AE
330
17
100
AcDbEntity
  8
SLOTS
100
AcDbLine
 10
23.68668106419541
 20
7.812997925255191
 30
0.0
 11
25.29875475741256
 21
8.756174762422642
 31
0.0
  0
ARC
  5
4AF
330
17
100
AcDbEntity
  8
SLOTS
100
AcDbCircle
 10
23.74980473308496
 20
7.705107228594532
 30
0.0
 40
0.125
100
AcDbArc
 50
-239.6693545307284
 51
-59.66935453072841
  0
ARC
  5
4B0
330
17
100
AcDbEntity
  8
SLOTS
100
AcDbCircle
 10
25.36187842630211
 20
8.648284065761983
 30
0.0
 40
0.125
100
AcDbArc
 50
-59.66935453072841
 51
120.33064546927159
  0
LINE
  5
4B1
330
17
100
AcDbEntity
  8
SLOTS
100
AcDbLine
 10
26.350783041571493
 20
8.213105556811753
 30
0.0
 11
22.959466922394434
 21
6.2289463806036975
 31
0.0
  0
LINE
  5
4B2
330
17
100
AcDbEntity
  8
SLOTS
100
AcDbLine
 10
22.833219584615335
 20
6.444727773925016
 30
0.0
 11
26.224535703792395
 21
8.428886950133071
 31
0.0
  0
ARC
  5
4B3
330
17
100
AcDbEntity
  8
SLOTS
100
AcDbCircle
 10
22.896343253504885
 20
6.336837077264357
 30
0.0
 40
0.125
100
AcDbArc
 50
-239.66935453072838
 51
-59.669354530728384
  0
ARC
  5
4B4
330
17
100
AcDbEntity
  8
SLOTS
100
AcDbCircle
 10
26.287659372681944
 20
8.320996253472412
 30
0.0
 40
0.125
100
AcDbArc
 50
-59.669354530728384
 51
120.33064546927162
  0
LINE
  5
4B5
330
17
100
AcDbEntity
  8
SLOTS
100
AcDbLine
 10
27.276563987951324
 20
7.885817744522181
 30
0.0
 11
23.51146398303475
 21
5.68296862590064
 31
0.0
  0
LINE
  5
4B6
330
17
100
AcDbEntity
  8
SLOTS
100
AcDbLine
 10
23.385216645255653
 20
5.898750019221958
 30
0.0
 11
27.150316650172226
 21
8.1015991378435
 31
0.0
  0
ARC
  5
4B7
330
17
100
AcDbEntity
  8
SLOTS
100
AcDbCircle
 10
23.448340314145202
 20
5.790859322561299
 30
0.0
 40
0.125
100
AcDbArc
 50
-239.66935453072838
 51
-59.669354530728384
  0
ARC
  5
4B8
330
17
100
AcDbEntity
  8
SLOTS
100
AcDbCircle
 10
27.213440319061775
 20
7.99370844118284
 30
0.0
 40
0.125
100
AcDbArc
 50
-59.669354530728384
 51
120.33064546927162
  0
LINE
  5
4B9
330
17
100
AcDbEntity
  8
SLOTS
100
AcDbLine
 10
27.844873789194764
 20
7.349384093883549
 30
0.0
 11
24.321335667025355
 21
5.287865718086177
 31
0.0
  0
LINE
  5
4BA
330
17
100
AcDbEntity
  8
SLOTS
100
AcDbLine
 10
24.195088329246257
 20
5.503647111407496
 30
0.0
 11
27.718626451415666
 21
7.565165487204867
 31
0.0
  0
ARC
  5
4BB
330
17
100
AcDbEntity
  8
SLOTS
100
AcDbCircle
 10
24.258211998135806
 20
5.395756414746836
 30
0.0
 40
0.125
100
AcDbArc
 50
-239.66935453072838
 51
-59.669354530728384
  0
ARC
  5
4BC
330
17
100
AcDbEntity
  8
SLOTS
100
AcDbCircle
 10
27.781750120305215
 20
7.457274790544208
 30
0.0
 40
0.125
100
AcDbArc
 50
-59.669354530728384
 51
120.33064546927162
  0
LINE
  5
4BD
330
17
100
AcDbEntity
  8
SLOTS
100
AcDbLine
 10
26.799517120697775
 20
5.868841719446062
 30
0.0
 11
25.13120735101596
 21
4.892762810271714
 31
0.0
  0
LINE
  5
4BE
330
17
100
AcDbEntity
  8
SLOTS
100
AcDbLine
 10
25.00496001323686
 20
5.108544203593032
 30
0.0
 11
26.673269782918677
 21
6.08462311276738
 31
0.0
  0
ARC
  5
4BF
330
17
100
AcDbEntity
  8
SLOTS
100
AcDbCircle
 10
25.06808368212641
 20
5.000653506932373
 30
0.0
 40
0.125
100
AcDbArc
 50
-239.66935453072836
 51
-59.669354530728356
  0
ARC
  5
4C0
330
17
100
AcDbEntity
  8
SLOTS
100
AcDbCircle
 10
26.736393451808226
 20
5.976732416106721
 30
0.0
 40
0.125
100
AcDbArc
 50
-59.669354530728356
 51
120.33064546927164
  0
LINE
  5
4C1
330
17
100
AcDbEntity
  8
SLOTS
100
AcDbLine
 10
28.61907910145903
 20
7.475684726746242
 30
0.0
 11
30.779806291831413
 21
5.99135966531504
 31
0.0
  0
LINE
  5
4C2
330
17
100
AcDbEntity
  8
SLOTS
100
AcDbLine
 10
30.638250179613927
 20
5.785296890671315
 30
0.0
 11
28.477522989241542
 21
7.269621952102518
 31
0.0
  0
ARC
  5
4C3
330
17
100
AcDbEntity
  8
SLOTS
100
AcDbCircle
 10
30.70902823572267
 20
5.888328277993177
 30
0.0
 40
0.125
100
AcDbArc
 50
-124.48736249480095
 51
55.51263750519905
  0
ARC
  5
4C4
330
17
100
AcDbEntity
  8
SLOTS
100
AcDbCircle
 10
28.548301045350286
 20
7.37265333942438
 30
0.0
 40
0.125
100
AcDbArc
 50
55.51263750519905
 51
235.51263750519905
  0
LINE
  5
4C5
330
17
100
AcDbEntity
  8
SLOTS
100
AcDbLine
 10
29.166197406116332
 20
8.009755279081404
 30
0.0
 11
32.058575271495464
 21
6.022818209079884
 31
0.0
  0
LINE
  5
4C6
330
17
100
AcDbEntity
  8
SLOTS
100
AcDbLine
 10
31.917019159277974
 20
5.81675543443616
 30
0.0
 11
29.024641293898846
 21
7.803692504437679
 31
0.0
  0
ARC
  5
4C7
330
17
100
AcDbEntity
  8
SLOTS
100
AcDbCircle
 10
31.987797215386717
 20
5.919786821758022
 30
0.0
 40
0.125
100
AcDbArc
 50
-124.48736249480092
 51
55.51263750519908
  0
ARC
  5
4C8
330
17
100
AcDbEntity
  8
SLOTS
100
AcDbCircle
 10
29.09541935000759
 20
7.906723891759541
 30
0.0
 40
0.125
100
AcDbArc
 50
55.51263750519908
 51
235.51263750519908
  0
LINE
  5
4C9
330
17
100
AcDbEntity
  8
SLOTS
100
AcDbLine
 10
29.956485340609444
 20
8.376778932875878
 30
0.0
 11
32.346164340883746
 21
6.735173993257516
 31
0.0
  0
LINE
  5
4CA
330
17
100
AcDbEntity
  8
SLOTS
100
AcDbLine
 10
32.20460822866626
 20
6.529111218613791
 30
0.0
 11
29.814929228391957
 21
8.170716158232155
 31
0.0
  0
ARC
  5
4CB
330
17
100
AcDbEntity
  8
SLOTS
100
AcDbCircle
 10
32.275386284775
 20
6.632142605935654
 30
0.0
 40
0.125
100
AcDbArc
 50
-124.48736249480098
 51
55.51263750519903
  0
ARC
  5
4CC
330
17
100
AcDbEntity
  8
SLOTS
100
AcDbCircle
 10
29.8857072845007
 20
8.273747545554016
 30
0.0
 40
0.125
100
AcDbArc
 50
55.51263750519903
 51
235.51263750519902
  0
LINE
  5
4CD
330
17
100
AcDbEntity
  8
SLOTS
100
AcDbLine
 10
33.742414964336625
 20
21.23595839940276
 30
0.0
 11
33.16547298951599
 21
19.969179837561143
 31
0.0
  0
LINE
  5
4CE
330
17
100
AcDbEntity
  8
SLOTS
100
AcDbLine
 10
32.93795812553573
 20
20.072799269464845
 30
0.0
 11
33.514900100356364
 21
21.339577831306464
 31
0.0
  0
ARC
  5
4CF
330
17
100
AcDbEntity
  8
SLOTS
100
AcDbCircle
 10
33.05171555752586
 20
20.020989553512994
 30
0.0
 40
0.125
100
AcDbArc
 50
-204.48643081141205
 51
-24.486430811412035
  0
ARC
  5
4D0
330
17
100
AcDbEntity
  8
SLOTS
100
AcDbCircle
 10
33.628657532346494
 20
21.287768115354613
 30
0.0
 40
0.125
100
AcDbArc
 50
-24.486430811412035
 51
155.51356918858795
  0
LINE
  5
4D1
330
17
100
AcDbEntity
  8
SLOTS
100
AcDbLine
 10
34.42891787448046
 20
20.933791294243633
 30
0.0
 11
33.46973895270739
 21
18.82774363589769
 31
0.0
  0
LINE
  5
4D2
330
17
100
AcDbEntity
  8
SLOTS
100
AcDbLine
 10
33.24222408872713
 20
18.931363067801392
 30
0.0
 11
34.2014030105002
 21
21.037410726147336
 31
0.0
  0
ARC
  5
4D3
330
17
100
AcDbEntity
  8
SLOTS
100
AcDbCircle
 10
33.35598152071726
 20
18.87955335184954
 30
0.0
 40
0.125
100
AcDbArc
 50
-204.48643081141216
 51
-24.48643081141215
  0
ARC
  5
4D4
330
17
100
AcDbEntity
  8
SLOTS
100
AcDbCircle
 10
34.31516044249033
 20
20.985601010195484
 30
0.0
 40
0.125
100
AcDbArc
 50
-24.48643081141215
 51
155.51356918858784
  0
LINE
  5
4D5
330
17
100
AcDbEntity
  8
SLOTS
100
AcDbLine
 10
34.98875743199013
 20
20.353512304890547
 30
0.0
 11
33.77400491589879
 21
17.68630743423423
 31
0.0
  0
LINE
  5
4D6
330
17
100
AcDbEntity
  8
SLOTS
100
AcDbLine
 10
33.54649005191853
 20
17.789926866137932
 30
0.0
 11
34.76124256800987
 21
20.45713173679425
 31
0.0
  0
ARC
  5
4D7
330
17
100
AcDbEntity
  8
SLOTS
100
AcDbCircle
 10
33.66024748390866
 20
17.73811715018608
 30
0.0
 40
0.125
100
AcDbArc
 50
-204.48643081141205
 51
-24.486430811412063
  0
ARC
  5
4D8
330
17
100
AcDbEntity
  8
SLOTS
100
AcDbCircle
 10
34.875
 20
20.405322020842398
 30
0.0
 40
0.125
100
AcDbArc
 50
-24.486430811412063
 51
155.51356918858795
  0
LINE
  5
4D9
330
17
100
AcDbEntity
  8
SLOTS
100
AcDbLine
 10
34.98875743199013
 20
18.544006148031347
 30
0.0
 11
34.0782708790902
 21
16.544871232570767
 31
0.0
  0
LINE
  5
4DA
330
17
100
AcDbEntity
  8
SLOTS
100
AcDbLine
 10
33.85075601510994
 20
16.64849066447447
 30
0.0
 11
34.76124256800987
 21
18.64762557993505
 31
0.0
  0
ARC
  5
4DB
330
17
100
AcDbEntity
  8
SLOTS
100
AcDbCircle
 10
33.96451344710007
 20
16.596680948522618
 30
0.0
 40
0.125
100
AcDbArc
 50
-204.48643081141205
 51
-24.486430811412035
  0
ARC
  5
4DC
330
17
100
AcDbEntity
  8
SLOTS
100
AcDbCircle
 10
34.875
 20
18.595815863983198
 30
0.0
 40
0.125
100
AcDbArc
 50
-24.486430811412035
 51
155.51356918858795
  0
LINE
  5
4DD
330
17
100
AcDbEntity
  8
SLOTS
100
AcDbLine
 10
34.98875743199013
 20
16.73449999117216
 30
0.0
 11
34.3825368422816
 21
15.403435030907314
 31
0.0
  0
LINE
  5
4DE
330
17
100
AcDbEntity
  8
SLOTS
100
AcDbLine
 10
34.15502197830134
 20
15.507054462811016
 30
0.0
 11
34.76124256800987
 21
16.838119423075863
 31
0.0
  0
ARC
  5
4DF
330
17
100
AcDbEntity
  8
SLOTS
100
AcDbCircle
 10
34.26877941029147
 20
15.455244746859165
 30
0.0
 40
0.125
100
AcDbArc
 50
-204.48643081141194
 51
-24.486430811411935
  0
ARC
  5
4E0
330
17
100
AcDbEntity
  8
SLOTS
100
AcDbCircle
 10
34.875
 20
16.786309707124012
 30
0.0
 40
0.125
100
AcDbArc
 50
-24.486430811411935
 51
155.51356918858806
  0
LINE
  5
4E1
330
17
100
AcDbEntity
  8
SLOTS
100
AcDbLine
 10
7.034414945278154
 20
3.7962823327088318
 30
0.0
 11
10.152796644330603
 21
2.3035701929026087
 31
0.0
  0
LINE
  5
4E2
330
17
100
AcDbEntity
  8
SLOTS
100
AcDbLine
 10
10.04485555237521
 20
2.0780735839093087
 30
0.0
 11
6.926473853322761
 21
3.570785723715532
 31
0.0
  0
ARC
  5
4E3
330
17
100
AcDbEntity
  8
SLOTS
100
AcDbCircle
 10
10.098826098352907
 20
2.1908218884059587
 30
0.0
 40
0.125
100
AcDbArc
 50
-115.5795835679939
 51
64.4204164320061
  0
ARC
  5
4E4
330
17
100
AcDbEntity
  8
SLOTS
100
AcDbCircle
 10
6.980444399300458
 20
3.683534028212182
 30
0.0
 40
0.125
100
AcDbArc
 50
64.4204164320061
 51
244.4204164320061
  0
LINE
  5
4E5
330
17
100
AcDbEntity
  8
SLOTS
100
AcDbLine
 10
7.8506788030022365
 20
4.237049882683359
 30
0.0
 11
11.38582031259267
 21
2.544842463398545
 31
0.0
  0
LINE
  5
4E6
330
17
100
AcDbEntity
  8
SLOTS
100
AcDbLine
 10
11.277879220637278
 20
2.319345854405245
 30
0.0
 11
7.742737711046844
 21
4.011553273690059
 31
0.0
  0
ARC
  5
4E7
330
17
100
AcDbEntity
  8
SLOTS
100
AcDbCircle
 10
11.331849766614974
 20
2.432094158901895
 30
0.0
 40
0.125
100
AcDbArc
 50
-115.5795835679939
 51
64.4204164320061
  0
ARC
  5
4E8
330
17
100
AcDbEntity
  8
SLOTS
100
AcDbCircle
 10
7.79670825702454
 20
4.124301578186709
 30
0.0
 40
0.125
100
AcDbArc
 50
64.4204164320061
 51
244.4204164320061
  0
LINE
  5
4E9
330
17
100
AcDbEntity
  8
SLOTS
100
AcDbLine
 10
8.666942660726317
 20
4.677817432657886
 30
0.0
 11
10.80169407523229
 21
3.6559510739405296
 31
0.0
  0
LINE
  5
4EA
330
17
100
AcDbEntity
  8
SLOTS
100
AcDbLine
 10
10.693752983276896
 20
3.4304544649472297
 30
0.0
 11
8.559001568770924
 21
4.452320823664586
 31
0.0
  0
ARC
  5
4EB
330
17
100
AcDbEntity
  8
SLOTS
100
AcDbCircle
 10
10.747723529254593
 20
3.5432027694438797
 30
0.0
 40
0.125
100
AcDbArc
 50
-115.57958356799388
 51
64.42041643200612
  0
ARC
  5
4EC
330
17
100
AcDbEntity
  8
SLOTS
100
AcDbCircle
 10
8.61297211474862
 20
4.565069128161236
 30
0.0
 40
0.125
100
AcDbArc
 50
64.42041643200612
 51
244.42041643200614
  0
LINE
  5
4ED
330
17
100
AcDbEntity
  8
SLOTS
100
AcDbLine
 10
9.4832065184504
 20
5.118584982632413
 30
0.0
 11
10.217567837871906
 21
4.767059684482515
 31
0.0
  0
LINE
  5
4EE
330
17
100
AcDbEntity
  8
SLOTS
100
AcDbLine
 10
10.109626745916513
 20
4.541563075489215
 30
0.0
 11
9.375265426495007
 21
4.893088373639113
 31
0.0
  0
ARC
  5
4EF
330
17
100
AcDbEntity
  8
SLOTS
100
AcDbCircle
 10
10.16359729189421
 20
4.654311379985865
 30
0.0
 40
0.125
100
AcDbArc
 50
-115.57958356799392
 51
64.42041643200608
  0
ARC
  5
4F0
330
17
100
AcDbEntity
  8
SLOTS
100
AcDbCircle
 10
9.429235972472704
 20
5.005836678135763
 30
0.0
 40
0.125
100
AcDbArc
 50
64.42041643200608
 51
244.42041643200608
  0
LINE
  5
4F1
330
17
100
AcDbEntity
  8
SLOTS
100
AcDbLine
 10
3.7669576722195894
 20
1.6181180331859777
 30
0.0
 11
4.095258666011392
 21
1.2024795763370226
 31
0.0
  0
LINE
  5
4F2
330
17
100
AcDbEntity
  8
SLOTS
100
AcDbLine
 10
3.8990759425046013
 20
1.0475204236629774
 30
0.0
 11
3.5707749487127987
 21
1.4631588805119324
 31
0.0
  0
ARC
  5
4F3
330
17
100
AcDbEntity
  8
SLOTS
100
AcDbCircle
 10
3.9971673042579967
 20
1.125
 30
0.0
 40
0.125
100
AcDbArc
 50
-141.69579609716797
 51
38.30420390283202
  0
ARC
  5
4F4
330
17
100
AcDbEntity
  8
SLOTS
100
AcDbCircle
 10
3.668866310466194
 20
1.540638456848955
 30
0.0
 40
0.125
100
AcDbArc
 50
38.30420390283202
 51
218.30420390283203
  0
LINE
  5
4F5
330
17
100
AcDbEntity
  8
SLOTS
100
AcDbLine
 10
4.084450523908406
 20
2.4261592847094366
 30
0.0
 11
5.051000316695072
 21
1.2024795763370226
 31
0.0
  0
LINE
  5
4F6
330
17
100
AcDbEntity
  8
SLOTS
100
AcDbLine
 10
4.854817593188281
 20
1.0475204236629774
 30
0.0
 11
3.8882678004016156
 21
2.271200132035391
 31
0.0
  0
ARC
  5
4F7
330
17
100
AcDbEntity
  8
SLOTS
100
AcDbCircle
 10
4.952908954941677
 20
1.125
 30
0.0
 40
0.125
100
AcDbArc
 50
-141.69579609716794
 51
38.30420390283205
  0
ARC
  5
4F8
330
17
100
AcDbEntity
  8
SLOTS
100
AcDbCircle
 10
3.986359162155011
 20
2.348679708372414
 30
0.0
 40
0.125
100
AcDbArc
 50
38.30420390283205
 51
218.30420390283206
  0
LINE
  5
4F9
330
17
100
AcDbEntity
  8
SLOTS
100
AcDbLine
 10
4.836608309101639
 20
2.683902286686018
 30
0.0
 11
6.006741967378751
 21
1.2024795763370226
 31
0.0
  0
LINE
  5
4FA
330
17
100
AcDbEntity
  8
SLOTS
100
AcDbLine
 10
5.81055924387196
 20
1.0475204236629774
 30
0.0
 11
4.640425585594849
 21
2.528943134011972
 31
0.0
  0
ARC
  5
4FB
330
17
100
AcDbEntity
  8
SLOTS
100
AcDbCircle
 10
5.908650605625356
 20
1.125
 30
0.0
 40
0.125
100
AcDbArc
 50
-141.69579609716794
 51
38.30420390283205
  0
ARC
  5
4FC
330
17
100
AcDbEntity
  8
SLOTS
100
AcDbCircle
 10
4.738516947348244
 20
2.606422710348995
 30
0.0
 40
0.125
100
AcDbArc
 50
38.30420390283205
 51
218.30420390283206
  0
LINE
  5
4FD
330
17
100
AcDbEntity
  8
SLOTS
100
AcDbLine
 10
5.7275130570976795
 20
2.765987661660686
 30
0.0
 11
6.962483618062431
 21
1.2024795763370226
 31
0.0
  0
LINE
  5
4FE
330
17
100
AcDbEntity
  8
SLOTS
100
AcDbLine
 10
6.76630089455564
 20
1.0475204236629774
 30
0.0
 11
5.531330333590889
 21
2.6110285089866405
 31
0.0
  0
ARC
  5
4FF
330
17
100
AcDbEntity
  8
SLOTS
100
AcDbCircle
 10
6.864392256309036
 20
1.125
 30
0.0
 40
0.125
100
AcDbArc
 50
-141.69579609716794
 51
38.30420390283205
  0
ARC
  5
500
330
17
100
AcDbEntity
  8
SLOTS
100
AcDbCircle
 10
5.629421695344284
 20
2.6885080853236634
 30
0.0
 40
0.125
100
AcDbArc
 50
38.30420390283205
 51
218.30420390283206
  0
LINE
  5
501
330
17
100
AcDbEntity
  8
SLOTS
100
AcDbLine
 10
6.962021475507548
 20
2.4130609530928693
 30
0.0
 11
7.91822526874611
 21
1.2024795763370226
 31
0.0
  0
LINE
  5
502
330
17
100
AcDbEntity
  8
SLOTS
100
AcDbLine
 10
7.7220425452393195
 20
1.0475204236629774
 30
0.0
 11
6.765838752000757
 21
2.2581018004188236
 31
0.0
  0
ARC
  5
503
330
17
100
AcDbEntity
  8
SLOTS
100
AcDbCircle
 10
7.820133906992715
 20
1.125
 30
0.0
 40
0.125
100
AcDbArc
 50
-141.69579609716794
 51
38.30420390283205
  0
ARC
  5
504
330
17
100
AcDbEntity
  8
SLOTS
100
AcDbCircle
 10
6.863930113754153
 20
2.3355813767558464
 30
0.0
 40
0.125
100
AcDbArc
 50
38.30420390283205
 51
218.30420390283206
  0
LINE
  5
505
330
17
100
AcDbEntity
  8
SLOTS
100
AcDbLine
 10
8.196529893917416
 20
2.060134244525053
 30
0.0
 11
8.87396691942979
 21
1.2024795763370226
 31
0.0
  0
LINE
  5
506
330
17
100
AcDbEntity
  8
SLOTS
100
AcDbLine
 10
8.677784195923
 20
1.0475204236629774
 30
0.0
 11
8.000347170410626
 21
1.9051750918510073
 31
0.0
  0
ARC
  5
507
330
17
100
AcDbEntity
  8
SLOTS
100
AcDbCircle
 10
8.775875557676395
 20
1.125
 30
0.0
 40
0.125
100
AcDbArc
 50
-141.69579609716794
 51
38.30420390283205
  0
ARC
  5
508
330
17
100
AcDbEntity
  8
SLOTS
100
AcDbCircle
 10
8.098438532164021
 20
1.98265466818803
 30
0.0
 40
0.125
100
AcDbArc
 50
38.30420390283205
 51
218.30420390283206
  0
LINE
  5
509
330
17
100
AcDbEntity
  8
SLOTS
100
AcDbLine
 10
9.431038312327283
 20
1.7072075359572365
 30
0.0
 11
9.829708570113468
 21
1.2024795763370226
 31
0.0
  0
LINE
  5
50A
330
17
100
AcDbEntity
  8
SLOTS
100
AcDbLine
 10
9.633525846606677
 20
1.0475204236629774
 30
0.0
 11
9.234855588820492
 21
1.5522483832831913
 31
0.0
  0
ARC
  5
50B
330
17
100
AcDbEntity
  8
SLOTS
100
AcDbCircle
 10
9.731617208360072
 20
1.125
 30
0.0
 40
0.125
100
AcDbArc
 50
-141.695796097168
 51
38.304203902831986
  0
ARC
  5
50C
330
17
100
AcDbEntity
  8
SLOTS
100
AcDbCircle
 10
9.332946950573888
 20
1.6297279596202139
 30
0.0
 40
0.125
100
AcDbArc
 50
38.304203902831986
 51
218.304203902832
  0
LINE
  5
50D
330
17
100
AcDbEntity
  8
SLOTS
100
AcDbLine
 10
10.665546730737152
 20
1.3542808273894196
 30
0.0
 11
10.785450220797147
 21
1.2024795763370222
 31
0.0
  0
LINE
  5
50E
330
17
100
AcDbEntity
  8
SLOTS
100
AcDbLine
 10
10.589267497290356
 20
1.0475204236629778
 30
0.0
 11
10.46936400723036
 21
1.1993216747153752
 31
0.0
  0
ARC
  5
50F
330
17
100
AcDbEntity
  8
SLOTS
100
AcDbCircle
 10
10.687358859043751
 20
1.125
 30
0.0
 40
0.125
100
AcDbArc
 50
-141.6957960971683
 51
38.304203902831695
  0
ARC
  5
510
330
17
100
AcDbEntity
  8
SLOTS
100
AcDbCircle
 10
10.567455368983756
 20
1.2768012510523974
 30
0.0
 40
0.125
100
AcDbArc
 50
38.304203902831695
 51
218.3042039028317
  0
LINE
  5
511
330
17
100
AcDbEntity
  8
SLOTS
100
AcDbLine
 10
1.4063403084803572
 20
24.948224720901486
 30
0.0
 11
1.6551737825320012
 21
24.934122259656338
 31
0.0
  0
LINE
  5
512
330
17
100
AcDbEntity
  8
SLOTS
100
AcDbLine
 10
1.6410279091394557
 20
24.684522791976693
 30
0.0
 11
1.3921944350878117
 21
24.69862525322184
 31
0.0
  0
ARC
  5
513
330
17
100
AcDbEntity
  8
SLOTS
100
AcDbCircle
 10
1.6481008458357285
 20
24.809322525816516
 30
0.0
 40
0.125
100
AcDbArc
 50
-93.24372784722621
 51
86.75627215277379
  0
ARC
  5
514
330
17
100
AcDbEntity
  8
SLOTS
100
AcDbCircle
 10
1.3992673717840844
 20
24.823424987061664
 30
0.0
 40
0.125
100
AcDbArc
 50
86.75627215277379
 51
266.7562721527738
  0
LINE
  5
515
330
17
100
AcDbEntity
  8
SLOTS
100
AcDbLine
 10
1.550057744472472
 20
25.691283161972347
 30
0.0
 11
2.9860373200563433
 21
25.609900034599
 31
0.0
  0
LINE
  5
516
330
17
100
AcDbEntity
  8
SLOTS
100
AcDbLine
 10
2.9718914466637965
 20
25.360300566919356
 30
0.0
 11
1.5359118710799256
 21
25.441683694292703
 31
0.0
  0
ARC
  5
517
330
17
100
AcDbEntity
  8
SLOTS
100
AcDbCircle
 10
2.97896438336007
 20
25.48510030075918
 30
0.0
 40
0.125
100
AcDbArc
 50
-93.24372784722644
 51
86.75627215277356
  0
ARC
  5
518
330
17
100
AcDbEntity
  8
SLOTS
100
AcDbCircle
 10
1.5429848077761987
 20
25.566483428132525
 30
0.0
 40
0.125
100
AcDbArc
 50
86.75627215277356
 51
266.7562721527736
  0
LINE
  5
519
330
17
100
AcDbEntity
  8
SLOTS
100
AcDbLine
 10
1.6937751804645869
 20
26.43434160304321
 30
0.0
 11
4.226358651418055
 21
26.290809225072977
 31
0.0
  0
LINE
  5
51A
330
17
100
AcDbEntity
  8
SLOTS
100
AcDbLine
 10
4.212212778025508
 20
26.041209757393332
 30
0.0
 11
1.67962930707204
 21
26.184742135363567
 31
0.0
  0
ARC
  5
51B
330
17
100
AcDbEntity
  8
SLOTS
100
AcDbCircle
 10
4.2192857147217815
 20
26.166009491233154
 30
0.0
 40
0.125
100
AcDbArc
 50
-93.2437278472265
 51
86.7562721527735
  0
ARC
  5
51C
330
17
100
AcDbEntity
  8
SLOTS
100
AcDbCircle
 10
1.6867022437683135
 20
26.30954186920339
 30
0.0
 40
0.125
100
AcDbArc
 50
86.7562721527735
 51
266.7562721527735
  0
LINE
  5
51D
330
17
100
AcDbEntity
  8
SLOTS
100
AcDbLine
 10
1.8374926164567011
 20
27.177400044114076
 30
0.0
 11
4.222883217838029
 21
27.042209717978363
 31
0.0
  0
LINE
  5
51E
330
17
100
AcDbEntity
  8
SLOTS
100
AcDbLine
 10
4.208737344445482
 20
26.79261025029872
 30
0.0
 11
1.8233467430641543
 21
26.927800576434432
 31
0.0
  0
ARC
  5
51F
330
17
100
AcDbEntity
  8
SLOTS
100
AcDbCircle
 10
4.2158102811417555
 20
26.91740998413854
 30
0.0
 40
0.125
100
AcDbArc
 50
-93.24372784722655
 51
86.75627215277345
  0
ARC
  5
520
330
17
100
AcDbEntity
  8
SLOTS
100
AcDbCircle
 10
1.8304196797604277
 20
27.052600310274254
 30
0.0
 40
0.125
100
AcDbArc
 50
86.75627215277345
 51
266.7562721527734
  0
LINE
  5
521
330
17
100
AcDbEntity
  8
SLOTS
100
AcDbLine
 10
2.0414721943656478
 20
27.917043170890224
 30
0.0
 11
4.219407784258003
 21
27.79361021088375
 31
0.0
  0
LINE
  5
522
330
17
100
AcDbEntity
  8
SLOTS
100
AcDbLine
 10
4.205261910865456
 20
27.544010743204105
 30
0.0
 11
2.027326320973101
 21
27.66744370321058
 31
0.0
  0
ARC
  5
523
330
17
100
AcDbEntity
  8
SLOTS
100
AcDbCircle
 10
4.2123348475617295
 20
27.668810477043927
 30
0.0
 40
0.125
100
AcDbArc
 50
-93.24372784722654
 51
86.75627215277346
  0
ARC
  5
524
330
17
100
AcDbEntity
  8
SLOTS
100
AcDbCircle
 10
2.0343992576693744
 20
27.792243437050402
 30
0.0
 40
0.125
100
AcDbArc
 50
86.75627215277346
 51
266.7562721527735
  0
LINE
  5
525
330
17
100
AcDbEntity
  8
SLOTS
100
AcDbLine
 10
2.5684547248529332
 20
28.63838033365504
 30
0.0
 11
4.215932350677977
 21
28.54501070378914
 31
0.0
  0
LINE
  5
526
330
17
100
AcDbEntity
  8
SLOTS
100
AcDbLine
 10
4.20178647728543
 20
28.295411236109494
 30
0.0
 11
2.5543088514603864
 21
28.388780865975395
 31
0.0
  0
ARC
  5
527
330
17
100
AcDbEntity
  8
SLOTS
100
AcDbCircle
 10
4.2088594139817035
 20
28.420210969949316
 30
0.0
 40
0.125
100
AcDbArc
 50
-93.24372784722647
 51
86.75627215277353
  0
ARC
  5
528
330
17
100
AcDbEntity
  8
SLOTS
100
AcDbCircle
 10
2.56138178815666
 20
28.513580599815217
 30
0.0
 40
0.125
100
AcDbArc
 50
86.75627215277353
 51
266.75627215277353
  0
LINE
  5
529
330
17
100
AcDbEntity
  8
SLOTS
100
AcDbLine
 10
1.018174669936457
 20
28.4670958728167
 30
0.0
 11
1.6758796309177626
 21
29.54950551264142
 31
0.0
  0
LINE
  5
52A
330
17
100
AcDbEntity
  8
SLOTS
100
AcDbLine
 10
1.8895302910448484
 20
29.419684884745617
 30
0.0
 11
1.231825330063543
 21
28.337275244920896
 31
0.0
  0
ARC
  5
52B
330
17
100
AcDbEntity
  8
SLOTS
100
AcDbCircle
 10
1.7827049609813055
 20
29.48459519869352
 30
0.0
 40
0.125
100
AcDbArc
 50
-31.284136090414883
 51
148.71586390958512
  0
ARC
  5
52C
330
17
100
AcDbEntity
  8
SLOTS
100
AcDbCircle
 10
1.125
 20
28.402185558868798
 30
0.0
 40
0.125
100
AcDbArc
 50
148.71586390958512
 51
328.7158639095851
  0
LINE
  5
52D
330
17
100
AcDbEntity
  8
SLOTS
100
AcDbLine
 10
2.484499155753297
 20
24.42419446819581
 30
0.0
 11
4.433348911500215
 21
22.087560705611008
 31
0.0
  0
LINE
  5
52E
330
17
100
AcDbEntity
  8
SLOTS
100
AcDbLine
 10
4.241360483035929
 20
21.927434370063683
 30
0.0
 11
2.2925107272890113
 21
24.264068132648486
 31
0.0
  0
ARC
  5
52F
330
17
100
AcDbEntity
  8
SLOTS
100
AcDbCircle
 10
4.337354697268072
 20
22.007497537837345
 30
0.0
 40
0.125
100
AcDbArc
 50
-140.1704880781434
 51
39.8295119218566
  0
ARC
  5
530
330
17
100
AcDbEntity
  8
SLOTS
100
AcDbCircle
 10
2.388504941521154
 20
24.34413130042215
 30
0.0
 40
0.125
100
AcDbArc
 50
39.8295119218566
 51
219.8295119218566
  0
LINE
  5
531
330
17
100
AcDbEntity
  8
SLOTS
100
AcDbLine
 10
3.1705674606291003
 20
24.772562050187048
 30
0.0
 11
4.735587570538681
 21
22.896132727118285
 31
0.0
  0
LINE
  5
532
330
17
100
AcDbEntity
  8
SLOTS
100
AcDbLine
 10
4.543599142074394
 20
22.73600639157096
 30
0.0
 11
2.9785790321648147
 21
24.612435714639723
 31
0.0
  0
ARC
  5
533
330
17
100
AcDbEntity
  8
SLOTS
100
AcDbCircle
 10
4.639593356306538
 20
22.816069559344623
 30
0.0
 40
0.125
100
AcDbArc
 50
-140.17048807814348
 51
39.829511921856536
  0
ARC
  5
534
330
17
100
AcDbEntity
  8
SLOTS
100
AcDbCircle
 10
3.0745732463969575
 20
24.692498882413386
 30
0.0
 40
0.125
100
AcDbArc
 50
39.829511921856536
 51
219.82951192185652
  0
LINE
  5
535
330
17
100
AcDbEntity
  8
SLOTS
100
AcDbLine
 10
3.8566357655049037
 20
25.12092963217828
 30
0.0
 11
5.037826229577147
 21
23.704704748625566
 31
0.0
  0
LINE
  5
536
330
17
100
AcDbEntity
  8
SLOTS
100
AcDbLine
 10
4.845837801112861
 20
23.54457841307824
 30
0.0
 11
3.664647337040618
 21
24.960803296630957
 31
0.0
  0
ARC
  5
537
330
17
100
AcDbEntity
  8
SLOTS
100
AcDbCircle
 10
4.941832015345004
 20
23.624641580851904
 30
0.0
 40
0.125
100
AcDbArc
 50
-140.17048807814342
 51
39.82951192185659
  0
ARC
  5
538
330
17
100
AcDbEntity
  8
SLOTS
100
AcDbCircle
 10
3.760641551272761
 20
25.04086646440462
 30
0.0
 40
0.125
100
AcDbArc
 50
39.82951192185659
 51
219.82951192185658
  0
LINE
  5
539
330
17
100
AcDbEntity
  8
SLOTS
100
AcDbLine
 10
4.542704070380707
 20
25.469297214169515
 30
0.0
 11
5.340064888615614
 21
24.513276770132844
 31
0.0
  0
LINE
  5
53A
330
17
100
AcDbEntity
  8
SLOTS
100
AcDbLine
 10
5.148076460151327
 20
24.35315043458552
 30
0.0
 11
4.350715641916421
 21
25.30917087862219
 31
0.0
  0
ARC
  5
53B
330
17
100
AcDbEntity
  8
SLOTS
100
AcDbCircle
 10
5.244070674383471
 20
24.43321360235918
 30
0.0
 40
0.125
100
AcDbArc
 50
-140.1704880781434
 51
39.829511921856614
  0
ARC
  5
53C
330
17
100
AcDbEntity
  8
SLOTS
100
AcDbCircle
 10
4.446709856148564
 20
25.389234046395853
 30
0.0
 40
0.125
100
AcDbArc
 50
39.829511921856614
 51
219.8295119218566
  0
LINE
  5
53D
330
17
100
AcDbEntity
  8
SLOTS
100
AcDbLine
 10
32.0019131843634
 20
27.972841436029725
 30
0.0
 11
34.902549172141484
 21
27.317444978526726
 31
0.0
  0
LINE
  5
53E
330
17
100
AcDbEntity
  8
SLOTS
100
AcDbLine
 10
34.847450827858516
 20
27.0735922105349
 30
0.0
 11
31.94681484008044
 21
27.7289886680379
 31
0.0
  0
ARC
  5
53F
330
17
100
AcDbEntity
  8
SLOTS
100
AcDbCircle
 10
34.875
 20
27.195518594530814
 30
0.0
 40
0.125
100
AcDbArc
 50
-102.7321389687379
 51
77.2678610312621
  0
ARC
  5
540
330
17
100
AcDbEntity
  8
SLOTS
100
AcDbCircle
 10
31.97436401222192
 20
27.850915052033812
 30
0.0
 40
0.125
100
AcDbArc
 50
77.2678610312621
 51
257.2678610312621
  0
LINE
  5
541
330
17
100
AcDbEntity
  8
SLOTS
100
AcDbLine
 10
32.32561227383759
 20
28.66860846595229
 30
0.0
 11
34.902549172141484
 21
28.08635156730198
 31
0.0
  0
LINE
  5
542
330
17
100
AcDbEntity
  8
SLOTS
100
AcDbLine
 10
34.847450827858516
 20
27.842498799310153
 30
0.0
 11
32.270513929554625
 21
28.424755697960464
 31
0.0
  0
ARC
  5
543
330
17
100
AcDbEntity
  8
SLOTS
100
AcDbCircle
 10
34.875
 20
27.964425183306066
 30
0.0
 40
0.125
100
AcDbArc
 50
-102.73213896873798
 51
77.26786103126202
  0
ARC
  5
544
330
17
100
AcDbEntity
  8
SLOTS
100
AcDbCircle
 10
32.29806310169611
 20
28.546682081956376
 30
0.0
 40
0.125
100
AcDbArc
 50
77.26786103126202
 51
257.26786103126204
  0
LINE
  5
545
330
17
100
AcDbEntity
  8
SLOTS
100
AcDbLine
 10
32.64931136331178
 20
29.36437549587485
 30
0.0
 11
34.902549172141484
 21
28.85525815607723
 31
0.0
  0
LINE
  5
546
330
17
100
AcDbEntity
  8
SLOTS
100
AcDbLine
 10
34.847450827858516
 20
28.611405388085405
 30
0.0
 11
32.594213019028814
 21
29.120522727883024
 31
0.0
  0
ARC
  5
547
330
17
100
AcDbEntity
  8
SLOTS
100
AcDbCircle
 10
34.875
 20
28.733331772081318
 30
0.0
 40
0.125
100
AcDbArc
 50
-102.73213896873798
 51
77.26786103126202
  0
ARC
  5
548
330
17
100
AcDbEntity
  8
SLOTS
100
AcDbCircle
 10
32.6217621911703
 20
29.242449111878937
 30
0.0
 40
0.125
100
AcDbArc
 50
77.26786103126202
 51
257.267861031262
  0
LINE
  5
549
330
17
100
AcDbEntity
  8
SLOTS
100
AcDbLine
 10
33.25279075037338
 20
29.996926383995913
 30
0.0
 11
34.902549172141484
 21
29.62416474485249
 31
0.0
  0
LINE
  5
54A
330
17
100
AcDbEntity
  8
SLOTS
100
AcDbLine
 10
34.847450827858516
 20
29.380311976860664
 30
0.0
 11
33.19769240609041
 21
29.753073616004087
 31
0.0
  0
ARC
  5
54B
330
17
100
AcDbEntity
  8
SLOTS
100
AcDbCircle
 10
34.875
 20
29.502238360856577
 30
0.0
 40
0.125
100
AcDbArc
 50
-102.73213896873797
 51
77.26786103126203
  0
ARC
  5
54C
330
17
100
AcDbEntity
  8
SLOTS
100
AcDbCircle
 10
33.225241578231895
 20
29.875
 30
0.0
 40
0.125
100
AcDbArc
 50
77.26786103126203
 51
257.26786103126204
  0
LINE
  5
54D
330
17
100
AcDbEntity
  8
SLOTS
100
AcDbLine
 10
34.070341205814096
 20
22.169309796319798
 30
0.0
 11
34.57500780694008
 21
21.824927656340808
 31
0.0
  0
LINE
  5
54E
330
17
100
AcDbEntity
  8
SLOTS
100
AcDbLine
 10
34.434092249723804
 20
21.61842631074126
 30
0.0
 11
33.92942564859782
 21
21.96280845072025
 31
0.0
  0
ARC
  5
54F
330
17
100
AcDbEntity
  8
SLOTS
100
AcDbCircle
 10
34.50455002833194
 20
21.721676983541034
 30
0.0
 40
0.125
100
AcDbArc
 50
-124.30944557559494
 51
55.69055442440507
  0
ARC
  5
550
330
17
100
AcDbEntity
  8
SLOTS
100
AcDbCircle
 10
33.99988342720596
 20
22.066059123520024
 30
0.0
 40
0.125
100
AcDbArc
 50
55.69055442440507
 51
235.69055442440506
  0
LINE
  5
551
330
17
100
AcDbEntity
  8
SLOTS
100
AcDbLine
 10
34.3575490129535
 20
22.881304923485715
 30
0.0
 11
34.94545777860814
 21
22.480118717826727
 31
0.0
  0
LINE
  5
552
330
17
100
AcDbEntity
  8
SLOTS
100
AcDbLine
 10
34.80454222139186
 20
22.27361737222718
 30
0.0
 11
34.216633455737224
 21
22.674803577886166
 31
0.0
  0
ARC
  5
553
330
17
100
AcDbEntity
  8
SLOTS
100
AcDbCircle
 10
34.875
 20
22.376868045026953
 30
0.0
 40
0.125
100
AcDbArc
 50
-124.30944557559494
 51
55.69055442440507
  0
ARC
  5
554
330
17
100
AcDbEntity
  8
SLOTS
100
AcDbCircle
 10
34.28709123434536
 20
22.77805425068594
 30
0.0
 40
0.125
100
AcDbArc
 50
55.69055442440507
 51
235.69055442440506
  0
LINE
  5
555
330
17
100
AcDbEntity
  8
SLOTS
100
AcDbLine
 10
34.6447568200929
 20
23.593300050651628
 30
0.0
 11
34.94545777860814
 21
23.388103115970072
 31
0.0
  0
LINE
  5
556
330
17
100
AcDbEntity
  8
SLOTS
100
AcDbLine
 10
34.80454222139186
 20
23.181601770370523
 30
0.0
 11
34.50384126287663
 21
23.38679870505208
 31
0.0
  0
ARC
  5
557
330
17
100
AcDbEntity
  8
SLOTS
100
AcDbCircle
 10
34.875
 20
23.284852443170298
 30
0.0
 40
0.125
100
AcDbArc
 50
-124.30944557559515
 51
55.69055442440485
  0
ARC
  5
558
330
17
100
AcDbEntity
  8
SLOTS
100
AcDbCircle
 10
34.574299041484764
 20
23.490049377851854
 30
0.0
 40
0.125
100
AcDbArc
 50
55.69055442440485
 51
235.69055442440487
  0
LINE
  5
559
330
17
100
AcDbEntity
  8
SLOTS
100
AcDbLine
 10
34.931964627232304
 20
24.305295177817552
 30
0.0
 11
34.94545777860814
 21
24.29608751411343
 31
0.0
  0
LINE
  5
55A
330
17
100
AcDbEntity
  8
SLOTS
100
AcDbLine
 10
34.80454222139186
 20
24.089586168513875
 30
0.0
 11
34.79104907001603
 21
24.098793832217996
 31
0.0
  0
ARC
  5
55B
330
17
100
AcDbEntity
  8
SLOTS
100
AcDbCircle
 10
34.875
 20
24.192836841313653
 30
0.0
 40
0.125
100
AcDbArc
 50
-124.3094455755945
 51
55.690554424405505
  0
ARC
  5
55C
330
17
100
AcDbEntity
  8
SLOTS
100
AcDbCircle
 10
34.86150684862417
 20
24.202044505017774
 30
0.0
 40
0.125
100
AcDbArc
 50
55.690554424405505
 51
235.6905544244055
  0
LINE
  5
55D
330
17
100
AcDbEntity
  8
SLOTS
100
AcDbLine
 10
32.691604472967796
 20
5.329855772425052
 30
0.0
 11
32.6104951795858
 21
4.979255204943334
 31
0.0
  0
LINE
  5
55E
330
17
100
AcDbEntity
  8
SLOTS
100
AcDbLine
 10
32.366928083199056
 20
5.035602960512964
 30
0.0
 11
32.448037376581055
 21
5.386203527994683
 31
0.0
  0
ARC
  5
55F
330
17
100
AcDbEntity
  8
SLOTS
100
AcDbCircle
 10
32.48871163139243
 20
5.007429082728149
 30
0.0
 40
0.125
100
AcDbArc
 50
-193.0258727372891
 51
-13.025872737289106
  0
ARC
  5
560
330
17
100
AcDbEntity
  8
SLOTS
100
AcDbCircle
 10
32.569820924774426
 20
5.358029650209867
 30
0.0
 40
0.125
100
AcDbArc
 50
-13.025872737289106
 51
166.9741272627109
  0
LINE
  5
561
330
17
100
AcDbEntity
  8
SLOTS
100
AcDbLine
 10
33.78464348622938
 20
6.7270425441371176
 30
0.0
 11
33.050086936608714
 21
3.551870718492926
 31
0.0
  0
LINE
  5
562
330
17
100
AcDbEntity
  8
SLOTS
100
AcDbLine
 10
32.80651984022197
 20
3.608218474062553
 30
0.0
 11
33.54107638984264
 21
6.783390299706745
 31
0.0
  0
ARC
  5
563
330
17
100
AcDbEntity
  8
SLOTS
100
AcDbCircle
 10
32.928303388415344
 20
3.5800445962777396
 30
0.0
 40
0.125
100
AcDbArc
 50
-193.02587273728835
 51
-13.025872737288353
  0
ARC
  5
564
330
17
100
AcDbEntity
  8
SLOTS
100
AcDbCircle
 10
33.66285993803601
 20
6.755216421921931
 30
0.0
 40
0.125
100
AcDbArc
 50
-13.025872737288353
 51
166.97412726271165
  0
LINE
  5
565
330
17
100
AcDbEntity
  8
SLOTS
100
AcDbLine
 10
34.629098240599234
 20
7.049706550325885
 30
0.0
 11
33.48967869363163
 21
2.1244862320425177
 31
0.0
  0
LINE
  5
566
330
17
100
AcDbEntity
  8
SLOTS
100
AcDbLine
 10
33.24611159724489
 20
2.180833987612144
 30
0.0
 11
34.38553114421249
 21
7.106054305895512
 31
0.0
  0
ARC
  5
567
330
17
100
AcDbEntity
  8
SLOTS
100
AcDbCircle
 10
33.36789514543826
 20
2.152660109827331
 30
0.0
 40
0.125
100
AcDbArc
 50
-193.0258727372883
 51
-13.02587273728831
  0
ARC
  5
568
330
17
100
AcDbEntity
  8
SLOTS
100
AcDbCircle
 10
34.50731469240586
 20
7.077880428110698
 30
0.0
 40
0.125
100
AcDbArc
 50
-13.02587273728831
 51
166.9741272627117
  0
LINE
  5
569
330
17
100
AcDbEntity
  8
SLOTS
100
AcDbLine
 10
34.99678354819337
 20
5.31150143008454
 30
0.0
 11
34.13092263415816
 21
1.568757347833971
 31
0.0
  0
LINE
  5
56A
330
17
100
AcDbEntity
  8
SLOTS
100
AcDbLine
 10
33.88735553777142
 20
1.6251051034035975
 30
0.0
 11
34.75321645180663
 21
5.367849185654167
 31
0.0
  0
ARC
  5
56B
330
17
100
AcDbEntity
  8
SLOTS
100
AcDbCircle
 10
34.00913908596479
 20
1.5969312256187842
 30
0.0
 40
0.125
100
AcDbArc
 50
-193.0258727372883
 51
-13.02587273728831
  0
ARC
  5
56C
330
17
100
AcDbEntity
  8
SLOTS
100
AcDbCircle
 10
34.875
 20
5.339675307869354
 30
0.0
 40
0.125
100
AcDbArc
 50
-13.02587273728831
 51
166.9741272627117
  0
LINE
  5
56D
330
17
100
AcDbEntity
  8
SLOTS
100
AcDbLine
 10
34.99678354819337
 20
1.9839509694754274
 30
0.0
 11
34.983891403475766
 21
1.9282237763810397
 31
0.0
  0
LINE
  5
56E
330
17
100
AcDbEntity
  8
SLOTS
100
AcDbLine
 10
34.740324307089026
 20
1.9845715319506743
 30
0.0
 11
34.75321645180663
 21
2.040298725045062
 31
0.0
  0
ARC
  5
56F
330
17
100
AcDbEntity
  8
SLOTS
100
AcDbCircle
 10
34.862107855282396
 20
1.956397654165857
 30
0.0
 40
0.125
100
AcDbArc
 50
-193.02587273729023
 51
-13.025872737290214
  0
ARC
  5
570
330
17
100
AcDbEntity
  8
SLOTS
100
AcDbCircle
 10
34.875
 20
2.0121248472602447
 30
0.0
 40
0.125
100
AcDbArc
 50
-13.025872737290214
 51
166.97412726270977
  0
LINE
  5
571
330
17
100
AcDbEntity
  8
SLOTS
100
AcDbLine
 10
26.369427350551252
 20
1.1552296649909441
 30
0.0
 11
26.552994656466957
 21
1.8917514005435043
 31
0.0
  0
LINE
  5
572
330
17
100
AcDbEntity
  8
SLOTS
100
AcDbLine
 10
26.795573858828043
 20
1.831292070561616
 30
0.0
 11
26.612006552912337
 21
1.0947703350090559
 31
0.0
  0
ARC
  5
573
330
17
100
AcDbEntity
  8
SLOTS
100
AcDbCircle
 10
26.6742842576475
 20
1.8615217355525602
 30
0.0
 40
0.125
100
AcDbArc
 50
-13.995005876784418
 51
166.00499412321557
  0
ARC
  5
574
330
17
100
AcDbEntity
  8
SLOTS
100
AcDbCircle
 10
26.490716951731795
 20
1.125
 30
0.0
 40
0.125
100
AcDbArc
 50
166.00499412321557
 51
346.00499412321557
  0
LINE
  5
575
330
17
100
AcDbEntity
  8
SLOTS
100
AcDbLine
 10
25.59648392351788
 20
1.1552296649909446
 30
0.0
 11
26.115177434404277
 21
3.2363684764594938
 31
0.0
  0
LINE
  5
576
330
17
100
AcDbEntity
  8
SLOTS
100
AcDbLine
 10
26.357756636765362
 20
3.175909146477604
 30
0.0
 11
25.839063125878965
 21
1.0947703350090554
 31
0.0
  0
ARC
  5
577
330
17
100
AcDbEntity
  8
SLOTS
100
AcDbCircle
 10
26.23646703558482
 20
3.206138811468549
 30
0.0
 40
0.125
100
AcDbArc
 50
-13.995005876784603
 51
166.0049941232154
  0
ARC
  5
578
330
17
100
AcDbEntity
  8
SLOTS
100
AcDbCircle
 10
25.717773524698423
 20
1.125
 30
0.0
 40
0.125
100
AcDbArc
 50
166.0049941232154
 51
346.0049941232154
  0
LINE
  5
579
330
17
100
AcDbEntity
  8
SLOTS
100
AcDbLine
 10
24.823540496484508
 20
1.1552296649909446
 30
0.0
 11
25.497292990554158
 21
3.858507102057591
 31
0.0
  0
LINE
  5
57A
330
17
100
AcDbEntity
  8
SLOTS
100
AcDbLine
 10
25.739872192915243
 20
3.7980477720757015
 30
0.0
 11
25.066119698845593
 21
1.0947703350090554
 31
0.0
  0
ARC
  5
57B
330
17
100
AcDbEntity
  8
SLOTS
100
AcDbCircle
 10
25.6185825917347
 20
3.8282774370666464
 30
0.0
 40
0.125
100
AcDbArc
 50
-13.995005876784617
 51
166.0049941232154
  0
ARC
  5
57C
330
17
100
AcDbEntity
  8
SLOTS
100
AcDbCircle
 10
24.94483009766505
 20
1.125
 30
0.0
 40
0.125
100
AcDbArc
 50
166.0049941232154
 51
346.0049941232154
  0
LINE
  5
57D
330
17
100
AcDbEntity
  8
SLOTS
100
AcDbLine
 10
24.050597069451136
 20
1.1552296649909446
 30
0.0
 11
24.823547742957075
 21
4.256517057684541
 31
0.0
  0
LINE
  5
57E
330
17
100
AcDbEntity
  8
SLOTS
100
AcDbLine
 10
25.06612694531816
 20
4.1960577277026525
 30
0.0
 11
24.29317627181222
 21
1.0947703350090554
 31
0.0
  0
ARC
  5
57F
330
17
100
AcDbEntity
  8
SLOTS
100
AcDbCircle
 10
24.944837344137618
 20
4.226287392693597
 30
0.0
 40
0.125
100
AcDbArc
 50
-13.995005876784631
 51
166.00499412321537
  0
ARC
  5
580
330
17
100
AcDbEntity
  8
SLOTS
100
AcDbCircle
 10
24.17188667063168
 20
1.125
 30
0.0
 40
0.125
100
AcDbArc
 50
166.00499412321537
 51
346.0049941232154
  0
LINE
  5
581
330
17
100
AcDbEntity
  8
SLOTS
100
AcDbLine
 10
23.277653642417768
 20
1.1552296649909446
 30
0.0
 11
24.134399047800233
 21
4.592724210935464
 31
0.0
  0
LINE
  5
582
330
17
100
AcDbEntity
  8
SLOTS
100
AcDbLine
 10
24.37697825016132
 20
4.5322648809535755
 30
0.0
 11
23.520232844778853
 21
1.0947703350090554
 31
0.0
  0
ARC
  5
583
330
17
100
AcDbEntity
  8
SLOTS
100
AcDbCircle
 10
24.255688648980776
 20
4.56249454594452
 30
0.0
 40
0.125
100
AcDbArc
 50
-13.995005876784603
 51
166.0049941232154
  0
ARC
  5
584
330
17
100
AcDbEntity
  8
SLOTS
100
AcDbCircle
 10
23.39894324359831
 20
1.125
 30
0.0
 40
0.125
100
AcDbArc
 50
166.0049941232154
 51
346.0049941232154
  0
LINE
  5
585
330
17
100
AcDbEntity
  8
SLOTS
100
AcDbLine
 10
22.79996513289527
 20
2.3398723397349532
 30
0.0
 11
23.445250352643388
 21
4.928931364186387
 31
0.0
  0
LINE
  5
586
330
17
100
AcDbEntity
  8
SLOTS
100
AcDbLine
 10
23.687829555004473
 20
4.8684720342044985
 30
0.0
 11
23.042544335256355
 21
2.2794130097530645
 31
0.0
  0
ARC
  5
587
330
17
100
AcDbEntity
  8
SLOTS
100
AcDbCircle
 10
23.56653995382393
 20
4.898701699195443
 30
0.0
 40
0.125
100
AcDbArc
 50
-13.99500587678456
 51
166.00499412321545
  0
ARC
  5
588
330
17
100
AcDbEntity
  8
SLOTS
100
AcDbCircle
 10
22.921254734075813
 20
2.309642674744009
 30
0.0
 40
0.125
100
AcDbArc
 50
166.00499412321545
 51
346.00499412321545
  0
LINE
  5
589
330
17
100
AcDbEntity
  8
SLOTS
100
AcDbLine
 10
26.67582135726909
 20
4.728714851044695
 30
0.0
 11
27.240518034995535
 21
3.72567434250428
 31
0.0
  0
LINE
  5
58A
330
17
100
AcDbEntity
  8
SLOTS
100
AcDbLine
 10
27.02266930483957
 20
3.6030287931784515
 30
0.0
 11
26.457972627113126
 21
4.606069301718867
 31
0.0
  0
ARC
  5
58B
330
17
100
AcDbEntity
  8
SLOTS
100
AcDbCircle
 10
27.131593669917553
 20
3.664351567841366
 30
0.0
 40
0.125
100
AcDbArc
 50
-150.62114510159256
 51
29.37885489840744
  0
ARC
  5
58C
330
17
100
AcDbEntity
  8
SLOTS
100
AcDbCircle
 10
26.566896992191108
 20
4.667392076381781
 30
0.0
 40
0.125
100
AcDbArc
 50
29.37885489840744
 51
209.37885489840744
  0
LINE
  5
58D
330
17
100
AcDbEntity
  8
SLOTS
100
AcDbLine
 10
27.205331934381725
 20
5.316969325572676
 30
0.0
 11
27.864970158435007
 21
4.145289225787109
 31
0.0
  0
LINE
  5
58E
330
17
100
AcDbEntity
  8
SLOTS
100
AcDbLine
 10
27.647121428279043
 20
4.022643676461281
 30
0.0
 11
26.98748320422576
 21
5.194323776246848
 31
0.0
  0
ARC
  5
58F
330
17
100
AcDbEntity
  8
SLOTS
100
AcDbCircle
 10
27.756045793357025
 20
4.083966451124195
 30
0.0
 40
0.125
100
AcDbArc
 50
-150.6211451015925
 51
29.378854898407482
  0
ARC
  5
590
330
17
100
AcDbEntity
  8
SLOTS
100
AcDbCircle
 10
27.096407569303743
 20
5.255646550909762
 30
0.0
 40
0.125
100
AcDbArc
 50
29.378854898407482
 51
209.3788548984075
  0
LINE
  5
591
330
17
100
AcDbEntity
  8
SLOTS
100
AcDbLine
 10
27.73484251149436
 20
5.905223800100657
 30
0.0
 11
28.157003672727036
 21
5.155361506676711
 31
0.0
  0
LINE
  5
592
330
17
100
AcDbEntity
  8
SLOTS
100
AcDbLine
 10
27.939154942571072
 20
5.0327159573508835
 30
0.0
 11
27.516993781338396
 21
5.782578250774829
 31
0.0
  0
ARC
  5
593
330
17
100
AcDbEntity
  8
SLOTS
100
AcDbCircle
 10
28.048079307649054
 20
5.094038732013797
 30
0.0
 40
0.125
100
AcDbArc
 50
-150.6211451015925
 51
29.37885489840749
  0
ARC
  5
594
330
17
100
AcDbEntity
  8
SLOTS
100
AcDbCircle
 10
27.625918146416378
 20
5.843901025437743
 30
0.0
 40
0.125
100
AcDbArc
 50
29.37885489840749
 51
209.3788548984075
  0
LINE
  5
595
330
17
100
AcDbEntity
  8
SLOTS
100
AcDbLine
 10
18.418560564385086
 20
1.0977647004733082
 30
0.0
 11
18.27208168343103
 21
1.7538972420910617
 31
0.0
  0
LINE
  5
596
330
17
100
AcDbEntity
  8
SLOTS
100
AcDbLine
 10
18.516075441217506
 20
1.8083678411444453
 30
0.0
 11
18.662554322171562
 21
1.1522352995266918
 31
0.0
  0
ARC
  5
597
330
17
100
AcDbEntity
  8
SLOTS
100
AcDbCircle
 10
18.394078562324268
 20
1.7811325416177535
 30
0.0
 40
0.125
100
AcDbArc
 50
12.584686315033778
 51
192.58468631503376
  0
ARC
  5
598
330
17
100
AcDbEntity
  8
SLOTS
100
AcDbCircle
 10
18.540557443278324
 20
1.125
 30
0.0
 40
0.125
100
AcDbArc
 50
192.58468631503376
 51
372.58468631503376
  0
LINE
  5
599
330
17
100
AcDbEntity
  8
SLOTS
100
AcDbLine
 10
18.323114303895675
 20
26.636856650202105
 30
0.0
 11
18.508469010380683
 21
26.39459189490845
 31
0.0
  0
LINE
  5
59A
330
17
100
AcDbEntity
  8
SLOTS
100
AcDbLine
 10
18.309916503880036
 20
26.242681058684333
 30
0.0
 11
18.124561797395028
 21
26.484945813977987
 31
0.0
  0
ARC
  5
59B
330
17
100
AcDbEntity
  8
SLOTS
100
AcDbCircle
 10
18.40919275713036
 20
26.318636476796392
 30
0.0
 40
0.125
100
AcDbArc
 50
-142.58070416783508
 51
37.41929583216492
  0
ARC
  5
59C
330
17
100
AcDbEntity
  8
SLOTS
100
AcDbCircle
 10
18.22383805064535
 20
26.560901232090046
 30
0.0
 40
0.125
100
AcDbArc
 50
37.41929583216492
 51
217.41929583216492
  0
LINE
  5
59D
330
17
100
AcDbEntity
  8
SLOTS
100
AcDbLine
 10
17.37371401586687
 20
29.1120310104158
 30
0.0
 11
18.885606506090546
 21
27.135937329708646
 31
0.0
  0
LINE
  5
59E
330
17
100
AcDbEntity
  8
SLOTS
100
AcDbLine
 10
18.6870539995899
 20
26.984026493484528
 30
0.0
 11
17.175161509366223
 21
28.960120174191683
 31
0.0
  0
ARC
  5
59F
330
17
100
AcDbEntity
  8
SLOTS
100
AcDbCircle
 10
18.786330252840223
 20
27.059981911596587
 30
0.0
 40
0.125
100
AcDbArc
 50
-142.58070416783517
 51
37.41929583216483
  0
ARC
  5
5A0
330
17
100
AcDbEntity
  8
SLOTS
100
AcDbCircle
 10
17.274437762616547
 20
29.036075592303742
 30
0.0
 40
0.125
100
AcDbArc
 50
37.41929583216483
 51
217.41929583216483
  0
LINE
  5
5A1
330
17
100
AcDbEntity
  8
SLOTS
100
AcDbLine
 10
17.697287301121847
 20
29.92338664665321
 30
0.0
 11
19.26274400180041
 21
27.87728276450884
 31
0.0
  0
LINE
  5
5A2
330
17
100
AcDbEntity
  8
SLOTS
100
AcDbLine
 10
19.064191495299763
 20
27.725371928284723
 30
0.0
 11
17.4987347946212
 21
29.77147581042909
 31
0.0
  0
ARC
  5
5A3
330
17
100
AcDbEntity
  8
SLOTS
100
AcDbCircle
 10
19.163467748550087
 20
27.801327346396782
 30
0.0
 40
0.125
100
AcDbArc
 50
-142.58070416783517
 51
37.41929583216483
  0
ARC
  5
5A4
330
17
100
AcDbEntity
  8
SLOTS
100
AcDbCircle
 10
17.598011047871523
 20
29.84743122854115
 30
0.0
 40
0.125
100
AcDbArc
 50
37.41929583216483
 51
217.41929583216483
  0
LINE
  5
5A5
330
17
100
AcDbEntity
  8
SLOTS
100
AcDbLine
 10
18.620529259154836
 20
29.95095541811206
 30
0.0
 11
19.639881497510277
 21
28.61862819930904
 31
0.0
  0
LINE
  5
5A6
330
17
100
AcDbEntity
  8
SLOTS
100
AcDbLine
 10
19.44132899100963
 20
28.46671736308492
 30
0.0
 11
18.42197675265419
 21
29.79904458188794
 31
0.0
  0
ARC
  5
5A7
330
17
100
AcDbEntity
  8
SLOTS
100
AcDbCircle
 10
19.540605244259954
 20
28.54267278119698
 30
0.0
 40
0.125
100
AcDbArc
 50
-142.58070416783517
 51
37.41929583216483
  0
ARC
  5
5A8
330
17
100
AcDbEntity
  8
SLOTS
100
AcDbCircle
 10
18.521253005904512
 20
29.875
 30
0.0
 40
0.125
100
AcDbArc
 50
37.41929583216483
 51
217.41929583216483
  0
LINE
  5
5A9
330
17
100
AcDbEntity
  8
SLOTS
100
AcDbLine
 10
19.564863850062597
 20
29.95095541811206
 30
0.0
 11
20.01701899322014
 21
29.359973634109235
 31
0.0
  0
LINE
  5
5AA
330
17
100
AcDbEntity
  8
SLOTS
100
AcDbLine
 10
19.818466486719494
 20
29.208062797885116
 30
0.0
 11
19.36631134356195
 21
29.79904458188794
 31
0.0
  0
ARC
  5
5AB
330
17
100
AcDbEntity
  8
SLOTS
100
AcDbCircle
 10
19.917742739969817
 20
29.284018215997175
 30
0.0
 40
0.125
100
AcDbArc
 50
-142.58070416783517
 51
37.419295832164835
  0
ARC
  5
5AC
330
17
100
AcDbEntity
  8
SLOTS
100
AcDbCircle
 10
19.465587596812274
 20
29.875
 30
0.0
 40
0.125
100
AcDbArc
 50
37.419295832164835
 51
217.41929583216483
  0
LINE
  5
5AD
330
17
100
AcDbEntity
  8
SLOTS
100
AcDbLine
 10
28.595963857403213
 20
4.623138983883152
 30
0.0
 11
29.944837279155227
 21
5.461645356778552
 31
0.0
  0
LINE
  5
5AE
330
17
100
AcDbEntity
  8
SLOTS
100
AcDbLine
 10
30.07682279504427
 20
5.249325259765804
 30
0.0
 11
28.727949373292255
 21
4.410818886870404
 31
0.0
  0
ARC
  5
5AF
330
17
100
AcDbEntity
  8
SLOTS
100
AcDbCircle
 10
30.010830037099748
 20
5.355485308272178
 30
0.0
 40
0.125
100
AcDbArc
 50
-58.133486480497794
 51
121.8665135195022
  0
ARC
  5
5B0
330
17
100
AcDbEntity
  8
SLOTS
100
AcDbCircle
 10
28.661956615347734
 20
4.516978935376778
 30
0.0
 40
0.125
100
AcDbArc
 50
121.8665135195022
 51
301.86651351950223
  0
LINE
  5
5B1
330
17
100
AcDbEntity
  8
SLOTS
100
AcDbLine
 10
28.907230406196618
 20
5.699733612642081
 30
0.0
 11
29.071648042309967
 21
5.8019413020176875
 31
0.0
  0
LINE
  5
5B2
330
17
100
AcDbEntity
  8
SLOTS
100
AcDbLine
 10
29.20363355819901
 20
5.589621205004939
 30
0.0
 11
29.03921592208566
 21
5.487413515629333
 31
0.0
  0
ARC
  5
5B3
330
17
100
AcDbEntity
  8
SLOTS
100
AcDbCircle
 10
29.137640800254488
 20
5.6957812535113135
 30
0.0
 40
0.125
100
AcDbArc
 50
-58.133486480497595
 51
121.8665135195024
  0
ARC
  5
5B4
330
17
100
AcDbEntity
  8
SLOTS
100
AcDbCircle
 10
28.97322316414114
 20
5.593573564135707
 30
0.0
 40
0.125
100
AcDbArc
 50
121.8665135195024
 51
301.8665135195024
  0
ENDSEC
  0
SECTION
  2
OBJECTS
  0
DICTIONARY
  5
A
330
0
100
AcDbDictionary
281
1
  3
ACAD_COLOR
350
B
  3
ACAD_GROUP
350
C
  3
ACAD_LAYOUT
350
D
  3
ACAD_MATERIAL
350
E
  3
ACAD_MLEADERSTYLE
350
F
  3
ACAD_MLINESTYLE
350
10
  3
ACAD_PLOTSETTINGS
350
11
  3
ACAD_PLOTSTYLENAME
350
12
  3
ACAD_SCALELIST
350
14
  3
ACAD_TABLESTYLE
350
15
  3
ACAD_VISUALSTYLE
350
16
  3
EZDXF_META
350
2D
  0
DICTIONARY
  5
B
330
A
100
AcDbDictionary
281
1
  0
DICTIONARY
  5
C
330
A
100
AcDbDictionary
281
1
  0
DICTIONARY
  5
D
330
A
100
AcDbDictionary
281
1
  3
Model
350
1A
  3
Layout1
350
1E
  0
DICTIONARY
  5
E
330
A
100
AcDbDictionary
281
1
  3
ByBlock
350
1F
  3
ByLayer
350
20
  3
Global
350
21
  0
DICTIONARY
  5
F
330
A
100
AcDbDictionary
281
1
  3
Standard
350
2C
  0
DICTIONARY
  5
10
330
A
100
AcDbDictionary
281
1
  3
Standard
350
22
  0
DICTIONARY
  5
11
330
A
100
AcDbDictionary
281
1
  0
ACDBDICTIONARYWDFLT
  5
12
330
A
100
AcDbDictionary
281
1
  3
Normal
350
13
100
AcDbDictionaryWithDefault
340
13
  0
ACDBPLACEHOLDER
  5
13
330
12
  0
DICTIONARY
  5
14
330
A
100
AcDbDictionary
281
1
  0
DICTIONARY
  5
15
330
A
100
AcDbDictionary
281
1
  0
DICTIONARY
  5
16
330
A
100
AcDbDictionary
281
1
  3
2dWireframe
350
5A
  3
Basic
350
5B
  3
Brighten
350
5C
  3
ColorChange
350
5D
  3
Conceptual
350
5E
  3
Dim
350
5F
  3
EdgeColorOff
350
60
  3
Facepattern
350
61
  3
Flat
350
62
  3
FlatWithEdges
350
63
  3
Gouraud
350
64
  3
GouraudWithEdges
350
65
  3
Hidden
350
66
  3
JitterOff
350
67
  3
Linepattern
350
68
  3
Modeling
350
69
  3
OverhangOff
350
6A
  3
Realistic
350
6B
  3
Shaded
350
6C
  3
Shaded with edges
350
6D
  3
Shades of Gray
350
6E
  3
Sketchy
350
6F
  3
Thicken
350
70
  3
Wireframe
350
71
  3
X-Ray
350
72
  0
LAYOUT
  5
1A
330
D
100
AcDbPlotSettings
  1

  4
A3
  6

 40
7.5
 41
20.0
 42
7.5
 43
20.0
 44
420.0
 45
297.0
 46
0.0
 47
0.0
 48
0.0
 49
0.0
140
0.0
141
0.0
142
1.0
143
1.0
 70
1024
 72
1
 73
0
 74
5
  7

 75
16
 76
0
 77
2
 78
300
147
1.0
148
0.0
149
0.0
100
AcDbLayout
  1
Model
 70
1
 71
0
 10
0.0
 20
0.0
 11
420.0
 21
297.0
 12
0.0
 22
0.0
 32
0.0
 14
1e+20
 24
1e+20
 34
1e+20
 15
-1e+20
 25
-1e+20
 35
-1e+20
146
0.0
 13
0.0
 23
0.0
 33
0.0
 16
1.0
 26
0.0
 36
0.0
 17
0.0
 27
1.0
 37
0.0
 76
1
330
17
  0
LAYOUT
  5
1E
330
D
100
AcDbPlotSettings
  1

  4
A3
  6

 40
7.5
 41
20.0
 42
7.5
 43
20.0
 44
420.0
 45
297.0
 46
0.0
 47
0.0
 48
0.0
 49
0.0
140
0.0
141
0.0
142
1.0
143
1.0
 70
0
 72
1
 73
0
 74
5
  7

 75
16
 76
0
 77
2
 78
300
147
1.0
148
0.0
149
0.0
100
AcDbLayout
  1
Layout1
 70
1
 71
1
 10
0.0
 20
0.0
 11
420.0
 21
297.0
 12
0.0
 22
0.0
 32
0.0
 14
1e+20
 24
1e+20
 34
1e+20
 15
-1e+20
 25
-1e+20
 35
-1e+20
146
0.0
 13
0.0
 23
0.0
 33
0.0
 16
1.0
 26
0.0
 36
0.0
 17
0.0
 27
1.0
 37
0.0
 76
1
330
1B
  0
MATERIAL
  5
1F
102
{ACAD_REACTORS
330
E
102
}
330
E
100
AcDbMaterial
  1
ByBlock
  2

 70
0
 40
1.0
 71
1
 41
1.0
 91
-1023410177
 42
1.0
 72
1
  3

 73
1
 74
1
 75
1
 44
0.5
 73
0
 45
1.0
 46
1.0
 77
1
  4

 78
1
 79
1
170
1
 48
1.0
171
1
  6

172
1
173
1
174
1
140
1.0
141
1.0
175
1
  7

176
1
177
1
178
1
143
1.0
179
1
  8

270
1
271
1
272
1
145
1.0
146
1.0
273
1
  9

274
1
275
1
276
1
 42
1.0
 72
1
  3

 73
1
 74
1
 75
1
 94
63
  0
MATERIAL
  5
20
102
{ACAD_REACTORS
330
E
102
}
330
E
100
AcDbMaterial
  1
ByLayer
  2

 70
0
 40
1.0
 71
1
 41
1.0
 91
-1023410177
 42
1.0
 72
1
  3

 73
1
 74
1
 75
1
 44
0.5
 73
0
 45
1.0
 46
1.0
 77
1
  4

 78
1
 79
1
170
1
 48
1.0
171
1
  6

172
1
173
1
174
1
140
1.0
141
1.0
175
1
  7

176
1
177
1
178
1
143
1.0
179
1
  8

270
1
271
1
272
1
145
1.0
146
1.0
273
1
  9

274
1
275
1
276
1
 42
1.0
 72
1
  3

 73
1
 74
1
 75
1
 94
63
  0
MATERIAL
  5
21
102
{ACAD_REACTORS
330
E
102
}
330
E
100
AcDbMaterial
  1
Global
  2

 70
0
 40
1.0
 71
1
 41
1.0
 91
-1023410177
 42
1.0
 72
1
  3

 73
1
 74
1
 75
1
 44
0.5
 73
0
 45
1.0
 46
1.0
 77
1
  4

 78
1
 79
1
170
1
 48
1.0
171
1
  6

172
1
173
1
174
1
140
1.0
141
1.0
175
1
  7

176
1
177
1
178
1
143
1.0
179
1
  8

270
1
271
1
272
1
145
1.0
146
1.0
273
1
  9

274
1
275
1
276
1
 42
1.0
 72
1
  3

 73
1
 74
1
 75
1
 94
63
  0
MLINESTYLE
  5
22
102
{ACAD_REACTORS
330
10
102
}
330
10
100
AcDbMlineStyle
  2
Standard
 70
0
  3

 62
256
 51
90.0
 52
90.0
 71
2
 49
0.5
 62
256
  6
BYLAYER
 49
-0.5
 62
256
  6
BYLAYER
  0
MLEADERSTYLE
  5
2C
102
{ACAD_REACTORS
330
F
102
}
330
F
100
AcDbMLeaderStyle
179
2
170
2
171
1
172
0
 90
2
 40
0.0
 41
0.0
173
1
 91
-1056964608
 92
-2
290
1
 42
2.0
291
1
 43
8.0
  3
Standard
 44
4.0
300

342
29
174
1
175
1
176
0
178
1
 93
-1056964608
 45
4.0
292
0
297
0
 46
4.0
 94
-1056964608
 47
1.0
 49
1.0
140
1.0
294
1
141
0.0
177
0
142
1.0
295
0
296
0
143
3.75
271
0
272
9
273
9
  0
DICTIONARY
  5
2D
330
A
100
AcDbDictionary
280
1
281
1
  3
CREATED_BY_EZDXF
350
2E
  3
WRITTEN_BY_EZDXF
350
5B7
  0
DICTIONARYVAR
  5
2E
330
2D
100
DictionaryVariables
280
0
  1
1.4.4 @ 2026-09-19T23:28:50.168563+00:00
  0
VISUALSTYLE
  5
5A
102
{ACAD_REACTORS
330
16
102
}
330
16
100
AcDbVisualStyle
  2
2dWireframe
 70
4
 90
0
 40
0.6
 62
7
290
0
291
0
  0
VISUALSTYLE
  5
5B
102
{ACAD_REACTORS
330
16
102
}
330
16
100
AcDbVisualStyle
  2
Basic
 70
7
 90
1
 40
0.6
 62
7
290
0
291
1
  0
VISUALSTYLE
  5
5C
102
{ACAD_REACTORS
330
16
102
}
330
16
100
AcDbVisualStyle
  2
Brighten
 70
12
 90
2
 40
0.6
 62
7
290
0
291
1
  0
VISUALSTYLE
  5
5D
102
{ACAD_REACTORS
330
16
102
}
330
16
100
AcDbVisualStyle
  2
ColorChange
 70
16
 90
2
 40
0.6
 62
8
290
0
291
1
  0
VISUALSTYLE
  5
5E
102
{ACAD_REACTORS
330
16
102
}
330
16
100
AcDbVisualStyle
  2
Conceptual
 70
9
 90
3
 40
0.6
 62
7
290
0
291
0
  0
VISUALSTYLE
  5
5F
102
{ACAD_REACTORS
330
16
102
}
330
16
100
AcDbVisualStyle
  2
Dim
 70
11
 90
2
 40
0.6
 62
7
290
0
291
1
  0
VISUALSTYLE
  5
60
102
{ACAD_REACTORS
330
16
102
}
330
16
100
AcDbVisualStyle
  2
EdgeColorOff
 70
22
 90
2
 40
0.6
 62
7
290
0
291
1
  0
VISUALSTYLE
  5
61
102
{ACAD_REACTORS
330
16
102
}
330
16
100
AcDbVisualStyle
  2
Facepattern
 70
15
 90
2
 40
0.6
 62
7
290
0
291
1
  0
VISUALSTYLE
  5
62
102
{ACAD_REACTORS
330
16
102
}
330
16
100
AcDbVisualStyle
  2
Flat
 70
0
 90
2
 40
0.6
 62
7
290
0
291
1
  0
VISUALSTYLE
  5
63
102
{ACAD_REACTORS
330
16
102
}
330
16
100
AcDbVisualStyle
  2
FlatWithEdges
 70
1
 90
2
 40
0.6
 62
7
290
0
291
1
  0
VISUALSTYLE
  5
64
102
{ACAD_REACTORS
330
16
102
}
330
16
100
AcDbVisualStyle
  2
Gouraud
 70
2
 90
2
 40
0.6
 62
7
290
0
291
1
  0
VISUALSTYLE
  5
65
102
{ACAD_REACTORS
330
16
102
}
330
16
100
AcDbVisualStyle
  2
GouraudWithEdges
 70
3
 90
2
 40
0.6
 62
7
290
0
291
1
  0
VISUALSTYLE
  5
66
102
{ACAD_REACTORS
330
16
102
}
330
16
100
AcDbVisualStyle
  2
Hidden
 70
6
 90
1
 40
0.6
 62
7
290
0
291
0
  0
VISUALSTYLE
  5
67
102
{ACAD_REACTORS
330
16
102
}
330
16
100
AcDbVisualStyle
  2
JitterOff
 70
20
 90
2
 40
0.6
 62
7
290
0
291
1
  0
VISUALSTYLE
  5
68
102
{ACAD_REACTORS
330
16
102
}
330
16
100
AcDbVisualStyle
  2
Linepattern
 70
14
 90
2
 40
0.6
 62
7
290
0
291
1
  0
VISUALSTYLE
  5
69
102
{ACAD_REACTORS
330
16
102
}
330
16
100
AcDbVisualStyle
  2
Modeling
 70
10
 90
2
 40
0.6
 62
7
290
0
291
0
  0
VISUALSTYLE
  5
6A
102
{ACAD_REACTORS
330
16
102
}
330
16
100
AcDbVisualStyle
  2
OverhangOff
 70
21
 90
2
 40
0.6
 62
7
290
0
291
1
  0
VISUALSTYLE
  5
6B
102
{ACAD_REACTORS
330
16
102
}
330
16
100
AcDbVisualStyle
  2
Realistic
 70
8
 90
2
 40
0.6
 62
7
290
0
291
0
  0
VISUALSTYLE
  5
6C
102
{ACAD_REACTORS
330
16
102
}
330
16
100
AcDbVisualStyle
  2
Shaded
 70
27
 90
2
 40
0.6
 62
7
290
0
291
0
  0
VISUALSTYLE
  5
6D
102
{ACAD_REACTORS
330
16
102
}
330
16
100
AcDbVisualStyle
  2
Shaded with edges
 70
26
 90
2
 40
0.6
 62
7
290
0
291
0
  0
VISUALSTYLE
  5
6E
102
{ACAD_REACTORS
330
16
102
}
330
16
100
AcDbVisualStyle
  2
Shades of Gray
 70
23
 90
2
 40
0.6
 62
7
290
0
291
0
  0
VISUALSTYLE
  5
6F
102
{ACAD_REACTORS
330
16
102
}
330
16
100
AcDbVisualStyle
  2
Sketchy
 70
24
 90
1
 40
0.6
 62
7
290
0
291
0
  0
VISUALSTYLE
  5
70
102
{ACAD_REACTORS
330
16
102
}
330
16
100
AcDbVisualStyle
  2
Thicken
 70
13
 90
2
 40
0.6
 62
7
290
0
291
1
  0
VISUALSTYLE
  5
71
102
{ACAD_REACTORS
330
16
102
}
330
16
100
AcDbVisualStyle
  2
Wireframe
 70
5
 90
0
 40
0.6
 62
7
290
0
291
0
  0
VISUALSTYLE
  5
72
102
{ACAD_REACTORS
330
16
102
}
330
16
100
AcDbVisualStyle
  2
X-Ray
 70
25
 90
2
 40
0.5
 62
7
290
0
291
0
  0
DICTIONARYVAR
  5
5B7
330
2D
100
DictionaryVariables
280
0
  1
1.4.4 @ 2026-09-19T23:28:50.217408+00:00
  0
ENDSEC
  0
EOF
