  0
SECTION
  2
HEADER
  9
$ACADVER
  1
AC1024
  9
$ACADMAINTVER
 70
6
  9
$DWGCODEPAGE
  3
ANSI_1252
  9
$LASTSAVEDBY
  1
ezdxf
  9
$INSBASE
 10
0.0
 20
0.0
 30
0.0
  9
$EXTMIN
 10
1e+20
 20
1e+20
 30
1e+20
  9
$EXTMAX
 10
-1e+20
 20
-1e+20
 30
-1e+20
  9
$LIMMIN
 10
0.0
 20
0.0
  9
$LIMMAX
 10
420.0
 20
297.0
  9
$ORTHOMODE
 70
0
  9
$REGENMODE
 70
1
  9
$FILLMODE
 70
1
  9
$QTEXTMODE
 70
0
  9
$MIRRTEXT
 70
1
  9
$LTSCALE
 40
1.0
  9
$ATTMODE
 70
1
  9
$TEXTSIZE
 40
2.5
  9
$TRACEWID
 40
1.0
  9
$TEXTSTYLE
  7
OpenSans
  9
$CLAYER
  8
0
  9
$CELTYPE
  6
ByLayer
  9
$CECOLOR
 62
256
  9
$CELTSCALE
 40
1.0
  9
$DISPSILH
 70
0
  9
$DIMSCALE
 40
1.0
  9
$DIMASZ
 40
0.175
  9
$DIMEXO
 40
0.125
  9
$DIMDLI
 40
3.75
  9
$DIMRND
 40
0.0
  9
$DIMDLE
 40
0.0
  9
$DIMEXE
 40
0.375
  9
$DIMTP
 40
0.0
  9
$DIMTM
 40
0.0
  9
$DIMTXT
 40
0.25
  9
$DIMCEN
 40
2.5
  9
$DIMTSZ
 40
0.0
  9
$DIMTOL
 70
0
  9
$DIMLIM
 70
0
  9
$DIMTIH
 70
0
  9
$DIMTOH
 70
0
  9
$DIMSE1
 70
0
  9
$DIMSE2
 70
0
  9
$DIMTAD
 70
1
  9
$DIMZIN
 70
12
  9
$DIMBLK
  1
ARCHTICK
  9
$DIMASO
 70
1
  9
$DIMSHO
 70
1
  9
$DIMPOST
  1

  9
$DIMAPOST
  1

  9
$DIMALT
 70
0
  9
$DIMALTD
 70
3
  9
$DIMALTF
 40
0.03937007874
  9
$DIMLFAC
 40
100.0
  9
$DIMTOFL
 70
1
  9
$DIMTVP
 40
0.0
  9
$DIMTIX
 70
0
  9
$DIMSOXD
 70
0
  9
$DIMSAH
 70
0
  9
$DIMBLK1
  1

  9
$DIMBLK2
  1

  9
$DIMSTYLE
  2
EZDXF
  9
$DIMCLRD
 70
0
  9
$DIMCLRE
 70
0
  9
$DIMCLRT
 70
0
  9
$DIMTFAC
 40
0.5
  9
$DIMGAP
 40
0.1
  9
$DIMJUST
 70
0
  9
$DIMSD1
 70
0
  9
$DIMSD2
 70
0
  9
$DIMTOLJ
 70
0
  9
$DIMTZIN
 70
8
  9
$DIMALTZ
 70
0
  9
$DIMALTTZ
 70
0
  9
$DIMUPT
 70
1
  9
$DIMDEC
 70
2
  9
$DIMTDEC
 70
2
  9
$DIMALTU
 70
2
  9
$DIMALTTD
 70
3
  9
$DIMTXSTY
  7
OpenSansCondensed-Light
  9
$DIMAUNIT
 70
0
  9
$DIMADEC
 70
2
  9
$DIMALTRND
 40
0.0
  9
$DIMAZIN
 70
3
  9
$DIMDSEP
 70
46
  9
$DIMATFIT
 70
3
  9
$DIMFRAC
 70
0
  9
$DIMLDRBLK
  1

  9
$DIMLUNIT
 70
2
  9
$DIMLWD
 70
-2
  9
$DIMLWE
 70
-2
  9
$DIMTMOVE
 70
2
  9
$DIMFXL
 40
1.0
  9
$DIMFXLON
 70
0
  9
$DIMJOGANG
 40
0.785398163397
  9
$DIMTFILL
 70
0
  9
$DIMTFILLCLR
 70
0
  9
$DIMARCSYM
 70
0
  9
$DIMLTYPE
  6

  9
$DIMLTEX1
  6

  9
$DIMLTEX2
  6

  9
$DIMTXTDIRECTION
 70
0
  9
$LUNITS
 70
2
  9
$LUPREC
 70
4
  9
$SKETCHINC
 40
1.0
  9
$FILLETRAD
 40
10.0
  9
$AUNITS
 70
0
  9
$AUPREC
 70
2
  9
$MENU
  1
.
  9
$ELEVATION
 40
0.0
  9
$PELEVATION
 40
0.0
  9
$THICKNESS
 40
0.0
  9
$LIMCHECK
 70
0
  9
$CHAMFERA
 40
0.0
  9
$CHAMFERB
 40
0.0
  9
$CHAMFERC
 40
0.0
  9
$CHAMFERD
 40
0.0
  9
$SKPOLY
 70
0
  9
$TDCREATE
 40
2461303.686909722
  9
$TDUCREATE
 40
2458532.153996898
  9
$TDUPDATE
 40
2461303.686909722
  9
$TDUUPDATE
 40
2458532.1544311
  9
$TDINDWG
 40
0.0
  9
$TDUSRTIMER
 40
0.0
  9
$USRTIMER
 70
1
  9
$ANGBASE
 50
0.0
  9
$ANGDIR
 70
0
  9
$PDMODE
 70
0
  9
$PDSIZE
 40
0.0
  9
$PLINEWID
 40
0.0
  9
$SPLFRAME
 70
0
  9
$SPLINETYPE
 70
6
  9
$SPLINESEGS
 70
8
  9
$HANDSEED
  5
580
  9
$SURFTAB1
 70
6
  9
$SURFTAB2
 70
6
  9
$SURFTYPE
 70
6
  9
$SURFU
 70
6
  9
$SURFV
 70
6
  9
$UCSBASE
  2

  9
$UCSNAME
  2

  9
$UCSORG
 10
0.0
 20
0.0
 30
0.0
  9
$UCSXDIR
 10
1.0
 20
0.0
 30
0.0
  9
$UCSYDIR
 10
0.0
 20
1.0
 30
0.0
  9
$UCSORTHOREF
  2

  9
$UCSORTHOVIEW
 70
0
  9
$UCSORGTOP
 10
0.0
 20
0.0
 30
0.0
  9
$UCSORGBOTTOM
 10
0.0
 20
0.0
 30
0.0
  9
$UCSORGLEFT
 10
0.0
 20
0.0
 30
0.0
  9
$UCSORGRIGHT
 10
0.0
 20
0.0
 30
0.0
  9
$UCSORGFRONT
 10
0.0
 20
0.0
 30
0.0
  9
$UCSORGBACK
 10
0.0
 20
0.0
 30
0.0
  9
$PUCSBASE
  2

  9
$PUCSNAME
  2

  9
$PUCSORG
 10
0.0
 20
0.0
 30
0.0
  9
$PUCSXDIR
 10
1.0
 20
0.0
 30
0.0
  9
$PUCSYDIR
 10
0.0
 20
1.0
 30
0.0
  9
$PUCSORTHOREF
  2

  9
$PUCSORTHOVIEW
 70
0
  9
$PUCSORGTOP
 10
0.0
 20
0.0
 30
0.0
  9
$PUCSORGBOTTOM
 10
0.0
 20
0.0
 30
0.0
  9
$PUCSORGLEFT
 10
0.0
 20
0.0
 30
0.0
  9
$PUCSORGRIGHT
 10
0.0
 20
0.0
 30
0.0
  9
$PUCSORGFRONT
 10
0.0
 20
0.0
 30
0.0
  9
$PUCSORGBACK
 10
0.0
 20
0.0
 30
0.0
  9
$USERI1
 70
0
  9
$USERI2
 70
0
  9
$USERI3
 70
0
  9
$USERI4
 70
0
  9
$USERI5
 70
0
  9
$USERR1
 40
0.0
  9
$USERR2
 40
0.0
  9
$USERR3
 40
0.0
  9
$USERR4
 40
0.0
  9
$USERR5
 40
0.0
  9
$WORLDVIEW
 70
1
  9
$SHADEDGE
 70
3
  9
$SHADEDIF
 70
70
  9
$TILEMODE
 70
1
  9
$MAXACTVP
 70
64
  9
$PINSBASE
 10
0.0
 20
0.0
 30
0.0
  9
$PLIMCHECK
 70
0
  9
$PEXTMIN
 10
1e+20
 20
1e+20
 30
1e+20
  9
$PEXTMAX
 10
-1e+20
 20
-1e+20
 30
-1e+20
  9
$PLIMMIN
 10
0.0
 20
0.0
  9
$PLIMMAX
 10
420.0
 20
297.0
  9
$UNITMODE
 70
0
  9
$VISRETAIN
 70
1
  9
$PLINEGEN
 70
0
  9
$PSLTSCALE
 70
1
  9
$TREEDEPTH
 70
3020
  9
$CMLSTYLE
  2
Standard
  9
$CMLJUST
 70
0
  9
$CMLSCALE
 40
20.0
  9
$PROXYGRAPHICS
 70
1
  9
$MEASUREMENT
 70
1
  9
$CELWEIGHT
370
-1
  9
$ENDCAPS
280
0
  9
$JOINSTYLE
280
0
  9
$LWDISPLAY
290
0
  9
$INSUNITS
 70
1
  9
$HYPERLINKBASE
  1

  9
$STYLESHEET
  1

  9
$XEDIT
290
1
  9
$CEPSNTYPE
380
0
  9
$PSTYLEMODE
290
1
  9
$FINGERPRINTGUID
  2
{61A5CC82-5128-4961-BAFF-F0DB9D235374}
  9
$VERSIONGUID
  2
{EA8BA3D6-5E5C-46F3-8E50-E650E15C2F3E}
  9
$EXTNAMES
290
1
  9
$PSVPSCALE
 40
0.0
  9
$OLESTARTUP
290
0
  9
$SORTENTS
280
127
  9
$INDEXCTL
280
0
  9
$HIDETEXT
280
1
  9
$XCLIPFRAME
280
1
  9
$HALOGAP
280
0
  9
$OBSCOLOR
 70
257
  9
$OBSLTYPE
280
0
  9
$INTERSECTIONDISPLAY
280
0
  9
$INTERSECTIONCOLOR
 70
257
  9
$DIMASSOC
280
2
  9
$PROJECTNAME
  1

  9
$CAMERADISPLAY
290
0
  9
$LENSLENGTH
 40
50.0
  9
$CAMERAHEIGHT
 40
0.0
  9
$STEPSPERSEC
 40
24.0
  9
$STEPSIZE
 40
100.0
  9
$3DDWFPREC
 40
2.0
  9
$PSOLWIDTH
 40
0.005
  9
$PSOLHEIGHT
 40
0.08
  9
$LOFTANG1
 40
1.570796326795
  9
$LOFTANG2
 40
1.570796326795
  9
$LOFTMAG1
 40
0.0
  9
$LOFTMAG2
 40
0.0
  9
$LOFTPARAM
 70
7
  9
$LOFTNORMALS
280
1
  9
$LATITUDE
 40
37.795
  9
$LONGITUDE
 40
-122.394
  9
$NORTHDIRECTION
 40
0.0
  9
$TIMEZONE
 70
-8000
  9
$LIGHTGLYPHDISPLAY
280
1
  9
$TILEMODELIGHTSYNCH
280
1
  9
$CMATERIAL
347
20
  9
$SOLIDHIST
280
0
  9
$SHOWHIST
280
1
  9
$DWFFRAME
280
2
  9
$DGNFRAME
280
2
  9
$REALWORLDSCALE
290
1
  9
$INTERFERECOLOR
 62
256
  9
$CSHADOW
280
0
  9
$SHADOWPLANELOCATION
 40
0.0
  0
ENDSEC
  0
SECTION
  2
CLASSES
  0
CLASS
  1
ACDBDICTIONARYWDFLT
  2
AcDbDictionaryWithDefault
  3
ObjectDBX Classes
 90
0
 91
0
280
0
281
0
  0
CLASS
  1
SUN
  2
AcDbSun
  3
SCENEOE
 90
1153
 91
0
280
0
281
0
  0
CLASS
  1
VISUALSTYLE
  2
AcDbVisualStyle
  3
ObjectDBX Classes
 90
4095
 91
0
280
0
281
0
  0
CLASS
  1
MATERIAL
  2
AcDbMaterial
  3
ObjectDBX Classes
 90
1153
 91
0
280
0
281
0
  0
CLASS
  1
SCALE
  2
AcDbScale
  3
ObjectDBX Classes
 90
1153
 91
0
280
0
281
0
  0
CLASS
  1
TABLESTYLE
  2
AcDbTableStyle
  3
ObjectDBX Classes
 90
4095
 91
0
280
0
281
0
  0
CLASS
  1
MLEADERSTYLE
  2
AcDbMLeaderStyle
  3
ACDB_MLEADERSTYLE_CLASS
 90
4095
 91
0
280
0
281
0
  0
CLASS
  1
DICTIONARYVAR
  2
AcDbDictionaryVar
  3
ObjectDBX Classes
 90
0
 91
0
280
0
281
0
  0
CLASS
  1
CELLSTYLEMAP
  2
AcDbCellStyleMap
  3
ObjectDBX Classes
 90
1152
 91
0
280
0
281
0
  0
CLASS
  1
MENTALRAYRENDERSETTINGS
  2
AcDbMentalRayRenderSettings
  3
SCENEOE
 90
1024
 91
0
280
0
281
0
  0
CLASS
  1
ACDBDETAILVIEWSTYLE
  2
AcDbDetailViewStyle
  3
ObjectDBX Classes
 90
1025
 91
0
280
0
281
0
  0
CLASS
  1
ACDBSECTIONVIEWSTYLE
  2
AcDbSectionViewStyle
  3
ObjectDBX Classes
 90
1025
 91
0
280
0
281
0
  0
CLASS
  1
RASTERVARIABLES
  2
AcDbRasterVariables
  3
ISM
 90
0
 91
0
280
0
281
0
  0
CLASS
  1
ACDBPLACEHOLDER
  2
AcDbPlaceHolder
  3
ObjectDBX Classes
 90
0
 91
0
280
0
281
0
  0
CLASS
  1
LAYOUT
  2
AcDbLayout
  3
ObjectDBX Classes
 90
0
 91
0
280
0
281
0
  0
ENDSEC
  0
SECTION
  2
TABLES
  0
TABLE
  2
VPORT
  5
8
330
0
100
AcDbSymbolTable
 70
1
  0
VPORT
  5
23
330
8
100
AcDbSymbolTableRecord
100
AcDbViewportTableRecord
  2
*Active
 70
0
 10
0.0
 20
0.0
 11
1.0
 21
1.0
 12
0.0
 22
0.0
 13
0.0
 23
0.0
 14
0.5
 24
0.5
 15
0.5
 25
0.5
 16
0.0
 26
0.0
 36
1.0
 17
0.0
 27
0.0
 37
0.0
 40
1000.0
 41
1.34
 42
50.0
 43
0.0
 44
0.0
 50
0.0
 51
0.0
 71
0
 72
1000
 73
1
 74
3
 75
0
 76
0
 77
0
 78
0
281
0
 65
0
146
0.0
  0
ENDTAB
  0
TABLE
  2
LTYPE
  5
2
330
0
100
AcDbSymbolTable
 70
21
  0
LTYPE
  5
24
330
2
100
AcDbSymbolTableRecord
100
AcDbLinetypeTableRecord
  2
ByBlock
 70
0
  3

 72
65
 73
0
 40
0.0
  0
LTYPE
  5
25
330
2
100
AcDbSymbolTableRecord
100
AcDbLinetypeTableRecord
  2
ByLayer
 70
0
  3

 72
65
 73
0
 40
0.0
  0
LTYPE
  5
26
330
2
100
AcDbSymbolTableRecord
100
AcDbLinetypeTableRecord
  2
Continuous
 70
0
  3

 72
65
 73
0
 40
0.0
  0
LTYPE
  5
2F
330
2
100
AcDbSymbolTableRecord
100
AcDbLinetypeTableRecord
  2
CENTER
 70
0
  3
Center ____ _ ____ _ ____ _ ____ _ ____ _ ____
 72
65
 73
4
 40
5.08
 49
3.175
 74
0
 49
-0.635
 74
0
 49
0.635
 74
0
 49
-0.635
 74
0
  0
LTYPE
  5
30
330
2
100
AcDbSymbolTableRecord
100
AcDbLinetypeTableRecord
  2
CENTERX2
 70
0
  3
Center (2x) ________  __  ________  __  ________
 72
65
 73
4
 40
8.89
 49
6.35
 74
0
 49
-0.635
 74
0
 49
1.27
 74
0
 49
-0.635
 74
0
  0
LTYPE
  5
31
330
2
100
AcDbSymbolTableRecord
100
AcDbLinetypeTableRecord
  2
CENTER2
 70
0
  3
Center (.5x) ____ _ ____ _ ____ _ ____ _ ____
 72
65
 73
4
 40
2.54
 49
1.587
 74
0
 49
-0.318
 74
0
 49
0.318
 74
0
 49
-0.318
 74
0
  0
LTYPE
  5
32
330
2
100
AcDbSymbolTableRecord
100
AcDbLinetypeTableRecord
  2
DASHED
 70
0
  3
Dashed __ __ __ __ __ __ __ __ __ __ __ __ __ _
 72
65
 73
2
 40
1.524
 49
1.27
 74
0
 49
-0.254
 74
0
  0
LTYPE
  5
33
330
2
100
AcDbSymbolTableRecord
100
AcDbLinetypeTableRecord
  2
DASHEDX2
 70
0
  3
Dashed (2x) ____  ____  ____  ____  ____  ____
 72
65
 73
2
 40
3.048
 49
2.54
 74
0
 49
-0.508
 74
0
  0
LTYPE
  5
34
330
2
100
AcDbSymbolTableRecord
100
AcDbLinetypeTableRecord
  2
DASHED2
 70
0
  3
Dashed (.5x) _ _ _ _ _ _ _ _ _ _ _ _ _ _
 72
65
 73
2
 40
0.762
 49
0.635
 74
0
 49
-0.127
 74
0
  0
LTYPE
  5
35
330
2
100
AcDbSymbolTableRecord
100
AcDbLinetypeTableRecord
  2
PHANTOM
 70
0
  3
Phantom ______  __  __  ______  __  __  ______
 72
65
 73
6
 40
6.35
 49
3.175
 74
0
 49
-0.635
 74
0
 49
0.635
 74
0
 49
-0.635
 74
0
 49
0.635
 74
0
 49
-0.635
 74
0
  0
LTYPE
  5
36
330
2
100
AcDbSymbolTableRecord
100
AcDbLinetypeTableRecord
  2
PHANTOMX2
 70
0
  3
Phantom (2x)____________    ____    ____    ____________
 72
65
 73
6
 40
10.795
 49
6.35
 74
0
 49
-0.635
 74
0
 49
1.27
 74
0
 49
-0.635
 74
0
 49
1.27
 74
0
 49
-0.635
 74
0
  0
LTYPE
  5
37
330
2
100
AcDbSymbolTableRecord
100
AcDbLinetypeTableRecord
  2
PHANTOM2
 70
0
  3
Phantom (.5x) ___ _ _ ___ _ _ ___ _ _ ___ _ _ ___
 72
65
 73
6
 40
3.175
 49
1.587
 74
0
 49
-0.318
 74
0
 49
0.318
 74
0
 49
-0.318
 74
0
 49
0.318
 74
0
 49
-0.318
 74
0
  0
LTYPE
  5
38
330
2
100
AcDbSymbolTableRecord
100
AcDbLinetypeTableRecord
  2
DASHDOT
 70
0
  3
Dash dot __ . __ . __ . __ . __ . __ . __ . __
 72
65
 73
4
 40
3.556
 49
2.54
 74
0
 49
-0.508
 74
0
 49
0.0
 74
0
 49
-0.508
 74
0
  0
LTYPE
  5
39
330
2
100
AcDbSymbolTableRecord
100
AcDbLinetypeTableRecord
  2
DASHDOTX2
 70
0
  3
Dash dot (2x) ____  .  ____  .  ____  .  ____
 72
65
 73
4
 40
6.096
 49
5.08
 74
0
 49
-0.508
 74
0
 49
0.0
 74
0
 49
-0.508
 74
0
  0
LTYPE
  5
3A
330
2
100
AcDbSymbolTableRecord
100
AcDbLinetypeTableRecord
  2
DASHDOT2
 70
0
  3
Dash dot (.5x) _ . _ . _ . _ . _ . _ . _ . _
 72
65
 73
4
 40
1.778
 49
1.27
 74
0
 49
-0.254
 74
0
 49
0.0
 74
0
 49
-0.254
 74
0
  0
LTYPE
  5
3B
330
2
100
AcDbSymbolTableRecord
100
AcDbLinetypeTableRecord
  2
DOT
 70
0
  3
Dot .  .  .  .  .  .  .  .  .  .  .  .  .  .  .  .
 72
65
 73
2
 40
0.508
 49
0.0
 74
0
 49
-0.508
 74
0
  0
LTYPE
  5
3C
330
2
100
AcDbSymbolTableRecord
100
AcDbLinetypeTableRecord
  2
DOTX2
 70
0
  3
Dot (2x) .    .    .    .    .    .    .    . 
 72
65
 73
2
 40
1.016
 49
0.0
 74
0
 49
-1.016
 74
0
  0
LTYPE
  5
3D
330
2
100
AcDbSymbolTableRecord
100
AcDbLinetypeTableRecord
  2
DOT2
 70
0
  3
Dot (.5) . . . . . . . . . . . . . . . . . . . 
 72
65
 73
2
 40
0.254
 49
0.0
 74
0
 49
-0.254
 74
0
  0
LTYPE
  5
3E
330
2
100
AcDbSymbolTableRecord
100
AcDbLinetypeTableRecord
  2
DIVIDE
 70
0
  3
Divide __ . . __ . . __ . . __ . . __ . . __
 72
65
 73
6
 40
4.064
 49
2.54
 74
0
 49
-0.508
 74
0
 49
0.0
 74
0
 49
-0.508
 74
0
 49
0.0
 74
0
 49
-0.508
 74
0
  0
LTYPE
  5
3F
330
2
100
AcDbSymbolTableRecord
100
AcDbLinetypeTableRecord
  2
DIVIDEX2
 70
0
  3
Divide (2x) ____  . .  ____  . .  ____  . .  ____
 72
65
 73
6
 40
6.604
 49
5.08
 74
0
 49
-0.508
 74
0
 49
0.0
 74
0
 49
-0.508
 74
0
 49
0.0
 74
0
 49
-0.508
 74
0
  0
LTYPE
  5
40
330
2
100
AcDbSymbolTableRecord
100
AcDbLinetypeTableRecord
  2
DIVIDE2
 70
0
  3
Divide(.5x) _ . _ . _ . _ . _ . _ . _ . _
 72
65
 73
6
 40
2.032
 49
1.27
 74
0
 49
-0.254
 74
0
 49
0.0
 74
0
 49
-0.254
 74
0
 49
0.0
 74
0
 49
-0.254
 74
0
  0
ENDTAB
  0
TABLE
  2
LAYER
  5
1
330
0
100
AcDbSymbolTable
 70
4
  0
LAYER
  5
27
330
1
100
AcDbSymbolTableRecord
100
AcDbLayerTableRecord
  2
0
 70
0
 62
7
  6
Continuous
370
-3
390
13
347
21
  0
LAYER
  5
28
330
1
100
AcDbSymbolTableRecord
100
AcDbLayerTableRecord
  2
Defpoints
 70
0
 62
7
  6
Continuous
290
0
370
-3
390
13
347
21
  0
LAYER
  5
8A
330
1
100
AcDbSymbolTableRecord
100
AcDbLayerTableRecord
  2
PROFILE
 70
0
 62
1
  6
Continuous
370
-3
390
13
347
21
  0
LAYER
  5
8B
330
1
100
AcDbSymbolTableRecord
100
AcDbLayerTableRecord
  2
SLOTS
 70
0
 62
3
  6
Continuous
370
-3
390
13
347
21
  0
ENDTAB
  0
TABLE
  2
STYLE
  5
5
330
0
100
AcDbSymbolTable
 70
26
  0
STYLE
  5
29
330
5
100
AcDbSymbolTableRecord
100
AcDbTextStyleTableRecord
  2
Standard
 70
0
 40
0.0
 41
1.0
 50
0.0
 71
0
 42
2.5
  3
txt
  4

  0
STYLE
  5
41
330
5
100
AcDbSymbolTableRecord
100
AcDbTextStyleTableRecord
  2
OpenSans-Light
 70
0
 40
0.0
 41
1.0
 50
0.0
 71
0
 42
2.5
  3
OpenSans-Light.ttf
  4

  0
STYLE
  5
42
330
5
100
AcDbSymbolTableRecord
100
AcDbTextStyleTableRecord
  2
OpenSans-Light-Italic
 70
0
 40
0.0
 41
1.0
 50
0.0
 71
0
 42
2.5
  3
OpenSans-LightItalic.ttf
  4

  0
STYLE
  5
43
330
5
100
AcDbSymbolTableRecord
100
AcDbTextStyleTableRecord
  2
OpenSans
 70
0
 40
0.0
 41
1.0
 50
0.0
 71
0
 42
2.5
  3
OpenSans-Regular.ttf
  4

  0
STYLE
  5
44
330
5
100
AcDbSymbolTableRecord
100
AcDbTextStyleTableRecord
  2
OpenSans-Italic
 70
0
 40
0.0
 41
1.0
 50
0.0
 71
0
 42
2.5
  3
OpenSans-Italic.ttf
  4

  0
STYLE
  5
45
330
5
100
AcDbSymbolTableRecord
100
AcDbTextStyleTableRecord
  2
OpenSans-SemiBold
 70
0
 40
0.0
 41
1.0
 50
0.0
 71
0
 42
2.5
  3
OpenSans-SemiBold.ttf
  4

  0
STYLE
  5
46
330
5
100
AcDbSymbolTableRecord
100
AcDbTextStyleTableRecord
  2
OpenSans-SemiBoldItalic
 70
0
 40
0.0
 41
1.0
 50
0.0
 71
0
 42
2.5
  3
OpenSans-SemiBoldItalic.ttf
  4

  0
STYLE
  5
47
330
5
100
AcDbSymbolTableRecord
100
AcDbTextStyleTableRecord
  2
OpenSans-Bold
 70
0
 40
0.0
 41
1.0
 50
0.0
 71
0
 42
2.5
  3
OpenSans-Bold.ttf
  4

  0
STYLE
  5
48
330
5
100
AcDbSymbolTableRecord
100
AcDbTextStyleTableRecord
  2
OpenSans-BoldItalic
 70
0
 40
0.0
 41
1.0
 50
0.0
 71
0
 42
2.5
  3
OpenSans-BoldItalic.ttf
  4

  0
STYLE
  5
49
330
5
100
AcDbSymbolTableRecord
100
AcDbTextStyleTableRecord
  2
OpenSans-ExtraBold
 70
0
 40
0.0
 41
1.0
 50
0.0
 71
0
 42
2.5
  3
OpenSans-ExtraBold.ttf
  4

  0
STYLE
  5
4A
330
5
100
AcDbSymbolTableRecord
100
AcDbTextStyleTableRecord
  2
OpenSans-ExtraBoldItalic
 70
0
 40
0.0
 41
1.0
 50
0.0
 71
0
 42
2.5
  3
OpenSans-ExtraBoldItalic.ttf
  4

  0
STYLE
  5
4B
330
5
100
AcDbSymbolTableRecord
100
AcDbTextStyleTableRecord
  2
OpenSansCondensed-Bold
 70
0
 40
0.0
 41
1.0
 50
0.0
 71
0
 42
2.5
  3
OpenSansCondensed-Bold.ttf
  4

  0
STYLE
  5
4C
330
5
100
AcDbSymbolTableRecord
100
AcDbTextStyleTableRecord
  2
OpenSansCondensed-Light
 70
0
 40
0.0
 41
1.0
 50
0.0
 71
0
 42
2.5
  3
OpenSansCondensed-Light.ttf
  4

  0
STYLE
  5
4D
330
5
100
AcDbSymbolTableRecord
100
AcDbTextStyleTableRecord
  2
OpenSansCondensed-Italic
 70
0
 40
0.0
 41
1.0
 50
0.0
 71
0
 42
2.5
  3
OpenSansCondensed-LightItalic.ttf
  4

  0
STYLE
  5
4E
330
5
100
AcDbSymbolTableRecord
100
AcDbTextStyleTableRecord
  2
LiberationSans
 70
0
 40
0.0
 41
1.0
 50
0.0
 71
0
 42
2.5
  3
LiberationSans-Regular.ttf
  4

  0
STYLE
  5
4F
330
5
100
AcDbSymbolTableRecord
100
AcDbTextStyleTableRecord
  2
LiberationSans-Bold
 70
0
 40
0.0
 41
1.0
 50
0.0
 71
0
 42
2.5
  3
LiberationSans-Bold.ttf
  4

  0
STYLE
  5
50
330
5
100
AcDbSymbolTableRecord
100
AcDbTextStyleTableRecord
  2
LiberationSans-BoldItalic
 70
0
 40
0.0
 41
1.0
 50
0.0
 71
0
 42
2.5
  3
LiberationSans-BoldItalic.ttf
  4

  0
STYLE
  5
51
330
5
100
AcDbSymbolTableRecord
100
AcDbTextStyleTableRecord
  2
LiberationSans-Italic
 70
0
 40
0.0
 41
1.0
 50
0.0
 71
0
 42
2.5
  3
LiberationSans-Italic.ttf
  4

  0
STYLE
  5
52
330
5
100
AcDbSymbolTableRecord
100
AcDbTextStyleTableRecord
  2
LiberationSerif
 70
0
 40
0.0
 41
1.0
 50
0.0
 71
0
 42
2.5
  3
LiberationSerif-Regular.ttf
  4

  0
STYLE
  5
53
330
5
100
AcDbSymbolTableRecord
100
AcDbTextStyleTableRecord
  2
LiberationSerif-Bold
 70
0
 40
0.0
 41
1.0
 50
0.0
 71
0
 42
2.5
  3
LiberationSerif-Bold.ttf
  4

  0
STYLE
  5
54
330
5
100
AcDbSymbolTableRecord
100
AcDbTextStyleTableRecord
  2
LiberationSerif-BoldItalic
 70
0
 40
0.0
 41
1.0
 50
0.0
 71
0
 42
2.5
  3
LiberationSerif-BoldItalic.ttf
  4

  0
STYLE
  5
55
330
5
100
AcDbSymbolTableRecord
100
AcDbTextStyleTableRecord
  2
LiberationSerif-Italic
 70
0
 40
0.0
 41
1.0
 50
0.0
 71
0
 42
2.5
  3
LiberationSerif-Italic.ttf
  4

  0
STYLE
  5
56
330
5
100
AcDbSymbolTableRecord
100
AcDbTextStyleTableRecord
  2
LiberationMono
 70
0
 40
0.0
 41
1.0
 50
0.0
 71
0
 42
2.5
  3
LiberationMono-Regular.ttf
  4

  0
STYLE
  5
57
330
5
100
AcDbSymbolTableRecord
100
AcDbTextStyleTableRecord
  2
LiberationMono-Bold
 70
0
 40
0.0
 41
1.0
 50
0.0
 71
0
 42
2.5
  3
LiberationMono-Bold.ttf
  4

  0
STYLE
  5
58
330
5
100
AcDbSymbolTableRecord
100
AcDbTextStyleTableRecord
  2
LiberationMono-BoldItalic
 70
0
 40
0.0
 41
1.0
 50
0.0
 71
0
 42
2.5
  3
LiberationMono-BoldItalic.ttf
  4

  0
STYLE
  5
59
330
5
100
AcDbSymbolTableRecord
100
AcDbTextStyleTableRecord
  2
LiberationMono-Italic
 70
0
 40
0.0
 41
1.0
 50
0.0
 71
0
 42
2.5
  3
LiberationMono-Italic.ttf
  4

  0
ENDTAB
  0
TABLE
  2
VIEW
  5
7
330
0
100
AcDbSymbolTable
 70
0
  0
ENDTAB
  0
TABLE
  2
UCS
  5
6
330
0
100
AcDbSymbolTable
 70
0
  0
ENDTAB
  0
TABLE
  2
APPID
  5
3
330
0
100
AcDbSymbolTable
 70
3
  0
APPID
  5
2A
330
3
100
AcDbSymbolTableRecord
100
AcDbRegAppTableRecord
  2
ACAD
 70
0
  0
APPID
  5
57D
330
3
100
AcDbSymbolTableRecord
100
AcDbRegAppTableRecord
  2
HATCHBACKGROUNDCOLOR
 70
0
  0
APPID
  5
57E
330
3
100
AcDbSymbolTableRecord
100
AcDbRegAppTableRecord
  2
EZDXF
 70
0
  0
ENDTAB
  0
TABLE
  2
DIMSTYLE
  5
4
330
0
100
AcDbSymbolTable
 70
12
100
AcDbDimStyleTable
  0
DIMSTYLE
105
2B
330
4
100
AcDbSymbolTableRecord
100
AcDbDimStyleTableRecord
  2
Standard
 70
0
 40
1.0
 41
2.5
 42
0.625
 43
3.75
 44
1.25
 45
0.0
 46
0.0
 47
0.0
 48
0.0
 49
2.5
140
2.5
141
2.5
142
0.0
143
0.03937007874
144
1.0
145
0.0
146
1.0
147
0.625
148
0.0
 69
0
 70
0
 71
0
 72
0
 73
0
 74
0
 75
0
 76
0
 77
1
 78
8
 79
3
170
0
171
3
172
1
173
0
174
0
175
0
176
0
177
0
178
0
179
2
271
2
272
2
273
2
274
3
275
0
276
0
277
2
278
44
279
0
280
0
281
0
282
0
283
0
284
8
285
0
286
0
288
0
289
3
290
0
371
-2
372
-2
  0
DIMSTYLE
105
73
330
4
100
AcDbSymbolTableRecord
100
AcDbDimStyleTableRecord
  2
EZDXF
 70
0
 40
1.0
 41
0.175
 42
0.125
 43
3.75
 44
0.375
 45
0.0
 46
0.0
 47
0.0
 48
0.0
 49
2.5
140
0.25
141
2.5
142
0.0
143
0.03937007874
144
100.0
145
0.0
146
0.5
147
0.1
148
0.0
 69
0
 70
0
 71
0
 72
0
 73
0
 74
0
 75
0
 76
0
 77
1
 78
12
 79
3
170
0
171
3
172
1
173
0
174
0
175
0
176
0
177
0
178
0
179
2
271
2
272
2
273
2
274
3
275
0
276
0
277
2
278
46
279
2
280
0
281
0
282
0
283
0
284
8
285
0
286
0
288
1
289
3
290
0
340
4C
342
74
371
-2
372
-2
  0
DIMSTYLE
105
7C
330
4
100
AcDbSymbolTableRecord
100
AcDbDimStyleTableRecord
  2
EZ_M_100_H25_CM
 70
0
 40
1.0
 41
0.25
 42
0.125
 43
3.75
 44
0.375
 45
0.0
 46
0.0
 47
0.0
 48
0.0
 49
2.5
140
0.25
141
2.5
142
0.125
143
0.03937007874
144
100.0
145
0.0
146
0.5
147
0.1
148
0.0
 69
0
 70
0
 71
0
 72
0
 73
0
 74
0
 75
0
 76
0
 77
1
 78
12
 79
3
170
0
171
3
172
1
173
0
174
0
175
0
176
0
177
0
178
0
179
2
271
2
272
2
273
2
274
3
275
0
276
0
277
2
278
46
279
2
280
0
281
0
282
0
283
0
284
8
285
0
286
0
288
1
289
3
290
0
340
4C
371
-2
372
-2
  0
DIMSTYLE
105
7D
330
4
100
AcDbSymbolTableRecord
100
AcDbDimStyleTableRecord
  2
EZ_M_50_H25_CM
 70
0
 40
1.0
 41
0.125
 42
0.0625
 43
3.75
 44
0.1875
 45
0.0
 46
0.0
 47
0.0
 48
0.0
 49
2.5
140
0.125
141
2.5
142
0.0625
143
0.03937007874
144
100.0
145
0.0
146
0.5
147
0.05
148
0.0
 69
0
 70
0
 71
0
 72
0
 73
0
 74
0
 75
0
 76
0
 77
1
 78
12
 79
3
170
0
171
3
172
1
173
0
174
0
175
0
176
0
177
0
178
0
179
2
271
2
272
2
273
2
274
3
275
0
276
0
277
2
278
46
279
2
280
0
281
0
282
0
283
0
284
8
285
0
286
0
288
1
289
3
290
0
340
4C
371
-2
372
-2
  0
DIMSTYLE
105
7E
330
4
100
AcDbSymbolTableRecord
100
AcDbDimStyleTableRecord
  2
EZ_M_25_H25_CM
 70
0
 40
1.0
 41
0.0625
 42
0.03125
 43
3.75
 44
0.09375
 45
0.0
 46
0.0
 47
0.0
 48
0.0
 49
2.5
140
0.0625
141
2.5
142
0.03125
143
0.03937007874
144
100.0
145
0.0
146
0.5
147
0.025
148
0.0
 69
0
 70
0
 71
0
 72
0
 73
0
 74
0
 75
0
 76
0
 77
1
 78
12
 79
3
170
0
171
3
172
1
173
0
174
0
175
0
176
0
177
0
178
0
179
2
271
2
272
2
273
2
274
3
275
0
276
0
277
2
278
46
279
2
280
0
281
0
282
0
283
0
284
8
285
0
286
0
288
1
289
3
290
0
340
4C
371
-2
372
-2
  0
DIMSTYLE
105
7F
330
4
100
AcDbSymbolTableRecord
100
AcDbDimStyleTableRecord
  2
EZ_M_20_H25_CM
 70
0
 40
1.0
 41
0.05
 42
0.025
 43
3.75
 44
0.07500000000000001
 45
0.0
 46
0.0
 47
0.0
 48
0.0
 49
2.5
140
0.05
141
2.5
142
0.025
143
0.03937007874
144
100.0
145
0.0
146
0.5
147
0.020000000000000004
148
0.0
 69
0
 70
0
 71
0
 72
0
 73
0
 74
0
 75
0
 76
0
 77
1
 78
12
 79
3
170
0
171
3
172
1
173
0
174
0
175
0
176
0
177
0
178
0
179
2
271
2
272
2
273
2
274
3
275
0
276
0
277
2
278
46
279
2
280
0
281
0
282
0
283
0
284
8
285
0
286
0
288
1
289
3
290
0
340
4C
371
-2
372
-2
  0
DIMSTYLE
105
80
330
4
100
AcDbSymbolTableRecord
100
AcDbDimStyleTableRecord
  2
EZ_M_10_H25_CM
 70
0
 40
1.0
 41
0.025
 42
0.0125
 43
3.75
 44
0.037500000000000006
 45
0.0
 46
0.0
 47
0.0
 48
0.0
 49
2.5
140
0.025
141
2.5
142
0.0125
143
0.03937007874
144
100.0
145
0.0
146
0.5
147
0.010000000000000002
148
0.0
 69
0
 70
0
 71
0
 72
0
 73
0
 74
0
 75
0
 76
0
 77
1
 78
12
 79
3
170
0
171
3
172
1
173
0
174
0
175
0
176
0
177
0
178
0
179
2
271
2
272
2
273
2
274
3
275
0
276
0
277
2
278
46
279
2
280
0
281
0
282
0
283
0
284
8
285
0
286
0
288
1
289
3
290
0
340
4C
371
-2
372
-2
  0
DIMSTYLE
105
81
330
4
100
AcDbSymbolTableRecord
100
AcDbDimStyleTableRecord
  2
EZ_M_5_H25_CM
 70
0
 40
1.0
 41
0.0125
 42
0.00625
 43
3.75
 44
0.018750000000000003
 45
0.0
 46
0.0
 47
0.0
 48
0.0
 49
2.5
140
0.0125
141
2.5
142
0.00625
143
0.03937007874
144
100.0
145
0.0
146
0.5
147
0.005000000000000001
148
0.0
 69
0
 70
0
 71
0
 72
0
 73
0
 74
0
 75
0
 76
0
 77
1
 78
12
 79
3
170
0
171
3
172
1
173
0
174
0
175
0
176
0
177
0
178
0
179
2
271
2
272
2
273
2
274
3
275
0
276
0
277
2
278
46
279
2
280
0
281
0
282
0
283
0
284
8
285
0
286
0
288
1
289
3
290
0
340
4C
371
-2
372
-2
  0
DIMSTYLE
105
82
330
4
100
AcDbSymbolTableRecord
100
AcDbDimStyleTableRecord
  2
EZ_M_1_H25_CM
 70
0
 40
1.0
 41
0.0025
 42
0.00125
 43
3.75
 44
0.00375
 45
0.0
 46
0.0
 47
0.0
 48
0.0
 49
2.5
140
0.0025
141
2.5
142
0.00125
143
0.03937007874
144
100.0
145
0.0
146
0.5
147
0.001
148
0.0
 69
0
 70
0
 71
0
 72
0
 73
0
 74
0
 75
0
 76
0
 77
1
 78
12
 79
3
170
0
171
3
172
1
173
0
174
0
175
0
176
0
177
0
178
0
179
2
271
2
272
2
273
2
274
3
275
0
276
0
277
2
278
46
279
2
280
0
281
0
282
0
283
0
284
8
285
0
286
0
288
1
289
3
290
0
340
4C
371
-2
372
-2
  0
DIMSTYLE
105
83
330
4
100
AcDbSymbolTableRecord
100
AcDbDimStyleTableRecord
  2
EZ_RADIUS
 70
0
 40
1.0
 41
0.25
 42
0.125
 43
3.75
 44
0.375
 45
0.0
 46
0.0
 47
0.0
 48
0.0
 49
2.5
140
0.25
141
0.0
142
0.0
143
0.03937007874
144
100.0
145
0.0
146
0.5
147
0.1
148
0.0
 69
0
 70
0
 71
0
 72
0
 73
0
 74
0
 75
0
 76
0
 77
1
 78
12
 79
3
170
0
171
3
172
0
173
0
174
0
175
0
176
0
177
0
178
0
179
2
271
2
272
2
273
2
274
3
275
0
276
0
277
2
278
46
279
1
280
0
281
0
282
0
283
0
284
8
285
0
286
0
288
1
289
3
290
0
340
4C
342
84
371
-2
372
-2
  0
DIMSTYLE
105
88
330
4
100
AcDbSymbolTableRecord
100
AcDbDimStyleTableRecord
  2
EZ_RADIUS_INSIDE
 70
0
 40
1.0
 41
0.25
 42
0.125
 43
3.75
 44
0.375
 45
0.0
 46
0.0
 47
0.0
 48
0.0
 49
2.5
140
0.25
141
0.0
142
0.0
143
0.03937007874
144
100.0
145
0.0
146
0.5
147
0.1
148
0.0
 69
0
 70
0
 71
0
 72
0
 73
0
 74
0
 75
0
 76
0
 77
0
 78
12
 79
3
170
0
171
3
172
0
173
0
174
1
175
0
176
0
177
0
178
0
179
2
271
2
272
2
273
2
274
3
275
0
276
0
277
2
278
46
279
0
280
0
281
0
282
0
283
0
284
8
285
0
286
0
288
1
289
0
290
0
340
4C
342
84
371
-2
372
-2
  0
DIMSTYLE
105
89
330
4
100
AcDbSymbolTableRecord
100
AcDbDimStyleTableRecord
  2
EZ_CURVED
 70
0
 40
1.0
 41
0.25
 42
0.125
 43
3.75
 44
0.375
 45
0.0
 46
0.0
 47
0.0
 48
0.0
 49
2.5
140
0.25
141
2.5
142
0.0
143
0.03937007874
144
100.0
145
0.0
146
0.5
147
0.1
148
0.0
 69
0
 70
0
 71
0
 72
0
 73
0
 74
0
 75
0
 76
0
 77
1
 78
12
 79
2
 90
2
170
0
171
3
172
1
173
0
174
0
175
0
176
0
177
0
178
0
179
2
271
2
272
2
273
2
274
3
275
0
276
0
277
2
278
46
279
2
280
0
281
0
282
0
283
0
284
8
285
0
286
0
288
1
289
3
290
0
340
4C
371
-2
372
-2
  0
ENDTAB
  0
TABLE
  2
BLOCK_RECORD
  5
9
330
0
100
AcDbSymbolTable
 70
5
  0
BLOCK_RECORD
  5
17
330
9
100
AcDbSymbolTableRecord
100
AcDbBlockTableRecord
  2
*Model_Space
340
1A
 70
0
280
1
281
0
  0
BLOCK_RECORD
  5
1B
330
9
100
AcDbSymbolTableRecord
100
AcDbBlockTableRecord
  2
*Paper_Space
340
1E
 70
0
280
1
281
0
  0
BLOCK_RECORD
  5
74
330
9
100
AcDbSymbolTableRecord
100
AcDbBlockTableRecord
  2
_ARCHTICK
340
0
 70
0
280
1
281
0
  0
BLOCK_RECORD
  5
78
330
9
100
AcDbSymbolTableRecord
100
AcDbBlockTableRecord
  2
_CLOSEDFILLED
340
0
 70
0
280
1
281
0
  0
BLOCK_RECORD
  5
84
330
9
100
AcDbSymbolTableRecord
100
AcDbBlockTableRecord
  2
_CLOSEDBLANK
340
0
 70
0
280
1
281
0
  0
ENDTAB
  0
ENDSEC
  0
SECTION
  2
BLOCKS
  0
BLOCK
  5
18
330
17
100
AcDbEntity
  8
0
100
AcDbBlockBegin
  2
*Model_Space
 70
0
 10
0.0
 20
0.0
 30
0.0
  3
*Model_Space
  1

  0
ENDBLK
  5
19
330
17
100
AcDbEntity
  8
0
100
AcDbBlockEnd
  0
BLOCK
  5
1C
330
1B
100
AcDbEntity
  8
0
100
AcDbBlockBegin
  2
*Paper_Space
 70
0
 10
0.0
 20
0.0
 30
0.0
  3
*Paper_Space
  1

  0
ENDBLK
  5
1D
330
1B
100
AcDbEntity
  8
0
100
AcDbBlockEnd
  0
BLOCK
  5
75
330
74
100
AcDbEntity
  8
0
100
AcDbBlockBegin
  2
_ARCHTICK
 70
0
 10
0.0
 20
0.0
 30
0.0
  3
_ARCHTICK
  1

  0
LWPOLYLINE
  5
77
330
74
100
AcDbEntity
  8
0
  6
BYBLOCK
 62
0
100
AcDbPolyline
 90
2
 70
0
 43
0.15
 10
-0.5
 20
-0.5
 10
0.5
 20
0.5
  0
ENDBLK
  5
76
330
74
100
AcDbEntity
  8
0
100
AcDbBlockEnd
  0
BLOCK
  5
79
330
78
100
AcDbEntity
  8
0
100
AcDbBlockBegin
  2
_CLOSEDFILLED
 70
0
 10
0.0
 20
0.0
 30
0.0
  3
_CLOSEDFILLED
  1

  0
SOLID
  5
7B
330
78
100
AcDbEntity
  8
0
  6
BYBLOCK
 62
0
100
AcDbTrace
 10
-1.0
 20
0.16439898372402537
 30
0.0
 11
0.0
 21
0.0
 31
0.0
 12
-1.0
 22
-0.16439898372402537
 32
0.0
 13
-1.0
 23
-0.16439898372402537
 33
0.0
  0
ENDBLK
  5
7A
330
78
100
AcDbEntity
  8
0
100
AcDbBlockEnd
  0
BLOCK
  5
85
330
84
100
AcDbEntity
  8
0
100
AcDbBlockBegin
  2
_CLOSEDBLANK
 70
0
 10
0.0
 20
0.0
 30
0.0
  3
_CLOSEDBLANK
  1

  0
LWPOLYLINE
  5
87
330
84
100
AcDbEntity
  8
0
  6
BYBLOCK
 62
0
100
AcDbPolyline
 90
3
 70
1
 10
-1.0
 20
0.16439898372402537
 10
0.0
 20
0.0
 10
-1.0
 20
-0.16439898372402537
  0
ENDBLK
  5
86
330
84
100
AcDbEntity
  8
0
100
AcDbBlockEnd
  0
ENDSEC
  0
SECTION
  2
ENTITIES
  0
LWPOLYLINE
  5
8C
330
17
100
AcDbEntity
  8
PROFILE
100
AcDbPolyline
 90
4
 70
1
 10
0.0
 20
0.0
 10
36.0
 20
0.0
 10
36.0
 20
31.0
 10
0.0
 20
31.0
  0
LINE
  5
8D
330
17
100
AcDbEntity
  8
SLOTS
100
AcDbLine
 10
1.317728959299873
 20
29.826262045530974
 30
0.0
 11
1.2401069580615143
 21
29.642938134247974
 31
0.0
  0
LINE
  5
8E
330
17
100
AcDbEntity
  8
SLOTS
100
AcDbLine
 10
1.0098930419384857
 20
29.740414043186025
 30
0.0
 11
1.0875150431768446
 21
29.923737954469026
 31
0.0
  0
ARC
  5
8F
330
17
100
AcDbEntity
  8
SLOTS
100
AcDbCircle
 10
1.125
 20
29.691676088717
 30
0.0
 40
0.125
100
AcDbArc
 50
-202.94850347038715
 51
-22.948503470387152
  0
ARC
  5
90
330
17
100
AcDbEntity
  8
SLOTS
100
AcDbCircle
 10
1.2026220012383588
 20
29.875
 30
0.0
 40
0.125
100
AcDbArc
 50
-22.948503470387152
 51
157.05149652961285
  0
LINE
  5
91
330
17
100
AcDbEntity
  8
SLOTS
100
AcDbLine
 10
2.132188845816022
 20
29.826262045530974
 30
0.0
 11
1.2401069580615143
 21
27.719385924858855
 31
0.0
  0
LINE
  5
92
330
17
100
AcDbEntity
  8
SLOTS
100
AcDbLine
 10
1.0098930419384857
 20
27.816861833796906
 30
0.0
 11
1.9019749296929935
 21
29.923737954469026
 31
0.0
  0
ARC
  5
93
330
17
100
AcDbEntity
  8
SLOTS
100
AcDbCircle
 10
1.125
 20
27.76812387932788
 30
0.0
 40
0.125
100
AcDbArc
 50
-202.94850347038707
 51
-22.948503470387067
  0
ARC
  5
94
330
17
100
AcDbEntity
  8
SLOTS
100
AcDbCircle
 10
2.017081887754508
 20
29.875
 30
0.0
 40
0.125
100
AcDbArc
 50
-22.948503470387067
 51
157.05149652961293
  0
LINE
  5
95
330
17
100
AcDbEntity
  8
SLOTS
100
AcDbLine
 10
33.174537584480824
 20
29.88794309903102
 30
0.0
 11
33.45332088151538
 21
27.210022049746104
 31
0.0
  0
LINE
  5
96
330
17
100
AcDbEntity
  8
SLOTS
100
AcDbLine
 10
33.204664683623804
 20
27.184135851684065
 30
0.0
 11
32.925881386589246
 21
29.86205690096898
 31
0.0
  0
ARC
  5
97
330
17
100
AcDbEntity
  8
SLOTS
100
AcDbCircle
 10
33.32899278256959
 20
27.197078950715085
 30
0.0
 40
0.125
100
AcDbArc
 50
-174.05666770944816
 51
5.943332290551851
  0
ARC
  5
98
330
17
100
AcDbEntity
  8
SLOTS
100
AcDbCircle
 10
33.050209485535035
 20
29.875
 30
0.0
 40
0.125
100
AcDbArc
 50
5.943332290551851
 51
185.94333229055184
  0
LINE
  5
99
330
17
100
AcDbEntity
  8
SLOTS
100
AcDbLine
 10
33.92859077756375
 20
29.88794309903102
 30
0.0
 11
34.534453299517814
 21
24.068182669436464
 31
0.0
  0
LINE
  5
9A
330
17
100
AcDbEntity
  8
SLOTS
100
AcDbLine
 10
34.28579710162624
 20
24.042296471374424
 30
0.0
 11
33.67993457967217
 21
29.86205690096898
 31
0.0
  0
ARC
  5
9B
330
17
100
AcDbEntity
  8
SLOTS
100
AcDbCircle
 10
34.410125200572026
 20
24.055239570405444
 30
0.0
 40
0.125
100
AcDbArc
 50
-174.0566677094481
 51
5.9433322905518935
  0
ARC
  5
9C
330
17
100
AcDbEntity
  8
SLOTS
100
AcDbCircle
 10
33.80426267861796
 20
29.875
 30
0.0
 40
0.125
100
AcDbArc
 50
5.9433322905518935
 51
185.9433322905519
  0
LINE
  5
9D
330
17
100
AcDbEntity
  8
SLOTS
100
AcDbLine
 10
34.68264397064667
 20
29.88794309903102
 30
0.0
 11
34.99932809894579
 21
26.845956358191557
 31
0.0
  0
LINE
  5
9E
330
17
100
AcDbEntity
  8
SLOTS
100
AcDbLine
 10
34.75067190105421
 20
26.820070160129518
 30
0.0
 11
34.433987772755096
 21
29.86205690096898
 31
0.0
  0
ARC
  5
9F
330
17
100
AcDbEntity
  8
SLOTS
100
AcDbCircle
 10
34.875
 20
26.833013259160538
 30
0.0
 40
0.125
100
AcDbArc
 50
-174.05666770944805
 51
5.943332290551936
  0
ARC
  5
A0
330
17
100
AcDbEntity
  8
SLOTS
100
AcDbCircle
 10
34.558315871700884
 20
29.875
 30
0.0
 40
0.125
100
AcDbArc
 50
5.943332290551936
 51
185.94333229055195
  0
LINE
  5
A1
330
17
100
AcDbEntity
  8
SLOTS
100
AcDbLine
 10
1.1952956942101267
 20
1.3354660206127393
 30
0.0
 11
1.352780195999903
 21
1.2283610921745527
 31
0.0
  0
LINE
  5
A2
330
17
100
AcDbEntity
  8
SLOTS
100
AcDbLine
 10
1.2121888075796496
 20
1.0216389078254473
 30
0.0
 11
1.0547043057898733
 21
1.128743836263634
 31
0.0
  0
ARC
  5
A3
330
17
100
AcDbEntity
  8
SLOTS
100
AcDbCircle
 10
1.2824845017897764
 20
1.125
 30
0.0
 40
0.125
100
AcDbArc
 50
-124.21954992006764
 51
55.78045007993236
  0
ARC
  5
A4
330
17
100
AcDbEntity
  8
SLOTS
100
AcDbCircle
 10
1.125
 20
1.2321049284381866
 30
0.0
 40
0.125
100
AcDbArc
 50
55.78045007993236
 51
235.78045007993236
  0
LINE
  5
A5
330
17
100
AcDbEntity
  8
SLOTS
100
AcDbLine
 10
1.1952956942101267
 20
2.2424804302677597
 30
0.0
 11
2.686432293093703
 21
1.2283610921745525
 31
0.0
  0
LINE
  5
A6
330
17
100
AcDbEntity
  8
SLOTS
100
AcDbLine
 10
2.545840904673449
 20
1.0216389078254475
 30
0.0
 11
1.0547043057898733
 21
2.0357582459186547
 31
0.0
  0
ARC
  5
A7
330
17
100
AcDbEntity
  8
SLOTS
100
AcDbCircle
 10
2.616136598883576
 20
1.125
 30
0.0
 40
0.125
100
AcDbArc
 50
-124.21954992006765
 51
55.78045007993235
  0
ARC
  5
A8
330
17
100
AcDbEntity
  8
SLOTS
100
AcDbCircle
 10
1.125
 20
2.139119338093207
 30
0.0
 40
0.125
100
AcDbArc
 50
55.78045007993235
 51
235.78045007993234
  0
LINE
  5
A9
330
17
100
AcDbEntity
  8
SLOTS
100
AcDbLine
 10
8.1651646172213
 20
2.6830620362996656
 30
0.0
 11
9.584324816663203
 21
1.2117803905692577
 31
0.0
  0
LINE
  5
AA
330
17
100
AcDbEntity
  8
SLOTS
100
AcDbLine
 10
9.404389674874311
 20
1.0382196094307423
 30
0.0
 11
7.985229475432409
 21
2.5095012551611506
 31
0.0
  0
ARC
  5
AB
330
17
100
AcDbEntity
  8
SLOTS
100
AcDbCircle
 10
9.494357245768757
 20
1.125
 30
0.0
 40
0.125
100
AcDbArc
 50
-136.0330653349042
 51
43.96693466509581
  0
ARC
  5
AC
330
17
100
AcDbEntity
  8
SLOTS
100
AcDbCircle
 10
8.075197046326855
 20
2.596281645730408
 30
0.0
 40
0.125
100
AcDbArc
 50
43.96693466509581
 51
223.9669346650958
  0
LINE
  5
AD
330
17
100
AcDbEntity
  8
SLOTS
100
AcDbLine
 10
8.080683150623198
 20
3.8509594342094573
 30
0.0
 11
10.626366955491116
 21
1.2117803905692577
 31
0.0
  0
LINE
  5
AE
330
17
100
AcDbEntity
  8
SLOTS
100
AcDbLine
 10
10.446431813702224
 20
1.0382196094307423
 30
0.0
 11
7.900748008834308
 21
3.6773986530709424
 31
0.0
  0
ARC
  5
AF
330
17
100
AcDbEntity
  8
SLOTS
100
AcDbCircle
 10
10.53639938459667
 20
1.125
 30
0.0
 40
0.125
100
AcDbArc
 50
-136.0330653349042
 51
43.96693466509581
  0
ARC
  5
B0
330
17
100
AcDbEntity
  8
SLOTS
100
AcDbCircle
 10
7.990715579728753
 20
3.7641790436402
 30
0.0
 40
0.125
100
AcDbArc
 50
43.96693466509581
 51
223.9669346650958
  0
LINE
  5
B1
330
17
100
AcDbEntity
  8
SLOTS
100
AcDbLine
 10
7.996201684025097
 20
5.0188568321192495
 30
0.0
 11
11.66840909431903
 21
1.2117803905692577
 31
0.0
  0
LINE
  5
B2
330
17
100
AcDbEntity
  8
SLOTS
100
AcDbLine
 10
11.488473952530137
 20
1.0382196094307423
 30
0.0
 11
7.816266542236207
 21
4.845296050980734
 31
0.0
  0
ARC
  5
B3
330
17
100
AcDbEntity
  8
SLOTS
100
AcDbCircle
 10
11.578441523424583
 20
1.125
 30
0.0
 40
0.125
100
AcDbArc
 50
-136.0330653349042
 51
43.96693466509581
  0
ARC
  5
B4
330
17
100
AcDbEntity
  8
SLOTS
100
AcDbCircle
 10
7.906234113130652
 20
4.932076441549992
 30
0.0
 40
0.125
100
AcDbArc
 50
43.96693466509581
 51
223.9669346650958
  0
LINE
  5
B5
330
17
100
AcDbEntity
  8
SLOTS
100
AcDbLine
 10
8.946146559831789
 20
5.1143365480515435
 30
0.0
 11
12.710451233146943
 21
1.2117803905692577
 31
0.0
  0
LINE
  5
B6
330
17
100
AcDbEntity
  8
SLOTS
100
AcDbLine
 10
12.53051609135805
 20
1.0382196094307423
 30
0.0
 11
8.766211418042896
 21
4.940775766913028
 31
0.0
  0
ARC
  5
B7
330
17
100
AcDbEntity
  8
SLOTS
100
AcDbCircle
 10
12.620483662252497
 20
1.125
 30
0.0
 40
0.125
100
AcDbArc
 50
-136.0330653349042
 51
43.96693466509581
  0
ARC
  5
B8
330
17
100
AcDbEntity
  8
SLOTS
100
AcDbCircle
 10
8.856178988937343
 20
5.027556157482286
 30
0.0
 40
0.125
100
AcDbArc
 50
43.96693466509581
 51
223.9669346650958
  0
LINE
  5
B9
330
17
100
AcDbEntity
  8
SLOTS
100
AcDbLine
 10
9.972413061954033
 20
5.130691576006728
 30
0.0
 11
13.752493371974854
 21
1.2117803905692577
 31
0.0
  0
LINE
  5
BA
330
17
100
AcDbEntity
  8
SLOTS
100
AcDbLine
 10
13.572558230185962
 20
1.0382196094307423
 30
0.0
 11
9.79247792016514
 21
4.957130794868212
 31
0.0
  0
ARC
  5
BB
330
17
100
AcDbEntity
  8
SLOTS
100
AcDbCircle
 10
13.662525801080408
 20
1.125
 30
0.0
 40
0.125
100
AcDbArc
 50
-136.0330653349042
 51
43.96693466509581
  0
ARC
  5
BC
330
17
100
AcDbEntity
  8
SLOTS
100
AcDbCircle
 10
9.882445491059586
 20
5.04391118543747
 30
0.0
 40
0.125
100
AcDbArc
 50
43.96693466509581
 51
223.9669346650958
  0
LINE
  5
BD
330
17
100
AcDbEntity
  8
SLOTS
100
AcDbLine
 10
10.998679564076282
 20
5.147046603961913
 30
0.0
 11
14.613966081684092
 21
1.398981586703989
 31
0.0
  0
LINE
  5
BE
330
17
100
AcDbEntity
  8
SLOTS
100
AcDbLine
 10
14.4340309398952
 20
1.2254208055654736
 30
0.0
 11
10.81874442228739
 21
4.973485822823397
 31
0.0
  0
ARC
  5
BF
330
17
100
AcDbEntity
  8
SLOTS
100
AcDbCircle
 10
14.523998510789646
 20
1.3122011961347313
 30
0.0
 40
0.125
100
AcDbArc
 50
-136.0330653349042
 51
43.96693466509581
  0
ARC
  5
C0
330
17
100
AcDbEntity
  8
SLOTS
100
AcDbCircle
 10
10.908711993181836
 20
5.060266213392655
 30
0.0
 40
0.125
100
AcDbArc
 50
43.96693466509581
 51
223.9669346650958
  0
LINE
  5
C1
330
17
100
AcDbEntity
  8
SLOTS
100
AcDbLine
 10
12.02494606619853
 20
5.163401631917098
 30
0.0
 11
12.566211468460322
 21
4.602257194432285
 31
0.0
  0
LINE
  5
C2
330
17
100
AcDbEntity
  8
SLOTS
100
AcDbLine
 10
12.38627632667143
 20
4.428696413293769
 30
0.0
 11
11.845010924409637
 21
4.989840850778582
 31
0.0
  0
ARC
  5
C3
330
17
100
AcDbEntity
  8
SLOTS
100
AcDbCircle
 10
12.476243897565876
 20
4.515476803863027
 30
0.0
 40
0.125
100
AcDbArc
 50
-136.03306533490417
 51
43.96693466509585
  0
ARC
  5
C4
330
17
100
AcDbEntity
  8
SLOTS
100
AcDbCircle
 10
11.934978495304083
 20
5.07662124134784
 30
0.0
 40
0.125
100
AcDbArc
 50
43.96693466509585
 51
223.96693466509583
  0
LINE
  5
C5
330
17
100
AcDbEntity
  8
SLOTS
100
AcDbLine
 10
3.077085994701289
 20
2.3165844415718144
 30
0.0
 11
3.8859903446745214
 21
3.7744526909039124
 31
0.0
  0
LINE
  5
C6
330
17
100
AcDbEntity
  8
SLOTS
100
AcDbLine
 10
4.104594718891018
 20
3.653159131415315
 30
0.0
 11
3.295690368917786
 21
2.195290882083217
 31
0.0
  0
ARC
  5
C7
330
17
100
AcDbEntity
  8
SLOTS
100
AcDbCircle
 10
3.99529253178277
 20
3.713805911159614
 30
0.0
 40
0.125
100
AcDbArc
 50
-29.023888634794844
 51
150.97611136520516
  0
ARC
  5
C8
330
17
100
AcDbEntity
  8
SLOTS
100
AcDbCircle
 10
3.1863881818095376
 20
2.2559376618275158
 30
0.0
 40
0.125
100
AcDbArc
 50
150.97611136520516
 51
330.97611136520516
  0
LINE
  5
C9
330
17
100
AcDbEntity
  8
SLOTS
100
AcDbLine
 10
2.3824792986901207
 20
2.6105484248387265
 30
0.0
 11
4.3000407922231645
 21
6.066521949590042
 31
0.0
  0
LINE
  5
CA
330
17
100
AcDbEntity
  8
SLOTS
100
AcDbLine
 10
4.518645166439661
 20
5.945228390101445
 30
0.0
 11
2.6010836729066176
 21
2.489254865350129
 31
0.0
  0
ARC
  5
CB
330
17
100
AcDbEntity
  8
SLOTS
100
AcDbCircle
 10
4.409342979331413
 20
6.005875169845743
 30
0.0
 40
0.125
100
AcDbArc
 50
-29.02388863479483
 51
150.97611136520516
  0
ARC
  5
CC
330
17
100
AcDbEntity
  8
SLOTS
100
AcDbCircle
 10
2.491781485798369
 20
2.549901645094428
 30
0.0
 40
0.125
100
AcDbArc
 50
150.97611136520516
 51
330.97611136520516
  0
LINE
  5
CD
330
17
100
AcDbEntity
  8
SLOTS
100
AcDbLine
 10
1.6878726026789523
 20
2.9045124081056386
 30
0.0
 11
3.4855027199388857
 21
6.144336587667929
 31
0.0
  0
LINE
  5
CE
330
17
100
AcDbEntity
  8
SLOTS
100
AcDbLine
 10
3.7041070941553826
 20
6.023043028179331
 30
0.0
 11
1.9064769768954488
 21
2.7832188486170413
 31
0.0
  0
ARC
  5
CF
330
17
100
AcDbEntity
  8
SLOTS
100
AcDbCircle
 10
3.594804907047134
 20
6.08368980792363
 30
0.0
 40
0.125
100
AcDbArc
 50
-29.02388863479483
 51
150.97611136520516
  0
ARC
  5
D0
330
17
100
AcDbEntity
  8
SLOTS
100
AcDbCircle
 10
1.7971747897872006
 20
2.84386562836134
 30
0.0
 40
0.125
100
AcDbArc
 50
150.97611136520516
 51
330.97611136520516
  0
LINE
  5
D1
330
17
100
AcDbEntity
  8
SLOTS
100
AcDbLine
 10
1.0156978128917518
 20
3.2389048596543697
 30
0.0
 11
2.6709646476546074
 21
6.222151225745816
 31
0.0
  0
LINE
  5
D2
330
17
100
AcDbEntity
  8
SLOTS
100
AcDbLine
 10
2.8895690218711043
 20
6.100857666257219
 30
0.0
 11
1.2343021871082482
 21
3.1176113001657724
 31
0.0
  0
ARC
  5
D3
330
17
100
AcDbEntity
  8
SLOTS
100
AcDbCircle
 10
2.780266834762856
 20
6.161504446001517
 30
0.0
 40
0.125
100
AcDbArc
 50
-29.02388863479483
 51
150.97611136520516
  0
ARC
  5
D4
330
17
100
AcDbEntity
  8
SLOTS
100
AcDbCircle
 10
1.125
 20
3.178258079910071
 30
0.0
 40
0.125
100
AcDbArc
 50
150.97611136520516
 51
330.97611136520516
  0
LINE
  5
D5
330
17
100
AcDbEntity
  8
SLOTS
100
AcDbLine
 10
1.0156978128917518
 20
4.7847412650706564
 30
0.0
 11
1.8564265753703288
 21
6.2999658638237035
 31
0.0
  0
LINE
  5
D6
330
17
100
AcDbEntity
  8
SLOTS
100
AcDbLine
 10
2.0750309495868255
 20
6.178672304335106
 30
0.0
 11
1.2343021871082482
 21
4.663447705582059
 31
0.0
  0
ARC
  5
D7
330
17
100
AcDbEntity
  8
SLOTS
100
AcDbCircle
 10
1.965728762478577
 20
6.239319084079405
 30
0.0
 40
0.125
100
AcDbArc
 50
-29.02388863479483
 51
150.97611136520516
  0
ARC
  5
D8
330
17
100
AcDbEntity
  8
SLOTS
100
AcDbCircle
 10
1.125
 20
4.724094485326358
 30
0.0
 40
0.125
100
AcDbArc
 50
150.97611136520516
 51
330.97611136520516
  0
LINE
  5
D9
330
17
100
AcDbEntity
  8
SLOTS
100
AcDbLine
 10
4.888344021155277
 20
25.01979938774339
 30
0.0
 11
2.3404991732229523
 21
26.602714586044222
 31
0.0
  0
LINE
  5
DA
330
17
100
AcDbEntity
  8
SLOTS
100
AcDbLine
 10
2.4724297818146046
 20
26.815068805490498
 30
0.0
 11
5.020274629746929
 21
25.232153607189666
 31
0.0
  0
ARC
  5
DB
330
17
100
AcDbEntity
  8
SLOTS
100
AcDbCircle
 10
2.4064644775187785
 20
26.70889169576736
 30
0.0
 40
0.125
100
AcDbArc
 50
58.14830233474447
 51
238.14830233474447
  0
ARC
  5
DC
330
17
100
AcDbEntity
  8
SLOTS
100
AcDbCircle
 10
4.954309325451103
 20
25.125976497466528
 30
0.0
 40
0.125
100
AcDbArc
 50
238.14830233474447
 51
418.14830233474447
  0
LINE
  5
DD
330
17
100
AcDbEntity
  8
SLOTS
100
AcDbLine
 10
5.832163881602955
 20
23.550467959324596
 30
0.0
 11
1.2348932695261476
 21
26.40664247421462
 31
0.0
  0
LINE
  5
DE
330
17
100
AcDbEntity
  8
SLOTS
100
AcDbLine
 10
1.3668238781178
 20
26.618996693660897
 30
0.0
 11
5.964094490194607
 21
23.76282217877087
 31
0.0
  0
ARC
  5
DF
330
17
100
AcDbEntity
  8
SLOTS
100
AcDbCircle
 10
1.3008585738219738
 20
26.51281958393776
 30
0.0
 40
0.125
100
AcDbArc
 50
58.148302334744415
 51
238.14830233474441
  0
ARC
  5
E0
330
17
100
AcDbEntity
  8
SLOTS
100
AcDbCircle
 10
5.898129185898781
 20
23.656645069047734
 30
0.0
 40
0.125
100
AcDbArc
 50
238.14830233474441
 51
418.1483023347444
  0
LINE
  5
E1
330
17
100
AcDbEntity
  8
SLOTS
100
AcDbLine
 10
6.032577058390512
 20
22.542997361654198
 30
0.0
 11
1.0590346957041739
 21
25.632940535265515
 31
0.0
  0
LINE
  5
E2
330
17
100
AcDbEntity
  8
SLOTS
100
AcDbLine
 10
1.1909653042958261
 20
25.84529475471179
 30
0.0
 11
6.164507666982164
 21
22.755351581100474
 31
0.0
  0
ARC
  5
E3
330
17
100
AcDbEntity
  8
SLOTS
100
AcDbCircle
 10
1.125
 20
25.739117644988653
 30
0.0
 40
0.125
100
AcDbArc
 50
58.148302334744386
 51
238.1483023347444
  0
ARC
  5
E4
330
17
100
AcDbEntity
  8
SLOTS
100
AcDbCircle
 10
6.098542362686338
 20
22.649174471377336
 30
0.0
 40
0.125
100
AcDbArc
 50
238.1483023347444
 51
418.14830233474436
  0
LINE
  5
E5
330
17
100
AcDbEntity
  8
SLOTS
100
AcDbLine
 10
4.652936415644232
 20
22.517176493206176
 30
0.0
 11
1.0590346957041739
 21
24.74998186136246
 31
0.0
  0
LINE
  5
E6
330
17
100
AcDbEntity
  8
SLOTS
100
AcDbLine
 10
1.1909653042958261
 20
24.962336080808736
 30
0.0
 11
4.784867024235885
 21
22.72953071265245
 31
0.0
  0
ARC
  5
E7
330
17
100
AcDbEntity
  8
SLOTS
100
AcDbCircle
 10
1.125
 20
24.8561589710856
 30
0.0
 40
0.125
100
AcDbArc
 50
58.148302334744415
 51
238.14830233474441
  0
ARC
  5
E8
330
17
100
AcDbEntity
  8
SLOTS
100
AcDbCircle
 10
4.7189017199400585
 20
22.623353602929313
 30
0.0
 40
0.125
100
AcDbArc
 50
238.14830233474441
 51
418.1483023347444
  0
LINE
  5
E9
330
17
100
AcDbEntity
  8
SLOTS
100
AcDbLine
 10
3.2732957728979466
 20
22.491355624758153
 30
0.0
 11
1.0590346957041739
 21
23.867023187459406
 31
0.0
  0
LINE
  5
EA
330
17
100
AcDbEntity
  8
SLOTS
100
AcDbLine
 10
1.1909653042958261
 20
24.07937740690568
 30
0.0
 11
3.405226381489599
 21
22.70370984420443
 31
0.0
  0
ARC
  5
EB
330
17
100
AcDbEntity
  8
SLOTS
100
AcDbCircle
 10
1.125
 20
23.973200297182544
 30
0.0
 40
0.125
100
AcDbArc
 50
58.148302334744386
 51
238.1483023347444
  0
ARC
  5
EC
330
17
100
AcDbEntity
  8
SLOTS
100
AcDbCircle
 10
3.3392610771937727
 20
22.59753273448129
 30
0.0
 40
0.125
100
AcDbArc
 50
238.1483023347444
 51
418.14830233474436
  0
LINE
  5
ED
330
17
100
AcDbEntity
  8
SLOTS
100
AcDbLine
 10
1.8936551301516669
 20
22.465534756310134
 30
0.0
 11
1.0590346957041739
 21
22.984064513556355
 31
0.0
  0
LINE
  5
EE
330
17
100
AcDbEntity
  8
SLOTS
100
AcDbLine
 10
1.1909653042958261
 20
23.19641873300263
 30
0.0
 11
2.0255857387433194
 21
22.67788897575641
 31
0.0
  0
ARC
  5
EF
330
17
100
AcDbEntity
  8
SLOTS
100
AcDbCircle
 10
1.125
 20
23.090241623279493
 30
0.0
 40
0.125
100
AcDbArc
 50
58.148302334744415
 51
238.14830233474441
  0
ARC
  5
F0
330
17
100
AcDbEntity
  8
SLOTS
100
AcDbCircle
 10
1.959620434447493
 20
22.571711866033272
 30
0.0
 40
0.125
100
AcDbArc
 50
238.14830233474441
 51
418.1483023347444
  0
LINE
  5
F1
330
17
100
AcDbEntity
  8
SLOTS
100
AcDbLine
 10
1.1298384044422825
 20
18.0385694048832
 30
0.0
 11
1.3558424777139355
 21
18.029814851272814
 31
0.0
  0
LINE
  5
F2
330
17
100
AcDbEntity
  8
SLOTS
100
AcDbLine
 10
1.3461656688293706
 20
17.780002202734334
 30
0.0
 11
1.1201615955577175
 21
17.78875675634472
 31
0.0
  0
ARC
  5
F3
330
17
100
AcDbEntity
  8
SLOTS
100
AcDbCircle
 10
1.351004073271653
 20
17.904908527003574
 30
0.0
 40
0.125
100
AcDbArc
 50
-92.21831540016085
 51
87.78168459983915
  0
ARC
  5
F4
330
17
100
AcDbEntity
  8
SLOTS
100
AcDbCircle
 10
1.125
 20
17.91366308061396
 30
0.0
 40
0.125
100
AcDbArc
 50
87.78168459983915
 51
267.78168459983914
  0
LINE
  5
F5
330
17
100
AcDbEntity
  8
SLOTS
100
AcDbLine
 10
1.1298384044422833
 20
18.78913188079049
 30
0.0
 11
2.5858403818337963
 21
18.73273180275922
 31
0.0
  0
LINE
  5
F6
330
17
100
AcDbEntity
  8
SLOTS
100
AcDbLine
 10
2.57616357294923
 20
18.48291915422074
 30
0.0
 11
1.1201615955577167
 21
18.53931923225201
 31
0.0
  0
ARC
  5
F7
330
17
100
AcDbEntity
  8
SLOTS
100
AcDbCircle
 10
2.581001977391513
 20
18.60782547848998
 30
0.0
 40
0.125
100
AcDbArc
 50
-92.21831540016119
 51
87.78168459983881
  0
ARC
  5
F8
330
17
100
AcDbEntity
  8
SLOTS
100
AcDbCircle
 10
1.125
 20
18.66422555652125
 30
0.0
 40
0.125
100
AcDbArc
 50
87.78168459983881
 51
267.7816845998388
  0
LINE
  5
F9
330
17
100
AcDbEntity
  8
SLOTS
100
AcDbLine
 10
1.1298384044422833
 20
19.539694356697773
 30
0.0
 11
2.665397276409155
 21
19.48021254173781
 31
0.0
  0
LINE
  5
FA
330
17
100
AcDbEntity
  8
SLOTS
100
AcDbLine
 10
2.655720467524589
 20
19.23039989319933
 30
0.0
 11
1.1201615955577167
 21
19.289881708159292
 31
0.0
  0
ARC
  5
FB
330
17
100
AcDbEntity
  8
SLOTS
100
AcDbCircle
 10
2.660558871966872
 20
19.35530621746857
 30
0.0
 40
0.125
100
AcDbArc
 50
-92.2183154001612
 51
87.7816845998388
  0
ARC
  5
FC
330
17
100
AcDbEntity
  8
SLOTS
100
AcDbCircle
 10
1.125
 20
19.414788032428532
 30
0.0
 40
0.125
100
AcDbArc
 50
87.7816845998388
 51
267.7816845998388
  0
LINE
  5
FD
330
17
100
AcDbEntity
  8
SLOTS
100
AcDbLine
 10
1.1298384044422833
 20
20.290256832605056
 30
0.0
 11
2.1233649453880137
 21
20.251771325507143
 31
0.0
  0
LINE
  5
FE
330
17
100
AcDbEntity
  8
SLOTS
100
AcDbLine
 10
2.1136881365034474
 20
20.001958676968663
 30
0.0
 11
1.1201615955577167
 21
20.040444184066576
 31
0.0
  0
ARC
  5
FF
330
17
100
AcDbEntity
  8
SLOTS
100
AcDbCircle
 10
2.1185265409457306
 20
20.126865001237903
 30
0.0
 40
0.125
100
AcDbArc
 50
-92.21831540016119
 51
87.78168459983881
  0
ARC
  5
100
330
17
100
AcDbEntity
  8
SLOTS
100
AcDbCircle
 10
1.125
 20
20.165350508335816
 30
0.0
 40
0.125
100
AcDbArc
 50
87.78168459983881
 51
267.7816845998388
  0
LINE
  5
101
330
17
100
AcDbEntity
  8
SLOTS
100
AcDbLine
 10
1.1298384044422831
 20
21.040819308512344
 30
0.0
 11
1.58133261436687
 21
21.02333010927648
 31
0.0
  0
LINE
  5
102
330
17
100
AcDbEntity
  8
SLOTS
100
AcDbLine
 10
1.5716558054823038
 20
20.773517460738
 30
0.0
 11
1.1201615955577169
 21
20.791006659973863
 31
0.0
  0
ARC
  5
103
330
17
100
AcDbEntity
  8
SLOTS
100
AcDbCircle
 10
1.5764942099245869
 20
20.89842378500724
 30
0.0
 40
0.125
100
AcDbArc
 50
-92.21831540016115
 51
87.78168459983885
  0
ARC
  5
104
330
17
100
AcDbEntity
  8
SLOTS
100
AcDbCircle
 10
1.125
 20
20.915912984243104
 30
0.0
 40
0.125
100
AcDbArc
 50
87.78168459983885
 51
267.78168459983885
  0
LINE
  5
105
330
17
100
AcDbEntity
  8
SLOTS
100
AcDbLine
 10
7.565615057279175
 20
1.224606841006557
 30
0.0
 11
7.713025952595859
 21
1.3363729863356664
 31
0.0
  0
LINE
  5
106
330
17
100
AcDbEntity
  8
SLOTS
100
AcDbLine
 10
7.864068691245481
 20
1.1371593043225525
 30
0.0
 11
7.716657795928797
 21
1.025393158993443
 31
0.0
  0
ARC
  5
107
330
17
100
AcDbEntity
  8
SLOTS
100
AcDbCircle
 10
7.78854732192067
 20
1.2367661453291094
 30
0.0
 40
0.125
100
AcDbArc
 50
-52.83079203197529
 51
127.16920796802471
  0
ARC
  5
108
330
17
100
AcDbEntity
  8
SLOTS
100
AcDbCircle
 10
7.641136426603986
 20
1.125
 30
0.0
 40
0.125
100
AcDbArc
 50
127.16920796802471
 51
307.1692079680247
  0
LINE
  5
109
330
17
100
AcDbEntity
  8
SLOTS
100
AcDbLine
 10
7.106914100728878
 20
3.9666584275516032
 30
0.0
 11
6.165295927839237
 21
5.996119871419927
 31
0.0
  0
LINE
  5
10A
330
17
100
AcDbEntity
  8
SLOTS
100
AcDbLine
 10
6.392075127247814
 20
6.101339616314146
 30
0.0
 11
7.333693300137456
 21
4.071878172445823
 31
0.0
  0
ARC
  5
10B
330
17
100
AcDbEntity
  8
SLOTS
100
AcDbCircle
 10
6.278685527543526
 20
6.048729743867036
 30
0.0
 40
0.125
100
AcDbArc
 50
24.890093585744324
 51
204.89009358574432
  0
ARC
  5
10C
330
17
100
AcDbEntity
  8
SLOTS
100
AcDbCircle
 10
7.220303700433167
 20
4.019268299998713
 30
0.0
 40
0.125
100
AcDbArc
 50
204.89009358574432
 51
384.89009358574435
  0
LINE
  5
10D
330
17
100
AcDbEntity
  8
SLOTS
100
AcDbLine
 10
7.249281063494308
 20
1.8778312206511167
 30
0.0
 11
5.459360751984724
 21
5.73563087277319
 31
0.0
  0
LINE
  5
10E
330
17
100
AcDbEntity
  8
SLOTS
100
AcDbLine
 10
5.686139951393301
 20
5.840850617667409
 30
0.0
 11
7.476060262902886
 21
1.9830509655453368
 31
0.0
  0
ARC
  5
10F
330
17
100
AcDbEntity
  8
SLOTS
100
AcDbCircle
 10
5.572750351689012
 20
5.7882407452203
 30
0.0
 40
0.125
100
AcDbArc
 50
24.890093585744324
 51
204.89009358574432
  0
ARC
  5
110
330
17
100
AcDbEntity
  8
SLOTS
100
AcDbCircle
 10
7.362670663198597
 20
1.9304410930982268
 30
0.0
 40
0.125
100
AcDbArc
 50
204.89009358574432
 51
384.89009358574435
  0
LINE
  5
111
330
17
100
AcDbEntity
  8
SLOTS
100
AcDbLine
 10
6.589204668358514
 20
1.518503191481169
 30
0.0
 11
5.090144070896268
 21
4.749415436128767
 31
0.0
  0
LINE
  5
112
330
17
100
AcDbEntity
  8
SLOTS
100
AcDbLine
 10
5.316923270304845
 20
4.854635181022986
 30
0.0
 11
6.815983867767091
 21
1.6237229363753891
 31
0.0
  0
ARC
  5
113
330
17
100
AcDbEntity
  8
SLOTS
100
AcDbCircle
 10
5.203533670600557
 20
4.802025308575876
 30
0.0
 40
0.125
100
AcDbArc
 50
24.890093585744324
 51
204.89009358574432
  0
ARC
  5
114
330
17
100
AcDbEntity
  8
SLOTS
100
AcDbCircle
 10
6.702594268062803
 20
1.571113063928279
 30
0.0
 40
0.125
100
AcDbArc
 50
204.89009358574432
 51
384.89009358574435
  0
LINE
  5
115
330
17
100
AcDbEntity
  8
SLOTS
100
AcDbLine
 10
5.929128273222719
 20
1.1591751623112216
 30
0.0
 11
4.720927389807812
 21
3.7631999994843435
 31
0.0
  0
LINE
  5
116
330
17
100
AcDbEntity
  8
SLOTS
100
AcDbLine
 10
4.94770658921639
 20
3.8684197443785635
 30
0.0
 11
6.155907472631296
 21
1.2643949072054417
 31
0.0
  0
ARC
  5
117
330
17
100
AcDbEntity
  8
SLOTS
100
AcDbCircle
 10
4.834316989512101
 20
3.8158098719314535
 30
0.0
 40
0.125
100
AcDbArc
 50
24.890093585744324
 51
204.89009358574432
  0
ARC
  5
118
330
17
100
AcDbEntity
  8
SLOTS
100
AcDbCircle
 10
6.042517872927007
 20
1.2117850347583317
 30
0.0
 40
0.125
100
AcDbArc
 50
204.89009358574432
 51
384.89009358574435
  0
LINE
  5
119
330
17
100
AcDbEntity
  8
SLOTS
100
AcDbLine
 10
5.14259890347777
 20
1.07239012755289
 30
0.0
 11
4.351710708719356
 21
2.7769845628399192
 31
0.0
  0
LINE
  5
11A
330
17
100
AcDbEntity
  8
SLOTS
100
AcDbLine
 10
4.578489908127933
 20
2.8822043077341393
 30
0.0
 11
5.369378102886348
 21
1.17760987244711
 31
0.0
  0
ARC
  5
11B
330
17
100
AcDbEntity
  8
SLOTS
100
AcDbCircle
 10
4.4651003084236445
 20
2.8295944352870293
 30
0.0
 40
0.125
100
AcDbArc
 50
24.890093585744353
 51
204.89009358574435
  0
ARC
  5
11C
330
17
100
AcDbEntity
  8
SLOTS
100
AcDbCircle
 10
5.255988503182059
 20
1.125
 30
0.0
 40
0.125
100
AcDbArc
 50
204.89009358574435
 51
384.89009358574435
  0
LINE
  5
11D
330
17
100
AcDbEntity
  8
SLOTS
100
AcDbLine
 10
4.175207912436985
 20
1.3754145693565967
 30
0.0
 11
3.9824940276309
 21
1.790769126195497
 31
0.0
  0
LINE
  5
11E
330
17
100
AcDbEntity
  8
SLOTS
100
AcDbLine
 10
4.2092732270394775
 20
1.8959888710897166
 30
0.0
 11
4.401987111845562
 21
1.4806343142508163
 31
0.0
  0
ARC
  5
11F
330
17
100
AcDbEntity
  8
SLOTS
100
AcDbCircle
 10
4.095883627335189
 20
1.8433789986426068
 30
0.0
 40
0.125
100
AcDbArc
 50
24.890093585744253
 51
204.89009358574424
  0
ARC
  5
120
330
17
100
AcDbEntity
  8
SLOTS
100
AcDbCircle
 10
4.288597512141274
 20
1.4280244418037065
 30
0.0
 40
0.125
100
AcDbArc
 50
204.89009358574424
 51
384.89009358574424
  0
LINE
  5
121
330
17
100
AcDbEntity
  8
SLOTS
100
AcDbLine
 10
1.6468009466094344
 20
7.435811547655059
 30
0.0
 11
2.9126718341992994
 21
7.02484902766222
 31
0.0
  0
LINE
  5
122
330
17
100
AcDbEntity
  8
SLOTS
100
AcDbLine
 10
2.8354760119379456
 20
6.7870659226581145
 30
0.0
 11
1.5696051243480806
 21
7.198028442650954
 31
0.0
  0
ARC
  5
123
330
17
100
AcDbEntity
  8
SLOTS
100
AcDbCircle
 10
2.8740739230686225
 20
6.905957475160167
 30
0.0
 40
0.125
100
AcDbArc
 50
-107.98592113673993
 51
72.01407886326007
  0
ARC
  5
124
330
17
100
AcDbEntity
  8
SLOTS
100
AcDbCircle
 10
1.6082030354787575
 20
7.316919995153007
 30
0.0
 40
0.125
100
AcDbArc
 50
72.01407886326007
 51
252.01407886326007
  0
LINE
  5
125
330
17
100
AcDbEntity
  8
SLOTS
100
AcDbLine
 10
1.6975034943530425
 20
8.207884799592016
 30
0.0
 11
5.85691154198581
 21
6.857541072051074
 31
0.0
  0
LINE
  5
126
330
17
100
AcDbEntity
  8
SLOTS
100
AcDbLine
 10
5.779715719724456
 20
6.619757967046969
 30
0.0
 11
1.6203076720916887
 21
7.97010169458791
 31
0.0
  0
ARC
  5
127
330
17
100
AcDbEntity
  8
SLOTS
100
AcDbCircle
 10
5.818313630855133
 20
6.738649519549021
 30
0.0
 40
0.125
100
AcDbArc
 50
-107.98592113673993
 51
72.01407886326007
  0
ARC
  5
128
330
17
100
AcDbEntity
  8
SLOTS
100
AcDbCircle
 10
1.6589055832223656
 20
8.088993247089963
 30
0.0
 40
0.125
100
AcDbArc
 50
72.01407886326007
 51
252.01407886326007
  0
LINE
  5
129
330
17
100
AcDbEntity
  8
SLOTS
100
AcDbLine
 10
1.7482060420966503
 20
8.979958051528971
 30
0.0
 11
6.42133568244424
 21
7.46283560872839
 31
0.0
  0
LINE
  5
12A
330
17
100
AcDbEntity
  8
SLOTS
100
AcDbLine
 10
6.344139860182886
 20
7.225052503724284
 30
0.0
 11
1.6710102198352965
 21
8.742174946524866
 31
0.0
  0
ARC
  5
12B
330
17
100
AcDbEntity
  8
SLOTS
100
AcDbCircle
 10
6.382737771313563
 20
7.343944056226337
 30
0.0
 40
0.125
100
AcDbArc
 50
-107.98592113673993
 51
72.01407886326007
  0
ARC
  5
12C
330
17
100
AcDbEntity
  8
SLOTS
100
AcDbCircle
 10
1.7096081309659734
 20
8.861066499026919
 30
0.0
 40
0.125
100
AcDbArc
 50
72.01407886326007
 51
252.01407886326007
  0
LINE
  5
12D
330
17
100
AcDbEntity
  8
SLOTS
100
AcDbLine
 10
1.7989085898402586
 20
9.752031303465929
 30
0.0
 11
6.631570493961271
 21
8.183117021716184
 31
0.0
  0
LINE
  5
12E
330
17
100
AcDbEntity
  8
SLOTS
100
AcDbLine
 10
6.554374671699917
 20
7.9453339167120784
 30
0.0
 11
1.7217127675789048
 21
9.514248198461823
 31
0.0
  0
ARC
  5
12F
330
17
100
AcDbEntity
  8
SLOTS
100
AcDbCircle
 10
6.592972582830594
 20
8.064225469214131
 30
0.0
 40
0.125
100
AcDbArc
 50
-107.98592113673993
 51
72.01407886326007
  0
ARC
  5
130
330
17
100
AcDbEntity
  8
SLOTS
100
AcDbCircle
 10
1.7603106787095817
 20
9.633139750963876
 30
0.0
 40
0.125
100
AcDbArc
 50
72.01407886326007
 51
252.01407886326007
  0
LINE
  5
131
330
17
100
AcDbEntity
  8
SLOTS
100
AcDbLine
 10
1.939739027376321
 20
10.494844711390465
 30
0.0
 11
6.723390299730191
 21
8.941841635858452
 31
0.0
  0
LINE
  5
132
330
17
100
AcDbEntity
  8
SLOTS
100
AcDbLine
 10
6.646194477468837
 20
8.704058530854347
 30
0.0
 11
1.8625432051149673
 21
10.25706160638636
 31
0.0
  0
ARC
  5
133
330
17
100
AcDbEntity
  8
SLOTS
100
AcDbCircle
 10
6.684792388599514
 20
8.8229500833564
 30
0.0
 40
0.125
100
AcDbArc
 50
-107.98592113673993
 51
72.01407886326007
  0
ARC
  5
134
330
17
100
AcDbEntity
  8
SLOTS
100
AcDbCircle
 10
1.9011411162456442
 20
10.375953158888413
 30
0.0
 40
0.125
100
AcDbArc
 50
72.01407886326007
 51
252.01407886326007
  0
LINE
  5
135
330
17
100
AcDbEntity
  8
SLOTS
100
AcDbLine
 10
3.072137519299335
 20
10.915747480267834
 30
0.0
 11
6.791092616614103
 21
9.7083959458293
 31
0.0
  0
LINE
  5
136
330
17
100
AcDbEntity
  8
SLOTS
100
AcDbLine
 10
6.713896794352749
 20
9.470612840825195
 30
0.0
 11
2.9949416970379814
 21
10.677964375263729
 31
0.0
  0
ARC
  5
137
330
17
100
AcDbEntity
  8
SLOTS
100
AcDbCircle
 10
6.752494705483426
 20
9.589504393327248
 30
0.0
 40
0.125
100
AcDbArc
 50
-107.98592113673993
 51
72.01407886326007
  0
ARC
  5
138
330
17
100
AcDbEntity
  8
SLOTS
100
AcDbCircle
 10
3.0335396081686583
 20
10.796855927765781
 30
0.0
 40
0.125
100
AcDbArc
 50
72.01407886326007
 51
252.01407886326007
  0
LINE
  5
139
330
17
100
AcDbEntity
  8
SLOTS
100
AcDbLine
 10
4.5721371067738925
 20
11.217309268906988
 30
0.0
 11
6.36336807397664
 21
10.635789621534109
 31
0.0
  0
LINE
  5
13A
330
17
100
AcDbEntity
  8
SLOTS
100
AcDbLine
 10
6.2861722517152865
 20
10.398006516530003
 30
0.0
 11
4.494941284512539
 21
10.979526163902882
 31
0.0
  0
ARC
  5
13B
330
17
100
AcDbEntity
  8
SLOTS
100
AcDbCircle
 10
6.324770162845963
 20
10.516898069032056
 30
0.0
 40
0.125
100
AcDbArc
 50
-107.98592113673992
 51
72.01407886326008
  0
ARC
  5
13C
330
17
100
AcDbEntity
  8
SLOTS
100
AcDbCircle
 10
4.533539195643216
 20
11.098417716404935
 30
0.0
 40
0.125
100
AcDbArc
 50
72.01407886326008
 51
252.0140788632601
  0
LINE
  5
13D
330
17
100
AcDbEntity
  8
SLOTS
100
AcDbLine
 10
12.43110893989108
 20
7.458788738483823
 30
0.0
 11
11.17450616695561
 21
7.872320972661491
 31
0.0
  0
LINE
  5
13E
330
17
100
AcDbEntity
  8
SLOTS
100
AcDbLine
 10
11.252655086308991
 20
8.10979254233647
 30
0.0
 11
12.509257859244462
 21
7.696260308158801
 31
0.0
  0
ARC
  5
13F
330
17
100
AcDbEntity
  8
SLOTS
100
AcDbCircle
 10
11.2135806266323
 20
7.99105675749898
 30
0.0
 40
0.125
100
AcDbArc
 50
71.78427210683716
 51
251.78427210683716
  0
ARC
  5
140
330
17
100
AcDbEntity
  8
SLOTS
100
AcDbCircle
 10
12.470183399567771
 20
7.577524523321312
 30
0.0
 40
0.125
100
AcDbArc
 50
251.78427210683716
 51
431.7842721068372
  0
LINE
  5
141
330
17
100
AcDbEntity
  8
SLOTS
100
AcDbLine
 10
12.237327955153262
 20
6.732991432779379
 30
0.0
 11
9.142037904577709
 21
7.751612621281362
 31
0.0
  0
LINE
  5
142
330
17
100
AcDbEntity
  8
SLOTS
100
AcDbLine
 10
9.220186823931094
 20
7.989084190956341
 30
0.0
 11
12.315476874506647
 21
6.970463002454357
 31
0.0
  0
ARC
  5
143
330
17
100
AcDbEntity
  8
SLOTS
100
AcDbCircle
 10
9.181112364254401
 20
7.870348406118851
 30
0.0
 40
0.125
100
AcDbArc
 50
71.78427210683714
 51
251.78427210683714
  0
ARC
  5
144
330
17
100
AcDbEntity
  8
SLOTS
100
AcDbCircle
 10
12.276402414829954
 20
6.851727217616868
 30
0.0
 40
0.125
100
AcDbArc
 50
251.78427210683714
 51
431.78427210683714
  0
LINE
  5
145
330
17
100
AcDbEntity
  8
SLOTS
100
AcDbLine
 10
12.043546970415445
 20
6.007194127074933
 30
0.0
 11
7.231646004378707
 21
7.590730468060741
 31
0.0
  0
LINE
  5
146
330
17
100
AcDbEntity
  8
SLOTS
100
AcDbLine
 10
7.30979492373209
 20
7.8282020377357195
 30
0.0
 11
12.12169588976883
 21
6.2446656967499115
 31
0.0
  0
ARC
  5
147
330
17
100
AcDbEntity
  8
SLOTS
100
AcDbCircle
 10
7.270720464055398
 20
7.70946625289823
 30
0.0
 40
0.125
100
AcDbArc
 50
71.78427210683714
 51
251.78427210683714
  0
ARC
  5
148
330
17
100
AcDbEntity
  8
SLOTS
100
AcDbCircle
 10
12.082621430092138
 20
6.125929911912422
 30
0.0
 40
0.125
100
AcDbArc
 50
251.78427210683714
 51
431.78427210683714
  0
LINE
  5
149
330
17
100
AcDbEntity
  8
SLOTS
100
AcDbLine
 10
10.615507777193635
 20
5.687575739242988
 30
0.0
 11
7.021384258141841
 21
6.8703567745513645
 31
0.0
  0
LINE
  5
14A
330
17
100
AcDbEntity
  8
SLOTS
100
AcDbLine
 10
7.099533177495224
 20
7.107828344226343
 30
0.0
 11
10.693656696547016
 21
5.925047308917967
 31
0.0
  0
ARC
  5
14B
330
17
100
AcDbEntity
  8
SLOTS
100
AcDbCircle
 10
7.060458717818532
 20
6.989092559388854
 30
0.0
 40
0.125
100
AcDbArc
 50
71.78427210683714
 51
251.78427210683714
  0
ARC
  5
14C
330
17
100
AcDbEntity
  8
SLOTS
100
AcDbCircle
 10
10.654582236870326
 20
5.806311524080478
 30
0.0
 40
0.125
100
AcDbArc
 50
251.78427210683714
 51
431.78427210683714
  0
LINE
  5
14D
330
17
100
AcDbEntity
  8
SLOTS
100
AcDbLine
 10
8.327062889472941
 20
5.651106089268859
 30
0.0
 11
7.308110231261496
 21
5.9864306471537025
 31
0.0
  0
LINE
  5
14E
330
17
100
AcDbEntity
  8
SLOTS
100
AcDbLine
 10
7.38625915061488
 20
6.223902216828681
 30
0.0
 11
8.405211808826326
 21
5.888577658943838
 31
0.0
  0
ARC
  5
14F
330
17
100
AcDbEntity
  8
SLOTS
100
AcDbCircle
 10
7.347184690938188
 20
6.105166431991192
 30
0.0
 40
0.125
100
AcDbArc
 50
71.78427210683708
 51
251.78427210683708
  0
ARC
  5
150
330
17
100
AcDbEntity
  8
SLOTS
100
AcDbCircle
 10
8.366137349149634
 20
5.769841874106349
 30
0.0
 40
0.125
100
AcDbArc
 50
251.78427210683708
 51
431.7842721068371
  0
LINE
  5
151
330
17
100
AcDbEntity
  8
SLOTS
100
AcDbLine
 10
5.754672170370662
 20
28.897890859709786
 30
0.0
 11
6.022923150740537
 21
29.907110129401765
 31
0.0
  0
LINE
  5
152
330
17
100
AcDbEntity
  8
SLOTS
100
AcDbLine
 10
6.264533908694748
 20
29.842889870598235
 30
0.0
 11
5.996282928324873
 21
28.833670600906256
 31
0.0
  0
ARC
  5
153
330
17
100
AcDbEntity
  8
SLOTS
100
AcDbCircle
 10
6.1437285297176425
 20
29.875
 30
0.0
 40
0.125
100
AcDbArc
 50
-14.885073960320568
 51
165.11492603967943
  0
ARC
  5
154
330
17
100
AcDbEntity
  8
SLOTS
100
AcDbCircle
 10
5.875477549347767
 20
28.86578073030802
 30
0.0
 40
0.125
100
AcDbArc
 50
165.11492603967943
 51
345.1149260396794
  0
LINE
  5
155
330
17
100
AcDbEntity
  8
SLOTS
100
AcDbLine
 10
4.707138848491374
 20
27.876479219463576
 30
0.0
 11
5.246881547346641
 21
29.907110129401765
 31
0.0
  0
LINE
  5
156
330
17
100
AcDbEntity
  8
SLOTS
100
AcDbLine
 10
5.488492305300852
 20
29.842889870598235
 30
0.0
 11
4.948749606445585
 21
27.812258960660046
 31
0.0
  0
ARC
  5
157
330
17
100
AcDbEntity
  8
SLOTS
100
AcDbCircle
 10
5.3676869263237466
 20
29.875
 30
0.0
 40
0.125
100
AcDbArc
 50
-14.885073960320554
 51
165.11492603967946
  0
ARC
  5
158
330
17
100
AcDbEntity
  8
SLOTS
100
AcDbCircle
 10
4.827944227468479
 20
27.84436909006181
 30
0.0
 40
0.125
100
AcDbArc
 50
165.11492603967946
 51
345.11492603967946
  0
LINE
  5
159
330
17
100
AcDbEntity
  8
SLOTS
100
AcDbLine
 10
3.7934969643860144
 20
27.35879665734374
 30
0.0
 11
4.470839943952744
 21
29.907110129401765
 31
0.0
  0
LINE
  5
15A
330
17
100
AcDbEntity
  8
SLOTS
100
AcDbLine
 10
4.712450701906955
 20
29.842889870598235
 30
0.0
 11
4.035107722340225
 21
27.294576398540208
 31
0.0
  0
ARC
  5
15B
330
17
100
AcDbEntity
  8
SLOTS
100
AcDbCircle
 10
4.59164532292985
 20
29.875
 30
0.0
 40
0.125
100
AcDbArc
 50
-14.88507396032054
 51
165.11492603967946
  0
ARC
  5
15C
330
17
100
AcDbEntity
  8
SLOTS
100
AcDbCircle
 10
3.9143023433631194
 20
27.326686527941973
 30
0.0
 40
0.125
100
AcDbArc
 50
165.11492603967946
 51
345.11492603967946
  0
LINE
  5
15D
330
17
100
AcDbEntity
  8
SLOTS
100
AcDbLine
 10
3.0355221035758775
 20
27.426767722094194
 30
0.0
 11
3.694798340558849
 21
29.907110129401765
 31
0.0
  0
LINE
  5
15E
330
17
100
AcDbEntity
  8
SLOTS
100
AcDbLine
 10
3.9364090985130593
 20
29.842889870598235
 30
0.0
 11
3.2771328615300876
 21
27.362547463290664
 31
0.0
  0
ARC
  5
15F
330
17
100
AcDbEntity
  8
SLOTS
100
AcDbCircle
 10
3.8156037195359542
 20
29.875
 30
0.0
 40
0.125
100
AcDbArc
 50
-14.88507396032054
 51
165.11492603967946
  0
ARC
  5
160
330
17
100
AcDbEntity
  8
SLOTS
100
AcDbCircle
 10
3.1563274825529826
 20
27.39465759269243
 30
0.0
 40
0.125
100
AcDbArc
 50
165.11492603967946
 51
345.11492603967946
  0
LINE
  5
161
330
17
100
AcDbEntity
  8
SLOTS
100
AcDbLine
 10
2.27754724276574
 20
27.49473878684465
 30
0.0
 11
2.4694806109783407
 21
28.216834390856825
 31
0.0
  0
LINE
  5
162
330
17
100
AcDbEntity
  8
SLOTS
100
AcDbLine
 10
2.711091368932551
 20
28.152614132053294
 30
0.0
 11
2.5191580007199503
 21
27.43051852804112
 31
0.0
  0
ARC
  5
163
330
17
100
AcDbEntity
  8
SLOTS
100
AcDbCircle
 10
2.590285989955446
 20
28.18472426145506
 30
0.0
 40
0.125
100
AcDbArc
 50
-14.885073960320526
 51
165.11492603967946
  0
ARC
  5
164
330
17
100
AcDbEntity
  8
SLOTS
100
AcDbCircle
 10
2.3983526217428452
 20
27.462628657442885
 30
0.0
 40
0.125
100
AcDbArc
 50
165.11492603967946
 51
345.11492603967946
  0
LINE
  5
165
330
17
100
AcDbEntity
  8
SLOTS
100
AcDbLine
 10
10.570104895947294
 20
24.34452338005515
 30
0.0
 11
10.09580225825245
 21
25.405563805096218
 31
0.0
  0
LINE
  5
166
330
17
100
AcDbEntity
  8
SLOTS
100
AcDbLine
 10
10.324036747160092
 20
25.50758840052824
 30
0.0
 11
10.798339384854936
 21
24.44654797548717
 31
0.0
  0
ARC
  5
167
330
17
100
AcDbEntity
  8
SLOTS
100
AcDbCircle
 10
10.20991950270627
 20
25.456576102812228
 30
0.0
 40
0.125
100
AcDbArc
 50
24.085433968413454
 51
204.08543396841344
  0
ARC
  5
168
330
17
100
AcDbEntity
  8
SLOTS
100
AcDbCircle
 10
10.684222140401115
 20
24.39553567777116
 30
0.0
 40
0.125
100
AcDbArc
 50
204.08543396841344
 51
384.08543396841344
  0
LINE
  5
169
330
17
100
AcDbEntity
  8
SLOTS
100
AcDbLine
 10
10.16402275007757
 20
23.415158763793713
 30
0.0
 11
9.193352351639772
 21
25.586600476913283
 31
0.0
  0
LINE
  5
16A
330
17
100
AcDbEntity
  8
SLOTS
100
AcDbLine
 10
9.421586840547414
 20
25.688625072345303
 30
0.0
 11
10.392257238985213
 21
23.517183359225733
 31
0.0
  0
ARC
  5
16B
330
17
100
AcDbEntity
  8
SLOTS
100
AcDbCircle
 10
9.307469596093593
 20
25.637612774629293
 30
0.0
 40
0.125
100
AcDbArc
 50
24.085433968413454
 51
204.08543396841344
  0
ARC
  5
16C
330
17
100
AcDbEntity
  8
SLOTS
100
AcDbCircle
 10
10.278139994531392
 20
23.466171061509723
 30
0.0
 40
0.125
100
AcDbArc
 50
204.08543396841344
 51
384.08543396841344
  0
LINE
  5
16D
330
17
100
AcDbEntity
  8
SLOTS
100
AcDbLine
 10
9.603741913552687
 20
22.8307448841942
 30
0.0
 11
8.290902445027097
 21
25.767637148730344
 31
0.0
  0
LINE
  5
16E
330
17
100
AcDbEntity
  8
SLOTS
100
AcDbLine
 10
8.519136933934739
 20
25.869661744162364
 30
0.0
 11
9.83197640246033
 21
22.93276947962622
 31
0.0
  0
ARC
  5
16F
330
17
100
AcDbEntity
  8
SLOTS
100
AcDbCircle
 10
8.405019689480918
 20
25.818649446446354
 30
0.0
 40
0.125
100
AcDbArc
 50
24.08543396841351
 51
204.0854339684135
  0
ARC
  5
170
330
17
100
AcDbEntity
  8
SLOTS
100
AcDbCircle
 10
9.717859158006508
 20
22.88175718191021
 30
0.0
 40
0.125
100
AcDbArc
 50
204.0854339684135
 51
384.0854339684135
  0
LINE
  5
171
330
17
100
AcDbEntity
  8
SLOTS
100
AcDbLine
 10
8.875070605296342
 20
22.62302951626049
 30
0.0
 11
7.38845253841442
 21
25.94867382054741
 31
0.0
  0
LINE
  5
172
330
17
100
AcDbEntity
  8
SLOTS
100
AcDbLine
 10
7.6166870273220635
 20
26.05069841597943
 30
0.0
 11
9.103305094203984
 21
22.72505411169251
 31
0.0
  0
ARC
  5
173
330
17
100
AcDbEntity
  8
SLOTS
100
AcDbCircle
 10
7.502569782868242
 20
25.99968611826342
 30
0.0
 40
0.125
100
AcDbArc
 50
24.085433968413497
 51
204.0854339684135
  0
ARC
  5
174
330
17
100
AcDbEntity
  8
SLOTS
100
AcDbCircle
 10
8.989187849750163
 20
22.6740418139765
 30
0.0
 40
0.125
100
AcDbArc
 50
204.0854339684135
 51
384.0854339684135
  0
LINE
  5
175
330
17
100
AcDbEntity
  8
SLOTS
100
AcDbLine
 10
8.146399297039997
 20
22.415314148326782
 30
0.0
 11
6.486002631801744
 21
26.129710492364474
 31
0.0
  0
LINE
  5
176
330
17
100
AcDbEntity
  8
SLOTS
100
AcDbLine
 10
6.714237120709388
 20
26.231735087796494
 30
0.0
 11
8.374633785947639
 21
22.517338743758803
 31
0.0
  0
ARC
  5
177
330
17
100
AcDbEntity
  8
SLOTS
100
AcDbCircle
 10
6.600119876255566
 20
26.180722790080484
 30
0.0
 40
0.125
100
AcDbArc
 50
24.085433968413483
 51
204.0854339684135
  0
ARC
  5
178
330
17
100
AcDbEntity
  8
SLOTS
100
AcDbCircle
 10
8.260516541493818
 20
22.466326446042792
 30
0.0
 40
0.125
100
AcDbArc
 50
204.0854339684135
 51
384.0854339684135
  0
LINE
  5
179
330
17
100
AcDbEntity
  8
SLOTS
100
AcDbLine
 10
7.061393027656875
 20
23.004739189412263
 30
0.0
 11
5.583552725189068
 21
26.31074716418154
 31
0.0
  0
LINE
  5
17A
330
17
100
AcDbEntity
  8
SLOTS
100
AcDbLine
 10
5.811787214096712
 20
26.41277175961356
 30
0.0
 11
7.289627516564519
 21
23.106763784844283
 31
0.0
  0
ARC
  5
17B
330
17
100
AcDbEntity
  8
SLOTS
100
AcDbCircle
 10
5.69766996964289
 20
26.36175946189755
 30
0.0
 40
0.125
100
AcDbArc
 50
24.08543396841351
 51
204.0854339684135
  0
ARC
  5
17C
330
17
100
AcDbEntity
  8
SLOTS
100
AcDbCircle
 10
7.175510272110697
 20
23.055751487128273
 30
0.0
 40
0.125
100
AcDbArc
 50
204.0854339684135
 51
384.0854339684135
  0
LINE
  5
17D
330
17
100
AcDbEntity
  8
SLOTS
100
AcDbLine
 10
5.783364223007065
 20
27.7672204645956
 30
0.0
 11
6.991895864792803
 21
26.985652673753076
 31
0.0
  0
LINE
  5
17E
330
17
100
AcDbEntity
  8
SLOTS
100
AcDbLine
 10
6.856134874636326
 20
26.77572660688254
 30
0.0
 11
5.647603232850588
 21
27.557294397725062
 31
0.0
  0
ARC
  5
17F
330
17
100
AcDbEntity
  8
SLOTS
100
AcDbCircle
 10
6.9240153697145645
 20
26.880689640317808
 30
0.0
 40
0.125
100
AcDbArc
 50
-122.89109583739938
 51
57.10890416260063
  0
ARC
  5
180
330
17
100
AcDbEntity
  8
SLOTS
100
AcDbCircle
 10
5.715483727928826
 20
27.66225743116033
 30
0.0
 40
0.125
100
AcDbArc
 50
57.10890416260063
 51
237.10890416260062
  0
LINE
  5
181
330
17
100
AcDbEntity
  8
SLOTS
100
AcDbLine
 10
6.334102228742257
 20
28.30422506200041
 30
0.0
 11
8.994061262766275
 21
26.584006712663765
 31
0.0
  0
LINE
  5
182
330
17
100
AcDbEntity
  8
SLOTS
100
AcDbLine
 10
8.858300272609798
 20
26.374080645793228
 30
0.0
 11
6.19834123858578
 21
28.094298995129872
 31
0.0
  0
ARC
  5
183
330
17
100
AcDbEntity
  8
SLOTS
100
AcDbCircle
 10
8.926180767688036
 20
26.479043679228496
 30
0.0
 40
0.125
100
AcDbArc
 50
-122.89109583739943
 51
57.108904162600574
  0
ARC
  5
184
330
17
100
AcDbEntity
  8
SLOTS
100
AcDbCircle
 10
6.266221733664018
 20
28.19926202856514
 30
0.0
 40
0.125
100
AcDbArc
 50
57.108904162600574
 51
237.10890416260057
  0
LINE
  5
185
330
17
100
AcDbEntity
  8
SLOTS
100
AcDbLine
 10
6.884840234477446
 20
28.841229659405215
 30
0.0
 11
10.070987109287111
 21
26.78072111486659
 31
0.0
  0
LINE
  5
186
330
17
100
AcDbEntity
  8
SLOTS
100
AcDbLine
 10
9.935226119130634
 20
26.570795047996054
 30
0.0
 11
6.749079244320969
 21
28.631303592534678
 31
0.0
  0
ARC
  5
187
330
17
100
AcDbEntity
  8
SLOTS
100
AcDbCircle
 10
10.003106614208873
 20
26.675758081431322
 30
0.0
 40
0.125
100
AcDbArc
 50
-122.89109583739945
 51
57.10890416260055
  0
ARC
  5
188
330
17
100
AcDbEntity
  8
SLOTS
100
AcDbCircle
 10
6.816959739399207
 20
28.736266625969947
 30
0.0
 40
0.125
100
AcDbArc
 50
57.10890416260055
 51
237.10890416260054
  0
LINE
  5
189
330
17
100
AcDbEntity
  8
SLOTS
100
AcDbLine
 10
7.435578240212634
 20
29.37823425681002
 30
0.0
 11
9.728736810189453
 21
27.895228917421367
 31
0.0
  0
LINE
  5
18A
330
17
100
AcDbEntity
  8
SLOTS
100
AcDbLine
 10
9.592975820032976
 20
27.68530285055083
 30
0.0
 11
7.299817250056157
 21
29.168308189939484
 31
0.0
  0
ARC
  5
18B
330
17
100
AcDbEntity
  8
SLOTS
100
AcDbCircle
 10
9.660856315111214
 20
27.7902658839861
 30
0.0
 40
0.125
100
AcDbArc
 50
-122.89109583739946
 51
57.108904162600545
  0
ARC
  5
18C
330
17
100
AcDbEntity
  8
SLOTS
100
AcDbCircle
 10
7.367697745134396
 20
29.273271223374753
 30
0.0
 40
0.125
100
AcDbArc
 50
57.108904162600545
 51
237.10890416260054
  0
LINE
  5
18D
330
17
100
AcDbEntity
  8
SLOTS
100
AcDbLine
 10
7.986316245947825
 20
29.915238854214827
 30
0.0
 11
9.38648651109179
 21
29.00973671997615
 31
0.0
  0
LINE
  5
18E
330
17
100
AcDbEntity
  8
SLOTS
100
AcDbLine
 10
9.250725520935314
 20
28.799810653105613
 30
0.0
 11
7.850555255791348
 21
29.70531278734429
 31
0.0
  0
ARC
  5
18F
330
17
100
AcDbEntity
  8
SLOTS
100
AcDbCircle
 10
9.318606016013552
 20
28.90477368654088
 30
0.0
 40
0.125
100
AcDbArc
 50
-122.89109583739938
 51
57.10890416260063
  0
ARC
  5
190
330
17
100
AcDbEntity
  8
SLOTS
100
AcDbCircle
 10
7.918435750869587
 20
29.81027582077956
 30
0.0
 40
0.125
100
AcDbArc
 50
57.10890416260063
 51
237.10890416260062
  0
LINE
  5
191
330
17
100
AcDbEntity
  8
SLOTS
100
AcDbLine
 10
15.736294065422191
 20
29.101220584705924
 30
0.0
 11
15.31310901897124
 21
29.81098570001057
 31
0.0
  0
LINE
  5
192
330
17
100
AcDbEntity
  8
SLOTS
100
AcDbLine
 10
15.527838331333228
 20
29.93901429998943
 30
0.0
 11
15.95102337778418
 21
29.229249184684786
 31
0.0
  0
ARC
  5
193
330
17
100
AcDbEntity
  8
SLOTS
100
AcDbCircle
 10
15.420473675152234
 20
29.875
 30
0.0
 40
0.125
100
AcDbArc
 50
30.804771768650554
 51
210.80477176865054
  0
ARC
  5
194
330
17
100
AcDbEntity
  8
SLOTS
100
AcDbCircle
 10
15.843658721603186
 20
29.165234884695355
 30
0.0
 40
0.125
100
AcDbArc
 50
210.80477176865054
 51
390.80477176865054
  0
LINE
  5
195
330
17
100
AcDbEntity
  8
SLOTS
100
AcDbLine
 10
16.06137005531979
 20
27.09148726091276
 30
0.0
 11
14.43991663579109
 21
29.81098570001057
 31
0.0
  0
LINE
  5
196
330
17
100
AcDbEntity
  8
SLOTS
100
AcDbLine
 10
14.654645948153078
 20
29.93901429998943
 30
0.0
 11
16.27609936768178
 21
27.219515860891622
 31
0.0
  0
ARC
  5
197
330
17
100
AcDbEntity
  8
SLOTS
100
AcDbCircle
 10
14.547281291972084
 20
29.875
 30
0.0
 40
0.125
100
AcDbArc
 50
30.804771768650625
 51
210.80477176865062
  0
ARC
  5
198
330
17
100
AcDbEntity
  8
SLOTS
100
AcDbCircle
 10
16.168734711500786
 20
27.15550156090219
 30
0.0
 40
0.125
100
AcDbArc
 50
210.80477176865062
 51
390.80477176865065
  0
LINE
  5
199
330
17
100
AcDbEntity
  8
SLOTS
100
AcDbLine
 10
15.496366320188633
 20
26.574593875495303
 30
0.0
 11
13.56672425261094
 21
29.81098570001057
 31
0.0
  0
LINE
  5
19A
330
17
100
AcDbEntity
  8
SLOTS
100
AcDbLine
 10
13.78145356497293
 20
29.93901429998943
 30
0.0
 11
15.711095632550622
 21
26.702622475474165
 31
0.0
  0
ARC
  5
19B
330
17
100
AcDbEntity
  8
SLOTS
100
AcDbCircle
 10
13.674088908791935
 20
29.875
 30
0.0
 40
0.125
100
AcDbArc
 50
30.804771768650582
 51
210.8047717686506
  0
ARC
  5
19C
330
17
100
AcDbEntity
  8
SLOTS
100
AcDbCircle
 10
15.603730976369627
 20
26.638608175484734
 30
0.0
 40
0.125
100
AcDbArc
 50
210.8047717686506
 51
390.8047717686506
  0
LINE
  5
19D
330
17
100
AcDbEntity
  8
SLOTS
100
AcDbLine
 10
14.754771049708992
 20
26.353879460718687
 30
0.0
 11
12.693531869430789
 21
29.81098570001057
 31
0.0
  0
LINE
  5
19E
330
17
100
AcDbEntity
  8
SLOTS
100
AcDbLine
 10
12.908261181792778
 20
29.93901429998943
 30
0.0
 11
14.969500362070981
 21
26.48190806069755
 31
0.0
  0
ARC
  5
19F
330
17
100
AcDbEntity
  8
SLOTS
100
AcDbCircle
 10
12.800896525611783
 20
29.875
 30
0.0
 40
0.125
100
AcDbArc
 50
30.804771768650582
 51
210.8047717686506
  0
ARC
  5
1A0
330
17
100
AcDbEntity
  8
SLOTS
100
AcDbCircle
 10
14.862135705889987
 20
26.417893760708118
 30
0.0
 40
0.125
100
AcDbArc
 50
210.8047717686506
 51
390.8047717686506
  0
LINE
  5
1A1
330
17
100
AcDbEntity
  8
SLOTS
100
AcDbLine
 10
14.013175779229353
 20
26.13316504594207
 30
0.0
 11
11.820339486250637
 21
29.81098570001057
 31
0.0
  0
LINE
  5
1A2
330
17
100
AcDbEntity
  8
SLOTS
100
AcDbLine
 10
12.035068798612626
 20
29.93901429998943
 30
0.0
 11
14.227905091591342
 21
26.261193645920933
 31
0.0
  0
ARC
  5
1A3
330
17
100
AcDbEntity
  8
SLOTS
100
AcDbCircle
 10
11.927704142431631
 20
29.875
 30
0.0
 40
0.125
100
AcDbArc
 50
30.80477176865061
 51
210.8047717686506
  0
ARC
  5
1A4
330
17
100
AcDbEntity
  8
SLOTS
100
AcDbCircle
 10
14.120540435410348
 20
26.197179345931502
 30
0.0
 40
0.125
100
AcDbArc
 50
210.8047717686506
 51
390.8047717686506
  0
LINE
  5
1A5
330
17
100
AcDbEntity
  8
SLOTS
100
AcDbLine
 10
13.271580508749715
 20
25.912450631165456
 30
0.0
 11
10.947147103070487
 21
29.81098570001057
 31
0.0
  0
LINE
  5
1A6
330
17
100
AcDbEntity
  8
SLOTS
100
AcDbLine
 10
11.161876415432475
 20
29.93901429998943
 30
0.0
 11
13.486309821111703
 21
26.040479231144317
 31
0.0
  0
ARC
  5
1A7
330
17
100
AcDbEntity
  8
SLOTS
100
AcDbCircle
 10
11.054511759251481
 20
29.875
 30
0.0
 40
0.125
100
AcDbArc
 50
30.80477176865061
 51
210.8047717686506
  0
ARC
  5
1A8
330
17
100
AcDbEntity
  8
SLOTS
100
AcDbCircle
 10
13.378945164930709
 20
25.976464931154887
 30
0.0
 40
0.125
100
AcDbArc
 50
210.8047717686506
 51
390.8047717686506
  0
LINE
  5
1A9
330
17
100
AcDbEntity
  8
SLOTS
100
AcDbLine
 10
12.529985238270072
 20
25.69173621638884
 30
0.0
 11
10.073954719890331
 21
29.81098570001057
 31
0.0
  0
LINE
  5
1AA
330
17
100
AcDbEntity
  8
SLOTS
100
AcDbLine
 10
10.28868403225232
 20
29.93901429998943
 30
0.0
 11
12.744714550632061
 21
25.8197648163677
 31
0.0
  0
ARC
  5
1AB
330
17
100
AcDbEntity
  8
SLOTS
100
AcDbCircle
 10
10.181319376071325
 20
29.875
 30
0.0
 40
0.125
100
AcDbArc
 50
30.804771768650625
 51
210.80477176865062
  0
ARC
  5
1AC
330
17
100
AcDbEntity
  8
SLOTS
100
AcDbCircle
 10
12.637349894451066
 20
25.75575051637827
 30
0.0
 40
0.125
100
AcDbArc
 50
210.80477176865062
 51
390.80477176865065
  0
LINE
  5
1AD
330
17
100
AcDbEntity
  8
SLOTS
100
AcDbLine
 10
11.788389967790435
 20
25.471021801612224
 30
0.0
 11
10.225810440196625
 21
28.091777066658764
 31
0.0
  0
LINE
  5
1AE
330
17
100
AcDbEntity
  8
SLOTS
100
AcDbLine
 10
10.440539752558614
 20
28.219805666637626
 30
0.0
 11
12.003119280152424
 21
25.599050401591086
 31
0.0
  0
ARC
  5
1AF
330
17
100
AcDbEntity
  8
SLOTS
100
AcDbCircle
 10
10.33317509637762
 20
28.155791366648195
 30
0.0
 40
0.125
100
AcDbArc
 50
30.80477176865061
 51
210.8047717686506
  0
ARC
  5
1B0
330
17
100
AcDbEntity
  8
SLOTS
100
AcDbCircle
 10
11.89575462397143
 20
25.535036101601655
 30
0.0
 40
0.125
100
AcDbArc
 50
210.8047717686506
 51
390.8047717686506
  0
LINE
  5
1B1
330
17
100
AcDbEntity
  8
SLOTS
100
AcDbLine
 10
7.008995219047009
 20
21.10112389213937
 30
0.0
 11
5.627976519095269
 21
21.77905798372435
 31
0.0
  0
LINE
  5
1B2
330
17
100
AcDbEntity
  8
SLOTS
100
AcDbLine
 10
5.738142126747699
 20
22.003476206893886
 30
0.0
 11
7.119160826699439
 21
21.325542115308906
 31
0.0
  0
ARC
  5
1B3
330
17
100
AcDbEntity
  8
SLOTS
100
AcDbCircle
 10
5.683059322921484
 20
21.891267095309118
 30
0.0
 40
0.125
100
AcDbArc
 50
63.85384554699618
 51
243.85384554699618
  0
ARC
  5
1B4
330
17
100
AcDbEntity
  8
SLOTS
100
AcDbCircle
 10
7.064078022873224
 20
21.213333003724138
 30
0.0
 40
0.125
100
AcDbArc
 50
243.85384554699618
 51
423.8538455469962
  0
LINE
  5
1B5
330
17
100
AcDbEntity
  8
SLOTS
100
AcDbLine
 10
6.662146794560871
 20
20.43589612923877
 30
0.0
 11
3.988499523186738
 21
21.748374109588365
 31
0.0
  0
LINE
  5
1B6
330
17
100
AcDbEntity
  8
SLOTS
100
AcDbLine
 10
4.098665130839168
 20
21.9727923327579
 30
0.0
 11
6.772312402213301
 21
20.660314352408307
 31
0.0
  0
ARC
  5
1B7
330
17
100
AcDbEntity
  8
SLOTS
100
AcDbCircle
 10
4.043582327012953
 20
21.860583221173133
 30
0.0
 40
0.125
100
AcDbArc
 50
63.85384554699621
 51
243.8538455469962
  0
ARC
  5
1B8
330
17
100
AcDbEntity
  8
SLOTS
100
AcDbCircle
 10
6.717229598387086
 20
20.54810524082354
 30
0.0
 40
0.125
100
AcDbArc
 50
243.8538455469962
 51
423.85384554699624
  0
LINE
  5
1B9
330
17
100
AcDbEntity
  8
SLOTS
100
AcDbLine
 10
6.138034083434917
 20
19.857686379300503
 30
0.0
 11
2.3490225272782057
 21
21.717690235452384
 31
0.0
  0
LINE
  5
1BA
330
17
100
AcDbEntity
  8
SLOTS
100
AcDbLine
 10
2.4591881349306366
 20
21.94210845862192
 30
0.0
 11
6.248199691087347
 21
20.08210460247004
 31
0.0
  0
ARC
  5
1BB
330
17
100
AcDbEntity
  8
SLOTS
100
AcDbCircle
 10
2.404105331104421
 20
21.829899347037152
 30
0.0
 40
0.125
100
AcDbArc
 50
63.853845546996155
 51
243.85384554699615
  0
ARC
  5
1BC
330
17
100
AcDbEntity
  8
SLOTS
100
AcDbCircle
 10
6.193116887261132
 20
19.96989549088527
 30
0.0
 40
0.125
100
AcDbArc
 50
243.85384554699615
 51
423.8538455469961
  0
LINE
  5
1BD
330
17
100
AcDbEntity
  8
SLOTS
100
AcDbLine
 10
5.397002053627979
 20
19.38596106817712
 30
0.0
 11
2.3818935991629147
 21
20.866060368193406
 31
0.0
  0
LINE
  5
1BE
330
17
100
AcDbEntity
  8
SLOTS
100
AcDbLine
 10
2.4920592068153455
 20
21.090478591362942
 30
0.0
 11
5.507167661280409
 21
19.610379291346657
 31
0.0
  0
ARC
  5
1BF
330
17
100
AcDbEntity
  8
SLOTS
100
AcDbCircle
 10
2.43697640298913
 20
20.978269479778174
 30
0.0
 40
0.125
100
AcDbArc
 50
63.853845546996155
 51
243.85384554699615
  0
ARC
  5
1C0
330
17
100
AcDbEntity
  8
SLOTS
100
AcDbCircle
 10
5.452084857454194
 20
19.49817017976189
 30
0.0
 40
0.125
100
AcDbArc
 50
243.85384554699615
 51
423.8538455469961
  0
LINE
  5
1C1
330
17
100
AcDbEntity
  8
SLOTS
100
AcDbLine
 10
4.655970023821041
 20
18.914235757053742
 30
0.0
 11
3.2778066710105938
 21
19.590768175243234
 31
0.0
  0
LINE
  5
1C2
330
17
100
AcDbEntity
  8
SLOTS
100
AcDbLine
 10
3.3879722786630246
 20
19.81518639841277
 30
0.0
 11
4.766135631473471
 21
19.13865398022328
 31
0.0
  0
ARC
  5
1C3
330
17
100
AcDbEntity
  8
SLOTS
100
AcDbCircle
 10
3.332889474836809
 20
19.702977286828002
 30
0.0
 40
0.125
100
AcDbArc
 50
63.85384554699624
 51
243.85384554699624
  0
ARC
  5
1C4
330
17
100
AcDbEntity
  8
SLOTS
100
AcDbCircle
 10
4.711052827647256
 20
19.02644486863851
 30
0.0
 40
0.125
100
AcDbArc
 50
243.85384554699624
 51
423.85384554699624
  0
LINE
  5
1C5
330
17
100
AcDbEntity
  8
SLOTS
100
AcDbLine
 10
34.96486620690678
 20
21.637403640555945
 30
0.0
 11
30.12184424510687
 21
16.62822786720994
 31
0.0
  0
LINE
  5
1C6
330
17
100
AcDbEntity
  8
SLOTS
100
AcDbLine
 10
29.942111831293317
 20
16.80199857655059
 30
0.0
 11
34.78513379309322
 21
21.811174349896596
 31
0.0
  0
ARC
  5
1C7
330
17
100
AcDbEntity
  8
SLOTS
100
AcDbCircle
 10
30.031978038200094
 20
16.715113221880266
 30
0.0
 40
0.125
100
AcDbArc
 50
-224.0338186440926
 51
-44.033818644092605
  0
ARC
  5
1C8
330
17
100
AcDbEntity
  8
SLOTS
100
AcDbCircle
 10
34.875
 20
21.72428899522627
 30
0.0
 40
0.125
100
AcDbArc
 50
-44.033818644092605
 51
135.9661813559074
  0
LINE
  5
1C9
330
17
100
AcDbEntity
  8
SLOTS
100
AcDbLine
 10
34.96486620690678
 20
20.558395557367234
 30
0.0
 11
30.624194215454594
 21
16.068804316376248
 31
0.0
  0
LINE
  5
1CA
330
17
100
AcDbEntity
  8
SLOTS
100
AcDbLine
 10
30.44446180164104
 20
16.2425750257169
 30
0.0
 11
34.78513379309322
 21
20.732166266707885
 31
0.0
  0
ARC
  5
1CB
330
17
100
AcDbEntity
  8
SLOTS
100
AcDbCircle
 10
30.534328008547817
 20
16.155689671046574
 30
0.0
 40
0.125
100
AcDbArc
 50
-224.03381864409258
 51
-44.03381864409258
  0
ARC
  5
1CC
330
17
100
AcDbEntity
  8
SLOTS
100
AcDbCircle
 10
34.875
 20
20.64528091203756
 30
0.0
 40
0.125
100
AcDbArc
 50
-44.03381864409258
 51
135.96618135590742
  0
LINE
  5
1CD
330
17
100
AcDbEntity
  8
SLOTS
100
AcDbLine
 10
34.96486620690678
 20
19.479387474178527
 30
0.0
 11
31.126544185802317
 21
15.509380765542561
 31
0.0
  0
LINE
  5
1CE
330
17
100
AcDbEntity
  8
SLOTS
100
AcDbLine
 10
30.946811771988763
 20
15.683151474883212
 30
0.0
 11
34.78513379309322
 21
19.653158183519178
 31
0.0
  0
ARC
  5
1CF
330
17
100
AcDbEntity
  8
SLOTS
100
AcDbCircle
 10
31.03667797889554
 20
15.596266120212887
 30
0.0
 40
0.125
100
AcDbArc
 50
-224.03381864409258
 51
-44.03381864409258
  0
ARC
  5
1D0
330
17
100
AcDbEntity
  8
SLOTS
100
AcDbCircle
 10
34.875
 20
19.566272828848852
 30
0.0
 40
0.125
100
AcDbArc
 50
-44.03381864409258
 51
135.96618135590742
  0
LINE
  5
1D1
330
17
100
AcDbEntity
  8
SLOTS
100
AcDbLine
 10
33.274866955642864
 20
16.65239984987333
 30
0.0
 11
31.62889415615004
 21
14.94995721470887
 31
0.0
  0
LINE
  5
1D2
330
17
100
AcDbEntity
  8
SLOTS
100
AcDbLine
 10
31.449161742336486
 20
15.123727924049522
 30
0.0
 11
33.09513454182931
 21
16.82617055921398
 31
0.0
  0
ARC
  5
1D3
330
17
100
AcDbEntity
  8
SLOTS
100
AcDbCircle
 10
31.539027949243263
 20
15.036842569379196
 30
0.0
 40
0.125
100
AcDbArc
 50
-224.0338186440925
 51
-44.03381864409249
  0
ARC
  5
1D4
330
17
100
AcDbEntity
  8
SLOTS
100
AcDbCircle
 10
33.18500074873609
 20
16.739285204543656
 30
0.0
 40
0.125
100
AcDbArc
 50
-44.03381864409249
 51
135.9661813559075
  0
LINE
  5
1D5
330
17
100
AcDbEntity
  8
SLOTS
100
AcDbLine
 10
32.63193047924636
 20
14.590267546089743
 30
0.0
 11
32.928122137826136
 21
13.776956969665585
 31
0.0
  0
LINE
  5
1D6
330
17
100
AcDbEntity
  8
SLOTS
100
AcDbLine
 10
32.69321484326905
 20
13.69140836965443
 30
0.0
 11
32.39702318468927
 21
14.504718946078588
 31
0.0
  0
ARC
  5
1D7
330
17
100
AcDbEntity
  8
SLOTS
100
AcDbCircle
 10
32.81066849054759
 20
13.734182669660008
 30
0.0
 40
0.125
100
AcDbArc
 50
-159.98937470472106
 51
20.010625295278956
  0
ARC
  5
1D8
330
17
100
AcDbEntity
  8
SLOTS
100
AcDbCircle
 10
32.51447683196781
 20
14.547493246084166
 30
0.0
 40
0.125
100
AcDbArc
 50
20.010625295278956
 51
200.01062529527894
  0
LINE
  5
1D9
330
17
100
AcDbEntity
  8
SLOTS
100
AcDbLine
 10
33.16432807395661
 20
15.320097390058791
 30
0.0
 11
33.802284265769124
 21
13.568338003638946
 31
0.0
  0
LINE
  5
1DA
330
17
100
AcDbEntity
  8
SLOTS
100
AcDbLine
 10
33.567376971212035
 20
13.482789403627788
 30
0.0
 11
32.92942077939952
 21
15.234548790047633
 31
0.0
  0
ARC
  5
1DB
330
17
100
AcDbEntity
  8
SLOTS
100
AcDbCircle
 10
33.68483061849058
 20
13.525563703633367
 30
0.0
 40
0.125
100
AcDbArc
 50
-159.98937470472086
 51
20.01062529527914
  0
ARC
  5
1DC
330
17
100
AcDbEntity
  8
SLOTS
100
AcDbCircle
 10
33.046874426678066
 20
15.277323090053212
 30
0.0
 40
0.125
100
AcDbArc
 50
20.01062529527914
 51
200.01062529527914
  0
LINE
  5
1DD
330
17
100
AcDbEntity
  8
SLOTS
100
AcDbLine
 10
33.696725668666865
 20
16.049927234027837
 30
0.0
 11
34.67644639371211
 21
13.359719037612306
 31
0.0
  0
LINE
  5
1DE
330
17
100
AcDbEntity
  8
SLOTS
100
AcDbLine
 10
34.44153909915502
 20
13.274170437601148
 30
0.0
 11
33.461818374109775
 21
15.96437863401668
 31
0.0
  0
ARC
  5
1DF
330
17
100
AcDbEntity
  8
SLOTS
100
AcDbCircle
 10
34.55899274643357
 20
13.316944737606727
 30
0.0
 40
0.125
100
AcDbArc
 50
-159.9893747047208
 51
20.010625295279198
  0
ARC
  5
1E0
330
17
100
AcDbEntity
  8
SLOTS
100
AcDbCircle
 10
33.57927202138832
 20
16.00715293402226
 30
0.0
 40
0.125
100
AcDbArc
 50
20.010625295279198
 51
200.0106252952792
  0
LINE
  5
1E1
330
17
100
AcDbEntity
  8
SLOTS
100
AcDbLine
 10
34.22912326337712
 20
16.779757077996884
 30
0.0
 11
34.992453647278545
 21
14.683733585945314
 31
0.0
  0
LINE
  5
1E2
330
17
100
AcDbEntity
  8
SLOTS
100
AcDbLine
 10
34.757546352721455
 20
14.598184985934155
 30
0.0
 11
33.99421596882003
 21
16.694208477985725
 31
0.0
  0
ARC
  5
1E3
330
17
100
AcDbEntity
  8
SLOTS
100
AcDbCircle
 10
34.875
 20
14.640959285939735
 30
0.0
 40
0.125
100
AcDbArc
 50
-159.98937470472083
 51
20.01062529527917
  0
ARC
  5
1E4
330
17
100
AcDbEntity
  8
SLOTS
100
AcDbCircle
 10
34.111669616098574
 20
16.736982777991305
 30
0.0
 40
0.125
100
AcDbArc
 50
20.01062529527917
 51
200.01062529527917
  0
LINE
  5
1E5
330
17
100
AcDbEntity
  8
SLOTS
100
AcDbLine
 10
34.761520858087366
 20
17.50958692196593
 30
0.0
 11
34.992453647278545
 21
16.875470212559268
 31
0.0
  0
LINE
  5
1E6
330
17
100
AcDbEntity
  8
SLOTS
100
AcDbLine
 10
34.757546352721455
 20
16.78992161254811
 30
0.0
 11
34.526613563530276
 21
17.42403832195477
 31
0.0
  0
ARC
  5
1E7
330
17
100
AcDbEntity
  8
SLOTS
100
AcDbCircle
 10
34.875
 20
16.83269591255369
 30
0.0
 40
0.125
100
AcDbArc
 50
-159.98937470472055
 51
20.010625295279468
  0
ARC
  5
1E8
330
17
100
AcDbEntity
  8
SLOTS
100
AcDbCircle
 10
34.64406721080882
 20
17.46681262196035
 30
0.0
 40
0.125
100
AcDbArc
 50
20.010625295279468
 51
200.01062529527945
  0
LINE
  5
1E9
330
17
100
AcDbEntity
  8
SLOTS
100
AcDbLine
 10
34.68710619290902
 20
12.372233591196979
 30
0.0
 11
32.408692817971506
 21
12.485225573734732
 31
0.0
  0
LINE
  5
1EA
330
17
100
AcDbEntity
  8
SLOTS
100
AcDbLine
 10
32.42107569951683
 20
12.734918713898084
 30
0.0
 11
34.69948907445434
 21
12.62192673136033
 31
0.0
  0
ARC
  5
1EB
330
17
100
AcDbEntity
  8
SLOTS
100
AcDbCircle
 10
32.414884258744166
 20
12.610072143816408
 30
0.0
 40
0.125
100
AcDbArc
 50
87.16089089047816
 51
267.1608908904782
  0
ARC
  5
1EC
330
17
100
AcDbEntity
  8
SLOTS
100
AcDbCircle
 10
34.69329763368168
 20
12.497080161278655
 30
0.0
 40
0.125
100
AcDbArc
 50
267.1608908904782
 51
447.1608908904782
  0
LINE
  5
1ED
330
17
100
AcDbEntity
  8
SLOTS
100
AcDbLine
 10
34.86880855922734
 20
11.612300824303622
 30
0.0
 11
32.131967042255944
 21
11.748027357642952
 31
0.0
  0
LINE
  5
1EE
330
17
100
AcDbEntity
  8
SLOTS
100
AcDbLine
 10
32.144349923801265
 20
11.997720497806304
 30
0.0
 11
34.88119144077266
 21
11.861993964466974
 31
0.0
  0
ARC
  5
1EF
330
17
100
AcDbEntity
  8
SLOTS
100
AcDbCircle
 10
32.138158483028604
 20
11.872873927724628
 30
0.0
 40
0.125
100
AcDbArc
 50
87.16089089047816
 51
267.1608908904782
  0
ARC
  5
1F0
330
17
100
AcDbEntity
  8
SLOTS
100
AcDbCircle
 10
34.875
 20
11.737147394385298
 30
0.0
 40
0.125
100
AcDbArc
 50
267.1608908904782
 51
447.1608908904782
  0
LINE
  5
1F1
330
17
100
AcDbEntity
  8
SLOTS
100
AcDbLine
 10
34.86880855922734
 20
10.861379113449505
 30
0.0
 11
31.85524126654037
 21
11.010829141551175
 31
0.0
  0
LINE
  5
1F2
330
17
100
AcDbEntity
  8
SLOTS
100
AcDbLine
 10
31.8676241480857
 20
11.260522281714527
 30
0.0
 11
34.88119144077266
 21
11.111072253612857
 31
0.0
  0
ARC
  5
1F3
330
17
100
AcDbEntity
  8
SLOTS
100
AcDbCircle
 10
31.861432707313035
 20
11.135675711632851
 30
0.0
 40
0.125
100
AcDbArc
 50
87.16089089047816
 51
267.1608908904782
  0
ARC
  5
1F4
330
17
100
AcDbEntity
  8
SLOTS
100
AcDbCircle
 10
34.875
 20
10.986225683531181
 30
0.0
 40
0.125
100
AcDbArc
 50
267.1608908904782
 51
447.1608908904782
  0
LINE
  5
1F5
330
17
100
AcDbEntity
  8
SLOTS
100
AcDbLine
 10
34.86880855922734
 20
10.110457402595387
 30
0.0
 11
31.578515490824806
 21
10.273630925459397
 31
0.0
  0
LINE
  5
1F6
330
17
100
AcDbEntity
  8
SLOTS
100
AcDbLine
 10
31.590898372370134
 20
10.523324065622749
 30
0.0
 11
34.88119144077266
 21
10.360150542758738
 31
0.0
  0
ARC
  5
1F7
330
17
100
AcDbEntity
  8
SLOTS
100
AcDbCircle
 10
31.58470693159747
 20
10.398477495541073
 30
0.0
 40
0.125
100
AcDbArc
 50
87.16089089047816
 51
267.1608908904782
  0
ARC
  5
1F8
330
17
100
AcDbEntity
  8
SLOTS
100
AcDbCircle
 10
34.875
 20
10.235303972677062
 30
0.0
 40
0.125
100
AcDbArc
 50
267.1608908904782
 51
447.1608908904782
  0
LINE
  5
1F9
330
17
100
AcDbEntity
  8
SLOTS
100
AcDbLine
 10
34.86880855922734
 20
9.35953569174127
 30
0.0
 11
31.30178971510924
 21
9.536432709367618
 31
0.0
  0
LINE
  5
1FA
330
17
100
AcDbEntity
  8
SLOTS
100
AcDbLine
 10
31.31417259665457
 20
9.78612584953097
 30
0.0
 11
34.88119144077266
 21
9.609228831904622
 31
0.0
  0
ARC
  5
1FB
330
17
100
AcDbEntity
  8
SLOTS
100
AcDbCircle
 10
31.307981155881905
 20
9.661279279449294
 30
0.0
 40
0.125
100
AcDbArc
 50
87.16089089047816
 51
267.1608908904782
  0
ARC
  5
1FC
330
17
100
AcDbEntity
  8
SLOTS
100
AcDbCircle
 10
34.875
 20
9.484382261822946
 30
0.0
 40
0.125
100
AcDbArc
 50
267.1608908904782
 51
447.1608908904782
  0
LINE
  5
1FD
330
17
100
AcDbEntity
  8
SLOTS
100
AcDbLine
 10
34.86880855922734
 20
8.608613980887153
 30
0.0
 11
31.02506393939368
 21
8.79923449327584
 31
0.0
  0
LINE
  5
1FE
330
17
100
AcDbEntity
  8
SLOTS
100
AcDbLine
 10
31.037446820939
 20
9.048927633439192
 30
0.0
 11
34.88119144077266
 21
8.858307121050505
 31
0.0
  0
ARC
  5
1FF
330
17
100
AcDbEntity
  8
SLOTS
100
AcDbCircle
 10
31.03125538016634
 20
8.924081063357516
 30
0.0
 40
0.125
100
AcDbArc
 50
87.16089089047819
 51
267.1608908904782
  0
ARC
  5
200
330
17
100
AcDbEntity
  8
SLOTS
100
AcDbCircle
 10
34.875
 20
8.733460550968829
 30
0.0
 40
0.125
100
AcDbArc
 50
267.1608908904782
 51
447.1608908904782
  0
LINE
  5
201
330
17
100
AcDbEntity
  8
SLOTS
100
AcDbLine
 10
34.86880855922734
 20
7.857692270033034
 30
0.0
 11
30.74833816367811
 21
8.062036277184061
 31
0.0
  0
LINE
  5
202
330
17
100
AcDbEntity
  8
SLOTS
100
AcDbLine
 10
30.760721045223438
 20
8.311729417347413
 30
0.0
 11
34.88119144077266
 21
8.107385410196384
 31
0.0
  0
ARC
  5
203
330
17
100
AcDbEntity
  8
SLOTS
100
AcDbCircle
 10
30.754529604450774
 20
8.186882847265737
 30
0.0
 40
0.125
100
AcDbArc
 50
87.16089089047816
 51
267.1608908904782
  0
ARC
  5
204
330
17
100
AcDbEntity
  8
SLOTS
100
AcDbCircle
 10
34.875
 20
7.982538840114709
 30
0.0
 40
0.125
100
AcDbArc
 50
267.1608908904782
 51
447.1608908904782
  0
LINE
  5
205
330
17
100
AcDbEntity
  8
SLOTS
100
AcDbLine
 10
34.86880855922734
 20
7.106770559178917
 30
0.0
 11
30.794670625408934
 21
7.308816828454805
 31
0.0
  0
LINE
  5
206
330
17
100
AcDbEntity
  8
SLOTS
100
AcDbLine
 10
30.80705350695426
 20
7.558509968618155
 30
0.0
 11
34.88119144077266
 21
7.356463699342267
 31
0.0
  0
ARC
  5
207
330
17
100
AcDbEntity
  8
SLOTS
100
AcDbCircle
 10
30.800862066181597
 20
7.43366339853648
 30
0.0
 40
0.125
100
AcDbArc
 50
87.16089089047816
 51
267.1608908904782
  0
ARC
  5
208
330
17
100
AcDbEntity
  8
SLOTS
100
AcDbCircle
 10
34.875
 20
7.231617129260592
 30
0.0
 40
0.125
100
AcDbArc
 50
267.1608908904782
 51
447.1608908904782
  0
LINE
  5
209
330
17
100
AcDbEntity
  8
SLOTS
100
AcDbLine
 10
28.92590703134506
 20
7.554929000423411
 30
0.0
 11
29.79799072576734
 21
8.044875165383118
 31
0.0
  0
LINE
  5
20A
330
17
100
AcDbEntity
  8
SLOTS
100
AcDbLine
 10
29.92044193179138
 20
7.826917136984854
 30
0.0
 11
29.048358237369097
 21
7.336970972025147
 31
0.0
  0
ARC
  5
20B
330
17
100
AcDbEntity
  8
SLOTS
100
AcDbCircle
 10
29.85921632877936
 20
7.935896151183986
 30
0.0
 40
0.125
100
AcDbArc
 50
-60.672245962295065
 51
119.32775403770493
  0
ARC
  5
20C
330
17
100
AcDbEntity
  8
SLOTS
100
AcDbCircle
 10
28.987132634357078
 20
7.445949986224279
 30
0.0
 40
0.125
100
AcDbArc
 50
119.32775403770493
 51
299.32775403770495
  0
LINE
  5
20D
330
17
100
AcDbEntity
  8
SLOTS
100
AcDbLine
 10
28.21707661431585
 20
8.016957682313679
 30
0.0
 11
30.207209990995885
 21
9.135036396431397
 31
0.0
  0
LINE
  5
20E
330
17
100
AcDbEntity
  8
SLOTS
100
AcDbLine
 10
30.329661197019924
 20
8.917078368033133
 30
0.0
 11
28.33952782033989
 21
7.7989996539154145
 31
0.0
  0
ARC
  5
20F
330
17
100
AcDbEntity
  8
SLOTS
100
AcDbCircle
 10
30.268435594007904
 20
9.026057382232265
 30
0.0
 40
0.125
100
AcDbArc
 50
-60.672245962295044
 51
119.32775403770495
  0
ARC
  5
210
330
17
100
AcDbEntity
  8
SLOTS
100
AcDbCircle
 10
28.27830221732787
 20
7.907978668114547
 30
0.0
 40
0.125
100
AcDbArc
 50
119.32775403770495
 51
299.32775403770495
  0
LINE
  5
211
330
17
100
AcDbEntity
  8
SLOTS
100
AcDbLine
 10
27.50824619728665
 20
8.478986364203946
 30
0.0
 11
30.61642925622443
 21
10.225197627479671
 31
0.0
  0
LINE
  5
212
330
17
100
AcDbEntity
  8
SLOTS
100
AcDbLine
 10
30.738880462248467
 20
10.007239599081407
 30
0.0
 11
27.630697403310688
 21
8.261028335805682
 31
0.0
  0
ARC
  5
213
330
17
100
AcDbEntity
  8
SLOTS
100
AcDbCircle
 10
30.677654859236448
 20
10.11621861328054
 30
0.0
 40
0.125
100
AcDbArc
 50
-60.672245962295044
 51
119.32775403770495
  0
ARC
  5
214
330
17
100
AcDbEntity
  8
SLOTS
100
AcDbCircle
 10
27.56947180029867
 20
8.370007350004814
 30
0.0
 40
0.125
100
AcDbArc
 50
119.32775403770495
 51
299.32775403770495
  0
LINE
  5
215
330
17
100
AcDbEntity
  8
SLOTS
100
AcDbLine
 10
26.79941578025744
 20
8.941015046094213
 30
0.0
 11
31.025648521452972
 21
11.31535885852795
 31
0.0
  0
LINE
  5
216
330
17
100
AcDbEntity
  8
SLOTS
100
AcDbLine
 10
31.14809972747701
 20
11.097400830129686
 30
0.0
 11
26.92186698628148
 21
8.723057017695949
 31
0.0
  0
ARC
  5
217
330
17
100
AcDbEntity
  8
SLOTS
100
AcDbCircle
 10
31.08687412446499
 20
11.206379844328819
 30
0.0
 40
0.125
100
AcDbArc
 50
-60.67224596229504
 51
119.32775403770496
  0
ARC
  5
218
330
17
100
AcDbEntity
  8
SLOTS
100
AcDbCircle
 10
26.86064138326946
 20
8.83203603189508
 30
0.0
 40
0.125
100
AcDbArc
 50
119.32775403770496
 51
299.32775403770495
  0
LINE
  5
219
330
17
100
AcDbEntity
  8
SLOTS
100
AcDbLine
 10
26.090585363228236
 20
9.403043727984482
 30
0.0
 11
31.434867786681515
 21
12.405520089576227
 31
0.0
  0
LINE
  5
21A
330
17
100
AcDbEntity
  8
SLOTS
100
AcDbLine
 10
31.557318992705554
 20
12.187562061177962
 30
0.0
 11
26.213036569252274
 21
9.185085699586217
 31
0.0
  0
ARC
  5
21B
330
17
100
AcDbEntity
  8
SLOTS
100
AcDbCircle
 10
31.496093389693534
 20
12.296541075377094
 30
0.0
 40
0.125
100
AcDbArc
 50
-60.67224596229506
 51
119.32775403770495
  0
ARC
  5
21C
330
17
100
AcDbEntity
  8
SLOTS
100
AcDbCircle
 10
26.151810966240255
 20
9.29406471378535
 30
0.0
 40
0.125
100
AcDbArc
 50
119.32775403770495
 51
299.32775403770495
  0
LINE
  5
21D
330
17
100
AcDbEntity
  8
SLOTS
100
AcDbLine
 10
34.93049257692918
 20
5.059484567231747
 30
0.0
 11
34.45403279617748
 21
4.823428116604348
 31
0.0
  0
LINE
  5
21E
330
17
100
AcDbEntity
  8
SLOTS
100
AcDbLine
 10
34.343047642319114
 20
5.047442168893562
 30
0.0
 11
34.81950742307082
 21
5.283498619520961
 31
0.0
  0
ARC
  5
21F
330
17
100
AcDbEntity
  8
SLOTS
100
AcDbCircle
 10
34.3985402192483
 20
4.935435142748955
 30
0.0
 40
0.125
100
AcDbArc
 50
-243.6444204497988
 51
-63.64442044979879
  0
ARC
  5
220
330
17
100
AcDbEntity
  8
SLOTS
100
AcDbCircle
 10
34.875
 20
5.171491593376354
 30
0.0
 40
0.125
100
AcDbArc
 50
-63.64442044979879
 51
116.35557955020121
  0
LINE
  5
221
330
17
100
AcDbEntity
  8
SLOTS
100
AcDbLine
 10
34.93049257692918
 20
4.222483503754139
 30
0.0
 11
34.11709097165259
 21
3.8194931494092437
 31
0.0
  0
LINE
  5
222
330
17
100
AcDbEntity
  8
SLOTS
100
AcDbLine
 10
34.00610581779422
 20
4.043507201698457
 30
0.0
 11
34.81950742307082
 21
4.446497556043353
 31
0.0
  0
ARC
  5
223
330
17
100
AcDbEntity
  8
SLOTS
100
AcDbCircle
 10
34.061598394723404
 20
3.9315001755538503
 30
0.0
 40
0.125
100
AcDbArc
 50
-243.64442044979896
 51
-63.64442044979896
  0
ARC
  5
224
330
17
100
AcDbEntity
  8
SLOTS
100
AcDbCircle
 10
34.875
 20
4.334490529898746
 30
0.0
 40
0.125
100
AcDbArc
 50
-63.64442044979896
 51
116.35557955020104
  0
LINE
  5
225
330
17
100
AcDbEntity
  8
SLOTS
100
AcDbLine
 10
34.93049257692918
 20
3.385482440276532
 30
0.0
 11
33.7801491471277
 21
2.8155581822141387
 31
0.0
  0
LINE
  5
226
330
17
100
AcDbEntity
  8
SLOTS
100
AcDbLine
 10
33.669163993269336
 20
3.039572234503352
 30
0.0
 11
34.81950742307082
 21
3.609496492565745
 31
0.0
  0
ARC
  5
227
330
17
100
AcDbEntity
  8
SLOTS
100
AcDbCircle
 10
33.72465657019852
 20
2.9275652083587453
 30
0.0
 40
0.125
100
AcDbArc
 50
-243.64442044979887
 51
-63.64442044979887
  0
ARC
  5
228
330
17
100
AcDbEntity
  8
SLOTS
100
AcDbCircle
 10
34.875
 20
3.4974894664211384
 30
0.0
 40
0.125
100
AcDbArc
 50
-63.64442044979887
 51
116.35557955020113
  0
LINE
  5
229
330
17
100
AcDbEntity
  8
SLOTS
100
AcDbLine
 10
34.93049257692918
 20
2.5484813767989243
 30
0.0
 11
34.001143421283444
 21
2.0880461586800063
 31
0.0
  0
LINE
  5
22A
330
17
100
AcDbEntity
  8
SLOTS
100
AcDbLine
 10
33.89015826742508
 20
2.3120602109692197
 30
0.0
 11
34.81950742307082
 21
2.7724954290881376
 31
0.0
  0
ARC
  5
22B
330
17
100
AcDbEntity
  8
SLOTS
100
AcDbCircle
 10
33.94565084435426
 20
2.200053184824613
 30
0.0
 40
0.125
100
AcDbArc
 50
-243.64442044979887
 51
-63.64442044979887
  0
ARC
  5
22C
330
17
100
AcDbEntity
  8
SLOTS
100
AcDbCircle
 10
34.875
 20
2.660488402943531
 30
0.0
 40
0.125
100
AcDbArc
 50
-63.64442044979887
 51
116.35557955020113
  0
LINE
  5
22D
330
17
100
AcDbEntity
  8
SLOTS
100
AcDbLine
 10
34.93049257692918
 20
1.7114803133213166
 30
0.0
 11
34.45052605784586
 21
1.4736864900188649
 31
0.0
  0
LINE
  5
22E
330
17
100
AcDbEntity
  8
SLOTS
100
AcDbLine
 10
34.3395409039875
 20
1.6977005423080782
 30
0.0
 11
34.81950742307082
 21
1.93549436561053
 31
0.0
  0
ARC
  5
22F
330
17
100
AcDbEntity
  8
SLOTS
100
AcDbCircle
 10
34.39503348091668
 20
1.5856935161634715
 30
0.0
 40
0.125
100
AcDbArc
 50
-243.6444204497989
 51
-63.6444204497989
  0
ARC
  5
230
330
17
100
AcDbEntity
  8
SLOTS
100
AcDbCircle
 10
34.875
 20
1.8234873394659232
 30
0.0
 40
0.125
100
AcDbArc
 50
-63.6444204497989
 51
116.3555795502011
  0
LINE
  5
231
330
17
100
AcDbEntity
  8
SLOTS
100
AcDbLine
 10
28.193978519233596
 20
1.3745584800095596
 30
0.0
 11
30.49782601013847
 21
1.8910062207814324
 31
0.0
  0
LINE
  5
232
330
17
100
AcDbEntity
  8
SLOTS
100
AcDbLine
 10
30.55251074337247
 20
1.6470603662334888
 30
0.0
 11
28.248663252467594
 21
1.130612625461616
 31
0.0
  0
ARC
  5
233
330
17
100
AcDbEntity
  8
SLOTS
100
AcDbCircle
 10
30.52516837675547
 20
1.7690332935074606
 30
0.0
 40
0.125
100
AcDbArc
 50
-77.36502474059304
 51
102.63497525940696
  0
ARC
  5
234
330
17
100
AcDbEntity
  8
SLOTS
100
AcDbCircle
 10
28.221320885850595
 20
1.2525855527355878
 30
0.0
 40
0.125
100
AcDbArc
 50
102.63497525940696
 51
282.63497525940693
  0
LINE
  5
235
330
17
100
AcDbEntity
  8
SLOTS
100
AcDbLine
 10
28.353473339210787
 20
2.178925219695612
 30
0.0
 11
32.960625101180234
 21
3.211698929003836
 31
0.0
  0
LINE
  5
236
330
17
100
AcDbEntity
  8
SLOTS
100
AcDbLine
 10
33.01530983441423
 20
2.967753074455892
 30
0.0
 11
28.408158072444785
 21
1.9349793651476683
 31
0.0
  0
ARC
  5
237
330
17
100
AcDbEntity
  8
SLOTS
100
AcDbCircle
 10
32.98796746779723
 20
3.089726001729864
 30
0.0
 40
0.125
100
AcDbArc
 50
-77.36502474059306
 51
102.63497525940694
  0
ARC
  5
238
330
17
100
AcDbEntity
  8
SLOTS
100
AcDbCircle
 10
28.380815705827786
 20
2.05695229242164
 30
0.0
 40
0.125
100
AcDbArc
 50
102.63497525940694
 51
282.63497525940693
  0
LINE
  5
239
330
17
100
AcDbEntity
  8
SLOTS
100
AcDbLine
 10
28.51296815918798
 20
2.983291959381665
 30
0.0
 11
33.23957483799576
 21
4.042843579193427
 31
0.0
  0
LINE
  5
23A
330
17
100
AcDbEntity
  8
SLOTS
100
AcDbLine
 10
33.29425957122976
 20
3.7988977246454834
 30
0.0
 11
28.56765289242198
 21
2.7393461048337215
 31
0.0
  0
ARC
  5
23B
330
17
100
AcDbEntity
  8
SLOTS
100
AcDbCircle
 10
33.26691720461276
 20
3.920870651919455
 30
0.0
 40
0.125
100
AcDbArc
 50
-77.36502474059304
 51
102.63497525940696
  0
ARC
  5
23C
330
17
100
AcDbEntity
  8
SLOTS
100
AcDbCircle
 10
28.54031052580498
 20
2.8613190321076933
 30
0.0
 40
0.125
100
AcDbArc
 50
102.63497525940696
 51
282.63497525940693
  0
LINE
  5
23D
330
17
100
AcDbEntity
  8
SLOTS
100
AcDbLine
 10
28.672462979165175
 20
3.7876586990677175
 30
0.0
 11
33.518524574811295
 21
4.873988229383017
 31
0.0
  0
LINE
  5
23E
330
17
100
AcDbEntity
  8
SLOTS
100
AcDbLine
 10
33.57320930804529
 20
4.630042374835074
 30
0.0
 11
28.727147712399173
 21
3.543712844519774
 31
0.0
  0
ARC
  5
23F
330
17
100
AcDbEntity
  8
SLOTS
100
AcDbCircle
 10
33.545866941428294
 20
4.752015302109045
 30
0.0
 40
0.125
100
AcDbArc
 50
-77.36502474059306
 51
102.63497525940694
  0
ARC
  5
240
330
17
100
AcDbEntity
  8
SLOTS
100
AcDbCircle
 10
28.699805345782174
 20
3.6656857717937457
 30
0.0
 40
0.125
100
AcDbArc
 50
102.63497525940694
 51
282.63497525940693
  0
LINE
  5
241
330
17
100
AcDbEntity
  8
SLOTS
100
AcDbLine
 10
28.83195779914237
 20
4.59202543875377
 30
0.0
 11
33.79747431162682
 21
5.705132879572607
 31
0.0
  0
LINE
  5
242
330
17
100
AcDbEntity
  8
SLOTS
100
AcDbLine
 10
33.85215904486082
 20
5.461187025024663
 30
0.0
 11
28.886642532376367
 21
4.348079584205826
 31
0.0
  0
ARC
  5
243
330
17
100
AcDbEntity
  8
SLOTS
100
AcDbCircle
 10
33.82481667824382
 20
5.583159952298635
 30
0.0
 40
0.125
100
AcDbArc
 50
-77.36502474059306
 51
102.63497525940694
  0
ARC
  5
244
330
17
100
AcDbEntity
  8
SLOTS
100
AcDbCircle
 10
28.859300165759368
 20
4.470052511479798
 30
0.0
 40
0.125
100
AcDbArc
 50
102.63497525940694
 51
282.63497525940693
  0
LINE
  5
245
330
17
100
AcDbEntity
  8
SLOTS
100
AcDbLine
 10
28.991452619119563
 20
5.3963921784398226
 30
0.0
 11
32.894897586688096
 21
6.271417692362325
 31
0.0
  0
LINE
  5
246
330
17
100
AcDbEntity
  8
SLOTS
100
AcDbLine
 10
32.949582319922094
 20
6.027471837814382
 30
0.0
 11
29.04613735235356
 21
5.152446323891879
 31
0.0
  0
ARC
  5
247
330
17
100
AcDbEntity
  8
SLOTS
100
AcDbCircle
 10
32.922239953305095
 20
6.1494447650883535
 30
0.0
 40
0.125
100
AcDbArc
 50
-77.36502474059304
 51
102.63497525940696
  0
ARC
  5
248
330
17
100
AcDbEntity
  8
SLOTS
100
AcDbCircle
 10
29.018794985736562
 20
5.274419251165851
 30
0.0
 40
0.125
100
AcDbArc
 50
102.63497525940696
 51
282.634975259407
  0
LINE
  5
249
330
17
100
AcDbEntity
  8
SLOTS
100
AcDbLine
 10
29.150947439096754
 20
6.200758918125874
 30
0.0
 11
31.244867377424114
 21
6.670147723494066
 31
0.0
  0
LINE
  5
24A
330
17
100
AcDbEntity
  8
SLOTS
100
AcDbLine
 10
31.299552110658112
 20
6.426201868946122
 30
0.0
 11
29.205632172330752
 21
5.956813063577931
 31
0.0
  0
ARC
  5
24B
330
17
100
AcDbEntity
  8
SLOTS
100
AcDbCircle
 10
31.272209744041113
 20
6.548174796220094
 30
0.0
 40
0.125
100
AcDbArc
 50
-77.36502474059306
 51
102.63497525940694
  0
ARC
  5
24C
330
17
100
AcDbEntity
  8
SLOTS
100
AcDbCircle
 10
29.178289805713753
 20
6.078785990851903
 30
0.0
 40
0.125
100
AcDbArc
 50
102.63497525940694
 51
282.63497525940693
  0
LINE
  5
24D
330
17
100
AcDbEntity
  8
SLOTS
100
AcDbLine
 10
30.381524975660444
 20
13.331119167578526
 30
0.0
 11
31.435969585042184
 21
14.043127556228173
 31
0.0
  0
LINE
  5
24E
330
17
100
AcDbEntity
  8
SLOTS
100
AcDbLine
 10
31.57587266094915
 20
13.835938923934387
 30
0.0
 11
30.52142805156741
 21
13.12393053528474
 31
0.0
  0
ARC
  5
24F
330
17
100
AcDbEntity
  8
SLOTS
100
AcDbCircle
 10
31.505921122995666
 20
13.93953324008128
 30
0.0
 40
0.125
100
AcDbArc
 50
-55.97100980467705
 51
124.02899019532295
  0
ARC
  5
250
330
17
100
AcDbEntity
  8
SLOTS
100
AcDbCircle
 10
30.451476513613926
 20
13.227524851431633
 30
0.0
 40
0.125
100
AcDbArc
 50
124.02899019532295
 51
304.02899019532293
  0
LINE
  5
251
330
17
100
AcDbEntity
  8
SLOTS
100
AcDbLine
 10
26.344166353635103
 20
11.509885610585904
 30
0.0
 11
30.936586341109134
 21
14.610893976687796
 31
0.0
  0
LINE
  5
252
330
17
100
AcDbEntity
  8
SLOTS
100
AcDbLine
 10
31.0764894170161
 20
14.40370534439401
 30
0.0
 11
26.484069429542068
 21
11.302696978292119
 31
0.0
  0
ARC
  5
253
330
17
100
AcDbEntity
  8
SLOTS
100
AcDbCircle
 10
31.006537879062616
 20
14.507299660540903
 30
0.0
 40
0.125
100
AcDbArc
 50
-55.97100980467704
 51
124.02899019532296
  0
ARC
  5
254
330
17
100
AcDbEntity
  8
SLOTS
100
AcDbCircle
 10
26.414117891588585
 20
11.406291294439011
 30
0.0
 40
0.125
100
AcDbArc
 50
124.02899019532296
 51
304.028990195323
  0
LINE
  5
255
330
17
100
AcDbEntity
  8
SLOTS
100
AcDbLine
 10
26.792611239572132
 20
12.717668181217036
 30
0.0
 11
30.43069243257837
 21
15.174264103811558
 31
0.0
  0
LINE
  5
256
330
17
100
AcDbEntity
  8
SLOTS
100
AcDbLine
 10
30.570595508485333
 20
14.967075471517772
 30
0.0
 11
26.932514315479096
 21
12.51047954892325
 31
0.0
  0
ARC
  5
257
330
17
100
AcDbEntity
  8
SLOTS
100
AcDbCircle
 10
30.50064397053185
 20
15.070669787664665
 30
0.0
 40
0.125
100
AcDbArc
 50
-55.971009804677045
 51
124.02899019532296
  0
ARC
  5
258
330
17
100
AcDbEntity
  8
SLOTS
100
AcDbCircle
 10
26.862562777525614
 20
12.614073865070143
 30
0.0
 40
0.125
100
AcDbArc
 50
124.02899019532296
 51
304.02899019532293
  0
LINE
  5
259
330
17
100
AcDbEntity
  8
SLOTS
100
AcDbLine
 10
27.241056125509164
 20
13.925450751848171
 30
0.0
 11
29.924798524047603
 21
15.73763423093532
 31
0.0
  0
LINE
  5
25A
330
17
100
AcDbEntity
  8
SLOTS
100
AcDbLine
 10
30.064701599954567
 20
15.530445598641535
 30
0.0
 11
27.38095920141613
 21
13.718262119554385
 31
0.0
  0
ARC
  5
25B
330
17
100
AcDbEntity
  8
SLOTS
100
AcDbCircle
 10
29.994750062001085
 20
15.634039914788428
 30
0.0
 40
0.125
100
AcDbArc
 50
-55.971009804677045
 51
124.02899019532296
  0
ARC
  5
25C
330
17
100
AcDbEntity
  8
SLOTS
100
AcDbCircle
 10
27.311007663462647
 20
13.821856435701278
 30
0.0
 40
0.125
100
AcDbArc
 50
124.02899019532296
 51
304.02899019532293
  0
LINE
  5
25D
330
17
100
AcDbEntity
  8
SLOTS
100
AcDbLine
 10
27.689501011446193
 20
15.1332333224793
 30
0.0
 11
29.41890461551684
 21
16.30100435805908
 31
0.0
  0
LINE
  5
25E
330
17
100
AcDbEntity
  8
SLOTS
100
AcDbLine
 10
29.558807691423805
 20
16.093815725765296
 30
0.0
 11
27.829404087353158
 21
14.926044690185515
 31
0.0
  0
ARC
  5
25F
330
17
100
AcDbEntity
  8
SLOTS
100
AcDbCircle
 10
29.488856153470323
 20
16.19741004191219
 30
0.0
 40
0.125
100
AcDbArc
 50
-55.971009804677074
 51
124.02899019532293
  0
ARC
  5
260
330
17
100
AcDbEntity
  8
SLOTS
100
AcDbCircle
 10
27.759452549399676
 20
15.029639006332408
 30
0.0
 40
0.125
100
AcDbArc
 50
124.02899019532293
 51
304.02899019532293
  0
LINE
  5
261
330
17
100
AcDbEntity
  8
SLOTS
100
AcDbLine
 10
28.13794589738323
 20
16.34101589311044
 30
0.0
 11
28.287405265635368
 21
16.441937575492787
 31
0.0
  0
LINE
  5
262
330
17
100
AcDbEntity
  8
SLOTS
100
AcDbLine
 10
28.427308341542332
 20
16.234748943199
 30
0.0
 11
28.277848973290194
 21
16.133827260816656
 31
0.0
  0
ARC
  5
263
330
17
100
AcDbEntity
  8
SLOTS
100
AcDbCircle
 10
28.35735680358885
 20
16.338343259345894
 30
0.0
 40
0.125
100
AcDbArc
 50
-55.9710098046767
 51
124.0289901953233
  0
ARC
  5
264
330
17
100
AcDbEntity
  8
SLOTS
100
AcDbCircle
 10
28.20789743533671
 20
16.23742157696355
 30
0.0
 40
0.125
100
AcDbArc
 50
124.0289901953233
 51
304.02899019532333
  0
LINE
  5
265
330
17
100
AcDbEntity
  8
SLOTS
100
AcDbLine
 10
17.396792427777726
 20
8.27989808408588
 30
0.0
 11
15.088271704163672
 21
2.0599290837490374
 31
0.0
  0
LINE
  5
266
330
17
100
AcDbEntity
  8
SLOTS
100
AcDbLine
 10
14.85389382698799
 20
2.14691765018521
 30
0.0
 11
17.162414550602044
 21
8.366886650522053
 31
0.0
  0
ARC
  5
267
330
17
100
AcDbEntity
  8
SLOTS
100
AcDbCircle
 10
14.971082765575831
 20
2.1034233669671236
 30
0.0
 40
0.125
100
AcDbArc
 50
-200.36223981384276
 51
-20.362239813842763
  0
ARC
  5
268
330
17
100
AcDbEntity
  8
SLOTS
100
AcDbCircle
 10
17.279603489189885
 20
8.323392367303967
 30
0.0
 40
0.125
100
AcDbArc
 50
-20.362239813842763
 51
159.63776018615724
  0
LINE
  5
269
330
17
100
AcDbEntity
  8
SLOTS
100
AcDbLine
 10
18.01046048798857
 20
7.777880582862839
 30
0.0
 11
16.074396086561606
 21
2.5614402726892496
 31
0.0
  0
LINE
  5
26A
330
17
100
AcDbEntity
  8
SLOTS
100
AcDbLine
 10
15.840018209385923
 20
2.648428839125422
 30
0.0
 11
17.77608261081289
 21
7.864869149299011
 31
0.0
  0
ARC
  5
26B
330
17
100
AcDbEntity
  8
SLOTS
100
AcDbCircle
 10
15.957207147973763
 20
2.604934555907336
 30
0.0
 40
0.125
100
AcDbArc
 50
-200.36223981384273
 51
-20.36223981384275
  0
ARC
  5
26C
330
17
100
AcDbEntity
  8
SLOTS
100
AcDbCircle
 10
17.89327154940073
 20
7.821374866080925
 30
0.0
 40
0.125
100
AcDbArc
 50
-20.36223981384275
 51
159.63776018615727
  0
LINE
  5
26D
330
17
100
AcDbEntity
  8
SLOTS
100
AcDbLine
 10
18.624128548199423
 20
7.275863081639793
 30
0.0
 11
17.38393201054138
 21
3.9343362156900525
 31
0.0
  0
LINE
  5
26E
330
17
100
AcDbEntity
  8
SLOTS
100
AcDbLine
 10
17.149554133365697
 20
4.021324782126225
 30
0.0
 11
18.38975067102374
 21
7.362851648075965
 31
0.0
  0
ARC
  5
26F
330
17
100
AcDbEntity
  8
SLOTS
100
AcDbCircle
 10
17.266743071953538
 20
3.977830498908139
 30
0.0
 40
0.125
100
AcDbArc
 50
-200.36223981384282
 51
-20.36223981384282
  0
ARC
  5
270
330
17
100
AcDbEntity
  8
SLOTS
100
AcDbCircle
 10
18.50693960961158
 20
7.319357364857879
 30
0.0
 40
0.125
100
AcDbArc
 50
-20.36223981384282
 51
159.63776018615718
  0
LINE
  5
271
330
17
100
AcDbEntity
  8
SLOTS
100
AcDbLine
 10
19.23779660841027
 20
6.773845580416746
 30
0.0
 11
18.693467934521163
 21
5.307232158690859
 31
0.0
  0
LINE
  5
272
330
17
100
AcDbEntity
  8
SLOTS
100
AcDbLine
 10
18.45909005734548
 20
5.394220725127031
 30
0.0
 11
19.00341873123459
 21
6.860834146852919
 31
0.0
  0
ARC
  5
273
330
17
100
AcDbEntity
  8
SLOTS
100
AcDbCircle
 10
18.576278995933322
 20
5.350726441908945
 30
0.0
 40
0.125
100
AcDbArc
 50
-200.3622398138427
 51
-20.362239813842706
  0
ARC
  5
274
330
17
100
AcDbEntity
  8
SLOTS
100
AcDbCircle
 10
19.12060766982243
 20
6.817339863634833
 30
0.0
 40
0.125
100
AcDbArc
 50
-20.362239813842706
 51
159.6377601861573
  0
LINE
  5
275
330
17
100
AcDbEntity
  8
SLOTS
100
AcDbLine
 10
22.899309626979154
 20
1.4012159714628885
 30
0.0
 11
22.8292513065955
 21
1.7294039040486537
 31
0.0
  0
LINE
  5
276
330
17
100
AcDbEntity
  8
SLOTS
100
AcDbLine
 10
23.073742689173553
 20
1.781595511085332
 30
0.0
 11
23.143801009557208
 21
1.4534075784995668
 31
0.0
  0
ARC
  5
277
330
17
100
AcDbEntity
  8
SLOTS
100
AcDbCircle
 10
22.951496997884526
 20
1.755499707566993
 30
0.0
 40
0.125
100
AcDbArc
 50
12.050071580878736
 51
192.05007158087875
  0
ARC
  5
278
330
17
100
AcDbEntity
  8
SLOTS
100
AcDbCircle
 10
23.02155531826818
 20
1.4273117749812276
 30
0.0
 40
0.125
100
AcDbArc
 50
192.05007158087875
 51
372.05007158087875
  0
LINE
  5
279
330
17
100
AcDbEntity
  8
SLOTS
100
AcDbLine
 10
22.16390227819272
 20
1.2536972232524237
 30
0.0
 11
21.709995952431797
 21
3.380019661805204
 31
0.0
  0
LINE
  5
27A
330
17
100
AcDbEntity
  8
SLOTS
100
AcDbLine
 10
21.95448733500985
 20
3.4322112688418795
 30
0.0
 11
22.408393660770773
 21
1.3058888302890999
 31
0.0
  0
ARC
  5
27B
330
17
100
AcDbEntity
  8
SLOTS
100
AcDbCircle
 10
21.832241643720824
 20
3.4061154653235417
 30
0.0
 40
0.125
100
AcDbArc
 50
12.05007158087814
 51
192.05007158087813
  0
ARC
  5
27C
330
17
100
AcDbEntity
  8
SLOTS
100
AcDbCircle
 10
22.286147969481746
 20
1.2797930267707618
 30
0.0
 40
0.125
100
AcDbArc
 50
192.05007158087813
 51
372.0500715808781
  0
LINE
  5
27D
330
17
100
AcDbEntity
  8
SLOTS
100
AcDbLine
 10
21.428494929406288
 20
1.1061784750419579
 30
0.0
 11
20.59074059826809
 21
5.030635419561752
 31
0.0
  0
LINE
  5
27E
330
17
100
AcDbEntity
  8
SLOTS
100
AcDbLine
 10
20.835231980846146
 20
5.0828270265984274
 30
0.0
 11
21.672986311984342
 21
1.158370082078634
 31
0.0
  0
ARC
  5
27F
330
17
100
AcDbEntity
  8
SLOTS
100
AcDbCircle
 10
20.71298628955712
 20
5.05673122308009
 30
0.0
 40
0.125
100
AcDbArc
 50
12.050071580878196
 51
192.05007158087818
  0
ARC
  5
280
330
17
100
AcDbEntity
  8
SLOTS
100
AcDbCircle
 10
21.550740620695315
 20
1.132274278560296
 30
0.0
 40
0.125
100
AcDbArc
 50
192.05007158087818
 51
372.0500715808782
  0
LINE
  5
281
330
17
100
AcDbEntity
  8
SLOTS
100
AcDbLine
 10
20.663149575558627
 20
1.098904196481662
 30
0.0
 11
19.7116024527483
 21
5.556423036255724
 31
0.0
  0
LINE
  5
282
330
17
100
AcDbEntity
  8
SLOTS
100
AcDbLine
 10
19.956093835326353
 20
5.6086146432924
 30
0.0
 11
20.90764095813668
 21
1.151095803518338
 31
0.0
  0
ARC
  5
283
330
17
100
AcDbEntity
  8
SLOTS
100
AcDbCircle
 10
19.833848144037326
 20
5.582518839774062
 30
0.0
 40
0.125
100
AcDbArc
 50
12.050071580878182
 51
192.05007158087818
  0
ARC
  5
284
330
17
100
AcDbEntity
  8
SLOTS
100
AcDbCircle
 10
20.785395266847654
 20
1.125
 30
0.0
 40
0.125
100
AcDbArc
 50
192.05007158087818
 51
372.0500715808782
  0
LINE
  5
285
330
17
100
AcDbEntity
  8
SLOTS
100
AcDbLine
 10
19.896251380526582
 20
1.098904196481662
 30
0.0
 11
19.084948516087234
 21
4.899449346910228
 31
0.0
  0
LINE
  5
286
330
17
100
AcDbEntity
  8
SLOTS
100
AcDbLine
 10
19.32943989866529
 20
4.951640953946904
 30
0.0
 11
20.140742763104637
 21
1.151095803518338
 31
0.0
  0
ARC
  5
287
330
17
100
AcDbEntity
  8
SLOTS
100
AcDbCircle
 10
19.20719420737626
 20
4.925545150428566
 30
0.0
 40
0.125
100
AcDbArc
 50
12.050071580878196
 51
192.05007158087818
  0
ARC
  5
288
330
17
100
AcDbEntity
  8
SLOTS
100
AcDbCircle
 10
20.01849707181561
 20
1.125
 30
0.0
 40
0.125
100
AcDbArc
 50
192.05007158087818
 51
372.0500715808782
  0
LINE
  5
289
330
17
100
AcDbEntity
  8
SLOTS
100
AcDbLine
 10
19.129353185494537
 20
1.098904196481662
 30
0.0
 11
18.458294579426173
 21
4.242475657564733
 31
0.0
  0
LINE
  5
28A
330
17
100
AcDbEntity
  8
SLOTS
100
AcDbLine
 10
18.702785962004228
 20
4.294667264601409
 30
0.0
 11
19.37384456807259
 21
1.151095803518338
 31
0.0
  0
ARC
  5
28B
330
17
100
AcDbEntity
  8
SLOTS
100
AcDbCircle
 10
18.5805402707152
 20
4.268571461083071
 30
0.0
 40
0.125
100
AcDbArc
 50
12.050071580878168
 51
192.05007158087818
  0
ARC
  5
28C
330
17
100
AcDbEntity
  8
SLOTS
100
AcDbCircle
 10
19.251598876783564
 20
1.125
 30
0.0
 40
0.125
100
AcDbArc
 50
192.05007158087818
 51
372.0500715808782
  0
LINE
  5
28D
330
17
100
AcDbEntity
  8
SLOTS
100
AcDbLine
 10
18.362454990462492
 20
1.098904196481662
 30
0.0
 11
17.83164064276511
 21
3.5855019682192384
 31
0.0
  0
LINE
  5
28E
330
17
100
AcDbEntity
  8
SLOTS
100
AcDbLine
 10
18.076132025343163
 20
3.637693575255914
 30
0.0
 11
18.606946373040547
 21
1.151095803518338
 31
0.0
  0
ARC
  5
28F
330
17
100
AcDbEntity
  8
SLOTS
100
AcDbCircle
 10
17.953886334054136
 20
3.6115977717375762
 30
0.0
 40
0.125
100
AcDbArc
 50
12.050071580878182
 51
192.05007158087818
  0
ARC
  5
290
330
17
100
AcDbEntity
  8
SLOTS
100
AcDbCircle
 10
18.48470068175152
 20
1.125
 30
0.0
 40
0.125
100
AcDbArc
 50
192.05007158087818
 51
372.0500715808782
  0
LINE
  5
291
330
17
100
AcDbEntity
  8
SLOTS
100
AcDbLine
 10
17.595556795430447
 20
1.098904196481662
 30
0.0
 11
17.204986706104044
 21
2.928528278873743
 31
0.0
  0
LINE
  5
292
330
17
100
AcDbEntity
  8
SLOTS
100
AcDbLine
 10
17.4494780886821
 20
2.9807198859104194
 30
0.0
 11
17.8400481780085
 21
1.151095803518338
 31
0.0
  0
ARC
  5
293
330
17
100
AcDbEntity
  8
SLOTS
100
AcDbCircle
 10
17.32723239739307
 20
2.954624082392081
 30
0.0
 40
0.125
100
AcDbArc
 50
12.05007158087821
 51
192.0500715808782
  0
ARC
  5
294
330
17
100
AcDbEntity
  8
SLOTS
100
AcDbCircle
 10
17.717802486719474
 20
1.125
 30
0.0
 40
0.125
100
AcDbArc
 50
192.0500715808782
 51
372.05007158087824
  0
LINE
  5
295
330
17
100
AcDbEntity
  8
SLOTS
100
AcDbLine
 10
16.828658600398402
 20
1.0989041964816622
 30
0.0
 11
16.578332769442984
 21
2.271554589528248
 31
0.0
  0
LINE
  5
296
330
17
100
AcDbEntity
  8
SLOTS
100
AcDbLine
 10
16.822824152021038
 20
2.3237461965649238
 30
0.0
 11
17.073149982976457
 21
1.1510958035183378
 31
0.0
  0
ARC
  5
297
330
17
100
AcDbEntity
  8
SLOTS
100
AcDbCircle
 10
16.70057846073201
 20
2.297650393046586
 30
0.0
 40
0.125
100
AcDbArc
 50
12.050071580878125
 51
192.05007158087813
  0
ARC
  5
298
330
17
100
AcDbEntity
  8
SLOTS
100
AcDbCircle
 10
16.95090429168743
 20
1.125
 30
0.0
 40
0.125
100
AcDbArc
 50
192.05007158087813
 51
372.0500715808781
  0
LINE
  5
299
330
17
100
AcDbEntity
  8
SLOTS
100
AcDbLine
 10
16.038911271987754
 20
1.2059408739788806
 30
0.0
 11
15.951678832781923
 21
1.6145809001827551
 31
0.0
  0
LINE
  5
29A
330
17
100
AcDbEntity
  8
SLOTS
100
AcDbLine
 10
16.196170215359977
 20
1.6667725072194317
 30
0.0
 11
16.28340265456581
 21
1.2581324810155572
 31
0.0
  0
ARC
  5
29B
330
17
100
AcDbEntity
  8
SLOTS
100
AcDbCircle
 10
16.07392452407095
 20
1.6406767037010934
 30
0.0
 40
0.125
100
AcDbArc
 50
12.050071580878281
 51
192.0500715808783
  0
ARC
  5
29C
330
17
100
AcDbEntity
  8
SLOTS
100
AcDbCircle
 10
16.16115696327678
 20
1.232036677497219
 30
0.0
 40
0.125
100
AcDbArc
 50
192.0500715808783
 51
372.0500715808783
  0
LINE
  5
29D
330
17
100
AcDbEntity
  8
SLOTS
100
AcDbLine
 10
18.665648125654922
 20
9.433591845430167
 30
0.0
 11
18.300333451952003
 21
8.50666422265505
 31
0.0
  0
LINE
  5
29E
330
17
100
AcDbEntity
  8
SLOTS
100
AcDbLine
 10
18.067745164536984
 20
8.598330402663535
 30
0.0
 11
18.433059838239902
 21
9.525258025438651
 31
0.0
  0
ARC
  5
29F
330
17
100
AcDbEntity
  8
SLOTS
100
AcDbCircle
 10
18.184039308244493
 20
8.552497312659293
 30
0.0
 40
0.125
100
AcDbArc
 50
-201.5100683835013
 51
-21.510068383501306
  0
ARC
  5
2A0
330
17
100
AcDbEntity
  8
SLOTS
100
AcDbCircle
 10
18.549353981947412
 20
9.479424935434409
 30
0.0
 40
0.125
100
AcDbArc
 50
-21.510068383501306
 51
158.4899316164987
  0
LINE
  5
2A1
330
17
100
AcDbEntity
  8
SLOTS
100
AcDbLine
 10
19.649627742122224
 20
9.884817519300196
 30
0.0
 11
18.909937389028446
 21
8.007971419380105
 31
0.0
  0
LINE
  5
2A2
330
17
100
AcDbEntity
  8
SLOTS
100
AcDbLine
 10
18.677349101613427
 20
8.09963759938859
 30
0.0
 11
19.417039454707204
 21
9.97648369930868
 31
0.0
  0
ARC
  5
2A3
330
17
100
AcDbEntity
  8
SLOTS
100
AcDbCircle
 10
18.793643245320936
 20
8.053804509384348
 30
0.0
 40
0.125
100
AcDbArc
 50
-201.51006838350125
 51
-21.51006838350125
  0
ARC
  5
2A4
330
17
100
AcDbEntity
  8
SLOTS
100
AcDbCircle
 10
19.533333598414714
 20
9.930650609304438
 30
0.0
 40
0.125
100
AcDbArc
 50
-21.51006838350125
 51
158.48993161649875
  0
LINE
  5
2A5
330
17
100
AcDbEntity
  8
SLOTS
100
AcDbLine
 10
20.633607358589526
 20
10.336043193170225
 30
0.0
 11
19.519541326104886
 21
7.509278616105162
 31
0.0
  0
LINE
  5
2A6
330
17
100
AcDbEntity
  8
SLOTS
100
AcDbLine
 10
19.286953038689866
 20
7.6009447961136445
 30
0.0
 11
20.401019071174506
 21
10.42770937317871
 31
0.0
  0
ARC
  5
2A7
330
17
100
AcDbEntity
  8
SLOTS
100
AcDbCircle
 10
19.403247182397376
 20
7.555111706109403
 30
0.0
 40
0.125
100
AcDbArc
 50
-201.51006838350128
 51
-21.51006838350129
  0
ARC
  5
2A8
330
17
100
AcDbEntity
  8
SLOTS
100
AcDbCircle
 10
20.517313214882016
 20
10.381876283174467
 30
0.0
 40
0.125
100
AcDbArc
 50
-21.51006838350129
 51
158.48993161649872
  0
LINE
  5
2A9
330
17
100
AcDbEntity
  8
SLOTS
100
AcDbLine
 10
21.617586975056827
 20
10.787268867040254
 30
0.0
 11
20.12914526318133
 21
7.010585812830216
 31
0.0
  0
LINE
  5
2AA
330
17
100
AcDbEntity
  8
SLOTS
100
AcDbLine
 10
19.89655697576631
 20
7.102251992838699
 30
0.0
 11
21.384998687641808
 21
10.878935047048738
 31
0.0
  0
ARC
  5
2AB
330
17
100
AcDbEntity
  8
SLOTS
100
AcDbCircle
 10
20.01285111947382
 20
7.056418902834458
 30
0.0
 40
0.125
100
AcDbArc
 50
-201.51006838350128
 51
-21.510068383501277
  0
ARC
  5
2AC
330
17
100
AcDbEntity
  8
SLOTS
100
AcDbCircle
 10
21.501292831349318
 20
10.833101957044496
 30
0.0
 40
0.125
100
AcDbArc
 50
-21.510068383501277
 51
158.48993161649872
  0
LINE
  5
2AD
330
17
100
AcDbEntity
  8
SLOTS
100
AcDbLine
 10
22.60156659152413
 20
11.238494540910283
 30
0.0
 11
21.160346446387457
 21
7.581628668302247
 31
0.0
  0
LINE
  5
2AE
330
17
100
AcDbEntity
  8
SLOTS
100
AcDbLine
 10
20.927758158972438
 20
7.6732948483107295
 30
0.0
 11
22.36897830410911
 21
11.330160720918768
 31
0.0
  0
ARC
  5
2AF
330
17
100
AcDbEntity
  8
SLOTS
100
AcDbCircle
 10
21.044052302679948
 20
7.627461758306488
 30
0.0
 40
0.125
100
AcDbArc
 50
-201.51006838350128
 51
-21.510068383501277
  0
ARC
  5
2B0
330
17
100
AcDbEntity
  8
SLOTS
100
AcDbCircle
 10
22.48527244781662
 20
11.284327630914525
 30
0.0
 40
0.125
100
AcDbArc
 50
-21.510068383501277
 51
158.48993161649872
  0
LINE
  5
2B1
330
17
100
AcDbEntity
  8
SLOTS
100
AcDbLine
 10
23.235145074359068
 20
10.800633317384879
 30
0.0
 11
22.352777421120077
 21
8.561766362110031
 31
0.0
  0
LINE
  5
2B2
330
17
100
AcDbEntity
  8
SLOTS
100
AcDbLine
 10
22.120189133705058
 20
8.653432542118512
 30
0.0
 11
23.002556786944048
 21
10.89229949739336
 31
0.0
  0
ARC
  5
2B3
330
17
100
AcDbEntity
  8
SLOTS
100
AcDbCircle
 10
22.236483277412567
 20
8.607599452114272
 30
0.0
 40
0.125
100
AcDbArc
 50
-201.51006838350122
 51
-21.510068383501235
  0
ARC
  5
2B4
330
17
100
AcDbEntity
  8
SLOTS
100
AcDbCircle
 10
23.118850930651558
 20
10.84646640738912
 30
0.0
 40
0.125
100
AcDbArc
 50
-21.510068383501235
 51
158.48993161649878
  0
LINE
  5
2B5
330
17
100
AcDbEntity
  8
SLOTS
100
AcDbLine
 10
23.75520446883165
 20
10.074735542661735
 30
0.0
 11
23.545208395852693
 21
9.541904055917815
 31
0.0
  0
LINE
  5
2B6
330
17
100
AcDbEntity
  8
SLOTS
100
AcDbLine
 10
23.312620108437674
 20
9.633570235926296
 30
0.0
 11
23.52261618141663
 21
10.166401722670216
 31
0.0
  0
ARC
  5
2B7
330
17
100
AcDbEntity
  8
SLOTS
100
AcDbCircle
 10
23.428914252145184
 20
9.587737145922056
 30
0.0
 40
0.125
100
AcDbArc
 50
-201.51006838350108
 51
-21.51006838350108
  0
ARC
  5
2B8
330
17
100
AcDbEntity
  8
SLOTS
100
AcDbCircle
 10
23.63891032512414
 20
10.120568632665975
 30
0.0
 40
0.125
100
AcDbArc
 50
-21.51006838350108
 51
158.48993161649892
  0
LINE
  5
2B9
330
17
100
AcDbEntity
  8
SLOTS
100
AcDbLine
 10
21.471335886633067
 20
11.758239200010243
 30
0.0
 11
21.909918216083806
 21
12.482590198296581
 31
0.0
  0
LINE
  5
2BA
330
17
100
AcDbEntity
  8
SLOTS
100
AcDbLine
 10
22.123772391822936
 20
12.353105096763862
 30
0.0
 11
21.685190062372197
 21
11.628754098477524
 31
0.0
  0
ARC
  5
2BB
330
17
100
AcDbEntity
  8
SLOTS
100
AcDbCircle
 10
22.01684530395337
 20
12.417847647530222
 30
0.0
 40
0.125
100
AcDbArc
 50
-31.194199140187102
 51
148.8058008598129
  0
ARC
  5
2BC
330
17
100
AcDbEntity
  8
SLOTS
100
AcDbCircle
 10
21.578262974502632
 20
11.693496649243883
 30
0.0
 40
0.125
100
AcDbArc
 50
148.8058008598129
 51
328.8058008598129
  0
LINE
  5
2BD
330
17
100
AcDbEntity
  8
SLOTS
100
AcDbLine
 10
20.257554405597432
 20
11.201632785054628
 30
0.0
 11
21.44436867376141
 21
13.161743902622131
 31
0.0
  0
LINE
  5
2BE
330
17
100
AcDbEntity
  8
SLOTS
100
AcDbLine
 10
21.65822284950054
 20
13.032258801089412
 30
0.0
 11
20.47140858133656
 21
11.072147683521909
 31
0.0
  0
ARC
  5
2BF
330
17
100
AcDbEntity
  8
SLOTS
100
AcDbCircle
 10
21.551295761630975
 20
13.097001351855772
 30
0.0
 40
0.125
100
AcDbArc
 50
-31.19419914018713
 51
148.80580085981288
  0
ARC
  5
2C0
330
17
100
AcDbEntity
  8
SLOTS
100
AcDbCircle
 10
20.364481493466997
 20
11.136890234288268
 30
0.0
 40
0.125
100
AcDbArc
 50
148.80580085981288
 51
328.80580085981285
  0
LINE
  5
2C1
330
17
100
AcDbEntity
  8
SLOTS
100
AcDbLine
 10
19.043772924561804
 20
10.645026370099016
 30
0.0
 11
20.134057152925653
 21
12.445711021986954
 31
0.0
  0
LINE
  5
2C2
330
17
100
AcDbEntity
  8
SLOTS
100
AcDbLine
 10
20.347911328664782
 20
12.316225920454235
 30
0.0
 11
19.257627100300933
 21
10.515541268566297
 31
0.0
  0
ARC
  5
2C3
330
17
100
AcDbEntity
  8
SLOTS
100
AcDbCircle
 10
20.240984240795218
 20
12.380968471220594
 30
0.0
 40
0.125
100
AcDbArc
 50
-31.194199140187088
 51
148.8058008598129
  0
ARC
  5
2C4
330
17
100
AcDbEntity
  8
SLOTS
100
AcDbCircle
 10
19.15070001243137
 20
10.580283819332656
 30
0.0
 40
0.125
100
AcDbArc
 50
148.8058008598129
 51
328.8058008598129
  0
LINE
  5
2C5
330
17
100
AcDbEntity
  8
SLOTS
100
AcDbLine
 10
17.829991443526172
 20
10.088419955143403
 30
0.0
 11
18.719079727727152
 21
11.55681469651887
 31
0.0
  0
LINE
  5
2C6
330
17
100
AcDbEntity
  8
SLOTS
100
AcDbLine
 10
18.93293390346628
 20
11.427329594986151
 30
0.0
 11
18.0438456192653
 21
9.958934853610684
 31
0.0
  0
ARC
  5
2C7
330
17
100
AcDbEntity
  8
SLOTS
100
AcDbCircle
 10
18.826006815596717
 20
11.49207214575251
 30
0.0
 40
0.125
100
AcDbArc
 50
-31.194199140187088
 51
148.8058008598129
  0
ARC
  5
2C8
330
17
100
AcDbEntity
  8
SLOTS
100
AcDbCircle
 10
17.936918531395737
 20
10.023677404377043
 30
0.0
 40
0.125
100
AcDbArc
 50
148.8058008598129
 51
328.8058008598129
  0
LINE
  5
2C9
330
17
100
AcDbEntity
  8
SLOTS
100
AcDbLine
 10
16.72544822742636
 20
9.712228575048917
 30
0.0
 11
17.304102302528648
 21
10.667918371050783
 31
0.0
  0
LINE
  5
2CA
330
17
100
AcDbEntity
  8
SLOTS
100
AcDbLine
 10
17.517956478267777
 20
10.538433269518064
 30
0.0
 11
16.939302403165488
 21
9.582743473516198
 31
0.0
  0
ARC
  5
2CB
330
17
100
AcDbEntity
  8
SLOTS
100
AcDbCircle
 10
17.411029390398213
 20
10.603175820284424
 30
0.0
 40
0.125
100
AcDbArc
 50
-31.194199140187138
 51
148.80580085981285
  0
ARC
  5
2CC
330
17
100
AcDbEntity
  8
SLOTS
100
AcDbCircle
 10
16.832375315295923
 20
9.647486024282557
 30
0.0
 40
0.125
100
AcDbArc
 50
148.80580085981285
 51
328.80580085981285
  0
LINE
  5
2CD
330
17
100
AcDbEntity
  8
SLOTS
100
AcDbLine
 10
13.916795878151472
 20
3.69117947742676
 30
0.0
 11
14.65871973693135
 21
4.367957890813048
 31
0.0
  0
LINE
  5
2CE
330
17
100
AcDbEntity
  8
SLOTS
100
AcDbLine
 10
14.827201482963396
 20
4.183258401766669
 30
0.0
 11
14.085277624183519
 21
3.506479988380381
 31
0.0
  0
ARC
  5
2CF
330
17
100
AcDbEntity
  8
SLOTS
100
AcDbCircle
 10
14.742960609947373
 20
4.2756081462898585
 30
0.0
 40
0.125
100
AcDbArc
 50
-47.62912030482602
 51
132.37087969517398
  0
ARC
  5
2D0
330
17
100
AcDbEntity
  8
SLOTS
100
AcDbCircle
 10
14.001036751167495
 20
3.5988297329035706
 30
0.0
 40
0.125
100
AcDbArc
 50
132.37087969517398
 51
312.370879695174
  0
LINE
  5
2D1
330
17
100
AcDbEntity
  8
SLOTS
100
AcDbLine
 10
13.492348826994656
 20
4.319163996072727
 30
0.0
 11
15.036029910062581
 21
5.727300453486617
 31
0.0
  0
LINE
  5
2D2
330
17
100
AcDbEntity
  8
SLOTS
100
AcDbLine
 10
15.204511656094628
 20
5.542600964440238
 30
0.0
 11
13.660830573026702
 21
4.134464507026348
 31
0.0
  0
ARC
  5
2D3
330
17
100
AcDbEntity
  8
SLOTS
100
AcDbCircle
 10
15.120270783078604
 20
5.634950708963427
 30
0.0
 40
0.125
100
AcDbArc
 50
-47.62912030482595
 51
132.37087969517404
  0
ARC
  5
2D4
330
17
100
AcDbEntity
  8
SLOTS
100
AcDbCircle
 10
13.576589700010679
 20
4.226814251549538
 30
0.0
 40
0.125
100
AcDbArc
 50
132.37087969517404
 51
312.37087969517404
  0
LINE
  5
2D5
330
17
100
AcDbEntity
  8
SLOTS
100
AcDbLine
 10
13.067901775837836
 20
4.947148514718696
 30
0.0
 11
15.413340083193813
 21
7.086643016160188
 31
0.0
  0
LINE
  5
2D6
330
17
100
AcDbEntity
  8
SLOTS
100
AcDbLine
 10
15.58182182922586
 20
6.90194352711381
 30
0.0
 11
13.236383521869882
 21
4.762449025672318
 31
0.0
  0
ARC
  5
2D7
330
17
100
AcDbEntity
  8
SLOTS
100
AcDbCircle
 10
15.497580956209836
 20
6.994293271636999
 30
0.0
 40
0.125
100
AcDbArc
 50
-47.629120304825975
 51
132.37087969517404
  0
ARC
  5
2D8
330
17
100
AcDbEntity
  8
SLOTS
100
AcDbCircle
 10
13.152142648853859
 20
4.854798770195507
 30
0.0
 40
0.125
100
AcDbArc
 50
132.37087969517404
 51
312.37087969517404
  0
LINE
  5
2D9
330
17
100
AcDbEntity
  8
SLOTS
100
AcDbLine
 10
12.64345472468102
 20
5.575133033364664
 30
0.0
 11
15.790650256325046
 21
8.445985578833756
 31
0.0
  0
LINE
  5
2DA
330
17
100
AcDbEntity
  8
SLOTS
100
AcDbLine
 10
15.959132002357093
 20
8.26128608978738
 30
0.0
 11
12.811936470713066
 21
5.390433544318285
 31
0.0
  0
ARC
  5
2DB
330
17
100
AcDbEntity
  8
SLOTS
100
AcDbCircle
 10
15.87489112934107
 20
8.353635834310568
 30
0.0
 40
0.125
100
AcDbArc
 50
-47.629120304825975
 51
132.37087969517404
  0
ARC
  5
2DC
330
17
100
AcDbEntity
  8
SLOTS
100
AcDbCircle
 10
12.727695597697043
 20
5.482783288841475
 30
0.0
 40
0.125
100
AcDbArc
 50
132.37087969517404
 51
312.37087969517404
  0
LINE
  5
2DD
330
17
100
AcDbEntity
  8
SLOTS
100
AcDbLine
 10
12.948195303811342
 20
6.868278055540223
 30
0.0
 11
15.896986608346197
 21
9.558147476605013
 31
0.0
  0
LINE
  5
2DE
330
17
100
AcDbEntity
  8
SLOTS
100
AcDbLine
 10
16.065468354378243
 20
9.373447987558636
 30
0.0
 11
13.11667704984339
 21
6.6835785664938445
 31
0.0
  0
ARC
  5
2DF
330
17
100
AcDbEntity
  8
SLOTS
100
AcDbCircle
 10
15.98122748136222
 20
9.465797732081825
 30
0.0
 40
0.125
100
AcDbArc
 50
-47.629120304825975
 51
132.37087969517404
  0
ARC
  5
2E0
330
17
100
AcDbEntity
  8
SLOTS
100
AcDbCircle
 10
13.032436176827366
 20
6.775928311017034
 30
0.0
 40
0.125
100
AcDbArc
 50
132.37087969517404
 51
312.37087969517404
  0
LINE
  5
2E1
330
17
100
AcDbEntity
  8
SLOTS
100
AcDbLine
 10
13.306497519908435
 20
8.210281675880227
 30
0.0
 11
15.28237247449325
 21
10.012662743679751
 31
0.0
  0
LINE
  5
2E2
330
17
100
AcDbEntity
  8
SLOTS
100
AcDbLine
 10
15.450854220525297
 20
9.827963254633374
 30
0.0
 11
13.474979265940481
 21
8.02558218683385
 31
0.0
  0
ARC
  5
2E3
330
17
100
AcDbEntity
  8
SLOTS
100
AcDbCircle
 10
15.366613347509274
 20
9.920312999156563
 30
0.0
 40
0.125
100
AcDbArc
 50
-47.62912030482594
 51
132.37087969517407
  0
ARC
  5
2E4
330
17
100
AcDbEntity
  8
SLOTS
100
AcDbCircle
 10
13.390738392924458
 20
8.117931931357038
 30
0.0
 40
0.125
100
AcDbArc
 50
132.37087969517407
 51
312.37087969517404
  0
LINE
  5
2E5
330
17
100
AcDbEntity
  8
SLOTS
100
AcDbLine
 10
14.234528173750855
 20
10.071988098058192
 30
0.0
 11
14.510511526907477
 21
10.323738427502418
 31
0.0
  0
LINE
  5
2E6
330
17
100
AcDbEntity
  8
SLOTS
100
AcDbLine
 10
14.67899327293952
 20
10.139038938456038
 30
0.0
 11
14.403009919782898
 21
9.887288609011812
 31
0.0
  0
ARC
  5
2E7
330
17
100
AcDbEntity
  8
SLOTS
100
AcDbCircle
 10
14.594752399923498
 20
10.231388682979228
 30
0.0
 40
0.125
100
AcDbArc
 50
-47.62912030482615
 51
132.37087969517384
  0
ARC
  5
2E8
330
17
100
AcDbEntity
  8
SLOTS
100
AcDbCircle
 10
14.318769046766876
 20
9.979638353535002
 30
0.0
 40
0.125
100
AcDbArc
 50
132.37087969517384
 51
312.37087969517387
  0
LINE
  5
2E9
330
17
100
AcDbEntity
  8
SLOTS
100
AcDbLine
 10
23.380608420758676
 20
2.5557479434701142
 30
0.0
 11
23.67121530497033
 21
2.5986822932559432
 31
0.0
  0
LINE
  5
2EA
330
17
100
AcDbEntity
  8
SLOTS
100
AcDbLine
 10
23.70775376771801
 20
2.3513668251993805
 30
0.0
 11
23.417146883506355
 21
2.3084324754135515
 31
0.0
  0
ARC
  5
2EB
330
17
100
AcDbEntity
  8
SLOTS
100
AcDbCircle
 10
23.68948453634417
 20
2.475024559227662
 30
0.0
 40
0.125
100
AcDbArc
 50
-81.5958981490194
 51
98.4041018509806
  0
ARC
  5
2EC
330
17
100
AcDbEntity
  8
SLOTS
100
AcDbCircle
 10
23.398877652132516
 20
2.432090209441833
 30
0.0
 40
0.125
100
AcDbArc
 50
98.4041018509806
 51
278.40410185098057
  0
LINE
  5
2ED
330
17
100
AcDbEntity
  8
SLOTS
100
AcDbLine
 10
22.913336875788854
 20
3.2448541178647248
 30
0.0
 11
23.88267876958011
 21
3.38806498516056
 31
0.0
  0
LINE
  5
2EE
330
17
100
AcDbEntity
  8
SLOTS
100
AcDbLine
 10
23.91921723232779
 20
3.1407495171039974
 30
0.0
 11
22.949875338536533
 21
2.997538649808162
 31
0.0
  0
ARC
  5
2EF
330
17
100
AcDbEntity
  8
SLOTS
100
AcDbCircle
 10
23.90094800095395
 20
3.264407251132279
 30
0.0
 40
0.125
100
AcDbArc
 50
-81.59589814901943
 51
98.40410185098057
  0
ARC
  5
2F0
330
17
100
AcDbEntity
  8
SLOTS
100
AcDbCircle
 10
22.931606107162693
 20
3.1211963838364434
 30
0.0
 40
0.125
100
AcDbArc
 50
98.40410185098057
 51
278.40410185098057
  0
LINE
  5
2F1
330
17
100
AcDbEntity
  8
SLOTS
100
AcDbLine
 10
22.44606533081903
 20
3.933960292259335
 30
0.0
 11
24.094142234189892
 21
4.177447677065176
 31
0.0
  0
LINE
  5
2F2
330
17
100
AcDbEntity
  8
SLOTS
100
AcDbLine
 10
24.13068069693757
 20
3.9301322090086135
 30
0.0
 11
22.48260379356671
 21
3.686644824202772
 31
0.0
  0
ARC
  5
2F3
330
17
100
AcDbEntity
  8
SLOTS
100
AcDbCircle
 10
24.11241146556373
 20
4.053789943036895
 30
0.0
 40
0.125
100
AcDbArc
 50
-81.59589814901946
 51
98.40410185098054
  0
ARC
  5
2F4
330
17
100
AcDbEntity
  8
SLOTS
100
AcDbCircle
 10
22.46433456219287
 20
3.8103025582310535
 30
0.0
 40
0.125
100
AcDbArc
 50
98.40410185098054
 51
278.4041018509805
  0
LINE
  5
2F5
330
17
100
AcDbEntity
  8
SLOTS
100
AcDbLine
 10
21.97879378584921
 20
4.623066466653945
 30
0.0
 11
24.305605698799674
 21
4.966830368969794
 31
0.0
  0
LINE
  5
2F6
330
17
100
AcDbEntity
  8
SLOTS
100
AcDbLine
 10
24.342144161547353
 20
4.719514900913231
 30
0.0
 11
22.015332248596888
 21
4.375750998597383
 31
0.0
  0
ARC
  5
2F7
330
17
100
AcDbEntity
  8
SLOTS
100
AcDbCircle
 10
24.323874930173513
 20
4.843172634941513
 30
0.0
 40
0.125
100
AcDbArc
 50
-81.59589814901945
 51
98.40410185098055
  0
ARC
  5
2F8
330
17
100
AcDbEntity
  8
SLOTS
100
AcDbCircle
 10
21.99706301722305
 20
4.499408732625664
 30
0.0
 40
0.125
100
AcDbArc
 50
98.40410185098055
 51
278.40410185098057
  0
LINE
  5
2F9
330
17
100
AcDbEntity
  8
SLOTS
100
AcDbLine
 10
21.511522240879387
 20
5.312172641048555
 30
0.0
 11
24.517069163409452
 21
5.75621306087441
 31
0.0
  0
LINE
  5
2FA
330
17
100
AcDbEntity
  8
SLOTS
100
AcDbLine
 10
24.55360762615713
 20
5.508897592817847
 30
0.0
 11
21.548060703627065
 21
5.064857172991992
 31
0.0
  0
ARC
  5
2FB
330
17
100
AcDbEntity
  8
SLOTS
100
AcDbCircle
 10
24.53533839478329
 20
5.632555326846129
 30
0.0
 40
0.125
100
AcDbArc
 50
-81.59589814901945
 51
98.40410185098055
  0
ARC
  5
2FC
330
17
100
AcDbEntity
  8
SLOTS
100
AcDbCircle
 10
21.529791472253226
 20
5.188514907020274
 30
0.0
 40
0.125
100
AcDbArc
 50
98.40410185098055
 51
278.40410185098057
  0
LINE
  5
2FD
330
17
100
AcDbEntity
  8
SLOTS
100
AcDbLine
 10
21.044250695909568
 20
6.0012788154431655
 30
0.0
 11
24.728532628019234
 21
6.545595752779027
 31
0.0
  0
LINE
  5
2FE
330
17
100
AcDbEntity
  8
SLOTS
100
AcDbLine
 10
24.765071090766913
 20
6.298280284722464
 30
0.0
 11
21.080789158657247
 21
5.753963347386603
 31
0.0
  0
ARC
  5
2FF
330
17
100
AcDbEntity
  8
SLOTS
100
AcDbCircle
 10
24.746801859393074
 20
6.421938018750746
 30
0.0
 40
0.125
100
AcDbArc
 50
-81.59589814901945
 51
98.40410185098055
  0
ARC
  5
300
330
17
100
AcDbEntity
  8
SLOTS
100
AcDbCircle
 10
21.062519927283407
 20
5.877621081414884
 30
0.0
 40
0.125
100
AcDbArc
 50
98.40410185098055
 51
278.40410185098057
  0
LINE
  5
301
330
17
100
AcDbEntity
  8
SLOTS
100
AcDbLine
 10
20.990805651134817
 20
6.751523843303754
 30
0.0
 11
24.939996092629016
 21
7.334978444683645
 31
0.0
  0
LINE
  5
302
330
17
100
AcDbEntity
  8
SLOTS
100
AcDbLine
 10
24.976534555376695
 20
7.087662976627082
 30
0.0
 11
21.027344113882496
 21
6.504208375247191
 31
0.0
  0
ARC
  5
303
330
17
100
AcDbEntity
  8
SLOTS
100
AcDbCircle
 10
24.958265324002856
 20
7.211320710655364
 30
0.0
 40
0.125
100
AcDbArc
 50
-81.59589814901945
 51
98.40410185098055
  0
ARC
  5
304
330
17
100
AcDbEntity
  8
SLOTS
100
AcDbCircle
 10
21.009074882508656
 20
6.627866109275472
 30
0.0
 40
0.125
100
AcDbArc
 50
98.40410185098055
 51
278.40410185098057
  0
LINE
  5
305
330
17
100
AcDbEntity
  8
SLOTS
100
AcDbLine
 10
22.115267451344142
 20
7.675793188017188
 30
0.0
 11
25.1514595572388
 21
8.124361136588261
 31
0.0
  0
LINE
  5
306
330
17
100
AcDbEntity
  8
SLOTS
100
AcDbLine
 10
25.187998019986477
 20
7.877045668531698
 30
0.0
 11
22.15180591409182
 21
7.428477719960625
 31
0.0
  0
ARC
  5
307
330
17
100
AcDbEntity
  8
SLOTS
100
AcDbCircle
 10
25.169728788612638
 20
8.00070340255998
 30
0.0
 40
0.125
100
AcDbArc
 50
-81.59589814901943
 51
98.40410185098057
  0
ARC
  5
308
330
17
100
AcDbEntity
  8
SLOTS
100
AcDbCircle
 10
22.13353668271798
 20
7.552135453988907
 30
0.0
 40
0.125
100
AcDbArc
 50
98.40410185098057
 51
278.40410185098057
  0
LINE
  5
309
330
17
100
AcDbEntity
  8
SLOTS
100
AcDbLine
 10
23.23972925155347
 20
8.600062532730625
 30
0.0
 11
25.362923021848577
 21
8.913743828492876
 31
0.0
  0
LINE
  5
30A
330
17
100
AcDbEntity
  8
SLOTS
100
AcDbLine
 10
25.399461484596255
 20
8.666428360436313
 30
0.0
 11
23.27626771430115
 21
8.352747064674062
 31
0.0
  0
ARC
  5
30B
330
17
100
AcDbEntity
  8
SLOTS
100
AcDbCircle
 10
25.381192253222416
 20
8.790086094464595
 30
0.0
 40
0.125
100
AcDbArc
 50
-81.59589814901946
 51
98.40410185098054
  0
ARC
  5
30C
330
17
100
AcDbEntity
  8
SLOTS
100
AcDbCircle
 10
23.25799848292731
 20
8.476404798702344
 30
0.0
 40
0.125
100
AcDbArc
 50
98.40410185098054
 51
278.4041018509805
  0
LINE
  5
30D
330
17
100
AcDbEntity
  8
SLOTS
100
AcDbLine
 10
24.364191051762795
 20
9.52433187744406
 30
0.0
 11
24.49176934511944
 21
9.543180333449886
 31
0.0
  0
LINE
  5
30E
330
17
100
AcDbEntity
  8
SLOTS
100
AcDbLine
 10
24.52830780786712
 20
9.295864865393323
 30
0.0
 11
24.400729514510473
 21
9.277016409387498
 31
0.0
  0
ARC
  5
30F
330
17
100
AcDbEntity
  8
SLOTS
100
AcDbCircle
 10
24.51003857649328
 20
9.419522599421605
 30
0.0
 40
0.125
100
AcDbArc
 50
-81.59589814901935
 51
98.40410185098065
  0
ARC
  5
310
330
17
100
AcDbEntity
  8
SLOTS
100
AcDbCircle
 10
24.382460283136634
 20
9.40067414341578
 30
0.0
 40
0.125
100
AcDbArc
 50
98.40410185098065
 51
278.4041018509806
  0
LINE
  5
311
330
17
100
AcDbEntity
  8
SLOTS
100
AcDbLine
 10
22.311125502417205
 20
18.559937689659805
 30
0.0
 11
21.728253722859343
 21
16.51616908544129
 31
0.0
  0
LINE
  5
312
330
17
100
AcDbEntity
  8
SLOTS
100
AcDbLine
 10
21.48783976107196
 20
16.584733850282248
 30
0.0
 11
22.070711540629823
 21
18.62850245450076
 31
0.0
  0
ARC
  5
313
330
17
100
AcDbEntity
  8
SLOTS
100
AcDbCircle
 10
21.60804674196565
 20
16.55045146786177
 30
0.0
 40
0.125
100
AcDbArc
 50
-195.91786381434292
 51
-15.917863814342923
  0
ARC
  5
314
330
17
100
AcDbEntity
  8
SLOTS
100
AcDbCircle
 10
22.190918521523514
 20
18.594220072080283
 30
0.0
 40
0.125
100
AcDbArc
 50
-15.917863814342923
 51
164.08213618565708
  0
LINE
  5
315
330
17
100
AcDbEntity
  8
SLOTS
100
AcDbLine
 10
23.01066062084368
 20
18.278131271822502
 30
0.0
 11
21.973661859025174
 21
14.642021948386414
 31
0.0
  0
LINE
  5
316
330
17
100
AcDbEntity
  8
SLOTS
100
AcDbLine
 10
21.733247897237792
 20
14.710586713227368
 30
0.0
 11
22.770246659056298
 21
18.34669603666346
 31
0.0
  0
ARC
  5
317
330
17
100
AcDbEntity
  8
SLOTS
100
AcDbCircle
 10
21.853454878131483
 20
14.676304330806891
 30
0.0
 40
0.125
100
AcDbArc
 50
-195.91786381434298
 51
-15.917863814342965
  0
ARC
  5
318
330
17
100
AcDbEntity
  8
SLOTS
100
AcDbCircle
 10
22.89045363994999
 20
18.31241365424298
 30
0.0
 40
0.125
100
AcDbArc
 50
-15.917863814342965
 51
164.08213618565702
  0
LINE
  5
319
330
17
100
AcDbEntity
  8
SLOTS
100
AcDbLine
 10
23.710195739270155
 20
17.996324853985204
 30
0.0
 11
22.384730356325786
 21
13.348742605801858
 31
0.0
  0
LINE
  5
31A
330
17
100
AcDbEntity
  8
SLOTS
100
AcDbLine
 10
22.144316394538404
 20
13.417307370642812
 30
0.0
 11
23.469781777482773
 21
18.06488961882616
 31
0.0
  0
ARC
  5
31B
330
17
100
AcDbEntity
  8
SLOTS
100
AcDbCircle
 10
22.264523375432095
 20
13.383024988222335
 30
0.0
 40
0.125
100
AcDbArc
 50
-195.91786381434298
 51
-15.91786381434298
  0
ARC
  5
31C
330
17
100
AcDbEntity
  8
SLOTS
100
AcDbCircle
 10
23.589988758376464
 20
18.030607236405682
 30
0.0
 40
0.125
100
AcDbArc
 50
-15.91786381434298
 51
164.08213618565702
  0
LINE
  5
31D
330
17
100
AcDbEntity
  8
SLOTS
100
AcDbLine
 10
24.40973085769663
 20
17.714518436147905
 30
0.0
 11
22.935491890567935
 21
12.545279811456448
 31
0.0
  0
LINE
  5
31E
330
17
100
AcDbEntity
  8
SLOTS
100
AcDbLine
 10
22.695077928780552
 20
12.613844576297401
 30
0.0
 11
24.169316895909247
 21
17.783083200988862
 31
0.0
  0
ARC
  5
31F
330
17
100
AcDbEntity
  8
SLOTS
100
AcDbCircle
 10
22.815284909674244
 20
12.579562193876924
 30
0.0
 40
0.125
100
AcDbArc
 50
-195.91786381434298
 51
-15.917863814342965
  0
ARC
  5
320
330
17
100
AcDbEntity
  8
SLOTS
100
AcDbCircle
 10
24.28952387680294
 20
17.748800818568384
 30
0.0
 40
0.125
100
AcDbArc
 50
-15.917863814342965
 51
164.08213618565702
  0
LINE
  5
321
330
17
100
AcDbEntity
  8
SLOTS
100
AcDbLine
 10
25.1092659761231
 20
17.432712018310603
 30
0.0
 11
23.488929288875614
 21
11.751199607173042
 31
0.0
  0
LINE
  5
322
330
17
100
AcDbEntity
  8
SLOTS
100
AcDbLine
 10
23.24851532708823
 20
11.819764372013996
 30
0.0
 11
24.86885201433572
 21
17.50127678315156
 31
0.0
  0
ARC
  5
323
330
17
100
AcDbEntity
  8
SLOTS
100
AcDbCircle
 10
23.368722307981923
 20
11.785481989593519
 30
0.0
 40
0.125
100
AcDbArc
 50
-195.91786381434298
 51
-15.91786381434298
  0
ARC
  5
324
330
17
100
AcDbEntity
  8
SLOTS
100
AcDbCircle
 10
24.98905899522941
 20
17.466994400731082
 30
0.0
 40
0.125
100
AcDbArc
 50
-15.91786381434298
 51
164.08213618565702
  0
LINE
  5
325
330
17
100
AcDbEntity
  8
SLOTS
100
AcDbLine
 10
25.808801094549572
 20
17.150905600473305
 30
0.0
 11
24.04677156500031
 21
10.972564568196246
 31
0.0
  0
LINE
  5
326
330
17
100
AcDbEntity
  8
SLOTS
100
AcDbLine
 10
23.806357603212927
 20
11.0411293330372
 30
0.0
 11
25.56838713276219
 21
17.219470365314262
 31
0.0
  0
ARC
  5
327
330
17
100
AcDbEntity
  8
SLOTS
100
AcDbCircle
 10
23.926564584106618
 20
11.006846950616723
 30
0.0
 40
0.125
100
AcDbArc
 50
-195.91786381434298
 51
-15.917863814342965
  0
ARC
  5
328
330
17
100
AcDbEntity
  8
SLOTS
100
AcDbCircle
 10
25.68859411365588
 20
17.185187982893783
 30
0.0
 40
0.125
100
AcDbArc
 50
-15.917863814342965
 51
164.08213618565702
  0
LINE
  5
329
330
17
100
AcDbEntity
  8
SLOTS
100
AcDbLine
 10
26.50833621297605
 20
16.869099182636006
 30
0.0
 11
24.60461384112501
 21
10.19392952921945
 31
0.0
  0
LINE
  5
32A
330
17
100
AcDbEntity
  8
SLOTS
100
AcDbLine
 10
24.364199879337626
 20
10.262494294060403
 30
0.0
 11
26.26792225118867
 21
16.937663947476963
 31
0.0
  0
ARC
  5
32B
330
17
100
AcDbEntity
  8
SLOTS
100
AcDbCircle
 10
24.484406860231317
 20
10.228211911639926
 30
0.0
 40
0.125
100
AcDbArc
 50
-195.91786381434298
 51
-15.91786381434298
  0
ARC
  5
32C
330
17
100
AcDbEntity
  8
SLOTS
100
AcDbCircle
 10
26.38812923208236
 20
16.903381565056485
 30
0.0
 40
0.125
100
AcDbArc
 50
-15.91786381434298
 51
164.08213618565702
  0
LINE
  5
32D
330
17
100
AcDbEntity
  8
SLOTS
100
AcDbLine
 10
27.207871331402522
 20
16.587292764798704
 30
0.0
 11
25.674806575561156
 21
11.211788706943638
 31
0.0
  0
LINE
  5
32E
330
17
100
AcDbEntity
  8
SLOTS
100
AcDbLine
 10
25.434392613773774
 20
11.280353471784592
 30
0.0
 11
26.96745736961514
 21
16.65585752963966
 31
0.0
  0
ARC
  5
32F
330
17
100
AcDbEntity
  8
SLOTS
100
AcDbCircle
 10
25.554599594667465
 20
11.246071089364115
 30
0.0
 40
0.125
100
AcDbArc
 50
-195.91786381434298
 51
-15.91786381434298
  0
ARC
  5
330
330
17
100
AcDbEntity
  8
SLOTS
100
AcDbCircle
 10
27.08766435050883
 20
16.621575147219183
 30
0.0
 40
0.125
100
AcDbArc
 50
-15.91786381434298
 51
164.08213618565702
  0
LINE
  5
331
330
17
100
AcDbEntity
  8
SLOTS
100
AcDbLine
 10
15.05996640200202
 20
11.608407194024922
 30
0.0
 11
15.838108810796399
 21
10.657044252000231
 31
0.0
  0
LINE
  5
332
330
17
100
AcDbEntity
  8
SLOTS
100
AcDbLine
 10
15.644595019228138
 20
10.498764712978675
 30
0.0
 11
14.86645261043376
 21
11.450127655003365
 31
0.0
  0
ARC
  5
333
330
17
100
AcDbEntity
  8
SLOTS
100
AcDbCircle
 10
15.741351915012268
 20
10.577904482489453
 30
0.0
 40
0.125
100
AcDbArc
 50
-140.719449052068
 51
39.280550947931985
  0
ARC
  5
334
330
17
100
AcDbEntity
  8
SLOTS
100
AcDbCircle
 10
14.96320950621789
 20
11.529267424514144
 30
0.0
 40
0.125
100
AcDbArc
 50
39.280550947931985
 51
219.280550947932
  0
LINE
  5
335
330
17
100
AcDbEntity
  8
SLOTS
100
AcDbLine
 10
15.626308703497202
 20
12.100605708082783
 30
0.0
 11
16.552675700054344
 21
10.968022235856088
 31
0.0
  0
LINE
  5
336
330
17
100
AcDbEntity
  8
SLOTS
100
AcDbLine
 10
16.359161908486087
 20
10.809742696834531
 30
0.0
 11
15.43279491192894
 21
11.942326169061227
 31
0.0
  0
ARC
  5
337
330
17
100
AcDbEntity
  8
SLOTS
100
AcDbCircle
 10
16.455918804270215
 20
10.88888246634531
 30
0.0
 40
0.125
100
AcDbArc
 50
-140.71944905206803
 51
39.280550947931964
  0
ARC
  5
338
330
17
100
AcDbEntity
  8
SLOTS
100
AcDbCircle
 10
15.529551807713071
 20
12.021465938572005
 30
0.0
 40
0.125
100
AcDbArc
 50
39.280550947931964
 51
219.28055094793197
  0
LINE
  5
339
330
17
100
AcDbEntity
  8
SLOTS
100
AcDbLine
 10
16.19265100499238
 20
12.592804222140646
 30
0.0
 11
17.19272575662855
 21
11.370105077089148
 31
0.0
  0
LINE
  5
33A
330
17
100
AcDbEntity
  8
SLOTS
100
AcDbLine
 10
16.999211965060294
 20
11.211825538067592
 30
0.0
 11
15.999137213424122
 21
12.43452468311909
 31
0.0
  0
ARC
  5
33B
330
17
100
AcDbEntity
  8
SLOTS
100
AcDbCircle
 10
17.095968860844422
 20
11.29096530757837
 30
0.0
 40
0.125
100
AcDbArc
 50
-140.71944905206806
 51
39.28055094793193
  0
ARC
  5
33C
330
17
100
AcDbEntity
  8
SLOTS
100
AcDbCircle
 10
16.095894109208253
 20
12.513664452629868
 30
0.0
 40
0.125
100
AcDbArc
 50
39.28055094793193
 51
219.28055094793194
  0
LINE
  5
33D
330
17
100
AcDbEntity
  8
SLOTS
100
AcDbLine
 10
16.75899330648756
 20
13.08500273619851
 30
0.0
 11
17.83277581320276
 21
11.772187918322206
 31
0.0
  0
LINE
  5
33E
330
17
100
AcDbEntity
  8
SLOTS
100
AcDbLine
 10
17.6392620216345
 20
11.61390837930065
 30
0.0
 11
16.565479514919303
 21
12.926723197176953
 31
0.0
  0
ARC
  5
33F
330
17
100
AcDbEntity
  8
SLOTS
100
AcDbCircle
 10
17.73601891741863
 20
11.693048148811428
 30
0.0
 40
0.125
100
AcDbArc
 50
-140.7194490520681
 51
39.28055094793192
  0
ARC
  5
340
330
17
100
AcDbEntity
  8
SLOTS
100
AcDbCircle
 10
16.662236410703432
 20
13.005862966687731
 30
0.0
 40
0.125
100
AcDbArc
 50
39.28055094793192
 51
219.2805509479319
  0
LINE
  5
341
330
17
100
AcDbEntity
  8
SLOTS
100
AcDbLine
 10
17.32533560798274
 20
13.57720125025637
 30
0.0
 11
18.47282586977697
 21
12.174270759555267
 31
0.0
  0
LINE
  5
342
330
17
100
AcDbEntity
  8
SLOTS
100
AcDbLine
 10
18.27931207820871
 20
12.01599122053371
 30
0.0
 11
17.131821816414483
 21
13.418921711234814
 31
0.0
  0
ARC
  5
343
330
17
100
AcDbEntity
  8
SLOTS
100
AcDbCircle
 10
18.37606897399284
 20
12.095130990044488
 30
0.0
 40
0.125
100
AcDbArc
 50
-140.71944905206794
 51
39.280550947932056
  0
ARC
  5
344
330
17
100
AcDbEntity
  8
SLOTS
100
AcDbCircle
 10
17.228578712198612
 20
13.498061480745593
 30
0.0
 40
0.125
100
AcDbArc
 50
39.280550947932056
 51
219.28055094793206
  0
LINE
  5
345
330
17
100
AcDbEntity
  8
SLOTS
100
AcDbLine
 10
17.891677909477924
 20
14.069399764314234
 30
0.0
 11
19.112875926351176
 21
12.576353600788327
 31
0.0
  0
LINE
  5
346
330
17
100
AcDbEntity
  8
SLOTS
100
AcDbLine
 10
18.91936213478292
 20
12.41807406176677
 30
0.0
 11
17.698164117909666
 21
13.911120225292677
 31
0.0
  0
ARC
  5
347
330
17
100
AcDbEntity
  8
SLOTS
100
AcDbCircle
 10
19.016119030567047
 20
12.497213831277548
 30
0.0
 40
0.125
100
AcDbArc
 50
-140.719449052068
 51
39.280550947931985
  0
ARC
  5
348
330
17
100
AcDbEntity
  8
SLOTS
100
AcDbCircle
 10
17.794921013693795
 20
13.990259994803456
 30
0.0
 40
0.125
100
AcDbArc
 50
39.280550947931985
 51
219.280550947932
  0
LINE
  5
349
330
17
100
AcDbEntity
  8
SLOTS
100
AcDbLine
 10
18.458020210973103
 20
14.561598278372097
 30
0.0
 11
19.752925982925383
 21
12.978436442021385
 31
0.0
  0
LINE
  5
34A
330
17
100
AcDbEntity
  8
SLOTS
100
AcDbLine
 10
19.559412191357126
 20
12.820156902999829
 30
0.0
 11
18.264506419404846
 21
14.40331873935054
 31
0.0
  0
ARC
  5
34B
330
17
100
AcDbEntity
  8
SLOTS
100
AcDbCircle
 10
19.656169087141254
 20
12.899296672510607
 30
0.0
 40
0.125
100
AcDbArc
 50
-140.71944905206803
 51
39.28055094793198
  0
ARC
  5
34C
330
17
100
AcDbEntity
  8
SLOTS
100
AcDbCircle
 10
18.361263315188975
 20
14.482458508861319
 30
0.0
 40
0.125
100
AcDbArc
 50
39.28055094793198
 51
219.28055094793197
  0
LINE
  5
34D
330
17
100
AcDbEntity
  8
SLOTS
100
AcDbLine
 10
19.024362512468283
 20
15.05379679242996
 30
0.0
 11
20.39297603949959
 21
13.380519283254445
 31
0.0
  0
LINE
  5
34E
330
17
100
AcDbEntity
  8
SLOTS
100
AcDbLine
 10
20.199462247931333
 20
13.222239744232889
 30
0.0
 11
18.830848720900025
 21
14.895517253408403
 31
0.0
  0
ARC
  5
34F
330
17
100
AcDbEntity
  8
SLOTS
100
AcDbCircle
 10
20.29621914371546
 20
13.301379513743667
 30
0.0
 40
0.125
100
AcDbArc
 50
-140.719449052068
 51
39.280550947931985
  0
ARC
  5
350
330
17
100
AcDbEntity
  8
SLOTS
100
AcDbCircle
 10
18.927605616684154
 20
14.974657022919182
 30
0.0
 40
0.125
100
AcDbArc
 50
39.280550947931985
 51
219.280550947932
  0
LINE
  5
351
330
17
100
AcDbEntity
  8
SLOTS
100
AcDbLine
 10
19.590704813963466
 20
15.545995306487823
 30
0.0
 11
21.033026096073797
 21
13.782602124487505
 31
0.0
  0
LINE
  5
352
330
17
100
AcDbEntity
  8
SLOTS
100
AcDbLine
 10
20.83951230450554
 20
13.624322585465949
 30
0.0
 11
19.39719102239521
 21
15.387715767466267
 31
0.0
  0
ARC
  5
353
330
17
100
AcDbEntity
  8
SLOTS
100
AcDbCircle
 10
20.93626920028967
 20
13.703462354976727
 30
0.0
 40
0.125
100
AcDbArc
 50
-140.71944905206806
 51
39.28055094793193
  0
ARC
  5
354
330
17
100
AcDbEntity
  8
SLOTS
100
AcDbCircle
 10
19.493947918179337
 20
15.466855536977045
 30
0.0
 40
0.125
100
AcDbArc
 50
39.28055094793193
 51
219.28055094793194
  0
LINE
  5
355
330
17
100
AcDbEntity
  8
SLOTS
100
AcDbLine
 10
20.157047115458646
 20
16.038193820545683
 30
0.0
 11
21.19144008941267
 21
14.77353695081503
 31
0.0
  0
LINE
  5
356
330
17
100
AcDbEntity
  8
SLOTS
100
AcDbLine
 10
20.997926297844412
 20
14.615257411793474
 30
0.0
 11
19.96353332389039
 21
15.879914281524128
 31
0.0
  0
ARC
  5
357
330
17
100
AcDbEntity
  8
SLOTS
100
AcDbCircle
 10
21.09468319362854
 20
14.694397181304252
 30
0.0
 40
0.125
100
AcDbArc
 50
-140.71944905206803
 51
39.280550947931964
  0
ARC
  5
358
330
17
100
AcDbEntity
  8
SLOTS
100
AcDbCircle
 10
20.060290219674517
 20
15.959054051034906
 30
0.0
 40
0.125
100
AcDbArc
 50
39.280550947931964
 51
219.28055094793197
  0
LINE
  5
359
330
17
100
AcDbEntity
  8
SLOTS
100
AcDbLine
 10
20.723389416953825
 20
16.530392334603548
 30
0.0
 11
21.00675553233548
 21
16.183946724966
 31
0.0
  0
LINE
  5
35A
330
17
100
AcDbEntity
  8
SLOTS
100
AcDbLine
 10
20.81324174076722
 20
16.025667185944442
 30
0.0
 11
20.529875625385568
 21
16.37211279558199
 31
0.0
  0
ARC
  5
35B
330
17
100
AcDbEntity
  8
SLOTS
100
AcDbCircle
 10
20.90999863655135
 20
16.10480695545522
 30
0.0
 40
0.125
100
AcDbArc
 50
-140.71944905206811
 51
39.28055094793187
  0
ARC
  5
35C
330
17
100
AcDbEntity
  8
SLOTS
100
AcDbCircle
 10
20.626632521169697
 20
16.45125256509277
 30
0.0
 40
0.125
100
AcDbArc
 50
39.28055094793187
 51
219.28055094793189
  0
LINE
  5
35D
330
17
100
AcDbEntity
  8
SLOTS
100
AcDbLine
 10
15.74182786162777
 20
24.04178255571319
 30
0.0
 11
15.89425489522664
 21
25.989404346411114
 31
0.0
  0
LINE
  5
35E
330
17
100
AcDbEntity
  8
SLOTS
100
AcDbLine
 10
16.143492754345154
 20
25.96989820424973
 30
0.0
 11
15.991065720746283
 21
24.022276413551808
 31
0.0
  0
ARC
  5
35F
330
17
100
AcDbEntity
  8
SLOTS
100
AcDbCircle
 10
16.018873824785896
 20
25.979651275330422
 30
0.0
 40
0.125
100
AcDbArc
 50
-4.475026874508757
 51
175.52497312549124
  0
ARC
  5
360
330
17
100
AcDbEntity
  8
SLOTS
100
AcDbCircle
 10
15.866446791187027
 20
24.0320294846325
 30
0.0
 40
0.125
100
AcDbArc
 50
175.52497312549124
 51
355.5249731254912
  0
LINE
  5
361
330
17
100
AcDbEntity
  8
SLOTS
100
AcDbLine
 10
14.789060974596442
 20
21.48025200039874
 30
0.0
 11
15.12402059126698
 21
25.760166350422576
 31
0.0
  0
LINE
  5
362
330
17
100
AcDbEntity
  8
SLOTS
100
AcDbLine
 10
15.373258450385492
 20
25.740660208261193
 30
0.0
 11
15.038298833714954
 21
21.460745858237356
 31
0.0
  0
ARC
  5
363
330
17
100
AcDbEntity
  8
SLOTS
100
AcDbCircle
 10
15.248639520826236
 20
25.750413279341885
 30
0.0
 40
0.125
100
AcDbArc
 50
-4.475026874508757
 51
175.52497312549124
  0
ARC
  5
364
330
17
100
AcDbEntity
  8
SLOTS
100
AcDbCircle
 10
14.913679904155698
 20
21.470498929318047
 30
0.0
 40
0.125
100
AcDbArc
 50
175.52497312549124
 51
355.5249731254912
  0
LINE
  5
365
330
17
100
AcDbEntity
  8
SLOTS
100
AcDbLine
 10
13.836294087565111
 20
18.918721445084284
 30
0.0
 11
14.353786287307319
 21
25.530928354434035
 31
0.0
  0
LINE
  5
366
330
17
100
AcDbEntity
  8
SLOTS
100
AcDbLine
 10
14.603024146425831
 20
25.511422212272652
 30
0.0
 11
14.085531946683624
 21
18.8992153029229
 31
0.0
  0
ARC
  5
367
330
17
100
AcDbEntity
  8
SLOTS
100
AcDbCircle
 10
14.478405216866575
 20
25.521175283353344
 30
0.0
 40
0.125
100
AcDbArc
 50
-4.4750268745087425
 51
175.52497312549127
  0
ARC
  5
368
330
17
100
AcDbEntity
  8
SLOTS
100
AcDbCircle
 10
13.960913017124367
 20
18.908968374003592
 30
0.0
 40
0.125
100
AcDbArc
 50
175.52497312549127
 51
355.5249731254913
  0
LINE
  5
369
330
17
100
AcDbEntity
  8
SLOTS
100
AcDbLine
 10
12.998793563011475
 20
17.82999577218215
 30
0.0
 11
13.58355198334766
 21
25.301690358445498
 31
0.0
  0
LINE
  5
36A
330
17
100
AcDbEntity
  8
SLOTS
100
AcDbLine
 10
13.832789842466171
 20
25.282184216284115
 30
0.0
 11
13.248031422129987
 21
17.81048963002077
 31
0.0
  0
ARC
  5
36B
330
17
100
AcDbEntity
  8
SLOTS
100
AcDbCircle
 10
13.708170912906915
 20
25.291937287364807
 30
0.0
 40
0.125
100
AcDbArc
 50
-4.475026874508757
 51
175.52497312549124
  0
ARC
  5
36C
330
17
100
AcDbEntity
  8
SLOTS
100
AcDbCircle
 10
13.123412492570731
 20
17.82024270110146
 30
0.0
 40
0.125
100
AcDbArc
 50
175.52497312549124
 51
355.5249731254912
  0
LINE
  5
36D
330
17
100
AcDbEntity
  8
SLOTS
100
AcDbLine
 10
12.3490738266263
 20
19.14062109546735
 30
0.0
 11
12.813317679388
 21
25.07245236245696
 31
0.0
  0
LINE
  5
36E
330
17
100
AcDbEntity
  8
SLOTS
100
AcDbLine
 10
13.062555538506512
 20
25.052946220295578
 30
0.0
 11
12.598311685744813
 21
19.121114953305966
 31
0.0
  0
ARC
  5
36F
330
17
100
AcDbEntity
  8
SLOTS
100
AcDbCircle
 10
12.937936608947256
 20
25.06269929137627
 30
0.0
 40
0.125
100
AcDbArc
 50
-4.4750268745087425
 51
175.52497312549127
  0
ARC
  5
370
330
17
100
AcDbEntity
  8
SLOTS
100
AcDbCircle
 10
12.473692756185557
 20
19.130868024386658
 30
0.0
 40
0.125
100
AcDbArc
 50
175.52497312549127
 51
355.5249731254913
  0
LINE
  5
371
330
17
100
AcDbEntity
  8
SLOTS
100
AcDbLine
 10
11.701209624743509
 20
20.47495533274841
 30
0.0
 11
12.043083375428338
 21
24.843214366468423
 31
0.0
  0
LINE
  5
372
330
17
100
AcDbEntity
  8
SLOTS
100
AcDbLine
 10
12.29232123454685
 20
24.82370822430704
 30
0.0
 11
11.950447483862021
 21
20.45544919058703
 31
0.0
  0
ARC
  5
373
330
17
100
AcDbEntity
  8
SLOTS
100
AcDbCircle
 10
12.167702304987595
 20
24.833461295387732
 30
0.0
 40
0.125
100
AcDbArc
 50
-4.475026874508757
 51
175.52497312549124
  0
ARC
  5
374
330
17
100
AcDbEntity
  8
SLOTS
100
AcDbCircle
 10
11.825828554302765
 20
20.46520226166772
 30
0.0
 40
0.125
100
AcDbArc
 50
175.52497312549124
 51
355.5249731254912
  0
LINE
  5
375
330
17
100
AcDbEntity
  8
SLOTS
100
AcDbLine
 10
11.05334542286072
 20
21.80928957002947
 30
0.0
 11
11.229993285742442
 21
24.066390681988715
 31
0.0
  0
LINE
  5
376
330
17
100
AcDbEntity
  8
SLOTS
100
AcDbLine
 10
11.479231144860954
 20
24.046884539827325
 30
0.0
 11
11.302583281979233
 21
21.78978342786808
 31
0.0
  0
ARC
  5
377
330
17
100
AcDbEntity
  8
SLOTS
100
AcDbCircle
 10
11.354612215301698
 20
24.05663761090802
 30
0.0
 40
0.125
100
AcDbArc
 50
-4.475026874508785
 51
175.52497312549121
  0
ARC
  5
378
330
17
100
AcDbEntity
  8
SLOTS
100
AcDbCircle
 10
11.177964352419977
 20
21.799536498948775
 30
0.0
 40
0.125
100
AcDbArc
 50
175.52497312549121
 51
355.5249731254912
  0
LINE
  5
379
330
17
100
AcDbEntity
  8
SLOTS
100
AcDbLine
 10
16.9317031020751
 20
27.19721953165298
 30
0.0
 11
18.338782960102936
 21
27.312230857846224
 31
0.0
  0
LINE
  5
37A
330
17
100
AcDbEntity
  8
SLOTS
100
AcDbLine
 10
18.359149438003453
 20
27.06306182570553
 30
0.0
 11
16.952069579975618
 21
26.948050499512288
 31
0.0
  0
ARC
  5
37B
330
17
100
AcDbEntity
  8
SLOTS
100
AcDbCircle
 10
18.348966199053194
 20
27.187646341775878
 30
0.0
 40
0.125
100
AcDbArc
 50
-85.32716864597242
 51
94.67283135402758
  0
ARC
  5
37C
330
17
100
AcDbEntity
  8
SLOTS
100
AcDbCircle
 10
16.94188634102536
 20
27.072635015582634
 30
0.0
 40
0.125
100
AcDbArc
 50
94.67283135402758
 51
274.67283135402755
  0
LINE
  5
37D
330
17
100
AcDbEntity
  8
SLOTS
100
AcDbLine
 10
16.81157366776657
 20
27.939901657682455
 30
0.0
 11
19.779436353499083
 21
28.182487621441442
 31
0.0
  0
LINE
  5
37E
330
17
100
AcDbEntity
  8
SLOTS
100
AcDbLine
 10
19.7998028313996
 20
27.93331858930075
 30
0.0
 11
16.831940145667087
 21
27.690732625541763
 31
0.0
  0
ARC
  5
37F
330
17
100
AcDbEntity
  8
SLOTS
100
AcDbCircle
 10
19.78961959244934
 20
28.057903105371096
 30
0.0
 40
0.125
100
AcDbArc
 50
-85.32716864597239
 51
94.67283135402761
  0
ARC
  5
380
330
17
100
AcDbEntity
  8
SLOTS
100
AcDbCircle
 10
16.82175690671683
 20
27.81531714161211
 30
0.0
 40
0.125
100
AcDbArc
 50
94.67283135402761
 51
274.6728313540276
  0
LINE
  5
381
330
17
100
AcDbEntity
  8
SLOTS
100
AcDbLine
 10
16.691444233458036
 20
28.68258378371193
 30
0.0
 11
21.220089746895223
 21
29.052744385036657
 31
0.0
  0
LINE
  5
382
330
17
100
AcDbEntity
  8
SLOTS
100
AcDbLine
 10
21.24045622479574
 20
28.803575352895965
 30
0.0
 11
16.711810711358552
 21
28.433414751571238
 31
0.0
  0
ARC
  5
383
330
17
100
AcDbEntity
  8
SLOTS
100
AcDbCircle
 10
21.23027298584548
 20
28.92815986896631
 30
0.0
 40
0.125
100
AcDbArc
 50
-85.32716864597242
 51
94.67283135402758
  0
ARC
  5
384
330
17
100
AcDbEntity
  8
SLOTS
100
AcDbCircle
 10
16.701627472408294
 20
28.557999267641584
 30
0.0
 40
0.125
100
AcDbArc
 50
94.67283135402758
 51
274.67283135402755
  0
LINE
  5
385
330
17
100
AcDbEntity
  8
SLOTS
100
AcDbLine
 10
16.5713147991495
 20
29.4252659097414
 30
0.0
 11
22.660743140291363
 21
29.923001148631876
 31
0.0
  0
LINE
  5
386
330
17
100
AcDbEntity
  8
SLOTS
100
AcDbLine
 10
22.68110961819188
 20
29.673832116491184
 30
0.0
 11
16.591681277050018
 21
29.17609687760071
 31
0.0
  0
ARC
  5
387
330
17
100
AcDbEntity
  8
SLOTS
100
AcDbCircle
 10
22.67092637924162
 20
29.79841663256153
 30
0.0
 40
0.125
100
AcDbArc
 50
-85.32716864597238
 51
94.67283135402762
  0
ARC
  5
388
330
17
100
AcDbEntity
  8
SLOTS
100
AcDbCircle
 10
16.58149803809976
 20
29.300681393671056
 30
0.0
 40
0.125
100
AcDbArc
 50
94.67283135402762
 51
274.6728313540276
  0
LINE
  5
389
330
17
100
AcDbEntity
  8
SLOTS
100
AcDbLine
 10
17.66038615997472
 20
25.27669686578208
 30
0.0
 11
16.886352318015412
 21
24.280648961469126
 31
0.0
  0
LINE
  5
38A
330
17
100
AcDbEntity
  8
SLOTS
100
AcDbLine
 10
16.688949923634432
 20
24.434051356146185
 30
0.0
 11
17.46298376559374
 21
25.430099260459137
 31
0.0
  0
ARC
  5
38B
330
17
100
AcDbEntity
  8
SLOTS
100
AcDbCircle
 10
16.787651120824922
 20
24.357350158807655
 30
0.0
 40
0.125
100
AcDbArc
 50
-217.8509591343837
 51
-37.850959134383686
  0
ARC
  5
38C
330
17
100
AcDbEntity
  8
SLOTS
100
AcDbCircle
 10
17.56168496278423
 20
25.353398063120608
 30
0.0
 40
0.125
100
AcDbArc
 50
-37.850959134383686
 51
142.1490408656163
  0
LINE
  5
38D
330
17
100
AcDbEntity
  8
SLOTS
100
AcDbLine
 10
18.16436499571216
 20
24.702955032785432
 30
0.0
 11
16.014351140148204
 21
21.936258437637246
 31
0.0
  0
LINE
  5
38E
330
17
100
AcDbEntity
  8
SLOTS
100
AcDbLine
 10
15.816948745767224
 20
22.089660832314305
 30
0.0
 11
17.96696260133118
 21
24.85635742746249
 31
0.0
  0
ARC
  5
38F
330
17
100
AcDbEntity
  8
SLOTS
100
AcDbCircle
 10
15.915649942957714
 20
22.012959634975775
 30
0.0
 40
0.125
100
AcDbArc
 50
-217.8509591343837
 51
-37.850959134383686
  0
ARC
  5
390
330
17
100
AcDbEntity
  8
SLOTS
100
AcDbCircle
 10
18.06566379852167
 20
24.779656230123962
 30
0.0
 40
0.125
100
AcDbArc
 50
-37.850959134383686
 51
142.1490408656163
  0
LINE
  5
391
330
17
100
AcDbEntity
  8
SLOTS
100
AcDbLine
 10
18.668343831449597
 20
24.129213199788786
 30
0.0
 11
15.142349962280992
 21
19.59186791380537
 31
0.0
  0
LINE
  5
392
330
17
100
AcDbEntity
  8
SLOTS
100
AcDbLine
 10
14.944947567900016
 20
19.74527030848243
 30
0.0
 11
18.470941437068618
 21
24.282615594465845
 31
0.0
  0
ARC
  5
393
330
17
100
AcDbEntity
  8
SLOTS
100
AcDbCircle
 10
15.043648765090504
 20
19.6685691111439
 30
0.0
 40
0.125
100
AcDbArc
 50
-217.85095913438371
 51
-37.850959134383714
  0
ARC
  5
394
330
17
100
AcDbEntity
  8
SLOTS
100
AcDbCircle
 10
18.569642634259107
 20
24.205914397127316
 30
0.0
 40
0.125
100
AcDbArc
 50
-37.850959134383714
 51
142.14904086561629
  0
LINE
  5
395
330
17
100
AcDbEntity
  8
SLOTS
100
AcDbLine
 10
19.172322667187036
 20
23.555471366792137
 30
0.0
 11
14.897793303437936
 21
18.054890146842986
 31
0.0
  0
LINE
  5
396
330
17
100
AcDbEntity
  8
SLOTS
100
AcDbLine
 10
14.70039090905696
 20
18.208292541520045
 30
0.0
 11
18.974920272806056
 21
23.708873761469196
 31
0.0
  0
ARC
  5
397
330
17
100
AcDbEntity
  8
SLOTS
100
AcDbCircle
 10
14.799092106247448
 20
18.131591344181516
 30
0.0
 40
0.125
100
AcDbArc
 50
-217.85095913438371
 51
-37.850959134383714
  0
ARC
  5
398
330
17
100
AcDbEntity
  8
SLOTS
100
AcDbCircle
 10
19.073621469996546
 20
23.632172564130666
 30
0.0
 40
0.125
100
AcDbArc
 50
-37.850959134383714
 51
142.14904086561629
  0
LINE
  5
399
330
17
100
AcDbEntity
  8
SLOTS
100
AcDbLine
 10
19.569958223612836
 20
22.844884095322154
 30
0.0
 11
15.899421221225065
 21
18.121536754749826
 31
0.0
  0
LINE
  5
39A
330
17
100
AcDbEntity
  8
SLOTS
100
AcDbLine
 10
15.702018826844085
 20
18.274939149426885
 30
0.0
 11
19.372555829231857
 21
22.998286489999213
 31
0.0
  0
ARC
  5
39B
330
17
100
AcDbEntity
  8
SLOTS
100
AcDbCircle
 10
15.800720024034575
 20
18.198237952088355
 30
0.0
 40
0.125
100
AcDbArc
 50
-217.85095913438371
 51
-37.850959134383714
  0
ARC
  5
39C
330
17
100
AcDbEntity
  8
SLOTS
100
AcDbCircle
 10
19.471257026422347
 20
22.921585292660684
 30
0.0
 40
0.125
100
AcDbArc
 50
-37.850959134383714
 51
142.14904086561629
  0
LINE
  5
39D
330
17
100
AcDbEntity
  8
SLOTS
100
AcDbLine
 10
19.96462214565833
 20
22.130472843508624
 30
0.0
 11
16.90104913901219
 21
18.188183362656666
 31
0.0
  0
LINE
  5
39E
330
17
100
AcDbEntity
  8
SLOTS
100
AcDbLine
 10
16.70364674463121
 20
18.341585757333725
 30
0.0
 11
19.76721975127735
 21
22.283875238185683
 31
0.0
  0
ARC
  5
39F
330
17
100
AcDbEntity
  8
SLOTS
100
AcDbCircle
 10
16.8023479418217
 20
18.264884559995195
 30
0.0
 40
0.125
100
AcDbArc
 50
-217.85095913438374
 51
-37.85095913438374
  0
ARC
  5
3A0
330
17
100
AcDbEntity
  8
SLOTS
100
AcDbCircle
 10
19.86592094846784
 20
22.207174040847153
 30
0.0
 40
0.125
100
AcDbArc
 50
-37.85095913438374
 51
142.14904086561626
  0
LINE
  5
3A1
330
17
100
AcDbEntity
  8
SLOTS
100
AcDbLine
 10
20.35928606770382
 20
21.416061591695097
 30
0.0
 11
17.90267705679932
 21
18.254829970563506
 31
0.0
  0
LINE
  5
3A2
330
17
100
AcDbEntity
  8
SLOTS
100
AcDbLine
 10
17.70527466241834
 20
18.408232365240565
 30
0.0
 11
20.16188367332284
 21
21.569463986372156
 31
0.0
  0
ARC
  5
3A3
330
17
100
AcDbEntity
  8
SLOTS
100
AcDbCircle
 10
17.80397585960883
 20
18.331531167902035
 30
0.0
 40
0.125
100
AcDbArc
 50
-217.85095913438374
 51
-37.85095913438374
  0
ARC
  5
3A4
330
17
100
AcDbEntity
  8
SLOTS
100
AcDbCircle
 10
20.26058487051333
 20
21.492762789033627
 30
0.0
 40
0.125
100
AcDbArc
 50
-37.85095913438374
 51
142.14904086561626
  0
LINE
  5
3A5
330
17
100
AcDbEntity
  8
SLOTS
100
AcDbLine
 10
20.75394998974931
 20
20.701650339881567
 30
0.0
 11
18.904304974586445
 21
18.321476578470346
 31
0.0
  0
LINE
  5
3A6
330
17
100
AcDbEntity
  8
SLOTS
100
AcDbLine
 10
18.706902580205465
 20
18.474878973147405
 30
0.0
 11
20.55654759536833
 21
20.855052734558626
 31
0.0
  0
ARC
  5
3A7
330
17
100
AcDbEntity
  8
SLOTS
100
AcDbCircle
 10
18.805603777395955
 20
18.398177775808875
 30
0.0
 40
0.125
100
AcDbArc
 50
-217.85095913438374
 51
-37.85095913438374
  0
ARC
  5
3A8
330
17
100
AcDbEntity
  8
SLOTS
100
AcDbCircle
 10
20.65524879255882
 20
20.778351537220097
 30
0.0
 40
0.125
100
AcDbArc
 50
-37.85095913438374
 51
142.14904086561626
  0
LINE
  5
3A9
330
17
100
AcDbEntity
  8
SLOTS
100
AcDbLine
 10
21.148613911794804
 20
19.987239088068037
 30
0.0
 11
19.905932892373578
 21
18.388123186377186
 31
0.0
  0
LINE
  5
3AA
330
17
100
AcDbEntity
  8
SLOTS
100
AcDbLine
 10
19.708530497992598
 20
18.541525581054245
 30
0.0
 11
20.951211517413824
 21
20.140641482745096
 31
0.0
  0
ARC
  5
3AB
330
17
100
AcDbEntity
  8
SLOTS
100
AcDbCircle
 10
19.807231695183088
 20
18.464824383715715
 30
0.0
 40
0.125
100
AcDbArc
 50
-217.85095913438374
 51
-37.85095913438374
  0
ARC
  5
3AC
330
17
100
AcDbEntity
  8
SLOTS
100
AcDbCircle
 10
21.049912714604314
 20
20.063940285406566
 30
0.0
 40
0.125
100
AcDbArc
 50
-37.85095913438374
 51
142.14904086561626
  0
LINE
  5
3AD
330
17
100
AcDbEntity
  8
SLOTS
100
AcDbLine
 10
21.543277833840293
 20
19.272827836254507
 30
0.0
 11
20.907560810160703
 21
18.454769794284022
 31
0.0
  0
LINE
  5
3AE
330
17
100
AcDbEntity
  8
SLOTS
100
AcDbLine
 10
20.710158415779723
 20
18.60817218896108
 30
0.0
 11
21.345875439459313
 21
19.426230230931566
 31
0.0
  0
ARC
  5
3AF
330
17
100
AcDbEntity
  8
SLOTS
100
AcDbCircle
 10
20.808859612970213
 20
18.53147099162255
 30
0.0
 40
0.125
100
AcDbArc
 50
-217.85095913438363
 51
-37.85095913438364
  0
ARC
  5
3B0
330
17
100
AcDbEntity
  8
SLOTS
100
AcDbCircle
 10
21.444576636649803
 20
19.349529033593036
 30
0.0
 40
0.125
100
AcDbArc
 50
-37.85095913438364
 51
142.14904086561637
  0
LINE
  5
3B1
330
17
100
AcDbEntity
  8
SLOTS
100
AcDbLine
 10
12.084481242735997
 20
16.757976445428067
 30
0.0
 11
10.874098374277464
 21
20.42457795946431
 31
0.0
  0
LINE
  5
3B2
330
17
100
AcDbEntity
  8
SLOTS
100
AcDbLine
 10
11.111497743986812
 20
20.502945932907583
 30
0.0
 11
12.321880612445344
 21
16.836344418871338
 31
0.0
  0
ARC
  5
3B3
330
17
100
AcDbEntity
  8
SLOTS
100
AcDbCircle
 10
10.992798059132138
 20
20.463761946185947
 30
0.0
 40
0.125
100
AcDbArc
 50
18.268588040644758
 51
198.26858804064477
  0
ARC
  5
3B4
330
17
100
AcDbEntity
  8
SLOTS
100
AcDbCircle
 10
12.20318092759067
 20
16.797160432149703
 30
0.0
 40
0.125
100
AcDbArc
 50
198.26858804064477
 51
378.2685880406448
  0
LINE
  5
3B5
330
17
100
AcDbEntity
  8
SLOTS
100
AcDbLine
 10
11.598661306832183
 20
15.837107240146908
 30
0.0
 11
9.548314970241774
 21
22.048202239876424
 31
0.0
  0
LINE
  5
3B6
330
17
100
AcDbEntity
  8
SLOTS
100
AcDbLine
 10
9.785714339951122
 20
22.126570213319695
 30
0.0
 11
11.83606067654153
 21
15.91547521359018
 31
0.0
  0
ARC
  5
3B7
330
17
100
AcDbEntity
  8
SLOTS
100
AcDbCircle
 10
9.667014655096448
 20
22.08738622659806
 30
0.0
 40
0.125
100
AcDbArc
 50
18.268588040644758
 51
198.26858804064477
  0
ARC
  5
3B8
330
17
100
AcDbEntity
  8
SLOTS
100
AcDbCircle
 10
11.717360991686856
 20
15.876291226868544
 30
0.0
 40
0.125
100
AcDbArc
 50
198.26858804064477
 51
378.2685880406448
  0
LINE
  5
3B9
330
17
100
AcDbEntity
  8
SLOTS
100
AcDbLine
 10
11.112841370928367
 20
14.916238034865746
 30
0.0
 11
8.826436411187316
 21
21.842423216058048
 31
0.0
  0
LINE
  5
3BA
330
17
100
AcDbEntity
  8
SLOTS
100
AcDbLine
 10
9.063835780896664
 20
21.92079118950132
 30
0.0
 11
11.350240740637714
 21
14.994606008309017
 31
0.0
  0
ARC
  5
3BB
330
17
100
AcDbEntity
  8
SLOTS
100
AcDbCircle
 10
8.94513609604199
 20
21.881607202779684
 30
0.0
 40
0.125
100
AcDbArc
 50
18.268588040644744
 51
198.26858804064474
  0
ARC
  5
3BC
330
17
100
AcDbEntity
  8
SLOTS
100
AcDbCircle
 10
11.23154105578304
 20
14.955422021587381
 30
0.0
 40
0.125
100
AcDbArc
 50
198.26858804064474
 51
378.2685880406448
  0
LINE
  5
3BD
330
17
100
AcDbEntity
  8
SLOTS
100
AcDbLine
 10
10.187172758343275
 20
15.327798316066252
 30
0.0
 11
8.104557852132858
 21
21.63664419223967
 31
0.0
  0
LINE
  5
3BE
330
17
100
AcDbEntity
  8
SLOTS
100
AcDbLine
 10
8.341957221842206
 20
21.715012165682943
 30
0.0
 11
10.424572128052622
 21
15.406166289509523
 31
0.0
  0
ARC
  5
3BF
330
17
100
AcDbEntity
  8
SLOTS
100
AcDbCircle
 10
8.223257536987532
 20
21.675828178961307
 30
0.0
 40
0.125
100
AcDbArc
 50
18.268588040644758
 51
198.26858804064477
  0
ARC
  5
3C0
330
17
100
AcDbEntity
  8
SLOTS
100
AcDbCircle
 10
10.305872443197948
 20
15.366982302787887
 30
0.0
 40
0.125
100
AcDbArc
 50
198.26858804064477
 51
378.2685880406448
  0
LINE
  5
3C1
330
17
100
AcDbEntity
  8
SLOTS
100
AcDbLine
 10
8.646821356586102
 20
17.601411427129317
 30
0.0
 11
7.592945573831544
 21
20.793907488788822
 31
0.0
  0
LINE
  5
3C2
330
17
100
AcDbEntity
  8
SLOTS
100
AcDbLine
 10
7.83034494354089
 20
20.872275462232093
 30
0.0
 11
8.88422072629545
 21
17.67977940057259
 31
0.0
  0
ARC
  5
3C3
330
17
100
AcDbEntity
  8
SLOTS
100
AcDbCircle
 10
7.711645258686217
 20
20.833091475510457
 30
0.0
 40
0.125
100
AcDbArc
 50
18.268588040644758
 51
198.26858804064477
  0
ARC
  5
3C4
330
17
100
AcDbEntity
  8
SLOTS
100
AcDbCircle
 10
8.765521041440776
 20
17.640595413850953
 30
0.0
 40
0.125
100
AcDbArc
 50
198.26858804064477
 51
378.2685880406448
  0
LINE
  5
3C5
330
17
100
AcDbEntity
  8
SLOTS
100
AcDbLine
 10
19.115544677570156
 20
16.295534571057598
 30
0.0
 11
20.448386085480973
 21
17.843685687719734
 31
0.0
  0
LINE
  5
3C6
330
17
100
AcDbEntity
  8
SLOTS
100
AcDbLine
 10
20.637845755808232
 20
17.680575193515693
 30
0.0
 11
19.305004347897416
 21
16.132424076853557
 31
0.0
  0
ARC
  5
3C7
330
17
100
AcDbEntity
  8
SLOTS
100
AcDbCircle
 10
20.543115920644603
 20
17.762130440617714
 30
0.0
 40
0.125
100
AcDbArc
 50
-40.725970490866736
 51
139.27402950913327
  0
ARC
  5
3C8
330
17
100
AcDbEntity
  8
SLOTS
100
AcDbCircle
 10
19.210274512733786
 20
16.213979323955577
 30
0.0
 40
0.125
100
AcDbArc
 50
139.27402950913327
 51
319.27402950913324
  0
LINE
  5
3C9
330
17
100
AcDbEntity
  8
SLOTS
100
AcDbLine
 10
15.184982427987878
 20
12.879549408817706
 30
0.0
 11
19.398592718263078
 21
17.773834233216803
 31
0.0
  0
LINE
  5
3CA
330
17
100
AcDbEntity
  8
SLOTS
100
AcDbLine
 10
19.588052388590338
 20
17.610723739012762
 30
0.0
 11
15.374442098315134
 21
12.716438914613665
 31
0.0
  0
ARC
  5
3CB
330
17
100
AcDbEntity
  8
SLOTS
100
AcDbCircle
 10
19.493322553426708
 20
17.692278986114783
 30
0.0
 40
0.125
100
AcDbArc
 50
-40.725970490866686
 51
139.2740295091333
  0
ARC
  5
3CC
330
17
100
AcDbEntity
  8
SLOTS
100
AcDbCircle
 10
15.279712263151506
 20
12.797994161715685
 30
0.0
 40
0.125
100
AcDbArc
 50
139.2740295091333
 51
319.2740295091333
  0
LINE
  5
3CD
330
17
100
AcDbEntity
  8
SLOTS
100
AcDbLine
 10
13.624127387598346
 20
12.216078416905543
 30
0.0
 11
18.348799351045184
 21
17.703982778713875
 31
0.0
  0
LINE
  5
3CE
330
17
100
AcDbEntity
  8
SLOTS
100
AcDbLine
 10
18.538259021372443
 20
17.540872284509835
 30
0.0
 11
13.813587057925602
 21
12.052967922701502
 31
0.0
  0
ARC
  5
3CF
330
17
100
AcDbEntity
  8
SLOTS
100
AcDbCircle
 10
18.443529186208814
 20
17.622427531611855
 30
0.0
 40
0.125
100
AcDbArc
 50
-40.72597049086668
 51
139.27402950913333
  0
ARC
  5
3D0
330
17
100
AcDbEntity
  8
SLOTS
100
AcDbCircle
 10
13.718857222761974
 20
12.134523169803522
 30
0.0
 40
0.125
100
AcDbArc
 50
139.27402950913333
 51
319.2740295091333
  0
LINE
  5
3D1
330
17
100
AcDbEntity
  8
SLOTS
100
AcDbLine
 10
13.118308986032705
 20
12.778076667485557
 30
0.0
 11
17.29900598382729
 21
17.634131324210944
 31
0.0
  0
LINE
  5
3D2
330
17
100
AcDbEntity
  8
SLOTS
100
AcDbLine
 10
17.48846565415455
 20
17.471020830006903
 30
0.0
 11
13.307768656359961
 21
12.614966173281516
 31
0.0
  0
ARC
  5
3D3
330
17
100
AcDbEntity
  8
SLOTS
100
AcDbCircle
 10
17.39373581899092
 20
17.552576077108924
 30
0.0
 40
0.125
100
AcDbArc
 50
-40.725970490866686
 51
139.2740295091333
  0
ARC
  5
3D4
330
17
100
AcDbEntity
  8
SLOTS
100
AcDbCircle
 10
13.213038821196333
 20
12.696521420383537
 30
0.0
 40
0.125
100
AcDbArc
 50
139.2740295091333
 51
319.2740295091333
  0
LINE
  5
3D5
330
17
100
AcDbEntity
  8
SLOTS
100
AcDbLine
 10
12.612490584467064
 20
13.340074918065575
 30
0.0
 11
16.24921261660939
 21
17.564279869708013
 31
0.0
  0
LINE
  5
3D6
330
17
100
AcDbEntity
  8
SLOTS
100
AcDbLine
 10
16.43867228693665
 20
17.401169375503972
 30
0.0
 11
12.80195025479432
 21
13.176964423861534
 31
0.0
  0
ARC
  5
3D7
330
17
100
AcDbEntity
  8
SLOTS
100
AcDbCircle
 10
16.34394245177302
 20
17.482724622605993
 30
0.0
 40
0.125
100
AcDbArc
 50
-40.72597049086669
 51
139.2740295091333
  0
ARC
  5
3D8
330
17
100
AcDbEntity
  8
SLOTS
100
AcDbCircle
 10
12.707220419630692
 20
13.258519670963555
 30
0.0
 40
0.125
100
AcDbArc
 50
139.2740295091333
 51
319.2740295091333
  0
LINE
  5
3D9
330
17
100
AcDbEntity
  8
SLOTS
100
AcDbLine
 10
12.106672182901425
 20
13.902073168645588
 30
0.0
 11
15.1994192493915
 21
17.494428415205086
 31
0.0
  0
LINE
  5
3DA
330
17
100
AcDbEntity
  8
SLOTS
100
AcDbLine
 10
15.388878919718756
 20
17.331317921001045
 30
0.0
 11
12.296131853228681
 21
13.738962674441547
 31
0.0
  0
ARC
  5
3DB
330
17
100
AcDbEntity
  8
SLOTS
100
AcDbCircle
 10
15.294149084555128
 20
17.412873168103065
 30
0.0
 40
0.125
100
AcDbArc
 50
-40.72597049086667
 51
139.27402950913333
  0
ARC
  5
3DC
330
17
100
AcDbEntity
  8
SLOTS
100
AcDbCircle
 10
12.201402018065053
 20
13.820517921543567
 30
0.0
 40
0.125
100
AcDbArc
 50
139.27402950913333
 51
319.27402950913336
  0
LINE
  5
3DD
330
17
100
AcDbEntity
  8
SLOTS
100
AcDbLine
 10
11.811811318959546
 20
14.709107434389963
 30
0.0
 11
14.149625882173606
 21
17.424576960702154
 31
0.0
  0
LINE
  5
3DE
330
17
100
AcDbEntity
  8
SLOTS
100
AcDbLine
 10
14.339085552500862
 20
17.261466466498113
 30
0.0
 11
12.001270989286802
 21
14.545996940185923
 31
0.0
  0
ARC
  5
3DF
330
17
100
AcDbEntity
  8
SLOTS
100
AcDbCircle
 10
14.244355717337234
 20
17.343021713600134
 30
0.0
 40
0.125
100
AcDbArc
 50
-40.72597049086669
 51
139.2740295091333
  0
ARC
  5
3E0
330
17
100
AcDbEntity
  8
SLOTS
100
AcDbCircle
 10
11.906541154123174
 20
14.627552187287943
 30
0.0
 40
0.125
100
AcDbArc
 50
139.2740295091333
 51
319.2740295091333
  0
LINE
  5
3E1
330
17
100
AcDbEntity
  8
SLOTS
100
AcDbLine
 10
29.17192790426959
 20
29.799554604621143
 30
0.0
 11
29.04291631111654
 21
29.62912852681166
 31
0.0
  0
LINE
  5
3E2
330
17
100
AcDbEntity
  8
SLOTS
100
AcDbLine
 10
28.843587514239342
 20
29.780019317569373
 30
0.0
 11
28.972599107392394
 21
29.950445395378857
 31
0.0
  0
ARC
  5
3E3
330
17
100
AcDbEntity
  8
SLOTS
100
AcDbCircle
 10
28.94325191267794
 20
29.704573922190516
 30
0.0
 40
0.125
100
AcDbArc
 50
-217.12551891126628
 51
-37.12551891126628
  0
ARC
  5
3E4
330
17
100
AcDbEntity
  8
SLOTS
100
AcDbCircle
 10
29.072263505830993
 20
29.875
 30
0.0
 40
0.125
100
AcDbArc
 50
-37.12551891126628
 51
142.87448108873372
  0
LINE
  5
3E5
330
17
100
AcDbEntity
  8
SLOTS
100
AcDbLine
 10
24.43508241538637
 20
29.77375001285377
 30
0.0
 11
24.358362479710472
 21
29.718205717781533
 31
0.0
  0
LINE
  5
3E6
330
17
100
AcDbEntity
  8
SLOTS
100
AcDbLine
 10
24.211754975088247
 20
29.92070569207399
 30
0.0
 11
24.288474910764144
 21
29.97624998714623
 31
0.0
  0
ARC
  5
3E7
330
17
100
AcDbEntity
  8
SLOTS
100
AcDbCircle
 10
24.28505872739936
 20
29.819455704927762
 30
0.0
 40
0.125
100
AcDbArc
 50
-234.09592136989806
 51
-54.095921369898065
  0
ARC
  5
3E8
330
17
100
AcDbEntity
  8
SLOTS
100
AcDbCircle
 10
24.361778663075256
 20
29.875
 30
0.0
 40
0.125
100
AcDbArc
 50
-54.095921369898065
 51
125.90407863010194
  0
LINE
  5
3E9
330
17
100
AcDbEntity
  8
SLOTS
100
AcDbLine
 10
25.714007395953697
 20
29.77375001285377
 30
0.0
 11
25.08811959112207
 21
29.320614897353344
 31
0.0
  0
LINE
  5
3EA
330
17
100
AcDbEntity
  8
SLOTS
100
AcDbLine
 10
24.941512086499845
 20
29.523114871645802
 30
0.0
 11
25.567399891331473
 21
29.97624998714623
 31
0.0
  0
ARC
  5
3EB
330
17
100
AcDbEntity
  8
SLOTS
100
AcDbCircle
 10
25.014815838810957
 20
29.421864884499573
 30
0.0
 40
0.125
100
AcDbArc
 50
-234.09592136989852
 51
-54.09592136989852
  0
ARC
  5
3EC
330
17
100
AcDbEntity
  8
SLOTS
100
AcDbCircle
 10
25.640703643642585
 20
29.875
 30
0.0
 40
0.125
100
AcDbArc
 50
-54.09592136989852
 51
125.90407863010148
  0
LINE
  5
3ED
330
17
100
AcDbEntity
  8
SLOTS
100
AcDbLine
 10
26.99293237652103
 20
29.77375001285377
 30
0.0
 11
25.817876702533667
 21
28.923024076925156
 31
0.0
  0
LINE
  5
3EE
330
17
100
AcDbEntity
  8
SLOTS
100
AcDbLine
 10
25.671269197911442
 20
29.125524051217614
 30
0.0
 11
26.846324871898805
 21
29.97624998714623
 31
0.0
  0
ARC
  5
3EF
330
17
100
AcDbEntity
  8
SLOTS
100
AcDbCircle
 10
25.744572950222555
 20
29.024274064071385
 30
0.0
 40
0.125
100
AcDbArc
 50
-234.09592136989863
 51
-54.09592136989863
  0
ARC
  5
3F0
330
17
100
AcDbEntity
  8
SLOTS
100
AcDbCircle
 10
26.919628624209917
 20
29.875
 30
0.0
 40
0.125
100
AcDbArc
 50
-54.09592136989863
 51
125.90407863010137
  0
LINE
  5
3F1
330
17
100
AcDbEntity
  8
SLOTS
100
AcDbLine
 10
27.97427569871585
 20
29.55830453189619
 30
0.0
 11
27.039445726815995
 21
28.881499066092207
 31
0.0
  0
LINE
  5
3F2
330
17
100
AcDbEntity
  8
SLOTS
100
AcDbLine
 10
26.89283822219377
 20
29.083999040384665
 30
0.0
 11
27.827668194093626
 21
29.76080450618865
 31
0.0
  0
ARC
  5
3F3
330
17
100
AcDbEntity
  8
SLOTS
100
AcDbCircle
 10
26.966141974504882
 20
28.982749053238436
 30
0.0
 40
0.125
100
AcDbArc
 50
-234.09592136989846
 51
-54.09592136989846
  0
ARC
  5
3F4
330
17
100
AcDbEntity
  8
SLOTS
100
AcDbCircle
 10
27.900971946404738
 20
29.65955451904242
 30
0.0
 40
0.125
100
AcDbArc
 50
-54.09592136989846
 51
125.90407863010154
  0
LINE
  5
3F5
330
17
100
AcDbEntity
  8
SLOTS
100
AcDbLine
 10
31.692249265760292
 20
29.54388508872155
 30
0.0
 11
31.47873569703145
 21
29.617154202168607
 31
0.0
  0
LINE
  5
3F6
330
17
100
AcDbEntity
  8
SLOTS
100
AcDbLine
 10
31.559880656254567
 20
29.85361877793563
 30
0.0
 11
31.77339422498341
 21
29.780349664488572
 31
0.0
  0
ARC
  5
3F7
330
17
100
AcDbEntity
  8
SLOTS
100
AcDbCircle
 10
31.51930817664301
 20
29.735386490052118
 30
0.0
 40
0.125
100
AcDbArc
 50
71.05987851576253
 51
251.05987851576253
  0
ARC
  5
3F8
330
17
100
AcDbEntity
  8
SLOTS
100
AcDbCircle
 10
31.73282174537185
 20
29.66211737660506
 30
0.0
 40
0.125
100
AcDbArc
 50
251.05987851576253
 51
431.05987851576253
  0
LINE
  5
3F9
330
17
100
AcDbEntity
  8
SLOTS
100
AcDbLine
 10
31.98469224503332
 20
28.650600025015805
 30
0.0
 11
30.278376874385167
 21
29.23613758692715
 31
0.0
  0
LINE
  5
3FA
330
17
100
AcDbEntity
  8
SLOTS
100
AcDbLine
 10
30.359521833608284
 20
29.472602162694173
 30
0.0
 11
32.06583720425644
 21
28.88706460078283
 31
0.0
  0
ARC
  5
3FB
330
17
100
AcDbEntity
  8
SLOTS
100
AcDbCircle
 10
30.318949353996725
 20
29.35436987481066
 30
0.0
 40
0.125
100
AcDbArc
 50
71.0598785157627
 51
251.0598785157627
  0
ARC
  5
3FC
330
17
100
AcDbEntity
  8
SLOTS
100
AcDbCircle
 10
32.02526472464488
 20
28.768832312899317
 30
0.0
 40
0.125
100
AcDbArc
 50
251.0598785157627
 51
431.0598785157627
  0
LINE
  5
3FD
330
17
100
AcDbEntity
  8
SLOTS
100
AcDbLine
 10
32.27713522430635
 20
27.75731496131006
 30
0.0
 11
29.078018051738887
 21
28.855120971685693
 31
0.0
  0
LINE
  5
3FE
330
17
100
AcDbEntity
  8
SLOTS
100
AcDbLine
 10
29.159163010962004
 20
29.091585547452716
 30
0.0
 11
32.35828018352947
 21
27.99377953707708
 31
0.0
  0
ARC
  5
3FF
330
17
100
AcDbEntity
  8
SLOTS
100
AcDbCircle
 10
29.118590531350446
 20
28.973353259569205
 30
0.0
 40
0.125
100
AcDbArc
 50
71.05987851576268
 51
251.05987851576268
  0
ARC
  5
400
330
17
100
AcDbEntity
  8
SLOTS
100
AcDbCircle
 10
32.31770770391791
 20
27.87554724919357
 30
0.0
 40
0.125
100
AcDbArc
 50
251.05987851576268
 51
431.05987851576265
  0
LINE
  5
401
330
17
100
AcDbEntity
  8
SLOTS
100
AcDbLine
 10
32.569578203579375
 20
26.86402989760432
 30
0.0
 11
27.953553029845445
 21
28.448060711862805
 31
0.0
  0
LINE
  5
402
330
17
100
AcDbEntity
  8
SLOTS
100
AcDbLine
 10
28.03469798906856
 20
28.68452528762983
 30
0.0
 11
32.6507231628025
 21
27.10049447337134
 31
0.0
  0
ARC
  5
403
330
17
100
AcDbEntity
  8
SLOTS
100
AcDbCircle
 10
27.994125509457003
 20
28.566292999746317
 30
0.0
 40
0.125
100
AcDbArc
 50
71.05987851576265
 51
251.05987851576265
  0
ARC
  5
404
330
17
100
AcDbEntity
  8
SLOTS
100
AcDbCircle
 10
32.61015068319094
 20
26.98226218548783
 30
0.0
 40
0.125
100
AcDbArc
 50
251.05987851576265
 51
431.05987851576265
  0
LINE
  5
405
330
17
100
AcDbEntity
  8
SLOTS
100
AcDbLine
 10
32.8620211828524
 20
25.970744833898582
 30
0.0
 11
26.847525914864818
 21
28.034673317416274
 31
0.0
  0
LINE
  5
406
330
17
100
AcDbEntity
  8
SLOTS
100
AcDbLine
 10
26.928670874087935
 20
28.271137893183298
 30
0.0
 11
32.943166142075526
 21
26.207209409665605
 31
0.0
  0
ARC
  5
407
330
17
100
AcDbEntity
  8
SLOTS
100
AcDbCircle
 10
26.888098394476376
 20
28.152905605299786
 30
0.0
 40
0.125
100
AcDbArc
 50
71.0598785157627
 51
251.0598785157627
  0
ARC
  5
408
330
17
100
AcDbEntity
  8
SLOTS
100
AcDbCircle
 10
32.902593662463964
 20
26.088977121782094
 30
0.0
 40
0.125
100
AcDbArc
 50
251.0598785157627
 51
431.0598785157627
  0
LINE
  5
409
330
17
100
AcDbEntity
  8
SLOTS
100
AcDbLine
 10
33.154464162125436
 20
25.077459770192835
 30
0.0
 11
26.64195687480671
 21
27.312285585245988
 31
0.0
  0
LINE
  5
40A
330
17
100
AcDbEntity
  8
SLOTS
100
AcDbLine
 10
26.723101834029826
 20
27.54875016101301
 30
0.0
 11
33.23560912134856
 21
25.313924345959858
 31
0.0
  0
ARC
  5
40B
330
17
100
AcDbEntity
  8
SLOTS
100
AcDbCircle
 10
26.682529354418268
 20
27.4305178731295
 30
0.0
 40
0.125
100
AcDbArc
 50
71.05987851576268
 51
251.05987851576268
  0
ARC
  5
40C
330
17
100
AcDbEntity
  8
SLOTS
100
AcDbCircle
 10
33.195036641737
 20
25.195692058076347
 30
0.0
 40
0.125
100
AcDbArc
 50
251.05987851576268
 51
431.05987851576265
  0
LINE
  5
40D
330
17
100
AcDbEntity
  8
SLOTS
100
AcDbLine
 10
33.44690714139846
 20
24.18417470648709
 30
0.0
 11
26.803701024713163
 21
26.463851007686248
 31
0.0
  0
LINE
  5
40E
330
17
100
AcDbEntity
  8
SLOTS
100
AcDbLine
 10
26.88484598393628
 20
26.70031558345327
 30
0.0
 11
33.528052100621586
 21
24.420639282254115
 31
0.0
  0
ARC
  5
40F
330
17
100
AcDbEntity
  8
SLOTS
100
AcDbCircle
 10
26.844273504324722
 20
26.58208329556976
 30
0.0
 40
0.125
100
AcDbArc
 50
71.05987851576268
 51
251.05987851576268
  0
ARC
  5
410
330
17
100
AcDbEntity
  8
SLOTS
100
AcDbCircle
 10
33.487479621010024
 20
24.302406994370603
 30
0.0
 40
0.125
100
AcDbArc
 50
251.05987851576268
 51
431.05987851576265
  0
LINE
  5
411
330
17
100
AcDbEntity
  8
SLOTS
100
AcDbLine
 10
31.934862841189766
 20
23.91011578368309
 30
0.0
 11
26.965445174619617
 21
25.615416430126515
 31
0.0
  0
LINE
  5
412
330
17
100
AcDbEntity
  8
SLOTS
100
AcDbLine
 10
27.046590133842734
 20
25.85188100589354
 30
0.0
 11
32.016007800412886
 21
24.146580359450112
 31
0.0
  0
ARC
  5
413
330
17
100
AcDbEntity
  8
SLOTS
100
AcDbCircle
 10
27.006017654231176
 20
25.733648718010027
 30
0.0
 40
0.125
100
AcDbArc
 50
71.05987851576268
 51
251.05987851576268
  0
ARC
  5
414
330
17
100
AcDbEntity
  8
SLOTS
100
AcDbCircle
 10
31.975435320801324
 20
24.0283480715666
 30
0.0
 40
0.125
100
AcDbArc
 50
251.05987851576268
 51
431.05987851576265
  0
LINE
  5
415
330
17
100
AcDbEntity
  8
SLOTS
100
AcDbLine
 10
30.392437333325315
 20
23.646482447241766
 30
0.0
 11
27.12718932452607
 21
24.76698185256678
 31
0.0
  0
LINE
  5
416
330
17
100
AcDbEntity
  8
SLOTS
100
AcDbLine
 10
27.20833428374919
 20
25.003446428333802
 30
0.0
 11
30.473582292548432
 21
23.88294702300879
 31
0.0
  0
ARC
  5
417
330
17
100
AcDbEntity
  8
SLOTS
100
AcDbCircle
 10
27.16776180413763
 20
24.88521414045029
 30
0.0
 40
0.125
100
AcDbArc
 50
71.05987851576268
 51
251.05987851576268
  0
ARC
  5
418
330
17
100
AcDbEntity
  8
SLOTS
100
AcDbCircle
 10
30.433009812936874
 20
23.764714735125278
 30
0.0
 40
0.125
100
AcDbArc
 50
251.05987851576268
 51
431.05987851576265
  0
LINE
  5
419
330
17
100
AcDbEntity
  8
SLOTS
100
AcDbLine
 10
28.850011825460857
 20
23.382849110800446
 30
0.0
 11
27.288933474432525
 21
23.91854727500704
 31
0.0
  0
LINE
  5
41A
330
17
100
AcDbEntity
  8
SLOTS
100
AcDbLine
 10
27.370078433655642
 20
24.155011850774063
 30
0.0
 11
28.931156784683974
 21
23.61931368656747
 31
0.0
  0
ARC
  5
41B
330
17
100
AcDbEntity
  8
SLOTS
100
AcDbCircle
 10
27.329505954044084
 20
24.03677956289055
 30
0.0
 40
0.125
100
AcDbArc
 50
71.05987851576276
 51
251.05987851576276
  0
ARC
  5
41C
330
17
100
AcDbEntity
  8
SLOTS
100
AcDbCircle
 10
28.890584305072416
 20
23.501081398683958
 30
0.0
 40
0.125
100
AcDbArc
 50
251.05987851576276
 51
431.05987851576276
  0
LINE
  5
41D
330
17
100
AcDbEntity
  8
SLOTS
100
AcDbLine
 10
28.17179626315782
 20
17.155281911622797
 30
0.0
 11
28.785768343399884
 21
18.034892336735336
 31
0.0
  0
LINE
  5
41E
330
17
100
AcDbEntity
  8
SLOTS
100
AcDbLine
 10
28.99076831860138
 20
17.891801420995076
 30
0.0
 11
28.376796238359315
 21
17.012190995882538
 31
0.0
  0
ARC
  5
41F
330
17
100
AcDbEntity
  8
SLOTS
100
AcDbCircle
 10
28.88826833100063
 20
17.963346878865206
 30
0.0
 40
0.125
100
AcDbArc
 50
-34.91521617714411
 51
145.08478382285588
  0
ARC
  5
420
330
17
100
AcDbEntity
  8
SLOTS
100
AcDbCircle
 10
28.274296250758567
 20
17.083736453752667
 30
0.0
 40
0.125
100
AcDbArc
 50
145.08478382285588
 51
325.0847838228559
  0
LINE
  5
421
330
17
100
AcDbEntity
  8
SLOTS
100
AcDbLine
 10
27.386192228857492
 20
17.340137758784007
 30
0.0
 11
28.456141699767144
 21
18.87300666152748
 31
0.0
  0
LINE
  5
422
330
17
100
AcDbEntity
  8
SLOTS
100
AcDbLine
 10
28.66114167496864
 20
18.72991574578722
 30
0.0
 11
27.591192204058988
 21
17.197046843043747
 31
0.0
  0
ARC
  5
423
330
17
100
AcDbEntity
  8
SLOTS
100
AcDbCircle
 10
28.558641687367892
 20
18.80146120365735
 30
0.0
 40
0.125
100
AcDbArc
 50
-34.91521617714394
 51
145.08478382285605
  0
ARC
  5
424
330
17
100
AcDbEntity
  8
SLOTS
100
AcDbCircle
 10
27.48869221645824
 20
17.268592300913877
 30
0.0
 40
0.125
100
AcDbArc
 50
145.08478382285605
 51
325.0847838228561
  0
LINE
  5
425
330
17
100
AcDbEntity
  8
SLOTS
100
AcDbLine
 10
26.672297820481468
 20
17.627728789797658
 30
0.0
 11
28.12651505613441
 21
19.71112098631961
 31
0.0
  0
LINE
  5
426
330
17
100
AcDbEntity
  8
SLOTS
100
AcDbLine
 10
28.331515031335904
 20
19.56803007057935
 30
0.0
 11
26.877297795682964
 21
17.484637874057398
 31
0.0
  0
ARC
  5
427
330
17
100
AcDbEntity
  8
SLOTS
100
AcDbCircle
 10
28.229015043735156
 20
19.63957552844948
 30
0.0
 40
0.125
100
AcDbArc
 50
-34.91521617714405
 51
145.08478382285594
  0
ARC
  5
428
330
17
100
AcDbEntity
  8
SLOTS
100
AcDbCircle
 10
26.774797808082216
 20
17.556183331927528
 30
0.0
 40
0.125
100
AcDbArc
 50
145.08478382285594
 51
325.08478382285597
  0
LINE
  5
429
330
17
100
AcDbEntity
  8
SLOTS
100
AcDbLine
 10
25.958403412105444
 20
17.915319820811305
 30
0.0
 11
27.796888412501673
 21
20.549235311111747
 31
0.0
  0
LINE
  5
42A
330
17
100
AcDbEntity
  8
SLOTS
100
AcDbLine
 10
28.00188838770317
 20
20.406144395371488
 30
0.0
 11
26.16340338730694
 21
17.772228905071046
 31
0.0
  0
ARC
  5
42B
330
17
100
AcDbEntity
  8
SLOTS
100
AcDbCircle
 10
27.89938840010242
 20
20.477689853241618
 30
0.0
 40
0.125
100
AcDbArc
 50
-34.91521617714401
 51
145.084783822856
  0
ARC
  5
42C
330
17
100
AcDbEntity
  8
SLOTS
100
AcDbCircle
 10
26.06090339970619
 20
17.843774362941176
 30
0.0
 40
0.125
100
AcDbArc
 50
145.084783822856
 51
325.08478382285597
  0
LINE
  5
42D
330
17
100
AcDbEntity
  8
SLOTS
100
AcDbLine
 10
25.24450900372942
 20
18.202910851824956
 30
0.0
 11
27.467261768868937
 21
21.387349635903885
 31
0.0
  0
LINE
  5
42E
330
17
100
AcDbEntity
  8
SLOTS
100
AcDbLine
 10
27.672261744070433
 20
21.244258720163625
 30
0.0
 11
25.449508978930915
 21
18.059819936084697
 31
0.0
  0
ARC
  5
42F
330
17
100
AcDbEntity
  8
SLOTS
100
AcDbCircle
 10
27.569761756469685
 20
21.315804178033755
 30
0.0
 40
0.125
100
AcDbArc
 50
-34.91521617714401
 51
145.084783822856
  0
ARC
  5
430
330
17
100
AcDbEntity
  8
SLOTS
100
AcDbCircle
 10
25.347008991330167
 20
18.131365393954827
 30
0.0
 40
0.125
100
AcDbArc
 50
145.084783822856
 51
325.08478382285597
  0
LINE
  5
431
330
17
100
AcDbEntity
  8
SLOTS
100
AcDbLine
 10
24.530614595353395
 20
18.490501882838608
 30
0.0
 11
27.023016667343835
 21
22.061255206394527
 31
0.0
  0
LINE
  5
432
330
17
100
AcDbEntity
  8
SLOTS
100
AcDbLine
 10
27.22801664254533
 20
21.918164290654268
 30
0.0
 11
24.73561457055489
 21
18.347410967098348
 31
0.0
  0
ARC
  5
433
330
17
100
AcDbEntity
  8
SLOTS
100
AcDbCircle
 10
27.125516654944583
 20
21.989709748524398
 30
0.0
 40
0.125
100
AcDbArc
 50
-34.915216177144
 51
145.084783822856
  0
ARC
  5
434
330
17
100
AcDbEntity
  8
SLOTS
100
AcDbCircle
 10
24.633114582954143
 20
18.418956424968478
 30
0.0
 40
0.125
100
AcDbArc
 50
145.084783822856
 51
325.084783822856
  0
LINE
  5
435
330
17
100
AcDbEntity
  8
SLOTS
100
AcDbLine
 10
23.81672018697737
 20
18.77809291385226
 30
0.0
 11
25.803156919472357
 21
21.6239722542291
 31
0.0
  0
LINE
  5
436
330
17
100
AcDbEntity
  8
SLOTS
100
AcDbLine
 10
26.008156894673853
 20
21.48088133848884
 30
0.0
 11
24.021720162178866
 21
18.635001998112
 31
0.0
  0
ARC
  5
437
330
17
100
AcDbEntity
  8
SLOTS
100
AcDbCircle
 10
25.905656907073105
 20
21.55242679635897
 30
0.0
 40
0.125
100
AcDbArc
 50
-34.915216177144046
 51
145.08478382285597
  0
ARC
  5
438
330
17
100
AcDbEntity
  8
SLOTS
100
AcDbCircle
 10
23.91922017457812
 20
18.70654745598213
 30
0.0
 40
0.125
100
AcDbArc
 50
145.08478382285597
 51
325.08478382285597
  0
LINE
  5
439
330
17
100
AcDbEntity
  8
SLOTS
100
AcDbLine
 10
23.102825778601346
 20
19.06568394486591
 30
0.0
 11
24.207091284302678
 21
20.647715900657957
 31
0.0
  0
LINE
  5
43A
330
17
100
AcDbEntity
  8
SLOTS
100
AcDbLine
 10
24.412091259504173
 20
20.504624984917697
 30
0.0
 11
23.30782575380284
 21
18.92259302912565
 31
0.0
  0
ARC
  5
43B
330
17
100
AcDbEntity
  8
SLOTS
100
AcDbCircle
 10
24.309591271903425
 20
20.576170442787827
 30
0.0
 40
0.125
100
AcDbArc
 50
-34.915216177144
 51
145.084783822856
  0
ARC
  5
43C
330
17
100
AcDbEntity
  8
SLOTS
100
AcDbCircle
 10
23.205325766202094
 20
18.99413848699578
 30
0.0
 40
0.125
100
AcDbArc
 50
145.084783822856
 51
325.084783822856
  0
LINE
  5
43D
330
17
100
AcDbEntity
  8
SLOTS
100
AcDbLine
 10
22.388931370225322
 20
19.35327497587956
 30
0.0
 11
22.56163849579551
 21
19.600704774450964
 31
0.0
  0
LINE
  5
43E
330
17
100
AcDbEntity
  8
SLOTS
100
AcDbLine
 10
22.766638470997005
 20
19.457613858710705
 30
0.0
 11
22.593931345426817
 21
19.2101840601393
 31
0.0
  0
ARC
  5
43F
330
17
100
AcDbEntity
  8
SLOTS
100
AcDbCircle
 10
22.664138483396258
 20
19.529159316580834
 30
0.0
 40
0.125
100
AcDbArc
 50
-34.91521617714382
 51
145.0847838228562
  0
ARC
  5
440
330
17
100
AcDbEntity
  8
SLOTS
100
AcDbCircle
 10
22.49143135782607
 20
19.28172951800943
 30
0.0
 40
0.125
100
AcDbArc
 50
145.0847838228562
 51
325.0847838228562
  0
LINE
  5
441
330
17
100
AcDbEntity
  8
SLOTS
100
AcDbLine
 10
28.784055980344924
 20
22.625169537352686
 30
0.0
 11
28.14748976303175
 21
21.868648510174015
 31
0.0
  0
LINE
  5
442
330
17
100
AcDbEntity
  8
SLOTS
100
AcDbLine
 10
27.956199172770724
 20
22.02960785310753
 30
0.0
 11
28.592765390083898
 21
22.786128880286203
 31
0.0
  0
ARC
  5
443
330
17
100
AcDbEntity
  8
SLOTS
100
AcDbCircle
 10
28.051844467901237
 20
21.949128181640774
 30
0.0
 40
0.125
100
AcDbArc
 50
-220.07856146567357
 51
-40.07856146567357
  0
ARC
  5
444
330
17
100
AcDbEntity
  8
SLOTS
100
AcDbCircle
 10
28.68841068521441
 20
22.705649208819445
 30
0.0
 40
0.125
100
AcDbArc
 50
-40.07856146567357
 51
139.92143853432643
  0
LINE
  5
445
330
17
100
AcDbEntity
  8
SLOTS
100
AcDbLine
 10
29.92888990340791
 20
22.82084601266343
 30
0.0
 11
28.7957707832098
 21
21.47420144150434
 31
0.0
  0
LINE
  5
446
330
17
100
AcDbEntity
  8
SLOTS
100
AcDbLine
 10
28.604480192948774
 20
21.635160784437858
 30
0.0
 11
29.737599313146884
 21
22.981805355596947
 31
0.0
  0
ARC
  5
447
330
17
100
AcDbEntity
  8
SLOTS
100
AcDbCircle
 10
28.700125488079287
 20
21.5546811129711
 30
0.0
 40
0.125
100
AcDbArc
 50
-220.07856146567366
 51
-40.07856146567366
  0
ARC
  5
448
330
17
100
AcDbEntity
  8
SLOTS
100
AcDbCircle
 10
29.833244608277397
 20
22.90132568413019
 30
0.0
 40
0.125
100
AcDbArc
 50
-40.07856146567366
 51
139.92143853432634
  0
LINE
  5
449
330
17
100
AcDbEntity
  8
SLOTS
100
AcDbLine
 10
31.073723826470886
 20
23.016522487974175
 30
0.0
 11
29.510755909042402
 21
21.159028228647834
 31
0.0
  0
LINE
  5
44A
330
17
100
AcDbEntity
  8
SLOTS
100
AcDbLine
 10
29.319465318781376
 20
21.31998757158135
 30
0.0
 11
30.88243323620986
 21
23.17748183090769
 31
0.0
  0
ARC
  5
44B
330
17
100
AcDbEntity
  8
SLOTS
100
AcDbCircle
 10
29.41511061391189
 20
21.239507900114592
 30
0.0
 40
0.125
100
AcDbArc
 50
-220.07856146567357
 51
-40.07856146567357
  0
ARC
  5
44C
330
17
100
AcDbEntity
  8
SLOTS
100
AcDbCircle
 10
30.978078531340373
 20
23.097002159440933
 30
0.0
 40
0.125
100
AcDbArc
 50
-40.07856146567357
 51
139.92143853432643
  0
LINE
  5
44D
330
17
100
AcDbEntity
  8
SLOTS
100
AcDbLine
 10
32.218557749533865
 20
23.21219896328492
 30
0.0
 11
30.225741034875007
 21
20.843855015791327
 31
0.0
  0
LINE
  5
44E
330
17
100
AcDbEntity
  8
SLOTS
100
AcDbLine
 10
30.03445044461398
 20
21.004814358724843
 30
0.0
 11
32.027267159272846
 21
23.373158306218436
 31
0.0
  0
ARC
  5
44F
330
17
100
AcDbEntity
  8
SLOTS
100
AcDbCircle
 10
30.130095739744494
 20
20.924334687258085
 30
0.0
 40
0.125
100
AcDbArc
 50
-220.07856146567357
 51
-40.07856146567357
  0
ARC
  5
450
330
17
100
AcDbEntity
  8
SLOTS
100
AcDbCircle
 10
32.122912454403355
 20
23.292678634751677
 30
0.0
 40
0.125
100
AcDbArc
 50
-40.07856146567357
 51
139.92143853432643
  0
LINE
  5
451
330
17
100
AcDbEntity
  8
SLOTS
100
AcDbLine
 10
33.36339167259685
 20
23.407875438595664
 30
0.0
 11
30.940726160707612
 21
20.52868180293482
 31
0.0
  0
LINE
  5
452
330
17
100
AcDbEntity
  8
SLOTS
100
AcDbLine
 10
30.749435570446586
 20
20.689641145868336
 30
0.0
 11
33.17210108233583
 21
23.56883478152918
 31
0.0
  0
ARC
  5
453
330
17
100
AcDbEntity
  8
SLOTS
100
AcDbCircle
 10
30.8450808655771
 20
20.609161474401578
 30
0.0
 40
0.125
100
AcDbArc
 50
-220.07856146567357
 51
-40.07856146567357
  0
ARC
  5
454
330
17
100
AcDbEntity
  8
SLOTS
100
AcDbCircle
 10
33.26774637746634
 20
23.48835511006242
 30
0.0
 40
0.125
100
AcDbArc
 50
-40.07856146567357
 51
139.92143853432643
  0
LINE
  5
455
330
17
100
AcDbEntity
  8
SLOTS
100
AcDbLine
 10
34.164137941678064
 20
23.194624235449798
 30
0.0
 11
31.65571128654021
 21
20.213508590078316
 31
0.0
  0
LINE
  5
456
330
17
100
AcDbEntity
  8
SLOTS
100
AcDbLine
 10
31.464420696279184
 20
20.374467933011832
 30
0.0
 11
33.972847351417045
 21
23.355583578383314
 31
0.0
  0
ARC
  5
457
330
17
100
AcDbEntity
  8
SLOTS
100
AcDbCircle
 10
31.560065991409697
 20
20.293988261545074
 30
0.0
 40
0.125
100
AcDbArc
 50
-220.07856146567363
 51
-40.07856146567363
  0
ARC
  5
458
330
17
100
AcDbEntity
  8
SLOTS
100
AcDbCircle
 10
34.068492646547554
 20
23.275103906916556
 30
0.0
 40
0.125
100
AcDbArc
 50
-40.07856146567363
 51
139.92143853432637
  0
LINE
  5
459
330
17
100
AcDbEntity
  8
SLOTS
100
AcDbLine
 10
28.830401434415247
 20
20.579082605244388
 30
0.0
 11
28.683223426903055
 21
20.525374072550743
 31
0.0
  0
LINE
  5
45A
330
17
100
AcDbEntity
  8
SLOTS
100
AcDbLine
 10
28.597520989063234
 20
20.76022528533942
 30
0.0
 11
28.744698996575426
 21
20.813933818033064
 31
0.0
  0
ARC
  5
45B
330
17
100
AcDbEntity
  8
SLOTS
100
AcDbCircle
 10
28.640372207983145
 20
20.64279967894508
 30
0.0
 40
0.125
100
AcDbArc
 50
-249.9518479421011
 51
-69.9518479421011
  0
ARC
  5
45C
330
17
100
AcDbEntity
  8
SLOTS
100
AcDbCircle
 10
28.787550215495337
 20
20.696508211638726
 30
0.0
 40
0.125
100
AcDbArc
 50
-69.9518479421011
 51
110.0481520578989
  0
LINE
  5
45D
330
17
100
AcDbEntity
  8
SLOTS
100
AcDbLine
 10
29.821272711997917
 20
20.14229577877819
 30
0.0
 11
28.957812257699427
 21
19.827199829164115
 31
0.0
  0
LINE
  5
45E
330
17
100
AcDbEntity
  8
SLOTS
100
AcDbLine
 10
28.8721098198596
 20
20.06205104195279
 30
0.0
 11
29.73557027415809
 21
20.377146991566867
 31
0.0
  0
ARC
  5
45F
330
17
100
AcDbEntity
  8
SLOTS
100
AcDbCircle
 10
28.914961038779513
 20
19.944625435558454
 30
0.0
 40
0.125
100
AcDbArc
 50
-249.95184794210016
 51
-69.95184794210016
  0
ARC
  5
460
330
17
100
AcDbEntity
  8
SLOTS
100
AcDbCircle
 10
29.778421493078003
 20
20.25972138517253
 30
0.0
 40
0.125
100
AcDbArc
 50
-69.95184794210016
 51
110.04815205789984
  0
LINE
  5
461
330
17
100
AcDbEntity
  8
SLOTS
100
AcDbLine
 10
30.812143989580576
 20
19.70550895231199
 30
0.0
 11
29.232401088495795
 21
19.129025585777487
 31
0.0
  0
LINE
  5
462
330
17
100
AcDbEntity
  8
SLOTS
100
AcDbLine
 10
29.146698650655967
 20
19.363876798566164
 30
0.0
 11
30.72644155174075
 21
19.940360165100667
 31
0.0
  0
ARC
  5
463
330
17
100
AcDbEntity
  8
SLOTS
100
AcDbCircle
 10
29.18954986957588
 20
19.246451192171826
 30
0.0
 40
0.125
100
AcDbArc
 50
-249.95184794210013
 51
-69.95184794210013
  0
ARC
  5
464
330
17
100
AcDbEntity
  8
SLOTS
100
AcDbCircle
 10
30.769292770660662
 20
19.82293455870633
 30
0.0
 40
0.125
100
AcDbArc
 50
-69.95184794210013
 51
110.04815205789987
  0
LINE
  5
465
330
17
100
AcDbEntity
  8
SLOTS
100
AcDbLine
 10
30.531017032156765
 20
18.804541641642356
 30
0.0
 11
29.50698991929216
 21
18.430851342390863
 31
0.0
  0
LINE
  5
466
330
17
100
AcDbEntity
  8
SLOTS
100
AcDbLine
 10
29.42128748145233
 20
18.66570255517954
 30
0.0
 11
30.445314594316937
 21
19.039392854431032
 31
0.0
  0
ARC
  5
467
330
17
100
AcDbEntity
  8
SLOTS
100
AcDbCircle
 10
29.464138700372246
 20
18.5482769487852
 30
0.0
 40
0.125
100
AcDbArc
 50
-249.9518479421002
 51
-69.95184794210019
  0
ARC
  5
468
330
17
100
AcDbEntity
  8
SLOTS
100
AcDbCircle
 10
30.48816581323685
 20
18.921967248036694
 30
0.0
 40
0.125
100
AcDbArc
 50
-69.95184794210019
 51
110.04815205789981
  0
LINE
  5
469
330
17
100
AcDbEntity
  8
SLOTS
100
AcDbLine
 10
3.7663401047807916
 20
17.92557125367508
 30
0.0
 11
3.363390287895178
 21
18.10628916914098
 31
0.0
  0
LINE
  5
46A
330
17
100
AcDbEntity
  8
SLOTS
100
AcDbLine
 10
3.465694441845936
 20
18.334398485225222
 30
0.0
 11
3.8686442587315497
 21
18.153680569759324
 31
0.0
  0
ARC
  5
46B
330
17
100
AcDbEntity
  8
SLOTS
100
AcDbCircle
 10
3.414542364870557
 20
18.2203438271831
 30
0.0
 40
0.125
100
AcDbArc
 50
65.84436667280548
 51
245.84436667280548
  0
ARC
  5
46C
330
17
100
AcDbEntity
  8
SLOTS
100
AcDbCircle
 10
3.8174921817561707
 20
18.039625911717202
 30
0.0
 40
0.125
100
AcDbArc
 50
245.84436667280548
 51
425.84436667280545
  0
LINE
  5
46D
330
17
100
AcDbEntity
  8
SLOTS
100
AcDbLine
 10
3.755620994631502
 20
17.10840431939593
 30
0.0
 11
2.557505908382305
 21
17.645743838616177
 31
0.0
  0
LINE
  5
46E
330
17
100
AcDbEntity
  8
SLOTS
100
AcDbLine
 10
2.659810062333064
 20
17.873853154700413
 30
0.0
 11
3.857925148582261
 21
17.336513635480166
 31
0.0
  0
ARC
  5
46F
330
17
100
AcDbEntity
  8
SLOTS
100
AcDbCircle
 10
2.6086579853576843
 20
17.759798496658295
 30
0.0
 40
0.125
100
AcDbArc
 50
65.84436667280522
 51
245.84436667280522
  0
ARC
  5
470
330
17
100
AcDbEntity
  8
SLOTS
100
AcDbCircle
 10
3.8067730716068815
 20
17.22245897743805
 30
0.0
 40
0.125
100
AcDbArc
 50
245.84436667280522
 51
425.8443666728052
  0
LINE
  5
471
330
17
100
AcDbEntity
  8
SLOTS
100
AcDbLine
 10
3.1406847219448917
 20
16.562221169019235
 30
0.0
 11
1.7516215288694328
 21
17.18519850809137
 31
0.0
  0
LINE
  5
472
330
17
100
AcDbEntity
  8
SLOTS
100
AcDbLine
 10
1.8539256828201918
 20
17.413307824175607
 30
0.0
 11
3.2429888758956507
 21
16.79033048510347
 31
0.0
  0
ARC
  5
473
330
17
100
AcDbEntity
  8
SLOTS
100
AcDbCircle
 10
1.8027736058448123
 20
17.29925316613349
 30
0.0
 40
0.125
100
AcDbArc
 50
65.84436667280522
 51
245.84436667280522
  0
ARC
  5
474
330
17
100
AcDbEntity
  8
SLOTS
100
AcDbCircle
 10
3.191836798920271
 20
16.676275827061353
 30
0.0
 40
0.125
100
AcDbArc
 50
245.84436667280522
 51
425.8443666728052
  0
LINE
  5
475
330
17
100
AcDbEntity
  8
SLOTS
100
AcDbLine
 10
2.525748449258281
 20
16.01603801864254
 30
0.0
 11
1.0738479230246207
 21
16.667197109848367
 31
0.0
  0
LINE
  5
476
330
17
100
AcDbEntity
  8
SLOTS
100
AcDbLine
 10
1.1761520769753793
 20
16.895306425932603
 30
0.0
 11
2.62805260320904
 21
16.244147334726776
 31
0.0
  0
ARC
  5
477
330
17
100
AcDbEntity
  8
SLOTS
100
AcDbCircle
 10
1.125
 20
16.781251767890485
 30
0.0
 40
0.125
100
AcDbArc
 50
65.84436667280525
 51
245.84436667280525
  0
ARC
  5
478
330
17
100
AcDbEntity
  8
SLOTS
100
AcDbCircle
 10
2.5769005262336604
 20
16.130092676684658
 30
0.0
 40
0.125
100
AcDbArc
 50
245.84436667280525
 51
425.8443666728052
  0
LINE
  5
479
330
17
100
AcDbEntity
  8
SLOTS
100
AcDbLine
 10
4.282725631989132
 20
14.774057118981593
 30
0.0
 11
5.0074831495818195
 21
15.993803757262562
 31
0.0
  0
LINE
  5
47A
330
17
100
AcDbEntity
  8
SLOTS
100
AcDbLine
 10
5.222405600025331
 20
15.866099644974206
 30
0.0
 11
4.497648082432642
 21
14.646353006693237
 31
0.0
  0
ARC
  5
47B
330
17
100
AcDbEntity
  8
SLOTS
100
AcDbCircle
 10
5.114944374803575
 20
15.929951701118384
 30
0.0
 40
0.125
100
AcDbArc
 50
-30.71822832465854
 51
149.28177167534147
  0
ARC
  5
47C
330
17
100
AcDbEntity
  8
SLOTS
100
AcDbCircle
 10
4.390186857210887
 20
14.710205062837415
 30
0.0
 40
0.125
100
AcDbArc
 50
149.28177167534147
 51
329.2817716753415
  0
LINE
  5
47D
330
17
100
AcDbEntity
  8
SLOTS
100
AcDbLine
 10
3.143351748869643
 20
14.324760491776502
 30
0.0
 11
4.461302298072699
 21
16.542834416901936
 31
0.0
  0
LINE
  5
47E
330
17
100
AcDbEntity
  8
SLOTS
100
AcDbLine
 10
4.6762247485162085
 20
16.41513030461358
 30
0.0
 11
3.3582741993131537
 21
14.197056379488146
 31
0.0
  0
ARC
  5
47F
330
17
100
AcDbEntity
  8
SLOTS
100
AcDbCircle
 10
4.568763523294454
 20
16.478982360757758
 30
0.0
 40
0.125
100
AcDbArc
 50
-30.718228324658597
 51
149.28177167534142
  0
ARC
  5
480
330
17
100
AcDbEntity
  8
SLOTS
100
AcDbCircle
 10
3.2508129740913985
 20
14.260908435632324
 30
0.0
 40
0.125
100
AcDbArc
 50
149.28177167534142
 51
329.2817716753414
  0
LINE
  5
481
330
17
100
AcDbEntity
  8
SLOTS
100
AcDbLine
 10
2.522287115363615
 20
14.747763840025057
 30
0.0
 11
3.138811549220438
 21
15.785357224516943
 31
0.0
  0
LINE
  5
482
330
17
100
AcDbEntity
  8
SLOTS
100
AcDbLine
 10
3.3537339996639486
 20
15.657653112228587
 30
0.0
 11
2.7372095658071256
 21
14.6200597277367
 31
0.0
  0
ARC
  5
483
330
17
100
AcDbEntity
  8
SLOTS
100
AcDbCircle
 10
3.2462727744421933
 20
15.721505168372765
 30
0.0
 40
0.125
100
AcDbArc
 50
-30.718228324658604
 51
149.2817716753414
  0
ARC
  5
484
330
17
100
AcDbEntity
  8
SLOTS
100
AcDbCircle
 10
2.6297483405853703
 20
14.683911783880879
 30
0.0
 40
0.125
100
AcDbArc
 50
149.2817716753414
 51
329.2817716753414
  0
LINE
  5
485
330
17
100
AcDbEntity
  8
SLOTS
100
AcDbLine
 10
4.747736670516722
 20
17.60380974034211
 30
0.0
 11
8.172663417658583
 21
15.961413051271235
 31
0.0
  0
LINE
  5
486
330
17
100
AcDbEntity
  8
SLOTS
100
AcDbLine
 10
8.064564543247677
 20
15.735992037718605
 30
0.0
 11
4.6396377961058155
 21
17.378388726789478
 31
0.0
  0
ARC
  5
487
330
17
100
AcDbEntity
  8
SLOTS
100
AcDbCircle
 10
8.11861398045313
 20
15.84870254449492
 30
0.0
 40
0.125
100
AcDbArc
 50
-115.61968077405153
 51
64.38031922594847
  0
ARC
  5
488
330
17
100
AcDbEntity
  8
SLOTS
100
AcDbCircle
 10
4.693687233311269
 20
17.491099233565794
 30
0.0
 40
0.125
100
AcDbArc
 50
64.38031922594847
 51
244.38031922594848
  0
LINE
  5
489
330
17
100
AcDbEntity
  8
SLOTS
100
AcDbLine
 10
4.923841846668179
 20
18.351136824118004
 30
0.0
 11
8.731303126504148
 21
16.525298708022046
 31
0.0
  0
LINE
  5
48A
330
17
100
AcDbEntity
  8
SLOTS
100
AcDbLine
 10
8.623204252093242
 20
16.299877694469412
 30
0.0
 11
4.815742972257272
 21
18.12571581056537
 31
0.0
  0
ARC
  5
48B
330
17
100
AcDbEntity
  8
SLOTS
100
AcDbCircle
 10
8.677253689298695
 20
16.41258820124573
 30
0.0
 40
0.125
100
AcDbArc
 50
-115.61968077405155
 51
64.38031922594845
  0
ARC
  5
48C
330
17
100
AcDbEntity
  8
SLOTS
100
AcDbCircle
 10
4.869792409462725
 20
18.238426317341688
 30
0.0
 40
0.125
100
AcDbArc
 50
64.38031922594845
 51
244.38031922594845
  0
LINE
  5
48D
330
17
100
AcDbEntity
  8
SLOTS
100
AcDbLine
 10
5.669080895676222
 20
18.825540234651015
 30
0.0
 11
7.9284067868648265
 21
17.742098270142755
 31
0.0
  0
LINE
  5
48E
330
17
100
AcDbEntity
  8
SLOTS
100
AcDbLine
 10
7.82030791245392
 20
17.51667725659012
 30
0.0
 11
5.560982021265316
 21
18.60011922109838
 31
0.0
  0
ARC
  5
48F
330
17
100
AcDbEntity
  8
SLOTS
100
AcDbCircle
 10
7.874357349659373
 20
17.629387763366438
 30
0.0
 40
0.125
100
AcDbArc
 50
-115.61968077405152
 51
64.38031922594848
  0
ARC
  5
490
330
17
100
AcDbEntity
  8
SLOTS
100
AcDbCircle
 10
5.615031458470769
 20
18.7128297278747
 30
0.0
 40
0.125
100
AcDbArc
 50
64.38031922594848
 51
244.38031922594848
  0
LINE
  5
491
330
17
100
AcDbEntity
  8
SLOTS
100
AcDbLine
 10
6.4143199446842685
 20
19.29994364518403
 30
0.0
 11
7.1255104472255
 21
18.958897832263467
 31
0.0
  0
LINE
  5
492
330
17
100
AcDbEntity
  8
SLOTS
100
AcDbLine
 10
7.017411572814594
 20
18.733476818710834
 30
0.0
 11
6.306221070273362
 21
19.074522631631396
 31
0.0
  0
ARC
  5
493
330
17
100
AcDbEntity
  8
SLOTS
100
AcDbCircle
 10
7.071461010020047
 20
18.84618732548715
 30
0.0
 40
0.125
100
AcDbArc
 50
-115.61968077405157
 51
64.38031922594843
  0
ARC
  5
494
330
17
100
AcDbEntity
  8
SLOTS
100
AcDbCircle
 10
6.360270507478815
 20
19.187233138407713
 30
0.0
 40
0.125
100
AcDbArc
 50
64.38031922594843
 51
244.38031922594843
  0
LINE
  5
495
330
17
100
AcDbEntity
  8
SLOTS
100
AcDbLine
 10
1.2197078681874545
 20
15.182310021402916
 30
0.0
 11
1.4997863125942905
 21
14.857164315631515
 31
0.0
  0
LINE
  5
496
330
17
100
AcDbEntity
  8
SLOTS
100
AcDbLine
 10
1.3103705762193816
 20
14.694002804197137
 30
0.0
 11
1.0302921318125455
 21
15.019148509968538
 31
0.0
  0
ARC
  5
497
330
17
100
AcDbEntity
  8
SLOTS
100
AcDbCircle
 10
1.405078444406836
 20
14.775583559914326
 30
0.0
 40
0.125
100
AcDbArc
 50
-139.25859925469405
 51
40.741400745305945
  0
ARC
  5
498
330
17
100
AcDbEntity
  8
SLOTS
100
AcDbCircle
 10
1.125
 20
15.100729265685727
 30
0.0
 40
0.125
100
AcDbArc
 50
40.741400745305945
 51
220.74140074530595
  0
LINE
  5
499
330
17
100
AcDbEntity
  8
SLOTS
100
AcDbLine
 10
6.219890077328039
 20
15.431183694413
 30
0.0
 11
5.852655972936101
 21
14.507002109038739
 31
0.0
  0
LINE
  5
49A
330
17
100
AcDbEntity
  8
SLOTS
100
AcDbLine
 10
5.620326014948788
 20
14.599321070371792
 30
0.0
 11
5.987560119340726
 21
15.523502655746054
 31
0.0
  0
ARC
  5
49B
330
17
100
AcDbEntity
  8
SLOTS
100
AcDbCircle
 10
5.736490993942445
 20
14.553161589705265
 30
0.0
 40
0.125
100
AcDbArc
 50
-201.67096372643311
 51
-21.6709637264331
  0
ARC
  5
49C
330
17
100
AcDbEntity
  8
SLOTS
100
AcDbCircle
 10
6.103725098334382
 20
15.477343175079527
 30
0.0
 40
0.125
100
AcDbArc
 50
-21.6709637264331
 51
158.32903627356689
  0
LINE
  5
49D
330
17
100
AcDbEntity
  8
SLOTS
100
AcDbLine
 10
6.9689150613530275
 20
15.2851784021589
 30
0.0
 11
6.0772172074847575
 21
13.041131004580386
 31
0.0
  0
LINE
  5
49E
330
17
100
AcDbEntity
  8
SLOTS
100
AcDbLine
 10
5.844887249497445
 20
13.133449965913439
 30
0.0
 11
6.736585103365715
 21
15.377497363491953
 31
0.0
  0
ARC
  5
49F
330
17
100
AcDbEntity
  8
SLOTS
100
AcDbCircle
 10
5.961052228491101
 20
13.087290485246912
 30
0.0
 40
0.125
100
AcDbArc
 50
-201.67096372643311
 51
-21.670963726433115
  0
ARC
  5
4A0
330
17
100
AcDbEntity
  8
SLOTS
100
AcDbCircle
 10
6.852750082359371
 20
15.331337882825427
 30
0.0
 40
0.125
100
AcDbArc
 50
-21.670963726433115
 51
158.32903627356689
  0
LINE
  5
4A1
330
17
100
AcDbEntity
  8
SLOTS
100
AcDbLine
 10
7.7179400453780165
 20
15.1391731099048
 30
0.0
 11
6.301778442033414
 21
11.57525990012203
 31
0.0
  0
LINE
  5
4A2
330
17
100
AcDbEntity
  8
SLOTS
100
AcDbLine
 10
6.069448484046101
 20
11.667578861455082
 30
0.0
 11
7.485610087390704
 21
15.231492071237852
 31
0.0
  0
ARC
  5
4A3
330
17
100
AcDbEntity
  8
SLOTS
100
AcDbCircle
 10
6.185613463039758
 20
11.621419380788556
 30
0.0
 40
0.125
100
AcDbArc
 50
-201.67096372643311
 51
-21.6709637264331
  0
ARC
  5
4A4
330
17
100
AcDbEntity
  8
SLOTS
100
AcDbCircle
 10
7.60177506638436
 20
15.185332590571326
 30
0.0
 40
0.125
100
AcDbArc
 50
-21.6709637264331
 51
158.32903627356689
  0
LINE
  5
4A5
330
17
100
AcDbEntity
  8
SLOTS
100
AcDbLine
 10
8.466965029403003
 20
14.993167817650699
 30
0.0
 11
6.909161452053636
 21
11.072798324190217
 31
0.0
  0
LINE
  5
4A6
330
17
100
AcDbEntity
  8
SLOTS
100
AcDbLine
 10
6.676831494066324
 20
11.16511728552327
 30
0.0
 11
8.234635071415692
 21
15.085486778983752
 31
0.0
  0
ARC
  5
4A7
330
17
100
AcDbEntity
  8
SLOTS
100
AcDbCircle
 10
6.79299647305998
 20
11.118957804856743
 30
0.0
 40
0.125
100
AcDbArc
 50
-201.67096372643311
 51
-21.6709637264331
  0
ARC
  5
4A8
330
17
100
AcDbEntity
  8
SLOTS
100
AcDbCircle
 10
8.350800050409347
 20
15.039327298317225
 30
0.0
 40
0.125
100
AcDbArc
 50
-21.6709637264331
 51
158.32903627356689
  0
LINE
  5
4A9
330
17
100
AcDbEntity
  8
SLOTS
100
AcDbLine
 10
9.21599001342799
 20
14.847162525396598
 30
0.0
 11
7.837903666352918
 21
11.379069530244953
 31
0.0
  0
LINE
  5
4AA
330
17
100
AcDbEntity
  8
SLOTS
100
AcDbLine
 10
7.605573708365605
 20
11.471388491578006
 30
0.0
 11
8.98366005544068
 21
14.939481486729651
 31
0.0
  0
ARC
  5
4AB
330
17
100
AcDbEntity
  8
SLOTS
100
AcDbCircle
 10
7.721738687359261
 20
11.42522901091148
 30
0.0
 40
0.125
100
AcDbArc
 50
-201.67096372643311
 51
-21.6709637264331
  0
ARC
  5
4AC
330
17
100
AcDbEntity
  8
SLOTS
100
AcDbCircle
 10
9.099825034434335
 20
14.893322006063125
 30
0.0
 40
0.125
100
AcDbArc
 50
-21.6709637264331
 51
158.32903627356689
  0
LINE
  5
4AD
330
17
100
AcDbEntity
  8
SLOTS
100
AcDbLine
 10
9.96501499745298
 20
14.701157233142498
 30
0.0
 11
9.070794459959915
 21
12.450761248317107
 31
0.0
  0
LINE
  5
4AE
330
17
100
AcDbEntity
  8
SLOTS
100
AcDbLine
 10
8.838464501972604
 20
12.54308020965016
 30
0.0
 11
9.73268503946567
 21
14.79347619447555
 31
0.0
  0
ARC
  5
4AF
330
17
100
AcDbEntity
  8
SLOTS
100
AcDbCircle
 10
8.95462948096626
 20
12.496920728983634
 30
0.0
 40
0.125
100
AcDbArc
 50
-201.67096372643311
 51
-21.670963726433115
  0
ARC
  5
4B0
330
17
100
AcDbEntity
  8
SLOTS
100
AcDbCircle
 10
9.848850018459325
 20
14.747316713809024
 30
0.0
 40
0.125
100
AcDbArc
 50
-21.670963726433115
 51
158.32903627356689
  0
LINE
  5
4B1
330
17
100
AcDbEntity
  8
SLOTS
100
AcDbLine
 10
10.645537336419183
 20
14.382758139888935
 30
0.0
 11
10.303685253566915
 21
13.522452966389261
 31
0.0
  0
LINE
  5
4B2
330
17
100
AcDbEntity
  8
SLOTS
100
AcDbLine
 10
10.071355295579604
 20
13.614771927722314
 30
0.0
 11
10.413207378431872
 21
14.475077101221988
 31
0.0
  0
ARC
  5
4B3
330
17
100
AcDbEntity
  8
SLOTS
100
AcDbCircle
 10
10.18752027457326
 20
13.568612447055788
 30
0.0
 40
0.125
100
AcDbArc
 50
-201.6709637264331
 51
-21.670963726433087
  0
ARC
  5
4B4
330
17
100
AcDbEntity
  8
SLOTS
100
AcDbCircle
 10
10.529372357425528
 20
14.428917620555461
 30
0.0
 40
0.125
100
AcDbArc
 50
-21.670963726433087
 51
158.3290362735669
  0
LINE
  5
4B5
330
17
100
AcDbEntity
  8
SLOTS
100
AcDbLine
 10
28.421158018759765
 20
6.568231705330411
 30
0.0
 11
28.161709401518795
 21
6.951149456055452
 31
0.0
  0
LINE
  5
4B6
330
17
100
AcDbEntity
  8
SLOTS
100
AcDbLine
 10
28.36867584151172
 20
7.091381024244123
 30
0.0
 11
28.62812445875269
 21
6.708463273519082
 31
0.0
  0
ARC
  5
4B7
330
17
100
AcDbEntity
  8
SLOTS
100
AcDbCircle
 10
28.265192621515258
 20
7.021265240149788
 30
0.0
 40
0.125
100
AcDbArc
 50
34.11987990624036
 51
214.11987990624036
  0
ARC
  5
4B8
330
17
100
AcDbEntity
  8
SLOTS
100
AcDbCircle
 10
28.524641238756228
 20
6.6383474894247465
 30
0.0
 40
0.125
100
AcDbArc
 50
214.11987990624036
 51
394.1198799062404
  0
LINE
  5
4B9
330
17
100
AcDbEntity
  8
SLOTS
100
AcDbLine
 10
28.216057177399964
 20
5.533863974171241
 30
0.0
 11
26.539188693796582
 21
8.008738247279224
 31
0.0
  0
LINE
  5
4BA
330
17
100
AcDbEntity
  8
SLOTS
100
AcDbLine
 10
26.746155133789507
 20
8.148969815467895
 30
0.0
 11
28.42302361739289
 21
5.674095542359912
 31
0.0
  0
ARC
  5
4BB
330
17
100
AcDbEntity
  8
SLOTS
100
AcDbCircle
 10
26.642671913793045
 20
8.07885403137356
 30
0.0
 40
0.125
100
AcDbArc
 50
34.11987990624036
 51
214.11987990624036
  0
ARC
  5
4BC
330
17
100
AcDbEntity
  8
SLOTS
100
AcDbCircle
 10
28.319540397396427
 20
5.603979758265576
 30
0.0
 40
0.125
100
AcDbArc
 50
214.11987990624036
 51
394.1198799062404
  0
LINE
  5
4BD
330
17
100
AcDbEntity
  8
SLOTS
100
AcDbLine
 10
28.010956336040163
 20
4.4994962430120795
 30
0.0
 11
25.798348649150384
 21
7.7650629194143885
 31
0.0
  0
LINE
  5
4BE
330
17
100
AcDbEntity
  8
SLOTS
100
AcDbLine
 10
26.00531508914331
 20
7.90529448760306
 30
0.0
 11
28.217922776033088
 21
4.639727811200751
 31
0.0
  0
ARC
  5
4BF
330
17
100
AcDbEntity
  8
SLOTS
100
AcDbCircle
 10
25.901831869146847
 20
7.835178703508724
 30
0.0
 40
0.125
100
AcDbArc
 50
34.11987990624036
 51
214.11987990624036
  0
ARC
  5
4C0
330
17
100
AcDbEntity
  8
SLOTS
100
AcDbCircle
 10
28.114439556036626
 20
4.569612027106415
 30
0.0
 40
0.125
100
AcDbArc
 50
214.11987990624036
 51
394.1198799062404
  0
LINE
  5
4C1
330
17
100
AcDbEntity
  8
SLOTS
100
AcDbLine
 10
27.80585549468036
 20
3.465128511852913
 30
0.0
 11
25.541655450333653
 21
6.806839858757207
 31
0.0
  0
LINE
  5
4C2
330
17
100
AcDbEntity
  8
SLOTS
100
AcDbLine
 10
25.74862189032658
 20
6.947071426945878
 30
0.0
 11
28.012821934673287
 21
3.605360080041584
 31
0.0
  0
ARC
  5
4C3
330
17
100
AcDbEntity
  8
SLOTS
100
AcDbCircle
 10
25.645138670330116
 20
6.876955642851542
 30
0.0
 40
0.125
100
AcDbArc
 50
34.11987990624037
 51
214.11987990624039
  0
ARC
  5
4C4
330
17
100
AcDbEntity
  8
SLOTS
100
AcDbCircle
 10
27.909338714676824
 20
3.5352442959472485
 30
0.0
 40
0.125
100
AcDbArc
 50
214.11987990624039
 51
394.1198799062404
  0
LINE
  5
4C5
330
17
100
AcDbEntity
  8
SLOTS
100
AcDbLine
 10
27.60075465332056
 20
2.430760780693746
 30
0.0
 11
25.284962251516927
 21
5.848616798100024
 31
0.0
  0
LINE
  5
4C6
330
17
100
AcDbEntity
  8
SLOTS
100
AcDbLine
 10
25.49192869150985
 20
5.988848366288695
 30
0.0
 11
27.807721093313486
 21
2.570992348882417
 31
0.0
  0
ARC
  5
4C7
330
17
100
AcDbEntity
  8
SLOTS
100
AcDbCircle
 10
25.38844547151339
 20
5.91873258219436
 30
0.0
 40
0.125
100
AcDbArc
 50
34.11987990624036
 51
214.11987990624036
  0
ARC
  5
4C8
330
17
100
AcDbEntity
  8
SLOTS
100
AcDbCircle
 10
27.704237873317023
 20
2.5008765647880815
 30
0.0
 40
0.125
100
AcDbArc
 50
214.11987990624036
 51
394.1198799062404
  0
LINE
  5
4C9
330
17
100
AcDbEntity
  8
SLOTS
100
AcDbLine
 10
27.39565381196076
 20
1.3963930495345795
 30
0.0
 11
25.028269052700196
 21
4.8903937374428414
 31
0.0
  0
LINE
  5
4CA
330
17
100
AcDbEntity
  8
SLOTS
100
AcDbLine
 10
25.23523549269312
 20
5.030625305631513
 30
0.0
 11
27.602620251953685
 21
1.5366246177232508
 31
0.0
  0
ARC
  5
4CB
330
17
100
AcDbEntity
  8
SLOTS
100
AcDbCircle
 10
25.13175227269666
 20
4.960509521537177
 30
0.0
 40
0.125
100
AcDbArc
 50
34.11987990624037
 51
214.11987990624039
  0
ARC
  5
4CC
330
17
100
AcDbEntity
  8
SLOTS
100
AcDbCircle
 10
27.499137031957222
 20
1.4665088336289152
 30
0.0
 40
0.125
100
AcDbArc
 50
214.11987990624039
 51
394.1198799062404
  0
LINE
  5
4CD
330
17
100
AcDbEntity
  8
SLOTS
100
AcDbLine
 10
26.72110154776419
 20
1.0548842159056644
 30
0.0
 11
24.77157585388347
 21
3.9321706767856597
 31
0.0
  0
LINE
  5
4CE
330
17
100
AcDbEntity
  8
SLOTS
100
AcDbLine
 10
24.978542293876394
 20
4.072402244974331
 30
0.0
 11
26.928067987757114
 21
1.1951157840943356
 31
0.0
  0
ARC
  5
4CF
330
17
100
AcDbEntity
  8
SLOTS
100
AcDbCircle
 10
24.87505907387993
 20
4.002286460879995
 30
0.0
 40
0.125
100
AcDbArc
 50
34.11987990624037
 51
214.11987990624039
  0
ARC
  5
4D0
330
17
100
AcDbEntity
  8
SLOTS
100
AcDbCircle
 10
26.82458476776065
 20
1.125
 30
0.0
 40
0.125
100
AcDbArc
 50
214.11987990624039
 51
394.1198799062404
  0
LINE
  5
4D1
330
17
100
AcDbEntity
  8
SLOTS
100
AcDbLine
 10
25.81515756956943
 20
1.0548842159056644
 30
0.0
 11
24.514882655066742
 21
2.9739476161284806
 31
0.0
  0
LINE
  5
4D2
330
17
100
AcDbEntity
  8
SLOTS
100
AcDbLine
 10
24.721849095059667
 20
3.114179184317152
 30
0.0
 11
26.022124009562354
 21
1.1951157840943356
 31
0.0
  0
ARC
  5
4D3
330
17
100
AcDbEntity
  8
SLOTS
100
AcDbCircle
 10
24.618365875063205
 20
3.044063400222816
 30
0.0
 40
0.125
100
AcDbArc
 50
34.11987990624036
 51
214.11987990624036
  0
ARC
  5
4D4
330
17
100
AcDbEntity
  8
SLOTS
100
AcDbCircle
 10
25.91864078956589
 20
1.125
 30
0.0
 40
0.125
100
AcDbArc
 50
214.11987990624036
 51
394.1198799062404
  0
LINE
  5
4D5
330
17
100
AcDbEntity
  8
SLOTS
100
AcDbLine
 10
24.909213591374666
 20
1.0548842159056644
 30
0.0
 11
24.25818945625001
 21
2.015724555471298
 31
0.0
  0
LINE
  5
4D6
330
17
100
AcDbEntity
  8
SLOTS
100
AcDbLine
 10
24.465155896242937
 20
2.155956123659969
 30
0.0
 11
25.11618003136759
 21
1.1951157840943356
 31
0.0
  0
ARC
  5
4D7
330
17
100
AcDbEntity
  8
SLOTS
100
AcDbCircle
 10
24.361672676246474
 20
2.0858403395656335
 30
0.0
 40
0.125
100
AcDbArc
 50
34.11987990624036
 51
214.11987990624036
  0
ARC
  5
4D8
330
17
100
AcDbEntity
  8
SLOTS
100
AcDbCircle
 10
25.01269681137113
 20
1.125
 30
0.0
 40
0.125
100
AcDbArc
 50
214.11987990624036
 51
394.1198799062404
  0
LINE
  5
4D9
330
17
100
AcDbEntity
  8
SLOTS
100
AcDbLine
 10
33.27949187105178
 20
1.2180601421050414
 30
0.0
 11
33.54510135744288
 21
1.4562561649700914
 31
0.0
  0
LINE
  5
4DA
330
17
100
AcDbEntity
  8
SLOTS
100
AcDbLine
 10
33.712012231281456
 20
1.2701358807600085
 30
0.0
 11
33.44640274489036
 21
1.0319398578949586
 31
0.0
  0
ARC
  5
4DB
330
17
100
AcDbEntity
  8
SLOTS
100
AcDbCircle
 10
33.62855679436217
 20
1.36319602286505
 30
0.0
 40
0.125
100
AcDbArc
 50
-48.11455185376434
 51
131.88544814623566
  0
ARC
  5
4DC
330
17
100
AcDbEntity
  8
SLOTS
100
AcDbCircle
 10
33.36294730797107
 20
1.125
 30
0.0
 40
0.125
100
AcDbArc
 50
131.88544814623566
 51
311.88544814623566
  0
LINE
  5
4DD
330
17
100
AcDbEntity
  8
SLOTS
100
AcDbLine
 10
32.156137857691746
 20
1.2180601421050405
 30
0.0
 11
33.1001131742602
 21
2.064608091669999
 31
0.0
  0
LINE
  5
4DE
330
17
100
AcDbEntity
  8
SLOTS
100
AcDbLine
 10
33.267024048098776
 20
1.8784878074599178
 30
0.0
 11
32.32304873153032
 21
1.0319398578949595
 31
0.0
  0
ARC
  5
4DF
330
17
100
AcDbEntity
  8
SLOTS
100
AcDbCircle
 10
33.18356861117949
 20
1.9715479495649584
 30
0.0
 40
0.125
100
AcDbArc
 50
-48.11455185376377
 51
131.88544814623623
  0
ARC
  5
4E0
330
17
100
AcDbEntity
  8
SLOTS
100
AcDbCircle
 10
32.23959329461103
 20
1.125
 30
0.0
 40
0.125
100
AcDbArc
 50
131.88544814623623
 51
311.88544814623623
  0
LINE
  5
4E1
330
17
100
AcDbEntity
  8
SLOTS
100
AcDbLine
 10
31.032783844331707
 20
1.218060142105041
 30
0.0
 11
31.231130219107932
 21
1.3959352559171707
 31
0.0
  0
LINE
  5
4E2
330
17
100
AcDbEntity
  8
SLOTS
100
AcDbLine
 10
31.398041092946514
 20
1.2098149717070887
 30
0.0
 11
31.19969471817029
 21
1.031939857894959
 31
0.0
  0
ARC
  5
4E3
330
17
100
AcDbEntity
  8
SLOTS
100
AcDbCircle
 10
31.314585656027223
 20
1.3028751138121297
 30
0.0
 40
0.125
100
AcDbArc
 50
-48.11455185376394
 51
131.88544814623606
  0
ARC
  5
4E4
330
17
100
AcDbEntity
  8
SLOTS
100
AcDbCircle
 10
31.116239281250998
 20
1.125
 30
0.0
 40
0.125
100
AcDbArc
 50
131.88544814623606
 51
311.88544814623606
  0
LINE
  5
4E5
330
17
100
AcDbEntity
  8
SLOTS
100
AcDbLine
 10
2.228568157609315
 20
13.936053336932403
 30
0.0
 11
1.722325981288246
 21
13.873753133437756
 31
0.0
  0
LINE
  5
4E6
330
17
100
AcDbEntity
  8
SLOTS
100
AcDbLine
 10
1.6917903318118979
 20
14.121881273943941
 30
0.0
 11
2.1980325081329672
 21
14.184181477438589
 31
0.0
  0
ARC
  5
4E7
330
17
100
AcDbEntity
  8
SLOTS
100
AcDbCircle
 10
1.707058156550072
 20
13.997817203690849
 30
0.0
 40
0.125
100
AcDbArc
 50
-262.9842258272863
 51
-82.98422582728628
  0
ARC
  5
4E8
330
17
100
AcDbEntity
  8
SLOTS
100
AcDbCircle
 10
2.213300332871141
 20
14.060117407185496
 30
0.0
 40
0.125
100
AcDbArc
 50
-82.98422582728628
 51
97.01577417271372
  0
LINE
  5
4E9
330
17
100
AcDbEntity
  8
SLOTS
100
AcDbLine
 10
3.1682566058778314
 20
13.29603724442983
 30
0.0
 11
1.3277160487444837
 21
13.069532902016375
 31
0.0
  0
LINE
  5
4EA
330
17
100
AcDbEntity
  8
SLOTS
100
AcDbLine
 10
1.2971803992681354
 20
13.31766104252256
 30
0.0
 11
3.1377209564014827
 21
13.544165384936015
 31
0.0
  0
ARC
  5
4EB
330
17
100
AcDbEntity
  8
SLOTS
100
AcDbCircle
 10
1.3124482240063096
 20
13.193596972269468
 30
0.0
 40
0.125
100
AcDbArc
 50
-262.9842258272862
 51
-82.98422582728622
  0
ARC
  5
4EC
330
17
100
AcDbEntity
  8
SLOTS
100
AcDbCircle
 10
3.152988781139657
 20
13.420101314682922
 30
0.0
 40
0.125
100
AcDbArc
 50
-82.98422582728622
 51
97.01577417271378
  0
LINE
  5
4ED
330
17
100
AcDbEntity
  8
SLOTS
100
AcDbLine
 10
3.5041830801226124
 20
12.581719768906664
 30
0.0
 11
1.1402678247381741
 21
12.290806825767866
 31
0.0
  0
LINE
  5
4EE
330
17
100
AcDbEntity
  8
SLOTS
100
AcDbLine
 10
1.1097321752618259
 20
12.538934966274052
 30
0.0
 11
3.4736474306462637
 21
12.82984790941285
 31
0.0
  0
ARC
  5
4EF
330
17
100
AcDbEntity
  8
SLOTS
100
AcDbCircle
 10
1.125
 20
12.41487089602096
 30
0.0
 40
0.125
100
AcDbArc
 50
-262.98422582728625
 51
-82.98422582728625
  0
ARC
  5
4F0
330
17
100
AcDbEntity
  8
SLOTS
100
AcDbCircle
 10
3.488915255384438
 20
12.705783839159757
 30
0.0
 40
0.125
100
AcDbArc
 50
-82.98422582728625
 51
97.01577417271375
  0
LINE
  5
4F1
330
17
100
AcDbEntity
  8
SLOTS
100
AcDbLine
 10
3.645205100029189
 20
11.843416565336254
 30
0.0
 11
1.1402678247381741
 21
11.535148883796849
 31
0.0
  0
LINE
  5
4F2
330
17
100
AcDbEntity
  8
SLOTS
100
AcDbLine
 10
1.1097321752618259
 20
11.783277024303034
 30
0.0
 11
3.6146694505528405
 21
12.09154470584244
 31
0.0
  0
ARC
  5
4F3
330
17
100
AcDbEntity
  8
SLOTS
100
AcDbCircle
 10
1.125
 20
11.659212954049941
 30
0.0
 40
0.125
100
AcDbArc
 50
-262.9842258272862
 51
-82.98422582728622
  0
ARC
  5
4F4
330
17
100
AcDbEntity
  8
SLOTS
100
AcDbCircle
 10
3.629937275291015
 20
11.967480635589347
 30
0.0
 40
0.125
100
AcDbArc
 50
-82.98422582728622
 51
97.01577417271378
  0
LINE
  5
4F5
330
17
100
AcDbEntity
  8
SLOTS
100
AcDbLine
 10
25.437441250968337
 20
27.705559836199892
 30
0.0
 11
22.706785926771747
 21
28.858059136049878
 31
0.0
  0
LINE
  5
4F6
330
17
100
AcDbEntity
  8
SLOTS
100
AcDbLine
 10
22.80399714651765
 20
29.08838494605717
 30
0.0
 11
25.53465247071424
 21
27.935885646207186
 31
0.0
  0
ARC
  5
4F7
330
17
100
AcDbEntity
  8
SLOTS
100
AcDbCircle
 10
22.755391536644698
 20
28.973222041053525
 30
0.0
 40
0.125
100
AcDbArc
 50
67.11735652414856
 51
247.11735652414856
  0
ARC
  5
4F8
330
17
100
AcDbEntity
  8
SLOTS
100
AcDbCircle
 10
25.486046860841288
 20
27.82072274120354
 30
0.0
 40
0.125
100
AcDbArc
 50
247.11735652414856
 51
427.1173565241486
  0
LINE
  5
4F9
330
17
100
AcDbEntity
  8
SLOTS
100
AcDbLine
 10
24.913318731007465
 20
27.112706562248587
 30
0.0
 11
21.913451911172043
 21
28.37882915885303
 31
0.0
  0
LINE
  5
4FA
330
17
100
AcDbEntity
  8
SLOTS
100
AcDbLine
 10
22.010663130917944
 20
28.609154968860324
 30
0.0
 11
25.010529950753366
 21
27.34303237225588
 31
0.0
  0
ARC
  5
4FB
330
17
100
AcDbEntity
  8
SLOTS
100
AcDbCircle
 10
21.962057521044994
 20
28.493992063856677
 30
0.0
 40
0.125
100
AcDbArc
 50
67.1173565241485
 51
247.1173565241485
  0
ARC
  5
4FC
330
17
100
AcDbEntity
  8
SLOTS
100
AcDbCircle
 10
24.961924340880415
 20
27.227869467252233
 30
0.0
 40
0.125
100
AcDbArc
 50
247.1173565241485
 51
427.1173565241485
  0
LINE
  5
4FD
330
17
100
AcDbEntity
  8
SLOTS
100
AcDbLine
 10
24.098590676876533
 20
26.64250614444347
 30
0.0
 11
21.12011789557233
 21
27.899599181656175
 31
0.0
  0
LINE
  5
4FE
330
17
100
AcDbEntity
  8
SLOTS
100
AcDbLine
 10
21.217329115318233
 20
28.12992499166347
 30
0.0
 11
24.195801896622434
 21
26.872831954450763
 31
0.0
  0
ARC
  5
4FF
330
17
100
AcDbEntity
  8
SLOTS
100
AcDbCircle
 10
21.168723505445282
 20
28.01476208665982
 30
0.0
 40
0.125
100
AcDbArc
 50
67.11735652414853
 51
247.11735652414853
  0
ARC
  5
500
330
17
100
AcDbEntity
  8
SLOTS
100
AcDbCircle
 10
24.147196286749484
 20
26.757669049447117
 30
0.0
 40
0.125
100
AcDbArc
 50
247.11735652414853
 51
427.11735652414853
  0
LINE
  5
501
330
17
100
AcDbEntity
  8
SLOTS
100
AcDbLine
 10
23.240160536816475
 20
26.190750611640503
 30
0.0
 11
20.326783879972623
 21
27.420369204459323
 31
0.0
  0
LINE
  5
502
330
17
100
AcDbEntity
  8
SLOTS
100
AcDbLine
 10
20.423995099718525
 20
27.650695014466617
 30
0.0
 11
23.337371756562376
 21
26.421076421647797
 31
0.0
  0
ARC
  5
503
330
17
100
AcDbEntity
  8
SLOTS
100
AcDbCircle
 10
20.375389489845574
 20
27.53553210946297
 30
0.0
 40
0.125
100
AcDbArc
 50
67.11735652414856
 51
247.11735652414856
  0
ARC
  5
504
330
17
100
AcDbEntity
  8
SLOTS
100
AcDbCircle
 10
23.288766146689426
 20
26.30591351664415
 30
0.0
 40
0.125
100
AcDbArc
 50
247.11735652414856
 51
427.1173565241486
  0
LINE
  5
505
330
17
100
AcDbEntity
  8
SLOTS
100
AcDbLine
 10
22.381730396756417
 20
25.738995078837537
 30
0.0
 11
19.533449864372916
 21
26.941139227262475
 31
0.0
  0
LINE
  5
506
330
17
100
AcDbEntity
  8
SLOTS
100
AcDbLine
 10
19.630661084118817
 20
27.17146503726977
 30
0.0
 11
22.47894161650232
 21
25.96932088884483
 31
0.0
  0
ARC
  5
507
330
17
100
AcDbEntity
  8
SLOTS
100
AcDbCircle
 10
19.582055474245866
 20
27.056302132266122
 30
0.0
 40
0.125
100
AcDbArc
 50
67.11735652414853
 51
247.11735652414853
  0
ARC
  5
508
330
17
100
AcDbEntity
  8
SLOTS
100
AcDbCircle
 10
22.430336006629368
 20
25.854157983841183
 30
0.0
 40
0.125
100
AcDbArc
 50
247.11735652414853
 51
427.11735652414853
  0
LINE
  5
509
330
17
100
AcDbEntity
  8
SLOTS
100
AcDbLine
 10
21.523300256696356
 20
25.287239546034566
 30
0.0
 11
18.740115848773204
 21
26.46190925006562
 31
0.0
  0
LINE
  5
50A
330
17
100
AcDbEntity
  8
SLOTS
100
AcDbLine
 10
18.837327068519105
 20
26.692235060072914
 30
0.0
 11
21.620511476442257
 21
25.51756535604186
 31
0.0
  0
ARC
  5
50B
330
17
100
AcDbEntity
  8
SLOTS
100
AcDbCircle
 10
18.788721458646155
 20
26.577072155069267
 30
0.0
 40
0.125
100
AcDbArc
 50
67.11735652414856
 51
247.11735652414856
  0
ARC
  5
50C
330
17
100
AcDbEntity
  8
SLOTS
100
AcDbCircle
 10
21.571905866569306
 20
25.402402451038213
 30
0.0
 40
0.125
100
AcDbArc
 50
247.11735652414856
 51
427.1173565241486
  0
LINE
  5
50D
330
17
100
AcDbEntity
  8
SLOTS
100
AcDbLine
 10
20.664870116636298
 20
24.8354840132316
 30
0.0
 11
17.946781833173496
 21
25.982679272868772
 31
0.0
  0
LINE
  5
50E
330
17
100
AcDbEntity
  8
SLOTS
100
AcDbLine
 10
18.043993052919397
 20
26.213005082876066
 30
0.0
 11
20.7620813363822
 21
25.065809823238894
 31
0.0
  0
ARC
  5
50F
330
17
100
AcDbEntity
  8
SLOTS
100
AcDbCircle
 10
17.995387443046447
 20
26.09784217787242
 30
0.0
 40
0.125
100
AcDbArc
 50
67.11735652414853
 51
247.11735652414853
  0
ARC
  5
510
330
17
100
AcDbEntity
  8
SLOTS
100
AcDbCircle
 10
20.713475726509248
 20
24.950646918235247
 30
0.0
 40
0.125
100
AcDbArc
 50
247.11735652414853
 51
427.11735652414853
  0
LINE
  5
511
330
17
100
AcDbEntity
  8
SLOTS
100
AcDbLine
 10
19.80643997657624
 20
24.383728480428633
 30
0.0
 11
18.941145160572486
 21
24.74893446624874
 31
0.0
  0
LINE
  5
512
330
17
100
AcDbEntity
  8
SLOTS
100
AcDbLine
 10
19.038356380318387
 20
24.979260276256035
 30
0.0
 11
19.90365119632214
 21
24.614054290435927
 31
0.0
  0
ARC
  5
513
330
17
100
AcDbEntity
  8
SLOTS
100
AcDbCircle
 10
18.989750770445436
 20
24.864097371252388
 30
0.0
 40
0.125
100
AcDbArc
 50
67.11735652414873
 51
247.11735652414873
  0
ARC
  5
514
330
17
100
AcDbEntity
  8
SLOTS
100
AcDbCircle
 10
19.85504558644919
 20
24.49889138543228
 30
0.0
 40
0.125
100
AcDbArc
 50
247.11735652414873
 51
427.1173565241487
  0
LINE
  5
515
330
17
100
AcDbEntity
  8
SLOTS
100
AcDbLine
 10
21.850004138359115
 20
20.30198802058322
 30
0.0
 11
22.2494001591346
 21
20.28349212235982
 31
0.0
  0
LINE
  5
516
330
17
100
AcDbEntity
  8
SLOTS
100
AcDbLine
 10
22.237835135895086
 20
20.03375976515021
 30
0.0
 11
21.838439115119602
 21
20.05225566337361
 31
0.0
  0
ARC
  5
517
330
17
100
AcDbEntity
  8
SLOTS
100
AcDbCircle
 10
22.243617647514842
 20
20.158625943755016
 30
0.0
 40
0.125
100
AcDbArc
 50
-92.65145434411369
 51
87.34854565588631
  0
ARC
  5
518
330
17
100
AcDbEntity
  8
SLOTS
100
AcDbCircle
 10
21.84422162673936
 20
20.177121841978416
 30
0.0
 40
0.125
100
AcDbArc
 50
87.34854565588631
 51
267.3485456558863
  0
LINE
  5
519
330
17
100
AcDbEntity
  8
SLOTS
100
AcDbLine
 10
21.424346208874464
 20
21.072503888036728
 30
0.0
 11
22.538285768328784
 21
21.020917713796237
 31
0.0
  0
LINE
  5
51A
330
17
100
AcDbEntity
  8
SLOTS
100
AcDbLine
 10
22.52672074508927
 20
20.771185356586628
 30
0.0
 11
21.41278118563495
 21
20.82277153082712
 31
0.0
  0
ARC
  5
51B
330
17
100
AcDbEntity
  8
SLOTS
100
AcDbCircle
 10
22.532503256709028
 20
20.896051535191432
 30
0.0
 40
0.125
100
AcDbArc
 50
-92.65145434411335
 51
87.34854565588665
  0
ARC
  5
51C
330
17
100
AcDbEntity
  8
SLOTS
100
AcDbCircle
 10
21.418563697254708
 20
20.947637709431923
 30
0.0
 40
0.125
100
AcDbArc
 50
87.34854565588665
 51
267.34854565588665
  0
LINE
  5
51D
330
17
100
AcDbEntity
  8
SLOTS
100
AcDbLine
 10
20.99868827938981
 20
21.843019755490236
 30
0.0
 11
22.810610262872455
 21
21.75911024499947
 31
0.0
  0
LINE
  5
51E
330
17
100
AcDbEntity
  8
SLOTS
100
AcDbLine
 10
22.799045239632942
 20
21.50937788778986
 30
0.0
 11
20.987123256150298
 21
21.593287398280626
 31
0.0
  0
ARC
  5
51F
330
17
100
AcDbEntity
  8
SLOTS
100
AcDbCircle
 10
22.8048277512527
 20
21.634244066394665
 30
0.0
 40
0.125
100
AcDbArc
 50
-92.65145434411336
 51
87.34854565588664
  0
ARC
  5
520
330
17
100
AcDbEntity
  8
SLOTS
100
AcDbCircle
 10
20.992905767770054
 20
21.71815357688543
 30
0.0
 40
0.125
100
AcDbArc
 50
87.34854565588664
 51
267.34854565588665
  0
LINE
  5
521
330
17
100
AcDbEntity
  8
SLOTS
100
AcDbLine
 10
20.57303034990516
 20
22.61353562294374
 30
0.0
 11
23.082934757416126
 21
22.497302776202698
 31
0.0
  0
LINE
  5
522
330
17
100
AcDbEntity
  8
SLOTS
100
AcDbLine
 10
23.071369734176614
 20
22.24757041899309
 30
0.0
 11
20.561465326665648
 21
22.36380326573413
 31
0.0
  0
ARC
  5
523
330
17
100
AcDbEntity
  8
SLOTS
100
AcDbCircle
 10
23.07715224579637
 20
22.372436597597893
 30
0.0
 40
0.125
100
AcDbArc
 50
-92.65145434411338
 51
87.34854565588662
  0
ARC
  5
524
330
17
100
AcDbEntity
  8
SLOTS
100
AcDbCircle
 10
20.567247838285404
 20
22.488669444338935
 30
0.0
 40
0.125
100
AcDbArc
 50
87.34854565588662
 51
267.34854565588665
  0
LINE
  5
525
330
17
100
AcDbEntity
  8
SLOTS
100
AcDbLine
 10
20.14737242042051
 20
23.384051490397248
 30
0.0
 11
23.3552592519598
 21
23.23549530740593
 31
0.0
  0
LINE
  5
526
330
17
100
AcDbEntity
  8
SLOTS
100
AcDbLine
 10
23.343694228720288
 20
22.98576295019632
 30
0.0
 11
20.135807397180997
 21
23.13431913318764
 31
0.0
  0
ARC
  5
527
330
17
100
AcDbEntity
  8
SLOTS
100
AcDbCircle
 10
23.349476740340045
 20
23.110629128801126
 30
0.0
 40
0.125
100
AcDbArc
 50
-92.65145434411338
 51
87.34854565588662
  0
ARC
  5
528
330
17
100
AcDbEntity
  8
SLOTS
100
AcDbCircle
 10
20.141589908800754
 20
23.259185311792443
 30
0.0
 40
0.125
100
AcDbArc
 50
87.34854565588662
 51
267.34854565588665
  0
LINE
  5
529
330
17
100
AcDbEntity
  8
SLOTS
100
AcDbLine
 10
20.510329167197636
 20
24.118046871839667
 30
0.0
 11
23.627583746503472
 21
23.973687838609163
 31
0.0
  0
LINE
  5
52A
330
17
100
AcDbEntity
  8
SLOTS
100
AcDbLine
 10
23.61601872326396
 20
23.723955481399553
 30
0.0
 11
20.498764143958123
 21
23.868314514630057
 31
0.0
  0
ARC
  5
52B
330
17
100
AcDbEntity
  8
SLOTS
100
AcDbCircle
 10
23.621801234883716
 20
23.848821660004358
 30
0.0
 40
0.125
100
AcDbArc
 50
-92.65145434411336
 51
87.34854565588664
  0
ARC
  5
52C
330
17
100
AcDbEntity
  8
SLOTS
100
AcDbCircle
 10
20.50454665557788
 20
23.993180693234862
 30
0.0
 40
0.125
100
AcDbArc
 50
87.34854565588664
 51
267.34854565588665
  0
LINE
  5
52D
330
17
100
AcDbEntity
  8
SLOTS
100
AcDbLine
 10
21.821622358193185
 20
24.808125104784345
 30
0.0
 11
23.899908241047143
 21
24.71188036981239
 31
0.0
  0
LINE
  5
52E
330
17
100
AcDbEntity
  8
SLOTS
100
AcDbLine
 10
23.88834321780763
 20
24.462148012602782
 30
0.0
 11
21.810057334953672
 21
24.558392747574736
 31
0.0
  0
ARC
  5
52F
330
17
100
AcDbEntity
  8
SLOTS
100
AcDbCircle
 10
23.894125729427387
 20
24.587014191207587
 30
0.0
 40
0.125
100
AcDbArc
 50
-92.65145434411335
 51
87.34854565588665
  0
ARC
  5
530
330
17
100
AcDbEntity
  8
SLOTS
100
AcDbCircle
 10
21.81583984657343
 20
24.68325892617954
 30
0.0
 40
0.125
100
AcDbArc
 50
87.34854565588665
 51
267.34854565588665
  0
LINE
  5
531
330
17
100
AcDbEntity
  8
SLOTS
100
AcDbLine
 10
23.13291554918874
 20
25.49820333772903
 30
0.0
 11
24.172232735590818
 21
25.450072901015623
 31
0.0
  0
LINE
  5
532
330
17
100
AcDbEntity
  8
SLOTS
100
AcDbLine
 10
24.160667712351305
 20
25.200340543806014
 30
0.0
 11
23.12135052594923
 21
25.24847098051942
 31
0.0
  0
ARC
  5
533
330
17
100
AcDbEntity
  8
SLOTS
100
AcDbCircle
 10
24.16645022397106
 20
25.32520672241082
 30
0.0
 40
0.125
100
AcDbArc
 50
-92.65145434411349
 51
87.34854565588651
  0
ARC
  5
534
330
17
100
AcDbEntity
  8
SLOTS
100
AcDbCircle
 10
23.127133037568985
 20
25.373337159124226
 30
0.0
 40
0.125
100
AcDbArc
 50
87.34854565588651
 51
267.34854565588654
  0
LINE
  5
535
330
17
100
AcDbEntity
  8
SLOTS
100
AcDbLine
 10
24.44420874018493
 20
26.188281570673684
 30
0.0
 11
24.44455723013512
 21
26.188265432218827
 31
0.0
  0
LINE
  5
536
330
17
100
AcDbEntity
  8
SLOTS
100
AcDbLine
 10
24.432992206894344
 20
25.938533075009275
 30
0.0
 11
24.432643716944153
 21
25.938549213464132
 31
0.0
  0
ARC
  5
537
330
17
100
AcDbEntity
  8
SLOTS
100
AcDbCircle
 10
24.438774718514733
 20
26.06339925361405
 30
0.0
 40
0.125
100
AcDbArc
 50
-92.65145434440366
 51
87.34854565559634
  0
ARC
  5
538
330
17
100
AcDbEntity
  8
SLOTS
100
AcDbCircle
 10
24.43842622856454
 20
26.063415392068908
 30
0.0
 40
0.125
100
AcDbArc
 50
87.34854565559634
 51
267.34854565559635
  0
LINE
  5
539
330
17
100
AcDbEntity
  8
SLOTS
100
AcDbLine
 10
23.531301488996046
 20
21.21649753757549
 30
0.0
 11
23.638295163415187
 21
21.04668463716822
 31
0.0
  0
LINE
  5
53A
330
17
100
AcDbEntity
  8
SLOTS
100
AcDbLine
 10
23.4267787708568
 20
20.91341492688457
 30
0.0
 11
23.31978509643766
 21
21.08322782729184
 31
0.0
  0
ARC
  5
53B
330
17
100
AcDbEntity
  8
SLOTS
100
AcDbCircle
 10
23.532536967135993
 20
20.980049782026395
 30
0.0
 40
0.125
100
AcDbArc
 50
-147.78628327580012
 51
32.21371672419989
  0
ARC
  5
53C
330
17
100
AcDbEntity
  8
SLOTS
100
AcDbCircle
 10
23.425543292716853
 20
21.149862682433664
 30
0.0
 40
0.125
100
AcDbArc
 50
32.21371672419989
 51
212.21371672419988
  0
LINE
  5
53D
330
17
100
AcDbEntity
  8
SLOTS
100
AcDbLine
 10
23.85865697287478
 20
22.103863081584432
 30
0.0
 11
24.278155459628827
 21
21.438064330967634
 31
0.0
  0
LINE
  5
53E
330
17
100
AcDbEntity
  8
SLOTS
100
AcDbLine
 10
24.066639067070447
 20
21.304794620683985
 30
0.0
 11
23.6471405803164
 21
21.970593371300783
 31
0.0
  0
ARC
  5
53F
330
17
100
AcDbEntity
  8
SLOTS
100
AcDbCircle
 10
24.172397263349637
 20
21.37142947582581
 30
0.0
 40
0.125
100
AcDbArc
 50
-147.7862832757997
 51
32.213716724200324
  0
ARC
  5
540
330
17
100
AcDbEntity
  8
SLOTS
100
AcDbCircle
 10
23.75289877659559
 20
22.037228226442608
 30
0.0
 40
0.125
100
AcDbArc
 50
32.213716724200324
 51
212.2137167242003
  0
LINE
  5
541
330
17
100
AcDbEntity
  8
SLOTS
100
AcDbLine
 10
24.18601245675352
 20
22.991228625593376
 30
0.0
 11
24.91801575584247
 21
21.829444024767053
 31
0.0
  0
LINE
  5
542
330
17
100
AcDbEntity
  8
SLOTS
100
AcDbLine
 10
24.70649936328409
 20
21.696174314483404
 30
0.0
 11
23.97449606419514
 21
22.857958915309727
 31
0.0
  0
ARC
  5
543
330
17
100
AcDbEntity
  8
SLOTS
100
AcDbCircle
 10
24.81225755956328
 20
21.76280916962523
 30
0.0
 40
0.125
100
AcDbArc
 50
-147.78628327579966
 51
32.21371672420034
  0
ARC
  5
544
330
17
100
AcDbEntity
  8
SLOTS
100
AcDbCircle
 10
24.08025426047433
 20
22.92459377045155
 30
0.0
 40
0.125
100
AcDbArc
 50
32.21371672420034
 51
212.21371672420034
  0
LINE
  5
545
330
17
100
AcDbEntity
  8
SLOTS
100
AcDbLine
 10
24.513367940632257
 20
23.878594169602312
 30
0.0
 11
25.557876052056113
 21
22.220823718566468
 31
0.0
  0
LINE
  5
546
330
17
100
AcDbEntity
  8
SLOTS
100
AcDbLine
 10
25.346359659497733
 20
22.08755400828282
 30
0.0
 11
24.301851548073877
 21
23.745324459318663
 31
0.0
  0
ARC
  5
547
330
17
100
AcDbEntity
  8
SLOTS
100
AcDbCircle
 10
25.452117855776923
 20
22.154188863424643
 30
0.0
 40
0.125
100
AcDbArc
 50
-147.7862832757996
 51
32.213716724200395
  0
ARC
  5
548
330
17
100
AcDbEntity
  8
SLOTS
100
AcDbCircle
 10
24.407609744353067
 20
23.811959314460488
 30
0.0
 40
0.125
100
AcDbArc
 50
32.213716724200395
 51
212.2137167242004
  0
LINE
  5
549
330
17
100
AcDbEntity
  8
SLOTS
100
AcDbLine
 10
24.840723424510998
 20
24.765959713611256
 30
0.0
 11
26.197736348269753
 21
22.612203412365886
 31
0.0
  0
LINE
  5
54A
330
17
100
AcDbEntity
  8
SLOTS
100
AcDbLine
 10
25.986219955711373
 20
22.478933702082237
 30
0.0
 11
24.629207031952618
 21
24.632690003327607
 31
0.0
  0
ARC
  5
54B
330
17
100
AcDbEntity
  8
SLOTS
100
AcDbCircle
 10
26.091978151990563
 20
22.545568557224062
 30
0.0
 40
0.125
100
AcDbArc
 50
-147.7862832757997
 51
32.213716724200324
  0
ARC
  5
54C
330
17
100
AcDbEntity
  8
SLOTS
100
AcDbCircle
 10
24.734965228231808
 20
24.69932485846943
 30
0.0
 40
0.125
100
AcDbArc
 50
32.213716724200324
 51
212.2137167242003
  0
LINE
  5
54D
330
17
100
AcDbEntity
  8
SLOTS
100
AcDbLine
 10
25.168078908389738
 20
25.6533252576202
 30
0.0
 11
26.8375966444834
 21
23.0035831061653
 31
0.0
  0
LINE
  5
54E
330
17
100
AcDbEntity
  8
SLOTS
100
AcDbLine
 10
26.62608025192502
 20
22.870313395881652
 30
0.0
 11
24.956562515831358
 21
25.52005554733655
 31
0.0
  0
ARC
  5
54F
330
17
100
AcDbEntity
  8
SLOTS
100
AcDbCircle
 10
26.73183844820421
 20
22.936948251023477
 30
0.0
 40
0.125
100
AcDbArc
 50
-147.78628327579966
 51
32.213716724200346
  0
ARC
  5
550
330
17
100
AcDbEntity
  8
SLOTS
100
AcDbCircle
 10
25.062320712110548
 20
25.586690402478375
 30
0.0
 40
0.125
100
AcDbArc
 50
32.213716724200346
 51
212.21371672420034
  0
LINE
  5
551
330
17
100
AcDbEntity
  8
SLOTS
100
AcDbLine
 10
25.49543439226848
 20
26.54069080162914
 30
0.0
 11
26.51586983835781
 21
24.92112680665886
 31
0.0
  0
LINE
  5
552
330
17
100
AcDbEntity
  8
SLOTS
100
AcDbLine
 10
26.30435344579943
 20
24.787857096375213
 30
0.0
 11
25.2839179997101
 21
26.40742109134549
 31
0.0
  0
ARC
  5
553
330
17
100
AcDbEntity
  8
SLOTS
100
AcDbCircle
 10
26.41011164207862
 20
24.854491951517037
 30
0.0
 40
0.125
100
AcDbArc
 50
-147.78628327579972
 51
32.213716724200275
  0
ARC
  5
554
330
17
100
AcDbEntity
  8
SLOTS
100
AcDbCircle
 10
25.38967619598929
 20
26.474055946487315
 30
0.0
 40
0.125
100
AcDbArc
 50
32.213716724200275
 51
212.21371672420028
  0
LINE
  5
555
330
17
100
AcDbEntity
  8
SLOTS
100
AcDbLine
 10
25.974271174244556
 20
27.18763579061914
 30
0.0
 11
26.13129746210488
 21
26.93841461444671
 31
0.0
  0
LINE
  5
556
330
17
100
AcDbEntity
  8
SLOTS
100
AcDbLine
 10
25.91978106954649
 20
26.80514490416306
 30
0.0
 11
25.76275478168617
 21
27.05436608033549
 31
0.0
  0
ARC
  5
557
330
17
100
AcDbEntity
  8
SLOTS
100
AcDbCircle
 10
26.025539265825685
 20
26.871779759304886
 30
0.0
 40
0.125
100
AcDbArc
 50
-147.78628327580017
 51
32.21371672419983
  0
ARC
  5
558
330
17
100
AcDbEntity
  8
SLOTS
100
AcDbCircle
 10
25.868512977965363
 20
27.121000935477316
 30
0.0
 40
0.125
100
AcDbArc
 50
32.21371672419983
 51
212.21371672419983
  0
LINE
  5
559
330
17
100
AcDbEntity
  8
SLOTS
100
AcDbLine
 10
12.03382936115012
 20
8.889847774260254
 30
0.0
 11
13.394480567583862
 21
10.086864533875634
 31
0.0
  0
LINE
  5
55A
330
17
100
AcDbEntity
  8
SLOTS
100
AcDbLine
 10
13.559609838815756
 20
9.89916178008011
 30
0.0
 11
12.198958632382014
 21
8.70214502046473
 31
0.0
  0
ARC
  5
55B
330
17
100
AcDbEntity
  8
SLOTS
100
AcDbCircle
 10
13.47704520319981
 20
9.993013156977872
 30
0.0
 40
0.125
100
AcDbArc
 50
-48.66067944304269
 51
131.33932055695732
  0
ARC
  5
55C
330
17
100
AcDbEntity
  8
SLOTS
100
AcDbCircle
 10
12.116393996766067
 20
8.795996397362492
 30
0.0
 40
0.125
100
AcDbArc
 50
131.33932055695732
 51
311.3393205569573
  0
LINE
  5
55D
330
17
100
AcDbEntity
  8
SLOTS
100
AcDbLine
 10
10.816151397111605
 20
8.817529843263861
 30
0.0
 11
13.540224967506001
 21
11.214001255459085
 31
0.0
  0
LINE
  5
55E
330
17
100
AcDbEntity
  8
SLOTS
100
AcDbLine
 10
13.705354238737895
 20
11.026298501663561
 30
0.0
 11
10.9812806683435
 21
8.629827089468337
 31
0.0
  0
ARC
  5
55F
330
17
100
AcDbEntity
  8
SLOTS
100
AcDbCircle
 10
13.622789603121948
 20
11.120149878561323
 30
0.0
 40
0.125
100
AcDbArc
 50
-48.66067944304264
 51
131.33932055695738
  0
ARC
  5
560
330
17
100
AcDbEntity
  8
SLOTS
100
AcDbCircle
 10
10.898716032727553
 20
8.7236784663661
 30
0.0
 40
0.125
100
AcDbArc
 50
131.33932055695738
 51
311.3393205569574
  0
LINE
  5
561
330
17
100
AcDbEntity
  8
SLOTS
100
AcDbLine
 10
9.59847343307309
 20
8.745211912267468
 30
0.0
 11
13.038458280525646
 21
11.771497778735917
 31
0.0
  0
LINE
  5
562
330
17
100
AcDbEntity
  8
SLOTS
100
AcDbLine
 10
13.20358755175754
 20
11.583795024940393
 30
0.0
 11
9.763602704304985
 21
8.557509158471944
 31
0.0
  0
ARC
  5
563
330
17
100
AcDbEntity
  8
SLOTS
100
AcDbCircle
 10
13.121022916141593
 20
11.677646401838155
 30
0.0
 40
0.125
100
AcDbArc
 50
-48.66067944304261
 51
131.33932055695738
  0
ARC
  5
564
330
17
100
AcDbEntity
  8
SLOTS
100
AcDbCircle
 10
9.681038068689038
 20
8.651360535369706
 30
0.0
 40
0.125
100
AcDbArc
 50
131.33932055695738
 51
311.3393205569574
  0
LINE
  5
565
330
17
100
AcDbEntity
  8
SLOTS
100
AcDbLine
 10
8.380795469034577
 20
8.672893981271077
 30
0.0
 11
12.536691593545294
 21
12.328994302012747
 31
0.0
  0
LINE
  5
566
330
17
100
AcDbEntity
  8
SLOTS
100
AcDbLine
 10
12.701820864777188
 20
12.141291548217223
 30
0.0
 11
8.545924740266472
 21
8.485191227475553
 31
0.0
  0
ARC
  5
567
330
17
100
AcDbEntity
  8
SLOTS
100
AcDbCircle
 10
12.619256229161241
 20
12.235142925114985
 30
0.0
 40
0.125
100
AcDbArc
 50
-48.66067944304264
 51
131.33932055695738
  0
ARC
  5
568
330
17
100
AcDbEntity
  8
SLOTS
100
AcDbCircle
 10
8.463360104650524
 20
8.579042604373315
 30
0.0
 40
0.125
100
AcDbArc
 50
131.33932055695738
 51
311.3393205569574
  0
LINE
  5
569
330
17
100
AcDbEntity
  8
SLOTS
100
AcDbLine
 10
7.341042686372389
 20
8.757103618146607
 30
0.0
 11
12.034924906564939
 21
12.88649082528958
 31
0.0
  0
LINE
  5
56A
330
17
100
AcDbEntity
  8
SLOTS
100
AcDbLine
 10
12.200054177796833
 20
12.698788071494056
 30
0.0
 11
7.506171957604285
 21
8.569400864351083
 31
0.0
  0
ARC
  5
56B
330
17
100
AcDbEntity
  8
SLOTS
100
AcDbCircle
 10
12.117489542180886
 20
12.792639448391817
 30
0.0
 40
0.125
100
AcDbArc
 50
-48.66067944304262
 51
131.33932055695738
  0
ARC
  5
56C
330
17
100
AcDbEntity
  8
SLOTS
100
AcDbCircle
 10
7.423607321988337
 20
8.663252241248845
 30
0.0
 40
0.125
100
AcDbArc
 50
131.33932055695738
 51
311.3393205569574
  0
LINE
  5
56D
330
17
100
AcDbEntity
  8
SLOTS
100
AcDbLine
 10
7.4367000552427065
 20
9.840176868265132
 30
0.0
 11
11.533158219584587
 21
13.44398734856641
 31
0.0
  0
LINE
  5
56E
330
17
100
AcDbEntity
  8
SLOTS
100
AcDbLine
 10
11.698287490816481
 20
13.256284594770886
 30
0.0
 11
7.601829326474601
 21
9.652474114469609
 31
0.0
  0
ARC
  5
56F
330
17
100
AcDbEntity
  8
SLOTS
100
AcDbCircle
 10
11.615722855200534
 20
13.350135971668648
 30
0.0
 40
0.125
100
AcDbArc
 50
-48.66067944304264
 51
131.33932055695738
  0
ARC
  5
570
330
17
100
AcDbEntity
  8
SLOTS
100
AcDbCircle
 10
7.519264690858654
 20
9.74632549136737
 30
0.0
 40
0.125
100
AcDbArc
 50
131.33932055695738
 51
311.3393205569574
  0
LINE
  5
571
330
17
100
AcDbEntity
  8
SLOTS
100
AcDbLine
 10
4.429133549034203
 20
12.30945744844781
 30
0.0
 11
4.891189050271886
 21
11.898025711119946
 31
0.0
  0
LINE
  5
572
330
17
100
AcDbEntity
  8
SLOTS
100
AcDbLine
 10
4.724936590247036
 20
11.71131706232272
 30
0.0
 11
4.262881089009353
 21
12.122748799650585
 31
0.0
  0
ARC
  5
573
330
17
100
AcDbEntity
  8
SLOTS
100
AcDbCircle
 10
4.808062820259461
 20
11.804671386721333
 30
0.0
 40
0.125
100
AcDbArc
 50
-131.68308030327836
 51
48.31691969672164
  0
ARC
  5
574
330
17
100
AcDbEntity
  8
SLOTS
100
AcDbCircle
 10
4.346007319021778
 20
12.216103124049198
 30
0.0
 40
0.125
100
AcDbArc
 50
48.31691969672164
 51
228.31691969672164
  0
LINE
  5
575
330
17
100
AcDbEntity
  8
SLOTS
100
AcDbLine
 10
4.236220675285448
 20
13.485472813808101
 30
0.0
 11
5.397083418237671
 21
12.451796612891412
 31
0.0
  0
LINE
  5
576
330
17
100
AcDbEntity
  8
SLOTS
100
AcDbLine
 10
5.23083095821282
 20
12.265087964094187
 30
0.0
 11
4.069968215260598
 21
13.298764165010876
 31
0.0
  0
ARC
  5
577
330
17
100
AcDbEntity
  8
SLOTS
100
AcDbCircle
 10
5.313957188225245
 20
12.3584422884928
 30
0.0
 40
0.125
100
AcDbArc
 50
-131.68308030327842
 51
48.31691969672158
  0
ARC
  5
578
330
17
100
AcDbEntity
  8
SLOTS
100
AcDbCircle
 10
4.153094445273023
 20
13.392118489409489
 30
0.0
 40
0.125
100
AcDbArc
 50
48.31691969672158
 51
228.31691969672158
  0
LINE
  5
579
330
17
100
AcDbEntity
  8
SLOTS
100
AcDbLine
 10
4.760130408117
 20
14.023202151643066
 30
0.0
 11
5.2189408652541385
 21
13.614659924619517
 31
0.0
  0
LINE
  5
57A
330
17
100
AcDbEntity
  8
SLOTS
100
AcDbLine
 10
5.052688405229288
 20
13.427951275822291
 30
0.0
 11
4.59387794809215
 21
13.83649350284584
 31
0.0
  0
ARC
  5
57B
330
17
100
AcDbEntity
  8
SLOTS
100
AcDbCircle
 10
5.135814635241713
 20
13.521305600220904
 30
0.0
 40
0.125
100
AcDbArc
 50
-131.68308030327842
 51
48.316919696721584
  0
ARC
  5
57C
330
17
100
AcDbEntity
  8
SLOTS
100
AcDbCircle
 10
4.677004178104575
 20
13.929847827244453
 30
0.0
 40
0.125
100
AcDbArc
 50
48.316919696721584
 51
228.31691969672158
  0
ENDSEC
  0
SECTION
  2
OBJECTS
  0
DICTIONARY
  5
A
330
0
100
AcDbDictionary
281
1
  3
ACAD_COLOR
350
B
  3
ACAD_GROUP
350
C
  3
ACAD_LAYOUT
350
D
  3
ACAD_MATERIAL
350
E
  3
ACAD_MLEADERSTYLE
350
F
  3
ACAD_MLINESTYLE
350
10
  3
ACAD_PLOTSETTINGS
350
11
  3
ACAD_PLOTSTYLENAME
350
12
  3
ACAD_SCALELIST
350
14
  3
ACAD_TABLESTYLE
350
15
  3
ACAD_VISUALSTYLE
350
16
  3
EZDXF_META
350
2D
  0
DICTIONARY
  5
B
330
A
100
AcDbDictionary
281
1
  0
DICTIONARY
  5
C
330
A
100
AcDbDictionary
281
1
  0
DICTIONARY
  5
D
330
A
100
AcDbDictionary
281
1
  3
Model
350
1A
  3
Layout1
350
1E
  0
DICTIONARY
  5
E
330
A
100
AcDbDictionary
281
1
  3
ByBlock
350
1F
  3
ByLayer
350
20
  3
Global
350
21
  0
DICTIONARY
  5
F
330
A
100
AcDbDictionary
281
1
  3
Standard
350
2C
  0
DICTIONARY
  5
10
330
A
100
AcDbDictionary
281
1
  3
Standard
350
22
  0
DICTIONARY
  5
11
330
A
100
AcDbDictionary
281
1
  0
ACDBDICTIONARYWDFLT
  5
12
330
A
100
AcDbDictionary
281
1
  3
Normal
350
13
100
AcDbDictionaryWithDefault
340
13
  0
ACDBPLACEHOLDER
  5
13
330
12
  0
DICTIONARY
  5
14
330
A
100
AcDbDictionary
281
1
  0
DICTIONARY
  5
15
330
A
100
AcDbDictionary
281
1
  0
DICTIONARY
  5
16
330
A
100
AcDbDictionary
281
1
  3
2dWireframe
350
5A
  3
Basic
350
5B
  3
Brighten
350
5C
  3
ColorChange
350
5D
  3
Conceptual
350
5E
  3
Dim
350
5F
  3
EdgeColorOff
350
60
  3
Facepattern
350
61
  3
Flat
350
62
  3
FlatWithEdges
350
63
  3
Gouraud
350
64
  3
GouraudWithEdges
350
65
  3
Hidden
350
66
  3
JitterOff
350
67
  3
Linepattern
350
68
  3
Modeling
350
69
  3
OverhangOff
350
6A
  3
Realistic
350
6B
  3
Shaded
350
6C
  3
Shaded with edges
350
6D
  3
Shades of Gray
350
6E
  3
Sketchy
350
6F
  3
Thicken
350
70
  3
Wireframe
350
71
  3
X-Ray
350
72
  0
LAYOUT
  5
1A
330
D
100
AcDbPlotSettings
  1

  4
A3
  6

 40
7.5
 41
20.0
 42
7.5
 43
20.0
 44
420.0
 45
297.0
 46
0.0
 47
0.0
 48
0.0
 49
0.0
140
0.0
141
0.0
142
1.0
143
1.0
 70
1024
 72
1
 73
0
 74
5
  7

 75
16
 76
0
 77
2
 78
300
147
1.0
148
0.0
149
0.0
100
AcDbLayout
  1
Model
 70
1
 71
0
 10
0.0
 20
0.0
 11
420.0
 21
297.0
 12
0.0
 22
0.0
 32
0.0
 14
1e+20
 24
1e+20
 34
1e+20
 15
-1e+20
 25
-1e+20
 35
-1e+20
146
0.0
 13
0.0
 23
0.0
 33
0.0
 16
1.0
 26
0.0
 36
0.0
 17
0.0
 27
1.0
 37
0.0
 76
1
330
17
  0
LAYOUT
  5
1E
330
D
100
AcDbPlotSettings
  1

  4
A3
  6

 40
7.5
 41
20.0
 42
7.5
 43
20.0
 44
420.0
 45
297.0
 46
0.0
 47
0.0
 48
0.0
 49
0.0
140
0.0
141
0.0
142
1.0
143
1.0
 70
0
 72
1
 73
0
 74
5
  7

 75
16
 76
0
 77
2
 78
300
147
1.0
148
0.0
149
0.0
100
AcDbLayout
  1
Layout1
 70
1
 71
1
 10
0.0
 20
0.0
 11
420.0
 21
297.0
 12
0.0
 22
0.0
 32
0.0
 14
1e+20
 24
1e+20
 34
1e+20
 15
-1e+20
 25
-1e+20
 35
-1e+20
146
0.0
 13
0.0
 23
0.0
 33
0.0
 16
1.0
 26
0.0
 36
0.0
 17
0.0
 27
1.0
 37
0.0
 76
1
330
1B
  0
MATERIAL
  5
1F
102
{ACAD_REACTORS
330
E
102
}
330
E
100
AcDbMaterial
  1
ByBlock
  2

 70
0
 40
1.0
 71
1
 41
1.0
 91
-1023410177
 42
1.0
 72
1
  3

 73
1
 74
1
 75
1
 44
0.5
 73
0
 45
1.0
 46
1.0
 77
1
  4

 78
1
 79
1
170
1
 48
1.0
171
1
  6

172
1
173
1
174
1
140
1.0
141
1.0
175
1
  7

176
1
177
1
178
1
143
1.0
179
1
  8

270
1
271
1
272
1
145
1.0
146
1.0
273
1
  9

274
1
275
1
276
1
 42
1.0
 72
1
  3

 73
1
 74
1
 75
1
 94
63
  0
MATERIAL
  5
20
102
{ACAD_REACTORS
330
E
102
}
330
E
100
AcDbMaterial
  1
ByLayer
  2

 70
0
 40
1.0
 71
1
 41
1.0
 91
-1023410177
 42
1.0
 72
1
  3

 73
1
 74
1
 75
1
 44
0.5
 73
0
 45
1.0
 46
1.0
 77
1
  4

 78
1
 79
1
170
1
 48
1.0
171
1
  6

172
1
173
1
174
1
140
1.0
141
1.0
175
1
  7

176
1
177
1
178
1
143
1.0
179
1
  8

270
1
271
1
272
1
145
1.0
146
1.0
273
1
  9

274
1
275
1
276
1
 42
1.0
 72
1
  3

 73
1
 74
1
 75
1
 94
63
  0
MATERIAL
  5
21
102
{ACAD_REACTORS
330
E
102
}
330
E
100
AcDbMaterial
  1
Global
  2

 70
0
 40
1.0
 71
1
 41
1.0
 91
-1023410177
 42
1.0
 72
1
  3

 73
1
 74
1
 75
1
 44
0.5
 73
0
 45
1.0
 46
1.0
 77
1
  4

 78
1
 79
1
170
1
 48
1.0
171
1
  6

172
1
173
1
174
1
140
1.0
141
1.0
175
1
  7

176
1
177
1
178
1
143
1.0
179
1
  8

270
1
271
1
272
1
145
1.0
146
1.0
273
1
  9

274
1
275
1
276
1
 42
1.0
 72
1
  3

 73
1
 74
1
 75
1
 94
63
  0
MLINESTYLE
  5
22
102
{ACAD_REACTORS
330
10
102
}
330
10
100
AcDbMlineStyle
  2
Standard
 70
0
  3

 62
256
 51
90.0
 52
90.0
 71
2
 49
0.5
 62
256
  6
BYLAYER
 49
-0.5
 62
256
  6
BYLAYER
  0
MLEADERSTYLE
  5
2C
102
{ACAD_REACTORS
330
F
102
}
330
F
100
AcDbMLeaderStyle
179
2
170
2
171
1
172
0
 90
2
 40
0.0
 41
0.0
173
1
 91
-1056964608
 92
-2
290
1
 42
2.0
291
1
 43
8.0
  3
Standard
 44
4.0
300

342
29
174
1
175
1
176
0
178
1
 93
-1056964608
 45
4.0
292
0
297
0
 46
4.0
 94
-1056964608
 47
1.0
 49
1.0
140
1.0
294
1
141
0.0
177
0
142
1.0
295
0
296
0
143
3.75
271
0
272
9
273
9
  0
DICTIONARY
  5
2D
330
A
100
AcDbDictionary
280
1
281
1
  3
CREATED_BY_EZDXF
350
2E
  3
WRITTEN_BY_EZDXF
350
57F
  0
DICTIONARYVAR
  5
2E
330
2D
100
DictionaryVariables
280
0
  1
1.4.4 @ 2026-09-19T23:29:09.445338+00:00
  0
VISUALSTYLE
  5
5A
102
{ACAD_REACTORS
330
16
102
}
330
16
100
AcDbVisualStyle
  2
2dWireframe
 70
4
 90
0
 40
0.6
 62
7
290
0
291
0
  0
VISUALSTYLE
  5
5B
102
{ACAD_REACTORS
330
16
102
}
330
16
100
AcDbVisualStyle
  2
Basic
 70
7
 90
1
 40
0.6
 62
7
290
0
291
1
  0
VISUALSTYLE
  5
5C
102
{ACAD_REACTORS
330
16
102
}
330
16
100
AcDbVisualStyle
  2
Brighten
 70
12
 90
2
 40
0.6
 62
7
290
0
291
1
  0
VISUALSTYLE
  5
5D
102
{ACAD_REACTORS
330
16
102
}
330
16
100
AcDbVisualStyle
  2
ColorChange
 70
16
 90
2
 40
0.6
 62
8
290
0
291
1
  0
VISUALSTYLE
  5
5E
102
{ACAD_REACTORS
330
16
102
}
330
16
100
AcDbVisualStyle
  2
Conceptual
 70
9
 90
3
 40
0.6
 62
7
290
0
291
0
  0
VISUALSTYLE
  5
5F
102
{ACAD_REACTORS
330
16
102
}
330
16
100
AcDbVisualStyle
  2
Dim
 70
11
 90
2
 40
0.6
 62
7
290
0
291
1
  0
VISUALSTYLE
  5
60
102
{ACAD_REACTORS
330
16
102
}
330
16
100
AcDbVisualStyle
  2
EdgeColorOff
 70
22
 90
2
 40
0.6
 62
7
290
0
291
1
  0
VISUALSTYLE
  5
61
102
{ACAD_REACTORS
330
16
102
}
330
16
100
AcDbVisualStyle
  2
Facepattern
 70
15
 90
2
 40
0.6
 62
7
290
0
291
1
  0
VISUALSTYLE
  5
62
102
{ACAD_REACTORS
330
16
102
}
330
16
100
AcDbVisualStyle
  2
Flat
 70
0
 90
2
 40
0.6
 62
7
290
0
291
1
  0
VISUALSTYLE
  5
63
102
{ACAD_REACTORS
330
16
102
}
330
16
100
AcDbVisualStyle
  2
FlatWithEdges
 70
1
 90
2
 40
0.6
 62
7
290
0
291
1
  0
VISUALSTYLE
  5
64
102
{ACAD_REACTORS
330
16
102
}
330
16
100
AcDbVisualStyle
  2
Gouraud
 70
2
 90
2
 40
0.6
 62
7
290
0
291
1
  0
VISUALSTYLE
  5
65
102
{ACAD_REACTORS
330
16
102
}
330
16
100
AcDbVisualStyle
  2
GouraudWithEdges
 70
3
 90
2
 40
0.6
 62
7
290
0
291
1
  0
VISUALSTYLE
  5
66
102
{ACAD_REACTORS
330
16
102
}
330
16
100
AcDbVisualStyle
  2
Hidden
 70
6
 90
1
 40
0.6
 62
7
290
0
291
0
  0
VISUALSTYLE
  5
67
102
{ACAD_REACTORS
330
16
102
}
330
16
100
AcDbVisualStyle
  2
JitterOff
 70
20
 90
2
 40
0.6
 62
7
290
0
291
1
  0
VISUALSTYLE
  5
68
102
{ACAD_REACTORS
330
16
102
}
330
16
100
AcDbVisualStyle
  2
Linepattern
 70
14
 90
2
 40
0.6
 62
7
290
0
291
1
  0
VISUALSTYLE
  5
69
102
{ACAD_REACTORS
330
16
102
}
330
16
100
AcDbVisualStyle
  2
Modeling
 70
10
 90
2
 40
0.6
 62
7
290
0
291
0
  0
VISUALSTYLE
  5
6A
102
{ACAD_REACTORS
330
16
102
}
330
16
100
AcDbVisualStyle
  2
OverhangOff
 70
21
 90
2
 40
0.6
 62
7
290
0
291
1
  0
VISUALSTYLE
  5
6B
102
{ACAD_REACTORS
330
16
102
}
330
16
100
AcDbVisualStyle
  2
Realistic
 70
8
 90
2
 40
0.6
 62
7
290
0
291
0
  0
VISUALSTYLE
  5
6C
102
{ACAD_REACTORS
330
16
102
}
330
16
100
AcDbVisualStyle
  2
Shaded
 70
27
 90
2
 40
0.6
 62
7
290
0
291
0
  0
VISUALSTYLE
  5
6D
102
{ACAD_REACTORS
330
16
102
}
330
16
100
AcDbVisualStyle
  2
Shaded with edges
 70
26
 90
2
 40
0.6
 62
7
290
0
291
0
  0
VISUALSTYLE
  5
6E
102
{ACAD_REACTORS
330
16
102
}
330
16
100
AcDbVisualStyle
  2
Shades of Gray
 70
23
 90
2
 40
0.6
 62
7
290
0
291
0
  0
VISUALSTYLE
  5
6F
102
{ACAD_REACTORS
330
16
102
}
330
16
100
AcDbVisualStyle
  2
Sketchy
 70
24
 90
1
 40
0.6
 62
7
290
0
291
0
  0
VISUALSTYLE
  5
70
102
{ACAD_REACTORS
330
16
102
}
330
16
100
AcDbVisualStyle
  2
Thicken
 70
13
 90
2
 40
0.6
 62
7
290
0
291
1
  0
VISUALSTYLE
  5
71
102
{ACAD_REACTORS
330
16
102
}
330
16
100
AcDbVisualStyle
  2
Wireframe
 70
5
 90
0
 40
0.6
 62
7
290
0
291
0
  0
VISUALSTYLE
  5
72
102
{ACAD_REACTORS
330
16
102
}
330
16
100
AcDbVisualStyle
  2
X-Ray
 70
25
 90
2
 40
0.5
 62
7
290
0
291
0
  0
DICTIONARYVAR
  5
57F
330
2D
100
DictionaryVariables
280
0
  1
1.4.4 @ 2026-09-19T23:29:09.493502+00:00
  0
ENDSEC
  0
EOF
