  0
SECTION
  2
HEADER
  9
$ACADVER
  1
AC1024
  9
$ACADMAINTVER
 70
6
  9
$DWGCODEPAGE
  3
ANSI_1252
  9
$LASTSAVEDBY
  1
ezdxf
  9
$INSBASE
 10
0.0
 20
0.0
 30
0.0
  9
$EXTMIN
 10
1e+20
 20
1e+20
 30
1e+20
  9
$EXTMAX
 10
-1e+20
 20
-1e+20
 30
-1e+20
  9
$LIMMIN
 10
0.0
 20
0.0
  9
$LIMMAX
 10
420.0
 20
297.0
  9
$ORTHOMODE
 70
0
  9
$REGENMODE
 70
1
  9
$FILLMODE
 70
1
  9
$QTEXTMODE
 70
0
  9
$MIRRTEXT
 70
1
  9
$LTSCALE
 40
1.0
  9
$ATTMODE
 70
1
  9
$TEXTSIZE
 40
2.5
  9
$TRACEWID
 40
1.0
  9
$TEXTSTYLE
  7
OpenSans
  9
$CLAYER
  8
0
  9
$CELTYPE
  6
ByLayer
  9
$CECOLOR
 62
256
  9
$CELTSCALE
 40
1.0
  9
$DISPSILH
 70
0
  9
$DIMSCALE
 40
1.0
  9
$DIMASZ
 40
0.175
  9
$DIMEXO
 40
0.125
  9
$DIMDLI
 40
3.75
  9
$DIMRND
 40
0.0
  9
$DIMDLE
 40
0.0
  9
$DIMEXE
 40
0.375
  9
$DIMTP
 40
0.0
  9
$DIMTM
 40
0.0
  9
$DIMTXT
 40
0.25
  9
$DIMCEN
 40
2.5
  9
$DIMTSZ
 40
0.0
  9
$DIMTOL
 70
0
  9
$DIMLIM
 70
0
  9
$DIMTIH
 70
0
  9
$DIMTOH
 70
0
  9
$DIMSE1
 70
0
  9
$DIMSE2
 70
0
  9
$DIMTAD
 70
1
  9
$DIMZIN
 70
12
  9
$DIMBLK
  1
ARCHTICK
  9
$DIMASO
 70
1
  9
$DIMSHO
 70
1
  9
$DIMPOST
  1

  9
$DIMAPOST
  1

  9
$DIMALT
 70
0
  9
$DIMALTD
 70
3
  9
$DIMALTF
 40
0.03937007874
  9
$DIMLFAC
 40
100.0
  9
$DIMTOFL
 70
1
  9
$DIMTVP
 40
0.0
  9
$DIMTIX
 70
0
  9
$DIMSOXD
 70
0
  9
$DIMSAH
 70
0
  9
$DIMBLK1
  1

  9
$DIMBLK2
  1

  9
$DIMSTYLE
  2
EZDXF
  9
$DIMCLRD
 70
0
  9
$DIMCLRE
 70
0
  9
$DIMCLRT
 70
0
  9
$DIMTFAC
 40
0.5
  9
$DIMGAP
 40
0.1
  9
$DIMJUST
 70
0
  9
$DIMSD1
 70
0
  9
$DIMSD2
 70
0
  9
$DIMTOLJ
 70
0
  9
$DIMTZIN
 70
8
  9
$DIMALTZ
 70
0
  9
$DIMALTTZ
 70
0
  9
$DIMUPT
 70
1
  9
$DIMDEC
 70
2
  9
$DIMTDEC
 70
2
  9
$DIMALTU
 70
2
  9
$DIMALTTD
 70
3
  9
$DIMTXSTY
  7
OpenSansCondensed-Light
  9
$DIMAUNIT
 70
0
  9
$DIMADEC
 70
2
  9
$DIMALTRND
 40
0.0
  9
$DIMAZIN
 70
3
  9
$DIMDSEP
 70
46
  9
$DIMATFIT
 70
3
  9
$DIMFRAC
 70
0
  9
$DIMLDRBLK
  1

  9
$DIMLUNIT
 70
2
  9
$DIMLWD
 70
-2
  9
$DIMLWE
 70
-2
  9
$DIMTMOVE
 70
2
  9
$DIMFXL
 40
1.0
  9
$DIMFXLON
 70
0
  9
$DIMJOGANG
 40
0.785398163397
  9
$DIMTFILL
 70
0
  9
$DIMTFILLCLR
 70
0
  9
$DIMARCSYM
 70
0
  9
$DIMLTYPE
  6

  9
$DIMLTEX1
  6

  9
$DIMLTEX2
  6

  9
$DIMTXTDIRECTION
 70
0
  9
$LUNITS
 70
2
  9
$LUPREC
 70
4
  9
$SKETCHINC
 40
1.0
  9
$FILLETRAD
 40
10.0
  9
$AUNITS
 70
0
  9
$AUPREC
 70
2
  9
$MENU
  1
.
  9
$ELEVATION
 40
0.0
  9
$PELEVATION
 40
0.0
  9
$THICKNESS
 40
0.0
  9
$LIMCHECK
 70
0
  9
$CHAMFERA
 40
0.0
  9
$CHAMFERB
 40
0.0
  9
$CHAMFERC
 40
0.0
  9
$CHAMFERD
 40
0.0
  9
$SKPOLY
 70
0
  9
$TDCREATE
 40
2461303.686759259
  9
$TDUCREATE
 40
2458532.153996898
  9
$TDUPDATE
 40
2461303.686759259
  9
$TDUUPDATE
 40
2458532.1544311
  9
$TDINDWG
 40
0.0
  9
$TDUSRTIMER
 40
0.0
  9
$USRTIMER
 70
1
  9
$ANGBASE
 50
0.0
  9
$ANGDIR
 70
0
  9
$PDMODE
 70
0
  9
$PDSIZE
 40
0.0
  9
$PLINEWID
 40
0.0
  9
$SPLFRAME
 70
0
  9
$SPLINETYPE
 70
6
  9
$SPLINESEGS
 70
8
  9
$HANDSEED
  5
5B8
  9
$SURFTAB1
 70
6
  9
$SURFTAB2
 70
6
  9
$SURFTYPE
 70
6
  9
$SURFU
 70
6
  9
$SURFV
 70
6
  9
$UCSBASE
  2

  9
$UCSNAME
  2

  9
$UCSORG
 10
0.0
 20
0.0
 30
0.0
  9
$UCSXDIR
 10
1.0
 20
0.0
 30
0.0
  9
$UCSYDIR
 10
0.0
 20
1.0
 30
0.0
  9
$UCSORTHOREF
  2

  9
$UCSORTHOVIEW
 70
0
  9
$UCSORGTOP
 10
0.0
 20
0.0
 30
0.0
  9
$UCSORGBOTTOM
 10
0.0
 20
0.0
 30
0.0
  9
$UCSORGLEFT
 10
0.0
 20
0.0
 30
0.0
  9
$UCSORGRIGHT
 10
0.0
 20
0.0
 30
0.0
  9
$UCSORGFRONT
 10
0.0
 20
0.0
 30
0.0
  9
$UCSORGBACK
 10
0.0
 20
0.0
 30
0.0
  9
$PUCSBASE
  2

  9
$PUCSNAME
  2

  9
$PUCSORG
 10
0.0
 20
0.0
 30
0.0
  9
$PUCSXDIR
 10
1.0
 20
0.0
 30
0.0
  9
$PUCSYDIR
 10
0.0
 20
1.0
 30
0.0
  9
$PUCSORTHOREF
  2

  9
$PUCSORTHOVIEW
 70
0
  9
$PUCSORGTOP
 10
0.0
 20
0.0
 30
0.0
  9
$PUCSORGBOTTOM
 10
0.0
 20
0.0
 30
0.0
  9
$PUCSORGLEFT
 10
0.0
 20
0.0
 30
0.0
  9
$PUCSORGRIGHT
 10
0.0
 20
0.0
 30
0.0
  9
$PUCSORGFRONT
 10
0.0
 20
0.0
 30
0.0
  9
$PUCSORGBACK
 10
0.0
 20
0.0
 30
0.0
  9
$USERI1
 70
0
  9
$USERI2
 70
0
  9
$USERI3
 70
0
  9
$USERI4
 70
0
  9
$USERI5
 70
0
  9
$USERR1
 40
0.0
  9
$USERR2
 40
0.0
  9
$USERR3
 40
0.0
  9
$USERR4
 40
0.0
  9
$USERR5
 40
0.0
  9
$WORLDVIEW
 70
1
  9
$SHADEDGE
 70
3
  9
$SHADEDIF
 70
70
  9
$TILEMODE
 70
1
  9
$MAXACTVP
 70
64
  9
$PINSBASE
 10
0.0
 20
0.0
 30
0.0
  9
$PLIMCHECK
 70
0
  9
$PEXTMIN
 10
1e+20
 20
1e+20
 30
1e+20
  9
$PEXTMAX
 10
-1e+20
 20
-1e+20
 30
-1e+20
  9
$PLIMMIN
 10
0.0
 20
0.0
  9
$PLIMMAX
 10
420.0
 20
297.0
  9
$UNITMODE
 70
0
  9
$VISRETAIN
 70
1
  9
$PLINEGEN
 70
0
  9
$PSLTSCALE
 70
1
  9
$TREEDEPTH
 70
3020
  9
$CMLSTYLE
  2
Standard
  9
$CMLJUST
 70
0
  9
$CMLSCALE
 40
20.0
  9
$PROXYGRAPHICS
 70
1
  9
$MEASUREMENT
 70
1
  9
$CELWEIGHT
370
-1
  9
$ENDCAPS
280
0
  9
$JOINSTYLE
280
0
  9
$LWDISPLAY
290
0
  9
$INSUNITS
 70
1
  9
$HYPERLINKBASE
  1

  9
$STYLESHEET
  1

  9
$XEDIT
290
1
  9
$CEPSNTYPE
380
0
  9
$PSTYLEMODE
290
1
  9
$FINGERPRINTGUID
  2
{0D160FA4-5C32-4D6E-A585-23247DA86875}
  9
$VERSIONGUID
  2
{8614E622-94C9-4B58-A2C3-C2047A6BD1F9}
  9
$EXTNAMES
290
1
  9
$PSVPSCALE
 40
0.0
  9
$OLESTARTUP
290
0
  9
$SORTENTS
280
127
  9
$INDEXCTL
280
0
  9
$HIDETEXT
280
1
  9
$XCLIPFRAME
280
1
  9
$HALOGAP
280
0
  9
$OBSCOLOR
 70
257
  9
$OBSLTYPE
280
0
  9
$INTERSECTIONDISPLAY
280
0
  9
$INTERSECTIONCOLOR
 70
257
  9
$DIMASSOC
280
2
  9
$PROJECTNAME
  1

  9
$CAMERADISPLAY
290
0
  9
$LENSLENGTH
 40
50.0
  9
$CAMERAHEIGHT
 40
0.0
  9
$STEPSPERSEC
 40
24.0
  9
$STEPSIZE
 40
100.0
  9
$3DDWFPREC
 40
2.0
  9
$PSOLWIDTH
 40
0.005
  9
$PSOLHEIGHT
 40
0.08
  9
$LOFTANG1
 40
1.570796326795
  9
$LOFTANG2
 40
1.570796326795
  9
$LOFTMAG1
 40
0.0
  9
$LOFTMAG2
 40
0.0
  9
$LOFTPARAM
 70
7
  9
$LOFTNORMALS
280
1
  9
$LATITUDE
 40
37.795
  9
$LONGITUDE
 40
-122.394
  9
$NORTHDIRECTION
 40
0.0
  9
$TIMEZONE
 70
-8000
  9
$LIGHTGLYPHDISPLAY
280
1
  9
$TILEMODELIGHTSYNCH
280
1
  9
$CMATERIAL
347
20
  9
$SOLIDHIST
280
0
  9
$SHOWHIST
280
1
  9
$DWFFRAME
280
2
  9
$DGNFRAME
280
2
  9
$REALWORLDSCALE
290
1
  9
$INTERFERECOLOR
 62
256
  9
$CSHADOW
280
0
  9
$SHADOWPLANELOCATION
 40
0.0
  0
ENDSEC
  0
SECTION
  2
CLASSES
  0
CLASS
  1
ACDBDICTIONARYWDFLT
  2
AcDbDictionaryWithDefault
  3
ObjectDBX Classes
 90
0
 91
0
280
0
281
0
  0
CLASS
  1
SUN
  2
AcDbSun
  3
SCENEOE
 90
1153
 91
0
280
0
281
0
  0
CLASS
  1
VISUALSTYLE
  2
AcDbVisualStyle
  3
ObjectDBX Classes
 90
4095
 91
0
280
0
281
0
  0
CLASS
  1
MATERIAL
  2
AcDbMaterial
  3
ObjectDBX Classes
 90
1153
 91
0
280
0
281
0
  0
CLASS
  1
SCALE
  2
AcDbScale
  3
ObjectDBX Classes
 90
1153
 91
0
280
0
281
0
  0
CLASS
  1
TABLESTYLE
  2
AcDbTableStyle
  3
ObjectDBX Classes
 90
4095
 91
0
280
0
281
0
  0
CLASS
  1
MLEADERSTYLE
  2
AcDbMLeaderStyle
  3
ACDB_MLEADERSTYLE_CLASS
 90
4095
 91
0
280
0
281
0
  0
CLASS
  1
DICTIONARYVAR
  2
AcDbDictionaryVar
  3
ObjectDBX Classes
 90
0
 91
0
280
0
281
0
  0
CLASS
  1
CELLSTYLEMAP
  2
AcDbCellStyleMap
  3
ObjectDBX Classes
 90
1152
 91
0
280
0
281
0
  0
CLASS
  1
MENTALRAYRENDERSETTINGS
  2
AcDbMentalRayRenderSettings
  3
SCENEOE
 90
1024
 91
0
280
0
281
0
  0
CLASS
  1
ACDBDETAILVIEWSTYLE
  2
AcDbDetailViewStyle
  3
ObjectDBX Classes
 90
1025
 91
0
280
0
281
0
  0
CLASS
  1
ACDBSECTIONVIEWSTYLE
  2
AcDbSectionViewStyle
  3
ObjectDBX Classes
 90
1025
 91
0
280
0
281
0
  0
CLASS
  1
RASTERVARIABLES
  2
AcDbRasterVariables
  3
ISM
 90
0
 91
0
280
0
281
0
  0
CLASS
  1
ACDBPLACEHOLDER
  2
AcDbPlaceHolder
  3
ObjectDBX Classes
 90
0
 91
0
280
0
281
0
  0
CLASS
  1
LAYOUT
  2
AcDbLayout
  3
ObjectDBX Classes
 90
0
 91
0
280
0
281
0
  0
ENDSEC
  0
SECTION
  2
TABLES
  0
TABLE
  2
VPORT
  5
8
330
0
100
AcDbSymbolTable
 70
1
  0
VPORT
  5
23
330
8
100
AcDbSymbolTableRecord
100
AcDbViewportTableRecord
  2
*Active
 70
0
 10
0.0
 20
0.0
 11
1.0
 21
1.0
 12
0.0
 22
0.0
 13
0.0
 23
0.0
 14
0.5
 24
0.5
 15
0.5
 25
0.5
 16
0.0
 26
0.0
 36
1.0
 17
0.0
 27
0.0
 37
0.0
 40
1000.0
 41
1.34
 42
50.0
 43
0.0
 44
0.0
 50
0.0
 51
0.0
 71
0
 72
1000
 73
1
 74
3
 75
0
 76
0
 77
0
 78
0
281
0
 65
0
146
0.0
  0
ENDTAB
  0
TABLE
  2
LTYPE
  5
2
330
0
100
AcDbSymbolTable
 70
21
  0
LTYPE
  5
24
330
2
100
AcDbSymbolTableRecord
100
AcDbLinetypeTableRecord
  2
ByBlock
 70
0
  3

 72
65
 73
0
 40
0.0
  0
LTYPE
  5
25
330
2
100
AcDbSymbolTableRecord
100
AcDbLinetypeTableRecord
  2
ByLayer
 70
0
  3

 72
65
 73
0
 40
0.0
  0
LTYPE
  5
26
330
2
100
AcDbSymbolTableRecord
100
AcDbLinetypeTableRecord
  2
Continuous
 70
0
  3

 72
65
 73
0
 40
0.0
  0
LTYPE
  5
2F
330
2
100
AcDbSymbolTableRecord
100
AcDbLinetypeTableRecord
  2
CENTER
 70
0
  3
Center ____ _ ____ _ ____ _ ____ _ ____ _ ____
 72
65
 73
4
 40
5.08
 49
3.175
 74
0
 49
-0.635
 74
0
 49
0.635
 74
0
 49
-0.635
 74
0
  0
LTYPE
  5
30
330
2
100
AcDbSymbolTableRecord
100
AcDbLinetypeTableRecord
  2
CENTERX2
 70
0
  3
Center (2x) ________  __  ________  __  ________
 72
65
 73
4
 40
8.89
 49
6.35
 74
0
 49
-0.635
 74
0
 49
1.27
 74
0
 49
-0.635
 74
0
  0
LTYPE
  5
31
330
2
100
AcDbSymbolTableRecord
100
AcDbLinetypeTableRecord
  2
CENTER2
 70
0
  3
Center (.5x) ____ _ ____ _ ____ _ ____ _ ____
 72
65
 73
4
 40
2.54
 49
1.587
 74
0
 49
-0.318
 74
0
 49
0.318
 74
0
 49
-0.318
 74
0
  0
LTYPE
  5
32
330
2
100
AcDbSymbolTableRecord
100
AcDbLinetypeTableRecord
  2
DASHED
 70
0
  3
Dashed __ __ __ __ __ __ __ __ __ __ __ __ __ _
 72
65
 73
2
 40
1.524
 49
1.27
 74
0
 49
-0.254
 74
0
  0
LTYPE
  5
33
330
2
100
AcDbSymbolTableRecord
100
AcDbLinetypeTableRecord
  2
DASHEDX2
 70
0
  3
Dashed (2x) ____  ____  ____  ____  ____  ____
 72
65
 73
2
 40
3.048
 49
2.54
 74
0
 49
-0.508
 74
0
  0
LTYPE
  5
34
330
2
100
AcDbSymbolTableRecord
100
AcDbLinetypeTableRecord
  2
DASHED2
 70
0
  3
Dashed (.5x) _ _ _ _ _ _ _ _ _ _ _ _ _ _
 72
65
 73
2
 40
0.762
 49
0.635
 74
0
 49
-0.127
 74
0
  0
LTYPE
  5
35
330
2
100
AcDbSymbolTableRecord
100
AcDbLinetypeTableRecord
  2
PHANTOM
 70
0
  3
Phantom ______  __  __  ______  __  __  ______
 72
65
 73
6
 40
6.35
 49
3.175
 74
0
 49
-0.635
 74
0
 49
0.635
 74
0
 49
-0.635
 74
0
 49
0.635
 74
0
 49
-0.635
 74
0
  0
LTYPE
  5
36
330
2
100
AcDbSymbolTableRecord
100
AcDbLinetypeTableRecord
  2
PHANTOMX2
 70
0
  3
Phantom (2x)____________    ____    ____    ____________
 72
65
 73
6
 40
10.795
 49
6.35
 74
0
 49
-0.635
 74
0
 49
1.27
 74
0
 49
-0.635
 74
0
 49
1.27
 74
0
 49
-0.635
 74
0
  0
LTYPE
  5
37
330
2
100
AcDbSymbolTableRecord
100
AcDbLinetypeTableRecord
  2
PHANTOM2
 70
0
  3
Phantom (.5x) ___ _ _ ___ _ _ ___ _ _ ___ _ _ ___
 72
65
 73
6
 40
3.175
 49
1.587
 74
0
 49
-0.318
 74
0
 49
0.318
 74
0
 49
-0.318
 74
0
 49
0.318
 74
0
 49
-0.318
 74
0
  0
LTYPE
  5
38
330
2
100
AcDbSymbolTableRecord
100
AcDbLinetypeTableRecord
  2
DASHDOT
 70
0
  3
Dash dot __ . __ . __ . __ . __ . __ . __ . __
 72
65
 73
4
 40
3.556
 49
2.54
 74
0
 49
-0.508
 74
0
 49
0.0
 74
0
 49
-0.508
 74
0
  0
LTYPE
  5
39
330
2
100
AcDbSymbolTableRecord
100
AcDbLinetypeTableRecord
  2
DASHDOTX2
 70
0
  3
Dash dot (2x) ____  .  ____  .  ____  .  ____
 72
65
 73
4
 40
6.096
 49
5.08
 74
0
 49
-0.508
 74
0
 49
0.0
 74
0
 49
-0.508
 74
0
  0
LTYPE
  5
3A
330
2
100
AcDbSymbolTableRecord
100
AcDbLinetypeTableRecord
  2
DASHDOT2
 70
0
  3
Dash dot (.5x) _ . _ . _ . _ . _ . _ . _ . _
 72
65
 73
4
 40
1.778
 49
1.27
 74
0
 49
-0.254
 74
0
 49
0.0
 74
0
 49
-0.254
 74
0
  0
LTYPE
  5
3B
330
2
100
AcDbSymbolTableRecord
100
AcDbLinetypeTableRecord
  2
DOT
 70
0
  3
Dot .  .  .  .  .  .  .  .  .  .  .  .  .  .  .  .
 72
65
 73
2
 40
0.508
 49
0.0
 74
0
 49
-0.508
 74
0
  0
LTYPE
  5
3C
330
2
100
AcDbSymbolTableRecord
100
AcDbLinetypeTableRecord
  2
DOTX2
 70
0
  3
Dot (2x) .    .    .    .    .    .    .    . 
 72
65
 73
2
 40
1.016
 49
0.0
 74
0
 49
-1.016
 74
0
  0
LTYPE
  5
3D
330
2
100
AcDbSymbolTableRecord
100
AcDbLinetypeTableRecord
  2
DOT2
 70
0
  3
Dot (.5) . . . . . . . . . . . . . . . . . . . 
 72
65
 73
2
 40
0.254
 49
0.0
 74
0
 49
-0.254
 74
0
  0
LTYPE
  5
3E
330
2
100
AcDbSymbolTableRecord
100
AcDbLinetypeTableRecord
  2
DIVIDE
 70
0
  3
Divide __ . . __ . . __ . . __ . . __ . . __
 72
65
 73
6
 40
4.064
 49
2.54
 74
0
 49
-0.508
 74
0
 49
0.0
 74
0
 49
-0.508
 74
0
 49
0.0
 74
0
 49
-0.508
 74
0
  0
LTYPE
  5
3F
330
2
100
AcDbSymbolTableRecord
100
AcDbLinetypeTableRecord
  2
DIVIDEX2
 70
0
  3
Divide (2x) ____  . .  ____  . .  ____  . .  ____
 72
65
 73
6
 40
6.604
 49
5.08
 74
0
 49
-0.508
 74
0
 49
0.0
 74
0
 49
-0.508
 74
0
 49
0.0
 74
0
 49
-0.508
 74
0
  0
LTYPE
  5
40
330
2
100
AcDbSymbolTableRecord
100
AcDbLinetypeTableRecord
  2
DIVIDE2
 70
0
  3
Divide(.5x) _ . _ . _ . _ . _ . _ . _ . _
 72
65
 73
6
 40
2.032
 49
1.27
 74
0
 49
-0.254
 74
0
 49
0.0
 74
0
 49
-0.254
 74
0
 49
0.0
 74
0
 49
-0.254
 74
0
  0
ENDTAB
  0
TABLE
  2
LAYER
  5
1
330
0
100
AcDbSymbolTable
 70
4
  0
LAYER
  5
27
330
1
100
AcDbSymbolTableRecord
100
AcDbLayerTableRecord
  2
0
 70
0
 62
7
  6
Continuous
370
-3
390
13
347
21
  0
LAYER
  5
28
330
1
100
AcDbSymbolTableRecord
100
AcDbLayerTableRecord
  2
Defpoints
 70
0
 62
7
  6
Continuous
290
0
370
-3
390
13
347
21
  0
LAYER
  5
8A
330
1
100
AcDbSymbolTableRecord
100
AcDbLayerTableRecord
  2
PROFILE
 70
0
 62
1
  6
Continuous
370
-3
390
13
347
21
  0
LAYER
  5
8B
330
1
100
AcDbSymbolTableRecord
100
AcDbLayerTableRecord
  2
SLOTS
 70
0
 62
3
  6
Continuous
370
-3
390
13
347
21
  0
ENDTAB
  0
TABLE
  2
STYLE
  5
5
330
0
100
AcDbSymbolTable
 70
26
  0
STYLE
  5
29
330
5
100
AcDbSymbolTableRecord
100
AcDbTextStyleTableRecord
  2
Standard
 70
0
 40
0.0
 41
1.0
 50
0.0
 71
0
 42
2.5
  3
txt
  4

  0
STYLE
  5
41
330
5
100
AcDbSymbolTableRecord
100
AcDbTextStyleTableRecord
  2
OpenSans-Light
 70
0
 40
0.0
 41
1.0
 50
0.0
 71
0
 42
2.5
  3
OpenSans-Light.ttf
  4

  0
STYLE
  5
42
330
5
100
AcDbSymbolTableRecord
100
AcDbTextStyleTableRecord
  2
OpenSans-Light-Italic
 70
0
 40
0.0
 41
1.0
 50
0.0
 71
0
 42
2.5
  3
OpenSans-LightItalic.ttf
  4

  0
STYLE
  5
43
330
5
100
AcDbSymbolTableRecord
100
AcDbTextStyleTableRecord
  2
OpenSans
 70
0
 40
0.0
 41
1.0
 50
0.0
 71
0
 42
2.5
  3
OpenSans-Regular.ttf
  4

  0
STYLE
  5
44
330
5
100
AcDbSymbolTableRecord
100
AcDbTextStyleTableRecord
  2
OpenSans-Italic
 70
0
 40
0.0
 41
1.0
 50
0.0
 71
0
 42
2.5
  3
OpenSans-Italic.ttf
  4

  0
STYLE
  5
45
330
5
100
AcDbSymbolTableRecord
100
AcDbTextStyleTableRecord
  2
OpenSans-SemiBold
 70
0
 40
0.0
 41
1.0
 50
0.0
 71
0
 42
2.5
  3
OpenSans-SemiBold.ttf
  4

  0
STYLE
  5
46
330
5
100
AcDbSymbolTableRecord
100
AcDbTextStyleTableRecord
  2
OpenSans-SemiBoldItalic
 70
0
 40
0.0
 41
1.0
 50
0.0
 71
0
 42
2.5
  3
OpenSans-SemiBoldItalic.ttf
  4

  0
STYLE
  5
47
330
5
100
AcDbSymbolTableRecord
100
AcDbTextStyleTableRecord
  2
OpenSans-Bold
 70
0
 40
0.0
 41
1.0
 50
0.0
 71
0
 42
2.5
  3
OpenSans-Bold.ttf
  4

  0
STYLE
  5
48
330
5
100
AcDbSymbolTableRecord
100
AcDbTextStyleTableRecord
  2
OpenSans-BoldItalic
 70
0
 40
0.0
 41
1.0
 50
0.0
 71
0
 42
2.5
  3
OpenSans-BoldItalic.ttf
  4

  0
STYLE
  5
49
330
5
100
AcDbSymbolTableRecord
100
AcDbTextStyleTableRecord
  2
OpenSans-ExtraBold
 70
0
 40
0.0
 41
1.0
 50
0.0
 71
0
 42
2.5
  3
OpenSans-ExtraBold.ttf
  4

  0
STYLE
  5
4A
330
5
100
AcDbSymbolTableRecord
100
AcDbTextStyleTableRecord
  2
OpenSans-ExtraBoldItalic
 70
0
 40
0.0
 41
1.0
 50
0.0
 71
0
 42
2.5
  3
OpenSans-ExtraBoldItalic.ttf
  4

  0
STYLE
  5
4B
330
5
100
AcDbSymbolTableRecord
100
AcDbTextStyleTableRecord
  2
OpenSansCondensed-Bold
 70
0
 40
0.0
 41
1.0
 50
0.0
 71
0
 42
2.5
  3
OpenSansCondensed-Bold.ttf
  4

  0
STYLE
  5
4C
330
5
100
AcDbSymbolTableRecord
100
AcDbTextStyleTableRecord
  2
OpenSansCondensed-Light
 70
0
 40
0.0
 41
1.0
 50
0.0
 71
0
 42
2.5
  3
OpenSansCondensed-Light.ttf
  4

  0
STYLE
  5
4D
330
5
100
AcDbSymbolTableRecord
100
AcDbTextStyleTableRecord
  2
OpenSansCondensed-Italic
 70
0
 40
0.0
 41
1.0
 50
0.0
 71
0
 42
2.5
  3
OpenSansCondensed-LightItalic.ttf
  4

  0
STYLE
  5
4E
330
5
100
AcDbSymbolTableRecord
100
AcDbTextStyleTableRecord
  2
LiberationSans
 70
0
 40
0.0
 41
1.0
 50
0.0
 71
0
 42
2.5
  3
LiberationSans-Regular.ttf
  4

  0
STYLE
  5
4F
330
5
100
AcDbSymbolTableRecord
100
AcDbTextStyleTableRecord
  2
LiberationSans-Bold
 70
0
 40
0.0
 41
1.0
 50
0.0
 71
0
 42
2.5
  3
LiberationSans-Bold.ttf
  4

  0
STYLE
  5
50
330
5
100
AcDbSymbolTableRecord
100
AcDbTextStyleTableRecord
  2
LiberationSans-BoldItalic
 70
0
 40
0.0
 41
1.0
 50
0.0
 71
0
 42
2.5
  3
LiberationSans-BoldItalic.ttf
  4

  0
STYLE
  5
51
330
5
100
AcDbSymbolTableRecord
100
AcDbTextStyleTableRecord
  2
LiberationSans-Italic
 70
0
 40
0.0
 41
1.0
 50
0.0
 71
0
 42
2.5
  3
LiberationSans-Italic.ttf
  4

  0
STYLE
  5
52
330
5
100
AcDbSymbolTableRecord
100
AcDbTextStyleTableRecord
  2
LiberationSerif
 70
0
 40
0.0
 41
1.0
 50
0.0
 71
0
 42
2.5
  3
LiberationSerif-Regular.ttf
  4

  0
STYLE
  5
53
330
5
100
AcDbSymbolTableRecord
100
AcDbTextStyleTableRecord
  2
LiberationSerif-Bold
 70
0
 40
0.0
 41
1.0
 50
0.0
 71
0
 42
2.5
  3
LiberationSerif-Bold.ttf
  4

  0
STYLE
  5
54
330
5
100
AcDbSymbolTableRecord
100
AcDbTextStyleTableRecord
  2
LiberationSerif-BoldItalic
 70
0
 40
0.0
 41
1.0
 50
0.0
 71
0
 42
2.5
  3
LiberationSerif-BoldItalic.ttf
  4

  0
STYLE
  5
55
330
5
100
AcDbSymbolTableRecord
100
AcDbTextStyleTableRecord
  2
LiberationSerif-Italic
 70
0
 40
0.0
 41
1.0
 50
0.0
 71
0
 42
2.5
  3
LiberationSerif-Italic.ttf
  4

  0
STYLE
  5
56
330
5
100
AcDbSymbolTableRecord
100
AcDbTextStyleTableRecord
  2
LiberationMono
 70
0
 40
0.0
 41
1.0
 50
0.0
 71
0
 42
2.5
  3
LiberationMono-Regular.ttf
  4

  0
STYLE
  5
57
330
5
100
AcDbSymbolTableRecord
100
AcDbTextStyleTableRecord
  2
LiberationMono-Bold
 70
0
 40
0.0
 41
1.0
 50
0.0
 71
0
 42
2.5
  3
LiberationMono-Bold.ttf
  4

  0
STYLE
  5
58
330
5
100
AcDbSymbolTableRecord
100
AcDbTextStyleTableRecord
  2
LiberationMono-BoldItalic
 70
0
 40
0.0
 41
1.0
 50
0.0
 71
0
 42
2.5
  3
LiberationMono-BoldItalic.ttf
  4

  0
STYLE
  5
59
330
5
100
AcDbSymbolTableRecord
100
AcDbTextStyleTableRecord
  2
LiberationMono-Italic
 70
0
 40
0.0
 41
1.0
 50
0.0
 71
0
 42
2.5
  3
LiberationMono-Italic.ttf
  4

  0
ENDTAB
  0
TABLE
  2
VIEW
  5
7
330
0
100
AcDbSymbolTable
 70
0
  0
ENDTAB
  0
TABLE
  2
UCS
  5
6
330
0
100
AcDbSymbolTable
 70
0
  0
ENDTAB
  0
TABLE
  2
APPID
  5
3
330
0
100
AcDbSymbolTable
 70
3
  0
APPID
  5
2A
330
3
100
AcDbSymbolTableRecord
100
AcDbRegAppTableRecord
  2
ACAD
 70
0
  0
APPID
  5
5B5
330
3
100
AcDbSymbolTableRecord
100
AcDbRegAppTableRecord
  2
HATCHBACKGROUNDCOLOR
 70
0
  0
APPID
  5
5B6
330
3
100
AcDbSymbolTableRecord
100
AcDbRegAppTableRecord
  2
EZDXF
 70
0
  0
ENDTAB
  0
TABLE
  2
DIMSTYLE
  5
4
330
0
100
AcDbSymbolTable
 70
12
100
AcDbDimStyleTable
  0
DIMSTYLE
105
2B
330
4
100
AcDbSymbolTableRecord
100
AcDbDimStyleTableRecord
  2
Standard
 70
0
 40
1.0
 41
2.5
 42
0.625
 43
3.75
 44
1.25
 45
0.0
 46
0.0
 47
0.0
 48
0.0
 49
2.5
140
2.5
141
2.5
142
0.0
143
0.03937007874
144
1.0
145
0.0
146
1.0
147
0.625
148
0.0
 69
0
 70
0
 71
0
 72
0
 73
0
 74
0
 75
0
 76
0
 77
1
 78
8
 79
3
170
0
171
3
172
1
173
0
174
0
175
0
176
0
177
0
178
0
179
2
271
2
272
2
273
2
274
3
275
0
276
0
277
2
278
44
279
0
280
0
281
0
282
0
283
0
284
8
285
0
286
0
288
0
289
3
290
0
371
-2
372
-2
  0
DIMSTYLE
105
73
330
4
100
AcDbSymbolTableRecord
100
AcDbDimStyleTableRecord
  2
EZDXF
 70
0
 40
1.0
 41
0.175
 42
0.125
 43
3.75
 44
0.375
 45
0.0
 46
0.0
 47
0.0
 48
0.0
 49
2.5
140
0.25
141
2.5
142
0.0
143
0.03937007874
144
100.0
145
0.0
146
0.5
147
0.1
148
0.0
 69
0
 70
0
 71
0
 72
0
 73
0
 74
0
 75
0
 76
0
 77
1
 78
12
 79
3
170
0
171
3
172
1
173
0
174
0
175
0
176
0
177
0
178
0
179
2
271
2
272
2
273
2
274
3
275
0
276
0
277
2
278
46
279
2
280
0
281
0
282
0
283
0
284
8
285
0
286
0
288
1
289
3
290
0
340
4C
342
74
371
-2
372
-2
  0
DIMSTYLE
105
7C
330
4
100
AcDbSymbolTableRecord
100
AcDbDimStyleTableRecord
  2
EZ_M_100_H25_CM
 70
0
 40
1.0
 41
0.25
 42
0.125
 43
3.75
 44
0.375
 45
0.0
 46
0.0
 47
0.0
 48
0.0
 49
2.5
140
0.25
141
2.5
142
0.125
143
0.03937007874
144
100.0
145
0.0
146
0.5
147
0.1
148
0.0
 69
0
 70
0
 71
0
 72
0
 73
0
 74
0
 75
0
 76
0
 77
1
 78
12
 79
3
170
0
171
3
172
1
173
0
174
0
175
0
176
0
177
0
178
0
179
2
271
2
272
2
273
2
274
3
275
0
276
0
277
2
278
46
279
2
280
0
281
0
282
0
283
0
284
8
285
0
286
0
288
1
289
3
290
0
340
4C
371
-2
372
-2
  0
DIMSTYLE
105
7D
330
4
100
AcDbSymbolTableRecord
100
AcDbDimStyleTableRecord
  2
EZ_M_50_H25_CM
 70
0
 40
1.0
 41
0.125
 42
0.0625
 43
3.75
 44
0.1875
 45
0.0
 46
0.0
 47
0.0
 48
0.0
 49
2.5
140
0.125
141
2.5
142
0.0625
143
0.03937007874
144
100.0
145
0.0
146
0.5
147
0.05
148
0.0
 69
0
 70
0
 71
0
 72
0
 73
0
 74
0
 75
0
 76
0
 77
1
 78
12
 79
3
170
0
171
3
172
1
173
0
174
0
175
0
176
0
177
0
178
0
179
2
271
2
272
2
273
2
274
3
275
0
276
0
277
2
278
46
279
2
280
0
281
0
282
0
283
0
284
8
285
0
286
0
288
1
289
3
290
0
340
4C
371
-2
372
-2
  0
DIMSTYLE
105
7E
330
4
100
AcDbSymbolTableRecord
100
AcDbDimStyleTableRecord
  2
EZ_M_25_H25_CM
 70
0
 40
1.0
 41
0.0625
 42
0.03125
 43
3.75
 44
0.09375
 45
0.0
 46
0.0
 47
0.0
 48
0.0
 49
2.5
140
0.0625
141
2.5
142
0.03125
143
0.03937007874
144
100.0
145
0.0
146
0.5
147
0.025
148
0.0
 69
0
 70
0
 71
0
 72
0
 73
0
 74
0
 75
0
 76
0
 77
1
 78
12
 79
3
170
0
171
3
172
1
173
0
174
0
175
0
176
0
177
0
178
0
179
2
271
2
272
2
273
2
274
3
275
0
276
0
277
2
278
46
279
2
280
0
281
0
282
0
283
0
284
8
285
0
286
0
288
1
289
3
290
0
340
4C
371
-2
372
-2
  0
DIMSTYLE
105
7F
330
4
100
AcDbSymbolTableRecord
100
AcDbDimStyleTableRecord
  2
EZ_M_20_H25_CM
 70
0
 40
1.0
 41
0.05
 42
0.025
 43
3.75
 44
0.07500000000000001
 45
0.0
 46
0.0
 47
0.0
 48
0.0
 49
2.5
140
0.05
141
2.5
142
0.025
143
0.03937007874
144
100.0
145
0.0
146
0.5
147
0.020000000000000004
148
0.0
 69
0
 70
0
 71
0
 72
0
 73
0
 74
0
 75
0
 76
0
 77
1
 78
12
 79
3
170
0
171
3
172
1
173
0
174
0
175
0
176
0
177
0
178
0
179
2
271
2
272
2
273
2
274
3
275
0
276
0
277
2
278
46
279
2
280
0
281
0
282
0
283
0
284
8
285
0
286
0
288
1
289
3
290
0
340
4C
371
-2
372
-2
  0
DIMSTYLE
105
80
330
4
100
AcDbSymbolTableRecord
100
AcDbDimStyleTableRecord
  2
EZ_M_10_H25_CM
 70
0
 40
1.0
 41
0.025
 42
0.0125
 43
3.75
 44
0.037500000000000006
 45
0.0
 46
0.0
 47
0.0
 48
0.0
 49
2.5
140
0.025
141
2.5
142
0.0125
143
0.03937007874
144
100.0
145
0.0
146
0.5
147
0.010000000000000002
148
0.0
 69
0
 70
0
 71
0
 72
0
 73
0
 74
0
 75
0
 76
0
 77
1
 78
12
 79
3
170
0
171
3
172
1
173
0
174
0
175
0
176
0
177
0
178
0
179
2
271
2
272
2
273
2
274
3
275
0
276
0
277
2
278
46
279
2
280
0
281
0
282
0
283
0
284
8
285
0
286
0
288
1
289
3
290
0
340
4C
371
-2
372
-2
  0
DIMSTYLE
105
81
330
4
100
AcDbSymbolTableRecord
100
AcDbDimStyleTableRecord
  2
EZ_M_5_H25_CM
 70
0
 40
1.0
 41
0.0125
 42
0.00625
 43
3.75
 44
0.018750000000000003
 45
0.0
 46
0.0
 47
0.0
 48
0.0
 49
2.5
140
0.0125
141
2.5
142
0.00625
143
0.03937007874
144
100.0
145
0.0
146
0.5
147
0.005000000000000001
148
0.0
 69
0
 70
0
 71
0
 72
0
 73
0
 74
0
 75
0
 76
0
 77
1
 78
12
 79
3
170
0
171
3
172
1
173
0
174
0
175
0
176
0
177
0
178
0
179
2
271
2
272
2
273
2
274
3
275
0
276
0
277
2
278
46
279
2
280
0
281
0
282
0
283
0
284
8
285
0
286
0
288
1
289
3
290
0
340
4C
371
-2
372
-2
  0
DIMSTYLE
105
82
330
4
100
AcDbSymbolTableRecord
100
AcDbDimStyleTableRecord
  2
EZ_M_1_H25_CM
 70
0
 40
1.0
 41
0.0025
 42
0.00125
 43
3.75
 44
0.00375
 45
0.0
 46
0.0
 47
0.0
 48
0.0
 49
2.5
140
0.0025
141
2.5
142
0.00125
143
0.03937007874
144
100.0
145
0.0
146
0.5
147
0.001
148
0.0
 69
0
 70
0
 71
0
 72
0
 73
0
 74
0
 75
0
 76
0
 77
1
 78
12
 79
3
170
0
171
3
172
1
173
0
174
0
175
0
176
0
177
0
178
0
179
2
271
2
272
2
273
2
274
3
275
0
276
0
277
2
278
46
279
2
280
0
281
0
282
0
283
0
284
8
285
0
286
0
288
1
289
3
290
0
340
4C
371
-2
372
-2
  0
DIMSTYLE
105
83
330
4
100
AcDbSymbolTableRecord
100
AcDbDimStyleTableRecord
  2
EZ_RADIUS
 70
0
 40
1.0
 41
0.25
 42
0.125
 43
3.75
 44
0.375
 45
0.0
 46
0.0
 47
0.0
 48
0.0
 49
2.5
140
0.25
141
0.0
142
0.0
143
0.03937007874
144
100.0
145
0.0
146
0.5
147
0.1
148
0.0
 69
0
 70
0
 71
0
 72
0
 73
0
 74
0
 75
0
 76
0
 77
1
 78
12
 79
3
170
0
171
3
172
0
173
0
174
0
175
0
176
0
177
0
178
0
179
2
271
2
272
2
273
2
274
3
275
0
276
0
277
2
278
46
279
1
280
0
281
0
282
0
283
0
284
8
285
0
286
0
288
1
289
3
290
0
340
4C
342
84
371
-2
372
-2
  0
DIMSTYLE
105
88
330
4
100
AcDbSymbolTableRecord
100
AcDbDimStyleTableRecord
  2
EZ_RADIUS_INSIDE
 70
0
 40
1.0
 41
0.25
 42
0.125
 43
3.75
 44
0.375
 45
0.0
 46
0.0
 47
0.0
 48
0.0
 49
2.5
140
0.25
141
0.0
142
0.0
143
0.03937007874
144
100.0
145
0.0
146
0.5
147
0.1
148
0.0
 69
0
 70
0
 71
0
 72
0
 73
0
 74
0
 75
0
 76
0
 77
0
 78
12
 79
3
170
0
171
3
172
0
173
0
174
1
175
0
176
0
177
0
178
0
179
2
271
2
272
2
273
2
274
3
275
0
276
0
277
2
278
46
279
0
280
0
281
0
282
0
283
0
284
8
285
0
286
0
288
1
289
0
290
0
340
4C
342
84
371
-2
372
-2
  0
DIMSTYLE
105
89
330
4
100
AcDbSymbolTableRecord
100
AcDbDimStyleTableRecord
  2
EZ_CURVED
 70
0
 40
1.0
 41
0.25
 42
0.125
 43
3.75
 44
0.375
 45
0.0
 46
0.0
 47
0.0
 48
0.0
 49
2.5
140
0.25
141
2.5
142
0.0
143
0.03937007874
144
100.0
145
0.0
146
0.5
147
0.1
148
0.0
 69
0
 70
0
 71
0
 72
0
 73
0
 74
0
 75
0
 76
0
 77
1
 78
12
 79
2
 90
2
170
0
171
3
172
1
173
0
174
0
175
0
176
0
177
0
178
0
179
2
271
2
272
2
273
2
274
3
275
0
276
0
277
2
278
46
279
2
280
0
281
0
282
0
283
0
284
8
285
0
286
0
288
1
289
3
290
0
340
4C
371
-2
372
-2
  0
ENDTAB
  0
TABLE
  2
BLOCK_RECORD
  5
9
330
0
100
AcDbSymbolTable
 70
5
  0
BLOCK_RECORD
  5
17
330
9
100
AcDbSymbolTableRecord
100
AcDbBlockTableRecord
  2
*Model_Space
340
1A
 70
0
280
1
281
0
  0
BLOCK_RECORD
  5
1B
330
9
100
AcDbSymbolTableRecord
100
AcDbBlockTableRecord
  2
*Paper_Space
340
1E
 70
0
280
1
281
0
  0
BLOCK_RECORD
  5
74
330
9
100
AcDbSymbolTableRecord
100
AcDbBlockTableRecord
  2
_ARCHTICK
340
0
 70
0
280
1
281
0
  0
BLOCK_RECORD
  5
78
330
9
100
AcDbSymbolTableRecord
100
AcDbBlockTableRecord
  2
_CLOSEDFILLED
340
0
 70
0
280
1
281
0
  0
BLOCK_RECORD
  5
84
330
9
100
AcDbSymbolTableRecord
100
AcDbBlockTableRecord
  2
_CLOSEDBLANK
340
0
 70
0
280
1
281
0
  0
ENDTAB
  0
ENDSEC
  0
SECTION
  2
BLOCKS
  0
BLOCK
  5
18
330
17
100
AcDbEntity
  8
0
100
AcDbBlockBegin
  2
*Model_Space
 70
0
 10
0.0
 20
0.0
 30
0.0
  3
*Model_Space
  1

  0
ENDBLK
  5
19
330
17
100
AcDbEntity
  8
0
100
AcDbBlockEnd
  0
BLOCK
  5
1C
330
1B
100
AcDbEntity
  8
0
100
AcDbBlockBegin
  2
*Paper_Space
 70
0
 10
0.0
 20
0.0
 30
0.0
  3
*Paper_Space
  1

  0
ENDBLK
  5
1D
330
1B
100
AcDbEntity
  8
0
100
AcDbBlockEnd
  0
BLOCK
  5
75
330
74
100
AcDbEntity
  8
0
100
AcDbBlockBegin
  2
_ARCHTICK
 70
0
 10
0.0
 20
0.0
 30
0.0
  3
_ARCHTICK
  1

  0
LWPOLYLINE
  5
77
330
74
100
AcDbEntity
  8
0
  6
BYBLOCK
 62
0
100
AcDbPolyline
 90
2
 70
0
 43
0.15
 10
-0.5
 20
-0.5
 10
0.5
 20
0.5
  0
ENDBLK
  5
76
330
74
100
AcDbEntity
  8
0
100
AcDbBlockEnd
  0
BLOCK
  5
79
330
78
100
AcDbEntity
  8
0
100
AcDbBlockBegin
  2
_CLOSEDFILLED
 70
0
 10
0.0
 20
0.0
 30
0.0
  3
_CLOSEDFILLED
  1

  0
SOLID
  5
7B
330
78
100
AcDbEntity
  8
0
  6
BYBLOCK
 62
0
100
AcDbTrace
 10
-1.0
 20
0.16439898372402537
 30
0.0
 11
0.0
 21
0.0
 31
0.0
 12
-1.0
 22
-0.16439898372402537
 32
0.0
 13
-1.0
 23
-0.16439898372402537
 33
0.0
  0
ENDBLK
  5
7A
330
78
100
AcDbEntity
  8
0
100
AcDbBlockEnd
  0
BLOCK
  5
85
330
84
100
AcDbEntity
  8
0
100
AcDbBlockBegin
  2
_CLOSEDBLANK
 70
0
 10
0.0
 20
0.0
 30
0.0
  3
_CLOSEDBLANK
  1

  0
LWPOLYLINE
  5
87
330
84
100
AcDbEntity
  8
0
  6
BYBLOCK
 62
0
100
AcDbPolyline
 90
3
 70
1
 10
-1.0
 20
0.16439898372402537
 10
0.0
 20
0.0
 10
-1.0
 20
-0.16439898372402537
  0
ENDBLK
  5
86
330
84
100
AcDbEntity
  8
0
100
AcDbBlockEnd
  0
ENDSEC
  0
SECTION
  2
ENTITIES
  0
LWPOLYLINE
  5
8C
330
17
100
AcDbEntity
  8
PROFILE
100
AcDbPolyline
 90
4
 70
1
 10
0.0
 20
0.0
 10
36.0
 20
0.0
 10
36.0
 20
31.0
 10
0.0
 20
31.0
  0
LINE
  5
8D
330
17
100
AcDbEntity
  8
SLOTS
100
AcDbLine
 10
1.2952443488067058
 20
19.26169268071635
 30
0.0
 11
1.0962069450518914
 21
19.30880677753454
 31
0.0
  0
LINE
  5
8E
330
17
100
AcDbEntity
  8
SLOTS
100
AcDbLine
 10
1.1537930549481086
 20
19.55208406777557
 30
0.0
 11
1.352830458702923
 21
19.504969970957383
 31
0.0
  0
ARC
  5
8F
330
17
100
AcDbEntity
  8
SLOTS
100
AcDbCircle
 10
1.125
 20
19.430445422655055
 30
0.0
 40
0.125
100
AcDbArc
 50
76.68264881340764
 51
256.68264881340764
  0
ARC
  5
90
330
17
100
AcDbEntity
  8
SLOTS
100
AcDbCircle
 10
1.3240374037548144
 20
19.383331325836867
 30
0.0
 40
0.125
100
AcDbArc
 50
256.68264881340764
 51
436.68264881340764
  0
LINE
  5
91
330
17
100
AcDbEntity
  8
SLOTS
100
AcDbLine
 10
2.050400479257632
 20
18.312214397362855
 30
0.0
 11
1.0962069450518916
 21
18.53808132340675
 31
0.0
  0
LINE
  5
92
330
17
100
AcDbEntity
  8
SLOTS
100
AcDbLine
 10
1.1537930549481084
 20
18.781358613647782
 30
0.0
 11
2.107986589153849
 21
18.555491687603887
 31
0.0
  0
ARC
  5
93
330
17
100
AcDbEntity
  8
SLOTS
100
AcDbCircle
 10
1.125
 20
18.659719968527266
 30
0.0
 40
0.125
100
AcDbArc
 50
76.68264881340778
 51
256.6826488134078
  0
ARC
  5
94
330
17
100
AcDbEntity
  8
SLOTS
100
AcDbCircle
 10
2.0791935342057406
 20
18.43385304248337
 30
0.0
 40
0.125
100
AcDbArc
 50
256.6826488134078
 51
436.6826488134078
  0
LINE
  5
95
330
17
100
AcDbEntity
  8
SLOTS
100
AcDbLine
 10
2.805556609708563
 20
17.362736114009355
 30
0.0
 11
1.0962069450518916
 21
17.76735586927896
 31
0.0
  0
LINE
  5
96
330
17
100
AcDbEntity
  8
SLOTS
100
AcDbLine
 10
1.1537930549481084
 20
18.01063315951999
 30
0.0
 11
2.863142719604779
 21
17.606013404250387
 31
0.0
  0
ARC
  5
97
330
17
100
AcDbEntity
  8
SLOTS
100
AcDbCircle
 10
1.125
 20
17.888994514399474
 30
0.0
 40
0.125
100
AcDbArc
 50
76.68264881340781
 51
256.6826488134078
  0
ARC
  5
98
330
17
100
AcDbEntity
  8
SLOTS
100
AcDbCircle
 10
2.834349664656671
 20
17.48437475912987
 30
0.0
 40
0.125
100
AcDbArc
 50
256.6826488134078
 51
436.6826488134078
  0
LINE
  5
99
330
17
100
AcDbEntity
  8
SLOTS
100
AcDbLine
 10
3.560712740159489
 20
16.413257830655855
 30
0.0
 11
1.0962069450518916
 21
16.99663041515117
 31
0.0
  0
LINE
  5
9A
330
17
100
AcDbEntity
  8
SLOTS
100
AcDbLine
 10
1.1537930549481084
 20
17.239907705392202
 30
0.0
 11
3.618298850055706
 21
16.656535120896887
 31
0.0
  0
ARC
  5
9B
330
17
100
AcDbEntity
  8
SLOTS
100
AcDbCircle
 10
1.125
 20
17.118269060271686
 30
0.0
 40
0.125
100
AcDbArc
 50
76.68264881340772
 51
256.6826488134077
  0
ARC
  5
9C
330
17
100
AcDbEntity
  8
SLOTS
100
AcDbCircle
 10
3.5895057951075975
 20
16.53489647577637
 30
0.0
 40
0.125
100
AcDbArc
 50
256.6826488134077
 51
436.6826488134077
  0
LINE
  5
9D
330
17
100
AcDbEntity
  8
SLOTS
100
AcDbLine
 10
3.771050570379296
 20
15.592743358431187
 30
0.0
 11
1.0962069450518914
 21
16.22590496102338
 31
0.0
  0
LINE
  5
9E
330
17
100
AcDbEntity
  8
SLOTS
100
AcDbLine
 10
1.1537930549481086
 20
16.469182251264414
 30
0.0
 11
3.828636680275513
 21
15.836020648672223
 31
0.0
  0
ARC
  5
9F
330
17
100
AcDbEntity
  8
SLOTS
100
AcDbCircle
 10
1.125
 20
16.347543606143898
 30
0.0
 40
0.125
100
AcDbArc
 50
76.68264881340767
 51
256.6826488134077
  0
ARC
  5
A0
330
17
100
AcDbEntity
  8
SLOTS
100
AcDbCircle
 10
3.7998436253274046
 20
15.714382003551705
 30
0.0
 40
0.125
100
AcDbArc
 50
256.6826488134077
 51
436.6826488134077
  0
LINE
  5
A1
330
17
100
AcDbEntity
  8
SLOTS
100
AcDbLine
 10
3.4932709573591194
 20
14.88777105087314
 30
0.0
 11
1.0962069450518914
 21
15.455179506895588
 31
0.0
  0
LINE
  5
A2
330
17
100
AcDbEntity
  8
SLOTS
100
AcDbLine
 10
1.1537930549481086
 20
15.698456797136624
 30
0.0
 11
3.5508570672553366
 21
15.131048341114175
 31
0.0
  0
ARC
  5
A3
330
17
100
AcDbEntity
  8
SLOTS
100
AcDbCircle
 10
1.125
 20
15.576818152016106
 30
0.0
 40
0.125
100
AcDbArc
 50
76.68264881340772
 51
256.6826488134077
  0
ARC
  5
A4
330
17
100
AcDbEntity
  8
SLOTS
100
AcDbCircle
 10
3.522064012307228
 20
15.009409695993657
 30
0.0
 40
0.125
100
AcDbArc
 50
256.6826488134077
 51
436.6826488134077
  0
LINE
  5
A5
330
17
100
AcDbEntity
  8
SLOTS
100
AcDbLine
 10
3.2154913443389432
 20
14.182798743315091
 30
0.0
 11
1.0962069450518914
 21
14.684454052767798
 31
0.0
  0
LINE
  5
A6
330
17
100
AcDbEntity
  8
SLOTS
100
AcDbLine
 10
1.1537930549481086
 20
14.927731343008833
 30
0.0
 11
3.2730774542351604
 21
14.426076033556127
 31
0.0
  0
ARC
  5
A7
330
17
100
AcDbEntity
  8
SLOTS
100
AcDbCircle
 10
1.125
 20
14.806092697888316
 30
0.0
 40
0.125
100
AcDbArc
 50
76.68264881340772
 51
256.6826488134077
  0
ARC
  5
A8
330
17
100
AcDbEntity
  8
SLOTS
100
AcDbCircle
 10
3.244284399287052
 20
14.304437388435609
 30
0.0
 40
0.125
100
AcDbArc
 50
256.6826488134077
 51
436.6826488134077
  0
LINE
  5
A9
330
17
100
AcDbEntity
  8
SLOTS
100
AcDbLine
 10
2.937711731318766
 20
13.477826435757043
 30
0.0
 11
1.676669153141339
 21
13.776327526503264
 31
0.0
  0
LINE
  5
AA
330
17
100
AcDbEntity
  8
SLOTS
100
AcDbLine
 10
1.7342552630375556
 20
14.0196048167443
 30
0.0
 11
2.9952978412149833
 21
13.721103725998079
 31
0.0
  0
ARC
  5
AB
330
17
100
AcDbEntity
  8
SLOTS
100
AcDbCircle
 10
1.7054622080894473
 20
13.897966171623782
 30
0.0
 40
0.125
100
AcDbArc
 50
76.68264881340775
 51
256.68264881340775
  0
ARC
  5
AC
330
17
100
AcDbEntity
  8
SLOTS
100
AcDbCircle
 10
2.9665047862668747
 20
13.599465080877561
 30
0.0
 40
0.125
100
AcDbArc
 50
256.68264881340775
 51
436.68264881340775
  0
LINE
  5
AD
330
17
100
AcDbEntity
  8
SLOTS
100
AcDbLine
 10
4.856072454607375
 20
23.894978780586204
 30
0.0
 11
3.3775600014320264
 21
25.405192187513343
 31
0.0
  0
LINE
  5
AE
330
17
100
AcDbEntity
  8
SLOTS
100
AcDbLine
 10
3.5562016910675873
 20
25.580084001856243
 30
0.0
 11
5.034714144242935
 21
24.069870594929103
 31
0.0
  0
ARC
  5
AF
330
17
100
AcDbEntity
  8
SLOTS
100
AcDbCircle
 10
3.466880846249807
 20
25.492638094684793
 30
0.0
 40
0.125
100
AcDbArc
 50
44.39229530221522
 51
224.39229530221522
  0
ARC
  5
B0
330
17
100
AcDbEntity
  8
SLOTS
100
AcDbCircle
 10
4.945393299425155
 20
23.982424687757653
 30
0.0
 40
0.125
100
AcDbArc
 50
224.39229530221522
 51
404.3922953022152
  0
LINE
  5
B1
330
17
100
AcDbEntity
  8
SLOTS
100
AcDbLine
 10
5.0180050417464725
 20
22.657482836097646
 30
0.0
 11
1.689325673126024
 21
26.05753279783861
 31
0.0
  0
LINE
  5
B2
330
17
100
AcDbEntity
  8
SLOTS
100
AcDbLine
 10
1.867967362761585
 20
26.23242461218151
 30
0.0
 11
5.196646731382034
 21
22.832374650440546
 31
0.0
  0
ARC
  5
B3
330
17
100
AcDbEntity
  8
SLOTS
100
AcDbCircle
 10
1.7786465179438045
 20
26.14497870501006
 30
0.0
 40
0.125
100
AcDbArc
 50
44.3922953022151
 51
224.3922953022151
  0
ARC
  5
B4
330
17
100
AcDbEntity
  8
SLOTS
100
AcDbCircle
 10
5.1073258865642535
 20
22.744928743269096
 30
0.0
 40
0.125
100
AcDbArc
 50
224.3922953022151
 51
404.3922953022151
  0
LINE
  5
B5
330
17
100
AcDbEntity
  8
SLOTS
100
AcDbLine
 10
4.4043503188384205
 20
22.212203657426784
 30
0.0
 11
1.0356791551822195
 21
25.653102882831618
 31
0.0
  0
LINE
  5
B6
330
17
100
AcDbEntity
  8
SLOTS
100
AcDbLine
 10
1.2143208448177805
 20
25.827994697174518
 30
0.0
 11
4.582992008473982
 21
22.387095471769683
 31
0.0
  0
ARC
  5
B7
330
17
100
AcDbEntity
  8
SLOTS
100
AcDbCircle
 10
1.125
 20
25.740548790003068
 30
0.0
 40
0.125
100
AcDbArc
 50
44.3922953022151
 51
224.3922953022151
  0
ARC
  5
B8
330
17
100
AcDbEntity
  8
SLOTS
100
AcDbCircle
 10
4.4936711636562015
 20
22.299649564598234
 30
0.0
 40
0.125
100
AcDbArc
 50
224.3922953022151
 51
404.3922953022151
  0
LINE
  5
B9
330
17
100
AcDbEntity
  8
SLOTS
100
AcDbLine
 10
3.4154506898344676
 20
22.15021505358339
 30
0.0
 11
1.0356791551822195
 21
24.58101154050968
 31
0.0
  0
LINE
  5
BA
330
17
100
AcDbEntity
  8
SLOTS
100
AcDbLine
 10
1.2143208448177805
 20
24.75590335485258
 30
0.0
 11
3.5940923794700286
 21
22.32510686792629
 31
0.0
  0
ARC
  5
BB
330
17
100
AcDbEntity
  8
SLOTS
100
AcDbCircle
 10
1.125
 20
24.66845744768113
 30
0.0
 40
0.125
100
AcDbArc
 50
44.39229530221513
 51
224.39229530221513
  0
ARC
  5
BC
330
17
100
AcDbEntity
  8
SLOTS
100
AcDbCircle
 10
3.504771534652248
 20
22.23766096075484
 30
0.0
 40
0.125
100
AcDbArc
 50
224.39229530221513
 51
404.39229530221513
  0
LINE
  5
BD
330
17
100
AcDbEntity
  8
SLOTS
100
AcDbLine
 10
2.426551060830519
 20
22.088226449739995
 30
0.0
 11
1.0356791551822195
 21
23.50892019818775
 31
0.0
  0
LINE
  5
BE
330
17
100
AcDbEntity
  8
SLOTS
100
AcDbLine
 10
1.2143208448177805
 20
23.683812012530648
 30
0.0
 11
2.60519275046608
 21
22.263118264082895
 31
0.0
  0
ARC
  5
BF
330
17
100
AcDbEntity
  8
SLOTS
100
AcDbCircle
 10
1.125
 20
23.5963661053592
 30
0.0
 40
0.125
100
AcDbArc
 50
44.392295302215075
 51
224.39229530221508
  0
ARC
  5
C0
330
17
100
AcDbEntity
  8
SLOTS
100
AcDbCircle
 10
2.5158719056482997
 20
22.175672356911445
 30
0.0
 40
0.125
100
AcDbArc
 50
224.39229530221508
 51
404.3922953022151
  0
LINE
  5
C1
330
17
100
AcDbEntity
  8
SLOTS
100
AcDbLine
 10
1.4376514318265665
 20
22.026237845896603
 30
0.0
 11
1.0356791551822198
 21
22.43682885586581
 31
0.0
  0
LINE
  5
C2
330
17
100
AcDbEntity
  8
SLOTS
100
AcDbLine
 10
1.2143208448177802
 20
22.611720670208708
 30
0.0
 11
1.616293121462127
 21
22.201129660239502
 31
0.0
  0
ARC
  5
C3
330
17
100
AcDbEntity
  8
SLOTS
100
AcDbCircle
 10
1.125
 20
22.52427476303726
 30
0.0
 40
0.125
100
AcDbArc
 50
44.39229530221533
 51
224.39229530221533
  0
ARC
  5
C4
330
17
100
AcDbEntity
  8
SLOTS
100
AcDbCircle
 10
1.5269722766443468
 20
22.113683753068052
 30
0.0
 40
0.125
100
AcDbArc
 50
224.39229530221533
 51
404.3922953022153
  0
LINE
  5
C5
330
17
100
AcDbEntity
  8
SLOTS
100
AcDbLine
 10
1.290635075362728
 20
6.291101595241077
 30
0.0
 11
1.582480513677078
 21
6.637362476980764
 31
0.0
  0
LINE
  5
C6
330
17
100
AcDbEntity
  8
SLOTS
100
AcDbLine
 10
1.7736383007941154
 20
6.476245437458195
 30
0.0
 11
1.4817928624797654
 21
6.129984555718508
 31
0.0
  0
ARC
  5
C7
330
17
100
AcDbEntity
  8
SLOTS
100
AcDbCircle
 10
1.6780594072355968
 20
6.556803957219479
 30
0.0
 40
0.125
100
AcDbArc
 50
-40.12581149479612
 51
139.87418850520388
  0
ARC
  5
C8
330
17
100
AcDbEntity
  8
SLOTS
100
AcDbCircle
 10
1.3862139689212467
 20
6.210543075479793
 30
0.0
 40
0.125
100
AcDbArc
 50
139.87418850520388
 51
319.8741885052039
  0
LINE
  5
C9
330
17
100
AcDbEntity
  8
SLOTS
100
AcDbLine
 10
1.0294211064414813
 20
7.144933791665495
 30
0.0
 11
2.101524700961887
 21
8.416934265954458
 31
0.0
  0
LINE
  5
CA
330
17
100
AcDbEntity
  8
SLOTS
100
AcDbLine
 10
2.292682488078925
 20
8.255817226431889
 30
0.0
 11
1.2205788935585187
 21
6.983816752142926
 31
0.0
  0
ARC
  5
CB
330
17
100
AcDbEntity
  8
SLOTS
100
AcDbCircle
 10
2.197103594520406
 20
8.336375746193173
 30
0.0
 40
0.125
100
AcDbArc
 50
-40.12581149479609
 51
139.8741885052039
  0
ARC
  5
CC
330
17
100
AcDbEntity
  8
SLOTS
100
AcDbCircle
 10
1.125
 20
7.06437527190421
 30
0.0
 40
0.125
100
AcDbArc
 50
139.8741885052039
 51
319.8741885052039
  0
LINE
  5
CD
330
17
100
AcDbEntity
  8
SLOTS
100
AcDbLine
 10
1.0294211064414813
 20
8.308684072552046
 30
0.0
 11
2.6205688882466975
 21
10.196506054928154
 31
0.0
  0
LINE
  5
CE
330
17
100
AcDbEntity
  8
SLOTS
100
AcDbLine
 10
2.8117266753637353
 20
10.035389015405585
 30
0.0
 11
1.2205788935585187
 21
8.147567033029476
 31
0.0
  0
ARC
  5
CF
330
17
100
AcDbEntity
  8
SLOTS
100
AcDbCircle
 10
2.7161477818052164
 20
10.11594753516687
 30
0.0
 40
0.125
100
AcDbArc
 50
-40.12581149479613
 51
139.87418850520388
  0
ARC
  5
D0
330
17
100
AcDbEntity
  8
SLOTS
100
AcDbCircle
 10
1.125
 20
8.228125552790761
 30
0.0
 40
0.125
100
AcDbArc
 50
139.87418850520388
 51
319.87418850520385
  0
LINE
  5
D1
330
17
100
AcDbEntity
  8
SLOTS
100
AcDbLine
 10
1.0294211064414813
 20
9.472434353438594
 30
0.0
 11
3.1396130755315075
 21
11.97607784390185
 31
0.0
  0
LINE
  5
D2
330
17
100
AcDbEntity
  8
SLOTS
100
AcDbLine
 10
3.3307708626485453
 20
11.81496080437928
 30
0.0
 11
1.2205788935585187
 21
9.311317313916025
 31
0.0
  0
ARC
  5
D3
330
17
100
AcDbEntity
  8
SLOTS
100
AcDbCircle
 10
3.2351919690900264
 20
11.895519324140565
 30
0.0
 40
0.125
100
AcDbArc
 50
-40.12581149479611
 51
139.8741885052039
  0
ARC
  5
D4
330
17
100
AcDbEntity
  8
SLOTS
100
AcDbCircle
 10
1.125
 20
9.39187583367731
 30
0.0
 40
0.125
100
AcDbArc
 50
139.8741885052039
 51
319.8741885052039
  0
LINE
  5
D5
330
17
100
AcDbEntity
  8
SLOTS
100
AcDbLine
 10
1.0294211064414813
 20
10.636184634325142
 30
0.0
 11
2.840126773601988
 21
12.784501717858655
 31
0.0
  0
LINE
  5
D6
330
17
100
AcDbEntity
  8
SLOTS
100
AcDbLine
 10
3.0312845607190257
 20
12.623384678336086
 30
0.0
 11
1.2205788935585187
 21
10.475067594802573
 31
0.0
  0
ARC
  5
D7
330
17
100
AcDbEntity
  8
SLOTS
100
AcDbCircle
 10
2.935705667160507
 20
12.70394319809737
 30
0.0
 40
0.125
100
AcDbArc
 50
-40.12581149479614
 51
139.87418850520385
  0
ARC
  5
D8
330
17
100
AcDbEntity
  8
SLOTS
100
AcDbCircle
 10
1.125
 20
10.555626114563857
 30
0.0
 40
0.125
100
AcDbArc
 50
139.87418850520385
 51
319.87418850520385
  0
LINE
  5
D9
330
17
100
AcDbEntity
  8
SLOTS
100
AcDbLine
 10
1.0294211064414813
 20
11.799934915211692
 30
0.0
 11
2.077581157719732
 21
13.043527501945903
 31
0.0
  0
LINE
  5
DA
330
17
100
AcDbEntity
  8
SLOTS
100
AcDbLine
 10
2.2687389448367696
 20
12.882410462423334
 30
0.0
 11
1.2205788935585187
 21
11.638817875689123
 31
0.0
  0
ARC
  5
DB
330
17
100
AcDbEntity
  8
SLOTS
100
AcDbCircle
 10
2.1731600512782507
 20
12.962968982184618
 30
0.0
 40
0.125
100
AcDbArc
 50
-40.125811494796125
 51
139.87418850520388
  0
ARC
  5
DC
330
17
100
AcDbEntity
  8
SLOTS
100
AcDbCircle
 10
1.125
 20
11.719376395450407
 30
0.0
 40
0.125
100
AcDbArc
 50
139.87418850520388
 51
319.87418850520385
  0
LINE
  5
DD
330
17
100
AcDbEntity
  8
SLOTS
100
AcDbLine
 10
1.0294211064414813
 20
12.96368519609824
 30
0.0
 11
1.3034964912704732
 21
13.288862745427659
 31
0.0
  0
LINE
  5
DE
330
17
100
AcDbEntity
  8
SLOTS
100
AcDbLine
 10
1.4946542783875105
 20
13.12774570590509
 30
0.0
 11
1.2205788935585187
 21
12.80256815657567
 31
0.0
  0
ARC
  5
DF
330
17
100
AcDbEntity
  8
SLOTS
100
AcDbCircle
 10
1.3990753848289919
 20
13.208304225666375
 30
0.0
 40
0.125
100
AcDbArc
 50
-40.125811494796146
 51
139.87418850520385
  0
ARC
  5
E0
330
17
100
AcDbEntity
  8
SLOTS
100
AcDbCircle
 10
1.125
 20
12.883126676336955
 30
0.0
 40
0.125
100
AcDbArc
 50
139.87418850520385
 51
319.87418850520385
  0
LINE
  5
E1
330
17
100
AcDbEntity
  8
SLOTS
100
AcDbLine
 10
3.7371913957004095
 20
13.357221942146536
 30
0.0
 11
4.100822173664381
 21
12.95283378670123
 31
0.0
  0
LINE
  5
E2
330
17
100
AcDbEntity
  8
SLOTS
100
AcDbLine
 10
3.914925838145691
 20
12.785673526948134
 30
0.0
 11
3.5512950601817197
 21
13.19006168239344
 31
0.0
  0
ARC
  5
E3
330
17
100
AcDbEntity
  8
SLOTS
100
AcDbCircle
 10
4.007874005905036
 20
12.869253656824682
 30
0.0
 40
0.125
100
AcDbArc
 50
-138.03773400491724
 51
41.962265995082774
  0
ARC
  5
E4
330
17
100
AcDbEntity
  8
SLOTS
100
AcDbCircle
 10
3.6442432279410646
 20
13.273641812269988
 30
0.0
 40
0.125
100
AcDbArc
 50
41.962265995082774
 51
221.96226599508276
  0
LINE
  5
E5
330
17
100
AcDbEntity
  8
SLOTS
100
AcDbLine
 10
4.044503150078218
 20
14.137143385149264
 30
0.0
 11
4.949558653082286
 21
13.130645179786406
 31
0.0
  0
LINE
  5
E6
330
17
100
AcDbEntity
  8
SLOTS
100
AcDbLine
 10
4.763662317563596
 20
12.96348492003331
 30
0.0
 11
3.858606814559528
 21
13.969983125396167
 31
0.0
  0
ARC
  5
E7
330
17
100
AcDbEntity
  8
SLOTS
100
AcDbCircle
 10
4.856610485322941
 20
13.047065049909857
 30
0.0
 40
0.125
100
AcDbArc
 50
-138.03773400491713
 51
41.96226599508288
  0
ARC
  5
E8
330
17
100
AcDbEntity
  8
SLOTS
100
AcDbCircle
 10
3.9515549823188727
 20
14.053563255272715
 30
0.0
 40
0.125
100
AcDbArc
 50
41.96226599508288
 51
221.96226599508287
  0
LINE
  5
E9
330
17
100
AcDbEntity
  8
SLOTS
100
AcDbLine
 10
4.351814904456025
 20
14.91706482815199
 30
0.0
 11
5.798295132500189
 21
13.30845657287158
 31
0.0
  0
LINE
  5
EA
330
17
100
AcDbEntity
  8
SLOTS
100
AcDbLine
 10
5.612398796981499
 20
13.141296313118483
 30
0.0
 11
4.165918568937335
 21
14.749904568398893
 31
0.0
  0
ARC
  5
EB
330
17
100
AcDbEntity
  8
SLOTS
100
AcDbCircle
 10
5.705346964740844
 20
13.224876442995031
 30
0.0
 40
0.125
100
AcDbArc
 50
-138.0377340049171
 51
41.962265995082895
  0
ARC
  5
EC
330
17
100
AcDbEntity
  8
SLOTS
100
AcDbCircle
 10
4.25886673669668
 20
14.833484698275441
 30
0.0
 40
0.125
100
AcDbArc
 50
41.962265995082895
 51
221.9622659950829
  0
LINE
  5
ED
330
17
100
AcDbEntity
  8
SLOTS
100
AcDbLine
 10
4.659126658833833
 20
15.696986271154717
 30
0.0
 11
6.647031611918093
 21
13.486267965956754
 31
0.0
  0
LINE
  5
EE
330
17
100
AcDbEntity
  8
SLOTS
100
AcDbLine
 10
6.461135276399403
 20
13.319107706203658
 30
0.0
 11
4.473230323315144
 21
15.529826011401621
 31
0.0
  0
ARC
  5
EF
330
17
100
AcDbEntity
  8
SLOTS
100
AcDbCircle
 10
6.554083444158748
 20
13.402687836080206
 30
0.0
 40
0.125
100
AcDbArc
 50
-138.03773400491713
 51
41.96226599508289
  0
ARC
  5
F0
330
17
100
AcDbEntity
  8
SLOTS
100
AcDbCircle
 10
4.5661784910744885
 20
15.613406141278169
 30
0.0
 40
0.125
100
AcDbArc
 50
41.96226599508289
 51
221.96226599508287
  0
LINE
  5
F1
330
17
100
AcDbEntity
  8
SLOTS
100
AcDbLine
 10
5.025300482923868
 20
16.411448118218132
 30
0.0
 11
7.495768091335997
 21
13.66407935904193
 31
0.0
  0
LINE
  5
F2
330
17
100
AcDbEntity
  8
SLOTS
100
AcDbLine
 10
7.309871755817308
 20
13.496919099288833
 30
0.0
 11
4.839404147405178
 21
16.244287858465036
 31
0.0
  0
ARC
  5
F3
330
17
100
AcDbEntity
  8
SLOTS
100
AcDbCircle
 10
7.4028199235766525
 20
13.580499229165381
 30
0.0
 40
0.125
100
AcDbArc
 50
-138.03773400491713
 51
41.96226599508288
  0
ARC
  5
F4
330
17
100
AcDbEntity
  8
SLOTS
100
AcDbCircle
 10
4.932352315164523
 20
16.327867988341584
 30
0.0
 40
0.125
100
AcDbArc
 50
41.96226599508288
 51
221.96226599508287
  0
LINE
  5
F5
330
17
100
AcDbEntity
  8
SLOTS
100
AcDbLine
 10
5.443458326778801
 20
17.068099342146002
 30
0.0
 11
8.344504570753903
 21
13.841890752127103
 31
0.0
  0
LINE
  5
F6
330
17
100
AcDbEntity
  8
SLOTS
100
AcDbLine
 10
8.158608235235212
 20
13.674730492374007
 30
0.0
 11
5.257561991260111
 21
16.900939082392906
 31
0.0
  0
ARC
  5
F7
330
17
100
AcDbEntity
  8
SLOTS
100
AcDbCircle
 10
8.251556402994558
 20
13.758310622250555
 30
0.0
 40
0.125
100
AcDbArc
 50
-138.03773400491713
 51
41.96226599508287
  0
ARC
  5
F8
330
17
100
AcDbEntity
  8
SLOTS
100
AcDbCircle
 10
5.350510159019456
 20
16.984519212269454
 30
0.0
 40
0.125
100
AcDbArc
 50
41.96226599508287
 51
221.96226599508287
  0
LINE
  5
F9
330
17
100
AcDbEntity
  8
SLOTS
100
AcDbLine
 10
5.861616170633733
 20
17.724750566073872
 30
0.0
 11
9.193241050171807
 21
14.019702145212278
 31
0.0
  0
LINE
  5
FA
330
17
100
AcDbEntity
  8
SLOTS
100
AcDbLine
 10
9.007344714653115
 20
13.852541885459182
 30
0.0
 11
5.675719835115043
 21
17.557590306320776
 31
0.0
  0
ARC
  5
FB
330
17
100
AcDbEntity
  8
SLOTS
100
AcDbCircle
 10
9.100292882412461
 20
13.93612201533573
 30
0.0
 40
0.125
100
AcDbArc
 50
-138.03773400491713
 51
41.96226599508288
  0
ARC
  5
FC
330
17
100
AcDbEntity
  8
SLOTS
100
AcDbCircle
 10
5.768668002874388
 20
17.641170436197324
 30
0.0
 40
0.125
100
AcDbArc
 50
41.96226599508288
 51
221.96226599508287
  0
LINE
  5
FD
330
17
100
AcDbEntity
  8
SLOTS
100
AcDbLine
 10
6.279774014488666
 20
18.381401790001743
 30
0.0
 11
10.041977529589714
 21
14.197513538297452
 31
0.0
  0
LINE
  5
FE
330
17
100
AcDbEntity
  8
SLOTS
100
AcDbLine
 10
9.856081194071022
 20
14.030353278544355
 30
0.0
 11
6.093877678969976
 21
18.214241530248646
 31
0.0
  0
ARC
  5
FF
330
17
100
AcDbEntity
  8
SLOTS
100
AcDbCircle
 10
9.949029361830368
 20
14.113933408420904
 30
0.0
 40
0.125
100
AcDbArc
 50
-138.03773400491713
 51
41.96226599508289
  0
ARC
  5
100
330
17
100
AcDbEntity
  8
SLOTS
100
AcDbCircle
 10
6.186825846729321
 20
18.297821660125194
 30
0.0
 40
0.125
100
AcDbArc
 50
41.96226599508289
 51
221.96226599508287
  0
LINE
  5
101
330
17
100
AcDbEntity
  8
SLOTS
100
AcDbLine
 10
6.6979318583435985
 20
19.038053013929613
 30
0.0
 11
10.890714009007617
 21
14.375324931382627
 31
0.0
  0
LINE
  5
102
330
17
100
AcDbEntity
  8
SLOTS
100
AcDbLine
 10
10.704817673488929
 20
14.20816467162953
 30
0.0
 11
6.512035522824909
 21
18.870892754176516
 31
0.0
  0
ARC
  5
103
330
17
100
AcDbEntity
  8
SLOTS
100
AcDbCircle
 10
10.797765841248273
 20
14.291744801506079
 30
0.0
 40
0.125
100
AcDbArc
 50
-138.0377340049171
 51
41.9622659950829
  0
ARC
  5
104
330
17
100
AcDbEntity
  8
SLOTS
100
AcDbCircle
 10
6.604983690584254
 20
18.954472884053065
 30
0.0
 40
0.125
100
AcDbArc
 50
41.9622659950829
 51
221.9622659950829
  0
LINE
  5
105
330
17
100
AcDbEntity
  8
SLOTS
100
AcDbLine
 10
7.529035043598453
 20
19.235474120309537
 30
0.0
 11
11.553326378042655
 21
14.760122064517237
 31
0.0
  0
LINE
  5
106
330
17
100
AcDbEntity
  8
SLOTS
100
AcDbLine
 10
11.367430042523964
 20
14.59296180476414
 30
0.0
 11
7.343138708079763
 21
19.06831386055644
 31
0.0
  0
ARC
  5
107
330
17
100
AcDbEntity
  8
SLOTS
100
AcDbCircle
 10
11.46037821028331
 20
14.676541934640689
 30
0.0
 40
0.125
100
AcDbArc
 50
-138.03773400491713
 51
41.96226599508288
  0
ARC
  5
108
330
17
100
AcDbEntity
  8
SLOTS
100
AcDbCircle
 10
7.436086875839108
 20
19.15189399043299
 30
0.0
 40
0.125
100
AcDbArc
 50
41.96226599508288
 51
221.96226599508287
  0
LINE
  5
109
330
17
100
AcDbEntity
  8
SLOTS
100
AcDbLine
 10
10.20494460316739
 20
17.38131463431032
 30
0.0
 11
10.574863896929052
 21
16.969933117857032
 31
0.0
  0
LINE
  5
10A
330
17
100
AcDbEntity
  8
SLOTS
100
AcDbLine
 10
10.388967561410364
 20
16.802772858103936
 30
0.0
 11
10.019048267648701
 21
17.214154374557225
 31
0.0
  0
ARC
  5
10B
330
17
100
AcDbEntity
  8
SLOTS
100
AcDbCircle
 10
10.481915729169708
 20
16.886352987980484
 30
0.0
 40
0.125
100
AcDbArc
 50
-138.03773400491698
 51
41.962265995083015
  0
ARC
  5
10C
330
17
100
AcDbEntity
  8
SLOTS
100
AcDbCircle
 10
10.111996435408045
 20
17.297734504433773
 30
0.0
 40
0.125
100
AcDbArc
 50
41.962265995083015
 51
221.96226599508302
  0
LINE
  5
10D
330
17
100
AcDbEntity
  8
SLOTS
100
AcDbLine
 10
4.304378315603881
 20
16.959494631791042
 30
0.0
 11
4.362319659033894
 21
16.96183863057278
 31
0.0
  0
LINE
  5
10E
330
17
100
AcDbEntity
  8
SLOTS
100
AcDbLine
 10
4.372425064438986
 20
16.712042952504486
 30
0.0
 11
4.314483721008973
 21
16.709698953722746
 31
0.0
  0
ARC
  5
10F
330
17
100
AcDbEntity
  8
SLOTS
100
AcDbCircle
 10
4.36737236173644
 20
16.836940791538634
 30
0.0
 40
0.125
100
AcDbArc
 50
-87.68338053079808
 51
92.31661946920192
  0
ARC
  5
110
330
17
100
AcDbEntity
  8
SLOTS
100
AcDbCircle
 10
4.309431018306427
 20
16.834596792756894
 30
0.0
 40
0.125
100
AcDbArc
 50
92.31661946920192
 51
272.31661946920195
  0
LINE
  5
111
330
17
100
AcDbEntity
  8
SLOTS
100
AcDbLine
 10
3.7259964459433257
 20
17.68670984277021
 30
0.0
 11
4.852952525534842
 21
17.73230049568336
 31
0.0
  0
LINE
  5
112
330
17
100
AcDbEntity
  8
SLOTS
100
AcDbLine
 10
4.863057930939944
 20
17.482504817615066
 30
0.0
 11
3.7361018513484283
 21
17.436914164701914
 31
0.0
  0
ARC
  5
113
330
17
100
AcDbEntity
  8
SLOTS
100
AcDbCircle
 10
4.858005228237393
 20
17.607402656649214
 30
0.0
 40
0.125
100
AcDbArc
 50
-87.68338053079565
 51
92.31661946920435
  0
ARC
  5
114
330
17
100
AcDbEntity
  8
SLOTS
100
AcDbCircle
 10
3.731049148645877
 20
17.561812003736062
 30
0.0
 40
0.125
100
AcDbArc
 50
92.31661946920435
 51
272.31661946920434
  0
LINE
  5
115
330
17
100
AcDbEntity
  8
SLOTS
100
AcDbLine
 10
3.147614576282777
 20
18.41392505374938
 30
0.0
 11
5.343585392035795
 21
18.50276236079394
 31
0.0
  0
LINE
  5
116
330
17
100
AcDbEntity
  8
SLOTS
100
AcDbLine
 10
5.353690797440898
 20
18.252966682725646
 30
0.0
 11
3.1577199816878787
 21
18.164129375681085
 31
0.0
  0
ARC
  5
117
330
17
100
AcDbEntity
  8
SLOTS
100
AcDbCircle
 10
5.348638094738346
 20
18.377864521759793
 30
0.0
 40
0.125
100
AcDbArc
 50
-87.68338053079567
 51
92.31661946920433
  0
ARC
  5
118
330
17
100
AcDbEntity
  8
SLOTS
100
AcDbCircle
 10
3.152667278985328
 20
18.289027214715233
 30
0.0
 40
0.125
100
AcDbArc
 50
92.31661946920433
 51
272.31661946920434
  0
LINE
  5
119
330
17
100
AcDbEntity
  8
SLOTS
100
AcDbLine
 10
2.5692327066222242
 20
19.141140264728552
 30
0.0
 11
5.834218258536749
 21
19.273224225904524
 31
0.0
  0
LINE
  5
11A
330
17
100
AcDbEntity
  8
SLOTS
100
AcDbLine
 10
5.844323663941852
 20
19.02342854783623
 30
0.0
 11
2.579338112027327
 21
18.891344586660257
 31
0.0
  0
ARC
  5
11B
330
17
100
AcDbEntity
  8
SLOTS
100
AcDbCircle
 10
5.839270961239301
 20
19.148326386870377
 30
0.0
 40
0.125
100
AcDbArc
 50
-87.68338053079562
 51
92.31661946920438
  0
ARC
  5
11C
330
17
100
AcDbEntity
  8
SLOTS
100
AcDbCircle
 10
2.5742854093247756
 20
19.016242425694404
 30
0.0
 40
0.125
100
AcDbArc
 50
92.31661946920438
 51
272.3166194692044
  0
LINE
  5
11D
330
17
100
AcDbEntity
  8
SLOTS
100
AcDbLine
 10
1.9908508369616753
 20
19.868355475707723
 30
0.0
 11
6.324851125037703
 21
20.043686091015104
 31
0.0
  0
LINE
  5
11E
330
17
100
AcDbEntity
  8
SLOTS
100
AcDbLine
 10
6.334956530442805
 20
19.79389041294681
 30
0.0
 11
2.0009562423667777
 21
19.618559797639428
 31
0.0
  0
ARC
  5
11F
330
17
100
AcDbEntity
  8
SLOTS
100
AcDbCircle
 10
6.329903827740254
 20
19.918788251980956
 30
0.0
 40
0.125
100
AcDbArc
 50
-87.68338053079565
 51
92.31661946920435
  0
ARC
  5
120
330
17
100
AcDbEntity
  8
SLOTS
100
AcDbCircle
 10
1.9959035396642264
 20
19.743457636673575
 30
0.0
 40
0.125
100
AcDbArc
 50
92.31661946920435
 51
272.31661946920434
  0
LINE
  5
121
330
17
100
AcDbEntity
  8
SLOTS
100
AcDbLine
 10
1.4124689673011261
 20
20.59557068668689
 30
0.0
 11
6.367146996377103
 21
20.796010624330158
 31
0.0
  0
LINE
  5
122
330
17
100
AcDbEntity
  8
SLOTS
100
AcDbLine
 10
6.377252401782205
 20
20.546214946261863
 30
0.0
 11
1.4225743727062283
 21
20.345775008618595
 31
0.0
  0
ARC
  5
123
330
17
100
AcDbEntity
  8
SLOTS
100
AcDbCircle
 10
6.372199699079654
 20
20.67111278529601
 30
0.0
 40
0.125
100
AcDbArc
 50
-87.68338053079562
 51
92.31661946920438
  0
ARC
  5
124
330
17
100
AcDbEntity
  8
SLOTS
100
AcDbCircle
 10
1.4175216700036772
 20
20.470672847652743
 30
0.0
 40
0.125
100
AcDbArc
 50
92.31661946920438
 51
272.3166194692044
  0
LINE
  5
125
330
17
100
AcDbEntity
  8
SLOTS
100
AcDbLine
 10
1.119947297297449
 20
21.33435028192225
 30
0.0
 11
5.674783863853407
 21
21.518614759254195
 31
0.0
  0
LINE
  5
126
330
17
100
AcDbEntity
  8
SLOTS
100
AcDbLine
 10
5.68488926925851
 20
21.2688190811859
 30
0.0
 11
1.130052702702551
 21
21.084554603853956
 31
0.0
  0
ARC
  5
127
330
17
100
AcDbEntity
  8
SLOTS
100
AcDbCircle
 10
5.6798365665559585
 20
21.393716920220047
 30
0.0
 40
0.125
100
AcDbArc
 50
-87.68338053079562
 51
92.31661946920438
  0
ARC
  5
128
330
17
100
AcDbEntity
  8
SLOTS
100
AcDbCircle
 10
1.125
 20
21.209452442888104
 30
0.0
 40
0.125
100
AcDbArc
 50
92.31661946920438
 51
272.3166194692044
  0
LINE
  5
129
330
17
100
AcDbEntity
  8
SLOTS
100
AcDbLine
 10
27.856365504428048
 20
1.2342286646178078
 30
0.0
 11
27.96374480762117
 21
1.2939787062253592
 31
0.0
  0
LINE
  5
12A
330
17
100
AcDbEntity
  8
SLOTS
100
AcDbLine
 10
28.085303004807706
 20
1.0755213769897436
 30
0.0
 11
27.977923701614586
 21
1.0157713353821922
 31
0.0
  0
ARC
  5
12B
330
17
100
AcDbEntity
  8
SLOTS
100
AcDbCircle
 10
28.024523906214437
 20
1.1847500416075514
 30
0.0
 40
0.125
100
AcDbArc
 50
-60.90672701411959
 51
119.09327298588042
  0
ARC
  5
12C
330
17
100
AcDbEntity
  8
SLOTS
100
AcDbCircle
 10
27.917144603021317
 20
1.125
 30
0.0
 40
0.125
100
AcDbArc
 50
119.09327298588042
 51
299.0932729858804
  0
LINE
  5
12D
330
17
100
AcDbEntity
  8
SLOTS
100
AcDbLine
 10
31.162991301077543
 20
6.043820161243644
 30
0.0
 11
30.895580194882566
 21
5.948928599455572
 31
0.0
  0
LINE
  5
12E
330
17
100
AcDbEntity
  8
SLOTS
100
AcDbLine
 10
30.811974799164926
 20
6.184534494557747
 30
0.0
 11
31.079385905359903
 21
6.2794260563458195
 31
0.0
  0
ARC
  5
12F
330
17
100
AcDbEntity
  8
SLOTS
100
AcDbCircle
 10
30.853777497023746
 20
6.066731547006659
 30
0.0
 40
0.125
100
AcDbArc
 50
-250.4626314558173
 51
-70.4626314558173
  0
ARC
  5
130
330
17
100
AcDbEntity
  8
SLOTS
100
AcDbCircle
 10
31.121188603218723
 20
6.161623108794732
 30
0.0
 40
0.125
100
AcDbArc
 50
-70.4626314558173
 51
109.5373685441827
  0
LINE
  5
131
330
17
100
AcDbEntity
  8
SLOTS
100
AcDbLine
 10
32.69086804558932
 20
5.790170904541477
 30
0.0
 11
30.362338092235465
 21
4.963885687416085
 31
0.0
  0
LINE
  5
132
330
17
100
AcDbEntity
  8
SLOTS
100
AcDbLine
 10
30.278732696517825
 20
5.19949158251826
 30
0.0
 11
32.60726264987168
 21
6.025776799643652
 31
0.0
  0
ARC
  5
133
330
17
100
AcDbEntity
  8
SLOTS
100
AcDbCircle
 10
30.320535394376645
 20
5.081688634967173
 30
0.0
 40
0.125
100
AcDbArc
 50
-250.46263145581705
 51
-70.46263145581705
  0
ARC
  5
134
330
17
100
AcDbEntity
  8
SLOTS
100
AcDbCircle
 10
32.6490653477305
 20
5.907973852092565
 30
0.0
 40
0.125
100
AcDbArc
 50
-70.46263145581705
 51
109.53736854418295
  0
LINE
  5
135
330
17
100
AcDbEntity
  8
SLOTS
100
AcDbLine
 10
34.2187447901011
 20
5.536521647839309
 30
0.0
 11
29.829095989588364
 21
3.978842775376597
 31
0.0
  0
LINE
  5
136
330
17
100
AcDbEntity
  8
SLOTS
100
AcDbLine
 10
29.745490593870723
 20
4.214448670478772
 30
0.0
 11
34.13513939438346
 21
5.772127542941484
 31
0.0
  0
ARC
  5
137
330
17
100
AcDbEntity
  8
SLOTS
100
AcDbCircle
 10
29.787293291729544
 20
4.0966457229276845
 30
0.0
 40
0.125
100
AcDbArc
 50
-250.46263145581705
 51
-70.46263145581705
  0
ARC
  5
138
330
17
100
AcDbEntity
  8
SLOTS
100
AcDbCircle
 10
34.17694209224228
 20
5.6543245953903964
 30
0.0
 40
0.125
100
AcDbArc
 50
-70.46263145581705
 51
109.53736854418295
  0
LINE
  5
139
330
17
100
AcDbEntity
  8
SLOTS
100
AcDbLine
 10
34.79801467267689
 20
4.946256653919566
 30
0.0
 11
29.295853886941263
 21
2.9937998633371086
 31
0.0
  0
LINE
  5
13A
330
17
100
AcDbEntity
  8
SLOTS
100
AcDbLine
 10
29.212248491223622
 20
3.2294057584392837
 30
0.0
 11
34.71440927695925
 21
5.181862549021741
 31
0.0
  0
ARC
  5
13B
330
17
100
AcDbEntity
  8
SLOTS
100
AcDbCircle
 10
29.254051189082443
 20
3.111602810888196
 30
0.0
 40
0.125
100
AcDbArc
 50
-250.46263145581705
 51
-70.46263145581705
  0
ARC
  5
13C
330
17
100
AcDbEntity
  8
SLOTS
100
AcDbCircle
 10
34.75621197481807
 20
5.064059601470653
 30
0.0
 40
0.125
100
AcDbArc
 50
-70.46263145581705
 51
109.53736854418295
  0
LINE
  5
13D
330
17
100
AcDbEntity
  8
SLOTS
100
AcDbLine
 10
34.91680269785882
 20
4.192588414544052
 30
0.0
 11
28.76261178429416
 21
2.0087569512976216
 31
0.0
  0
LINE
  5
13E
330
17
100
AcDbEntity
  8
SLOTS
100
AcDbLine
 10
28.67900638857652
 20
2.2443628463997967
 30
0.0
 11
34.83319730214118
 21
4.428194309646227
 31
0.0
  0
ARC
  5
13F
330
17
100
AcDbEntity
  8
SLOTS
100
AcDbCircle
 10
28.72080908643534
 20
2.126559898848709
 30
0.0
 40
0.125
100
AcDbArc
 50
-250.46263145581705
 51
-70.46263145581705
  0
ARC
  5
140
330
17
100
AcDbEntity
  8
SLOTS
100
AcDbCircle
 10
34.875
 20
4.31039136209514
 30
0.0
 40
0.125
100
AcDbArc
 50
-70.46263145581705
 51
109.53736854418295
  0
LINE
  5
141
330
17
100
AcDbEntity
  8
SLOTS
100
AcDbLine
 10
34.91680269785882
 20
3.396767919820493
 30
0.0
 11
29.077054537452263
 21
1.3245173268104629
 31
0.0
  0
LINE
  5
142
330
17
100
AcDbEntity
  8
SLOTS
100
AcDbLine
 10
28.993449141734622
 20
1.560123221912638
 30
0.0
 11
34.83319730214118
 21
3.6323738149226683
 31
0.0
  0
ARC
  5
143
330
17
100
AcDbEntity
  8
SLOTS
100
AcDbCircle
 10
29.035251839593442
 20
1.4423202743615504
 30
0.0
 40
0.125
100
AcDbArc
 50
-250.46263145581705
 51
-70.46263145581705
  0
ARC
  5
144
330
17
100
AcDbEntity
  8
SLOTS
100
AcDbCircle
 10
34.875
 20
3.5145708673715808
 30
0.0
 40
0.125
100
AcDbArc
 50
-70.46263145581705
 51
109.53736854418295
  0
LINE
  5
145
330
17
100
AcDbEntity
  8
SLOTS
100
AcDbLine
 10
34.91680269785882
 20
2.600947425096934
 30
0.0
 11
30.42550186859975
 21
1.0071970524489124
 31
0.0
  0
LINE
  5
146
330
17
100
AcDbEntity
  8
SLOTS
100
AcDbLine
 10
30.34189647288211
 20
1.2428029475510876
 30
0.0
 11
34.83319730214118
 21
2.8365533201991093
 31
0.0
  0
ARC
  5
147
330
17
100
AcDbEntity
  8
SLOTS
100
AcDbCircle
 10
30.38369917074093
 20
1.125
 30
0.0
 40
0.125
100
AcDbArc
 50
-250.46263145581705
 51
-70.46263145581705
  0
ARC
  5
148
330
17
100
AcDbEntity
  8
SLOTS
100
AcDbCircle
 10
34.875
 20
2.7187503726480218
 30
0.0
 40
0.125
100
AcDbArc
 50
-70.46263145581705
 51
109.53736854418295
  0
LINE
  5
149
330
17
100
AcDbEntity
  8
SLOTS
100
AcDbLine
 10
34.91680269785882
 20
1.8051269303733721
 30
0.0
 11
32.66818008799658
 21
1.0071970524489124
 31
0.0
  0
LINE
  5
14A
330
17
100
AcDbEntity
  8
SLOTS
100
AcDbLine
 10
32.58457469227894
 20
1.2428029475510876
 30
0.0
 11
34.83319730214118
 21
2.0407328254755472
 31
0.0
  0
ARC
  5
14B
330
17
100
AcDbEntity
  8
SLOTS
100
AcDbCircle
 10
32.62637739013776
 20
1.125
 30
0.0
 40
0.125
100
AcDbArc
 50
-250.46263145581702
 51
-70.46263145581702
  0
ARC
  5
14C
330
17
100
AcDbEntity
  8
SLOTS
100
AcDbCircle
 10
34.875
 20
1.9229298779244597
 30
0.0
 40
0.125
100
AcDbArc
 50
-70.46263145581702
 51
109.53736854418298
  0
LINE
  5
14D
330
17
100
AcDbEntity
  8
SLOTS
100
AcDbLine
 10
34.916802697858806
 20
1.0093064356498092
 30
0.0
 11
34.91085830739338
 21
1.0071970524489084
 31
0.0
  0
LINE
  5
14E
330
17
100
AcDbEntity
  8
SLOTS
100
AcDbLine
 10
34.82725291167577
 20
1.2428029475510916
 30
0.0
 11
34.833197302141194
 21
1.2449123307519923
 31
0.0
  0
ARC
  5
14F
330
17
100
AcDbEntity
  8
SLOTS
100
AcDbCircle
 10
34.86905560953458
 20
1.125
 30
0.0
 40
0.125
100
AcDbArc
 50
-250.46263145582245
 51
-70.46263145582245
  0
ARC
  5
150
330
17
100
AcDbEntity
  8
SLOTS
100
AcDbCircle
 10
34.875
 20
1.1271093832009007
 30
0.0
 40
0.125
100
AcDbArc
 50
-70.46263145582245
 51
109.53736854417755
  0
LINE
  5
151
330
17
100
AcDbEntity
  8
SLOTS
100
AcDbLine
 10
25.085225042352853
 20
9.242085754496157
 30
0.0
 11
24.203971912048157
 21
8.448768530573993
 31
0.0
  0
LINE
  5
152
330
17
100
AcDbEntity
  8
SLOTS
100
AcDbLine
 10
24.036708667031146
 20
8.634572208864764
 30
0.0
 11
24.917961797335842
 21
9.427889432786928
 31
0.0
  0
ARC
  5
153
330
17
100
AcDbEntity
  8
SLOTS
100
AcDbCircle
 10
24.12034028953965
 20
8.541670369719379
 30
0.0
 40
0.125
100
AcDbArc
 50
-228.00598463389736
 51
-48.005984633897356
  0
ARC
  5
154
330
17
100
AcDbEntity
  8
SLOTS
100
AcDbCircle
 10
25.001593419844347
 20
9.334987593641543
 30
0.0
 40
0.125
100
AcDbArc
 50
-48.005984633897356
 51
131.99401536610264
  0
LINE
  5
155
330
17
100
AcDbEntity
  8
SLOTS
100
AcDbLine
 10
25.837686235201847
 20
8.91033290814914
 30
0.0
 11
23.885335510880765
 21
7.152797639927949
 31
0.0
  0
LINE
  5
156
330
17
100
AcDbEntity
  8
SLOTS
100
AcDbLine
 10
23.718072265863754
 20
7.338601318218719
 30
0.0
 11
25.670422990184836
 21
9.096136586439911
 31
0.0
  0
ARC
  5
157
330
17
100
AcDbEntity
  8
SLOTS
100
AcDbCircle
 10
23.80170388837226
 20
7.245699479073334
 30
0.0
 40
0.125
100
AcDbArc
 50
-228.00598463389733
 51
-48.00598463389733
  0
ARC
  5
158
330
17
100
AcDbEntity
  8
SLOTS
100
AcDbCircle
 10
25.75405461269334
 20
9.003234747294526
 30
0.0
 40
0.125
100
AcDbArc
 50
-48.00598463389733
 51
131.99401536610267
  0
LINE
  5
159
330
17
100
AcDbEntity
  8
SLOTS
100
AcDbLine
 10
26.590147428050837
 20
8.578580061802123
 30
0.0
 11
23.566699109713372
 21
5.856826749281912
 31
0.0
  0
LINE
  5
15A
330
17
100
AcDbEntity
  8
SLOTS
100
AcDbLine
 10
23.39943586469636
 20
6.042630427572681
 30
0.0
 11
26.422884183033826
 21
8.764383740092894
 31
0.0
  0
ARC
  5
15B
330
17
100
AcDbEntity
  8
SLOTS
100
AcDbCircle
 10
23.483067487204867
 20
5.949728588427297
 30
0.0
 40
0.125
100
AcDbArc
 50
-228.00598463389738
 51
-48.005984633897384
  0
ARC
  5
15C
330
17
100
AcDbEntity
  8
SLOTS
100
AcDbCircle
 10
26.50651580554233
 20
8.671481900947509
 30
0.0
 40
0.125
100
AcDbArc
 50
-48.005984633897384
 51
131.99401536610262
  0
LINE
  5
15D
330
17
100
AcDbEntity
  8
SLOTS
100
AcDbLine
 10
27.342608620899828
 20
8.246827215455108
 30
0.0
 11
23.248062708545984
 21
4.560855858635874
 31
0.0
  0
LINE
  5
15E
330
17
100
AcDbEntity
  8
SLOTS
100
AcDbLine
 10
23.080799463528972
 20
4.746659536926643
 30
0.0
 11
27.175345375882817
 21
8.432630893745879
 31
0.0
  0
ARC
  5
15F
330
17
100
AcDbEntity
  8
SLOTS
100
AcDbCircle
 10
23.164431086037478
 20
4.653757697781258
 30
0.0
 40
0.125
100
AcDbArc
 50
-228.00598463389733
 51
-48.00598463389733
  0
ARC
  5
160
330
17
100
AcDbEntity
  8
SLOTS
100
AcDbCircle
 10
27.258976998391322
 20
8.339729054600493
 30
0.0
 40
0.125
100
AcDbArc
 50
-48.00598463389733
 51
131.99401536610267
  0
LINE
  5
161
330
17
100
AcDbEntity
  8
SLOTS
100
AcDbLine
 10
28.095069813748818
 20
7.915074369108091
 30
0.0
 11
22.92942630737859
 21
3.264884967989836
 31
0.0
  0
LINE
  5
162
330
17
100
AcDbEntity
  8
SLOTS
100
AcDbLine
 10
22.76216306236158
 20
3.4506886462806063
 30
0.0
 11
27.927806568731807
 21
8.100878047398862
 31
0.0
  0
ARC
  5
163
330
17
100
AcDbEntity
  8
SLOTS
100
AcDbCircle
 10
22.845794684870086
 20
3.3577868071352213
 30
0.0
 40
0.125
100
AcDbArc
 50
-228.00598463389736
 51
-48.005984633897356
  0
ARC
  5
164
330
17
100
AcDbEntity
  8
SLOTS
100
AcDbCircle
 10
28.011438191240313
 20
8.007976208253476
 30
0.0
 40
0.125
100
AcDbArc
 50
-48.005984633897356
 51
131.99401536610264
  0
LINE
  5
165
330
17
100
AcDbEntity
  8
SLOTS
100
AcDbLine
 10
28.84753100659781
 20
7.583321522761075
 30
0.0
 11
23.68253992744623
 21
2.933719446364977
 31
0.0
  0
LINE
  5
166
330
17
100
AcDbEntity
  8
SLOTS
100
AcDbLine
 10
23.515276682429217
 20
3.119523124655747
 30
0.0
 11
28.680267761580797
 21
7.769125201051844
 31
0.0
  0
ARC
  5
167
330
17
100
AcDbEntity
  8
SLOTS
100
AcDbCircle
 10
23.598908304937723
 20
3.026621285510362
 30
0.0
 40
0.125
100
AcDbArc
 50
-228.00598463389736
 51
-48.005984633897356
  0
ARC
  5
168
330
17
100
AcDbEntity
  8
SLOTS
100
AcDbCircle
 10
28.763899384089303
 20
7.67622336190646
 30
0.0
 40
0.125
100
AcDbArc
 50
-48.005984633897356
 51
131.99401536610264
  0
LINE
  5
169
330
17
100
AcDbEntity
  8
SLOTS
100
AcDbLine
 10
29.599992199446802
 20
7.251568676414059
 30
0.0
 11
24.458558888985284
 21
2.6231736550811764
 31
0.0
  0
LINE
  5
16A
330
17
100
AcDbEntity
  8
SLOTS
100
AcDbLine
 10
24.291295643968272
 20
2.8089773333719465
 30
0.0
 11
29.43272895442979
 21
7.437372354704828
 31
0.0
  0
ARC
  5
16B
330
17
100
AcDbEntity
  8
SLOTS
100
AcDbCircle
 10
24.374927266476778
 20
2.7160754942265615
 30
0.0
 40
0.125
100
AcDbArc
 50
-228.00598463389738
 51
-48.005984633897384
  0
ARC
  5
16C
330
17
100
AcDbEntity
  8
SLOTS
100
AcDbCircle
 10
29.516360576938297
 20
7.344470515559443
 30
0.0
 40
0.125
100
AcDbArc
 50
-48.005984633897384
 51
131.99401536610262
  0
LINE
  5
16D
330
17
100
AcDbEntity
  8
SLOTS
100
AcDbLine
 10
30.337310907713505
 20
6.906184339387457
 30
0.0
 11
25.23457785052434
 21
2.312627863797376
 31
0.0
  0
LINE
  5
16E
330
17
100
AcDbEntity
  8
SLOTS
100
AcDbLine
 10
25.067314605507327
 20
2.498431542088146
 30
0.0
 11
30.170047662696494
 21
7.091988017678227
 31
0.0
  0
ARC
  5
16F
330
17
100
AcDbEntity
  8
SLOTS
100
AcDbCircle
 10
25.150946228015833
 20
2.405529702942761
 30
0.0
 40
0.125
100
AcDbArc
 50
-228.00598463389738
 51
-48.005984633897384
  0
ARC
  5
170
330
17
100
AcDbEntity
  8
SLOTS
100
AcDbCircle
 10
30.253679285205
 20
6.999086178532842
 30
0.0
 40
0.125
100
AcDbArc
 50
-48.005984633897384
 51
131.99401536610262
  0
LINE
  5
171
330
17
100
AcDbEntity
  8
SLOTS
100
AcDbLine
 10
29.763257163862914
 20
5.38028294379223
 30
0.0
 11
26.010596812063394
 21
2.0020820725135753
 31
0.0
  0
LINE
  5
172
330
17
100
AcDbEntity
  8
SLOTS
100
AcDbLine
 10
25.843333567046383
 20
2.1878857508043454
 30
0.0
 11
29.595993918845902
 21
5.566086622083
 31
0.0
  0
ARC
  5
173
330
17
100
AcDbEntity
  8
SLOTS
100
AcDbCircle
 10
25.92696518955489
 20
2.0949839116589604
 30
0.0
 40
0.125
100
AcDbArc
 50
-228.00598463389738
 51
-48.005984633897384
  0
ARC
  5
174
330
17
100
AcDbEntity
  8
SLOTS
100
AcDbCircle
 10
29.679625541354408
 20
5.473184782937615
 30
0.0
 40
0.125
100
AcDbArc
 50
-48.005984633897384
 51
131.99401536610262
  0
LINE
  5
175
330
17
100
AcDbEntity
  8
SLOTS
100
AcDbLine
 10
28.697713953845383
 20
3.4119353934222345
 30
0.0
 11
26.78661577360245
 21
1.691536281229775
 31
0.0
  0
LINE
  5
176
330
17
100
AcDbEntity
  8
SLOTS
100
AcDbLine
 10
26.619352528585438
 20
1.877339959520545
 30
0.0
 11
28.530450708828372
 21
3.5977390717130047
 31
0.0
  0
ARC
  5
177
330
17
100
AcDbEntity
  8
SLOTS
100
AcDbCircle
 10
26.702984151093943
 20
1.78443812037516
 30
0.0
 40
0.125
100
AcDbArc
 50
-228.00598463389736
 51
-48.005984633897356
  0
ARC
  5
178
330
17
100
AcDbEntity
  8
SLOTS
100
AcDbCircle
 10
28.614082331336878
 20
3.5048372325676196
 30
0.0
 40
0.125
100
AcDbArc
 50
-48.005984633897356
 51
131.99401536610264
  0
LINE
  5
179
330
17
100
AcDbEntity
  8
SLOTS
100
AcDbLine
 10
25.847870803630745
 20
1.2458960170030347
 30
0.0
 11
26.121045156905275
 21
1.3176765128548602
 31
0.0
  0
LINE
  5
17A
330
17
100
AcDbEntity
  8
SLOTS
100
AcDbLine
 10
26.184579496369913
 20
1.075884478848791
 30
0.0
 11
25.911405143095383
 21
1.0041039829969653
 31
0.0
  0
ARC
  5
17B
330
17
100
AcDbEntity
  8
SLOTS
100
AcDbCircle
 10
26.152812326637594
 20
1.1967804958518256
 30
0.0
 40
0.125
100
AcDbArc
 50
-75.27752442546777
 51
104.72247557453223
  0
ARC
  5
17C
330
17
100
AcDbEntity
  8
SLOTS
100
AcDbCircle
 10
25.879637973363064
 20
1.125
 30
0.0
 40
0.125
100
AcDbArc
 50
104.72247557453223
 51
284.7224755745322
  0
LINE
  5
17D
330
17
100
AcDbEntity
  8
SLOTS
100
AcDbLine
 10
22.89671082337537
 20
1.2458960170030347
 30
0.0
 11
24.951321100396438
 21
1.7857744598326046
 31
0.0
  0
LINE
  5
17E
330
17
100
AcDbEntity
  8
SLOTS
100
AcDbLine
 10
25.014855439861076
 20
1.5439824258265353
 30
0.0
 11
22.960245162840007
 21
1.0041039829969653
 31
0.0
  0
ARC
  5
17F
330
17
100
AcDbEntity
  8
SLOTS
100
AcDbCircle
 10
24.983088270128757
 20
1.66487844282957
 30
0.0
 40
0.125
100
AcDbArc
 50
-75.27752442546785
 51
104.72247557453215
  0
ARC
  5
180
330
17
100
AcDbEntity
  8
SLOTS
100
AcDbCircle
 10
22.928477993107688
 20
1.125
 30
0.0
 40
0.125
100
AcDbArc
 50
104.72247557453215
 51
284.72247557453215
  0
LINE
  5
181
330
17
100
AcDbEntity
  8
SLOTS
100
AcDbLine
 10
20.29532494180764
 20
1.3378041992279326
 30
0.0
 11
23.781597043887604
 21
2.253872406810349
 31
0.0
  0
LINE
  5
182
330
17
100
AcDbEntity
  8
SLOTS
100
AcDbLine
 10
23.845131383352243
 20
2.0120803728042795
 30
0.0
 11
20.358859281272277
 21
1.0960121652218633
 31
0.0
  0
ARC
  5
183
330
17
100
AcDbEntity
  8
SLOTS
100
AcDbCircle
 10
23.813364213619924
 20
2.132976389807314
 30
0.0
 40
0.125
100
AcDbArc
 50
-75.27752442546785
 51
104.72247557453215
  0
ARC
  5
184
330
17
100
AcDbEntity
  8
SLOTS
100
AcDbCircle
 10
20.327092111539958
 20
1.216908182224898
 30
0.0
 40
0.125
100
AcDbArc
 50
104.72247557453215
 51
284.72247557453215
  0
LINE
  5
185
330
17
100
AcDbEntity
  8
SLOTS
100
AcDbLine
 10
20.33548405824262
 20
2.1238163758383903
 30
0.0
 11
22.611872987378767
 21
2.7219703537880937
 31
0.0
  0
LINE
  5
186
330
17
100
AcDbEntity
  8
SLOTS
100
AcDbLine
 10
22.675407326843406
 20
2.4801783197820244
 30
0.0
 11
20.39901839770726
 21
1.882024341832321
 31
0.0
  0
ARC
  5
187
330
17
100
AcDbEntity
  8
SLOTS
100
AcDbCircle
 10
22.643640157111086
 20
2.601074336785059
 30
0.0
 40
0.125
100
AcDbArc
 50
-75.27752442546785
 51
104.72247557453215
  0
ARC
  5
188
330
17
100
AcDbEntity
  8
SLOTS
100
AcDbCircle
 10
20.36725122797494
 20
2.0029203588353557
 30
0.0
 40
0.125
100
AcDbArc
 50
104.72247557453215
 51
284.72247557453215
  0
LINE
  5
189
330
17
100
AcDbEntity
  8
SLOTS
100
AcDbLine
 10
28.57831572213927
 20
28.11215220103383
 30
0.0
 11
26.819383954425824
 21
29.784407748952
 31
0.0
  0
LINE
  5
18A
330
17
100
AcDbEntity
  8
SLOTS
100
AcDbLine
 10
26.99164008987598
 20
29.965592251048
 30
0.0
 11
28.750571857589424
 21
28.29333670312983
 31
0.0
  0
ARC
  5
18B
330
17
100
AcDbEntity
  8
SLOTS
100
AcDbCircle
 10
26.9055120221509
 20
29.875
 30
0.0
 40
0.125
100
AcDbArc
 50
46.44705758235688
 51
226.44705758235688
  0
ARC
  5
18C
330
17
100
AcDbEntity
  8
SLOTS
100
AcDbCircle
 10
28.664443789864347
 20
28.20274445208183
 30
0.0
 40
0.125
100
AcDbArc
 50
226.44705758235688
 51
406.4470575823569
  0
LINE
  5
18D
330
17
100
AcDbEntity
  8
SLOTS
100
AcDbLine
 10
28.4587406029928
 20
27.190978203539274
 30
0.0
 11
25.730888618628327
 21
29.784407748952
 31
0.0
  0
LINE
  5
18E
330
17
100
AcDbEntity
  8
SLOTS
100
AcDbLine
 10
25.903144754078482
 20
29.965592251048
 30
0.0
 11
28.630996738442956
 21
27.372162705635276
 31
0.0
  0
ARC
  5
18F
330
17
100
AcDbEntity
  8
SLOTS
100
AcDbCircle
 10
25.817016686353405
 20
29.875
 30
0.0
 40
0.125
100
AcDbArc
 50
46.44705758235685
 51
226.44705758235685
  0
ARC
  5
190
330
17
100
AcDbEntity
  8
SLOTS
100
AcDbCircle
 10
28.54486867071788
 20
27.281570454587275
 30
0.0
 40
0.125
100
AcDbArc
 50
226.44705758235685
 51
406.4470575823568
  0
LINE
  5
191
330
17
100
AcDbEntity
  8
SLOTS
100
AcDbLine
 10
27.97813234917851
 20
26.61304643608039
 30
0.0
 11
24.959760808118908
 21
29.48267938481996
 31
0.0
  0
LINE
  5
192
330
17
100
AcDbEntity
  8
SLOTS
100
AcDbLine
 10
25.132016943569063
 20
29.663863886915962
 30
0.0
 11
28.150388484628664
 21
26.79423093817639
 31
0.0
  0
ARC
  5
193
330
17
100
AcDbEntity
  8
SLOTS
100
AcDbCircle
 10
25.045888875843985
 20
29.57327163586796
 30
0.0
 40
0.125
100
AcDbArc
 50
46.44705758235682
 51
226.44705758235682
  0
ARC
  5
194
330
17
100
AcDbEntity
  8
SLOTS
100
AcDbCircle
 10
28.064260416903586
 20
26.70363868712839
 30
0.0
 40
0.125
100
AcDbArc
 50
226.44705758235682
 51
406.4470575823568
  0
LINE
  5
195
330
17
100
AcDbEntity
  8
SLOTS
100
AcDbLine
 10
27.49752409536422
 20
26.035114668621503
 30
0.0
 11
25.131956091110613
 21
28.284112777418677
 31
0.0
  0
LINE
  5
196
330
17
100
AcDbEntity
  8
SLOTS
100
AcDbLine
 10
25.304212226560768
 20
28.46529727951468
 30
0.0
 11
27.669780230814375
 21
26.216299170717505
 31
0.0
  0
ARC
  5
197
330
17
100
AcDbEntity
  8
SLOTS
100
AcDbCircle
 10
25.21808415883569
 20
28.37470502846668
 30
0.0
 40
0.125
100
AcDbArc
 50
46.44705758235685
 51
226.44705758235685
  0
ARC
  5
198
330
17
100
AcDbEntity
  8
SLOTS
100
AcDbCircle
 10
27.583652163089297
 20
26.125706919669504
 30
0.0
 40
0.125
100
AcDbArc
 50
226.44705758235685
 51
406.4470575823568
  0
LINE
  5
199
330
17
100
AcDbEntity
  8
SLOTS
100
AcDbLine
 10
27.01691584154993
 20
25.457182901162618
 30
0.0
 11
25.590351740244298
 21
26.81344911720261
 31
0.0
  0
LINE
  5
19A
330
17
100
AcDbEntity
  8
SLOTS
100
AcDbLine
 10
25.762607875694453
 20
26.99463361929861
 30
0.0
 11
27.189171977000086
 21
25.63836740325862
 31
0.0
  0
ARC
  5
19B
330
17
100
AcDbEntity
  8
SLOTS
100
AcDbCircle
 10
25.676479807969375
 20
26.90404136825061
 30
0.0
 40
0.125
100
AcDbArc
 50
46.44705758235682
 51
226.44705758235682
  0
ARC
  5
19C
330
17
100
AcDbEntity
  8
SLOTS
100
AcDbCircle
 10
27.10304390927501
 20
25.54777515221062
 30
0.0
 40
0.125
100
AcDbArc
 50
226.44705758235682
 51
406.4470575823568
  0
LINE
  5
19D
330
17
100
AcDbEntity
  8
SLOTS
100
AcDbLine
 10
26.53630758773564
 20
24.879251133703733
 30
0.0
 11
26.04874738937799
 21
25.342785456986526
 31
0.0
  0
LINE
  5
19E
330
17
100
AcDbEntity
  8
SLOTS
100
AcDbLine
 10
26.221003524828145
 20
25.523969959082528
 30
0.0
 11
26.708563723185794
 21
25.060435635799735
 31
0.0
  0
ARC
  5
19F
330
17
100
AcDbEntity
  8
SLOTS
100
AcDbCircle
 10
26.134875457103067
 20
25.433377708034527
 30
0.0
 40
0.125
100
AcDbArc
 50
46.447057582356905
 51
226.4470575823569
  0
ARC
  5
1A0
330
17
100
AcDbEntity
  8
SLOTS
100
AcDbCircle
 10
26.622435655460716
 20
24.969843384751734
 30
0.0
 40
0.125
100
AcDbArc
 50
226.4470575823569
 51
406.44705758235693
  0
LINE
  5
1A1
330
17
100
AcDbEntity
  8
SLOTS
100
AcDbLine
 10
29.267079299197015
 20
29.838981611035514
 30
0.0
 11
29.09882626002701
 21
29.279833960067155
 31
0.0
  0
LINE
  5
1A2
330
17
100
AcDbEntity
  8
SLOTS
100
AcDbLine
 10
28.859429721569136
 20
29.351870737996126
 30
0.0
 11
29.02768276073914
 21
29.911018388964486
 31
0.0
  0
ARC
  5
1A3
330
17
100
AcDbEntity
  8
SLOTS
100
AcDbCircle
 10
28.979127990798073
 20
29.31585234903164
 30
0.0
 40
0.125
100
AcDbArc
 50
-196.74705877425114
 51
-16.747058774251144
  0
ARC
  5
1A4
330
17
100
AcDbEntity
  8
SLOTS
100
AcDbCircle
 10
29.147381029968077
 20
29.875
 30
0.0
 40
0.125
100
AcDbArc
 50
-16.747058774251144
 51
163.25294122574886
  0
LINE
  5
1A5
330
17
100
AcDbEntity
  8
SLOTS
100
AcDbLine
 10
30.050298644003856
 20
29.838981611035514
 30
0.0
 11
29.57171756332006
 21
28.248534933921636
 31
0.0
  0
LINE
  5
1A6
330
17
100
AcDbEntity
  8
SLOTS
100
AcDbLine
 10
29.332321024862186
 20
28.320571711850608
 30
0.0
 11
29.81090210554598
 21
29.911018388964486
 31
0.0
  0
ARC
  5
1A7
330
17
100
AcDbEntity
  8
SLOTS
100
AcDbCircle
 10
29.452019294091123
 20
28.284553322886122
 30
0.0
 40
0.125
100
AcDbArc
 50
-196.7470587742511
 51
-16.747058774251087
  0
ARC
  5
1A8
330
17
100
AcDbEntity
  8
SLOTS
100
AcDbCircle
 10
29.93060037477492
 20
29.875
 30
0.0
 40
0.125
100
AcDbArc
 50
-16.747058774251087
 51
163.2529412257489
  0
LINE
  5
1A9
330
17
100
AcDbEntity
  8
SLOTS
100
AcDbLine
 10
30.833517988810694
 20
29.838981611035514
 30
0.0
 11
30.310805433062583
 21
28.10187481569906
 31
0.0
  0
LINE
  5
1AA
330
17
100
AcDbEntity
  8
SLOTS
100
AcDbLine
 10
30.07140889460471
 20
28.17391159362803
 30
0.0
 11
30.59412145035282
 21
29.911018388964486
 31
0.0
  0
ARC
  5
1AB
330
17
100
AcDbEntity
  8
SLOTS
100
AcDbCircle
 10
30.191107163833646
 20
28.137893204663545
 30
0.0
 40
0.125
100
AcDbArc
 50
-196.7470587742511
 51
-16.747058774251087
  0
ARC
  5
1AC
330
17
100
AcDbEntity
  8
SLOTS
100
AcDbCircle
 10
30.713819719581757
 20
29.875
 30
0.0
 40
0.125
100
AcDbArc
 50
-16.747058774251087
 51
163.2529412257489
  0
LINE
  5
1AD
330
17
100
AcDbEntity
  8
SLOTS
100
AcDbLine
 10
31.616737333617532
 20
29.838981611035514
 30
0.0
 11
31.156709702032675
 21
28.31019276508004
 31
0.0
  0
LINE
  5
1AE
330
17
100
AcDbEntity
  8
SLOTS
100
AcDbLine
 10
30.9173131635748
 20
28.38222954300901
 30
0.0
 11
31.377340795159657
 21
29.911018388964486
 31
0.0
  0
ARC
  5
1AF
330
17
100
AcDbEntity
  8
SLOTS
100
AcDbCircle
 10
31.037011432803737
 20
28.346211154044525
 30
0.0
 40
0.125
100
AcDbArc
 50
-196.74705877425106
 51
-16.747058774251073
  0
ARC
  5
1B0
330
17
100
AcDbEntity
  8
SLOTS
100
AcDbCircle
 10
31.497039064388595
 20
29.875
 30
0.0
 40
0.125
100
AcDbArc
 50
-16.747058774251073
 51
163.25294122574894
  0
LINE
  5
1B1
330
17
100
AcDbEntity
  8
SLOTS
100
AcDbLine
 10
32.39995667842437
 20
29.838981611035514
 30
0.0
 11
32.02667953448387
 21
28.598486703935375
 31
0.0
  0
LINE
  5
1B2
330
17
100
AcDbEntity
  8
SLOTS
100
AcDbLine
 10
31.787282996025993
 20
28.670523481864347
 30
0.0
 11
32.1605601399665
 21
29.911018388964486
 31
0.0
  0
ARC
  5
1B3
330
17
100
AcDbEntity
  8
SLOTS
100
AcDbCircle
 10
31.90698126525493
 20
28.63450509289986
 30
0.0
 40
0.125
100
AcDbArc
 50
-196.74705877425112
 51
-16.747058774251116
  0
ARC
  5
1B4
330
17
100
AcDbEntity
  8
SLOTS
100
AcDbCircle
 10
32.28025840919543
 20
29.875
 30
0.0
 40
0.125
100
AcDbArc
 50
-16.747058774251116
 51
163.25294122574888
  0
LINE
  5
1B5
330
17
100
AcDbEntity
  8
SLOTS
100
AcDbLine
 10
33.183176023231205
 20
29.838981611035514
 30
0.0
 11
32.89664936693506
 21
28.886780642790708
 31
0.0
  0
LINE
  5
1B6
330
17
100
AcDbEntity
  8
SLOTS
100
AcDbLine
 10
32.65725282847719
 20
28.95881742071968
 30
0.0
 11
32.94377948477334
 21
29.911018388964486
 31
0.0
  0
ARC
  5
1B7
330
17
100
AcDbEntity
  8
SLOTS
100
AcDbCircle
 10
32.776951097706124
 20
28.922799031755194
 30
0.0
 40
0.125
100
AcDbArc
 50
-196.74705877425112
 51
-16.7470587742511
  0
ARC
  5
1B8
330
17
100
AcDbEntity
  8
SLOTS
100
AcDbCircle
 10
33.06347775400227
 20
29.875
 30
0.0
 40
0.125
100
AcDbArc
 50
-16.7470587742511
 51
163.25294122574888
  0
LINE
  5
1B9
330
17
100
AcDbEntity
  8
SLOTS
100
AcDbLine
 10
33.96639536803804
 20
29.838981611035514
 30
0.0
 11
33.766619199386255
 21
29.175074581646044
 31
0.0
  0
LINE
  5
1BA
330
17
100
AcDbEntity
  8
SLOTS
100
AcDbLine
 10
33.52722266092839
 20
29.247111359575015
 30
0.0
 11
33.726998829580175
 21
29.911018388964486
 31
0.0
  0
ARC
  5
1BB
330
17
100
AcDbEntity
  8
SLOTS
100
AcDbCircle
 10
33.64692093015732
 20
29.21109297061053
 30
0.0
 40
0.125
100
AcDbArc
 50
-196.7470587742509
 51
-16.74705877425089
  0
ARC
  5
1BC
330
17
100
AcDbEntity
  8
SLOTS
100
AcDbCircle
 10
33.84669709880911
 20
29.875
 30
0.0
 40
0.125
100
AcDbArc
 50
-16.74705877425089
 51
163.2529412257491
  0
LINE
  5
1BD
330
17
100
AcDbEntity
  8
SLOTS
100
AcDbLine
 10
34.74961471284489
 20
29.83898161103551
 30
0.0
 11
34.63658903183745
 21
29.463368520501373
 31
0.0
  0
LINE
  5
1BE
330
17
100
AcDbEntity
  8
SLOTS
100
AcDbLine
 10
34.397192493379585
 20
29.53540529843035
 30
0.0
 11
34.51021817438702
 21
29.91101838896449
 31
0.0
  0
ARC
  5
1BF
330
17
100
AcDbEntity
  8
SLOTS
100
AcDbCircle
 10
34.51689076260852
 20
29.499386909465862
 30
0.0
 40
0.125
100
AcDbArc
 50
-196.74705877425117
 51
-16.747058774251187
  0
ARC
  5
1C0
330
17
100
AcDbEntity
  8
SLOTS
100
AcDbCircle
 10
34.629916443615954
 20
29.875
 30
0.0
 40
0.125
100
AcDbArc
 50
-16.747058774251187
 51
163.25294122574883
  0
LINE
  5
1C1
330
17
100
AcDbEntity
  8
SLOTS
100
AcDbLine
 10
31.424242085384655
 20
27.624005614231773
 30
0.0
 11
31.378971570005778
 21
27.337417053355328
 31
0.0
  0
LINE
  5
1C2
330
17
100
AcDbEntity
  8
SLOTS
100
AcDbLine
 10
31.132033442879614
 20
27.37642424976089
 30
0.0
 11
31.17730395825849
 21
27.663012810637337
 31
0.0
  0
ARC
  5
1C3
330
17
100
AcDbEntity
  8
SLOTS
100
AcDbCircle
 10
31.255502506442696
 20
27.35692065155811
 30
0.0
 40
0.125
100
AcDbArc
 50
-188.9764673104047
 51
-8.9764673104047
  0
ARC
  5
1C4
330
17
100
AcDbEntity
  8
SLOTS
100
AcDbCircle
 10
31.300773021821573
 20
27.643509212434555
 30
0.0
 40
0.125
100
AcDbArc
 50
-8.9764673104047
 51
171.0235326895953
  0
LINE
  5
1C5
330
17
100
AcDbEntity
  8
SLOTS
100
AcDbLine
 10
32.225483825257776
 20
27.889524174240325
 30
0.0
 11
31.936852772340387
 21
26.06232257541689
 31
0.0
  0
LINE
  5
1C6
330
17
100
AcDbEntity
  8
SLOTS
100
AcDbLine
 10
31.689914645214223
 20
26.101329771822453
 30
0.0
 11
31.978545698131608
 21
27.92853137064589
 31
0.0
  0
ARC
  5
1C7
330
17
100
AcDbEntity
  8
SLOTS
100
AcDbCircle
 10
31.813383708777305
 20
26.08182617361967
 30
0.0
 40
0.125
100
AcDbArc
 50
-188.9764673104047
 51
-8.976467310404715
  0
ARC
  5
1C8
330
17
100
AcDbEntity
  8
SLOTS
100
AcDbCircle
 10
32.10201476169469
 20
27.909027772443107
 30
0.0
 40
0.125
100
AcDbArc
 50
-8.976467310404715
 51
171.0235326895953
  0
LINE
  5
1C9
330
17
100
AcDbEntity
  8
SLOTS
100
AcDbLine
 10
33.026725565130896
 20
28.155042734248877
 30
0.0
 11
32.494733974675
 21
24.787228097478447
 31
0.0
  0
LINE
  5
1CA
330
17
100
AcDbEntity
  8
SLOTS
100
AcDbLine
 10
32.24779584754883
 20
24.826235293884018
 30
0.0
 11
32.779787438004725
 21
28.194049930654447
 31
0.0
  0
ARC
  5
1CB
330
17
100
AcDbEntity
  8
SLOTS
100
AcDbCircle
 10
32.371264911111915
 20
24.806731695681233
 30
0.0
 40
0.125
100
AcDbArc
 50
-188.97646731040476
 51
-8.976467310404772
  0
ARC
  5
1CC
330
17
100
AcDbEntity
  8
SLOTS
100
AcDbCircle
 10
32.90325650156781
 20
28.174546332451662
 30
0.0
 40
0.125
100
AcDbArc
 50
-8.976467310404772
 51
171.02353268959524
  0
LINE
  5
1CD
330
17
100
AcDbEntity
  8
SLOTS
100
AcDbLine
 10
33.827967305004016
 20
28.420561294257432
 30
0.0
 11
33.21463872088205
 21
24.53783641699851
 31
0.0
  0
LINE
  5
1CE
330
17
100
AcDbEntity
  8
SLOTS
100
AcDbLine
 10
32.96770059375588
 20
24.576843613404073
 30
0.0
 11
33.581029177877845
 21
28.459568490662996
 31
0.0
  0
ARC
  5
1CF
330
17
100
AcDbEntity
  8
SLOTS
100
AcDbCircle
 10
33.091169657318964
 20
24.55734001520129
 30
0.0
 40
0.125
100
AcDbArc
 50
-188.97646731040476
 51
-8.976467310404757
  0
ARC
  5
1D0
330
17
100
AcDbEntity
  8
SLOTS
100
AcDbCircle
 10
33.70449824144093
 20
28.440064892460214
 30
0.0
 40
0.125
100
AcDbArc
 50
-8.976467310404757
 51
171.02353268959524
  0
LINE
  5
1D1
330
17
100
AcDbEntity
  8
SLOTS
100
AcDbLine
 10
34.62920904487713
 20
28.686079854265984
 30
0.0
 11
33.958947621107285
 21
24.44293715439688
 31
0.0
  0
LINE
  5
1D2
330
17
100
AcDbEntity
  8
SLOTS
100
AcDbLine
 10
33.712009493981114
 20
24.481944350802443
 30
0.0
 11
34.38227091775096
 21
28.725087050671547
 31
0.0
  0
ARC
  5
1D3
330
17
100
AcDbEntity
  8
SLOTS
100
AcDbCircle
 10
33.8354785575442
 20
24.46244075259966
 30
0.0
 40
0.125
100
AcDbArc
 50
-188.9764673104047
 51
-8.976467310404715
  0
ARC
  5
1D4
330
17
100
AcDbEntity
  8
SLOTS
100
AcDbCircle
 10
34.50573998131404
 20
28.705583452468765
 30
0.0
 40
0.125
100
AcDbArc
 50
-8.976467310404715
 51
171.0235326895953
  0
LINE
  5
1D5
330
17
100
AcDbEntity
  8
SLOTS
100
AcDbLine
 10
34.99846906356308
 20
26.216904126748886
 30
0.0
 11
34.70325652133252
 21
24.34803789179525
 31
0.0
  0
LINE
  5
1D6
330
17
100
AcDbEntity
  8
SLOTS
100
AcDbLine
 10
34.45631839420635
 20
24.38704508820082
 30
0.0
 11
34.75153093643692
 21
26.255911323154457
 31
0.0
  0
ARC
  5
1D7
330
17
100
AcDbEntity
  8
SLOTS
100
AcDbCircle
 10
34.579787457769434
 20
24.367541489998036
 30
0.0
 40
0.125
100
AcDbArc
 50
-188.9764673104048
 51
-8.976467310404786
  0
ARC
  5
1D8
330
17
100
AcDbEntity
  8
SLOTS
100
AcDbCircle
 10
34.875
 20
26.236407724951672
 30
0.0
 40
0.125
100
AcDbArc
 50
-8.976467310404786
 51
171.0235326895952
  0
LINE
  5
1D9
330
17
100
AcDbEntity
  8
SLOTS
100
AcDbLine
 10
29.594553377863615
 20
22.346256294774815
 30
0.0
 11
31.374752745486163
 21
25.043670336582505
 31
0.0
  0
LINE
  5
1DA
330
17
100
AcDbEntity
  8
SLOTS
100
AcDbLine
 10
31.583408436389277
 20
24.905964844122163
 30
0.0
 11
29.80320906876673
 21
22.208550802314473
 31
0.0
  0
ARC
  5
1DB
330
17
100
AcDbEntity
  8
SLOTS
100
AcDbCircle
 10
31.47908059093772
 20
24.974817590352334
 30
0.0
 40
0.125
100
AcDbArc
 50
-33.42342182521466
 51
146.57657817478534
  0
ARC
  5
1DC
330
17
100
AcDbEntity
  8
SLOTS
100
AcDbCircle
 10
29.698881223315173
 20
22.277403548544644
 30
0.0
 40
0.125
100
AcDbArc
 50
146.57657817478534
 51
326.57657817478537
  0
LINE
  5
1DD
330
17
100
AcDbEntity
  8
SLOTS
100
AcDbLine
 10
28.6363182658721
 20
22.255909794298127
 30
0.0
 11
31.016515155988465
 21
25.86245894291471
 31
0.0
  0
LINE
  5
1DE
330
17
100
AcDbEntity
  8
SLOTS
100
AcDbLine
 10
31.22517084689158
 20
25.72475345045437
 30
0.0
 11
28.844973956775213
 21
22.118204301837785
 31
0.0
  0
ARC
  5
1DF
330
17
100
AcDbEntity
  8
SLOTS
100
AcDbCircle
 10
31.120843001440022
 20
25.79360619668454
 30
0.0
 40
0.125
100
AcDbArc
 50
-33.423421825214675
 51
146.5765781747853
  0
ARC
  5
1E0
330
17
100
AcDbEntity
  8
SLOTS
100
AcDbCircle
 10
28.740646111323656
 20
22.187057048067956
 30
0.0
 40
0.125
100
AcDbArc
 50
146.5765781747853
 51
326.5765781747853
  0
LINE
  5
1E1
330
17
100
AcDbEntity
  8
SLOTS
100
AcDbLine
 10
27.955397178768564
 20
22.585758221607556
 30
0.0
 11
30.658277566490767
 21
26.681247549246915
 31
0.0
  0
LINE
  5
1E2
330
17
100
AcDbEntity
  8
SLOTS
100
AcDbLine
 10
30.86693325739388
 20
26.543542056786574
 30
0.0
 11
28.16405286967168
 21
22.448052729147214
 31
0.0
  0
ARC
  5
1E3
330
17
100
AcDbEntity
  8
SLOTS
100
AcDbCircle
 10
30.762605411942324
 20
26.612394803016745
 30
0.0
 40
0.125
100
AcDbArc
 50
-33.42342182521468
 51
146.5765781747853
  0
ARC
  5
1E4
330
17
100
AcDbEntity
  8
SLOTS
100
AcDbCircle
 10
28.05972502422012
 20
22.516905475377385
 30
0.0
 40
0.125
100
AcDbArc
 50
146.5765781747853
 51
326.5765781747853
  0
LINE
  5
1E5
330
17
100
AcDbEntity
  8
SLOTS
100
AcDbLine
 10
27.507038481209392
 20
23.2679924920774
 30
0.0
 11
30.284630730202824
 21
27.476687580457895
 31
0.0
  0
LINE
  5
1E6
330
17
100
AcDbEntity
  8
SLOTS
100
AcDbLine
 10
30.49328642110594
 20
27.338982087997554
 30
0.0
 11
27.715694172112507
 21
23.13028699961706
 31
0.0
  0
ARC
  5
1E7
330
17
100
AcDbEntity
  8
SLOTS
100
AcDbCircle
 10
30.38895857565438
 20
27.407834834227724
 30
0.0
 40
0.125
100
AcDbArc
 50
-33.423421825214696
 51
146.5765781747853
  0
ARC
  5
1E8
330
17
100
AcDbEntity
  8
SLOTS
100
AcDbCircle
 10
27.61136632666095
 20
23.19913974584723
 30
0.0
 40
0.125
100
AcDbArc
 50
146.5765781747853
 51
326.5765781747853
  0
LINE
  5
1E9
330
17
100
AcDbEntity
  8
SLOTS
100
AcDbLine
 10
27.05867978365022
 20
23.95022676254725
 30
0.0
 11
28.867036365789314
 21
26.690305500903253
 31
0.0
  0
LINE
  5
1EA
330
17
100
AcDbEntity
  8
SLOTS
100
AcDbLine
 10
29.07569205669243
 20
26.552600008442912
 30
0.0
 11
27.267335474553335
 21
23.812521270086908
 31
0.0
  0
ARC
  5
1EB
330
17
100
AcDbEntity
  8
SLOTS
100
AcDbCircle
 10
28.97136421124087
 20
26.621452754673083
 30
0.0
 40
0.125
100
AcDbArc
 50
-33.4234218252147
 51
146.5765781747853
  0
ARC
  5
1EC
330
17
100
AcDbEntity
  8
SLOTS
100
AcDbCircle
 10
27.163007629101777
 20
23.88137401631708
 30
0.0
 40
0.125
100
AcDbArc
 50
146.5765781747853
 51
326.5765781747853
  0
LINE
  5
1ED
330
17
100
AcDbEntity
  8
SLOTS
100
AcDbLine
 10
1.0447500109881793
 20
2.5037094912505404
 30
0.0
 11
1.837355879155398
 21
3.1673977284829675
 31
0.0
  0
LINE
  5
1EE
330
17
100
AcDbEntity
  8
SLOTS
100
AcDbLine
 10
1.9978558571790395
 20
2.9757215508958437
 30
0.0
 11
1.2052499890118207
 21
2.3120333136634166
 31
0.0
  0
ARC
  5
1EF
330
17
100
AcDbEntity
  8
SLOTS
100
AcDbCircle
 10
1.9176058681672188
 20
3.0715596396894056
 30
0.0
 40
0.125
100
AcDbArc
 50
-50.05888992791473
 51
129.94111007208528
  0
ARC
  5
1F0
330
17
100
AcDbEntity
  8
SLOTS
100
AcDbCircle
 10
1.125
 20
2.4078714024569785
 30
0.0
 40
0.125
100
AcDbArc
 50
129.94111007208528
 51
309.9411100720853
  0
LINE
  5
1F1
330
17
100
AcDbEntity
  8
SLOTS
100
AcDbLine
 10
1.0447500109881793
 20
3.481921819774123
 30
0.0
 11
2.1496728969408183
 21
4.407128598966125
 31
0.0
  0
LINE
  5
1F2
330
17
100
AcDbEntity
  8
SLOTS
100
AcDbLine
 10
2.3101728749644597
 20
4.215452421379002
 30
0.0
 11
1.2052499890118207
 21
3.290245642186999
 31
0.0
  0
ARC
  5
1F3
330
17
100
AcDbEntity
  8
SLOTS
100
AcDbCircle
 10
2.229922885952639
 20
4.311290510172563
 30
0.0
 40
0.125
100
AcDbArc
 50
-50.05888992791473
 51
129.94111007208528
  0
ARC
  5
1F4
330
17
100
AcDbEntity
  8
SLOTS
100
AcDbCircle
 10
1.125
 20
3.386083730980561
 30
0.0
 40
0.125
100
AcDbArc
 50
129.94111007208528
 51
309.9411100720853
  0
LINE
  5
1F5
330
17
100
AcDbEntity
  8
SLOTS
100
AcDbLine
 10
1.0447500109881793
 20
4.460134148297705
 30
0.0
 11
1.7809891787744678
 21
5.076623749339193
 31
0.0
  0
LINE
  5
1F6
330
17
100
AcDbEntity
  8
SLOTS
100
AcDbLine
 10
1.9414891567981092
 20
4.88494757175207
 30
0.0
 11
1.2052499890118207
 21
4.268457970710582
 31
0.0
  0
ARC
  5
1F7
330
17
100
AcDbEntity
  8
SLOTS
100
AcDbCircle
 10
1.8612391677862885
 20
4.9807856605456315
 30
0.0
 40
0.125
100
AcDbArc
 50
-50.05888992791472
 51
129.94111007208528
  0
ARC
  5
1F8
330
17
100
AcDbEntity
  8
SLOTS
100
AcDbCircle
 10
1.125
 20
4.364296059504143
 30
0.0
 40
0.125
100
AcDbArc
 50
129.94111007208528
 51
309.9411100720853
  0
LINE
  5
1F9
330
17
100
AcDbEntity
  8
SLOTS
100
AcDbLine
 10
1.044750010988179
 20
5.4383464768212875
 30
0.0
 11
1.1945023523251066
 21
5.563741545713669
 31
0.0
  0
LINE
  5
1FA
330
17
100
AcDbEntity
  8
SLOTS
100
AcDbLine
 10
1.3550023303487484
 20
5.372065368126546
 30
0.0
 11
1.205249989011821
 21
5.2466702992341645
 31
0.0
  0
ARC
  5
1FB
330
17
100
AcDbEntity
  8
SLOTS
100
AcDbCircle
 10
1.2747523413369275
 20
5.467903456920108
 30
0.0
 40
0.125
100
AcDbArc
 50
-50.05888992791465
 51
129.94111007208534
  0
ARC
  5
1FC
330
17
100
AcDbEntity
  8
SLOTS
100
AcDbCircle
 10
1.125
 20
5.342508388027726
 30
0.0
 40
0.125
100
AcDbArc
 50
129.94111007208534
 51
309.94111007208534
  0
LINE
  5
1FD
330
17
100
AcDbEntity
  8
SLOTS
100
AcDbLine
 10
10.939312612596614
 20
13.2394304573586
 30
0.0
 11
9.824494171417367
 21
13.195495465346326
 31
0.0
  0
LINE
  5
1FE
330
17
100
AcDbEntity
  8
SLOTS
100
AcDbLine
 10
9.81464931432842
 20
13.445301547716028
 30
0.0
 11
10.929467755507668
 21
13.489236539728301
 31
0.0
  0
ARC
  5
1FF
330
17
100
AcDbEntity
  8
SLOTS
100
AcDbCircle
 10
9.819571742872894
 20
13.320398506531177
 30
0.0
 40
0.125
100
AcDbArc
 50
-267.74314139916646
 51
-87.74314139916643
  0
ARC
  5
200
330
17
100
AcDbEntity
  8
SLOTS
100
AcDbCircle
 10
10.934390184052141
 20
13.36433349854345
 30
0.0
 40
0.125
100
AcDbArc
 50
-87.74314139916643
 51
92.25685860083357
  0
LINE
  5
201
330
17
100
AcDbEntity
  8
SLOTS
100
AcDbLine
 10
10.302805785018574
 20
12.463763520366737
 30
0.0
 11
5.411119878722061
 21
12.270982190886436
 31
0.0
  0
LINE
  5
202
330
17
100
AcDbEntity
  8
SLOTS
100
AcDbLine
 10
5.401275021633116
 20
12.520788273256137
 30
0.0
 11
10.292960927929627
 21
12.713569602736438
 31
0.0
  0
ARC
  5
203
330
17
100
AcDbEntity
  8
SLOTS
100
AcDbCircle
 10
5.406197450177588
 20
12.395885232071286
 30
0.0
 40
0.125
100
AcDbArc
 50
-267.7431413991664
 51
-87.7431413991664
  0
ARC
  5
204
330
17
100
AcDbEntity
  8
SLOTS
100
AcDbCircle
 10
10.2978833564741
 20
12.588666561551587
 30
0.0
 40
0.125
100
AcDbArc
 50
-87.7431413991664
 51
92.2568586008336
  0
LINE
  5
205
330
17
100
AcDbEntity
  8
SLOTS
100
AcDbLine
 10
9.666298957440532
 20
11.688096583374874
 30
0.0
 11
4.845487935137998
 21
11.49810843289765
 31
0.0
  0
LINE
  5
206
330
17
100
AcDbEntity
  8
SLOTS
100
AcDbLine
 10
4.835643078049053
 20
11.747914515267352
 30
0.0
 11
9.656454100351585
 21
11.937902665744575
 31
0.0
  0
ARC
  5
207
330
17
100
AcDbEntity
  8
SLOTS
100
AcDbCircle
 10
4.840565506593525
 20
11.623011474082501
 30
0.0
 40
0.125
100
AcDbArc
 50
-267.7431413991664
 51
-87.7431413991664
  0
ARC
  5
208
330
17
100
AcDbEntity
  8
SLOTS
100
AcDbCircle
 10
9.661376528896058
 20
11.812999624559724
 30
0.0
 40
0.125
100
AcDbArc
 50
-87.7431413991664
 51
92.2568586008336
  0
LINE
  5
209
330
17
100
AcDbEntity
  8
SLOTS
100
AcDbLine
 10
9.029792129862491
 20
10.91242964638301
 30
0.0
 11
5.810254346325633
 21
10.785547670288965
 31
0.0
  0
LINE
  5
20A
330
17
100
AcDbEntity
  8
SLOTS
100
AcDbLine
 10
5.800409489236688
 20
11.035353752658667
 30
0.0
 11
9.019947272773544
 21
11.162235728752712
 31
0.0
  0
ARC
  5
20B
330
17
100
AcDbEntity
  8
SLOTS
100
AcDbCircle
 10
5.80533191778116
 20
10.910450711473816
 30
0.0
 40
0.125
100
AcDbArc
 50
-267.7431413991664
 51
-87.7431413991664
  0
ARC
  5
20C
330
17
100
AcDbEntity
  8
SLOTS
100
AcDbCircle
 10
9.024869701318018
 20
11.037332687567861
 30
0.0
 40
0.125
100
AcDbArc
 50
-87.7431413991664
 51
92.2568586008336
  0
LINE
  5
20D
330
17
100
AcDbEntity
  8
SLOTS
100
AcDbLine
 10
8.393285302284449
 20
10.136762709391148
 30
0.0
 11
6.775020757513268
 21
10.072986907680278
 31
0.0
  0
LINE
  5
20E
330
17
100
AcDbEntity
  8
SLOTS
100
AcDbLine
 10
6.765175900424323
 20
10.32279299004998
 30
0.0
 11
8.383440445195502
 21
10.38656879176085
 31
0.0
  0
ARC
  5
20F
330
17
100
AcDbEntity
  8
SLOTS
100
AcDbCircle
 10
6.770098328968795
 20
10.197889948865129
 30
0.0
 40
0.125
100
AcDbArc
 50
-267.7431413991664
 51
-87.7431413991664
  0
ARC
  5
210
330
17
100
AcDbEntity
  8
SLOTS
100
AcDbCircle
 10
8.388362873739975
 20
10.261665750575999
 30
0.0
 40
0.125
100
AcDbArc
 50
-87.7431413991664
 51
92.2568586008336
  0
LINE
  5
211
330
17
100
AcDbEntity
  8
SLOTS
100
AcDbLine
 10
7.7567784747064135
 20
9.361095772399283
 30
0.0
 11
7.739787168700913
 21
9.360426145071589
 31
0.0
  0
LINE
  5
212
330
17
100
AcDbEntity
  8
SLOTS
100
AcDbLine
 10
7.7299423116119526
 20
9.61023222744129
 30
0.0
 11
7.746933617617453
 21
9.610901854768985
 31
0.0
  0
ARC
  5
213
330
17
100
AcDbEntity
  8
SLOTS
100
AcDbCircle
 10
7.734864740156433
 20
9.48532918625644
 30
0.0
 40
0.125
100
AcDbArc
 50
-267.74314139916294
 51
-87.74314139916294
  0
ARC
  5
214
330
17
100
AcDbEntity
  8
SLOTS
100
AcDbCircle
 10
7.751856046161933
 20
9.485998813584134
 30
0.0
 40
0.125
100
AcDbArc
 50
-87.74314139916294
 51
92.25685860083706
  0
LINE
  5
215
330
17
100
AcDbEntity
  8
SLOTS
100
AcDbLine
 10
2.504288430491574
 20
5.583342580506431
 30
0.0
 11
4.494156638692557
 21
4.5509552049559945
 31
0.0
  0
LINE
  5
216
330
17
100
AcDbEntity
  8
SLOTS
100
AcDbLine
 10
4.3790242774681865
 20
4.3290440979809235
 30
0.0
 11
2.3891560692672043
 21
5.36143147353136
 31
0.0
  0
ARC
  5
217
330
17
100
AcDbEntity
  8
SLOTS
100
AcDbCircle
 10
4.436590458080372
 20
4.439999651468459
 30
0.0
 40
0.125
100
AcDbArc
 50
-117.4212768915736
 51
62.578723108426395
  0
ARC
  5
218
330
17
100
AcDbEntity
  8
SLOTS
100
AcDbCircle
 10
2.446722249879389
 20
5.472387027018896
 30
0.0
 40
0.125
100
AcDbArc
 50
62.578723108426395
 51
242.5787231084264
  0
LINE
  5
219
330
17
100
AcDbEntity
  8
SLOTS
100
AcDbLine
 10
2.4545523041894906
 20
6.454079698144349
 30
0.0
 11
5.526525441971935
 21
4.86027249402607
 31
0.0
  0
LINE
  5
21A
330
17
100
AcDbEntity
  8
SLOTS
100
AcDbLine
 10
5.4113930807475645
 20
4.638361387050999
 30
0.0
 11
2.339419942965121
 21
6.232168591169278
 31
0.0
  0
ARC
  5
21B
330
17
100
AcDbEntity
  8
SLOTS
100
AcDbCircle
 10
5.46895926135975
 20
4.7493169405385345
 30
0.0
 40
0.125
100
AcDbArc
 50
-117.4212768915736
 51
62.5787231084264
  0
ARC
  5
21C
330
17
100
AcDbEntity
  8
SLOTS
100
AcDbCircle
 10
2.396986123577306
 20
6.343124144656813
 30
0.0
 40
0.125
100
AcDbArc
 50
62.5787231084264
 51
242.5787231084264
  0
LINE
  5
21D
330
17
100
AcDbEntity
  8
SLOTS
100
AcDbLine
 10
2.668601487636765
 20
7.187959197514617
 30
0.0
 11
6.558894245251313
 21
5.169589783096145
 31
0.0
  0
LINE
  5
21E
330
17
100
AcDbEntity
  8
SLOTS
100
AcDbLine
 10
6.443761884026943
 20
4.947678676121074
 30
0.0
 11
2.5534691264123954
 21
6.966048090539546
 31
0.0
  0
ARC
  5
21F
330
17
100
AcDbEntity
  8
SLOTS
100
AcDbCircle
 10
6.501328064639128
 20
5.058634229608609
 30
0.0
 40
0.125
100
AcDbArc
 50
-117.4212768915736
 51
62.5787231084264
  0
ARC
  5
220
330
17
100
AcDbEntity
  8
SLOTS
100
AcDbCircle
 10
2.61103530702458
 20
7.077003644027082
 30
0.0
 40
0.125
100
AcDbArc
 50
62.5787231084264
 51
242.5787231084264
  0
LINE
  5
221
330
17
100
AcDbEntity
  8
SLOTS
100
AcDbLine
 10
2.882650671084039
 20
7.921838696884887
 30
0.0
 11
7.59126304853069
 21
5.47890707216622
 31
0.0
  0
LINE
  5
222
330
17
100
AcDbEntity
  8
SLOTS
100
AcDbLine
 10
7.47613068730632
 20
5.256995965191149
 30
0.0
 11
2.7675183098596694
 21
7.699927589909816
 31
0.0
  0
ARC
  5
223
330
17
100
AcDbEntity
  8
SLOTS
100
AcDbCircle
 10
7.533696867918505
 20
5.367951518678685
 30
0.0
 40
0.125
100
AcDbArc
 50
-117.4212768915736
 51
62.5787231084264
  0
ARC
  5
224
330
17
100
AcDbEntity
  8
SLOTS
100
AcDbCircle
 10
2.825084490471854
 20
7.810883143397351
 30
0.0
 40
0.125
100
AcDbArc
 50
62.5787231084264
 51
242.5787231084264
  0
LINE
  5
225
330
17
100
AcDbEntity
  8
SLOTS
100
AcDbLine
 10
3.0966998545313134
 20
8.655718196255156
 30
0.0
 11
8.623631851810067
 21
5.788224361236295
 31
0.0
  0
LINE
  5
226
330
17
100
AcDbEntity
  8
SLOTS
100
AcDbLine
 10
8.508499490585699
 20
5.566313254261224
 30
0.0
 11
2.981567493306944
 21
8.433807089280085
 31
0.0
  0
ARC
  5
227
330
17
100
AcDbEntity
  8
SLOTS
100
AcDbCircle
 10
8.566065671197883
 20
5.677268807748759
 30
0.0
 40
0.125
100
AcDbArc
 50
-117.4212768915736
 51
62.5787231084264
  0
ARC
  5
228
330
17
100
AcDbEntity
  8
SLOTS
100
AcDbCircle
 10
3.0391336739191286
 20
8.54476264276762
 30
0.0
 40
0.125
100
AcDbArc
 50
62.5787231084264
 51
242.5787231084264
  0
LINE
  5
229
330
17
100
AcDbEntity
  8
SLOTS
100
AcDbLine
 10
3.3107490379785873
 20
9.389597695625424
 30
0.0
 11
9.656000655089443
 21
6.097541650306369
 31
0.0
  0
LINE
  5
22A
330
17
100
AcDbEntity
  8
SLOTS
100
AcDbLine
 10
9.540868293865074
 20
5.875630543331298
 30
0.0
 11
3.195616676754218
 21
9.167686588650353
 31
0.0
  0
ARC
  5
22B
330
17
100
AcDbEntity
  8
SLOTS
100
AcDbCircle
 10
9.598434474477259
 20
5.986586096818834
 30
0.0
 40
0.125
100
AcDbArc
 50
-117.4212768915736
 51
62.5787231084264
  0
ARC
  5
22C
330
17
100
AcDbEntity
  8
SLOTS
100
AcDbCircle
 10
3.2531828573664026
 20
9.278642142137889
 30
0.0
 40
0.125
100
AcDbArc
 50
62.5787231084264
 51
242.5787231084264
  0
LINE
  5
22D
330
17
100
AcDbEntity
  8
SLOTS
100
AcDbLine
 10
3.5247982214258617
 20
10.123477194995694
 30
0.0
 11
9.46981779326203
 21
7.039070334245442
 31
0.0
  0
LINE
  5
22E
330
17
100
AcDbEntity
  8
SLOTS
100
AcDbLine
 10
9.35468543203766
 20
6.817159227270371
 30
0.0
 11
3.409665860201492
 21
9.901566088020623
 31
0.0
  0
ARC
  5
22F
330
17
100
AcDbEntity
  8
SLOTS
100
AcDbCircle
 10
9.412251612649845
 20
6.928114780757906
 30
0.0
 40
0.125
100
AcDbArc
 50
-117.4212768915736
 51
62.5787231084264
  0
ARC
  5
230
330
17
100
AcDbEntity
  8
SLOTS
100
AcDbCircle
 10
3.467232040813677
 20
10.012521641508158
 30
0.0
 40
0.125
100
AcDbArc
 50
62.5787231084264
 51
242.5787231084264
  0
LINE
  5
231
330
17
100
AcDbEntity
  8
SLOTS
100
AcDbLine
 10
3.7388474048731366
 20
10.857356694365965
 30
0.0
 11
7.381205826499827
 21
8.967621064529013
 31
0.0
  0
LINE
  5
232
330
17
100
AcDbEntity
  8
SLOTS
100
AcDbLine
 10
7.266073465275457
 20
8.745709957553942
 30
0.0
 11
3.623715043648766
 21
10.635445587390894
 31
0.0
  0
ARC
  5
233
330
17
100
AcDbEntity
  8
SLOTS
100
AcDbCircle
 10
7.323639645887642
 20
8.856665511041477
 30
0.0
 40
0.125
100
AcDbArc
 50
-117.42127689157361
 51
62.57872310842639
  0
ARC
  5
234
330
17
100
AcDbEntity
  8
SLOTS
100
AcDbCircle
 10
3.6812812242609514
 20
10.74640114087843
 30
0.0
 40
0.125
100
AcDbArc
 50
62.57872310842639
 51
242.5787231084264
  0
LINE
  5
235
330
17
100
AcDbEntity
  8
SLOTS
100
AcDbLine
 10
11.83600735001564
 20
12.41977724048383
 30
0.0
 11
10.67498128190889
 21
11.678575811697495
 31
0.0
  0
LINE
  5
236
330
17
100
AcDbEntity
  8
SLOTS
100
AcDbLine
 10
10.54045682061279
 20
11.889296407067274
 30
0.0
 11
11.701482888719541
 21
12.630497835853609
 31
0.0
  0
ARC
  5
237
330
17
100
AcDbEntity
  8
SLOTS
100
AcDbCircle
 10
10.60771905126084
 20
11.783936109382385
 30
0.0
 40
0.125
100
AcDbArc
 50
-237.44575543107146
 51
-57.44575543107146
  0
ARC
  5
238
330
17
100
AcDbEntity
  8
SLOTS
100
AcDbCircle
 10
11.76874511936759
 20
12.52513753816872
 30
0.0
 40
0.125
100
AcDbArc
 50
-57.44575543107146
 51
122.55424456892854
  0
LINE
  5
239
330
17
100
AcDbEntity
  8
SLOTS
100
AcDbLine
 10
11.60353390483742
 20
11.38156185107523
 30
0.0
 11
9.141441963104558
 21
9.809757293756775
 31
0.0
  0
LINE
  5
23A
330
17
100
AcDbEntity
  8
SLOTS
100
AcDbLine
 10
9.00691750180846
 20
10.020477889126553
 30
0.0
 11
11.46900944354132
 21
11.592282446445008
 31
0.0
  0
ARC
  5
23B
330
17
100
AcDbEntity
  8
SLOTS
100
AcDbCircle
 10
9.074179732456509
 20
9.915117591441664
 30
0.0
 40
0.125
100
AcDbArc
 50
-237.4457554310715
 51
-57.44575543107149
  0
ARC
  5
23C
330
17
100
AcDbEntity
  8
SLOTS
100
AcDbCircle
 10
11.53627167418937
 20
11.486922148760119
 30
0.0
 40
0.125
100
AcDbArc
 50
-57.44575543107149
 51
122.55424456892851
  0
LINE
  5
23D
330
17
100
AcDbEntity
  8
SLOTS
100
AcDbLine
 10
11.3710604596592
 20
10.343346461666629
 30
0.0
 11
8.672766872400102
 21
8.620750288246725
 31
0.0
  0
LINE
  5
23E
330
17
100
AcDbEntity
  8
SLOTS
100
AcDbLine
 10
8.538242411104003
 20
8.831470883616504
 30
0.0
 11
11.2365359983631
 21
10.554067057036407
 31
0.0
  0
ARC
  5
23F
330
17
100
AcDbEntity
  8
SLOTS
100
AcDbCircle
 10
8.605504641752052
 20
8.726110585931615
 30
0.0
 40
0.125
100
AcDbArc
 50
-237.44575543107152
 51
-57.44575543107152
  0
ARC
  5
240
330
17
100
AcDbEntity
  8
SLOTS
100
AcDbCircle
 10
11.30379822901115
 20
10.448706759351518
 30
0.0
 40
0.125
100
AcDbArc
 50
-57.44575543107152
 51
122.55424456892848
  0
LINE
  5
241
330
17
100
AcDbEntity
  8
SLOTS
100
AcDbLine
 10
11.138587014480978
 20
9.30513107225803
 30
0.0
 11
9.23372835964455
 21
8.089065390887852
 31
0.0
  0
LINE
  5
242
330
17
100
AcDbEntity
  8
SLOTS
100
AcDbLine
 10
9.099203898348451
 20
8.29978598625763
 30
0.0
 11
11.004062553184879
 21
9.515851667627809
 31
0.0
  0
ARC
  5
243
330
17
100
AcDbEntity
  8
SLOTS
100
AcDbCircle
 10
9.1664661289965
 20
8.194425688572741
 30
0.0
 40
0.125
100
AcDbArc
 50
-237.4457554310715
 51
-57.44575543107149
  0
ARC
  5
244
330
17
100
AcDbEntity
  8
SLOTS
100
AcDbCircle
 10
11.071324783832928
 20
9.41049136994292
 30
0.0
 40
0.125
100
AcDbArc
 50
-57.44575543107149
 51
122.55424456892851
  0
LINE
  5
245
330
17
100
AcDbEntity
  8
SLOTS
100
AcDbLine
 10
10.906113569302757
 20
8.266915682849428
 30
0.0
 11
9.794689846888998
 21
7.5573804935289735
 31
0.0
  0
LINE
  5
246
330
17
100
AcDbEntity
  8
SLOTS
100
AcDbLine
 10
9.660165385592899
 20
7.768101088898754
 30
0.0
 11
10.771589108006658
 21
8.477636278219206
 31
0.0
  0
ARC
  5
247
330
17
100
AcDbEntity
  8
SLOTS
100
AcDbCircle
 10
9.727427616240949
 20
7.662740791213864
 30
0.0
 40
0.125
100
AcDbArc
 50
-237.4457554310715
 51
-57.44575543107149
  0
ARC
  5
248
330
17
100
AcDbEntity
  8
SLOTS
100
AcDbCircle
 10
10.838851338654708
 20
8.372275980534317
 30
0.0
 40
0.125
100
AcDbArc
 50
-57.44575543107149
 51
122.55424456892851
  0
LINE
  5
249
330
17
100
AcDbEntity
  8
SLOTS
100
AcDbLine
 10
10.673640124124537
 20
7.228700293440827
 30
0.0
 11
10.355651334133444
 21
7.0256955961701
 31
0.0
  0
LINE
  5
24A
330
17
100
AcDbEntity
  8
SLOTS
100
AcDbLine
 10
10.221126872837345
 20
7.23641619153988
 30
0.0
 11
10.539115662828438
 21
7.4394208888106075
 31
0.0
  0
ARC
  5
24B
330
17
100
AcDbEntity
  8
SLOTS
100
AcDbCircle
 10
10.288389103485395
 20
7.13105589385499
 30
0.0
 40
0.125
100
AcDbArc
 50
-237.4457554310717
 51
-57.44575543107169
  0
ARC
  5
24C
330
17
100
AcDbEntity
  8
SLOTS
100
AcDbCircle
 10
10.606377893476488
 20
7.334060591125717
 30
0.0
 40
0.125
100
AcDbArc
 50
-57.44575543107169
 51
122.55424456892831
  0
LINE
  5
24D
330
17
100
AcDbEntity
  8
SLOTS
100
AcDbLine
 10
16.34483894269096
 20
17.35240555953278
 30
0.0
 11
16.384131758158663
 21
17.096086888367957
 31
0.0
  0
LINE
  5
24E
330
17
100
AcDbEntity
  8
SLOTS
100
AcDbLine
 10
16.137018464804985
 20
17.058205227265248
 30
0.0
 11
16.09772564933728
 21
17.31452389843007
 31
0.0
  0
ARC
  5
24F
330
17
100
AcDbEntity
  8
SLOTS
100
AcDbCircle
 10
16.260575111481824
 20
17.077146057816602
 30
0.0
 40
0.125
100
AcDbArc
 50
-171.28459179521553
 51
8.715408204784467
  0
ARC
  5
250
330
17
100
AcDbEntity
  8
SLOTS
100
AcDbCircle
 10
16.22128229601412
 20
17.333464728981426
 30
0.0
 40
0.125
100
AcDbArc
 50
8.715408204784467
 51
188.71540820478447
  0
LINE
  5
251
330
17
100
AcDbEntity
  8
SLOTS
100
AcDbLine
 10
16.584750737780656
 20
20.737014430125097
 30
0.0
 11
17.053839022006596
 21
17.67701263996036
 31
0.0
  0
LINE
  5
252
330
17
100
AcDbEntity
  8
SLOTS
100
AcDbLine
 10
16.806725728652918
 20
17.63913097885765
 30
0.0
 11
16.337637444426978
 21
20.699132769022388
 31
0.0
  0
ARC
  5
253
330
17
100
AcDbEntity
  8
SLOTS
100
AcDbCircle
 10
16.930282375329757
 20
17.658071809409005
 30
0.0
 40
0.125
100
AcDbArc
 50
-171.28459179521596
 51
8.71540820478404
  0
ARC
  5
254
330
17
100
AcDbEntity
  8
SLOTS
100
AcDbCircle
 10
16.461194091103817
 20
20.718073599573742
 30
0.0
 40
0.125
100
AcDbArc
 50
8.71540820478404
 51
188.71540820478404
  0
LINE
  5
255
330
17
100
AcDbEntity
  8
SLOTS
100
AcDbLine
 10
17.237081958940028
 20
21.431289253781205
 30
0.0
 11
17.717472046328286
 21
18.297562454760524
 31
0.0
  0
LINE
  5
256
330
17
100
AcDbEntity
  8
SLOTS
100
AcDbLine
 10
17.470358752974608
 20
18.259680793657814
 30
0.0
 11
16.98996866558635
 21
21.393407592678496
 31
0.0
  0
ARC
  5
257
330
17
100
AcDbEntity
  8
SLOTS
100
AcDbCircle
 10
17.593915399651447
 20
18.27862162420917
 30
0.0
 40
0.125
100
AcDbArc
 50
-171.28459179521593
 51
8.715408204784069
  0
ARC
  5
258
330
17
100
AcDbEntity
  8
SLOTS
100
AcDbCircle
 10
17.11352531226319
 20
21.41234842322985
 30
0.0
 40
0.125
100
AcDbArc
 50
8.715408204784069
 51
188.71540820478407
  0
LINE
  5
259
330
17
100
AcDbEntity
  8
SLOTS
100
AcDbLine
 10
18.01311078259217
 20
21.318647985530298
 30
0.0
 11
18.381105070649976
 21
18.918112269560687
 31
0.0
  0
LINE
  5
25A
330
17
100
AcDbEntity
  8
SLOTS
100
AcDbLine
 10
18.1339917772963
 20
18.88023060845798
 30
0.0
 11
17.765997489238494
 21
21.28076632442759
 31
0.0
  0
ARC
  5
25B
330
17
100
AcDbEntity
  8
SLOTS
100
AcDbCircle
 10
18.257548423973137
 20
18.899171439009333
 30
0.0
 40
0.125
100
AcDbArc
 50
-171.2845917952159
 51
8.715408204784097
  0
ARC
  5
25C
330
17
100
AcDbEntity
  8
SLOTS
100
AcDbCircle
 10
17.889554135915333
 20
21.299707154978943
 30
0.0
 40
0.125
100
AcDbArc
 50
8.715408204784097
 51
188.7154082047841
  0
LINE
  5
25D
330
17
100
AcDbEntity
  8
SLOTS
100
AcDbLine
 10
18.873826334613554
 20
20.653570109657284
 30
0.0
 11
19.044738094971667
 21
19.53866208436085
 31
0.0
  0
LINE
  5
25E
330
17
100
AcDbEntity
  8
SLOTS
100
AcDbLine
 10
18.79762480161799
 20
19.500780423258142
 30
0.0
 11
18.626713041259876
 21
20.615688448554575
 31
0.0
  0
ARC
  5
25F
330
17
100
AcDbEntity
  8
SLOTS
100
AcDbCircle
 10
18.921181448294828
 20
19.519721253809497
 30
0.0
 40
0.125
100
AcDbArc
 50
-171.28459179521602
 51
8.715408204783984
  0
ARC
  5
260
330
17
100
AcDbEntity
  8
SLOTS
100
AcDbCircle
 10
18.750269687936715
 20
20.63462927910593
 30
0.0
 40
0.125
100
AcDbArc
 50
8.715408204783984
 51
188.71540820478398
  0
LINE
  5
261
330
17
100
AcDbEntity
  8
SLOTS
100
AcDbLine
 10
20.401980498002164
 20
18.65153649773179
 30
0.0
 11
19.740850409637265
 21
19.24433181500359
 31
0.0
  0
LINE
  5
262
330
17
100
AcDbEntity
  8
SLOTS
100
AcDbLine
 10
19.907745715550444
 20
19.430466059204235
 30
0.0
 11
20.568875803915343
 21
18.837670741932435
 31
0.0
  0
ARC
  5
263
330
17
100
AcDbEntity
  8
SLOTS
100
AcDbCircle
 10
19.824298062593854
 20
19.337398937103913
 30
0.0
 40
0.125
100
AcDbArc
 50
48.11934414695327
 51
228.11934414695327
  0
ARC
  5
264
330
17
100
AcDbEntity
  8
SLOTS
100
AcDbCircle
 10
20.485428150958754
 20
18.744603619832112
 30
0.0
 40
0.125
100
AcDbArc
 50
228.11934414695327
 51
408.11934414695327
  0
LINE
  5
265
330
17
100
AcDbEntity
  8
SLOTS
100
AcDbLine
 10
19.96951957351803
 20
18.031960544859796
 30
0.0
 11
19.19090942064333
 21
18.730093122286302
 31
0.0
  0
LINE
  5
266
330
17
100
AcDbEntity
  8
SLOTS
100
AcDbLine
 10
19.35780472655651
 20
18.916227366486947
 30
0.0
 11
20.13641487943121
 21
18.21809478906044
 31
0.0
  0
ARC
  5
267
330
17
100
AcDbEntity
  8
SLOTS
100
AcDbCircle
 10
19.27435707359992
 20
18.823160244386624
 30
0.0
 40
0.125
100
AcDbArc
 50
48.119344146953466
 51
228.11934414695347
  0
ARC
  5
268
330
17
100
AcDbEntity
  8
SLOTS
100
AcDbCircle
 10
20.05296722647462
 20
18.12502766696012
 30
0.0
 40
0.125
100
AcDbArc
 50
228.11934414695347
 51
408.1193441469535
  0
LINE
  5
269
330
17
100
AcDbEntity
  8
SLOTS
100
AcDbLine
 10
19.5370586490339
 20
17.412384591987802
 30
0.0
 11
18.640968431649394
 21
18.21585442956902
 31
0.0
  0
LINE
  5
26A
330
17
100
AcDbEntity
  8
SLOTS
100
AcDbLine
 10
18.807863737562574
 20
18.401988673769665
 30
0.0
 11
19.703953954947078
 21
17.598518836188447
 31
0.0
  0
ARC
  5
26B
330
17
100
AcDbEntity
  8
SLOTS
100
AcDbCircle
 10
18.724416084605984
 20
18.308921551669343
 30
0.0
 40
0.125
100
AcDbArc
 50
48.11934414695335
 51
228.11934414695335
  0
ARC
  5
26C
330
17
100
AcDbEntity
  8
SLOTS
100
AcDbCircle
 10
19.62050630199049
 20
17.505451714088125
 30
0.0
 40
0.125
100
AcDbArc
 50
228.11934414695335
 51
408.1193441469534
  0
LINE
  5
26D
330
17
100
AcDbEntity
  8
SLOTS
100
AcDbLine
 10
19.10459772454977
 20
16.79280863911581
 30
0.0
 11
18.09102744265546
 21
17.701615736851736
 31
0.0
  0
LINE
  5
26E
330
17
100
AcDbEntity
  8
SLOTS
100
AcDbLine
 10
18.25792274856864
 20
17.88774998105238
 30
0.0
 11
19.27149303046295
 21
16.978942883316453
 31
0.0
  0
ARC
  5
26F
330
17
100
AcDbEntity
  8
SLOTS
100
AcDbCircle
 10
18.17447509561205
 20
17.794682858952058
 30
0.0
 40
0.125
100
AcDbArc
 50
48.119344146953495
 51
228.1193441469535
  0
ARC
  5
270
330
17
100
AcDbEntity
  8
SLOTS
100
AcDbCircle
 10
19.18804537750636
 20
16.88587576121613
 30
0.0
 40
0.125
100
AcDbArc
 50
228.1193441469535
 51
408.1193441469535
  0
LINE
  5
271
330
17
100
AcDbEntity
  8
SLOTS
100
AcDbLine
 10
18.038296330342085
 20
16.741559054929812
 30
0.0
 11
17.541086453661524
 21
17.18737704413445
 31
0.0
  0
LINE
  5
272
330
17
100
AcDbEntity
  8
SLOTS
100
AcDbLine
 10
17.707981759574704
 20
17.373511288335095
 30
0.0
 11
18.205191636255265
 21
16.927693299130457
 31
0.0
  0
ARC
  5
273
330
17
100
AcDbEntity
  8
SLOTS
100
AcDbCircle
 10
17.624534106618114
 20
17.280444166234773
 30
0.0
 40
0.125
100
AcDbArc
 50
48.11934414695341
 51
228.1193441469534
  0
ARC
  5
274
330
17
100
AcDbEntity
  8
SLOTS
100
AcDbCircle
 10
18.121743983298675
 20
16.834626177030135
 30
0.0
 40
0.125
100
AcDbArc
 50
228.1193441469534
 51
408.1193441469534
  0
LINE
  5
275
330
17
100
AcDbEntity
  8
SLOTS
100
AcDbLine
 10
18.134535695118796
 20
24.21981908403271
 30
0.0
 11
18.084730081874344
 21
22.190200835042493
 31
0.0
  0
LINE
  5
276
330
17
100
AcDbEntity
  8
SLOTS
100
AcDbLine
 10
17.83480532066204
 20
22.19633383862745
 30
0.0
 11
17.88461093390649
 21
24.225952087617667
 31
0.0
  0
ARC
  5
277
330
17
100
AcDbEntity
  8
SLOTS
100
AcDbCircle
 10
17.95976770126819
 20
22.19326733683497
 30
0.0
 40
0.125
100
AcDbArc
 50
-181.40572190720576
 51
-1.405721907205745
  0
ARC
  5
278
330
17
100
AcDbEntity
  8
SLOTS
100
AcDbCircle
 10
18.009573314512643
 20
24.22288558582519
 30
0.0
 40
0.125
100
AcDbArc
 50
-1.405721907205745
 51
178.59427809279424
  0
LINE
  5
279
330
17
100
AcDbEntity
  8
SLOTS
100
AcDbLine
 10
18.881115834960042
 20
24.071256179787273
 30
0.0
 11
18.820995046482295
 21
21.621286357325452
 31
0.0
  0
LINE
  5
27A
330
17
100
AcDbEntity
  8
SLOTS
100
AcDbLine
 10
18.57107028526999
 20
21.62741936091041
 30
0.0
 11
18.631191073747736
 21
24.07738918337223
 31
0.0
  0
ARC
  5
27B
330
17
100
AcDbEntity
  8
SLOTS
100
AcDbCircle
 10
18.696032665876142
 20
21.62435285911793
 30
0.0
 40
0.125
100
AcDbArc
 50
-181.4057219072058
 51
-1.4057219072057876
  0
ARC
  5
27C
330
17
100
AcDbEntity
  8
SLOTS
100
AcDbCircle
 10
18.75615345435389
 20
24.07432268157975
 30
0.0
 40
0.125
100
AcDbArc
 50
-1.4057219072057876
 51
178.5942780927942
  0
LINE
  5
27D
330
17
100
AcDbEntity
  8
SLOTS
100
AcDbLine
 10
19.627695974801284
 20
23.922693275541835
 30
0.0
 11
19.557260011090246
 21
21.05237187960841
 31
0.0
  0
LINE
  5
27E
330
17
100
AcDbEntity
  8
SLOTS
100
AcDbLine
 10
19.30733524987794
 20
21.058504883193365
 30
0.0
 11
19.37777121358898
 21
23.928826279126792
 31
0.0
  0
ARC
  5
27F
330
17
100
AcDbEntity
  8
SLOTS
100
AcDbCircle
 10
19.432297630484094
 20
21.055438381400887
 30
0.0
 40
0.125
100
AcDbArc
 50
-181.40572190720576
 51
-1.405721907205745
  0
ARC
  5
280
330
17
100
AcDbEntity
  8
SLOTS
100
AcDbCircle
 10
19.50273359419513
 20
23.925759777334314
 30
0.0
 40
0.125
100
AcDbArc
 50
-1.405721907205745
 51
178.59427809279424
  0
LINE
  5
281
330
17
100
AcDbEntity
  8
SLOTS
100
AcDbLine
 10
20.374276114642527
 20
23.774130371296398
 30
0.0
 11
20.293524975698197
 21
20.483457401891368
 31
0.0
  0
LINE
  5
282
330
17
100
AcDbEntity
  8
SLOTS
100
AcDbLine
 10
20.043600214485892
 20
20.489590405476324
 30
0.0
 11
20.12435135343022
 21
23.780263374881354
 31
0.0
  0
ARC
  5
283
330
17
100
AcDbEntity
  8
SLOTS
100
AcDbCircle
 10
20.168562595092045
 20
20.486523903683846
 30
0.0
 40
0.125
100
AcDbArc
 50
-181.4057219072057
 51
-1.4057219072057165
  0
ARC
  5
284
330
17
100
AcDbEntity
  8
SLOTS
100
AcDbCircle
 10
20.249313734036374
 20
23.777196873088876
 30
0.0
 40
0.125
100
AcDbArc
 50
-1.4057219072057165
 51
178.5942780927943
  0
LINE
  5
285
330
17
100
AcDbEntity
  8
SLOTS
100
AcDbLine
 10
21.120856254483773
 20
23.625567467050956
 30
0.0
 11
21.0478995682136
 21
20.65252462722033
 31
0.0
  0
LINE
  5
286
330
17
100
AcDbEntity
  8
SLOTS
100
AcDbLine
 10
20.797974807001296
 20
20.658657630805287
 30
0.0
 11
20.870931493271467
 21
23.631700470635913
 31
0.0
  0
ARC
  5
287
330
17
100
AcDbEntity
  8
SLOTS
100
AcDbCircle
 10
20.92293718760745
 20
20.65559112901281
 30
0.0
 40
0.125
100
AcDbArc
 50
-181.40572190720576
 51
-1.4057219072057734
  0
ARC
  5
288
330
17
100
AcDbEntity
  8
SLOTS
100
AcDbCircle
 10
20.99589387387762
 20
23.628633968843435
 30
0.0
 40
0.125
100
AcDbArc
 50
-1.4057219072057734
 51
178.59427809279424
  0
LINE
  5
289
330
17
100
AcDbEntity
  8
SLOTS
100
AcDbLine
 10
21.867436394325015
 20
23.47700456280552
 30
0.0
 11
21.81522228829718
 21
21.349238322308288
 31
0.0
  0
LINE
  5
28A
330
17
100
AcDbEntity
  8
SLOTS
100
AcDbLine
 10
21.565297527084873
 20
21.355371325893245
 30
0.0
 11
21.61751163311271
 21
23.483137566390475
 31
0.0
  0
ARC
  5
28B
330
17
100
AcDbEntity
  8
SLOTS
100
AcDbCircle
 10
21.690259907691026
 20
21.352304824100766
 30
0.0
 40
0.125
100
AcDbArc
 50
-181.40572190720576
 51
-1.4057219072057592
  0
ARC
  5
28C
330
17
100
AcDbEntity
  8
SLOTS
100
AcDbCircle
 10
21.742474013718862
 20
23.480071064597997
 30
0.0
 40
0.125
100
AcDbArc
 50
-1.4057219072057592
 51
178.59427809279424
  0
LINE
  5
28D
330
17
100
AcDbEntity
  8
SLOTS
100
AcDbLine
 10
22.614016534166257
 20
23.32844165856008
 30
0.0
 11
22.582545008380755
 21
22.045952017396246
 31
0.0
  0
LINE
  5
28E
330
17
100
AcDbEntity
  8
SLOTS
100
AcDbLine
 10
22.33262024716845
 20
22.052085020981202
 30
0.0
 11
22.36409177295395
 21
23.334574662145037
 31
0.0
  0
ARC
  5
28F
330
17
100
AcDbEntity
  8
SLOTS
100
AcDbCircle
 10
22.457582627774602
 20
22.049018519188724
 30
0.0
 40
0.125
100
AcDbArc
 50
-181.40572190720573
 51
-1.4057219072057308
  0
ARC
  5
290
330
17
100
AcDbEntity
  8
SLOTS
100
AcDbCircle
 10
22.489054153560105
 20
23.33150816035256
 30
0.0
 40
0.125
100
AcDbArc
 50
-1.4057219072057308
 51
178.59427809279427
  0
LINE
  5
291
330
17
100
AcDbEntity
  8
SLOTS
100
AcDbLine
 10
23.360596674007507
 20
23.179878754314643
 30
0.0
 11
23.349867728464336
 21
22.742665712484207
 31
0.0
  0
LINE
  5
292
330
17
100
AcDbEntity
  8
SLOTS
100
AcDbLine
 10
23.09994296725203
 20
22.748798716069164
 30
0.0
 11
23.1106719127952
 21
23.1860117578996
 31
0.0
  0
ARC
  5
293
330
17
100
AcDbEntity
  8
SLOTS
100
AcDbCircle
 10
23.224905347858183
 20
22.745732214276686
 30
0.0
 40
0.125
100
AcDbArc
 50
-181.4057219072061
 51
-1.4057219072061002
  0
ARC
  5
294
330
17
100
AcDbEntity
  8
SLOTS
100
AcDbCircle
 10
23.235634293401354
 20
23.18294525610712
 30
0.0
 40
0.125
100
AcDbArc
 50
-1.4057219072061002
 51
178.5942780927939
  0
LINE
  5
295
330
17
100
AcDbEntity
  8
SLOTS
100
AcDbLine
 10
20.49506293475451
 20
12.352853819000757
 30
0.0
 11
20.68125315591111
 21
12.49113591000267
 31
0.0
  0
LINE
  5
296
330
17
100
AcDbEntity
  8
SLOTS
100
AcDbLine
 10
20.830312868924832
 20
12.290434136327727
 30
0.0
 11
20.64412264776823
 21
12.152152045325813
 31
0.0
  0
ARC
  5
297
330
17
100
AcDbEntity
  8
SLOTS
100
AcDbCircle
 10
20.75578301241797
 20
12.390785023165199
 30
0.0
 40
0.125
100
AcDbArc
 50
-53.399002471387654
 51
126.60099752861234
  0
ARC
  5
298
330
17
100
AcDbEntity
  8
SLOTS
100
AcDbCircle
 10
20.56959279126137
 20
12.252502932163285
 30
0.0
 40
0.125
100
AcDbArc
 50
126.60099752861234
 51
306.60099752861237
  0
LINE
  5
299
330
17
100
AcDbEntity
  8
SLOTS
100
AcDbLine
 10
17.675322013110524
 20
11.192875168635899
 30
0.0
 11
20.341204352437998
 21
13.172806133631195
 31
0.0
  0
LINE
  5
29A
330
17
100
AcDbEntity
  8
SLOTS
100
AcDbLine
 10
20.49026406545172
 20
12.972104359956251
 30
0.0
 11
17.824381726124244
 21
10.992173394960956
 31
0.0
  0
ARC
  5
29B
330
17
100
AcDbEntity
  8
SLOTS
100
AcDbCircle
 10
20.41573420894486
 20
13.072455246793723
 30
0.0
 40
0.125
100
AcDbArc
 50
-53.399002471387746
 51
126.60099752861225
  0
ARC
  5
29C
330
17
100
AcDbEntity
  8
SLOTS
100
AcDbCircle
 10
17.749851869617384
 20
11.092524281798427
 30
0.0
 40
0.125
100
AcDbArc
 50
126.60099752861225
 51
306.60099752861225
  0
LINE
  5
29D
330
17
100
AcDbEntity
  8
SLOTS
100
AcDbLine
 10
17.07890856253691
 20
11.684145277587035
 30
0.0
 11
20.001155548964885
 21
13.854476357259715
 31
0.0
  0
LINE
  5
29E
330
17
100
AcDbEntity
  8
SLOTS
100
AcDbLine
 10
20.150215261978605
 20
13.653774583584772
 30
0.0
 11
17.22796827555063
 21
11.483443503912092
 31
0.0
  0
ARC
  5
29F
330
17
100
AcDbEntity
  8
SLOTS
100
AcDbCircle
 10
20.075685405471745
 20
13.754125470422244
 30
0.0
 40
0.125
100
AcDbArc
 50
-53.39900247138779
 51
126.60099752861221
  0
ARC
  5
2A0
330
17
100
AcDbEntity
  8
SLOTS
100
AcDbCircle
 10
17.15343841904377
 20
11.583794390749564
 30
0.0
 40
0.125
100
AcDbArc
 50
126.60099752861221
 51
306.6009975286122
  0
LINE
  5
2A1
330
17
100
AcDbEntity
  8
SLOTS
100
AcDbLine
 10
16.482495111963296
 20
12.175415386538173
 30
0.0
 11
19.661106745491768
 21
14.53614658088824
 31
0.0
  0
LINE
  5
2A2
330
17
100
AcDbEntity
  8
SLOTS
100
AcDbLine
 10
19.81016645850549
 20
14.335444807213296
 30
0.0
 11
16.631554824977016
 21
11.97471361286323
 31
0.0
  0
ARC
  5
2A3
330
17
100
AcDbEntity
  8
SLOTS
100
AcDbCircle
 10
19.73563660199863
 20
14.435795694050768
 30
0.0
 40
0.125
100
AcDbArc
 50
-53.39900247138777
 51
126.60099752861223
  0
ARC
  5
2A4
330
17
100
AcDbEntity
  8
SLOTS
100
AcDbCircle
 10
16.557024968470156
 20
12.075064499700702
 30
0.0
 40
0.125
100
AcDbArc
 50
126.60099752861223
 51
306.60099752861225
  0
LINE
  5
2A5
330
17
100
AcDbEntity
  8
SLOTS
100
AcDbLine
 10
15.886081661389683
 20
12.66668549548931
 30
0.0
 11
19.321057942018655
 21
15.217816804516762
 31
0.0
  0
LINE
  5
2A6
330
17
100
AcDbEntity
  8
SLOTS
100
AcDbLine
 10
19.470117655032375
 20
15.017115030841818
 30
0.0
 11
16.035141374403402
 21
12.465983721814366
 31
0.0
  0
ARC
  5
2A7
330
17
100
AcDbEntity
  8
SLOTS
100
AcDbCircle
 10
19.395587798525515
 20
15.11746591767929
 30
0.0
 40
0.125
100
AcDbArc
 50
-53.39900247138777
 51
126.60099752861223
  0
ARC
  5
2A8
330
17
100
AcDbEntity
  8
SLOTS
100
AcDbCircle
 10
15.960611517896544
 20
12.566334608651838
 30
0.0
 40
0.125
100
AcDbArc
 50
126.60099752861223
 51
306.60099752861225
  0
LINE
  5
2A9
330
17
100
AcDbEntity
  8
SLOTS
100
AcDbLine
 10
15.28966821081607
 20
13.157955604440447
 30
0.0
 11
18.981009138545538
 21
15.899487028145284
 31
0.0
  0
LINE
  5
2AA
330
17
100
AcDbEntity
  8
SLOTS
100
AcDbLine
 10
19.13006885155926
 20
15.69878525447034
 30
0.0
 11
15.43872792382979
 21
12.957253830765504
 31
0.0
  0
ARC
  5
2AB
330
17
100
AcDbEntity
  8
SLOTS
100
AcDbCircle
 10
19.055538995052398
 20
15.799136141307812
 30
0.0
 40
0.125
100
AcDbArc
 50
-53.39900247138777
 51
126.60099752861223
  0
ARC
  5
2AC
330
17
100
AcDbEntity
  8
SLOTS
100
AcDbCircle
 10
15.36419806732293
 20
13.057604717602976
 30
0.0
 40
0.125
100
AcDbArc
 50
126.60099752861223
 51
306.60099752861225
  0
LINE
  5
2AD
330
17
100
AcDbEntity
  8
SLOTS
100
AcDbLine
 10
14.693254760242455
 20
13.649225713391584
 30
0.0
 11
18.08813621711539
 21
16.170578895335364
 31
0.0
  0
LINE
  5
2AE
330
17
100
AcDbEntity
  8
SLOTS
100
AcDbLine
 10
18.23719593012911
 20
15.96987712166042
 30
0.0
 11
14.842314473256176
 21
13.44852393971664
 31
0.0
  0
ARC
  5
2AF
330
17
100
AcDbEntity
  8
SLOTS
100
AcDbCircle
 10
18.16266607362225
 20
16.070228008497892
 30
0.0
 40
0.125
100
AcDbArc
 50
-53.399002471387796
 51
126.6009975286122
  0
ARC
  5
2B0
330
17
100
AcDbEntity
  8
SLOTS
100
AcDbCircle
 10
14.767784616749315
 20
13.548874826554112
 30
0.0
 40
0.125
100
AcDbArc
 50
126.6009975286122
 51
306.6009975286122
  0
LINE
  5
2B1
330
17
100
AcDbEntity
  8
SLOTS
100
AcDbLine
 10
14.096841309668841
 20
14.140495822342722
 30
0.0
 11
17.04060474033783
 21
16.326807004955775
 31
0.0
  0
LINE
  5
2B2
330
17
100
AcDbEntity
  8
SLOTS
100
AcDbLine
 10
17.18966445335155
 20
16.12610523128083
 30
0.0
 11
14.245901022682562
 21
13.939794048667778
 31
0.0
  0
ARC
  5
2B3
330
17
100
AcDbEntity
  8
SLOTS
100
AcDbCircle
 10
17.11513459684469
 20
16.226456118118303
 30
0.0
 40
0.125
100
AcDbArc
 50
-53.399002471387796
 51
126.6009975286122
  0
ARC
  5
2B4
330
17
100
AcDbEntity
  8
SLOTS
100
AcDbCircle
 10
14.171371166175701
 20
14.04014493550525
 30
0.0
 40
0.125
100
AcDbArc
 50
126.6009975286122
 51
306.6009975286122
  0
LINE
  5
2B5
330
17
100
AcDbEntity
  8
SLOTS
100
AcDbLine
 10
15.267407362255563
 20
19.0398034070158
 30
0.0
 11
14.991624036078063
 21
20.081825880379213
 31
0.0
  0
LINE
  5
2B6
330
17
100
AcDbEntity
  8
SLOTS
100
AcDbLine
 10
15.233302990754956
 20
20.14578901715568
 30
0.0
 11
15.509086316932455
 21
19.103766543792265
 31
0.0
  0
ARC
  5
2B7
330
17
100
AcDbEntity
  8
SLOTS
100
AcDbCircle
 10
15.11246351341651
 20
20.113807448767446
 30
0.0
 40
0.125
100
AcDbArc
 50
14.824108435106595
 51
194.8241084351066
  0
ARC
  5
2B8
330
17
100
AcDbEntity
  8
SLOTS
100
AcDbCircle
 10
15.388246839594009
 20
19.071784975404032
 30
0.0
 40
0.125
100
AcDbArc
 50
194.8241084351066
 51
374.8241084351066
  0
LINE
  5
2B9
330
17
100
AcDbEntity
  8
SLOTS
100
AcDbLine
 10
15.154716006697768
 20
16.53422161311855
 30
0.0
 11
14.203079273152483
 21
20.12989534936941
 31
0.0
  0
LINE
  5
2BA
330
17
100
AcDbEntity
  8
SLOTS
100
AcDbLine
 10
14.444758227829375
 20
20.193858486145874
 30
0.0
 11
15.39639496137466
 21
16.598184749895015
 31
0.0
  0
ARC
  5
2BB
330
17
100
AcDbEntity
  8
SLOTS
100
AcDbCircle
 10
14.323918750490929
 20
20.161876917757642
 30
0.0
 40
0.125
100
AcDbArc
 50
14.824108435106567
 51
194.82410843510655
  0
ARC
  5
2BC
330
17
100
AcDbEntity
  8
SLOTS
100
AcDbCircle
 10
15.275555484036214
 20
16.566203181506783
 30
0.0
 40
0.125
100
AcDbArc
 50
194.82410843510655
 51
374.82410843510655
  0
LINE
  5
2BD
330
17
100
AcDbEntity
  8
SLOTS
100
AcDbLine
 10
14.565385350270532
 20
15.829578512935225
 30
0.0
 11
13.414534510226902
 21
20.177964818359605
 31
0.0
  0
LINE
  5
2BE
330
17
100
AcDbEntity
  8
SLOTS
100
AcDbLine
 10
13.656213464903795
 20
20.24192795513607
 30
0.0
 11
14.807064304947424
 21
15.89354164971169
 31
0.0
  0
ARC
  5
2BF
330
17
100
AcDbEntity
  8
SLOTS
100
AcDbCircle
 10
13.535373987565348
 20
20.209946386747838
 30
0.0
 40
0.125
100
AcDbArc
 50
14.824108435106595
 51
194.8241084351066
  0
ARC
  5
2C0
330
17
100
AcDbEntity
  8
SLOTS
100
AcDbCircle
 10
14.686224827608978
 20
15.861560081323457
 30
0.0
 40
0.125
100
AcDbArc
 50
194.8241084351066
 51
374.8241084351066
  0
LINE
  5
2C1
330
17
100
AcDbEntity
  8
SLOTS
100
AcDbLine
 10
13.976054693843292
 20
15.124935412751897
 30
0.0
 11
12.780640661775474
 21
19.641699727890067
 31
0.0
  0
LINE
  5
2C2
330
17
100
AcDbEntity
  8
SLOTS
100
AcDbLine
 10
13.022319616452366
 20
19.705662864666532
 30
0.0
 11
14.217733648520184
 21
15.188898549528362
 31
0.0
  0
ARC
  5
2C3
330
17
100
AcDbEntity
  8
SLOTS
100
AcDbCircle
 10
12.90148013911392
 20
19.6736812962783
 30
0.0
 40
0.125
100
AcDbArc
 50
14.824108435106567
 51
194.82410843510655
  0
ARC
  5
2C4
330
17
100
AcDbEntity
  8
SLOTS
100
AcDbCircle
 10
14.096894171181738
 20
15.15691698114013
 30
0.0
 40
0.125
100
AcDbArc
 50
194.82410843510655
 51
374.82410843510655
  0
LINE
  5
2C5
330
17
100
AcDbEntity
  8
SLOTS
100
AcDbLine
 10
13.386724037416053
 20
14.420292312568572
 30
0.0
 11
12.206160851729573
 21
18.88094404145176
 31
0.0
  0
LINE
  5
2C6
330
17
100
AcDbEntity
  8
SLOTS
100
AcDbLine
 10
12.447839806406465
 20
18.944907178228224
 30
0.0
 11
13.628402992092946
 21
14.484255449345037
 31
0.0
  0
ARC
  5
2C7
330
17
100
AcDbEntity
  8
SLOTS
100
AcDbCircle
 10
12.327000329068019
 20
18.91292560983999
 30
0.0
 40
0.125
100
AcDbArc
 50
14.824108435106552
 51
194.82410843510655
  0
ARC
  5
2C8
330
17
100
AcDbEntity
  8
SLOTS
100
AcDbCircle
 10
13.5075635147545
 20
14.452273880956804
 30
0.0
 40
0.125
100
AcDbArc
 50
194.82410843510655
 51
374.82410843510655
  0
LINE
  5
2C9
330
17
100
AcDbEntity
  8
SLOTS
100
AcDbLine
 10
12.635187575866192
 20
14.328529246107784
 30
0.0
 11
11.631681041683672
 21
18.120188355013447
 31
0.0
  0
LINE
  5
2CA
330
17
100
AcDbEntity
  8
SLOTS
100
AcDbLine
 10
11.873359996360564
 20
18.184151491789912
 30
0.0
 11
12.876866530543085
 21
14.39249238288425
 31
0.0
  0
ARC
  5
2CB
330
17
100
AcDbEntity
  8
SLOTS
100
AcDbCircle
 10
11.752520519022118
 20
18.15216992340168
 30
0.0
 40
0.125
100
AcDbArc
 50
14.824108435106567
 51
194.82410843510655
  0
ARC
  5
2CC
330
17
100
AcDbEntity
  8
SLOTS
100
AcDbCircle
 10
12.756027053204638
 20
14.360510814496017
 30
0.0
 40
0.125
100
AcDbArc
 50
194.82410843510655
 51
374.82410843510655
  0
LINE
  5
2CD
330
17
100
AcDbEntity
  8
SLOTS
100
AcDbLine
 10
11.205080914916966
 20
16.800682596674104
 30
0.0
 11
11.057201231637771
 21
17.35943266857514
 31
0.0
  0
LINE
  5
2CE
330
17
100
AcDbEntity
  8
SLOTS
100
AcDbLine
 10
11.298880186314664
 20
17.423395805351603
 30
0.0
 11
11.446759869593858
 21
16.86464573345057
 31
0.0
  0
ARC
  5
2CF
330
17
100
AcDbEntity
  8
SLOTS
100
AcDbCircle
 10
11.178040708976217
 20
17.39141423696337
 30
0.0
 40
0.125
100
AcDbArc
 50
14.82410843510661
 51
194.8241084351066
  0
ARC
  5
2D0
330
17
100
AcDbEntity
  8
SLOTS
100
AcDbCircle
 10
11.325920392255412
 20
16.832664165062337
 30
0.0
 40
0.125
100
AcDbArc
 50
194.8241084351066
 51
374.8241084351066
  0
LINE
  5
2D1
330
17
100
AcDbEntity
  8
SLOTS
100
AcDbLine
 10
12.652814830793826
 20
26.548659680088445
 30
0.0
 11
12.277559697352542
 21
25.820838390214952
 31
0.0
  0
LINE
  5
2D2
330
17
100
AcDbEntity
  8
SLOTS
100
AcDbLine
 10
12.055355458510833
 20
25.935403988196093
 30
0.0
 11
12.430610591952117
 21
26.663225278069586
 31
0.0
  0
ARC
  5
2D3
330
17
100
AcDbEntity
  8
SLOTS
100
AcDbCircle
 10
12.166457577931688
 20
25.878121189205523
 30
0.0
 40
0.125
100
AcDbArc
 50
-207.2750395480663
 51
-27.275039548066303
  0
ARC
  5
2D4
330
17
100
AcDbEntity
  8
SLOTS
100
AcDbCircle
 10
12.541712711372972
 20
26.605942479079015
 30
0.0
 40
0.125
100
AcDbArc
 50
-27.275039548066303
 51
152.7249604519337
  0
LINE
  5
2D5
330
17
100
AcDbEntity
  8
SLOTS
100
AcDbLine
 10
13.396609259015888
 20
26.35465968695026
 30
0.0
 11
12.050296107884083
 21
23.743435250806165
 31
0.0
  0
LINE
  5
2D6
330
17
100
AcDbEntity
  8
SLOTS
100
AcDbLine
 10
11.828091869042375
 20
23.858000848787306
 30
0.0
 11
13.174405020174179
 21
26.4692252849314
 31
0.0
  0
ARC
  5
2D7
330
17
100
AcDbEntity
  8
SLOTS
100
AcDbCircle
 10
11.939193988463229
 20
23.800718049796735
 30
0.0
 40
0.125
100
AcDbArc
 50
-207.27503954806633
 51
-27.275039548066346
  0
ARC
  5
2D8
330
17
100
AcDbEntity
  8
SLOTS
100
AcDbCircle
 10
13.285507139595033
 20
26.41194248594083
 30
0.0
 40
0.125
100
AcDbArc
 50
-27.275039548066346
 51
152.72496045193367
  0
LINE
  5
2D9
330
17
100
AcDbEntity
  8
SLOTS
100
AcDbLine
 10
14.077636206121777
 20
26.038919829392
 30
0.0
 11
12.498041376976083
 21
22.975236901237725
 31
0.0
  0
LINE
  5
2DA
330
17
100
AcDbEntity
  8
SLOTS
100
AcDbLine
 10
12.275837138134374
 20
23.089802499218866
 30
0.0
 11
13.855431967280069
 21
26.15348542737314
 31
0.0
  0
ARC
  5
2DB
330
17
100
AcDbEntity
  8
SLOTS
100
AcDbCircle
 10
12.386939257555229
 20
23.032519700228296
 30
0.0
 40
0.125
100
AcDbArc
 50
-207.27503954806633
 51
-27.275039548066346
  0
ARC
  5
2DC
330
17
100
AcDbEntity
  8
SLOTS
100
AcDbCircle
 10
13.966534086700923
 20
26.09620262838257
 30
0.0
 40
0.125
100
AcDbArc
 50
-27.275039548066346
 51
152.72496045193367
  0
LINE
  5
2DD
330
17
100
AcDbEntity
  8
SLOTS
100
AcDbLine
 10
14.758663153227666
 20
25.723179971833737
 30
0.0
 11
12.945786646068083
 21
22.207038551669285
 31
0.0
  0
LINE
  5
2DE
330
17
100
AcDbEntity
  8
SLOTS
100
AcDbLine
 10
12.723582407226374
 20
22.321604149650426
 30
0.0
 11
14.536458914385957
 21
25.837745569814878
 31
0.0
  0
ARC
  5
2DF
330
17
100
AcDbEntity
  8
SLOTS
100
AcDbCircle
 10
12.834684526647228
 20
22.264321350659856
 30
0.0
 40
0.125
100
AcDbArc
 50
-207.27503954806633
 51
-27.275039548066346
  0
ARC
  5
2E0
330
17
100
AcDbEntity
  8
SLOTS
100
AcDbCircle
 10
14.647561033806811
 20
25.780462770824307
 30
0.0
 40
0.125
100
AcDbArc
 50
-27.275039548066346
 51
152.72496045193367
  0
LINE
  5
2E1
330
17
100
AcDbEntity
  8
SLOTS
100
AcDbLine
 10
15.439690100333557
 20
25.407440114275474
 30
0.0
 11
13.393531915160082
 21
21.438840202100845
 31
0.0
  0
LINE
  5
2E2
330
17
100
AcDbEntity
  8
SLOTS
100
AcDbLine
 10
13.171327676318374
 20
21.553405800081986
 30
0.0
 11
15.217485861491848
 21
25.522005712256615
 31
0.0
  0
ARC
  5
2E3
330
17
100
AcDbEntity
  8
SLOTS
100
AcDbCircle
 10
13.282429795739228
 20
21.496123001091416
 30
0.0
 40
0.125
100
AcDbArc
 50
-207.2750395480664
 51
-27.275039548066374
  0
ARC
  5
2E4
330
17
100
AcDbEntity
  8
SLOTS
100
AcDbCircle
 10
15.328587980912703
 20
25.464722913266044
 30
0.0
 40
0.125
100
AcDbArc
 50
-27.275039548066374
 51
152.7249604519336
  0
LINE
  5
2E5
330
17
100
AcDbEntity
  8
SLOTS
100
AcDbLine
 10
16.120717047439445
 20
25.09170025671721
 30
0.0
 11
13.952019147607553
 21
20.885430009787854
 31
0.0
  0
LINE
  5
2E6
330
17
100
AcDbEntity
  8
SLOTS
100
AcDbLine
 10
13.729814908765844
 20
20.999995607768994
 30
0.0
 11
15.898512808597738
 21
25.20626585469835
 31
0.0
  0
ARC
  5
2E7
330
17
100
AcDbEntity
  8
SLOTS
100
AcDbCircle
 10
13.840917028186698
 20
20.942712808778424
 30
0.0
 40
0.125
100
AcDbArc
 50
-207.2750395480664
 51
-27.275039548066374
  0
ARC
  5
2E8
330
17
100
AcDbEntity
  8
SLOTS
100
AcDbCircle
 10
16.009614928018593
 20
25.14898305570778
 30
0.0
 40
0.125
100
AcDbArc
 50
-27.275039548066374
 51
152.7249604519336
  0
LINE
  5
2E9
330
17
100
AcDbEntity
  8
SLOTS
100
AcDbLine
 10
16.801743994545333
 20
24.775960399158947
 30
0.0
 11
14.770124358655597
 21
20.835558544118246
 31
0.0
  0
LINE
  5
2EA
330
17
100
AcDbEntity
  8
SLOTS
100
AcDbLine
 10
14.547920119813888
 20
20.950124142099387
 30
0.0
 11
16.579539755703628
 21
24.890525997140088
 31
0.0
  0
ARC
  5
2EB
330
17
100
AcDbEntity
  8
SLOTS
100
AcDbCircle
 10
14.659022239234742
 20
20.892841343108817
 30
0.0
 40
0.125
100
AcDbArc
 50
-207.2750395480664
 51
-27.275039548066374
  0
ARC
  5
2EC
330
17
100
AcDbEntity
  8
SLOTS
100
AcDbCircle
 10
16.69064187512448
 20
24.833243198149518
 30
0.0
 40
0.125
100
AcDbArc
 50
-27.275039548066374
 51
152.7249604519336
  0
LINE
  5
2ED
330
17
100
AcDbEntity
  8
SLOTS
100
AcDbLine
 10
17.130349155056987
 20
23.77668537728115
 30
0.0
 11
15.588229569703637
 21
20.785687078448635
 31
0.0
  0
LINE
  5
2EE
330
17
100
AcDbEntity
  8
SLOTS
100
AcDbLine
 10
15.366025330861929
 20
20.900252676429776
 30
0.0
 11
16.90814491621528
 21
23.89125097526229
 31
0.0
  0
ARC
  5
2EF
330
17
100
AcDbEntity
  8
SLOTS
100
AcDbCircle
 10
15.477127450282783
 20
20.842969877439206
 30
0.0
 40
0.125
100
AcDbArc
 50
-207.27503954806633
 51
-27.275039548066346
  0
ARC
  5
2F0
330
17
100
AcDbEntity
  8
SLOTS
100
AcDbCircle
 10
17.019247035636134
 20
23.83396817627172
 30
0.0
 40
0.125
100
AcDbArc
 50
-27.275039548066346
 51
152.72496045193367
  0
LINE
  5
2F1
330
17
100
AcDbEntity
  8
SLOTS
100
AcDbLine
 10
34.815992579027764
 20
11.669824137485346
 30
0.0
 11
33.71185145386908
 21
12.261067120783984
 31
0.0
  0
LINE
  5
2F2
330
17
100
AcDbEntity
  8
SLOTS
100
AcDbLine
 10
33.82986629581355
 20
12.481458810919573
 30
0.0
 11
34.934007420972236
 21
11.890215827620935
 31
0.0
  0
ARC
  5
2F3
330
17
100
AcDbEntity
  8
SLOTS
100
AcDbCircle
 10
33.770858874841316
 20
12.371262965851779
 30
0.0
 40
0.125
100
AcDbArc
 50
61.83194220250374
 51
241.83194220250374
  0
ARC
  5
2F4
330
17
100
AcDbEntity
  8
SLOTS
100
AcDbCircle
 10
34.875
 20
11.78001998255314
 30
0.0
 40
0.125
100
AcDbArc
 50
241.83194220250374
 51
421.83194220250374
  0
LINE
  5
2F5
330
17
100
AcDbEntity
  8
SLOTS
100
AcDbLine
 10
34.815992579027764
 20
10.819066108066691
 30
0.0
 11
32.833659516160836
 21
11.880561316672859
 31
0.0
  0
LINE
  5
2F6
330
17
100
AcDbEntity
  8
SLOTS
100
AcDbLine
 10
32.95167435810531
 20
12.100953006808448
 30
0.0
 11
34.934007420972236
 21
11.03945779820228
 31
0.0
  0
ARC
  5
2F7
330
17
100
AcDbEntity
  8
SLOTS
100
AcDbCircle
 10
32.89266693713307
 20
11.990757161740653
 30
0.0
 40
0.125
100
AcDbArc
 50
61.831942202503825
 51
241.83194220250383
  0
ARC
  5
2F8
330
17
100
AcDbEntity
  8
SLOTS
100
AcDbCircle
 10
34.875
 20
10.929261953134485
 30
0.0
 40
0.125
100
AcDbArc
 50
241.83194220250383
 51
421.8319422025038
  0
LINE
  5
2F9
330
17
100
AcDbEntity
  8
SLOTS
100
AcDbLine
 10
34.815992579027764
 20
9.968308078648034
 30
0.0
 11
31.9554675784526
 21
11.500055512561733
 31
0.0
  0
LINE
  5
2FA
330
17
100
AcDbEntity
  8
SLOTS
100
AcDbLine
 10
32.07348242039707
 20
11.720447202697322
 30
0.0
 11
34.934007420972236
 21
10.188699768783623
 31
0.0
  0
ARC
  5
2FB
330
17
100
AcDbEntity
  8
SLOTS
100
AcDbCircle
 10
32.014474999424834
 20
11.610251357629528
 30
0.0
 40
0.125
100
AcDbArc
 50
61.83194220250377
 51
241.83194220250377
  0
ARC
  5
2FC
330
17
100
AcDbEntity
  8
SLOTS
100
AcDbCircle
 10
34.875
 20
10.078503923715829
 30
0.0
 40
0.125
100
AcDbArc
 50
241.83194220250377
 51
421.8319422025038
  0
LINE
  5
2FD
330
17
100
AcDbEntity
  8
SLOTS
100
AcDbLine
 10
34.815992579027764
 20
9.11755004922938
 30
0.0
 11
31.66983003622875
 21
10.80225002585563
 31
0.0
  0
LINE
  5
2FE
330
17
100
AcDbEntity
  8
SLOTS
100
AcDbLine
 10
31.78784487817322
 20
11.022641715991218
 30
0.0
 11
34.934007420972236
 21
9.337941739364968
 31
0.0
  0
ARC
  5
2FF
330
17
100
AcDbEntity
  8
SLOTS
100
AcDbCircle
 10
31.728837457200985
 20
10.912445870923424
 30
0.0
 40
0.125
100
AcDbArc
 50
61.83194220250377
 51
241.83194220250377
  0
ARC
  5
300
330
17
100
AcDbEntity
  8
SLOTS
100
AcDbCircle
 10
34.875
 20
9.227745894297174
 30
0.0
 40
0.125
100
AcDbArc
 50
241.83194220250377
 51
421.8319422025038
  0
LINE
  5
301
330
17
100
AcDbEntity
  8
SLOTS
100
AcDbLine
 10
34.815992579027764
 20
8.266792019810726
 30
0.0
 11
31.507608129452876
 21
10.038358214833448
 31
0.0
  0
LINE
  5
302
330
17
100
AcDbEntity
  8
SLOTS
100
AcDbLine
 10
31.62562297139735
 20
10.258749904969036
 30
0.0
 11
34.934007420972236
 21
8.487183709946315
 31
0.0
  0
ARC
  5
303
330
17
100
AcDbEntity
  8
SLOTS
100
AcDbCircle
 10
31.566615550425112
 20
10.148554059901242
 30
0.0
 40
0.125
100
AcDbArc
 50
61.8319422025038
 51
241.8319422025038
  0
ARC
  5
304
330
17
100
AcDbEntity
  8
SLOTS
100
AcDbCircle
 10
34.875
 20
8.37698786487852
 30
0.0
 40
0.125
100
AcDbArc
 50
241.8319422025038
 51
421.8319422025038
  0
LINE
  5
305
330
17
100
AcDbEntity
  8
SLOTS
100
AcDbLine
 10
34.815992579027764
 20
7.416033990392071
 30
0.0
 11
31.345386222677007
 21
9.274466403811262
 31
0.0
  0
LINE
  5
306
330
17
100
AcDbEntity
  8
SLOTS
100
AcDbLine
 10
31.46340106462148
 20
9.494858093946851
 30
0.0
 11
34.934007420972236
 21
7.63642568052766
 31
0.0
  0
ARC
  5
307
330
17
100
AcDbEntity
  8
SLOTS
100
AcDbCircle
 10
31.404393643649243
 20
9.384662248879057
 30
0.0
 40
0.125
100
AcDbArc
 50
61.8319422025038
 51
241.8319422025038
  0
ARC
  5
308
330
17
100
AcDbEntity
  8
SLOTS
100
AcDbCircle
 10
34.875
 20
7.526229835459866
 30
0.0
 40
0.125
100
AcDbArc
 50
241.8319422025038
 51
421.8319422025038
  0
LINE
  5
309
330
17
100
AcDbEntity
  8
SLOTS
100
AcDbLine
 10
34.788320753691416
 20
6.580093607189458
 30
0.0
 11
31.183164315901134
 21
8.51057459278908
 31
0.0
  0
LINE
  5
30A
330
17
100
AcDbEntity
  8
SLOTS
100
AcDbLine
 10
31.301179157845606
 20
8.730966282924669
 30
0.0
 11
34.90633559563589
 21
6.8004852973250465
 31
0.0
  0
ARC
  5
30B
330
17
100
AcDbEntity
  8
SLOTS
100
AcDbCircle
 10
31.24217173687337
 20
8.620770437856875
 30
0.0
 40
0.125
100
AcDbArc
 50
61.8319422025038
 51
241.8319422025038
  0
ARC
  5
30C
330
17
100
AcDbEntity
  8
SLOTS
100
AcDbCircle
 10
34.84732817466365
 20
6.690289452257252
 30
0.0
 40
0.125
100
AcDbArc
 50
241.8319422025038
 51
421.8319422025038
  0
LINE
  5
30D
330
17
100
AcDbEntity
  8
SLOTS
100
AcDbLine
 10
33.533082938715054
 20
6.401487473543385
 30
0.0
 11
31.02094240912526
 21
7.746682781766893
 31
0.0
  0
LINE
  5
30E
330
17
100
AcDbEntity
  8
SLOTS
100
AcDbLine
 10
31.138957251069733
 20
7.967074471902482
 30
0.0
 11
33.651097780659526
 21
6.621879163678974
 31
0.0
  0
ARC
  5
30F
330
17
100
AcDbEntity
  8
SLOTS
100
AcDbCircle
 10
31.079949830097497
 20
7.856878626834687
 30
0.0
 40
0.125
100
AcDbArc
 50
61.8319422025038
 51
241.8319422025038
  0
ARC
  5
310
330
17
100
AcDbEntity
  8
SLOTS
100
AcDbCircle
 10
33.59209035968729
 20
6.51168331861118
 30
0.0
 40
0.125
100
AcDbArc
 50
241.8319422025038
 51
421.8319422025038
  0
LINE
  5
311
330
17
100
AcDbEntity
  8
SLOTS
100
AcDbLine
 10
31.230398120359272
 20
6.783765883561301
 30
0.0
 11
30.95220079108123
 21
6.932734357934924
 31
0.0
  0
LINE
  5
312
330
17
100
AcDbEntity
  8
SLOTS
100
AcDbLine
 10
31.0702156330257
 20
7.153126048070513
 30
0.0
 11
31.348412962303744
 21
7.00415757369689
 31
0.0
  0
ARC
  5
313
330
17
100
AcDbEntity
  8
SLOTS
100
AcDbCircle
 10
31.011208212053464
 20
7.042930203002719
 30
0.0
 40
0.125
100
AcDbArc
 50
61.831942202503654
 51
241.83194220250365
  0
ARC
  5
314
330
17
100
AcDbEntity
  8
SLOTS
100
AcDbCircle
 10
31.289405541331508
 20
6.893961728629096
 30
0.0
 40
0.125
100
AcDbArc
 50
241.83194220250365
 51
421.8319422025037
  0
LINE
  5
315
330
17
100
AcDbEntity
  8
SLOTS
100
AcDbLine
 10
21.037979512967212
 20
3.593665744697471
 30
0.0
 11
22.21816409629249
 21
4.31905185933015
 31
0.0
  0
LINE
  5
316
330
17
100
AcDbEntity
  8
SLOTS
100
AcDbLine
 10
22.349073070828652
 20
4.106066319009004
 30
0.0
 11
21.168888487503374
 21
3.380680204376324
 31
0.0
  0
ARC
  5
317
330
17
100
AcDbEntity
  8
SLOTS
100
AcDbCircle
 10
22.28361858356057
 20
4.212559089169577
 30
0.0
 40
0.125
100
AcDbArc
 50
-58.423542096250614
 51
121.57645790374939
  0
ARC
  5
318
330
17
100
AcDbEntity
  8
SLOTS
100
AcDbCircle
 10
21.103434000235293
 20
3.4871729745368976
 30
0.0
 40
0.125
100
AcDbArc
 50
121.57645790374939
 51
301.5764579037494
  0
LINE
  5
319
330
17
100
AcDbEntity
  8
SLOTS
100
AcDbLine
 10
19.784042252828396
 20
3.703289896211885
 30
0.0
 11
22.473143174392664
 21
5.356113104470178
 31
0.0
  0
LINE
  5
31A
330
17
100
AcDbEntity
  8
SLOTS
100
AcDbLine
 10
22.604052148928826
 20
5.143127564149032
 30
0.0
 11
19.914951227364558
 21
3.4903043558907383
 31
0.0
  0
ARC
  5
31B
330
17
100
AcDbEntity
  8
SLOTS
100
AcDbCircle
 10
22.538597661660745
 20
5.249620334309605
 30
0.0
 40
0.125
100
AcDbArc
 50
-58.42354209625059
 51
121.5764579037494
  0
ARC
  5
31C
330
17
100
AcDbEntity
  8
SLOTS
100
AcDbCircle
 10
19.849496740096477
 20
3.5967971260513116
 30
0.0
 40
0.125
100
AcDbArc
 50
121.5764579037494
 51
301.57645790374943
  0
LINE
  5
31D
330
17
100
AcDbEntity
  8
SLOTS
100
AcDbLine
 10
18.901038711862487
 20
4.040903951287784
 30
0.0
 11
22.72812225249284
 21
6.393174349610204
 31
0.0
  0
LINE
  5
31E
330
17
100
AcDbEntity
  8
SLOTS
100
AcDbLine
 10
22.859031227029003
 20
6.180188809289058
 30
0.0
 11
19.03194768639865
 21
3.8279184109666375
 31
0.0
  0
ARC
  5
31F
330
17
100
AcDbEntity
  8
SLOTS
100
AcDbCircle
 10
22.793576739760923
 20
6.286681579449631
 30
0.0
 40
0.125
100
AcDbArc
 50
-58.423542096250614
 51
121.57645790374939
  0
ARC
  5
320
330
17
100
AcDbEntity
  8
SLOTS
100
AcDbCircle
 10
18.966493199130568
 20
3.934411181127211
 30
0.0
 40
0.125
100
AcDbArc
 50
121.57645790374939
 51
301.5764579037494
  0
LINE
  5
321
330
17
100
AcDbEntity
  8
SLOTS
100
AcDbLine
 10
18.018035170896578
 20
4.378518006363684
 30
0.0
 11
22.98310133059302
 21
7.430235594750232
 31
0.0
  0
LINE
  5
322
330
17
100
AcDbEntity
  8
SLOTS
100
AcDbLine
 10
23.11401030512918
 20
7.217250054429086
 30
0.0
 11
18.14894414543274
 21
4.165532466042539
 31
0.0
  0
ARC
  5
323
330
17
100
AcDbEntity
  8
SLOTS
100
AcDbCircle
 10
23.0485558178611
 20
7.323742824589659
 30
0.0
 40
0.125
100
AcDbArc
 50
-58.423542096250614
 51
121.57645790374939
  0
ARC
  5
324
330
17
100
AcDbEntity
  8
SLOTS
100
AcDbCircle
 10
18.08348965816466
 20
4.2720252362031115
 30
0.0
 40
0.125
100
AcDbArc
 50
121.57645790374939
 51
301.5764579037494
  0
LINE
  5
325
330
17
100
AcDbEntity
  8
SLOTS
100
AcDbLine
 10
17.35282513350803
 20
4.849996192173343
 30
0.0
 11
23.238080408693197
 21
8.46729683989026
 31
0.0
  0
LINE
  5
326
330
17
100
AcDbEntity
  8
SLOTS
100
AcDbLine
 10
23.36898938322936
 20
8.254311299569114
 30
0.0
 11
17.483734108044192
 21
4.637010651852197
 31
0.0
  0
ARC
  5
327
330
17
100
AcDbEntity
  8
SLOTS
100
AcDbCircle
 10
23.303534895961278
 20
8.360804069729687
 30
0.0
 40
0.125
100
AcDbArc
 50
-58.423542096250614
 51
121.57645790374939
  0
ARC
  5
328
330
17
100
AcDbEntity
  8
SLOTS
100
AcDbCircle
 10
17.41827962077611
 20
4.74350342201277
 30
0.0
 40
0.125
100
AcDbArc
 50
121.57645790374939
 51
301.5764579037494
  0
LINE
  5
329
330
17
100
AcDbEntity
  8
SLOTS
100
AcDbLine
 10
17.52213960281844
 20
5.834404726365008
 30
0.0
 11
23.49305948679337
 21
9.504358085030285
 31
0.0
  0
LINE
  5
32A
330
17
100
AcDbEntity
  8
SLOTS
100
AcDbLine
 10
23.623968461329532
 20
9.291372544709139
 30
0.0
 11
17.653048577354603
 21
5.6214191860438625
 31
0.0
  0
ARC
  5
32B
330
17
100
AcDbEntity
  8
SLOTS
100
AcDbCircle
 10
23.55851397406145
 20
9.397865314869712
 30
0.0
 40
0.125
100
AcDbArc
 50
-58.4235420962506
 51
121.5764579037494
  0
ARC
  5
32C
330
17
100
AcDbEntity
  8
SLOTS
100
AcDbCircle
 10
17.587594090086522
 20
5.727911956204435
 30
0.0
 40
0.125
100
AcDbArc
 50
121.5764579037494
 51
301.5764579037494
  0
LINE
  5
32D
330
17
100
AcDbEntity
  8
SLOTS
100
AcDbLine
 10
17.69145407212885
 20
6.8188132605566745
 30
0.0
 11
23.532260955835806
 21
10.408794244509467
 31
0.0
  0
LINE
  5
32E
330
17
100
AcDbEntity
  8
SLOTS
100
AcDbLine
 10
23.663169930371968
 20
10.195808704188321
 30
0.0
 11
17.82236304666501
 21
6.605827720235529
 31
0.0
  0
ARC
  5
32F
330
17
100
AcDbEntity
  8
SLOTS
100
AcDbCircle
 10
23.597715443103887
 20
10.302301474348894
 30
0.0
 40
0.125
100
AcDbArc
 50
-58.423542096250614
 51
121.57645790374939
  0
ARC
  5
330
330
17
100
AcDbEntity
  8
SLOTS
100
AcDbCircle
 10
17.75690855939693
 20
6.712320490396102
 30
0.0
 40
0.125
100
AcDbArc
 50
121.57645790374939
 51
301.5764579037494
  0
LINE
  5
331
330
17
100
AcDbEntity
  8
SLOTS
100
AcDbLine
 10
17.86076854143926
 20
7.803221794748341
 30
0.0
 11
23.16313189055075
 21
11.062255002372112
 31
0.0
  0
LINE
  5
332
330
17
100
AcDbEntity
  8
SLOTS
100
AcDbLine
 10
23.294040865086913
 20
10.849269462050966
 30
0.0
 11
17.99167751597542
 21
7.590236254427195
 31
0.0
  0
ARC
  5
333
330
17
100
AcDbEntity
  8
SLOTS
100
AcDbCircle
 10
23.228586377818832
 20
10.955762232211539
 30
0.0
 40
0.125
100
AcDbArc
 50
-58.42354209625063
 51
121.57645790374937
  0
ARC
  5
334
330
17
100
AcDbEntity
  8
SLOTS
100
AcDbCircle
 10
17.92622302870734
 20
7.696729024587768
 30
0.0
 40
0.125
100
AcDbArc
 50
121.57645790374937
 51
301.5764579037494
  0
LINE
  5
335
330
17
100
AcDbEntity
  8
SLOTS
100
AcDbLine
 10
18.03008301074967
 20
8.787630328940008
 30
0.0
 11
22.794002825265693
 21
11.715715760234758
 31
0.0
  0
LINE
  5
336
330
17
100
AcDbEntity
  8
SLOTS
100
AcDbLine
 10
22.924911799801855
 20
11.502730219913612
 30
0.0
 11
18.160991985285833
 21
8.574644788618862
 31
0.0
  0
ARC
  5
337
330
17
100
AcDbEntity
  8
SLOTS
100
AcDbCircle
 10
22.859457312533774
 20
11.609222990074185
 30
0.0
 40
0.125
100
AcDbArc
 50
-58.423542096250614
 51
121.57645790374939
  0
ARC
  5
338
330
17
100
AcDbEntity
  8
SLOTS
100
AcDbCircle
 10
18.09553749801775
 20
8.681137558779435
 30
0.0
 40
0.125
100
AcDbArc
 50
121.57645790374939
 51
301.5764579037494
  0
LINE
  5
339
330
17
100
AcDbEntity
  8
SLOTS
100
AcDbLine
 10
18.19939748006008
 20
9.772038863131677
 30
0.0
 11
21.79293441591559
 21
11.980762678473027
 31
0.0
  0
LINE
  5
33A
330
17
100
AcDbEntity
  8
SLOTS
100
AcDbLine
 10
21.92384339045175
 20
11.767777138151882
 30
0.0
 11
18.330306454596244
 21
9.55905332281053
 31
0.0
  0
ARC
  5
33B
330
17
100
AcDbEntity
  8
SLOTS
100
AcDbCircle
 10
21.85838890318367
 20
11.874269908312455
 30
0.0
 40
0.125
100
AcDbArc
 50
-58.423542096250614
 51
121.57645790374939
  0
ARC
  5
33C
330
17
100
AcDbEntity
  8
SLOTS
100
AcDbCircle
 10
18.264851967328163
 20
9.665546092971104
 30
0.0
 40
0.125
100
AcDbArc
 50
121.57645790374939
 51
301.5764579037494
  0
LINE
  5
33D
330
17
100
AcDbEntity
  8
SLOTS
100
AcDbLine
 10
30.83410922267449
 20
10.881935981832102
 30
0.0
 11
30.71776869925561
 21
11.984383877135718
 31
0.0
  0
LINE
  5
33E
330
17
100
AcDbEntity
  8
SLOTS
100
AcDbLine
 10
30.96638816587426
 20
12.01062050836496
 30
0.0
 11
31.082728689293138
 21
10.908172613061344
 31
0.0
  0
ARC
  5
33F
330
17
100
AcDbEntity
  8
SLOTS
100
AcDbCircle
 10
30.842078432564936
 20
11.99750219275034
 30
0.0
 40
0.125
100
AcDbArc
 50
6.024085641626414
 51
186.0240856416264
  0
ARC
  5
340
330
17
100
AcDbEntity
  8
SLOTS
100
AcDbCircle
 10
30.958418955983813
 20
10.895054297446723
 30
0.0
 40
0.125
100
AcDbArc
 50
186.0240856416264
 51
366.0240856416264
  0
LINE
  5
341
330
17
100
AcDbEntity
  8
SLOTS
100
AcDbLine
 10
30.330301727868875
 20
8.509541110741527
 30
0.0
 11
29.86954995315307
 21
12.87564510757476
 31
0.0
  0
LINE
  5
342
330
17
100
AcDbEntity
  8
SLOTS
100
AcDbLine
 10
30.118169419771718
 20
12.901881738804002
 30
0.0
 11
30.578921194487524
 21
8.535777741970769
 31
0.0
  0
ARC
  5
343
330
17
100
AcDbEntity
  8
SLOTS
100
AcDbCircle
 10
29.993859686462393
 20
12.888763423189381
 30
0.0
 40
0.125
100
AcDbArc
 50
6.024085641626598
 51
186.02408564162658
  0
ARC
  5
344
330
17
100
AcDbEntity
  8
SLOTS
100
AcDbCircle
 10
30.4546114611782
 20
8.522659426356148
 30
0.0
 40
0.125
100
AcDbArc
 50
186.02408564162658
 51
366.0240856416266
  0
LINE
  5
345
330
17
100
AcDbEntity
  8
SLOTS
100
AcDbLine
 10
29.624801672047806
 20
8.048393781397898
 30
0.0
 11
29.093613979936812
 21
13.081951616362154
 31
0.0
  0
LINE
  5
346
330
17
100
AcDbEntity
  8
SLOTS
100
AcDbLine
 10
29.34223344655546
 20
13.108188247591396
 30
0.0
 11
29.873421138666455
 21
8.07463041262714
 31
0.0
  0
ARC
  5
347
330
17
100
AcDbEntity
  8
SLOTS
100
AcDbCircle
 10
29.217923713246137
 20
13.095069931976775
 30
0.0
 40
0.125
100
AcDbArc
 50
6.024085641626598
 51
186.02408564162658
  0
ARC
  5
348
330
17
100
AcDbEntity
  8
SLOTS
100
AcDbCircle
 10
29.74911140535713
 20
8.06151209701252
 30
0.0
 40
0.125
100
AcDbArc
 50
186.02408564162658
 51
366.0240856416266
  0
LINE
  5
349
330
17
100
AcDbEntity
  8
SLOTS
100
AcDbLine
 10
28.833835944126047
 20
8.397122904035383
 30
0.0
 11
28.354837553146286
 21
12.936132635736124
 31
0.0
  0
LINE
  5
34A
330
17
100
AcDbEntity
  8
SLOTS
100
AcDbLine
 10
28.603457019764935
 20
12.962369266965366
 30
0.0
 11
29.082455410744696
 21
8.423359535264625
 31
0.0
  0
ARC
  5
34B
330
17
100
AcDbEntity
  8
SLOTS
100
AcDbCircle
 10
28.47914728645561
 20
12.949250951350745
 30
0.0
 40
0.125
100
AcDbArc
 50
6.024085641626584
 51
186.02408564162658
  0
ARC
  5
34C
330
17
100
AcDbEntity
  8
SLOTS
100
AcDbCircle
 10
28.958145677435372
 20
8.410241219650004
 30
0.0
 40
0.125
100
AcDbArc
 50
186.02408564162658
 51
366.0240856416266
  0
LINE
  5
34D
330
17
100
AcDbEntity
  8
SLOTS
100
AcDbLine
 10
28.042870216204292
 20
8.745852026672864
 30
0.0
 11
27.61606112635576
 21
12.790313655110095
 31
0.0
  0
LINE
  5
34E
330
17
100
AcDbEntity
  8
SLOTS
100
AcDbLine
 10
27.86468059297441
 20
12.816550286339337
 30
0.0
 11
28.29148968282294
 21
8.772088657902106
 31
0.0
  0
ARC
  5
34F
330
17
100
AcDbEntity
  8
SLOTS
100
AcDbCircle
 10
27.740370859665084
 20
12.803431970724716
 30
0.0
 40
0.125
100
AcDbArc
 50
6.024085641626598
 51
186.02408564162658
  0
ARC
  5
350
330
17
100
AcDbEntity
  8
SLOTS
100
AcDbCircle
 10
28.167179949513617
 20
8.758970342287485
 30
0.0
 40
0.125
100
AcDbArc
 50
186.02408564162658
 51
366.0240856416266
  0
LINE
  5
351
330
17
100
AcDbEntity
  8
SLOTS
100
AcDbLine
 10
27.251904488282538
 20
9.094581149310347
 30
0.0
 11
26.877284699565237
 21
12.644494674484067
 31
0.0
  0
LINE
  5
352
330
17
100
AcDbEntity
  8
SLOTS
100
AcDbLine
 10
27.125904166183886
 20
12.670731305713309
 30
0.0
 11
27.500523954901187
 21
9.12081778053959
 31
0.0
  0
ARC
  5
353
330
17
100
AcDbEntity
  8
SLOTS
100
AcDbCircle
 10
27.001594432874562
 20
12.657612990098688
 30
0.0
 40
0.125
100
AcDbArc
 50
6.02408564162657
 51
186.02408564162658
  0
ARC
  5
354
330
17
100
AcDbEntity
  8
SLOTS
100
AcDbCircle
 10
27.376214221591862
 20
9.107699464924968
 30
0.0
 40
0.125
100
AcDbArc
 50
186.02408564162658
 51
366.0240856416266
  0
LINE
  5
355
330
17
100
AcDbEntity
  8
SLOTS
100
AcDbLine
 10
26.46093876036078
 20
9.44331027194783
 30
0.0
 11
26.138508272774708
 21
12.498675693858036
 31
0.0
  0
LINE
  5
356
330
17
100
AcDbEntity
  8
SLOTS
100
AcDbLine
 10
26.387127739393357
 20
12.524912325087278
 30
0.0
 11
26.70955822697943
 21
9.469546903177072
 31
0.0
  0
ARC
  5
357
330
17
100
AcDbEntity
  8
SLOTS
100
AcDbCircle
 10
26.262818006084032
 20
12.511794009472657
 30
0.0
 40
0.125
100
AcDbArc
 50
6.024085641626598
 51
186.02408564162658
  0
ARC
  5
358
330
17
100
AcDbEntity
  8
SLOTS
100
AcDbCircle
 10
26.585248493670104
 20
9.456428587562451
 30
0.0
 40
0.125
100
AcDbArc
 50
186.02408564162658
 51
366.0240856416266
  0
LINE
  5
359
330
17
100
AcDbEntity
  8
SLOTS
100
AcDbLine
 10
25.669973032439025
 20
9.792039394585313
 30
0.0
 11
25.399731845984185
 21
12.352856713232008
 31
0.0
  0
LINE
  5
35A
330
17
100
AcDbEntity
  8
SLOTS
100
AcDbLine
 10
25.648351312602834
 20
12.37909334446125
 30
0.0
 11
25.918592499057674
 21
9.818276025814555
 31
0.0
  0
ARC
  5
35B
330
17
100
AcDbEntity
  8
SLOTS
100
AcDbCircle
 10
25.52404157929351
 20
12.365975028846629
 30
0.0
 40
0.125
100
AcDbArc
 50
6.02408564162657
 51
186.02408564162658
  0
ARC
  5
35C
330
17
100
AcDbEntity
  8
SLOTS
100
AcDbCircle
 10
25.79428276574835
 20
9.805157710199934
 30
0.0
 40
0.125
100
AcDbArc
 50
186.02408564162658
 51
366.0240856416266
  0
LINE
  5
35D
330
17
100
AcDbEntity
  8
SLOTS
100
AcDbLine
 10
24.879007304517266
 20
10.140768517222796
 30
0.0
 11
24.660955419193655
 21
12.207037732605977
 31
0.0
  0
LINE
  5
35E
330
17
100
AcDbEntity
  8
SLOTS
100
AcDbLine
 10
24.909574885812305
 20
12.23327436383522
 30
0.0
 11
25.127626771135915
 21
10.167005148452038
 31
0.0
  0
ARC
  5
35F
330
17
100
AcDbEntity
  8
SLOTS
100
AcDbCircle
 10
24.78526515250298
 20
12.220156048220598
 30
0.0
 40
0.125
100
AcDbArc
 50
6.024085641626598
 51
186.02408564162658
  0
ARC
  5
360
330
17
100
AcDbEntity
  8
SLOTS
100
AcDbCircle
 10
25.00331703782659
 20
10.153886832837417
 30
0.0
 40
0.125
100
AcDbArc
 50
186.02408564162658
 51
366.0240856416266
  0
LINE
  5
361
330
17
100
AcDbEntity
  8
SLOTS
100
AcDbLine
 10
24.05734952247142
 20
10.780336888965447
 30
0.0
 11
23.922178992403133
 21
12.061218751979949
 31
0.0
  0
LINE
  5
362
330
17
100
AcDbEntity
  8
SLOTS
100
AcDbLine
 10
24.170798459021782
 20
12.08745538320919
 30
0.0
 11
24.30596898909007
 21
10.80657352019469
 31
0.0
  0
ARC
  5
363
330
17
100
AcDbEntity
  8
SLOTS
100
AcDbCircle
 10
24.046488725712457
 20
12.07433706759457
 30
0.0
 40
0.125
100
AcDbArc
 50
6.024085641626527
 51
186.02408564162653
  0
ARC
  5
364
330
17
100
AcDbEntity
  8
SLOTS
100
AcDbCircle
 10
24.181659255780744
 20
10.793455204580068
 30
0.0
 40
0.125
100
AcDbArc
 50
186.02408564162653
 51
366.0240856416265
  0
LINE
  5
365
330
17
100
AcDbEntity
  8
SLOTS
100
AcDbLine
 10
18.81212367915981
 20
1.1561698090618238
 30
0.0
 11
19.285451925857974
 21
2.994392489885864
 31
0.0
  0
LINE
  5
366
330
17
100
AcDbEntity
  8
SLOTS
100
AcDbLine
 10
19.52755473875406
 20
2.932052871762216
 30
0.0
 11
19.054226492055896
 21
1.0938301909381762
 31
0.0
  0
ARC
  5
367
330
17
100
AcDbEntity
  8
SLOTS
100
AcDbCircle
 10
19.406503332306016
 20
2.96322268082404
 30
0.0
 40
0.125
100
AcDbArc
 50
-14.439553150866601
 51
165.5604468491334
  0
ARC
  5
368
330
17
100
AcDbEntity
  8
SLOTS
100
AcDbCircle
 10
18.933175085607854
 20
1.125
 30
0.0
 40
0.125
100
AcDbArc
 50
165.5604468491334
 51
345.5604468491334
  0
LINE
  5
369
330
17
100
AcDbEntity
  8
SLOTS
100
AcDbLine
 10
18.03765931934059
 20
1.1561698090618238
 30
0.0
 11
18.58040090288634
 21
3.263966873064984
 31
0.0
  0
LINE
  5
36A
330
17
100
AcDbEntity
  8
SLOTS
100
AcDbLine
 10
18.822503715782425
 20
3.2016272549413367
 30
0.0
 11
18.279762132236677
 21
1.0938301909381762
 31
0.0
  0
ARC
  5
36B
330
17
100
AcDbEntity
  8
SLOTS
100
AcDbCircle
 10
18.701452309334382
 20
3.2327970640031602
 30
0.0
 40
0.125
100
AcDbArc
 50
-14.439553150866573
 51
165.56044684913343
  0
ARC
  5
36C
330
17
100
AcDbEntity
  8
SLOTS
100
AcDbCircle
 10
18.158710725788634
 20
1.125
 30
0.0
 40
0.125
100
AcDbArc
 50
165.56044684913343
 51
345.5604468491334
  0
LINE
  5
36D
330
17
100
AcDbEntity
  8
SLOTS
100
AcDbLine
 10
17.263194959521375
 20
1.1561698090618238
 30
0.0
 11
17.875349879914708
 21
3.5335412562441033
 31
0.0
  0
LINE
  5
36E
330
17
100
AcDbEntity
  8
SLOTS
100
AcDbLine
 10
18.117452692810794
 20
3.4712016381204562
 30
0.0
 11
17.50529777241746
 21
1.0938301909381762
 31
0.0
  0
ARC
  5
36F
330
17
100
AcDbEntity
  8
SLOTS
100
AcDbCircle
 10
17.99640128636275
 20
3.5023714471822798
 30
0.0
 40
0.125
100
AcDbArc
 50
-14.439553150866558
 51
165.56044684913343
  0
ARC
  5
370
330
17
100
AcDbEntity
  8
SLOTS
100
AcDbCircle
 10
17.384246365969418
 20
1.125
 30
0.0
 40
0.125
100
AcDbArc
 50
165.56044684913343
 51
345.5604468491334
  0
LINE
  5
371
330
17
100
AcDbEntity
  8
SLOTS
100
AcDbLine
 10
16.48873059970216
 20
1.1561698090618238
 30
0.0
 11
17.170298856943077
 21
3.803115639423222
 31
0.0
  0
LINE
  5
372
330
17
100
AcDbEntity
  8
SLOTS
100
AcDbLine
 10
17.412401669839163
 20
3.740776021299575
 30
0.0
 11
16.730833412598244
 21
1.0938301909381762
 31
0.0
  0
ARC
  5
373
330
17
100
AcDbEntity
  8
SLOTS
100
AcDbCircle
 10
17.29135026339112
 20
3.7719458303613984
 30
0.0
 40
0.125
100
AcDbArc
 50
-14.439553150866558
 51
165.56044684913343
  0
ARC
  5
374
330
17
100
AcDbEntity
  8
SLOTS
100
AcDbCircle
 10
16.6097820061502
 20
1.125
 30
0.0
 40
0.125
100
AcDbArc
 50
165.56044684913343
 51
345.5604468491334
  0
LINE
  5
375
330
17
100
AcDbEntity
  8
SLOTS
100
AcDbLine
 10
15.828602188192969
 20
1.6002061303318016
 30
0.0
 11
16.385349290456567
 21
3.7623951777913693
 31
0.0
  0
LINE
  5
376
330
17
100
AcDbEntity
  8
SLOTS
100
AcDbLine
 10
16.627452103352653
 20
3.7000555596677223
 30
0.0
 11
16.070705001089056
 21
1.537866512208154
 31
0.0
  0
ARC
  5
377
330
17
100
AcDbEntity
  8
SLOTS
100
AcDbCircle
 10
16.50640069690461
 20
3.731225368729546
 30
0.0
 40
0.125
100
AcDbArc
 50
-14.439553150866587
 51
165.56044684913343
  0
ARC
  5
378
330
17
100
AcDbEntity
  8
SLOTS
100
AcDbCircle
 10
15.949653594641012
 20
1.5690363212699778
 30
0.0
 40
0.125
100
AcDbArc
 50
165.56044684913343
 51
345.5604468491334
  0
LINE
  5
379
330
17
100
AcDbEntity
  8
SLOTS
100
AcDbLine
 10
15.152968600749036
 20
2.7787001067567387
 30
0.0
 11
15.012167233898023
 21
3.4880840150210743
 31
0.0
  0
LINE
  5
37A
330
17
100
AcDbEntity
  8
SLOTS
100
AcDbLine
 10
15.25738363149081
 20
3.5367555503535058
 30
0.0
 11
15.398184998341824
 21
2.82737164208917
 31
0.0
  0
ARC
  5
37B
330
17
100
AcDbEntity
  8
SLOTS
100
AcDbCircle
 10
15.134775432694417
 20
3.51241978268729
 30
0.0
 40
0.125
100
AcDbArc
 50
11.226389430444684
 51
191.22638943044467
  0
ARC
  5
37C
330
17
100
AcDbEntity
  8
SLOTS
100
AcDbCircle
 10
15.27557679954543
 20
2.8030358744229544
 30
0.0
 40
0.125
100
AcDbArc
 50
191.22638943044467
 51
371.22638943044467
  0
LINE
  5
37D
330
17
100
AcDbEntity
  8
SLOTS
100
AcDbLine
 10
14.7214011416076
 20
1.100664232333784
 30
0.0
 11
14.234190006468044
 21
3.5553260507869453
 31
0.0
  0
LINE
  5
37E
330
17
100
AcDbEntity
  8
SLOTS
100
AcDbLine
 10
14.479406404060832
 20
3.6039975861193776
 30
0.0
 11
14.966617539200389
 21
1.149335767666216
 31
0.0
  0
ARC
  5
37F
330
17
100
AcDbEntity
  8
SLOTS
100
AcDbCircle
 10
14.356798205264438
 20
3.5796618184531614
 30
0.0
 40
0.125
100
AcDbArc
 50
11.226389430444783
 51
191.22638943044478
  0
ARC
  5
380
330
17
100
AcDbEntity
  8
SLOTS
100
AcDbCircle
 10
14.844009340403995
 20
1.125
 30
0.0
 40
0.125
100
AcDbArc
 50
191.22638943044478
 51
371.2263894304448
  0
LINE
  5
381
330
17
100
AcDbEntity
  8
SLOTS
100
AcDbLine
 10
13.95677038346651
 20
1.100664232333784
 30
0.0
 11
13.456212779038069
 21
3.6225680865528167
 31
0.0
  0
LINE
  5
382
330
17
100
AcDbEntity
  8
SLOTS
100
AcDbLine
 10
13.701429176630857
 20
3.671239621885249
 30
0.0
 11
14.201986781059299
 21
1.149335767666216
 31
0.0
  0
ARC
  5
383
330
17
100
AcDbEntity
  8
SLOTS
100
AcDbCircle
 10
13.578820977834463
 20
3.646903854219033
 30
0.0
 40
0.125
100
AcDbArc
 50
11.226389430444769
 51
191.22638943044478
  0
ARC
  5
384
330
17
100
AcDbEntity
  8
SLOTS
100
AcDbCircle
 10
14.079378582262905
 20
1.125
 30
0.0
 40
0.125
100
AcDbArc
 50
191.22638943044478
 51
371.2263894304448
  0
LINE
  5
385
330
17
100
AcDbEntity
  8
SLOTS
100
AcDbLine
 10
13.192139625325419
 20
1.100664232333784
 30
0.0
 11
12.774307337737051
 21
3.2057822989935856
 31
0.0
  0
LINE
  5
386
330
17
100
AcDbEntity
  8
SLOTS
100
AcDbLine
 10
13.01952373532984
 20
3.254453834326017
 30
0.0
 11
13.437356022918207
 21
1.149335767666216
 31
0.0
  0
ARC
  5
387
330
17
100
AcDbEntity
  8
SLOTS
100
AcDbCircle
 10
12.896915536533445
 20
3.2301180666598013
 30
0.0
 40
0.125
100
AcDbArc
 50
11.22638943044474
 51
191.22638943044473
  0
ARC
  5
388
330
17
100
AcDbEntity
  8
SLOTS
100
AcDbCircle
 10
13.314747824121813
 20
1.125
 30
0.0
 40
0.125
100
AcDbArc
 50
191.22638943044473
 51
371.2263894304447
  0
LINE
  5
389
330
17
100
AcDbEntity
  8
SLOTS
100
AcDbLine
 10
12.427508867184327
 20
1.100664232333784
 30
0.0
 11
12.210424223204836
 21
2.1943777140593603
 31
0.0
  0
LINE
  5
38A
330
17
100
AcDbEntity
  8
SLOTS
100
AcDbLine
 10
12.455640620797624
 20
2.2430492493917926
 30
0.0
 11
12.672725264777116
 21
1.149335767666216
 31
0.0
  0
ARC
  5
38B
330
17
100
AcDbEntity
  8
SLOTS
100
AcDbCircle
 10
12.33303242200123
 20
2.2187134817255765
 30
0.0
 40
0.125
100
AcDbArc
 50
11.226389430444812
 51
191.2263894304448
  0
ARC
  5
38C
330
17
100
AcDbEntity
  8
SLOTS
100
AcDbCircle
 10
12.550117065980722
 20
1.125
 30
0.0
 40
0.125
100
AcDbArc
 50
191.2263894304448
 51
371.2263894304448
  0
LINE
  5
38D
330
17
100
AcDbEntity
  8
SLOTS
100
AcDbLine
 10
11.274472024257426
 20
6.411317634326516
 30
0.0
 11
11.399562940233976
 21
6.092513970385779
 31
0.0
  0
LINE
  5
38E
330
17
100
AcDbEntity
  8
SLOTS
100
AcDbLine
 10
11.166836981033684
 20
6.0011978824587064
 30
0.0
 11
11.041746065057135
 21
6.3200015463994434
 31
0.0
  0
ARC
  5
38F
330
17
100
AcDbEntity
  8
SLOTS
100
AcDbCircle
 10
11.28319996063383
 20
6.046855926422243
 30
0.0
 40
0.125
100
AcDbArc
 50
-158.57614773847104
 51
21.423852261528964
  0
ARC
  5
390
330
17
100
AcDbEntity
  8
SLOTS
100
AcDbCircle
 10
11.15810904465728
 20
6.36565959036298
 30
0.0
 40
0.125
100
AcDbArc
 50
21.423852261528964
 51
201.42385226152896
  0
LINE
  5
391
330
17
100
AcDbEntity
  8
SLOTS
100
AcDbLine
 10
11.567194119084677
 20
7.718600637925454
 30
0.0
 11
12.598092576634462
 21
5.0912779194689435
 31
0.0
  0
LINE
  5
392
330
17
100
AcDbEntity
  8
SLOTS
100
AcDbLine
 10
12.365366617434171
 20
4.999961831541869
 30
0.0
 11
11.334468159884386
 21
7.62728454999838
 31
0.0
  0
ARC
  5
393
330
17
100
AcDbEntity
  8
SLOTS
100
AcDbCircle
 10
12.481729597034317
 20
5.045619875505406
 30
0.0
 40
0.125
100
AcDbArc
 50
-158.57614773847092
 51
21.423852261529078
  0
ARC
  5
394
330
17
100
AcDbEntity
  8
SLOTS
100
AcDbCircle
 10
11.450831139484531
 20
7.672942593961917
 30
0.0
 40
0.125
100
AcDbArc
 50
21.423852261529078
 51
201.42385226152908
  0
LINE
  5
395
330
17
100
AcDbEntity
  8
SLOTS
100
AcDbLine
 10
11.85991621391193
 20
9.025883641524391
 30
0.0
 11
13.6558713978545
 21
4.448755970466464
 31
0.0
  0
LINE
  5
396
330
17
100
AcDbEntity
  8
SLOTS
100
AcDbLine
 10
13.42314543865421
 20
4.357439882539389
 30
0.0
 11
11.627190254711639
 21
8.934567553597319
 31
0.0
  0
ARC
  5
397
330
17
100
AcDbEntity
  8
SLOTS
100
AcDbCircle
 10
13.539508418254355
 20
4.403097926502927
 30
0.0
 40
0.125
100
AcDbArc
 50
-158.57614773847092
 51
21.423852261529063
  0
ARC
  5
398
330
17
100
AcDbEntity
  8
SLOTS
100
AcDbCircle
 10
11.743553234311785
 20
8.980225597560855
 30
0.0
 40
0.125
100
AcDbArc
 50
21.423852261529063
 51
201.42385226152908
  0
LINE
  5
399
330
17
100
AcDbEntity
  8
SLOTS
100
AcDbLine
 10
12.152638308739183
 20
10.333166645123326
 30
0.0
 11
14.489822455853037
 21
4.3766760111928855
 31
0.0
  0
LINE
  5
39A
330
17
100
AcDbEntity
  8
SLOTS
100
AcDbLine
 10
14.257096496652746
 20
4.285359923265811
 30
0.0
 11
11.919912349538892
 21
10.241850557196253
 31
0.0
  0
ARC
  5
39B
330
17
100
AcDbEntity
  8
SLOTS
100
AcDbCircle
 10
14.373459476252892
 20
4.331017967229348
 30
0.0
 40
0.125
100
AcDbArc
 50
-158.57614773847092
 51
21.423852261529063
  0
ARC
  5
39C
330
17
100
AcDbEntity
  8
SLOTS
100
AcDbCircle
 10
12.036275329139038
 20
10.28750860115979
 30
0.0
 40
0.125
100
AcDbArc
 50
21.423852261529063
 51
201.42385226152908
  0
LINE
  5
39D
330
17
100
AcDbEntity
  8
SLOTS
100
AcDbLine
 10
12.445360403566436
 20
11.640449648722264
 30
0.0
 11
15.323773513851574
 21
4.304596051919307
 31
0.0
  0
LINE
  5
39E
330
17
100
AcDbEntity
  8
SLOTS
100
AcDbLine
 10
15.091047554651283
 20
4.213279963992233
 30
0.0
 11
12.212634444366145
 21
11.549133560795191
 31
0.0
  0
ARC
  5
39F
330
17
100
AcDbEntity
  8
SLOTS
100
AcDbCircle
 10
15.207410534251428
 20
4.25893800795577
 30
0.0
 40
0.125
100
AcDbArc
 50
-158.57614773847092
 51
21.423852261529063
  0
ARC
  5
3A0
330
17
100
AcDbEntity
  8
SLOTS
100
AcDbCircle
 10
12.32899742396629
 20
11.594791604758727
 30
0.0
 40
0.125
100
AcDbArc
 50
21.423852261529063
 51
201.42385226152908
  0
LINE
  5
3A1
330
17
100
AcDbEntity
  8
SLOTS
100
AcDbLine
 10
12.738082498393688
 20
12.9477326523212
 30
0.0
 11
16.098815718205945
 21
4.3826497632939585
 31
0.0
  0
LINE
  5
3A2
330
17
100
AcDbEntity
  8
SLOTS
100
AcDbLine
 10
15.866089759005654
 20
4.291333675366884
 30
0.0
 11
12.505356539193397
 21
12.856416564394127
 31
0.0
  0
ARC
  5
3A3
330
17
100
AcDbEntity
  8
SLOTS
100
AcDbCircle
 10
15.982452738605799
 20
4.336991719330421
 30
0.0
 40
0.125
100
AcDbArc
 50
-158.57614773847092
 51
21.423852261529078
  0
ARC
  5
3A4
330
17
100
AcDbEntity
  8
SLOTS
100
AcDbCircle
 10
12.621719518793542
 20
12.902074608357664
 30
0.0
 40
0.125
100
AcDbArc
 50
21.423852261529078
 51
201.42385226152908
  0
LINE
  5
3A5
330
17
100
AcDbEntity
  8
SLOTS
100
AcDbLine
 10
13.262242486434966
 20
13.665178674110942
 30
0.0
 11
16.764898347756915
 21
4.738395195107048
 31
0.0
  0
LINE
  5
3A6
330
17
100
AcDbEntity
  8
SLOTS
100
AcDbLine
 10
16.532172388556628
 20
4.647079107179974
 30
0.0
 11
13.029516527234675
 21
13.57386258618387
 31
0.0
  0
ARC
  5
3A7
330
17
100
AcDbEntity
  8
SLOTS
100
AcDbCircle
 10
16.64853536815677
 20
4.692737151143511
 30
0.0
 40
0.125
100
AcDbArc
 50
-158.57614773847092
 51
21.423852261529078
  0
ARC
  5
3A8
330
17
100
AcDbEntity
  8
SLOTS
100
AcDbCircle
 10
13.14587950683482
 20
13.619520630147406
 30
0.0
 40
0.125
100
AcDbArc
 50
21.423852261529078
 51
201.42385226152908
  0
LINE
  5
3A9
330
17
100
AcDbEntity
  8
SLOTS
100
AcDbLine
 10
14.282409233997285
 20
13.11851394061352
 30
0.0
 11
17.01043117005615
 21
6.165943630157855
 31
0.0
  0
LINE
  5
3AA
330
17
100
AcDbEntity
  8
SLOTS
100
AcDbLine
 10
16.777705210855864
 20
6.074627542230781
 30
0.0
 11
14.049683274796994
 21
13.027197852686447
 31
0.0
  0
ARC
  5
3AB
330
17
100
AcDbEntity
  8
SLOTS
100
AcDbCircle
 10
16.894068190456007
 20
6.120285586194318
 30
0.0
 40
0.125
100
AcDbArc
 50
-158.57614773847092
 51
21.423852261529078
  0
ARC
  5
3AC
330
17
100
AcDbEntity
  8
SLOTS
100
AcDbCircle
 10
14.16604625439714
 20
13.072855896649983
 30
0.0
 40
0.125
100
AcDbArc
 50
21.423852261529078
 51
201.42385226152908
  0
LINE
  5
3AD
330
17
100
AcDbEntity
  8
SLOTS
100
AcDbLine
 10
15.472823208558408
 20
12.137961267937978
 30
0.0
 11
17.255963992355387
 21
7.593492065208659
 31
0.0
  0
LINE
  5
3AE
330
17
100
AcDbEntity
  8
SLOTS
100
AcDbLine
 10
17.0232380331551
 20
7.502175977281585
 30
0.0
 11
15.240097249358117
 21
12.046645180010906
 31
0.0
  0
ARC
  5
3AF
330
17
100
AcDbEntity
  8
SLOTS
100
AcDbCircle
 10
17.139601012755243
 20
7.547834021245122
 30
0.0
 40
0.125
100
AcDbArc
 50
-158.57614773847092
 51
21.423852261529063
  0
ARC
  5
3B0
330
17
100
AcDbEntity
  8
SLOTS
100
AcDbCircle
 10
15.356460228958262
 20
12.092303223974442
 30
0.0
 40
0.125
100
AcDbArc
 50
21.423852261529063
 51
201.42385226152908
  0
LINE
  5
3B1
330
17
100
AcDbEntity
  8
SLOTS
100
AcDbLine
 10
16.66323718311953
 20
11.157408595262437
 30
0.0
 11
17.501496814654622
 21
9.021040500259467
 31
0.0
  0
LINE
  5
3B2
330
17
100
AcDbEntity
  8
SLOTS
100
AcDbLine
 10
17.268770855454335
 20
8.929724412332394
 30
0.0
 11
16.430511223919243
 21
11.066092507335364
 31
0.0
  0
ARC
  5
3B3
330
17
100
AcDbEntity
  8
SLOTS
100
AcDbCircle
 10
17.38513383505448
 20
8.97538245629593
 30
0.0
 40
0.125
100
AcDbArc
 50
-158.57614773847098
 51
21.423852261529035
  0
ARC
  5
3B4
330
17
100
AcDbEntity
  8
SLOTS
100
AcDbCircle
 10
16.546874203519387
 20
11.1117505512989
 30
0.0
 40
0.125
100
AcDbArc
 50
21.423852261529035
 51
201.42385226152902
  0
LINE
  5
3B5
330
17
100
AcDbEntity
  8
SLOTS
100
AcDbLine
 10
11.718130756281175
 20
3.581758348748716
 30
0.0
 11
11.992476996241633
 21
4.4168728714831555
 31
0.0
  0
LINE
  5
3B6
330
17
100
AcDbEntity
  8
SLOTS
100
AcDbLine
 10
12.229989026459863
 20
4.338847007171289
 30
0.0
 11
11.955642786499405
 21
3.503732484436849
 31
0.0
  0
ARC
  5
3B7
330
17
100
AcDbEntity
  8
SLOTS
100
AcDbCircle
 10
12.111233011350748
 20
4.377859939327222
 30
0.0
 40
0.125
100
AcDbArc
 50
-18.186040407655724
 51
161.81395959234428
  0
ARC
  5
3B8
330
17
100
AcDbEntity
  8
SLOTS
100
AcDbCircle
 10
11.83688677139029
 20
3.5427454165927825
 30
0.0
 40
0.125
100
AcDbArc
 50
161.81395959234428
 51
341.8139595923443
  0
LINE
  5
3B9
330
17
100
AcDbEntity
  8
SLOTS
100
AcDbLine
 10
10.817857749365025
 20
3.244361642470598
 30
0.0
 11
11.373039178671695
 21
4.934343157920886
 31
0.0
  0
LINE
  5
3BA
330
17
100
AcDbEntity
  8
SLOTS
100
AcDbLine
 10
11.610551208889925
 20
4.8563172936090195
 30
0.0
 11
11.055369779583256
 21
3.1663357781587314
 31
0.0
  0
ARC
  5
3BB
330
17
100
AcDbEntity
  8
SLOTS
100
AcDbCircle
 10
11.49179519378081
 20
4.895330225764953
 30
0.0
 40
0.125
100
AcDbArc
 50
-18.186040407655724
 51
161.81395959234428
  0
ARC
  5
3BC
330
17
100
AcDbEntity
  8
SLOTS
100
AcDbCircle
 10
10.93661376447414
 20
3.2053487103146647
 30
0.0
 40
0.125
100
AcDbArc
 50
161.81395959234428
 51
341.8139595923443
  0
LINE
  5
3BD
330
17
100
AcDbEntity
  8
SLOTS
100
AcDbLine
 10
9.917584742448875
 20
2.9069649361924794
 30
0.0
 11
10.753601361101754
 21
5.451813444358618
 31
0.0
  0
LINE
  5
3BE
330
17
100
AcDbEntity
  8
SLOTS
100
AcDbLine
 10
10.991113391319985
 20
5.373787580046751
 30
0.0
 11
10.155096772667106
 21
2.8289390718806127
 31
0.0
  0
ARC
  5
3BF
330
17
100
AcDbEntity
  8
SLOTS
100
AcDbCircle
 10
10.87235737621087
 20
5.4128005122026845
 30
0.0
 40
0.125
100
AcDbArc
 50
-18.186040407655682
 51
161.8139595923443
  0
ARC
  5
3C0
330
17
100
AcDbEntity
  8
SLOTS
100
AcDbCircle
 10
10.03634075755799
 20
2.867952004036546
 30
0.0
 40
0.125
100
AcDbArc
 50
161.8139595923443
 51
341.8139595923443
  0
LINE
  5
3C1
330
17
100
AcDbEntity
  8
SLOTS
100
AcDbLine
 10
9.017311735532726
 20
2.569568229914361
 30
0.0
 11
9.940849915655338
 21
5.380833828565516
 31
0.0
  0
LINE
  5
3C2
330
17
100
AcDbEntity
  8
SLOTS
100
AcDbLine
 10
10.178361945873569
 20
5.302807964253649
 30
0.0
 11
9.254823765750956
 21
2.4915423656024944
 31
0.0
  0
ARC
  5
3C3
330
17
100
AcDbEntity
  8
SLOTS
100
AcDbCircle
 10
10.059605930764453
 20
5.341820896409582
 30
0.0
 40
0.125
100
AcDbArc
 50
-18.186040407655696
 51
161.8139595923443
  0
ARC
  5
3C4
330
17
100
AcDbEntity
  8
SLOTS
100
AcDbCircle
 10
9.13606775064184
 20
2.530555297758428
 30
0.0
 40
0.125
100
AcDbArc
 50
161.8139595923443
 51
341.8139595923443
  0
LINE
  5
3C5
330
17
100
AcDbEntity
  8
SLOTS
100
AcDbLine
 10
8.117038728616574
 20
2.232171523636243
 30
0.0
 11
9.065229977741206
 21
5.118481474841775
 31
0.0
  0
LINE
  5
3C6
330
17
100
AcDbEntity
  8
SLOTS
100
AcDbLine
 10
9.302742007959436
 20
5.040455610529908
 30
0.0
 11
8.354550758834804
 21
2.154145659324376
 31
0.0
  0
ARC
  5
3C7
330
17
100
AcDbEntity
  8
SLOTS
100
AcDbCircle
 10
9.183985992850321
 20
5.0794685426858415
 30
0.0
 40
0.125
100
AcDbArc
 50
-18.186040407655696
 51
161.8139595923443
  0
ARC
  5
3C8
330
17
100
AcDbEntity
  8
SLOTS
100
AcDbCircle
 10
8.23579474372569
 20
2.1931585914803096
 30
0.0
 40
0.125
100
AcDbArc
 50
161.8139595923443
 51
341.8139595923443
  0
LINE
  5
3C9
330
17
100
AcDbEntity
  8
SLOTS
100
AcDbLine
 10
7.216765721700424
 20
1.8947748173581247
 30
0.0
 11
8.189610039827077
 21
4.856129121118034
 31
0.0
  0
LINE
  5
3CA
330
17
100
AcDbEntity
  8
SLOTS
100
AcDbLine
 10
8.427122070045307
 20
4.778103256806167
 30
0.0
 11
7.4542777519186565
 21
1.8167489530462584
 31
0.0
  0
ARC
  5
3CB
330
17
100
AcDbEntity
  8
SLOTS
100
AcDbCircle
 10
8.308366054936192
 20
4.817116188962101
 30
0.0
 40
0.125
100
AcDbArc
 50
-18.18604040765571
 51
161.8139595923443
  0
ARC
  5
3CC
330
17
100
AcDbEntity
  8
SLOTS
100
AcDbCircle
 10
7.3355217368095404
 20
1.8557618852021915
 30
0.0
 40
0.125
100
AcDbArc
 50
161.8139595923443
 51
341.8139595923443
  0
LINE
  5
3CD
330
17
100
AcDbEntity
  8
SLOTS
100
AcDbLine
 10
6.46027046221191
 20
1.9950399683745363
 30
0.0
 11
7.313990101912942
 21
4.593776767394292
 31
0.0
  0
LINE
  5
3CE
330
17
100
AcDbEntity
  8
SLOTS
100
AcDbLine
 10
7.551502132131174
 20
4.515750903082425
 30
0.0
 11
6.697782492430142
 21
1.91701410406267
 31
0.0
  0
ARC
  5
3CF
330
17
100
AcDbEntity
  8
SLOTS
100
AcDbCircle
 10
7.432746117022058
 20
4.554763835238359
 30
0.0
 40
0.125
100
AcDbArc
 50
-18.186040407655696
 51
161.8139595923443
  0
ARC
  5
3D0
330
17
100
AcDbEntity
  8
SLOTS
100
AcDbCircle
 10
6.579026477321026
 20
1.9560270362186032
 30
0.0
 40
0.125
100
AcDbArc
 50
161.8139595923443
 51
341.8139595923443
  0
LINE
  5
3D1
330
17
100
AcDbEntity
  8
SLOTS
100
AcDbLine
 10
5.886002459245107
 20
2.6500079226124083
 30
0.0
 11
6.438370163998811
 21
4.331424413670551
 31
0.0
  0
LINE
  5
3D2
330
17
100
AcDbEntity
  8
SLOTS
100
AcDbLine
 10
6.675882194217043
 20
4.2533985493586846
 30
0.0
 11
6.123514489463339
 21
2.5719820583005424
 31
0.0
  0
ARC
  5
3D3
330
17
100
AcDbEntity
  8
SLOTS
100
AcDbCircle
 10
6.557126179107927
 20
4.292411481514618
 30
0.0
 40
0.125
100
AcDbArc
 50
-18.186040407655682
 51
161.8139595923443
  0
ARC
  5
3D4
330
17
100
AcDbEntity
  8
SLOTS
100
AcDbCircle
 10
6.004758474354223
 20
2.6109949904564753
 30
0.0
 40
0.125
100
AcDbArc
 50
161.8139595923443
 51
341.8139595923443
  0
LINE
  5
3D5
330
17
100
AcDbEntity
  8
SLOTS
100
AcDbLine
 10
5.3117344562783035
 20
3.304975876850281
 30
0.0
 11
5.562750226084679
 21
4.0690720599468095
 31
0.0
  0
LINE
  5
3D6
330
17
100
AcDbEntity
  8
SLOTS
100
AcDbLine
 10
5.800262256302911
 20
3.9910461956349432
 30
0.0
 11
5.549246486496536
 21
3.226950012538415
 31
0.0
  0
ARC
  5
3D7
330
17
100
AcDbEntity
  8
SLOTS
100
AcDbCircle
 10
5.681506241193795
 20
4.030059127790876
 30
0.0
 40
0.125
100
AcDbArc
 50
-18.186040407655668
 51
161.81395959234433
  0
ARC
  5
3D8
330
17
100
AcDbEntity
  8
SLOTS
100
AcDbCircle
 10
5.43049047138742
 20
3.265962944694348
 30
0.0
 40
0.125
100
AcDbArc
 50
161.81395959234433
 51
341.8139595923443
  0
LINE
  5
3D9
330
17
100
AcDbEntity
  8
SLOTS
100
AcDbLine
 10
20.718935061535507
 20
14.403343418337101
 30
0.0
 11
22.611268915774584
 21
12.764378042036048
 31
0.0
  0
LINE
  5
3DA
330
17
100
AcDbEntity
  8
SLOTS
100
AcDbLine
 10
22.447596585569375
 20
12.575403524375078
 30
0.0
 11
20.5552627313303
 21
14.214368900676131
 31
0.0
  0
ARC
  5
3DB
330
17
100
AcDbEntity
  8
SLOTS
100
AcDbCircle
 10
22.52943275067198
 20
12.669890783205563
 30
0.0
 40
0.125
100
AcDbArc
 50
-130.89609681146013
 51
49.103903188539874
  0
ARC
  5
3DC
330
17
100
AcDbEntity
  8
SLOTS
100
AcDbCircle
 10
20.637098896432903
 20
14.308856159506616
 30
0.0
 40
0.125
100
AcDbArc
 50
49.103903188539874
 51
229.10390318853987
  0
LINE
  5
3DD
330
17
100
AcDbEntity
  8
SLOTS
100
AcDbLine
 10
19.847452690710618
 20
16.150338486518503
 30
0.0
 11
22.849621131465618
 21
13.550136562741308
 31
0.0
  0
LINE
  5
3DE
330
17
100
AcDbEntity
  8
SLOTS
100
AcDbLine
 10
22.68594880126041
 20
13.361162045080338
 30
0.0
 11
19.68378036050541
 21
15.961363968857535
 31
0.0
  0
ARC
  5
3DF
330
17
100
AcDbEntity
  8
SLOTS
100
AcDbCircle
 10
22.767784966363013
 20
13.455649303910823
 30
0.0
 40
0.125
100
AcDbArc
 50
-130.89609681146013
 51
49.10390318853987
  0
ARC
  5
3E0
330
17
100
AcDbEntity
  8
SLOTS
100
AcDbCircle
 10
19.765616525608014
 20
16.05585122768802
 30
0.0
 40
0.125
100
AcDbArc
 50
49.10390318853987
 51
229.10390318853987
  0
LINE
  5
3E1
330
17
100
AcDbEntity
  8
SLOTS
100
AcDbLine
 10
20.12806585549616
 20
16.89949446366077
 30
0.0
 11
23.08029853436379
 21
14.342542299744533
 31
0.0
  0
LINE
  5
3E2
330
17
100
AcDbEntity
  8
SLOTS
100
AcDbLine
 10
22.916626204158582
 20
14.153567782083563
 30
0.0
 11
19.96439352529095
 21
16.710519945999803
 31
0.0
  0
ARC
  5
3E3
330
17
100
AcDbEntity
  8
SLOTS
100
AcDbCircle
 10
22.998462369261187
 20
14.248055040914048
 30
0.0
 40
0.125
100
AcDbArc
 50
-130.89609681146018
 51
49.103903188539824
  0
ARC
  5
3E4
330
17
100
AcDbEntity
  8
SLOTS
100
AcDbCircle
 10
20.046229690393556
 20
16.805007204830286
 30
0.0
 40
0.125
100
AcDbArc
 50
49.103903188539824
 51
229.10390318853982
  0
LINE
  5
3E5
330
17
100
AcDbEntity
  8
SLOTS
100
AcDbLine
 10
20.559684366350275
 20
17.517863511589493
 30
0.0
 11
23.310975937261965
 21
15.13494803674776
 31
0.0
  0
LINE
  5
3E6
330
17
100
AcDbEntity
  8
SLOTS
100
AcDbLine
 10
23.147303607056756
 20
14.94597351908679
 30
0.0
 11
20.396012036145066
 21
17.328888993928526
 31
0.0
  0
ARC
  5
3E7
330
17
100
AcDbEntity
  8
SLOTS
100
AcDbCircle
 10
23.22913977215936
 20
15.040460777917275
 30
0.0
 40
0.125
100
AcDbArc
 50
-130.89609681146015
 51
49.10390318853983
  0
ARC
  5
3E8
330
17
100
AcDbEntity
  8
SLOTS
100
AcDbCircle
 10
20.47784820124767
 20
17.42337625275901
 30
0.0
 40
0.125
100
AcDbArc
 50
49.10390318853983
 51
229.10390318853985
  0
LINE
  5
3E9
330
17
100
AcDbEntity
  8
SLOTS
100
AcDbLine
 10
20.991302877204387
 20
18.136232559518216
 30
0.0
 11
23.54165334016014
 21
15.927353773750985
 31
0.0
  0
LINE
  5
3EA
330
17
100
AcDbEntity
  8
SLOTS
100
AcDbLine
 10
23.37798100995493
 20
15.738379256090015
 30
0.0
 11
20.827630546999178
 21
17.94725804185725
 31
0.0
  0
ARC
  5
3EB
330
17
100
AcDbEntity
  8
SLOTS
100
AcDbCircle
 10
23.459817175057534
 20
15.8328665149205
 30
0.0
 40
0.125
100
AcDbArc
 50
-130.89609681146013
 51
49.10390318853987
  0
ARC
  5
3EC
330
17
100
AcDbEntity
  8
SLOTS
100
AcDbCircle
 10
20.909466712101782
 20
18.041745300687733
 30
0.0
 40
0.125
100
AcDbArc
 50
49.10390318853987
 51
229.10390318853987
  0
LINE
  5
3ED
330
17
100
AcDbEntity
  8
SLOTS
100
AcDbLine
 10
23.49055747466982
 20
13.050787641315383
 30
0.0
 11
23.707264239755318
 21
12.845674376409224
 31
0.0
  0
LINE
  5
3EE
330
17
100
AcDbEntity
  8
SLOTS
100
AcDbLine
 10
23.53541105469059
 20
12.664107631703295
 30
0.0
 11
23.318704289605094
 21
12.869220896609454
 31
0.0
  0
ARC
  5
3EF
330
17
100
AcDbEntity
  8
SLOTS
100
AcDbCircle
 10
23.621337647222955
 20
12.75489100405626
 30
0.0
 40
0.125
100
AcDbArc
 50
-133.42565217593636
 51
46.57434782406362
  0
ARC
  5
3F0
330
17
100
AcDbEntity
  8
SLOTS
100
AcDbCircle
 10
23.404630882137457
 20
12.960004268962418
 30
0.0
 40
0.125
100
AcDbArc
 50
46.57434782406362
 51
226.57434782406364
  0
LINE
  5
3F1
330
17
100
AcDbEntity
  8
SLOTS
100
AcDbLine
 10
23.726241206585826
 20
13.86039074479324
 30
0.0
 11
24.610049203451855
 21
13.023865204319955
 31
0.0
  0
LINE
  5
3F2
330
17
100
AcDbEntity
  8
SLOTS
100
AcDbLine
 10
24.438196018387128
 20
12.842298459614026
 30
0.0
 11
23.5543880215211
 21
13.67882400008731
 31
0.0
  0
ARC
  5
3F3
330
17
100
AcDbEntity
  8
SLOTS
100
AcDbCircle
 10
24.52412261091949
 20
12.933081831966991
 30
0.0
 40
0.125
100
AcDbArc
 50
-133.42565217593636
 51
46.574347824063636
  0
ARC
  5
3F4
330
17
100
AcDbEntity
  8
SLOTS
100
AcDbCircle
 10
23.640314614053462
 20
13.769607372440275
 30
0.0
 40
0.125
100
AcDbArc
 50
46.574347824063636
 51
226.57434782406364
  0
LINE
  5
3F5
330
17
100
AcDbEntity
  8
SLOTS
100
AcDbLine
 10
23.96192493850183
 20
14.669993848271098
 30
0.0
 11
25.51283416714839
 21
13.20205603223069
 31
0.0
  0
LINE
  5
3F6
330
17
100
AcDbEntity
  8
SLOTS
100
AcDbLine
 10
25.340980982083664
 20
13.020489287524757
 30
0.0
 11
23.790071753437104
 21
14.488427103565165
 31
0.0
  0
ARC
  5
3F7
330
17
100
AcDbEntity
  8
SLOTS
100
AcDbCircle
 10
25.426907574616028
 20
13.111272659877724
 30
0.0
 40
0.125
100
AcDbArc
 50
-133.42565217593634
 51
46.57434782406367
  0
ARC
  5
3F8
330
17
100
AcDbEntity
  8
SLOTS
100
AcDbCircle
 10
23.875998345969467
 20
14.579210475918131
 30
0.0
 40
0.125
100
AcDbArc
 50
46.57434782406367
 51
226.57434782406366
  0
LINE
  5
3F9
330
17
100
AcDbEntity
  8
SLOTS
100
AcDbLine
 10
24.197608670417836
 20
15.479596951748952
 30
0.0
 11
26.41561913084493
 21
13.38024686014142
 31
0.0
  0
LINE
  5
3FA
330
17
100
AcDbEntity
  8
SLOTS
100
AcDbLine
 10
26.243765945780204
 20
13.198680115435488
 30
0.0
 11
24.02575548535311
 21
15.29803020704302
 31
0.0
  0
ARC
  5
3FB
330
17
100
AcDbEntity
  8
SLOTS
100
AcDbCircle
 10
26.329692538312568
 20
13.289463487788455
 30
0.0
 40
0.125
100
AcDbArc
 50
-133.42565217593625
 51
46.574347824063736
  0
ARC
  5
3FC
330
17
100
AcDbEntity
  8
SLOTS
100
AcDbCircle
 10
24.111682077885472
 20
15.388813579395986
 30
0.0
 40
0.125
100
AcDbArc
 50
46.574347824063736
 51
226.57434782406375
  0
LINE
  5
3FD
330
17
100
AcDbEntity
  8
SLOTS
100
AcDbLine
 10
24.60237660128256
 20
16.129161617678577
 30
0.0
 11
27.318404094541467
 21
13.558437688052154
 31
0.0
  0
LINE
  5
3FE
330
17
100
AcDbEntity
  8
SLOTS
100
AcDbLine
 10
27.14655090947674
 20
13.376870943346221
 30
0.0
 11
24.430523416217834
 21
15.947594872972644
 31
0.0
  0
ARC
  5
3FF
330
17
100
AcDbEntity
  8
SLOTS
100
AcDbCircle
 10
27.232477502009104
 20
13.467654315699187
 30
0.0
 40
0.125
100
AcDbArc
 50
-133.42565217593625
 51
46.57434782406376
  0
ARC
  5
400
330
17
100
AcDbEntity
  8
SLOTS
100
AcDbCircle
 10
24.516450008750198
 20
16.03837824532561
 30
0.0
 40
0.125
100
AcDbArc
 50
46.57434782406376
 51
226.57434782406375
  0
LINE
  5
401
330
17
100
AcDbEntity
  8
SLOTS
100
AcDbLine
 10
25.249020250494013
 20
16.549790568232424
 30
0.0
 11
28.221189058238
 21
13.736628515962884
 31
0.0
  0
LINE
  5
402
330
17
100
AcDbEntity
  8
SLOTS
100
AcDbLine
 10
28.049335873173273
 20
13.555061771256952
 30
0.0
 11
25.077167065429286
 21
16.368223823526492
 31
0.0
  0
ARC
  5
403
330
17
100
AcDbEntity
  8
SLOTS
100
AcDbCircle
 10
28.135262465705637
 20
13.645845143609918
 30
0.0
 40
0.125
100
AcDbArc
 50
-133.4256521759363
 51
46.5743478240637
  0
ARC
  5
404
330
17
100
AcDbEntity
  8
SLOTS
100
AcDbCircle
 10
25.16309365796165
 20
16.459007195879458
 30
0.0
 40
0.125
100
AcDbArc
 50
46.5743478240637
 51
226.5743478240637
  0
LINE
  5
405
330
17
100
AcDbEntity
  8
SLOTS
100
AcDbLine
 10
25.895663899705465
 20
16.970419518786272
 30
0.0
 11
29.123974021934536
 21
13.914819343873615
 31
0.0
  0
LINE
  5
406
330
17
100
AcDbEntity
  8
SLOTS
100
AcDbLine
 10
28.95212083686981
 20
13.733252599167683
 30
0.0
 11
25.723810714640738
 21
16.78885277408034
 31
0.0
  0
ARC
  5
407
330
17
100
AcDbEntity
  8
SLOTS
100
AcDbCircle
 10
29.038047429402173
 20
13.82403597152065
 30
0.0
 40
0.125
100
AcDbArc
 50
-133.4256521759363
 51
46.57434782406368
  0
ARC
  5
408
330
17
100
AcDbEntity
  8
SLOTS
100
AcDbCircle
 10
25.8097373071731
 20
16.879636146433306
 30
0.0
 40
0.125
100
AcDbArc
 50
46.57434782406368
 51
226.5743478240637
  0
LINE
  5
409
330
17
100
AcDbEntity
  8
SLOTS
100
AcDbLine
 10
23.40464353467771
 20
21.162015430187886
 30
0.0
 11
23.016866690447014
 21
21.531627246614022
 31
0.0
  0
LINE
  5
40A
330
17
100
AcDbEntity
  8
SLOTS
100
AcDbLine
 10
23.189354013912993
 20
21.712591671967573
 30
0.0
 11
23.57713085814369
 21
21.342979855541437
 31
0.0
  0
ARC
  5
40B
330
17
100
AcDbEntity
  8
SLOTS
100
AcDbCircle
 10
23.103110352180003
 20
21.622109459290797
 30
0.0
 40
0.125
100
AcDbArc
 50
46.37390482791034
 51
226.37390482791034
  0
ARC
  5
40C
330
17
100
AcDbEntity
  8
SLOTS
100
AcDbCircle
 10
23.4908871964107
 20
21.25249764286466
 30
0.0
 40
0.125
100
AcDbArc
 50
226.37390482791034
 51
406.37390482791034
  0
LINE
  5
40D
330
17
100
AcDbEntity
  8
SLOTS
100
AcDbLine
 10
23.31897723013532
 20
20.207553534813638
 30
0.0
 11
22.460155493432595
 21
21.026144605455546
 31
0.0
  0
LINE
  5
40E
330
17
100
AcDbEntity
  8
SLOTS
100
AcDbLine
 10
22.63264281689858
 20
21.207109030809097
 30
0.0
 11
23.491464553601308
 21
20.38851796016719
 31
0.0
  0
ARC
  5
40F
330
17
100
AcDbEntity
  8
SLOTS
100
AcDbCircle
 10
22.546399155165588
 20
21.11662681813232
 30
0.0
 40
0.125
100
AcDbArc
 50
46.37390482791011
 51
226.3739048279101
  0
ARC
  5
410
330
17
100
AcDbEntity
  8
SLOTS
100
AcDbCircle
 10
23.405220891868314
 20
20.298035747490413
 30
0.0
 40
0.125
100
AcDbArc
 50
226.3739048279101
 51
406.3739048279101
  0
LINE
  5
411
330
17
100
AcDbEntity
  8
SLOTS
100
AcDbLine
 10
22.967382520274906
 20
19.506562888151773
 30
0.0
 11
21.903444296418176
 21
20.520661964297066
 31
0.0
  0
LINE
  5
412
330
17
100
AcDbEntity
  8
SLOTS
100
AcDbLine
 10
22.075931619884162
 20
20.701626389650617
 30
0.0
 11
23.139869843740893
 21
19.687527313505324
 31
0.0
  0
ARC
  5
413
330
17
100
AcDbEntity
  8
SLOTS
100
AcDbCircle
 10
21.98968795815117
 20
20.61114417697384
 30
0.0
 40
0.125
100
AcDbArc
 50
46.37390482791011
 51
226.3739048279101
  0
ARC
  5
414
330
17
100
AcDbEntity
  8
SLOTS
100
AcDbCircle
 10
23.0536261820079
 20
19.59704510082855
 30
0.0
 40
0.125
100
AcDbArc
 50
226.3739048279101
 51
406.3739048279101
  0
LINE
  5
415
330
17
100
AcDbEntity
  8
SLOTS
100
AcDbLine
 10
22.253141896769396
 20
19.151230361246387
 30
0.0
 11
21.34673309940376
 21
20.01517932313859
 31
0.0
  0
LINE
  5
416
330
17
100
AcDbEntity
  8
SLOTS
100
AcDbLine
 10
21.519220422869747
 20
20.19614374849214
 30
0.0
 11
22.425629220235383
 21
19.33219478659994
 31
0.0
  0
ARC
  5
417
330
17
100
AcDbEntity
  8
SLOTS
100
AcDbCircle
 10
21.432976761136754
 20
20.105661535815365
 30
0.0
 40
0.125
100
AcDbArc
 50
46.37390482791017
 51
226.37390482791017
  0
ARC
  5
418
330
17
100
AcDbEntity
  8
SLOTS
100
AcDbCircle
 10
22.33938555850239
 20
19.241712573923163
 30
0.0
 40
0.125
100
AcDbArc
 50
226.37390482791017
 51
406.37390482791017
  0
LINE
  5
419
330
17
100
AcDbEntity
  8
SLOTS
100
AcDbLine
 10
21.538901273263885
 20
18.795897834341
 30
0.0
 11
21.05890575657042
 21
19.2534084295222
 31
0.0
  0
LINE
  5
41A
330
17
100
AcDbEntity
  8
SLOTS
100
AcDbLine
 10
21.2313930800364
 20
19.43437285487575
 30
0.0
 11
21.711388596729865
 21
18.976862259694553
 31
0.0
  0
ARC
  5
41B
330
17
100
AcDbEntity
  8
SLOTS
100
AcDbCircle
 10
21.14514941830341
 20
19.343890642198975
 30
0.0
 40
0.125
100
AcDbArc
 50
46.373904827910394
 51
226.3739048279104
  0
ARC
  5
41C
330
17
100
AcDbEntity
  8
SLOTS
100
AcDbCircle
 10
21.625144934996875
 20
18.886380047017777
 30
0.0
 40
0.125
100
AcDbArc
 50
226.3739048279104
 51
406.3739048279104
  0
LINE
  5
41D
330
17
100
AcDbEntity
  8
SLOTS
100
AcDbLine
 10
26.537470358432145
 20
23.33286976618634
 30
0.0
 11
25.499296397946406
 21
23.386983360848284
 31
0.0
  0
LINE
  5
41E
330
17
100
AcDbEntity
  8
SLOTS
100
AcDbLine
 10
25.51230968756649
 20
23.636644439699722
 30
0.0
 11
26.55048364805223
 21
23.58253084503778
 31
0.0
  0
ARC
  5
41F
330
17
100
AcDbEntity
  8
SLOTS
100
AcDbCircle
 10
25.505803042756447
 20
23.511813900274003
 30
0.0
 40
0.125
100
AcDbArc
 50
87.01622523435506
 51
267.01622523435503
  0
ARC
  5
420
330
17
100
AcDbEntity
  8
SLOTS
100
AcDbCircle
 10
26.543977003242187
 20
23.45770030561206
 30
0.0
 40
0.125
100
AcDbArc
 50
267.01622523435503
 51
447.01622523435503
  0
LINE
  5
421
330
17
100
AcDbEntity
  8
SLOTS
100
AcDbLine
 10
27.0485401161741
 20
22.555212713406032
 30
0.0
 11
24.378016106517144
 21
22.69441063137919
 31
0.0
  0
LINE
  5
422
330
17
100
AcDbEntity
  8
SLOTS
100
AcDbLine
 10
24.391029396137228
 20
22.944071710230627
 30
0.0
 11
27.061553405794182
 21
22.80487379225747
 31
0.0
  0
ARC
  5
423
330
17
100
AcDbEntity
  8
SLOTS
100
AcDbCircle
 10
24.384522751327186
 20
22.819241170804908
 30
0.0
 40
0.125
100
AcDbArc
 50
87.01622523435506
 51
267.01622523435503
  0
ARC
  5
424
330
17
100
AcDbEntity
  8
SLOTS
100
AcDbCircle
 10
27.05504676098414
 20
22.68004325283175
 30
0.0
 40
0.125
100
AcDbArc
 50
267.01622523435503
 51
447.01622523435503
  0
LINE
  5
425
330
17
100
AcDbEntity
  8
SLOTS
100
AcDbLine
 10
27.43806559427779
 20
21.783891013015747
 30
0.0
 11
24.310923471817432
 21
21.94688961219649
 31
0.0
  0
LINE
  5
426
330
17
100
AcDbEntity
  8
SLOTS
100
AcDbLine
 10
24.323936761437515
 20
22.19655069104793
 30
0.0
 11
27.451078883897875
 21
22.033552091867186
 31
0.0
  0
ARC
  5
427
330
17
100
AcDbEntity
  8
SLOTS
100
AcDbCircle
 10
24.317430116627474
 20
22.07172015162221
 30
0.0
 40
0.125
100
AcDbArc
 50
87.01622523435518
 51
267.01622523435515
  0
ARC
  5
428
330
17
100
AcDbEntity
  8
SLOTS
100
AcDbCircle
 10
27.444572239087833
 20
21.908721552441467
 30
0.0
 40
0.125
100
AcDbArc
 50
267.01622523435515
 51
447.01622523435515
  0
LINE
  5
429
330
17
100
AcDbEntity
  8
SLOTS
100
AcDbLine
 10
27.17420680749661
 20
21.046626197708502
 30
0.0
 11
24.24383083711772
 21
21.199368593013794
 31
0.0
  0
LINE
  5
42A
330
17
100
AcDbEntity
  8
SLOTS
100
AcDbLine
 10
24.256844126737803
 20
21.449029671865233
 30
0.0
 11
27.187220097116693
 21
21.29628727655994
 31
0.0
  0
ARC
  5
42B
330
17
100
AcDbEntity
  8
SLOTS
100
AcDbCircle
 10
24.25033748192776
 20
21.324199132439514
 30
0.0
 40
0.125
100
AcDbArc
 50
87.01622523435518
 51
267.01622523435515
  0
ARC
  5
42C
330
17
100
AcDbEntity
  8
SLOTS
100
AcDbCircle
 10
27.18071345230665
 20
21.17145673713422
 30
0.0
 40
0.125
100
AcDbArc
 50
267.01622523435515
 51
447.01622523435515
  0
LINE
  5
42D
330
17
100
AcDbEntity
  8
SLOTS
100
AcDbLine
 10
26.91034802071543
 20
20.309361382401256
 30
0.0
 11
24.17673820241801
 21
20.4518475738311
 31
0.0
  0
LINE
  5
42E
330
17
100
AcDbEntity
  8
SLOTS
100
AcDbLine
 10
24.189751492038095
 20
20.701508652682538
 30
0.0
 11
26.923361310335512
 21
20.559022461252695
 31
0.0
  0
ARC
  5
42F
330
17
100
AcDbEntity
  8
SLOTS
100
AcDbCircle
 10
24.183244847228053
 20
20.57667811325682
 30
0.0
 40
0.125
100
AcDbArc
 50
87.01622523435512
 51
267.01622523435515
  0
ARC
  5
430
330
17
100
AcDbEntity
  8
SLOTS
100
AcDbCircle
 10
26.91685466552547
 20
20.434191921826976
 30
0.0
 40
0.125
100
AcDbArc
 50
267.01622523435515
 51
447.01622523435515
  0
LINE
  5
431
330
17
100
AcDbEntity
  8
SLOTS
100
AcDbLine
 10
26.646489233934247
 20
19.572096567094015
 30
0.0
 11
24.1096455677183
 21
19.704326554648404
 31
0.0
  0
LINE
  5
432
330
17
100
AcDbEntity
  8
SLOTS
100
AcDbLine
 10
24.122658857338383
 20
19.953987633499843
 30
0.0
 11
26.65950252355433
 21
19.821757645945453
 31
0.0
  0
ARC
  5
433
330
17
100
AcDbEntity
  8
SLOTS
100
AcDbCircle
 10
24.11615221252834
 20
19.829157094074123
 30
0.0
 40
0.125
100
AcDbArc
 50
87.01622523435518
 51
267.01622523435515
  0
ARC
  5
434
330
17
100
AcDbEntity
  8
SLOTS
100
AcDbCircle
 10
26.65299587874429
 20
19.696927106519734
 30
0.0
 40
0.125
100
AcDbArc
 50
267.01622523435515
 51
447.01622523435515
  0
LINE
  5
435
330
17
100
AcDbEntity
  8
SLOTS
100
AcDbLine
 10
26.382630447153065
 20
18.83483175178677
 30
0.0
 11
25.19958225879624
 21
18.896496744906354
 31
0.0
  0
LINE
  5
436
330
17
100
AcDbEntity
  8
SLOTS
100
AcDbLine
 10
25.212595548416324
 20
19.146157823757793
 30
0.0
 11
26.39564373677315
 21
19.084492830638208
 31
0.0
  0
ARC
  5
437
330
17
100
AcDbEntity
  8
SLOTS
100
AcDbCircle
 10
25.206088903606283
 20
19.021327284332074
 30
0.0
 40
0.125
100
AcDbArc
 50
87.01622523435509
 51
267.0162252343551
  0
ARC
  5
438
330
17
100
AcDbEntity
  8
SLOTS
100
AcDbCircle
 10
26.389137091963107
 20
18.95966229121249
 30
0.0
 40
0.125
100
AcDbArc
 50
267.0162252343551
 51
447.0162252343551
  0
LINE
  5
439
330
17
100
AcDbEntity
  8
SLOTS
100
AcDbLine
 10
23.47095785333526
 20
17.189686184686195
 30
0.0
 11
25.067195376998704
 21
17.42693368437179
 31
0.0
  0
LINE
  5
43A
330
17
100
AcDbEntity
  8
SLOTS
100
AcDbLine
 10
25.10394893869845
 20
17.179650090693634
 30
0.0
 11
23.507711415035008
 21
16.94240259100804
 31
0.0
  0
ARC
  5
43B
330
17
100
AcDbEntity
  8
SLOTS
100
AcDbCircle
 10
25.085572157848578
 20
17.303291887532712
 30
0.0
 40
0.125
100
AcDbArc
 50
-81.54606278818862
 51
98.45393721181138
  0
ARC
  5
43C
330
17
100
AcDbEntity
  8
SLOTS
100
AcDbCircle
 10
23.489334634185134
 20
17.066044387847118
 30
0.0
 40
0.125
100
AcDbArc
 50
98.45393721181138
 51
278.45393721181136
  0
LINE
  5
43D
330
17
100
AcDbEntity
  8
SLOTS
100
AcDbLine
 10
22.804267681509536
 20
17.84883529850623
 30
0.0
 11
25.266129010479833
 21
18.21473976836883
 31
0.0
  0
LINE
  5
43E
330
17
100
AcDbEntity
  8
SLOTS
100
AcDbLine
 10
25.30288257217958
 20
17.967456174690675
 30
0.0
 11
22.841021243209283
 21
17.601551704828076
 31
0.0
  0
ARC
  5
43F
330
17
100
AcDbEntity
  8
SLOTS
100
AcDbCircle
 10
25.284505791329707
 20
18.091097971529752
 30
0.0
 40
0.125
100
AcDbArc
 50
-81.54606278818858
 51
98.45393721181142
  0
ARC
  5
440
330
17
100
AcDbEntity
  8
SLOTS
100
AcDbCircle
 10
22.82264446235941
 20
17.725193501667153
 30
0.0
 40
0.125
100
AcDbArc
 50
98.45393721181142
 51
278.4539372118114
  0
LINE
  5
441
330
17
100
AcDbEntity
  8
SLOTS
100
AcDbLine
 10
22.342738808936762
 20
18.538477371274066
 30
0.0
 11
24.277355171567255
 21
18.826017845721466
 31
0.0
  0
LINE
  5
442
330
17
100
AcDbEntity
  8
SLOTS
100
AcDbLine
 10
24.314108733267002
 20
18.57873425204331
 30
0.0
 11
22.37949237063651
 21
18.29119377759591
 31
0.0
  0
ARC
  5
443
330
17
100
AcDbEntity
  8
SLOTS
100
AcDbCircle
 10
24.29573195241713
 20
18.70237604888239
 30
0.0
 40
0.125
100
AcDbArc
 50
-81.5460627881885
 51
98.4539372118115
  0
ARC
  5
444
330
17
100
AcDbEntity
  8
SLOTS
100
AcDbCircle
 10
22.361115589786635
 20
18.41483557443499
 30
0.0
 40
0.125
100
AcDbArc
 50
98.4539372118115
 51
278.4539372118115
  0
LINE
  5
445
330
17
100
AcDbEntity
  8
SLOTS
100
AcDbLine
 10
21.464931770446512
 20
27.116630993301754
 30
0.0
 11
20.052385820156047
 21
27.839432226806164
 31
0.0
  0
LINE
  5
446
330
17
100
AcDbEntity
  8
SLOTS
100
AcDbLine
 10
20.166267670785516
 20
28.06198766730854
 30
0.0
 11
21.57881362107598
 21
27.33918643380413
 31
0.0
  0
ARC
  5
447
330
17
100
AcDbEntity
  8
SLOTS
100
AcDbCircle
 10
20.10932674547078
 20
27.95070994705735
 30
0.0
 40
0.125
100
AcDbArc
 50
62.901126630932765
 51
242.90112663093277
  0
ARC
  5
448
330
17
100
AcDbEntity
  8
SLOTS
100
AcDbCircle
 10
21.521872695761246
 20
27.227908713552942
 30
0.0
 40
0.125
100
AcDbArc
 50
242.90112663093277
 51
422.90112663093277
  0
LINE
  5
449
330
17
100
AcDbEntity
  8
SLOTS
100
AcDbLine
 10
25.44930265762791
 20
24.235337555680612
 30
0.0
 11
19.589859001912984
 21
27.233620975154107
 31
0.0
  0
LINE
  5
44A
330
17
100
AcDbEntity
  8
SLOTS
100
AcDbLine
 10
19.703740852542452
 20
27.456176415656483
 30
0.0
 11
25.56318450825738
 21
24.457892996182988
 31
0.0
  0
ARC
  5
44B
330
17
100
AcDbEntity
  8
SLOTS
100
AcDbCircle
 10
19.64679992722772
 20
27.344898695405295
 30
0.0
 40
0.125
100
AcDbArc
 50
62.901126630932765
 51
242.90112663093277
  0
ARC
  5
44C
330
17
100
AcDbEntity
  8
SLOTS
100
AcDbCircle
 10
25.506243582942645
 20
24.3466152759318
 30
0.0
 40
0.125
100
AcDbArc
 50
242.90112663093277
 51
422.90112663093277
  0
LINE
  5
44D
330
17
100
AcDbEntity
  8
SLOTS
100
AcDbLine
 10
24.606684265195973
 20
23.824019558291795
 30
0.0
 11
19.12733218366992
 21
26.627809723502047
 31
0.0
  0
LINE
  5
44E
330
17
100
AcDbEntity
  8
SLOTS
100
AcDbLine
 10
19.24121403429939
 20
26.850365164004423
 30
0.0
 11
24.72056611582544
 21
24.04657499879417
 31
0.0
  0
ARC
  5
44F
330
17
100
AcDbEntity
  8
SLOTS
100
AcDbCircle
 10
19.184273108984655
 20
26.739087443753235
 30
0.0
 40
0.125
100
AcDbArc
 50
62.90112663093282
 51
242.90112663093282
  0
ARC
  5
450
330
17
100
AcDbEntity
  8
SLOTS
100
AcDbCircle
 10
24.663625190510707
 20
23.935297278542983
 30
0.0
 40
0.125
100
AcDbArc
 50
242.90112663093282
 51
422.9011266309328
  0
LINE
  5
451
330
17
100
AcDbEntity
  8
SLOTS
100
AcDbLine
 10
22.781727353306916
 20
23.91536520411861
 30
0.0
 11
18.66480536542686
 21
26.02199847184999
 31
0.0
  0
LINE
  5
452
330
17
100
AcDbEntity
  8
SLOTS
100
AcDbLine
 10
18.77868721605633
 20
26.244553912352366
 30
0.0
 11
22.895609203936385
 21
24.137920644620987
 31
0.0
  0
ARC
  5
453
330
17
100
AcDbEntity
  8
SLOTS
100
AcDbCircle
 10
18.721746290741596
 20
26.133276192101178
 30
0.0
 40
0.125
100
AcDbArc
 50
62.901126630932765
 51
242.90112663093277
  0
ARC
  5
454
330
17
100
AcDbEntity
  8
SLOTS
100
AcDbCircle
 10
22.83866827862165
 20
24.0266429243698
 30
0.0
 40
0.125
100
AcDbArc
 50
242.90112663093277
 51
422.90112663093277
  0
LINE
  5
455
330
17
100
AcDbEntity
  8
SLOTS
100
AcDbLine
 10
20.087578688563436
 20
24.45147717488222
 30
0.0
 11
18.202278547183802
 21
25.416187220197934
 31
0.0
  0
LINE
  5
456
330
17
100
AcDbEntity
  8
SLOTS
100
AcDbLine
 10
18.31616039781327
 20
25.63874266070031
 30
0.0
 11
20.201460539192905
 21
24.674032615384597
 31
0.0
  0
ARC
  5
457
330
17
100
AcDbEntity
  8
SLOTS
100
AcDbCircle
 10
18.259219472498536
 20
25.52746494044912
 30
0.0
 40
0.125
100
AcDbArc
 50
62.90112663093271
 51
242.9011266309327
  0
ARC
  5
458
330
17
100
AcDbEntity
  8
SLOTS
100
AcDbCircle
 10
20.14451961387817
 20
24.56275489513341
 30
0.0
 40
0.125
100
AcDbArc
 50
242.9011266309327
 51
422.9011266309327
  0
LINE
  5
459
330
17
100
AcDbEntity
  8
SLOTS
100
AcDbLine
 10
28.42458690907302
 20
16.00117824683539
 30
0.0
 11
29.83456732602962
 21
15.061116400214127
 31
0.0
  0
LINE
  5
45A
330
17
100
AcDbEntity
  8
SLOTS
100
AcDbLine
 10
29.69588462712172
 20
14.853108926733915
 30
0.0
 11
28.28590421016512
 21
15.793170773355179
 31
0.0
  0
ARC
  5
45B
330
17
100
AcDbEntity
  8
SLOTS
100
AcDbCircle
 10
29.76522597657567
 20
14.957112663474021
 30
0.0
 40
0.125
100
AcDbArc
 50
-123.6921746562169
 51
56.30782534378309
  0
ARC
  5
45C
330
17
100
AcDbEntity
  8
SLOTS
100
AcDbCircle
 10
28.35524555961907
 20
15.897174510095285
 30
0.0
 40
0.125
100
AcDbArc
 50
56.30782534378309
 51
236.3078253437831
  0
LINE
  5
45D
330
17
100
AcDbEntity
  8
SLOTS
100
AcDbLine
 10
26.834348667604328
 20
17.96283147210883
 30
0.0
 11
30.06973544195237
 21
15.805735083357177
 31
0.0
  0
LINE
  5
45E
330
17
100
AcDbEntity
  8
SLOTS
100
AcDbLine
 10
29.93105274304447
 20
15.597727609876966
 30
0.0
 11
26.695665968696428
 21
17.754823998628623
 31
0.0
  0
ARC
  5
45F
330
17
100
AcDbEntity
  8
SLOTS
100
AcDbCircle
 10
30.00039409249842
 20
15.701731346617072
 30
0.0
 40
0.125
100
AcDbArc
 50
-123.6921746562169
 51
56.30782534378309
  0
ARC
  5
460
330
17
100
AcDbEntity
  8
SLOTS
100
AcDbCircle
 10
26.765007318150378
 20
17.858827735368727
 30
0.0
 40
0.125
100
AcDbArc
 50
56.30782534378309
 51
236.3078253437831
  0
LINE
  5
461
330
17
100
AcDbEntity
  8
SLOTS
100
AcDbLine
 10
28.950050688922776
 20
17.453660985927137
 30
0.0
 11
30.30490355787512
 21
16.550353766500226
 31
0.0
  0
LINE
  5
462
330
17
100
AcDbEntity
  8
SLOTS
100
AcDbLine
 10
30.166220858967222
 20
16.342346293020018
 30
0.0
 11
28.811367990014876
 21
17.24565351244693
 31
0.0
  0
ARC
  5
463
330
17
100
AcDbEntity
  8
SLOTS
100
AcDbCircle
 10
30.23556220842117
 20
16.446350029760122
 30
0.0
 40
0.125
100
AcDbArc
 50
-123.69217465621696
 51
56.30782534378304
  0
ARC
  5
464
330
17
100
AcDbEntity
  8
SLOTS
100
AcDbCircle
 10
28.880709339468826
 20
17.349657249187032
 30
0.0
 40
0.125
100
AcDbArc
 50
56.30782534378304
 51
236.30782534378304
  0
LINE
  5
465
330
17
100
AcDbEntity
  8
SLOTS
100
AcDbLine
 10
25.046540026201512
 20
25.67366646764367
 30
0.0
 11
25.18621209546055
 21
25.79227071129187
 31
0.0
  0
LINE
  5
466
330
17
100
AcDbEntity
  8
SLOTS
100
AcDbLine
 10
25.348031495456414
 20
25.601707121419672
 30
0.0
 11
25.208359426197376
 21
25.483102877771472
 31
0.0
  0
ARC
  5
467
330
17
100
AcDbEntity
  8
SLOTS
100
AcDbCircle
 10
25.267121795458483
 20
25.69698891635577
 30
0.0
 40
0.125
100
AcDbArc
 50
-49.6633423339992
 51
130.3366576660008
  0
ARC
  5
468
330
17
100
AcDbEntity
  8
SLOTS
100
AcDbCircle
 10
25.127449726199444
 20
25.57838467270757
 30
0.0
 40
0.125
100
AcDbArc
 50
130.3366576660008
 51
310.3366576660008
  0
LINE
  5
469
330
17
100
AcDbEntity
  8
SLOTS
100
AcDbLine
 10
24.416675657915533
 20
26.12273297558772
 30
0.0
 11
24.94371389479873
 21
26.57027393199242
 31
0.0
  0
LINE
  5
46A
330
17
100
AcDbEntity
  8
SLOTS
100
AcDbLine
 10
25.105533294794594
 20
26.379710342120223
 30
0.0
 11
24.578495057911397
 21
25.93216938571552
 31
0.0
  0
ARC
  5
46B
330
17
100
AcDbEntity
  8
SLOTS
100
AcDbCircle
 10
25.02462359479666
 20
26.474992137056322
 30
0.0
 40
0.125
100
AcDbArc
 50
-49.663342333998536
 51
130.33665766600146
  0
ARC
  5
46C
330
17
100
AcDbEntity
  8
SLOTS
100
AcDbCircle
 10
24.497585357913465
 20
26.02745118065162
 30
0.0
 40
0.125
100
AcDbArc
 50
130.33665766600146
 51
310.3366576660015
  0
LINE
  5
46D
330
17
100
AcDbEntity
  8
SLOTS
100
AcDbLine
 10
23.786811289629554
 20
26.571799483531766
 30
0.0
 11
24.70121569413691
 21
27.34827715269297
 31
0.0
  0
LINE
  5
46E
330
17
100
AcDbEntity
  8
SLOTS
100
AcDbLine
 10
24.863035094132773
 20
27.15771356282077
 30
0.0
 11
23.948630689625418
 21
26.381235893659568
 31
0.0
  0
ARC
  5
46F
330
17
100
AcDbEntity
  8
SLOTS
100
AcDbCircle
 10
24.78212539413484
 20
27.25299535775687
 30
0.0
 40
0.125
100
AcDbArc
 50
-49.663342333998436
 51
130.33665766600157
  0
ARC
  5
470
330
17
100
AcDbEntity
  8
SLOTS
100
AcDbCircle
 10
23.867720989627486
 20
26.476517688595667
 30
0.0
 40
0.125
100
AcDbArc
 50
130.33665766600157
 51
310.33665766600154
  0
LINE
  5
471
330
17
100
AcDbEntity
  8
SLOTS
100
AcDbLine
 10
23.156946921343575
 20
27.020865991475816
 30
0.0
 11
24.458717493475085
 21
28.126280373393516
 31
0.0
  0
LINE
  5
472
330
17
100
AcDbEntity
  8
SLOTS
100
AcDbLine
 10
24.62053689347095
 20
27.93571678352132
 30
0.0
 11
23.31876632133944
 21
26.830302401603618
 31
0.0
  0
ARC
  5
473
330
17
100
AcDbEntity
  8
SLOTS
100
AcDbCircle
 10
24.539627193473017
 20
28.030998578457417
 30
0.0
 40
0.125
100
AcDbArc
 50
-49.66334233399841
 51
130.3366576660016
  0
ARC
  5
474
330
17
100
AcDbEntity
  8
SLOTS
100
AcDbCircle
 10
23.237856621341507
 20
26.925584196539717
 30
0.0
 40
0.125
100
AcDbArc
 50
130.3366576660016
 51
310.3366576660016
  0
LINE
  5
475
330
17
100
AcDbEntity
  8
SLOTS
100
AcDbLine
 10
22.527082553057596
 20
27.469932499419865
 30
0.0
 11
23.678077090727516
 21
28.44731357000725
 31
0.0
  0
LINE
  5
476
330
17
100
AcDbEntity
  8
SLOTS
100
AcDbLine
 10
23.83989649072338
 20
28.25674998013505
 30
0.0
 11
22.68890195305346
 21
27.279368909547667
 31
0.0
  0
ARC
  5
477
330
17
100
AcDbEntity
  8
SLOTS
100
AcDbCircle
 10
23.758986790725448
 20
28.35203177507115
 30
0.0
 40
0.125
100
AcDbArc
 50
-49.66334233399836
 51
130.33665766600166
  0
ARC
  5
478
330
17
100
AcDbEntity
  8
SLOTS
100
AcDbCircle
 10
22.607992253055528
 20
27.374650704483766
 30
0.0
 40
0.125
100
AcDbArc
 50
130.33665766600166
 51
310.33665766600166
  0
LINE
  5
479
330
17
100
AcDbEntity
  8
SLOTS
100
AcDbLine
 10
21.897218184771617
 20
27.918999007363915
 30
0.0
 11
22.44335900564962
 21
28.382761156298017
 31
0.0
  0
LINE
  5
47A
330
17
100
AcDbEntity
  8
SLOTS
100
AcDbLine
 10
22.605178405645482
 20
28.19219756642582
 30
0.0
 11
22.05903758476748
 21
27.728435417491717
 31
0.0
  0
ARC
  5
47B
330
17
100
AcDbEntity
  8
SLOTS
100
AcDbCircle
 10
22.52426870564755
 20
28.287479361361918
 30
0.0
 40
0.125
100
AcDbArc
 50
-49.66334233399831
 51
130.33665766600168
  0
ARC
  5
47C
330
17
100
AcDbEntity
  8
SLOTS
100
AcDbCircle
 10
21.97812788476955
 20
27.823717212427816
 30
0.0
 40
0.125
100
AcDbArc
 50
130.33665766600168
 51
310.3366576660017
  0
LINE
  5
47D
330
17
100
AcDbEntity
  8
SLOTS
100
AcDbLine
 10
21.716913788334644
 20
29.77243663707054
 30
0.0
 11
20.61435960433535
 21
29.0043013042686
 31
0.0
  0
LINE
  5
47E
330
17
100
AcDbEntity
  8
SLOTS
100
AcDbLine
 10
20.47145045019049
 20
29.20942803012752
 30
0.0
 11
21.574004634189784
 21
29.97756336292946
 31
0.0
  0
ARC
  5
47F
330
17
100
AcDbEntity
  8
SLOTS
100
AcDbCircle
 10
20.54290502726292
 20
29.10686466719806
 30
0.0
 40
0.125
100
AcDbArc
 50
-235.13556896600969
 51
-55.135568966009686
  0
ARC
  5
480
330
17
100
AcDbEntity
  8
SLOTS
100
AcDbCircle
 10
21.645459211262214
 20
29.875
 30
0.0
 40
0.125
100
AcDbArc
 50
-55.135568966009686
 51
124.86443103399031
  0
LINE
  5
481
330
17
100
AcDbEntity
  8
SLOTS
100
AcDbLine
 10
23.02893610854194
 20
29.77243663707054
 30
0.0
 11
21.76599405834674
 21
28.89256113878222
 31
0.0
  0
LINE
  5
482
330
17
100
AcDbEntity
  8
SLOTS
100
AcDbLine
 10
21.623084904201882
 20
29.097687864641138
 30
0.0
 11
22.88602695439708
 21
29.97756336292946
 31
0.0
  0
ARC
  5
483
330
17
100
AcDbEntity
  8
SLOTS
100
AcDbCircle
 10
21.69453948127431
 20
28.99512450171168
 30
0.0
 40
0.125
100
AcDbArc
 50
-235.1355689660097
 51
-55.135568966009714
  0
ARC
  5
484
330
17
100
AcDbEntity
  8
SLOTS
100
AcDbCircle
 10
22.95748153146951
 20
29.875
 30
0.0
 40
0.125
100
AcDbArc
 50
-55.135568966009714
 51
124.86443103399029
  0
LINE
  5
485
330
17
100
AcDbEntity
  8
SLOTS
100
AcDbLine
 10
24.34095842874924
 20
29.77243663707054
 30
0.0
 11
23.184461628730258
 21
28.966720176819436
 31
0.0
  0
LINE
  5
486
330
17
100
AcDbEntity
  8
SLOTS
100
AcDbLine
 10
23.041552474585398
 20
29.171846902678354
 30
0.0
 11
24.19804927460438
 21
29.97756336292946
 31
0.0
  0
ARC
  5
487
330
17
100
AcDbEntity
  8
SLOTS
100
AcDbCircle
 10
23.113007051657828
 20
29.069283539748895
 30
0.0
 40
0.125
100
AcDbArc
 50
-235.1355689660097
 51
-55.135568966009714
  0
ARC
  5
488
330
17
100
AcDbEntity
  8
SLOTS
100
AcDbCircle
 10
24.26950385167681
 20
29.875
 30
0.0
 40
0.125
100
AcDbArc
 50
-55.135568966009714
 51
124.86443103399029
  0
LINE
  5
489
330
17
100
AcDbEntity
  8
SLOTS
100
AcDbLine
 10
16.78730725696701
 20
25.665569761527404
 30
0.0
 11
18.547270874596222
 21
27.344120717041555
 31
0.0
  0
LINE
  5
48A
330
17
100
AcDbEntity
  8
SLOTS
100
AcDbLine
 10
18.719813726158385
 20
27.163209234888548
 30
0.0
 11
16.959850108529174
 21
25.484658279374397
 31
0.0
  0
ARC
  5
48B
330
17
100
AcDbEntity
  8
SLOTS
100
AcDbCircle
 10
18.633542300377304
 20
27.25366497596505
 30
0.0
 40
0.125
100
AcDbArc
 50
-46.356321311215126
 51
133.64367868878486
  0
ARC
  5
48C
330
17
100
AcDbEntity
  8
SLOTS
100
AcDbCircle
 10
16.873578682748093
 20
25.5751140204509
 30
0.0
 40
0.125
100
AcDbArc
 50
133.64367868878486
 51
313.64367868878486
  0
LINE
  5
48D
330
17
100
AcDbEntity
  8
SLOTS
100
AcDbLine
 10
16.05607820664382
 20
26.004584476250002
 30
0.0
 11
19.710457141872702
 21
29.489918600260033
 31
0.0
  0
LINE
  5
48E
330
17
100
AcDbEntity
  8
SLOTS
100
AcDbLine
 10
19.882999993434865
 20
29.309007118107026
 30
0.0
 11
16.228621058205984
 21
25.823672994096995
 31
0.0
  0
ARC
  5
48F
330
17
100
AcDbEntity
  8
SLOTS
100
AcDbCircle
 10
19.796728567653783
 20
29.39946285918353
 30
0.0
 40
0.125
100
AcDbArc
 50
-46.35632131121508
 51
133.64367868878492
  0
ARC
  5
490
330
17
100
AcDbEntity
  8
SLOTS
100
AcDbCircle
 10
16.142349632424903
 20
25.9141287351735
 30
0.0
 40
0.125
100
AcDbArc
 50
133.64367868878492
 51
313.6436786887849
  0
LINE
  5
491
330
17
100
AcDbEntity
  8
SLOTS
100
AcDbLine
 10
15.324849156320635
 20
26.343599190972604
 30
0.0
 11
19.12237209449227
 21
29.965455741076504
 31
0.0
  0
LINE
  5
492
330
17
100
AcDbEntity
  8
SLOTS
100
AcDbLine
 10
19.294914946054433
 20
29.784544258923496
 30
0.0
 11
15.497392007882798
 21
26.162687708819597
 31
0.0
  0
ARC
  5
493
330
17
100
AcDbEntity
  8
SLOTS
100
AcDbCircle
 10
19.208643520273352
 20
29.875
 30
0.0
 40
0.125
100
AcDbArc
 50
-46.35632131121508
 51
133.64367868878492
  0
ARC
  5
494
330
17
100
AcDbEntity
  8
SLOTS
100
AcDbCircle
 10
15.411120582101717
 20
26.2531434498961
 30
0.0
 40
0.125
100
AcDbArc
 50
133.64367868878492
 51
313.6436786887849
  0
LINE
  5
495
330
17
100
AcDbEntity
  8
SLOTS
100
AcDbLine
 10
14.593620105997445
 20
26.682613905695206
 30
0.0
 11
18.03568552183848
 21
29.965455741076504
 31
0.0
  0
LINE
  5
496
330
17
100
AcDbEntity
  8
SLOTS
100
AcDbLine
 10
18.208228373400644
 20
29.784544258923496
 30
0.0
 11
14.766162957559608
 21
26.5017024235422
 31
0.0
  0
ARC
  5
497
330
17
100
AcDbEntity
  8
SLOTS
100
AcDbCircle
 10
18.121956947619562
 20
29.875
 30
0.0
 40
0.125
100
AcDbArc
 50
-46.356321311215105
 51
133.6436786887849
  0
ARC
  5
498
330
17
100
AcDbEntity
  8
SLOTS
100
AcDbCircle
 10
14.679891531778527
 20
26.592158164618702
 30
0.0
 40
0.125
100
AcDbArc
 50
133.6436786887849
 51
313.6436786887849
  0
LINE
  5
499
330
17
100
AcDbEntity
  8
SLOTS
100
AcDbLine
 10
13.862391055674259
 20
27.021628620417804
 30
0.0
 11
16.94899894918469
 21
29.965455741076504
 31
0.0
  0
LINE
  5
49A
330
17
100
AcDbEntity
  8
SLOTS
100
AcDbLine
 10
17.121541800746854
 20
29.784544258923496
 30
0.0
 11
14.034933907236422
 21
26.840717138264797
 31
0.0
  0
ARC
  5
49B
330
17
100
AcDbEntity
  8
SLOTS
100
AcDbCircle
 10
17.035270374965773
 20
29.875
 30
0.0
 40
0.125
100
AcDbArc
 50
-46.35632131121506
 51
133.64367868878495
  0
ARC
  5
49C
330
17
100
AcDbEntity
  8
SLOTS
100
AcDbCircle
 10
13.94866248145534
 20
26.9311728793413
 30
0.0
 40
0.125
100
AcDbArc
 50
133.64367868878495
 51
313.6436786887849
  0
LINE
  5
49D
330
17
100
AcDbEntity
  8
SLOTS
100
AcDbLine
 10
11.471007835350498
 20
1.126805640016263
 30
0.0
 11
11.26359165113931
 21
1.0149735566706999
 31
0.0
  0
LINE
  5
49E
330
17
100
AcDbEntity
  8
SLOTS
100
AcDbLine
 10
11.144946267439744
 20
1.2350264433293001
 30
0.0
 11
11.352362451650933
 21
1.3468585266748632
 31
0.0
  0
ARC
  5
49F
330
17
100
AcDbEntity
  8
SLOTS
100
AcDbCircle
 10
11.204268959289527
 20
1.125
 30
0.0
 40
0.125
100
AcDbArc
 50
-241.66789270072198
 51
-61.66789270072198
  0
ARC
  5
4A0
330
17
100
AcDbEntity
  8
SLOTS
100
AcDbCircle
 10
11.411685143500716
 20
1.236832083345563
 30
0.0
 40
0.125
100
AcDbArc
 50
-61.66789270072198
 51
118.33210729927802
  0
LINE
  5
4A1
330
17
100
AcDbEntity
  8
SLOTS
100
AcDbLine
 10
7.976432146986858
 20
1.3652900473820817
 30
0.0
 11
8.159410724984994
 21
1.2239152702258818
 31
0.0
  0
LINE
  5
4A2
330
17
100
AcDbEntity
  8
SLOTS
100
AcDbLine
 10
8.006560872958364
 20
1.0260847297741182
 30
0.0
 11
7.823582294960226
 21
1.1674595069303182
 31
0.0
  0
ARC
  5
4A3
330
17
100
AcDbEntity
  8
SLOTS
100
AcDbCircle
 10
8.082985798971679
 20
1.125
 30
0.0
 40
0.125
100
AcDbArc
 50
-127.69075820750966
 51
52.30924179249034
  0
ARC
  5
4A4
330
17
100
AcDbEntity
  8
SLOTS
100
AcDbCircle
 10
7.900007220973542
 20
1.2663747771562
 30
0.0
 40
0.125
100
AcDbArc
 50
52.30924179249034
 51
232.30924179249035
  0
LINE
  5
4A5
330
17
100
AcDbEntity
  8
SLOTS
100
AcDbLine
 10
8.8024556880019
 20
1.6748601665632967
 30
0.0
 11
9.386104748655564
 21
1.2239152702258818
 31
0.0
  0
LINE
  5
4A6
330
17
100
AcDbEntity
  8
SLOTS
100
AcDbLine
 10
9.233254896628933
 20
1.0260847297741182
 30
0.0
 11
8.649605835975269
 21
1.4770296261115332
 31
0.0
  0
ARC
  5
4A7
330
17
100
AcDbEntity
  8
SLOTS
100
AcDbCircle
 10
9.309679822642249
 20
1.125
 30
0.0
 40
0.125
100
AcDbArc
 50
-127.6907582075097
 51
52.309241792490305
  0
ARC
  5
4A8
330
17
100
AcDbEntity
  8
SLOTS
100
AcDbCircle
 10
8.726030761988584
 20
1.575944896337415
 30
0.0
 40
0.125
100
AcDbArc
 50
52.309241792490305
 51
232.3092417924903
  0
LINE
  5
4A9
330
17
100
AcDbEntity
  8
SLOTS
100
AcDbLine
 10
9.628479229016941
 20
1.984430285744511
 30
0.0
 11
10.339665127573666
 21
1.4349465755469561
 31
0.0
  0
LINE
  5
4AA
330
17
100
AcDbEntity
  8
SLOTS
100
AcDbLine
 10
10.186815275547035
 20
1.2371160350951926
 30
0.0
 11
9.47562937699031
 21
1.7865997452927476
 31
0.0
  0
ARC
  5
4AB
330
17
100
AcDbEntity
  8
SLOTS
100
AcDbCircle
 10
10.26324020156035
 20
1.3360313053210744
 30
0.0
 40
0.125
100
AcDbArc
 50
-127.69075820750969
 51
52.30924179249031
  0
ARC
  5
4AC
330
17
100
AcDbEntity
  8
SLOTS
100
AcDbCircle
 10
9.552054303003626
 20
1.8855150155186293
 30
0.0
 40
0.125
100
AcDbArc
 50
52.30924179249031
 51
232.3092417924903
  0
LINE
  5
4AD
330
17
100
AcDbEntity
  8
SLOTS
100
AcDbLine
 10
10.454502770031983
 20
2.2940004049257254
 30
0.0
 11
10.92655650368782
 21
1.9292774295289767
 31
0.0
  0
LINE
  5
4AE
330
17
100
AcDbEntity
  8
SLOTS
100
AcDbLine
 10
10.77370665166119
 20
1.7314468890772137
 30
0.0
 11
10.301652918005352
 21
2.0961698644739624
 31
0.0
  0
ARC
  5
4AF
330
17
100
AcDbEntity
  8
SLOTS
100
AcDbCircle
 10
10.850131577674505
 20
1.8303621593030952
 30
0.0
 40
0.125
100
AcDbArc
 50
-127.69075820750979
 51
52.309241792490205
  0
ARC
  5
4B0
330
17
100
AcDbEntity
  8
SLOTS
100
AcDbCircle
 10
10.378077844018668
 20
2.195085134699844
 30
0.0
 40
0.125
100
AcDbArc
 50
52.309241792490205
 51
232.3092417924902
  0
LINE
  5
4B1
330
17
100
AcDbEntity
  8
SLOTS
100
AcDbLine
 10
11.280526311047025
 20
2.603570524106941
 30
0.0
 11
11.513447879801978
 21
2.423608283510999
 31
0.0
  0
LINE
  5
4B2
330
17
100
AcDbEntity
  8
SLOTS
100
AcDbLine
 10
11.360598027775348
 20
2.225777743059235
 30
0.0
 11
11.127676459020394
 21
2.405739983655177
 31
0.0
  0
ARC
  5
4B3
330
17
100
AcDbEntity
  8
SLOTS
100
AcDbCircle
 10
11.437022953788663
 20
2.324693013285117
 30
0.0
 40
0.125
100
AcDbArc
 50
-127.69075820750963
 51
52.30924179249037
  0
ARC
  5
4B4
330
17
100
AcDbEntity
  8
SLOTS
100
AcDbCircle
 10
11.20410138503371
 20
2.504655253881059
 30
0.0
 40
0.125
100
AcDbArc
 50
52.30924179249037
 51
232.30924179249035
  0
LINE
  5
4B5
330
17
100
AcDbEntity
  8
SLOTS
100
AcDbLine
 10
5.816407321716042
 20
1.1613395490336433
 30
0.0
 11
5.912707411676212
 21
1.478283557804429
 31
0.0
  0
LINE
  5
4B6
330
17
100
AcDbEntity
  8
SLOTS
100
AcDbLine
 10
6.151909729190333
 20
1.4056044597371424
 30
0.0
 11
6.055609639230163
 21
1.0886604509663567
 31
0.0
  0
ARC
  5
4B7
330
17
100
AcDbEntity
  8
SLOTS
100
AcDbCircle
 10
6.032308570433273
 20
1.4419440087707858
 30
0.0
 40
0.125
100
AcDbArc
 50
-16.90085024477544
 51
163.09914975522457
  0
ARC
  5
4B8
330
17
100
AcDbEntity
  8
SLOTS
100
AcDbCircle
 10
5.936008480473102
 20
1.125
 30
0.0
 40
0.125
100
AcDbArc
 50
163.09914975522457
 51
343.0991497552246
  0
LINE
  5
4B9
330
17
100
AcDbEntity
  8
SLOTS
100
AcDbLine
 10
5.032552039925421
 20
1.1613395490336431
 30
0.0
 11
5.330580595355073
 21
2.1422146980091927
 31
0.0
  0
LINE
  5
4BA
330
17
100
AcDbEntity
  8
SLOTS
100
AcDbLine
 10
5.569782912869194
 20
2.069535599941906
 30
0.0
 11
5.271754357439542
 21
1.0886604509663569
 31
0.0
  0
ARC
  5
4BB
330
17
100
AcDbEntity
  8
SLOTS
100
AcDbCircle
 10
5.450181754112133
 20
2.1058751489755494
 30
0.0
 40
0.125
100
AcDbArc
 50
-16.90085024477534
 51
163.09914975522466
  0
ARC
  5
4BC
330
17
100
AcDbEntity
  8
SLOTS
100
AcDbCircle
 10
5.152153198682481
 20
1.125
 30
0.0
 40
0.125
100
AcDbArc
 50
163.09914975522466
 51
343.09914975522463
  0
LINE
  5
4BD
330
17
100
AcDbEntity
  8
SLOTS
100
AcDbLine
 10
4.2486967581348
 20
1.1613395490336433
 30
0.0
 11
4.748453779033935
 21
2.8061458382139546
 31
0.0
  0
LINE
  5
4BE
330
17
100
AcDbEntity
  8
SLOTS
100
AcDbLine
 10
4.987656096548055
 20
2.733466740146668
 30
0.0
 11
4.4878990756489205
 21
1.0886604509663567
 31
0.0
  0
ARC
  5
4BF
330
17
100
AcDbEntity
  8
SLOTS
100
AcDbCircle
 10
4.868054937790995
 20
2.7698062891803112
 30
0.0
 40
0.125
100
AcDbArc
 50
-16.90085024477537
 51
163.09914975522463
  0
ARC
  5
4C0
330
17
100
AcDbEntity
  8
SLOTS
100
AcDbCircle
 10
4.36829791689186
 20
1.125
 30
0.0
 40
0.125
100
AcDbArc
 50
163.09914975522463
 51
343.09914975522463
  0
LINE
  5
4C1
330
17
100
AcDbEntity
  8
SLOTS
100
AcDbLine
 10
3.464841476344179
 20
1.1613395490336431
 30
0.0
 11
4.1663269627127955
 21
3.470076978418718
 31
0.0
  0
LINE
  5
4C2
330
17
100
AcDbEntity
  8
SLOTS
100
AcDbLine
 10
4.405529280226916
 20
3.3973978803514315
 30
0.0
 11
3.7040437938582986
 21
1.0886604509663569
 31
0.0
  0
ARC
  5
4C3
330
17
100
AcDbEntity
  8
SLOTS
100
AcDbCircle
 10
4.285928121469856
 20
3.433737429385075
 30
0.0
 40
0.125
100
AcDbArc
 50
-16.900850244775356
 51
163.09914975522463
  0
ARC
  5
4C4
330
17
100
AcDbEntity
  8
SLOTS
100
AcDbCircle
 10
3.584442635101239
 20
1.125
 30
0.0
 40
0.125
100
AcDbArc
 50
163.09914975522463
 51
343.09914975522463
  0
LINE
  5
4C5
330
17
100
AcDbEntity
  8
SLOTS
100
AcDbLine
 10
2.680986194553558
 20
1.1613395490336431
 30
0.0
 11
3.4697038865779826
 21
3.7571766578261268
 31
0.0
  0
LINE
  5
4C6
330
17
100
AcDbEntity
  8
SLOTS
100
AcDbLine
 10
3.708906204092102
 20
3.68449755975884
 30
0.0
 11
2.9201885120676776
 21
1.0886604509663569
 31
0.0
  0
ARC
  5
4C7
330
17
100
AcDbEntity
  8
SLOTS
100
AcDbCircle
 10
3.5893050453350424
 20
3.7208371087924834
 30
0.0
 40
0.125
100
AcDbArc
 50
-16.900850244775356
 51
163.09914975522463
  0
ARC
  5
4C8
330
17
100
AcDbEntity
  8
SLOTS
100
AcDbCircle
 10
2.800587353310618
 20
1.125
 30
0.0
 40
0.125
100
AcDbArc
 50
163.09914975522463
 51
343.09914975522463
  0
LINE
  5
4C9
330
17
100
AcDbEntity
  8
SLOTS
100
AcDbLine
 10
4.045028836759421
 20
26.1572740329805
 30
0.0
 11
4.757361420650813
 21
26.569556142700417
 31
0.0
  0
LINE
  5
4CA
330
17
100
AcDbEntity
  8
SLOTS
100
AcDbLine
 10
4.882592967823571
 20
26.353183640767487
 30
0.0
 11
4.1702603839321775
 21
25.94090153104757
 31
0.0
  0
ARC
  5
4CB
330
17
100
AcDbEntity
  8
SLOTS
100
AcDbCircle
 10
4.819977194237192
 20
26.461369891733952
 30
0.0
 40
0.125
100
AcDbArc
 50
-59.938704908296366
 51
120.06129509170364
  0
ARC
  5
4CC
330
17
100
AcDbEntity
  8
SLOTS
100
AcDbCircle
 10
4.107644610345799
 20
26.049087782014034
 30
0.0
 40
0.125
100
AcDbArc
 50
120.06129509170364
 51
300.06129509170364
  0
LINE
  5
4CD
330
17
100
AcDbEntity
  8
SLOTS
100
AcDbLine
 10
3.1472070037383157
 20
26.504196040604892
 30
0.0
 11
4.788019548914388
 21
27.453861510187345
 31
0.0
  0
LINE
  5
4CE
330
17
100
AcDbEntity
  8
SLOTS
100
AcDbLine
 10
4.913251096087146
 20
27.237489008254414
 30
0.0
 11
3.272438550911073
 21
26.28782353867196
 31
0.0
  0
ARC
  5
4CF
330
17
100
AcDbEntity
  8
SLOTS
100
AcDbCircle
 10
4.850635322500767
 20
27.34567525922088
 30
0.0
 40
0.125
100
AcDbArc
 50
-59.93870490829628
 51
120.06129509170373
  0
ARC
  5
4D0
330
17
100
AcDbEntity
  8
SLOTS
100
AcDbCircle
 10
3.2098227773246943
 20
26.396009789638427
 30
0.0
 40
0.125
100
AcDbArc
 50
120.06129509170373
 51
300.0612950917037
  0
LINE
  5
4D1
330
17
100
AcDbEntity
  8
SLOTS
100
AcDbLine
 10
2.249385170717215
 20
26.85111804822928
 30
0.0
 11
4.488236275716815
 21
28.146914811976284
 31
0.0
  0
LINE
  5
4D2
330
17
100
AcDbEntity
  8
SLOTS
100
AcDbLine
 10
4.613467822889573
 20
27.930542310043354
 30
0.0
 11
2.3746167178899724
 21
26.63474554629635
 31
0.0
  0
ARC
  5
4D3
330
17
100
AcDbEntity
  8
SLOTS
100
AcDbCircle
 10
4.550852049303194
 20
28.03872856100982
 30
0.0
 40
0.125
100
AcDbArc
 50
-59.938704908296295
 51
120.0612950917037
  0
ARC
  5
4D4
330
17
100
AcDbEntity
  8
SLOTS
100
AcDbCircle
 10
2.312000944303594
 20
26.742931797262816
 30
0.0
 40
0.125
100
AcDbArc
 50
120.0612950917037
 51
300.0612950917037
  0
LINE
  5
4D5
330
17
100
AcDbEntity
  8
SLOTS
100
AcDbLine
 10
1.3515633376961114
 20
27.198040055853678
 30
0.0
 11
3.9310393745715806
 21
28.690982884111463
 31
0.0
  0
LINE
  5
4D6
330
17
100
AcDbEntity
  8
SLOTS
100
AcDbLine
 10
4.056270921744338
 20
28.474610382178533
 30
0.0
 11
1.4767948848688686
 21
26.981667553920747
 31
0.0
  0
ARC
  5
4D7
330
17
100
AcDbEntity
  8
SLOTS
100
AcDbCircle
 10
3.993655148157959
 20
28.582796633144998
 30
0.0
 40
0.125
100
AcDbArc
 50
-59.93870490829633
 51
120.06129509170367
  0
ARC
  5
4D8
330
17
100
AcDbEntity
  8
SLOTS
100
AcDbCircle
 10
1.41417911128249
 20
27.089853804887213
 30
0.0
 40
0.125
100
AcDbArc
 50
120.06129509170367
 51
300.06129509170364
  0
LINE
  5
4D9
330
17
100
AcDbEntity
  8
SLOTS
100
AcDbLine
 10
1.0623842264136214
 20
27.89723080852586
 30
0.0
 11
3.373842473426345
 21
29.235050956246642
 31
0.0
  0
LINE
  5
4DA
330
17
100
AcDbEntity
  8
SLOTS
100
AcDbLine
 10
3.499074020599102
 20
29.01867845431371
 30
0.0
 11
1.1876157735863786
 21
27.680858306592928
 31
0.0
  0
ARC
  5
4DB
330
17
100
AcDbEntity
  8
SLOTS
100
AcDbCircle
 10
3.4364582470127236
 20
29.126864705280177
 30
0.0
 40
0.125
100
AcDbArc
 50
-59.93870490829631
 51
120.0612950917037
  0
ARC
  5
4DC
330
17
100
AcDbEntity
  8
SLOTS
100
AcDbCircle
 10
1.125
 20
27.789044557559393
 30
0.0
 40
0.125
100
AcDbArc
 50
120.0612950917037
 51
300.0612950917037
  0
LINE
  5
4DD
330
17
100
AcDbEntity
  8
SLOTS
100
AcDbLine
 10
1.0623842264136214
 20
28.76379193956143
 30
0.0
 11
2.816645572281112
 21
29.779119028381817
 31
0.0
  0
LINE
  5
4DE
330
17
100
AcDbEntity
  8
SLOTS
100
AcDbLine
 10
2.9418771194538693
 20
29.562746526448887
 30
0.0
 11
1.1876157735863786
 21
28.5474194376285
 31
0.0
  0
ARC
  5
4DF
330
17
100
AcDbEntity
  8
SLOTS
100
AcDbCircle
 10
2.8792613458674907
 20
29.670932777415352
 30
0.0
 40
0.125
100
AcDbArc
 50
-59.93870490829631
 51
120.0612950917037
  0
ARC
  5
4E0
330
17
100
AcDbEntity
  8
SLOTS
100
AcDbCircle
 10
1.125
 20
28.655605688594964
 30
0.0
 40
0.125
100
AcDbArc
 50
120.0612950917037
 51
300.0612950917037
  0
LINE
  5
4E1
330
17
100
AcDbEntity
  8
SLOTS
100
AcDbLine
 10
1.0623842264136214
 20
29.630353070597003
 30
0.0
 11
1.672002167939001
 21
29.983186250966465
 31
0.0
  0
LINE
  5
4E2
330
17
100
AcDbEntity
  8
SLOTS
100
AcDbLine
 10
1.7972337151117581
 20
29.766813749033535
 30
0.0
 11
1.1876157735863786
 21
29.413980568664073
 31
0.0
  0
ARC
  5
4E3
330
17
100
AcDbEntity
  8
SLOTS
100
AcDbCircle
 10
1.7346179415253795
 20
29.875
 30
0.0
 40
0.125
100
AcDbArc
 50
-59.93870490829639
 51
120.06129509170361
  0
ARC
  5
4E4
330
17
100
AcDbEntity
  8
SLOTS
100
AcDbCircle
 10
1.125
 20
29.522166819630538
 30
0.0
 40
0.125
100
AcDbArc
 50
120.06129509170361
 51
300.0612950917036
  0
LINE
  5
4E5
330
17
100
AcDbEntity
  8
SLOTS
100
AcDbLine
 10
11.507102502997002
 20
27.377993834110185
 30
0.0
 11
11.386422840207576
 21
27.347194841466212
 31
0.0
  0
LINE
  5
4E6
330
17
100
AcDbEntity
  8
SLOTS
100
AcDbLine
 10
11.324601217901815
 20
27.5894304437535
 30
0.0
 11
11.445280880691241
 21
27.620229436397473
 31
0.0
  0
ARC
  5
4E7
330
17
100
AcDbEntity
  8
SLOTS
100
AcDbCircle
 10
11.355512029054696
 20
27.468312642609856
 30
0.0
 40
0.125
100
AcDbArc
 50
-255.68300150069197
 51
-75.68300150069197
  0
ARC
  5
4E8
330
17
100
AcDbEntity
  8
SLOTS
100
AcDbCircle
 10
11.476191691844122
 20
27.49911163525383
 30
0.0
 40
0.125
100
AcDbArc
 50
-75.68300150069197
 51
104.31699849930803
  0
LINE
  5
4E9
330
17
100
AcDbEntity
  8
SLOTS
100
AcDbLine
 10
11.76319621083353
 20
26.66931241032982
 30
0.0
 11
8.654164280770189
 21
25.87584771768323
 31
0.0
  0
LINE
  5
4EA
330
17
100
AcDbEntity
  8
SLOTS
100
AcDbLine
 10
8.592342658464425
 20
26.118083319970516
 30
0.0
 11
11.701374588527766
 21
26.911548012617107
 31
0.0
  0
ARC
  5
4EB
330
17
100
AcDbEntity
  8
SLOTS
100
AcDbCircle
 10
8.623253469617307
 20
25.996965518826872
 30
0.0
 40
0.125
100
AcDbArc
 50
-255.68300150069084
 51
-75.68300150069084
  0
ARC
  5
4EC
330
17
100
AcDbEntity
  8
SLOTS
100
AcDbCircle
 10
11.732285399680649
 20
26.790430211473463
 30
0.0
 40
0.125
100
AcDbArc
 50
-75.68300150069084
 51
104.31699849930916
  0
LINE
  5
4ED
330
17
100
AcDbEntity
  8
SLOTS
100
AcDbLine
 10
11.405094513125427
 20
25.80388046753002
 30
0.0
 11
5.9219057213328
 21
24.404500593900245
 31
0.0
  0
LINE
  5
4EE
330
17
100
AcDbEntity
  8
SLOTS
100
AcDbLine
 10
5.860084099027034
 20
24.646736196187533
 30
0.0
 11
11.343272890819662
 21
26.04611606981731
 31
0.0
  0
ARC
  5
4EF
330
17
100
AcDbEntity
  8
SLOTS
100
AcDbCircle
 10
5.890994910179917
 20
24.52561839504389
 30
0.0
 40
0.125
100
AcDbArc
 50
-255.6830015006908
 51
-75.6830015006908
  0
ARC
  5
4F0
330
17
100
AcDbEntity
  8
SLOTS
100
AcDbCircle
 10
11.374183701972544
 20
25.924998268673665
 30
0.0
 40
0.125
100
AcDbArc
 50
-75.6830015006908
 51
104.3169984993092
  0
LINE
  5
4F1
330
17
100
AcDbEntity
  8
SLOTS
100
AcDbLine
 10
11.046992815417322
 20
24.93844852473022
 30
0.0
 11
5.768043730994438
 21
23.591193235305365
 31
0.0
  0
LINE
  5
4F2
330
17
100
AcDbEntity
  8
SLOTS
100
AcDbLine
 10
5.706222108688672
 20
23.833428837592653
 30
0.0
 11
10.985171193111558
 21
25.180684127017507
 31
0.0
  0
ARC
  5
4F3
330
17
100
AcDbEntity
  8
SLOTS
100
AcDbCircle
 10
5.737132919841555
 20
23.71231103644901
 30
0.0
 40
0.125
100
AcDbArc
 50
-255.68300150069086
 51
-75.68300150069086
  0
ARC
  5
4F4
330
17
100
AcDbEntity
  8
SLOTS
100
AcDbCircle
 10
11.01608200426444
 20
25.059566325873863
 30
0.0
 40
0.125
100
AcDbArc
 50
-75.68300150069086
 51
104.31699849930914
  0
LINE
  5
4F5
330
17
100
AcDbEntity
  8
SLOTS
100
AcDbLine
 10
10.234637512540221
 20
23.95708525497178
 30
0.0
 11
5.866057489434998
 21
22.842167787635056
 31
0.0
  0
LINE
  5
4F6
330
17
100
AcDbEntity
  8
SLOTS
100
AcDbLine
 10
5.804235867129232
 20
23.084403389922343
 30
0.0
 11
10.172815890234457
 21
24.199320857259067
 31
0.0
  0
ARC
  5
4F7
330
17
100
AcDbEntity
  8
SLOTS
100
AcDbCircle
 10
5.835146678282115
 20
22.9632855887787
 30
0.0
 40
0.125
100
AcDbArc
 50
-255.68300150069084
 51
-75.68300150069084
  0
ARC
  5
4F8
330
17
100
AcDbEntity
  8
SLOTS
100
AcDbCircle
 10
10.203726701387339
 20
24.078203056115424
 30
0.0
 40
0.125
100
AcDbArc
 50
-75.68300150069084
 51
104.31699849930916
  0
LINE
  5
4F9
330
17
100
AcDbEntity
  8
SLOTS
100
AcDbLine
 10
8.978124184519897
 20
22.862367179333432
 30
0.0
 11
5.964071247875558
 21
22.093142339964754
 31
0.0
  0
LINE
  5
4FA
330
17
100
AcDbEntity
  8
SLOTS
100
AcDbLine
 10
5.902249625569792
 20
22.335377942252034
 30
0.0
 11
8.916302562214133
 21
23.104602781620713
 31
0.0
  0
ARC
  5
4FB
330
17
100
AcDbEntity
  8
SLOTS
100
AcDbCircle
 10
5.933160436722675
 20
22.214260141108394
 30
0.0
 40
0.125
100
AcDbArc
 50
-255.68300150069078
 51
-75.68300150069078
  0
ARC
  5
4FC
330
17
100
AcDbEntity
  8
SLOTS
100
AcDbCircle
 10
8.947213373367015
 20
22.983484980477073
 30
0.0
 40
0.125
100
AcDbArc
 50
-75.68300150069078
 51
104.31699849930922
  0
LINE
  5
4FD
330
17
100
AcDbEntity
  8
SLOTS
100
AcDbLine
 10
7.379028448654557
 20
21.680217693834535
 30
0.0
 11
6.592614078294817
 21
21.479514693445072
 31
0.0
  0
LINE
  5
4FE
330
17
100
AcDbEntity
  8
SLOTS
100
AcDbLine
 10
6.530792455989051
 20
21.721750295732352
 30
0.0
 11
7.317206826348791
 21
21.922453296121816
 31
0.0
  0
ARC
  5
4FF
330
17
100
AcDbEntity
  8
SLOTS
100
AcDbCircle
 10
6.561703267141934
 20
21.600632494588712
 30
0.0
 40
0.125
100
AcDbArc
 50
-255.68300150069075
 51
-75.68300150069075
  0
ARC
  5
500
330
17
100
AcDbEntity
  8
SLOTS
100
AcDbCircle
 10
7.348117637501674
 20
21.801335494978176
 30
0.0
 40
0.125
100
AcDbArc
 50
-75.68300150069075
 51
104.31699849930925
  0
LINE
  5
501
330
17
100
AcDbEntity
  8
SLOTS
100
AcDbLine
 10
5.268425371586172
 20
25.481985904312403
 30
0.0
 11
5.987898424925684
 21
25.561255603999605
 31
0.0
  0
LINE
  5
502
330
17
100
AcDbEntity
  8
SLOTS
100
AcDbLine
 10
6.015277110504921
 20
25.312759311117894
 30
0.0
 11
5.295804057165409
 21
25.23348961143069
 31
0.0
  0
ARC
  5
503
330
17
100
AcDbEntity
  8
SLOTS
100
AcDbCircle
 10
6.001587767715303
 20
25.43700745755875
 30
0.0
 40
0.125
100
AcDbArc
 50
-83.7126566448121
 51
96.2873433551879
  0
ARC
  5
504
330
17
100
AcDbEntity
  8
SLOTS
100
AcDbCircle
 10
5.2821147143757905
 20
25.357737757871547
 30
0.0
 40
0.125
100
AcDbArc
 50
96.2873433551879
 51
276.2873433551879
  0
LINE
  5
505
330
17
100
AcDbEntity
  8
SLOTS
100
AcDbLine
 10
5.490264261304296
 20
26.260965964602413
 30
0.0
 11
7.749472059166647
 21
26.50987969783576
 31
0.0
  0
LINE
  5
506
330
17
100
AcDbEntity
  8
SLOTS
100
AcDbLine
 10
7.776850744745883
 20
26.26138340495405
 30
0.0
 11
5.517642946883533
 21
26.0124696717207
 31
0.0
  0
ARC
  5
507
330
17
100
AcDbEntity
  8
SLOTS
100
AcDbCircle
 10
7.763161401956265
 20
26.385631551394905
 30
0.0
 40
0.125
100
AcDbArc
 50
-83.71265664481213
 51
96.28734335518787
  0
ARC
  5
508
330
17
100
AcDbEntity
  8
SLOTS
100
AcDbCircle
 10
5.5039536040939145
 20
26.136717818161557
 30
0.0
 40
0.125
100
AcDbArc
 50
96.28734335518787
 51
276.2873433551879
  0
LINE
  5
509
330
17
100
AcDbEntity
  8
SLOTS
100
AcDbLine
 10
6.090487169127039
 20
27.08163540761825
 30
0.0
 11
9.51104569340761
 21
27.45850379167192
 31
0.0
  0
LINE
  5
50A
330
17
100
AcDbEntity
  8
SLOTS
100
AcDbLine
 10
9.538424378986846
 20
27.21000749879021
 30
0.0
 11
6.117865854706276
 21
26.83313911473654
 31
0.0
  0
ARC
  5
50B
330
17
100
AcDbEntity
  8
SLOTS
100
AcDbCircle
 10
9.524735036197228
 20
27.334255645231064
 30
0.0
 40
0.125
100
AcDbArc
 50
-83.7126566448121
 51
96.2873433551879
  0
ARC
  5
50C
330
17
100
AcDbEntity
  8
SLOTS
100
AcDbCircle
 10
6.104176511916657
 20
26.957387261177395
 30
0.0
 40
0.125
100
AcDbArc
 50
96.2873433551879
 51
276.2873433551879
  0
LINE
  5
50D
330
17
100
AcDbEntity
  8
SLOTS
100
AcDbLine
 10
7.848549125047387
 20
28.02987259372439
 30
0.0
 11
10.830440553091771
 21
28.358409759784703
 31
0.0
  0
LINE
  5
50E
330
17
100
AcDbEntity
  8
SLOTS
100
AcDbLine
 10
10.857819238671008
 20
28.10991346690299
 30
0.0
 11
7.8759278106266235
 21
27.78137630084268
 31
0.0
  0
ARC
  5
50F
330
17
100
AcDbEntity
  8
SLOTS
100
AcDbCircle
 10
10.84412989588139
 20
28.234161613343847
 30
0.0
 40
0.125
100
AcDbArc
 50
-83.71265664481207
 51
96.28734335518793
  0
ARC
  5
510
330
17
100
AcDbEntity
  8
SLOTS
100
AcDbCircle
 10
7.862238467837005
 20
27.905624447283536
 30
0.0
 40
0.125
100
AcDbArc
 50
96.28734335518793
 51
276.28734335518794
  0
LINE
  5
511
330
17
100
AcDbEntity
  8
SLOTS
100
AcDbLine
 10
9.606611080967733
 20
28.978109779830536
 30
0.0
 11
9.715715310416753
 21
28.99013060460345
 31
0.0
  0
LINE
  5
512
330
17
100
AcDbEntity
  8
SLOTS
100
AcDbLine
 10
9.743093995995993
 20
28.74163431172174
 30
0.0
 11
9.633989766546973
 21
28.729613486948825
 31
0.0
  0
ARC
  5
513
330
17
100
AcDbEntity
  8
SLOTS
100
AcDbCircle
 10
9.729404653206373
 20
28.865882458162595
 30
0.0
 40
0.125
100
AcDbArc
 50
-83.71265664481164
 51
96.28734335518836
  0
ARC
  5
514
330
17
100
AcDbEntity
  8
SLOTS
100
AcDbCircle
 10
9.620300423757353
 20
28.85386163338968
 30
0.0
 40
0.125
100
AcDbArc
 50
96.28734335518836
 51
276.28734335518834
  0
LINE
  5
515
330
17
100
AcDbEntity
  8
SLOTS
100
AcDbLine
 10
12.47258885318003
 20
27.48380262040103
 30
0.0
 11
14.345302564779383
 21
28.58872827047477
 31
0.0
  0
LINE
  5
516
330
17
100
AcDbEntity
  8
SLOTS
100
AcDbLine
 10
14.47234187493689
 20
28.373412191942062
 30
0.0
 11
12.599628163337536
 21
27.26848654186832
 31
0.0
  0
ARC
  5
517
330
17
100
AcDbEntity
  8
SLOTS
100
AcDbCircle
 10
14.408822219858136
 20
28.481070231208417
 30
0.0
 40
0.125
100
AcDbArc
 50
-59.45883776044745
 51
120.54116223955255
  0
ARC
  5
518
330
17
100
AcDbEntity
  8
SLOTS
100
AcDbCircle
 10
12.536108508258783
 20
27.376144581134675
 30
0.0
 40
0.125
100
AcDbArc
 50
120.54116223955255
 51
300.54116223955253
  0
LINE
  5
519
330
17
100
AcDbEntity
  8
SLOTS
100
AcDbLine
 10
11.999707947900792
 20
28.075609497411882
 30
0.0
 11
15.231921764982577
 21
29.982658039266354
 31
0.0
  0
LINE
  5
51A
330
17
100
AcDbEntity
  8
SLOTS
100
AcDbLine
 10
15.358961075140083
 20
29.767341960733646
 30
0.0
 11
12.126747258058298
 21
27.860293418879174
 31
0.0
  0
ARC
  5
51B
330
17
100
AcDbEntity
  8
SLOTS
100
AcDbCircle
 10
15.29544142006133
 20
29.875
 30
0.0
 40
0.125
100
AcDbArc
 50
-59.458837760447466
 51
120.54116223955253
  0
ARC
  5
51C
330
17
100
AcDbEntity
  8
SLOTS
100
AcDbCircle
 10
12.063227602979545
 20
27.967951458145528
 30
0.0
 40
0.125
100
AcDbArc
 50
120.54116223955253
 51
300.54116223955253
  0
LINE
  5
51D
330
17
100
AcDbEntity
  8
SLOTS
100
AcDbLine
 10
12.069381566103988
 20
28.987530658761106
 30
0.0
 11
13.756000652316485
 21
29.982658039266354
 31
0.0
  0
LINE
  5
51E
330
17
100
AcDbEntity
  8
SLOTS
100
AcDbLine
 10
13.883039962473992
 20
29.767341960733646
 30
0.0
 11
12.196420876261495
 21
28.772214580228397
 31
0.0
  0
ARC
  5
51F
330
17
100
AcDbEntity
  8
SLOTS
100
AcDbCircle
 10
13.819520307395239
 20
29.875
 30
0.0
 40
0.125
100
AcDbArc
 50
-59.45883776044744
 51
120.54116223955256
  0
ARC
  5
520
330
17
100
AcDbEntity
  8
SLOTS
100
AcDbCircle
 10
12.132901221182742
 20
28.87987261949475
 30
0.0
 40
0.125
100
AcDbArc
 50
120.54116223955256
 51
300.5411622395526
  0
LINE
  5
521
330
17
100
AcDbEntity
  8
SLOTS
100
AcDbLine
 10
11.610283968735644
 20
29.387390926406358
 30
0.0
 11
10.050911487766559
 21
29.419320143999887
 31
0.0
  0
LINE
  5
522
330
17
100
AcDbEntity
  8
SLOTS
100
AcDbLine
 10
10.056029335950196
 20
29.669267753770352
 30
0.0
 11
11.615401816919281
 21
29.637338536176824
 31
0.0
  0
ARC
  5
523
330
17
100
AcDbEntity
  8
SLOTS
100
AcDbCircle
 10
10.053470411858378
 20
29.54429394888512
 30
0.0
 40
0.125
100
AcDbArc
 50
88.8269936556483
 51
268.82699365564827
  0
ARC
  5
524
330
17
100
AcDbEntity
  8
SLOTS
100
AcDbCircle
 10
11.612842892827462
 20
29.51236473129159
 30
0.0
 40
0.125
100
AcDbArc
 50
268.82699365564827
 51
448.82699365564827
  0
LINE
  5
525
330
17
100
AcDbEntity
  8
SLOTS
100
AcDbLine
 10
7.228262195116844
 20
20.49303829751244
 30
0.0
 11
11.009009495894755
 21
18.44311916556305
 31
0.0
  0
LINE
  5
526
330
17
100
AcDbEntity
  8
SLOTS
100
AcDbLine
 10
10.889848187633817
 20
18.223345230316983
 30
0.0
 11
7.109100886855904
 21
20.273264362266374
 31
0.0
  0
ARC
  5
527
330
17
100
AcDbEntity
  8
SLOTS
100
AcDbCircle
 10
10.949428841764286
 20
18.333232197940017
 30
0.0
 40
0.125
100
AcDbArc
 50
-118.46652514231836
 51
61.53347485768164
  0
ARC
  5
528
330
17
100
AcDbEntity
  8
SLOTS
100
AcDbCircle
 10
7.168681540986374
 20
20.383151329889408
 30
0.0
 40
0.125
100
AcDbArc
 50
61.53347485768164
 51
241.53347485768165
  0
LINE
  5
529
330
17
100
AcDbEntity
  8
SLOTS
100
AcDbLine
 10
7.600143619014356
 20
21.144553787054534
 30
0.0
 11
11.46610666375532
 21
19.048430725036287
 31
0.0
  0
LINE
  5
52A
330
17
100
AcDbEntity
  8
SLOTS
100
AcDbLine
 10
11.346945355494382
 20
18.82865678979022
 30
0.0
 11
7.480982310753416
 21
20.924779851808466
 31
0.0
  0
ARC
  5
52B
330
17
100
AcDbEntity
  8
SLOTS
100
AcDbCircle
 10
11.406526009624852
 20
18.938543757413253
 30
0.0
 40
0.125
100
AcDbArc
 50
-118.46652514231835
 51
61.53347485768166
  0
ARC
  5
52C
330
17
100
AcDbEntity
  8
SLOTS
100
AcDbCircle
 10
7.540562964883886
 20
21.0346668194315
 30
0.0
 40
0.125
100
AcDbArc
 50
61.53347485768166
 51
241.53347485768165
  0
LINE
  5
52D
330
17
100
AcDbEntity
  8
SLOTS
100
AcDbLine
 10
8.323590327130413
 20
21.605450770540816
 30
0.0
 11
11.923203831615886
 21
19.653742284509523
 31
0.0
  0
LINE
  5
52E
330
17
100
AcDbEntity
  8
SLOTS
100
AcDbLine
 10
11.804042523354948
 20
19.433968349263456
 30
0.0
 11
8.204429018869474
 21
21.38567683529475
 31
0.0
  0
ARC
  5
52F
330
17
100
AcDbEntity
  8
SLOTS
100
AcDbCircle
 10
11.863623177485417
 20
19.54385531688649
 30
0.0
 40
0.125
100
AcDbArc
 50
-118.46652514231832
 51
61.533474857681675
  0
ARC
  5
530
330
17
100
AcDbEntity
  8
SLOTS
100
AcDbCircle
 10
8.264009672999943
 20
21.495563802917783
 30
0.0
 40
0.125
100
AcDbArc
 50
61.533474857681675
 51
241.53347485768168
  0
LINE
  5
531
330
17
100
AcDbEntity
  8
SLOTS
100
AcDbLine
 10
34.4310576116449
 20
14.976935261671587
 30
0.0
 11
31.10843409989489
 21
16.80064360457267
 31
0.0
  0
LINE
  5
532
330
17
100
AcDbEntity
  8
SLOTS
100
AcDbLine
 10
31.228724620871734
 20
17.019801516962616
 30
0.0
 11
34.551348132621754
 21
15.196093174061533
 31
0.0
  0
ARC
  5
533
330
17
100
AcDbEntity
  8
SLOTS
100
AcDbCircle
 10
31.168579360383312
 20
16.910222560767643
 30
0.0
 40
0.125
100
AcDbArc
 50
61.23867291789696
 51
241.23867291789696
  0
ARC
  5
534
330
17
100
AcDbEntity
  8
SLOTS
100
AcDbCircle
 10
34.49120287213333
 20
15.08651421786656
 30
0.0
 40
0.125
100
AcDbArc
 50
241.23867291789696
 51
421.23867291789696
  0
LINE
  5
535
330
17
100
AcDbEntity
  8
SLOTS
100
AcDbLine
 10
34.25381187381634
 20
14.218673713897783
 30
0.0
 11
30.87815114072196
 21
16.071492915344212
 31
0.0
  0
LINE
  5
536
330
17
100
AcDbEntity
  8
SLOTS
100
AcDbLine
 10
30.998441661698806
 20
16.290650827734158
 30
0.0
 11
34.37410239479319
 21
14.437831626287728
 31
0.0
  0
ARC
  5
537
330
17
100
AcDbEntity
  8
SLOTS
100
AcDbCircle
 10
30.938296401210383
 20
16.181071871539185
 30
0.0
 40
0.125
100
AcDbArc
 50
61.23867291789702
 51
241.23867291789702
  0
ARC
  5
538
330
17
100
AcDbEntity
  8
SLOTS
100
AcDbCircle
 10
34.313957134304765
 20
14.328252670092755
 30
0.0
 40
0.125
100
AcDbArc
 50
241.23867291789702
 51
421.238672917897
  0
LINE
  5
539
330
17
100
AcDbEntity
  8
SLOTS
100
AcDbLine
 10
34.06599824429904
 20
13.466212628370586
 30
0.0
 11
30.647868181549033
 21
15.342342226115754
 31
0.0
  0
LINE
  5
53A
330
17
100
AcDbEntity
  8
SLOTS
100
AcDbLine
 10
30.768158702525877
 20
15.5615001385057
 30
0.0
 11
34.18628876527589
 21
13.685370540760532
 31
0.0
  0
ARC
  5
53B
330
17
100
AcDbEntity
  8
SLOTS
100
AcDbCircle
 10
30.708013442037455
 20
15.451921182310727
 30
0.0
 40
0.125
100
AcDbArc
 50
61.23867291789696
 51
241.23867291789696
  0
ARC
  5
53C
330
17
100
AcDbEntity
  8
SLOTS
100
AcDbCircle
 10
34.126143504787464
 20
13.57579158456556
 30
0.0
 40
0.125
100
AcDbArc
 50
241.23867291789696
 51
421.23867291789696
  0
LINE
  5
53D
330
17
100
AcDbEntity
  8
SLOTS
100
AcDbLine
 10
33.43236175929622
 20
12.958453013873644
 30
0.0
 11
30.417585222376108
 21
14.613191536887296
 31
0.0
  0
LINE
  5
53E
330
17
100
AcDbEntity
  8
SLOTS
100
AcDbLine
 10
30.537875743352952
 20
14.832349449277242
 30
0.0
 11
33.55265228027307
 21
13.17761092626359
 31
0.0
  0
ARC
  5
53F
330
17
100
AcDbEntity
  8
SLOTS
100
AcDbCircle
 10
30.47773048286453
 20
14.722770493082269
 30
0.0
 40
0.125
100
AcDbArc
 50
61.238672917896935
 51
241.23867291789693
  0
ARC
  5
540
330
17
100
AcDbEntity
  8
SLOTS
100
AcDbCircle
 10
33.49250701978465
 20
13.068031970068617
 30
0.0
 40
0.125
100
AcDbArc
 50
241.23867291789693
 51
421.2386729178969
  0
LINE
  5
541
330
17
100
AcDbEntity
  8
SLOTS
100
AcDbLine
 10
32.56127336572085
 20
12.581025056023973
 30
0.0
 11
30.18730226320318
 21
13.884040847658838
 31
0.0
  0
LINE
  5
542
330
17
100
AcDbEntity
  8
SLOTS
100
AcDbLine
 10
30.307592784180024
 20
14.103198760048784
 30
0.0
 11
32.6815638866977
 21
12.80018296841392
 31
0.0
  0
ARC
  5
543
330
17
100
AcDbEntity
  8
SLOTS
100
AcDbCircle
 10
30.2474475236916
 20
13.99361980385381
 30
0.0
 40
0.125
100
AcDbArc
 50
61.23867291789699
 51
241.238672917897
  0
ARC
  5
544
330
17
100
AcDbEntity
  8
SLOTS
100
AcDbCircle
 10
32.62141862620928
 20
12.690604012218946
 30
0.0
 40
0.125
100
AcDbArc
 50
241.238672917897
 51
421.238672917897
  0
LINE
  5
545
330
17
100
AcDbEntity
  8
SLOTS
100
AcDbLine
 10
31.690184972145477
 20
12.203597098174301
 30
0.0
 11
31.327320913131157
 21
12.402764475827276
 31
0.0
  0
LINE
  5
546
330
17
100
AcDbEntity
  8
SLOTS
100
AcDbLine
 10
31.447611434108
 20
12.621922388217222
 30
0.0
 11
31.810475493122322
 21
12.422755010564247
 31
0.0
  0
ARC
  5
547
330
17
100
AcDbEntity
  8
SLOTS
100
AcDbCircle
 10
31.38746617361958
 20
12.512343432022249
 30
0.0
 40
0.125
100
AcDbArc
 50
61.238672917896906
 51
241.2386729178969
  0
ARC
  5
548
330
17
100
AcDbEntity
  8
SLOTS
100
AcDbCircle
 10
31.7503302326339
 20
12.313176054369274
 30
0.0
 40
0.125
100
AcDbArc
 50
241.2386729178969
 51
421.2386729178969
  0
LINE
  5
549
330
17
100
AcDbEntity
  8
SLOTS
100
AcDbLine
 10
30.63004097084892
 20
20.156953320953676
 30
0.0
 11
29.722022204992598
 21
20.83306642409099
 31
0.0
  0
LINE
  5
54A
330
17
100
AcDbEntity
  8
SLOTS
100
AcDbLine
 10
29.871328643480958
 20
21.033584721076384
 30
0.0
 11
30.77934740933728
 21
20.35747161793907
 31
0.0
  0
ARC
  5
54B
330
17
100
AcDbEntity
  8
SLOTS
100
AcDbCircle
 10
29.796675424236778
 20
20.933325572583687
 30
0.0
 40
0.125
100
AcDbArc
 50
53.32853577419539
 51
233.3285357741954
  0
ARC
  5
54C
330
17
100
AcDbEntity
  8
SLOTS
100
AcDbCircle
 10
30.7046941900931
 20
20.257212469446372
 30
0.0
 40
0.125
100
AcDbArc
 50
233.3285357741954
 51
413.3285357741954
  0
LINE
  5
54D
330
17
100
AcDbEntity
  8
SLOTS
100
AcDbLine
 10
31.007667439624587
 20
18.94069492060631
 30
0.0
 11
27.953935547512263
 21
21.21451152370078
 31
0.0
  0
LINE
  5
54E
330
17
100
AcDbEntity
  8
SLOTS
100
AcDbLine
 10
28.103241986000622
 20
21.415029820686172
 30
0.0
 11
31.156973878112947
 21
19.141213217591705
 31
0.0
  0
ARC
  5
54F
330
17
100
AcDbEntity
  8
SLOTS
100
AcDbCircle
 10
28.028588766756442
 20
21.314770672193475
 30
0.0
 40
0.125
100
AcDbArc
 50
53.3285357741953
 51
233.3285357741953
  0
ARC
  5
550
330
17
100
AcDbEntity
  8
SLOTS
100
AcDbCircle
 10
31.082320658868767
 20
19.04095406909901
 30
0.0
 40
0.125
100
AcDbArc
 50
233.3285357741953
 51
413.3285357741953
  0
LINE
  5
551
330
17
100
AcDbEntity
  8
SLOTS
100
AcDbLine
 10
30.867848836281492
 20
18.109727448782206
 30
0.0
 11
27.689697527608498
 21
20.476187068722293
 31
0.0
  0
LINE
  5
552
330
17
100
AcDbEntity
  8
SLOTS
100
AcDbLine
 10
27.839003966096858
 20
20.676705365707686
 30
0.0
 11
31.017155274769852
 21
18.3102457457676
 31
0.0
  0
ARC
  5
553
330
17
100
AcDbEntity
  8
SLOTS
100
AcDbCircle
 10
27.764350746852678
 20
20.57644621721499
 30
0.0
 40
0.125
100
AcDbArc
 50
53.32853577419533
 51
233.32853577419533
  0
ARC
  5
554
330
17
100
AcDbEntity
  8
SLOTS
100
AcDbCircle
 10
30.942502055525672
 20
18.209986597274902
 30
0.0
 40
0.125
100
AcDbArc
 50
233.32853577419533
 51
413.3285357741953
  0
LINE
  5
555
330
17
100
AcDbEntity
  8
SLOTS
100
AcDbLine
 10
30.173391759550835
 20
17.69174520750866
 30
0.0
 11
27.425459507704737
 21
19.737862613743808
 31
0.0
  0
LINE
  5
556
330
17
100
AcDbEntity
  8
SLOTS
100
AcDbLine
 10
27.574765946193097
 20
19.9383809107292
 30
0.0
 11
30.322698198039195
 21
17.892263504494053
 31
0.0
  0
ARC
  5
557
330
17
100
AcDbEntity
  8
SLOTS
100
AcDbCircle
 10
27.500112726948917
 20
19.838121762236504
 30
0.0
 40
0.125
100
AcDbArc
 50
53.32853577419533
 51
233.32853577419533
  0
ARC
  5
558
330
17
100
AcDbEntity
  8
SLOTS
100
AcDbCircle
 10
30.248044978795015
 20
17.792004356001357
 30
0.0
 40
0.125
100
AcDbArc
 50
233.32853577419533
 51
413.3285357741953
  0
LINE
  5
559
330
17
100
AcDbEntity
  8
SLOTS
100
AcDbLine
 10
28.317859462831056
 20
18.138302554491712
 30
0.0
 11
27.161221487800972
 21
18.999538158765326
 31
0.0
  0
LINE
  5
55A
330
17
100
AcDbEntity
  8
SLOTS
100
AcDbLine
 10
27.310527926289332
 20
19.20005645575072
 30
0.0
 11
28.467165901319415
 21
18.338820851477106
 31
0.0
  0
ARC
  5
55B
330
17
100
AcDbEntity
  8
SLOTS
100
AcDbCircle
 10
27.235874707045152
 20
19.099797307258022
 30
0.0
 40
0.125
100
AcDbArc
 50
53.32853577419536
 51
233.32853577419536
  0
ARC
  5
55C
330
17
100
AcDbEntity
  8
SLOTS
100
AcDbCircle
 10
28.392512682075235
 20
18.23856170298441
 30
0.0
 40
0.125
100
AcDbArc
 50
233.32853577419536
 51
413.32853577419536
  0
LINE
  5
55D
330
17
100
AcDbEntity
  8
SLOTS
100
AcDbLine
 10
34.9706689943338
 20
13.271492896183899
 30
0.0
 11
34.925561459168314
 21
13.217853217173982
 31
0.0
  0
LINE
  5
55E
330
17
100
AcDbEntity
  8
SLOTS
100
AcDbLine
 10
34.734223470500716
 20
13.378756213083435
 30
0.0
 11
34.7793310056662
 21
13.432395892093352
 31
0.0
  0
ARC
  5
55F
330
17
100
AcDbEntity
  8
SLOTS
100
AcDbCircle
 10
34.829892464834515
 20
13.298304715128708
 30
0.0
 40
0.125
100
AcDbArc
 50
-220.06168637154147
 51
-40.06168637154147
  0
ARC
  5
560
330
17
100
AcDbEntity
  8
SLOTS
100
AcDbCircle
 10
34.875
 20
13.351944394138625
 30
0.0
 40
0.125
100
AcDbArc
 50
-40.06168637154147
 51
139.93831362845853
  0
LINE
  5
561
330
17
100
AcDbEntity
  8
SLOTS
100
AcDbLine
 10
34.61452774705998
 20
15.983032361359562
 30
0.0
 11
34.80577081095106
 21
16.110240298213572
 31
0.0
  0
LINE
  5
562
330
17
100
AcDbEntity
  8
SLOTS
100
AcDbLine
 10
34.94422918904894
 20
15.902083440208589
 30
0.0
 11
34.75298612515786
 21
15.774875503354579
 31
0.0
  0
ARC
  5
563
330
17
100
AcDbEntity
  8
SLOTS
100
AcDbCircle
 10
34.875
 20
16.00616186921108
 30
0.0
 40
0.125
100
AcDbArc
 50
-56.36959245573595
 51
123.63040754426405
  0
ARC
  5
564
330
17
100
AcDbEntity
  8
SLOTS
100
AcDbCircle
 10
34.68375693610892
 20
15.87895393235707
 30
0.0
 40
0.125
100
AcDbArc
 50
123.63040754426405
 51
303.6304075442641
  0
LINE
  5
565
330
17
100
AcDbEntity
  8
SLOTS
100
AcDbLine
 10
33.97688920541567
 20
16.459661393245025
 30
0.0
 11
34.80577081095107
 21
17.011003317972026
 31
0.0
  0
LINE
  5
566
330
17
100
AcDbEntity
  8
SLOTS
100
AcDbLine
 10
34.94422918904893
 20
16.802846459967043
 30
0.0
 11
34.11534758351353
 21
16.25150453524004
 31
0.0
  0
ARC
  5
567
330
17
100
AcDbEntity
  8
SLOTS
100
AcDbCircle
 10
34.875
 20
16.906924888969534
 30
0.0
 40
0.125
100
AcDbArc
 50
-56.36959245573619
 51
123.63040754426382
  0
ARC
  5
568
330
17
100
AcDbEntity
  8
SLOTS
100
AcDbCircle
 10
34.0461183944646
 20
16.355582964242533
 30
0.0
 40
0.125
100
AcDbArc
 50
123.63040754426382
 51
303.6304075442638
  0
LINE
  5
569
330
17
100
AcDbEntity
  8
SLOTS
100
AcDbLine
 10
33.33925066377134
 20
16.936290425130487
 30
0.0
 11
34.80577081095106
 21
17.911766337730484
 31
0.0
  0
LINE
  5
56A
330
17
100
AcDbEntity
  8
SLOTS
100
AcDbLine
 10
34.94422918904894
 20
17.7036094797255
 30
0.0
 11
33.47770904186922
 21
16.728133567125504
 31
0.0
  0
ARC
  5
56B
330
17
100
AcDbEntity
  8
SLOTS
100
AcDbCircle
 10
34.875
 20
17.807687908727992
 30
0.0
 40
0.125
100
AcDbArc
 50
-56.369592455736125
 51
123.63040754426387
  0
ARC
  5
56C
330
17
100
AcDbEntity
  8
SLOTS
100
AcDbCircle
 10
33.40847985282028
 20
16.832211996127995
 30
0.0
 40
0.125
100
AcDbArc
 50
123.63040754426387
 51
303.6304075442639
  0
LINE
  5
56D
330
17
100
AcDbEntity
  8
SLOTS
100
AcDbLine
 10
32.70161212212702
 20
17.41291945701595
 30
0.0
 11
34.73553218936459
 21
18.76580917868772
 31
0.0
  0
LINE
  5
56E
330
17
100
AcDbEntity
  8
SLOTS
100
AcDbLine
 10
34.87399056746247
 20
18.557652320682738
 30
0.0
 11
32.8400705002249
 21
17.204762599010966
 31
0.0
  0
ARC
  5
56F
330
17
100
AcDbEntity
  8
SLOTS
100
AcDbCircle
 10
34.80476137841353
 20
18.66173074968523
 30
0.0
 40
0.125
100
AcDbArc
 50
-56.36959245573612
 51
123.63040754426387
  0
ARC
  5
570
330
17
100
AcDbEntity
  8
SLOTS
100
AcDbCircle
 10
32.77084131117596
 20
17.308841028013457
 30
0.0
 40
0.125
100
AcDbArc
 50
123.63040754426387
 51
303.6304075442639
  0
LINE
  5
571
330
17
100
AcDbEntity
  8
SLOTS
100
AcDbLine
 10
32.0639735804827
 20
17.88954848890141
 30
0.0
 11
33.70681782339061
 21
18.98230878284768
 31
0.0
  0
LINE
  5
572
330
17
100
AcDbEntity
  8
SLOTS
100
AcDbLine
 10
33.84527620148849
 20
18.7741519248427
 30
0.0
 11
32.20243195858058
 21
17.681391630896428
 31
0.0
  0
ARC
  5
573
330
17
100
AcDbEntity
  8
SLOTS
100
AcDbCircle
 10
33.77604701243955
 20
18.87823035384519
 30
0.0
 40
0.125
100
AcDbArc
 50
-56.369592455736125
 51
123.63040754426387
  0
ARC
  5
574
330
17
100
AcDbEntity
  8
SLOTS
100
AcDbCircle
 10
32.13320276953164
 20
17.78547005989892
 30
0.0
 40
0.125
100
AcDbArc
 50
123.63040754426387
 51
303.6304075442639
  0
LINE
  5
575
330
17
100
AcDbEntity
  8
SLOTS
100
AcDbLine
 10
31.66983683580755
 20
18.52814606794597
 30
0.0
 11
32.64183779260247
 21
19.174685784567668
 31
0.0
  0
LINE
  5
576
330
17
100
AcDbEntity
  8
SLOTS
100
AcDbLine
 10
32.78029617070034
 20
18.966528926562685
 30
0.0
 11
31.808295213905424
 21
18.319989209940985
 31
0.0
  0
ARC
  5
577
330
17
100
AcDbEntity
  8
SLOTS
100
AcDbCircle
 10
32.711066981651406
 20
19.070607355565176
 30
0.0
 40
0.125
100
AcDbArc
 50
-56.3695924557362
 51
123.63040754426379
  0
ARC
  5
578
330
17
100
AcDbEntity
  8
SLOTS
100
AcDbCircle
 10
31.739066024856488
 20
18.424067638943477
 30
0.0
 40
0.125
100
AcDbArc
 50
123.63040754426379
 51
303.6304075442638
  0
LINE
  5
579
330
17
100
AcDbEntity
  8
SLOTS
100
AcDbLine
 10
34.935081616762325
 20
22.42964083268723
 30
0.0
 11
31.427427783585486
 21
20.507023525285906
 31
0.0
  0
LINE
  5
57A
330
17
100
AcDbEntity
  8
SLOTS
100
AcDbLine
 10
31.307264550060836
 20
20.726251254619815
 30
0.0
 11
34.814918383237675
 21
22.64886856202114
 31
0.0
  0
ARC
  5
57B
330
17
100
AcDbEntity
  8
SLOTS
100
AcDbCircle
 10
31.36734616682316
 20
20.61663738995286
 30
0.0
 40
0.125
100
AcDbArc
 50
-241.2719451462583
 51
-61.271945146258304
  0
ARC
  5
57C
330
17
100
AcDbEntity
  8
SLOTS
100
AcDbCircle
 10
34.875
 20
22.539254697354185
 30
0.0
 40
0.125
100
AcDbArc
 50
-61.271945146258304
 51
118.7280548537417
  0
LINE
  5
57D
330
17
100
AcDbEntity
  8
SLOTS
100
AcDbLine
 10
34.935081616762325
 20
21.574365815381285
 30
0.0
 11
31.85845007966891
 21
19.888000705528
 31
0.0
  0
LINE
  5
57E
330
17
100
AcDbEntity
  8
SLOTS
100
AcDbLine
 10
31.73828684614426
 20
20.10722843486191
 30
0.0
 11
34.814918383237675
 21
21.793593544715193
 31
0.0
  0
ARC
  5
57F
330
17
100
AcDbEntity
  8
SLOTS
100
AcDbCircle
 10
31.798368462906584
 20
19.997614570194955
 30
0.0
 40
0.125
100
AcDbArc
 50
-241.27194514625825
 51
-61.27194514625825
  0
ARC
  5
580
330
17
100
AcDbEntity
  8
SLOTS
100
AcDbCircle
 10
34.875
 20
21.68397968004824
 30
0.0
 40
0.125
100
AcDbArc
 50
-61.27194514625825
 51
118.72805485374175
  0
LINE
  5
581
330
17
100
AcDbEntity
  8
SLOTS
100
AcDbLine
 10
34.935081616762325
 20
20.719090798075335
 30
0.0
 11
33.032053749873725
 21
19.676002030666005
 31
0.0
  0
LINE
  5
582
330
17
100
AcDbEntity
  8
SLOTS
100
AcDbLine
 10
32.911890516349075
 20
19.895229759999914
 30
0.0
 11
34.814918383237675
 21
20.938318527409244
 31
0.0
  0
ARC
  5
583
330
17
100
AcDbEntity
  8
SLOTS
100
AcDbCircle
 10
32.9719721331114
 20
19.78561589533296
 30
0.0
 40
0.125
100
AcDbArc
 50
-241.27194514625833
 51
-61.27194514625833
  0
ARC
  5
584
330
17
100
AcDbEntity
  8
SLOTS
100
AcDbCircle
 10
34.875
 20
20.82870466274229
 30
0.0
 40
0.125
100
AcDbArc
 50
-61.27194514625833
 51
118.72805485374167
  0
LINE
  5
585
330
17
100
AcDbEntity
  8
SLOTS
100
AcDbLine
 10
34.84360761122394
 20
19.813676994392587
 30
0.0
 11
34.205657420078545
 21
19.464003355804007
 31
0.0
  0
LINE
  5
586
330
17
100
AcDbEntity
  8
SLOTS
100
AcDbLine
 10
34.085494186553895
 20
19.683231085137916
 30
0.0
 11
34.72344437769929
 21
20.032904723726496
 31
0.0
  0
ARC
  5
587
330
17
100
AcDbEntity
  8
SLOTS
100
AcDbCircle
 10
34.14557580331622
 20
19.57361722047096
 30
0.0
 40
0.125
100
AcDbArc
 50
-241.27194514625808
 51
-61.271945146258076
  0
ARC
  5
588
330
17
100
AcDbEntity
  8
SLOTS
100
AcDbCircle
 10
34.78352599446161
 20
19.92329085905954
 30
0.0
 40
0.125
100
AcDbArc
 50
-61.271945146258076
 51
118.72805485374192
  0
LINE
  5
589
330
17
100
AcDbEntity
  8
SLOTS
100
AcDbLine
 10
6.178329515231122
 20
29.7781316705861
 30
0.0
 11
6.092920308970972
 21
29.70847410474061
 31
0.0
  0
LINE
  5
58A
330
17
100
AcDbEntity
  8
SLOTS
100
AcDbLine
 10
5.934913641307102
 20
29.902210763568412
 30
0.0
 11
6.020322847567253
 21
29.9718683294139
 31
0.0
  0
ARC
  5
58B
330
17
100
AcDbEntity
  8
SLOTS
100
AcDbCircle
 10
6.013916975139037
 20
29.80534243415451
 30
0.0
 40
0.125
100
AcDbArc
 50
-230.80019459822216
 51
-50.80019459822216
  0
ARC
  5
58C
330
17
100
AcDbEntity
  8
SLOTS
100
AcDbCircle
 10
6.099326181399188
 20
29.875
 30
0.0
 40
0.125
100
AcDbArc
 50
-50.80019459822216
 51
129.19980540177784
  0
LINE
  5
58D
330
17
100
AcDbEntity
  8
SLOTS
100
AcDbLine
 10
10.734989029756967
 20
21.58299804510144
 30
0.0
 11
12.786954461127019
 21
21.03307295482395
 31
0.0
  0
LINE
  5
58E
330
17
100
AcDbEntity
  8
SLOTS
100
AcDbLine
 10
12.722238433506602
 20
20.79159451734136
 30
0.0
 11
10.67027300213655
 21
21.34151960761885
 31
0.0
  0
ARC
  5
58F
330
17
100
AcDbEntity
  8
SLOTS
100
AcDbCircle
 10
12.75459644731681
 20
20.912333736082655
 30
0.0
 40
0.125
100
AcDbArc
 50
-105.002673157811
 51
74.997326842189
  0
ARC
  5
590
330
17
100
AcDbEntity
  8
SLOTS
100
AcDbCircle
 10
10.702631015946759
 20
21.462258826360145
 30
0.0
 40
0.125
100
AcDbArc
 50
74.997326842189
 51
254.99732684218898
  0
LINE
  5
591
330
17
100
AcDbEntity
  8
SLOTS
100
AcDbLine
 10
9.611934981167083
 20
22.660442472604494
 30
0.0
 11
12.250611111632065
 21
21.95327938541244
 31
0.0
  0
LINE
  5
592
330
17
100
AcDbEntity
  8
SLOTS
100
AcDbLine
 10
12.185895084011648
 20
21.71180094792985
 30
0.0
 11
9.547218953546666
 21
22.418964035121903
 31
0.0
  0
ARC
  5
593
330
17
100
AcDbEntity
  8
SLOTS
100
AcDbCircle
 10
12.218253097821856
 20
21.832540166671144
 30
0.0
 40
0.125
100
AcDbArc
 50
-105.00267315781107
 51
74.99732684218893
  0
ARC
  5
594
330
17
100
AcDbEntity
  8
SLOTS
100
AcDbCircle
 10
9.579576967356875
 20
22.5397032538632
 30
0.0
 40
0.125
100
AcDbArc
 50
74.99732684218893
 51
254.99732684218893
  0
LINE
  5
595
330
17
100
AcDbEntity
  8
SLOTS
100
AcDbLine
 10
10.293504244439116
 20
23.254249299531633
 30
0.0
 11
11.714267762137112
 21
22.873485816000933
 31
0.0
  0
LINE
  5
596
330
17
100
AcDbEntity
  8
SLOTS
100
AcDbLine
 10
11.649551734516695
 20
22.63200737851834
 30
0.0
 11
10.2287882168187
 21
23.01277086204904
 31
0.0
  0
ARC
  5
597
330
17
100
AcDbEntity
  8
SLOTS
100
AcDbCircle
 10
11.681909748326904
 20
22.752746597259637
 30
0.0
 40
0.125
100
AcDbArc
 50
-105.00267315781103
 51
74.99732684218897
  0
ARC
  5
598
330
17
100
AcDbEntity
  8
SLOTS
100
AcDbCircle
 10
10.261146230628908
 20
23.133510080790337
 30
0.0
 40
0.125
100
AcDbArc
 50
74.99732684218897
 51
254.99732684218898
  0
LINE
  5
599
330
17
100
AcDbEntity
  8
SLOTS
100
AcDbLine
 10
10.975073507711146
 20
23.848056126458772
 30
0.0
 11
11.177924412642156
 21
23.793692246589426
 31
0.0
  0
LINE
  5
59A
330
17
100
AcDbEntity
  8
SLOTS
100
AcDbLine
 10
11.113208385021743
 20
23.552213809106835
 30
0.0
 11
10.910357480090733
 21
23.60657768897618
 31
0.0
  0
ARC
  5
59B
330
17
100
AcDbEntity
  8
SLOTS
100
AcDbCircle
 10
11.14556639883195
 20
23.67295302784813
 30
0.0
 40
0.125
100
AcDbArc
 50
-105.00267315781043
 51
74.99732684218957
  0
ARC
  5
59C
330
17
100
AcDbEntity
  8
SLOTS
100
AcDbCircle
 10
10.94271549390094
 20
23.727316907717476
 30
0.0
 40
0.125
100
AcDbArc
 50
74.99732684218957
 51
254.99732684218958
  0
LINE
  5
59D
330
17
100
AcDbEntity
  8
SLOTS
100
AcDbLine
 10
30.479346290615833
 20
21.5006462871024
 30
0.0
 11
31.48685229024347
 21
21.85746944252865
 31
0.0
  0
LINE
  5
59E
330
17
100
AcDbEntity
  8
SLOTS
100
AcDbLine
 10
31.57031368381066
 20
21.62181249740752
 30
0.0
 11
30.562807684183024
 21
21.26498934198127
 31
0.0
  0
ARC
  5
59F
330
17
100
AcDbEntity
  8
SLOTS
100
AcDbCircle
 10
31.528582987027065
 20
21.739640969968086
 30
0.0
 40
0.125
100
AcDbArc
 50
-70.49764679969839
 51
109.50235320030161
  0
ARC
  5
5A0
330
17
100
AcDbEntity
  8
SLOTS
100
AcDbCircle
 10
30.52107698739943
 20
21.382817814541834
 30
0.0
 40
0.125
100
AcDbArc
 50
109.50235320030161
 51
289.5023532003016
  0
LINE
  5
5A1
330
17
100
AcDbEntity
  8
SLOTS
100
AcDbLine
 10
30.674947052951605
 20
22.365569288215664
 30
0.0
 11
34.02009138102431
 21
23.550301642107637
 31
0.0
  0
LINE
  5
5A2
330
17
100
AcDbEntity
  8
SLOTS
100
AcDbLine
 10
34.1035527745915
 20
23.31464469698651
 30
0.0
 11
30.758408446518803
 21
22.129912343094535
 31
0.0
  0
ARC
  5
5A3
330
17
100
AcDbEntity
  8
SLOTS
100
AcDbCircle
 10
34.0618220778079
 20
23.432473169547073
 30
0.0
 40
0.125
100
AcDbArc
 50
-70.4976467996983
 51
109.5023532003017
  0
ARC
  5
5A4
330
17
100
AcDbEntity
  8
SLOTS
100
AcDbCircle
 10
30.716677749735204
 20
22.2477408156551
 30
0.0
 40
0.125
100
AcDbArc
 50
109.5023532003017
 51
289.5023532003017
  0
LINE
  5
5A5
330
17
100
AcDbEntity
  8
SLOTS
100
AcDbLine
 10
31.85698496932561
 20
23.579853601384347
 30
0.0
 11
32.876949984034766
 21
23.941089301327985
 31
0.0
  0
LINE
  5
5A6
330
17
100
AcDbEntity
  8
SLOTS
100
AcDbLine
 10
32.96041137760196
 20
23.705432356206856
 30
0.0
 11
31.9404463628928
 21
23.344196656263218
 31
0.0
  0
ARC
  5
5A7
330
17
100
AcDbEntity
  8
SLOTS
100
AcDbCircle
 10
32.91868068081836
 20
23.82326082876742
 30
0.0
 40
0.125
100
AcDbArc
 50
-70.49764679969846
 51
109.50235320030154
  0
ARC
  5
5A8
330
17
100
AcDbEntity
  8
SLOTS
100
AcDbCircle
 10
31.898715666109204
 20
23.462025128823782
 30
0.0
 40
0.125
100
AcDbArc
 50
109.50235320030154
 51
289.50235320030157
  0
LINE
  5
5A9
330
17
100
AcDbEntity
  8
SLOTS
100
AcDbLine
 10
9.032052733739425
 20
29.406402248204643
 30
0.0
 11
5.59229407772266
 21
28.166530320318632
 31
0.0
  0
LINE
  5
5AA
330
17
100
AcDbEntity
  8
SLOTS
100
AcDbLine
 10
5.507519864422135
 20
28.401718187266052
 30
0.0
 11
8.947278520438898
 21
29.641590115152063
 31
0.0
  0
ARC
  5
5AB
330
17
100
AcDbEntity
  8
SLOTS
100
AcDbCircle
 10
5.549906971072398
 20
28.284124253792342
 30
0.0
 40
0.125
100
AcDbArc
 50
-250.17814095347387
 51
-70.17814095347387
  0
ARC
  5
5AC
330
17
100
AcDbEntity
  8
SLOTS
100
AcDbCircle
 10
8.989665627089162
 20
29.523996181678353
 30
0.0
 40
0.125
100
AcDbArc
 50
-70.17814095347387
 51
109.82185904652613
  0
LINE
  5
5AD
330
17
100
AcDbEntity
  8
SLOTS
100
AcDbLine
 10
4.1659428062079575
 20
29.718943828962665
 30
0.0
 11
4.0081974113966625
 21
29.59437700917769
 31
0.0
  0
LINE
  5
5AE
330
17
100
AcDbEntity
  8
SLOTS
100
AcDbLine
 10
3.8532626013799587
 20
29.790578957804833
 30
0.0
 11
4.011007996191254
 21
29.915145777589807
 31
0.0
  0
ARC
  5
5AF
330
17
100
AcDbEntity
  8
SLOTS
100
AcDbCircle
 10
3.9307300063883104
 20
29.692477983491262
 30
0.0
 40
0.125
100
AcDbArc
 50
-231.70290509823286
 51
-51.70290509823286
  0
ARC
  5
5B0
330
17
100
AcDbEntity
  8
SLOTS
100
AcDbCircle
 10
4.088475401199606
 20
29.817044803276236
 30
0.0
 40
0.125
100
AcDbArc
 50
-51.70290509823286
 51
128.29709490176714
  0
LINE
  5
5B1
330
17
100
AcDbEntity
  8
SLOTS
100
AcDbLine
 10
4.949409306622957
 20
29.38197588819368
 30
0.0
 11
4.549301412161962
 21
29.066022652008943
 31
0.0
  0
LINE
  5
5B2
330
17
100
AcDbEntity
  8
SLOTS
100
AcDbLine
 10
4.394366602145259
 20
29.262224600636085
 30
0.0
 11
4.794474496606254
 21
29.57817783682082
 31
0.0
  0
ARC
  5
5B3
330
17
100
AcDbEntity
  8
SLOTS
100
AcDbCircle
 10
4.4718340071536105
 20
29.164123626322514
 30
0.0
 40
0.125
100
AcDbArc
 50
-231.70290509823312
 51
-51.70290509823312
  0
ARC
  5
5B4
330
17
100
AcDbEntity
  8
SLOTS
100
AcDbCircle
 10
4.871941901614606
 20
29.48007686250725
 30
0.0
 40
0.125
100
AcDbArc
 50
-51.70290509823312
 51
128.29709490176688
  0
ENDSEC
  0
SECTION
  2
OBJECTS
  0
DICTIONARY
  5
A
330
0
100
AcDbDictionary
281
1
  3
ACAD_COLOR
350
B
  3
ACAD_GROUP
350
C
  3
ACAD_LAYOUT
350
D
  3
ACAD_MATERIAL
350
E
  3
ACAD_MLEADERSTYLE
350
F
  3
ACAD_MLINESTYLE
350
10
  3
ACAD_PLOTSETTINGS
350
11
  3
ACAD_PLOTSTYLENAME
350
12
  3
ACAD_SCALELIST
350
14
  3
ACAD_TABLESTYLE
350
15
  3
ACAD_VISUALSTYLE
350
16
  3
EZDXF_META
350
2D
  0
DICTIONARY
  5
B
330
A
100
AcDbDictionary
281
1
  0
DICTIONARY
  5
C
330
A
100
AcDbDictionary
281
1
  0
DICTIONARY
  5
D
330
A
100
AcDbDictionary
281
1
  3
Model
350
1A
  3
Layout1
350
1E
  0
DICTIONARY
  5
E
330
A
100
AcDbDictionary
281
1
  3
ByBlock
350
1F
  3
ByLayer
350
20
  3
Global
350
21
  0
DICTIONARY
  5
F
330
A
100
AcDbDictionary
281
1
  3
Standard
350
2C
  0
DICTIONARY
  5
10
330
A
100
AcDbDictionary
281
1
  3
Standard
350
22
  0
DICTIONARY
  5
11
330
A
100
AcDbDictionary
281
1
  0
ACDBDICTIONARYWDFLT
  5
12
330
A
100
AcDbDictionary
281
1
  3
Normal
350
13
100
AcDbDictionaryWithDefault
340
13
  0
ACDBPLACEHOLDER
  5
13
330
12
  0
DICTIONARY
  5
14
330
A
100
AcDbDictionary
281
1
  0
DICTIONARY
  5
15
330
A
100
AcDbDictionary
281
1
  0
DICTIONARY
  5
16
330
A
100
AcDbDictionary
281
1
  3
2dWireframe
350
5A
  3
Basic
350
5B
  3
Brighten
350
5C
  3
ColorChange
350
5D
  3
Conceptual
350
5E
  3
Dim
350
5F
  3
EdgeColorOff
350
60
  3
Facepattern
350
61
  3
Flat
350
62
  3
FlatWithEdges
350
63
  3
Gouraud
350
64
  3
GouraudWithEdges
350
65
  3
Hidden
350
66
  3
JitterOff
350
67
  3
Linepattern
350
68
  3
Modeling
350
69
  3
OverhangOff
350
6A
  3
Realistic
350
6B
  3
Shaded
350
6C
  3
Shaded with edges
350
6D
  3
Shades of Gray
350
6E
  3
Sketchy
350
6F
  3
Thicken
350
70
  3
Wireframe
350
71
  3
X-Ray
350
72
  0
LAYOUT
  5
1A
330
D
100
AcDbPlotSettings
  1

  4
A3
  6

 40
7.5
 41
20.0
 42
7.5
 43
20.0
 44
420.0
 45
297.0
 46
0.0
 47
0.0
 48
0.0
 49
0.0
140
0.0
141
0.0
142
1.0
143
1.0
 70
1024
 72
1
 73
0
 74
5
  7

 75
16
 76
0
 77
2
 78
300
147
1.0
148
0.0
149
0.0
100
AcDbLayout
  1
Model
 70
1
 71
0
 10
0.0
 20
0.0
 11
420.0
 21
297.0
 12
0.0
 22
0.0
 32
0.0
 14
1e+20
 24
1e+20
 34
1e+20
 15
-1e+20
 25
-1e+20
 35
-1e+20
146
0.0
 13
0.0
 23
0.0
 33
0.0
 16
1.0
 26
0.0
 36
0.0
 17
0.0
 27
1.0
 37
0.0
 76
1
330
17
  0
LAYOUT
  5
1E
330
D
100
AcDbPlotSettings
  1

  4
A3
  6

 40
7.5
 41
20.0
 42
7.5
 43
20.0
 44
420.0
 45
297.0
 46
0.0
 47
0.0
 48
0.0
 49
0.0
140
0.0
141
0.0
142
1.0
143
1.0
 70
0
 72
1
 73
0
 74
5
  7

 75
16
 76
0
 77
2
 78
300
147
1.0
148
0.0
149
0.0
100
AcDbLayout
  1
Layout1
 70
1
 71
1
 10
0.0
 20
0.0
 11
420.0
 21
297.0
 12
0.0
 22
0.0
 32
0.0
 14
1e+20
 24
1e+20
 34
1e+20
 15
-1e+20
 25
-1e+20
 35
-1e+20
146
0.0
 13
0.0
 23
0.0
 33
0.0
 16
1.0
 26
0.0
 36
0.0
 17
0.0
 27
1.0
 37
0.0
 76
1
330
1B
  0
MATERIAL
  5
1F
102
{ACAD_REACTORS
330
E
102
}
330
E
100
AcDbMaterial
  1
ByBlock
  2

 70
0
 40
1.0
 71
1
 41
1.0
 91
-1023410177
 42
1.0
 72
1
  3

 73
1
 74
1
 75
1
 44
0.5
 73
0
 45
1.0
 46
1.0
 77
1
  4

 78
1
 79
1
170
1
 48
1.0
171
1
  6

172
1
173
1
174
1
140
1.0
141
1.0
175
1
  7

176
1
177
1
178
1
143
1.0
179
1
  8

270
1
271
1
272
1
145
1.0
146
1.0
273
1
  9

274
1
275
1
276
1
 42
1.0
 72
1
  3

 73
1
 74
1
 75
1
 94
63
  0
MATERIAL
  5
20
102
{ACAD_REACTORS
330
E
102
}
330
E
100
AcDbMaterial
  1
ByLayer
  2

 70
0
 40
1.0
 71
1
 41
1.0
 91
-1023410177
 42
1.0
 72
1
  3

 73
1
 74
1
 75
1
 44
0.5
 73
0
 45
1.0
 46
1.0
 77
1
  4

 78
1
 79
1
170
1
 48
1.0
171
1
  6

172
1
173
1
174
1
140
1.0
141
1.0
175
1
  7

176
1
177
1
178
1
143
1.0
179
1
  8

270
1
271
1
272
1
145
1.0
146
1.0
273
1
  9

274
1
275
1
276
1
 42
1.0
 72
1
  3

 73
1
 74
1
 75
1
 94
63
  0
MATERIAL
  5
21
102
{ACAD_REACTORS
330
E
102
}
330
E
100
AcDbMaterial
  1
Global
  2

 70
0
 40
1.0
 71
1
 41
1.0
 91
-1023410177
 42
1.0
 72
1
  3

 73
1
 74
1
 75
1
 44
0.5
 73
0
 45
1.0
 46
1.0
 77
1
  4

 78
1
 79
1
170
1
 48
1.0
171
1
  6

172
1
173
1
174
1
140
1.0
141
1.0
175
1
  7

176
1
177
1
178
1
143
1.0
179
1
  8

270
1
271
1
272
1
145
1.0
146
1.0
273
1
  9

274
1
275
1
276
1
 42
1.0
 72
1
  3

 73
1
 74
1
 75
1
 94
63
  0
MLINESTYLE
  5
22
102
{ACAD_REACTORS
330
10
102
}
330
10
100
AcDbMlineStyle
  2
Standard
 70
0
  3

 62
256
 51
90.0
 52
90.0
 71
2
 49
0.5
 62
256
  6
BYLAYER
 49
-0.5
 62
256
  6
BYLAYER
  0
MLEADERSTYLE
  5
2C
102
{ACAD_REACTORS
330
F
102
}
330
F
100
AcDbMLeaderStyle
179
2
170
2
171
1
172
0
 90
2
 40
0.0
 41
0.0
173
1
 91
-1056964608
 92
-2
290
1
 42
2.0
291
1
 43
8.0
  3
Standard
 44
4.0
300

342
29
174
1
175
1
176
0
178
1
 93
-1056964608
 45
4.0
292
0
297
0
 46
4.0
 94
-1056964608
 47
1.0
 49
1.0
140
1.0
294
1
141
0.0
177
0
142
1.0
295
0
296
0
143
3.75
271
0
272
9
273
9
  0
DICTIONARY
  5
2D
330
A
100
AcDbDictionary
280
1
281
1
  3
CREATED_BY_EZDXF
350
2E
  3
WRITTEN_BY_EZDXF
350
5B7
  0
DICTIONARYVAR
  5
2E
330
2D
100
DictionaryVariables
280
0
  1
1.4.4 @ 2026-09-19T23:28:56.913929+00:00
  0
VISUALSTYLE
  5
5A
102
{ACAD_REACTORS
330
16
102
}
330
16
100
AcDbVisualStyle
  2
2dWireframe
 70
4
 90
0
 40
0.6
 62
7
290
0
291
0
  0
VISUALSTYLE
  5
5B
102
{ACAD_REACTORS
330
16
102
}
330
16
100
AcDbVisualStyle
  2
Basic
 70
7
 90
1
 40
0.6
 62
7
290
0
291
1
  0
VISUALSTYLE
  5
5C
102
{ACAD_REACTORS
330
16
102
}
330
16
100
AcDbVisualStyle
  2
Brighten
 70
12
 90
2
 40
0.6
 62
7
290
0
291
1
  0
VISUALSTYLE
  5
5D
102
{ACAD_REACTORS
330
16
102
}
330
16
100
AcDbVisualStyle
  2
ColorChange
 70
16
 90
2
 40
0.6
 62
8
290
0
291
1
  0
VISUALSTYLE
  5
5E
102
{ACAD_REACTORS
330
16
102
}
330
16
100
AcDbVisualStyle
  2
Conceptual
 70
9
 90
3
 40
0.6
 62
7
290
0
291
0
  0
VISUALSTYLE
  5
5F
102
{ACAD_REACTORS
330
16
102
}
330
16
100
AcDbVisualStyle
  2
Dim
 70
11
 90
2
 40
0.6
 62
7
290
0
291
1
  0
VISUALSTYLE
  5
60
102
{ACAD_REACTORS
330
16
102
}
330
16
100
AcDbVisualStyle
  2
EdgeColorOff
 70
22
 90
2
 40
0.6
 62
7
290
0
291
1
  0
VISUALSTYLE
  5
61
102
{ACAD_REACTORS
330
16
102
}
330
16
100
AcDbVisualStyle
  2
Facepattern
 70
15
 90
2
 40
0.6
 62
7
290
0
291
1
  0
VISUALSTYLE
  5
62
102
{ACAD_REACTORS
330
16
102
}
330
16
100
AcDbVisualStyle
  2
Flat
 70
0
 90
2
 40
0.6
 62
7
290
0
291
1
  0
VISUALSTYLE
  5
63
102
{ACAD_REACTORS
330
16
102
}
330
16
100
AcDbVisualStyle
  2
FlatWithEdges
 70
1
 90
2
 40
0.6
 62
7
290
0
291
1
  0
VISUALSTYLE
  5
64
102
{ACAD_REACTORS
330
16
102
}
330
16
100
AcDbVisualStyle
  2
Gouraud
 70
2
 90
2
 40
0.6
 62
7
290
0
291
1
  0
VISUALSTYLE
  5
65
102
{ACAD_REACTORS
330
16
102
}
330
16
100
AcDbVisualStyle
  2
GouraudWithEdges
 70
3
 90
2
 40
0.6
 62
7
290
0
291
1
  0
VISUALSTYLE
  5
66
102
{ACAD_REACTORS
330
16
102
}
330
16
100
AcDbVisualStyle
  2
Hidden
 70
6
 90
1
 40
0.6
 62
7
290
0
291
0
  0
VISUALSTYLE
  5
67
102
{ACAD_REACTORS
330
16
102
}
330
16
100
AcDbVisualStyle
  2
JitterOff
 70
20
 90
2
 40
0.6
 62
7
290
0
291
1
  0
VISUALSTYLE
  5
68
102
{ACAD_REACTORS
330
16
102
}
330
16
100
AcDbVisualStyle
  2
Linepattern
 70
14
 90
2
 40
0.6
 62
7
290
0
291
1
  0
VISUALSTYLE
  5
69
102
{ACAD_REACTORS
330
16
102
}
330
16
100
AcDbVisualStyle
  2
Modeling
 70
10
 90
2
 40
0.6
 62
7
290
0
291
0
  0
VISUALSTYLE
  5
6A
102
{ACAD_REACTORS
330
16
102
}
330
16
100
AcDbVisualStyle
  2
OverhangOff
 70
21
 90
2
 40
0.6
 62
7
290
0
291
1
  0
VISUALSTYLE
  5
6B
102
{ACAD_REACTORS
330
16
102
}
330
16
100
AcDbVisualStyle
  2
Realistic
 70
8
 90
2
 40
0.6
 62
7
290
0
291
0
  0
VISUALSTYLE
  5
6C
102
{ACAD_REACTORS
330
16
102
}
330
16
100
AcDbVisualStyle
  2
Shaded
 70
27
 90
2
 40
0.6
 62
7
290
0
291
0
  0
VISUALSTYLE
  5
6D
102
{ACAD_REACTORS
330
16
102
}
330
16
100
AcDbVisualStyle
  2
Shaded with edges
 70
26
 90
2
 40
0.6
 62
7
290
0
291
0
  0
VISUALSTYLE
  5
6E
102
{ACAD_REACTORS
330
16
102
}
330
16
100
AcDbVisualStyle
  2
Shades of Gray
 70
23
 90
2
 40
0.6
 62
7
290
0
291
0
  0
VISUALSTYLE
  5
6F
102
{ACAD_REACTORS
330
16
102
}
330
16
100
AcDbVisualStyle
  2
Sketchy
 70
24
 90
1
 40
0.6
 62
7
290
0
291
0
  0
VISUALSTYLE
  5
70
102
{ACAD_REACTORS
330
16
102
}
330
16
100
AcDbVisualStyle
  2
Thicken
 70
13
 90
2
 40
0.6
 62
7
290
0
291
1
  0
VISUALSTYLE
  5
71
102
{ACAD_REACTORS
330
16
102
}
330
16
100
AcDbVisualStyle
  2
Wireframe
 70
5
 90
0
 40
0.6
 62
7
290
0
291
0
  0
VISUALSTYLE
  5
72
102
{ACAD_REACTORS
330
16
102
}
330
16
100
AcDbVisualStyle
  2
X-Ray
 70
25
 90
2
 40
0.5
 62
7
290
0
291
0
  0
DICTIONARYVAR
  5
5B7
330
2D
100
DictionaryVariables
280
0
  1
1.4.4 @ 2026-09-19T23:28:56.962128+00:00
  0
ENDSEC
  0
EOF
