  0
SECTION
  2
HEADER
  9
$ACADVER
  1
AC1024
  9
$ACADMAINTVER
 70
6
  9
$DWGCODEPAGE
  3
ANSI_1252
  9
$LASTSAVEDBY
  1
ezdxf
  9
$INSBASE
 10
0.0
 20
0.0
 30
0.0
  9
$EXTMIN
 10
1e+20
 20
1e+20
 30
1e+20
  9
$EXTMAX
 10
-1e+20
 20
-1e+20
 30
-1e+20
  9
$LIMMIN
 10
0.0
 20
0.0
  9
$LIMMAX
 10
420.0
 20
297.0
  9
$ORTHOMODE
 70
0
  9
$REGENMODE
 70
1
  9
$FILLMODE
 70
1
  9
$QTEXTMODE
 70
0
  9
$MIRRTEXT
 70
1
  9
$LTSCALE
 40
1.0
  9
$ATTMODE
 70
1
  9
$TEXTSIZE
 40
2.5
  9
$TRACEWID
 40
1.0
  9
$TEXTSTYLE
  7
OpenSans
  9
$CLAYER
  8
0
  9
$CELTYPE
  6
ByLayer
  9
$CECOLOR
 62
256
  9
$CELTSCALE
 40
1.0
  9
$DISPSILH
 70
0
  9
$DIMSCALE
 40
1.0
  9
$DIMASZ
 40
0.175
  9
$DIMEXO
 40
0.125
  9
$DIMDLI
 40
3.75
  9
$DIMRND
 40
0.0
  9
$DIMDLE
 40
0.0
  9
$DIMEXE
 40
0.375
  9
$DIMTP
 40
0.0
  9
$DIMTM
 40
0.0
  9
$DIMTXT
 40
0.25
  9
$DIMCEN
 40
2.5
  9
$DIMTSZ
 40
0.0
  9
$DIMTOL
 70
0
  9
$DIMLIM
 70
0
  9
$DIMTIH
 70
0
  9
$DIMTOH
 70
0
  9
$DIMSE1
 70
0
  9
$DIMSE2
 70
0
  9
$DIMTAD
 70
1
  9
$DIMZIN
 70
12
  9
$DIMBLK
  1
ARCHTICK
  9
$DIMASO
 70
1
  9
$DIMSHO
 70
1
  9
$DIMPOST
  1

  9
$DIMAPOST
  1

  9
$DIMALT
 70
0
  9
$DIMALTD
 70
3
  9
$DIMALTF
 40
0.03937007874
  9
$DIMLFAC
 40
100.0
  9
$DIMTOFL
 70
1
  9
$DIMTVP
 40
0.0
  9
$DIMTIX
 70
0
  9
$DIMSOXD
 70
0
  9
$DIMSAH
 70
0
  9
$DIMBLK1
  1

  9
$DIMBLK2
  1

  9
$DIMSTYLE
  2
EZDXF
  9
$DIMCLRD
 70
0
  9
$DIMCLRE
 70
0
  9
$DIMCLRT
 70
0
  9
$DIMTFAC
 40
0.5
  9
$DIMGAP
 40
0.1
  9
$DIMJUST
 70
0
  9
$DIMSD1
 70
0
  9
$DIMSD2
 70
0
  9
$DIMTOLJ
 70
0
  9
$DIMTZIN
 70
8
  9
$DIMALTZ
 70
0
  9
$DIMALTTZ
 70
0
  9
$DIMUPT
 70
1
  9
$DIMDEC
 70
2
  9
$DIMTDEC
 70
2
  9
$DIMALTU
 70
2
  9
$DIMALTTD
 70
3
  9
$DIMTXSTY
  7
OpenSansCondensed-Light
  9
$DIMAUNIT
 70
0
  9
$DIMADEC
 70
2
  9
$DIMALTRND
 40
0.0
  9
$DIMAZIN
 70
3
  9
$DIMDSEP
 70
46
  9
$DIMATFIT
 70
3
  9
$DIMFRAC
 70
0
  9
$DIMLDRBLK
  1

  9
$DIMLUNIT
 70
2
  9
$DIMLWD
 70
-2
  9
$DIMLWE
 70
-2
  9
$DIMTMOVE
 70
2
  9
$DIMFXL
 40
1.0
  9
$DIMFXLON
 70
0
  9
$DIMJOGANG
 40
0.785398163397
  9
$DIMTFILL
 70
0
  9
$DIMTFILLCLR
 70
0
  9
$DIMARCSYM
 70
0
  9
$DIMLTYPE
  6

  9
$DIMLTEX1
  6

  9
$DIMLTEX2
  6

  9
$DIMTXTDIRECTION
 70
0
  9
$LUNITS
 70
2
  9
$LUPREC
 70
4
  9
$SKETCHINC
 40
1.0
  9
$FILLETRAD
 40
10.0
  9
$AUNITS
 70
0
  9
$AUPREC
 70
2
  9
$MENU
  1
.
  9
$ELEVATION
 40
0.0
  9
$PELEVATION
 40
0.0
  9
$THICKNESS
 40
0.0
  9
$LIMCHECK
 70
0
  9
$CHAMFERA
 40
0.0
  9
$CHAMFERB
 40
0.0
  9
$CHAMFERC
 40
0.0
  9
$CHAMFERD
 40
0.0
  9
$SKPOLY
 70
0
  9
$TDCREATE
 40
2461303.686898148
  9
$TDUCREATE
 40
2458532.153996898
  9
$TDUPDATE
 40
2461303.686898148
  9
$TDUUPDATE
 40
2458532.1544311
  9
$TDINDWG
 40
0.0
  9
$TDUSRTIMER
 40
0.0
  9
$USRTIMER
 70
1
  9
$ANGBASE
 50
0.0
  9
$ANGDIR
 70
0
  9
$PDMODE
 70
0
  9
$PDSIZE
 40
0.0
  9
$PLINEWID
 40
0.0
  9
$SPLFRAME
 70
0
  9
$SPLINETYPE
 70
6
  9
$SPLINESEGS
 70
8
  9
$HANDSEED
  5
598
  9
$SURFTAB1
 70
6
  9
$SURFTAB2
 70
6
  9
$SURFTYPE
 70
6
  9
$SURFU
 70
6
  9
$SURFV
 70
6
  9
$UCSBASE
  2

  9
$UCSNAME
  2

  9
$UCSORG
 10
0.0
 20
0.0
 30
0.0
  9
$UCSXDIR
 10
1.0
 20
0.0
 30
0.0
  9
$UCSYDIR
 10
0.0
 20
1.0
 30
0.0
  9
$UCSORTHOREF
  2

  9
$UCSORTHOVIEW
 70
0
  9
$UCSORGTOP
 10
0.0
 20
0.0
 30
0.0
  9
$UCSORGBOTTOM
 10
0.0
 20
0.0
 30
0.0
  9
$UCSORGLEFT
 10
0.0
 20
0.0
 30
0.0
  9
$UCSORGRIGHT
 10
0.0
 20
0.0
 30
0.0
  9
$UCSORGFRONT
 10
0.0
 20
0.0
 30
0.0
  9
$UCSORGBACK
 10
0.0
 20
0.0
 30
0.0
  9
$PUCSBASE
  2

  9
$PUCSNAME
  2

  9
$PUCSORG
 10
0.0
 20
0.0
 30
0.0
  9
$PUCSXDIR
 10
1.0
 20
0.0
 30
0.0
  9
$PUCSYDIR
 10
0.0
 20
1.0
 30
0.0
  9
$PUCSORTHOREF
  2

  9
$PUCSORTHOVIEW
 70
0
  9
$PUCSORGTOP
 10
0.0
 20
0.0
 30
0.0
  9
$PUCSORGBOTTOM
 10
0.0
 20
0.0
 30
0.0
  9
$PUCSORGLEFT
 10
0.0
 20
0.0
 30
0.0
  9
$PUCSORGRIGHT
 10
0.0
 20
0.0
 30
0.0
  9
$PUCSORGFRONT
 10
0.0
 20
0.0
 30
0.0
  9
$PUCSORGBACK
 10
0.0
 20
0.0
 30
0.0
  9
$USERI1
 70
0
  9
$USERI2
 70
0
  9
$USERI3
 70
0
  9
$USERI4
 70
0
  9
$USERI5
 70
0
  9
$USERR1
 40
0.0
  9
$USERR2
 40
0.0
  9
$USERR3
 40
0.0
  9
$USERR4
 40
0.0
  9
$USERR5
 40
0.0
  9
$WORLDVIEW
 70
1
  9
$SHADEDGE
 70
3
  9
$SHADEDIF
 70
70
  9
$TILEMODE
 70
1
  9
$MAXACTVP
 70
64
  9
$PINSBASE
 10
0.0
 20
0.0
 30
0.0
  9
$PLIMCHECK
 70
0
  9
$PEXTMIN
 10
1e+20
 20
1e+20
 30
1e+20
  9
$PEXTMAX
 10
-1e+20
 20
-1e+20
 30
-1e+20
  9
$PLIMMIN
 10
0.0
 20
0.0
  9
$PLIMMAX
 10
420.0
 20
297.0
  9
$UNITMODE
 70
0
  9
$VISRETAIN
 70
1
  9
$PLINEGEN
 70
0
  9
$PSLTSCALE
 70
1
  9
$TREEDEPTH
 70
3020
  9
$CMLSTYLE
  2
Standard
  9
$CMLJUST
 70
0
  9
$CMLSCALE
 40
20.0
  9
$PROXYGRAPHICS
 70
1
  9
$MEASUREMENT
 70
1
  9
$CELWEIGHT
370
-1
  9
$ENDCAPS
280
0
  9
$JOINSTYLE
280
0
  9
$LWDISPLAY
290
0
  9
$INSUNITS
 70
1
  9
$HYPERLINKBASE
  1

  9
$STYLESHEET
  1

  9
$XEDIT
290
1
  9
$CEPSNTYPE
380
0
  9
$PSTYLEMODE
290
1
  9
$FINGERPRINTGUID
  2
{50BC309C-1398-45E5-A142-FB1C1626945C}
  9
$VERSIONGUID
  2
{4B58C7F1-A654-40F2-9C22-970B93E62D92}
  9
$EXTNAMES
290
1
  9
$PSVPSCALE
 40
0.0
  9
$OLESTARTUP
290
0
  9
$SORTENTS
280
127
  9
$INDEXCTL
280
0
  9
$HIDETEXT
280
1
  9
$XCLIPFRAME
280
1
  9
$HALOGAP
280
0
  9
$OBSCOLOR
 70
257
  9
$OBSLTYPE
280
0
  9
$INTERSECTIONDISPLAY
280
0
  9
$INTERSECTIONCOLOR
 70
257
  9
$DIMASSOC
280
2
  9
$PROJECTNAME
  1

  9
$CAMERADISPLAY
290
0
  9
$LENSLENGTH
 40
50.0
  9
$CAMERAHEIGHT
 40
0.0
  9
$STEPSPERSEC
 40
24.0
  9
$STEPSIZE
 40
100.0
  9
$3DDWFPREC
 40
2.0
  9
$PSOLWIDTH
 40
0.005
  9
$PSOLHEIGHT
 40
0.08
  9
$LOFTANG1
 40
1.570796326795
  9
$LOFTANG2
 40
1.570796326795
  9
$LOFTMAG1
 40
0.0
  9
$LOFTMAG2
 40
0.0
  9
$LOFTPARAM
 70
7
  9
$LOFTNORMALS
280
1
  9
$LATITUDE
 40
37.795
  9
$LONGITUDE
 40
-122.394
  9
$NORTHDIRECTION
 40
0.0
  9
$TIMEZONE
 70
-8000
  9
$LIGHTGLYPHDISPLAY
280
1
  9
$TILEMODELIGHTSYNCH
280
1
  9
$CMATERIAL
347
20
  9
$SOLIDHIST
280
0
  9
$SHOWHIST
280
1
  9
$DWFFRAME
280
2
  9
$DGNFRAME
280
2
  9
$REALWORLDSCALE
290
1
  9
$INTERFERECOLOR
 62
256
  9
$CSHADOW
280
0
  9
$SHADOWPLANELOCATION
 40
0.0
  0
ENDSEC
  0
SECTION
  2
CLASSES
  0
CLASS
  1
ACDBDICTIONARYWDFLT
  2
AcDbDictionaryWithDefault
  3
ObjectDBX Classes
 90
0
 91
0
280
0
281
0
  0
CLASS
  1
SUN
  2
AcDbSun
  3
SCENEOE
 90
1153
 91
0
280
0
281
0
  0
CLASS
  1
VISUALSTYLE
  2
AcDbVisualStyle
  3
ObjectDBX Classes
 90
4095
 91
0
280
0
281
0
  0
CLASS
  1
MATERIAL
  2
AcDbMaterial
  3
ObjectDBX Classes
 90
1153
 91
0
280
0
281
0
  0
CLASS
  1
SCALE
  2
AcDbScale
  3
ObjectDBX Classes
 90
1153
 91
0
280
0
281
0
  0
CLASS
  1
TABLESTYLE
  2
AcDbTableStyle
  3
ObjectDBX Classes
 90
4095
 91
0
280
0
281
0
  0
CLASS
  1
MLEADERSTYLE
  2
AcDbMLeaderStyle
  3
ACDB_MLEADERSTYLE_CLASS
 90
4095
 91
0
280
0
281
0
  0
CLASS
  1
DICTIONARYVAR
  2
AcDbDictionaryVar
  3
ObjectDBX Classes
 90
0
 91
0
280
0
281
0
  0
CLASS
  1
CELLSTYLEMAP
  2
AcDbCellStyleMap
  3
ObjectDBX Classes
 90
1152
 91
0
280
0
281
0
  0
CLASS
  1
MENTALRAYRENDERSETTINGS
  2
AcDbMentalRayRenderSettings
  3
SCENEOE
 90
1024
 91
0
280
0
281
0
  0
CLASS
  1
ACDBDETAILVIEWSTYLE
  2
AcDbDetailViewStyle
  3
ObjectDBX Classes
 90
1025
 91
0
280
0
281
0
  0
CLASS
  1
ACDBSECTIONVIEWSTYLE
  2
AcDbSectionViewStyle
  3
ObjectDBX Classes
 90
1025
 91
0
280
0
281
0
  0
CLASS
  1
RASTERVARIABLES
  2
AcDbRasterVariables
  3
ISM
 90
0
 91
0
280
0
281
0
  0
CLASS
  1
LAYOUT
  2
AcDbLayout
  3
ObjectDBX Classes
 90
0
 91
0
280
0
281
0
  0
CLASS
  1
ACDBPLACEHOLDER
  2
AcDbPlaceHolder
  3
ObjectDBX Classes
 90
0
 91
0
280
0
281
0
  0
ENDSEC
  0
SECTION
  2
TABLES
  0
TABLE
  2
VPORT
  5
8
330
0
100
AcDbSymbolTable
 70
1
  0
VPORT
  5
23
330
8
100
AcDbSymbolTableRecord
100
AcDbViewportTableRecord
  2
*Active
 70
0
 10
0.0
 20
0.0
 11
1.0
 21
1.0
 12
0.0
 22
0.0
 13
0.0
 23
0.0
 14
0.5
 24
0.5
 15
0.5
 25
0.5
 16
0.0
 26
0.0
 36
1.0
 17
0.0
 27
0.0
 37
0.0
 40
1000.0
 41
1.34
 42
50.0
 43
0.0
 44
0.0
 50
0.0
 51
0.0
 71
0
 72
1000
 73
1
 74
3
 75
0
 76
0
 77
0
 78
0
281
0
 65
0
146
0.0
  0
ENDTAB
  0
TABLE
  2
LTYPE
  5
2
330
0
100
AcDbSymbolTable
 70
21
  0
LTYPE
  5
24
330
2
100
AcDbSymbolTableRecord
100
AcDbLinetypeTableRecord
  2
ByBlock
 70
0
  3

 72
65
 73
0
 40
0.0
  0
LTYPE
  5
25
330
2
100
AcDbSymbolTableRecord
100
AcDbLinetypeTableRecord
  2
ByLayer
 70
0
  3

 72
65
 73
0
 40
0.0
  0
LTYPE
  5
26
330
2
100
AcDbSymbolTableRecord
100
AcDbLinetypeTableRecord
  2
Continuous
 70
0
  3

 72
65
 73
0
 40
0.0
  0
LTYPE
  5
2F
330
2
100
AcDbSymbolTableRecord
100
AcDbLinetypeTableRecord
  2
CENTER
 70
0
  3
Center ____ _ ____ _ ____ _ ____ _ ____ _ ____
 72
65
 73
4
 40
5.08
 49
3.175
 74
0
 49
-0.635
 74
0
 49
0.635
 74
0
 49
-0.635
 74
0
  0
LTYPE
  5
30
330
2
100
AcDbSymbolTableRecord
100
AcDbLinetypeTableRecord
  2
CENTERX2
 70
0
  3
Center (2x) ________  __  ________  __  ________
 72
65
 73
4
 40
8.89
 49
6.35
 74
0
 49
-0.635
 74
0
 49
1.27
 74
0
 49
-0.635
 74
0
  0
LTYPE
  5
31
330
2
100
AcDbSymbolTableRecord
100
AcDbLinetypeTableRecord
  2
CENTER2
 70
0
  3
Center (.5x) ____ _ ____ _ ____ _ ____ _ ____
 72
65
 73
4
 40
2.54
 49
1.587
 74
0
 49
-0.318
 74
0
 49
0.318
 74
0
 49
-0.318
 74
0
  0
LTYPE
  5
32
330
2
100
AcDbSymbolTableRecord
100
AcDbLinetypeTableRecord
  2
DASHED
 70
0
  3
Dashed __ __ __ __ __ __ __ __ __ __ __ __ __ _
 72
65
 73
2
 40
1.524
 49
1.27
 74
0
 49
-0.254
 74
0
  0
LTYPE
  5
33
330
2
100
AcDbSymbolTableRecord
100
AcDbLinetypeTableRecord
  2
DASHEDX2
 70
0
  3
Dashed (2x) ____  ____  ____  ____  ____  ____
 72
65
 73
2
 40
3.048
 49
2.54
 74
0
 49
-0.508
 74
0
  0
LTYPE
  5
34
330
2
100
AcDbSymbolTableRecord
100
AcDbLinetypeTableRecord
  2
DASHED2
 70
0
  3
Dashed (.5x) _ _ _ _ _ _ _ _ _ _ _ _ _ _
 72
65
 73
2
 40
0.762
 49
0.635
 74
0
 49
-0.127
 74
0
  0
LTYPE
  5
35
330
2
100
AcDbSymbolTableRecord
100
AcDbLinetypeTableRecord
  2
PHANTOM
 70
0
  3
Phantom ______  __  __  ______  __  __  ______
 72
65
 73
6
 40
6.35
 49
3.175
 74
0
 49
-0.635
 74
0
 49
0.635
 74
0
 49
-0.635
 74
0
 49
0.635
 74
0
 49
-0.635
 74
0
  0
LTYPE
  5
36
330
2
100
AcDbSymbolTableRecord
100
AcDbLinetypeTableRecord
  2
PHANTOMX2
 70
0
  3
Phantom (2x)____________    ____    ____    ____________
 72
65
 73
6
 40
10.795
 49
6.35
 74
0
 49
-0.635
 74
0
 49
1.27
 74
0
 49
-0.635
 74
0
 49
1.27
 74
0
 49
-0.635
 74
0
  0
LTYPE
  5
37
330
2
100
AcDbSymbolTableRecord
100
AcDbLinetypeTableRecord
  2
PHANTOM2
 70
0
  3
Phantom (.5x) ___ _ _ ___ _ _ ___ _ _ ___ _ _ ___
 72
65
 73
6
 40
3.175
 49
1.587
 74
0
 49
-0.318
 74
0
 49
0.318
 74
0
 49
-0.318
 74
0
 49
0.318
 74
0
 49
-0.318
 74
0
  0
LTYPE
  5
38
330
2
100
AcDbSymbolTableRecord
100
AcDbLinetypeTableRecord
  2
DASHDOT
 70
0
  3
Dash dot __ . __ . __ . __ . __ . __ . __ . __
 72
65
 73
4
 40
3.556
 49
2.54
 74
0
 49
-0.508
 74
0
 49
0.0
 74
0
 49
-0.508
 74
0
  0
LTYPE
  5
39
330
2
100
AcDbSymbolTableRecord
100
AcDbLinetypeTableRecord
  2
DASHDOTX2
 70
0
  3
Dash dot (2x) ____  .  ____  .  ____  .  ____
 72
65
 73
4
 40
6.096
 49
5.08
 74
0
 49
-0.508
 74
0
 49
0.0
 74
0
 49
-0.508
 74
0
  0
LTYPE
  5
3A
330
2
100
AcDbSymbolTableRecord
100
AcDbLinetypeTableRecord
  2
DASHDOT2
 70
0
  3
Dash dot (.5x) _ . _ . _ . _ . _ . _ . _ . _
 72
65
 73
4
 40
1.778
 49
1.27
 74
0
 49
-0.254
 74
0
 49
0.0
 74
0
 49
-0.254
 74
0
  0
LTYPE
  5
3B
330
2
100
AcDbSymbolTableRecord
100
AcDbLinetypeTableRecord
  2
DOT
 70
0
  3
Dot .  .  .  .  .  .  .  .  .  .  .  .  .  .  .  .
 72
65
 73
2
 40
0.508
 49
0.0
 74
0
 49
-0.508
 74
0
  0
LTYPE
  5
3C
330
2
100
AcDbSymbolTableRecord
100
AcDbLinetypeTableRecord
  2
DOTX2
 70
0
  3
Dot (2x) .    .    .    .    .    .    .    . 
 72
65
 73
2
 40
1.016
 49
0.0
 74
0
 49
-1.016
 74
0
  0
LTYPE
  5
3D
330
2
100
AcDbSymbolTableRecord
100
AcDbLinetypeTableRecord
  2
DOT2
 70
0
  3
Dot (.5) . . . . . . . . . . . . . . . . . . . 
 72
65
 73
2
 40
0.254
 49
0.0
 74
0
 49
-0.254
 74
0
  0
LTYPE
  5
3E
330
2
100
AcDbSymbolTableRecord
100
AcDbLinetypeTableRecord
  2
DIVIDE
 70
0
  3
Divide __ . . __ . . __ . . __ . . __ . . __
 72
65
 73
6
 40
4.064
 49
2.54
 74
0
 49
-0.508
 74
0
 49
0.0
 74
0
 49
-0.508
 74
0
 49
0.0
 74
0
 49
-0.508
 74
0
  0
LTYPE
  5
3F
330
2
100
AcDbSymbolTableRecord
100
AcDbLinetypeTableRecord
  2
DIVIDEX2
 70
0
  3
Divide (2x) ____  . .  ____  . .  ____  . .  ____
 72
65
 73
6
 40
6.604
 49
5.08
 74
0
 49
-0.508
 74
0
 49
0.0
 74
0
 49
-0.508
 74
0
 49
0.0
 74
0
 49
-0.508
 74
0
  0
LTYPE
  5
40
330
2
100
AcDbSymbolTableRecord
100
AcDbLinetypeTableRecord
  2
DIVIDE2
 70
0
  3
Divide(.5x) _ . _ . _ . _ . _ . _ . _ . _
 72
65
 73
6
 40
2.032
 49
1.27
 74
0
 49
-0.254
 74
0
 49
0.0
 74
0
 49
-0.254
 74
0
 49
0.0
 74
0
 49
-0.254
 74
0
  0
ENDTAB
  0
TABLE
  2
LAYER
  5
1
330
0
100
AcDbSymbolTable
 70
4
  0
LAYER
  5
27
330
1
100
AcDbSymbolTableRecord
100
AcDbLayerTableRecord
  2
0
 70
0
 62
7
  6
Continuous
370
-3
390
13
347
21
  0
LAYER
  5
28
330
1
100
AcDbSymbolTableRecord
100
AcDbLayerTableRecord
  2
Defpoints
 70
0
 62
7
  6
Continuous
290
0
370
-3
390
13
347
21
  0
LAYER
  5
8A
330
1
100
AcDbSymbolTableRecord
100
AcDbLayerTableRecord
  2
PROFILE
 70
0
 62
1
  6
Continuous
370
-3
390
13
347
21
  0
LAYER
  5
8B
330
1
100
AcDbSymbolTableRecord
100
AcDbLayerTableRecord
  2
SLOTS
 70
0
 62
3
  6
Continuous
370
-3
390
13
347
21
  0
ENDTAB
  0
TABLE
  2
STYLE
  5
5
330
0
100
AcDbSymbolTable
 70
26
  0
STYLE
  5
29
330
5
100
AcDbSymbolTableRecord
100
AcDbTextStyleTableRecord
  2
Standard
 70
0
 40
0.0
 41
1.0
 50
0.0
 71
0
 42
2.5
  3
txt
  4

  0
STYLE
  5
41
330
5
100
AcDbSymbolTableRecord
100
AcDbTextStyleTableRecord
  2
OpenSans-Light
 70
0
 40
0.0
 41
1.0
 50
0.0
 71
0
 42
2.5
  3
OpenSans-Light.ttf
  4

  0
STYLE
  5
42
330
5
100
AcDbSymbolTableRecord
100
AcDbTextStyleTableRecord
  2
OpenSans-Light-Italic
 70
0
 40
0.0
 41
1.0
 50
0.0
 71
0
 42
2.5
  3
OpenSans-LightItalic.ttf
  4

  0
STYLE
  5
43
330
5
100
AcDbSymbolTableRecord
100
AcDbTextStyleTableRecord
  2
OpenSans
 70
0
 40
0.0
 41
1.0
 50
0.0
 71
0
 42
2.5
  3
OpenSans-Regular.ttf
  4

  0
STYLE
  5
44
330
5
100
AcDbSymbolTableRecord
100
AcDbTextStyleTableRecord
  2
OpenSans-Italic
 70
0
 40
0.0
 41
1.0
 50
0.0
 71
0
 42
2.5
  3
OpenSans-Italic.ttf
  4

  0
STYLE
  5
45
330
5
100
AcDbSymbolTableRecord
100
AcDbTextStyleTableRecord
  2
OpenSans-SemiBold
 70
0
 40
0.0
 41
1.0
 50
0.0
 71
0
 42
2.5
  3
OpenSans-SemiBold.ttf
  4

  0
STYLE
  5
46
330
5
100
AcDbSymbolTableRecord
100
AcDbTextStyleTableRecord
  2
OpenSans-SemiBoldItalic
 70
0
 40
0.0
 41
1.0
 50
0.0
 71
0
 42
2.5
  3
OpenSans-SemiBoldItalic.ttf
  4

  0
STYLE
  5
47
330
5
100
AcDbSymbolTableRecord
100
AcDbTextStyleTableRecord
  2
OpenSans-Bold
 70
0
 40
0.0
 41
1.0
 50
0.0
 71
0
 42
2.5
  3
OpenSans-Bold.ttf
  4

  0
STYLE
  5
48
330
5
100
AcDbSymbolTableRecord
100
AcDbTextStyleTableRecord
  2
OpenSans-BoldItalic
 70
0
 40
0.0
 41
1.0
 50
0.0
 71
0
 42
2.5
  3
OpenSans-BoldItalic.ttf
  4

  0
STYLE
  5
49
330
5
100
AcDbSymbolTableRecord
100
AcDbTextStyleTableRecord
  2
OpenSans-ExtraBold
 70
0
 40
0.0
 41
1.0
 50
0.0
 71
0
 42
2.5
  3
OpenSans-ExtraBold.ttf
  4

  0
STYLE
  5
4A
330
5
100
AcDbSymbolTableRecord
100
AcDbTextStyleTableRecord
  2
OpenSans-ExtraBoldItalic
 70
0
 40
0.0
 41
1.0
 50
0.0
 71
0
 42
2.5
  3
OpenSans-ExtraBoldItalic.ttf
  4

  0
STYLE
  5
4B
330
5
100
AcDbSymbolTableRecord
100
AcDbTextStyleTableRecord
  2
OpenSansCondensed-Bold
 70
0
 40
0.0
 41
1.0
 50
0.0
 71
0
 42
2.5
  3
OpenSansCondensed-Bold.ttf
  4

  0
STYLE
  5
4C
330
5
100
AcDbSymbolTableRecord
100
AcDbTextStyleTableRecord
  2
OpenSansCondensed-Light
 70
0
 40
0.0
 41
1.0
 50
0.0
 71
0
 42
2.5
  3
OpenSansCondensed-Light.ttf
  4

  0
STYLE
  5
4D
330
5
100
AcDbSymbolTableRecord
100
AcDbTextStyleTableRecord
  2
OpenSansCondensed-Italic
 70
0
 40
0.0
 41
1.0
 50
0.0
 71
0
 42
2.5
  3
OpenSansCondensed-LightItalic.ttf
  4

  0
STYLE
  5
4E
330
5
100
AcDbSymbolTableRecord
100
AcDbTextStyleTableRecord
  2
LiberationSans
 70
0
 40
0.0
 41
1.0
 50
0.0
 71
0
 42
2.5
  3
LiberationSans-Regular.ttf
  4

  0
STYLE
  5
4F
330
5
100
AcDbSymbolTableRecord
100
AcDbTextStyleTableRecord
  2
LiberationSans-Bold
 70
0
 40
0.0
 41
1.0
 50
0.0
 71
0
 42
2.5
  3
LiberationSans-Bold.ttf
  4

  0
STYLE
  5
50
330
5
100
AcDbSymbolTableRecord
100
AcDbTextStyleTableRecord
  2
LiberationSans-BoldItalic
 70
0
 40
0.0
 41
1.0
 50
0.0
 71
0
 42
2.5
  3
LiberationSans-BoldItalic.ttf
  4

  0
STYLE
  5
51
330
5
100
AcDbSymbolTableRecord
100
AcDbTextStyleTableRecord
  2
LiberationSans-Italic
 70
0
 40
0.0
 41
1.0
 50
0.0
 71
0
 42
2.5
  3
LiberationSans-Italic.ttf
  4

  0
STYLE
  5
52
330
5
100
AcDbSymbolTableRecord
100
AcDbTextStyleTableRecord
  2
LiberationSerif
 70
0
 40
0.0
 41
1.0
 50
0.0
 71
0
 42
2.5
  3
LiberationSerif-Regular.ttf
  4

  0
STYLE
  5
53
330
5
100
AcDbSymbolTableRecord
100
AcDbTextStyleTableRecord
  2
LiberationSerif-Bold
 70
0
 40
0.0
 41
1.0
 50
0.0
 71
0
 42
2.5
  3
LiberationSerif-Bold.ttf
  4

  0
STYLE
  5
54
330
5
100
AcDbSymbolTableRecord
100
AcDbTextStyleTableRecord
  2
LiberationSerif-BoldItalic
 70
0
 40
0.0
 41
1.0
 50
0.0
 71
0
 42
2.5
  3
LiberationSerif-BoldItalic.ttf
  4

  0
STYLE
  5
55
330
5
100
AcDbSymbolTableRecord
100
AcDbTextStyleTableRecord
  2
LiberationSerif-Italic
 70
0
 40
0.0
 41
1.0
 50
0.0
 71
0
 42
2.5
  3
LiberationSerif-Italic.ttf
  4

  0
STYLE
  5
56
330
5
100
AcDbSymbolTableRecord
100
AcDbTextStyleTableRecord
  2
LiberationMono
 70
0
 40
0.0
 41
1.0
 50
0.0
 71
0
 42
2.5
  3
LiberationMono-Regular.ttf
  4

  0
STYLE
  5
57
330
5
100
AcDbSymbolTableRecord
100
AcDbTextStyleTableRecord
  2
LiberationMono-Bold
 70
0
 40
0.0
 41
1.0
 50
0.0
 71
0
 42
2.5
  3
LiberationMono-Bold.ttf
  4

  0
STYLE
  5
58
330
5
100
AcDbSymbolTableRecord
100
AcDbTextStyleTableRecord
  2
LiberationMono-BoldItalic
 70
0
 40
0.0
 41
1.0
 50
0.0
 71
0
 42
2.5
  3
LiberationMono-BoldItalic.ttf
  4

  0
STYLE
  5
59
330
5
100
AcDbSymbolTableRecord
100
AcDbTextStyleTableRecord
  2
LiberationMono-Italic
 70
0
 40
0.0
 41
1.0
 50
0.0
 71
0
 42
2.5
  3
LiberationMono-Italic.ttf
  4

  0
ENDTAB
  0
TABLE
  2
VIEW
  5
7
330
0
100
AcDbSymbolTable
 70
0
  0
ENDTAB
  0
TABLE
  2
UCS
  5
6
330
0
100
AcDbSymbolTable
 70
0
  0
ENDTAB
  0
TABLE
  2
APPID
  5
3
330
0
100
AcDbSymbolTable
 70
3
  0
APPID
  5
2A
330
3
100
AcDbSymbolTableRecord
100
AcDbRegAppTableRecord
  2
ACAD
 70
0
  0
APPID
  5
595
330
3
100
AcDbSymbolTableRecord
100
AcDbRegAppTableRecord
  2
HATCHBACKGROUNDCOLOR
 70
0
  0
APPID
  5
596
330
3
100
AcDbSymbolTableRecord
100
AcDbRegAppTableRecord
  2
EZDXF
 70
0
  0
ENDTAB
  0
TABLE
  2
DIMSTYLE
  5
4
330
0
100
AcDbSymbolTable
 70
12
100
AcDbDimStyleTable
  0
DIMSTYLE
105
2B
330
4
100
AcDbSymbolTableRecord
100
AcDbDimStyleTableRecord
  2
Standard
 70
0
 40
1.0
 41
2.5
 42
0.625
 43
3.75
 44
1.25
 45
0.0
 46
0.0
 47
0.0
 48
0.0
 49
2.5
140
2.5
141
2.5
142
0.0
143
0.03937007874
144
1.0
145
0.0
146
1.0
147
0.625
148
0.0
 69
0
 70
0
 71
0
 72
0
 73
0
 74
0
 75
0
 76
0
 77
1
 78
8
 79
3
170
0
171
3
172
1
173
0
174
0
175
0
176
0
177
0
178
0
179
2
271
2
272
2
273
2
274
3
275
0
276
0
277
2
278
44
279
0
280
0
281
0
282
0
283
0
284
8
285
0
286
0
288
0
289
3
290
0
371
-2
372
-2
  0
DIMSTYLE
105
73
330
4
100
AcDbSymbolTableRecord
100
AcDbDimStyleTableRecord
  2
EZDXF
 70
0
 40
1.0
 41
0.175
 42
0.125
 43
3.75
 44
0.375
 45
0.0
 46
0.0
 47
0.0
 48
0.0
 49
2.5
140
0.25
141
2.5
142
0.0
143
0.03937007874
144
100.0
145
0.0
146
0.5
147
0.1
148
0.0
 69
0
 70
0
 71
0
 72
0
 73
0
 74
0
 75
0
 76
0
 77
1
 78
12
 79
3
170
0
171
3
172
1
173
0
174
0
175
0
176
0
177
0
178
0
179
2
271
2
272
2
273
2
274
3
275
0
276
0
277
2
278
46
279
2
280
0
281
0
282
0
283
0
284
8
285
0
286
0
288
1
289
3
290
0
340
4C
342
74
371
-2
372
-2
  0
DIMSTYLE
105
7C
330
4
100
AcDbSymbolTableRecord
100
AcDbDimStyleTableRecord
  2
EZ_M_100_H25_CM
 70
0
 40
1.0
 41
0.25
 42
0.125
 43
3.75
 44
0.375
 45
0.0
 46
0.0
 47
0.0
 48
0.0
 49
2.5
140
0.25
141
2.5
142
0.125
143
0.03937007874
144
100.0
145
0.0
146
0.5
147
0.1
148
0.0
 69
0
 70
0
 71
0
 72
0
 73
0
 74
0
 75
0
 76
0
 77
1
 78
12
 79
3
170
0
171
3
172
1
173
0
174
0
175
0
176
0
177
0
178
0
179
2
271
2
272
2
273
2
274
3
275
0
276
0
277
2
278
46
279
2
280
0
281
0
282
0
283
0
284
8
285
0
286
0
288
1
289
3
290
0
340
4C
371
-2
372
-2
  0
DIMSTYLE
105
7D
330
4
100
AcDbSymbolTableRecord
100
AcDbDimStyleTableRecord
  2
EZ_M_50_H25_CM
 70
0
 40
1.0
 41
0.125
 42
0.0625
 43
3.75
 44
0.1875
 45
0.0
 46
0.0
 47
0.0
 48
0.0
 49
2.5
140
0.125
141
2.5
142
0.0625
143
0.03937007874
144
100.0
145
0.0
146
0.5
147
0.05
148
0.0
 69
0
 70
0
 71
0
 72
0
 73
0
 74
0
 75
0
 76
0
 77
1
 78
12
 79
3
170
0
171
3
172
1
173
0
174
0
175
0
176
0
177
0
178
0
179
2
271
2
272
2
273
2
274
3
275
0
276
0
277
2
278
46
279
2
280
0
281
0
282
0
283
0
284
8
285
0
286
0
288
1
289
3
290
0
340
4C
371
-2
372
-2
  0
DIMSTYLE
105
7E
330
4
100
AcDbSymbolTableRecord
100
AcDbDimStyleTableRecord
  2
EZ_M_25_H25_CM
 70
0
 40
1.0
 41
0.0625
 42
0.03125
 43
3.75
 44
0.09375
 45
0.0
 46
0.0
 47
0.0
 48
0.0
 49
2.5
140
0.0625
141
2.5
142
0.03125
143
0.03937007874
144
100.0
145
0.0
146
0.5
147
0.025
148
0.0
 69
0
 70
0
 71
0
 72
0
 73
0
 74
0
 75
0
 76
0
 77
1
 78
12
 79
3
170
0
171
3
172
1
173
0
174
0
175
0
176
0
177
0
178
0
179
2
271
2
272
2
273
2
274
3
275
0
276
0
277
2
278
46
279
2
280
0
281
0
282
0
283
0
284
8
285
0
286
0
288
1
289
3
290
0
340
4C
371
-2
372
-2
  0
DIMSTYLE
105
7F
330
4
100
AcDbSymbolTableRecord
100
AcDbDimStyleTableRecord
  2
EZ_M_20_H25_CM
 70
0
 40
1.0
 41
0.05
 42
0.025
 43
3.75
 44
0.07500000000000001
 45
0.0
 46
0.0
 47
0.0
 48
0.0
 49
2.5
140
0.05
141
2.5
142
0.025
143
0.03937007874
144
100.0
145
0.0
146
0.5
147
0.020000000000000004
148
0.0
 69
0
 70
0
 71
0
 72
0
 73
0
 74
0
 75
0
 76
0
 77
1
 78
12
 79
3
170
0
171
3
172
1
173
0
174
0
175
0
176
0
177
0
178
0
179
2
271
2
272
2
273
2
274
3
275
0
276
0
277
2
278
46
279
2
280
0
281
0
282
0
283
0
284
8
285
0
286
0
288
1
289
3
290
0
340
4C
371
-2
372
-2
  0
DIMSTYLE
105
80
330
4
100
AcDbSymbolTableRecord
100
AcDbDimStyleTableRecord
  2
EZ_M_10_H25_CM
 70
0
 40
1.0
 41
0.025
 42
0.0125
 43
3.75
 44
0.037500000000000006
 45
0.0
 46
0.0
 47
0.0
 48
0.0
 49
2.5
140
0.025
141
2.5
142
0.0125
143
0.03937007874
144
100.0
145
0.0
146
0.5
147
0.010000000000000002
148
0.0
 69
0
 70
0
 71
0
 72
0
 73
0
 74
0
 75
0
 76
0
 77
1
 78
12
 79
3
170
0
171
3
172
1
173
0
174
0
175
0
176
0
177
0
178
0
179
2
271
2
272
2
273
2
274
3
275
0
276
0
277
2
278
46
279
2
280
0
281
0
282
0
283
0
284
8
285
0
286
0
288
1
289
3
290
0
340
4C
371
-2
372
-2
  0
DIMSTYLE
105
81
330
4
100
AcDbSymbolTableRecord
100
AcDbDimStyleTableRecord
  2
EZ_M_5_H25_CM
 70
0
 40
1.0
 41
0.0125
 42
0.00625
 43
3.75
 44
0.018750000000000003
 45
0.0
 46
0.0
 47
0.0
 48
0.0
 49
2.5
140
0.0125
141
2.5
142
0.00625
143
0.03937007874
144
100.0
145
0.0
146
0.5
147
0.005000000000000001
148
0.0
 69
0
 70
0
 71
0
 72
0
 73
0
 74
0
 75
0
 76
0
 77
1
 78
12
 79
3
170
0
171
3
172
1
173
0
174
0
175
0
176
0
177
0
178
0
179
2
271
2
272
2
273
2
274
3
275
0
276
0
277
2
278
46
279
2
280
0
281
0
282
0
283
0
284
8
285
0
286
0
288
1
289
3
290
0
340
4C
371
-2
372
-2
  0
DIMSTYLE
105
82
330
4
100
AcDbSymbolTableRecord
100
AcDbDimStyleTableRecord
  2
EZ_M_1_H25_CM
 70
0
 40
1.0
 41
0.0025
 42
0.00125
 43
3.75
 44
0.00375
 45
0.0
 46
0.0
 47
0.0
 48
0.0
 49
2.5
140
0.0025
141
2.5
142
0.00125
143
0.03937007874
144
100.0
145
0.0
146
0.5
147
0.001
148
0.0
 69
0
 70
0
 71
0
 72
0
 73
0
 74
0
 75
0
 76
0
 77
1
 78
12
 79
3
170
0
171
3
172
1
173
0
174
0
175
0
176
0
177
0
178
0
179
2
271
2
272
2
273
2
274
3
275
0
276
0
277
2
278
46
279
2
280
0
281
0
282
0
283
0
284
8
285
0
286
0
288
1
289
3
290
0
340
4C
371
-2
372
-2
  0
DIMSTYLE
105
83
330
4
100
AcDbSymbolTableRecord
100
AcDbDimStyleTableRecord
  2
EZ_RADIUS
 70
0
 40
1.0
 41
0.25
 42
0.125
 43
3.75
 44
0.375
 45
0.0
 46
0.0
 47
0.0
 48
0.0
 49
2.5
140
0.25
141
0.0
142
0.0
143
0.03937007874
144
100.0
145
0.0
146
0.5
147
0.1
148
0.0
 69
0
 70
0
 71
0
 72
0
 73
0
 74
0
 75
0
 76
0
 77
1
 78
12
 79
3
170
0
171
3
172
0
173
0
174
0
175
0
176
0
177
0
178
0
179
2
271
2
272
2
273
2
274
3
275
0
276
0
277
2
278
46
279
1
280
0
281
0
282
0
283
0
284
8
285
0
286
0
288
1
289
3
290
0
340
4C
342
84
371
-2
372
-2
  0
DIMSTYLE
105
88
330
4
100
AcDbSymbolTableRecord
100
AcDbDimStyleTableRecord
  2
EZ_RADIUS_INSIDE
 70
0
 40
1.0
 41
0.25
 42
0.125
 43
3.75
 44
0.375
 45
0.0
 46
0.0
 47
0.0
 48
0.0
 49
2.5
140
0.25
141
0.0
142
0.0
143
0.03937007874
144
100.0
145
0.0
146
0.5
147
0.1
148
0.0
 69
0
 70
0
 71
0
 72
0
 73
0
 74
0
 75
0
 76
0
 77
0
 78
12
 79
3
170
0
171
3
172
0
173
0
174
1
175
0
176
0
177
0
178
0
179
2
271
2
272
2
273
2
274
3
275
0
276
0
277
2
278
46
279
0
280
0
281
0
282
0
283
0
284
8
285
0
286
0
288
1
289
0
290
0
340
4C
342
84
371
-2
372
-2
  0
DIMSTYLE
105
89
330
4
100
AcDbSymbolTableRecord
100
AcDbDimStyleTableRecord
  2
EZ_CURVED
 70
0
 40
1.0
 41
0.25
 42
0.125
 43
3.75
 44
0.375
 45
0.0
 46
0.0
 47
0.0
 48
0.0
 49
2.5
140
0.25
141
2.5
142
0.0
143
0.03937007874
144
100.0
145
0.0
146
0.5
147
0.1
148
0.0
 69
0
 70
0
 71
0
 72
0
 73
0
 74
0
 75
0
 76
0
 77
1
 78
12
 79
2
 90
2
170
0
171
3
172
1
173
0
174
0
175
0
176
0
177
0
178
0
179
2
271
2
272
2
273
2
274
3
275
0
276
0
277
2
278
46
279
2
280
0
281
0
282
0
283
0
284
8
285
0
286
0
288
1
289
3
290
0
340
4C
371
-2
372
-2
  0
ENDTAB
  0
TABLE
  2
BLOCK_RECORD
  5
9
330
0
100
AcDbSymbolTable
 70
5
  0
BLOCK_RECORD
  5
17
330
9
100
AcDbSymbolTableRecord
100
AcDbBlockTableRecord
  2
*Model_Space
340
1A
 70
0
280
1
281
0
  0
BLOCK_RECORD
  5
1B
330
9
100
AcDbSymbolTableRecord
100
AcDbBlockTableRecord
  2
*Paper_Space
340
1E
 70
0
280
1
281
0
  0
BLOCK_RECORD
  5
74
330
9
100
AcDbSymbolTableRecord
100
AcDbBlockTableRecord
  2
_ARCHTICK
340
0
 70
0
280
1
281
0
  0
BLOCK_RECORD
  5
78
330
9
100
AcDbSymbolTableRecord
100
AcDbBlockTableRecord
  2
_CLOSEDFILLED
340
0
 70
0
280
1
281
0
  0
BLOCK_RECORD
  5
84
330
9
100
AcDbSymbolTableRecord
100
AcDbBlockTableRecord
  2
_CLOSEDBLANK
340
0
 70
0
280
1
281
0
  0
ENDTAB
  0
ENDSEC
  0
SECTION
  2
BLOCKS
  0
BLOCK
  5
18
330
17
100
AcDbEntity
  8
0
100
AcDbBlockBegin
  2
*Model_Space
 70
0
 10
0.0
 20
0.0
 30
0.0
  3
*Model_Space
  1

  0
ENDBLK
  5
19
330
17
100
AcDbEntity
  8
0
100
AcDbBlockEnd
  0
BLOCK
  5
1C
330
1B
100
AcDbEntity
  8
0
100
AcDbBlockBegin
  2
*Paper_Space
 70
0
 10
0.0
 20
0.0
 30
0.0
  3
*Paper_Space
  1

  0
ENDBLK
  5
1D
330
1B
100
AcDbEntity
  8
0
100
AcDbBlockEnd
  0
BLOCK
  5
75
330
74
100
AcDbEntity
  8
0
100
AcDbBlockBegin
  2
_ARCHTICK
 70
0
 10
0.0
 20
0.0
 30
0.0
  3
_ARCHTICK
  1

  0
LWPOLYLINE
  5
77
330
74
100
AcDbEntity
  8
0
  6
BYBLOCK
 62
0
100
AcDbPolyline
 90
2
 70
0
 43
0.15
 10
-0.5
 20
-0.5
 10
0.5
 20
0.5
  0
ENDBLK
  5
76
330
74
100
AcDbEntity
  8
0
100
AcDbBlockEnd
  0
BLOCK
  5
79
330
78
100
AcDbEntity
  8
0
100
AcDbBlockBegin
  2
_CLOSEDFILLED
 70
0
 10
0.0
 20
0.0
 30
0.0
  3
_CLOSEDFILLED
  1

  0
SOLID
  5
7B
330
78
100
AcDbEntity
  8
0
  6
BYBLOCK
 62
0
100
AcDbTrace
 10
-1.0
 20
0.16439898372402537
 30
0.0
 11
0.0
 21
0.0
 31
0.0
 12
-1.0
 22
-0.16439898372402537
 32
0.0
 13
-1.0
 23
-0.16439898372402537
 33
0.0
  0
ENDBLK
  5
7A
330
78
100
AcDbEntity
  8
0
100
AcDbBlockEnd
  0
BLOCK
  5
85
330
84
100
AcDbEntity
  8
0
100
AcDbBlockBegin
  2
_CLOSEDBLANK
 70
0
 10
0.0
 20
0.0
 30
0.0
  3
_CLOSEDBLANK
  1

  0
LWPOLYLINE
  5
87
330
84
100
AcDbEntity
  8
0
  6
BYBLOCK
 62
0
100
AcDbPolyline
 90
3
 70
1
 10
-1.0
 20
0.16439898372402537
 10
0.0
 20
0.0
 10
-1.0
 20
-0.16439898372402537
  0
ENDBLK
  5
86
330
84
100
AcDbEntity
  8
0
100
AcDbBlockEnd
  0
ENDSEC
  0
SECTION
  2
ENTITIES
  0
LWPOLYLINE
  5
8C
330
17
100
AcDbEntity
  8
PROFILE
100
AcDbPolyline
 90
4
 70
1
 10
0.0
 20
0.0
 10
36.0
 20
0.0
 10
36.0
 20
31.0
 10
0.0
 20
31.0
  0
LINE
  5
8D
330
17
100
AcDbEntity
  8
SLOTS
100
AcDbLine
 10
1.2470047636199315
 20
28.52285017556021
 30
0.0
 11
1.394135436155062
 21
27.862899021745328
 31
0.0
  0
LINE
  5
8E
330
17
100
AcDbEntity
  8
SLOTS
100
AcDbLine
 10
1.150125908915199
 20
27.808499107993754
 30
0.0
 11
1.0029952363800685
 21
28.468450261808638
 31
0.0
  0
ARC
  5
8F
330
17
100
AcDbEntity
  8
SLOTS
100
AcDbCircle
 10
1.2721306725351305
 20
27.83569906486954
 30
0.0
 40
0.125
100
AcDbArc
 50
-167.43191180864014
 51
12.568088191359863
  0
ARC
  5
90
330
17
100
AcDbEntity
  8
SLOTS
100
AcDbCircle
 10
1.125
 20
28.495650218684425
 30
0.0
 40
0.125
100
AcDbArc
 50
12.568088191359863
 51
192.56808819135986
  0
LINE
  5
91
330
17
100
AcDbEntity
  8
SLOTS
100
AcDbLine
 10
1.707902713529199
 20
29.902199956875787
 30
0.0
 11
2.218742635855716
 21
27.61083956039834
 31
0.0
  0
LINE
  5
92
330
17
100
AcDbEntity
  8
SLOTS
100
AcDbLine
 10
1.9747331086158526
 20
27.556439646646766
 30
0.0
 11
1.463893186289336
 21
29.847800043124213
 31
0.0
  0
ARC
  5
93
330
17
100
AcDbEntity
  8
SLOTS
100
AcDbCircle
 10
2.096737872235784
 20
27.583639603522553
 30
0.0
 40
0.125
100
AcDbArc
 50
-167.4319118086401
 51
12.568088191359877
  0
ARC
  5
94
330
17
100
AcDbEntity
  8
SLOTS
100
AcDbCircle
 10
1.5858979499092676
 20
29.875
 30
0.0
 40
0.125
100
AcDbArc
 50
12.568088191359877
 51
192.5680881913599
  0
LINE
  5
95
330
17
100
AcDbEntity
  8
SLOTS
100
AcDbLine
 10
2.476315332990923
 20
29.902199956875787
 30
0.0
 11
3.04334983555637
 21
27.358780099051348
 31
0.0
  0
LINE
  5
96
330
17
100
AcDbEntity
  8
SLOTS
100
AcDbLine
 10
2.7993403083165065
 20
27.304380185299774
 30
0.0
 11
2.2323058057510594
 21
29.847800043124213
 31
0.0
  0
ARC
  5
97
330
17
100
AcDbEntity
  8
SLOTS
100
AcDbCircle
 10
2.921345071936438
 20
27.33158014217556
 30
0.0
 40
0.125
100
AcDbArc
 50
-167.43191180864014
 51
12.568088191359863
  0
ARC
  5
98
330
17
100
AcDbEntity
  8
SLOTS
100
AcDbCircle
 10
2.354310569370991
 20
29.875
 30
0.0
 40
0.125
100
AcDbArc
 50
12.568088191359863
 51
192.56808819135986
  0
LINE
  5
99
330
17
100
AcDbEntity
  8
SLOTS
100
AcDbLine
 10
3.244727952452647
 20
29.902199956875787
 30
0.0
 11
3.6529138773714465
 21
28.07129163925876
 31
0.0
  0
LINE
  5
9A
330
17
100
AcDbEntity
  8
SLOTS
100
AcDbLine
 10
3.408904350131583
 20
28.016891725507186
 30
0.0
 11
3.0007184252127836
 21
29.847800043124213
 31
0.0
  0
ARC
  5
9B
330
17
100
AcDbEntity
  8
SLOTS
100
AcDbCircle
 10
3.5309091137515147
 20
28.044091682382973
 30
0.0
 40
0.125
100
AcDbArc
 50
-167.43191180864014
 51
12.568088191359863
  0
ARC
  5
9C
330
17
100
AcDbEntity
  8
SLOTS
100
AcDbCircle
 10
3.1227231888327154
 20
29.875
 30
0.0
 40
0.125
100
AcDbArc
 50
12.568088191359863
 51
192.56808819135986
  0
LINE
  5
9D
330
17
100
AcDbEntity
  8
SLOTS
100
AcDbLine
 10
4.01314057191437
 20
29.902199956875787
 30
0.0
 11
4.212247792905488
 21
29.00910922357143
 31
0.0
  0
LINE
  5
9E
330
17
100
AcDbEntity
  8
SLOTS
100
AcDbLine
 10
3.9682382656656245
 20
28.954709309819854
 30
0.0
 11
3.769131044674507
 21
29.847800043124213
 31
0.0
  0
ARC
  5
9F
330
17
100
AcDbEntity
  8
SLOTS
100
AcDbCircle
 10
4.090243029285556
 20
28.98190926669564
 30
0.0
 40
0.125
100
AcDbArc
 50
-167.43191180864014
 51
12.568088191359863
  0
ARC
  5
A0
330
17
100
AcDbEntity
  8
SLOTS
100
AcDbCircle
 10
3.8911358082944387
 20
29.875
 30
0.0
 40
0.125
100
AcDbArc
 50
12.568088191359863
 51
192.56808819135986
  0
LINE
  5
A1
330
17
100
AcDbEntity
  8
SLOTS
100
AcDbLine
 10
2.836086155847836
 20
26.4543173839521
 30
0.0
 11
1.141029818529401
 21
26.235136117346325
 31
0.0
  0
LINE
  5
A2
330
17
100
AcDbEntity
  8
SLOTS
100
AcDbLine
 10
1.108970181470599
 20
26.483071955158568
 30
0.0
 11
2.8040265187890334
 21
26.702253221764344
 31
0.0
  0
ARC
  5
A3
330
17
100
AcDbEntity
  8
SLOTS
100
AcDbCircle
 10
1.125
 20
26.359104036252447
 30
0.0
 40
0.125
100
AcDbArc
 50
-262.6321834068906
 51
-82.63218340689062
  0
ARC
  5
A4
330
17
100
AcDbEntity
  8
SLOTS
100
AcDbCircle
 10
2.8200563373184346
 20
26.578285302858223
 30
0.0
 40
0.125
100
AcDbArc
 50
-82.63218340689062
 51
97.36781659310938
  0
LINE
  5
A5
330
17
100
AcDbEntity
  8
SLOTS
100
AcDbLine
 10
2.8726961461435936
 20
25.702807240672634
 30
0.0
 11
1.141029818529401
 21
25.478892075926254
 31
0.0
  0
LINE
  5
A6
330
17
100
AcDbEntity
  8
SLOTS
100
AcDbLine
 10
1.108970181470599
 20
25.726827913738497
 30
0.0
 11
2.840636509084791
 21
25.950743078484876
 31
0.0
  0
ARC
  5
A7
330
17
100
AcDbEntity
  8
SLOTS
100
AcDbCircle
 10
1.125
 20
25.602859994832375
 30
0.0
 40
0.125
100
AcDbArc
 50
-262.6321834068906
 51
-82.63218340689062
  0
ARC
  5
A8
330
17
100
AcDbEntity
  8
SLOTS
100
AcDbCircle
 10
2.8566663276141924
 20
25.826775159578755
 30
0.0
 40
0.125
100
AcDbArc
 50
-82.63218340689062
 51
97.36781659310938
  0
LINE
  5
A9
330
17
100
AcDbEntity
  8
SLOTS
100
AcDbLine
 10
2.399064041487971
 20
24.885319639190243
 30
0.0
 11
1.1410298185294008
 21
24.722648034506186
 31
0.0
  0
LINE
  5
AA
330
17
100
AcDbEntity
  8
SLOTS
100
AcDbLine
 10
1.1089701814705992
 20
24.97058387231843
 30
0.0
 11
2.3670044044291694
 21
25.133255477002486
 31
0.0
  0
ARC
  5
AB
330
17
100
AcDbEntity
  8
SLOTS
100
AcDbCircle
 10
1.125
 20
24.846615953412307
 30
0.0
 40
0.125
100
AcDbArc
 50
-262.6321834068907
 51
-82.6321834068907
  0
ARC
  5
AC
330
17
100
AcDbEntity
  8
SLOTS
100
AcDbCircle
 10
2.38303422295857
 20
25.009287558096364
 30
0.0
 40
0.125
100
AcDbArc
 50
-82.6321834068907
 51
97.3678165931093
  0
LINE
  5
AD
330
17
100
AcDbEntity
  8
SLOTS
100
AcDbLine
 10
1.4244009429153581
 20
24.00304563182992
 30
0.0
 11
1.1410298185294003
 21
23.966403993086118
 31
0.0
  0
LINE
  5
AE
330
17
100
AcDbEntity
  8
SLOTS
100
AcDbLine
 10
1.1089701814705997
 20
24.21433983089836
 30
0.0
 11
1.3923413058565575
 21
24.250981469642163
 31
0.0
  0
ARC
  5
AF
330
17
100
AcDbEntity
  8
SLOTS
100
AcDbCircle
 10
1.125
 20
24.09037191199224
 30
0.0
 40
0.125
100
AcDbArc
 50
-262.63218340689093
 51
-82.63218340689093
  0
ARC
  5
B0
330
17
100
AcDbEntity
  8
SLOTS
100
AcDbCircle
 10
1.4083711243859578
 20
24.12701355073604
 30
0.0
 40
0.125
100
AcDbArc
 50
-82.63218340689093
 51
97.36781659310907
  0
LINE
  5
B1
330
17
100
AcDbEntity
  8
SLOTS
100
AcDbLine
 10
4.661256926919314
 20
2.9787251557599985
 30
0.0
 11
3.6939004035512077
 21
3.7434520597344982
 31
0.0
  0
LINE
  5
B2
330
17
100
AcDbEntity
  8
SLOTS
100
AcDbLine
 10
3.8489393831219463
 20
3.939571703864463
 30
0.0
 11
4.816295906490052
 21
3.1748447998899634
 31
0.0
  0
ARC
  5
B3
330
17
100
AcDbEntity
  8
SLOTS
100
AcDbCircle
 10
3.771419893336577
 20
3.8415118817994807
 30
0.0
 40
0.125
100
AcDbArc
 50
51.672478653347355
 51
231.67247865334735
  0
ARC
  5
B4
330
17
100
AcDbEntity
  8
SLOTS
100
AcDbCircle
 10
4.738776416704683
 20
3.076784977824981
 30
0.0
 40
0.125
100
AcDbArc
 50
231.67247865334735
 51
411.67247865334735
  0
LINE
  5
B5
330
17
100
AcDbEntity
  8
SLOTS
100
AcDbLine
 10
4.73141209979349
 20
1.9672161491325935
 30
0.0
 11
1.4891285546690498
 21
4.530347112097087
 31
0.0
  0
LINE
  5
B6
330
17
100
AcDbEntity
  8
SLOTS
100
AcDbLine
 10
1.6441675342397888
 20
4.726466756227052
 30
0.0
 11
4.886451079364228
 21
2.1633357932625583
 31
0.0
  0
ARC
  5
B7
330
17
100
AcDbEntity
  8
SLOTS
100
AcDbCircle
 10
1.5666480444544193
 20
4.6284069341620695
 30
0.0
 40
0.125
100
AcDbArc
 50
51.672478653347355
 51
231.67247865334735
  0
ARC
  5
B8
330
17
100
AcDbEntity
  8
SLOTS
100
AcDbCircle
 10
4.808931589578859
 20
2.065275971197576
 30
0.0
 40
0.125
100
AcDbArc
 50
231.67247865334735
 51
411.67247865334735
  0
LINE
  5
B9
330
17
100
AcDbEntity
  8
SLOTS
100
AcDbLine
 10
4.711459626206917
 20
1.0269401779350176
 30
0.0
 11
1.1936720194795616
 21
3.807866093404138
 31
0.0
  0
LINE
  5
BA
330
17
100
AcDbEntity
  8
SLOTS
100
AcDbLine
 10
1.3487109990503006
 20
4.003985737534102
 30
0.0
 11
4.866498605777656
 21
1.2230598220649824
 31
0.0
  0
ARC
  5
BB
330
17
100
AcDbEntity
  8
SLOTS
100
AcDbCircle
 10
1.271191509264931
 20
3.9059259154691204
 30
0.0
 40
0.125
100
AcDbArc
 50
51.672478653347355
 51
231.67247865334735
  0
ARC
  5
BC
330
17
100
AcDbEntity
  8
SLOTS
100
AcDbCircle
 10
4.788979115992286
 20
1.125
 30
0.0
 40
0.125
100
AcDbArc
 50
231.67247865334735
 51
411.67247865334735
  0
LINE
  5
BD
330
17
100
AcDbEntity
  8
SLOTS
100
AcDbLine
 10
3.50208634137792
 20
1.0269401779350176
 30
0.0
 11
1.0474805102146305
 21
2.96738620005686
 31
0.0
  0
LINE
  5
BE
330
17
100
AcDbEntity
  8
SLOTS
100
AcDbLine
 10
1.2025194897853695
 20
3.1635058441868247
 30
0.0
 11
3.6571253209486585
 21
1.2230598220649824
 31
0.0
  0
ARC
  5
BF
330
17
100
AcDbEntity
  8
SLOTS
100
AcDbCircle
 10
1.125
 20
3.0654460221218423
 30
0.0
 40
0.125
100
AcDbArc
 50
51.672478653347355
 51
231.67247865334735
  0
ARC
  5
C0
330
17
100
AcDbEntity
  8
SLOTS
100
AcDbCircle
 10
3.5796058311632892
 20
1.125
 30
0.0
 40
0.125
100
AcDbArc
 50
231.67247865334735
 51
411.67247865334735
  0
LINE
  5
C1
330
17
100
AcDbEntity
  8
SLOTS
100
AcDbLine
 10
2.292713056548925
 20
1.0269401779350176
 30
0.0
 11
1.0474805102146305
 21
2.011337147287077
 31
0.0
  0
LINE
  5
C2
330
17
100
AcDbEntity
  8
SLOTS
100
AcDbLine
 10
1.2025194897853695
 20
2.2074567914170418
 30
0.0
 11
2.4477520361196636
 21
1.2230598220649824
 31
0.0
  0
ARC
  5
C3
330
17
100
AcDbEntity
  8
SLOTS
100
AcDbCircle
 10
1.125
 20
2.1093969693520593
 30
0.0
 40
0.125
100
AcDbArc
 50
51.672478653347355
 51
231.67247865334735
  0
ARC
  5
C4
330
17
100
AcDbEntity
  8
SLOTS
100
AcDbCircle
 10
2.3702325463342944
 20
1.125
 30
0.0
 40
0.125
100
AcDbArc
 50
231.67247865334735
 51
411.67247865334735
  0
LINE
  5
C5
330
17
100
AcDbEntity
  8
SLOTS
100
AcDbLine
 10
1.0833397717199287
 20
1.0269401779350178
 30
0.0
 11
1.0474805102146305
 21
1.0552880945172929
 31
0.0
  0
LINE
  5
C6
330
17
100
AcDbEntity
  8
SLOTS
100
AcDbLine
 10
1.2025194897853695
 20
1.2514077386472573
 30
0.0
 11
1.2383787512906677
 21
1.2230598220649822
 31
0.0
  0
ARC
  5
C7
330
17
100
AcDbEntity
  8
SLOTS
100
AcDbCircle
 10
1.125
 20
1.153347916582275
 30
0.0
 40
0.125
100
AcDbArc
 50
51.67247865334727
 51
231.67247865334727
  0
ARC
  5
C8
330
17
100
AcDbEntity
  8
SLOTS
100
AcDbCircle
 10
1.1608592615052982
 20
1.125
 30
0.0
 40
0.125
100
AcDbArc
 50
231.67247865334727
 51
411.6724786533473
  0
LINE
  5
C9
330
17
100
AcDbEntity
  8
SLOTS
100
AcDbLine
 10
5.584737968496078
 20
1.8801905469750706
 30
0.0
 11
10.511638945361799
 21
1.7816405005703924
 31
0.0
  0
LINE
  5
CA
330
17
100
AcDbEntity
  8
SLOTS
100
AcDbLine
 10
10.506639335162593
 20
1.531690497774121
 30
0.0
 11
5.579738358296871
 21
1.6302405441787993
 31
0.0
  0
ARC
  5
CB
330
17
100
AcDbEntity
  8
SLOTS
100
AcDbCircle
 10
10.509139140262196
 20
1.6566654991722567
 30
0.0
 40
0.125
100
AcDbArc
 50
-91.14590264475636
 51
88.85409735524364
  0
ARC
  5
CC
330
17
100
AcDbEntity
  8
SLOTS
100
AcDbCircle
 10
5.582238163396474
 20
1.755215545576935
 30
0.0
 40
0.125
100
AcDbArc
 50
88.85409735524364
 51
268.85409735524365
  0
LINE
  5
CD
330
17
100
AcDbEntity
  8
SLOTS
100
AcDbLine
 10
5.532637576641043
 20
2.631382703606253
 30
0.0
 11
10.50341208490372
 21
2.531955079475656
 31
0.0
  0
LINE
  5
CE
330
17
100
AcDbEntity
  8
SLOTS
100
AcDbLine
 10
10.498412474704514
 20
2.282005076679385
 30
0.0
 11
5.527637966441836
 21
2.3814327008099823
 31
0.0
  0
ARC
  5
CF
330
17
100
AcDbEntity
  8
SLOTS
100
AcDbCircle
 10
10.500912279804117
 20
2.4069800780775203
 30
0.0
 40
0.125
100
AcDbArc
 50
-91.14590264475636
 51
88.85409735524364
  0
ARC
  5
D0
330
17
100
AcDbEntity
  8
SLOTS
100
AcDbCircle
 10
5.5301377715414395
 20
2.5064077022081177
 30
0.0
 40
0.125
100
AcDbArc
 50
88.85409735524364
 51
268.85409735524365
  0
LINE
  5
D1
330
17
100
AcDbEntity
  8
SLOTS
100
AcDbLine
 10
5.578364345661599
 20
3.380618078217826
 30
0.0
 11
10.495185224445644
 21
3.282269658380919
 31
0.0
  0
LINE
  5
D2
330
17
100
AcDbEntity
  8
SLOTS
100
AcDbLine
 10
10.490185614246437
 20
3.032319655584648
 30
0.0
 11
5.573364735462393
 21
3.1306680754215552
 31
0.0
  0
ARC
  5
D3
330
17
100
AcDbEntity
  8
SLOTS
100
AcDbCircle
 10
10.49268541934604
 20
3.1572946569827836
 30
0.0
 40
0.125
100
AcDbArc
 50
-91.14590264475636
 51
88.85409735524364
  0
ARC
  5
D4
330
17
100
AcDbEntity
  8
SLOTS
100
AcDbCircle
 10
5.575864540561996
 20
3.2556430768196907
 30
0.0
 40
0.125
100
AcDbArc
 50
88.85409735524364
 51
268.85409735524365
  0
LINE
  5
D5
330
17
100
AcDbEntity
  8
SLOTS
100
AcDbLine
 10
8.956782329505847
 20
4.063191493229335
 30
0.0
 11
10.486958363987565
 21
4.032584237286183
 31
0.0
  0
LINE
  5
D6
330
17
100
AcDbEntity
  8
SLOTS
100
AcDbLine
 10
10.481958753788359
 20
3.7826342344899118
 30
0.0
 11
8.95178271930664
 21
3.8132414904330645
 31
0.0
  0
ARC
  5
D7
330
17
100
AcDbEntity
  8
SLOTS
100
AcDbCircle
 10
10.484458558887962
 20
3.907609235888047
 30
0.0
 40
0.125
100
AcDbArc
 50
-91.14590264475636
 51
88.85409735524364
  0
ARC
  5
D8
330
17
100
AcDbEntity
  8
SLOTS
100
AcDbCircle
 10
8.954282524406244
 20
3.9382164918312
 30
0.0
 40
0.125
100
AcDbArc
 50
88.85409735524364
 51
268.85409735524365
  0
LINE
  5
D9
330
17
100
AcDbEntity
  8
SLOTS
100
AcDbLine
 10
1.9253933277007929
 20
10.020400682758927
 30
0.0
 11
1.8075479983826752
 21
10.48710103180271
 31
0.0
  0
LINE
  5
DA
330
17
100
AcDbEntity
  8
SLOTS
100
AcDbLine
 10
2.049939938678738
 20
10.548306809957309
 30
0.0
 11
2.1677852679968557
 21
10.081606460913525
 31
0.0
  0
ARC
  5
DB
330
17
100
AcDbEntity
  8
SLOTS
100
AcDbCircle
 10
1.9287439685307066
 20
10.51770392088001
 30
0.0
 40
0.125
100
AcDbArc
 50
14.171380478845435
 51
194.17138047884544
  0
ARC
  5
DC
330
17
100
AcDbEntity
  8
SLOTS
100
AcDbCircle
 10
2.0465892978488243
 20
10.051003571836226
 30
0.0
 40
0.125
100
AcDbArc
 50
194.17138047884544
 51
374.17138047884544
  0
LINE
  5
DD
330
17
100
AcDbEntity
  8
SLOTS
100
AcDbLine
 10
1.5369033652283615
 20
8.49549295305054
 30
0.0
 11
1.0038040298519686
 21
10.606714902488639
 31
0.0
  0
LINE
  5
DE
330
17
100
AcDbEntity
  8
SLOTS
100
AcDbLine
 10
1.2461959701480314
 20
10.667920680643237
 30
0.0
 11
1.7792953055244243
 21
8.556698731205138
 31
0.0
  0
ARC
  5
DF
330
17
100
AcDbEntity
  8
SLOTS
100
AcDbCircle
 10
1.125
 20
10.637317791565938
 30
0.0
 40
0.125
100
AcDbArc
 50
14.171380478845478
 51
194.1713804788455
  0
ARC
  5
E0
330
17
100
AcDbEntity
  8
SLOTS
100
AcDbCircle
 10
1.6580993353763929
 20
8.52609584212784
 30
0.0
 40
0.125
100
AcDbArc
 50
194.1713804788455
 51
374.1713804788455
  0
LINE
  5
E1
330
17
100
AcDbEntity
  8
SLOTS
100
AcDbLine
 10
1.1484134027559303
 20
6.970585223342153
 30
0.0
 11
1.0038040298519686
 21
7.5432786444543085
 31
0.0
  0
LINE
  5
E2
330
17
100
AcDbEntity
  8
SLOTS
100
AcDbLine
 10
1.2461959701480314
 20
7.604484422608906
 30
0.0
 11
1.390805343051993
 21
7.03179100149675
 31
0.0
  0
ARC
  5
E3
330
17
100
AcDbEntity
  8
SLOTS
100
AcDbCircle
 10
1.125
 20
7.573881533531607
 30
0.0
 40
0.125
100
AcDbArc
 50
14.171380478845464
 51
194.17138047884546
  0
ARC
  5
E4
330
17
100
AcDbEntity
  8
SLOTS
100
AcDbCircle
 10
1.2696093729039617
 20
7.0011881124194515
 30
0.0
 40
0.125
100
AcDbArc
 50
194.17138047884546
 51
374.17138047884544
  0
LINE
  5
E5
330
17
100
AcDbEntity
  8
SLOTS
100
AcDbLine
 10
15.214472304726728
 20
2.070460276546349
 30
0.0
 11
15.18797836578103
 21
2.4504576051469824
 31
0.0
  0
LINE
  5
E6
330
17
100
AcDbEntity
  8
SLOTS
100
AcDbLine
 10
15.437372938268402
 20
2.4678457394299294
 30
0.0
 11
15.4638668772141
 21
2.087848410829296
 31
0.0
  0
ARC
  5
E7
330
17
100
AcDbEntity
  8
SLOTS
100
AcDbCircle
 10
15.312675652024716
 20
2.459151672288456
 30
0.0
 40
0.125
100
AcDbArc
 50
3.988286843601145
 51
183.98828684360114
  0
ARC
  5
E8
330
17
100
AcDbEntity
  8
SLOTS
100
AcDbCircle
 10
15.339169590970414
 20
2.0791543436878226
 30
0.0
 40
0.125
100
AcDbArc
 50
183.98828684360114
 51
363.98828684360114
  0
LINE
  5
E9
330
17
100
AcDbEntity
  8
SLOTS
100
AcDbLine
 10
14.52917657258342
 20
1.116305932858527
 30
0.0
 11
14.419838666806275
 21
2.684517899952637
 31
0.0
  0
LINE
  5
EA
330
17
100
AcDbEntity
  8
SLOTS
100
AcDbLine
 10
14.669233239293646
 20
2.701906034235583
 30
0.0
 11
14.778571145070792
 21
1.133694067141473
 31
0.0
  0
ARC
  5
EB
330
17
100
AcDbEntity
  8
SLOTS
100
AcDbCircle
 10
14.54453595304996
 20
2.69321196709411
 30
0.0
 40
0.125
100
AcDbArc
 50
3.9882868436009744
 51
183.98828684360097
  0
ARC
  5
EC
330
17
100
AcDbEntity
  8
SLOTS
100
AcDbCircle
 10
14.653873858827106
 20
1.125
 30
0.0
 40
0.125
100
AcDbArc
 50
183.98828684360097
 51
363.988286843601
  0
LINE
  5
ED
330
17
100
AcDbEntity
  8
SLOTS
100
AcDbLine
 10
13.777355880858083
 20
1.1163059328585268
 30
0.0
 11
13.65169896783152
 21
2.918578194758291
 31
0.0
  0
LINE
  5
EE
330
17
100
AcDbEntity
  8
SLOTS
100
AcDbLine
 10
13.901093540318891
 20
2.935966329041237
 30
0.0
 11
14.026750453345455
 21
1.1336940671414732
 31
0.0
  0
ARC
  5
EF
330
17
100
AcDbEntity
  8
SLOTS
100
AcDbCircle
 10
13.776396254075205
 20
2.927272261899764
 30
0.0
 40
0.125
100
AcDbArc
 50
3.9882868436009886
 51
183.98828684360097
  0
ARC
  5
F0
330
17
100
AcDbEntity
  8
SLOTS
100
AcDbCircle
 10
13.90205316710177
 20
1.125
 30
0.0
 40
0.125
100
AcDbArc
 50
183.98828684360097
 51
363.988286843601
  0
LINE
  5
F1
330
17
100
AcDbEntity
  8
SLOTS
100
AcDbLine
 10
13.025535189132743
 20
1.116305932858527
 30
0.0
 11
12.883559268856763
 21
3.1526384895639454
 31
0.0
  0
LINE
  5
F2
330
17
100
AcDbEntity
  8
SLOTS
100
AcDbLine
 10
13.132953841344134
 20
3.1700266238468915
 30
0.0
 11
13.274929761620115
 21
1.133694067141473
 31
0.0
  0
ARC
  5
F3
330
17
100
AcDbEntity
  8
SLOTS
100
AcDbCircle
 10
13.008256555100449
 20
3.1613325567054185
 30
0.0
 40
0.125
100
AcDbArc
 50
3.9882868436009744
 51
183.98828684360097
  0
ARC
  5
F4
330
17
100
AcDbEntity
  8
SLOTS
100
AcDbCircle
 10
13.150232475376429
 20
1.125
 30
0.0
 40
0.125
100
AcDbArc
 50
183.98828684360097
 51
363.988286843601
  0
LINE
  5
F5
330
17
100
AcDbEntity
  8
SLOTS
100
AcDbLine
 10
12.273714497407402
 20
1.116305932858527
 30
0.0
 11
12.115419569882006
 21
3.3866987843696
 31
0.0
  0
LINE
  5
F6
330
17
100
AcDbEntity
  8
SLOTS
100
AcDbLine
 10
12.364814142369378
 20
3.404086918652546
 30
0.0
 11
12.523109069894774
 21
1.133694067141473
 31
0.0
  0
ARC
  5
F7
330
17
100
AcDbEntity
  8
SLOTS
100
AcDbCircle
 10
12.240116856125692
 20
3.395392851511073
 30
0.0
 40
0.125
100
AcDbArc
 50
3.98828684360096
 51
183.98828684360097
  0
ARC
  5
F8
330
17
100
AcDbEntity
  8
SLOTS
100
AcDbCircle
 10
12.398411783651088
 20
1.125
 30
0.0
 40
0.125
100
AcDbArc
 50
183.98828684360097
 51
363.988286843601
  0
LINE
  5
F9
330
17
100
AcDbEntity
  8
SLOTS
100
AcDbLine
 10
11.521893805682064
 20
1.116305932858527
 30
0.0
 11
11.34727987090725
 21
3.620759079175254
 31
0.0
  0
LINE
  5
FA
330
17
100
AcDbEntity
  8
SLOTS
100
AcDbLine
 10
11.596674443394623
 20
3.6381472134582
 30
0.0
 11
11.771288378169436
 21
1.133694067141473
 31
0.0
  0
ARC
  5
FB
330
17
100
AcDbEntity
  8
SLOTS
100
AcDbCircle
 10
11.471977157150937
 20
3.629453146316727
 30
0.0
 40
0.125
100
AcDbArc
 50
3.9882868436009318
 51
183.98828684360092
  0
ARC
  5
FC
330
17
100
AcDbEntity
  8
SLOTS
100
AcDbCircle
 10
11.64659109192575
 20
1.125
 30
0.0
 40
0.125
100
AcDbArc
 50
183.98828684360092
 51
363.9882868436009
  0
LINE
  5
FD
330
17
100
AcDbEntity
  8
SLOTS
100
AcDbLine
 10
21.140533509673784
 20
5.988472873444442
 30
0.0
 11
21.075985085870737
 21
6.971349111199184
 31
0.0
  0
LINE
  5
FE
330
17
100
AcDbEntity
  8
SLOTS
100
AcDbLine
 10
21.32544770577101
 20
6.98773206796811
 30
0.0
 11
21.389996129574055
 21
6.004855830213367
 31
0.0
  0
ARC
  5
FF
330
17
100
AcDbEntity
  8
SLOTS
100
AcDbCircle
 10
21.200716395820873
 20
6.979540589583647
 30
0.0
 40
0.125
100
AcDbArc
 50
3.757389696478313
 51
183.7573896964783
  0
ARC
  5
100
330
17
100
AcDbEntity
  8
SLOTS
100
AcDbCircle
 10
21.26526481962392
 20
5.996664351828905
 30
0.0
 40
0.125
100
AcDbArc
 50
183.7573896964783
 51
363.7573896964783
  0
LINE
  5
101
330
17
100
AcDbEntity
  8
SLOTS
100
AcDbLine
 10
20.41330060662111
 20
5.61719833414171
 30
0.0
 11
20.21641967048018
 21
8.61509638336858
 31
0.0
  0
LINE
  5
102
330
17
100
AcDbEntity
  8
SLOTS
100
AcDbLine
 10
20.465882290380453
 20
8.631479340137506
 30
0.0
 11
20.66276322652138
 21
5.633581290910637
 31
0.0
  0
ARC
  5
103
330
17
100
AcDbEntity
  8
SLOTS
100
AcDbCircle
 10
20.341150980430317
 20
8.623287861753044
 30
0.0
 40
0.125
100
AcDbArc
 50
3.757389696478427
 51
183.7573896964784
  0
ARC
  5
104
330
17
100
AcDbEntity
  8
SLOTS
100
AcDbCircle
 10
20.538031916571246
 20
5.625389812526174
 30
0.0
 40
0.125
100
AcDbArc
 50
183.7573896964784
 51
363.7573896964784
  0
LINE
  5
105
330
17
100
AcDbEntity
  8
SLOTS
100
AcDbLine
 10
19.686067703568437
 20
5.245923794838979
 30
0.0
 11
19.38473174861757
 21
9.834354189453123
 31
0.0
  0
LINE
  5
106
330
17
100
AcDbEntity
  8
SLOTS
100
AcDbLine
 10
19.63419436851784
 20
9.850737146222048
 30
0.0
 11
19.935530323468708
 21
5.262306751607906
 31
0.0
  0
ARC
  5
107
330
17
100
AcDbEntity
  8
SLOTS
100
AcDbCircle
 10
19.509463058567704
 20
9.842545667837586
 30
0.0
 40
0.125
100
AcDbArc
 50
3.757389696478427
 51
183.7573896964784
  0
ARC
  5
108
330
17
100
AcDbEntity
  8
SLOTS
100
AcDbCircle
 10
19.810799013518572
 20
5.254115273223443
 30
0.0
 40
0.125
100
AcDbArc
 50
183.7573896964784
 51
363.7573896964784
  0
LINE
  5
109
330
17
100
AcDbEntity
  8
SLOTS
100
AcDbLine
 10
18.958834800515767
 20
4.874649255536251
 30
0.0
 11
18.638196067459432
 21
9.75700227141227
 31
0.0
  0
LINE
  5
10A
330
17
100
AcDbEntity
  8
SLOTS
100
AcDbLine
 10
18.887658687359703
 20
9.773385228181196
 30
0.0
 11
19.208297420416038
 21
4.891032212305178
 31
0.0
  0
ARC
  5
10B
330
17
100
AcDbEntity
  8
SLOTS
100
AcDbCircle
 10
18.762927377409568
 20
9.765193749796733
 30
0.0
 40
0.125
100
AcDbArc
 50
3.757389696478441
 51
183.75738969647844
  0
ARC
  5
10C
330
17
100
AcDbEntity
  8
SLOTS
100
AcDbCircle
 10
19.083566110465902
 20
4.882840733920714
 30
0.0
 40
0.125
100
AcDbArc
 50
183.75738969647844
 51
363.7573896964784
  0
LINE
  5
10D
330
17
100
AcDbEntity
  8
SLOTS
100
AcDbLine
 10
18.231601897463094
 20
4.50337471623352
 30
0.0
 11
17.892331365989474
 21
9.669433372805907
 31
0.0
  0
LINE
  5
10E
330
17
100
AcDbEntity
  8
SLOTS
100
AcDbLine
 10
18.141793985889745
 20
9.685816329574832
 30
0.0
 11
18.481064517363365
 21
4.519757673002447
 31
0.0
  0
ARC
  5
10F
330
17
100
AcDbEntity
  8
SLOTS
100
AcDbCircle
 10
18.01706267593961
 20
9.67762485119037
 30
0.0
 40
0.125
100
AcDbArc
 50
3.757389696478455
 51
183.75738969647847
  0
ARC
  5
110
330
17
100
AcDbEntity
  8
SLOTS
100
AcDbCircle
 10
18.35633320741323
 20
4.511566194617983
 30
0.0
 40
0.125
100
AcDbArc
 50
183.75738969647847
 51
363.75738969647847
  0
LINE
  5
111
330
17
100
AcDbEntity
  8
SLOTS
100
AcDbLine
 10
17.50436899441042
 20
4.132100176930789
 30
0.0
 11
17.14646666451952
 21
9.581864474199543
 31
0.0
  0
LINE
  5
112
330
17
100
AcDbEntity
  8
SLOTS
100
AcDbLine
 10
17.39592928441979
 20
9.598247430968469
 30
0.0
 11
17.75383161431069
 21
4.148483133699716
 31
0.0
  0
ARC
  5
113
330
17
100
AcDbEntity
  8
SLOTS
100
AcDbCircle
 10
17.271197974469654
 20
9.590055952584006
 30
0.0
 40
0.125
100
AcDbArc
 50
3.757389696478441
 51
183.75738969647844
  0
ARC
  5
114
330
17
100
AcDbEntity
  8
SLOTS
100
AcDbCircle
 10
17.629100304360556
 20
4.140291655315252
 30
0.0
 40
0.125
100
AcDbArc
 50
183.75738969647844
 51
363.7573896964784
  0
LINE
  5
115
330
17
100
AcDbEntity
  8
SLOTS
100
AcDbLine
 10
16.77713609135775
 20
3.7608256376280593
 30
0.0
 11
16.400601963049564
 21
9.49429557559318
 31
0.0
  0
LINE
  5
116
330
17
100
AcDbEntity
  8
SLOTS
100
AcDbLine
 10
16.650064582949835
 20
9.510678532362105
 30
0.0
 11
17.02659871125802
 21
3.7772085943969866
 31
0.0
  0
ARC
  5
117
330
17
100
AcDbEntity
  8
SLOTS
100
AcDbCircle
 10
16.5253332729997
 20
9.502487053977642
 30
0.0
 40
0.125
100
AcDbArc
 50
3.757389696478455
 51
183.75738969647847
  0
ARC
  5
118
330
17
100
AcDbEntity
  8
SLOTS
100
AcDbCircle
 10
16.901867401307886
 20
3.769017116012523
 30
0.0
 40
0.125
100
AcDbArc
 50
183.75738969647847
 51
363.75738969647847
  0
LINE
  5
119
330
17
100
AcDbEntity
  8
SLOTS
100
AcDbLine
 10
16.049903188305077
 20
3.3895510983253283
 30
0.0
 11
15.654737261579607
 21
9.406726676986816
 31
0.0
  0
LINE
  5
11A
330
17
100
AcDbEntity
  8
SLOTS
100
AcDbLine
 10
15.904199881479878
 20
9.423109633755741
 30
0.0
 11
16.299365808205348
 21
3.4059340550942556
 31
0.0
  0
ARC
  5
11B
330
17
100
AcDbEntity
  8
SLOTS
100
AcDbCircle
 10
15.779468571529742
 20
9.414918155371279
 30
0.0
 40
0.125
100
AcDbArc
 50
3.757389696478455
 51
183.75738969647847
  0
ARC
  5
11C
330
17
100
AcDbEntity
  8
SLOTS
100
AcDbCircle
 10
16.174634498255212
 20
3.397742576709792
 30
0.0
 40
0.125
100
AcDbArc
 50
183.75738969647847
 51
363.75738969647847
  0
LINE
  5
11D
330
17
100
AcDbEntity
  8
SLOTS
100
AcDbLine
 10
15.31089748295034
 20
3.197540543373169
 30
0.0
 11
14.908872560109652
 21
9.319157778380452
 31
0.0
  0
LINE
  5
11E
330
17
100
AcDbEntity
  8
SLOTS
100
AcDbLine
 10
15.158335180009923
 20
9.335540735149378
 30
0.0
 11
15.56036010285061
 21
3.2139235001420965
 31
0.0
  0
ARC
  5
11F
330
17
100
AcDbEntity
  8
SLOTS
100
AcDbCircle
 10
15.033603870059787
 20
9.327349256764915
 30
0.0
 40
0.125
100
AcDbArc
 50
3.757389696478441
 51
183.75738969647844
  0
ARC
  5
120
330
17
100
AcDbEntity
  8
SLOTS
100
AcDbCircle
 10
15.435628792900475
 20
3.205732021757633
 30
0.0
 40
0.125
100
AcDbArc
 50
183.75738969647844
 51
363.7573896964784
  0
LINE
  5
121
330
17
100
AcDbEntity
  8
SLOTS
100
AcDbLine
 10
14.543933966764166
 20
3.431242442836663
 30
0.0
 11
14.163007858639693
 21
9.231588879774089
 31
0.0
  0
LINE
  5
122
330
17
100
AcDbEntity
  8
SLOTS
100
AcDbLine
 10
14.412470478539964
 20
9.247971836543014
 30
0.0
 11
14.793396586664437
 21
3.4476253996055903
 31
0.0
  0
ARC
  5
123
330
17
100
AcDbEntity
  8
SLOTS
100
AcDbCircle
 10
14.287739168589829
 20
9.239780358158551
 30
0.0
 40
0.125
100
AcDbArc
 50
3.757389696478441
 51
183.75738969647844
  0
ARC
  5
124
330
17
100
AcDbEntity
  8
SLOTS
100
AcDbCircle
 10
14.668665276714302
 20
3.4394339212211267
 30
0.0
 40
0.125
100
AcDbArc
 50
183.75738969647844
 51
363.7573896964784
  0
LINE
  5
125
330
17
100
AcDbEntity
  8
SLOTS
100
AcDbLine
 10
13.776970450577997
 20
3.6649443423001555
 30
0.0
 11
13.417143157169738
 21
9.144019981167725
 31
0.0
  0
LINE
  5
126
330
17
100
AcDbEntity
  8
SLOTS
100
AcDbLine
 10
13.666605777070009
 20
9.16040293793665
 30
0.0
 11
14.026433070478268
 21
3.681327299069083
 31
0.0
  0
ARC
  5
127
330
17
100
AcDbEntity
  8
SLOTS
100
AcDbCircle
 10
13.541874467119873
 20
9.152211459552188
 30
0.0
 40
0.125
100
AcDbArc
 50
3.757389696478427
 51
183.7573896964784
  0
ARC
  5
128
330
17
100
AcDbEntity
  8
SLOTS
100
AcDbCircle
 10
13.901701760528132
 20
3.673135820684619
 30
0.0
 40
0.125
100
AcDbArc
 50
183.7573896964784
 51
363.7573896964784
  0
LINE
  5
129
330
17
100
AcDbEntity
  8
SLOTS
100
AcDbLine
 10
13.010006934391827
 20
3.898646241763649
 30
0.0
 11
12.67127845569978
 21
9.056451082561361
 31
0.0
  0
LINE
  5
12A
330
17
100
AcDbEntity
  8
SLOTS
100
AcDbLine
 10
12.92074107560005
 20
9.072834039330287
 30
0.0
 11
13.259469554292098
 21
3.9150291985325762
 31
0.0
  0
ARC
  5
12B
330
17
100
AcDbEntity
  8
SLOTS
100
AcDbCircle
 10
12.796009765649915
 20
9.064642560945824
 30
0.0
 40
0.125
100
AcDbArc
 50
3.757389696478455
 51
183.75738969647847
  0
ARC
  5
12C
330
17
100
AcDbEntity
  8
SLOTS
100
AcDbCircle
 10
13.134738244341962
 20
3.9068377201481126
 30
0.0
 40
0.125
100
AcDbArc
 50
183.75738969647847
 51
363.75738969647847
  0
LINE
  5
12D
330
17
100
AcDbEntity
  8
SLOTS
100
AcDbLine
 10
12.243043418205657
 20
4.1323481412271414
 30
0.0
 11
11.925413754229824
 21
8.968882183954998
 31
0.0
  0
LINE
  5
12E
330
17
100
AcDbEntity
  8
SLOTS
100
AcDbLine
 10
12.174876374130095
 20
8.985265140723923
 30
0.0
 11
12.492506038105928
 21
4.148731097996069
 31
0.0
  0
ARC
  5
12F
330
17
100
AcDbEntity
  8
SLOTS
100
AcDbCircle
 10
12.05014506417996
 20
8.97707366233946
 30
0.0
 40
0.125
100
AcDbArc
 50
3.757389696478441
 51
183.75738969647844
  0
ARC
  5
130
330
17
100
AcDbEntity
  8
SLOTS
100
AcDbCircle
 10
12.367774728155792
 20
4.140539619611605
 30
0.0
 40
0.125
100
AcDbArc
 50
183.75738969647844
 51
363.7573896964784
  0
LINE
  5
131
330
17
100
AcDbEntity
  8
SLOTS
100
AcDbLine
 10
11.476079902019487
 20
4.366050040690634
 30
0.0
 11
11.28399949013543
 21
7.290850701277286
 31
0.0
  0
LINE
  5
132
330
17
100
AcDbEntity
  8
SLOTS
100
AcDbLine
 10
11.533462110035702
 20
7.307233658046213
 30
0.0
 11
11.725542521919758
 21
4.382432997459562
 31
0.0
  0
ARC
  5
133
330
17
100
AcDbEntity
  8
SLOTS
100
AcDbCircle
 10
11.408730800085566
 20
7.2990421796617495
 30
0.0
 40
0.125
100
AcDbArc
 50
3.757389696478427
 51
183.7573896964784
  0
ARC
  5
134
330
17
100
AcDbEntity
  8
SLOTS
100
AcDbCircle
 10
11.600811211969623
 20
4.374241519075098
 30
0.0
 40
0.125
100
AcDbArc
 50
183.7573896964784
 51
363.7573896964784
  0
LINE
  5
135
330
17
100
AcDbEntity
  8
SLOTS
100
AcDbLine
 10
21.997429393733984
 20
4.91726001831011
 30
0.0
 11
21.743942867585236
 21
5.39698161827093
 31
0.0
  0
LINE
  5
136
330
17
100
AcDbEntity
  8
SLOTS
100
AcDbLine
 10
21.964981944966983
 20
5.513779419064555
 30
0.0
 11
22.21846847111573
 21
5.034057819103735
 31
0.0
  0
ARC
  5
137
330
17
100
AcDbEntity
  8
SLOTS
100
AcDbCircle
 10
21.85446240627611
 20
5.455380518667742
 30
0.0
 40
0.125
100
AcDbArc
 50
27.852125380059846
 51
207.85212538005985
  0
ARC
  5
138
330
17
100
AcDbEntity
  8
SLOTS
100
AcDbCircle
 10
22.107948932424858
 20
4.975658918706922
 30
0.0
 40
0.125
100
AcDbArc
 50
207.85212538005985
 51
387.8521253800599
  0
LINE
  5
139
330
17
100
AcDbEntity
  8
SLOTS
100
AcDbLine
 10
22.840263211493088
 20
1.7168640611628652
 30
0.0
 11
21.075893572527917
 21
5.055922112832195
 31
0.0
  0
LINE
  5
13A
330
17
100
AcDbEntity
  8
SLOTS
100
AcDbLine
 10
21.296932649909664
 20
5.17271991362582
 30
0.0
 11
23.061302288874835
 21
1.83366186195649
 31
0.0
  0
ARC
  5
13B
330
17
100
AcDbEntity
  8
SLOTS
100
AcDbCircle
 10
21.18641311121879
 20
5.114321013229008
 30
0.0
 40
0.125
100
AcDbArc
 50
27.852125380059874
 51
207.85212538005987
  0
ARC
  5
13C
330
17
100
AcDbEntity
  8
SLOTS
100
AcDbCircle
 10
22.95078275018396
 20
1.7752629615596776
 30
0.0
 40
0.125
100
AcDbArc
 50
207.85212538005987
 51
387.8521253800599
  0
LINE
  5
13D
330
17
100
AcDbEntity
  8
SLOTS
100
AcDbLine
 10
22.22790736101002
 20
1.2704050745587603
 30
0.0
 11
20.4078442774706
 21
4.714862607393459
 31
0.0
  0
LINE
  5
13E
330
17
100
AcDbEntity
  8
SLOTS
100
AcDbLine
 10
20.628883354852345
 20
4.831660408187084
 30
0.0
 11
22.448946438391765
 21
1.3872028753523846
 31
0.0
  0
ARC
  5
13F
330
17
100
AcDbEntity
  8
SLOTS
100
AcDbCircle
 10
20.51836381616147
 20
4.773261507790272
 30
0.0
 40
0.125
100
AcDbArc
 50
27.85212538005983
 51
207.85212538005982
  0
ARC
  5
140
330
17
100
AcDbEntity
  8
SLOTS
100
AcDbCircle
 10
22.33842689970089
 20
1.3288039749555725
 30
0.0
 40
0.125
100
AcDbArc
 50
207.85212538005982
 51
387.8521253800598
  0
LINE
  5
141
330
17
100
AcDbEntity
  8
SLOTS
100
AcDbLine
 10
21.48733177649706
 20
1.0666010996031878
 30
0.0
 11
19.73979498241328
 21
4.373803101954724
 31
0.0
  0
LINE
  5
142
330
17
100
AcDbEntity
  8
SLOTS
100
AcDbLine
 10
19.960834059795026
 20
4.4906009027483496
 30
0.0
 11
21.708370853878808
 21
1.1833989003968122
 31
0.0
  0
ARC
  5
143
330
17
100
AcDbEntity
  8
SLOTS
100
AcDbCircle
 10
19.850314521104153
 20
4.432202002351537
 30
0.0
 40
0.125
100
AcDbArc
 50
27.85212538005983
 51
207.85212538005982
  0
ARC
  5
144
330
17
100
AcDbEntity
  8
SLOTS
100
AcDbCircle
 10
21.597851315187935
 20
1.125
 30
0.0
 40
0.125
100
AcDbArc
 50
207.85212538005982
 51
387.8521253800598
  0
LINE
  5
145
330
17
100
AcDbEntity
  8
SLOTS
100
AcDbLine
 10
20.639065477972032
 20
1.0666010996031878
 30
0.0
 11
19.07174568735596
 21
4.0327435965159895
 31
0.0
  0
LINE
  5
146
330
17
100
AcDbEntity
  8
SLOTS
100
AcDbLine
 10
19.292784764737707
 20
4.149541397309615
 30
0.0
 11
20.86010455535378
 21
1.1833989003968122
 31
0.0
  0
ARC
  5
147
330
17
100
AcDbEntity
  8
SLOTS
100
AcDbCircle
 10
19.182265226046834
 20
4.091142496912802
 30
0.0
 40
0.125
100
AcDbArc
 50
27.85212538005983
 51
207.85212538005982
  0
ARC
  5
148
330
17
100
AcDbEntity
  8
SLOTS
100
AcDbCircle
 10
20.749585016662905
 20
1.125
 30
0.0
 40
0.125
100
AcDbArc
 50
207.85212538005982
 51
387.8521253800598
  0
LINE
  5
149
330
17
100
AcDbEntity
  8
SLOTS
100
AcDbLine
 10
19.790799179447003
 20
1.0666010996031878
 30
0.0
 11
18.40369639229864
 21
3.6916840910772555
 31
0.0
  0
LINE
  5
14A
330
17
100
AcDbEntity
  8
SLOTS
100
AcDbLine
 10
18.624735469680388
 20
3.80848189187088
 30
0.0
 11
20.01183825682875
 21
1.1833989003968122
 31
0.0
  0
ARC
  5
14B
330
17
100
AcDbEntity
  8
SLOTS
100
AcDbCircle
 10
18.514215930989515
 20
3.7500829914740677
 30
0.0
 40
0.125
100
AcDbArc
 50
27.85212538005983
 51
207.85212538005982
  0
ARC
  5
14C
330
17
100
AcDbEntity
  8
SLOTS
100
AcDbCircle
 10
19.901318718137876
 20
1.125
 30
0.0
 40
0.125
100
AcDbArc
 50
207.85212538005982
 51
387.8521253800598
  0
LINE
  5
14D
330
17
100
AcDbEntity
  8
SLOTS
100
AcDbLine
 10
18.942532880921974
 20
1.0666010996031878
 30
0.0
 11
17.735647097241323
 21
3.350624585638521
 31
0.0
  0
LINE
  5
14E
330
17
100
AcDbEntity
  8
SLOTS
100
AcDbLine
 10
17.95668617462307
 20
3.4674223864321454
 30
0.0
 11
19.16357195830372
 21
1.1833989003968122
 31
0.0
  0
ARC
  5
14F
330
17
100
AcDbEntity
  8
SLOTS
100
AcDbCircle
 10
17.846166635932196
 20
3.4090234860353332
 30
0.0
 40
0.125
100
AcDbArc
 50
27.85212538005983
 51
207.85212538005982
  0
ARC
  5
150
330
17
100
AcDbEntity
  8
SLOTS
100
AcDbCircle
 10
19.053052419612847
 20
1.125
 30
0.0
 40
0.125
100
AcDbArc
 50
207.85212538005982
 51
387.8521253800598
  0
LINE
  5
151
330
17
100
AcDbEntity
  8
SLOTS
100
AcDbLine
 10
18.09426658239694
 20
1.0666010996031878
 30
0.0
 11
17.067597802184004
 21
3.0095650801997853
 31
0.0
  0
LINE
  5
152
330
17
100
AcDbEntity
  8
SLOTS
100
AcDbLine
 10
17.28863687956575
 20
3.1263628809934096
 30
0.0
 11
18.315305659778687
 21
1.1833989003968122
 31
0.0
  0
ARC
  5
153
330
17
100
AcDbEntity
  8
SLOTS
100
AcDbCircle
 10
17.178117340874877
 20
3.0679639805965975
 30
0.0
 40
0.125
100
AcDbArc
 50
27.852125380059775
 51
207.85212538005976
  0
ARC
  5
154
330
17
100
AcDbEntity
  8
SLOTS
100
AcDbCircle
 10
18.204786121087814
 20
1.125
 30
0.0
 40
0.125
100
AcDbArc
 50
207.85212538005976
 51
387.85212538005976
  0
LINE
  5
155
330
17
100
AcDbEntity
  8
SLOTS
100
AcDbLine
 10
17.246000283871915
 20
1.0666010996031876
 30
0.0
 11
16.399548507126685
 21
2.668505574761051
 31
0.0
  0
LINE
  5
156
330
17
100
AcDbEntity
  8
SLOTS
100
AcDbLine
 10
16.62058758450843
 20
2.785303375554675
 30
0.0
 11
17.46703936125366
 21
1.1833989003968124
 31
0.0
  0
ARC
  5
157
330
17
100
AcDbEntity
  8
SLOTS
100
AcDbCircle
 10
16.510068045817558
 20
2.726904475157863
 30
0.0
 40
0.125
100
AcDbArc
 50
27.852125380059874
 51
207.85212538005987
  0
ARC
  5
158
330
17
100
AcDbEntity
  8
SLOTS
100
AcDbCircle
 10
17.356519822562788
 20
1.125
 30
0.0
 40
0.125
100
AcDbArc
 50
207.85212538005987
 51
387.8521253800599
  0
LINE
  5
159
330
17
100
AcDbEntity
  8
SLOTS
100
AcDbLine
 10
16.397733985346886
 20
1.0666010996031874
 30
0.0
 11
15.982949676188047
 21
1.851577703493987
 31
0.0
  0
LINE
  5
15A
330
17
100
AcDbEntity
  8
SLOTS
100
AcDbLine
 10
16.203988753569792
 20
1.9683755042876123
 30
0.0
 11
16.618773062728632
 21
1.1833989003968126
 31
0.0
  0
ARC
  5
15B
330
17
100
AcDbEntity
  8
SLOTS
100
AcDbCircle
 10
16.09346921487892
 20
1.9099766038907997
 30
0.0
 40
0.125
100
AcDbArc
 50
27.852125380060002
 51
207.85212538006
  0
ARC
  5
15C
330
17
100
AcDbEntity
  8
SLOTS
100
AcDbCircle
 10
16.50825352403776
 20
1.125
 30
0.0
 40
0.125
100
AcDbArc
 50
207.85212538006
 51
387.85212538006
  0
LINE
  5
15D
330
17
100
AcDbEntity
  8
SLOTS
100
AcDbLine
 10
19.25616443323659
 20
17.532944870229354
 30
0.0
 11
19.0266508035416
 21
19.563775597673086
 31
0.0
  0
LINE
  5
15E
330
17
100
AcDbEntity
  8
SLOTS
100
AcDbLine
 10
19.275069397210792
 20
19.591850538802476
 30
0.0
 11
19.504583026905784
 21
17.561019811358744
 31
0.0
  0
ARC
  5
15F
330
17
100
AcDbEntity
  8
SLOTS
100
AcDbCircle
 10
19.150860100376196
 20
19.57781306823778
 30
0.0
 40
0.125
100
AcDbArc
 50
6.44790396409681
 51
186.4479039640968
  0
ARC
  5
160
330
17
100
AcDbEntity
  8
SLOTS
100
AcDbCircle
 10
19.380373730071188
 20
17.54698234079405
 30
0.0
 40
0.125
100
AcDbArc
 50
186.4479039640968
 51
366.4479039640968
  0
LINE
  5
161
330
17
100
AcDbEntity
  8
SLOTS
100
AcDbLine
 10
18.498572999803606
 20
17.557870958801658
 30
0.0
 11
18.151951157060225
 21
20.624923185642864
 31
0.0
  0
LINE
  5
162
330
17
100
AcDbEntity
  8
SLOTS
100
AcDbLine
 10
18.400369750729418
 20
20.652998126772253
 30
0.0
 11
18.7469915934728
 21
17.585945899931048
 31
0.0
  0
ARC
  5
163
330
17
100
AcDbEntity
  8
SLOTS
100
AcDbCircle
 10
18.27616045389482
 20
20.63896065620756
 30
0.0
 40
0.125
100
AcDbArc
 50
6.447903964096753
 51
186.44790396409675
  0
ARC
  5
164
330
17
100
AcDbEntity
  8
SLOTS
100
AcDbCircle
 10
18.622782296638203
 20
17.571908429366353
 30
0.0
 40
0.125
100
AcDbArc
 50
186.44790396409675
 51
366.4479039640968
  0
LINE
  5
165
330
17
100
AcDbEntity
  8
SLOTS
100
AcDbLine
 10
17.740981566370618
 20
17.58279704737396
 30
0.0
 11
17.38966188843652
 21
20.691417646735978
 31
0.0
  0
LINE
  5
166
330
17
100
AcDbEntity
  8
SLOTS
100
AcDbLine
 10
17.638080482105714
 20
20.719492587865368
 30
0.0
 11
17.98940016003981
 21
17.610871988503348
 31
0.0
  0
ARC
  5
167
330
17
100
AcDbEntity
  8
SLOTS
100
AcDbCircle
 10
17.513871185271118
 20
20.705455117300673
 30
0.0
 40
0.125
100
AcDbArc
 50
6.44790396409681
 51
186.4479039640968
  0
ARC
  5
168
330
17
100
AcDbEntity
  8
SLOTS
100
AcDbCircle
 10
17.865190863205214
 20
17.596834517938653
 30
0.0
 40
0.125
100
AcDbArc
 50
186.4479039640968
 51
366.4479039640968
  0
LINE
  5
169
330
17
100
AcDbEntity
  8
SLOTS
100
AcDbLine
 10
16.983390132937625
 20
17.607723135946262
 30
0.0
 11
16.637560294917048
 21
20.667767380170112
 31
0.0
  0
LINE
  5
16A
330
17
100
AcDbEntity
  8
SLOTS
100
AcDbLine
 10
16.88597888858624
 20
20.6958423212995
 30
0.0
 11
17.23180872660682
 21
17.635798077075652
 31
0.0
  0
ARC
  5
16B
330
17
100
AcDbEntity
  8
SLOTS
100
AcDbCircle
 10
16.761769591751644
 20
20.681804850734807
 30
0.0
 40
0.125
100
AcDbArc
 50
6.447903964096739
 51
186.44790396409672
  0
ARC
  5
16C
330
17
100
AcDbEntity
  8
SLOTS
100
AcDbCircle
 10
17.107599429772222
 20
17.621760606510957
 30
0.0
 40
0.125
100
AcDbArc
 50
186.44790396409672
 51
366.4479039640967
  0
LINE
  5
16D
330
17
100
AcDbEntity
  8
SLOTS
100
AcDbLine
 10
16.22579869950464
 20
17.632649224518563
 30
0.0
 11
15.990484384873538
 21
19.714806791349247
 31
0.0
  0
LINE
  5
16E
330
17
100
AcDbEntity
  8
SLOTS
100
AcDbLine
 10
16.238902978542733
 20
19.742881732478637
 30
0.0
 11
16.474217293173833
 21
17.660724165647952
 31
0.0
  0
ARC
  5
16F
330
17
100
AcDbEntity
  8
SLOTS
100
AcDbCircle
 10
16.114693681708136
 20
19.72884426191394
 30
0.0
 40
0.125
100
AcDbArc
 50
6.447903964096767
 51
186.44790396409678
  0
ARC
  5
170
330
17
100
AcDbEntity
  8
SLOTS
100
AcDbCircle
 10
16.350007996339237
 20
17.646686695083257
 30
0.0
 40
0.125
100
AcDbArc
 50
186.44790396409678
 51
366.4479039640968
  0
LINE
  5
171
330
17
100
AcDbEntity
  8
SLOTS
100
AcDbLine
 10
15.365764392205554
 20
18.564031876613434
 30
0.0
 11
15.365253488297494
 21
18.568552563932247
 31
0.0
  0
LINE
  5
172
330
17
100
AcDbEntity
  8
SLOTS
100
AcDbLine
 10
15.613672081966683
 20
18.596627505061694
 30
0.0
 11
15.614182985874743
 21
18.59210681774288
 31
0.0
  0
ARC
  5
173
330
17
100
AcDbEntity
  8
SLOTS
100
AcDbCircle
 10
15.489462785132089
 20
18.58259003449697
 30
0.0
 40
0.125
100
AcDbArc
 50
6.447903964108903
 51
186.4479039641089
  0
ARC
  5
174
330
17
100
AcDbEntity
  8
SLOTS
100
AcDbCircle
 10
15.489973689040148
 20
18.578069347178157
 30
0.0
 40
0.125
100
AcDbArc
 50
186.4479039641089
 51
366.4479039641089
  0
LINE
  5
175
330
17
100
AcDbEntity
  8
SLOTS
100
AcDbLine
 10
24.772666527013186
 20
18.435498466189177
 30
0.0
 11
25.389043399580324
 21
18.930225356965355
 31
0.0
  0
LINE
  5
176
330
17
100
AcDbEntity
  8
SLOTS
100
AcDbLine
 10
25.545530452744472
 20
18.73525920043556
 30
0.0
 11
24.929153580177335
 21
18.240532309659383
 31
0.0
  0
ARC
  5
177
330
17
100
AcDbEntity
  8
SLOTS
100
AcDbCircle
 10
25.467286926162398
 20
18.832742278700458
 30
0.0
 40
0.125
100
AcDbArc
 50
-51.24818236836748
 51
128.75181763163252
  0
ARC
  5
178
330
17
100
AcDbEntity
  8
SLOTS
100
AcDbCircle
 10
24.85091005359526
 20
18.33801538792428
 30
0.0
 40
0.125
100
AcDbArc
 50
128.75181763163252
 51
308.75181763163255
  0
LINE
  5
179
330
17
100
AcDbEntity
  8
SLOTS
100
AcDbLine
 10
23.492874735058074
 20
18.369995578846915
 30
0.0
 11
25.273137777053176
 21
19.798900586041267
 31
0.0
  0
LINE
  5
17A
330
17
100
AcDbEntity
  8
SLOTS
100
AcDbLine
 10
25.429624830217325
 20
19.603934429511472
 30
0.0
 11
23.649361788222222
 21
18.17502942231712
 31
0.0
  0
ARC
  5
17B
330
17
100
AcDbEntity
  8
SLOTS
100
AcDbCircle
 10
25.35138130363525
 20
19.70141750777637
 30
0.0
 40
0.125
100
AcDbArc
 50
-51.24818236836747
 51
128.75181763163252
  0
ARC
  5
17C
330
17
100
AcDbEntity
  8
SLOTS
100
AcDbCircle
 10
23.571118261640148
 20
18.272512500582017
 30
0.0
 40
0.125
100
AcDbArc
 50
128.75181763163252
 51
308.75181763163255
  0
LINE
  5
17D
330
17
100
AcDbEntity
  8
SLOTS
100
AcDbLine
 10
22.21308294310295
 20
18.304492691504656
 30
0.0
 11
25.157232154526028
 21
20.667575815117186
 31
0.0
  0
LINE
  5
17E
330
17
100
AcDbEntity
  8
SLOTS
100
AcDbLine
 10
25.313719207690177
 20
20.47260965858739
 30
0.0
 11
22.3695699962671
 21
18.10952653497486
 31
0.0
  0
ARC
  5
17F
330
17
100
AcDbEntity
  8
SLOTS
100
AcDbCircle
 10
25.235475681108102
 20
20.57009273685229
 30
0.0
 40
0.125
100
AcDbArc
 50
-51.24818236836753
 51
128.75181763163246
  0
ARC
  5
180
330
17
100
AcDbEntity
  8
SLOTS
100
AcDbCircle
 10
22.291326469685025
 20
18.20700961323976
 30
0.0
 40
0.125
100
AcDbArc
 50
128.75181763163246
 51
308.7518176316325
  0
LINE
  5
181
330
17
100
AcDbEntity
  8
SLOTS
100
AcDbLine
 10
20.93329115114783
 20
18.238989804162394
 30
0.0
 11
25.041326531998877
 21
21.5362510441931
 31
0.0
  0
LINE
  5
182
330
17
100
AcDbEntity
  8
SLOTS
100
AcDbLine
 10
25.197813585163026
 20
21.341284887663306
 30
0.0
 11
21.08977820431198
 21
18.0440236476326
 31
0.0
  0
ARC
  5
183
330
17
100
AcDbEntity
  8
SLOTS
100
AcDbCircle
 10
25.11957005858095
 20
21.438767965928204
 30
0.0
 40
0.125
100
AcDbArc
 50
-51.2481823683675
 51
128.7518176316325
  0
ARC
  5
184
330
17
100
AcDbEntity
  8
SLOTS
100
AcDbCircle
 10
21.011534677729905
 20
18.141506725897496
 30
0.0
 40
0.125
100
AcDbArc
 50
128.7518176316325
 51
308.7518176316325
  0
LINE
  5
185
330
17
100
AcDbEntity
  8
SLOTS
100
AcDbLine
 10
20.38072848766785
 20
18.757187930964182
 30
0.0
 11
24.92542090947173
 21
22.40492627326902
 31
0.0
  0
LINE
  5
186
330
17
100
AcDbEntity
  8
SLOTS
100
AcDbLine
 10
25.081907962635878
 20
22.209960116739225
 30
0.0
 11
20.537215540831998
 21
18.562221774434388
 31
0.0
  0
ARC
  5
187
330
17
100
AcDbEntity
  8
SLOTS
100
AcDbCircle
 10
25.003664436053803
 20
22.307443195004122
 30
0.0
 40
0.125
100
AcDbArc
 50
-51.24818236836751
 51
128.7518176316325
  0
ARC
  5
188
330
17
100
AcDbEntity
  8
SLOTS
100
AcDbCircle
 10
20.458972014249923
 20
18.659704852699285
 30
0.0
 40
0.125
100
AcDbArc
 50
128.7518176316325
 51
308.7518176316325
  0
LINE
  5
189
330
17
100
AcDbEntity
  8
SLOTS
100
AcDbLine
 10
20.03349751989772
 20
19.44019287631718
 30
0.0
 11
24.80951528694458
 21
23.27360150234494
 31
0.0
  0
LINE
  5
18A
330
17
100
AcDbEntity
  8
SLOTS
100
AcDbLine
 10
24.96600234010873
 20
23.078635345815144
 30
0.0
 11
20.189984573061867
 21
19.245226719787386
 31
0.0
  0
ARC
  5
18B
330
17
100
AcDbEntity
  8
SLOTS
100
AcDbCircle
 10
24.887758813526656
 20
23.17611842408004
 30
0.0
 40
0.125
100
AcDbArc
 50
-51.24818236836751
 51
128.7518176316325
  0
ARC
  5
18C
330
17
100
AcDbEntity
  8
SLOTS
100
AcDbCircle
 10
20.111741046479793
 20
19.342709798052283
 30
0.0
 40
0.125
100
AcDbArc
 50
128.7518176316325
 51
308.7518176316325
  0
LINE
  5
18D
330
17
100
AcDbEntity
  8
SLOTS
100
AcDbLine
 10
19.686266552127588
 20
20.123197821670175
 30
0.0
 11
24.693609664417433
 21
24.14227673142085
 31
0.0
  0
LINE
  5
18E
330
17
100
AcDbEntity
  8
SLOTS
100
AcDbLine
 10
24.850096717581582
 20
23.947310574891056
 30
0.0
 11
19.842753605291737
 21
19.92823166514038
 31
0.0
  0
ARC
  5
18F
330
17
100
AcDbEntity
  8
SLOTS
100
AcDbCircle
 10
24.771853190999508
 20
24.044793653155953
 30
0.0
 40
0.125
100
AcDbArc
 50
-51.24818236836753
 51
128.75181763163246
  0
ARC
  5
190
330
17
100
AcDbEntity
  8
SLOTS
100
AcDbCircle
 10
19.764510078709662
 20
20.025714743405278
 30
0.0
 40
0.125
100
AcDbArc
 50
128.75181763163246
 51
308.7518176316325
  0
LINE
  5
191
330
17
100
AcDbEntity
  8
SLOTS
100
AcDbLine
 10
19.339035584357458
 20
20.806202767023176
 30
0.0
 11
19.948608966064395
 21
21.295468924229528
 31
0.0
  0
LINE
  5
192
330
17
100
AcDbEntity
  8
SLOTS
100
AcDbLine
 10
20.105096019228544
 20
21.100502767699734
 30
0.0
 11
19.495522637521606
 21
20.611236610493382
 31
0.0
  0
ARC
  5
193
330
17
100
AcDbEntity
  8
SLOTS
100
AcDbCircle
 10
20.02685249264647
 20
21.19798584596463
 30
0.0
 40
0.125
100
AcDbArc
 50
-51.24818236836757
 51
128.75181763163243
  0
ARC
  5
194
330
17
100
AcDbEntity
  8
SLOTS
100
AcDbCircle
 10
19.417279110939532
 20
20.70871968875828
 30
0.0
 40
0.125
100
AcDbArc
 50
128.75181763163243
 51
308.75181763163243
  0
LINE
  5
195
330
17
100
AcDbEntity
  8
SLOTS
100
AcDbLine
 10
24.839941316184046
 20
26.01076881330243
 30
0.0
 11
23.789084828828305
 21
28.057279363148396
 31
0.0
  0
LINE
  5
196
330
17
100
AcDbEntity
  8
SLOTS
100
AcDbLine
 10
24.011478982714653
 20
28.17147586185643
 30
0.0
 11
25.062335470070394
 21
26.124965312010463
 31
0.0
  0
ARC
  5
197
330
17
100
AcDbEntity
  8
SLOTS
100
AcDbCircle
 10
23.90028190577148
 20
28.114377612502413
 30
0.0
 40
0.125
100
AcDbArc
 50
27.17990728462128
 51
207.17990728462127
  0
ARC
  5
198
330
17
100
AcDbEntity
  8
SLOTS
100
AcDbCircle
 10
24.95113839312722
 20
26.067867062656447
 30
0.0
 40
0.125
100
AcDbArc
 50
207.17990728462127
 51
387.17990728462127
  0
LINE
  5
199
330
17
100
AcDbEntity
  8
SLOTS
100
AcDbLine
 10
24.499851825784237
 20
25.03117585903067
 30
0.0
 11
22.558764414574284
 21
28.81138363527061
 31
0.0
  0
LINE
  5
19A
330
17
100
AcDbEntity
  8
SLOTS
100
AcDbLine
 10
22.781158568460633
 20
28.92558013397864
 30
0.0
 11
24.722245979670586
 21
25.145372357738704
 31
0.0
  0
ARC
  5
19B
330
17
100
AcDbEntity
  8
SLOTS
100
AcDbCircle
 10
22.66996149151746
 20
28.868481884624625
 30
0.0
 40
0.125
100
AcDbArc
 50
27.179907284621308
 51
207.17990728462132
  0
ARC
  5
19C
330
17
100
AcDbEntity
  8
SLOTS
100
AcDbCircle
 10
24.61104890272741
 20
25.088274108384688
 30
0.0
 40
0.125
100
AcDbArc
 50
207.17990728462132
 51
387.1799072846213
  0
LINE
  5
19D
330
17
100
AcDbEntity
  8
SLOTS
100
AcDbLine
 10
23.86851493991168
 20
24.618778211274982
 30
0.0
 11
21.481430866899032
 21
29.267550710250763
 31
0.0
  0
LINE
  5
19E
330
17
100
AcDbEntity
  8
SLOTS
100
AcDbLine
 10
21.70382502078538
 20
29.381747208958796
 30
0.0
 11
24.09090909379803
 21
24.732974709983015
 31
0.0
  0
ARC
  5
19F
330
17
100
AcDbEntity
  8
SLOTS
100
AcDbCircle
 10
21.592627943842206
 20
29.32464895960478
 30
0.0
 40
0.125
100
AcDbArc
 50
27.179907284621308
 51
207.17990728462132
  0
ARC
  5
1A0
330
17
100
AcDbEntity
  8
SLOTS
100
AcDbCircle
 10
23.979712016854855
 20
24.675876460629
 30
0.0
 40
0.125
100
AcDbArc
 50
207.17990728462132
 51
387.1799072846213
  0
LINE
  5
1A1
330
17
100
AcDbEntity
  8
SLOTS
100
AcDbLine
 10
23.237178054039124
 20
24.206380563519293
 30
0.0
 11
20.790311009063213
 21
28.97157855379296
 31
0.0
  0
LINE
  5
1A2
330
17
100
AcDbEntity
  8
SLOTS
100
AcDbLine
 10
21.012705162949562
 20
29.085775052500992
 30
0.0
 11
23.459572207925472
 21
24.320577062227326
 31
0.0
  0
ARC
  5
1A3
330
17
100
AcDbEntity
  8
SLOTS
100
AcDbCircle
 10
20.901508086006388
 20
29.028676803146976
 30
0.0
 40
0.125
100
AcDbArc
 50
27.17990728462128
 51
207.17990728462127
  0
ARC
  5
1A4
330
17
100
AcDbEntity
  8
SLOTS
100
AcDbCircle
 10
23.348375130982298
 20
24.26347881287331
 30
0.0
 40
0.125
100
AcDbArc
 50
207.17990728462127
 51
387.17990728462127
  0
LINE
  5
1A5
330
17
100
AcDbEntity
  8
SLOTS
100
AcDbLine
 10
22.605841168166567
 20
23.793982915763603
 30
0.0
 11
20.110356386488096
 21
28.653862446541233
 31
0.0
  0
LINE
  5
1A6
330
17
100
AcDbEntity
  8
SLOTS
100
AcDbLine
 10
20.332750540374445
 20
28.768058945249265
 30
0.0
 11
22.828235322052915
 21
23.908179414471636
 31
0.0
  0
ARC
  5
1A7
330
17
100
AcDbEntity
  8
SLOTS
100
AcDbCircle
 10
20.22155346343127
 20
28.71096069589525
 30
0.0
 40
0.125
100
AcDbArc
 50
27.17990728462128
 51
207.17990728462127
  0
ARC
  5
1A8
330
17
100
AcDbEntity
  8
SLOTS
100
AcDbCircle
 10
22.71703824510974
 20
23.85108116511762
 30
0.0
 40
0.125
100
AcDbArc
 50
207.17990728462127
 51
387.17990728462127
  0
LINE
  5
1A9
330
17
100
AcDbEntity
  8
SLOTS
100
AcDbLine
 10
21.97450428229401
 20
23.381585268007914
 30
0.0
 11
19.598928818797805
 21
28.007945105433002
 31
0.0
  0
LINE
  5
1AA
330
17
100
AcDbEntity
  8
SLOTS
100
AcDbLine
 10
19.821322972684154
 20
28.122141604141035
 30
0.0
 11
22.19689843618036
 21
23.495781766715947
 31
0.0
  0
ARC
  5
1AB
330
17
100
AcDbEntity
  8
SLOTS
100
AcDbCircle
 10
19.71012589574098
 20
28.06504335478702
 30
0.0
 40
0.125
100
AcDbArc
 50
27.17990728462128
 51
207.17990728462127
  0
ARC
  5
1AC
330
17
100
AcDbEntity
  8
SLOTS
100
AcDbCircle
 10
22.085701359237184
 20
23.43868351736193
 30
0.0
 40
0.125
100
AcDbArc
 50
207.17990728462127
 51
387.17990728462127
  0
LINE
  5
1AD
330
17
100
AcDbEntity
  8
SLOTS
100
AcDbLine
 10
21.343167396421453
 20
22.969187620252224
 30
0.0
 11
19.441858041654957
 21
26.671928860249196
 31
0.0
  0
LINE
  5
1AE
330
17
100
AcDbEntity
  8
SLOTS
100
AcDbLine
 10
19.664252195541305
 20
26.78612535895723
 30
0.0
 11
21.5655615503078
 21
23.083384118960257
 31
0.0
  0
ARC
  5
1AF
330
17
100
AcDbEntity
  8
SLOTS
100
AcDbCircle
 10
19.55305511859813
 20
26.729027109603212
 30
0.0
 40
0.125
100
AcDbArc
 50
27.179907284621308
 51
207.17990728462132
  0
ARC
  5
1B0
330
17
100
AcDbEntity
  8
SLOTS
100
AcDbCircle
 10
21.454364473364627
 20
23.02628586960624
 30
0.0
 40
0.125
100
AcDbArc
 50
207.17990728462132
 51
387.1799072846213
  0
LINE
  5
1B1
330
17
100
AcDbEntity
  8
SLOTS
100
AcDbLine
 10
20.711830510548896
 20
22.556789972496535
 30
0.0
 11
19.284787264512108
 21
25.335912615065396
 31
0.0
  0
LINE
  5
1B2
330
17
100
AcDbEntity
  8
SLOTS
100
AcDbLine
 10
19.507181418398456
 20
25.45010911377343
 30
0.0
 11
20.934224664435245
 21
22.670986471204568
 31
0.0
  0
ARC
  5
1B3
330
17
100
AcDbEntity
  8
SLOTS
100
AcDbCircle
 10
19.395984341455282
 20
25.393010864419413
 30
0.0
 40
0.125
100
AcDbArc
 50
27.179907284621308
 51
207.17990728462132
  0
ARC
  5
1B4
330
17
100
AcDbEntity
  8
SLOTS
100
AcDbCircle
 10
20.82302758749207
 20
22.61388822185055
 30
0.0
 40
0.125
100
AcDbArc
 50
207.17990728462132
 51
387.1799072846213
  0
LINE
  5
1B5
330
17
100
AcDbEntity
  8
SLOTS
100
AcDbLine
 10
20.080493624676336
 20
22.144392324740846
 30
0.0
 11
19.12771648736926
 21
23.999896369881593
 31
0.0
  0
LINE
  5
1B6
330
17
100
AcDbEntity
  8
SLOTS
100
AcDbLine
 10
19.350110641255608
 20
24.114092868589626
 30
0.0
 11
20.302887778562685
 21
22.25858882344888
 31
0.0
  0
ARC
  5
1B7
330
17
100
AcDbEntity
  8
SLOTS
100
AcDbCircle
 10
19.238913564312433
 20
24.05699461923561
 30
0.0
 40
0.125
100
AcDbArc
 50
27.17990728462125
 51
207.17990728462127
  0
ARC
  5
1B8
330
17
100
AcDbEntity
  8
SLOTS
100
AcDbCircle
 10
20.19169070161951
 20
22.201490574094862
 30
0.0
 40
0.125
100
AcDbArc
 50
207.17990728462127
 51
387.17990728462127
  0
LINE
  5
1B9
330
17
100
AcDbEntity
  8
SLOTS
100
AcDbLine
 10
19.449156738803783
 20
21.731994676985156
 30
0.0
 11
18.97064571022641
 21
22.663880124697794
 31
0.0
  0
LINE
  5
1BA
330
17
100
AcDbEntity
  8
SLOTS
100
AcDbLine
 10
19.19303986411276
 20
22.778076623405827
 30
0.0
 11
19.67155089269013
 21
21.84619117569319
 31
0.0
  0
ARC
  5
1BB
330
17
100
AcDbEntity
  8
SLOTS
100
AcDbCircle
 10
19.081842787169585
 20
22.72097837405181
 30
0.0
 40
0.125
100
AcDbArc
 50
27.17990728462135
 51
207.17990728462135
  0
ARC
  5
1BC
330
17
100
AcDbEntity
  8
SLOTS
100
AcDbCircle
 10
19.560353815746957
 20
21.789092926339173
 30
0.0
 40
0.125
100
AcDbArc
 50
207.17990728462135
 51
387.1799072846213
  0
LINE
  5
1BD
330
17
100
AcDbEntity
  8
SLOTS
100
AcDbLine
 10
18.817819852931205
 20
21.319597029229495
 30
0.0
 11
18.813574933083544
 21
21.327863879514023
 31
0.0
  0
LINE
  5
1BE
330
17
100
AcDbEntity
  8
SLOTS
100
AcDbLine
 10
19.035969086969928
 20
21.442060378221992
 30
0.0
 11
19.04021400681759
 21
21.433793527937464
 31
0.0
  0
ARC
  5
1BF
330
17
100
AcDbEntity
  8
SLOTS
100
AcDbCircle
 10
18.924772010026736
 20
21.384962128868008
 30
0.0
 40
0.125
100
AcDbArc
 50
27.179907284605193
 51
207.17990728460518
  0
ARC
  5
1C0
330
17
100
AcDbEntity
  8
SLOTS
100
AcDbCircle
 10
18.929016929874397
 20
21.37669527858348
 30
0.0
 40
0.125
100
AcDbArc
 50
207.17990728460518
 51
387.1799072846052
  0
LINE
  5
1C1
330
17
100
AcDbEntity
  8
SLOTS
100
AcDbLine
 10
25.52939504847455
 20
16.31144851868497
 30
0.0
 11
25.027304380460674
 21
17.555202300306824
 31
0.0
  0
LINE
  5
1C2
330
17
100
AcDbEntity
  8
SLOTS
100
AcDbLine
 10
25.25912742610959
 20
17.64878689041685
 30
0.0
 11
25.761218094123468
 21
16.405033108794996
 31
0.0
  0
ARC
  5
1C3
330
17
100
AcDbEntity
  8
SLOTS
100
AcDbCircle
 10
25.14321590328513
 20
17.601994595361838
 30
0.0
 40
0.125
100
AcDbArc
 50
21.983425380511733
 51
201.98342538051173
  0
ARC
  5
1C4
330
17
100
AcDbEntity
  8
SLOTS
100
AcDbCircle
 10
25.64530657129901
 20
16.358240813739982
 30
0.0
 40
0.125
100
AcDbArc
 50
201.98342538051173
 51
381.98342538051173
  0
LINE
  5
1C5
330
17
100
AcDbEntity
  8
SLOTS
100
AcDbLine
 10
24.96595699142704
 20
15.703633989456776
 30
0.0
 11
24.234870948485145
 21
17.51464361087998
 31
0.0
  0
LINE
  5
1C6
330
17
100
AcDbEntity
  8
SLOTS
100
AcDbLine
 10
24.46669399413406
 20
17.608228200990006
 30
0.0
 11
25.197780037075955
 21
15.797218579566803
 31
0.0
  0
ARC
  5
1C7
330
17
100
AcDbEntity
  8
SLOTS
100
AcDbCircle
 10
24.350782471309603
 20
17.561435905934992
 30
0.0
 40
0.125
100
AcDbArc
 50
21.983425380511747
 51
201.98342538051173
  0
ARC
  5
1C8
330
17
100
AcDbEntity
  8
SLOTS
100
AcDbCircle
 10
25.081868514251497
 20
15.75042628451179
 30
0.0
 40
0.125
100
AcDbArc
 50
201.98342538051173
 51
381.98342538051173
  0
LINE
  5
1C9
330
17
100
AcDbEntity
  8
SLOTS
100
AcDbLine
 10
24.402518934379522
 20
15.095819460228581
 30
0.0
 11
23.442437516509617
 21
17.474084921453134
 31
0.0
  0
LINE
  5
1CA
330
17
100
AcDbEntity
  8
SLOTS
100
AcDbLine
 10
23.674260562158533
 20
17.56766951156316
 30
0.0
 11
24.634341980028438
 21
15.189404050338608
 31
0.0
  0
ARC
  5
1CB
330
17
100
AcDbEntity
  8
SLOTS
100
AcDbCircle
 10
23.558349039334075
 20
17.520877216508147
 30
0.0
 40
0.125
100
AcDbArc
 50
21.983425380511676
 51
201.98342538051168
  0
ARC
  5
1CC
330
17
100
AcDbEntity
  8
SLOTS
100
AcDbCircle
 10
24.51843045720398
 20
15.142611755283594
 30
0.0
 40
0.125
100
AcDbArc
 50
201.98342538051168
 51
381.9834253805117
  0
LINE
  5
1CD
330
17
100
AcDbEntity
  8
SLOTS
100
AcDbLine
 10
23.83908087733201
 20
14.488004931000386
 30
0.0
 11
22.65000408453409
 21
17.433526232026285
 31
0.0
  0
LINE
  5
1CE
330
17
100
AcDbEntity
  8
SLOTS
100
AcDbLine
 10
22.881827130183005
 20
17.52711082213631
 30
0.0
 11
24.070903922980925
 21
14.581589521110413
 31
0.0
  0
ARC
  5
1CF
330
17
100
AcDbEntity
  8
SLOTS
100
AcDbCircle
 10
22.765915607358547
 20
17.480318527081298
 30
0.0
 40
0.125
100
AcDbArc
 50
21.98342538051172
 51
201.98342538051173
  0
ARC
  5
1D0
330
17
100
AcDbEntity
  8
SLOTS
100
AcDbCircle
 10
23.954992400156467
 20
14.5347972260554
 30
0.0
 40
0.125
100
AcDbArc
 50
201.98342538051173
 51
381.98342538051173
  0
LINE
  5
1D1
330
17
100
AcDbEntity
  8
SLOTS
100
AcDbLine
 10
23.275642820284496
 20
13.880190401772191
 30
0.0
 11
21.857570652558557
 21
17.39296754259944
 31
0.0
  0
LINE
  5
1D2
330
17
100
AcDbEntity
  8
SLOTS
100
AcDbLine
 10
22.089393698207473
 20
17.486552132709466
 30
0.0
 11
23.507465865933412
 21
13.973774991882218
 31
0.0
  0
ARC
  5
1D3
330
17
100
AcDbEntity
  8
SLOTS
100
AcDbCircle
 10
21.973482175383015
 20
17.439759837654453
 30
0.0
 40
0.125
100
AcDbArc
 50
21.983425380511775
 51
201.9834253805118
  0
ARC
  5
1D4
330
17
100
AcDbEntity
  8
SLOTS
100
AcDbCircle
 10
23.391554343108954
 20
13.926982696827205
 30
0.0
 40
0.125
100
AcDbArc
 50
201.9834253805118
 51
381.9834253805118
  0
LINE
  5
1D5
330
17
100
AcDbEntity
  8
SLOTS
100
AcDbLine
 10
22.71220476323698
 20
13.272375872543998
 30
0.0
 11
21.06513722058303
 21
17.352408853172594
 31
0.0
  0
LINE
  5
1D6
330
17
100
AcDbEntity
  8
SLOTS
100
AcDbLine
 10
21.296960266231945
 20
17.44599344328262
 30
0.0
 11
22.944027808885895
 21
13.365960462654025
 31
0.0
  0
ARC
  5
1D7
330
17
100
AcDbEntity
  8
SLOTS
100
AcDbCircle
 10
21.181048743407487
 20
17.399201148227608
 30
0.0
 40
0.125
100
AcDbArc
 50
21.983425380511747
 51
201.98342538051173
  0
ARC
  5
1D8
330
17
100
AcDbEntity
  8
SLOTS
100
AcDbCircle
 10
22.828116286061437
 20
13.319168167599011
 30
0.0
 40
0.125
100
AcDbArc
 50
201.98342538051173
 51
381.98342538051173
  0
LINE
  5
1D9
330
17
100
AcDbEntity
  8
SLOTS
100
AcDbLine
 10
22.148766706189466
 20
12.664561343315805
 30
0.0
 11
20.395054111174723
 21
17.00877009062352
 31
0.0
  0
LINE
  5
1DA
330
17
100
AcDbEntity
  8
SLOTS
100
AcDbLine
 10
20.62687715682364
 20
17.102354680733548
 30
0.0
 11
22.380589751838382
 21
12.758145933425832
 31
0.0
  0
ARC
  5
1DB
330
17
100
AcDbEntity
  8
SLOTS
100
AcDbCircle
 10
20.51096563399918
 20
17.055562385678535
 30
0.0
 40
0.125
100
AcDbArc
 50
21.983425380511747
 51
201.98342538051173
  0
ARC
  5
1DC
330
17
100
AcDbEntity
  8
SLOTS
100
AcDbCircle
 10
22.264678229013924
 20
12.711353638370818
 30
0.0
 40
0.125
100
AcDbArc
 50
201.98342538051173
 51
381.98342538051173
  0
LINE
  5
1DD
330
17
100
AcDbEntity
  8
SLOTS
100
AcDbLine
 10
21.58532864914195
 20
12.056746814087608
 30
0.0
 11
20.129028908821823
 21
15.664219377485296
 31
0.0
  0
LINE
  5
1DE
330
17
100
AcDbEntity
  8
SLOTS
100
AcDbLine
 10
20.36085195447074
 20
15.757803967595322
 30
0.0
 11
21.817151694790866
 21
12.150331404197635
 31
0.0
  0
ARC
  5
1DF
330
17
100
AcDbEntity
  8
SLOTS
100
AcDbCircle
 10
20.24494043164628
 20
15.711011672540309
 30
0.0
 40
0.125
100
AcDbArc
 50
21.983425380511747
 51
201.98342538051173
  0
ARC
  5
1E0
330
17
100
AcDbEntity
  8
SLOTS
100
AcDbCircle
 10
21.701240171966408
 20
12.103539109142622
 30
0.0
 40
0.125
100
AcDbArc
 50
201.98342538051173
 51
381.98342538051173
  0
LINE
  5
1E1
330
17
100
AcDbEntity
  8
SLOTS
100
AcDbLine
 10
21.021890592094437
 20
11.448932284859417
 30
0.0
 11
19.878510703846086
 21
14.281255509396926
 31
0.0
  0
LINE
  5
1E2
330
17
100
AcDbEntity
  8
SLOTS
100
AcDbLine
 10
20.110333749495002
 20
14.374840099506953
 30
0.0
 11
21.253713637743353
 21
11.542516874969444
 31
0.0
  0
ARC
  5
1E3
330
17
100
AcDbEntity
  8
SLOTS
100
AcDbCircle
 10
19.994422226670544
 20
14.32804780445194
 30
0.0
 40
0.125
100
AcDbArc
 50
21.983425380511747
 51
201.98342538051173
  0
ARC
  5
1E4
330
17
100
AcDbEntity
  8
SLOTS
100
AcDbCircle
 10
21.137802114918895
 20
11.49572457991443
 30
0.0
 40
0.125
100
AcDbArc
 50
201.98342538051173
 51
381.98342538051173
  0
LINE
  5
1E5
330
17
100
AcDbEntity
  8
SLOTS
100
AcDbLine
 10
20.45845253504692
 20
10.84111775563122
 30
0.0
 11
19.62799249887035
 21
12.89829164130855
 31
0.0
  0
LINE
  5
1E6
330
17
100
AcDbEntity
  8
SLOTS
100
AcDbLine
 10
19.859815544519265
 20
12.991876231418576
 30
0.0
 11
20.690275580695836
 21
10.934702345741247
 31
0.0
  0
ARC
  5
1E7
330
17
100
AcDbEntity
  8
SLOTS
100
AcDbCircle
 10
19.743904021694807
 20
12.945083936363563
 30
0.0
 40
0.125
100
AcDbArc
 50
21.98342538051169
 51
201.98342538051168
  0
ARC
  5
1E8
330
17
100
AcDbEntity
  8
SLOTS
100
AcDbCircle
 10
20.574364057871378
 20
10.887910050686234
 30
0.0
 40
0.125
100
AcDbArc
 50
201.98342538051168
 51
381.9834253805117
  0
LINE
  5
1E9
330
17
100
AcDbEntity
  8
SLOTS
100
AcDbLine
 10
19.823255914765273
 20
10.41105993464708
 30
0.0
 11
19.64318327224229
 21
10.857126839237328
 31
0.0
  0
LINE
  5
1EA
330
17
100
AcDbEntity
  8
SLOTS
100
AcDbLine
 10
19.875006317891206
 20
10.950711429347354
 30
0.0
 11
20.05507896041419
 21
10.504644524757106
 31
0.0
  0
ARC
  5
1EB
330
17
100
AcDbEntity
  8
SLOTS
100
AcDbCircle
 10
19.759094795066748
 20
10.903919134292341
 30
0.0
 40
0.125
100
AcDbArc
 50
21.98342538051176
 51
201.98342538051176
  0
ARC
  5
1EC
330
17
100
AcDbEntity
  8
SLOTS
100
AcDbCircle
 10
19.93916743758973
 20
10.457852229702093
 30
0.0
 40
0.125
100
AcDbArc
 50
201.98342538051176
 51
381.9834253805118
  0
LINE
  5
1ED
330
17
100
AcDbEntity
  8
SLOTS
100
AcDbLine
 10
26.24834460080589
 20
24.903076561007985
 30
0.0
 11
25.49806267993788
 21
24.554386914540363
 31
0.0
  0
LINE
  5
1EE
330
17
100
AcDbEntity
  8
SLOTS
100
AcDbLine
 10
25.39269923118806
 20
24.781099383689156
 30
0.0
 11
26.14298115205607
 21
25.12978903015678
 31
0.0
  0
ARC
  5
1EF
330
17
100
AcDbEntity
  8
SLOTS
100
AcDbCircle
 10
25.44538095556297
 20
24.66774314911476
 30
0.0
 40
0.125
100
AcDbArc
 50
-245.07359428452497
 51
-65.07359428452497
  0
ARC
  5
1F0
330
17
100
AcDbEntity
  8
SLOTS
100
AcDbCircle
 10
26.19566287643098
 20
25.016432795582382
 30
0.0
 40
0.125
100
AcDbArc
 50
-65.07359428452497
 51
114.92640571547503
  0
LINE
  5
1F1
330
17
100
AcDbEntity
  8
SLOTS
100
AcDbLine
 10
26.974301274708814
 20
24.413422411805545
 30
0.0
 11
25.601969566269798
 21
23.775638340321713
 31
0.0
  0
LINE
  5
1F2
330
17
100
AcDbEntity
  8
SLOTS
100
AcDbLine
 10
25.496606117519978
 20
24.002350809470506
 30
0.0
 11
26.868937825958994
 21
24.64013488095434
 31
0.0
  0
ARC
  5
1F3
330
17
100
AcDbEntity
  8
SLOTS
100
AcDbCircle
 10
25.549287841894888
 20
23.88899457489611
 30
0.0
 40
0.125
100
AcDbArc
 50
-245.073594284525
 51
-65.073594284525
  0
ARC
  5
1F4
330
17
100
AcDbEntity
  8
SLOTS
100
AcDbCircle
 10
26.921619550333904
 20
24.52677864637994
 30
0.0
 40
0.125
100
AcDbArc
 50
-65.073594284525
 51
114.926405715475
  0
LINE
  5
1F5
330
17
100
AcDbEntity
  8
SLOTS
100
AcDbLine
 10
27.700257948611743
 20
23.923768262603108
 30
0.0
 11
25.705876452601714
 21
22.996889766103067
 31
0.0
  0
LINE
  5
1F6
330
17
100
AcDbEntity
  8
SLOTS
100
AcDbLine
 10
25.600513003851894
 20
23.22360223525186
 30
0.0
 11
27.594894499861923
 21
24.1504807317519
 31
0.0
  0
ARC
  5
1F7
330
17
100
AcDbEntity
  8
SLOTS
100
AcDbCircle
 10
25.653194728226804
 20
23.110246000677463
 30
0.0
 40
0.125
100
AcDbArc
 50
-245.07359428452506
 51
-65.07359428452506
  0
ARC
  5
1F8
330
17
100
AcDbEntity
  8
SLOTS
100
AcDbCircle
 10
27.647576224236833
 20
24.037124497177505
 30
0.0
 40
0.125
100
AcDbArc
 50
-65.07359428452506
 51
114.92640571547494
  0
LINE
  5
1F9
330
17
100
AcDbEntity
  8
SLOTS
100
AcDbLine
 10
28.426214622514664
 20
23.43411411340067
 30
0.0
 11
25.809783338933627
 21
22.21814119188442
 31
0.0
  0
LINE
  5
1FA
330
17
100
AcDbEntity
  8
SLOTS
100
AcDbLine
 10
25.704419890183807
 20
22.444853661033214
 30
0.0
 11
28.320851173764844
 21
23.660826582549465
 31
0.0
  0
ARC
  5
1FB
330
17
100
AcDbEntity
  8
SLOTS
100
AcDbCircle
 10
25.757101614558717
 20
22.331497426458817
 30
0.0
 40
0.125
100
AcDbArc
 50
-245.07359428452506
 51
-65.07359428452506
  0
ARC
  5
1FC
330
17
100
AcDbEntity
  8
SLOTS
100
AcDbCircle
 10
28.373532898139754
 20
23.547470347975068
 30
0.0
 40
0.125
100
AcDbArc
 50
-65.07359428452506
 51
114.92640571547494
  0
LINE
  5
1FD
330
17
100
AcDbEntity
  8
SLOTS
100
AcDbLine
 10
29.152171296417592
 20
22.944459964198234
 30
0.0
 11
25.913690225265544
 21
21.439392617665767
 31
0.0
  0
LINE
  5
1FE
330
17
100
AcDbEntity
  8
SLOTS
100
AcDbLine
 10
25.808326776515724
 20
21.66610508681456
 30
0.0
 11
29.046807847667772
 21
23.171172433347028
 31
0.0
  0
ARC
  5
1FF
330
17
100
AcDbEntity
  8
SLOTS
100
AcDbCircle
 10
25.861008500890634
 20
21.552748852240164
 30
0.0
 40
0.125
100
AcDbArc
 50
-245.07359428452497
 51
-65.07359428452497
  0
ARC
  5
200
330
17
100
AcDbEntity
  8
SLOTS
100
AcDbCircle
 10
29.099489572042682
 20
23.05781619877263
 30
0.0
 40
0.125
100
AcDbArc
 50
-65.07359428452497
 51
114.92640571547503
  0
LINE
  5
201
330
17
100
AcDbEntity
  8
SLOTS
100
AcDbLine
 10
29.878127970320516
 20
22.454805814995797
 30
0.0
 11
26.01759711159746
 21
20.66064404344712
 31
0.0
  0
LINE
  5
202
330
17
100
AcDbEntity
  8
SLOTS
100
AcDbLine
 10
25.91223366284764
 20
20.887356512595915
 30
0.0
 11
29.772764521570696
 21
22.68151828414459
 31
0.0
  0
ARC
  5
203
330
17
100
AcDbEntity
  8
SLOTS
100
AcDbCircle
 10
25.96491538722255
 20
20.774000278021518
 30
0.0
 40
0.125
100
AcDbArc
 50
-245.07359428452497
 51
-65.07359428452497
  0
ARC
  5
204
330
17
100
AcDbEntity
  8
SLOTS
100
AcDbCircle
 10
29.825446245945606
 20
22.568162049570194
 30
0.0
 40
0.125
100
AcDbArc
 50
-65.07359428452497
 51
114.92640571547503
  0
LINE
  5
205
330
17
100
AcDbEntity
  8
SLOTS
100
AcDbLine
 10
30.60408464422344
 20
21.96515166579336
 30
0.0
 11
26.121503997929377
 21
19.881895469228475
 31
0.0
  0
LINE
  5
206
330
17
100
AcDbEntity
  8
SLOTS
100
AcDbLine
 10
26.016140549179557
 20
20.10860793837727
 30
0.0
 11
30.49872119547362
 21
22.191864134942154
 31
0.0
  0
ARC
  5
207
330
17
100
AcDbEntity
  8
SLOTS
100
AcDbCircle
 10
26.068822273554467
 20
19.99525170380287
 30
0.0
 40
0.125
100
AcDbArc
 50
-245.073594284525
 51
-65.073594284525
  0
ARC
  5
208
330
17
100
AcDbEntity
  8
SLOTS
100
AcDbCircle
 10
30.55140291984853
 20
22.078507900367757
 30
0.0
 40
0.125
100
AcDbArc
 50
-65.073594284525
 51
114.926405715475
  0
LINE
  5
209
330
17
100
AcDbEntity
  8
SLOTS
100
AcDbLine
 10
31.33004131812637
 20
21.47549751659092
 30
0.0
 11
26.22541088426129
 21
19.103146895009825
 31
0.0
  0
LINE
  5
20A
330
17
100
AcDbEntity
  8
SLOTS
100
AcDbLine
 10
26.12004743551147
 20
19.32985936415862
 30
0.0
 11
31.22467786937655
 21
21.702209985739714
 31
0.0
  0
ARC
  5
20B
330
17
100
AcDbEntity
  8
SLOTS
100
AcDbCircle
 10
26.17272915988638
 20
19.216503129584222
 30
0.0
 40
0.125
100
AcDbArc
 50
-245.07359428452503
 51
-65.07359428452503
  0
ARC
  5
20C
330
17
100
AcDbEntity
  8
SLOTS
100
AcDbCircle
 10
31.27735959375146
 20
21.588853751165317
 30
0.0
 40
0.125
100
AcDbArc
 50
-65.07359428452503
 51
114.92640571547497
  0
LINE
  5
20D
330
17
100
AcDbEntity
  8
SLOTS
100
AcDbLine
 10
29.622669739265852
 20
19.85496663346139
 30
0.0
 11
26.329317770593207
 21
18.32439832079118
 31
0.0
  0
LINE
  5
20E
330
17
100
AcDbEntity
  8
SLOTS
100
AcDbLine
 10
26.223954321843387
 20
18.551110789939973
 30
0.0
 11
29.517306290516032
 21
20.081679102610185
 31
0.0
  0
ARC
  5
20F
330
17
100
AcDbEntity
  8
SLOTS
100
AcDbCircle
 10
26.276636046218297
 20
18.437754555365576
 30
0.0
 40
0.125
100
AcDbArc
 50
-245.073594284525
 51
-65.073594284525
  0
ARC
  5
210
330
17
100
AcDbEntity
  8
SLOTS
100
AcDbCircle
 10
29.569988014890942
 20
19.968322868035788
 30
0.0
 40
0.125
100
AcDbArc
 50
-65.073594284525
 51
114.926405715475
  0
LINE
  5
211
330
17
100
AcDbEntity
  8
SLOTS
100
AcDbLine
 10
18.609375669778725
 20
10.55306159466093
 30
0.0
 11
18.77941493623179
 21
11.106426476245714
 31
0.0
  0
LINE
  5
212
330
17
100
AcDbEntity
  8
SLOTS
100
AcDbLine
 10
19.0183872081157
 20
11.032994512696837
 30
0.0
 11
18.848347941662634
 21
10.479629631112052
 31
0.0
  0
ARC
  5
213
330
17
100
AcDbEntity
  8
SLOTS
100
AcDbCircle
 10
18.898901072173746
 20
11.069710494471275
 30
0.0
 40
0.125
100
AcDbArc
 50
-17.081269614391246
 51
162.91873038560874
  0
ARC
  5
214
330
17
100
AcDbEntity
  8
SLOTS
100
AcDbCircle
 10
18.72886180572068
 20
10.516345612886491
 30
0.0
 40
0.125
100
AcDbArc
 50
162.91873038560874
 51
342.91873038560874
  0
LINE
  5
215
330
17
100
AcDbEntity
  8
SLOTS
100
AcDbLine
 10
17.795400220561973
 20
10.45749609405465
 30
0.0
 11
18.223011718409857
 21
11.849087523533074
 31
0.0
  0
LINE
  5
216
330
17
100
AcDbEntity
  8
SLOTS
100
AcDbLine
 10
18.461983990293767
 20
11.775655559984196
 30
0.0
 11
18.034372492445883
 21
10.384064130505772
 31
0.0
  0
ARC
  5
217
330
17
100
AcDbEntity
  8
SLOTS
100
AcDbCircle
 10
18.342497854351812
 20
11.812371541758635
 30
0.0
 40
0.125
100
AcDbArc
 50
-17.081269614391303
 51
162.91873038560868
  0
ARC
  5
218
330
17
100
AcDbEntity
  8
SLOTS
100
AcDbCircle
 10
17.914886356503928
 20
10.42078011228021
 30
0.0
 40
0.125
100
AcDbArc
 50
162.91873038560868
 51
342.9187303856087
  0
LINE
  5
219
330
17
100
AcDbEntity
  8
SLOTS
100
AcDbLine
 10
16.981424771345228
 20
10.361930593448369
 30
0.0
 11
17.622846508654128
 21
12.449332351381805
 31
0.0
  0
LINE
  5
21A
330
17
100
AcDbEntity
  8
SLOTS
100
AcDbLine
 10
17.861818780538037
 20
12.375900387832928
 30
0.0
 11
17.220397043229138
 21
10.288498629899491
 31
0.0
  0
ARC
  5
21B
330
17
100
AcDbEntity
  8
SLOTS
100
AcDbCircle
 10
17.742332644596083
 20
12.412616369607367
 30
0.0
 40
0.125
100
AcDbArc
 50
-17.08126961439133
 51
162.91873038560868
  0
ARC
  5
21C
330
17
100
AcDbEntity
  8
SLOTS
100
AcDbCircle
 10
17.100910907287183
 20
10.32521461167393
 30
0.0
 40
0.125
100
AcDbArc
 50
162.91873038560868
 51
342.9187303856087
  0
LINE
  5
21D
330
17
100
AcDbEntity
  8
SLOTS
100
AcDbLine
 10
16.16744932212848
 20
10.266365092842088
 30
0.0
 11
17.02268129889839
 21
13.04957717923054
 31
0.0
  0
LINE
  5
21E
330
17
100
AcDbEntity
  8
SLOTS
100
AcDbLine
 10
17.2616535707823
 20
12.976145215681663
 30
0.0
 11
16.40642159401239
 21
10.19293312929321
 31
0.0
  0
ARC
  5
21F
330
17
100
AcDbEntity
  8
SLOTS
100
AcDbCircle
 10
17.142167434840346
 20
13.012861197456102
 30
0.0
 40
0.125
100
AcDbArc
 50
-17.081269614391275
 51
162.91873038560874
  0
ARC
  5
220
330
17
100
AcDbEntity
  8
SLOTS
100
AcDbCircle
 10
16.286935458070435
 20
10.22964911106765
 30
0.0
 40
0.125
100
AcDbArc
 50
162.91873038560874
 51
342.91873038560874
  0
LINE
  5
221
330
17
100
AcDbEntity
  8
SLOTS
100
AcDbLine
 10
15.353473872911731
 20
10.170799592235808
 30
0.0
 11
16.416481610422018
 21
13.630183786612157
 31
0.0
  0
LINE
  5
222
330
17
100
AcDbEntity
  8
SLOTS
100
AcDbLine
 10
16.655453882305927
 20
13.55675182306328
 30
0.0
 11
15.592446144795641
 21
10.09736762868693
 31
0.0
  0
ARC
  5
223
330
17
100
AcDbEntity
  8
SLOTS
100
AcDbCircle
 10
16.535967746363973
 20
13.593467804837719
 30
0.0
 40
0.125
100
AcDbArc
 50
-17.081269614391275
 51
162.91873038560874
  0
ARC
  5
224
330
17
100
AcDbEntity
  8
SLOTS
100
AcDbCircle
 10
15.472960008853686
 20
10.134083610461369
 30
0.0
 40
0.125
100
AcDbArc
 50
162.91873038560874
 51
342.91873038560874
  0
LINE
  5
225
330
17
100
AcDbEntity
  8
SLOTS
100
AcDbLine
 10
14.539498423694985
 20
10.075234091629527
 30
0.0
 11
15.660103992537092
 21
13.7220609736822
 31
0.0
  0
LINE
  5
226
330
17
100
AcDbEntity
  8
SLOTS
100
AcDbLine
 10
15.899076264421002
 20
13.648629010133323
 30
0.0
 11
14.778470695578894
 21
10.00180212808065
 31
0.0
  0
ARC
  5
227
330
17
100
AcDbEntity
  8
SLOTS
100
AcDbCircle
 10
15.779590128479047
 20
13.685344991907762
 30
0.0
 40
0.125
100
AcDbArc
 50
-17.081269614391275
 51
162.91873038560874
  0
ARC
  5
228
330
17
100
AcDbEntity
  8
SLOTS
100
AcDbCircle
 10
14.65898455963694
 20
10.038518109855088
 30
0.0
 40
0.125
100
AcDbArc
 50
162.91873038560874
 51
342.91873038560874
  0
LINE
  5
229
330
17
100
AcDbEntity
  8
SLOTS
100
AcDbLine
 10
13.725522974478237
 20
9.979668591023247
 30
0.0
 11
14.903726374652166
 21
13.813938160752244
 31
0.0
  0
LINE
  5
22A
330
17
100
AcDbEntity
  8
SLOTS
100
AcDbLine
 10
15.142698646536076
 20
13.740506197203366
 30
0.0
 11
13.964495246362146
 21
9.90623662747437
 31
0.0
  0
ARC
  5
22B
330
17
100
AcDbEntity
  8
SLOTS
100
AcDbCircle
 10
15.02321251059412
 20
13.777222178977805
 30
0.0
 40
0.125
100
AcDbArc
 50
-17.08126961439129
 51
162.9187303856087
  0
ARC
  5
22C
330
17
100
AcDbEntity
  8
SLOTS
100
AcDbCircle
 10
13.845009110420191
 20
9.942952609248808
 30
0.0
 40
0.125
100
AcDbArc
 50
162.9187303856087
 51
342.9187303856087
  0
LINE
  5
22D
330
17
100
AcDbEntity
  8
SLOTS
100
AcDbLine
 10
12.91154752526149
 20
9.884103090416966
 30
0.0
 11
14.14734875676724
 21
13.905815347822287
 31
0.0
  0
LINE
  5
22E
330
17
100
AcDbEntity
  8
SLOTS
100
AcDbLine
 10
14.38632102865115
 20
13.83238338427341
 30
0.0
 11
13.1505197971454
 21
9.810671126868089
 31
0.0
  0
ARC
  5
22F
330
17
100
AcDbEntity
  8
SLOTS
100
AcDbCircle
 10
14.266834892709195
 20
13.869099366047848
 30
0.0
 40
0.125
100
AcDbArc
 50
-17.08126961439129
 51
162.9187303856087
  0
ARC
  5
230
330
17
100
AcDbEntity
  8
SLOTS
100
AcDbCircle
 10
13.031033661203445
 20
9.847387108642527
 30
0.0
 40
0.125
100
AcDbArc
 50
162.9187303856087
 51
342.9187303856087
  0
LINE
  5
231
330
17
100
AcDbEntity
  8
SLOTS
100
AcDbLine
 10
12.097572076044742
 20
9.788537589810684
 30
0.0
 11
13.390971138882314
 21
13.997692534892332
 31
0.0
  0
LINE
  5
232
330
17
100
AcDbEntity
  8
SLOTS
100
AcDbLine
 10
13.629943410766224
 20
13.924260571343455
 30
0.0
 11
12.336544347928651
 21
9.715105626261806
 31
0.0
  0
ARC
  5
233
330
17
100
AcDbEntity
  8
SLOTS
100
AcDbCircle
 10
13.510457274824269
 20
13.960976553117893
 30
0.0
 40
0.125
100
AcDbArc
 50
-17.08126961439129
 51
162.9187303856087
  0
ARC
  5
234
330
17
100
AcDbEntity
  8
SLOTS
100
AcDbCircle
 10
12.217058211986696
 20
9.751821608036245
 30
0.0
 40
0.125
100
AcDbArc
 50
162.9187303856087
 51
342.9187303856087
  0
LINE
  5
235
330
17
100
AcDbEntity
  8
SLOTS
100
AcDbLine
 10
11.377743854929173
 20
9.999358789267728
 30
0.0
 11
12.634593520997388
 21
14.089569721962375
 31
0.0
  0
LINE
  5
236
330
17
100
AcDbEntity
  8
SLOTS
100
AcDbLine
 10
12.873565792881298
 20
14.016137758413498
 30
0.0
 11
11.616716126813083
 21
9.92592682571885
 31
0.0
  0
ARC
  5
237
330
17
100
AcDbEntity
  8
SLOTS
100
AcDbCircle
 10
12.754079656939343
 20
14.052853740187937
 30
0.0
 40
0.125
100
AcDbArc
 50
-17.081269614391275
 51
162.91873038560874
  0
ARC
  5
238
330
17
100
AcDbEntity
  8
SLOTS
100
AcDbCircle
 10
11.497229990871128
 20
9.962642807493289
 30
0.0
 40
0.125
100
AcDbArc
 50
162.91873038560874
 51
342.91873038560874
  0
LINE
  5
239
330
17
100
AcDbEntity
  8
SLOTS
100
AcDbLine
 10
10.858082857067695
 20
10.861591360366566
 30
0.0
 11
11.87821590311246
 21
14.181446909032418
 31
0.0
  0
LINE
  5
23A
330
17
100
AcDbEntity
  8
SLOTS
100
AcDbLine
 10
12.11718817499637
 20
14.108014945483541
 30
0.0
 11
11.097055128951604
 21
10.788159396817688
 31
0.0
  0
ARC
  5
23B
330
17
100
AcDbEntity
  8
SLOTS
100
AcDbCircle
 10
11.997702039054415
 20
14.14473092725798
 30
0.0
 40
0.125
100
AcDbArc
 50
-17.081269614391303
 51
162.91873038560868
  0
ARC
  5
23C
330
17
100
AcDbEntity
  8
SLOTS
100
AcDbCircle
 10
10.97756899300965
 20
10.824875378592127
 30
0.0
 40
0.125
100
AcDbArc
 50
162.91873038560868
 51
342.9187303856087
  0
LINE
  5
23D
330
17
100
AcDbEntity
  8
SLOTS
100
AcDbLine
 10
18.62095622250956
 20
16.702064911317105
 30
0.0
 11
16.65341948262704
 21
16.164570488967183
 31
0.0
  0
LINE
  5
23E
330
17
100
AcDbEntity
  8
SLOTS
100
AcDbLine
 10
16.587538202510405
 20
16.40573362240634
 30
0.0
 11
18.555074942392924
 21
16.943228044756264
 31
0.0
  0
ARC
  5
23F
330
17
100
AcDbEntity
  8
SLOTS
100
AcDbCircle
 10
16.620478842568723
 20
16.285152055686762
 30
0.0
 40
0.125
100
AcDbArc
 50
-254.72066637859862
 51
-74.72066637859862
  0
ARC
  5
240
330
17
100
AcDbEntity
  8
SLOTS
100
AcDbCircle
 10
18.58801558245124
 20
16.822646478036685
 30
0.0
 40
0.125
100
AcDbArc
 50
-74.72066637859862
 51
105.27933362140138
  0
LINE
  5
241
330
17
100
AcDbEntity
  8
SLOTS
100
AcDbLine
 10
19.625937807951406
 20
16.199125158761426
 30
0.0
 11
16.811049059877533
 21
15.430149936618633
 31
0.0
  0
LINE
  5
242
330
17
100
AcDbEntity
  8
SLOTS
100
AcDbLine
 10
16.745167779760898
 20
15.671313070057792
 30
0.0
 11
19.56005652783477
 21
16.440288292200584
 31
0.0
  0
ARC
  5
243
330
17
100
AcDbEntity
  8
SLOTS
100
AcDbCircle
 10
16.778108419819215
 20
15.550731503338213
 30
0.0
 40
0.125
100
AcDbArc
 50
-254.72066637859862
 51
-74.72066637859862
  0
ARC
  5
244
330
17
100
AcDbEntity
  8
SLOTS
100
AcDbCircle
 10
19.59299716789309
 20
16.319706725481005
 30
0.0
 40
0.125
100
AcDbArc
 50
-74.72066637859862
 51
105.27933362140138
  0
LINE
  5
245
330
17
100
AcDbEntity
  8
SLOTS
100
AcDbLine
 10
19.477767853015205
 20
15.381165865013122
 30
0.0
 11
16.968678637128026
 21
14.695729384270084
 31
0.0
  0
LINE
  5
246
330
17
100
AcDbEntity
  8
SLOTS
100
AcDbLine
 10
16.90279735701139
 20
14.936892517709243
 30
0.0
 11
19.41188657289857
 21
15.62232899845228
 31
0.0
  0
ARC
  5
247
330
17
100
AcDbEntity
  8
SLOTS
100
AcDbCircle
 10
16.935737997069708
 20
14.816310950989664
 30
0.0
 40
0.125
100
AcDbArc
 50
-254.7206663785986
 51
-74.7206663785986
  0
ARC
  5
248
330
17
100
AcDbEntity
  8
SLOTS
100
AcDbCircle
 10
19.444827212956888
 20
15.501747431732701
 30
0.0
 40
0.125
100
AcDbArc
 50
-74.7206663785986
 51
105.2793336214014
  0
LINE
  5
249
330
17
100
AcDbEntity
  8
SLOTS
100
AcDbLine
 10
19.329597898079008
 20
14.563206571264818
 30
0.0
 11
17.158120995344394
 21
13.969999491659669
 31
0.0
  0
LINE
  5
24A
330
17
100
AcDbEntity
  8
SLOTS
100
AcDbLine
 10
17.092239715227752
 20
14.211162625098828
 30
0.0
 11
19.263716617962366
 21
14.804369704703976
 31
0.0
  0
ARC
  5
24B
330
17
100
AcDbEntity
  8
SLOTS
100
AcDbCircle
 10
17.125180355286073
 20
14.090581058379248
 30
0.0
 40
0.125
100
AcDbArc
 50
-254.7206663785986
 51
-74.7206663785986
  0
ARC
  5
24C
330
17
100
AcDbEntity
  8
SLOTS
100
AcDbCircle
 10
19.296657258020687
 20
14.683788137984397
 30
0.0
 40
0.125
100
AcDbArc
 50
-74.7206663785986
 51
105.2793336214014
  0
LINE
  5
24D
330
17
100
AcDbEntity
  8
SLOTS
100
AcDbLine
 10
19.181427943142804
 20
13.745247277516514
 30
0.0
 11
17.768718215242092
 21
13.359321269755435
 31
0.0
  0
LINE
  5
24E
330
17
100
AcDbEntity
  8
SLOTS
100
AcDbLine
 10
17.702836935125458
 20
13.600484403194594
 30
0.0
 11
19.11554666302617
 21
13.986410410955672
 31
0.0
  0
ARC
  5
24F
330
17
100
AcDbEntity
  8
SLOTS
100
AcDbCircle
 10
17.735777575183775
 20
13.479902836475015
 30
0.0
 40
0.125
100
AcDbArc
 50
-254.72066637859868
 51
-74.72066637859868
  0
ARC
  5
250
330
17
100
AcDbEntity
  8
SLOTS
100
AcDbCircle
 10
19.148487303084487
 20
13.865828844236093
 30
0.0
 40
0.125
100
AcDbArc
 50
-74.72066637859868
 51
105.27933362140132
  0
LINE
  5
251
330
17
100
AcDbEntity
  8
SLOTS
100
AcDbLine
 10
19.033257988206604
 20
12.92728798376821
 30
0.0
 11
18.379315435139798
 21
12.7486430478512
 31
0.0
  0
LINE
  5
252
330
17
100
AcDbEntity
  8
SLOTS
100
AcDbLine
 10
18.313434155023163
 20
12.989806181290358
 30
0.0
 11
18.96737670808997
 21
13.168451117207368
 31
0.0
  0
ARC
  5
253
330
17
100
AcDbEntity
  8
SLOTS
100
AcDbCircle
 10
18.34637479508148
 20
12.86922461457078
 30
0.0
 40
0.125
100
AcDbArc
 50
-254.72066637859868
 51
-74.72066637859868
  0
ARC
  5
254
330
17
100
AcDbEntity
  8
SLOTS
100
AcDbCircle
 10
19.000317348148286
 20
13.047869550487789
 30
0.0
 40
0.125
100
AcDbArc
 50
-74.72066637859868
 51
105.27933362140132
  0
LINE
  5
255
330
17
100
AcDbEntity
  8
SLOTS
100
AcDbLine
 10
15.747339391132792
 20
16.308435121539883
 30
0.0
 11
14.020897748466362
 21
17.763148159419053
 31
0.0
  0
LINE
  5
256
330
17
100
AcDbEntity
  8
SLOTS
100
AcDbLine
 10
14.181987880390357
 20
17.954328622324418
 30
0.0
 11
15.908429523056787
 21
16.499615584445248
 31
0.0
  0
ARC
  5
257
330
17
100
AcDbEntity
  8
SLOTS
100
AcDbCircle
 10
14.10144281442836
 20
17.858738390871736
 30
0.0
 40
0.125
100
AcDbArc
 50
49.88225304926982
 51
229.88225304926982
  0
ARC
  5
258
330
17
100
AcDbEntity
  8
SLOTS
100
AcDbCircle
 10
15.82788445709479
 20
16.404025352992566
 30
0.0
 40
0.125
100
AcDbArc
 50
229.88225304926982
 51
409.8822530492698
  0
LINE
  5
259
330
17
100
AcDbEntity
  8
SLOTS
100
AcDbLine
 10
16.004312201028142
 20
15.111159100923572
 30
0.0
 11
13.170973752370926
 21
17.498551921001855
 31
0.0
  0
LINE
  5
25A
330
17
100
AcDbEntity
  8
SLOTS
100
AcDbLine
 10
13.332063884294922
 20
17.68973238390722
 30
0.0
 11
16.165402332952134
 21
15.302339563828937
 31
0.0
  0
ARC
  5
25B
330
17
100
AcDbEntity
  8
SLOTS
100
AcDbCircle
 10
13.251518818332924
 20
17.594142152454538
 30
0.0
 40
0.125
100
AcDbArc
 50
49.88225304926982
 51
229.88225304926982
  0
ARC
  5
25C
330
17
100
AcDbEntity
  8
SLOTS
100
AcDbCircle
 10
16.084857266990138
 20
15.206749332376255
 30
0.0
 40
0.125
100
AcDbArc
 50
229.88225304926982
 51
409.8822530492698
  0
LINE
  5
25D
330
17
100
AcDbEntity
  8
SLOTS
100
AcDbLine
 10
15.757789994450262
 20
14.338131862814366
 30
0.0
 11
12.321049756275492
 21
17.23395568258466
 31
0.0
  0
LINE
  5
25E
330
17
100
AcDbEntity
  8
SLOTS
100
AcDbLine
 10
12.482139888199487
 20
17.425136145490026
 30
0.0
 11
15.918880126374257
 21
14.529312325719731
 31
0.0
  0
ARC
  5
25F
330
17
100
AcDbEntity
  8
SLOTS
100
AcDbCircle
 10
12.40159482223749
 20
17.329545914037343
 30
0.0
 40
0.125
100
AcDbArc
 50
49.88225304926982
 51
229.88225304926982
  0
ARC
  5
260
330
17
100
AcDbEntity
  8
SLOTS
100
AcDbCircle
 10
15.838335060412259
 20
14.433722094267049
 30
0.0
 40
0.125
100
AcDbArc
 50
229.88225304926982
 51
409.8822530492698
  0
LINE
  5
261
330
17
100
AcDbEntity
  8
SLOTS
100
AcDbLine
 10
14.39778796813066
 20
14.503331305041668
 30
0.0
 11
11.514270577712024
 21
16.93300528829589
 31
0.0
  0
LINE
  5
262
330
17
100
AcDbEntity
  8
SLOTS
100
AcDbLine
 10
11.675360709636019
 20
17.124185751201257
 30
0.0
 11
14.558878100054654
 21
14.694511767947033
 31
0.0
  0
ARC
  5
263
330
17
100
AcDbEntity
  8
SLOTS
100
AcDbCircle
 10
11.594815643674021
 20
17.028595519748574
 30
0.0
 40
0.125
100
AcDbArc
 50
49.88225304926982
 51
229.88225304926982
  0
ARC
  5
264
330
17
100
AcDbEntity
  8
SLOTS
100
AcDbCircle
 10
14.478333034092657
 20
14.59892153649435
 30
0.0
 40
0.125
100
AcDbArc
 50
229.88225304926982
 51
409.8822530492698
  0
LINE
  5
265
330
17
100
AcDbEntity
  8
SLOTS
100
AcDbLine
 10
13.037785941811055
 20
14.668530747268969
 30
0.0
 11
11.267375825344608
 21
16.160291960141038
 31
0.0
  0
LINE
  5
266
330
17
100
AcDbEntity
  8
SLOTS
100
AcDbLine
 10
11.428465957268603
 20
16.351472423046403
 30
0.0
 11
13.19887607373505
 21
14.859711210174337
 31
0.0
  0
ARC
  5
267
330
17
100
AcDbEntity
  8
SLOTS
100
AcDbCircle
 10
11.347920891306606
 20
16.25588219159372
 30
0.0
 40
0.125
100
AcDbArc
 50
49.88225304926985
 51
229.88225304926985
  0
ARC
  5
268
330
17
100
AcDbEntity
  8
SLOTS
100
AcDbCircle
 10
13.118331007773053
 20
14.764120978721653
 30
0.0
 40
0.125
100
AcDbArc
 50
229.88225304926985
 51
409.8822530492698
  0
LINE
  5
269
330
17
100
AcDbEntity
  8
SLOTS
100
AcDbLine
 10
11.677783915491451
 20
14.83373018949627
 30
0.0
 11
11.477638695903101
 21
15.002374094513925
 31
0.0
  0
LINE
  5
26A
330
17
100
AcDbEntity
  8
SLOTS
100
AcDbLine
 10
11.638728827827096
 20
15.193554557419294
 30
0.0
 11
11.838874047415446
 21
15.024910652401639
 31
0.0
  0
ARC
  5
26B
330
17
100
AcDbEntity
  8
SLOTS
100
AcDbCircle
 10
11.558183761865099
 20
15.09796432596661
 30
0.0
 40
0.125
100
AcDbArc
 50
49.882253049269906
 51
229.8822530492699
  0
ARC
  5
26C
330
17
100
AcDbEntity
  8
SLOTS
100
AcDbCircle
 10
11.758328981453449
 20
14.929320420948955
 30
0.0
 40
0.125
100
AcDbArc
 50
229.8822530492699
 51
409.88225304926993
  0
LINE
  5
26D
330
17
100
AcDbEntity
  8
SLOTS
100
AcDbLine
 10
21.412143737883856
 20
10.541376067484904
 30
0.0
 11
21.227646464028446
 21
8.7713205067651
 31
0.0
  0
LINE
  5
26E
330
17
100
AcDbEntity
  8
SLOTS
100
AcDbLine
 10
20.978993548587454
 20
8.797238215820745
 30
0.0
 11
21.163490822442864
 21
10.567293776540549
 31
0.0
  0
ARC
  5
26F
330
17
100
AcDbEntity
  8
SLOTS
100
AcDbCircle
 10
21.10332000630795
 20
8.784279361292922
 30
0.0
 40
0.125
100
AcDbArc
 50
-185.9505931546348
 51
-5.950593154634788
  0
ARC
  5
270
330
17
100
AcDbEntity
  8
SLOTS
100
AcDbCircle
 10
21.28781728016336
 20
10.554334922012726
 30
0.0
 40
0.125
100
AcDbArc
 50
-5.950593154634788
 51
174.0494068453652
  0
LINE
  5
271
330
17
100
AcDbEntity
  8
SLOTS
100
AcDbLine
 10
22.261736681245463
 20
11.457883087992013
 30
0.0
 11
21.856386713252647
 21
7.568980288021185
 31
0.0
  0
LINE
  5
272
330
17
100
AcDbEntity
  8
SLOTS
100
AcDbLine
 10
21.607733797811655
 20
7.594897997076831
 30
0.0
 11
22.01308376580447
 21
11.483800797047657
 31
0.0
  0
ARC
  5
273
330
17
100
AcDbEntity
  8
SLOTS
100
AcDbCircle
 10
21.73206025553215
 20
7.581939142549008
 30
0.0
 40
0.125
100
AcDbArc
 50
-185.9505931546347
 51
-5.950593154634717
  0
ARC
  5
274
330
17
100
AcDbEntity
  8
SLOTS
100
AcDbCircle
 10
22.137410223524967
 20
11.470841942519835
 30
0.0
 40
0.125
100
AcDbArc
 50
-5.950593154634717
 51
174.0494068453653
  0
LINE
  5
275
330
17
100
AcDbEntity
  8
SLOTS
100
AcDbLine
 10
23.111329624607063
 20
12.374390108499112
 30
0.0
 11
22.49564455803966
 21
6.467545237805485
 31
0.0
  0
LINE
  5
276
330
17
100
AcDbEntity
  8
SLOTS
100
AcDbLine
 10
22.24699164259867
 20
6.493462946861131
 30
0.0
 11
22.86267670916607
 21
12.400307817554756
 31
0.0
  0
ARC
  5
277
330
17
100
AcDbEntity
  8
SLOTS
100
AcDbCircle
 10
22.371318100319165
 20
6.480504092333308
 30
0.0
 40
0.125
100
AcDbArc
 50
-185.95059315463473
 51
-5.950593154634731
  0
ARC
  5
278
330
17
100
AcDbEntity
  8
SLOTS
100
AcDbCircle
 10
22.987003166886566
 20
12.387348963026934
 30
0.0
 40
0.125
100
AcDbArc
 50
-5.950593154634731
 51
174.04940684536527
  0
LINE
  5
279
330
17
100
AcDbEntity
  8
SLOTS
100
AcDbLine
 10
23.960922567968666
 20
13.290897129006215
 30
0.0
 11
23.279126818058575
 21
6.7497904059373335
 31
0.0
  0
LINE
  5
27A
330
17
100
AcDbEntity
  8
SLOTS
100
AcDbLine
 10
23.030473902617583
 20
6.775708114992979
 30
0.0
 11
23.712269652527674
 21
13.316814838061859
 31
0.0
  0
ARC
  5
27B
330
17
100
AcDbEntity
  8
SLOTS
100
AcDbCircle
 10
23.15480036033808
 20
6.7627492604651565
 30
0.0
 40
0.125
100
AcDbArc
 50
-185.9505931546347
 51
-5.950593154634717
  0
ARC
  5
27C
330
17
100
AcDbEntity
  8
SLOTS
100
AcDbCircle
 10
23.83659611024817
 20
13.303855983534037
 30
0.0
 40
0.125
100
AcDbArc
 50
-5.950593154634717
 51
174.0494068453653
  0
LINE
  5
27D
330
17
100
AcDbEntity
  8
SLOTS
100
AcDbLine
 10
24.81051551133027
 20
14.20740414951332
 30
0.0
 11
24.062609078077486
 21
7.032035574069182
 31
0.0
  0
LINE
  5
27E
330
17
100
AcDbEntity
  8
SLOTS
100
AcDbLine
 10
23.813956162636494
 20
7.057953283124828
 30
0.0
 11
24.561862595889277
 21
14.233321858568964
 31
0.0
  0
ARC
  5
27F
330
17
100
AcDbEntity
  8
SLOTS
100
AcDbCircle
 10
23.93828262035699
 20
7.044994428597005
 30
0.0
 40
0.125
100
AcDbArc
 50
-185.95059315463473
 51
-5.950593154634731
  0
ARC
  5
280
330
17
100
AcDbEntity
  8
SLOTS
100
AcDbCircle
 10
24.686189053609773
 20
14.220363004041142
 30
0.0
 40
0.125
100
AcDbArc
 50
-5.950593154634731
 51
174.04940684536527
  0
LINE
  5
281
330
17
100
AcDbEntity
  8
SLOTS
100
AcDbLine
 10
25.660108454691876
 20
15.123911170020424
 30
0.0
 11
24.8460913380964
 21
7.314280742201031
 31
0.0
  0
LINE
  5
282
330
17
100
AcDbEntity
  8
SLOTS
100
AcDbLine
 10
24.597438422655408
 20
7.340198451256677
 30
0.0
 11
25.411455539250884
 21
15.149828879076068
 31
0.0
  0
ARC
  5
283
330
17
100
AcDbEntity
  8
SLOTS
100
AcDbCircle
 10
24.721764880375904
 20
7.327239596728854
 30
0.0
 40
0.125
100
AcDbArc
 50
-185.95059315463476
 51
-5.9505931546347455
  0
ARC
  5
284
330
17
100
AcDbEntity
  8
SLOTS
100
AcDbCircle
 10
25.53578199697138
 20
15.136870024548246
 30
0.0
 40
0.125
100
AcDbArc
 50
-5.9505931546347455
 51
174.04940684536524
  0
LINE
  5
285
330
17
100
AcDbEntity
  8
SLOTS
100
AcDbLine
 10
26.50970139805348
 20
16.040418190527525
 30
0.0
 11
25.63125138747933
 21
7.612622518870413
 31
0.0
  0
LINE
  5
286
330
17
100
AcDbEntity
  8
SLOTS
100
AcDbLine
 10
25.38259847203834
 20
7.638540227926059
 30
0.0
 11
26.261048482612487
 21
16.066335899583173
 31
0.0
  0
ARC
  5
287
330
17
100
AcDbEntity
  8
SLOTS
100
AcDbCircle
 10
25.506924929758835
 20
7.625581373398236
 30
0.0
 40
0.125
100
AcDbArc
 50
-185.95059315463473
 51
-5.950593154634731
  0
ARC
  5
288
330
17
100
AcDbEntity
  8
SLOTS
100
AcDbCircle
 10
26.385374940332984
 20
16.05337704505535
 30
0.0
 40
0.125
100
AcDbArc
 50
-5.950593154634731
 51
174.04940684536527
  0
LINE
  5
289
330
17
100
AcDbEntity
  8
SLOTS
100
AcDbLine
 10
27.242756269808872
 20
15.838866080015697
 30
0.0
 11
26.454819061722315
 21
8.279444699271192
 31
0.0
  0
LINE
  5
28A
330
17
100
AcDbEntity
  8
SLOTS
100
AcDbLine
 10
26.206166146281323
 20
8.305362408326836
 30
0.0
 11
26.99410335436788
 21
15.86478378907134
 31
0.0
  0
ARC
  5
28B
330
17
100
AcDbEntity
  8
SLOTS
100
AcDbCircle
 10
26.33049260400182
 20
8.292403553799014
 30
0.0
 40
0.125
100
AcDbArc
 50
-185.95059315463476
 51
-5.95059315463476
  0
ARC
  5
28C
330
17
100
AcDbEntity
  8
SLOTS
100
AcDbCircle
 10
27.118429812088376
 20
15.851824934543519
 30
0.0
 40
0.125
100
AcDbArc
 50
-5.95059315463476
 51
174.04940684536524
  0
LINE
  5
28D
330
17
100
AcDbEntity
  8
SLOTS
100
AcDbLine
 10
27.940012990071196
 20
15.293868693648719
 30
0.0
 11
27.278386735965302
 21
8.94626687967197
 31
0.0
  0
LINE
  5
28E
330
17
100
AcDbEntity
  8
SLOTS
100
AcDbLine
 10
27.02973382052431
 20
8.972184588727615
 30
0.0
 11
27.691360074630204
 21
15.319786402704363
 31
0.0
  0
ARC
  5
28F
330
17
100
AcDbEntity
  8
SLOTS
100
AcDbCircle
 10
27.154060278244806
 20
8.959225734199793
 30
0.0
 40
0.125
100
AcDbArc
 50
-185.95059315463473
 51
-5.950593154634731
  0
ARC
  5
290
330
17
100
AcDbEntity
  8
SLOTS
100
AcDbCircle
 10
27.8156865323507
 20
15.30682754817654
 30
0.0
 40
0.125
100
AcDbArc
 50
-5.950593154634731
 51
174.04940684536527
  0
LINE
  5
291
330
17
100
AcDbEntity
  8
SLOTS
100
AcDbLine
 10
28.501519726132393
 20
13.446494261910695
 30
0.0
 11
28.101954410208283
 21
9.613089060072744
 31
0.0
  0
LINE
  5
292
330
17
100
AcDbEntity
  8
SLOTS
100
AcDbLine
 10
27.85330149476729
 20
9.639006769128388
 30
0.0
 11
28.2528668106914
 21
13.47241197096634
 31
0.0
  0
ARC
  5
293
330
17
100
AcDbEntity
  8
SLOTS
100
AcDbCircle
 10
27.977627952487786
 20
9.626047914600566
 30
0.0
 40
0.125
100
AcDbArc
 50
-185.9505931546347
 51
-5.950593154634703
  0
ARC
  5
294
330
17
100
AcDbEntity
  8
SLOTS
100
AcDbCircle
 10
28.377193268411897
 20
13.459453116438517
 30
0.0
 40
0.125
100
AcDbArc
 50
-5.950593154634703
 51
174.0494068453653
  0
LINE
  5
295
330
17
100
AcDbEntity
  8
SLOTS
100
AcDbLine
 10
29.027842808904747
 20
11.261570012503382
 30
0.0
 11
28.92552208445127
 21
10.279911240473526
 31
0.0
  0
LINE
  5
296
330
17
100
AcDbEntity
  8
SLOTS
100
AcDbLine
 10
28.676869169010278
 20
10.30582894952917
 30
0.0
 11
28.779189893463755
 21
11.287487721559026
 31
0.0
  0
ARC
  5
297
330
17
100
AcDbEntity
  8
SLOTS
100
AcDbCircle
 10
28.801195626730774
 20
10.292870095001348
 30
0.0
 40
0.125
100
AcDbArc
 50
-185.95059315463476
 51
-5.95059315463476
  0
ARC
  5
298
330
17
100
AcDbEntity
  8
SLOTS
100
AcDbCircle
 10
28.90351635118425
 20
11.274528867031204
 30
0.0
 40
0.125
100
AcDbArc
 50
-5.95059315463476
 51
174.04940684536524
  0
LINE
  5
299
330
17
100
AcDbEntity
  8
SLOTS
100
AcDbLine
 10
2.1152622175990827
 20
6.859879996633237
 30
0.0
 11
2.5992613589724995
 21
5.462286857271628
 31
0.0
  0
LINE
  5
29A
330
17
100
AcDbEntity
  8
SLOTS
100
AcDbLine
 10
2.3630261758839475
 20
5.380476477299902
 30
0.0
 11
1.8790270345105307
 21
6.778069616661511
 31
0.0
  0
ARC
  5
29B
330
17
100
AcDbEntity
  8
SLOTS
100
AcDbCircle
 10
2.4811437674282235
 20
5.421381667285765
 30
0.0
 40
0.125
100
AcDbArc
 50
-160.8985677699974
 51
19.101432230002587
  0
ARC
  5
29C
330
17
100
AcDbEntity
  8
SLOTS
100
AcDbCircle
 10
1.9971446260548067
 20
6.818974806647374
 30
0.0
 40
0.125
100
AcDbArc
 50
19.101432230002587
 51
199.1014322300026
  0
LINE
  5
29D
330
17
100
AcDbEntity
  8
SLOTS
100
AcDbLine
 10
2.4516703235907853
 20
8.18035509436426
 30
0.0
 11
3.583338355518829
 21
4.9125569884225
 31
0.0
  0
LINE
  5
29E
330
17
100
AcDbEntity
  8
SLOTS
100
AcDbLine
 10
3.347103172430277
 20
4.830746608450774
 30
0.0
 11
2.2154351405022332
 21
8.098544714392531
 31
0.0
  0
ARC
  5
29F
330
17
100
AcDbEntity
  8
SLOTS
100
AcDbCircle
 10
3.465220763974553
 20
4.871651798436637
 30
0.0
 40
0.125
100
AcDbArc
 50
-160.89856776999744
 51
19.101432230002573
  0
ARC
  5
2A0
330
17
100
AcDbEntity
  8
SLOTS
100
AcDbCircle
 10
2.3335527320465093
 20
8.139449904378395
 30
0.0
 40
0.125
100
AcDbArc
 50
19.101432230002573
 51
199.10143223000256
  0
LINE
  5
2A1
330
17
100
AcDbEntity
  8
SLOTS
100
AcDbLine
 10
2.788078429582487
 20
9.50083019209528
 30
0.0
 11
4.567415352065158
 21
4.362827119573374
 31
0.0
  0
LINE
  5
2A2
330
17
100
AcDbEntity
  8
SLOTS
100
AcDbLine
 10
4.331180168976605
 20
4.281016739601648
 30
0.0
 11
2.551843246493935
 21
9.419019812123553
 31
0.0
  0
ARC
  5
2A3
330
17
100
AcDbEntity
  8
SLOTS
100
AcDbCircle
 10
4.449297760520881
 20
4.321921929587511
 30
0.0
 40
0.125
100
AcDbArc
 50
-160.8985677699974
 51
19.101432230002587
  0
ARC
  5
2A4
330
17
100
AcDbEntity
  8
SLOTS
100
AcDbCircle
 10
2.669960838038211
 20
9.459925002109417
 30
0.0
 40
0.125
100
AcDbArc
 50
19.101432230002587
 51
199.1014322300026
  0
LINE
  5
2A5
330
17
100
AcDbEntity
  8
SLOTS
100
AcDbLine
 10
3.22638609369076
 20
10.527060711367794
 30
0.0
 11
5.480345779377963
 21
4.018539675204027
 31
0.0
  0
LINE
  5
2A6
330
17
100
AcDbEntity
  8
SLOTS
100
AcDbLine
 10
5.24411059628941
 20
3.9367292952323014
 30
0.0
 11
2.9901509106022077
 21
10.445250331396066
 31
0.0
  0
ARC
  5
2A7
330
17
100
AcDbEntity
  8
SLOTS
100
AcDbCircle
 10
5.362228187833686
 20
3.9776344852181644
 30
0.0
 40
0.125
100
AcDbArc
 50
-160.8985677699974
 51
19.101432230002587
  0
ARC
  5
2A8
330
17
100
AcDbEntity
  8
SLOTS
100
AcDbCircle
 10
3.1082685021464838
 20
10.48615552138193
 30
0.0
 40
0.125
100
AcDbArc
 50
19.101432230002587
 51
199.1014322300026
  0
LINE
  5
2A9
330
17
100
AcDbEntity
  8
SLOTS
100
AcDbLine
 10
3.840644148568292
 20
11.045217893341995
 30
0.0
 11
6.2221441595100195
 21
4.168412146875101
 31
0.0
  0
LINE
  5
2AA
330
17
100
AcDbEntity
  8
SLOTS
100
AcDbLine
 10
5.985908976421467
 20
4.086601766903375
 30
0.0
 11
3.60440896547974
 21
10.963407513370267
 31
0.0
  0
ARC
  5
2AB
330
17
100
AcDbEntity
  8
SLOTS
100
AcDbCircle
 10
6.104026567965743
 20
4.127506956889238
 30
0.0
 40
0.125
100
AcDbArc
 50
-160.8985677699974
 51
19.101432230002587
  0
ARC
  5
2AC
330
17
100
AcDbEntity
  8
SLOTS
100
AcDbCircle
 10
3.722526557024016
 20
11.004312703356131
 30
0.0
 40
0.125
100
AcDbArc
 50
19.101432230002587
 51
199.1014322300026
  0
LINE
  5
2AD
330
17
100
AcDbEntity
  8
SLOTS
100
AcDbLine
 10
4.532748935602121
 20
11.338585298882647
 30
0.0
 11
6.963942539642075
 21
4.318284618546175
 31
0.0
  0
LINE
  5
2AE
330
17
100
AcDbEntity
  8
SLOTS
100
AcDbLine
 10
6.727707356553522
 20
4.236474238574449
 30
0.0
 11
4.296513752513568
 21
11.256774918910919
 31
0.0
  0
ARC
  5
2AF
330
17
100
AcDbEntity
  8
SLOTS
100
AcDbCircle
 10
6.845824948097799
 20
4.277379428560312
 30
0.0
 40
0.125
100
AcDbArc
 50
-160.8985677699974
 51
19.101432230002587
  0
ARC
  5
2B0
330
17
100
AcDbEntity
  8
SLOTS
100
AcDbCircle
 10
4.414631344057844
 20
11.297680108896783
 30
0.0
 40
0.125
100
AcDbArc
 50
19.101432230002587
 51
199.1014322300026
  0
LINE
  5
2B1
330
17
100
AcDbEntity
  8
SLOTS
100
AcDbLine
 10
5.358418454627628
 20
11.246271951844804
 30
0.0
 11
7.705740919774131
 21
4.4681570902172485
 31
0.0
  0
LINE
  5
2B2
330
17
100
AcDbEntity
  8
SLOTS
100
AcDbLine
 10
7.469505736685578
 20
4.3863467102455225
 30
0.0
 11
5.122183271539075
 21
11.164461571873076
 31
0.0
  0
ARC
  5
2B3
330
17
100
AcDbEntity
  8
SLOTS
100
AcDbCircle
 10
7.587623328229855
 20
4.4272519002313855
 30
0.0
 40
0.125
100
AcDbArc
 50
-160.8985677699974
 51
19.101432230002587
  0
ARC
  5
2B4
330
17
100
AcDbEntity
  8
SLOTS
100
AcDbCircle
 10
5.240300863083352
 20
11.20536676185894
 30
0.0
 40
0.125
100
AcDbArc
 50
19.101432230002587
 51
199.1014322300026
  0
LINE
  5
2B5
330
17
100
AcDbEntity
  8
SLOTS
100
AcDbLine
 10
6.184087973653137
 20
11.153958604806961
 30
0.0
 11
8.447539299906188
 21
4.6180295618883225
 31
0.0
  0
LINE
  5
2B6
330
17
100
AcDbEntity
  8
SLOTS
100
AcDbLine
 10
8.211304116817635
 20
4.5362191819165965
 30
0.0
 11
5.947852790564584
 21
11.072148224835233
 31
0.0
  0
ARC
  5
2B7
330
17
100
AcDbEntity
  8
SLOTS
100
AcDbCircle
 10
8.329421708361911
 20
4.5771243719024595
 30
0.0
 40
0.125
100
AcDbArc
 50
-160.89856776999738
 51
19.1014322300026
  0
ARC
  5
2B8
330
17
100
AcDbEntity
  8
SLOTS
100
AcDbCircle
 10
6.06597038210886
 20
11.113053414821097
 30
0.0
 40
0.125
100
AcDbArc
 50
19.1014322300026
 51
199.10143223000262
  0
LINE
  5
2B9
330
17
100
AcDbEntity
  8
SLOTS
100
AcDbLine
 10
7.009757492678646
 20
11.061645257769118
 30
0.0
 11
9.189337680038244
 21
4.7679020335593965
 31
0.0
  0
LINE
  5
2BA
330
17
100
AcDbEntity
  8
SLOTS
100
AcDbLine
 10
8.953102496949692
 20
4.68609165358767
 30
0.0
 11
6.773522309590093
 21
10.97983487779739
 31
0.0
  0
ARC
  5
2BB
330
17
100
AcDbEntity
  8
SLOTS
100
AcDbCircle
 10
9.071220088493968
 20
4.7269968435735334
 30
0.0
 40
0.125
100
AcDbArc
 50
-160.8985677699974
 51
19.101432230002587
  0
ARC
  5
2BC
330
17
100
AcDbEntity
  8
SLOTS
100
AcDbCircle
 10
6.891639901134369
 20
11.020740067783255
 30
0.0
 40
0.125
100
AcDbArc
 50
19.101432230002587
 51
199.1014322300026
  0
LINE
  5
2BD
330
17
100
AcDbEntity
  8
SLOTS
100
AcDbLine
 10
7.835427011704155
 20
10.969331910731276
 30
0.0
 11
9.931136060170301
 21
4.91777450523047
 31
0.0
  0
LINE
  5
2BE
330
17
100
AcDbEntity
  8
SLOTS
100
AcDbLine
 10
9.694900877081748
 20
4.835964125258744
 30
0.0
 11
7.599191828615602
 21
10.887521530759548
 31
0.0
  0
ARC
  5
2BF
330
17
100
AcDbEntity
  8
SLOTS
100
AcDbCircle
 10
9.813018468626025
 20
4.876869315244607
 30
0.0
 40
0.125
100
AcDbArc
 50
-160.8985677699974
 51
19.101432230002587
  0
ARC
  5
2C0
330
17
100
AcDbEntity
  8
SLOTS
100
AcDbCircle
 10
7.717309420159879
 20
10.928426720745412
 30
0.0
 40
0.125
100
AcDbArc
 50
19.101432230002587
 51
199.1014322300026
  0
LINE
  5
2C1
330
17
100
AcDbEntity
  8
SLOTS
100
AcDbLine
 10
8.661096530729662
 20
10.877018563693433
 30
0.0
 11
10.417012516611008
 21
5.8066456531146855
 31
0.0
  0
LINE
  5
2C2
330
17
100
AcDbEntity
  8
SLOTS
100
AcDbLine
 10
10.180777333522455
 20
5.7248352731429595
 30
0.0
 11
8.424861347641109
 21
10.795208183721705
 31
0.0
  0
ARC
  5
2C3
330
17
100
AcDbEntity
  8
SLOTS
100
AcDbCircle
 10
10.298894925066731
 20
5.7657404631288225
 30
0.0
 40
0.125
100
AcDbArc
 50
-160.8985677699974
 51
19.101432230002587
  0
ARC
  5
2C4
330
17
100
AcDbEntity
  8
SLOTS
100
AcDbCircle
 10
8.542978939185385
 20
10.836113373707569
 30
0.0
 40
0.125
100
AcDbArc
 50
19.101432230002587
 51
199.1014322300026
  0
LINE
  5
2C5
330
17
100
AcDbEntity
  8
SLOTS
100
AcDbLine
 10
9.48676604975517
 20
10.78470521665559
 30
0.0
 11
10.727650975214601
 21
7.201533036560077
 31
0.0
  0
LINE
  5
2C6
330
17
100
AcDbEntity
  8
SLOTS
100
AcDbLine
 10
10.491415792126048
 20
7.119722656588351
 30
0.0
 11
9.250530866666617
 21
10.702894836683862
 31
0.0
  0
ARC
  5
2C7
330
17
100
AcDbEntity
  8
SLOTS
100
AcDbCircle
 10
10.609533383670325
 20
7.160627846574214
 30
0.0
 40
0.125
100
AcDbArc
 50
-160.89856776999738
 51
19.1014322300026
  0
ARC
  5
2C8
330
17
100
AcDbEntity
  8
SLOTS
100
AcDbCircle
 10
9.368648458210894
 20
10.743800026669726
 30
0.0
 40
0.125
100
AcDbArc
 50
19.1014322300026
 51
199.10143223000262
  0
LINE
  5
2C9
330
17
100
AcDbEntity
  8
SLOTS
100
AcDbLine
 10
10.31243556878068
 20
10.69239186961775
 30
0.0
 11
11.038289433818194
 21
8.59642042000547
 31
0.0
  0
LINE
  5
2CA
330
17
100
AcDbEntity
  8
SLOTS
100
AcDbLine
 10
10.802054250729642
 20
8.514610040033743
 30
0.0
 11
10.076200385692127
 21
10.610581489646021
 31
0.0
  0
ARC
  5
2CB
330
17
100
AcDbEntity
  8
SLOTS
100
AcDbCircle
 10
10.920171842273918
 20
8.555515230019607
 30
0.0
 40
0.125
100
AcDbArc
 50
-160.89856776999744
 51
19.10143223000256
  0
ARC
  5
2CC
330
17
100
AcDbEntity
  8
SLOTS
100
AcDbCircle
 10
10.194317977236404
 20
10.651486679631885
 30
0.0
 40
0.125
100
AcDbArc
 50
19.10143223000256
 51
199.10143223000256
  0
LINE
  5
2CD
330
17
100
AcDbEntity
  8
SLOTS
100
AcDbLine
 10
20.704297643964683
 20
29.686906012723522
 30
0.0
 11
20.568890506279473
 21
29.767632768683043
 31
0.0
  0
LINE
  5
2CE
330
17
100
AcDbEntity
  8
SLOTS
100
AcDbLine
 10
20.696910467837526
 20
29.982367231316957
 30
0.0
 11
20.832317605522736
 21
29.901640475357436
 31
0.0
  0
ARC
  5
2CF
330
17
100
AcDbEntity
  8
SLOTS
100
AcDbCircle
 10
20.6329004870585
 20
29.875
 30
0.0
 40
0.125
100
AcDbArc
 50
59.19753317571366
 51
239.19753317571366
  0
ARC
  5
2D0
330
17
100
AcDbEntity
  8
SLOTS
100
AcDbCircle
 10
20.76830762474371
 20
29.79427324404048
 30
0.0
 40
0.125
100
AcDbArc
 50
239.19753317571366
 51
419.19753317571366
  0
LINE
  5
2D1
330
17
100
AcDbEntity
  8
SLOTS
100
AcDbLine
 10
19.88321467772996
 20
29.303246169696312
 30
0.0
 11
19.104275162562356
 21
29.767632768683043
 31
0.0
  0
LINE
  5
2D2
330
17
100
AcDbEntity
  8
SLOTS
100
AcDbLine
 10
19.23229512412041
 20
29.982367231316957
 30
0.0
 11
20.011234639288013
 21
29.517980632330225
 31
0.0
  0
ARC
  5
2D3
330
17
100
AcDbEntity
  8
SLOTS
100
AcDbCircle
 10
19.168285143341382
 20
29.875
 30
0.0
 40
0.125
100
AcDbArc
 50
59.197533175713744
 51
239.19753317571374
  0
ARC
  5
2D4
330
17
100
AcDbEntity
  8
SLOTS
100
AcDbCircle
 10
19.947224658508986
 20
29.41061340101327
 30
0.0
 40
0.125
100
AcDbArc
 50
239.19753317571374
 51
419.1975331757137
  0
LINE
  5
2D5
330
17
100
AcDbEntity
  8
SLOTS
100
AcDbLine
 10
19.048567406972275
 20
28.92767306655376
 30
0.0
 11
17.63965981884524
 21
29.767632768683043
 31
0.0
  0
LINE
  5
2D6
330
17
100
AcDbEntity
  8
SLOTS
100
AcDbLine
 10
17.76767978040329
 20
29.982367231316957
 30
0.0
 11
19.176587368530328
 21
29.142407529187672
 31
0.0
  0
ARC
  5
2D7
330
17
100
AcDbEntity
  8
SLOTS
100
AcDbCircle
 10
17.703669799624265
 20
29.875
 30
0.0
 40
0.125
100
AcDbArc
 50
59.19753317571383
 51
239.19753317571383
  0
ARC
  5
2D8
330
17
100
AcDbEntity
  8
SLOTS
100
AcDbCircle
 10
19.1125773877513
 20
29.035040297870715
 30
0.0
 40
0.125
100
AcDbArc
 50
239.19753317571383
 51
419.19753317571383
  0
LINE
  5
2D9
330
17
100
AcDbEntity
  8
SLOTS
100
AcDbLine
 10
18.109512002340995
 20
28.614345795407125
 30
0.0
 11
16.175044475128118
 21
29.767632768683043
 31
0.0
  0
LINE
  5
2DA
330
17
100
AcDbEntity
  8
SLOTS
100
AcDbLine
 10
16.30306443668617
 20
29.982367231316957
 30
0.0
 11
18.23753196389905
 21
28.82908025804104
 31
0.0
  0
ARC
  5
2DB
330
17
100
AcDbEntity
  8
SLOTS
100
AcDbCircle
 10
16.239054455907144
 20
29.875
 30
0.0
 40
0.125
100
AcDbArc
 50
59.19753317571383
 51
239.19753317571383
  0
ARC
  5
2DC
330
17
100
AcDbEntity
  8
SLOTS
100
AcDbCircle
 10
18.173521983120022
 20
28.721713026724082
 30
0.0
 40
0.125
100
AcDbArc
 50
239.19753317571383
 51
419.19753317571383
  0
LINE
  5
2DD
330
17
100
AcDbEntity
  8
SLOTS
100
AcDbLine
 10
16.97392215096997
 20
28.418188036819597
 30
0.0
 11
14.710429131411
 21
29.767632768683043
 31
0.0
  0
LINE
  5
2DE
330
17
100
AcDbEntity
  8
SLOTS
100
AcDbLine
 10
14.838449092969054
 20
29.982367231316957
 30
0.0
 11
17.10194211252802
 21
28.63292249945351
 31
0.0
  0
ARC
  5
2DF
330
17
100
AcDbEntity
  8
SLOTS
100
AcDbCircle
 10
14.774439112190027
 20
29.875
 30
0.0
 40
0.125
100
AcDbArc
 50
59.197533175713886
 51
239.1975331757139
  0
ARC
  5
2E0
330
17
100
AcDbEntity
  8
SLOTS
100
AcDbCircle
 10
17.037932131748995
 20
28.525555268136554
 30
0.0
 40
0.125
100
AcDbArc
 50
239.1975331757139
 51
419.1975331757139
  0
LINE
  5
2E1
330
17
100
AcDbEntity
  8
SLOTS
100
AcDbLine
 10
15.838332299598939
 20
28.222030278232065
 30
0.0
 11
13.326461225170728
 21
29.719552541043278
 31
0.0
  0
LINE
  5
2E2
330
17
100
AcDbEntity
  8
SLOTS
100
AcDbLine
 10
13.454481186728781
 20
29.93428700367719
 30
0.0
 11
15.966352261156992
 21
28.43676474086598
 31
0.0
  0
ARC
  5
2E3
330
17
100
AcDbEntity
  8
SLOTS
100
AcDbCircle
 10
13.390471205949755
 20
29.826919772360235
 30
0.0
 40
0.125
100
AcDbArc
 50
59.19753317571383
 51
239.19753317571383
  0
ARC
  5
2E4
330
17
100
AcDbEntity
  8
SLOTS
100
AcDbCircle
 10
15.902342280377965
 20
28.329397509549022
 30
0.0
 40
0.125
100
AcDbArc
 50
239.19753317571383
 51
419.19753317571383
  0
LINE
  5
2E5
330
17
100
AcDbEntity
  8
SLOTS
100
AcDbLine
 10
14.702742448227907
 20
28.025872519644533
 30
0.0
 11
13.10864999165571
 21
28.9762353654923
 31
0.0
  0
LINE
  5
2E6
330
17
100
AcDbEntity
  8
SLOTS
100
AcDbLine
 10
13.236669953213763
 20
29.190969828126214
 30
0.0
 11
14.83076240978596
 21
28.240606982278447
 31
0.0
  0
ARC
  5
2E7
330
17
100
AcDbEntity
  8
SLOTS
100
AcDbCircle
 10
13.172659972434737
 20
29.083602596809257
 30
0.0
 40
0.125
100
AcDbArc
 50
59.1975331757138
 51
239.1975331757138
  0
ARC
  5
2E8
330
17
100
AcDbEntity
  8
SLOTS
100
AcDbCircle
 10
14.766752429006933
 20
28.13323975096149
 30
0.0
 40
0.125
100
AcDbArc
 50
239.1975331757138
 51
419.19753317571383
  0
LINE
  5
2E9
330
17
100
AcDbEntity
  8
SLOTS
100
AcDbLine
 10
13.567152596856879
 20
27.829714761057005
 30
0.0
 11
12.89083875814069
 21
28.23291818994133
 31
0.0
  0
LINE
  5
2EA
330
17
100
AcDbEntity
  8
SLOTS
100
AcDbLine
 10
13.018858719698743
 20
28.447652652575243
 30
0.0
 11
13.695172558414932
 21
28.04444922369092
 31
0.0
  0
ARC
  5
2EB
330
17
100
AcDbEntity
  8
SLOTS
100
AcDbCircle
 10
12.954848738919717
 20
28.340285421258287
 30
0.0
 40
0.125
100
AcDbArc
 50
59.197533175713744
 51
239.19753317571374
  0
ARC
  5
2EC
330
17
100
AcDbEntity
  8
SLOTS
100
AcDbCircle
 10
13.631162577635905
 20
27.93708199237396
 30
0.0
 40
0.125
100
AcDbArc
 50
239.19753317571374
 51
419.1975331757137
  0
LINE
  5
2ED
330
17
100
AcDbEntity
  8
SLOTS
100
AcDbLine
 10
11.596536899132822
 20
28.709288755854644
 30
0.0
 11
12.33442038855769
 21
29.240861017509797
 31
0.0
  0
LINE
  5
2EE
330
17
100
AcDbEntity
  8
SLOTS
100
AcDbLine
 10
12.48055018172271
 20
29.038016043331123
 30
0.0
 11
11.742666692297842
 21
28.50644378167597
 31
0.0
  0
ARC
  5
2EF
330
17
100
AcDbEntity
  8
SLOTS
100
AcDbCircle
 10
12.4074852851402
 20
29.13943853042046
 30
0.0
 40
0.125
100
AcDbArc
 50
-54.23097097519778
 51
125.76902902480222
  0
ARC
  5
2F0
330
17
100
AcDbEntity
  8
SLOTS
100
AcDbCircle
 10
11.669601795715332
 20
28.607866268765306
 30
0.0
 40
0.125
100
AcDbArc
 50
125.76902902480222
 51
305.7690290248022
  0
LINE
  5
2F1
330
17
100
AcDbEntity
  8
SLOTS
100
AcDbLine
 10
10.885934692683303
 20
29.121721190464694
 30
0.0
 11
12.07235847861532
 21
29.976422487089337
 31
0.0
  0
LINE
  5
2F2
330
17
100
AcDbEntity
  8
SLOTS
100
AcDbLine
 10
12.21848827178034
 20
29.773577512910663
 30
0.0
 11
11.032064485848323
 21
28.91887621628602
 31
0.0
  0
ARC
  5
2F3
330
17
100
AcDbEntity
  8
SLOTS
100
AcDbCircle
 10
12.14542337519783
 20
29.875
 30
0.0
 40
0.125
100
AcDbArc
 50
-54.23097097519775
 51
125.76902902480225
  0
ARC
  5
2F4
330
17
100
AcDbEntity
  8
SLOTS
100
AcDbCircle
 10
10.958999589265813
 20
29.020298703375357
 30
0.0
 40
0.125
100
AcDbArc
 50
125.76902902480225
 51
305.76902902480225
  0
LINE
  5
2F5
330
17
100
AcDbEntity
  8
SLOTS
100
AcDbLine
 10
10.175332486233787
 20
29.53415362507474
 30
0.0
 11
10.789252577081198
 21
29.976422487089337
 31
0.0
  0
LINE
  5
2F6
330
17
100
AcDbEntity
  8
SLOTS
100
AcDbLine
 10
10.935382370246218
 20
29.773577512910663
 30
0.0
 11
10.321462279398807
 21
29.331308650896066
 31
0.0
  0
ARC
  5
2F7
330
17
100
AcDbEntity
  8
SLOTS
100
AcDbCircle
 10
10.862317473663708
 20
29.875
 30
0.0
 40
0.125
100
AcDbArc
 50
-54.230970975197714
 51
125.76902902480228
  0
ARC
  5
2F8
330
17
100
AcDbEntity
  8
SLOTS
100
AcDbCircle
 10
10.248397382816297
 20
29.432731137985403
 30
0.0
 40
0.125
100
AcDbArc
 50
125.76902902480228
 51
305.7690290248023
  0
LINE
  5
2F9
330
17
100
AcDbEntity
  8
SLOTS
100
AcDbLine
 10
9.464730279784268
 20
29.94658605968479
 30
0.0
 11
9.506146675547072
 21
29.976422487089337
 31
0.0
  0
LINE
  5
2FA
330
17
100
AcDbEntity
  8
SLOTS
100
AcDbLine
 10
9.652276468712095
 20
29.773577512910663
 30
0.0
 11
9.610860072949292
 21
29.743741085506116
 31
0.0
  0
ARC
  5
2FB
330
17
100
AcDbEntity
  8
SLOTS
100
AcDbCircle
 10
9.579211572129584
 20
29.875
 30
0.0
 40
0.125
100
AcDbArc
 50
-54.23097097519741
 51
125.76902902480259
  0
ARC
  5
2FC
330
17
100
AcDbEntity
  8
SLOTS
100
AcDbCircle
 10
9.53779517636678
 20
29.845163572595453
 30
0.0
 40
0.125
100
AcDbArc
 50
125.76902902480259
 51
305.7690290248026
  0
LINE
  5
2FD
330
17
100
AcDbEntity
  8
SLOTS
100
AcDbLine
 10
1.4975900476786463
 20
23.13163368109092
 30
0.0
 11
1.3578663939873277
 21
22.127511366801404
 31
0.0
  0
LINE
  5
2FE
330
17
100
AcDbEntity
  8
SLOTS
100
AcDbLine
 10
1.11025214484402
 20
22.161966897869664
 30
0.0
 11
1.2499757985353386
 21
23.166089212159182
 31
0.0
  0
ARC
  5
2FF
330
17
100
AcDbEntity
  8
SLOTS
100
AcDbCircle
 10
1.2340592694156738
 20
22.144739132335534
 30
0.0
 40
0.125
100
AcDbArc
 50
-187.92184149962108
 51
-7.921841499621081
  0
ARC
  5
300
330
17
100
AcDbEntity
  8
SLOTS
100
AcDbCircle
 10
1.3737829231069925
 20
23.14886144662505
 30
0.0
 40
0.125
100
AcDbArc
 50
-7.921841499621081
 51
172.07815850037892
  0
LINE
  5
301
330
17
100
AcDbEntity
  8
SLOTS
100
AcDbLine
 10
2.347010543844083
 20
23.794186764940214
 30
0.0
 11
1.598829185520674
 21
18.41739065933813
 31
0.0
  0
LINE
  5
302
330
17
100
AcDbEntity
  8
SLOTS
100
AcDbLine
 10
1.3512149363773662
 20
18.45184619040639
 30
0.0
 11
2.099396294700775
 21
23.828642296008475
 31
0.0
  0
ARC
  5
303
330
17
100
AcDbEntity
  8
SLOTS
100
AcDbCircle
 10
1.47502206094902
 20
18.43461842487226
 30
0.0
 40
0.125
100
AcDbArc
 50
-187.92184149962108
 51
-7.921841499621081
  0
ARC
  5
304
330
17
100
AcDbEntity
  8
SLOTS
100
AcDbCircle
 10
2.223203419272429
 20
23.811414530474345
 30
0.0
 40
0.125
100
AcDbArc
 50
-7.921841499621081
 51
172.07815850037892
  0
LINE
  5
305
330
17
100
AcDbEntity
  8
SLOTS
100
AcDbLine
 10
2.9363649280440547
 20
22.58777794208219
 30
0.0
 11
2.3241558217432483
 21
18.188144748936757
 31
0.0
  0
LINE
  5
306
330
17
100
AcDbEntity
  8
SLOTS
100
AcDbLine
 10
2.07654157259994
 20
18.222600280005018
 30
0.0
 11
2.6887506789007465
 21
22.62223347315045
 31
0.0
  0
ARC
  5
307
330
17
100
AcDbEntity
  8
SLOTS
100
AcDbCircle
 10
2.200348697171594
 20
18.205372514470888
 30
0.0
 40
0.125
100
AcDbArc
 50
-187.92184149962108
 51
-7.921841499621081
  0
ARC
  5
308
330
17
100
AcDbEntity
  8
SLOTS
100
AcDbCircle
 10
2.8125578034724006
 20
22.60500570761632
 30
0.0
 40
0.125
100
AcDbArc
 50
-7.921841499621081
 51
172.07815850037892
  0
LINE
  5
309
330
17
100
AcDbEntity
  8
SLOTS
100
AcDbLine
 10
3.4993454687411276
 20
21.191833818112258
 30
0.0
 11
3.0494824579658224
 21
17.958898838535383
 31
0.0
  0
LINE
  5
30A
330
17
100
AcDbEntity
  8
SLOTS
100
AcDbLine
 10
2.801868208822514
 20
17.993354369603644
 30
0.0
 11
3.2517312195978194
 21
21.22628934918052
 31
0.0
  0
ARC
  5
30B
330
17
100
AcDbEntity
  8
SLOTS
100
AcDbCircle
 10
2.9256753333941683
 20
17.976126604069513
 30
0.0
 40
0.125
100
AcDbArc
 50
-187.92184149962108
 51
-7.921841499621081
  0
ARC
  5
30C
330
17
100
AcDbEntity
  8
SLOTS
100
AcDbCircle
 10
3.3755383441694735
 20
21.20906158364639
 30
0.0
 40
0.125
100
AcDbArc
 50
-7.921841499621081
 51
172.07815850037892
  0
LINE
  5
30D
330
17
100
AcDbEntity
  8
SLOTS
100
AcDbLine
 10
4.0623260094382
 20
19.79588969414233
 30
0.0
 11
3.774809094188397
 21
17.729652928134012
 31
0.0
  0
LINE
  5
30E
330
17
100
AcDbEntity
  8
SLOTS
100
AcDbLine
 10
3.5271948450450887
 20
17.764108459202273
 30
0.0
 11
3.8147117602948923
 21
19.83034522521059
 31
0.0
  0
ARC
  5
30F
330
17
100
AcDbEntity
  8
SLOTS
100
AcDbCircle
 10
3.651001969616743
 20
17.746880693668142
 30
0.0
 40
0.125
100
AcDbArc
 50
-187.92184149962108
 51
-7.921841499621081
  0
ARC
  5
310
330
17
100
AcDbEntity
  8
SLOTS
100
AcDbCircle
 10
3.9385188848665464
 20
19.81311745967646
 30
0.0
 40
0.125
100
AcDbArc
 50
-7.921841499621081
 51
172.07815850037892
  0
LINE
  5
311
330
17
100
AcDbEntity
  8
SLOTS
100
AcDbLine
 10
4.998408839978441
 20
17.86751901598762
 30
0.0
 11
5.0488972352579475
 21
16.44920949576498
 31
0.0
  0
LINE
  5
312
330
17
100
AcDbEntity
  8
SLOTS
100
AcDbLine
 10
4.799055483393324
 20
16.440315732488617
 30
0.0
 11
4.748567088113817
 21
17.85862525271126
 31
0.0
  0
ARC
  5
313
330
17
100
AcDbEntity
  8
SLOTS
100
AcDbCircle
 10
4.923976359325636
 20
16.444762614126798
 30
0.0
 40
0.125
100
AcDbArc
 50
-177.9612694158647
 51
2.038730584135294
  0
ARC
  5
314
330
17
100
AcDbEntity
  8
SLOTS
100
AcDbCircle
 10
4.873487964046129
 20
17.86307213434944
 30
0.0
 40
0.125
100
AcDbArc
 50
2.038730584135294
 51
182.0387305841353
  0
LINE
  5
315
330
17
100
AcDbEntity
  8
SLOTS
100
AcDbLine
 10
5.729319297142624
 20
18.41712335939548
 30
0.0
 11
5.798362484485812
 21
16.477576471972277
 31
0.0
  0
LINE
  5
316
330
17
100
AcDbEntity
  8
SLOTS
100
AcDbLine
 10
5.5485207326211885
 20
16.468682708695916
 30
0.0
 11
5.479477545278
 21
18.408229596119117
 31
0.0
  0
ARC
  5
317
330
17
100
AcDbEntity
  8
SLOTS
100
AcDbCircle
 10
5.6734416085535
 20
16.473129590334096
 30
0.0
 40
0.125
100
AcDbArc
 50
-177.96126941586468
 51
2.0387305841353225
  0
ARC
  5
318
330
17
100
AcDbEntity
  8
SLOTS
100
AcDbCircle
 10
5.604398421210312
 20
18.412676477757298
 30
0.0
 40
0.125
100
AcDbArc
 50
2.0387305841353225
 51
182.03873058413532
  0
LINE
  5
319
330
17
100
AcDbEntity
  8
SLOTS
100
AcDbLine
 10
6.466435730245084
 20
18.792390714931102
 30
0.0
 11
6.547827733713676
 21
16.505943448179575
 31
0.0
  0
LINE
  5
31A
330
17
100
AcDbEntity
  8
SLOTS
100
AcDbLine
 10
6.2979859818490525
 20
16.497049684903214
 30
0.0
 11
6.21659397838046
 21
18.78349695165474
 31
0.0
  0
ARC
  5
31B
330
17
100
AcDbEntity
  8
SLOTS
100
AcDbCircle
 10
6.422906857781364
 20
16.501496566541395
 30
0.0
 40
0.125
100
AcDbArc
 50
-177.9612694158647
 51
2.0387305841353083
  0
ARC
  5
31C
330
17
100
AcDbEntity
  8
SLOTS
100
AcDbCircle
 10
6.341514854312772
 20
18.78794383329292
 30
0.0
 40
0.125
100
AcDbArc
 50
2.0387305841353083
 51
182.0387305841353
  0
LINE
  5
31D
330
17
100
AcDbEntity
  8
SLOTS
100
AcDbLine
 10
7.203552163347544
 20
19.167658070466725
 30
0.0
 11
7.297292982941539
 21
16.534310424386874
 31
0.0
  0
LINE
  5
31E
330
17
100
AcDbEntity
  8
SLOTS
100
AcDbLine
 10
7.0474512310769155
 20
16.525416661110512
 30
0.0
 11
6.95371041148292
 21
19.158764307190363
 31
0.0
  0
ARC
  5
31F
330
17
100
AcDbEntity
  8
SLOTS
100
AcDbCircle
 10
7.1723721070092274
 20
16.529863542748693
 30
0.0
 40
0.125
100
AcDbArc
 50
-177.9612694158647
 51
2.038730584135294
  0
ARC
  5
320
330
17
100
AcDbEntity
  8
SLOTS
100
AcDbCircle
 10
7.078631287415232
 20
19.163211188828544
 30
0.0
 40
0.125
100
AcDbArc
 50
2.038730584135294
 51
182.0387305841353
  0
LINE
  5
321
330
17
100
AcDbEntity
  8
SLOTS
100
AcDbLine
 10
7.940668596450004
 20
19.54292542600235
 30
0.0
 11
8.046758232169404
 21
16.562677400594172
 31
0.0
  0
LINE
  5
322
330
17
100
AcDbEntity
  8
SLOTS
100
AcDbLine
 10
7.79691648030478
 20
16.55378363731781
 30
0.0
 11
7.69082684458538
 21
19.534031662725987
 31
0.0
  0
ARC
  5
323
330
17
100
AcDbEntity
  8
SLOTS
100
AcDbCircle
 10
7.921837356237092
 20
16.55823051895599
 30
0.0
 40
0.125
100
AcDbArc
 50
-177.9612694158647
 51
2.0387305841353083
  0
ARC
  5
324
330
17
100
AcDbEntity
  8
SLOTS
100
AcDbCircle
 10
7.815747720517692
 20
19.538478544364168
 30
0.0
 40
0.125
100
AcDbArc
 50
2.0387305841353083
 51
182.0387305841353
  0
LINE
  5
325
330
17
100
AcDbEntity
  8
SLOTS
100
AcDbLine
 10
8.677785029552464
 20
19.91819278153797
 30
0.0
 11
8.796223481397266
 21
16.59104437680147
 31
0.0
  0
LINE
  5
326
330
17
100
AcDbEntity
  8
SLOTS
100
AcDbLine
 10
8.546381729532644
 20
16.58215061352511
 30
0.0
 11
8.427943277687842
 21
19.90929901826161
 31
0.0
  0
ARC
  5
327
330
17
100
AcDbEntity
  8
SLOTS
100
AcDbCircle
 10
8.671302605464955
 20
16.58659749516329
 30
0.0
 40
0.125
100
AcDbArc
 50
-177.9612694158647
 51
2.03873058413528
  0
ARC
  5
328
330
17
100
AcDbEntity
  8
SLOTS
100
AcDbCircle
 10
8.552864153620153
 20
19.91374589989979
 30
0.0
 40
0.125
100
AcDbArc
 50
2.03873058413528
 51
182.0387305841353
  0
LINE
  5
329
330
17
100
AcDbEntity
  8
SLOTS
100
AcDbLine
 10
9.43894652629699
 20
19.617991200318798
 30
0.0
 11
9.54568873062513
 21
16.61941135300877
 31
0.0
  0
LINE
  5
32A
330
17
100
AcDbEntity
  8
SLOTS
100
AcDbLine
 10
9.295846978760508
 20
16.610517589732407
 30
0.0
 11
9.189104774432368
 21
19.609097437042436
 31
0.0
  0
ARC
  5
32B
330
17
100
AcDbEntity
  8
SLOTS
100
AcDbCircle
 10
9.42076785469282
 20
16.614964471370588
 30
0.0
 40
0.125
100
AcDbArc
 50
-177.96126941586468
 51
2.0387305841353225
  0
ARC
  5
32C
330
17
100
AcDbEntity
  8
SLOTS
100
AcDbCircle
 10
9.314025650364679
 20
19.613544318680617
 30
0.0
 40
0.125
100
AcDbArc
 50
2.0387305841353225
 51
182.03873058413532
  0
LINE
  5
32D
330
17
100
AcDbEntity
  8
SLOTS
100
AcDbLine
 10
10.210684878194517
 20
19.020666799598896
 30
0.0
 11
10.295153979852994
 21
16.647778329216067
 31
0.0
  0
LINE
  5
32E
330
17
100
AcDbEntity
  8
SLOTS
100
AcDbLine
 10
10.045312227988372
 20
16.638884565939705
 30
0.0
 11
9.960843126329895
 21
19.011773036322534
 31
0.0
  0
ARC
  5
32F
330
17
100
AcDbEntity
  8
SLOTS
100
AcDbCircle
 10
10.170233103920683
 20
16.643331447577886
 30
0.0
 40
0.125
100
AcDbArc
 50
-177.96126941586468
 51
2.0387305841353225
  0
ARC
  5
330
330
17
100
AcDbEntity
  8
SLOTS
100
AcDbCircle
 10
10.085764002262206
 20
19.016219917960715
 30
0.0
 40
0.125
100
AcDbArc
 50
2.0387305841353225
 51
182.03873058413532
  0
LINE
  5
331
330
17
100
AcDbEntity
  8
SLOTS
100
AcDbLine
 10
11.018884945856664
 20
17.399067448044864
 30
0.0
 11
11.021985069220506
 21
17.311979426006136
 31
0.0
  0
LINE
  5
332
330
17
100
AcDbEntity
  8
SLOTS
100
AcDbLine
 10
10.772143317355884
 20
17.30308566272978
 30
0.0
 11
10.769043193992042
 21
17.39017368476851
 31
0.0
  0
ARC
  5
333
330
17
100
AcDbEntity
  8
SLOTS
100
AcDbCircle
 10
10.897064193288195
 20
17.30753254436796
 30
0.0
 40
0.125
100
AcDbArc
 50
-177.96126941586488
 51
2.0387305841351235
  0
ARC
  5
334
330
17
100
AcDbEntity
  8
SLOTS
100
AcDbCircle
 10
10.893964069924353
 20
17.394620566406687
 30
0.0
 40
0.125
100
AcDbArc
 50
2.0387305841351235
 51
182.03873058413512
  0
LINE
  5
335
330
17
100
AcDbEntity
  8
SLOTS
100
AcDbLine
 10
7.873634890089653
 20
21.964841831690467
 30
0.0
 11
6.80969522195493
 21
22.778791361134147
 31
0.0
  0
LINE
  5
336
330
17
100
AcDbEntity
  8
SLOTS
100
AcDbLine
 10
6.961598798015085
 20
22.977349422114145
 30
0.0
 11
8.025538466149808
 21
22.163399892670466
 31
0.0
  0
ARC
  5
337
330
17
100
AcDbEntity
  8
SLOTS
100
AcDbCircle
 10
6.885647009985007
 20
22.878070391624146
 30
0.0
 40
0.125
100
AcDbArc
 50
52.58279918513057
 51
232.58279918513057
  0
ARC
  5
338
330
17
100
AcDbEntity
  8
SLOTS
100
AcDbCircle
 10
7.94958667811973
 20
22.064120862180467
 30
0.0
 40
0.125
100
AcDbArc
 50
232.58279918513057
 51
412.58279918513057
  0
LINE
  5
339
330
17
100
AcDbEntity
  8
SLOTS
100
AcDbLine
 10
8.241734359676299
 20
20.73892521780604
 30
0.0
 11
6.33904932626497
 21
22.194543082247367
 31
0.0
  0
LINE
  5
33A
330
17
100
AcDbEntity
  8
SLOTS
100
AcDbLine
 10
6.490952902325125
 20
22.393101143227366
 30
0.0
 11
8.393637935736452
 21
20.93748327878604
 31
0.0
  0
ARC
  5
33B
330
17
100
AcDbEntity
  8
SLOTS
100
AcDbCircle
 10
6.415001114295047
 20
22.293822112737367
 30
0.0
 40
0.125
100
AcDbArc
 50
52.582799185130625
 51
232.58279918513063
  0
ARC
  5
33C
330
17
100
AcDbEntity
  8
SLOTS
100
AcDbCircle
 10
8.317686147706375
 20
20.83820424829604
 30
0.0
 40
0.125
100
AcDbArc
 50
232.58279918513063
 51
412.5827991851306
  0
LINE
  5
33D
330
17
100
AcDbEntity
  8
SLOTS
100
AcDbLine
 10
7.659597832250494
 20
20.23997101146556
 30
0.0
 11
6.037540425607706
 21
21.48089932949905
 31
0.0
  0
LINE
  5
33E
330
17
100
AcDbEntity
  8
SLOTS
100
AcDbLine
 10
6.189444001667861
 20
21.679457390479048
 30
0.0
 11
7.811501408310649
 21
20.438529072445558
 31
0.0
  0
ARC
  5
33F
330
17
100
AcDbEntity
  8
SLOTS
100
AcDbCircle
 10
6.113492213637784
 20
21.58017835998905
 30
0.0
 40
0.125
100
AcDbArc
 50
52.58279918513057
 51
232.58279918513057
  0
ARC
  5
340
330
17
100
AcDbEntity
  8
SLOTS
100
AcDbCircle
 10
7.735549620280572
 20
20.33925004195556
 30
0.0
 40
0.125
100
AcDbArc
 50
232.58279918513057
 51
412.58279918513057
  0
LINE
  5
341
330
17
100
AcDbEntity
  8
SLOTS
100
AcDbLine
 10
6.918461398548383
 20
19.862657066101608
 30
0.0
 11
5.736031524950443
 21
20.767255576750728
 31
0.0
  0
LINE
  5
342
330
17
100
AcDbEntity
  8
SLOTS
100
AcDbLine
 10
5.887935101010598
 20
20.965813637730726
 30
0.0
 11
7.070364974608538
 21
20.061215127081606
 31
0.0
  0
ARC
  5
343
330
17
100
AcDbEntity
  8
SLOTS
100
AcDbCircle
 10
5.81198331298052
 20
20.866534607240727
 30
0.0
 40
0.125
100
AcDbArc
 50
52.58279918513068
 51
232.58279918513068
  0
ARC
  5
344
330
17
100
AcDbEntity
  8
SLOTS
100
AcDbCircle
 10
6.994413186578461
 20
19.961936096591607
 30
0.0
 40
0.125
100
AcDbArc
 50
232.58279918513068
 51
412.5827991851307
  0
LINE
  5
345
330
17
100
AcDbEntity
  8
SLOTS
100
AcDbLine
 10
6.177324964846274
 20
19.485343120737653
 30
0.0
 11
5.434522624293179
 21
20.05361182400241
 31
0.0
  0
LINE
  5
346
330
17
100
AcDbEntity
  8
SLOTS
100
AcDbLine
 10
5.586426200353334
 20
20.252169884982408
 30
0.0
 11
6.329228540906429
 21
19.68390118171765
 31
0.0
  0
ARC
  5
347
330
17
100
AcDbEntity
  8
SLOTS
100
AcDbCircle
 10
5.510474412323257
 20
20.15289085449241
 30
0.0
 40
0.125
100
AcDbArc
 50
52.58279918513057
 51
232.58279918513057
  0
ARC
  5
348
330
17
100
AcDbEntity
  8
SLOTS
100
AcDbCircle
 10
6.253276752876351
 20
19.584622151227652
 30
0.0
 40
0.125
100
AcDbArc
 50
232.58279918513057
 51
412.58279918513057
  0
LINE
  5
349
330
17
100
AcDbEntity
  8
SLOTS
100
AcDbLine
 10
5.436188531144161
 20
19.1080291753737
 30
0.0
 11
5.133013723635915
 21
19.339968071254088
 31
0.0
  0
LINE
  5
34A
330
17
100
AcDbEntity
  8
SLOTS
100
AcDbLine
 10
5.284917299696068
 20
19.538526132234086
 30
0.0
 11
5.588092107204314
 21
19.3065872363537
 31
0.0
  0
ARC
  5
34B
330
17
100
AcDbEntity
  8
SLOTS
100
AcDbCircle
 10
5.208965511665991
 20
19.439247101744087
 30
0.0
 40
0.125
100
AcDbArc
 50
52.58279918513088
 51
232.58279918513088
  0
ARC
  5
34C
330
17
100
AcDbEntity
  8
SLOTS
100
AcDbCircle
 10
5.512140319174238
 20
19.2073082058637
 30
0.0
 40
0.125
100
AcDbArc
 50
232.58279918513088
 51
412.58279918513085
  0
LINE
  5
34D
330
17
100
AcDbEntity
  8
SLOTS
100
AcDbLine
 10
1.9103344797559811
 20
17.47548444855897
 30
0.0
 11
1.2298149806359864
 21
16.42821079172249
 31
0.0
  0
LINE
  5
34E
330
17
100
AcDbEntity
  8
SLOTS
100
AcDbLine
 10
1.0201850193640136
 20
16.56442855611873
 30
0.0
 11
1.7007045184840084
 21
17.611702212955212
 31
0.0
  0
ARC
  5
34F
330
17
100
AcDbEntity
  8
SLOTS
100
AcDbCircle
 10
1.125
 20
16.49631967392061
 30
0.0
 40
0.125
100
AcDbArc
 50
-213.01585259946899
 51
-33.015852599468985
  0
ARC
  5
350
330
17
100
AcDbEntity
  8
SLOTS
100
AcDbCircle
 10
1.8055194991199948
 20
17.54359333075709
 30
0.0
 40
0.125
100
AcDbArc
 50
-33.015852599468985
 51
146.98414740053101
  0
LINE
  5
351
330
17
100
AcDbEntity
  8
SLOTS
100
AcDbLine
 10
2.6523715531312893
 20
17.240957056426506
 30
0.0
 11
1.2298149806359864
 21
15.05173834092981
 31
0.0
  0
LINE
  5
352
330
17
100
AcDbEntity
  8
SLOTS
100
AcDbLine
 10
1.0201850193640136
 20
15.187956105326055
 30
0.0
 11
2.4427415918593165
 21
17.37717482082275
 31
0.0
  0
ARC
  5
353
330
17
100
AcDbEntity
  8
SLOTS
100
AcDbCircle
 10
1.125
 20
15.119847223127932
 30
0.0
 40
0.125
100
AcDbArc
 50
-213.01585259946893
 51
-33.01585259946893
  0
ARC
  5
354
330
17
100
AcDbEntity
  8
SLOTS
100
AcDbCircle
 10
2.547556572495303
 20
17.309065938624627
 30
0.0
 40
0.125
100
AcDbArc
 50
-33.01585259946893
 51
146.98414740053107
  0
LINE
  5
355
330
17
100
AcDbEntity
  8
SLOTS
100
AcDbLine
 10
3.3944086265065976
 20
17.006429664294043
 30
0.0
 11
1.2298149806359864
 21
13.675265890137133
 31
0.0
  0
LINE
  5
356
330
17
100
AcDbEntity
  8
SLOTS
100
AcDbLine
 10
1.0201850193640136
 20
13.81148365453338
 30
0.0
 11
3.184778665234625
 21
17.142647428690285
 31
0.0
  0
ARC
  5
357
330
17
100
AcDbEntity
  8
SLOTS
100
AcDbCircle
 10
1.125
 20
13.743374772335256
 30
0.0
 40
0.125
100
AcDbArc
 50
-213.01585259946893
 51
-33.01585259946893
  0
ARC
  5
358
330
17
100
AcDbEntity
  8
SLOTS
100
AcDbCircle
 10
3.289593645870611
 20
17.074538546492164
 30
0.0
 40
0.125
100
AcDbArc
 50
-33.01585259946893
 51
146.98414740053107
  0
LINE
  5
359
330
17
100
AcDbEntity
  8
SLOTS
100
AcDbLine
 10
4.029744643658104
 20
16.60769653597868
 30
0.0
 11
1.2298149806359864
 21
12.298793439344456
 31
0.0
  0
LINE
  5
35A
330
17
100
AcDbEntity
  8
SLOTS
100
AcDbLine
 10
1.0201850193640136
 20
12.435011203740702
 30
0.0
 11
3.820114682386131
 21
16.74391430037492
 31
0.0
  0
ARC
  5
35B
330
17
100
AcDbEntity
  8
SLOTS
100
AcDbCircle
 10
1.125
 20
12.366902321542579
 30
0.0
 40
0.125
100
AcDbArc
 50
-213.01585259946893
 51
-33.01585259946893
  0
ARC
  5
35C
330
17
100
AcDbEntity
  8
SLOTS
100
AcDbCircle
 10
3.9249296630221173
 20
16.6758054181768
 30
0.0
 40
0.125
100
AcDbArc
 50
-33.01585259946893
 51
146.98414740053107
  0
LINE
  5
35D
330
17
100
AcDbEntity
  8
SLOTS
100
AcDbLine
 10
4.272020191330978
 20
15.604069828917865
 30
0.0
 11
1.7100048953557518
 21
11.66130091288146
 31
0.0
  0
LINE
  5
35E
330
17
100
AcDbEntity
  8
SLOTS
100
AcDbLine
 10
1.500374934083779
 20
11.797518677277706
 30
0.0
 11
4.0623902300590045
 21
15.740287593314111
 31
0.0
  0
ARC
  5
35F
330
17
100
AcDbEntity
  8
SLOTS
100
AcDbCircle
 10
1.6051899147197655
 20
11.729409795079583
 30
0.0
 40
0.125
100
AcDbArc
 50
-213.01585259946893
 51
-33.01585259946893
  0
ARC
  5
360
330
17
100
AcDbEntity
  8
SLOTS
100
AcDbCircle
 10
4.167205210694991
 20
15.672178711115988
 30
0.0
 40
0.125
100
AcDbArc
 50
-33.01585259946893
 51
146.98414740053107
  0
LINE
  5
361
330
17
100
AcDbEntity
  8
SLOTS
100
AcDbLine
 10
4.025915642023551
 20
13.848859058869717
 30
0.0
 11
2.3009408509847917
 21
11.194239081487748
 31
0.0
  0
LINE
  5
362
330
17
100
AcDbEntity
  8
SLOTS
100
AcDbLine
 10
2.091310889712819
 20
11.330456845883994
 30
0.0
 11
3.816285680751578
 21
13.985076823265963
 31
0.0
  0
ARC
  5
363
330
17
100
AcDbEntity
  8
SLOTS
100
AcDbCircle
 10
2.1961258703488054
 20
11.26234796368587
 30
0.0
 40
0.125
100
AcDbArc
 50
-213.01585259946893
 51
-33.01585259946893
  0
ARC
  5
364
330
17
100
AcDbEntity
  8
SLOTS
100
AcDbCircle
 10
3.9211006613875643
 20
13.91696794106784
 30
0.0
 40
0.125
100
AcDbArc
 50
-33.01585259946893
 51
146.98414740053107
  0
LINE
  5
365
330
17
100
AcDbEntity
  8
SLOTS
100
AcDbLine
 10
3.7798110927161233
 20
12.093648288821564
 30
0.0
 11
3.46870965216207
 21
11.614884133323514
 31
0.0
  0
LINE
  5
366
330
17
100
AcDbEntity
  8
SLOTS
100
AcDbLine
 10
3.2590796908900974
 20
11.75110189771976
 30
0.0
 11
3.5701811314441505
 21
12.22986605321781
 31
0.0
  0
ARC
  5
367
330
17
100
AcDbEntity
  8
SLOTS
100
AcDbCircle
 10
3.363894671526084
 20
11.682993015521637
 30
0.0
 40
0.125
100
AcDbArc
 50
-213.01585259946899
 51
-33.015852599468985
  0
ARC
  5
368
330
17
100
AcDbEntity
  8
SLOTS
100
AcDbCircle
 10
3.674996112080137
 20
12.161757171019687
 30
0.0
 40
0.125
100
AcDbArc
 50
-33.015852599468985
 51
146.98414740053101
  0
LINE
  5
369
330
17
100
AcDbEntity
  8
SLOTS
100
AcDbLine
 10
5.823518374938989
 20
23.064956391728956
 30
0.0
 11
5.7336078900276455
 21
23.34739302084769
 31
0.0
  0
LINE
  5
36A
330
17
100
AcDbEntity
  8
SLOTS
100
AcDbLine
 10
5.971828540516201
 20
23.42322785242797
 30
0.0
 11
6.061739025427545
 21
23.140791223309236
 31
0.0
  0
ARC
  5
36B
330
17
100
AcDbEntity
  8
SLOTS
100
AcDbCircle
 10
5.852718215271923
 20
23.38531043663783
 30
0.0
 40
0.125
100
AcDbArc
 50
17.658281665035815
 51
197.65828166503582
  0
ARC
  5
36C
330
17
100
AcDbEntity
  8
SLOTS
100
AcDbCircle
 10
5.942628700183267
 20
23.102873807519096
 30
0.0
 40
0.125
100
AcDbArc
 50
197.65828166503582
 51
377.6582816650358
  0
LINE
  5
36D
330
17
100
AcDbEntity
  8
SLOTS
100
AcDbLine
 10
5.3746474120067225
 20
22.002520232171367
 30
0.0
 11
4.7395618603535254
 21
23.997520287924704
 31
0.0
  0
LINE
  5
36E
330
17
100
AcDbEntity
  8
SLOTS
100
AcDbLine
 10
4.977782510842081
 20
24.073355119504985
 30
0.0
 11
5.612868062495278
 21
22.078355063751648
 31
0.0
  0
ARC
  5
36F
330
17
100
AcDbEntity
  8
SLOTS
100
AcDbCircle
 10
4.858672185597803
 20
24.035437703714845
 30
0.0
 40
0.125
100
AcDbArc
 50
17.658281665035886
 51
197.65828166503587
  0
ARC
  5
370
330
17
100
AcDbEntity
  8
SLOTS
100
AcDbCircle
 10
5.493757737251
 20
22.040437647961507
 30
0.0
 40
0.125
100
AcDbArc
 50
197.65828166503587
 51
377.6582816650359
  0
LINE
  5
371
330
17
100
AcDbEntity
  8
SLOTS
100
AcDbLine
 10
4.925776449074456
 20
20.940084072613775
 30
0.0
 11
3.7455158306794063
 21
24.64764755500172
 31
0.0
  0
LINE
  5
372
330
17
100
AcDbEntity
  8
SLOTS
100
AcDbLine
 10
3.983736481167961
 20
24.723482386582
 30
0.0
 11
5.163997099563011
 21
21.015918904194056
 31
0.0
  0
ARC
  5
373
330
17
100
AcDbEntity
  8
SLOTS
100
AcDbCircle
 10
3.8646261559236836
 20
24.68556497079186
 30
0.0
 40
0.125
100
AcDbArc
 50
17.658281665035872
 51
197.65828166503587
  0
ARC
  5
374
330
17
100
AcDbEntity
  8
SLOTS
100
AcDbCircle
 10
5.044886774318734
 20
20.978001488403915
 30
0.0
 40
0.125
100
AcDbArc
 50
197.65828166503587
 51
377.6582816650359
  0
LINE
  5
375
330
17
100
AcDbEntity
  8
SLOTS
100
AcDbLine
 10
4.065177773221519
 20
21.171011945813262
 30
0.0
 11
2.957012058918561
 21
24.652103046159368
 31
0.0
  0
LINE
  5
376
330
17
100
AcDbEntity
  8
SLOTS
100
AcDbLine
 10
3.1952327094071156
 20
24.72793787773965
 30
0.0
 11
4.303398423710075
 21
21.246846777393543
 31
0.0
  0
ARC
  5
377
330
17
100
AcDbEntity
  8
SLOTS
100
AcDbCircle
 10
3.0761223841628382
 20
24.69002046194951
 30
0.0
 40
0.125
100
AcDbArc
 50
17.658281665035872
 51
197.65828166503587
  0
ARC
  5
378
330
17
100
AcDbEntity
  8
SLOTS
100
AcDbCircle
 10
4.184288098465797
 20
21.208929361603403
 30
0.0
 40
0.125
100
AcDbArc
 50
197.65828166503587
 51
377.6582816650359
  0
LINE
  5
379
330
17
100
AcDbEntity
  8
SLOTS
100
AcDbLine
 10
22.38488740860469
 20
29.982550140341836
 30
0.0
 11
22.448723768575956
 21
29.944739728677916
 31
0.0
  0
LINE
  5
37A
330
17
100
AcDbEntity
  8
SLOTS
100
AcDbLine
 10
22.321319415236655
 20
29.729639447994245
 30
0.0
 11
22.25748305526539
 21
29.767449859658164
 31
0.0
  0
ARC
  5
37B
330
17
100
AcDbEntity
  8
SLOTS
100
AcDbCircle
 10
22.385021591906305
 20
29.83718958833608
 30
0.0
 40
0.125
100
AcDbArc
 50
-120.63834919908312
 51
59.36165080091688
  0
ARC
  5
37C
330
17
100
AcDbEntity
  8
SLOTS
100
AcDbCircle
 10
22.32118523193504
 20
29.875
 30
0.0
 40
0.125
100
AcDbArc
 50
59.36165080091688
 51
239.3616508009169
  0
LINE
  5
37D
330
17
100
AcDbEntity
  8
SLOTS
100
AcDbLine
 10
34.76368700279541
 20
5.906807066145469
 30
0.0
 11
34.98306674071694
 21
5.529427712700804
 31
0.0
  0
LINE
  5
37E
330
17
100
AcDbEntity
  8
SLOTS
100
AcDbLine
 10
34.76693325928306
 20
5.403784096853161
 30
0.0
 11
34.54755352136152
 21
5.781163450297826
 31
0.0
  0
ARC
  5
37F
330
17
100
AcDbEntity
  8
SLOTS
100
AcDbCircle
 10
34.875
 20
5.466605904776983
 30
0.0
 40
0.125
100
AcDbArc
 50
-149.82952820459838
 51
30.17047179540164
  0
ARC
  5
380
330
17
100
AcDbEntity
  8
SLOTS
100
AcDbCircle
 10
34.655620262078465
 20
5.843985258221648
 30
0.0
 40
0.125
100
AcDbArc
 50
30.17047179540164
 51
210.17047179540162
  0
LINE
  5
381
330
17
100
AcDbEntity
  8
SLOTS
100
AcDbLine
 10
34.42183984689655
 20
1.42702032863788
 30
0.0
 11
34.91069137906466
 21
1.2813747420710524
 31
0.0
  0
LINE
  5
382
330
17
100
AcDbEntity
  8
SLOTS
100
AcDbLine
 10
34.83930862093534
 20
1.0417823760786205
 30
0.0
 11
34.350457088767236
 21
1.187427962645448
 31
0.0
  0
ARC
  5
383
330
17
100
AcDbEntity
  8
SLOTS
100
AcDbCircle
 10
34.875
 20
1.1615785590748364
 30
0.0
 40
0.125
100
AcDbArc
 50
-106.59059355928366
 51
73.40940644071634
  0
ARC
  5
384
330
17
100
AcDbEntity
  8
SLOTS
100
AcDbCircle
 10
34.386148467831894
 20
1.307224145641664
 30
0.0
 40
0.125
100
AcDbArc
 50
73.40940644071634
 51
253.40940644071634
  0
LINE
  5
385
330
17
100
AcDbEntity
  8
SLOTS
100
AcDbLine
 10
33.402121140261315
 20
2.5134085894554445
 30
0.0
 11
34.91069137906466
 21
2.063953933287532
 31
0.0
  0
LINE
  5
386
330
17
100
AcDbEntity
  8
SLOTS
100
AcDbLine
 10
34.83930862093534
 20
1.8243615672951
 30
0.0
 11
33.330738382132
 21
2.2738162234630126
 31
0.0
  0
ARC
  5
387
330
17
100
AcDbEntity
  8
SLOTS
100
AcDbCircle
 10
34.875
 20
1.9441577502913159
 30
0.0
 40
0.125
100
AcDbArc
 50
-106.59059355928373
 51
73.40940644071627
  0
ARC
  5
388
330
17
100
AcDbEntity
  8
SLOTS
100
AcDbCircle
 10
33.366429761196656
 20
2.3936124064592286
 30
0.0
 40
0.125
100
AcDbArc
 50
73.40940644071627
 51
253.40940644071625
  0
LINE
  5
389
330
17
100
AcDbEntity
  8
SLOTS
100
AcDbLine
 10
33.496815972255
 20
3.267774952352865
 30
0.0
 11
34.91069137906466
 21
2.8465331245040115
 31
0.0
  0
LINE
  5
38A
330
17
100
AcDbEntity
  8
SLOTS
100
AcDbLine
 10
34.83930862093534
 20
2.6069407585115796
 30
0.0
 11
33.42543321412568
 21
3.0281825863604332
 31
0.0
  0
ARC
  5
38B
330
17
100
AcDbEntity
  8
SLOTS
100
AcDbCircle
 10
34.875
 20
2.7267369415077956
 30
0.0
 40
0.125
100
AcDbArc
 50
-106.59059355928372
 51
73.40940644071628
  0
ARC
  5
38C
330
17
100
AcDbEntity
  8
SLOTS
100
AcDbCircle
 10
33.46112459319034
 20
3.147978769356649
 30
0.0
 40
0.125
100
AcDbArc
 50
73.40940644071628
 51
253.40940644071628
  0
LINE
  5
38D
330
17
100
AcDbEntity
  8
SLOTS
100
AcDbLine
 10
33.785632171392194
 20
3.9643059224524397
 30
0.0
 11
34.91069137906466
 21
3.629112315720491
 31
0.0
  0
LINE
  5
38E
330
17
100
AcDbEntity
  8
SLOTS
100
AcDbLine
 10
34.83930862093534
 20
3.3895199497280593
 30
0.0
 11
33.71424941326288
 21
3.724713556460008
 31
0.0
  0
ARC
  5
38F
330
17
100
AcDbEntity
  8
SLOTS
100
AcDbCircle
 10
34.875
 20
3.5093161327242752
 30
0.0
 40
0.125
100
AcDbArc
 50
-106.59059355928368
 51
73.40940644071632
  0
ARC
  5
390
330
17
100
AcDbEntity
  8
SLOTS
100
AcDbCircle
 10
33.749940792327536
 20
3.8445097394562238
 30
0.0
 40
0.125
100
AcDbArc
 50
73.40940644071632
 51
253.40940644071634
  0
LINE
  5
391
330
17
100
AcDbEntity
  8
SLOTS
100
AcDbLine
 10
34.242285560055706
 20
4.610832454992264
 30
0.0
 11
34.91069137906466
 21
4.411691506936969
 31
0.0
  0
LINE
  5
392
330
17
100
AcDbEntity
  8
SLOTS
100
AcDbLine
 10
34.83930862093534
 20
4.172099140944538
 30
0.0
 11
34.17090280192639
 21
4.371240088999833
 31
0.0
  0
ARC
  5
393
330
17
100
AcDbEntity
  8
SLOTS
100
AcDbCircle
 10
34.875
 20
4.291895323940754
 30
0.0
 40
0.125
100
AcDbArc
 50
-106.59059355928369
 51
73.40940644071631
  0
ARC
  5
394
330
17
100
AcDbEntity
  8
SLOTS
100
AcDbCircle
 10
34.20659418099105
 20
4.491036271996048
 30
0.0
 40
0.125
100
AcDbArc
 50
73.40940644071631
 51
253.4094064407163
  0
LINE
  5
395
330
17
100
AcDbEntity
  8
SLOTS
100
AcDbLine
 10
32.84617563371572
 20
1.1384503228472795
 30
0.0
 11
32.903876413839726
 21
1.67157663984393
 31
0.0
  0
LINE
  5
396
330
17
100
AcDbEntity
  8
SLOTS
100
AcDbLine
 10
33.15242491063907
 20
1.644675994149371
 30
0.0
 11
33.09472413051506
 21
1.1115496771527205
 31
0.0
  0
ARC
  5
397
330
17
100
AcDbEntity
  8
SLOTS
100
AcDbCircle
 10
33.0281506622394
 20
1.6581263169966505
 30
0.0
 40
0.125
100
AcDbArc
 50
-6.177133330037023
 51
173.822866669963
  0
ARC
  5
398
330
17
100
AcDbEntity
  8
SLOTS
100
AcDbCircle
 10
32.97044988211539
 20
1.125
 30
0.0
 40
0.125
100
AcDbArc
 50
173.822866669963
 51
353.822866669963
  0
LINE
  5
399
330
17
100
AcDbEntity
  8
SLOTS
100
AcDbLine
 10
29.870486127833875
 20
9.79541074772439
 30
0.0
 11
29.38762496801433
 21
9.654297376166795
 31
0.0
  0
LINE
  5
39A
330
17
100
AcDbEntity
  8
SLOTS
100
AcDbLine
 10
29.317497257465845
 20
9.894260090381376
 30
0.0
 11
29.80035841728539
 21
10.03537346193897
 31
0.0
  0
ARC
  5
39B
330
17
100
AcDbEntity
  8
SLOTS
100
AcDbCircle
 10
29.352561112740087
 20
9.774278733274086
 30
0.0
 40
0.125
100
AcDbArc
 50
-253.70930427629006
 51
-73.70930427629006
  0
ARC
  5
39C
330
17
100
AcDbEntity
  8
SLOTS
100
AcDbCircle
 10
29.835422272559633
 20
9.91539210483168
 30
0.0
 40
0.125
100
AcDbArc
 50
-73.70930427629006
 51
106.29069572370994
  0
LINE
  5
39D
330
17
100
AcDbEntity
  8
SLOTS
100
AcDbLine
 10
30.757792772800485
 20
9.273349573162031
 30
0.0
 11
27.877526723667813
 21
8.431608536612568
 31
0.0
  0
LINE
  5
39E
330
17
100
AcDbEntity
  8
SLOTS
100
AcDbLine
 10
27.80739901311933
 20
8.67157125082715
 30
0.0
 11
30.687665062252
 21
9.513312287376612
 31
0.0
  0
ARC
  5
39F
330
17
100
AcDbEntity
  8
SLOTS
100
AcDbCircle
 10
27.84246286839357
 20
8.551589893719859
 30
0.0
 40
0.125
100
AcDbArc
 50
-253.70930427629014
 51
-73.70930427629014
  0
ARC
  5
3A0
330
17
100
AcDbEntity
  8
SLOTS
100
AcDbCircle
 10
30.722728917526243
 20
9.393330930269322
 30
0.0
 40
0.125
100
AcDbArc
 50
-73.70930427629014
 51
106.29069572370986
  0
LINE
  5
3A1
330
17
100
AcDbEntity
  8
SLOTS
100
AcDbLine
 10
31.331310603774707
 20
8.659585438858468
 30
0.0
 11
26.367428479321294
 21
7.20891969705834
 31
0.0
  0
LINE
  5
3A2
330
17
100
AcDbEntity
  8
SLOTS
100
AcDbLine
 10
26.29730076877281
 20
7.448882411272919
 30
0.0
 11
31.261182893226223
 21
8.899548153073049
 31
0.0
  0
ARC
  5
3A3
330
17
100
AcDbEntity
  8
SLOTS
100
AcDbCircle
 10
26.332364624047052
 20
7.328901054165629
 30
0.0
 40
0.125
100
AcDbArc
 50
-253.7093042762901
 51
-73.70930427629011
  0
ARC
  5
3A4
330
17
100
AcDbEntity
  8
SLOTS
100
AcDbCircle
 10
31.296246748500465
 20
8.779566795965758
 30
0.0
 40
0.125
100
AcDbArc
 50
-73.70930427629011
 51
106.29069572370989
  0
LINE
  5
3A5
330
17
100
AcDbEntity
  8
SLOTS
100
AcDbLine
 10
31.904828434748932
 20
8.045821304554902
 30
0.0
 11
27.217620141215942
 21
6.67601188409884
 31
0.0
  0
LINE
  5
3A6
330
17
100
AcDbEntity
  8
SLOTS
100
AcDbLine
 10
27.14749243066746
 20
6.9159745983134195
 30
0.0
 11
31.83470072420045
 21
8.285784018769483
 31
0.0
  0
ARC
  5
3A7
330
17
100
AcDbEntity
  8
SLOTS
100
AcDbCircle
 10
27.1825562859417
 20
6.79599324120613
 30
0.0
 40
0.125
100
AcDbArc
 50
-253.70930427629014
 51
-73.70930427629014
  0
ARC
  5
3A8
330
17
100
AcDbEntity
  8
SLOTS
100
AcDbCircle
 10
31.86976457947469
 20
8.165802661662193
 30
0.0
 40
0.125
100
AcDbArc
 50
-73.70930427629014
 51
106.29069572370986
  0
LINE
  5
3A9
330
17
100
AcDbEntity
  8
SLOTS
100
AcDbLine
 10
32.47834626572316
 20
7.432057170251339
 30
0.0
 11
28.098068677550533
 21
6.15194646709144
 31
0.0
  0
LINE
  5
3AA
330
17
100
AcDbEntity
  8
SLOTS
100
AcDbLine
 10
28.02794096700205
 20
6.391909181306019
 30
0.0
 11
32.40821855517467
 21
7.672019884465918
 31
0.0
  0
ARC
  5
3AB
330
17
100
AcDbEntity
  8
SLOTS
100
AcDbCircle
 10
28.06300482227629
 20
6.2719278241987295
 30
0.0
 40
0.125
100
AcDbArc
 50
-253.70930427629014
 51
-73.70930427629014
  0
ARC
  5
3AC
330
17
100
AcDbEntity
  8
SLOTS
100
AcDbCircle
 10
32.443282410448916
 20
7.552038527358628
 30
0.0
 40
0.125
100
AcDbArc
 50
-73.70930427629014
 51
106.29069572370986
  0
LINE
  5
3AD
330
17
100
AcDbEntity
  8
SLOTS
100
AcDbLine
 10
33.05186409669738
 20
6.818293035947774
 30
0.0
 11
28.97851721388512
 21
5.62788105008404
 31
0.0
  0
LINE
  5
3AE
330
17
100
AcDbEntity
  8
SLOTS
100
AcDbLine
 10
28.908389503336636
 20
5.86784376429862
 30
0.0
 11
32.98173638614889
 21
7.0582557501623535
 31
0.0
  0
ARC
  5
3AF
330
17
100
AcDbEntity
  8
SLOTS
100
AcDbCircle
 10
28.943453358610878
 20
5.74786240719133
 30
0.0
 40
0.125
100
AcDbArc
 50
-253.70930427629014
 51
-73.70930427629014
  0
ARC
  5
3B0
330
17
100
AcDbEntity
  8
SLOTS
100
AcDbCircle
 10
33.016800241423134
 20
6.938274393055064
 30
0.0
 40
0.125
100
AcDbArc
 50
-73.70930427629014
 51
106.29069572370986
  0
LINE
  5
3B1
330
17
100
AcDbEntity
  8
SLOTS
100
AcDbLine
 10
33.625381927671604
 20
6.204528901644211
 30
0.0
 11
29.858965750219706
 21
5.10381563307664
 31
0.0
  0
LINE
  5
3B2
330
17
100
AcDbEntity
  8
SLOTS
100
AcDbLine
 10
29.788838039671223
 20
5.343778347291219
 30
0.0
 11
33.555254217123114
 21
6.44449161585879
 31
0.0
  0
ARC
  5
3B3
330
17
100
AcDbEntity
  8
SLOTS
100
AcDbCircle
 10
29.823901894945465
 20
5.22379699018393
 30
0.0
 40
0.125
100
AcDbArc
 50
-253.70930427629014
 51
-73.70930427629014
  0
ARC
  5
3B4
330
17
100
AcDbEntity
  8
SLOTS
100
AcDbCircle
 10
33.59031807239736
 20
6.3245102587515
 30
0.0
 40
0.125
100
AcDbArc
 50
-73.70930427629014
 51
106.29069572370986
  0
LINE
  5
3B5
330
17
100
AcDbEntity
  8
SLOTS
100
AcDbLine
 10
33.91713790707179
 20
5.508421501490103
 30
0.0
 11
31.003308401230044
 21
4.6568717395109225
 31
0.0
  0
LINE
  5
3B6
330
17
100
AcDbEntity
  8
SLOTS
100
AcDbLine
 10
30.93318069068156
 20
4.896834453725502
 30
0.0
 11
33.8470101965233
 21
5.748384215704682
 31
0.0
  0
ARC
  5
3B7
330
17
100
AcDbEntity
  8
SLOTS
100
AcDbCircle
 10
30.968244545955802
 20
4.776853096618212
 30
0.0
 40
0.125
100
AcDbArc
 50
-253.7093042762901
 51
-73.70930427629011
  0
ARC
  5
3B8
330
17
100
AcDbEntity
  8
SLOTS
100
AcDbCircle
 10
33.882074051797545
 20
5.628402858597393
 30
0.0
 40
0.125
100
AcDbArc
 50
-73.70930427629011
 51
106.29069572370989
  0
LINE
  5
3B9
330
17
100
AcDbEntity
  8
SLOTS
100
AcDbLine
 10
33.485864241464725
 20
4.601012883857262
 30
0.0
 11
32.27869629370347
 21
4.2482250572105436
 31
0.0
  0
LINE
  5
3BA
330
17
100
AcDbEntity
  8
SLOTS
100
AcDbLine
 10
32.20856858315498
 20
4.488187771425123
 30
0.0
 11
33.415736530916234
 21
4.840975598071841
 31
0.0
  0
ARC
  5
3BB
330
17
100
AcDbEntity
  8
SLOTS
100
AcDbCircle
 10
32.24363243842922
 20
4.368206414317833
 30
0.0
 40
0.125
100
AcDbArc
 50
-253.7093042762902
 51
-73.7093042762902
  0
ARC
  5
3BC
330
17
100
AcDbEntity
  8
SLOTS
100
AcDbCircle
 10
33.45080038619048
 20
4.720994240964552
 30
0.0
 40
0.125
100
AcDbArc
 50
-73.7093042762902
 51
106.2906957237098
  0
LINE
  5
3BD
330
17
100
AcDbEntity
  8
SLOTS
100
AcDbLine
 10
29.47572229165155
 20
3.120117870404978
 30
0.0
 11
29.383388636884806
 21
2.334615211118769
 31
0.0
  0
LINE
  5
3BE
330
17
100
AcDbEntity
  8
SLOTS
100
AcDbLine
 10
29.135098110496504
 20
2.3638010725214835
 30
0.0
 11
29.227431765263248
 21
3.1493037318076924
 31
0.0
  0
ARC
  5
3BF
330
17
100
AcDbEntity
  8
SLOTS
100
AcDbCircle
 10
29.259243373690655
 20
2.3492081418201263
 30
0.0
 40
0.125
100
AcDbArc
 50
-186.70419455484733
 51
-6.704194554847348
  0
ARC
  5
3C0
330
17
100
AcDbEntity
  8
SLOTS
100
AcDbCircle
 10
29.3515770284574
 20
3.134710801106335
 30
0.0
 40
0.125
100
AcDbArc
 50
-6.704194554847348
 51
173.29580544515267
  0
LINE
  5
3C1
330
17
100
AcDbEntity
  8
SLOTS
100
AcDbLine
 10
30.358963274811064
 20
4.209699164498351
 30
0.0
 11
30.141445900362083
 21
2.3592311363209513
 31
0.0
  0
LINE
  5
3C2
330
17
100
AcDbEntity
  8
SLOTS
100
AcDbLine
 10
29.89315537397378
 20
2.388416997723666
 30
0.0
 11
30.11067274842276
 21
4.238885025901065
 31
0.0
  0
ARC
  5
3C3
330
17
100
AcDbEntity
  8
SLOTS
100
AcDbCircle
 10
30.01730063716793
 20
2.3738240670223085
 30
0.0
 40
0.125
100
AcDbArc
 50
-186.70419455484733
 51
-6.704194554847334
  0
ARC
  5
3C4
330
17
100
AcDbEntity
  8
SLOTS
100
AcDbCircle
 10
30.234818011616913
 20
4.224292095199708
 30
0.0
 40
0.125
100
AcDbArc
 50
-6.704194554847334
 51
173.29580544515267
  0
LINE
  5
3C5
330
17
100
AcDbEntity
  8
SLOTS
100
AcDbLine
 10
31.0867174025574
 20
3.9765196654698665
 30
0.0
 11
30.899503163839356
 21
2.3838470615231335
 31
0.0
  0
LINE
  5
3C6
330
17
100
AcDbEntity
  8
SLOTS
100
AcDbLine
 10
30.651212637451053
 20
2.413032922925848
 30
0.0
 11
30.8384268761691
 21
4.005705526872581
 31
0.0
  0
ARC
  5
3C7
330
17
100
AcDbEntity
  8
SLOTS
100
AcDbCircle
 10
30.775357900645204
 20
2.398439992224491
 30
0.0
 40
0.125
100
AcDbArc
 50
-186.70419455484733
 51
-6.704194554847319
  0
ARC
  5
3C8
330
17
100
AcDbEntity
  8
SLOTS
100
AcDbCircle
 10
30.96257213936325
 20
3.9911125961712237
 30
0.0
 40
0.125
100
AcDbArc
 50
-6.704194554847319
 51
173.29580544515267
  0
LINE
  5
3C9
330
17
100
AcDbEntity
  8
SLOTS
100
AcDbLine
 10
31.814471530303745
 20
3.7433401664413815
 30
0.0
 11
31.657560427316632
 21
2.408462986725316
 31
0.0
  0
LINE
  5
3CA
330
17
100
AcDbEntity
  8
SLOTS
100
AcDbLine
 10
31.40926990092833
 20
2.4376488481280303
 30
0.0
 11
31.566181003915442
 21
3.772526027844096
 31
0.0
  0
ARC
  5
3CB
330
17
100
AcDbEntity
  8
SLOTS
100
AcDbCircle
 10
31.53341516412248
 20
2.423055917426673
 30
0.0
 40
0.125
100
AcDbArc
 50
-186.70419455484745
 51
-6.704194554847447
  0
ARC
  5
3CC
330
17
100
AcDbEntity
  8
SLOTS
100
AcDbCircle
 10
31.690326267109594
 20
3.7579330971427387
 30
0.0
 40
0.125
100
AcDbArc
 50
-6.704194554847447
 51
173.29580544515255
  0
LINE
  5
3CD
330
17
100
AcDbEntity
  8
SLOTS
100
AcDbLine
 10
32.542225658050086
 20
3.510160667412897
 30
0.0
 11
32.41561769079391
 21
2.433078911927498
 31
0.0
  0
LINE
  5
3CE
330
17
100
AcDbEntity
  8
SLOTS
100
AcDbLine
 10
32.167327164405606
 20
2.4622647733302125
 30
0.0
 11
32.29393513166178
 21
3.5393465288156114
 31
0.0
  0
ARC
  5
3CF
330
17
100
AcDbEntity
  8
SLOTS
100
AcDbCircle
 10
32.29147242759976
 20
2.4476718426288553
 30
0.0
 40
0.125
100
AcDbArc
 50
-186.70419455484745
 51
-6.704194554847447
  0
ARC
  5
3D0
330
17
100
AcDbEntity
  8
SLOTS
100
AcDbCircle
 10
32.418080394855934
 20
3.524753598114254
 30
0.0
 40
0.125
100
AcDbArc
 50
-6.704194554847447
 51
173.29580544515255
  0
LINE
  5
3D1
330
17
100
AcDbEntity
  8
SLOTS
100
AcDbLine
 10
23.470665629608025
 20
1.0285457636660413
 30
0.0
 11
23.368246854246735
 21
1.1129707698144222
 31
0.0
  0
LINE
  5
3D2
330
17
100
AcDbEntity
  8
SLOTS
100
AcDbLine
 10
23.52726358661453
 20
1.3058792424823396
 30
0.0
 11
23.62968236197582
 21
1.2214542363339587
 31
0.0
  0
ARC
  5
3D3
330
17
100
AcDbEntity
  8
SLOTS
100
AcDbCircle
 10
23.447755220430633
 20
1.2094250061483809
 30
0.0
 40
0.125
100
AcDbArc
 50
50.50083837616981
 51
230.5008383761698
  0
ARC
  5
3D4
330
17
100
AcDbEntity
  8
SLOTS
100
AcDbCircle
 10
23.550173995791923
 20
1.125
 30
0.0
 40
0.125
100
AcDbArc
 50
230.5008383761698
 51
410.5008383761698
  0
LINE
  5
3D5
330
17
100
AcDbEntity
  8
SLOTS
100
AcDbLine
 10
31.290826587839412
 20
1.2055560635354354
 30
0.0
 11
31.761248552102828
 21
1.7637186987363445
 31
0.0
  0
LINE
  5
3D6
330
17
100
AcDbEntity
  8
SLOTS
100
AcDbLine
 10
31.952410479564072
 20
1.6026065716654736
 30
0.0
 11
31.481988515300657
 21
1.0444439364645646
 31
0.0
  0
ARC
  5
3D7
330
17
100
AcDbEntity
  8
SLOTS
100
AcDbCircle
 10
31.85682951583345
 20
1.683162635200909
 30
0.0
 40
0.125
100
AcDbArc
 50
-40.12433910015534
 51
139.87566089984466
  0
ARC
  5
3D8
330
17
100
AcDbEntity
  8
SLOTS
100
AcDbCircle
 10
31.386407551570034
 20
1.125
 30
0.0
 40
0.125
100
AcDbArc
 50
139.87566089984466
 51
319.87566089984466
  0
LINE
  5
3D9
330
17
100
AcDbEntity
  8
SLOTS
100
AcDbLine
 10
30.309982742571062
 20
1.2055560635354357
 30
0.0
 11
30.75280577717366
 21
1.7309721595046397
 31
0.0
  0
LINE
  5
3DA
330
17
100
AcDbEntity
  8
SLOTS
100
AcDbLine
 10
30.943967704634904
 20
1.5698600324337684
 30
0.0
 11
30.501144670032307
 21
1.0444439364645643
 31
0.0
  0
ARC
  5
3DB
330
17
100
AcDbEntity
  8
SLOTS
100
AcDbCircle
 10
30.84838674090428
 20
1.650416095969204
 30
0.0
 40
0.125
100
AcDbArc
 50
-40.1243391001554
 51
139.8756608998446
  0
ARC
  5
3DC
330
17
100
AcDbEntity
  8
SLOTS
100
AcDbCircle
 10
30.405563706301685
 20
1.125
 30
0.0
 40
0.125
100
AcDbArc
 50
139.8756608998446
 51
319.8756608998446
  0
LINE
  5
3DD
330
17
100
AcDbEntity
  8
SLOTS
100
AcDbLine
 10
29.329138897302713
 20
1.2055560635354357
 30
0.0
 11
29.74436300224449
 21
1.6982256202729344
 31
0.0
  0
LINE
  5
3DE
330
17
100
AcDbEntity
  8
SLOTS
100
AcDbLine
 10
29.935524929705736
 20
1.5371134932020631
 30
0.0
 11
29.520300824763957
 21
1.0444439364645643
 31
0.0
  0
ARC
  5
3DF
330
17
100
AcDbEntity
  8
SLOTS
100
AcDbCircle
 10
29.839943965975113
 20
1.6176695567374988
 30
0.0
 40
0.125
100
AcDbArc
 50
-40.12433910015549
 51
139.87566089984452
  0
ARC
  5
3E0
330
17
100
AcDbEntity
  8
SLOTS
100
AcDbCircle
 10
29.424719861033335
 20
1.125
 30
0.0
 40
0.125
100
AcDbArc
 50
139.87566089984452
 51
319.8756608998445
  0
LINE
  5
3E1
330
17
100
AcDbEntity
  8
SLOTS
100
AcDbLine
 10
28.34829505203436
 20
1.2055560635354359
 30
0.0
 11
28.73592022731532
 21
1.6654790810412294
 31
0.0
  0
LINE
  5
3E2
330
17
100
AcDbEntity
  8
SLOTS
100
AcDbLine
 10
28.927082154776564
 20
1.5043669539703577
 30
0.0
 11
28.539456979495604
 21
1.0444439364645641
 31
0.0
  0
ARC
  5
3E3
330
17
100
AcDbEntity
  8
SLOTS
100
AcDbCircle
 10
28.83150119104594
 20
1.5849230175057936
 30
0.0
 40
0.125
100
AcDbArc
 50
-40.124339100155574
 51
139.87566089984443
  0
ARC
  5
3E4
330
17
100
AcDbEntity
  8
SLOTS
100
AcDbCircle
 10
28.44387601576498
 20
1.125
 30
0.0
 40
0.125
100
AcDbArc
 50
139.87566089984443
 51
319.87566089984443
  0
LINE
  5
3E5
330
17
100
AcDbEntity
  8
SLOTS
100
AcDbLine
 10
27.367451206766013
 20
1.2055560635354359
 30
0.0
 11
27.654910072301288
 21
1.5466302694353686
 31
0.0
  0
LINE
  5
3E6
330
17
100
AcDbEntity
  8
SLOTS
100
AcDbLine
 10
27.846071999762533
 20
1.3855181423644969
 30
0.0
 11
27.558613134227258
 21
1.0444439364645641
 31
0.0
  0
ARC
  5
3E7
330
17
100
AcDbEntity
  8
SLOTS
100
AcDbCircle
 10
27.75049103603191
 20
1.4660742058999328
 30
0.0
 40
0.125
100
AcDbArc
 50
-40.124339100155616
 51
139.87566089984438
  0
ARC
  5
3E8
330
17
100
AcDbEntity
  8
SLOTS
100
AcDbCircle
 10
27.463032170496636
 20
1.125
 30
0.0
 40
0.125
100
AcDbArc
 50
139.87566089984438
 51
319.8756608998444
  0
LINE
  5
3E9
330
17
100
AcDbEntity
  8
SLOTS
100
AcDbLine
 10
26.38660736149766
 20
1.2055560635354392
 30
0.0
 11
26.415812494291306
 21
1.2402083865982383
 31
0.0
  0
LINE
  5
3EA
330
17
100
AcDbEntity
  8
SLOTS
100
AcDbLine
 10
26.60697442175255
 20
1.0790962595273599
 30
0.0
 11
26.577769288958905
 21
1.0444439364645608
 31
0.0
  0
ARC
  5
3EB
330
17
100
AcDbEntity
  8
SLOTS
100
AcDbCircle
 10
26.511393458021928
 20
1.159652323062799
 30
0.0
 40
0.125
100
AcDbArc
 50
-40.12433910015757
 51
139.87566089984244
  0
ARC
  5
3EC
330
17
100
AcDbEntity
  8
SLOTS
100
AcDbCircle
 10
26.482188325228282
 20
1.125
 30
0.0
 40
0.125
100
AcDbArc
 50
139.87566089984244
 51
319.87566089984244
  0
LINE
  5
3ED
330
17
100
AcDbEntity
  8
SLOTS
100
AcDbLine
 10
27.88482546466676
 20
17.983665370140034
 30
0.0
 11
26.920378572390426
 21
17.00311958223125
 31
0.0
  0
LINE
  5
3EE
330
17
100
AcDbEntity
  8
SLOTS
100
AcDbLine
 10
26.742144784332936
 20
17.178427074354886
 30
0.0
 11
27.70659167660927
 21
18.15897286226367
 31
0.0
  0
ARC
  5
3EF
330
17
100
AcDbEntity
  8
SLOTS
100
AcDbCircle
 10
26.83126167836168
 20
17.090773328293068
 30
0.0
 40
0.125
100
AcDbArc
 50
-224.52576802977168
 51
-44.52576802977168
  0
ARC
  5
3F0
330
17
100
AcDbEntity
  8
SLOTS
100
AcDbCircle
 10
27.795708570638016
 20
18.071319116201852
 30
0.0
 40
0.125
100
AcDbArc
 50
-44.52576802977168
 51
135.47423197022832
  0
LINE
  5
3F1
330
17
100
AcDbEntity
  8
SLOTS
100
AcDbLine
 10
30.336382485167146
 20
19.406595396580585
 30
0.0
 11
27.48033544578321
 21
16.502874189156262
 31
0.0
  0
LINE
  5
3F2
330
17
100
AcDbEntity
  8
SLOTS
100
AcDbLine
 10
27.30210165772572
 20
16.6781816812799
 30
0.0
 11
30.158148697109656
 21
19.58190288870422
 31
0.0
  0
ARC
  5
3F3
330
17
100
AcDbEntity
  8
SLOTS
100
AcDbCircle
 10
27.391218551754466
 20
16.59052793521808
 30
0.0
 40
0.125
100
AcDbArc
 50
-224.52576802977165
 51
-44.525768029771655
  0
ARC
  5
3F4
330
17
100
AcDbEntity
  8
SLOTS
100
AcDbCircle
 10
30.2472655911384
 20
19.494249142642403
 30
0.0
 40
0.125
100
AcDbArc
 50
-44.525768029771655
 51
135.47423197022835
  0
LINE
  5
3F5
330
17
100
AcDbEntity
  8
SLOTS
100
AcDbLine
 10
32.70599140313321
 20
20.74620941318106
 30
0.0
 11
28.075083510095972
 21
16.0380007341176
 31
0.0
  0
LINE
  5
3F6
330
17
100
AcDbEntity
  8
SLOTS
100
AcDbLine
 10
27.896849722038482
 20
16.213308226241235
 30
0.0
 11
32.52775761507573
 21
20.921516905304696
 31
0.0
  0
ARC
  5
3F7
330
17
100
AcDbEntity
  8
SLOTS
100
AcDbCircle
 10
27.985966616067227
 20
16.125654480179417
 30
0.0
 40
0.125
100
AcDbArc
 50
-224.52576802977163
 51
-44.525768029771626
  0
ARC
  5
3F8
330
17
100
AcDbEntity
  8
SLOTS
100
AcDbCircle
 10
32.61687450910447
 20
20.833863159242878
 30
0.0
 40
0.125
100
AcDbArc
 50
-44.525768029771626
 51
135.47423197022837
  0
LINE
  5
3F9
330
17
100
AcDbEntity
  8
SLOTS
100
AcDbLine
 10
32.827959209026474
 20
19.800663881004485
 30
0.0
 11
28.931454634602197
 21
15.839117445823133
 31
0.0
  0
LINE
  5
3FA
330
17
100
AcDbEntity
  8
SLOTS
100
AcDbLine
 10
28.753220846544707
 20
16.014424937946767
 30
0.0
 11
32.64972542096899
 21
19.97597137312812
 31
0.0
  0
ARC
  5
3FB
330
17
100
AcDbEntity
  8
SLOTS
100
AcDbCircle
 10
28.842337740573452
 20
15.926771191884951
 30
0.0
 40
0.125
100
AcDbArc
 50
-224.52576802977163
 51
-44.525768029771626
  0
ARC
  5
3FC
330
17
100
AcDbEntity
  8
SLOTS
100
AcDbCircle
 10
32.73884231499773
 20
19.888317627066304
 30
0.0
 40
0.125
100
AcDbArc
 50
-44.525768029771626
 51
135.47423197022837
  0
LINE
  5
3FD
330
17
100
AcDbEntity
  8
SLOTS
100
AcDbLine
 10
30.48305434206207
 20
16.347067746924136
 30
0.0
 11
30.307771733020424
 21
16.168859257306025
 31
0.0
  0
LINE
  5
3FE
330
17
100
AcDbEntity
  8
SLOTS
100
AcDbLine
 10
30.129537944962934
 20
16.34416674942966
 30
0.0
 11
30.30482055400458
 21
16.522375239047772
 31
0.0
  0
ARC
  5
3FF
330
17
100
AcDbEntity
  8
SLOTS
100
AcDbCircle
 10
30.21865483899168
 20
16.256513003367843
 30
0.0
 40
0.125
100
AcDbArc
 50
-224.52576802977174
 51
-44.52576802977174
  0
ARC
  5
400
330
17
100
AcDbEntity
  8
SLOTS
100
AcDbCircle
 10
30.393937448033324
 20
16.434721492985954
 30
0.0
 40
0.125
100
AcDbArc
 50
-44.52576802977174
 51
135.47423197022826
  0
LINE
  5
401
330
17
100
AcDbEntity
  8
SLOTS
100
AcDbLine
 10
32.13311293474767
 20
21.963726418533906
 30
0.0
 11
34.798609069575114
 21
24.021706885649962
 31
0.0
  0
LINE
  5
402
330
17
100
AcDbEntity
  8
SLOTS
100
AcDbLine
 10
34.951390930424886
 20
23.823823831814423
 30
0.0
 11
32.28589479559744
 21
21.765843364698366
 31
0.0
  0
ARC
  5
403
330
17
100
AcDbEntity
  8
SLOTS
100
AcDbCircle
 10
34.875
 20
23.922765358732192
 30
0.0
 40
0.125
100
AcDbArc
 50
-52.328930817562515
 51
127.67106918243749
  0
ARC
  5
404
330
17
100
AcDbEntity
  8
SLOTS
100
AcDbCircle
 10
32.20950386517256
 20
21.864784891616136
 30
0.0
 40
0.125
100
AcDbArc
 50
127.67106918243749
 51
307.67106918243746
  0
LINE
  5
405
330
17
100
AcDbEntity
  8
SLOTS
100
AcDbLine
 10
31.47809794696317
 20
22.40553075491962
 30
0.0
 11
34.63071029470677
 21
24.839604677321027
 31
0.0
  0
LINE
  5
406
330
17
100
AcDbEntity
  8
SLOTS
100
AcDbLine
 10
34.783492155556544
 20
24.641721623485488
 30
0.0
 11
31.63087980781295
 21
22.20764770108408
 31
0.0
  0
ARC
  5
407
330
17
100
AcDbEntity
  8
SLOTS
100
AcDbCircle
 10
34.70710122513166
 20
24.740663150403257
 30
0.0
 40
0.125
100
AcDbArc
 50
-52.32893081756251
 51
127.67106918243749
  0
ARC
  5
408
330
17
100
AcDbEntity
  8
SLOTS
100
AcDbCircle
 10
31.55448887738806
 20
22.30658922800185
 30
0.0
 40
0.125
100
AcDbArc
 50
127.67106918243749
 51
307.67106918243746
  0
LINE
  5
409
330
17
100
AcDbEntity
  8
SLOTS
100
AcDbLine
 10
30.82308295917867
 20
22.847335091305343
 30
0.0
 11
34.2833281861161
 21
25.518926693117887
 31
0.0
  0
LINE
  5
40A
330
17
100
AcDbEntity
  8
SLOTS
100
AcDbLine
 10
34.43611004696587
 20
25.321043639282347
 30
0.0
 11
30.97586482002845
 21
22.649452037469803
 31
0.0
  0
ARC
  5
40B
330
17
100
AcDbEntity
  8
SLOTS
100
AcDbCircle
 10
34.35971911654099
 20
25.419985166200117
 30
0.0
 40
0.125
100
AcDbArc
 50
-52.328930817562515
 51
127.67106918243749
  0
ARC
  5
40C
330
17
100
AcDbEntity
  8
SLOTS
100
AcDbCircle
 10
30.89947388960356
 20
22.748393564387573
 30
0.0
 40
0.125
100
AcDbArc
 50
127.67106918243749
 51
307.67106918243746
  0
LINE
  5
40D
330
17
100
AcDbEntity
  8
SLOTS
100
AcDbLine
 10
30.16806797139417
 20
23.289139427691058
 30
0.0
 11
33.93594607752543
 21
26.198248708914743
 31
0.0
  0
LINE
  5
40E
330
17
100
AcDbEntity
  8
SLOTS
100
AcDbLine
 10
34.0887279383752
 20
26.000365655079204
 30
0.0
 11
30.320849832243947
 21
23.09125637385552
 31
0.0
  0
ARC
  5
40F
330
17
100
AcDbEntity
  8
SLOTS
100
AcDbCircle
 10
34.012337007950315
 20
26.099307181996974
 30
0.0
 40
0.125
100
AcDbArc
 50
-52.328930817562494
 51
127.6710691824375
  0
ARC
  5
410
330
17
100
AcDbEntity
  8
SLOTS
100
AcDbCircle
 10
30.24445890181906
 20
23.19019790077329
 30
0.0
 40
0.125
100
AcDbArc
 50
127.6710691824375
 51
307.6710691824375
  0
LINE
  5
411
330
17
100
AcDbEntity
  8
SLOTS
100
AcDbLine
 10
29.51305298360967
 20
23.730943764076777
 30
0.0
 11
33.58856396893476
 21
26.8775707247116
 31
0.0
  0
LINE
  5
412
330
17
100
AcDbEntity
  8
SLOTS
100
AcDbLine
 10
33.74134582978453
 20
26.67968767087606
 30
0.0
 11
29.665834844459447
 21
23.533060710241237
 31
0.0
  0
ARC
  5
413
330
17
100
AcDbEntity
  8
SLOTS
100
AcDbCircle
 10
33.66495489935964
 20
26.77862919779383
 30
0.0
 40
0.125
100
AcDbArc
 50
-52.3289308175625
 51
127.67106918243749
  0
ARC
  5
414
330
17
100
AcDbEntity
  8
SLOTS
100
AcDbCircle
 10
29.589443914034558
 20
23.632002237159007
 30
0.0
 40
0.125
100
AcDbArc
 50
127.67106918243749
 51
307.6710691824375
  0
LINE
  5
415
330
17
100
AcDbEntity
  8
SLOTS
100
AcDbLine
 10
28.858037995825164
 20
24.1727481004625
 30
0.0
 11
33.241181860344085
 21
27.556892740508463
 31
0.0
  0
LINE
  5
416
330
17
100
AcDbEntity
  8
SLOTS
100
AcDbLine
 10
33.393963721193856
 20
27.359009686672923
 30
0.0
 11
29.010819856674942
 21
23.97486504662696
 31
0.0
  0
ARC
  5
417
330
17
100
AcDbEntity
  8
SLOTS
100
AcDbCircle
 10
33.31757279076897
 20
27.457951213590693
 30
0.0
 40
0.125
100
AcDbArc
 50
-52.3289308175625
 51
127.67106918243749
  0
ARC
  5
418
330
17
100
AcDbEntity
  8
SLOTS
100
AcDbCircle
 10
28.934428926250053
 20
24.07380657354473
 30
0.0
 40
0.125
100
AcDbArc
 50
127.67106918243749
 51
307.6710691824375
  0
LINE
  5
419
330
17
100
AcDbEntity
  8
SLOTS
100
AcDbLine
 10
28.203023008040663
 20
24.614552436848218
 30
0.0
 11
32.6350039200516
 21
28.03640326168169
 31
0.0
  0
LINE
  5
41A
330
17
100
AcDbEntity
  8
SLOTS
100
AcDbLine
 10
32.78778578090137
 20
27.838520207846152
 30
0.0
 11
28.35580486889044
 21
24.416669383012678
 31
0.0
  0
ARC
  5
41B
330
17
100
AcDbEntity
  8
SLOTS
100
AcDbCircle
 10
32.71139485047649
 20
27.93746173476392
 30
0.0
 40
0.125
100
AcDbArc
 50
-52.328930817562494
 51
127.6710691824375
  0
ARC
  5
41C
330
17
100
AcDbEntity
  8
SLOTS
100
AcDbCircle
 10
28.279413938465552
 20
24.515610909930448
 30
0.0
 40
0.125
100
AcDbArc
 50
127.6710691824375
 51
307.6710691824375
  0
LINE
  5
41D
330
17
100
AcDbEntity
  8
SLOTS
100
AcDbLine
 10
27.54800802025616
 20
25.056356773233937
 30
0.0
 11
31.699430971765356
 21
28.261593964656957
 31
0.0
  0
LINE
  5
41E
330
17
100
AcDbEntity
  8
SLOTS
100
AcDbLine
 10
31.852212832615134
 20
28.063710910821417
 30
0.0
 11
27.700789881105937
 21
24.858473719398397
 31
0.0
  0
ARC
  5
41F
330
17
100
AcDbEntity
  8
SLOTS
100
AcDbCircle
 10
31.775821902190245
 20
28.162652437739187
 30
0.0
 40
0.125
100
AcDbArc
 50
-52.32893081756247
 51
127.67106918243752
  0
ARC
  5
420
330
17
100
AcDbEntity
  8
SLOTS
100
AcDbCircle
 10
27.624398950681048
 20
24.957415246316167
 30
0.0
 40
0.125
100
AcDbArc
 50
127.67106918243752
 51
307.6710691824375
  0
LINE
  5
421
330
17
100
AcDbEntity
  8
SLOTS
100
AcDbLine
 10
26.892993032471658
 20
25.498161109619655
 30
0.0
 11
30.76385802347912
 21
28.48678466763222
 31
0.0
  0
LINE
  5
422
330
17
100
AcDbEntity
  8
SLOTS
100
AcDbLine
 10
30.916639884328898
 20
28.288901613796682
 30
0.0
 11
27.045774893321436
 21
25.300278055784116
 31
0.0
  0
ARC
  5
423
330
17
100
AcDbEntity
  8
SLOTS
100
AcDbCircle
 10
30.84024895390401
 20
28.387843140714452
 30
0.0
 40
0.125
100
AcDbArc
 50
-52.32893081756249
 51
127.67106918243752
  0
ARC
  5
424
330
17
100
AcDbEntity
  8
SLOTS
100
AcDbCircle
 10
26.969383962896547
 20
25.399219582701885
 30
0.0
 40
0.125
100
AcDbArc
 50
127.67106918243752
 51
307.6710691824375
  0
LINE
  5
425
330
17
100
AcDbEntity
  8
SLOTS
100
AcDbLine
 10
26.237978044687157
 20
25.939965446005374
 30
0.0
 11
29.82828507519288
 21
28.711975370607487
 31
0.0
  0
LINE
  5
426
330
17
100
AcDbEntity
  8
SLOTS
100
AcDbLine
 10
29.98106693604266
 20
28.514092316771947
 30
0.0
 11
26.390759905536935
 21
25.742082392169834
 31
0.0
  0
ARC
  5
427
330
17
100
AcDbEntity
  8
SLOTS
100
AcDbCircle
 10
29.90467600561777
 20
28.613033843689717
 30
0.0
 40
0.125
100
AcDbArc
 50
-52.32893081756247
 51
127.67106918243752
  0
ARC
  5
428
330
17
100
AcDbEntity
  8
SLOTS
100
AcDbCircle
 10
26.314368975112046
 20
25.841023919087604
 30
0.0
 40
0.125
100
AcDbArc
 50
127.67106918243752
 51
307.6710691824375
  0
LINE
  5
429
330
17
100
AcDbEntity
  8
SLOTS
100
AcDbLine
 10
25.62866662836512
 20
26.417056668054983
 30
0.0
 11
27.823915211914024
 21
28.11196766281443
 31
0.0
  0
LINE
  5
42A
330
17
100
AcDbEntity
  8
SLOTS
100
AcDbLine
 10
27.976697072763802
 20
27.91408460897889
 30
0.0
 11
25.7814484892149
 21
26.219173614219443
 31
0.0
  0
ARC
  5
42B
330
17
100
AcDbEntity
  8
SLOTS
100
AcDbCircle
 10
27.900306142338913
 20
28.01302613589666
 30
0.0
 40
0.125
100
AcDbArc
 50
-52.328930817562465
 51
127.67106918243753
  0
ARC
  5
42C
330
17
100
AcDbEntity
  8
SLOTS
100
AcDbCircle
 10
25.70505755879001
 20
26.318115141137213
 30
0.0
 40
0.125
100
AcDbArc
 50
127.67106918243753
 51
307.6710691824375
  0
LINE
  5
42D
330
17
100
AcDbEntity
  8
SLOTS
100
AcDbLine
 10
5.292447692884789
 20
15.669023376926658
 30
0.0
 11
4.8182755588107495
 21
14.023029954280492
 31
0.0
  0
LINE
  5
42E
330
17
100
AcDbEntity
  8
SLOTS
100
AcDbLine
 10
4.578045048014046
 20
14.092234735057222
 30
0.0
 11
5.052217182088086
 21
15.738228157703388
 31
0.0
  0
ARC
  5
42F
330
17
100
AcDbEntity
  8
SLOTS
100
AcDbCircle
 10
4.698160303412398
 20
14.057632344668857
 30
0.0
 40
0.125
100
AcDbArc
 50
-196.07045140188205
 51
-16.070451401882067
  0
ARC
  5
430
330
17
100
AcDbEntity
  8
SLOTS
100
AcDbCircle
 10
5.172332437486437
 20
15.703625767315023
 30
0.0
 40
0.125
100
AcDbArc
 50
-16.070451401882067
 51
163.92954859811795
  0
LINE
  5
431
330
17
100
AcDbEntity
  8
SLOTS
100
AcDbLine
 10
6.081552122670831
 20
15.698890681125052
 30
0.0
 11
5.005926129104096
 21
11.965070864624312
 31
0.0
  0
LINE
  5
432
330
17
100
AcDbEntity
  8
SLOTS
100
AcDbLine
 10
4.765695618307393
 20
12.034275645401042
 30
0.0
 11
5.841321611874128
 21
15.768095461901781
 31
0.0
  0
ARC
  5
433
330
17
100
AcDbEntity
  8
SLOTS
100
AcDbCircle
 10
4.885810873705744
 20
11.999673255012677
 30
0.0
 40
0.125
100
AcDbArc
 50
-196.07045140188208
 51
-16.07045140188208
  0
ARC
  5
434
330
17
100
AcDbEntity
  8
SLOTS
100
AcDbCircle
 10
5.96143686727248
 20
15.733493071513417
 30
0.0
 40
0.125
100
AcDbArc
 50
-16.07045140188208
 51
163.92954859811792
  0
LINE
  5
435
330
17
100
AcDbEntity
  8
SLOTS
100
AcDbLine
 10
6.870656552456874
 20
15.728757985323448
 30
0.0
 11
5.762072393814457
 21
11.880530511689932
 31
0.0
  0
LINE
  5
436
330
17
100
AcDbEntity
  8
SLOTS
100
AcDbLine
 10
5.521841883017754
 20
11.949735292466661
 30
0.0
 11
6.630426041660171
 21
15.797962766100177
 31
0.0
  0
ARC
  5
437
330
17
100
AcDbEntity
  8
SLOTS
100
AcDbCircle
 10
5.641957138416106
 20
11.915132902078296
 30
0.0
 40
0.125
100
AcDbArc
 50
-196.07045140188205
 51
-16.070451401882067
  0
ARC
  5
438
330
17
100
AcDbEntity
  8
SLOTS
100
AcDbCircle
 10
6.750541297058523
 20
15.763360375711812
 30
0.0
 40
0.125
100
AcDbArc
 50
-16.070451401882067
 51
163.92954859811795
  0
LINE
  5
439
330
17
100
AcDbEntity
  8
SLOTS
100
AcDbLine
 10
7.659760982242918
 20
15.758625289521841
 30
0.0
 11
6.51821865852482
 21
11.795990158755552
 31
0.0
  0
LINE
  5
43A
330
17
100
AcDbEntity
  8
SLOTS
100
AcDbLine
 10
6.2779881477281165
 20
11.865194939532282
 30
0.0
 11
7.4195304714462145
 21
15.827830070298571
 31
0.0
  0
ARC
  5
43B
330
17
100
AcDbEntity
  8
SLOTS
100
AcDbCircle
 10
6.398103403126468
 20
11.830592549143917
 30
0.0
 40
0.125
100
AcDbArc
 50
-196.07045140188205
 51
-16.070451401882067
  0
ARC
  5
43C
330
17
100
AcDbEntity
  8
SLOTS
100
AcDbCircle
 10
7.539645726844566
 20
15.793227679910206
 30
0.0
 40
0.125
100
AcDbArc
 50
-16.070451401882067
 51
163.92954859811795
  0
LINE
  5
43D
330
17
100
AcDbEntity
  8
SLOTS
100
AcDbLine
 10
8.448865412028962
 20
15.788492593720237
 30
0.0
 11
7.274364923235181
 21
11.711449805821173
 31
0.0
  0
LINE
  5
43E
330
17
100
AcDbEntity
  8
SLOTS
100
AcDbLine
 10
7.034134412438478
 20
11.780654586597903
 30
0.0
 11
8.208634901232259
 21
15.857697374496967
 31
0.0
  0
ARC
  5
43F
330
17
100
AcDbEntity
  8
SLOTS
100
AcDbCircle
 10
7.1542496678368295
 20
11.746052196209538
 30
0.0
 40
0.125
100
AcDbArc
 50
-196.07045140188208
 51
-16.07045140188208
  0
ARC
  5
440
330
17
100
AcDbEntity
  8
SLOTS
100
AcDbCircle
 10
8.32875015663061
 20
15.823094984108602
 30
0.0
 40
0.125
100
AcDbArc
 50
-16.07045140188208
 51
163.92954859811792
  0
LINE
  5
441
330
17
100
AcDbEntity
  8
SLOTS
100
AcDbLine
 10
9.237969841815003
 20
15.818359897918631
 30
0.0
 11
8.03051118794554
 21
11.626909452886794
 31
0.0
  0
LINE
  5
442
330
17
100
AcDbEntity
  8
SLOTS
100
AcDbLine
 10
7.790280677148838
 20
11.696114233663524
 30
0.0
 11
8.9977393310183
 21
15.88756467869536
 31
0.0
  0
ARC
  5
443
330
17
100
AcDbEntity
  8
SLOTS
100
AcDbCircle
 10
7.91039593254719
 20
11.661511843275159
 30
0.0
 40
0.125
100
AcDbArc
 50
-196.07045140188205
 51
-16.070451401882067
  0
ARC
  5
444
330
17
100
AcDbEntity
  8
SLOTS
100
AcDbCircle
 10
9.117854586416652
 20
15.852962288306996
 30
0.0
 40
0.125
100
AcDbArc
 50
-16.070451401882067
 51
163.92954859811795
  0
LINE
  5
445
330
17
100
AcDbEntity
  8
SLOTS
100
AcDbLine
 10
10.027074271601046
 20
15.848227202117027
 30
0.0
 11
8.786657452655904
 21
11.542369099952413
 31
0.0
  0
LINE
  5
446
330
17
100
AcDbEntity
  8
SLOTS
100
AcDbLine
 10
8.5464269418592
 20
11.611573880729143
 30
0.0
 11
9.786843760804343
 21
15.917431982893756
 31
0.0
  0
ARC
  5
447
330
17
100
AcDbEntity
  8
SLOTS
100
AcDbCircle
 10
8.666542197257552
 20
11.576971490340778
 30
0.0
 40
0.125
100
AcDbArc
 50
-196.07045140188205
 51
-16.070451401882053
  0
ARC
  5
448
330
17
100
AcDbEntity
  8
SLOTS
100
AcDbCircle
 10
9.906959016202695
 20
15.882829592505392
 30
0.0
 40
0.125
100
AcDbArc
 50
-16.070451401882053
 51
163.92954859811795
  0
LINE
  5
449
330
17
100
AcDbEntity
  8
SLOTS
100
AcDbLine
 10
10.786682169015155
 20
15.775703212550585
 30
0.0
 11
9.542803717366265
 21
11.457828747018034
 31
0.0
  0
LINE
  5
44A
330
17
100
AcDbEntity
  8
SLOTS
100
AcDbLine
 10
9.302573206569562
 20
11.527033527794764
 30
0.0
 11
10.546451658218452
 21
15.844907993327315
 31
0.0
  0
ARC
  5
44B
330
17
100
AcDbEntity
  8
SLOTS
100
AcDbCircle
 10
9.422688461967914
 20
11.492431137406399
 30
0.0
 40
0.125
100
AcDbArc
 50
-196.07045140188205
 51
-16.070451401882053
  0
ARC
  5
44C
330
17
100
AcDbEntity
  8
SLOTS
100
AcDbCircle
 10
10.666566913616803
 20
15.81030560293895
 30
0.0
 40
0.125
100
AcDbArc
 50
-16.070451401882053
 51
163.92954859811795
  0
LINE
  5
44D
330
17
100
AcDbEntity
  8
SLOTS
100
AcDbLine
 10
11.453748392964373
 20
18.068001260429746
 30
0.0
 11
11.90761974509958
 21
18.087847586973815
 31
0.0
  0
LINE
  5
44E
330
17
100
AcDbEntity
  8
SLOTS
100
AcDbLine
 10
11.918541000775338
 20
17.838086248543576
 30
0.0
 11
11.46466964864013
 21
17.818239921999506
 31
0.0
  0
ARC
  5
44F
330
17
100
AcDbEntity
  8
SLOTS
100
AcDbCircle
 10
11.91308037293746
 20
17.962966917758695
 30
0.0
 40
0.125
100
AcDbArc
 50
-87.49623578406747
 51
92.50376421593253
  0
ARC
  5
450
330
17
100
AcDbEntity
  8
SLOTS
100
AcDbCircle
 10
11.459209020802252
 20
17.943120591214626
 30
0.0
 40
0.125
100
AcDbArc
 50
92.50376421593253
 51
272.50376421593256
  0
LINE
  5
451
330
17
100
AcDbEntity
  8
SLOTS
100
AcDbLine
 10
11.089674012385178
 20
18.802798133949707
 30
0.0
 11
14.713085303454747
 21
18.96123819267501
 31
0.0
  0
LINE
  5
452
330
17
100
AcDbEntity
  8
SLOTS
100
AcDbLine
 10
14.724006559130505
 20
18.711476854244772
 30
0.0
 11
11.100595268060935
 21
18.553036795519468
 31
0.0
  0
ARC
  5
453
330
17
100
AcDbEntity
  8
SLOTS
100
AcDbCircle
 10
14.718545931292626
 20
18.836357523459892
 30
0.0
 40
0.125
100
AcDbArc
 50
-87.49623578406744
 51
92.50376421593256
  0
ARC
  5
454
330
17
100
AcDbEntity
  8
SLOTS
100
AcDbCircle
 10
11.095134640223057
 20
18.677917464734588
 30
0.0
 40
0.125
100
AcDbArc
 50
92.50376421593256
 51
272.50376421593256
  0
LINE
  5
455
330
17
100
AcDbEntity
  8
SLOTS
100
AcDbLine
 10
10.963284778236275
 20
19.54798821032008
 30
0.0
 11
15.188937165186989
 21
19.732762324699895
 31
0.0
  0
LINE
  5
456
330
17
100
AcDbEntity
  8
SLOTS
100
AcDbLine
 10
15.199858420862746
 20
19.483000986269655
 30
0.0
 11
10.974206033912033
 21
19.29822687188984
 31
0.0
  0
ARC
  5
457
330
17
100
AcDbEntity
  8
SLOTS
100
AcDbCircle
 10
15.194397793024867
 20
19.607881655484775
 30
0.0
 40
0.125
100
AcDbArc
 50
-87.49623578406742
 51
92.50376421593258
  0
ARC
  5
458
330
17
100
AcDbEntity
  8
SLOTS
100
AcDbCircle
 10
10.968745406074154
 20
19.42310754110496
 30
0.0
 40
0.125
100
AcDbArc
 50
92.50376421593258
 51
272.50376421593256
  0
LINE
  5
459
330
17
100
AcDbEntity
  8
SLOTS
100
AcDbLine
 10
11.508446763882475
 20
20.322543049935415
 30
0.0
 11
15.608425059275811
 21
20.501821842684016
 31
0.0
  0
LINE
  5
45A
330
17
100
AcDbEntity
  8
SLOTS
100
AcDbLine
 10
15.619346314951569
 20
20.252060504253777
 30
0.0
 11
11.519368019558232
 21
20.072781711505176
 31
0.0
  0
ARC
  5
45B
330
17
100
AcDbEntity
  8
SLOTS
100
AcDbCircle
 10
15.61388568711369
 20
20.376941173468897
 30
0.0
 40
0.125
100
AcDbArc
 50
-87.4962357840674
 51
92.5037642159326
  0
ARC
  5
45C
330
17
100
AcDbEntity
  8
SLOTS
100
AcDbCircle
 10
11.513907391720354
 20
20.197662380720296
 30
0.0
 40
0.125
100
AcDbArc
 50
92.5037642159326
 51
272.5037642159326
  0
LINE
  5
45D
330
17
100
AcDbEntity
  8
SLOTS
100
AcDbLine
 10
12.053608749528674
 20
21.097097889550753
 30
0.0
 11
15.72493022462862
 21
21.257632905696436
 31
0.0
  0
LINE
  5
45E
330
17
100
AcDbEntity
  8
SLOTS
100
AcDbLine
 10
15.735851480304378
 20
21.007871567266196
 30
0.0
 11
12.064530005204432
 21
20.847336551120513
 31
0.0
  0
ARC
  5
45F
330
17
100
AcDbEntity
  8
SLOTS
100
AcDbCircle
 10
15.730390852466499
 20
21.132752236481316
 30
0.0
 40
0.125
100
AcDbArc
 50
-87.49623578406744
 51
92.50376421593256
  0
ARC
  5
460
330
17
100
AcDbEntity
  8
SLOTS
100
AcDbCircle
 10
12.059069377366553
 20
20.972217220335633
 30
0.0
 40
0.125
100
AcDbArc
 50
92.50376421593256
 51
272.50376421593256
  0
LINE
  5
461
330
17
100
AcDbEntity
  8
SLOTS
100
AcDbLine
 10
12.598770735174876
 20
21.871652729166087
 30
0.0
 11
15.049737684514557
 21
21.978825588163424
 31
0.0
  0
LINE
  5
462
330
17
100
AcDbEntity
  8
SLOTS
100
AcDbLine
 10
15.060658940190315
 20
21.729064249733185
 30
0.0
 11
12.609691990850633
 21
21.621891390735847
 31
0.0
  0
ARC
  5
463
330
17
100
AcDbEntity
  8
SLOTS
100
AcDbCircle
 10
15.055198312352436
 20
21.853944918948304
 30
0.0
 40
0.125
100
AcDbArc
 50
-87.49623578406742
 51
92.50376421593258
  0
ARC
  5
464
330
17
100
AcDbEntity
  8
SLOTS
100
AcDbCircle
 10
12.604231363012754
 20
21.746772059950967
 30
0.0
 40
0.125
100
AcDbArc
 50
92.50376421593258
 51
272.50376421593256
  0
LINE
  5
465
330
17
100
AcDbEntity
  8
SLOTS
100
AcDbLine
 10
13.143932720821075
 20
22.646207568781424
 30
0.0
 11
14.374545144400495
 21
22.700018270630412
 31
0.0
  0
LINE
  5
466
330
17
100
AcDbEntity
  8
SLOTS
100
AcDbLine
 10
14.385466400076252
 20
22.450256932200173
 30
0.0
 11
13.154853976496833
 21
22.396446230351184
 31
0.0
  0
ARC
  5
467
330
17
100
AcDbEntity
  8
SLOTS
100
AcDbCircle
 10
14.380005772238373
 20
22.575137601415292
 30
0.0
 40
0.125
100
AcDbArc
 50
-87.49623578406757
 51
92.50376421593243
  0
ARC
  5
468
330
17
100
AcDbEntity
  8
SLOTS
100
AcDbCircle
 10
13.149393348658954
 20
22.521326899566304
 30
0.0
 40
0.125
100
AcDbArc
 50
92.50376421593243
 51
272.50376421593245
  0
LINE
  5
469
330
17
100
AcDbEntity
  8
SLOTS
100
AcDbLine
 10
13.68909470646726
 20
23.420762408396758
 30
0.0
 11
13.699352604286418
 21
23.421210953097404
 31
0.0
  0
LINE
  5
46A
330
17
100
AcDbEntity
  8
SLOTS
100
AcDbLine
 10
13.710273859962204
 20
23.171449614667164
 30
0.0
 11
13.700015962143047
 21
23.17100106996652
 31
0.0
  0
ARC
  5
46B
330
17
100
AcDbEntity
  8
SLOTS
100
AcDbCircle
 10
13.70481323212431
 20
23.296330283882284
 30
0.0
 40
0.125
100
AcDbArc
 50
-87.49623578406057
 51
92.50376421593943
  0
ARC
  5
46C
330
17
100
AcDbEntity
  8
SLOTS
100
AcDbCircle
 10
13.694555334305154
 20
23.295881739181638
 30
0.0
 40
0.125
100
AcDbArc
 50
92.50376421593943
 51
272.50376421593944
  0
LINE
  5
46D
330
17
100
AcDbEntity
  8
SLOTS
100
AcDbLine
 10
12.684939251287796
 20
25.483672701686906
 30
0.0
 11
11.820282859584037
 21
25.737827796350444
 31
0.0
  0
LINE
  5
46E
330
17
100
AcDbEntity
  8
SLOTS
100
AcDbLine
 10
11.890784710947404
 20
25.977680853354805
 30
0.0
 11
12.755441102651163
 21
25.723525758691267
 31
0.0
  0
ARC
  5
46F
330
17
100
AcDbEntity
  8
SLOTS
100
AcDbCircle
 10
11.85553378526572
 20
25.857754324852625
 30
0.0
 40
0.125
100
AcDbArc
 50
73.61995045935677
 51
253.61995045935677
  0
ARC
  5
470
330
17
100
AcDbEntity
  8
SLOTS
100
AcDbCircle
 10
12.72019017696948
 20
25.603599230189086
 30
0.0
 40
0.125
100
AcDbArc
 50
253.61995045935677
 51
433.6199504593568
  0
LINE
  5
471
330
17
100
AcDbEntity
  8
SLOTS
100
AcDbLine
 10
12.959610074401075
 20
24.62120797378801
 30
0.0
 11
11.18864167968184
 21
25.14176231690586
 31
0.0
  0
LINE
  5
472
330
17
100
AcDbEntity
  8
SLOTS
100
AcDbLine
 10
11.259143531045208
 20
25.381615373910222
 30
0.0
 11
13.030111925764443
 21
24.86106103079237
 31
0.0
  0
ARC
  5
473
330
17
100
AcDbEntity
  8
SLOTS
100
AcDbCircle
 10
11.223892605363524
 20
25.26168884540804
 30
0.0
 40
0.125
100
AcDbArc
 50
73.61995045935677
 51
253.61995045935677
  0
ARC
  5
474
330
17
100
AcDbEntity
  8
SLOTS
100
AcDbCircle
 10
12.994861000082759
 20
24.74113450229019
 30
0.0
 40
0.125
100
AcDbArc
 50
253.61995045935677
 51
433.6199504593568
  0
LINE
  5
475
330
17
100
AcDbEntity
  8
SLOTS
100
AcDbLine
 10
13.166392588276503
 20
23.778698178075405
 30
0.0
 11
10.557000499779642
 21
24.54569683746128
 31
0.0
  0
LINE
  5
476
330
17
100
AcDbEntity
  8
SLOTS
100
AcDbLine
 10
10.62750235114301
 20
24.78554989446564
 30
0.0
 11
13.23689443963987
 21
24.018551235079766
 31
0.0
  0
ARC
  5
477
330
17
100
AcDbEntity
  8
SLOTS
100
AcDbCircle
 10
10.592251425461326
 20
24.66562336596346
 30
0.0
 40
0.125
100
AcDbArc
 50
73.61995045935674
 51
253.61995045935674
  0
ARC
  5
478
330
17
100
AcDbEntity
  8
SLOTS
100
AcDbCircle
 10
13.201643513958187
 20
23.898624706577586
 30
0.0
 40
0.125
100
AcDbArc
 50
253.61995045935674
 51
433.61995045935674
  0
LINE
  5
479
330
17
100
AcDbEntity
  8
SLOTS
100
AcDbLine
 10
12.710498902937736
 20
23.130973887632347
 30
0.0
 11
9.925359319877446
 21
23.949631358016696
 31
0.0
  0
LINE
  5
47A
330
17
100
AcDbEntity
  8
SLOTS
100
AcDbLine
 10
9.995861171240813
 20
24.189484415021056
 30
0.0
 11
12.781000754301104
 21
23.370826944636708
 31
0.0
  0
ARC
  5
47B
330
17
100
AcDbEntity
  8
SLOTS
100
AcDbCircle
 10
9.96061024555913
 20
24.069557886518876
 30
0.0
 40
0.125
100
AcDbArc
 50
73.61995045935674
 51
253.61995045935674
  0
ARC
  5
47C
330
17
100
AcDbEntity
  8
SLOTS
100
AcDbCircle
 10
12.74574982861942
 20
23.250900416134527
 30
0.0
 40
0.125
100
AcDbArc
 50
253.61995045935674
 51
433.61995045935674
  0
LINE
  5
47D
330
17
100
AcDbEntity
  8
SLOTS
100
AcDbLine
 10
12.254605217598968
 20
22.48324959718929
 30
0.0
 11
9.293718139975248
 21
23.353565878572113
 31
0.0
  0
LINE
  5
47E
330
17
100
AcDbEntity
  8
SLOTS
100
AcDbLine
 10
9.364219991338615
 20
23.593418935576473
 30
0.0
 11
12.325107068962335
 21
22.72310265419365
 31
0.0
  0
ARC
  5
47F
330
17
100
AcDbEntity
  8
SLOTS
100
AcDbCircle
 10
9.328969065656931
 20
23.473492407074293
 30
0.0
 40
0.125
100
AcDbArc
 50
73.61995045935674
 51
253.61995045935674
  0
ARC
  5
480
330
17
100
AcDbEntity
  8
SLOTS
100
AcDbCircle
 10
12.289856143280652
 20
22.60317612569147
 30
0.0
 40
0.125
100
AcDbArc
 50
253.61995045935674
 51
433.61995045935674
  0
LINE
  5
481
330
17
100
AcDbEntity
  8
SLOTS
100
AcDbLine
 10
11.7987115322602
 20
21.835525306746227
 30
0.0
 11
8.662076960073048
 21
22.757500399127526
 31
0.0
  0
LINE
  5
482
330
17
100
AcDbEntity
  8
SLOTS
100
AcDbLine
 10
8.732578811436415
 20
22.997353456131886
 30
0.0
 11
11.869213383623567
 21
22.075378363750588
 31
0.0
  0
ARC
  5
483
330
17
100
AcDbEntity
  8
SLOTS
100
AcDbCircle
 10
8.697327885754731
 20
22.877426927629706
 30
0.0
 40
0.125
100
AcDbArc
 50
73.61995045935674
 51
253.61995045935674
  0
ARC
  5
484
330
17
100
AcDbEntity
  8
SLOTS
100
AcDbCircle
 10
11.833962457941883
 20
21.955451835248407
 30
0.0
 40
0.125
100
AcDbArc
 50
253.61995045935674
 51
433.61995045935674
  0
LINE
  5
485
330
17
100
AcDbEntity
  8
SLOTS
100
AcDbLine
 10
11.342817846921433
 20
21.18780101630317
 30
0.0
 11
8.69043727172695
 21
21.967435611779848
 31
0.0
  0
LINE
  5
486
330
17
100
AcDbEntity
  8
SLOTS
100
AcDbLine
 10
8.760939123090317
 20
22.20728866878421
 30
0.0
 11
11.4133196982848
 21
21.42765407330753
 31
0.0
  0
ARC
  5
487
330
17
100
AcDbEntity
  8
SLOTS
100
AcDbCircle
 10
8.725688197408633
 20
22.08736214028203
 30
0.0
 40
0.125
100
AcDbArc
 50
73.61995045935674
 51
253.61995045935674
  0
ARC
  5
488
330
17
100
AcDbEntity
  8
SLOTS
100
AcDbCircle
 10
11.378068772603116
 20
21.30772754480535
 30
0.0
 40
0.125
100
AcDbArc
 50
253.61995045935674
 51
433.61995045935674
  0
LINE
  5
489
330
17
100
AcDbEntity
  8
SLOTS
100
AcDbLine
 10
10.886924161582664
 20
20.54007672586011
 30
0.0
 11
8.947884867516228
 21
21.110033439380388
 31
0.0
  0
LINE
  5
48A
330
17
100
AcDbEntity
  8
SLOTS
100
AcDbLine
 10
9.018386718879595
 20
21.349886496384748
 30
0.0
 11
10.957426012946032
 21
20.77992978286447
 31
0.0
  0
ARC
  5
48B
330
17
100
AcDbEntity
  8
SLOTS
100
AcDbCircle
 10
8.983135793197912
 20
21.229959967882568
 30
0.0
 40
0.125
100
AcDbArc
 50
73.61995045935674
 51
253.61995045935674
  0
ARC
  5
48C
330
17
100
AcDbEntity
  8
SLOTS
100
AcDbCircle
 10
10.922175087264348
 20
20.66000325436229
 30
0.0
 40
0.125
100
AcDbArc
 50
253.61995045935674
 51
433.61995045935674
  0
LINE
  5
48D
330
17
100
AcDbEntity
  8
SLOTS
100
AcDbLine
 10
10.431030476243897
 20
19.892352435417052
 30
0.0
 11
9.718266143966613
 21
20.10186073036619
 31
0.0
  0
LINE
  5
48E
330
17
100
AcDbEntity
  8
SLOTS
100
AcDbLine
 10
9.78876799532998
 20
20.34171378737055
 30
0.0
 11
10.501532327607265
 21
20.132205492421413
 31
0.0
  0
ARC
  5
48F
330
17
100
AcDbEntity
  8
SLOTS
100
AcDbCircle
 10
9.753517069648296
 20
20.22178725886837
 30
0.0
 40
0.125
100
AcDbArc
 50
73.6199504593566
 51
253.6199504593566
  0
ARC
  5
490
330
17
100
AcDbEntity
  8
SLOTS
100
AcDbCircle
 10
10.466281401925581
 20
20.012278963919233
 30
0.0
 40
0.125
100
AcDbArc
 50
253.6199504593566
 51
433.6199504593566
  0
LINE
  5
491
330
17
100
AcDbEntity
  8
SLOTS
100
AcDbLine
 10
17.83858617601016
 20
27.09378697600344
 30
0.0
 11
15.551040933735548
 21
27.386357226374518
 31
0.0
  0
LINE
  5
492
330
17
100
AcDbEntity
  8
SLOTS
100
AcDbLine
 10
15.582756845389502
 20
27.63433726780519
 30
0.0
 11
17.870302087664115
 21
27.341767017434112
 31
0.0
  0
ARC
  5
493
330
17
100
AcDbEntity
  8
SLOTS
100
AcDbCircle
 10
15.566898889562525
 20
27.510347247089854
 30
0.0
 40
0.125
100
AcDbArc
 50
82.71160821533047
 51
262.71160821533044
  0
ARC
  5
494
330
17
100
AcDbEntity
  8
SLOTS
100
AcDbCircle
 10
17.854444131837138
 20
27.217776996718776
 30
0.0
 40
0.125
100
AcDbArc
 50
262.71160821533044
 51
442.71160821533044
  0
LINE
  5
495
330
17
100
AcDbEntity
  8
SLOTS
100
AcDbLine
 10
17.697434099162585
 20
26.355730670564455
 30
0.0
 11
13.035987617462153
 21
26.951915847162923
 31
0.0
  0
LINE
  5
496
330
17
100
AcDbEntity
  8
SLOTS
100
AcDbLine
 10
13.067703529116107
 20
27.199895888593595
 30
0.0
 11
17.72915001081654
 21
26.603710711995127
 31
0.0
  0
ARC
  5
497
330
17
100
AcDbEntity
  8
SLOTS
100
AcDbCircle
 10
13.05184557328913
 20
27.07590586787826
 30
0.0
 40
0.125
100
AcDbArc
 50
82.71160821533047
 51
262.71160821533044
  0
ARC
  5
498
330
17
100
AcDbEntity
  8
SLOTS
100
AcDbCircle
 10
17.713292054989562
 20
26.47972069127979
 30
0.0
 40
0.125
100
AcDbArc
 50
262.71160821533044
 51
442.71160821533044
  0
LINE
  5
499
330
17
100
AcDbEntity
  8
SLOTS
100
AcDbLine
 10
17.556282022315006
 20
25.617674365125467
 30
0.0
 11
13.273013649806389
 21
26.165491683442323
 31
0.0
  0
LINE
  5
49A
330
17
100
AcDbEntity
  8
SLOTS
100
AcDbLine
 10
13.304729561460343
 20
26.413471724872995
 30
0.0
 11
17.58799793396896
 21
25.86565440655614
 31
0.0
  0
ARC
  5
49B
330
17
100
AcDbEntity
  8
SLOTS
100
AcDbCircle
 10
13.288871605633366
 20
26.28948170415766
 30
0.0
 40
0.125
100
AcDbArc
 50
82.7116082153305
 51
262.7116082153305
  0
ARC
  5
49C
330
17
100
AcDbEntity
  8
SLOTS
100
AcDbCircle
 10
17.572139978141983
 20
25.741664385840803
 30
0.0
 40
0.125
100
AcDbArc
 50
262.7116082153305
 51
442.7116082153305
  0
LINE
  5
49D
330
17
100
AcDbEntity
  8
SLOTS
100
AcDbLine
 10
17.415129945467427
 20
24.87961805968648
 30
0.0
 11
13.524037854417706
 21
25.377277195015036
 31
0.0
  0
LINE
  5
49E
330
17
100
AcDbEntity
  8
SLOTS
100
AcDbLine
 10
13.55575376607166
 20
25.62525723644571
 30
0.0
 11
17.44684585712138
 21
25.12759810111715
 31
0.0
  0
ARC
  5
49F
330
17
100
AcDbEntity
  8
SLOTS
100
AcDbCircle
 10
13.539895810244683
 20
25.501267215730373
 30
0.0
 40
0.125
100
AcDbArc
 50
82.71160821533047
 51
262.71160821533044
  0
ARC
  5
4A0
330
17
100
AcDbEntity
  8
SLOTS
100
AcDbCircle
 10
17.430987901294404
 20
25.003608080401815
 30
0.0
 40
0.125
100
AcDbArc
 50
262.71160821533044
 51
442.71160821533044
  0
LINE
  5
4A1
330
17
100
AcDbEntity
  8
SLOTS
100
AcDbLine
 10
17.27397786861985
 20
24.14156175424749
 30
0.0
 11
13.775062059029024
 21
24.589062706587747
 31
0.0
  0
LINE
  5
4A2
330
17
100
AcDbEntity
  8
SLOTS
100
AcDbLine
 10
13.806777970682978
 20
24.83704274801842
 30
0.0
 11
17.305693780273803
 21
24.389541795678163
 31
0.0
  0
ARC
  5
4A3
330
17
100
AcDbEntity
  8
SLOTS
100
AcDbCircle
 10
13.790920014856
 20
24.713052727303083
 30
0.0
 40
0.125
100
AcDbArc
 50
82.71160821533047
 51
262.71160821533044
  0
ARC
  5
4A4
330
17
100
AcDbEntity
  8
SLOTS
100
AcDbCircle
 10
17.289835824446826
 20
24.265551774962827
 30
0.0
 40
0.125
100
AcDbArc
 50
262.71160821533044
 51
442.71160821533044
  0
LINE
  5
4A5
330
17
100
AcDbEntity
  8
SLOTS
100
AcDbLine
 10
17.132825791772273
 20
23.403505448808502
 30
0.0
 11
14.141779670932584
 21
23.786051374577983
 31
0.0
  0
LINE
  5
4A6
330
17
100
AcDbEntity
  8
SLOTS
100
AcDbLine
 10
14.173495582586538
 20
24.034031416008656
 30
0.0
 11
17.164541703426227
 21
23.651485490239175
 31
0.0
  0
ARC
  5
4A7
330
17
100
AcDbEntity
  8
SLOTS
100
AcDbCircle
 10
14.157637626759561
 20
23.91004139529332
 30
0.0
 40
0.125
100
AcDbArc
 50
82.71160821533044
 51
262.71160821533044
  0
ARC
  5
4A8
330
17
100
AcDbEntity
  8
SLOTS
100
AcDbCircle
 10
17.14868374759925
 20
23.52749546952384
 30
0.0
 40
0.125
100
AcDbArc
 50
262.71160821533044
 51
442.71160821533044
  0
LINE
  5
4A9
330
17
100
AcDbEntity
  8
SLOTS
100
AcDbLine
 10
16.991673714924694
 20
22.665449143369518
 30
0.0
 11
14.945952815473293
 21
22.927090777677353
 31
0.0
  0
LINE
  5
4AA
330
17
100
AcDbEntity
  8
SLOTS
100
AcDbLine
 10
14.977668727127247
 20
23.175070819108026
 30
0.0
 11
17.02338962657865
 21
22.91342918480019
 31
0.0
  0
ARC
  5
4AB
330
17
100
AcDbEntity
  8
SLOTS
100
AcDbCircle
 10
14.96181077130027
 20
23.05108079839269
 30
0.0
 40
0.125
100
AcDbArc
 50
82.71160821533047
 51
262.71160821533044
  0
ARC
  5
4AC
330
17
100
AcDbEntity
  8
SLOTS
100
AcDbCircle
 10
17.00753167075167
 20
22.789439164084854
 30
0.0
 40
0.125
100
AcDbArc
 50
262.71160821533044
 51
442.71160821533044
  0
LINE
  5
4AD
330
17
100
AcDbEntity
  8
SLOTS
100
AcDbLine
 10
16.850521638077115
 20
21.927392837930526
 30
0.0
 11
15.750125960014003
 21
22.068130180776716
 31
0.0
  0
LINE
  5
4AE
330
17
100
AcDbEntity
  8
SLOTS
100
AcDbLine
 10
15.781841871667957
 20
22.31611022220739
 30
0.0
 11
16.88223754973107
 21
22.1753728793612
 31
0.0
  0
ARC
  5
4AF
330
17
100
AcDbEntity
  8
SLOTS
100
AcDbCircle
 10
15.76598391584098
 20
22.192120201492052
 30
0.0
 40
0.125
100
AcDbArc
 50
82.71160821533053
 51
262.71160821533056
  0
ARC
  5
4B0
330
17
100
AcDbEntity
  8
SLOTS
100
AcDbCircle
 10
16.866379593904092
 20
22.051382858645862
 30
0.0
 40
0.125
100
AcDbArc
 50
262.71160821533056
 51
442.71160821533056
  0
LINE
  5
4B1
330
17
100
AcDbEntity
  8
SLOTS
100
AcDbLine
 10
28.83358213694675
 20
29.29062583222154
 30
0.0
 11
29.287970353654824
 21
29.716244743085138
 31
0.0
  0
LINE
  5
4B2
330
17
100
AcDbEntity
  8
SLOTS
100
AcDbLine
 10
29.458876536804187
 20
29.53378631888577
 30
0.0
 11
29.00448832009611
 21
29.108167408022172
 31
0.0
  0
ARC
  5
4B3
330
17
100
AcDbEntity
  8
SLOTS
100
AcDbCircle
 10
29.373423445229506
 20
29.625015530985454
 30
0.0
 40
0.125
100
AcDbArc
 50
-46.87245408249666
 51
133.12754591750334
  0
ARC
  5
4B4
330
17
100
AcDbEntity
  8
SLOTS
100
AcDbCircle
 10
28.91903522852143
 20
29.199396620121856
 30
0.0
 40
0.125
100
AcDbArc
 50
133.12754591750334
 51
313.1275459175033
  0
LINE
  5
4B5
330
17
100
AcDbEntity
  8
SLOTS
100
AcDbLine
 10
26.995496082121743
 20
28.596548414388323
 30
0.0
 11
28.45775915184426
 21
29.966229212099684
 31
0.0
  0
LINE
  5
4B6
330
17
100
AcDbEntity
  8
SLOTS
100
AcDbLine
 10
28.628665334993624
 20
29.783770787900316
 30
0.0
 11
27.166402265271106
 21
28.414089990188955
 31
0.0
  0
ARC
  5
4B7
330
17
100
AcDbEntity
  8
SLOTS
100
AcDbCircle
 10
28.543212243418942
 20
29.875
 30
0.0
 40
0.125
100
AcDbArc
 50
-46.87245408249666
 51
133.12754591750334
  0
ARC
  5
4B8
330
17
100
AcDbEntity
  8
SLOTS
100
AcDbCircle
 10
27.080949173696425
 20
28.50531920228864
 30
0.0
 40
0.125
100
AcDbArc
 50
133.12754591750334
 51
313.1275459175033
  0
LINE
  5
4B9
330
17
100
AcDbEntity
  8
SLOTS
100
AcDbLine
 10
25.25305365291495
 20
27.992059005816415
 30
0.0
 11
27.36066601837855
 21
29.966229212099684
 31
0.0
  0
LINE
  5
4BA
330
17
100
AcDbEntity
  8
SLOTS
100
AcDbLine
 10
27.53157220152791
 20
29.783770787900316
 30
0.0
 11
25.423959836064313
 21
27.809600581617048
 31
0.0
  0
ARC
  5
4BB
330
17
100
AcDbEntity
  8
SLOTS
100
AcDbCircle
 10
27.44611910995323
 20
29.875
 30
0.0
 40
0.125
100
AcDbArc
 50
-46.872454082496674
 51
133.1275459175033
  0
ARC
  5
4BC
330
17
100
AcDbEntity
  8
SLOTS
100
AcDbCircle
 10
25.33850674448963
 20
27.90082979371673
 30
0.0
 40
0.125
100
AcDbArc
 50
133.1275459175033
 51
313.1275459175033
  0
LINE
  5
4BD
330
17
100
AcDbEntity
  8
SLOTS
100
AcDbLine
 10
24.669491056366816
 20
28.47307567786291
 30
0.0
 11
26.263572884912833
 21
29.966229212099684
 31
0.0
  0
LINE
  5
4BE
330
17
100
AcDbEntity
  8
SLOTS
100
AcDbLine
 10
26.434479068062195
 20
29.783770787900316
 30
0.0
 11
24.84039723951618
 21
28.29061725366354
 31
0.0
  0
ARC
  5
4BF
330
17
100
AcDbEntity
  8
SLOTS
100
AcDbCircle
 10
26.349025976487514
 20
29.875
 30
0.0
 40
0.125
100
AcDbArc
 50
-46.87245408249666
 51
133.12754591750334
  0
ARC
  5
4C0
330
17
100
AcDbEntity
  8
SLOTS
100
AcDbCircle
 10
24.754944147941497
 20
28.381846465763225
 30
0.0
 40
0.125
100
AcDbArc
 50
133.12754591750334
 51
313.1275459175033
  0
LINE
  5
4C1
330
17
100
AcDbEntity
  8
SLOTS
100
AcDbLine
 10
24.881127254674475
 20
29.698943630249723
 30
0.0
 11
25.166479751447127
 21
29.966229212099684
 31
0.0
  0
LINE
  5
4C2
330
17
100
AcDbEntity
  8
SLOTS
100
AcDbLine
 10
25.33738593459649
 20
29.783770787900316
 30
0.0
 11
25.052033437823837
 21
29.516485206050355
 31
0.0
  0
ARC
  5
4C3
330
17
100
AcDbEntity
  8
SLOTS
100
AcDbCircle
 10
25.25193284302181
 20
29.875
 30
0.0
 40
0.125
100
AcDbArc
 50
-46.87245408249681
 51
133.1275459175032
  0
ARC
  5
4C4
330
17
100
AcDbEntity
  8
SLOTS
100
AcDbCircle
 10
24.966580346249156
 20
29.60771441815004
 30
0.0
 40
0.125
100
AcDbArc
 50
133.1275459175032
 51
313.1275459175032
  0
LINE
  5
4C5
330
17
100
AcDbEntity
  8
SLOTS
100
AcDbLine
 10
24.078381518015266
 20
29.377594745926707
 30
0.0
 11
23.090561632153367
 21
29.501165955076825
 31
0.0
  0
LINE
  5
4C6
330
17
100
AcDbEntity
  8
SLOTS
100
AcDbLine
 10
23.12159348988999
 20
29.749232526394717
 30
0.0
 11
24.10941337575189
 21
29.6256613172446
 31
0.0
  0
ARC
  5
4C7
330
17
100
AcDbEntity
  8
SLOTS
100
AcDbCircle
 10
23.106077561021678
 20
29.62519924073577
 30
0.0
 40
0.125
100
AcDbArc
 50
82.86963117757114
 51
262.86963117757114
  0
ARC
  5
4C8
330
17
100
AcDbEntity
  8
SLOTS
100
AcDbCircle
 10
24.093897446883577
 20
29.501628031585653
 30
0.0
 40
0.125
100
AcDbArc
 50
262.86963117757114
 51
442.86963117757114
  0
LINE
  5
4C9
330
17
100
AcDbEntity
  8
SLOTS
100
AcDbLine
 10
34.36264616753717
 20
29.27526731057639
 30
0.0
 11
30.090592567795973
 21
29.273486907265294
 31
0.0
  0
LINE
  5
4CA
330
17
100
AcDbEntity
  8
SLOTS
100
AcDbLine
 10
30.09048837884358
 20
29.523486885554618
 30
0.0
 11
34.36254197858478
 21
29.525267288865713
 31
0.0
  0
ARC
  5
4CB
330
17
100
AcDbEntity
  8
SLOTS
100
AcDbCircle
 10
30.090540473319777
 20
29.398486896409956
 30
0.0
 40
0.125
100
AcDbArc
 50
-269.97612165033297
 51
-89.97612165033297
  0
ARC
  5
4CC
330
17
100
AcDbEntity
  8
SLOTS
100
AcDbCircle
 10
34.362594073060976
 20
29.40026729972105
 30
0.0
 40
0.125
100
AcDbArc
 50
-89.97612165033297
 51
90.02387834966703
  0
LINE
  5
4CD
330
17
100
AcDbEntity
  8
SLOTS
100
AcDbLine
 10
33.39486999904537
 20
28.52486391906875
 30
0.0
 11
32.957398633238576
 21
28.524681600319695
 31
0.0
  0
LINE
  5
4CE
330
17
100
AcDbEntity
  8
SLOTS
100
AcDbLine
 10
32.957294444286184
 20
28.77468157860902
 30
0.0
 11
33.39476581009298
 21
28.774863897358074
 31
0.0
  0
ARC
  5
4CF
330
17
100
AcDbEntity
  8
SLOTS
100
AcDbCircle
 10
32.95734653876238
 20
28.649681589464358
 30
0.0
 40
0.125
100
AcDbArc
 50
-269.97612165033274
 51
-89.97612165033274
  0
ARC
  5
4D0
330
17
100
AcDbEntity
  8
SLOTS
100
AcDbCircle
 10
33.39481790456917
 20
28.649863908213412
 30
0.0
 40
0.125
100
AcDbArc
 50
-89.97612165033274
 51
90.02387834966726
  0
LINE
  5
4D1
330
17
100
AcDbEntity
  8
SLOTS
100
AcDbLine
 10
18.833964366019387
 20
27.730129054667184
 30
0.0
 11
18.673692388089272
 21
27.902809140861436
 31
0.0
  0
LINE
  5
4D2
330
17
100
AcDbEntity
  8
SLOTS
100
AcDbLine
 10
18.856929813561727
 20
28.07287984941005
 30
0.0
 11
19.017201791491843
 21
27.9001997632158
 31
0.0
  0
ARC
  5
4D3
330
17
100
AcDbEntity
  8
SLOTS
100
AcDbCircle
 10
18.7653111008255
 20
27.987844495135743
 30
0.0
 40
0.125
100
AcDbArc
 50
42.86574866017784
 51
222.86574866017784
  0
ARC
  5
4D4
330
17
100
AcDbEntity
  8
SLOTS
100
AcDbCircle
 10
18.925583078755615
 20
27.81516440894149
 30
0.0
 40
0.125
100
AcDbArc
 50
222.86574866017784
 51
402.8657486601778
  0
LINE
  5
4D5
330
17
100
AcDbEntity
  8
SLOTS
100
AcDbLine
 10
18.71892160727602
 20
26.751595699400728
 30
0.0
 11
18.49886779016784
 21
26.98868587945818
 31
0.0
  0
LINE
  5
4D6
330
17
100
AcDbEntity
  8
SLOTS
100
AcDbLine
 10
18.682105215640295
 20
27.158756588006796
 30
0.0
 11
18.902159032748475
 21
26.921666407949342
 31
0.0
  0
ARC
  5
4D7
330
17
100
AcDbEntity
  8
SLOTS
100
AcDbCircle
 10
18.590486502904067
 20
27.07372123373249
 30
0.0
 40
0.125
100
AcDbArc
 50
42.86574866017733
 51
222.86574866017733
  0
ARC
  5
4D8
330
17
100
AcDbEntity
  8
SLOTS
100
AcDbCircle
 10
18.810540320012247
 20
26.836631053675035
 30
0.0
 40
0.125
100
AcDbArc
 50
222.86574866017733
 51
402.86574866017736
  0
LINE
  5
4D9
330
17
100
AcDbEntity
  8
SLOTS
100
AcDbLine
 10
18.603878848532652
 20
25.773062344134274
 30
0.0
 11
18.324043192246403
 21
26.07456261805493
 31
0.0
  0
LINE
  5
4DA
330
17
100
AcDbEntity
  8
SLOTS
100
AcDbLine
 10
18.50728061771886
 20
26.244633326603545
 30
0.0
 11
18.787116274005108
 21
25.94313305268289
 31
0.0
  0
ARC
  5
4DB
330
17
100
AcDbEntity
  8
SLOTS
100
AcDbCircle
 10
18.41566190498263
 20
26.159597972329237
 30
0.0
 40
0.125
100
AcDbArc
 50
42.86574866017742
 51
222.86574866017742
  0
ARC
  5
4DC
330
17
100
AcDbEntity
  8
SLOTS
100
AcDbCircle
 10
18.69549756126888
 20
25.85809769840858
 30
0.0
 40
0.125
100
AcDbArc
 50
222.86574866017742
 51
402.8657486601774
  0
LINE
  5
4DD
330
17
100
AcDbEntity
  8
SLOTS
100
AcDbLine
 10
18.48883608978928
 20
24.794528988867818
 30
0.0
 11
18.149218594324967
 21
25.160439356651676
 31
0.0
  0
LINE
  5
4DE
330
17
100
AcDbEntity
  8
SLOTS
100
AcDbLine
 10
18.332456019797423
 20
25.33051006520029
 30
0.0
 11
18.672073515261737
 21
24.964599697416432
 31
0.0
  0
ARC
  5
4DF
330
17
100
AcDbEntity
  8
SLOTS
100
AcDbCircle
 10
18.240837307061195
 20
25.245474710925983
 30
0.0
 40
0.125
100
AcDbArc
 50
42.86574866017716
 51
222.86574866017716
  0
ARC
  5
4E0
330
17
100
AcDbEntity
  8
SLOTS
100
AcDbCircle
 10
18.58045480252551
 20
24.879564343142125
 30
0.0
 40
0.125
100
AcDbArc
 50
222.86574866017716
 51
402.86574866017713
  0
LINE
  5
4E1
330
17
100
AcDbEntity
  8
SLOTS
100
AcDbLine
 10
18.373793331045913
 20
23.815995633601364
 30
0.0
 11
17.974393996403535
 21
24.24631609524842
 31
0.0
  0
LINE
  5
4E2
330
17
100
AcDbEntity
  8
SLOTS
100
AcDbLine
 10
18.15763142187599
 20
24.416386803797035
 30
0.0
 11
18.55703075651837
 21
23.98606634214998
 31
0.0
  0
ARC
  5
4E3
330
17
100
AcDbEntity
  8
SLOTS
100
AcDbCircle
 10
18.066012709139763
 20
24.331351449522728
 30
0.0
 40
0.125
100
AcDbArc
 50
42.86574866017722
 51
222.86574866017722
  0
ARC
  5
4E4
330
17
100
AcDbEntity
  8
SLOTS
100
AcDbCircle
 10
18.46541204378214
 20
23.90103098787567
 30
0.0
 40
0.125
100
AcDbArc
 50
222.86574866017722
 51
402.86574866017725
  0
LINE
  5
4E5
330
17
100
AcDbEntity
  8
SLOTS
100
AcDbLine
 10
18.258750572302546
 20
22.837462278334915
 30
0.0
 11
17.7995693984821
 21
23.33219283384517
 31
0.0
  0
LINE
  5
4E6
330
17
100
AcDbEntity
  8
SLOTS
100
AcDbLine
 10
17.982806823954554
 20
23.502263542393784
 30
0.0
 11
18.441987997775
 21
23.00753298688353
 31
0.0
  0
ARC
  5
4E7
330
17
100
AcDbEntity
  8
SLOTS
100
AcDbCircle
 10
17.891188111218327
 20
23.417228188119477
 30
0.0
 40
0.125
100
AcDbArc
 50
42.8657486601775
 51
222.8657486601775
  0
ARC
  5
4E8
330
17
100
AcDbEntity
  8
SLOTS
100
AcDbCircle
 10
18.350369285038774
 20
22.922497632609222
 30
0.0
 40
0.125
100
AcDbArc
 50
222.8657486601775
 51
402.8657486601775
  0
LINE
  5
4E9
330
17
100
AcDbEntity
  8
SLOTS
100
AcDbLine
 10
18.14370781355918
 20
21.858928923068458
 30
0.0
 11
17.624744800560666
 21
22.41806957244192
 31
0.0
  0
LINE
  5
4EA
330
17
100
AcDbEntity
  8
SLOTS
100
AcDbLine
 10
17.807982226033122
 20
22.588140280990533
 30
0.0
 11
18.326945239031634
 21
22.028999631617072
 31
0.0
  0
ARC
  5
4EB
330
17
100
AcDbEntity
  8
SLOTS
100
AcDbCircle
 10
17.716363513296894
 20
22.503104926716226
 30
0.0
 40
0.125
100
AcDbArc
 50
42.86574866017713
 51
222.86574866017713
  0
ARC
  5
4EC
330
17
100
AcDbEntity
  8
SLOTS
100
AcDbCircle
 10
18.235326526295406
 20
21.943964277342765
 30
0.0
 40
0.125
100
AcDbArc
 50
222.86574866017713
 51
402.86574866017713
  0
LINE
  5
4ED
330
17
100
AcDbEntity
  8
SLOTS
100
AcDbLine
 10
17.5843309010453
 20
21.359129660705005
 30
0.0
 11
17.44992020263923
 21
21.503946311038664
 31
0.0
  0
LINE
  5
4EE
330
17
100
AcDbEntity
  8
SLOTS
100
AcDbLine
 10
17.633157628111686
 20
21.67401701958728
 30
0.0
 11
17.767568326517754
 21
21.52920036925362
 31
0.0
  0
ARC
  5
4EF
330
17
100
AcDbEntity
  8
SLOTS
100
AcDbCircle
 10
17.541538915375458
 20
21.58898166531297
 30
0.0
 40
0.125
100
AcDbArc
 50
42.86574866017767
 51
222.86574866017767
  0
ARC
  5
4F0
330
17
100
AcDbEntity
  8
SLOTS
100
AcDbCircle
 10
17.675949613781526
 20
21.444165014979312
 30
0.0
 40
0.125
100
AcDbArc
 50
222.86574866017767
 51
402.8657486601777
  0
LINE
  5
4F1
330
17
100
AcDbEntity
  8
SLOTS
100
AcDbLine
 10
31.84850247230167
 20
10.532656235527309
 30
0.0
 11
34.90135347032635
 21
7.116459917264589
 31
0.0
  0
LINE
  5
4F2
330
17
100
AcDbEntity
  8
SLOTS
100
AcDbLine
 10
34.71494160925648
 20
6.949874749700159
 30
0.0
 11
31.662090611231807
 21
10.366071067962881
 31
0.0
  0
ARC
  5
4F3
330
17
100
AcDbEntity
  8
SLOTS
100
AcDbCircle
 10
34.80814753979141
 20
7.033167333482374
 30
0.0
 40
0.125
100
AcDbArc
 50
-138.2147396649434
 51
41.78526033505658
  0
ARC
  5
4F4
330
17
100
AcDbEntity
  8
SLOTS
100
AcDbCircle
 10
31.75529654176674
 20
10.449363651745095
 30
0.0
 40
0.125
100
AcDbArc
 50
41.78526033505658
 51
221.7852603350566
  0
LINE
  5
4F5
330
17
100
AcDbEntity
  8
SLOTS
100
AcDbLine
 10
32.49195489196841
 20
10.938171551972806
 30
0.0
 11
34.968205930534936
 21
8.167201174932199
 31
0.0
  0
LINE
  5
4F6
330
17
100
AcDbEntity
  8
SLOTS
100
AcDbLine
 10
34.781794069465064
 20
8.000616007367771
 30
0.0
 11
32.30554303089854
 21
10.771586384408378
 31
0.0
  0
ARC
  5
4F7
330
17
100
AcDbEntity
  8
SLOTS
100
AcDbCircle
 10
34.875
 20
8.083908591149985
 30
0.0
 40
0.125
100
AcDbArc
 50
-138.21473966494352
 51
41.78526033505649
  0
ARC
  5
4F8
330
17
100
AcDbEntity
  8
SLOTS
100
AcDbCircle
 10
32.398748961433476
 20
10.854878968190592
 30
0.0
 40
0.125
100
AcDbArc
 50
41.78526033505649
 51
221.78526033505648
  0
LINE
  5
4F9
330
17
100
AcDbEntity
  8
SLOTS
100
AcDbLine
 10
33.13540731163514
 20
11.3436868684183
 30
0.0
 11
34.968205930534936
 21
9.29275156300911
 31
0.0
  0
LINE
  5
4FA
330
17
100
AcDbEntity
  8
SLOTS
100
AcDbLine
 10
34.781794069465064
 20
9.126166395444683
 30
0.0
 11
32.94899545056527
 21
11.177101700853873
 31
0.0
  0
ARC
  5
4FB
330
17
100
AcDbEntity
  8
SLOTS
100
AcDbCircle
 10
34.875
 20
9.209458979226897
 30
0.0
 40
0.125
100
AcDbArc
 50
-138.21473966494347
 51
41.785260335056535
  0
ARC
  5
4FC
330
17
100
AcDbEntity
  8
SLOTS
100
AcDbCircle
 10
33.042201381100206
 20
11.260394284636087
 30
0.0
 40
0.125
100
AcDbArc
 50
41.785260335056535
 51
221.78526033505653
  0
LINE
  5
4FD
330
17
100
AcDbEntity
  8
SLOTS
100
AcDbLine
 10
33.77885973130187
 20
11.749202184863798
 30
0.0
 11
34.968205930534936
 21
10.418301951086024
 31
0.0
  0
LINE
  5
4FE
330
17
100
AcDbEntity
  8
SLOTS
100
AcDbLine
 10
34.781794069465064
 20
10.251716783521596
 30
0.0
 11
33.592447870232
 21
11.58261701729937
 31
0.0
  0
ARC
  5
4FF
330
17
100
AcDbEntity
  8
SLOTS
100
AcDbCircle
 10
34.875
 20
10.33500936730381
 30
0.0
 40
0.125
100
AcDbArc
 50
-138.21473966494338
 51
41.78526033505662
  0
ARC
  5
500
330
17
100
AcDbEntity
  8
SLOTS
100
AcDbCircle
 10
33.685653800766936
 20
11.665909601081584
 30
0.0
 40
0.125
100
AcDbArc
 50
41.78526033505662
 51
221.78526033505662
  0
LINE
  5
501
330
17
100
AcDbEntity
  8
SLOTS
100
AcDbLine
 10
34.422312150968615
 20
12.154717501309298
 30
0.0
 11
34.968205930534936
 21
11.543852339162946
 31
0.0
  0
LINE
  5
502
330
17
100
AcDbEntity
  8
SLOTS
100
AcDbLine
 10
34.781794069465064
 20
11.377267171598518
 30
0.0
 11
34.235900289898744
 21
11.98813233374487
 31
0.0
  0
ARC
  5
503
330
17
100
AcDbEntity
  8
SLOTS
100
AcDbCircle
 10
34.875
 20
11.460559755380732
 30
0.0
 40
0.125
100
AcDbArc
 50
-138.21473966494358
 51
41.78526033505643
  0
ARC
  5
504
330
17
100
AcDbEntity
  8
SLOTS
100
AcDbCircle
 10
34.32910622043368
 20
12.071424917527084
 30
0.0
 40
0.125
100
AcDbArc
 50
41.78526033505643
 51
221.78526033505642
  0
LINE
  5
505
330
17
100
AcDbEntity
  8
SLOTS
100
AcDbLine
 10
33.68097641703873
 20
20.335677082460904
 30
0.0
 11
34.954353957831664
 21
19.289433787280863
 31
0.0
  0
LINE
  5
506
330
17
100
AcDbEntity
  8
SLOTS
100
AcDbLine
 10
34.795646042168336
 20
19.09627116795248
 30
0.0
 11
33.5222685013754
 21
20.14251446313252
 31
0.0
  0
ARC
  5
507
330
17
100
AcDbEntity
  8
SLOTS
100
AcDbCircle
 10
34.875
 20
19.192852477616672
 30
0.0
 40
0.125
100
AcDbArc
 50
-129.40750031894402
 51
50.592499681055976
  0
ARC
  5
508
330
17
100
AcDbEntity
  8
SLOTS
100
AcDbCircle
 10
33.601622459207064
 20
20.239095772796713
 30
0.0
 40
0.125
100
AcDbArc
 50
50.592499681055976
 51
230.59249968105598
  0
LINE
  5
509
330
17
100
AcDbEntity
  8
SLOTS
100
AcDbLine
 10
33.70133705459125
 20
21.289632906279994
 30
0.0
 11
34.954353957831664
 21
20.260118491453575
 31
0.0
  0
LINE
  5
50A
330
17
100
AcDbEntity
  8
SLOTS
100
AcDbLine
 10
34.795646042168336
 20
20.06695587212519
 30
0.0
 11
33.54262913892792
 21
21.09647028695161
 31
0.0
  0
ARC
  5
50B
330
17
100
AcDbEntity
  8
SLOTS
100
AcDbCircle
 10
34.875
 20
20.163537181789383
 30
0.0
 40
0.125
100
AcDbArc
 50
-129.40750031894407
 51
50.59249968105594
  0
ARC
  5
50C
330
17
100
AcDbEntity
  8
SLOTS
100
AcDbCircle
 10
33.621983096759585
 20
21.193051596615803
 30
0.0
 40
0.125
100
AcDbArc
 50
50.59249968105594
 51
230.59249968105593
  0
LINE
  5
50D
330
17
100
AcDbEntity
  8
SLOTS
100
AcDbLine
 10
34.23376319278385
 20
21.822861114309596
 30
0.0
 11
34.954353957831664
 21
21.230803195626287
 31
0.0
  0
LINE
  5
50E
330
17
100
AcDbEntity
  8
SLOTS
100
AcDbLine
 10
34.795646042168336
 20
21.037640576297903
 30
0.0
 11
34.07505527712052
 21
21.629698494981213
 31
0.0
  0
ARC
  5
50F
330
17
100
AcDbEntity
  8
SLOTS
100
AcDbCircle
 10
34.875
 20
21.134221885962095
 30
0.0
 40
0.125
100
AcDbArc
 50
-129.4075003189441
 51
50.5924996810559
  0
ARC
  5
510
330
17
100
AcDbEntity
  8
SLOTS
100
AcDbCircle
 10
34.15440923495218
 20
21.726279804645404
 30
0.0
 40
0.125
100
AcDbArc
 50
50.5924996810559
 51
230.5924996810559
  0
LINE
  5
511
330
17
100
AcDbEntity
  8
SLOTS
100
AcDbLine
 10
34.76618933097645
 20
22.356089322339194
 30
0.0
 11
34.954353957831664
 21
22.201487899799
 31
0.0
  0
LINE
  5
512
330
17
100
AcDbEntity
  8
SLOTS
100
AcDbLine
 10
34.795646042168336
 20
22.00832528047062
 30
0.0
 11
34.607481415313124
 21
22.16292670301081
 31
0.0
  0
ARC
  5
513
330
17
100
AcDbEntity
  8
SLOTS
100
AcDbCircle
 10
34.875
 20
22.10490659013481
 30
0.0
 40
0.125
100
AcDbArc
 50
-129.40750031894407
 51
50.59249968105592
  0
ARC
  5
514
330
17
100
AcDbEntity
  8
SLOTS
100
AcDbCircle
 10
34.68683537314479
 20
22.259508012675003
 30
0.0
 40
0.125
100
AcDbArc
 50
50.59249968105592
 51
230.59249968105593
  0
LINE
  5
515
330
17
100
AcDbEntity
  8
SLOTS
100
AcDbLine
 10
34.38152855370168
 20
26.78433491435339
 30
0.0
 11
34.44031590836758
 21
28.612375836958204
 31
0.0
  0
LINE
  5
516
330
17
100
AcDbEntity
  8
SLOTS
100
AcDbLine
 10
34.690186736086915
 20
28.604340324848952
 30
0.0
 11
34.63139938142101
 21
26.77629940224414
 31
0.0
  0
ARC
  5
517
330
17
100
AcDbEntity
  8
SLOTS
100
AcDbCircle
 10
34.56525132222725
 20
28.608358080903578
 30
0.0
 40
0.125
100
AcDbArc
 50
-1.8419209647834407
 51
178.15807903521656
  0
ARC
  5
518
330
17
100
AcDbEntity
  8
SLOTS
100
AcDbCircle
 10
34.506463967561345
 20
26.780317158298764
 30
0.0
 40
0.125
100
AcDbArc
 50
178.15807903521656
 51
358.1580790352166
  0
LINE
  5
519
330
17
100
AcDbEntity
  8
SLOTS
100
AcDbLine
 10
24.173179528656497
 20
1.7425972917541215
 30
0.0
 11
27.30005153583321
 21
2.255631299229366
 31
0.0
  0
LINE
  5
51A
330
17
100
AcDbEntity
  8
SLOTS
100
AcDbLine
 10
27.34052848682362
 20
2.0089298269222073
 30
0.0
 11
24.213656479646907
 21
1.495895819446963
 31
0.0
  0
ARC
  5
51B
330
17
100
AcDbEntity
  8
SLOTS
100
AcDbCircle
 10
27.320290011328414
 20
2.1322805630757866
 30
0.0
 40
0.125
100
AcDbArc
 50
-80.68235063737691
 51
99.31764936262309
  0
ARC
  5
51C
330
17
100
AcDbEntity
  8
SLOTS
100
AcDbCircle
 10
24.193418004151702
 20
1.6192465556005422
 30
0.0
 40
0.125
100
AcDbArc
 50
99.31764936262309
 51
279.3176493626231
  0
LINE
  5
51D
330
17
100
AcDbEntity
  8
SLOTS
100
AcDbLine
 10
23.798122190326296
 20
2.441088552816668
 30
0.0
 11
28.38223458380748
 21
3.1932157734214077
 31
0.0
  0
LINE
  5
51E
330
17
100
AcDbEntity
  8
SLOTS
100
AcDbLine
 10
28.42271153479789
 20
2.946514301114249
 30
0.0
 11
23.838599141316706
 21
2.1943870805095096
 31
0.0
  0
ARC
  5
51F
330
17
100
AcDbEntity
  8
SLOTS
100
AcDbCircle
 10
28.402473059302686
 20
3.0698650372678284
 30
0.0
 40
0.125
100
AcDbArc
 50
-80.68235063737693
 51
99.31764936262307
  0
ARC
  5
520
330
17
100
AcDbEntity
  8
SLOTS
100
AcDbCircle
 10
23.8183606658215
 20
2.317737816663089
 30
0.0
 40
0.125
100
AcDbArc
 50
99.31764936262307
 51
279.31764936262306
  0
LINE
  5
521
330
17
100
AcDbEntity
  8
SLOTS
100
AcDbLine
 10
23.549948289907
 20
3.160397908922523
 30
0.0
 11
28.960064965457025
 21
4.048049796366477
 31
0.0
  0
LINE
  5
522
330
17
100
AcDbEntity
  8
SLOTS
100
AcDbLine
 10
29.000541916447435
 20
3.801348324059319
 30
0.0
 11
23.59042524089741
 21
2.9136964366153646
 31
0.0
  0
ARC
  5
523
330
17
100
AcDbEntity
  8
SLOTS
100
AcDbCircle
 10
28.98030344095223
 20
3.924699060212898
 30
0.0
 40
0.125
100
AcDbArc
 50
-80.68235063737693
 51
99.31764936262307
  0
ARC
  5
524
330
17
100
AcDbEntity
  8
SLOTS
100
AcDbCircle
 10
23.570186765402205
 20
3.037047172768944
 30
0.0
 40
0.125
100
AcDbArc
 50
99.31764936262307
 51
279.31764936262306
  0
LINE
  5
525
330
17
100
AcDbEntity
  8
SLOTS
100
AcDbLine
 10
23.301774389487704
 20
3.8797072650283773
 30
0.0
 11
29.181842826995833
 21
4.844465358036246
 31
0.0
  0
LINE
  5
526
330
17
100
AcDbEntity
  8
SLOTS
100
AcDbLine
 10
29.222319777986243
 20
4.597763885729087
 30
0.0
 11
23.342251340478114
 21
3.6330057927212187
 31
0.0
  0
ARC
  5
527
330
17
100
AcDbEntity
  8
SLOTS
100
AcDbCircle
 10
29.202081302491038
 20
4.721114621882666
 30
0.0
 40
0.125
100
AcDbArc
 50
-80.68235063737693
 51
99.31764936262307
  0
ARC
  5
528
330
17
100
AcDbEntity
  8
SLOTS
100
AcDbCircle
 10
23.32201286498291
 20
3.756356528874798
 30
0.0
 40
0.125
100
AcDbArc
 50
99.31764936262307
 51
279.31764936262306
  0
LINE
  5
529
330
17
100
AcDbEntity
  8
SLOTS
100
AcDbLine
 10
23.05360048906841
 20
4.599016621134233
 30
0.0
 11
28.18088167624639
 21
5.440262955769281
 31
0.0
  0
LINE
  5
52A
330
17
100
AcDbEntity
  8
SLOTS
100
AcDbLine
 10
28.2213586272368
 20
5.193561483462123
 30
0.0
 11
23.09407744005882
 21
4.352315148827074
 31
0.0
  0
ARC
  5
52B
330
17
100
AcDbEntity
  8
SLOTS
100
AcDbCircle
 10
28.201120151741595
 20
5.316912219615702
 30
0.0
 40
0.125
100
AcDbArc
 50
-80.68235063737693
 51
99.31764936262307
  0
ARC
  5
52C
330
17
100
AcDbEntity
  8
SLOTS
100
AcDbCircle
 10
23.073838964563613
 20
4.475665884980653
 30
0.0
 40
0.125
100
AcDbArc
 50
99.31764936262307
 51
279.31764936262306
  0
LINE
  5
52D
330
17
100
AcDbEntity
  8
SLOTS
100
AcDbLine
 10
22.805426588649112
 20
5.318325977240087
 30
0.0
 11
27.17992052549695
 21
6.036060553502315
 31
0.0
  0
LINE
  5
52E
330
17
100
AcDbEntity
  8
SLOTS
100
AcDbLine
 10
27.22039747648736
 20
5.7893590811951565
 30
0.0
 11
22.845903539639522
 21
5.071624504932928
 31
0.0
  0
ARC
  5
52F
330
17
100
AcDbEntity
  8
SLOTS
100
AcDbCircle
 10
27.200159000992155
 20
5.912709817348736
 30
0.0
 40
0.125
100
AcDbArc
 50
-80.68235063737693
 51
99.31764936262307
  0
ARC
  5
530
330
17
100
AcDbEntity
  8
SLOTS
100
AcDbCircle
 10
22.825665064144317
 20
5.1949752410865075
 30
0.0
 40
0.125
100
AcDbArc
 50
99.31764936262307
 51
279.31764936262306
  0
LINE
  5
531
330
17
100
AcDbEntity
  8
SLOTS
100
AcDbLine
 10
23.355989626528086
 20
6.168686176307585
 30
0.0
 11
26.178959374747503
 21
6.631858151235352
 31
0.0
  0
LINE
  5
532
330
17
100
AcDbEntity
  8
SLOTS
100
AcDbLine
 10
26.219436325737913
 20
6.385156678928193
 30
0.0
 11
23.396466577518495
 21
5.921984704000426
 31
0.0
  0
ARC
  5
533
330
17
100
AcDbEntity
  8
SLOTS
100
AcDbCircle
 10
26.199197850242708
 20
6.508507415081772
 30
0.0
 40
0.125
100
AcDbArc
 50
-80.68235063737693
 51
99.31764936262307
  0
ARC
  5
534
330
17
100
AcDbEntity
  8
SLOTS
100
AcDbCircle
 10
23.37622810202329
 20
6.045335440154005
 30
0.0
 40
0.125
100
AcDbArc
 50
99.31764936262307
 51
279.31764936262306
  0
LINE
  5
535
330
17
100
AcDbEntity
  8
SLOTS
100
AcDbLine
 10
11.7128705146483
 20
26.74763183711552
 30
0.0
 11
9.64081337111724
 21
28.7781440284148
 31
0.0
  0
LINE
  5
536
330
17
100
AcDbEntity
  8
SLOTS
100
AcDbLine
 10
9.815790953459143
 20
28.95670171006917
 30
0.0
 11
11.887848096990203
 21
26.92618951876989
 31
0.0
  0
ARC
  5
537
330
17
100
AcDbEntity
  8
SLOTS
100
AcDbCircle
 10
9.728302162288191
 20
28.867422869241985
 30
0.0
 40
0.125
100
AcDbArc
 50
45.5801898438375
 51
225.5801898438375
  0
ARC
  5
538
330
17
100
AcDbEntity
  8
SLOTS
100
AcDbCircle
 10
11.800359305819251
 20
26.836910677942704
 30
0.0
 40
0.125
100
AcDbArc
 50
225.5801898438375
 51
405.5801898438375
  0
LINE
  5
539
330
17
100
AcDbEntity
  8
SLOTS
100
AcDbLine
 10
11.166984697166033
 20
26.23249175145811
 30
0.0
 11
7.541055038428652
 21
29.785721159172816
 31
0.0
  0
LINE
  5
53A
330
17
100
AcDbEntity
  8
SLOTS
100
AcDbLine
 10
7.716032620770553
 20
29.964278840827184
 30
0.0
 11
11.341962279507936
 21
26.411049433112478
 31
0.0
  0
ARC
  5
53B
330
17
100
AcDbEntity
  8
SLOTS
100
AcDbCircle
 10
7.628543829599603
 20
29.875
 30
0.0
 40
0.125
100
AcDbArc
 50
45.5801898438375
 51
225.5801898438375
  0
ARC
  5
53C
330
17
100
AcDbEntity
  8
SLOTS
100
AcDbCircle
 10
11.254473488336984
 20
26.321770592285294
 30
0.0
 40
0.125
100
AcDbArc
 50
225.5801898438375
 51
405.5801898438375
  0
LINE
  5
53D
330
17
100
AcDbEntity
  8
SLOTS
100
AcDbLine
 10
10.621098879683766
 20
25.7173516658007
 30
0.0
 11
6.469489198447905
 21
29.785721159172816
 31
0.0
  0
LINE
  5
53E
330
17
100
AcDbEntity
  8
SLOTS
100
AcDbLine
 10
6.644466780789806
 20
29.964278840827184
 30
0.0
 11
10.796076462025669
 21
25.895909347455067
 31
0.0
  0
ARC
  5
53F
330
17
100
AcDbEntity
  8
SLOTS
100
AcDbCircle
 10
6.556977989618855
 20
29.875
 30
0.0
 40
0.125
100
AcDbArc
 50
45.5801898438375
 51
225.5801898438375
  0
ARC
  5
540
330
17
100
AcDbEntity
  8
SLOTS
100
AcDbCircle
 10
10.708587670854717
 20
25.806630506627883
 30
0.0
 40
0.125
100
AcDbArc
 50
225.5801898438375
 51
405.5801898438375
  0
LINE
  5
541
330
17
100
AcDbEntity
  8
SLOTS
100
AcDbLine
 10
10.0752130622015
 20
25.20221158014329
 30
0.0
 11
5.404710188105869
 21
29.77907040614475
 31
0.0
  0
LINE
  5
542
330
17
100
AcDbEntity
  8
SLOTS
100
AcDbLine
 10
5.57968777044777
 20
29.95762808779912
 30
0.0
 11
10.250190644543403
 21
25.38076926179766
 31
0.0
  0
ARC
  5
543
330
17
100
AcDbEntity
  8
SLOTS
100
AcDbCircle
 10
5.49219897927682
 20
29.868349246971935
 30
0.0
 40
0.125
100
AcDbArc
 50
45.5801898438375
 51
225.5801898438375
  0
ARC
  5
544
330
17
100
AcDbEntity
  8
SLOTS
100
AcDbCircle
 10
10.162701853372452
 20
25.291490420970476
 30
0.0
 40
0.125
100
AcDbArc
 50
225.5801898438375
 51
405.5801898438375
  0
LINE
  5
545
330
17
100
AcDbEntity
  8
SLOTS
100
AcDbLine
 10
9.529327244719234
 20
24.68707149448588
 30
0.0
 11
5.009440465223708
 21
29.116334093594567
 31
0.0
  0
LINE
  5
546
330
17
100
AcDbEntity
  8
SLOTS
100
AcDbLine
 10
5.184418047565609
 20
29.294891775248935
 30
0.0
 11
9.704304827061137
 21
24.86562917614025
 31
0.0
  0
ARC
  5
547
330
17
100
AcDbEntity
  8
SLOTS
100
AcDbCircle
 10
5.096929256394659
 20
29.20561293442175
 30
0.0
 40
0.125
100
AcDbArc
 50
45.5801898438375
 51
225.5801898438375
  0
ARC
  5
548
330
17
100
AcDbEntity
  8
SLOTS
100
AcDbCircle
 10
9.616816035890185
 20
24.776350335313065
 30
0.0
 40
0.125
100
AcDbArc
 50
225.5801898438375
 51
405.5801898438375
  0
LINE
  5
549
330
17
100
AcDbEntity
  8
SLOTS
100
AcDbLine
 10
8.983441427236965
 20
24.171931408828467
 30
0.0
 11
4.614170742341545
 21
28.45359778104438
 31
0.0
  0
LINE
  5
54A
330
17
100
AcDbEntity
  8
SLOTS
100
AcDbLine
 10
4.789148324683446
 20
28.632155462698748
 30
0.0
 11
9.158419009578868
 21
24.350489090482835
 31
0.0
  0
ARC
  5
54B
330
17
100
AcDbEntity
  8
SLOTS
100
AcDbCircle
 10
4.701659533512496
 20
28.542876621871564
 30
0.0
 40
0.125
100
AcDbArc
 50
45.58018984383753
 51
225.58018984383753
  0
ARC
  5
54C
330
17
100
AcDbEntity
  8
SLOTS
100
AcDbCircle
 10
9.070930218407916
 20
24.26121024965565
 30
0.0
 40
0.125
100
AcDbArc
 50
225.58018984383753
 51
405.5801898438375
  0
LINE
  5
54D
330
17
100
AcDbEntity
  8
SLOTS
100
AcDbLine
 10
8.437555609754698
 20
23.65679132317106
 30
0.0
 11
4.218901019459386
 21
27.7908614684942
 31
0.0
  0
LINE
  5
54E
330
17
100
AcDbEntity
  8
SLOTS
100
AcDbLine
 10
4.393878601801287
 20
27.969419150148568
 30
0.0
 11
8.6125331920966
 21
23.835349004825428
 31
0.0
  0
ARC
  5
54F
330
17
100
AcDbEntity
  8
SLOTS
100
AcDbCircle
 10
4.306389810630336
 20
27.880140309321384
 30
0.0
 40
0.125
100
AcDbArc
 50
45.5801898438375
 51
225.5801898438375
  0
ARC
  5
550
330
17
100
AcDbEntity
  8
SLOTS
100
AcDbCircle
 10
8.52504440092565
 20
23.746070163998244
 30
0.0
 40
0.125
100
AcDbArc
 50
225.5801898438375
 51
405.5801898438375
  0
LINE
  5
551
330
17
100
AcDbEntity
  8
SLOTS
100
AcDbLine
 10
7.8084708267191205
 20
23.223182055515895
 30
0.0
 11
3.823631296577225
 21
27.12812515594402
 31
0.0
  0
LINE
  5
552
330
17
100
AcDbEntity
  8
SLOTS
100
AcDbLine
 10
3.9986088789191268
 20
27.306682837598387
 30
0.0
 11
7.983448409061022
 21
23.401739737170264
 31
0.0
  0
ARC
  5
553
330
17
100
AcDbEntity
  8
SLOTS
100
AcDbCircle
 10
3.9111200877481758
 20
27.217403996771203
 30
0.0
 40
0.125
100
AcDbArc
 50
45.5801898438375
 51
225.5801898438375
  0
ARC
  5
554
330
17
100
AcDbEntity
  8
SLOTS
100
AcDbCircle
 10
7.895959617890071
 20
23.31246089634308
 30
0.0
 40
0.125
100
AcDbArc
 50
225.5801898438375
 51
405.5801898438375
  0
LINE
  5
555
330
17
100
AcDbEntity
  8
SLOTS
100
AcDbLine
 10
5.713629358430246
 20
24.22594090549543
 30
0.0
 11
3.5299965082041784
 21
26.365791699450696
 31
0.0
  0
LINE
  5
556
330
17
100
AcDbEntity
  8
SLOTS
100
AcDbLine
 10
3.7049740905460804
 20
26.544349381105064
 30
0.0
 11
5.8886069407721475
 21
24.4044985871498
 31
0.0
  0
ARC
  5
557
330
17
100
AcDbEntity
  8
SLOTS
100
AcDbCircle
 10
3.6174852993751294
 20
26.45507054027788
 30
0.0
 40
0.125
100
AcDbArc
 50
45.58018984383756
 51
225.58018984383756
  0
ARC
  5
558
330
17
100
AcDbEntity
  8
SLOTS
100
AcDbCircle
 10
5.801118149601197
 20
24.315219746322615
 30
0.0
 40
0.125
100
AcDbArc
 50
225.58018984383756
 51
405.58018984383756
  0
LINE
  5
559
330
17
100
AcDbEntity
  8
SLOTS
100
AcDbLine
 10
34.56814888010058
 20
15.375525530586225
 30
0.0
 11
34.793129464087464
 21
15.570526298817922
 31
0.0
  0
LINE
  5
55A
330
17
100
AcDbEntity
  8
SLOTS
100
AcDbLine
 10
34.956870535912536
 20
15.38161134070826
 30
0.0
 11
34.73188995192565
 21
15.186610572476562
 31
0.0
  0
ARC
  5
55B
330
17
100
AcDbEntity
  8
SLOTS
100
AcDbCircle
 10
34.875
 20
15.476068819763091
 30
0.0
 40
0.125
100
AcDbArc
 50
-49.08305791549562
 51
130.91694208450437
  0
ARC
  5
55C
330
17
100
AcDbEntity
  8
SLOTS
100
AcDbCircle
 10
34.650019416013116
 20
15.281068051531394
 30
0.0
 40
0.125
100
AcDbArc
 50
130.91694208450437
 51
310.9169420845044
  0
LINE
  5
55D
330
17
100
AcDbEntity
  8
SLOTS
100
AcDbLine
 10
33.7067773489849
 20
15.621446249201558
 30
0.0
 11
34.793129464087464
 21
16.56303637783008
 31
0.0
  0
LINE
  5
55E
330
17
100
AcDbEntity
  8
SLOTS
100
AcDbLine
 10
34.956870535912536
 20
16.374121419720417
 30
0.0
 11
33.87051842080997
 21
15.432531291091895
 31
0.0
  0
ARC
  5
55F
330
17
100
AcDbEntity
  8
SLOTS
100
AcDbCircle
 10
34.875
 20
16.46857889877525
 30
0.0
 40
0.125
100
AcDbArc
 50
-49.083057915495445
 51
130.91694208450457
  0
ARC
  5
560
330
17
100
AcDbEntity
  8
SLOTS
100
AcDbCircle
 10
33.788647884897436
 20
15.526988770146726
 30
0.0
 40
0.125
100
AcDbArc
 50
130.91694208450457
 51
310.91694208450457
  0
LINE
  5
561
330
17
100
AcDbEntity
  8
SLOTS
100
AcDbLine
 10
33.16930682359746
 20
16.148106504663804
 30
0.0
 11
34.793129464087464
 21
17.555546456842233
 31
0.0
  0
LINE
  5
562
330
17
100
AcDbEntity
  8
SLOTS
100
AcDbLine
 10
34.956870535912536
 20
17.36663149873257
 30
0.0
 11
33.33304789542253
 21
15.959191546554141
 31
0.0
  0
ARC
  5
563
330
17
100
AcDbEntity
  8
SLOTS
100
AcDbCircle
 10
34.875
 20
17.4610889777874
 30
0.0
 40
0.125
100
AcDbArc
 50
-49.08305791549551
 51
130.91694208450448
  0
ARC
  5
564
330
17
100
AcDbEntity
  8
SLOTS
100
AcDbCircle
 10
33.251177359509995
 20
16.053649025608973
 30
0.0
 40
0.125
100
AcDbArc
 50
130.91694208450448
 51
310.9169420845045
  0
LINE
  5
565
330
17
100
AcDbEntity
  8
SLOTS
100
AcDbLine
 10
33.349110770209606
 20
17.296460732975984
 30
0.0
 11
34.3206682490961
 21
18.138553198942578
 31
0.0
  0
LINE
  5
566
330
17
100
AcDbEntity
  8
SLOTS
100
AcDbLine
 10
34.48440932092117
 20
17.949638240832915
 30
0.0
 11
33.51285184203468
 21
17.10754577486632
 31
0.0
  0
ARC
  5
567
330
17
100
AcDbEntity
  8
SLOTS
100
AcDbCircle
 10
34.40253878500864
 20
18.044095719887746
 30
0.0
 40
0.125
100
AcDbArc
 50
-49.083057915495296
 51
130.9169420845047
  0
ARC
  5
568
330
17
100
AcDbEntity
  8
SLOTS
100
AcDbCircle
 10
33.43098130612214
 20
17.202003253921152
 30
0.0
 40
0.125
100
AcDbArc
 50
130.9169420845047
 51
310.9169420845047
  0
LINE
  5
569
330
17
100
AcDbEntity
  8
SLOTS
100
AcDbLine
 10
33.528914716821745
 20
18.444814961288166
 30
0.0
 11
33.836805974848225
 21
18.711678131358383
 31
0.0
  0
LINE
  5
56A
330
17
100
AcDbEntity
  8
SLOTS
100
AcDbLine
 10
34.0005470466733
 20
18.52276317324872
 30
0.0
 11
33.69265578864682
 21
18.255900003178503
 31
0.0
  0
ARC
  5
56B
330
17
100
AcDbEntity
  8
SLOTS
100
AcDbCircle
 10
33.91867651076076
 20
18.61722065230355
 30
0.0
 40
0.125
100
AcDbArc
 50
-49.08305791549505
 51
130.91694208450497
  0
ARC
  5
56C
330
17
100
AcDbEntity
  8
SLOTS
100
AcDbCircle
 10
33.61078525273428
 20
18.350357482233335
 30
0.0
 40
0.125
100
AcDbArc
 50
130.91694208450497
 51
310.91694208450497
  0
LINE
  5
56D
330
17
100
AcDbEntity
  8
SLOTS
100
AcDbLine
 10
31.315638678084163
 20
16.245484679527586
 30
0.0
 11
31.28585511871036
 21
16.14241102697981
 31
0.0
  0
LINE
  5
56E
330
17
100
AcDbEntity
  8
SLOTS
100
AcDbLine
 10
31.04568075252765
 20
16.211810406146594
 30
0.0
 11
31.075464311901456
 21
16.314884058694368
 31
0.0
  0
ARC
  5
56F
330
17
100
AcDbEntity
  8
SLOTS
100
AcDbCircle
 10
31.165767935619005
 20
16.177110716563202
 30
0.0
 40
0.125
100
AcDbArc
 50
-196.11686918977142
 51
-16.116869189771435
  0
ARC
  5
570
330
17
100
AcDbEntity
  8
SLOTS
100
AcDbCircle
 10
31.19555149499281
 20
16.280184369110977
 30
0.0
 40
0.125
100
AcDbArc
 50
-16.116869189771435
 51
163.88313081022858
  0
LINE
  5
571
330
17
100
AcDbEntity
  8
SLOTS
100
AcDbLine
 10
32.67470500724334
 20
18.247129303353663
 30
0.0
 11
32.01839081708674
 21
15.97578557477719
 31
0.0
  0
LINE
  5
572
330
17
100
AcDbEntity
  8
SLOTS
100
AcDbLine
 10
31.778216450904033
 20
16.045184953943973
 30
0.0
 11
32.43453064106064
 21
18.316528682520445
 31
0.0
  0
ARC
  5
573
330
17
100
AcDbEntity
  8
SLOTS
100
AcDbCircle
 10
31.898303633995386
 20
16.010485264360582
 30
0.0
 40
0.125
100
AcDbArc
 50
-196.11686918977148
 51
-16.116869189771492
  0
ARC
  5
574
330
17
100
AcDbEntity
  8
SLOTS
100
AcDbCircle
 10
32.55461782415199
 20
18.281828992937054
 30
0.0
 40
0.125
100
AcDbArc
 50
-16.116869189771492
 51
163.88313081022852
  0
LINE
  5
575
330
17
100
AcDbEntity
  8
SLOTS
100
AcDbLine
 10
34.268378050758486
 20
13.715411531066946
 30
0.0
 11
34.19756922913923
 21
14.58455509217954
 31
0.0
  0
LINE
  5
576
330
17
100
AcDbEntity
  8
SLOTS
100
AcDbLine
 10
34.44674367349002
 20
14.604855246919827
 30
0.0
 11
34.51755249510927
 21
13.735711685807233
 31
0.0
  0
ARC
  5
577
330
17
100
AcDbEntity
  8
SLOTS
100
AcDbCircle
 10
34.322156451314626
 20
14.594705169549684
 30
0.0
 40
0.125
100
AcDbArc
 50
4.657580679254224
 51
184.65758067925424
  0
ARC
  5
578
330
17
100
AcDbEntity
  8
SLOTS
100
AcDbCircle
 10
34.39296527293388
 20
13.72556160843709
 30
0.0
 40
0.125
100
AcDbArc
 50
184.65758067925424
 51
364.65758067925424
  0
LINE
  5
579
330
17
100
AcDbEntity
  8
SLOTS
100
AcDbLine
 10
33.60900672752226
 20
12.572488375622886
 30
0.0
 11
33.42716513933917
 21
14.804504696437329
 31
0.0
  0
LINE
  5
57A
330
17
100
AcDbEntity
  8
SLOTS
100
AcDbLine
 10
33.67633958368996
 20
14.824804851177616
 30
0.0
 11
33.85818117187304
 21
12.592788530363173
 31
0.0
  0
ARC
  5
57B
330
17
100
AcDbEntity
  8
SLOTS
100
AcDbCircle
 10
33.551752361514566
 20
14.814654773807472
 30
0.0
 40
0.125
100
AcDbArc
 50
4.657580679254366
 51
184.65758067925435
  0
ARC
  5
57C
330
17
100
AcDbEntity
  8
SLOTS
100
AcDbCircle
 10
33.73359394969765
 20
12.582638452993029
 30
0.0
 40
0.125
100
AcDbArc
 50
184.65758067925435
 51
364.65758067925435
  0
LINE
  5
57D
330
17
100
AcDbEntity
  8
SLOTS
100
AcDbLine
 10
32.89327036664339
 20
12.12141841613207
 30
0.0
 11
32.65676104953912
 21
15.024454300695119
 31
0.0
  0
LINE
  5
57E
330
17
100
AcDbEntity
  8
SLOTS
100
AcDbLine
 10
32.905935493889906
 20
15.044754455435406
 30
0.0
 11
33.14244481099418
 21
12.141718570872357
 31
0.0
  0
ARC
  5
57F
330
17
100
AcDbEntity
  8
SLOTS
100
AcDbCircle
 10
32.78134827171451
 20
15.034604378065263
 30
0.0
 40
0.125
100
AcDbArc
 50
4.657580679254252
 51
184.65758067925424
  0
ARC
  5
580
330
17
100
AcDbEntity
  8
SLOTS
100
AcDbCircle
 10
33.017857588818785
 20
12.131568493502213
 30
0.0
 40
0.125
100
AcDbArc
 50
184.65758067925424
 51
364.65758067925424
  0
LINE
  5
581
330
17
100
AcDbEntity
  8
SLOTS
100
AcDbLine
 10
32.17753400576453
 20
11.670348456641253
 30
0.0
 11
31.88958166245624
 21
15.204822260476389
 31
0.0
  0
LINE
  5
582
330
17
100
AcDbEntity
  8
SLOTS
100
AcDbLine
 10
32.13875610680702
 20
15.225122415216676
 30
0.0
 11
32.426708450115314
 21
11.69064861138154
 31
0.0
  0
ARC
  5
583
330
17
100
AcDbEntity
  8
SLOTS
100
AcDbCircle
 10
32.01416888463163
 20
15.214972337846532
 30
0.0
 40
0.125
100
AcDbArc
 50
4.657580679254266
 51
184.65758067925427
  0
ARC
  5
584
330
17
100
AcDbEntity
  8
SLOTS
100
AcDbCircle
 10
32.30212122793992
 20
11.680498534011397
 30
0.0
 40
0.125
100
AcDbArc
 50
184.65758067925427
 51
364.65758067925424
  0
LINE
  5
585
330
17
100
AcDbEntity
  8
SLOTS
100
AcDbLine
 10
31.461797644885667
 20
11.219278497150437
 30
0.0
 11
31.122888894084358
 21
15.37921721421529
 31
0.0
  0
LINE
  5
586
330
17
100
AcDbEntity
  8
SLOTS
100
AcDbLine
 10
31.372063338435137
 20
15.399517368955577
 30
0.0
 11
31.710972089236446
 21
11.239578651890724
 31
0.0
  0
ARC
  5
587
330
17
100
AcDbEntity
  8
SLOTS
100
AcDbCircle
 10
31.247476116259747
 20
15.389367291585433
 30
0.0
 40
0.125
100
AcDbArc
 50
4.657580679254295
 51
184.6575806792543
  0
ARC
  5
588
330
17
100
AcDbEntity
  8
SLOTS
100
AcDbCircle
 10
31.586384867061057
 20
11.22942857452058
 30
0.0
 40
0.125
100
AcDbArc
 50
184.6575806792543
 51
364.6575806792543
  0
LINE
  5
589
330
17
100
AcDbEntity
  8
SLOTS
100
AcDbLine
 10
30.746061284006807
 20
10.768208537659621
 30
0.0
 11
30.357448506695924
 21
15.538239805543261
 31
0.0
  0
LINE
  5
58A
330
17
100
AcDbEntity
  8
SLOTS
100
AcDbLine
 10
30.606622951046702
 20
15.558539960283548
 30
0.0
 11
30.995235728357585
 21
10.788508692399908
 31
0.0
  0
ARC
  5
58B
330
17
100
AcDbEntity
  8
SLOTS
100
AcDbCircle
 10
30.482035728871313
 20
15.548389882913405
 30
0.0
 40
0.125
100
AcDbArc
 50
4.6575806792543375
 51
184.65758067925435
  0
ARC
  5
58C
330
17
100
AcDbEntity
  8
SLOTS
100
AcDbCircle
 10
30.870648506182196
 20
10.778358615029765
 30
0.0
 40
0.125
100
AcDbArc
 50
184.65758067925435
 51
364.65758067925435
  0
LINE
  5
58D
330
17
100
AcDbEntity
  8
SLOTS
100
AcDbLine
 10
30.006822175781814
 20
10.605623276222154
 30
0.0
 11
29.61936998318038
 21
15.361408935941816
 31
0.0
  0
LINE
  5
58E
330
17
100
AcDbEntity
  8
SLOTS
100
AcDbLine
 10
29.86854442753116
 20
15.381709090682103
 30
0.0
 11
30.255996620132592
 21
10.625923430962441
 31
0.0
  0
ARC
  5
58F
330
17
100
AcDbEntity
  8
SLOTS
100
AcDbCircle
 10
29.74395720535577
 20
15.371559013311959
 30
0.0
 40
0.125
100
AcDbArc
 50
4.657580679254295
 51
184.6575806792543
  0
ARC
  5
590
330
17
100
AcDbEntity
  8
SLOTS
100
AcDbCircle
 10
30.131409397957203
 20
10.615773353592298
 30
0.0
 40
0.125
100
AcDbArc
 50
184.6575806792543
 51
364.6575806792543
  0
LINE
  5
591
330
17
100
AcDbEntity
  8
SLOTS
100
AcDbLine
 10
29.021950433439706
 20
13.45805814165497
 30
0.0
 11
28.881291459664833
 21
15.184578066340368
 31
0.0
  0
LINE
  5
592
330
17
100
AcDbEntity
  8
SLOTS
100
AcDbLine
 10
29.13046590401561
 20
15.204878221080655
 30
0.0
 11
29.271124877790484
 21
13.478358296395257
 31
0.0
  0
ARC
  5
593
330
17
100
AcDbEntity
  8
SLOTS
100
AcDbCircle
 10
29.005878681840223
 20
15.194728143710512
 30
0.0
 40
0.125
100
AcDbArc
 50
4.657580679254323
 51
184.65758067925432
  0
ARC
  5
594
330
17
100
AcDbEntity
  8
SLOTS
100
AcDbCircle
 10
29.146537655615095
 20
13.468208219025113
 30
0.0
 40
0.125
100
AcDbArc
 50
184.65758067925432
 51
364.65758067925435
  0
ENDSEC
  0
SECTION
  2
OBJECTS
  0
DICTIONARY
  5
A
330
0
100
AcDbDictionary
281
1
  3
ACAD_COLOR
350
B
  3
ACAD_GROUP
350
C
  3
ACAD_LAYOUT
350
D
  3
ACAD_MATERIAL
350
E
  3
ACAD_MLEADERSTYLE
350
F
  3
ACAD_MLINESTYLE
350
10
  3
ACAD_PLOTSETTINGS
350
11
  3
ACAD_PLOTSTYLENAME
350
12
  3
ACAD_SCALELIST
350
14
  3
ACAD_TABLESTYLE
350
15
  3
ACAD_VISUALSTYLE
350
16
  3
EZDXF_META
350
2D
  0
DICTIONARY
  5
B
330
A
100
AcDbDictionary
281
1
  0
DICTIONARY
  5
C
330
A
100
AcDbDictionary
281
1
  0
DICTIONARY
  5
D
330
A
100
AcDbDictionary
281
1
  3
Model
350
1A
  3
Layout1
350
1E
  0
DICTIONARY
  5
E
330
A
100
AcDbDictionary
281
1
  3
ByBlock
350
1F
  3
ByLayer
350
20
  3
Global
350
21
  0
DICTIONARY
  5
F
330
A
100
AcDbDictionary
281
1
  3
Standard
350
2C
  0
DICTIONARY
  5
10
330
A
100
AcDbDictionary
281
1
  3
Standard
350
22
  0
DICTIONARY
  5
11
330
A
100
AcDbDictionary
281
1
  0
ACDBDICTIONARYWDFLT
  5
12
330
A
100
AcDbDictionary
281
1
  3
Normal
350
13
100
AcDbDictionaryWithDefault
340
13
  0
ACDBPLACEHOLDER
  5
13
330
12
  0
DICTIONARY
  5
14
330
A
100
AcDbDictionary
281
1
  0
DICTIONARY
  5
15
330
A
100
AcDbDictionary
281
1
  0
DICTIONARY
  5
16
330
A
100
AcDbDictionary
281
1
  3
2dWireframe
350
5A
  3
Basic
350
5B
  3
Brighten
350
5C
  3
ColorChange
350
5D
  3
Conceptual
350
5E
  3
Dim
350
5F
  3
EdgeColorOff
350
60
  3
Facepattern
350
61
  3
Flat
350
62
  3
FlatWithEdges
350
63
  3
Gouraud
350
64
  3
GouraudWithEdges
350
65
  3
Hidden
350
66
  3
JitterOff
350
67
  3
Linepattern
350
68
  3
Modeling
350
69
  3
OverhangOff
350
6A
  3
Realistic
350
6B
  3
Shaded
350
6C
  3
Shaded with edges
350
6D
  3
Shades of Gray
350
6E
  3
Sketchy
350
6F
  3
Thicken
350
70
  3
Wireframe
350
71
  3
X-Ray
350
72
  0
LAYOUT
  5
1A
330
D
100
AcDbPlotSettings
  1

  4
A3
  6

 40
7.5
 41
20.0
 42
7.5
 43
20.0
 44
420.0
 45
297.0
 46
0.0
 47
0.0
 48
0.0
 49
0.0
140
0.0
141
0.0
142
1.0
143
1.0
 70
1024
 72
1
 73
0
 74
5
  7

 75
16
 76
0
 77
2
 78
300
147
1.0
148
0.0
149
0.0
100
AcDbLayout
  1
Model
 70
1
 71
0
 10
0.0
 20
0.0
 11
420.0
 21
297.0
 12
0.0
 22
0.0
 32
0.0
 14
1e+20
 24
1e+20
 34
1e+20
 15
-1e+20
 25
-1e+20
 35
-1e+20
146
0.0
 13
0.0
 23
0.0
 33
0.0
 16
1.0
 26
0.0
 36
0.0
 17
0.0
 27
1.0
 37
0.0
 76
1
330
17
  0
LAYOUT
  5
1E
330
D
100
AcDbPlotSettings
  1

  4
A3
  6

 40
7.5
 41
20.0
 42
7.5
 43
20.0
 44
420.0
 45
297.0
 46
0.0
 47
0.0
 48
0.0
 49
0.0
140
0.0
141
0.0
142
1.0
143
1.0
 70
0
 72
1
 73
0
 74
5
  7

 75
16
 76
0
 77
2
 78
300
147
1.0
148
0.0
149
0.0
100
AcDbLayout
  1
Layout1
 70
1
 71
1
 10
0.0
 20
0.0
 11
420.0
 21
297.0
 12
0.0
 22
0.0
 32
0.0
 14
1e+20
 24
1e+20
 34
1e+20
 15
-1e+20
 25
-1e+20
 35
-1e+20
146
0.0
 13
0.0
 23
0.0
 33
0.0
 16
1.0
 26
0.0
 36
0.0
 17
0.0
 27
1.0
 37
0.0
 76
1
330
1B
  0
MATERIAL
  5
1F
102
{ACAD_REACTORS
330
E
102
}
330
E
100
AcDbMaterial
  1
ByBlock
  2

 70
0
 40
1.0
 71
1
 41
1.0
 91
-1023410177
 42
1.0
 72
1
  3

 73
1
 74
1
 75
1
 44
0.5
 73
0
 45
1.0
 46
1.0
 77
1
  4

 78
1
 79
1
170
1
 48
1.0
171
1
  6

172
1
173
1
174
1
140
1.0
141
1.0
175
1
  7

176
1
177
1
178
1
143
1.0
179
1
  8

270
1
271
1
272
1
145
1.0
146
1.0
273
1
  9

274
1
275
1
276
1
 42
1.0
 72
1
  3

 73
1
 74
1
 75
1
 94
63
  0
MATERIAL
  5
20
102
{ACAD_REACTORS
330
E
102
}
330
E
100
AcDbMaterial
  1
ByLayer
  2

 70
0
 40
1.0
 71
1
 41
1.0
 91
-1023410177
 42
1.0
 72
1
  3

 73
1
 74
1
 75
1
 44
0.5
 73
0
 45
1.0
 46
1.0
 77
1
  4

 78
1
 79
1
170
1
 48
1.0
171
1
  6

172
1
173
1
174
1
140
1.0
141
1.0
175
1
  7

176
1
177
1
178
1
143
1.0
179
1
  8

270
1
271
1
272
1
145
1.0
146
1.0
273
1
  9

274
1
275
1
276
1
 42
1.0
 72
1
  3

 73
1
 74
1
 75
1
 94
63
  0
MATERIAL
  5
21
102
{ACAD_REACTORS
330
E
102
}
330
E
100
AcDbMaterial
  1
Global
  2

 70
0
 40
1.0
 71
1
 41
1.0
 91
-1023410177
 42
1.0
 72
1
  3

 73
1
 74
1
 75
1
 44
0.5
 73
0
 45
1.0
 46
1.0
 77
1
  4

 78
1
 79
1
170
1
 48
1.0
171
1
  6

172
1
173
1
174
1
140
1.0
141
1.0
175
1
  7

176
1
177
1
178
1
143
1.0
179
1
  8

270
1
271
1
272
1
145
1.0
146
1.0
273
1
  9

274
1
275
1
276
1
 42
1.0
 72
1
  3

 73
1
 74
1
 75
1
 94
63
  0
MLINESTYLE
  5
22
102
{ACAD_REACTORS
330
10
102
}
330
10
100
AcDbMlineStyle
  2
Standard
 70
0
  3

 62
256
 51
90.0
 52
90.0
 71
2
 49
0.5
 62
256
  6
BYLAYER
 49
-0.5
 62
256
  6
BYLAYER
  0
MLEADERSTYLE
  5
2C
102
{ACAD_REACTORS
330
F
102
}
330
F
100
AcDbMLeaderStyle
179
2
170
2
171
1
172
0
 90
2
 40
0.0
 41
0.0
173
1
 91
-1056964608
 92
-2
290
1
 42
2.0
291
1
 43
8.0
  3
Standard
 44
4.0
300

342
29
174
1
175
1
176
0
178
1
 93
-1056964608
 45
4.0
292
0
297
0
 46
4.0
 94
-1056964608
 47
1.0
 49
1.0
140
1.0
294
1
141
0.0
177
0
142
1.0
295
0
296
0
143
3.75
271
0
272
9
273
9
  0
DICTIONARY
  5
2D
330
A
100
AcDbDictionary
280
1
281
1
  3
CREATED_BY_EZDXF
350
2E
  3
WRITTEN_BY_EZDXF
350
597
  0
DICTIONARYVAR
  5
2E
330
2D
100
DictionaryVariables
280
0
  1
1.4.4 @ 2026-09-19T23:29:08.307632+00:00
  0
VISUALSTYLE
  5
5A
102
{ACAD_REACTORS
330
16
102
}
330
16
100
AcDbVisualStyle
  2
2dWireframe
 70
4
 90
0
 40
0.6
 62
7
290
0
291
0
  0
VISUALSTYLE
  5
5B
102
{ACAD_REACTORS
330
16
102
}
330
16
100
AcDbVisualStyle
  2
Basic
 70
7
 90
1
 40
0.6
 62
7
290
0
291
1
  0
VISUALSTYLE
  5
5C
102
{ACAD_REACTORS
330
16
102
}
330
16
100
AcDbVisualStyle
  2
Brighten
 70
12
 90
2
 40
0.6
 62
7
290
0
291
1
  0
VISUALSTYLE
  5
5D
102
{ACAD_REACTORS
330
16
102
}
330
16
100
AcDbVisualStyle
  2
ColorChange
 70
16
 90
2
 40
0.6
 62
8
290
0
291
1
  0
VISUALSTYLE
  5
5E
102
{ACAD_REACTORS
330
16
102
}
330
16
100
AcDbVisualStyle
  2
Conceptual
 70
9
 90
3
 40
0.6
 62
7
290
0
291
0
  0
VISUALSTYLE
  5
5F
102
{ACAD_REACTORS
330
16
102
}
330
16
100
AcDbVisualStyle
  2
Dim
 70
11
 90
2
 40
0.6
 62
7
290
0
291
1
  0
VISUALSTYLE
  5
60
102
{ACAD_REACTORS
330
16
102
}
330
16
100
AcDbVisualStyle
  2
EdgeColorOff
 70
22
 90
2
 40
0.6
 62
7
290
0
291
1
  0
VISUALSTYLE
  5
61
102
{ACAD_REACTORS
330
16
102
}
330
16
100
AcDbVisualStyle
  2
Facepattern
 70
15
 90
2
 40
0.6
 62
7
290
0
291
1
  0
VISUALSTYLE
  5
62
102
{ACAD_REACTORS
330
16
102
}
330
16
100
AcDbVisualStyle
  2
Flat
 70
0
 90
2
 40
0.6
 62
7
290
0
291
1
  0
VISUALSTYLE
  5
63
102
{ACAD_REACTORS
330
16
102
}
330
16
100
AcDbVisualStyle
  2
FlatWithEdges
 70
1
 90
2
 40
0.6
 62
7
290
0
291
1
  0
VISUALSTYLE
  5
64
102
{ACAD_REACTORS
330
16
102
}
330
16
100
AcDbVisualStyle
  2
Gouraud
 70
2
 90
2
 40
0.6
 62
7
290
0
291
1
  0
VISUALSTYLE
  5
65
102
{ACAD_REACTORS
330
16
102
}
330
16
100
AcDbVisualStyle
  2
GouraudWithEdges
 70
3
 90
2
 40
0.6
 62
7
290
0
291
1
  0
VISUALSTYLE
  5
66
102
{ACAD_REACTORS
330
16
102
}
330
16
100
AcDbVisualStyle
  2
Hidden
 70
6
 90
1
 40
0.6
 62
7
290
0
291
0
  0
VISUALSTYLE
  5
67
102
{ACAD_REACTORS
330
16
102
}
330
16
100
AcDbVisualStyle
  2
JitterOff
 70
20
 90
2
 40
0.6
 62
7
290
0
291
1
  0
VISUALSTYLE
  5
68
102
{ACAD_REACTORS
330
16
102
}
330
16
100
AcDbVisualStyle
  2
Linepattern
 70
14
 90
2
 40
0.6
 62
7
290
0
291
1
  0
VISUALSTYLE
  5
69
102
{ACAD_REACTORS
330
16
102
}
330
16
100
AcDbVisualStyle
  2
Modeling
 70
10
 90
2
 40
0.6
 62
7
290
0
291
0
  0
VISUALSTYLE
  5
6A
102
{ACAD_REACTORS
330
16
102
}
330
16
100
AcDbVisualStyle
  2
OverhangOff
 70
21
 90
2
 40
0.6
 62
7
290
0
291
1
  0
VISUALSTYLE
  5
6B
102
{ACAD_REACTORS
330
16
102
}
330
16
100
AcDbVisualStyle
  2
Realistic
 70
8
 90
2
 40
0.6
 62
7
290
0
291
0
  0
VISUALSTYLE
  5
6C
102
{ACAD_REACTORS
330
16
102
}
330
16
100
AcDbVisualStyle
  2
Shaded
 70
27
 90
2
 40
0.6
 62
7
290
0
291
0
  0
VISUALSTYLE
  5
6D
102
{ACAD_REACTORS
330
16
102
}
330
16
100
AcDbVisualStyle
  2
Shaded with edges
 70
26
 90
2
 40
0.6
 62
7
290
0
291
0
  0
VISUALSTYLE
  5
6E
102
{ACAD_REACTORS
330
16
102
}
330
16
100
AcDbVisualStyle
  2
Shades of Gray
 70
23
 90
2
 40
0.6
 62
7
290
0
291
0
  0
VISUALSTYLE
  5
6F
102
{ACAD_REACTORS
330
16
102
}
330
16
100
AcDbVisualStyle
  2
Sketchy
 70
24
 90
1
 40
0.6
 62
7
290
0
291
0
  0
VISUALSTYLE
  5
70
102
{ACAD_REACTORS
330
16
102
}
330
16
100
AcDbVisualStyle
  2
Thicken
 70
13
 90
2
 40
0.6
 62
7
290
0
291
1
  0
VISUALSTYLE
  5
71
102
{ACAD_REACTORS
330
16
102
}
330
16
100
AcDbVisualStyle
  2
Wireframe
 70
5
 90
0
 40
0.6
 62
7
290
0
291
0
  0
VISUALSTYLE
  5
72
102
{ACAD_REACTORS
330
16
102
}
330
16
100
AcDbVisualStyle
  2
X-Ray
 70
25
 90
2
 40
0.5
 62
7
290
0
291
0
  0
DICTIONARYVAR
  5
597
330
2D
100
DictionaryVariables
280
0
  1
1.4.4 @ 2026-09-19T23:29:08.354211+00:00
  0
ENDSEC
  0
EOF
